Device = VHR-0009
time_stamp = 1779860368137
sample_rate = 50
Data format = INT16
TYPE = 6-AXIS IMU RAW DATA
31
-46
64
-1830
-435
3901
4072576
28
-34
53
-1831
-414
3893
4073601
18
-20
41
-1851
-427
3878
4074626
2
-10
32
-1853
-442
3888
4075651
-5
-1
21
-1848
-449
3865
4076676
0
10
16
-1868
-438
3839
4077701
-2
16
14
-1898
-423
3840
4078726
-10
16
8
-1924
-422
3822
4079751
-12
11
4
-1939
-441
3827
4080776
-9
6
2
-1943
-465
3824
4081801
1
0
0
-1952
-454
3822
4082826
1
-7
-1
-1966
-459
3830
4083851
-4
-13
1
-1955
-465
3831
4084876
-8
-16
3
-1954
-480
3852
4085901
-3
-19
6
-1949
-473
3858
4086926
-4
-21
11
-1950
-465
3872
4087951
-10
-19
16
-1934
-466
3871
4080769
-10
-15
20
-1913
-472
3858
4081794
-5
-12
27
-1912
-481
3880
4082819
-6
-10
24
-1924
-458
3857
4083844
-16
-9
19
-1928
-461
3834
4084869
-15
-15
14
-1904
-460
3857
4085894
-11
-16
18
-1921
-464
3884
4086919
-11
-20
17
-1916
-482
3874
4087944
-8
-21
13
-1907
-477
3869
4088969
-5
-22
13
-1901
-475
3872
4089994
-9
-24
18
-1901
-479
3884
4091019
-3
-24
20
-1891
-483
3869
4092044
8
-21
22
-1867
-460
3872
4093069
-1
-11
23
-1880
-446
3863
4094094
-14
-5
22
-1898
-455
3850
4095119
-6
-5
18
-1871
-462
3873
4096144
-5
0
9
-1871
-434
3870
4088960
-18
1
6
-1891
-452
3873
4089985
-23
-2
5
-1894
-459
3875
4091010
-21
-4
7
-1896
-490
3890
4092035
-1
-10
7
-1903
-462
3885
4093060
6
-16
10
-1901
-459
3896
4094085
6
-17
11
-1891
-464
3902
4095110
19
-15
10
-1884
-447
3895
4096135
17
-13
12
-1893
-448
3902
4097160
11
-11
8
-1891
-452
3884
4098185
20
-7
4
-1904
-452
3880
4099210
16
-5
4
-1904
-447
3875
4100235
5
-2
3
-1878
-456
3860
4101260
8
4
2
-1877
-456
3853
4102285
1
11
4
-1891
-446
3844
4103310
-4
9
4
-1896
-454
3854
4104335
17
-13
12
-1893
-448
3902
4097160
11
-11
8
-1891
-452
3884
4098185
20
-7
4
-1904
-452
3880
4099210
16
-5
4
-1904
-447
3875
4100235
5
-2
3
-1878
-456
3860
4101260
8
4
2
-1877
-456
3853
4102285
1
11
4
-1891
-446
3844
4103310
-4
9
4
-1896
-454
3854
4104335
-5
7
1
-1914
-450
3828
4097265
0
2
0
-1891
-454
3839
4098290
4
-2
4
-1894
-448
3849
4099315
-8
-4
7
-1915
-451
3862
4100340
-12
-6
8
-1892
-459
3848
4101365
1
-6
11
-1898
-452
3856
4102390
-4
-6
14
-1887
-442
3870
4103415
-7
-3
12
-1893
-437
3864
4104440
-1
-3
9
-1906
-423
3853
4105465
-10
-4
5
-1918
-427
3869
4106490
-16
-11
-1
-1905
-433
3862
4107515
-21
-12
-3
-1907
-451
3870
4108540
-13
-16
-2
-1902
-474
3885
4109565
2
-17
-2
-1921
-462
3891
4110590
3
-17
0
-1915
-452
3891
4111615
-10
-14
-1
-1891
-479
3891
4112640
6
-11
0
-1868
-483
3906
4105344
-6
-2
8
-1888
-479
3879
4106369
-14
5
12
-1885
-486
3863
4107394
1
10
12
-1898
-489
3860
4108419
9
11
11
-1907
-456
3866
4109444
-8
8
7
-1913
-454
3866
4110469
-23
2
6
-1906
-454
3847
4111494
-12
-3
10
-1905
-478
3860
4112519
6
-9
13
-1897
-472
3876
4113544
8
-14
15
-1901
-455
3885
4114569
13
-17
13
-1893
-448
3898
4115594
9
-15
14
-1896
-444
3881
4116619
7
-9
12
-1896
-440
3878
4117644
4
-6
14
-1910
-449
3889
4118669
5
-4
11
-1896
-454
3885
4119694
11
0
6
-1894
-453
3867
4120719
9
4
5
-1893
-438
3872
4113536
-8
7
7
-1909
-458
3849
4114561
-2
5
5
-1887
-476
3859
4115586
6
3
9
-1889
-456
3862
4116611
-1
1
12
-1910
-459
3848
4117636
-1
-4
10
-1901
-459
3847
4118661
7
-8
11
-1889
-450
3860
4119686
3
-8
10
-1904
-452
3853
4120711
14
-12
7
-1897
-450
3873
4121736
14
-12
8
-1881
-448
3879
4122761
8
-12
10
-1874
-430
3887
4123786
0
-11
9
-1882
-435
3867
4124811
1
-6
8
-1892
-438
3872
4125836
9
-2
5
-1877
-424
3894
4126861
10
1
2
-1897
-435
3870
4127886
1
0
-4
-1911
-434
3871
4128911
-4
-3
-6
-1890
-439
3879
4121728
-7
-5
-4
-1894
-439
3883
4122753
-4
-9
-2
-1904
-448
3879
4123778
9
-8
-4
-1915
-450
3899
4124803
15
-11
-3
-1910
-429
3891
4125828
7
-11
1
-1900
-444
3900
4126853
8
-6
5
-1881
-471
3898
4127878
16
5
7
-1901
-452
3896
4128903
18
8
6
-1891
-439
3876
4129928
9
13
12
-1891
-433
3844
4130953
-13
17
12
-1895
-455
3833
4131978
-6
16
6
-1891
-448
3840
4133003
4
14
4
-1917
-444
3838
4134028
-4
7
1
-1913
-421
3828
4135053
-21
-1
5
-1909
-438
3830
4136078
-6
-10
4
-1903
-433
3843
4137103
12
-14
10
-1881
-447
3865
4129920
13
-11
16
-1906
-456
3888
4130945
-15
-9
10
-1932
-408
3845
4131970
-28
-14
-4
-1937
-457
3844
4132995
34
-19
-21
-1907
-480
3876
4134020
48
-20
-15
-1933
-367
3842
4135045
-34
-20
-6
-2012
-265
4097
4136070
-209
-4
-53
-1824
-404
4264
4137095
192
-147
138
-1490
-1143
3534
4138120
290
-77
174
-2292
61
3901
4139145
-176
-202
146
-1859
-602
3562
4140170
-5
-216
134
-1828
-510
3494
4141195
193
-221
105
-1853
-468
3660
4142220
217
-207
52
-1765
-312
3836
4143245
86
-153
19
-1754
-159
3948
4144270
-69
-98
-11
-1743
-303
4011
4145295
-52
-39
-49
-1724
-325
4051
4138112
10
21
-59
-1741
-304
4100
4139137
50
67
-35
-1720
-401
4257
4140162
38
95
0
-1781
-494
4239
4141187
-29
117
-25
-1989
-287
3953
4142212
-141
106
-72
-1878
-274
3930
4143237
-165
101
-42
-1823
-525
3858
4144262
3
94
-41
-1873
-472
3889
4145287
63
73
-34
-1861
-402
3937
4146312
23
51
-22
-1879
-420
3917
4147337
19
25
-13
-1880
-415
3884
4148362
19
11
-3
-1867
-412
3869
4149387
35
0
5
-1836
-433
3872
4150412
55
-1
13
-1836
-446
3855
4151437
55
0
13
-1846
-408
3840
4152462
39
0
3
-1840
-375
3834
4153487
17
2
-1
-1841
-379
3831
4146303
8
4
-15
-1841
-396
3840
4147328
4
2
-18
-1839
-393
3845
4148353
5
1
-19
-1846
-410
3864
4149378
20
3
-24
-1839
-404
3915
4150403
11
9
-27
-1840
-379
3921
4151428
3
14
-27
-1829
-373
3898
4152453
8
28
-21
-1832
-371
3927
4153478
10
39
-14
-1839
-368
3940
4154503
-6
47
-12
-1870
-339
3902
4155528
-27
49
-15
-1890
-341
3867
4156553
-19
47
-24
-1917
-350
3869
4157578
-9
38
-28
-1939
-342
3872
4158603
-28
25
-24
-1949
-393
3865
4159628
-20
10
-25
-1936
-412
3862
4160653
-3
3
-19
-1927
-415
3848
4161678
-14
-7
-12
-1936
-431
3856
4154496
-12
-16
-7
-1927
-434
3889
4155521
1
-24
-2
-1923
-429
3886
4156546
3
-29
2
-1910
-429
3869
4157571
6
-27
10
-1898
-430
3887
4158596
14
-25
11
-1896
-401
3917
4159621
5
-23
8
-1899
-406
3878
4160646
1
-16
4
-1849
-429
3887
4161671
14
-3
4
-1823
-383
3894
4162696
-5
11
11
-1864
-382
3870
4163721
-24
16
9
-1867
-411
3869
4164746
-14
20
3
-1871
-395
3844
4165771
-18
18
0
-1891
-401
3828
4166796
-28
4
2
-1892
-396
3852
4167821
-26
-11
2
-1893
-398
3852
4168846
-15
-19
2
-1898
-418
3859
4169871
-5
-33
6
-1885
-417
3892
4162688
-7
-42
14
-1890
-420
3912
4163713
-2
-45
19
-1884
-425
3912
4164738
10
-43
19
-1850
-425
3942
4165763
15
-32
21
-1847
-402
3951
4166788
4
-18
18
-1853
-395
3921
4167813
0
-5
16
-1850
-397
3892
4168838
3
7
14
-1850
-393
3915
4169863
-4
12
10
-1861
-397
3884
4170888
-3
13
1
-1858
-388
3893
4171913
-13
11
1
-1852
-405
3889
4172938
-3
9
1
-1867
-405
3867
4173963
12
3
3
-1877
-394
3891
4174988
3
-4
6
-1875
-393
3900
4176013
6
-14
2
-1865
-398
3879
4177038
12
-18
4
-1860
-399
3872
4178063
10
-23
14
-1869
-401
3890
4170881
24
-29
16
-1862
-414
3890
4171906
43
-28
11
-1847
-390
3900
4172931
45
-22
8
-1853
-364
3914
4173956
17
-14
6
-1859
-370
3909
4174981
6
0
5
-1849
-375
3901
4176006
9
13
4
-1874
-375
3897
4177031
4
19
-3
-1877
-377
3886
4178056
6
21
-8
-1863
-373
3900
4179081
0
26
-8
-1865
-382
3881
4180106
0
28
-8
-1878
-384
3884
4181131
2
24
-7
-1872
-376
3889
4182156
3
21
-4
-1877
-391
3868
4183181
12
15
-5
-1872
-391
3870
4184206
13
9
-4
-1879
-365
3870
4185231
-3
5
1
-1895
-375
3852
4186256
-3
-1
1
-1890
-403
3855
4179072
14
-3
-3
-1881
-380
3861
4180097
7
-4
-5
-1893
-390
3861
4181122
-8
-5
-6
-1876
-396
3859
4182147
-8
-5
-4
-1878
-397
3876
4183172
-9
-8
-5
-1893
-385
3869
4184197
-13
-14
-7
-1903
-403
3866
4185222
-11
-19
-4
-1907
-401
3873
4186247
-8
-25
-3
-1883
-415
3873
4187272
11
-24
-1
-1862
-408
3882
4188297
10
-17
4
-1862
-407
3891
4189322
-9
-7
7
-1865
-389
3881
4190347
-8
2
7
-1875
-391
3864
4191372
4
6
-1
-1873
-360
3870
4192397
-23
11
-5
-1878
-368
3877
4193422
-30
8
-9
-1868
-380
3879
4194447
-19
7
-11
-1884
-400
3868
4187265
-18
2
-8
-1886
-406
3902
4188290
-72
-10
18
-1933
-489
3954
4189315
-70
-27
-27
-2042
-266
4171
4190340
-175
-43
-101
-1809
-262
4264
4191365
146
-161
80
-1394
-1125
3703
4192390
323
-52
111
-2262
20
3757
4193415
-191
-227
66
-2009
-449
3181
4194440
-26
-265
68
-1653
-619
3533
4195465
215
-212
48
-1786
-341
3922
4196490
165
-189
3
-1794
-161
3946
4197515
-10
-139
-19
-1722
-236
3944
4198540
-75
-68
-32
-1673
-246
4097
4199565
-80
19
-59
-1675
-261
4116
4200590
-43
116
-90
-1725
-301
4100
4201615
-50
167
-59
-1753
-473
4217
4202640
11
175
-5
-1784
-615
4271
4195457
50
182
-7
-1979
-312
3975
4196482
-154
174
-34
-2010
-320
3863
4197507
-198
135
-35
-1826
-569
3804
4198532
15
125
-20
-1880
-515
3812
4199557
126
90
-3
-1881
-392
3898
4200582
68
65
0
-1858
-358
3883
4201607
32
45
-1
-1856
-386
3832
4202632
20
27
-8
-1862
-353
3809
4203657
-25
17
-11
-1877
-408
3775
4204682
-21
6
-11
-1852
-459
3806
4205707
27
-4
-10
-1854
-423
3896
4206732
23
-6
-10
-1871
-384
3886
4207757
-17
-4
-7
-1890
-431
3851
4208782
-21
-3
-11
-1883
-429
3828
4209807
0
-7
-5
-1871
-422
3863
4210832
0
-3
2
-1875
-397
3870
4203649
-10
6
8
-1877
-401
3895
4204674
-11
13
9
-1896
-388
3921
4205699
-16
13
2
-1905
-384
3887
4206724
-23
14
-5
-1909
-394
3837
4207749
-8
9
0
-1890
-421
3885
4208774
8
6
3
-1886
-379
3949
4209799
-14
5
3
-1904
-379
3947
4210824
-24
1
0
-1904
-380
3868
4211849
-12
-1
2
-1892
-408
3843
4212874
17
-1
4
-1880
-427
3888
4213899
31
2
5
-1887
-396
3905
4214924
16
3
5
-1882
-371
3939
4215949
-9
9
3
-1884
-371
3880
4216974
-21
15
2
-1913
-420
3819
4217999
-4
7
-1
-1889
-428
3841
4219024
8
5
-1
-1889
-414
3861
4211841
7
4
-3
-1896
-419
3847
4212866
-3
8
-1
-1885
-411
3866
4213891
-22
7
5
-1899
-423
3853
4214916
-17
0
5
-1903
-433
3853
4215941
-5
-6
3
-1893
-415
3844
4216966
-5
-10
4
-1907
-438
3847
4217991
17
-13
4
-1874
-405
3921
4219016
4
-10
6
-1889
-383
3916
4220041
-15
-6
6
-1897
-424
3887
4221066
-4
-5
2
-1877
-409
3885
4222091
10
1
1
-1888
-398
3869
4223116
11
4
5
-1895
-389
3902
4224141
3
4
2
-1899
-382
3901
4225166
-1
9
-4
-1911
-392
3850
4226191
-8
6
-8
-1911
-410
3862
4227216
-6
-4
-10
-1899
-425
3868
4220032
-4
-7
-6
-1904
-431
3848
4221057
5
-11
0
-1892
-426
3892
4222082
1
-8
6
-1908
-424
3901
4223107
6
-5
5
-1911
-413
3870
4224132
9
-8
9
-1892
-408
3876
4225157
7
-3
13
-1874
-413
3898
4226182
3
2
16
-1894
-396
3903
4227207
-10
7
11
-1904
-393
3847
4228232
-4
7
6
-1889
-390
3811
4229257
0
7
5
-1877
-398
3850
4230282
-8
4
2
-1892
-398
3873
4231307
-15
-1
-1
-1909
-403
3858
4232332
-14
-7
-1
-1898
-402
3829
4233357
-4
-12
0
-1888
-410
3858
4234382
3
-15
0
-1880
-385
3881
4235407
-4
-15
2
-1896
-397
3882
4228225
-2
-16
0
-1901
-395
3887
4229250
-6
-13
-4
-1914
-397
3873
4230275
-8
-8
-3
-1921
-423
3886
4231300
3
-5
-2
-1904
-421
3933
4232325
1
2
1
-1904
-422
3911
4233350
-8
6
4
-1907
-422
3878
4234375
-10
12
13
-1909
-436
3888
4235400
-3
9
18
-1900
-438
3891
4236425
9
8
18
-1892
-415
3891
4237450
9
4
18
-1898
-373
3888
4238475
-4
-3
14
-1918
-373
3859
4239500
-2
-13
6
-1898
-387
3839
4240525
2
-19
1
-1868
-412
3836
4241550
15
-19
-4
-1875
-410
3840
4242575
17
-21
-3
-1887
-418
3878
4243600
4
-21
-1
-1895
-423
3877
4236420
3
-19
1
-1880
-437
3880
4237445
10
-14
7
-1880
-409
3907
4238470
9
-7
5
-1915
-392
3881
4239495
3
-3
5
-1911
-393
3862
4240520
1
2
2
-1892
-398
3865
4241545
8
8
3
-1897
-408
3881
4242570
3
6
0
-1902
-400
3892
4243595
-17
3
1
-1912
-411
3878
4244620
-16
-2
3
-1912
-409
3835
4245645
-6
-9
8
-1909
-416
3860
4246670
-3
-10
10
-1903
-411
3871
4247695
4
-11
10
-1926
-416
3850
4248720
16
-15
12
-1884
-409
3883
4249745
16
-9
16
-1860
-398
3905
4250770
-5
-1
16
-1882
-394
3858
4251795
-25
3
11
-1882
-409
3830
4244608
-13
8
5
-1874
-410
3838
4245633
-5
9
4
-1886
-386
3837
4246658
-34
7
2
-1903
-415
3801
4247683
-40
-7
-3
-1914
-464
3824
4248708
-17
-24
-11
-1951
-427
3817
4249733
-61
-45
-23
-2018
-30
3971
4250758
-427
-5
2
-1851
-299
3941
4251783
-105
-1
98
-1317
-1326
3972
4252808
409
41
276
-2059
-387
4177
4253833
-42
-32
119
-2257
-322
3562
4254858
-145
-109
81
-1793
-478
3529
4255883
43
-103
73
-1910
-345
3780
4256908
150
-105
5
-1884
-184
3953
4257933
70
-74
-52
-1824
-243
3936
4258958
-24
-18
-97
-1778
-263
3929
4259983
-41
34
-117
-1813
-353
3903
4252800
65
35
-101
-1817
-371
4049
4253825
128
13
-31
-1780
-583
4191
4254850
92
17
11
-1999
-452
3909
4255875
-162
28
-20
-2037
-200
3799
4256900
-283
20
-8
-1792
-567
3858
4257925
-44
43
2
-1879
-615
3865
4258950
116
37
-15
-1964
-446
3880
4259975
78
16
-10
-1877
-357
3878
4261000
-13
20
13
-1874
-396
3872
4262025
-32
23
6
-1882
-385
3906
4263050
-34
23
-11
-1879
-412
3838
4264075
10
18
-20
-1877
-424
3837
4265100
18
16
-12
-1880
-399
3867
4266125
6
16
-18
-1875
-428
3872
4267150
8
17
-27
-1865
-417
3840
4268175
-4
20
-23
-1870
-422
3845
4260991
-26
26
-22
-1906
-436
3824
4262016
-20
15
-18
-1907
-463
3838
4263041
1
2
-13
-1911
-452
3869
4264066
8
-7
-9
-1932
-430
3857
4265091
6
-11
-5
-1928
-438
3879
4266116
-1
-16
1
-1922
-440
3917
4267141
6
-16
6
-1913
-422
3922
4268166
6
-10
8
-1920
-435
3885
4269191
14
-2
8
-1895
-441
3878
4270216
16
6
5
-1901
-441
3887
4271241
18
8
7
-1888
-421
3907
4272266
-2
14
11
-1904
-433
3901
4273291
-5
13
12
-1899
-440
3874
4274316
4
9
10
-1904
-425
3847
4275341
17
4
6
-1882
-427
3857
4276366
18
2
7
-1895
-409
3888
4269185
11
-8
6
-1893
-405
3878
4270210
11
-14
6
-1892
-416
3835
4271235
23
-12
3
-1885
-405
3848
4272260
25
-7
1
-1901
-388
3855
4273285
13
-3
-3
-1923
-403
3848
4274310
9
-1
-11
-1912
-393
3852
4275335
0
4
-11
-1914
-387
3877
4276360
-19
9
-6
-1939
-395
3859
4277385
-19
10
-4
-1966
-411
3855
4278410
-9
7
-3
-1961
-439
3856
4279435
1
4
1
-1953
-423
3854
4280460
-9
4
11
-1950
-435
3878
4281485
-18
3
19
-1943
-448
3855
4282510
-7
5
23
-1921
-445
3867
4283535
6
4
27
-1903
-437
3874
4284560
-3
1
35
-1903
-436
3837
4277376
-9
-3
40
-1886
-444
3829
4278401
-1
0
40
-1867
-436
3891
4279426
-2
4
32
-1861
-400
3906
4280451
-18
11
26
-1882
-374
3873
4281476
-30
10
21
-1908
-379
3835
4282501
-10
0
14
-1905
-369
3834
4283526
-2
-5
10
-1918
-386
3860
4284551
4
-15
6
-1907
-414
3873
4285576
19
-20
2
-1887
-410
3895
4286601
2
-16
5
-1905
-409
3898
4287626
-20
-15
4
-1905
-438
3875
4288651
-2
-15
1
-1908
-430
3879
4289676
11
-14
4
-1903
-413
3895
4290701
5
-10
5
-1919
-412
3886
4291726
7
-9
3
-1927
-417
3895
4292751
12
-11
5
-1915
-401
3902
4285568
8
-8
8
-1923
-427
3873
4286593
23
-6
5
-1885
-404
3887
4287618
14
4
10
-1904
-407
3862
4288643
10
4
7
-1903
-393
3847
4289668
0
5
6
-1910
-419
3819
4290693
8
5
3
-1893
-412
3821
4291718
1
1
4
-1907
-411
3826
4292743
-1
-5
4
-1914
-422
3844
4293768
11
-15
2
-1913
-398
3856
4294793
16
-20
2
-1913
-394
3867
4295818
9
-20
0
-1910
-373
3880
4296843
3
-18
1
-1910
-395
3891
4297868
10
-15
3
-1906
-405
3911
4298893
17
-11
-2
-1907
-392
3899
4299918
22
-6
-1
-1906
-395
3906
4300943
16
2
1
-1891
-405
3913
4293760
12
16
1
-1887
-396
3907
4294785
10
27
1
-1880
-381
3879
4295810
12
35
-1
-1885
-380
3887
4296835
24
37
-3
-1893
-359
3877
4297860
12
33
-8
-1919
-349
3843
4298885
13
26
-17
-1906
-347
3835
4299910
20
22
-21
-1919
-351
3835
4300935
-19
7
-12
-1956
-330
3801
4301960
-149
-17
8
-2027
-113
3832
4302985
-327
13
-14
-1943
-480
4090
4304010
-144
48
-50
-1656
-1032
3955
4305035
612
-54
167
-1879
-724
3694
4306060
64
-13
6
-2486
22
3566
4307085
-281
-117
-34
-1727
-593
3542
4308110
-7
-37
-59
-1904
-307
3695
4309135
28
-4
-50
-1968
-328
3967
4301952
-49
9
-21
-1843
-499
4162
4302977
62
2
21
-1826
-671
4182
4304002
231
-20
46
-2026
-314
3820
4305027
-11
-25
32
-2058
-77
3740
4306052
-252
-25
51
-1813
-464
3885
4307077
-78
15
36
-1886
-604
3899
4308102
160
19
-7
-1926
-380
3914
4309127
124
13
6
-1914
-379
3909
4310152
43
11
28
-1924
-387
3919
4311177
58
7
16
-1883
-368
3950
4312202
85
12
18
-1865
-364
3983
4313227
70
23
23
-1901
-333
3916
4314252
53
28
27
-1935
-367
3865
4315277
71
29
16
-1922
-332
3866
4316302
60
30
14
-1922
-330
3833
4317327
30
29
22
-1953
-359
3798
4310212
10
16
25
-1967
-361
3771
4311237
15
1
21
-1969
-396
3763
4312262
45
-11
20
-1967
-351
3756
4313287
40
-18
31
-1966
-379
3808
4314312
16
-24
38
-1961
-372
3829
4315337
18
-26
33
-1944
-385
3838
4316362
34
-28
34
-1912
-337
3876
4317387
29
-26
32
-1934
-311
3866
4318412
21
-27
27
-1924
-284
3870
4319437
20
-27
17
-1906
-287
3867
4320462
40
-24
11
-1906
-262
3887
4321487
31
-20
10
-1942
-258
3915
4322512
16
-18
4
-1953
-285
3898
4323537
31
-18
-5
-1945
-278
3903
4324562
31
-13
-3
-1938
-288
3894
4325587
32
-7
3
-1937
-321
3900
4318336
45
-3
8
-1905
-280
3896
4319361
29
9
19
-1920
-296
3857
4320386
14
19
25
-1924
-337
3873
4321411
19
22
21
-1909
-312
3898
4322436
25
24
22
-1903
-303
3879
4323461
25
30
30
-1890
-325
3892
4324486
31
34
30
-1867
-285
3885
4325511
33
33
27
-1839
-274
3897
4326536
19
33
28
-1840
-256
3898
4327561
4
31
17
-1851
-242
3870
4328586
25
18
5
-1863
-237
3856
4329611
73
0
-3
-1868
-184
3873
4330636
81
-9
-7
-1883
-224
3876
4331661
69
-13
-15
-1904
-220
3893
4332686
48
-13
-25
-1923
-225
3879
4333711
36
-14
-32
-1942
-232
3847
4326528
47
-17
-39
-1942
-238
3856
4327553
46
-14
-38
-1960
-279
3890
4328578
34
-7
-34
-2004
-296
3871
4329603
35
-5
-28
-2018
-290
3859
4330628
43
-5
-13
-2016
-304
3840
4331653
54
-8
0
-2018
-302
3861
4332678
74
-13
9
-2006
-292
3884
4333703
71
-12
22
-2010
-276
3848
4334728
74
-9
32
-1977
-260
3854
4335753
84
-5
42
-1926
-225
3915
4336778
84
0
47
-1912
-198
3922
4337803
83
1
44
-1911
-173
3940
4338828
86
0
37
-1887
-148
3949
4339853
94
-4
28
-1881
-145
3928
4340878
111
-12
17
-1891
-117
3896
4341903
111
-22
6
-1875
-106
3897
4334720
91
-32
-2
-1874
-103
3872
4335745
96
-41
-8
-1912
-128
3842
4336770
122
-53
-12
-1919
-118
3852
4337795
130
-57
-15
-1929
-100
3849
4338820
117
-60
-21
-1939
-119
3836
4339845
112
-58
-22
-1937
-122
3829
4340870
101
-47
-19
-1959
-136
3845
4341895
107
-39
-20
-1922
-145
3867
4342920
93
-19
-19
-1916
-127
3844
4343945
57
-1
-17
-1917
-120
3837
4344970
39
9
-19
-1894
-121
3833
4345995
51
19
-23
-1887
-109
3803
4347020
55
28
-19
-1905
-78
3840
4348045
21
31
-16
-1931
-93
3836
4349070
29
28
-23
-1930
-85
3803
4350095
44
20
-22
-1928
-50
3820
4342912
26
15
-19
-1938
-62
3809
4343937
14
8
-16
-1947
-61
3816
4344962
18
3
-9
-1941
-63
3842
4345987
28
-1
-2
-1948
-78
3863
4347012
27
-10
-1
-1929
-71
3850
4348037
15
-12
-1
-1923
-89
3836
4349062
13
-14
-1
-1920
-83
3871
4350087
19
-18
4
-1926
-71
3878
4351112
20
-20
11
-1929
-63
3887
4352137
21
-22
12
-1919
-50
3895
4353162
23
-19
14
-1928
-48
3925
4354187
32
-20
13
-1907
-24
3915
4355212
29
-13
13
-1909
-19
3880
4356237
18
-6
17
-1918
-44
3868
4357262
24
-2
18
-1920
-59
3858
4358287
22
2
14
-1912
-69
3858
4351103
16
6
10
-1903
-68
3835
4352128
14
5
10
-1889
-55
3834
4353153
-7
6
14
-1916
-68
3817
4354178
-2
-4
9
-1920
-71
3814
4355203
15
-10
7
-1926
-32
3833
4356228
6
-16
15
-1934
-52
3852
4357253
5
-22
22
-1895
-75
3881
4358278
29
-15
19
-1885
-38
3883
4359303
20
-5
21
-1893
-16
3891
4360328
-14
6
22
-1899
-36
3901
4361353
-7
14
12
-1887
-37
3881
4362378
12
21
13
-1890
-42
3876
4363403
2
29
9
-1911
-17
3882
4364428
3
27
-1
-1907
1
3857
4365453
-16
26
1
-1913
-22
3837
4366478
-20
22
-2
-1914
-42
3840
4359296
0
13
-4
-1914
-47
3834
4360321
3
5
-2
-1912
-29
3824
4361346
-9
-1
1
-1932
-45
3830
4362371
10
-11
-4
-1927
-27
3861
4363396
14
-16
-8
-1922
-6
3870
4364421
-11
-20
-7
-1930
-37
3850
4365446
-1
-27
-8
-1920
-47
3875
4366471
9
-28
-6
-1929
-36
3857
4367496
-15
-27
0
-1946
24
3863
4368521
-191
-42
47
-2028
209
3845
4369546
-483
12
62
-1993
14
4035
4370571
-396
135
27
-1725
-778
4109
4371596
870
-71
281
-1352
-921
4054
4372621
495
29
121
-2635
861
3806
4373646
-347
-132
27
-1998
69
3261
4374671
-211
-167
42
-1829
-141
3472
4367489
131
-172
1
-1940
-79
3894
4368514
158
-159
-79
-1867
86
4018
4369539
47
-115
-116
-1803
88
4007
4370564
44
-73
-108
-1782
47
3902
4371589
123
-17
-93
-1819
111
3932
4372614
94
20
-66
-1795
94
4137
4373639
-31
54
-20
-1782
-73
4179
4374664
-78
81
20
-1944
-169
3916
4375689
-129
97
-15
-2049
59
3884
4376714
-150
76
-31
-1871
-81
3911
4377739
-7
81
-18
-1911
-123
3844
4378764
81
63
-17
-1946
-19
3832
4379789
37
35
3
-1907
-53
3897
4380814
11
13
12
-1910
-12
3896
4381839
16
-5
11
-1898
-34
3834
4382864
37
-19
14
-1878
-63
3783
4375680
54
-22
21
-1867
-6
3827
4376705
34
-14
29
-1876
-10
3849
4377730
37
-12
25
-1886
-4
3841
4378755
33
-6
22
-1891
6
3864
4379780
8
2
15
-1904
-1
3847
4380805
-4
1
9
-1914
-3
3823
4381830
6
-1
4
-1913
15
3840
4382855
3
0
8
-1897
7
3873
4383880
-14
1
8
-1884
-4
3850
4384905
-4
2
7
-1875
-14
3833
4385930
-6
1
11
-1883
13
3849
4386955
-18
3
11
-1879
4
3857
4387980
-10
4
6
-1886
19
3883
4389005
-11
2
3
-1901
-4
3898
4390030
1
-2
-5
-1880
14
3898
4391055
-26
7
-1
-1915
-35
3913
4383873
-14
2
-9
-1884
-24
3948
4384898
-10
7
-4
-1897
-16
3911
4385923
-11
7
-3
-1911
-43
3898
4386948
8
5
-4
-1911
-2
3884
4387973
0
3
0
-1928
-15
3890
4388998
3
-6
-4
-1912
12
3892
4390023
6
-8
-1
-1949
4
3877
4391048
6
-16
-4
-1959
-3
3860
4392073
8
-22
-6
-1957
-4
3900
4393098
5
-23
3
-1940
-10
3914
4394123
7
-22
9
-1936
-37
3908
4395148
15
-19
11
-1931
-31
3894
4396173
28
-15
15
-1914
-30
3884
4397198
23
-8
18
-1903
-4
3890
4398223
7
0
20
-1906
-5
3852
4399248
4
3
19
-1902
-5
3845
4392064
1
1
16
-1924
-4
3836
4393089
2
-4
9
-1919
-10
3846
4394114
13
-10
5
-1909
-16
3855
4395139
17
-11
12
-1894
-8
3907
4396164
2
-11
15
-1898
-18
3902
4397189
-5
-11
17
-1902
-23
3879
4398214
9
-11
19
-1893
-10
3879
4399239
25
-11
20
-1895
3
3889
4400264
20
-14
19
-1900
35
3893
4401289
13
-17
18
-1900
34
3875
4402314
15
-14
16
-1895
34
3864
4403339
12
-14
16
-1885
12
3881
4404364
9
-15
15
-1902
21
3895
4405389
15
-17
13
-1898
11
3870
4406414
29
-16
17
-1893
23
3882
4407439
25
-16
18
-1891
33
3882
4400255
27
-17
21
-1900
11
3894
4401280
20
-18
24
-1902
14
3895
4402305
14
-16
23
-1893
27
3877
4403330
28
-17
17
-1866
44
3877
4404355
17
-16
18
-1867
43
3881
4405380
10
-12
15
-1863
26
3867
4406405
18
-5
14
-1865
44
3868
4407430
11
-5
12
-1865
47
3849
4408455
13
-5
11
-1868
42
3854
4409480
9
-3
5
-1866
40
3842
4410505
5
0
0
-1866
39
3853
4411530
-10
-3
-2
-1879
49
3862
4412555
-17
-9
-2
-1887
20
3848
4413580
-13
-12
-2
-1909
32
3861
4414605
1
-19
-5
-1898
17
3872
4415630
22
-18
-7
-1901
42
3903
4408448
10
-17
-1
-1897
47
3915
4409473
3
-12
3
-1877
22
3899
4410498
10
-3
9
-1852
25
3897
4411523
3
13
11
-1868
33
3899
4412548
-14
23
4
-1887
43
3886
4413573
-7
19
1
-1890
54
3868
4414598
-6
12
3
-1898
44
3859
4415623
-7
0
3
-1896
39
3867
4416648
2
-10
-1
-1884
57
3869
4417673
0
-17
2
-1884
42
3873
4418698
7
-21
4
-1878
37
3887
4419723
13
-22
3
-1877
48
3894
4420748
16
-19
1
-1870
60
3894
4421773
7
-12
1
-1880
52
3891
4422798
-2
-9
1
-1888
51
3892
4423823
-3
-8
0
-1895
37
3875
4416640
6
-5
-2
-1880
36
3871
4417665
5
-1
-3
-1865
39
3862
4418690
-8
7
-1
-1882
30
3852
4419715
-14
6
0
-1908
30
3862
4420740
-9
-3
1
-1889
16
3863
4421765
-4
-6
0
-1885
31
3864
4422790
-13
-11
2
-1880
34
3866
4423815
-14
-13
3
-1881
28
3869
4424840
-7
-15
0
-1870
19
3874
4425865
-7
-14
0
-1849
24
3891
4426890
-19
-6
-2
-1862
24
3886
4427915
-20
-8
2
-1880
23
3886
4428940
-21
-11
0
-1885
29
3881
4429965
-6
-15
-3
-1873
38
3900
4430990
4
-14
-1
-1869
36
3918
4432015
-4
-10
2
-1874
45
3885
4424832
-1
-4
2
-1875
21
3892
4425857
2
-1
-5
-1880
57
3888
4426882
-18
3
-11
-1894
56
3862
4427907
-29
1
-12
-1899
27
3872
4428932
-13
-7
-12
-1902
12
3887
4429957
-14
-17
-9
-1931
-17
3905
4430982
-12
-32
-16
-1993
94
3946
4432007
-185
-64
-15
-2027
388
4130
4433032
-373
-73
13
-1510
-345
4205
4434057
270
-74
240
-1667
-528
3835
4435082
183
-53
107
-2354
273
3471
4436107
-111
-207
81
-1760
56
3481
4437132
-5
-185
74
-1767
-35
3674
4438157
144
-171
21
-1849
163
3873
4439182
59
-144
-31
-1737
246
3968
4440207
-63
-72
-56
-1731
93
3983
4433024
-78
6
-83
-1716
100
4114
4434049
-46
77
-108
-1724
44
4161
4435074
32
117
-85
-1774
-76
4041
4436099
128
126
-17
-1805
-126
4136
4437124
86
118
33
-1931
-53
3984
4438149
-14
112
-17
-2049
146
3873
4439174
-115
63
-15
-1862
-72
3815
4440199
-18
52
15
-1855
-67
3829
4441224
80
39
24
-1886
74
3880
4442249
56
14
32
-1870
-15
3852
4443274
60
-8
19
-1825
77
3840
4444299
17
-7
23
-1823
79
3841
4445324
-7
-3
25
-1822
13
3870
4446349
17
-2
22
-1816
30
3922
4447374
13
4
15
-1818
55
3927
4448399
-8
14
7
-1843
53
3881
4441215
-6
16
0
-1852
41
3847
4442240
-5
14
1
-1854
43
3859
4443265
-19
7
2
-1868
20
3882
4444290
-11
-3
-1
-1867
31
3888
4445315
3
-7
1
-1881
45
3888
4446340
5
-14
6
-1876
44
3889
4447365
16
-15
6
-1859
50
3899
4448390
22
-10
4
-1849
74
3904
4449415
10
-2
7
-1851
56
3924
4450440
-5
3
7
-1850
52
3927
4451465
-10
11
-4
-1856
69
3879
4452490
-18
14
-8
-1863
30
3847
4453515
-5
11
-10
-1847
40
3894
4454540
-3
10
-3
-1877
40
3920
4455565
-6
1
-1
-1890
34
3892
4456590
-5
-8
-1
-1878
29
3896
4449408
2
-10
2
-1877
26
3872
4450433
13
-10
8
-1872
4
3917
4451458
19
-5
10
-1853
43
3945
4452483
-8
5
15
-1872
27
3895
4453508
3
6
7
-1847
61
3887
4454533
-12
12
10
-1882
47
3870
4455558
-14
6
7
-1879
26
3895
4456583
6
0
3
-1867
49
3879
4457608
4
-3
4
-1877
44
3873
4458633
-3
-9
4
-1872
59
3880
4459658
-12
-9
7
-1876
32
3879
4460683
5
-11
12
-1869
19
3930
4461708
15
-12
13
-1865
52
3918
4462733
10
-12
11
-1872
60
3879
4463758
4
-8
11
-1863
42
3895
4464783
4
-2
10
-1866
44
3906
4457600
4
1
8
-1876
37
3892
4458625
5
1
5
-1861
50
3879
4459650
-3
0
8
-1881
36
3869
4460675
-2
-6
7
-1865
43
3873
4461700
-6
-8
10
-1870
48
3864
4462725
-9
-13
14
-1865
39
3859
4463750
1
-14
13
-1854
31
3881
4464775
15
-12
14
-1850
61
3913
4465800
-12
-10
18
-1863
54
3899
4466825
-7
-10
11
-1855
60
3905
4467850
-1
-8
8
-1861
55
3889
4468875
-1
-8
4
-1846
42
3893
4469900
-5
-4
4
-1847
37
3906
4470925
-1
0
7
-1866
38
3917
4471950
-5
-3
8
-1863
40
3895
4472975
2
-4
5
-1840
54
3883
4465791
7
3
4
-1858
66
3864
4466816
2
-1
3
-1863
56
3880
4467841
-7
-3
-5
-1874
49
3877
4468866
-10
-9
-7
-1865
26
3873
4469891
-3
-13
-11
-1843
27
3874
4470916
6
-14
-4
-1846
37
3905
4471941
-1
-14
3
-1864
52
3906
4472966
-5
-17
2
-1872
46
3902
4473991
8
-16
-4
-1867
66
3913
4475016
3
-13
-3
-1862
57
3900
4476041
3
-7
0
-1853
33
3915
4477066
-1
5
0
-1829
41
3921
4478091
-5
20
-3
-1846
67
3890
4479116
-15
23
-5
-1880
56
3867
4480141
-23
17
-4
-1883
35
3860
4481166
-11
6
-5
-1871
40
3872
4473984
-6
0
-3
-1873
44
3870
4475009
-9
-8
0
-1886
31
3865
4476034
4
-16
1
-1872
44
3912
4477059
4
-15
6
-1855
50
3925
4478084
-1
-8
9
-1862
41
3929
4479109
1
-3
13
-1872
26
3926
4480134
16
-2
15
-1864
51
3914
4481159
10
5
16
-1865
58
3900
4482184
-3
11
15
-1873
44
3902
4483209
4
11
13
-1870
42
3904
4484234
-5
12
12
-1871
35
3871
4485259
-1
13
7
-1846
39
3857
4486284
9
16
7
-1845
57
3871
4487309
-8
13
10
-1875
45
3868
4488334
-5
3
9
-1858
34
3851
4489359
5
0
10
-1855
38
3869
4482176
-1
-4
7
-1872
49
3882
4483201
-1
-8
5
-1868
52
3870
4484226
-8
-6
7
-1860
56
3877
4485251
-14
-4
8
-1868
32
3889
4486276
1
-5
-1
-1872
59
3900
4487301
3
-4
0
-1871
60
3901
4488326
-8
-1
3
-1862
63
3897
4489351
-7
4
3
-1868
46
3882
4490376
-6
6
-2
-1884
34
3877
4491401
-5
4
-9
-1882
22
3882
4492426
-4
3
-9
-1856
44
3881
4493451
-12
7
-6
-1862
32
3877
4494476
-11
7
-3
-1884
39
3857
4495501
1
1
-5
-1882
36
3865
4496526
7
-3
0
-1879
56
3902
4497551
-17
-2
5
-1914
18
3875
4490367
7
-6
-5
-1882
25
3890
4491392
23
-4
2
-1865
44
3908
4492417
11
4
1
-1884
80
3884
4493442
-11
9
0
-1896
40
3864
4494467
-14
2
9
-1921
80
3833
4495492
-80
-12
38
-2032
301
3877
4496517
-253
-3
12
-1891
-10
4270
4497542
96
-56
100
-1267
-786
4105
4498567
518
34
220
-2265
300
3683
4499592
-38
-108
97
-2226
165
3369
4500617
-115
-208
65
-1640
64
3614
4501642
111
-161
57
-1887
247
3837
4502667
123
-162
-9
-1849
237
3935
4503692
23
-131
-63
-1726
161
3993
4504717
-27
-56
-99
-1666
226
4145
4505742
-100
36
-98
-1690
132
4114
4498560
-34
103
-85
-1784
71
4050
4499585
50
126
-43
-1792
25
4171
4500610
35
125
7
-1859
-132
3975
4501635
-20
128
-3
-2036
152
3811
4502660
-228
94
-5
-1944
31
3803
4503685
-152
61
12
-1870
-120
3789
4504710
86
40
11
-1910
18
3795
4505735
146
6
12
-1871
98
3863
4506760
36
-15
34
-1850
114
3908
4507785
-41
-22
35
-1848
48
3838
4508810
8
-28
19
-1843
55
3852
4509835
57
-25
8
-1823
129
3898
4510860
11
-10
9
-1838
88
3895
4511885
4
-2
-2
-1835
85
3889
4512910
-5
10
-9
-1863
113
3889
4513935
-44
11
-8
-1885
54
3849
4506752
-21
7
-19
-1884
43
3835
4507777
-5
4
-11
-1915
55
3875
4508802
-26
-4
-6
-1927
47
3848
4509827
4
-16
1
-1896
45
3917
4510852
12
-15
17
-1893
44
3927
4511877
15
-15
26
-1898
23
3940
4512902
14
-14
23
-1863
71
3908
4513927
-12
1
30
-1878
51
3894
4514952
14
4
25
-1849
94
3915
4515977
15
15
26
-1879
114
3877
4517002
-13
14
23
-1871
94
3869
4518027
-25
12
18
-1864
57
3873
4519052
5
4
13
-1865
113
3861
4520077
-9
-1
15
-1880
76
3861
4521102
-1
-12
13
-1851
76
3879
4522127
10
-13
15
-1867
76
3889
4514944
1
-18
13
-1845
76
3887
4515969
-6
-12
8
-1837
62
3860
4516994
1
-1
10
-1847
60
3885
4518019
-2
3
8
-1838
82
3915
4519044
-14
8
6
-1837
79
3906
4520069
-10
12
3
-1849
80
3887
4521094
-7
5
3
-1876
83
3904
4522119
-13
-7
1
-1878
86
3892
4523144
-16
-17
-2
-1886
59
3880
4524169
16
-26
-5
-1888
71
3903
4525194
26
-31
0
-1888
63
3918
4526219
21
-32
3
-1858
48
3921
4527244
16
-27
5
-1837
70
3931
4528269
1
-17
9
-1863
61
3896
4529294
5
-11
14
-1892
53
3885
4530319
25
-13
12
-1866
83
3889
4523413
27
-8
14
-1844
104
3881
4524438
20
-3
10
-1844
110
3887
4525463
4
2
3
-1870
98
3881
4526488
-2
-5
-6
-1863
100
3862
4527513
1
-14
-1
-1836
52
3891
4528538
14
-17
4
-1855
77
3905
4529563
16
-19
4
-1888
88
3903
4530588
23
-26
7
-1877
79
3912
4531613
37
-26
11
-1868
99
3927
4532638
34
-23
14
-1841
85
3940
4533663
30
-12
14
-1827
101
3925
4534688
15
-2
17
-1850
98
3899
4535713
11
3
8
-1852
107
3871
4536738
12
7
8
-1862
104
3845
4537763
12
5
6
-1864
88
3865
4538788
14
-1
4
-1856
98
3867
4531328
5
-7
4
-1859
109
3867
4532353
-2
-17
8
-1860
117
3860
4533378
-8
-22
13
-1863
90
3861
4534403
18
-24
13
-1844
88
3886
4535428
44
-24
11
-1838
119
3918
4536453
23
-21
10
-1843
141
3923
4537478
-4
-12
10
-1848
116
3913
4538503
7
-8
4
-1840
125
3893
4539528
12
-2
3
-1847
121
3907
4540553
5
-1
3
-1856
115
3923
4541578
5
-3
4
-1859
104
3896
4542603
21
-6
6
-1845
121
3873
4543628
13
-7
10
-1855
119
3874
4544653
1
-10
8
-1857
109
3875
4545678
18
-15
6
-1836
106
3875
4546703
23
-15
9
-1837
127
3873
4539520
4
-13
12
-1845
115
3884
4540545
7
-12
11
-1824
117
3893
4541570
11
-8
10
-1824
142
3878
4542595
-6
-7
13
-1824
124
3853
4543620
-1
-7
10
-1818
124
3840
4544645
2
-2
5
-1823
126
3839
4545670
-11
-1
0
-1818
128
3839
4546695
-27
0
-3
-1824
125
3861
4547720
-29
-4
-9
-1866
124
3862
4548745
-28
-14
-10
-1874
119
3867
4549770
-27
-21
-8
-1858
87
3901
4550795
-11
-23
-5
-1856
78
3926
4551820
-3
-22
0
-1859
97
3963
4552845
-10
-20
4
-1837
102
3962
4553870
-12
-9
10
-1823
88
3941
4554895
-3
6
15
-1815
108
3946
4547712
-4
15
17
-1828
137
3945
4548737
-6
18
16
-1847
131
3918
4549762
-2
13
8
-1847
149
3893
4550787
-5
4
1
-1830
142
3869
4551812
-5
-4
-1
-1826
116
3871
4552837
7
-10
-4
-1836
132
3883
4553862
5
-15
-3
-1840
111
3874
4554887
-2
-17
-3
-1838
101
3887
4555912
2
-15
-5
-1836
103
3885
4556937
7
-12
-2
-1843
108
3900
4557962
-14
-9
1
-1848
94
3893
4558987
-7
-5
2
-1832
79
3886
4560012
3
2
4
-1824
95
3903
4561037
-6
8
4
-1834
101
3897
4562062
-12
12
4
-1836
110
3894
4563087
-22
13
7
-1846
115
3887
4555903
-20
7
2
-1849
102
3871
4556928
-5
1
-7
-1850
129
3892
4557953
-16
-5
-6
-1851
118
3888
4558978
-6
-8
-12
-1842
113
3894
4560003
-1
-8
-5
-1843
108
3915
4561028
-13
-7
-3
-1855
90
3903
4562053
-12
-8
-2
-1840
81
3924
4563078
6
-5
0
-1819
99
3918
4564103
-3
5
5
-1853
127
3892
4565128
-20
6
4
-1856
101
3904
4566153
-3
5
0
-1844
110
3876
4567178
-3
5
-1
-1842
92
3859
4568203
-9
3
-7
-1835
114
3875
4569228
-23
0
-10
-1850
92
3867
4570253
-28
-6
-7
-1857
80
3892
4571278
-48
-14
7
-1867
-1
3892
4564097
-42
-19
10
-1986
79
3991
4565122
-190
-57
-52
-1866
429
4534
4566147
-141
-142
107
-1268
-587
3972
4567172
265
14
130
-2248
246
3514
4568197
-121
-164
60
-2065
68
3144
4569222
-92
-229
61
-1566
-82
3724
4570247
175
-144
21
-1800
224
3954
4571272
151
-113
-53
-1791
278
3910
4572297
-26
-44
-81
-1659
283
4123
4573322
-122
51
-77
-1675
174
4257
4574347
-74
97
-56
-1744
-36
4158
4575372
84
113
-36
-1769
8
4109
4576397
67
125
2
-1898
127
3971
4577422
-123
121
-6
-1967
143
3876
4578447
-157
80
-10
-1823
-33
3832
4579472
-10
73
10
-1860
-76
3812
4572288
93
36
14
-1886
40
3873
4573313
70
-6
16
-1814
104
3891
4574338
23
-16
27
-1801
87
3865
4575363
13
-23
24
-1800
66
3870
4576388
47
-25
6
-1792
106
3864
4577413
35
-17
-4
-1783
139
3865
4578438
-12
-4
-5
-1804
126
3881
4579463
-41
3
-8
-1823
87
3891
4580488
-16
2
-18
-1836
56
3895
4581513
6
-1
-18
-1836
67
3912
4582538
-16
2
-14
-1837
72
3896
4583563
-22
4
-5
-1842
29
3925
4584588
0
1
-1
-1840
86
3932
4585613
-13
2
7
-1849
63
3922
4586638
-7
-2
12
-1845
76
3893
4587663
0
-5
10
-1847
72
3895
4580479
19
-5
4
-1828
118
3917
4581504
3
1
1
-1831
104
3897
4582529
0
6
-2
-1818
97
3916
4583554
-12
10
-6
-1839
87
3935
4584579
-14
7
-9
-1859
59
3903
4585604
1
0
-10
-1859
46
3907
4586629
0
-6
-3
-1848
48
3915
4587654
17
-9
-2
-1834
59
3904
4588679
20
-7
4
-1831
65
3897
4589704
6
-1
15
-1833
54
3912
4590729
8
1
17
-1830
57
3905
4591754
17
4
11
-1835
90
3887
4592779
2
3
11
-1831
95
3888
4593804
-14
3
9
-1832
83
3864
4594829
4
2
6
-1835
91
3873
4595854
6
-2
5
-1841
104
3905
4588672
-7
-9
1
-1833
99
3902
4589697
5
-13
-3
-1825
87
3903
4590722
9
-16
3
-1833
108
3918
4591747
-13
-15
6
-1844
71
3881
4592772
16
-15
2
-1813
81
3925
4593797
20
-7
6
-1831
102
3931
4594822
-6
-3
6
-1852
80
3903
4595847
5
-1
0
-1845
93
3891
4596872
5
2
3
-1840
88
3891
4597897
-7
5
4
-1831
82
3894
4598922
-6
7
4
-1836
76
3896
4599947
10
3
1
-1832
94
3906
4600972
5
3
2
-1826
108
3885
4601997
-19
2
7
-1836
96
3891
4603022
-19
-1
6
-1838
81
3876
4604047
2
-8
5
-1841
85
3881
4596865
7
-15
2
-1822
84
3898
4597890
2
-13
3
-1827
84
3910
4598915
-5
-11
2
-1828
82
3902
4599940
-14
-13
4
-1815
68
3902
4600965
-4
-10
3
-1815
67
3910
4601990
17
-8
0
-1830
103
3927
4603015
11
-4
1
-1837
110
3929
4604040
-6
2
3
-1827
105
3925
4605065
-14
8
2
-1826
77
3900
4606090
-4
11
-5
-1833
87
3854
4607115
-2
15
-9
-1852
82
3848
4608140
-2
2
-9
-1833
79
3910
4609165
-4
-4
-10
-1834
92
3906
4610190
-12
-7
-8
-1854
69
3881
4611215
-2
-8
-4
-1859
53
3933
4612240
23
-11
-2
-1842
85
3944
4605057
13
-7
3
-1843
78
3936
4606082
3
-2
4
-1833
72
3934
4607107
4
8
6
-1847
87
3914
4608132
-7
13
8
-1838
83
3890
4609157
-4
14
7
-1837
78
3885
4610182
1
14
9
-1853
95
3877
4611207
-1
9
8
-1849
90
3872
4612232
3
-2
6
-1829
102
3870
4613257
-5
-8
9
-1837
92
3894
4614282
0
-16
5
-1842
105
3901
4615307
5
-19
6
-1843
96
3886
4616332
6
-20
8
-1831
93
3930
4617357
13
-16
6
-1834
95
3923
4618382
12
-10
5
-1839
108
3918
4619407
-6
-6
6
-1839
87
3902
4620432
-9
-2
6
-1845
75
3894
4613249
4
0
5
-1835
71
3881
4614274
7
2
6
-1847
89
3882
4615299
2
2
6
-1846
98
3905
4616324
-4
0
7
-1849
103
3884
4617349
-14
-1
10
-1845
83
3877
4618374
-6
-1
7
-1828
70
3894
4619399
4
-2
9
-1842
84
3904
4620424
1
-8
10
-1840
97
3909
4621449
4
-8
8
-1828
85
3903
4622474
7
-2
11
-1828
104
3914
4623499
-1
2
12
-1849
91
3934
4624524
2
0
10
-1840
88
3919
4625549
3
1
6
-1832
92
3891
4626574
4
1
10
-1827
95
3892
4627599
7
0
7
-1835
90
3901
4628624
8
-3
8
-1838
98
3901
4621441
0
-2
6
-1836
92
3881
4622466
7
-3
4
-1824
85
3905
4623491
13
-3
3
-1830
106
3875
4624516
6
0
3
-1835
96
3867
4625541
-8
0
3
-1831
93
3886
4626566
-7
1
-3
-1837
93
3887
4627591
-7
0
-4
-1859
96
3870
4628616
-6
-2
-4
-1849
66
3876
4629641
6
-4
2
-1833
92
3934
4630666
1
-2
6
-1856
88
3936
4631691
5
0
4
-1850
90
3913
4632716
6
5
5
-1823
113
3903
4633741
-10
15
6
-1830
100
3867
4634766
-15
16
3
-1849
101
3896
4635791
-14
10
0
-1858
93
3868
4636816
-11
0
-1
-1860
85
3855
4629632
-16
-9
-4
-1845
84
3861
4630657
-8
-17
-3
-1852
74
3877
4631682
8
-22
-5
-1847
118
3886
4632707
-14
-21
0
-1855
102
3910
4633732
-59
-29
28
-1890
10
3889
4634757
-16
-40
-14
-1971
250
3971
4635782
-108
-82
-19
-1779
355
4048
4636807
-122
-62
86
-1416
-378
4187
4637832
100
21
192
-2001
-17
4053
4638857
-112
-54
69
-2110
37
3568
4639882
-36
-151
25
-1737
-85
3339
4640907
185
-136
34
-1827
243
3661
4641932
97
-118
12
-1805
231
3987
4642957
-12
-79
-32
-1700
162
4081
4643982
-33
-17
-50
-1658
149
4158
4645007
18
45
-44
-1736
127
4027
4637824
139
87
-49
-1780
124
4129
4638849
154
103
-18
-1750
78
4215
4639874
18
126
15
-1963
113
3914
4640899
-134
103
-28
-1972
168
3801
4641924
-98
56
-20
-1801
-12
3791
4642949
46
51
-8
-1887
32
3812
4643974
95
21
-18
-1842
150
3844
4644999
15
11
4
-1795
107
3883
4646024
-35
8
22
-1824
87
3921
4647049
-31
2
12
-1807
111
3916
4648074
-8
8
3
-1801
101
3878
4649099
11
19
-4
-1808
127
3856
4650124
-14
32
-7
-1835
124
3830
4651149
-25
35
-11
-1849
80
3880
4652174
-29
30
-22
-1841
96
3910
4653199
-37
27
-24
-1872
78
3888
4646015
-42
20
-16
-1892
52
3838
4647040
-19
6
-7
-1888
41
3872
4648065
-2
0
4
-1891
73
3919
4649090
8
-3
6
-1873
77
3941
4650115
7
-5
14
-1865
101
3942
4651140
-8
-3
19
-1866
103
3902
4652165
-5
2
19
-1864
80
3902
4653190
12
2
13
-1851
113
3914
4654215
2
8
11
-1862
114
3881
4655240
-13
8
8
-1865
104
3889
4656265
-13
5
3
-1861
82
3882
4657290
-4
1
3
-1859
95
3883
4658315
-6
-5
4
-1854
75
3879
4659340
-2
-7
8
-1861
71
3865
4660365
6
-12
7
-1849
72
3883
4661390
16
-13
9
-1835
91
3905
4654208
1
-7
11
-1865
104
3891
4655233
-8
-6
3
-1865
113
3883
4656258
-8
-8
2
-1866
78
3895
4657283
0
-8
3
-1868
73
3903
4658308
0
-9
3
-1853
70
3899
4659333
1
-7
7
-1839
62
3902
4660358
3
-1
11
-1838
72
3887
4661383
0
6
13
-1839
94
3893
4662408
-6
10
16
-1861
104
3893
4663433
-18
7
15
-1865
95
3868
4664458
-8
2
14
-1861
96
3870
4665483
7
-7
10
-1848
103
3886
4666508
12
-11
7
-1858
121
3891
4667533
-3
-14
8
-1868
107
3913
4668558
0
-20
4
-1849
108
3912
4669583
10
-19
2
-1843
106
3910
4662400
6
-16
5
-1840
99
3920
4663425
6
-9
5
-1853
99
3917
4664450
7
-5
3
-1843
104
3877
4665475
0
0
4
-1841
104
3867
4666500
-7
5
3
-1860
99
3868
4667525
4
1
1
-1883
90
3870
4668550
3
-7
0
-1858
93
3875
4669575
-6
-8
1
-1846
109
3858
4670600
-12
-6
1
-1853
80
3877
4671625
-1
-8
1
-1878
100
3900
4672650
-5
-13
3
-1880
92
3926
4673675
-2
-16
7
-1846
86
3933
4674700
9
-10
9
-1845
87
3916
4675725
7
-2
13
-1848
99
3918
4676750
2
3
13
-1849
104
3919
4677775
0
8
11
-1862
108
3899
4670592
-4
7
10
-1858
98
3870
4671617
-7
5
16
-1868
84
3870
4672642
-3
-4
16
-1849
95
3867
4673667
9
-9
17
-1864
97
3893
4674692
19
-18
13
-1840
117
3913
4675717
5
-17
14
-1854
120
3894
4676742
2
-17
13
-1848
97
3900
4677767
7
-18
10
-1831
121
3893
4678792
9
-16
8
-1857
120
3883
4679817
6
-18
1
-1874
116
3887
4680842
2
-22
2
-1866
102
3871
4681867
4
-23
7
-1857
88
3870
4682892
1
-21
13
-1849
84
3875
4683917
5
-14
11
-1851
92
3881
4684942
-6
-11
13
-1847
104
3872
4685967
-16
-12
17
-1846
112
3861
4678785
-16
-14
17
-1859
124
3876
4679810
-22
-17
18
-1871
97
3893
4680835
4
-24
14
-1843
103
3915
4681860
7
-23
11
-1814
113
3918
4682885
-12
-14
12
-1780
117
3921
4683910
-24
0
13
-1813
95
3932
4684935
-10
3
9
-1816
103
3928
4685960
-8
5
11
-1812
108
3910
4686985
-5
5
8
-1822
113
3900
4688010
1
3
2
-1830
124
3884
4689035
-1
-1
-2
-1834
103
3871
4690060
6
-2
-7
-1811
97
3886
4691085
-8
3
-9
-1827
90
3881
4692110
-14
1
-12
-1831
87
3870
4693135
-10
-2
-10
-1837
92
3879
4694160
-10
-8
-3
-1846
91
3901
4686977
-9
-10
-1
-1856
66
3882
4688002
6
-10
-2
-1845
93
3921
4689027
-5
-5
4
-1836
85
3930
4690052
-3
3
5
-1827
86
3903
4691077
-4
14
3
-1829
84
3892
4692102
-4
21
-1
-1835
111
3893
4693127
-22
21
-4
-1850
116
3880
4694152
-42
13
-6
-1850
73
3855
4695177
-43
-5
1
-1905
25
3843
4696202
-5
-42
-11
-2003
369
3831
4697227
-257
-90
-17
-1925
445
4100
4698252
-370
-72
83
-1213
-674
4289
4699277
308
10
339
-1770
-354
4126
4700302
143
-10
114
-2423
294
3406
4701327
-71
-181
49
-1737
169
3434
4702352
26
-160
57
-1770
273
3733
4695167
113
-135
3
-1856
279
3883
4696192
118
-102
-87
-1711
237
4011
4697217
64
-23
-133
-1609
267
4229
4698242
-2
66
-139
-1745
133
4011
4699267
103
96
-123
-1790
16
4020
4700292
179
88
-47
-1693
-41
4202
4701317
50
122
27
-1947
54
4016
4702342
-198
120
7
-2040
114
3855
4703367
-170
70
-5
-1801
-18
3820
4704392
31
68
14
-1898
4
3834
4705417
118
30
11
-1906
134
3846
4706442
49
-8
19
-1834
199
3885
4707467
-28
-22
29
-1835
133
3874
4708492
2
-32
9
-1803
106
3875
4709517
35
-33
-3
-1787
140
3883
4710542
10
-23
3
-1810
118
3888
4703361
-15
-19
5
-1811
96
3886
4704386
-13
-16
4
-1820
62
3879
4705411
-3
-12
-6
-1816
93
3873
4706436
-10
-3
-5
-1825
108
3888
4707461
-34
1
3
-1835
96
3882
4708486
-26
2
3
-1838
99
3869
4709511
1
0
6
-1838
120
3887
4710536
-10
1
13
-1846
130
3906
4711561
-17
3
14
-1851
118
3925
4712586
-10
3
11
-1844
141
3926
4713611
-2
5
14
-1830
141
3916
4714636
-5
7
15
-1810
145
3929
4715661
-12
17
12
-1803
127
3900
4716686
-7
24
8
-1821
142
3911
4717711
-28
21
6
-1822
133
3901
4718736
-28
17
-2
-1821
97
3888
4711552
-4
9
-8
-1823
132
3878
4712577
-9
0
-6
-1836
114
3894
4713602
-18
-9
-5
-1842
79
3889
4714627
8
-18
-14
-1817
89
3919
4715652
11
-19
-12
-1803
111
3925
4716677
-7
-13
-9
-1833
99
3905
4717702
-7
-11
-7
-1846
76
3917
4718727
5
-12
-11
-1844
65
3924
4719752
24
-8
-16
-1821
93
3917
4720777
2
2
-13
-1829
84
3925
4721802
-5
9
-15
-1832
86
3913
4722827
2
14
-10
-1853
100
3911
4723852
-3
9
-10
-1849
97
3900
4724877
-7
3
-14
-1859
90
3883
4725902
12
-7
-18
-1863
103
3888
4726927
12
-12
-10
-1879
129
3915
4719745
3
-19
-5
-1875
96
3908
4720770
26
-21
-5
-1854
98
3887
4721795
16
-16
3
-1854
115
3895
4722820
-15
-13
7
-1858
88
3861
4723845
-8
-14
7
-1848
94
3842
4724870
-8
-16
13
-1863
104
3835
4725895
-7
-21
15
-1866
99
3840
4726920
-10
-26
12
-1871
109
3859
4727945
-29
-32
18
-1867
51
3904
4728970
-3
-37
16
-1834
69
3925
4729995
16
-32
22
-1809
88
3949
4731020
-7
-25
22
-1775
127
3957
4732045
-10
-13
20
-1780
144
3940
4733070
-16
-2
19
-1833
167
3915
4734095
-22
-9
14
-1858
146
3936
4735120
3
-25
5
-1832
128
3940
4727936
16
-31
1
-1822
140
3928
4728961
5
-32
0
-1808
114
3923
4729986
10
-26
1
-1803
89
3917
4731011
2
-22
5
-1815
57
3904
4732036
-3
-21
5
-1808
47
3902
4733061
12
-15
3
-1799
58
3896
4734086
16
-11
6
-1816
86
3906
4735111
-2
-12
12
-1811
92
3915
4736136
-2
-9
7
-1814
78
3880
4737161
14
-5
3
-1814
92
3908
4738186
4
0
-2
-1808
102
3920
4739211
4
5
-4
-1806
89
3922
4740236
-4
8
0
-1805
95
3919
4741261
-15
13
5
-1811
50
3901
4742286
6
13
2
-1815
86
3901
4743311
9
12
4
-1813
113
3919
4736356
-5
11
5
-1808
124
3889
4737381
-6
13
8
-1811
101
3893
4738406
2
9
5
-1807
130
3921
4739431
2
5
-1
-1819
117
3899
4740456
-1
3
-7
-1816
126
3872
4741481
-3
6
-5
-1814
120
3881
4742506
-11
10
-3
-1839
96
3877
4743531
-5
9
-5
-1837
79
3893
4744556
-1
9
-5
-1819
83
3882
4745581
-16
15
-5
-1822
84
3851
4746606
-42
20
-1
-1832
80
3837
4747631
-60
13
9
-1840
47
3816
4748656
-52
-8
16
-1841
44
3786
4749681
-31
-34
22
-1836
78
3805
4750706
-14
-59
25
-1844
87
3847
4751731
-16
-77
20
-1828
93
3868
4744320
-11
-79
16
-1783
103
3960
4745345
-25
-68
14
-1789
94
3982
4746370
-26
-51
1
-1810
102
3981
4747395
-41
-40
-5
-1817
97
3995
4748420
-56
-34
-6
-1836
34
4020
4749445
-57
-34
-1
-1906
-5
3929
4750470
-39
-38
-65
-2025
434
4268
4751495
-367
-23
-98
-1527
-44
4420
4752520
276
-101
203
-1370
-879
3527
4753545
447
-21
60
-2418
743
3645
4754570
-198
-230
106
-1645
43
3549
4755595
-53
-170
124
-1647
-151
3682
4756620
187
-129
75
-1766
284
4038
4757645
54
-92
10
-1609
250
4135
4758670
-37
-1
-21
-1645
253
4120
4759695
12
58
-39
-1656
192
4179
4752513
107
83
-26
-1605
36
4318
4753538
91
104
20
-1820
120
4035
4754563
-158
118
-12
-2005
280
3864
4755588
-257
62
-37
-1728
-53
3819
4756613
28
69
-47
-1734
-7
3865
4757638
135
61
-29
-1835
76
3893
4758663
35
34
-16
-1785
161
3934
4759688
-63
22
7
-1754
107
3944
4760713
-65
17
14
-1760
37
3963
4761738
-10
9
-1
-1788
35
3893
4762763
43
3
-11
-1796
84
3884
4763788
22
-1
-8
-1782
126
3881
4764813
-26
0
4
-1795
64
3885
4765838
4
-1
-11
-1760
102
3878
4766863
4
11
-7
-1787
57
3875
4767888
13
8
-12
-1787
101
3933
4760704
-6
12
-8
-1806
109
3899
4761729
-16
12
-5
-1807
62
3886
4762754
9
-1
-4
-1775
100
3927
4763779
-26
2
7
-1823
78
3882
4764804
7
-11
-2
-1790
63
3931
4765829
28
-14
5
-1788
128
3969
4766854
-14
-12
11
-1804
85
3916
4767879
4
-12
5
-1775
109
3949
4768904
3
-2
6
-1789
105
3942
4769929
5
-2
-2
-1796
114
3926
4770954
-7
-1
-8
-1803
107
3913
4771979
-9
-4
-10
-1794
92
3910
4773004
-3
-4
-10
-1796
69
3915
4774029
6
-4
-11
-1793
70
3936
4775054
1
-5
-6
-1818
65
3930
4776079
1
-10
0
-1814
52
3924
4768896
12
-8
8
-1797
70
3923
4769921
8
-3
14
-1780
76
3923
4770946
5
2
13
-1781
94
3934
4771971
-4
9
10
-1801
96
3924
4772996
-6
11
5
-1805
88
3896
4774021
7
7
1
-1777
86
3898
4775046
2
12
-2
-1783
103
3915
4776071
-16
11
1
-1809
85
3924
4777096
-20
4
1
-1812
62
3916
4778121
4
-4
3
-1787
71
3935
4779146
4
-6
8
-1789
87
3905
4780171
-1
-5
11
-1803
77
3940
4781196
12
-6
7
-1800
101
3940
4782221
10
-4
3
-1805
103
3919
4783246
-1
-2
4
-1791
90
3933
4784271
4
3
0
-1793
102
3907
4777088
6
8
-1
-1811
88
3907
4778113
-5
7
-2
-1800
116
3913
4779138
-19
4
0
-1801
86
3897
4780163
-5
2
-2
-1801
95
3885
4781188
-10
-1
2
-1819
83
3893
4782213
-6
-7
5
-1809
82
3907
4783238
1
-11
2
-1803
92
3902
4784263
-6
-12
5
-1812
93
3913
4785288
-11
-11
8
-1805
67
3938
4786313
-6
-12
7
-1806
65
3942
4787338
6
-16
4
-1791
84
3925
4788363
-3
-10
6
-1787
79
3936
4789388
-6
-6
8
-1790
71
3944
4790413
-2
-5
9
-1802
77
3923
4791438
5
-4
9
-1790
85
3946
4792463
-2
0
7
-1787
88
3935
4785279
5
-1
3
-1789
94
3909
4786304
3
3
0
-1792
106
3897
4787329
-3
1
-1
-1788
82
3910
4788354
9
0
-6
-1798
78
3909
4789379
3
-3
-8
-1788
90
3914
4790404
-18
-1
-7
-1805
63
3896
4791429
-5
-6
-2
-1818
65
3934
4792454
6
-13
-1
-1820
77
3930
4793479
5
-15
1
-1805
75
3922
4794504
10
-9
0
-1785
81
3923
4795529
11
1
6
-1795
91
3954
4796554
0
8
6
-1791
91
3946
4797579
-15
13
7
-1803
71
3903
4798604
-6
14
5
-1805
85
3884
4799629
-1
9
5
-1819
89
3917
4800654
-3
2
3
-1825
83
3889
4793474
6
-6
5
-1791
84
3920
4794499
6
-8
7
-1784
110
3921
4795524
-6
-8
10
-1819
102
3908
4796549
-5
-14
9
-1809
88
3919
4797574
23
-17
7
-1802
111
3933
4798599
18
-14
4
-1802
117
3948
4799624
3
-7
3
-1800
103
3947
4800649
-3
2
7
-1820
88
3927
4801674
0
9
7
-1815
88
3916
4802699
7
11
6
-1815
96
3915
4803724
3
11
4
-1824
86
3898
4804749
6
6
7
-1803
79
3934
4805774
1
7
9
-1801
95
3901
4806799
-6
9
13
-1806
97
3887
4807824
-1
6
13
-1803
83
3907
4808849
9
2
9
-1805
97
3896
4801664
7
-4
9
-1792
101
3892
4802689
-7
-7
10
-1791
102
3902
4803714
-8
-9
9
-1801
87
3906
4804739
2
-13
9
-1806
71
3891
4805764
10
-15
3
-1781
88
3900
4806789
6
-6
2
-1775
112
3930
4807814
-14
-2
5
-1791
109
3935
4808839
-20
-4
5
-1805
87
3919
4809864
-7
-5
3
-1802
107
3908
4810889
3
-4
0
-1791
99
3912
4811914
3
-1
-5
-1807
112
3915
4812939
-10
-2
-4
-1814
93
3916
4813964
-12
-6
-4
-1803
87
3899
4814989
-11
-9
-6
-1791
78
3909
4816014
-1
-8
-7
-1805
91
3937
4817039
-4
-9
-6
-1829
87
3927
4809856
4
-11
0
-1824
90
3939
4810881
9
-11
3
-1804
93
3947
4811906
6
-6
4
-1793
84
3938
4812931
9
5
3
-1795
97
3925
4813956
-7
11
7
-1817
96
3908
4814981
-37
3
4
-1833
52
3883
4816006
-39
-9
9
-1885
-8
3725
4817031
35
-39
-51
-1953
369
4036
4818056
-256
-77
-93
-1698
124
4147
4819081
24
-114
134
-1168
-879
4010
4820106
339
39
106
-2195
306
3995
4821131
45
-98
24
-1901
337
3512
4822156
-95
-112
58
-1681
78
3596
4823181
30
-86
49
-1830
200
3883
4824206
73
-81
-31
-1790
217
3918
4825231
103
-43
-96
-1700
210
3945
4818048
182
33
-112
-1667
336
4134
4819073
200
91
-117
-1718
297
4123
4820098
145
112
-82
-1729
139
4156
4821123
77
109
19
-1727
-138
4130
4822148
28
127
38
-2033
153
3849
4823173
-67
75
-19
-1915
159
3843
4824198
50
40
-17
-1766
99
3842
4825223
114
45
11
-1888
147
3880
4826248
65
19
18
-1811
166
3912
4827273
14
17
29
-1797
208
3923
4828298
-52
11
30
-1805
211
3901
4829323
-103
4
17
-1810
200
3859
4830348
-89
-6
15
-1816
106
3826
4831373
-13
-18
7
-1801
164
3859
4832398
-2
-20
6
-1796
135
3878
4833423
-12
-19
4
-1792
116
3900
4826241
-18
-18
1
-1795
139
3908
4827266
-24
-13
6
-1803
140
3910
4828291
-28
-8
11
-1826
138
3879
4829316
-27
-12
10
-1819
135
3889
4830341
-19
-11
5
-1812
168
3891
4831366
-21
-8
5
-1815
159
3914
4832391
-28
-3
4
-1821
148
3918
4833416
-28
-6
1
-1832
133
3918
4834441
-18
-9
-2
-1834
149
3929
4835466
-14
-10
1
-1845
130
3918
4836491
-5
-11
5
-1842
110
3925
4837516
9
-11
11
-1805
114
3943
4838541
14
-6
14
-1795
128
3943
4839566
3
4
15
-1797
131
3907
4840591
-1
10
14
-1795
133
3881
4841616
2
11
13
-1793
133
3887
4834433
-2
11
8
-1793
154
3879
4835458
-11
9
6
-1811
137
3852
4836483
-9
6
6
-1817
147
3878
4837508
-10
-4
6
-1814
124
3894
4838533
6
-13
0
-1807
145
3874
4839558
1
-16
1
-1806
147
3894
4840583
-7
-19
0
-1794
137
3897
4841608
-1
-12
0
-1798
139
3897
4842633
-6
-4
0
-1809
140
3910
4843658
-21
2
-4
-1816
119
3909
4844683
-10
4
-10
-1804
133
3907
4845708
-16
9
-7
-1817
134
3892
4846733
-29
9
-2
-1825
131
3890
4847758
-24
5
-2
-1824
124
3884
4848783
-8
1
-1
-1816
126
3913
4849808
-13
-4
-2
-1810
137
3918
4842624
-25
-5
1
-1817
131
3899
4843649
-14
-7
3
-1821
132
3929
4844674
-7
-9
2
-1823
140
3929
4845699
-11
-9
-1
-1814
138
3921
4846724
-19
-7
0
-1805
127
3928
4847749
-20
-1
3
-1819
110
3934
4848774
-12
-2
3
-1827
87
3933
4849799
12
-2
-3
-1788
117
3946
4850824
8
3
1
-1787
128
3939
4851849
-16
9
3
-1808
124
3921
4852874
-11
8
1
-1824
117
3907
4853899
-9
1
1
-1823
104
3875
4854924
-1
-3
-3
-1806
103
3871
4855949
0
-7
-6
-1812
115
3872
4856974
-16
-13
-6
-1826
118
3870
4857999
-18
-22
-6
-1811
81
3877
4850816
2
-27
-5
-1798
77
3905
4851841
12
-27
-5
-1800
120
3947
4852866
-2
-24
-3
-1838
106
3942
4853891
1
-23
-1
-1840
104
3958
4854916
12
-21
0
-1815
109
3959
4855941
17
-13
4
-1806
114
3940
4856966
6
1
7
-1807
117
3948
4857991
-3
13
7
-1823
120
3929
4859016
5
20
4
-1819
133
3903
4860041
-6
24
3
-1836
138
3880
4861066
-19
19
0
-1832
108
3867
4862091
-10
8
-1
-1812
115
3873
4863116
-14
2
3
-1822
118
3860
4864141
-11
-5
6
-1813
111
3873
4865166
-5
-10
8
-1819
112
3882
4866191
-9
-14
10
-1818
100
3880
4859009
-9
-14
7
-1800
106
3915
4860034
-11
-8
8
-1806
110
3927
4861059
-22
-3
9
-1808
101
3922
4862084
-19
1
6
-1804
93
3904
4863109
-1
7
5
-1800
106
3929
4864134
-9
11
4
-1808
128
3944
4865159
-28
7
1
-1824
114
3922
4866184
-23
-5
-4
-1812
119
3886
4867209
-13
-10
-6
-1800
117
3858
4868234
-7
-14
-5
-1809
107
3896
4869259
3
-18
-6
-1818
99
3928
4870284
5
-18
-6
-1806
89
3940
4871309
-11
-12
-4
-1790
81
3930
4872334
-18
-2
3
-1811
61
3939
4873359
0
0
4
-1810
79
3946
4874384
-1
3
7
-1810
97
3930
4867200
-6
2
8
-1808
102
3914
4868225
-2
6
6
-1818
110
3901
4869250
-9
5
4
-1819
103
3899
4870275
-1
1
0
-1799
91
3894
4871300
5
3
-4
-1802
86
3886
4872325
-10
3
-7
-1808
93
3902
4873350
-23
-2
-9
-1807
84
3886
4874375
-21
-5
-6
-1821
63
3887
4875400
4
-8
-1
-1820
79
3930
4876425
10
-12
-2
-1827
105
3937
4877450
-5
-12
-2
-1831
101
3935
4878475
-6
-7
1
-1831
86
3937
4879500
7
-2
4
-1823
95
3930
4880525
10
8
6
-1822
99
3933
4881550
7
13
3
-1814
111
3931
4882575
-12
18
1
-1825
101
3889
4875511
-21
17
3
-1835
85
3857
4876536
-7
10
5
-1820
72
3875
4877561
10
-1
2
-1813
103
3881
4878586
-5
-6
1
-1821
113
3878
4879611
-18
-9
3
-1823
100
3895
4880636
-12
-10
7
-1821
82
3906
4881661
2
-12
6
-1816
104
3913
4882686
2
-13
4
-1822
114
3917
4883711
1
-13
1
-1824
120
3899
4884736
-4
-9
3
-1823
99
3900
4885761
-4
-5
2
-1818
95
3929
4886786
-6
-2
-1
-1824
73
3904
4887811
3
4
-3
-1815
81
3901
4888836
-8
8
1
-1812
74
3905
4889861
-5
5
3
-1813
84
3903
4890886
-28
9
10
-1842
85
3887
4883584
-17
1
7
-1817
65
3901
4884609
5
-7
5
-1810
117
3921
4885634
-13
-11
6
-1807
91
3919
4886659
-28
-17
7
-1831
67
3934
4887684
-18
-26
11
-1882
52
3900
4888709
-3
-50
-52
-1911
331
4184
4889734
-279
-79
-78
-1743
282
3940
4890759
-28
-119
179
-1233
-500
3986
4891784
178
14
273
-2081
18
4176
4892809
-12
-117
140
-2001
63
3458
4893834
-50
-180
117
-1738
9
3473
4894859
33
-189
83
-1773
34
3659
4895884
106
-174
-4
-1741
371
3902
4896909
-29
-108
-85
-1641
270
3963
4897934
-4
-20
-130
-1573
302
4239
4898959
43
46
-116
-1586
1
4415
4891776
212
76
-62
-1660
-201
4234
4892801
223
116
-66
-2011
350
3890
4893826
-151
90
-62
-1885
242
3890
4894851
-185
90
-23
-1749
-89
3950
4895876
68
109
-38
-1866
-86
3902
4896901
153
85
-46
-1847
134
3894
4897926
40
67
-4
-1812
151
3932
4898951
-43
55
22
-1802
175
3943
4899976
-77
50
19
-1803
147
3944
4901001
-76
37
16
-1809
86
3880
4902026
-45
19
4
-1822
93
3820
4903051
1
3
-3
-1814
132
3811
4904076
9
-10
-5
-1808
107
3834
4905101
0
-21
-6
-1786
85
3870
4906126
-19
-26
-4
-1796
74
3893
4907151
-39
-28
0
-1811
66
3903
4899967
-23
-24
-2
-1804
57
3865
4900992
10
-22
3
-1814
59
3915
4902017
17
-18
6
-1799
92
3944
4903042
0
-8
10
-1821
90
3933
4904067
-15
-4
7
-1817
80
3907
4905092
-15
4
8
-1823
67
3906
4906117
-7
-1
9
-1822
81
3949
4907142
1
-1
6
-1804
107
3909
4908167
-12
2
13
-1810
101
3935
4909192
-17
2
11
-1800
96
3940
4910217
2
2
6
-1817
100
3937
4911242
-6
-2
8
-1802
97
3917
4912267
-8
-1
13
-1787
67
3931
4913292
2
0
16
-1798
90
3917
4914317
-2
-2
11
-1805
65
3900
4915342
12
-8
9
-1780
92
3916
4908160
9
-6
16
-1774
92
3921
4909185
-1
-2
15
-1789
107
3915
4910210
-4
0
14
-1794
110
3912
4911235
2
1
8
-1792
107
3903
4912260
1
-1
0
-1788
106
3889
4913285
-1
-2
-7
-1787
99
3899
4914310
-9
-1
-8
-1799
91
3908
4915335
-17
-8
-9
-1798
63
3908
4916360
1
-9
-9
-1801
76
3928
4917385
7
-8
-4
-1819
74
3937
4918410
14
-9
-2
-1818
83
3956
4919435
11
-8
1
-1817
105
3958
4920460
2
-4
2
-1805
91
3942
4921485
5
3
1
-1801
97
3930
4922510
4
8
2
-1807
91
3919
4923535
0
12
4
-1807
99
3909
4916352
-4
11
1
-1812
99
3879
4917377
3
8
1
-1819
83
3891
4918402
7
-3
-2
-1817
97
3909
4919427
4
-11
2
-1818
84
3895
4920452
9
-18
6
-1821
97
3906
4921477
7
-21
7
-1809
91
3923
4922502
16
-20
5
-1809
92
3918
4923527
21
-19
2
-1813
120
3928
4924552
10
-14
3
-1822
91
3928
4925577
4
-7
4
-1818
82
3931
4926602
4
-2
2
-1815
79
3921
4927627
7
1
2
-1811
87
3905
4928652
-5
4
11
-1829
84
3885
4929677
-9
2
15
-1826
64
3879
4930702
11
-4
11
-1818
100
3893
4931727
8
-8
12
-1822
109
3905
4924545
-11
-15
17
-1814
96
3896
4925570
4
-18
20
-1801
103
3893
4926595
12
-17
21
-1811
104
3924
4927620
8
-18
16
-1799
125
3952
4928645
-6
-16
14
-1791
99
3934
4929670
6
-13
12
-1784
98
3925
4930695
4
-9
18
-1802
97
3940
4931720
9
-9
16
-1793
91
3961
4932745
21
-6
12
-1781
119
3944
4933770
10
-2
11
-1783
129
3931
4934795
-8
3
10
-1804
113
3888
4935820
3
0
9
-1796
97
3897
4936845
22
-2
5
-1773
105
3889
4937870
17
-1
1
-1789
127
3904
4938895
-7
-3
0
-1814
118
3885
4939920
-6
-10
2
-1809
85
3887
4932736
11
-14
3
-1796
92
3914
4933761
17
-15
0
-1788
111
3932
4934786
6
-9
3
-1800
128
3918
4935811
-3
-1
5
-1804
114
3919
4936836
2
5
3
-1775
111
3916
4937861
-3
17
3
-1774
122
3884
4938886
-16
23
4
-1795
112
3895
4939911
-16
19
0
-1805
111
3880
4940936
-19
12
-1
-1802
120
3866
4941961
-26
5
0
-1801
103
3866
4942986
-17
-3
-2
-1808
108
3895
4944011
-7
-16
-3
-1810
116
3901
4945036
-5
-22
-1
-1796
117
3924
4946061
-8
-23
2
-1787
131
3944
4947086
-8
-17
-1
-1804
123
3936
4948111
-2
-10
-3
-1811
121
3950
4940928
-3
-1
-5
-1807
115
3950
4941953
-3
7
-7
-1804
120
3929
4942978
-19
13
-5
-1818
92
3895
4944003
-19
15
-4
-1832
87
3888
4945028
-10
10
-1
-1831
82
3889
4946053
-8
7
0
-1824
77
3871
4947078
7
4
0
-1803
79
3911
4948103
11
5
4
-1809
106
3950
4949128
-8
8
10
-1814
113
3941
4950153
-14
11
9
-1807
96
3907
4951178
-9
11
5
-1802
99
3901
4952203
-7
11
3
-1798
98
3918
4953228
-10
9
6
-1812
107
3919
4954253
-25
-1
7
-1796
47
3919
4955278
-19
-11
26
-1830
9
3857
4956303
18
-28
-26
-1909
326
3979
4949119
-174
-65
-23
-1809
399
4107
4950144
-313
-6
-7
-1601
-154
3752
4951169
248
3
204
-1412
-826
4031
4952194
361
64
110
-2237
-15
4163
4953219
251
-120
-53
-1922
439
3530
4954244
69
-147
-47
-1782
507
3503
4955269
-77
-136
-43
-1790
284
3809
4956294
-23
-111
-98
-1725
210
3940
4957319
51
-60
-163
-1715
205
4012
4958344
80
1
-168
-1658
119
4161
4959369
158
76
-125
-1628
143
4400
4960394
113
129
-50
-1682
-8
4335
4961419
19
155
10
-1921
100
3893
4962444
-185
158
4
-2029
228
3830
4963469
-221
114
19
-1851
-8
3785
4964494
40
95
13
-1909
13
3754
4957312
162
43
7
-1908
121
3782
4958337
49
-6
27
-1846
221
3810
4959362
-91
-28
49
-1830
129
3789
4960387
-71
-54
48
-1787
64
3853
4961412
-1
-60
35
-1775
129
3892
4962437
7
-47
24
-1781
156
3892
4963462
-4
-32
20
-1784
165
3924
4964487
-11
-14
15
-1806
168
3951
4965512
-31
2
3
-1829
139
3930
4966537
-41
15
-10
-1832
125
3924
4967562
-45
26
-13
-1825
90
3924
4968587
-44
34
-8
-1847
74
3905
4969612
-19
30
-2
-1841
61
3903
4970637
-11
21
8
-1847
76
3921
4971662
-22
15
21
-1839
78
3900
4972687
-22
9
29
-1847
72
3890
4965504
18
-3
25
-1824
90
3892
4966529
33
-7
21
-1824
136
3896
4967554
8
-7
17
-1806
143
3911
4968579
-15
4
11
-1804
124
3902
4969604
-14
9
10
-1818
102
3923
4970629
-5
7
9
-1813
117
3947
4971654
6
6
3
-1818
130
3889
4972679
-3
5
4
-1837
113
3853
4973704
-2
0
5
-1827
115
3884
4974729
2
1
4
-1838
115
3888
4975754
0
2
3
-1841
103
3874
4976779
-14
-2
8
-1839
95
3881
4977804
-11
-6
7
-1839
80
3875
4978829
10
-12
1
-1833
119
3894
4979854
-4
-15
6
-1828
107
3935
4980879
-6
-10
9
-1828
111
3916
4973695
0
-8
10
-1838
121
3898
4974720
-5
-4
9
-1832
130
3889
4975745
0
0
13
-1813
111
3954
4976770
-7
10
12
-1822
108
3935
4977795
-3
16
7
-1824
107
3903
4978820
3
15
3
-1832
130
3900
4979845
-17
12
2
-1842
111
3857
4980870
-16
3
1
-1846
101
3868
4981895
-1
-9
3
-1842
110
3897
4982920
3
-18
5
-1845
106
3889
4983945
9
-25
4
-1824
109
3915
4984970
12
-21
4
-1829
138
3905
4985995
4
-17
5
-1843
131
3926
4987020
2
-16
2
-1835
119
3939
4988045
7
-11
0
-1829
114
3920
4989070
7
-5
-2
-1828
102
3904
4981889
3
3
-3
-1827
116
3913
4982914
-5
8
0
-1844
98
3898
4983939
-4
6
3
-1849
90
3886
4984964
1
1
4
-1833
99
3880
4985989
-2
-3
9
-1830
106
3866
4987014
3
-4
9
-1829
110
3875
4988039
2
-8
10
-1839
114
3886
4989064
1
-13
6
-1839
106
3902
4990089
5
-17
0
-1834
124
3903
4991114
14
-17
-5
-1818
118
3911
4992139
1
-13
1
-1826
112
3918
4993164
0
-10
1
-1821
102
3922
4994189
5
-8
6
-1825
105
3908
4995214
7
-5
5
-1826
111
3908
4996239
4
-5
7
-1834
128
3903
4997264
-2
-7
7
-1842
124
3884
4990079
6
-9
3
-1824
126
3872
4991104
3
-8
3
-1825
126
3881
4992129
-13
-10
4
-1831
103
3900
4993154
-3
-12
-2
-1830
94
3884
4994179
12
-13
-1
-1839
119
3891
4995204
2
-13
4
-1844
116
3936
4996229
2
-12
7
-1833
115
3923
4997254
5
-8
12
-1829
103
3916
4998279
9
-2
14
-1817
112
3924
4999304
14
4
15
-1819
119
3920
5000329
4
8
13
-1820
122
3889
5001354
-3
9
6
-1810
141
3867
5002379
-8
9
6
-1818
121
3871
5003404
-10
3
9
-1833
116
3887
5004429
0
-9
8
-1833
120
3875
5005454
9
-17
2
-1815
131
3892
4998272
6
-20
4
-1830
134
3915
4999297
-3
-23
7
-1832
117
3914
5000322
5
-19
5
-1817
113
3912
5001347
14
-12
1
-1811
128
3926
5002372
3
-3
-1
-1825
132
3899
5003397
-5
4
0
-1839
120
3899
5004422
-5
8
2
-1837
110
3892
5005447
-5
6
3
-1823
107
3879
5006472
-7
8
3
-1830
114
3870
5007497
-10
6
5
-1828
113
3888
5008522
1
0
6
-1823
118
3881
5009547
2
-4
6
-1818
136
3887
5010572
-13
-4
2
-1808
147
3890
5011597
-17
-6
0
-1823
123
3892
5012622
-8
-10
0
-1824
114
3910
5013647
-4
-10
-3
-1810
115
3902
5006464
-9
-6
-3
-1822
124
3916
5007489
-11
-7
-5
-1819
114
3914
5008514
5
-7
-4
-1818
137
3910
5009539
-10
-7
2
-1817
138
3902
5010564
-22
-4
4
-1838
101
3892
5011589
8
-9
-7
-1837
120
3903
5012614
16
-9
-10
-1828
129
3910
5013639
-26
-5
-7
-1842
93
3894
5014664
-26
-11
1
-1856
74
3870
5015689
-24
-32
-28
-1956
365
4013
5016714
-215
-70
-44
-1800
131
4099
5017739
-128
-85
50
-1419
-381
4004
5018764
164
-53
264
-1972
196
3895
5019789
-91
-122
174
-2038
102
3579
5020814
-2
-187
163
-1672
-300
3584
5021839
278
-166
111
-1820
135
3750
5014667
142
-155
32
-1719
522
4081
5015692
-136
-78
-30
-1656
290
3955
5016717
-85
13
-82
-1626
260
4015
5017742
-9
88
-66
-1626
188
4218
5018767
126
130
-61
-1685
12
4331
5019792
247
128
-34
-1780
28
4118
5020817
61
156
-38
-2061
403
3839
5021842
-285
93
-22
-1953
81
3701
5022867
-118
40
-15
-1775
-44
3751
5023892
128
27
-13
-1857
27
3844
5024917
145
-10
-7
-1819
155
3921
5025942
45
-16
16
-1784
209
3950
5026967
-32
-5
23
-1791
168
3926
5027992
-51
-6
9
-1783
125
3897
5029017
-8
-3
-6
-1769
184
3885
5030042
-22
15
-8
-1821
168
3850
5022848
-32
12
-18
-1793
122
3870
5023873
-22
19
-25
-1779
149
3904
5024898
-48
24
-23
-1813
124
3892
5025923
-60
17
-20
-1828
89
3880
5026948
-26
9
-11
-1828
52
3867
5027973
8
3
-5
-1834
92
3890
5028998
17
-6
-2
-1824
131
3931
5030023
-10
-8
6
-1823
120
3932
5031048
-38
-3
12
-1843
94
3900
5032073
-15
-9
9
-1814
101
3928
5033098
19
-8
9
-1804
137
3965
5034123
15
0
8
-1816
153
3944
5035148
2
4
5
-1802
156
3944
5036173
-8
12
6
-1816
128
3916
5037198
-12
16
-4
-1826
112
3886
5038223
1
12
-12
-1814
107
3889
5031040
4
6
-8
-1814
102
3880
5032065
-8
1
-3
-1831
86
3863
5033090
6
-9
-3
-1829
93
3896
5034115
12
-16
-2
-1819
101
3903
5035140
10
-16
4
-1822
114
3918
5036165
6
-14
5
-1824
111
3916
5037190
9
-9
7
-1813
118
3934
5038215
13
-3
8
-1803
133
3946
5039240
2
4
6
-1810
137
3914
5040265
-14
12
1
-1831
125
3895
5041290
-8
13
-2
-1833
117
3877
5042315
4
8
-1
-1836
114
3884
5043340
-1
-1
5
-1833
118
3888
5044365
3
-6
6
-1834
125
3896
5045390
-2
-10
10
-1832
129
3893
5046415
-3
-15
11
-1811
119
3903
5039231
7
-13
9
-1809
135
3897
5040256
9
-9
10
-1806
139
3926
5041281
0
-6
9
-1818
147
3928
5042306
-2
-2
1
-1820
148
3913
5043331
-2
3
-1
-1814
132
3897
5044356
-5
9
1
-1818
118
3899
5045381
-14
8
1
-1828
106
3890
5046406
-10
6
1
-1830
105
3879
5047431
-5
0
7
-1836
107
3886
5048456
-11
-8
10
-1836
107
3882
5049481
3
-14
8
-1795
124
3884
5050506
7
-13
11
-1805
141
3915
5051531
-9
-12
11
-1826
134
3925
5052556
-11
-11
6
-1815
114
3915
5053581
2
-9
-1
-1786
130
3932
5054606
-4
-1
-3
-1797
132
3938
5047424
-15
3
-3
-1817
123
3937
5048449
-16
1
1
-1812
110
3918
5049474
-3
-2
-1
-1816
108
3889
5050499
4
-4
-3
-1812
120
3897
5051524
-4
-6
-1
-1819
108
3897
5052549
5
-9
-6
-1810
120
3899
5053574
8
-7
-5
-1819
124
3915
5054599
-8
-8
-3
-1829
116
3918
5055624
-6
-9
-4
-1825
105
3920
5056649
10
-12
-4
-1838
114
3944
5057674
18
-15
-4
-1839
127
3949
5058699
4
-15
3
-1838
123
3943
5059724
10
-12
9
-1823
99
3944
5060749
28
-5
10
-1814
121
3938
5061774
25
-1
10
-1799
137
3919
5062799
5
5
9
-1825
125
3892
5055616
3
3
7
-1826
111
3873
5056641
9
-3
9
-1830
97
3872
5057666
15
-12
8
-1815
114
3870
5058691
10
-18
9
-1815
119
3883
5059716
10
-21
6
-1819
125
3880
5060741
19
-24
7
-1813
146
3896
5061766
7
-22
8
-1798
150
3906
5062791
3
-15
6
-1798
141
3905
5063816
8
-7
1
-1820
146
3897
5064841
4
0
-1
-1828
147
3898
5065866
-10
4
-1
-1822
134
3889
5066891
-15
11
2
-1830
108
3873
5067916
-7
11
5
-1834
114
3891
5068941
-8
6
9
-1829
118
3888
5069966
-9
1
15
-1827
130
3892
5070991
-8
-3
15
-1822
137
3890
5063808
-11
-8
15
-1814
134
3908
5064833
-9
-9
12
-1811
135
3912
5065858
-5
-11
13
-1803
135
3927
5066883
-7
-12
6
-1811
144
3908
5067908
-8
-12
0
-1808
136
3912
5068933
-28
-19
21
-1841
91
3871
5069958
-43
-31
-34
-1947
376
4055
5070983
-288
-71
-45
-1753
378
4013
5072008
-205
-77
163
-1204
-465
4297
5073033
203
25
322
-1944
-263
3938
5074058
187
-82
136
-2247
-70
3116
5075083
84
-228
102
-1666
313
3556
5076108
-52
-180
86
-1748
339
3744
5077133
41
-128
-5
-1763
281
3921
5078158
84
-75
-67
-1565
254
4262
5079183
110
25
-108
-1627
258
4193
5072000
209
89
-130
-1678
159
4247
5073025
237
92
-77
-1656
73
4328
5074050
114
135
-41
-1967
403
3977
5075075
-227
136
-40
-1988
178
3834
5076100
-166
94
-55
-1795
0
3789
5077125
74
80
-50
-1874
62
3822
5078150
127
37
-32
-1822
147
3885
5079175
20
23
9
-1784
206
3923
5080200
-83
17
29
-1798
116
3885
5081225
-30
-1
16
-1758
135
3887
5082250
2
-1
5
-1794
212
3848
5083275
-17
-5
-9
-1824
217
3791
5084300
-24
-15
-17
-1813
185
3814
5085325
-31
-25
-19
-1798
170
3867
5086350
-31
-26
-24
-1798
133
3886
5087375
-23
-25
-21
-1803
129
3917
5080191
-27
-15
-16
-1808
148
3890
5081216
-20
-7
0
-1820
117
3928
5082241
-9
-5
14
-1818
112
3967
5083266
-8
1
14
-1846
136
3922
5084291
3
0
7
-1831
182
3930
5085316
-9
2
16
-1812
171
3925
5086341
-19
7
16
-1824
155
3938
5087366
-8
5
4
-1809
152
3934
5088391
8
5
2
-1793
165
3920
5089416
-7
4
8
-1787
149
3919
5090441
-10
4
12
-1793
141
3909
5091466
2
0
7
-1800
139
3885
5092491
12
-5
4
-1795
154
3882
5093516
10
-10
2
-1792
145
3892
5094541
14
-11
1
-1782
155
3904
5095566
-2
-10
2
-1787
143
3896
5088457
-16
-11
1
-1796
113
3887
5089482
-4
-10
2
-1802
121
3888
5090507
5
-10
2
-1799
141
3928
5091532
-2
-11
3
-1796
161
3941
5092557
-12
-8
2
-1804
155
3918
5093582
-8
-4
-1
-1810
157
3883
5094607
1
-3
1
-1815
151
3922
5095632
4
-3
-4
-1790
162
3919
5096657
-4
4
-4
-1801
147
3913
5097682
-17
6
-6
-1792
155
3909
5098707
-25
6
-4
-1807
132
3888
5099732
-12
0
-1
-1826
112
3913
5100757
10
-8
-1
-1827
145
3922
5101782
12
-12
2
-1831
154
3937
5102807
1
-13
4
-1812
152
3940
5103832
-3
-7
2
-1804
128
3916
5096576
11
0
3
-1792
141
3950
5097601
-2
9
5
-1818
139
3918
5098626
-4
8
0
-1808
150
3890
5099651
-3
6
1
-1809
151
3870
5100676
-14
7
4
-1825
134
3870
5101701
-15
0
5
-1819
132
3873
5102726
-14
-9
8
-1813
121
3864
5103751
-1
-18
8
-1802
141
3894
5104776
-8
-18
8
-1803
143
3894
5105801
-11
-20
8
-1798
138
3897
5106826
-3
-18
7
-1799
155
3942
5107851
-1
-9
6
-1819
163
3946
5108876
-5
-3
1
-1823
146
3942
5109901
-8
4
1
-1814
141
3938
5110926
-15
13
0
-1817
127
3910
5111951
-10
13
-1
-1809
125
3927
5104768
-9
14
3
-1827
129
3921
5105793
-7
9
10
-1821
116
3911
5106818
-5
4
12
-1813
128
3915
5107843
-3
-1
13
-1805
138
3900
5108868
-1
-5
14
-1803
147
3905
5109893
2
-9
15
-1797
141
3910
5110918
10
-9
13
-1788
152
3925
5111943
-3
-7
6
-1799
153
3914
5112968
-11
-5
1
-1807
127
3918
5113993
0
-5
0
-1799
115
3913
5115018
10
-4
5
-1800
122
3911
5116043
-3
-4
9
-1814
133
3911
5117068
-2
-8
7
-1811
121
3912
5118093
7
-5
5
-1812
144
3902
5119118
0
-5
8
-1801
141
3911
5120143
-9
1
6
-1811
135
3896
5112961
14
-1
0
-1813
158
3908
5113986
6
0
-2
-1815
157
3898
5115011
-15
-1
1
-1823
135
3894
5116036
-7
-7
0
-1813
120
3901
5117061
12
-9
1
-1817
141
3908
5118086
2
-11
5
-1827
136
3929
5119111
3
-13
4
-1809
133
3937
5120136
9
-9
5
-1818
142
3928
5121161
3
-7
8
-1821
130
3934
5122186
0
-4
9
-1793
141
3919
5123211
1
2
12
-1808
138
3927
5124236
4
6
13
-1826
142
3902
5125261
1
5
9
-1818
156
3890
5126286
-2
0
8
-1799
143
3892
5127311
-4
-4
7
-1807
140
3883
5128336
-6
-10
9
-1814
132
3892
5121152
6
-16
12
-1815
141
3919
5122177
8
-22
11
-1799
153
3908
5123202
4
-18
11
-1791
150
3927
5124227
3
-15
11
-1795
159
3947
5125252
-2
-8
8
-1810
142
3930
5126277
11
-5
5
-1807
147
3938
5127302
8
1
5
-1806
156
3924
5128327
-2
5
6
-1817
143
3901
5129352
1
6
7
-1815
133
3909
5130377
4
4
8
-1806
135
3905
5131402
3
2
11
-1817
135
3902
5132427
4
-3
13
-1807
149
3884
5133452
6
-6
16
-1796
147
3887
5134477
8
-8
16
-1782
156
3910
5135502
3
-4
13
-1799
165
3917
5136527
3
-5
8
-1797
173
3919
5129343
-5
-5
6
-1817
172
3892
5130368
-8
-8
3
-1807
144
3907
5131393
8
-9
5
-1791
143
3936
5132418
6
-9
7
-1808
135
3922
5133443
12
-11
6
-1796
148
3920
5134468
6
-6
9
-1807
156
3923
5135493
2
-6
10
-1814
144
3906
5136518
13
-6
8
-1805
170
3908
5137543
13
-4
11
-1812
176
3913
5138568
7
-4
10
-1817
164
3905
5139593
9
-3
6
-1801
146
3899
5140618
13
-2
2
-1792
158
3894
5141643
6
1
3
-1796
161
3908
5142668
-2
-2
3
-1806
158
3908
5143693
3
-5
9
-1823
153
3917
5144718
15
-12
9
-1817
154
3910
5137536
24
-14
10
-1802
170
3924
5138561
17
-11
11
-1810
168
3932
5139586
13
-6
10
-1795
149
3911
5140611
20
-1
10
-1782
167
3923
5141636
10
9
11
-1794
160
3905
5142661
6
9
8
-1801
169
3891
5143686
2
8
9
-1802
164
3891
5144711
-3
4
8
-1814
174
3879
5145736
-7
-3
8
-1815
170
3862
5146761
4
-12
4
-1801
173
3883
5147786
10
-18
8
-1791
173
3897
5148811
-4
-16
11
-1806
184
3907
5149836
-9
-19
8
-1801
179
3924
5150861
-41
-21
22
-1852
200
3895
5151886
-91
-40
-7
-1960
561
4128
5152911
-406
-35
-4
-1655
100
4127
5145728
192
-66
178
-1236
-931
3604
5146753
431
60
214
-2367
454
3957
5147778
-135
-117
67
-1869
381
3576
5148803
-92
-108
55
-1611
196
3731
5149828
102
-66
37
-1821
293
3977
5150853
110
-68
-36
-1754
392
3998
5151878
-8
-31
-64
-1655
261
3984
5152903
-35
37
-81
-1631
285
3988
5153928
-29
99
-75
-1732
238
4022
5154953
-42
115
-36
-1729
86
4196
5155978
-50
121
30
-1805
-62
4093
5157003
-21
116
-4
-2037
155
3791
5158028
-39
54
-53
-1866
240
3823
5159053
-17
24
-13
-1793
87
3821
5160078
64
9
7
-1857
191
3891
5161103
39
-16
6
-1810
176
3904
5153920
28
-25
3
-1785
186
3875
5154945
32
-27
2
-1787
183
3866
5155970
4
-21
3
-1781
201
3883
5156995
-11
-14
-2
-1776
172
3892
5158020
4
-2
-8
-1790
197
3870
5159045
-7
3
-15
-1814
178
3879
5160070
-8
3
-22
-1804
178
3888
5161095
-19
7
-20
-1826
164
3912
5162120
-24
3
-10
-1830
157
3935
5163145
-15
4
-5
-1859
124
3916
5164170
19
-5
-3
-1831
173
3954
5165195
2
-1
8
-1835
182
3956
5166220
-5
2
12
-1831
175
3947
5167245
9
5
13
-1825
188
3921
5168270
-6
11
15
-1835
174
3877
5169295
5
6
10
-1812
162
3898
5162112
20
3
11
-1800
210
3911
5163137
-12
8
11
-1819
173
3874
5164162
-12
2
10
-1811
171
3880
5165187
-2
-5
8
-1806
184
3881
5166212
5
-13
8
-1803
180
3872
5167237
9
-16
8
-1797
186
3881
5168262
-3
-12
9
-1806
193
3886
5169287
-9
-7
8
-1810
176
3895
5170312
-4
-6
4
-1815
161
3916
5171337
13
1
-2
-1804
189
3930
5172362
-4
11
1
-1819
196
3906
5173387
-29
13
3
-1831
172
3889
5174412
-22
10
1
-1828
153
3908
5175437
-7
6
3
-1823
175
3895
5176462
-3
2
9
-1809
161
3890
5177487
10
-1
7
-1808
192
3917
5170304
-6
-1
10
-1819
200
3910
5171329
-18
-5
11
-1817
181
3890
5172354
-6
-8
7
-1797
174
3910
5173379
6
-6
7
-1802
186
3916
5174404
-4
-3
4
-1818
192
3910
5175429
-13
-4
0
-1823
163
3909
5176454
-1
-4
-2
-1826
168
3911
5177479
-3
-6
-1
-1817
167
3911
5178504
-9
-6
4
-1811
151
3903
5179529
3
-4
7
-1814
163
3905
5180554
6
-3
10
-1812
180
3907
5181579
-1
0
7
-1802
187
3893
5182604
-5
7
6
-1809
192
3896
5183629
-9
9
1
-1814
204
3875
5184654
-17
6
-5
-1828
171
3862
5185679
-5
-3
-12
-1806
177
3872
5178496
-4
-7
-9
-1809
183
3897
5179521
-22
-10
1
-1835
147
3913
5180546
-6
-17
-3
-1836
141
3935
5181571
9
-21
-1
-1837
172
3936
5182596
-2
-18
5
-1834
180
3937
5183621
-1
-11
9
-1817
144
3945
5184646
10
0
10
-1810
160
3947
5185671
5
12
11
-1817
177
3924
5186696
-3
18
11
-1824
173
3914
5187721
-9
16
11
-1841
165
3888
5188746
-4
7
10
-1828
164
3868
5189771
3
-2
9
-1818
162
3863
5190796
8
-12
10
-1816
179
3870
5191821
7
-18
13
-1824
168
3902
5192846
13
-23
10
-1805
182
3918
5193871
5
-20
9
-1813
190
3898
5186689
-3
-16
5
-1812
177
3904
5187714
8
-10
4
-1816
178
3928
5188739
11
-5
4
-1828
180
3933
5189764
5
-1
3
-1831
183
3912
5190789
-1
4
4
-1812
179
3886
5191814
-3
8
10
-1814
163
3893
5192839
-7
9
16
-1834
150
3897
5193864
9
3
8
-1830
166
3881
5194889
13
-3
12
-1817
195
3895
5195914
-13
-5
12
-1821
199
3889
5196939
-7
-9
13
-1811
176
3882
5197964
5
-10
13
-1816
190
3909
5198989
2
-10
9
-1813
184
3902
5200014
1
-7
7
-1812
176
3917
5201039
-1
-6
6
-1805
169
3929
5202064
1
-4
5
-1805
171
3913
5194879
2
-2
4
-1792
173
3913
5195904
0
4
6
-1808
181
3914
5196929
-5
3
6
-1823
195
3900
5197954
1
0
5
-1814
187
3891
5198979
8
-5
2
-1809
193
3877
5200004
9
-6
0
-1808
184
3885
5201029
-1
-4
-2
-1815
169
3878
5202054
-4
-8
-2
-1809
173
3892
5203079
-7
-11
0
-1795
171
3884
5204104
1
-12
0
-1806
184
3886
5205129
1
-11
1
-1838
180
3911
5206154
1
-14
-2
-1840
187
3925
5207179
1
-14
-2
-1819
178
3918
5208204
1
-7
-1
-1795
180
3921
5209229
1
2
1
-1802
171
3904
5210254
2
10
4
-1824
173
3893
5203072
-6
11
4
-1822
172
3901
5204097
-4
10
2
-1815
185
3900
5205122
-11
6
4
-1826
195
3880
5206147
-20
-4
5
-1843
175
3871
5207172
6
-15
2
-1838
182
3885
5208197
19
-21
1
-1805
204
3906
5209222
-10
-18
7
-1801
204
3922
5210247
-25
-17
8
-1801
177
3918
5211272
-33
-21
20
-1850
95
3867
5212297
21
-36
-15
-1881
278
3957
5213322
-117
-70
-17
-1931
520
4062
5214347
-342
-76
12
-1565
14
4034
5215372
149
-85
309
-1380
-250
4156
5216397
-18
43
193
-2302
77
3636
5217422
-117
-127
112
-1872
-166
3237
5218447
94
-174
82
-1690
334
3732
5211264
81
-136
34
-1772
541
3981
5212289
10
-94
-43
-1724
298
3991
5213314
16
-36
-105
-1551
292
4222
5214339
8
73
-139
-1597
328
4177
5215364
56
146
-150
-1756
152
4010
5216389
143
135
-103
-1695
82
4143
5217414
103
138
-32
-1810
71
4012
5218439
-51
146
-3
-2025
109
3889
5219464
-134
95
-20
-1914
92
3828
5220489
-28
58
-27
-1834
100
3790
5221514
105
35
3
-1861
123
3805
5222539
127
3
22
-1818
218
3876
5223564
45
-8
28
-1778
260
3897
5224589
-4
-1
17
-1763
266
3933
5225614
-24
15
1
-1766
249
3936
5226639
-44
27
-13
-1809
231
3865
5219455
-62
24
-18
-1826
166
3791
5220480
-40
6
-26
-1834
142
3778
5221505
-5
-12
-22
-1827
148
3862
5222530
-1
-22
-13
-1824
147
3952
5223555
-21
-19
-14
-1862
158
3908
5224580
-23
-22
-13
-1854
140
3885
5225605
4
-20
0
-1833
140
3933
5226630
12
-13
16
-1835
157
3967
5227655
5
-3
20
-1838
196
3963
5228680
-1
7
11
-1828
209
3928
5229705
-11
15
9
-1832
203
3914
5230730
-24
18
6
-1829
197
3897
5231755
-21
14
4
-1833
161
3880
5232780
-5
6
4
-1833
164
3877
5233805
1
-3
7
-1826
168
3870
5234830
7
-8
8
-1820
162
3890
5227647
13
-13
10
-1800
173
3916
5228672
9
-12
13
-1818
173
3915
5229697
5
-12
8
-1807
191
3886
5230722
1
-8
5
-1817
179
3887
5231747
1
-2
0
-1815
186
3909
5232772
-6
6
0
-1834
157
3898
5233797
-8
6
-2
-1823
160
3891
5234822
-6
7
-2
-1837
152
3877
5235847
-4
5
6
-1844
159
3883
5236872
-9
0
11
-1835
152
3893
5237897
5
-5
17
-1832
159
3914
5238922
14
-10
16
-1822
191
3894
5239947
-3
-9
15
-1833
197
3903
5240972
-7
-8
10
-1814
193
3900
5241997
0
-4
8
-1828
174
3905
5243022
4
-2
3
-1811
173
3922
5235840
2
3
2
-1814
173
3918
5236865
-8
4
3
-1807
179
3904
5237890
-16
4
4
-1823
165
3877
5238915
-4
0
3
-1830
177
3877
5239940
-2
-5
4
-1829
181
3866
5240965
8
-9
3
-1819
181
3865
5241990
1
-8
-1
-1818
194
3878
5243015
-21
-7
-4
-1843
164
3880
5244040
-4
-14
-11
-1830
162
3887
5245065
1
-14
-5
-1832
171
3908
5246090
-14
-12
1
-1829
157
3923
5247115
3
-8
2
-1836
155
3944
5248140
5
-3
5
-1858
175
3938
5249165
-2
-4
6
-1844
173
3932
5250190
2
0
10
-1827
171
3925
5251215
9
6
16
-1821
158
3922
5244032
13
8
15
-1831
184
3909
5245057
9
8
12
-1826
185
3875
5246082
-1
6
10
-1822
175
3861
5247107
-7
2
9
-1828
160
3865
5248132
-7
-5
9
-1831
153
3869
5249157
9
-15
7
-1824
174
3865
5250182
13
-25
7
-1811
194
3883
5251207
0
-25
4
-1816
184
3888
5252232
2
-19
5
-1823
181
3908
5253257
0
-16
5
-1831
177
3921
5254282
9
-12
-1
-1822
181
3921
5255307
7
-4
1
-1829
183
3915
5256332
-9
3
4
-1846
165
3914
5257357
-5
6
6
-1850
154
3900
5258382
-1
5
9
-1840
167
3894
5259407
-1
2
10
-1820
179
3875
5252224
-2
3
15
-1829
175
3879
5253249
4
2
18
-1835
178
3912
5254274
5
-3
14
-1823
193
3906
5255299
7
-5
9
-1809
212
3899
5256324
-9
-1
11
-1822
196
3889
5257349
-7
-3
8
-1828
170
3882
5258374
5
-4
8
-1817
171
3893
5259399
4
-4
6
-1810
186
3884
5260424
-4
-5
9
-1821
177
3898
5261449
-11
-8
11
-1843
168
3881
5262474
6
-14
10
-1835
167
3874
5263499
10
-17
15
-1816
176
3889
5264524
4
-17
13
-1811
179
3880
5265549
-7
-13
14
-1844
173
3873
5266574
-8
-16
15
-1844
175
3898
5267599
-9
-19
16
-1831
168
3908
5260416
0
-21
18
-1838
188
3918
5261441
8
-22
22
-1844
183
3939
5262466
22
-20
25
-1831
191
3947
5263491
16
-12
29
-1807
185
3953
5264516
8
-2
28
-1782
185
3949
5265541
7
9
27
-1786
190
3928
5266566
15
17
24
-1795
205
3896
5267591
16
19
20
-1791
217
3892
5268616
13
19
12
-1787
224
3887
5269641
-1
19
8
-1821
219
3871
5270666
-8
8
5
-1833
201
3876
5271691
5
-4
3
-1824
190
3855
5272716
22
-12
6
-1814
200
3870
5273741
18
-17
10
-1802
188
3911
5274766
12
-16
8
-1807
198
3905
5275791
11
-14
4
-1819
205
3903
5268608
6
-13
1
-1817
215
3903
5269633
-3
-9
-1
-1814
204
3879
5270658
2
-2
-2
-1809
210
3896
5271683
-6
4
0
-1823
196
3919
5272708
-1
3
-4
-1824
194
3911
5273733
10
3
-3
-1820
220
3907
5274758
-5
4
0
-1834
215
3900
5275783
-5
1
-2
-1849
209
3895
5276808
4
-4
0
-1846
186
3893
5277833
22
-9
-1
-1822
193
3910
5278858
17
-10
-1
-1816
208
3913
5279883
-11
-5
4
-1828
183
3896
5280908
3
-3
7
-1822
188
3895
5281933
8
-2
10
-1822
208
3889
5282958
6
-4
12
-1833
225
3892
5283983
6
-9
10
-1835
223
3908
5276800
16
-15
9
-1829
224
3903
5277825
15
-13
11
-1823
229
3895
5278850
-10
-3
12
-1819
213
3896
5279875
-8
5
10
-1833
189
3897
5280900
15
6
10
-1848
197
3910
5281925
14
-2
11
-1822
211
3907
5282950
12
-2
10
-1795
224
3893
5283975
11
6
16
-1789
220
3911
5285000
1
9
13
-1807
218
3926
5286025
13
6
6
-1805
219
3909
5287050
9
3
7
-1809
230
3895
5288075
13
-1
6
-1818
204
3885
5289100
23
-4
5
-1829
237
3870
5290125
8
-5
7
-1832
216
3889
5291150
11
-9
4
-1821
227
3876
5292175
17
-10
5
-1833
246
3863
5284991
-7
-11
8
-1832
232
3852
5286016
-7
-13
4
-1820
227
3874
5287041
7
-14
1
-1810
255
3888
5288066
-10
-9
5
-1839
258
3888
5289091
-20
-17
4
-1846
225
3892
5290116
-18
-28
15
-1858
213
3872
5291141
-100
-47
10
-1992
596
3984
5292166
-394
-56
9
-1812
207
4225
5293191
-133
-35
100
-1329
-718
3742
5294216
463
15
275
-2011
346
3979
5295241
-129
-57
81
-2104
434
3660
5296266
-146
-131
29
-1587
190
3615
5297291
68
-71
23
-1819
290
3827
5298316
61
-49
-51
-1796
359
3883
5299341
36
-3
-91
-1676
328
3909
5300366
54
51
-85
-1681
269
4102
5293184
102
79
-63
-1719
175
4270
5294209
129
83
-10
-1791
111
4155
5295234
-3
94
16
-1976
335
3855
5296259
-233
67
11
-1918
196
3784
5297284
-124
38
12
-1794
23
3836
5298309
135
27
9
-1837
136
3880
5299334
148
4
11
-1843
293
3899
5300359
29
-9
25
-1808
286
3882
5301384
-12
-14
30
-1807
236
3872
5302409
12
-19
16
-1793
230
3858
5303434
31
-15
3
-1805
248
3839
5304459
33
-13
-6
-1789
268
3851
5305484
8
-6
-9
-1778
248
3880
5306509
-3
-1
-12
-1792
224
3883
5307534
-11
2
-18
-1814
217
3882
5308559
-23
4
-12
-1837
205
3868
5301657
-4
-2
-5
-1817
205
3891
5302682
6
-4
-4
-1808
214
3889
5303707
4
1
-4
-1789
235
3883
5304732
-15
7
2
-1818
230
3881
5305757
-22
8
1
-1821
238
3894
5306782
-13
5
-1
-1812
248
3920
5307807
-5
2
-10
-1819
276
3895
5308832
-19
-4
-10
-1843
261
3884
5309857
-17
-11
-9
-1845
241
3914
5310882
-8
-17
-3
-1843
215
3927
5311907
6
-19
0
-1822
216
3917
5312932
16
-13
-1
-1816
235
3927
5313957
-1
-4
0
-1821
217
3925
5314982
-9
3
-2
-1808
220
3892
5316007
-2
10
1
-1808
216
3888
5317032
-2
15
3
-1816
226
3882
5309568
-8
16
0
-1823
233
3871
5310593
-18
15
0
-1824
214
3862
5311618
-18
12
-2
-1843
216
3855
5312643
-14
6
-1
-1849
226
3870
5313668
-19
2
3
-1837
203
3864
5314693
1
-1
11
-1825
197
3902
5315718
-4
1
12
-1816
216
3934
5316743
-23
5
7
-1826
210
3900
5317768
-14
4
-2
-1823
207
3906
5318793
-7
-2
-5
-1815
207
3915
5319818
4
-4
-7
-1819
231
3924
5320843
0
-9
-7
-1816
221
3936
5321868
8
-9
-10
-1812
234
3923
5322893
14
-8
-8
-1818
240
3934
5323918
2
-6
-12
-1825
252
3895
5324943
1
-2
-13
-1844
257
3863
5317760
-8
-6
-11
-1878
220
3867
5318785
17
-17
-17
-1855
216
3858
5319810
17
-19
-14
-1874
217
3857
5320835
-7
-20
-9
-1875
191
3863
5321860
1
-17
-2
-1868
170
3869
5322885
-6
-17
12
-1859
168
3896
5323910
-17
-12
27
-1855
174
3897
5324935
-29
-3
40
-1851
152
3883
5325960
-4
-1
43
-1841
182
3900
5326985
4
-2
44
-1806
217
3906
5328010
-14
4
41
-1778
219
3927
5329035
-13
8
34
-1780
240
3929
5330060
-13
7
20
-1792
237
3904
5331085
-12
3
8
-1791
246
3915
5332110
-7
-8
4
-1780
200
3910
5333135
18
-13
-12
-1751
246
3915
5325952
18
-11
-15
-1771
261
3911
5326977
-2
-12
-12
-1823
243
3898
5328002
6
-22
-16
-1831
225
3897
5329027
26
-30
-18
-1806
217
3907
5330052
38
-24
-21
-1784
226
3914
5331077
17
-7
-16
-1813
233
3927
5332102
-6
7
-10
-1845
221
3907
5333127
-4
13
-9
-1846
205
3890
5334152
7
13
-3
-1829
210
3907
5335177
15
15
1
-1832
231
3888
5336202
14
17
9
-1836
244
3893
5337227
-1
20
13
-1797
237
3892
5338252
2
30
16
-1804
256
3866
5339277
-19
39
19
-1841
256
3844
5340302
-19
37
13
-1855
241
3866
5341327
-5
32
12
-1854
224
3856
5334143
-10
29
11
-1846
210
3863
5335168
-15
29
11
-1823
200
3866
5336193
-15
31
16
-1834
206
3871
5337218
-23
33
21
-1849
198
3881
5338243
-20
37
20
-1863
208
3889
5339268
-11
36
13
-1848
237
3888
5340293
-10
35
11
-1837
244
3915
5341318
-21
32
2
-1832
224
3874
5342343
-26
33
-7
-1846
211
3884
5343368
-13
24
-17
-1837
218
3886
5344393
-3
12
-22
-1866
231
3877
5345418
-7
-3
-21
-1886
223
3887
5346443
6
-16
-22
-1892
192
3893
5347468
13
-22
-19
-1893
205
3892
5348493
15
-21
-10
-1900
200
3875
5349518
7
-16
0
-1898
197
3885
5342337
-2
-10
4
-1897
204
3900
5343362
-14
-9
10
-1907
167
3869
5344387
-7
-5
6
-1858
195
3857
5345412
-16
3
18
-1868
175
3812
5346437
-11
7
18
-1865
198
3813
5347462
-3
4
21
-1858
216
3880
5348487
-20
-3
26
-1875
205
3898
5349512
-34
-8
29
-1875
182
3890
5350537
-7
-14
24
-1866
207
3880
5351562
21
-19
19
-1848
260
3893
5352587
7
-17
16
-1831
238
3912
5353612
3
-7
2
-1830
216
3907
5354637
0
6
-3
-1846
229
3908
5355662
-16
11
-8
-1859
206
3866
5356687
-2
10
-15
-1861
209
3860
5357712
5
6
-16
-1860
197
3859
5350528
1
4
-16
-1882
206
3841
5351553
-19
1
-17
-1889
171
3835
5352578
-9
-10
-14
-1871
183
3822
5353603
-2
-12
1
-1865
178
3823
5354628
-10
-15
15
-1867
185
3870
5355653
-17
-14
13
-1871
186
3860
5356678
4
-13
1
-1866
208
3854
5357703
-16
-15
-3
-1845
210
3896
5358728
-21
-14
-12
-1845
183
3904
5359753
4
-16
-19
-1851
214
3915
5360778
-5
-17
-20
-1866
207
3923
5361803
-1
-19
-22
-1871
209
3901
5362828
9
-21
-14
-1859
198
3904
5363853
1
-19
-6
-1852
195
3905
5364878
5
-15
-5
-1864
191
3875
5365903
6
-13
-9
-1875
206
3854
5358721
-16
-10
-17
-1873
189
3849
5359746
-9
-13
-25
-1862
202
3834
5360771
-20
-15
-20
-1882
187
3867
5361796
-16
-21
-25
-1892
153
3904
5362821
14
-28
-29
-1876
148
3919
5363846
6
-30
-21
-1848
177
3939
5364871
-1
-20
-10
-1828
163
3935
5365896
5
-9
4
-1830
176
3932
5366921
-8
-4
8
-1824
178
3874
5367946
13
2
3
-1828
200
3879
5368971
14
4
-1
-1838
244
3876
5369996
-15
4
-3
-1848
198
3865
5371021
10
-3
-9
-1846
187
3893
5372046
17
-6
-16
-1855
254
3909
5373071
-12
-7
-15
-1841
226
3890
5374096
-6
-6
-11
-1836
208
3883
5366912
4
-8
-7
-1842
189
3872
5367937
24
-8
-14
-1861
228
3858
5368962
9
-8
-15
-1896
224
3883
5369987
20
-13
-15
-1876
204
3890
5371012
15
-7
-13
-1870
179
3880
5372037
2
-8
-15
-1835
168
3861
5373062
-16
0
-9
-1836
136
3834
5374087
-14
4
-6
-1871
121
3853
5375112
19
-9
-17
-1836
162
3893
5376137
16
-17
-16
-1800
223
3903
5377162
-39
-15
-13
-1828
186
3830
5378187
-15
-19
-17
-1816
151
3844
5379212
37
-27
-19
-1798
205
3929
5380237
11
-23
-17
-1810
242
3971
5381262
-23
-14
-30
-1801
206
3869
5382287
11
-2
-36
-1807
190
3812
5375105
19
0
-11
-1811
204
3919
5376130
-17
-2
3
-1849
143
3943
5377155
-31
-16
4
-1884
123
3881
5378180
-46
-31
5
-1935
345
3857
5379205
-217
-44
-4
-1944
308
4024
5380230
-427
-34
-23
-1728
92
4048
5381255
21
-64
275
-1202
-654
4352
5382280
240
57
217
-2298
344
3800
5383305
34
-116
64
-2113
331
3103
5384330
-75
-202
58
-1736
265
3370
5385355
-23
-184
33
-1782
260
3875
5386380
49
-153
-46
-1693
274
4023
5387405
-11
-78
-115
-1578
363
4283
5388430
-96
8
-110
-1710
74
4216
5389455
193
6
-51
-1743
-432
4324
5390480
485
-12
-3
-1931
384
3842
5383296
-7
26
12
-2045
658
3824
5384321
-326
16
57
-1680
-129
3924
5385346
-15
73
25
-1883
47
3912
5386371
80
50
-2
-1883
142
3868
5387396
-10
35
10
-1772
277
3852
5388421
-132
59
40
-1802
276
3928
5389446
-179
50
46
-1813
116
3950
5390471
-84
28
22
-1787
112
3942
5391496
-8
15
17
-1815
121
3879
5392521
57
-2
12
-1784
158
3897
5393546
60
-11
13
-1758
179
3929
5394571
13
-17
24
-1765
136
3905
5395596
-10
-23
26
-1752
147
3906
5396621
22
-22
20
-1732
169
3932
5397646
29
-10
29
-1751
161
3950
5398671
21
-1
14
-1779
207
3904
5391488
8
2
5
-1782
226
3911
5392513
-9
2
4
-1785
203
3916
5393538
-5
0
0
-1802
189
3932
5394563
10
-7
-6
-1797
200
3925
5395588
22
-8
-9
-1797
208
3890
5396613
28
-5
-6
-1789
202
3915
5397638
16
-6
-2
-1799
197
3917
5398663
15
-6
-6
-1798
210
3886
5399688
-1
-1
-5
-1811
178
3875
5400713
4
-2
-6
-1793
171
3899
5401738
14
-2
-4
-1795
203
3908
5402763
-5
-2
-4
-1806
202
3879
5403788
-3
-5
-6
-1798
176
3873
5404813
8
-7
-2
-1786
191
3908
5405838
-7
-4
-4
-1787
198
3887
5406863
-9
-5
-12
-1790
196
3897
5399680
-13
-7
-20
-1805
184
3868
5400705
3
-9
-25
-1800
192
3869
5401730
-5
-9
-20
-1784
168
3910
5402755
-19
-10
-16
-1790
147
3914
5403780
-17
-12
-12
-1820
140
3907
5404805
3
-17
-14
-1830
171
3934
5405830
10
-20
-8
-1829
167
3954
5406855
-3
-16
-6
-1822
162
3941
5407880
1
-5
-2
-1831
160
3939
5408905
14
-4
1
-1821
163
3935
5409930
7
4
8
-1817
181
3914
5410955
-13
7
11
-1822
189
3888
5411980
-32
6
9
-1817
214
3826
5413005
-66
3
12
-1844
207
3761
5414030
-55
-15
5
-1904
144
3756
5415055
-1
-44
-6
-1924
164
3835
5407873
-5
-75
-9
-1848
102
3944
5408898
-6
-79
-8
-1709
58
3983
5409923
-22
-57
10
-1682
61
4047
5410948
-23
-44
26
-1687
75
4069
5411973
4
-38
21
-1683
141
4054
5412998
25
-33
18
-1685
212
4055
5414023
37
-27
14
-1723
250
4004
5415048
49
-29
0
-1736
270
3966
5416073
26
-27
-8
-1752
243
3927
5417098
20
-27
-21
-1783
217
3895
5418123
20
-30
-33
-1806
180
3849
5419148
15
-33
-32
-1799
161
3826
5420173
-9
-31
-18
-1817
153
3822
5421198
-19
-26
-5
-1841
128
3821
5422223
-21
-33
9
-1848
91
3863
5423248
0
-50
20
-1834
116
3900
5416064
5
-61
27
-1802
157
3925
5417089
7
-60
29
-1739
151
3942
5418114
-6
-44
33
-1709
160
3998
5419139
-20
-25
29
-1690
149
4014
5420164
-25
-4
25
-1684
135
3993
5421189
-19
14
18
-1672
153
3971
5422214
-8
41
16
-1680
130
3933
5423239
-2
43
15
-1656
176
3967
5424264
-33
41
14
-1685
192
3915
5425289
-23
32
13
-1768
197
3870
5426314
-6
7
10
-1810
219
3874
5427339
1
-25
2
-1805
186
3878
5428364
28
-45
-3
-1780
194
3941
5429389
26
-48
3
-1769
173
3990
5430414
17
-39
8
-1752
163
4021
5431439
11
-23
15
-1734
166
4022
5424255
12
-2
20
-1717
182
3982
5425280
5
21
20
-1718
214
3938
5426305
-3
33
19
-1755
232
3916
5427330
-7
30
8
-1779
205
3879
5428355
-3
21
-9
-1746
177
3858
5429380
15
16
-23
-1725
197
3865
5430405
-20
17
-14
-1740
141
3883
5431430
-21
12
-11
-1716
113
3911
5432455
1
12
-8
-1721
144
3931
5433480
-28
13
0
-1743
152
3943
5434505
-44
9
7
-1757
119
3934
5435530
7
3
7
-1737
175
3973
5436555
1
6
10
-1738
202
3974
5437580
-4
11
3
-1751
214
3971
5438605
-8
16
-3
-1762
220
3960
5439630
-21
19
-4
-1773
176
3929
5432448
-18
21
-8
-1762
146
3925
5433473
-8
19
-12
-1767
144
3918
5434498
-1
12
-12
-1764
160
3901
5435523
-8
7
-7
-1771
149
3906
5436548
-6
0
-3
-1776
164
3909
5437573
-2
-6
-2
-1786
140
3925
5438598
3
-10
-9
-1769
156
3907
5439623
-4
-5
-5
-1775
147
3933
5440648
-9
-2
-1
-1774
142
3946
5441673
-7
4
-2
-1796
142
3925
5442698
-5
1
-7
-1784
154
3904
5443723
-22
3
-3
-1791
136
3889
5444748
-14
1
3
-1783
111
3918
5445773
14
2
5
-1769
153
3938
5446798
5
7
5
-1777
188
3925
5447823
-29
9
3
-1791
143
3901
5440641
-12
7
-11
-1785
137
3881
5441666
10
5
-12
-1779
185
3910
5442691
-18
-2
-13
-1781
167
3919
5443716
-22
-12
-7
-1795
125
3932
5444741
-14
-22
-7
-1831
128
3926
5445766
-31
-42
1
-1898
351
3912
5446791
-262
-56
-16
-1863
315
4269
5447816
-382
-19
-10
-1431
-248
4271
5448841
390
-56
303
-1430
-364
3944
5449866
180
-14
154
-2467
413
3320
5450891
-152
-269
116
-1639
179
3401
5451916
-98
-225
107
-1588
122
3767
5452941
52
-181
30
-1743
287
3960
5453966
2
-156
-49
-1560
316
4097
5454991
-109
-54
-85
-1540
267
4288
5456016
-135
42
-95
-1599
60
4177
5448831
85
100
-96
-1660
-106
4041
5449856
327
92
-41
-1628
-121
4215
5450881
329
110
14
-1930
314
4051
5451906
-36
117
-18
-1955
490
3996
5452931
-168
99
-29
-1648
63
3874
5453956
42
112
-10
-1774
21
3843
5454981
85
71
1
-1790
190
3918
5456006
0
42
12
-1721
154
3930
5457031
-9
30
26
-1728
164
3923
5458056
-23
18
27
-1739
192
3904
5459081
-22
15
11
-1707
223
3904
5460106
-34
13
14
-1747
166
3809
5461131
-13
-4
13
-1765
163
3829
5462156
16
-17
9
-1742
154
3914
5463181
16
-18
5
-1773
157
3924
5464206
-16
-22
0
-1749
149
3928
5457024
-38
-13
-1
-1756
143
3918
5458049
-20
-8
-3
-1752
156
3960
5459074
-5
-2
7
-1759
112
3988
5460099
-1
5
8
-1750
138
3996
5461124
-7
11
4
-1727
171
3996
5462149
-8
22
4
-1739
190
3966
5463174
-17
25
0
-1785
184
3926
5464199
-12
18
-6
-1771
162
3913
5465224
9
13
-9
-1759
151
3914
5466249
22
5
-10
-1760
178
3922
5467274
-1
-3
-14
-1763
184
3907
5468299
-12
-8
-10
-1782
157
3887
5469324
-10
-13
-2
-1797
130
3907
5470349
16
-17
-5
-1763
130
3957
5471374
16
-11
-8
-1785
144
3938
5472399
-1
-7
-14
-1782
133
3914
5465216
-10
1
-18
-1784
131
3911
5466241
-3
6
-25
-1772
177
3956
5467266
-17
15
-28
-1749
208
3966
5468291
-33
27
-27
-1778
144
3938
5469316
-18
21
-25
-1795
139
3902
5470341
-19
11
-16
-1805
123
3895
5471366
-15
-4
-10
-1794
103
3885
5472391
5
-14
-5
-1804
119
3885
5473416
11
-30
-1
-1797
149
3895
5474441
4
-38
5
-1758
150
3930
5475466
0
-28
11
-1765
136
3949
5476491
10
-19
8
-1772
158
3975
5477516
8
-12
7
-1762
162
3981
5478541
-8
3
7
-1776
156
3954
5479566
-11
13
2
-1770
140
3930
5480591
-5
20
0
-1771
126
3917
5473408
2
20
4
-1765
138
3937
5474433
-2
21
9
-1771
137
3924
5475458
1
11
6
-1776
150
3895
5476483
-1
1
11
-1769
144
3910
5477508
-10
-4
15
-1763
122
3931
5478533
5
-9
11
-1752
147
3923
5479558
3
-11
10
-1763
141
3924
5480583
10
-17
5
-1758
154
3947
5481608
11
-17
4
-1753
144
3949
5482633
0
-13
3
-1763
145
3938
5483658
4
-10
3
-1740
126
3952
5484683
10
-2
3
-1746
158
3956
5485708
6
6
-1
-1760
160
3924
5486733
1
11
-2
-1784
162
3890
5487758
4
6
-6
-1775
159
3894
5488783
0
5
-13
-1759
155
3884
5481600
-18
4
-15
-1774
154
3868
5482625
-26
-5
-13
-1791
104
3877
5483650
0
-13
-12
-1777
138
3883
5484675
-12
-13
-4
-1804
119
3896
5485700
-7
-21
-7
-1785
146
3930
5486725
-10
-16
-7
-1802
150
3923
5487750
-7
-14
1
-1778
141
3937
5488775
-19
-3
5
-1756
123
3950
5489800
-22
12
3
-1758
138
3924
5490825
-27
22
-1
-1762
147
3910
5491850
-35
24
2
-1772
144
3912
5492875
-39
16
5
-1803
139
3908
5493900
-31
-3
2
-1796
122
3903
5494925
-11
-18
-2
-1772
127
3911
5495950
6
-21
0
-1775
159
3961
5496975
-17
-23
2
-1799
141
3968
5489793
-20
-25
1
-1784
94
3950
5490818
2
-19
2
-1768
97
3951
5491843
1
-9
10
-1756
100
3982
5492868
-8
6
12
-1762
112
3967
5493893
-9
17
13
-1797
115
3936
5494918
-9
16
9
-1791
127
3906
5495943
-6
14
5
-1765
113
3902
5496968
1
11
5
-1746
120
3933
5497993
-16
12
6
-1768
123
3912
5499018
-10
5
0
-1774
116
3902
5500043
9
-2
-5
-1760
138
3890
5501068
-9
-7
-2
-1749
130
3907
5502093
-8
-6
-8
-1758
134
3931
5503118
-1
-9
-5
-1790
128
3937
5504143
-4
-16
-6
-1782
110
3925
5505168
-10
-14
-9
-1764
115
3894
5497984
-7
-4
-6
-1769
93
3913
5499009
8
2
2
-1770
112
4005
5500034
4
9
4
-1802
142
3999
5501059
-12
12
-1
-1806
142
3926
5502084
-19
12
-3
-1797
127
3900
5503109
-7
8
0
-1795
111
3892
5504134
10
3
-1
-1790
125
3915
5505159
1
-2
-8
-1794
133
3904
5506184
0
-8
-12
-1787
115
3902
5507209
-5
-5
-5
-1800
99
3907
5508234
-11
-7
2
-1787
75
3942
5509259
2
-8
2
-1781
102
3940
5510284
3
-6
3
-1798
120
3925
5511309
-14
-8
8
-1795
132
3911
5512334
-26
-8
10
-1802
94
3891
5513359
1
-14
8
-1791
90
3931
5506176
20
-17
4
-1796
95
3934
5507201
14
-18
6
-1786
113
3952
5508226
-5
-14
9
-1777
101
3946
5509251
-42
-11
21
-1801
134
3953
5510276
-178
-27
43
-1880
463
4043
5511301
-527
-7
39
-1786
107
4106
5512326
-399
69
56
-1483
-473
3868
5513351
580
-12
341
-1487
-508
4083
5514376
227
2
151
-2342
394
3757
5515401
-103
-189
114
-1682
322
3526
5516426
-69
-160
97
-1724
35
3635
5517451
138
-159
18
-1750
289
3928
5518476
106
-131
-59
-1660
317
3992
5519501
56
-63
-132
-1618
231
3921
5520526
66
11
-154
-1634
225
4131
5521551
81
52
-103
-1679
46
4203
5514600
158
66
-38
-1676
-144
4176
5515625
182
98
-6
-1872
143
3833
5516650
-49
93
3
-1924
233
3899
5517675
-144
69
16
-1776
70
3960
5518700
8
80
-5
-1824
106
3920
5519725
89
55
-5
-1809
132
3909
5520750
31
36
13
-1749
248
3961
5521775
-64
26
29
-1754
106
3920
5522800
-11
15
12
-1698
172
3954
5523825
-12
16
8
-1710
211
3957
5524850
-44
7
7
-1754
148
3850
5525875
-20
-10
-4
-1747
123
3861
5526900
1
-25
-10
-1738
136
3873
5527925
-11
-30
-17
-1758
138
3828
5528950
-10
-38
-15
-1733
111
3920
5529975
-5
-34
-13
-1746
122
3978
5522560
-20
-23
-13
-1786
126
3949
5523585
-23
-16
-18
-1781
98
3909
5524610
-1
-10
-12
-1759
107
3972
5525635
-6
5
-8
-1780
152
3982
5526660
-25
14
-15
-1815
151
3980
5527685
-32
12
-26
-1801
161
3960
5528710
-16
14
-28
-1803
146
3916
5529735
-1
10
-18
-1796
109
3908
5530760
15
3
-2
-1779
96
3957
5531785
9
7
5
-1804
107
3940
5532810
-4
2
10
-1806
108
3932
5533835
0
-5
15
-1779
111
3938
5534860
12
-7
14
-1776
137
3923
5535885
4
-9
15
-1769
123
3931
5536910
14
-7
9
-1744
143
3914
5537935
11
4
8
-1770
120
3898
5530752
15
5
-5
-1761
136
3912
5531777
4
10
-9
-1780
155
3930
5532802
-27
6
-3
-1782
112
3898
5533827
-8
4
-4
-1797
92
3864
5534852
12
-1
2
-1799
104
3894
5535877
-8
-3
7
-1798
104
3918
5536902
-6
-7
3
-1782
113
3945
5537927
1
-3
7
-1779
141
3922
5538952
-21
2
14
-1798
115
3915
5539977
-7
-1
14
-1779
130
3975
5541002
-1
-1
10
-1790
147
3951
5542027
-17
-6
6
-1783
162
3913
5543052
-33
-9
12
-1749
132
3916
5544077
-45
2
29
-1748
60
3932
5545102
-14
9
32
-1763
64
3965
5546127
3
10
26
-1777
111
3953
5538943
2
11
14
-1783
165
3905
5539968
-8
8
9
-1781
160
3911
5540993
0
4
-3
-1762
134
3922
5542018
11
3
-21
-1741
135
3905
5543043
-5
6
-30
-1733
136
3909
5544068
-11
5
-36
-1764
113
3897
5545093
-2
-2
-36
-1802
105
3913
5546118
0
-19
-37
-1790
91
3930
5547143
6
-26
-38
-1763
85
3944
5548168
26
-19
-28
-1779
81
3958
5549193
25
-5
-24
-1782
59
3975
5550218
13
9
-27
-1737
68
3986
5551243
-10
29
-28
-1711
123
3944
5552268
-38
56
-17
-1755
110
3861
5553293
-20
68
-8
-1818
159
3818
5554318
-21
65
-7
-1872
183
3782
5547136
-37
48
-6
-1867
168
3750
5548161
-57
33
-7
-1902
142
3744
5549186
-58
13
-3
-1929
100
3787
5550211
-59
-6
3
-1956
61
3861
5551236
-57
-26
3
-1909
16
3862
5552261
-42
-30
21
-1861
11
3907
5553286
-42
-20
47
-1860
9
4013
5554311
-59
-12
56
-1856
-20
4043
5555336
-42
-6
51
-1780
6
4048
5556361
-33
15
56
-1722
48
4034
5557386
-45
35
58
-1750
70
4047
5558411
-33
33
42
-1726
89
4058
5559436
-5
27
26
-1715
124
4005
5560461
-4
17
15
-1723
131
3957
5561486
4
3
7
-1747
113
3932
5562511
29
-18
-8
-1756
114
3918
5555328
37
-36
-18
-1754
112
3919
5556353
30
-44
-20
-1775
98
3891
5557378
32
-47
-21
-1791
66
3870
5558403
43
-48
-21
-1794
68
3892
5559428
39
-45
-24
-1788
78
3904
5560453
25
-32
-23
-1798
83
3897
5561478
10
-18
-12
-1828
90
3910
5562503
1
-10
-9
-1830
76
3889
5563528
15
-2
-15
-1811
99
3871
5564553
4
10
-17
-1792
107
3889
5565578
-18
24
-10
-1821
78
3897
5566603
-24
25
-9
-1835
94
3902
5567628
-24
21
-5
-1823
58
3890
5568653
-15
14
-4
-1823
77
3901
5569678
-16
14
1
-1812
60
3926
5570703
-1
16
3
-1823
78
3962
5563520
-8
11
7
-1816
90
3950
5564545
-20
8
9
-1796
80
3916
5565570
-11
10
7
-1795
75
3913
5566595
-9
7
2
-1802
85
3917
5567620
-8
-1
-5
-1801
82
3895
5568645
-12
-12
-7
-1813
83
3894
5569670
-16
-22
-5
-1831
73
3869
5570695
-2
-36
-4
-1831
41
3899
5571720
20
-44
-3
-1815
75
3939
5572745
11
-44
2
-1797
65
3957
5573770
19
-37
5
-1775
82
3950
5574795
12
-20
12
-1789
85
3946
5575820
-1
-4
8
-1805
88
3940
5576845
-6
7
0
-1836
88
3929
5577870
-14
6
-6
-1823
68
3910
5578895
-25
7
-9
-1803
32
3874
5571712
-30
6
-9
-1822
41
3861
5572737
-3
-3
-7
-1801
4
3875
5573762
37
-10
6
-1808
66
3930
5574787
18
-14
13
-1789
69
3957
5575812
10
-10
20
-1780
78
3962
5576837
10
-1
25
-1792
98
3944
5577862
16
8
20
-1804
89
3943
5578887
20
14
11
-1811
113
3953
5579912
-2
10
-2
-1825
68
3930
5580937
13
-1
-5
-1820
92
3932
5581962
-66
-19
13
-1901
188
3940
5582987
-368
-18
50
-1882
758
4150
5584012
-779
109
37
-1373
-38
4805
5585037
193
-66
408
-1265
-1152
3773
5586062
165
74
179
-2758
565
3221
5587087
-533
-339
218
-1851
-38
2886
5579904
-366
-385
208
-1671
-725
3146
5580929
406
-395
110
-1760
-144
3932
5581954
539
-371
-38
-1543
635
4340
5582979
132
-215
-79
-1467
403
4209
5584004
-95
-40
-111
-1515
202
4367
5585029
-82
77
-116
-1596
-5
4348
5586054
69
168
-123
-1660
-31
4352
5587079
159
203
-94
-1612
-107
4389
5588104
150
257
-66
-1900
130
3943
5589129
-60
246
-88
-2017
205
3771
5590154
-129
152
-57
-1725
-50
3747
5591179
18
139
-8
-1791
-96
3789
5592204
127
84
-1
-1830
-21
3953
5593229
123
30
1
-1746
66
3964
5594254
61
-3
28
-1753
93
3906
5595279
24
-28
27
-1729
111
3863
5588095
28
-22
15
-1746
76
3845
5589120
57
-31
3
-1754
61
3930
5590145
49
-24
-19
-1712
176
4010
5591170
-22
3
-33
-1756
177
3952
5592195
-70
12
-42
-1794
68
3810
5593220
-44
0
-33
-1783
-41
3786
5594245
26
-14
-17
-1750
18
3980
5595270
21
-7
-11
-1789
89
4034
5596295
-21
-2
-8
-1807
67
3982
5597320
-29
5
-6
-1814
65
3870
5598345
-15
7
3
-1816
57
3869
5599370
21
-5
5
-1776
86
3998
5600395
24
2
-1
-1796
133
4022
5601420
9
5
-9
-1804
76
3980
5602445
8
8
-5
-1776
82
3962
5603470
-13
23
-2
-1786
46
3885
5596288
15
22
0
-1782
50
3957
5597313
24
25
5
-1803
108
3985
5598338
4
18
5
-1814
94
3946
5599363
-10
16
3
-1801
65
3831
5600388
3
9
5
-1785
44
3821
5601413
17
6
9
-1787
15
3889
5602438
34
7
4
-1795
117
3973
5603463
-13
6
-3
-1798
127
3947
5604488
-35
3
-1
-1804
64
3854
5605513
-13
-5
7
-1817
21
3835
5606538
20
-19
9
-1810
51
3911
5607563
33
-24
16
-1794
78
3997
5608588
20
-22
12
-1788
107
3982
5609613
-6
-13
12
-1796
105
3916
5610638
-16
-4
13
-1784
51
3906
5611663
14
6
7
-1769
67
3948
5604480
18
14
1
-1780
114
3958
5605505
-11
15
3
-1794
97
3919
5606530
-18
14
3
-1802
71
3892
5607555
-4
7
2
-1802
59
3869
5608580
8
1
1
-1788
62
3895
5609605
20
-1
1
-1782
117
3959
5610630
-3
2
3
-1797
136
3937
5611655
-25
3
4
-1809
82
3887
5612680
-8
-2
1
-1790
53
3879
5613705
21
-4
3
-1777
109
3909
5614730
-14
1
8
-1813
85
3897
5615755
-23
-4
6
-1815
55
3892
5616780
-3
-2
10
-1797
47
3889
5617805
-10
0
16
-1779
64
3895
5618830
-16
3
15
-1775
86
3904
5619855
-16
10
10
-1801
106
3905
5612671
-27
3
7
-1807
104
3895
5613696
-27
-1
4
-1794
71
3898
5614721
-16
-2
1
-1775
84
3915
5615746
-16
1
-3
-1786
82
3930
5616771
-15
4
-6
-1811
89
3957
5617796
-15
-1
-6
-1820
51
3932
5618821
8
-7
-6
-1797
68
3970
5619846
0
-3
-5
-1800
85
3956
5620871
-8
2
-4
-1824
62
3939
5621896
4
-2
-8
-1813
56
3932
5622921
7
0
-6
-1798
61
3922
5623946
-2
8
-7
-1795
59
3885
5624971
-6
12
-10
-1807
59
3877
5625996
-13
10
-4
-1815
38
3895
5627021
-5
0
-1
-1823
38
3900
5628046
0
-9
1
-1823
50
3902
5620865
0
-15
1
-1815
57
3902
5621890
6
-15
0
-1806
68
3935
5622915
-3
-10
6
-1798
60
3957
5623940
-3
1
7
-1803
56
3948
5624965
-4
9
5
-1808
54
3935
5625990
1
13
2
-1794
62
3928
5627015
2
19
5
-1796
76
3924
5628040
-5
20
6
-1815
74
3912
5629065
-8
17
5
-1824
78
3898
5630090
-3
8
2
-1824
70
3880
5631115
14
0
1
-1816
71
3897
5632140
21
-7
2
-1812
73
3934
5633165
16
-12
7
-1805
82
3952
5634190
-4
-8
6
-1822
90
3917
5635215
1
-8
7
-1811
57
3904
5636240
17
-4
7
-1798
85
3926
5629055
-4
7
9
-1827
81
3905
5630080
-7
6
5
-1820
57
3895
5631105
7
8
0
-1814
70
3890
5632130
-5
10
0
-1797
70
3879
5633155
-20
13
2
-1801
48
3878
5634180
-15
14
6
-1805
60
3888
5635205
-5
12
7
-1827
72
3872
5636230
2
7
4
-1834
83
3887
5637255
-7
2
3
-1827
71
3911
5638280
-8
-1
5
-1830
58
3935
5639305
-3
-3
4
-1838
58
3943
5640330
-3
-4
6
-1825
63
3953
5641355
-8
-3
9
-1833
62
3953
5642380
5
-1
7
-1829
79
3919
5643405
-2
0
8
-1822
78
3906
5644430
-4
-1
10
-1808
55
3902
5637248
20
-2
5
-1807
76
3894
5638273
6
1
8
-1803
74
3881
5639298
-10
8
11
-1804
91
3893
5640323
-57
9
27
-1880
77
3828
5641348
-78
-12
6
-1971
265
3879
5642373
-321
-26
25
-1850
266
3984
5643398
-229
14
113
-1295
-735
4180
5644423
458
44
346
-1690
-333
4339
5645448
11
32
25
-2470
511
3521
5646473
-267
-198
-58
-1778
288
3125
5647498
-89
-215
-48
-1698
128
3615
5648523
66
-187
-122
-1768
210
3999
5649548
36
-138
-230
-1628
295
4086
5650573
-57
-54
-227
-1519
148
4231
5651598
-57
25
-146
-1715
-298
4299
5652623
162
28
-41
-1761
-509
4281
5645440
162
64
-26
-2101
305
3728
5646465
-233
30
-16
-1901
231
3780
5647490
-285
22
50
-1738
-243
3882
5648515
53
52
14
-1881
-116
3932
5649540
148
39
-13
-1827
74
3968
5650565
16
41
22
-1785
46
3967
5651590
-68
40
47
-1814
29
4020
5652615
-66
24
15
-1798
47
3972
5653640
-15
10
-3
-1777
20
3916
5654665
16
14
-4
-1802
19
3878
5655690
43
3
-7
-1808
43
3866
5656715
21
-8
-2
-1791
9
3898
5657740
4
-14
0
-1775
-54
3912
5658765
18
-19
7
-1776
-15
3940
5659790
4
-16
3
-1800
3
3900
5660815
27
-15
0
-1783
26
3891
5653755
25
-8
1
-1803
75
3919
5654780
-11
-9
-2
-1804
35
3890
5655805
-23
1
-12
-1818
-16
3865
5656830
-18
-2
-21
-1823
-14
3889
5657855
7
-11
-30
-1789
7
3901
5658880
15
-10
-20
-1781
30
3930
5659905
-25
3
-6
-1789
-6
3921
5660930
-18
13
0
-1794
-22
3942
5661955
-2
17
4
-1821
20
3954
5662980
1
14
-1
-1814
39
3923
5664005
-7
15
-2
-1811
62
3898
5665030
-26
10
1
-1817
28
3903
5666055
-9
2
-6
-1815
24
3918
5667080
2
-6
-6
-1801
11
3937
5668105
-5
-9
0
-1809
13
3947
5669130
-8
-13
0
-1812
0
3912
5661824
-1
-14
2
-1811
-13
3920
5662849
13
-10
5
-1807
-4
3948
5663874
6
-4
12
-1810
-3
3956
5664899
1
-1
10
-1783
2
3945
5665924
0
13
6
-1795
22
3910
5666949
-10
22
5
-1807
4
3909
5667974
-6
21
2
-1822
18
3911
5668999
-8
12
1
-1823
-2
3903
5670024
0
8
-3
-1798
14
3914
5671049
-6
7
-9
-1820
23
3909
5672074
-24
-7
-17
-1835
0
3922
5673099
-4
-26
-26
-1803
-21
3902
5674124
28
-38
-18
-1786
-1
3906
5675149
20
-40
0
-1786
24
3946
5676174
-5
-33
7
-1818
6
3931
5677199
8
-31
9
-1818
-8
3954
5670017
19
-24
9
-1796
8
3965
5671042
17
-7
10
-1788
10
3954
5672067
8
7
4
-1791
17
3951
5673092
7
13
-5
-1777
2
3945
5674117
14
16
-8
-1787
17
3940
5675142
9
9
-1
-1815
3
3931
5676167
15
-4
4
-1822
-13
3924
5677192
39
-17
6
-1822
-2
3927
5678217
55
-24
1
-1811
46
3899
5679242
32
-22
8
-1823
36
3888
5680267
15
-21
5
-1817
20
3883
5681292
33
-10
4
-1815
5
3901
5682317
27
-3
0
-1797
26
3919
5683342
1
7
4
-1788
-8
3897
5684367
6
18
5
-1791
27
3884
5685392
4
22
11
-1797
42
3865
5678207
-6
19
11
-1815
52
3854
5679232
-11
14
7
-1809
59
3870
5680257
-11
7
3
-1793
37
3871
5681282
-15
4
-1
-1809
37
3880
5682307
-11
1
-9
-1813
26
3889
5683332
-11
-2
-9
-1821
20
3924
5684357
-21
-4
-4
-1839
12
3950
5685382
-10
-9
-5
-1827
17
3951
5686407
-8
-6
5
-1828
14
3953
5687432
-6
-2
14
-1806
2
3926
5688457
6
9
16
-1790
-2
3930
5689482
8
11
19
-1799
28
3950
5690507
-10
10
22
-1817
22
3913
5691532
-11
4
16
-1823
20
3885
5692557
-2
-1
10
-1811
33
3890
5693582
-3
2
7
-1809
30
3900
5686401
-9
-2
2
-1829
23
3905
5687426
-13
-11
2
-1819
2
3900
5688451
2
-11
7
-1812
-6
3925
5689476
7
-11
12
-1808
-2
3948
5690501
10
-8
10
-1800
29
3938
5691526
12
-2
9
-1818
52
3932
5692551
-5
1
10
-1822
41
3915
5693576
-19
5
7
-1835
1
3883
5694601
16
1
-2
-1811
18
3935
5695626
11
2
2
-1798
29
3949
5696651
-14
6
8
-1798
25
3906
5697676
-8
8
6
-1797
28
3894
5698701
-6
8
8
-1815
37
3888
5699726
-12
0
10
-1815
16
3894
5700751
-12
-7
9
-1812
12
3879
5701776
11
-12
5
-1789
45
3896
5694592
2
-8
8
-1802
57
3901
5695617
-24
-6
15
-1829
17
3902
5696642
-19
-10
11
-1803
9
3908
5697667
-11
-6
11
-1803
26
3918
5698692
-14
-5
7
-1806
49
3935
5699717
-26
-4
9
-1829
22
3922
5700742
-16
-6
6
-1828
23
3898
5701767
7
-8
0
-1803
27
3925
5702792
1
-2
-3
-1789
23
3942
5703817
-23
7
-5
-1817
-6
3916
5704842
-24
4
-6
-1818
-18
3904
5705867
-14
-3
-6
-1841
48
3884
5706892
-76
-24
3
-1894
460
3759
5707917
-445
-11
56
-1835
173
3886
5708942
-424
75
163
-1479
-808
4346
5709967
489
83
421
-1418
-1312
4309
5702784
648
165
278
-2444
401
3952
5703809
-64
-59
143
-2024
698
3399
5704834
-318
-98
79
-1753
282
3496
5705859
9
-108
4
-1821
357
3839
5706884
82
-124
-132
-1746
390
4038
5707909
-68
-89
-237
-1654
220
3935
5708934
-98
-19
-288
-1758
72
3728
5709959
20
-47
-220
-1657
-366
4131
5710984
235
-43
-79
-1579
-524
4534
5712009
219
55
-35
-2131
142
3973
5713034
-122
41
-35
-1921
107
3853
5714059
-162
41
47
-1781
-321
3834
5715084
124
52
29
-1962
-42
3912
5716109
175
20
-13
-1850
201
3943
5717134
21
37
7
-1807
239
3945
5718159
-121
50
23
-1844
156
3910
5710976
-133
42
2
-1827
-16
3792
5712001
2
20
-12
-1783
-54
3848
5713026
62
19
-10
-1782
104
3951
5714051
-6
25
5
-1816
20
3934
5715076
-17
18
0
-1815
-33
3867
5716101
-27
12
2
-1832
-36
3836
5717126
-19
-6
-1
-1818
-21
3798
5718151
3
-15
14
-1815
-9
3848
5719176
17
-15
14
-1813
53
3922
5720201
8
-11
15
-1841
12
3924
5721226
15
-21
3
-1827
66
3963
5722251
-3
-19
-2
-1811
67
3944
5723276
-9
-8
2
-1821
42
3933
5724301
4
-1
0
-1823
50
3923
5725326
1
6
1
-1833
20
3931
5726351
-2
10
-4
-1826
27
3932
5719167
4
15
-15
-1823
40
3914
5720192
-22
18
-16
-1833
24
3862
5721217
-31
13
-5
-1834
-25
3880
5722242
5
4
3
-1840
-2
3905
5723267
28
-5
5
-1848
19
3913
5724292
13
-11
9
-1831
27
3932
5725317
-1
-6
11
-1834
20
3926
5726342
8
-2
11
-1823
29
3925
5727367
6
3
9
-1824
28
3905
5728392
10
8
6
-1828
40
3910
5729417
4
9
0
-1818
34
3903
5730442
-8
13
3
-1828
22
3898
5731467
-15
10
0
-1844
6
3870
5732492
-2
2
-2
-1841
5
3894
5733517
9
-6
1
-1829
21
3917
5734542
8
-6
2
-1841
36
3914
5727361
-4
-8
3
-1831
37
3903
5728386
-3
-2
4
-1832
23
3888
5729411
4
1
6
-1841
46
3891
5730436
-7
6
7
-1845
28
3911
5731461
6
11
0
-1841
31
3939
5732486
14
19
-8
-1843
57
3936
5733511
-17
24
-10
-1867
42
3880
5734536
-30
18
-8
-1867
6
3858
5735561
-16
10
-4
-1861
-1
3857
5736586
-3
1
-2
-1857
13
3888
5737611
0
-4
3
-1854
15
3899
5738636
-3
-3
10
-1848
24
3901
5739661
-7
-2
9
-1840
46
3897
5740686
-17
2
12
-1850
17
3916
5741711
-7
-4
9
-1843
34
3935
5742736
-11
0
10
-1859
18
3925
5735553
7
-7
6
-1827
35
3955
5736578
2
-1
5
-1837
38
3892
5737603
-7
4
6
-1843
16
3911
5738628
7
1
5
-1817
41
3925
5739653
3
7
4
-1844
35
3872
5740678
-18
5
1
-1838
31
3845
5741703
-24
5
-4
-1849
-12
3851
5742728
7
-5
-6
-1861
15
3877
5743753
9
-18
-6
-1844
15
3883
5744778
-1
-22
-3
-1834
18
3903
5745803
1
-18
-2
-1859
4
3924
5746828
5
-14
-3
-1874
-1
3956
5747853
0
-6
-1
-1873
5
3959
5748878
20
-2
6
-1844
3
3959
5749903
27
11
7
-1836
38
3941
5750928
6
22
11
-1845
24
3923
5743743
3
29
9
-1854
33
3906
5744768
11
30
6
-1864
47
3881
5745793
2
24
5
-1865
42
3869
5746818
-8
15
7
-1849
14
3865
5747843
9
5
3
-1857
4
3845
5748868
27
-4
0
-1855
46
3873
5749893
-1
-10
-1
-1849
27
3883
5750918
2
-13
3
-1830
31
3871
5751943
-4
-13
4
-1861
16
3871
5752968
11
-16
-3
-1849
44
3876
5753993
10
-11
1
-1857
34
3888
5755018
-2
-5
1
-1859
26
3901
5756043
1
3
-1
-1862
42
3898
5757068
-17
8
0
-1875
15
3884
5758093
-19
5
3
-1863
9
3889
5759118
-8
7
5
-1867
13
3877
5751936
1
7
4
-1864
29
3868
5752961
-17
8
6
-1845
27
3877
5753986
-28
11
9
-1837
-2
3873
5755011
-17
14
9
-1842
33
3907
5756036
-48
18
8
-1841
-27
3919
5757061
-6
20
-3
-1848
24
3891
5758086
-9
20
-9
-1846
50
3879
5759111
-35
18
-5
-1846
28
3880
5760136
-37
14
-2
-1870
23
3886
5761161
-17
1
-4
-1873
-1
3868
5762186
10
-8
-8
-1869
33
3884
5763211
3
-10
-9
-1867
25
3885
5764236
-10
-8
-8
-1860
2
3898
5765261
-11
-5
-5
-1878
4
3904
5766286
-13
-8
-9
-1894
11
3900
5767311
-15
-10
-4
-1902
-16
3909
5760128
-10
-11
-2
-1894
-24
3900
5761153
8
-9
1
-1867
-18
3913
5762178
7
0
4
-1879
27
3929
5763203
-23
4
6
-1885
-11
3889
5764228
-11
2
4
-1860
-19
3880
5765253
3
5
6
-1857
-4
3878
5766278
4
7
5
-1861
9
3859
5767303
-8
5
7
-1879
3
3858
5768328
-19
-2
5
-1891
6
3871
5769353
-16
-12
3
-1885
-23
3857
5770378
-9
-18
-1
-1878
-19
3867
5771403
6
-20
-5
-1862
2
3914
5772428
-5
-17
1
-1883
10
3927
5773453
-65
-27
26
-1961
51
3813
5774478
-174
-66
-2
-2064
483
4006
5775503
-592
-51
16
-1781
-247
4141
5768319
67
-12
133
-1111
-1120
4258
5769344
455
93
203
-2301
592
3883
5770369
-301
-59
111
-2198
108
3300
5771394
-287
-155
128
-1681
-556
3316
5772419
204
-146
52
-1907
218
3802
5773444
78
-148
-38
-1780
283
4059
5774469
-70
-90
-104
-1674
67
4016
5775494
-27
0
-149
-1689
149
4063
5776519
-2
67
-147
-1745
-43
4132
5777544
118
79
-110
-1729
-293
4216
5778569
192
73
-26
-1877
-220
3914
5779594
13
92
-22
-2103
211
3818
5780619
-232
51
-13
-1872
-134
3832
5781644
-68
52
-18
-1857
-282
3832
5782669
121
41
-19
-1925
-90
3887
5783694
87
17
3
-1847
27
3977
5776514
1
28
19
-1830
77
3989
5777539
-51
32
19
-1872
-11
3945
5778564
-30
19
-1
-1877
-40
3877
5779589
5
9
-15
-1865
-49
3823
5780614
34
2
-25
-1858
-22
3843
5781639
16
-3
-25
-1879
-24
3866
5782664
5
-12
-22
-1864
-95
3881
5783689
21
-16
-23
-1842
-46
3910
5784714
-3
-14
-16
-1849
-58
3875
5785739
-1
-10
-9
-1867
-64
3853
5786764
12
-11
-1
-1867
-41
3881
5787789
7
-10
3
-1853
-10
3897
5788814
-14
0
-2
-1887
-34
3857
5789839
-3
-4
-10
-1886
-39
3885
5790864
-2
-3
-11
-1884
-25
3902
5791889
-5
-1
-6
-1878
-59
3904
5784704
-9
2
-3
-1863
-47
3897
5785729
-17
8
-4
-1870
-47
3899
5786754
-15
10
-2
-1880
-25
3916
5787779
-13
10
3
-1869
-20
3923
5788804
-9
9
2
-1870
-35
3899
5789829
-4
6
-4
-1857
-14
3896
5790854
-29
8
-3
-1858
-17
3847
5791879
-45
11
-8
-1850
-33
3831
5792904
-44
17
-1
-1837
-63
3918
5793929
-52
31
-7
-1874
-94
3966
5794954
-36
27
-25
-1839
-48
3928
5795979
-58
30
-17
-1873
-67
3856
5797004
-66
24
-7
-1907
-99
3827
5798029
-47
10
-8
-1907
-115
3854
5799054
11
-10
-10
-1884
-104
3910
5800079
33
-17
-10
-1890
-61
3929
5792910
3
-21
-9
-1891
-73
3917
5793935
-10
-20
-4
-1870
-86
3917
5794960
-22
-6
3
-1902
-102
3895
5795985
-17
-12
3
-1895
-121
3904
5797010
28
-16
-1
-1861
-75
3905
5798035
41
-9
6
-1875
-27
3932
5799060
7
-1
7
-1882
-36
3912
5800085
-6
7
4
-1888
-68
3880
5801110
-8
9
-1
-1891
-82
3876
5802135
-4
7
-7
-1894
-98
3873
5803160
17
1
-11
-1887
-84
3885
5804185
13
1
-4
-1898
-84
3893
5805210
1
0
-1
-1895
-105
3904
5806235
11
3
-1
-1888
-86
3921
5807260
1
8
5
-1891
-87
3910
5808285
4
9
7
-1886
-83
3891
5801088
11
10
8
-1881
-79
3874
5802113
20
14
3
-1870
-59
3857
5803138
8
18
0
-1878
-59
3881
5804163
-16
17
0
-1910
-68
3864
5805188
-10
9
0
-1912
-122
3863
5806213
7
-1
2
-1902
-102
3891
5807238
9
-9
3
-1889
-88
3871
5808263
20
-10
6
-1902
-63
3872
5809288
10
-11
13
-1891
-60
3909
5810313
4
-12
14
-1883
-75
3928
5811338
2
-12
11
-1889
-55
3889
5812363
-2
-13
10
-1894
-57
3877
5813388
-1
-15
12
-1909
-60
3873
5814413
11
-21
8
-1909
-63
3874
5815438
20
-24
6
-1893
-50
3916
5816463
14
-19
4
-1909
-35
3919
5809280
0
-14
4
-1909
-56
3909
5810305
-1
-10
3
-1879
-79
3894
5811330
14
-1
7
-1875
-87
3898
5812355
19
3
13
-1873
-87
3915
5813380
20
10
15
-1878
-58
3901
5814405
11
15
20
-1890
-61
3854
5815430
10
16
20
-1880
-45
3850
5816455
-4
17
17
-1898
-74
3848
5817480
11
8
14
-1901
-71
3863
5818505
11
-2
13
-1888
-50
3833
5819530
4
-6
7
-1868
-39
3813
5820555
-7
-4
3
-1879
-51
3826
5821580
-8
-8
-6
-1877
-73
3840
5822605
1
-16
-16
-1854
-74
3824
5823630
7
-15
-23
-1845
-59
3840
5824655
-2
-15
-23
-1866
-88
3854
5817472
3
-19
-25
-1865
-86
3876
5818497
-8
-18
-16
-1889
-51
3914
5819522
-16
-21
-13
-1890
-77
3906
5820547
2
-15
-15
-1881
-64
3909
5821572
6
-7
-15
-1860
-23
3916
5822597
-24
3
-3
-1883
-56
3922
5823622
-31
9
-4
-1892
-78
3901
5824647
-6
9
-8
-1889
-62
3895
5825672
-10
10
-9
-1905
-43
3906
5826697
-16
3
-8
-1907
-50
3914
5827722
-30
-8
-4
-1946
-88
3874
5828747
1
-29
-21
-1922
-105
3845
5829772
57
-43
-33
-1871
-34
3881
5830797
22
-45
-9
-1873
19
3877
5831822
-112
-49
21
-2003
335
3914
5832847
-487
-63
17
-1906
51
4010
5825664
-396
-6
62
-1301
-927
4027
5826689
484
36
347
-1789
-632
4268
5827714
259
-15
143
-2392
213
3600
5828739
-92
-181
92
-1911
120
3281
5829764
-111
-209
81
-1858
-14
3385
5830789
1
-206
39
-1818
5
3860
5831814
7
-165
-63
-1681
-12
4081
5832839
-3
-79
-134
-1577
125
4285
5833864
-56
0
-139
-1777
-77
3913
5834889
187
-10
-64
-1705
-553
4295
5835914
410
11
20
-1943
49
4015
5836939
-31
87
-32
-2072
396
4067
5837964
-342
57
-16
-1767
-281
3882
5838989
6
77
-60
-1903
-185
3793
5840014
149
44
-70
-1893
-24
3856
5841039
32
32
-31
-1817
-5
3943
5833855
-71
42
6
-1824
-52
4017
5834880
-88
38
-12
-1821
-90
3973
5835905
-65
27
-19
-1817
-126
3906
5836930
-26
24
-16
-1814
-71
3882
5837955
-32
26
-13
-1837
-70
3866
5838980
-38
19
-20
-1839
-138
3831
5840005
-13
5
-22
-1824
-121
3849
5841030
-20
-2
-19
-1843
-133
3868
5842055
-8
-12
-17
-1841
-117
3883
5843080
-8
-21
-13
-1854
-98
3861
5844105
-17
-29
-4
-1859
-130
3881
5845130
-2
-30
-5
-1849
-111
3913
5846155
6
-21
-11
-1841
-105
3925
5847180
4
-12
-10
-1842
-122
3952
5848205
-8
-4
-12
-1860
-65
3968
5849230
-36
6
-16
-1858
-98
3908
5842049
-23
10
-8
-1869
-147
3876
5843074
1
0
-11
-1871
-116
3916
5844099
6
-2
-10
-1867
-59
3936
5845124
-9
-1
-3
-1870
-91
3931
5846149
1
-3
-1
-1851
-110
3918
5847174
13
3
-2
-1838
-83
3921
5848199
-2
11
6
-1850
-109
3933
5849224
-3
12
5
-1868
-112
3926
5850249
12
8
-1
-1857
-88
3903
5851274
-2
6
6
-1846
-102
3870
5852299
-17
6
8
-1844
-138
3846
5853324
-3
2
0
-1834
-129
3838
5854349
8
1
2
-1840
-131
3849
5855374
-12
-5
6
-1858
-115
3855
5856399
-25
-10
6
-1839
-122
3846
5857424
-14
-10
11
-1833
-122
3880
5850241
-8
-7
12
-1838
-97
3922
5851266
-25
-2
8
-1858
-94
3931
5852291
-29
-5
-1
-1851
-91
3919
5853316
-15
2
-10
-1852
-94
3888
5854341
-25
12
-6
-1844
-139
3917
5855366
-21
19
5
-1832
-146
3995
5856391
-26
31
7
-1857
-144
3998
5857416
-14
30
-1
-1850
-112
3923
5858441
-23
31
7
-1869
-123
3891
5859466
-15
23
11
-1853
-122
3931
5860491
0
19
10
-1857
-87
3917
5861516
-8
12
2
-1868
-118
3860
5862541
-5
2
2
-1861
-151
3866
5863566
14
-4
-7
-1855
-105
3885
5864591
3
-8
-12
-1855
-123
3895
5865616
-9
-8
-8
-1856
-141
3905
5858431
-7
-5
-6
-1873
-152
3906
5859456
-10
-5
-3
-1887
-169
3909
5860481
9
-5
-7
-1872
-164
3911
5861506
18
2
2
-1857
-128
3940
5862531
-3
7
9
-1868
-128
3928
5863556
0
7
7
-1887
-111
3897
5864581
4
3
4
-1884
-117
3864
5865606
4
0
3
-1878
-113
3872
5866631
14
-4
1
-1875
-105
3903
5867656
1
-8
4
-1883
-118
3890
5868681
-5
-13
3
-1895
-136
3874
5869706
17
-19
2
-1873
-130
3890
5870731
15
-19
7
-1860
-104
3903
5871756
-6
-16
22
-1887
-112
3913
5872781
14
-23
27
-1889
-110
3911
5873806
35
-26
30
-1889
-92
3912
5866699
28
-27
23
-1887
-88
3913
5867724
33
-19
13
-1861
-106
3914
5868749
18
-4
13
-1865
-114
3903
5869774
0
6
17
-1863
-138
3902
5870799
6
14
19
-1858
-137
3889
5871824
4
18
19
-1853
-129
3865
5872849
-4
20
20
-1844
-115
3866
5873874
-10
19
22
-1856
-114
3862
5874899
-1
8
18
-1863
-114
3854
5875924
9
-1
10
-1846
-78
3854
5876949
-10
-6
10
-1836
-103
3848
5877974
-24
-8
7
-1849
-124
3858
5878999
-15
-11
4
-1853
-126
3875
5880024
8
-9
5
-1845
-135
3892
5881049
28
-5
7
-1844
-88
3965
5882074
8
2
7
-1858
-76
3947
5874816
-8
7
8
-1893
-80
3907
5875841
-12
4
12
-1883
-85
3917
5876866
-4
4
9
-1862
-106
3883
5877891
16
9
2
-1857
-117
3865
5878916
21
10
1
-1863
-104
3904
5879941
-2
8
5
-1892
-85
3920
5880966
-57
-9
1
-2003
-7
3821
5881991
-193
-32
-62
-2042
357
3603
5883016
-549
82
16
-1735
-130
3805
5884041
164
140
309
-863
-1527
4775
5885066
627
251
428
-2391
-725
3789
5886091
229
32
167
-2400
695
3423
5887116
-440
-31
126
-1687
354
3728
5888141
-295
33
55
-1958
-71
3836
5889166
-5
0
-107
-1960
297
4108
5890191
-118
8
-231
-1813
201
3959
5883008
-110
25
-270
-1888
57
3737
5884033
-43
-7
-247
-1855
-129
3822
5885058
4
-27
-152
-1731
-476
4136
5886083
83
-22
-24
-1910
-538
4044
5887108
-4
20
-4
-2126
-228
3803
5888133
-109
18
3
-2027
-416
3649
5889158
156
-15
34
-1926
-311
3855
5890183
240
2
54
-1970
-40
4030
5891208
76
20
61
-1966
-75
3963
5892233
30
26
49
-1936
-16
3862
5893258
7
22
41
-1957
-41
3758
5894283
42
14
18
-1924
-42
3749
5895308
35
5
10
-1907
-39
3825
5896333
-22
1
4
-1891
-118
3854
5897358
-21
-4
-8
-1891
-127
3843
5898383
-31
-8
-11
-1902
-130
3831
5891200
-35
-17
-13
-1899
-140
3785
5892225
-21
-24
-8
-1914
-156
3832
5893250
-3
-33
-7
-1893
-141
3918
5894275
3
-27
-8
-1901
-102
3915
5895300
-28
-20
-1
-1932
-113
3911
5896325
-41
-22
3
-1936
-143
3914
5897350
-13
-23
-6
-1934
-115
3873
5898375
20
-25
-3
-1928
-137
3880
5899400
33
-20
3
-1904
-103
3964
5900425
4
-2
2
-1898
-103
3952
5901450
-10
14
-5
-1900
-130
3892
5902475
-9
20
-4
-1896
-148
3877
5903500
-3
23
2
-1908
-161
3860
5904525
-4
15
0
-1915
-148
3850
5905550
-3
1
0
-1898
-124
3832
5906575
16
-7
2
-1905
-115
3865
5899392
9
-12
6
-1923
-105
3880
5900417
1
-17
5
-1905
-130
3902
5901442
16
-17
3
-1880
-128
3910
5902467
16
-9
4
-1900
-140
3891
5903492
10
-2
0
-1900
-101
3901
5904517
-4
8
0
-1914
-124
3880
5905542
2
11
-3
-1919
-106
3872
5906567
1
7
-2
-1924
-108
3847
5907592
-6
3
-2
-1920
-122
3824
5908617
6
-5
1
-1917
-120
3846
5909642
8
-13
5
-1918
-130
3864
5910667
7
-21
5
-1913
-105
3862
5911692
3
-18
8
-1916
-110
3857
5912717
1
-16
9
-1916
-106
3880
5913742
3
-13
6
-1913
-116
3894
5914767
2
-6
4
-1913
-112
3886
5907584
-1
-1
-2
-1907
-98
3872
5908609
-15
4
0
-1916
-109
3854
5909634
-16
3
3
-1921
-143
3859
5910659
0
-1
2
-1919
-133
3859
5911684
-2
-3
3
-1917
-138
3842
5912709
-17
-2
5
-1916
-150
3851
5913734
-15
-3
5
-1902
-147
3880
5914759
-7
0
7
-1896
-139
3879
5915784
-16
4
9
-1897
-114
3881
5916809
-24
5
9
-1901
-103
3895
5917834
-22
1
6
-1919
-106
3884
5918859
-12
-4
1
-1918
-115
3874
5919884
-7
-10
3
-1908
-134
3906
5920909
2
-11
2
-1888
-124
3911
5921934
0
-7
5
-1903
-145
3904
5922959
-4
-8
4
-1895
-131
3911
5915776
0
-4
6
-1906
-130
3911
5916801
9
-5
4
-1913
-112
3888
5917826
13
-9
5
-1904
-123
3877
5918851
20
-8
0
-1907
-106
3862
5919876
8
-7
-2
-1914
-131
3856
5920901
2
-13
-7
-1920
-132
3834
5921926
9
-21
-3
-1916
-138
3849
5922951
17
-26
2
-1912
-136
3876
5923976
26
-24
1
-1909
-124
3905
5925001
22
-21
3
-1912
-120
3904
5926026
8
-12
5
-1926
-110
3908
5927051
6
-6
8
-1921
-137
3918
5928076
20
4
8
-1912
-112
3889
5929101
10
11
11
-1916
-114
3867
5930126
5
13
10
-1907
-110
3882
5931151
6
12
11
-1921
-116
3858
5923967
3
5
12
-1927
-109
3839
5924992
5
-5
14
-1914
-125
3850
5926017
26
-13
13
-1897
-98
3877
5927042
16
-16
17
-1904
-99
3889
5928067
17
-18
15
-1899
-90
3872
5929092
28
-13
15
-1898
-86
3888
5930117
18
-6
15
-1910
-84
3905
5931142
9
-6
11
-1922
-94
3884
5932167
5
-2
10
-1927
-95
3848
5933192
16
-1
11
-1893
-103
3875
5934217
10
2
16
-1898
-120
3871
5935242
2
4
18
-1899
-120
3849
5936267
1
3
18
-1890
-102
3844
5937292
-1
5
16
-1896
-99
3847
5938317
-6
2
13
-1904
-92
3853
5939342
-5
-6
13
-1891
-96
3869
5932160
3
-12
15
-1903
-81
3858
5933185
21
-15
5
-1909
-106
3808
5934210
17
-31
0
-1947
10
3843
5935235
-59
-52
-2
-1882
-10
3988
5936260
-179
-42
56
-1889
-70
4038
5937285
-234
21
31
-1820
-94
4013
5938310
136
-21
194
-1483
-760
3978
5939335
271
15
160
-2347
-114
3786
5940360
54
-155
126
-1928
97
3601
5941385
-63
-166
93
-1878
50
3519
5942410
7
-174
24
-1883
17
3725
5943435
32
-152
-46
-1710
63
3948
5944460
8
-50
-78
-1713
36
3979
5945485
42
32
-65
-1766
-21
4152
5946510
130
50
-41
-1730
-311
4309
5947535
223
64
9
-1976
-176
4055
5940352
-16
84
-31
-2214
251
3768
5941377
-176
25
-48
-1824
35
3733
5942402
-8
51
-11
-1856
-214
3849
5943427
123
47
-15
-1937
-100
3952
5944452
14
27
-3
-1855
-95
3973
5945477
-74
33
8
-1842
-81
3946
5946502
-89
36
9
-1887
-100
3870
5947527
-13
23
-7
-1856
-28
3840
5948552
5
19
-8
-1910
-9
3791
5949577
-15
2
-14
-1898
-23
3782
5950602
-52
-5
-12
-1879
-88
3868
5951627
-20
-5
-29
-1869
-122
3877
5952652
-9
-4
-33
-1882
-76
3890
5953677
-40
-4
-25
-1867
-69
3903
5954702
-20
3
-17
-1887
-67
3894
5955727
-7
1
-3
-1914
-112
3882
5948545
-3
-7
0
-1924
-108
3887
5949570
12
-8
-4
-1908
-80
3900
5950595
14
-4
-2
-1902
-70
3928
5951620
-11
2
-3
-1902
-80
3921
5952645
-32
8
-13
-1899
-117
3836
5953670
-13
11
-22
-1903
-118
3820
5954695
15
5
-27
-1864
-23
3937
5955720
-16
21
-27
-1851
-15
3957
5956745
-41
33
-20
-1882
-92
3891
5957770
-29
31
-11
-1908
-125
3851
5958795
-21
20
-8
-1924
-149
3830
5959820
1
4
-7
-1901
-124
3850
5960845
7
-6
-1
-1905
-106
3870
5961870
6
-13
1
-1901
-79
3885
5962895
-10
-17
6
-1904
-112
3883
5963920
-5
-19
7
-1879
-99
3890
5956736
-4
-15
9
-1880
-94
3891
5957761
-16
-13
14
-1886
-103
3925
5958786
-16
-7
8
-1893
-97
3882
5959811
7
-8
3
-1887
-100
3884
5960836
7
-9
0
-1877
-88
3889
5961861
-10
-2
0
-1907
-113
3860
5962886
-1
-7
-4
-1900
-124
3864
5963911
11
-12
-9
-1887
-87
3877
5964936
1
-11
2
-1907
-120
3879
5965961
12
-11
2
-1907
-124
3921
5966986
18
-9
-2
-1915
-93
3933
5968011
14
-4
-1
-1912
-83
3906
5969036
4
2
3
-1889
-93
3905
5970061
-2
6
8
-1880
-107
3896
5971086
8
8
9
-1894
-106
3875
5972111
14
7
5
-1898
-95
3869
5964929
8
4
1
-1889
-73
3840
5965954
-6
5
1
-1888
-101
3838
5966979
-4
0
3
-1881
-87
3868
5968004
-12
-5
3
-1904
-105
3857
5969029
-1
-19
2
-1900
-84
3867
5970054
-1
-23
4
-1893
-84
3868
5971079
11
-22
1
-1896
-75
3893
5972104
6
-20
1
-1894
-67
3914
5973129
-10
-20
2
-1895
-92
3897
5974154
1
-21
0
-1881
-104
3876
5975179
3
-23
6
-1893
-105
3883
5976204
5
-28
3
-1910
-121
3866
5977229
25
-35
1
-1883
-99
3875
5978254
23
-30
3
-1872
-74
3881
5979279
7
-19
5
-1872
-80
3914
5980304
-9
-9
5
-1892
-95
3916
5973119
-7
-2
2
-1895
-98
3903
5974144
1
5
0
-1889
-81
3898
5975169
-11
11
4
-1893
-90
3900
5976194
-8
14
1
-1893
-116
3891
5977219
15
9
0
-1880
-95
3904
5978244
14
7
4
-1877
-81
3919
5979269
-5
8
5
-1881
-87
3877
5980294
-1
3
8
-1879
-118
3868
5981319
14
-3
4
-1884
-89
3878
5982344
27
-5
-1
-1881
-72
3870
5983369
21
-4
2
-1888
-79
3873
5984394
3
-3
8
-1886
-107
3885
5985419
10
-2
4
-1887
-88
3852
5986444
8
1
1
-1906
-77
3850
5987469
-21
-6
3
-1936
-126
3851
5988494
37
-21
-18
-1906
-79
3870
5981312
-4
-32
4
-2011
138
3837
5982337
-257
-48
-2
-2051
309
3981
5983362
-507
12
-39
-1592
-171
4330
5984387
213
-39
390
-1280
-1451
4238
5985412
418
45
180
-2697
-183
3314
5986437
20
-227
48
-2014
334
3204
5987462
-201
-191
5
-1591
167
3575
5988487
18
-81
-53
-1831
139
3866
5989512
68
-75
-74
-1661
-37
4669
5990537
127
-21
-73
-1625
-383
4447
5991562
309
15
-69
-2128
111
3527
5992587
-35
-40
-75
-2010
524
3675
5993612
-477
-40
28
-1646
-159
3924
5994637
-161
38
0
-1849
-527
3804
5995662
257
42
-65
-1868
-209
3867
5996687
181
52
-3
-1827
-77
4047
5989504
-34
78
58
-1906
-111
4093
5990529
-92
60
61
-1887
-160
4025
5991554
-56
37
40
-1861
-55
3943
5992579
-20
17
15
-1879
6
3772
5993604
26
-7
3
-1879
-29
3728
5994629
62
-39
-14
-1820
11
3852
5995654
20
-41
-28
-1775
-29
3941
5996679
-40
-26
-28
-1793
-97
3901
5997704
-64
-17
-24
-1832
-141
3852
5998729
-20
-21
-28
-1825
-135
3905
5999754
-3
-14
-19
-1854
-113
3895
6000779
-14
-17
-16
-1861
-147
3890
6001804
-1
-17
-16
-1822
-66
3921
6002829
-40
-5
-5
-1877
-96
3890
6003854
-25
-12
-10
-1854
-98
3917
6004879
3
-14
-4
-1841
-78
3945
5997697
-13
-7
2
-1853
-99
3911
5998722
0
-5
-4
-1844
-54
3911
5999747
-8
3
-3
-1858
-81
3912
6000772
-22
7
-12
-1858
-98
3902
6001797
-27
9
-18
-1859
-129
3877
6002822
-17
5
-18
-1856
-131
3877
6003847
-9
-4
-15
-1848
-130
3875
6004872
-3
-8
-6
-1858
-112
3904
6005897
-16
-11
1
-1879
-122
3927
6006922
-11
-19
0
-1878
-128
3927
6007947
3
-20
2
-1877
-118
3931
6008972
5
-17
4
-1859
-119
3951
6009997
11
-11
1
-1852
-100
3952
6011022
6
-3
1
-1856
-103
3945
6012047
-7
1
5
-1859
-127
3932
6013072
1
4
4
-1859
-142
3926
6005888
22
7
7
-1862
-142
3939
6006913
19
8
10
-1853
-138
3930
6007938
17
11
8
-1840
-112
3883
6008963
6
16
12
-1836
-102
3843
6009988
-7
17
15
-1846
-105
3859
6011013
-1
9
11
-1850
-113
3866
6012038
10
0
6
-1849
-89
3858
6013063
-1
-6
5
-1842
-87
3837
6014088
-2
-8
5
-1851
-93
3883
6015113
-1
-8
1
-1861
-108
3908
6016138
-3
-10
-6
-1853
-86
3909
6017163
-22
-10
-3
-1855
-123
3887
6018188
-20
-11
1
-1859
-120
3884
6019213
-15
-13
10
-1833
-128
3909
6020238
-5
-12
19
-1837
-92
3932
6021263
-9
-12
23
-1856
-86
3951
6014081
-7
-15
14
-1860
-47
3933
6015106
-3
-14
10
-1854
-55
3929
6016131
-8
-11
4
-1859
-78
3916
6017156
3
-12
1
-1851
-88
3937
6018181
-2
-11
1
-1849
-102
3934
6019206
-10
-8
4
-1861
-138
3915
6020231
-3
-11
7
-1853
-149
3921
6021256
16
-9
8
-1818
-118
3916
6022281
3
0
15
-1836
-117
3883
6023306
2
2
12
-1823
-96
3887
6024331
-5
6
10
-1821
-89
3879
6025356
-20
9
2
-1825
-99
3853
6026381
-12
6
-10
-1824
-104
3872
6027406
-16
-2
-10
-1840
-112
3884
6028431
-19
-14
-12
-1838
-122
3866
6029456
-2
-22
-12
-1832
-111
3887
6022273
1
-26
-7
-1834
-122
3927
6023298
-2
-26
-7
-1856
-121
3954
6024323
5
-27
-9
-1863
-104
3960
6025348
-2
-20
-7
-1845
-122
3940
6026373
-2
-8
-5
-1834
-112
3930
6027398
-16
7
2
-1869
-91
3884
6028423
-32
9
8
-1913
-112
3863
6029448
-21
-9
5
-1896
-112
3848
6030473
-27
-18
1
-1882
-106
3797
6031498
-25
-26
8
-1903
-134
3835
6032523
-18
-44
2
-1878
-171
3870
6033548
-7
-50
-3
-1809
-165
3918
6034573
-20
-31
8
-1782
-197
3965
6035598
-24
-7
11
-1785
-205
3993
6036623
-14
10
9
-1765
-175
4019
6037648
-21
28
7
-1733
-106
3997
6030465
-47
45
18
-1786
-115
3968
6031490
-30
38
14
-1822
-97
3925
6032515
-7
22
6
-1841
-86
3907
6033540
6
-3
3
-1834
-77
3911
6034565
-5
-18
6
-1838
-109
3907
6035590
9
-27
2
-1832
-79
3914
6036615
-9
-29
11
-1878
-106
3900
6037640
-14
-34
14
-1882
-128
3903
6038665
12
-36
19
-1865
-147
3930
6039690
25
-29
23
-1834
-126
3969
6040715
12
-15
29
-1833
-113
3967
6041740
-7
3
34
-1846
-120
3955
6042765
-5
14
32
-1831
-135
3931
6043790
2
22
26
-1834
-125
3907
6044815
-3
24
22
-1823
-134
3894
6045840
-5
23
23
-1809
-139
3895
6038656
1
22
20
-1813
-126
3870
6039681
-11
15
12
-1838
-112
3848
6040706
-19
-1
4
-1849
-132
3843
6041731
-5
-16
-2
-1855
-138
3844
6042756
-10
-30
-6
-1823
-154
3869
6043781
-12
-35
-8
-1808
-140
3884
6044806
-16
-35
-3
-1822
-149
3899
6045831
-11
-35
-4
-1827
-149
3903
6046856
-11
-37
-4
-1828
-146
3918
6047881
-1
-31
-3
-1824
-134
3957
6048906
-6
-19
-1
-1840
-143
3975
6049931
-4
-12
-1
-1828
-131
3963
6050956
-7
-2
4
-1819
-122
3949
6051981
-13
8
9
-1828
-105
3939
6053006
-9
14
7
-1837
-101
3938
6054031
-8
9
4
-1846
-93
3929
6046848
-13
-3
3
-1857
-91
3911
6047873
-8
-17
8
-1860
-133
3901
6048898
26
-28
12
-1855
-127
3950
6049923
30
-36
17
-1830
-137
3982
6050948
23
-34
21
-1826
-121
3967
6051973
23
-28
27
-1823
-127
3945
6052998
32
-20
31
-1818
-108
3935
6054023
29
-14
26
-1822
-98
3922
6055048
21
-12
16
-1822
-108
3899
6056073
27
-11
10
-1832
-106
3896
6057098
25
-13
8
-1814
-117
3899
6058123
14
-8
5
-1809
-126
3877
6059148
7
-3
9
-1806
-128
3865
6060173
3
1
17
-1796
-153
3890
6061198
-1
1
21
-1800
-146
3907
6062223
0
0
13
-1812
-125
3890
6055040
5
-2
7
-1818
-91
3878
6056065
-3
-3
4
-1822
-87
3883
6057090
-10
-7
1
-1806
-109
3909
6058115
-6
-7
-3
-1794
-129
3925
6059140
-6
-3
-3
-1801
-133
3947
6060165
-13
0
-2
-1810
-104
3934
6061190
-24
1
5
-1824
-125
3924
6062215
-22
0
11
-1833
-143
3895
6063240
17
-7
9
-1813
-123
3945
6064265
17
-7
7
-1822
-80
3964
6065290
-14
-8
6
-1823
-106
3941
6066315
-3
-11
-3
-1789
-96
3931
6067340
-10
-3
2
-1824
-110
3924
6068365
-6
-5
-1
-1823
-120
3907
6069390
17
-3
-3
-1807
-134
3920
6070415
15
0
-1
-1804
-98
3942
6063231
-8
4
4
-1806
-138
3898
6064256
-10
11
4
-1803
-130
3886
6065281
-15
14
7
-1800
-132
3863
6066306
-10
15
3
-1803
-122
3863
6067331
-14
12
0
-1808
-104
3867
6068356
-33
8
-2
-1816
-114
3874
6069381
-43
-1
-4
-1821
-117
3858
6070406
-31
-11
-6
-1819
-130
3884
6071431
-11
-18
-7
-1820
-119
3925
6072456
-20
-21
-3
-1830
-125
3944
6073481
-33
-18
-3
-1828
-126
3936
6074506
-36
-12
0
-1842
-140
3930
6075531
-36
-9
3
-1851
-150
3918
6076556
-31
-4
6
-1859
-160
3915
6077581
-18
-2
7
-1860
-168
3938
6078606
-10
1
6
-1838
-139
3933
6071425
-40
8
13
-1841
-173
3895
6072450
-53
10
18
-1834
-201
3888
6073475
-51
12
20
-1839
-225
3835
6074500
-48
17
26
-1853
-224
3828
6075525
-74
22
36
-1877
-238
3823
6076550
-79
11
44
-1843
-254
3830
6077575
-65
9
62
-1798
-257
3857
6078600
-40
14
86
-1775
-161
3917
6079625
-64
23
99
-1793
-89
3938
6080650
-79
20
98
-1794
-79
3947
6081675
-78
15
85
-1785
-61
3945
6082700
-83
8
80
-1782
-97
3950
6083725
-68
-4
75
-1745
-113
3965
6084750
-57
-8
69
-1786
-111
3921
6085775
-68
-23
62
-1814
-125
3915
6086800
-81
-52
55
-1814
-154
3913
6079644
-78
-85
52
-1816
-185
3883
6080669
-57
-115
53
-1812
-220
3874
6081694
-26
-141
61
-1785
-232
3946
6082719
-18
-158
68
-1761
-208
3956
6083744
-29
-162
68
-1762
-196
3920
6084769
-39
-158
65
-1743
-199
3944
6085794
-37
-152
60
-1741
-189
3955
6086819
-34
-143
52
-1735
-191
3947
6087844
-30
-130
38
-1709
-183
3965
6088869
-33
-110
25
-1685
-169
3975
6089894
-51
-84
13
-1714
-172
3967
6090919
-65
-68
-1
-1741
-191
3983
6091944
-66
-59
-12
-1746
-198
3986
6092969
-59
-49
-15
-1752
-238
4005
6093994
-42
-43
-17
-1720
-257
4031
6095019
-42
-29
-13
-1718
-258
4023
6087807
-40
-19
-2
-1702
-276
4044
6088832
-37
-7
6
-1697
-262
4032
6089857
-37
-2
12
-1703
-260
4011
6090882
-24
-1
13
-1709
-244
4006
6091907
-20
-2
12
-1703
-233
3979
6092932
-26
-3
11
-1690
-220
3968
6093957
-29
-6
11
-1694
-233
3964
6094982
-13
-12
4
-1694
-233
3961
6096007
-9
-15
1
-1680
-217
3977
6097032
-25
-15
0
-1683
-229
3962
6098057
-35
-17
-4
-1702
-242
3952
6099082
-27
-23
-3
-1702
-276
3962
6100107
-10
-32
1
-1698
-274
3985
6101132
-5
-35
5
-1688
-275
3990
6102157
-1
-33
3
-1662
-227
4007
6103182
-13
-23
5
-1677
-236
3990
6096001
-15
-15
3
-1684
-225
3992
6097026
-24
-11
2
-1684
-244
3982
6098051
-16
-7
-1
-1682
-261
3978
6099076
-5
-6
-3
-1687
-244
3985
6100101
-10
-8
-5
-1681
-261
4000
6101126
-8
-10
-8
-1667
-244
4008
6102151
-17
-7
-6
-1686
-269
4007
6103176
-8
-10
-6
-1686
-267
4023
6104201
-1
-10
1
-1682
-272
4034
6105226
6
-9
8
-1675
-266
4030
6106251
13
-6
13
-1673
-261
4015
6107276
17
-4
15
-1663
-240
4003
6108301
8
2
16
-1681
-240
3987
6109326
9
0
9
-1682
-240
3972
6110351
9
-4
6
-1672
-257
3962
6111376
