Device = VHR-0009
time_stamp = 1779959893739
sample_rate = 50
Data format = INT16
TYPE = 6-AXIS IMU RAW DATA
-11
5
-2
-3131
-93
2894
91264
-8
5
-5
-3137
-94
2888
92289
-3
5
-7
-3121
-88
2880
93314
-6
4
-4
-3140
-100
2888
94339
-9
4
-3
-3139
-114
2886
95364
-4
1
-1
-3122
-108
2882
96389
1
-1
2
-3129
-102
2887
97414
0
-1
4
-3130
-99
2899
98439
-6
1
4
-3133
-87
2909
99464
-7
1
2
-3132
-97
2906
100489
-4
3
-2
-3130
-85
2903
101514
-11
2
-5
-3137
-95
2892
102539
-8
4
-9
-3128
-91
2896
103564
-8
6
-9
-3119
-96
2893
104589
-8
6
-6
-3136
-115
2895
105614
-4
2
-6
-3135
-114
2885
106639
1
1
-5
-3140
-112
2886
99456
-5
3
-5
-3144
-119
2878
100481
-14
2
-2
-3142
-129
2868
101506
-15
-5
4
-3138
-136
2868
102531
0
-11
7
-3128
-137
2886
103556
16
-14
5
-3132
-112
2890
104581
8
-15
7
-3140
-92
2887
105606
-13
-16
10
-3134
-106
2877
106631
-10
-14
9
-3128
-111
2905
107656
6
-13
4
-3130
-98
2904
108681
6
-12
2
-3129
-93
2889
109706
-6
-14
2
-3141
-102
2882
110731
-8
-15
1
-3127
-111
2893
111756
-2
-14
1
-3130
-117
2892
112781
9
-14
0
-3130
-119
2899
113806
10
-17
1
-3117
-107
2904
114831
-4
-16
5
-3120
-111
2905
107648
-6
-12
6
-3130
-117
2913
108673
4
-14
11
-3132
-121
2888
109698
3
-16
14
-3125
-107
2895
110723
-9
-14
17
-3132
-106
2899
111748
0
-11
11
-3114
-107
2909
112773
20
-14
7
-3113
-109
2903
113798
19
-17
8
-3108
-80
2918
114823
-5
-13
12
-3116
-80
2920
115848
-11
-9
9
-3111
-103
2916
116873
3
-11
2
-3125
-98
2911
117898
11
-9
0
-3114
-95
2917
118923
4
-5
-1
-3116
-92
2921
119948
-9
-2
-1
-3110
-80
2918
120973
-10
1
-2
-3114
-99
2926
121998
-4
5
-2
-3115
-98
2925
123023
-7
6
-2
-3118
-115
2885
115841
0
4
-1
-3109
-113
2906
116866
4
7
2
-3121
-111
2928
117891
-5
12
3
-3122
-117
2899
118916
-15
12
6
-3120
-119
2885
119941
-13
10
9
-3123
-124
2903
120966
3
9
6
-3123
-109
2896
121991
5
5
7
-3131
-76
2887
123016
-7
5
8
-3118
-90
2893
124041
-4
7
4
-3123
-89
2898
125066
1
7
-2
-3132
-94
2903
126091
-2
8
-2
-3133
-104
2908
127116
0
9
-3
-3128
-90
2899
128141
-3
12
-2
-3134
-102
2898
129166
-13
9
2
-3140
-111
2891
130191
-32
0
5
-3140
-106
2872
131216
-45
-7
13
-3133
-140
2871
124032
-39
-12
16
-3150
-147
2866
125057
-27
-17
14
-3147
-120
2862
126082
-20
-19
16
-3131
-152
2870
127107
2
-16
17
-3120
-123
2899
128132
-2
0
12
-3121
-57
2945
129157
-39
6
13
-3137
-144
2889
130182
-15
-7
11
-3148
-139
2814
131207
16
-16
10
-3121
-71
2932
132232
-19
-3
12
-3116
-108
2965
133257
-23
1
2
-3122
-137
2878
134282
-4
-1
2
-3115
-101
2883
135307
-2
-1
4
-3129
-84
2900
136332
4
-6
7
-3144
-156
2880
137357
43
-15
-2
-3129
-76
2884
138382
27
-10
1
-3114
-43
2915
139407
-2
1
4
-3134
-104
2899
132224
-7
-6
2
-3133
-108
2853
133249
-5
-18
4
-3130
-100
2884
134274
1
-25
3
-3128
-132
2894
135299
25
-28
1
-3113
-149
2914
136324
33
-32
2
-3126
-89
2927
137349
-16
-34
12
-3130
-85
2894
138374
-47
-44
18
-3138
-115
2891
139399
-46
-70
23
-3157
-66
2888
140424
-55
-79
22
-3160
-125
2899
141449
-86
-101
17
-3145
-3
2954
142474
-212
-85
28
-3035
-146
2963
143499
-172
-77
36
-3136
-189
2665
144524
-42
-97
64
-2806
-182
3430
145549
21
-52
264
-3055
-416
3636
146574
-54
40
104
-3070
247
2688
147599
-401
38
121
-3171
-106
2262
140595
-406
-99
136
-3307
-340
2418
141620
-52
-159
102
-3151
-479
2896
142645
315
-137
38
-3048
-217
3002
143670
391
-104
6
-3008
-10
3049
144695
250
-65
22
-3031
9
3081
145720
131
-48
18
-2989
-9
3074
146745
95
-25
17
-2952
-61
3095
147770
197
14
-11
-2998
-48
2979
148795
335
57
-73
-2980
130
2994
149820
327
89
-117
-3010
313
3157
150845
134
116
-106
-2991
-3
3293
151870
35
173
-5
-3080
-334
3134
152895
17
159
-24
-3226
199
2729
153920
-212
78
-52
-3099
281
2703
154945
-284
20
-10
-3149
-366
2811
155970
57
-13
-46
-3172
-289
2884
148608
207
-14
-78
-3101
99
2911
149633
8
6
-51
-3089
-24
2887
150658
-111
13
-24
-3097
-169
2930
151683
-89
15
-11
-3066
-153
3028
152708
-61
30
-2
-3054
-112
3022
153733
-50
46
3
-3083
-70
2960
154758
-47
49
11
-3108
-73
2885
155783
-27
40
15
-3118
-93
2849
156808
2
17
10
-3128
-52
2856
157833
1
-4
7
-3149
-63
2847
158858
6
-12
1
-3124
-63
2901
159883
5
-7
-2
-3116
-59
2934
160908
-3
-3
-8
-3114
-78
2900
161933
1
-4
-7
-3102
-75
2930
162958
0
-2
-3
-3106
-79
2930
163983
1
-1
-4
-3110
-77
2905
156800
4
-3
-3
-3108
-86
2915
157825
6
-3
-4
-3097
-95
2924
158850
6
1
-4
-3092
-73
2958
159875
2
8
-6
-3109
-71
2937
160900
1
12
-6
-3115
-73
2900
161925
-10
13
-2
-3118
-76
2885
162950
-11
12
-1
-3118
-91
2907
163975
4
9
-9
-3119
-71
2911
165000
15
8
-14
-3116
-82
2901
166025
17
5
-11
-3128
-87
2891
167050
3
-1
-5
-3120
-99
2882
168075
0
-2
0
-3110
-101
2905
169100
6
-3
0
-3121
-102
2910
170125
1
-3
1
-3119
-117
2900
171150
2
-5
2
-3125
-115
2884
172175
8
-11
3
-3133
-85
2881
164993
1
-15
8
-3121
-88
2893
166018
-4
-17
10
-3104
-86
2909
167043
8
-13
4
-3106
-74
2935
168068
22
-9
-1
-3108
-57
2941
169093
15
0
-1
-3086
-58
2937
170118
-7
8
-1
-3105
-58
2936
171143
-7
13
-2
-3136
-65
2942
172168
3
21
-8
-3089
-73
2924
173193
-8
29
-9
-3099
-63
2925
174218
-25
29
-8
-3128
-93
2901
175243
-13
28
-13
-3126
-106
2878
176268
-1
26
-10
-3136
-86
2865
177293
-5
22
-6
-3142
-110
2868
178318
-2
18
-4
-3141
-95
2880
179343
-3
16
-4
-3143
-81
2879
180368
-7
10
-4
-3149
-112
2856
173183
-3
3
-1
-3130
-99
2874
174208
-6
1
1
-3134
-112
2870
175233
2
-1
2
-3134
-120
2876
176258
7
-8
2
-3145
-97
2882
177283
-8
-9
6
-3128
-104
2874
178308
-14
-10
8
-3123
-114
2894
179333
5
-10
5
-3129
-116
2908
180358
14
-11
6
-3126
-112
2899
181383
3
-11
11
-3127
-90
2896
182408
-7
-8
15
-3130
-98
2896
183433
1
-7
12
-3139
-89
2889
184458
6
-8
12
-3139
-61
2882
185483
5
-11
10
-3137
-74
2890
186508
6
-10
7
-3136
-75
2886
187533
5
-13
5
-3128
-71
2881
188558
7
-14
5
-3120
-77
2896
181376
7
-12
4
-3123
-80
2898
182401
8
-13
2
-3123
-81
2911
183426
4
-14
0
-3127
-75
2897
184451
-1
-11
3
-3120
-91
2899
185476
3
-8
3
-3127
-92
2912
186501
-2
-8
3
-3127
-75
2895
187526
-16
-7
6
-3125
-95
2874
188551
-10
-11
6
-3135
-102
2880
189576
3
-16
3
-3116
-108
2913
190601
14
-15
7
-3116
-106
2907
191626
9
-12
12
-3114
-90
2906
192651
-8
-9
18
-3111
-95
2923
193676
-4
-8
16
-3128
-106
2905
194701
8
-10
16
-3130
-91
2910
195726
3
-22
27
-3167
-34
2897
196751
-67
-49
14
-3183
65
2897
189568
-213
-79
16
-3108
36
2954
190593
-338
-76
35
-3075
-114
2846
191618
-163
-59
75
-2955
-367
3043
192643
183
-35
243
-2946
-768
3611
193668
164
38
135
-3158
347
3083
194693
-386
100
139
-3090
436
2541
195718
-784
55
177
-3291
-147
2384
196743
-534
-58
151
-3260
-530
2456
197768
76
-104
74
-3105
-474
2776
198793
496
-97
-6
-3092
-53
2942
199818
485
-76
-21
-3091
107
2969
200843
271
-58
-2
-3068
66
3023
201868
97
-35
7
-3054
-60
2951
202893
130
-21
-19
-3053
-125
2943
203918
271
-19
-69
-2961
27
3258
204943
310
29
-76
-2981
119
3182
197759
363
49
-92
-3108
-56
2733
198784
379
41
-99
-3052
61
2965
199809
200
81
-5
-3139
-99
3072
200834
-29
82
8
-3231
47
2855
201859
-142
48
-16
-3116
16
2767
202884
-25
7
-17
-3172
-92
2734
203909
143
-21
-36
-3163
-19
2833
204934
128
-30
-37
-3086
93
2927
205959
0
-21
-16
-3086
19
2954
206984
-58
-12
-16
-3094
-49
2980
208009
-40
1
-29
-3083
-24
2989
209034
-11
23
-29
-3080
48
2989
210059
-16
42
-20
-3091
12
2970
211084
-22
50
-18
-3091
7
2952
212109
-29
52
-23
-3100
33
2922
213134
-36
46
-31
-3124
19
2877
205952
-42
34
-35
-3139
-5
2835
206977
-35
25
-31
-3139
-32
2886
208002
-19
23
-29
-3135
-19
2924
209027
-7
31
-36
-3119
-20
2910
210052
-5
37
-36
-3121
2
2881
211077
-31
33
-23
-3139
-43
2839
212102
-33
25
-15
-3165
-89
2794
213127
0
5
-12
-3164
-91
2804
214152
39
-2
-7
-3144
-68
2884
215177
29
-3
2
-3143
-76
2889
216202
12
-11
8
-3132
-88
2876
217227
13
-9
12
-3115
-46
2937
218252
2
0
17
-3120
-39
2947
219277
-8
2
17
-3122
-34
2892
220302
0
1
14
-3114
-11
2889
221327
6
6
15
-3145
7
2914
214145
0
13
1
-3143
-2
2891
215170
-5
17
-9
-3134
18
2884
216195
-15
17
-11
-3150
-15
2881
217220
0
10
-20
-3150
-53
2857
218245
25
5
-26
-3140
-35
2840
219270
23
-1
-18
-3163
-67
2852
220295
27
-2
-14
-3155
-63
2920
221320
16
11
-12
-3136
-17
2924
222345
-23
21
-5
-3145
-35
2852
223370
-23
14
3
-3166
-85
2839
224395
14
8
1
-3147
-26
2862
225420
11
10
1
-3149
0
2869
226445
-12
5
4
-3152
-26
2851
227470
-12
-5
0
-3152
-30
2825
228495
-7
-19
-3
-3157
-59
2821
229520
3
-32
-2
-3142
-72
2873
222336
14
-33
-3
-3136
-61
2885
223361
9
-34
1
-3151
-44
2873
224386
-3
-34
8
-3156
-67
2894
225411
-3
-35
11
-3133
-72
2901
226436
4
-24
12
-3109
-41
2933
227461
-7
-17
12
-3126
-39
2900
228486
-5
-12
11
-3114
-33
2893
229511
4
-10
8
-3130
-20
2889
230536
7
-10
9
-3133
-20
2898
231561
0
-7
10
-3125
1
2911
232586
-5
-3
3
-3138
-14
2876
233611
6
-5
-4
-3139
-20
2870
234636
15
-3
-5
-3131
-17
2906
235661
10
1
-4
-3128
-22
2905
236686
-4
3
-2
-3126
-38
2891
237711
-5
0
0
-3138
-47
2882
230528
-7
-7
1
-3146
-54
2862
231553
-12
-11
5
-3137
-53
2870
232578
-2
-11
6
-3144
-44
2881
233603
6
-10
5
-3149
-37
2866
234628
4
-17
5
-3141
-30
2875
235653
0
-21
6
-3122
-32
2908
236678
0
-16
7
-3125
-34
2919
237703
7
-9
5
-3111
-29
2925
238728
4
-4
6
-3114
-20
2916
239753
-3
-1
6
-3126
-29
2917
240778
-3
1
2
-3134
-29
2892
241803
-3
5
-3
-3125
-29
2906
242828
-5
6
-3
-3132
-32
2894
243853
-10
4
-1
-3135
-42
2885
244878
-10
2
3
-3138
-55
2869
245903
4
-2
3
-3132
-61
2886
238721
11
-6
3
-3128
-32
2902
239746
-5
-4
7
-3140
-35
2890
240771
-3
-3
4
-3152
-35
2884
241796
17
-5
2
-3146
-26
2870
242821
18
-7
-3
-3125
7
2878
243846
-4
-8
-1
-3125
-30
2905
244871
-5
-7
-7
-3117
-33
2899
245896
3
-6
-8
-3121
-28
2889
246921
4
-4
-5
-3136
-19
2886
247946
3
-4
-6
-3135
-28
2874
248971
1
-3
-6
-3129
-26
2895
249996
-7
0
-4
-3131
-45
2881
251021
-6
-4
-5
-3135
-62
2869
252046
3
-13
-3
-3142
-65
2885
253071
2
-15
1
-3136
-47
2895
254096
-9
-15
10
-3135
-58
2889
246912
-14
-20
23
-3168
-86
2895
247937
-37
-49
28
-3228
-1
2946
248962
-227
-116
26
-3117
291
3014
249987
-655
-117
69
-3139
211
2675
251012
-641
-97
163
-2780
-661
3089
252037
-58
-45
272
-3168
-687
3458
253062
52
28
136
-3038
119
2843
254087
-245
73
149
-3106
168
2674
255112
-362
30
166
-3305
-252
2564
256137
-97
-29
101
-3178
-233
2719
257162
125
-48
43
-3092
30
2908
258187
137
-44
13
-3086
82
2910
259212
102
-43
2
-3101
-13
2888
260237
121
-39
-17
-3089
-44
2986
261262
148
-19
-42
-3074
-44
2998
262287
160
4
-67
-3072
-47
2949
255104
165
16
-83
-3103
-52
2912
256129
165
20
-104
-3106
-43
2907
257154
162
12
-105
-3079
-43
2931
258179
167
11
-117
-3061
9
3016
259204
124
26
-114
-3029
-4
3023
260229
102
47
-89
-3092
-33
2853
261254
117
65
-46
-3090
-99
3005
262279
77
92
24
-3141
-157
3107
263304
-72
86
39
-3211
-65
2901
264329
-156
52
-10
-3160
-29
2702
265354
-79
17
-14
-3131
-171
2744
266379
89
-7
3
-3183
-126
2830
267404
128
-26
-7
-3120
63
2906
268429
25
-15
2
-3111
38
2944
269454
-44
-7
9
-3147
-65
2928
270479
-23
-7
-2
-3135
-71
2875
263295
19
-11
-6
-3103
-43
2890
264320
28
-7
9
-3108
-8
2958
265345
4
6
8
-3112
-7
2990
266370
-12
20
-4
-3103
-13
2940
267395
-22
24
-8
-3120
-30
2864
268420
-26
9
-6
-3144
-63
2811
269445
-4
-11
-5
-3144
-65
2877
270470
12
-11
-4
-3143
-49
2911
271495
8
-3
-8
-3130
-62
2888
272520
-5
0
-2
-3131
-62
2887
273545
-10
0
4
-3129
-100
2883
274570
16
-2
5
-3124
-53
2923
275595
3
-5
11
-3124
-58
2902
276620
4
-4
10
-3126
-54
2906
277645
2
0
8
-3130
-25
2897
278670
-8
5
4
-3131
-49
2890
271488
-2
7
-1
-3124
-21
2908
272513
-9
8
-3
-3128
-37
2885
273538
1
5
-8
-3134
-36
2871
274563
2
5
-8
-3138
-47
2877
275588
-4
5
-6
-3141
-61
2897
276613
-5
6
-4
-3133
-61
2895
277638
-6
10
-1
-3131
-66
2870
278663
-6
8
0
-3138
-57
2865
279688
-4
2
2
-3145
-87
2868
280713
6
-6
2
-3135
-53
2868
281738
6
-8
5
-3128
-67
2881
282763
6
-12
8
-3148
-72
2874
283788
3
-16
7
-3130
-56
2892
284813
-5
-14
6
-3130
-45
2908
285838
-2
-8
2
-3139
-58
2903
286863
5
-6
1
-3126
-42
2899
279757
-8
-10
4
-3143
-54
2881
280782
-8
-10
4
-3119
-50
2904
281807
-1
-5
7
-3144
-50
2884
282832
-9
-9
7
-3154
-77
2832
283857
11
-13
6
-3120
-53
2917
284882
8
-7
10
-3133
-28
2909
285907
-10
-7
6
-3129
-72
2847
286932
3
-10
6
-3113
-49
2914
287957
7
-5
6
-3132
-19
2919
288982
-11
-4
2
-3127
-45
2881
290007
-11
-4
6
-3123
-44
2905
291032
-9
-1
5
-3139
-58
2909
292057
-14
1
-1
-3121
-48
2892
293082
-35
-3
1
-3142
-57
2855
294107
-25
-5
-1
-3143
-67
2874
295132
4
-7
0
-3127
-66
2891
287873
20
-12
-5
-3132
-48
2900
288898
6
-11
2
-3124
-53
2915
289923
-5
-8
5
-3132
-60
2894
290948
0
-6
5
-3136
-77
2891
291973
17
-3
4
-3120
-51
2920
292998
15
4
3
-3125
-33
2906
294023
-1
7
2
-3132
-37
2892
295048
-8
8
-2
-3123
-35
2905
296073
-9
7
-7
-3140
-55
2890
297098
-11
2
-10
-3134
-57
2883
298123
-6
-1
-6
-3136
-75
2891
299148
2
-5
-6
-3137
-63
2885
300173
-2
0
-4
-3129
-69
2887
301198
-5
2
-2
-3128
-75
2883
302223
-7
-1
1
-3128
-73
2898
303248
-4
3
2
-3122
-81
2895
296064
-2
1
5
-3138
-81
2875
297089
3
-7
7
-3144
-59
2887
298114
1
-7
8
-3140
-40
2882
299139
-7
1
10
-3140
-44
2884
300164
-2
0
7
-3134
-49
2892
301189
1
-3
6
-3128
-55
2886
302214
5
-4
5
-3126
-73
2886
303239
18
-4
2
-3124
-50
2905
304264
9
-5
-1
-3123
-43
2901
305289
-12
-5
3
-3139
-67
2895
306314
-10
-3
4
-3136
-70
2891
307339
2
-1
2
-3138
-67
2883
308364
2
-3
1
-3137
-54
2859
309389
-2
-3
0
-3134
-47
2883
310414
-2
-1
-1
-3141
-49
2899
311439
3
-2
-2
-3139
-62
2889
304257
0
-5
1
-3129
-62
2883
305282
-3
-4
2
-3135
-86
2882
306307
16
-6
2
-3135
-61
2888
307332
7
-6
3
-3125
-56
2900
308357
-8
-3
9
-3131
-73
2893
309382
-12
-1
10
-3136
-71
2870
310407
0
-5
4
-3132
-68
2879
311432
8
-12
4
-3138
-63
2896
312457
8
-14
4
-3139
-37
2900
313482
1
-8
5
-3122
-42
2884
314507
1
-6
8
-3136
-52
2889
315532
-1
-5
7
-3130
-53
2906
316557
4
-1
3
-3126
-42
2891
317582
-5
-1
5
-3142
-60
2877
318607
-14
-4
20
-3135
-68
2903
319632
-22
-15
38
-3164
-45
2986
312447
-116
-3
-4
-3094
63
3088
313472
-259
-1
-4
-3188
62
2733
314497
-227
-126
23
-3173
73
2544
315522
-193
-161
192
-2927
-477
3362
316547
-231
-50
217
-3191
-206
3261
317572
-349
35
163
-3045
-65
2738
318597
-451
33
174
-3153
-229
2639
319622
-330
-23
159
-3254
-256
2621
320647
-83
-47
102
-3142
-226
2761
321672
130
-59
52
-3098
-71
2865
322697
181
-63
18
-3077
89
2933
323722
132
-51
-1
-3094
-7
2921
324747
165
-35
-37
-3085
-120
2869
325772
256
-26
-75
-3067
-56
2973
326797
272
-6
-103
-3003
84
3189
327822
224
31
-108
-3021
14
3048
320640
235
60
-121
-3049
-63
2938
321665
206
81
-102
-3100
-11
2987
322690
76
99
-49
-3138
-71
2980
323715
-79
94
-16
-3193
-155
2830
324740
-97
62
-16
-3155
-152
2766
325765
35
28
-21
-3189
-111
2776
326790
134
-3
-39
-3185
-53
2777
327815
125
-25
-29
-3146
-29
2820
328840
63
-31
-8
-3120
-70
2915
329865
19
-28
5
-3087
-89
3003
330890
18
-13
10
-3086
-48
3013
331915
35
3
9
-3115
-3
2959
332940
23
12
7
-3108
10
2917
333965
-14
12
8
-3118
-3
2888
334990
-17
12
-4
-3133
-17
2901
336015
0
7
-15
-3130
-27
2911
328832
-1
6
-19
-3134
-23
2896
329857
-15
8
-16
-3130
-48
2885
330882
-18
13
-11
-3122
-59
2898
331907
-13
13
-5
-3135
-76
2890
332932
0
5
-6
-3138
-99
2855
333957
15
-4
-5
-3133
-69
2875
334982
-2
-4
4
-3141
-53
2898
336007
-16
-1
7
-3135
-83
2878
337032
-3
-5
5
-3122
-60
2890
338057
3
-6
11
-3127
-31
2904
339082
-7
-5
10
-3139
-50
2887
340107
8
-5
-1
-3122
-37
2914
341132
10
-1
0
-3138
-1
2897
342157
-21
2
2
-3132
-70
2871
343182
0
3
-1
-3126
-45
2913
344207
5
5
-1
-3129
-47
2895
337024
-6
5
1
-3123
-66
2882
338049
-8
0
5
-3147
-64
2871
339074
-5
-6
5
-3144
-71
2866
340099
5
-10
4
-3139
-67
2882
341124
6
-12
5
-3137
-45
2897
342149
1
-6
3
-3134
-50
2911
343174
1
-4
0
-3122
-44
2890
344199
-2
-7
2
-3120
-58
2892
345224
-2
-7
7
-3126
-57
2922
346249
-1
-5
5
-3133
-51
2888
347274
-1
-5
2
-3127
-50
2876
348299
2
-6
5
-3140
-72
2895
349324
10
-6
7
-3137
-58
2884
350349
12
-3
8
-3116
-52
2891
351374
12
-2
11
-3126
-46
2905
352399
4
-5
9
-3139
-41
2910
345217
-2
-4
5
-3123
-33
2889
346242
-3
-5
4
-3123
-45
2885
347267
0
-4
4
-3134
-40
2908
348292
4
-1
-2
-3123
-44
2905
349317
3
-2
-3
-3131
-30
2885
350342
-10
-1
1
-3145
-48
2896
351367
-11
2
4
-3137
-56
2895
352392
3
2
1
-3132
-70
2875
353417
15
-2
3
-3133
-54
2905
354442
4
-2
4
-3128
-48
2905
355467
-6
-2
4
-3121
-54
2873
356492
1
-5
6
-3130
-53
2900
357517
5
-5
6
-3141
-40
2895
358542
-1
-2
2
-3129
-46
2897
359567
-1
-1
1
-3133
-27
2893
360592
-12
-6
1
-3137
-43
2870
353549
-7
-7
-1
-3127
-57
2896
354574
5
-5
-2
-3125
-56
2896
355599
7
-2
-1
-3136
-46
2892
356624
-1
0
4
-3125
-58
2905
357649
-1
0
5
-3128
-60
2894
358674
2
-3
5
-3134
-50
2899
359699
4
-1
8
-3147
-57
2898
360724
3
-1
6
-3131
-49
2882
361749
3
-4
6
-3130
-53
2873
362774
10
-9
5
-3143
-46
2874
363799
11
-9
6
-3131
-28
2891
364824
-3
-7
9
-3135
-34
2890
365849
-3
-4
5
-3121
-51
2902
366874
7
-3
-1
-3130
-30
2900
367899
4
0
-2
-3131
-32
2904
368924
-8
4
0
-3130
-40
2894
361601
-12
5
0
-3128
-66
2889
362626
2
1
-2
-3127
-64
2877
363651
7
-2
-4
-3131
-47
2883
364676
-1
-2
0
-3139
-49
2887
365701
-8
-1
5
-3136
-54
2888
366726
-6
-3
7
-3143
-70
2869
367751
12
-6
2
-3132
-53
2871
368776
2
-9
6
-3145
-41
2889
369801
-15
-7
9
-3139
-56
2891
370826
7
-8
4
-3131
-55
2881
371851
22
-13
3
-3131
-46
2889
372876
11
-14
5
-3129
-27
2910
373901
-2
-7
6
-3124
-40
2894
374926
6
-1
1
-3131
-52
2899
375951
19
-1
-3
-3133
-32
2920
376976
14
0
-4
-3126
-31
2896
369792
10
3
-5
-3122
-33
2893
370817
4
4
-3
-3137
-39
2897
371842
-3
3
-2
-3142
-61
2881
372867
5
1
-4
-3137
-54
2874
373892
10
-3
-2
-3138
-62
2871
374917
7
-7
3
-3140
-53
2878
375942
7
-10
4
-3139
-60
2881
376967
7
-11
4
-3143
-33
2891
377992
0
-9
8
-3142
-31
2892
379017
-4
-13
6
-3130
-38
2880
380042
7
-16
3
-3126
-48
2877
381067
22
-20
-4
-3119
-42
2888
382092
17
-19
0
-3120
-36
2923
383117
-2
-14
6
-3130
-46
2914
384142
-4
-10
7
-3126
-51
2899
385167
-2
-8
5
-3137
-33
2904
377985
-5
-8
2
-3134
-19
2909
379010
-26
-29
9
-3150
-6
2900
380035
-112
-92
12
-3227
62
2936
381060
-265
-95
-29
-3113
44
2892
382085
-168
-107
-39
-3043
-176
2691
383110
210
-76
114
-2878
-661
3499
384135
185
-32
163
-3231
43
3213
385160
-213
14
93
-3074
463
2617
386185
-523
12
126
-3225
-218
2350
387210
-194
-69
105
-3260
-443
2655
388235
151
-119
43
-3088
5
2937
389260
161
-102
17
-3006
127
3009
390285
70
-60
13
-3050
44
3049
391310
27
-32
-1
-3042
-62
3024
392335
60
-6
-28
-2976
11
3122
393360
66
34
-43
-3001
50
3049
386177
119
86
-68
-3049
-16
2943
387202
200
133
-86
-3056
43
3088
388227
147
174
-28
-3070
-144
3174
389252
-27
168
7
-3202
-34
2821
390277
-142
115
-25
-3159
88
2673
391302
-134
55
-28
-3209
-68
2676
392327
59
14
-51
-3226
-140
2732
393352
201
-21
-71
-3141
9
2824
394377
121
-27
-42
-3124
-63
2867
395402
29
-25
-19
-3138
-129
2922
396427
-3
-22
-14
-3115
-66
2952
397452
-16
-11
0
-3110
-73
2945
398477
0
-4
13
-3097
-57
2947
399502
21
-1
13
-3094
-17
2942
400527
12
5
15
-3113
10
2915
401552
-12
6
17
-3136
-48
2910
394368
7
9
6
-3117
32
2933
395393
-13
21
0
-3134
17
2891
396418
-19
22
-5
-3136
-16
2905
397443
-4
18
-13
-3130
19
2887
398468
-15
11
-11
-3138
-64
2836
399493
2
1
-12
-3138
-57
2856
400518
0
-5
-13
-3144
-55
2864
401543
-10
-11
-5
-3145
-84
2856
402568
5
-15
1
-3138
-62
2888
403593
11
-16
4
-3121
-58
2896
404618
10
-12
11
-3124
-53
2909
405643
1
-7
10
-3127
-30
2900
406668
5
-5
8
-3126
-18
2896
407693
4
-7
9
-3130
-14
2887
408718
3
-10
6
-3129
-8
2898
409743
11
-9
-1
-3125
-23
2920
402559
6
-4
-5
-3121
-16
2905
403584
-5
0
-7
-3118
-18
2904
404609
-17
0
-4
-3137
-44
2895
405634
-18
-4
-5
-3135
-57
2855
406659
-8
-6
-3
-3138
-65
2870
407684
3
-9
3
-3138
-63
2898
408709
4
-8
8
-3125
-47
2901
409734
-5
-9
12
-3134
-49
2884
410759
-15
-12
16
-3143
-49
2873
411784
-12
-17
15
-3137
-45
2873
412809
-4
-18
8
-3117
-29
2896
413834
1
-18
5
-3116
-23
2915
414859
-3
-15
4
-3119
-30
2913
415884
-10
-13
4
-3118
-35
2926
416909
-12
-7
5
-3110
-36
2924
417934
-5
0
3
-3123
-47
2899
410752
5
0
1
-3128
-50
2907
411777
2
0
-1
-3130
-19
2904
412802
-15
6
2
-3132
-37
2896
413827
-13
10
4
-3129
-50
2894
414852
-2
5
2
-3119
-43
2876
415877
0
-5
2
-3133
-47
2852
416902
4
-12
3
-3129
-44
2889
417927
-2
-13
6
-3140
-39
2897
418952
4
-10
4
-3123
-65
2900
419977
16
-9
3
-3120
-31
2923
421002
-6
-4
11
-3117
-46
2903
422027
-14
-3
9
-3111
-39
2908
423052
-10
-3
10
-3122
-50
2903
424077
4
-4
6
-3122
-40
2900
425102
4
-3
6
-3122
-22
2899
426127
-11
-1
8
-3132
-29
2900
418944
-9
0
3
-3129
-37
2894
419969
-2
-2
3
-3120
-46
2894
420994
4
-2
3
-3130
-38
2885
422019
-1
-3
5
-3133
-58
2887
423044
2
-4
5
-3128
-32
2901
424069
-2
-3
5
-3125
-46
2903
425094
-2
-4
1
-3123
-39
2894
426119
-5
-5
4
-3114
-44
2900
427144
-2
-1
6
-3122
-37
2908
428169
4
0
4
-3129
-39
2889
429194
-2
-1
4
-3134
-24
2903
430219
-8
0
3
-3120
-39
2887
431244
2
0
1
-3122
-49
2891
432269
9
1
2
-3116
-52
2920
433294
7
1
2
-3123
-40
2901
434319
-8
0
4
-3125
-39
2886
427136
-12
-2
6
-3134
-43
2885
428161
-1
-2
2
-3132
-40
2892
429186
6
-3
0
-3127
-27
2888
430211
-8
-2
2
-3132
-27
2877
431236
-14
-3
1
-3131
-44
2878
432261
-1
-7
2
-3128
-47
2885
433286
2
-9
5
-3127
-58
2902
434311
10
-6
5
-3122
-45
2922
435336
9
-1
6
-3123
-32
2907
436361
-11
-2
10
-3121
-31
2883
437386
-23
1
13
-3126
-62
2894
438411
1
1
10
-3118
-55
2912
439436
17
-1
5
-3124
-29
2900
440461
-1
-3
3
-3127
-9
2884
441486
-21
-4
6
-3138
-33
2875
442511
-11
-3
5
-3128
-49
2894
435328
7
-4
3
-3122
-39
2895
436353
6
-5
1
-3129
-29
2884
437378
-5
-2
2
-3132
-35
2896
438403
-11
-1
4
-3130
-50
2890
439428
-3
-1
4
-3129
-60
2890
440453
6
-2
6
-3125
-48
2899
441478
2
-4
10
-3120
-49
2886
442503
2
-5
10
-3135
-47
2885
443528
4
-6
8
-3126
-32
2892
444553
-8
-6
9
-3127
-37
2903
445578
-10
-9
4
-3136
-45
2899
446603
-7
-20
-5
-3138
-61
2913
447628
-26
-50
8
-3185
-18
3004
448653
-204
-94
-10
-3112
271
3004
449678
-482
-12
9
-3032
-95
2891
450703
-197
0
21
-3136
-550
2638
443520
189
-64
49
-2969
-210
3246
444545
71
-30
152
-3158
-41
3355
445570
-257
20
105
-3095
331
2780
446595
-532
35
114
-3174
-79
2451
447620
-392
-47
122
-3258
-366
2455
448645
-28
-111
73
-3166
-251
2761
449670
224
-117
26
-3105
-92
2915
450695
258
-93
-9
-3076
78
3004
451720
106
-74
-6
-3047
18
3020
452745
34
-68
-9
-3040
-161
2926
453770
103
-57
-49
-3025
-74
3012
454795
147
4
-52
-2991
4
3131
455820
188
96
-48
-3010
-29
3264
456845
193
167
-19
-3042
-159
3150
457870
42
168
3
-3171
61
2761
458895
-200
110
7
-3140
163
2755
451712
-238
54
-3
-3159
-77
2789
452737
27
22
-55
-3189
-212
2738
453762
244
-12
-90
-3180
-15
2775
454787
169
-40
-77
-3145
-17
2829
455812
45
-46
-60
-3128
-89
2925
456837
-8
-36
-48
-3100
-151
2981
457862
7
-17
-26
-3072
-175
3000
458887
26
4
-8
-3071
-112
2992
459912
14
21
12
-3092
-111
2937
460937
15
17
17
-3107
-62
2891
461962
5
10
22
-3125
-45
2913
462987
-4
10
14
-3115
-25
2939
464012
-12
21
6
-3105
10
2955
465037
-29
25
-2
-3127
2
2906
466062
-19
19
-12
-3114
-31
2862
467087
-3
11
-19
-3152
-3
2851
459904
-21
-4
-21
-3159
-95
2810
460929
10
-18
-19
-3139
-106
2880
461954
21
-19
-13
-3115
-81
2933
462979
3
-8
-4
-3112
-135
2930
464004
0
-4
2
-3106
-128
2911
465029
-11
-7
15
-3119
-122
2888
466054
-21
-17
24
-3126
-126
2886
467079
7
-18
21
-3112
-66
2928
468104
14
-9
20
-3104
-37
2948
469129
-6
-2
17
-3115
-11
2919
470154
-25
-2
11
-3120
-42
2890
471179
-7
-1
3
-3117
-30
2919
472204
6
-1
-6
-3119
-37
2917
473229
3
0
-13
-3115
-52
2911
474254
-7
-1
-16
-3119
-66
2903
475279
-10
-2
-14
-3115
-81
2904
468096
-18
0
-6
-3132
-114
2894
469121
-5
0
-2
-3125
-126
2895
470146
9
-6
3
-3120
-102
2884
471171
9
-7
10
-3121
-90
2899
472196
-4
-5
19
-3130
-92
2898
473221
-7
-6
19
-3118
-69
2899
474246
0
-10
18
-3116
-59
2914
475271
7
-7
17
-3126
-46
2929
476296
5
-3
9
-3116
-33
2917
477321
3
3
3
-3112
-31
2922
478346
-6
6
-2
-3129
-31
2912
479371
-10
6
-6
-3124
-64
2916
480396
1
10
-8
-3113
-56
2937
481421
-7
15
-8
-3128
-95
2903
482446
-2
12
-12
-3108
-85
2914
483471
-4
13
-9
-3123
-83
2898
476288
-7
12
-6
-3127
-97
2884
477313
-7
11
-2
-3135
-80
2882
478338
-5
6
-1
-3138
-84
2872
479363
7
3
-4
-3137
-81
2900
480388
2
2
-3
-3139
-67
2878
481413
-14
0
-1
-3123
-82
2883
482438
-9
0
2
-3134
-83
2891
483463
8
2
3
-3136
-101
2895
484488
16
0
5
-3118
-70
2907
485513
-3
2
8
-3128
-74
2911
486538
-14
-1
4
-3143
-97
2884
487563
-2
0
3
-3121
-84
2892
488588
-1
1
9
-3121
-75
2901
489613
-7
1
8
-3131
-85
2882
490638
-5
0
7
-3132
-83
2883
491663
1
-3
6
-3132
-73
2897
484480
0
-2
6
-3132
-62
2892
485505
-9
-4
5
-3133
-75
2881
486530
-5
-9
5
-3135
-75
2897
487555
4
-10
3
-3134
-70
2897
488580
-5
-13
1
-3129
-65
2872
489605
-24
-13
4
-3142
-68
2873
490630
-26
-14
8
-3127
-114
2890
491655
16
-12
3
-3117
-80
2910
492680
19
-12
3
-3121
-89
2899
493705
5
-9
4
-3117
-59
2924
494730
-14
-4
4
-3130
-62
2914
495755
-10
0
-2
-3115
-68
2906
496780
5
4
-4
-3118
-74
2915
497805
4
5
-2
-3123
-63
2915
498830
-14
7
-3
-3133
-75
2894
499855
-15
7
-6
-3136
-87
2884
492710
-1
6
-6
-3136
-86
2893
493735
0
6
-3
-3135
-86
2882
494760
-9
5
1
-3141
-96
2865
495785
-9
-2
5
-3142
-107
2873
496810
4
-5
4
-3135
-91
2880
497835
9
-8
3
-3129
-89
2898
498860
3
-9
8
-3126
-71
2897
499885
-15
-8
14
-3136
-82
2879
500910
-15
-8
13
-3140
-85
2881
501935
3
-11
5
-3146
-66
2878
502960
5
-13
5
-3141
-56
2890
503985
-8
-11
9
-3136
-89
2897
505010
6
-12
4
-3117
-110
2904
506035
24
-12
3
-3109
-74
2925
507060
2
-10
7
-3126
-83
2922
508085
-9
-5
4
-3125
-82
2911
500864
-6
-1
3
-3128
-71
2909
501889
-8
0
3
-3132
-79
2890
502914
-1
-2
-1
-3124
-74
2884
503939
-4
-2
-1
-3129
-68
2878
504964
-7
-2
0
-3138
-96
2892
505989
5
-6
-2
-3133
-86
2891
507014
1
-9
3
-3131
-98
2896
508039
-3
-11
6
-3120
-107
2896
509064
0
-11
10
-3122
-99
2902
510089
-3
-7
15
-3128
-92
2905
511114
-11
-5
20
-3127
-85
2888
512139
-9
-5
16
-3126
-85
2889
513164
2
-7
13
-3133
-62
2912
514189
-5
-15
18
-3144
-62
2928
515214
-23
-23
17
-3153
-45
2935
516239
-48
-33
-2
-3141
-19
2950
509057
-94
-43
-31
-3117
-36
2876
510082
-100
-48
-37
-3128
-134
2709
511107
-22
-81
16
-3059
108
3121
512132
-93
-43
176
-2970
-295
3555
513157
-204
20
123
-3202
11
2905
514182
-410
14
115
-3078
23
2411
515207
-488
-37
145
-3225
-364
2472
516232
-177
-96
110
-3276
-528
2623
517257
202
-126
35
-3125
-211
2828
518282
273
-110
18
-3074
-10
3002
519307
181
-83
13
-3038
-80
3042
520332
133
-65
11
-2989
-64
3138
521357
109
-26
-47
-2980
131
3137
522382
50
37
-73
-2936
51
3109
523407
57
115
-26
-2995
-184
3216
524432
83
163
23
-3181
-211
3053
517247
-18
135
-15
-3161
173
2780
518272
-136
94
-52
-3087
97
2752
519297
-47
65
-60
-3156
-257
2789
520322
157
30
-91
-3184
-97
2788
521347
154
6
-97
-3154
-9
2733
522372
71
-12
-63
-3178
-140
2798
523397
47
-23
-37
-3138
-239
2968
524422
61
-3
-19
-3097
-201
3059
525447
41
18
-6
-3095
-165
2979
526472
27
24
4
-3089
-108
2914
527497
-2
22
25
-3100
-66
2922
528522
-15
24
38
-3115
-95
2914
529547
22
24
28
-3109
-43
2931
530572
32
26
14
-3140
-2
2915
531597
15
22
3
-3149
5
2851
532622
-3
13
-8
-3149
-43
2818
525440
5
1
-11
-3147
-71
2849
526465
15
-7
-17
-3141
-90
2869
527490
22
-9
-15
-3133
-105
2913
528515
14
-2
-9
-3131
-107
2909
529540
13
1
-6
-3130
-119
2881
530565
12
0
8
-3123
-115
2930
531590
-6
4
21
-3127
-110
2910
532615
-5
9
19
-3127
-119
2904
533640
18
12
15
-3136
-53
2907
534665
4
10
15
-3135
-72
2880
535690
8
10
11
-3126
-58
2887
536715
9
6
8
-3141
-48
2894
537740
11
5
4
-3140
-58
2872
538765
14
4
1
-3141
-71
2872
539790
20
1
1
-3143
-69
2888
540815
17
1
-1
-3149
-74
2875
533632
17
-4
-6
-3146
-65
2876
534657
12
-5
-3
-3149
-73
2884
535682
15
-3
0
-3134
-84
2893
536707
14
-1
4
-3137
-74
2902
537732
-1
1
7
-3155
-69
2890
538757
2
-1
5
-3146
-55
2876
539782
-6
-2
5
-3154
-60
2863
540807
-16
-6
6
-3154
-86
2840
541832
-5
-20
3
-3155
-89
2835
542857
10
-36
1
-3150
-90
2859
543882
23
-36
5
-3119
-67
2936
544907
4
-20
14
-3127
-55
2945
545932
-14
-5
9
-3113
-78
2925
546957
0
-2
7
-3123
-54
2894
547982
2
-1
9
-3125
-51
2893
549007
1
-3
7
-3147
-50
2875
541825
-1
-7
6
-3137
-59
2876
542850
-5
-7
6
-3142
-60
2884
543875
-1
-10
-1
-3133
-80
2880
544900
5
-15
-2
-3126
-77
2881
545925
1
-19
2
-3145
-75
2887
546950
-5
-23
6
-3135
-69
2893
547975
-6
-21
10
-3124
-62
2899
549000
-5
-13
12
-3123
-70
2902
550025
4
-11
9
-3121
-73
2896
551050
8
-13
9
-3122
-64
2910
552075
2
-7
12
-3122
-44
2912
553100
3
-5
8
-3121
-46
2913
554125
5
-8
4
-3129
-49
2912
555150
-5
-9
-1
-3123
-40
2900
556175
-15
-5
-2
-3117
-71
2909
557200
-4
-2
-2
-3131
-65
2915
550016
3
2
-4
-3123
-50
2923
551041
-13
10
-1
-3118
-59
2904
552066
-23
12
2
-3136
-85
2890
553091
-3
6
-1
-3134
-84
2902
554116
18
7
-2
-3125
-44
2906
555141
-8
13
2
-3131
-56
2897
556166
-25
14
7
-3139
-90
2887
557191
-5
7
2
-3137
-75
2877
558216
3
3
-1
-3131
-61
2879
559241
-4
0
-3
-3137
-58
2870
560266
-11
-3
-1
-3130
-82
2886
561291
-8
-4
1
-3133
-84
2901
562316
2
-2
1
-3122
-75
2910
563341
5
0
0
-3130
-71
2892
564366
2
1
-2
-3130
-60
2892
565391
-9
2
2
-3139
-52
2899
558208
-20
3
4
-3139
-81
2881
559233
2
2
-2
-3130
-75
2877
560258
15
-2
-4
-3136
-61
2878
561283
4
-4
0
-3134
-66
2899
562308
-5
-2
0
-3132
-68
2893
563333
-4
-1
0
-3140
-66
2867
564358
-4
-4
3
-3137
-80
2874
565383
-2
-5
4
-3141
-79
2896
566408
1
-8
2
-3133
-72
2883
567433
2
-10
3
-3128
-82
2871
568458
0
-13
4
-3137
-68
2891
569483
-5
-13
4
-3129
-75
2894
570508
3
-11
3
-3117
-78
2901
571533
6
-12
6
-3135
-65
2904
572558
-3
-10
7
-3137
-72
2896
573583
-6
-10
4
-3128
-68
2884
566399
-7
-8
7
-3126
-78
2905
567424
6
-6
6
-3125
-72
2909
568449
8
-7
2
-3135
-55
2888
569474
-6
-9
6
-3144
-58
2893
570499
-11
-6
7
-3133
-74
2903
571524
-1
-4
1
-3132
-73
2891
572549
0
-9
-1
-3127
-73
2884
573574
-4
-13
0
-3128
-83
2893
574599
-2
-15
-1
-3119
-82
2908
575624
5
-15
1
-3122
-98
2923
576649
5
-15
4
-3130
-80
2907
577674
-18
-15
12
-3156
-83
2901
578699
-57
-41
27
-3238
-14
2918
579724
-291
-199
52
-3429
415
2614
580749
-680
-235
90
-2931
-40
2772
581774
-494
-42
102
-2999
-1021
3101
574592
463
24
132
-2611
-978
4026
575617
574
79
179
-3157
656
3643
576642
-380
133
138
-3058
798
2270
577667
-1031
94
245
-3312
-358
2099
578692
-708
-47
181
-3419
-572
2363
579717
-7
-117
23
-3140
-254
2690
580742
465
-115
-76
-3051
3
2919
581767
575
-98
-104
-3111
-53
2953
582792
512
-72
-129
-3040
43
3132
583817
314
-32
-140
-2945
150
3195
584842
90
7
-134
-2999
7
3042
585867
77
17
-130
-3104
-180
2828
586892
211
15
-112
-3041
-114
3087
587917
238
84
-32
-3010
-136
3459
588942
73
150
-4
-3146
-110
3059
589967
-151
140
-20
-3080
33
2781
582785
-263
95
15
-3161
-87
2747
583810
-155
49
11
-3209
-181
2761
584835
77
26
-28
-3160
-104
2796
585860
157
12
-38
-3144
-21
2821
586885
72
0
-21
-3155
-54
2859
587910
-36
-8
-3
-3146
-119
2901
588935
-59
-4
-1
-3112
-155
2917
589960
-5
0
-9
-3110
-105
2926
590985
26
-2
-4
-3108
-80
2908
592010
16
-3
7
-3105
-69
2921
593035
-4
0
14
-3123
-67
2912
594060
1
1
9
-3127
-64
2904
595085
4
3
3
-3120
-42
2922
596110
-20
8
3
-3134
-78
2913
597135
-40
5
2
-3141
-86
2858
598160
-38
-7
-5
-3144
-78
2839
590976
-15
-7
-7
-3143
-106
2898
592001
4
-6
-3
-3132
-96
2927
593026
-4
-4
3
-3105
-104
2907
594051
-2
0
7
-3115
-114
2914
595076
2
3
7
-3129
-107
2893
596101
-8
1
6
-3134
-81
2873
597126
-13
-4
6
-3131
-102
2883
598151
8
-4
6
-3127
-94
2922
599176
1
-1
6
-3124
-68
2919
600201
-21
2
5
-3119
-102
2898
601226
-34
-2
2
-3141
-94
2865
602251
-31
-8
-3
-3143
-98
2872
603276
-11
-12
-2
-3126
-103
2886
604301
1
-17
4
-3127
-81
2898
605326
-3
-13
6
-3131
-76
2923
606351
1
-9
-1
-3126
-85
2899
599169
13
-8
-3
-3116
-87
2921
600194
4
-5
-1
-3119
-70
2922
601219
-8
3
-2
-3115
-86
2904
602244
-3
4
-2
-3138
-104
2873
603269
6
0
-1
-3134
-97
2881
604294
0
-3
1
-3131
-101
2906
605319
-8
-3
5
-3125
-125
2919
606344
-3
-5
6
-3137
-122
2886
607369
-13
-9
10
-3135
-97
2872
608394
-16
-8
12
-3128
-103
2895
609419
4
-6
8
-3129
-76
2900
610444
2
-9
8
-3124
-84
2889
611469
-5
-13
8
-3121
-87
2890
612494
7
-12
5
-3133
-104
2921
613519
23
-10
-1
-3121
-74
2919
614544
13
-3
1
-3112
-76
2932
607359
-3
4
2
-3135
-95
2924
608384
4
8
-3
-3120
-105
2912
609409
12
11
-2
-3117
-90
2913
610434
3
12
0
-3138
-88
2906
611459
-1
13
1
-3140
-99
2883
612484
-3
9
3
-3133
-98
2868
613509
4
4
3
-3135
-100
2883
614534
5
-3
4
-3141
-103
2863
615559
11
-9
4
-3133
-98
2876
616584
4
-11
10
-3141
-90
2895
617609
-9
-13
13
-3140
-103
2895
618634
3
-14
10
-3124
-106
2894
619659
19
-14
7
-3125
-87
2903
620684
8
-14
10
-3126
-72
2918
621709
-10
-10
10
-3120
-80
2910
622734
-8
-9
8
-3124
-88
2904
615552
7
-5
5
-3120
-83
2919
616577
12
-5
1
-3126
-67
2906
617602
-5
-1
5
-3125
-82
2917
618627
-11
4
4
-3121
-90
2901
619652
1
3
-2
-3127
-94
2887
620677
10
-3
-2
-3126
-76
2903
621702
1
-3
1
-3137
-67
2901
622727
-12
-4
1
-3129
-87
2871
623752
-4
-6
2
-3124
-100
2868
624777
12
-9
2
-3130
-89
2900
625802
13
-8
2
-3130
-87
2903
626827
0
-6
6
-3132
-80
2898
627852
-6
-2
11
-3125
-101
2903
628877
10
-4
6
-3122
-102
2901
629902
15
-4
2
-3114
-76
2919
630927
-1
-3
4
-3121
-66
2922
623744
-16
0
3
-3128
-74
2891
624769
-13
3
3
-3131
-96
2887
625794
5
-2
-1
-3132
-79
2889
626819
5
-6
-2
-3130
-83
2888
627844
-1
-6
-2
-3133
-75
2879
628869
-1
-6
-2
-3145
-85
2888
629894
-2
-9
5
-3142
-116
2882
630919
1
-13
10
-3125
-103
2899
631944
2
-16
13
-3118
-104
2902
632969
7
-18
12
-3123
-89
2887
633994
1
-17
11
-3129
-84
2903
635019
-12
-22
14
-3144
-58
2940
636044
-127
-91
51
-3311
175
2793
637069
-453
-204
76
-3236
184
2716
638094
-696
-177
86
-3029
-519
2876
639119
-291
-72
84
-2806
-934
3242
631935
605
-34
203
-3017
-782
3495
632960
360
20
138
-3032
574
3205
633985
-513
60
230
-3162
443
2627
635010
-884
4
255
-3218
-176
2513
636035
-515
-55
195
-3096
-530
2702
637060
118
-73
74
-3034
-119
2844
638085
387
-57
-15
-3075
146
2972
639110
326
-38
-61
-3108
86
2976
640135
188
-52
-76
-3104
234
2921
641160
4
-54
-80
-3063
44
2941
642185
23
-39
-92
-3035
-277
2999
643210
176
-18
-103
-3030
-224
3057
644235
194
12
-91
-3034
-169
3035
645260
128
37
-67
-3053
-169
2999
646285
76
50
-42
-3068
-156
3005
647310
80
58
-55
-3054
-105
3015
640128
93
56
-68
-3039
2
2969
641153
66
49
-71
-3039
9
2926
642178
44
41
-41
-3055
-110
2886
643203
126
50
-2
-3116
-193
2938
644228
178
57
19
-3199
-40
3019
645253
-4
53
0
-3156
37
2901
646278
-136
39
-25
-3090
-66
2846
647303
-75
14
-34
-3104
-201
2866
648328
71
-12
-29
-3129
-182
2894
649353
120
-29
-30
-3090
-17
2933
650378
24
-12
-17
-3101
-4
2967
651403
-73
-1
-13
-3126
-121
2923
652428
-65
-2
-16
-3094
-147
2897
653453
-16
-5
-13
-3106
-114
2908
654478
22
-3
-9
-3104
-113
2930
655503
30
-7
-2
-3101
-93
2934
648320
14
-9
0
-3110
-64
2922
649345
-17
-13
1
-3113
-93
2898
650370
-23
-10
2
-3095
-93
2940
651395
-15
-3
-1
-3098
-67
2952
652420
-4
1
-4
-3093
-87
2929
653445
11
2
-4
-3089
-81
2926
654470
6
3
-5
-3105
-83
2912
655495
-1
4
-3
-3106
-87
2923
656520
-9
5
-4
-3104
-106
2935
657545
-10
0
-4
-3098
-131
2915
658570
5
2
2
-3097
-111
2925
659595
4
4
7
-3098
-101
2905
660620
0
7
8
-3106
-101
2917
661645
-2
5
8
-3105
-113
2913
662670
5
-3
6
-3100
-73
2924
663695
-2
-3
8
-3112
-81
2902
656511
-3
-3
10
-3111
-76
2921
657536
-4
-5
8
-3111
-71
2911
658561
8
-6
-2
-3111
-71
2905
659586
10
-3
-3
-3101
-84
2930
660611
5
1
-1
-3099
-81
2940
661636
-6
6
-1
-3107
-106
2928
662661
1
4
0
-3104
-118
2914
663686
13
3
-3
-3094
-91
2926
664711
-1
3
4
-3108
-107
2913
665736
-6
3
6
-3113
-103
2908
666761
-4
3
5
-3108
-97
2905
667786
-5
1
5
-3111
-106
2901
668811
1
-3
3
-3108
-95
2905
669836
4
-6
2
-3114
-90
2915
670861
4
-8
3
-3104
-106
2921
671886
-3
-8
4
-3103
-106
2925
664705
2
-4
3
-3103
-104
2929
665730
9
-1
2
-3107
-85
2915
666755
5
0
4
-3097
-91
2929
667780
-4
3
7
-3109
-92
2929
668805
-2
7
1
-3097
-85
2923
669830
2
7
-3
-3105
-77
2916
670855
-2
2
-5
-3121
-79
2900
671880
0
1
-7
-3109
-86
2905
672905
-3
2
-8
-3115
-97
2903
673930
-4
-3
-9
-3112
-111
2912
674955
2
-3
-7
-3110
-110
2915
675980
1
-4
-1
-3120
-100
2903
677005
-12
-7
6
-3114
-116
2885
678030
-4
-11
8
-3113
-119
2897
679055
13
-15
6
-3120
-109
2905
680080
12
-17
8
-3107
-98
2924
672896
-3
-16
11
-3100
-99
2916
673921
-1
-16
12
-3097
-111
2942
674946
12
-15
9
-3100
-94
2944
675971
10
-11
6
-3101
-61
2940
676996
-13
-4
4
-3108
-75
2919
678021
-14
-1
-1
-3105
-88
2919
679046
2
-1
-5
-3100
-87
2927
680071
1
-3
-6
-3104
-94
2923
681096
-6
-1
-5
-3106
-108
2913
682121
-2
-3
-2
-3116
-130
2910
683146
5
-6
1
-3105
-127
2909
684171
6
-1
6
-3094
-114
2941
685196
-3
1
10
-3108
-103
2922
686221
-4
2
8
-3100
-104
2916
687246
2
2
6
-3110
-82
2914
688271
-1
0
5
-3105
-83
2917
681089
-8
-3
2
-3107
-78
2915
682114
-9
-4
1
-3115
-96
2919
683139
4
-3
-2
-3115
-110
2911
684164
12
-1
-4
-3103
-83
2925
685189
-5
5
3
-3114
-97
2919
686214
-13
7
5
-3119
-118
2918
687239
-4
6
4
-3110
-125
2909
688264
11
2
4
-3115
-126
2912
689289
14
-2
6
-3113
-104
2911
690314
3
-3
8
-3103
-97
2919
691339
-5
-4
10
-3111
-101
2904
692364
-1
-6
8
-3111
-92
2907
693389
-3
-7
10
-3109
-95
2914
694414
-3
-8
11
-3109
-107
2933
695439
8
-9
14
-3107
-101
2940
696464
16
-12
21
-3139
-86
2979
689280
-22
-19
-5
-3111
18
3073
690305
-202
-53
-17
-3209
154
2883
691330
-373
-115
-50
-3158
96
2246
692355
-128
-100
105
-2733
-780
3670
693380
135
5
210
-3134
-497
3782
694405
-20
85
118
-3034
249
2725
695430
-534
54
138
-3168
72
2241
696455
-590
-43
141
-3349
-373
2427
697480
-181
-102
57
-3206
-301
2744
698505
196
-112
-32
-2974
-90
2969
699530
271
-85
-35
-2998
-65
3054
700555
204
-61
-20
-3074
-111
2959
701580
202
-34
-36
-3031
-82
2991
702605
212
16
-61
-3040
-89
3085
703630
211
51
-104
-3033
-44
3026
704655
205
74
-105
-3000
-73
3081
697471
170
104
-49
-3036
-127
3090
698496
134
119
-19
-3117
-69
2971
699521
-34
103
-8
-3139
45
2878
700546
-139
67
-20
-3153
-123
2767
701571
-16
21
-48
-3150
-216
2778
702596
128
-11
-51
-3176
-98
2802
703621
102
-22
-38
-3130
-95
2881
704646
20
-16
-14
-3114
-126
2941
705671
-30
-12
-9
-3109
-138
2954
706696
-48
-9
-6
-3098
-146
2921
707721
-17
-9
7
-3085
-168
2915
708746
24
-8
16
-3096
-94
2930
709771
4
-9
24
-3121
-124
2961
710796
33
2
0
-3092
-22
3014
711821
-2
22
-6
-3094
1
2958
712846
-61
23
0
-3097
-110
2893
705921
-37
13
-7
-3105
-82
2912
706946
-10
13
-14
-3127
-91
2903
707971
6
11
-16
-3134
-132
2878
708996
16
5
-16
-3116
-112
2911
710021
-5
9
-10
-3117
-104
2937
711046
-24
13
-7
-3115
-141
2892
712071
-7
7
-7
-3124
-137
2877
713096
8
-2
-5
-3129
-109
2886
714121
9
-4
-1
-3119
-121
2888
715146
11
-3
1
-3111
-124
2906
716171
14
-2
4
-3119
-109
2930
717196
2
-1
4
-3131
-122
2901
718221
-7
-4
8
-3119
-130
2902
719246
-5
-6
11
-3116
-114
2903
720271
2
-7
9
-3122
-115
2908
721296
13
-7
4
-3111
-102
2925
713857
11
-7
2
-3111
-84
2913
714882
0
-6
2
-3100
-92
2924
715907
-9
-3
5
-3124
-97
2907
716932
-10
-4
3
-3122
-126
2897
717957
7
-2
2
-3113
-101
2926
718982
-5
2
6
-3125
-122
2906
720007
-6
2
4
-3115
-122
2903
721032
0
-4
5
-3119
-138
2900
722057
10
-11
5
-3118
-93
2906
723082
-7
-9
10
-3113
-108
2905
724107
-7
-9
9
-3121
-111
2925
725132
4
-11
5
-3116
-103
2928
726157
0
-8
6
-3116
-86
2924
727182
-10
-3
9
-3103
-100
2920
728207
-5
0
6
-3116
-103
2915
729232
-2
3
5
-3114
-112
2915
722047
-4
-1
1
-3115
-120
2903
723072
5
-4
-1
-3107
-111
2923
724097
2
-5
2
-3123
-115
2908
725122
3
-3
2
-3113
-104
2909
726147
-3
-2
5
-3124
-104
2914
727172
-6
-4
4
-3125
-104
2896
728197
6
-3
-1
-3120
-99
2907
729222
11
-3
-3
-3119
-89
2909
730247
-2
-2
-1
-3114
-103
2911
731272
-7
0
2
-3107
-119
2901
732297
2
-3
6
-3118
-125
2905
733322
15
-9
5
-3125
-114
2897
734347
5
-13
7
-3122
-95
2909
735372
-10
-10
9
-3126
-118
2914
736397
7
-8
7
-3106
-114
2917
737422
14
-8
8
-3104
-94
2929
730240
3
-5
9
-3117
-86
2932
731265
-6
-2
6
-3116
-91
2919
732290
-8
2
4
-3108
-97
2909
733315
1
0
1
-3108
-108
2919
734340
8
-1
-2
-3108
-86
2934
735365
-8
5
0
-3117
-98
2905
736390
-13
7
1
-3126
-117
2886
737415
-3
4
0
-3118
-111
2905
738440
1
1
1
-3123
-111
2897
739465
-4
-6
4
-3126
-121
2884
740490
-3
-11
6
-3124
-119
2898
741515
4
-9
9
-3121
-104
2922
742540
-1
-7
5
-3114
-100
2920
743565
-6
-4
3
-3108
-108
2898
744590
-6
-7
6
-3122
-104
2916
745615
-4
-4
11
-3116
-113
2931
738433
-1
0
10
-3096
-103
2923
739458
-3
1
7
-3111
-101
2905
740483
-6
0
7
-3121
-115
2898
741508
-1
-2
6
-3112
-110
2910
742533
5
0
6
-3120
-101
2911
743558
4
-1
4
-3117
-109
2898
744583
-4
-4
3
-3117
-99
2910
745608
-3
-6
0
-3118
-110
2921
746633
9
-7
-3
-3115
-99
2912
747658
4
-5
0
-3124
-91
2907
748683
-11
-3
3
-3116
-106
2906
749708
-5
-1
0
-3124
-115
2913
750733
7
1
-4
-3121
-106
2913
751758
3
0
-2
-3124
-97
2898
752783
-10
-2
2
-3114
-118
2896
753808
-1
-4
2
-3117
-134
2901
746624
10
-9
-2
-3116
-135
2900
747649
8
-14
3
-3115
-119
2908
748674
1
-14
10
-3125
-119
2901
749699
-2
-14
13
-3110
-129
2902
750724
5
-17
11
-3129
-115
2916
751749
10
-19
6
-3119
-104
2900
752774
8
-18
4
-3112
-75
2913
753799
-9
-18
14
-3115
-98
2922
754824
-20
-39
34
-3196
-96
2922
755849
-58
-76
-18
-3150
130
3012
756874
-222
-61
-24
-3045
11
2994
757899
-344
-68
24
-3122
-222
2633
758924
-122
-82
119
-2799
-648
3312
759949
82
-40
203
-3162
-207
3502
760974
-173
9
145
-3060
270
2728
761999
-524
13
158
-3172
-180
2317
754816
-399
-86
158
-3334
-545
2383
755841
17
-156
70
-3166
-164
2804
756866
199
-134
17
-3006
16
3097
757891
195
-85
0
-2995
-64
3043
758916
180
-52
0
-3013
-114
3026
759941
161
-30
-15
-3002
-70
3061
760966
134
3
-38
-2975
-22
3157
761991
120
43
-68
-2996
-30
3156
763016
148
85
-95
-2982
-80
3098
764041
197
117
-102
-3051
-15
2983
765066
154
125
-115
-3075
45
2915
766091
46
126
-81
-3079
-78
2957
767116
7
118
-42
-3175
-278
2912
768141
6
89
-50
-3181
-135
2850
769166
12
55
-58
-3129
-79
2783
770191
39
24
-51
-3165
-164
2775
763008
75
-7
-39
-3146
-200
2812
764033
69
-26
-13
-3114
-152
2917
765058
14
-28
14
-3104
-131
2963
766083
-5
-18
17
-3089
-126
2936
767108
11
-13
19
-3095
-128
2933
768133
41
-3
23
-3090
-78
2987
769158
24
5
22
-3076
-30
2982
770183
-4
16
17
-3079
-9
2964
771208
-18
22
12
-3117
-40
2933
772233
-4
23
-6
-3107
-29
2919
773258
-12
26
-14
-3114
-43
2913
774283
-27
28
-14
-3121
-82
2896
775308
-18
25
-15
-3121
-127
2880
776333
-9
13
-11
-3145
-114
2849
777358
-22
4
-10
-3144
-149
2861
778383
9
-3
-13
-3107
-155
2894
771200
18
-11
0
-3119
-137
2906
772225
-4
-14
8
-3122
-134
2900
773250
5
-7
10
-3102
-131
2938
774275
2
-6
17
-3128
-101
2900
775300
-2
-3
11
-3100
-102
2929
776325
8
1
8
-3109
-56
2943
777350
-13
1
6
-3117
-83
2891
778375
-9
1
2
-3119
-88
2903
779400
-1
2
1
-3122
-98
2900
780425
6
0
-3
-3109
-97
2908
781450
-1
-1
1
-3124
-92
2915
782475
-11
-1
2
-3139
-109
2877
783500
-7
-1
4
-3133
-123
2892
784525
4
-1
6
-3114
-116
2895
785550
1
-5
9
-3115
-107
2883
786575
-3
-11
13
-3130
-92
2911
779392
-4
-15
11
-3127
-98
2905
780417
4
-10
7
-3118
-85
2899
781442
3
-10
6
-3114
-87
2913
782467
-2
-8
7
-3112
-89
2926
783492
-3
-2
6
-3117
-97
2917
784517
0
0
1
-3112
-92
2906
785542
-2
-2
1
-3113
-99
2922
786567
-7
0
3
-3102
-98
2923
787592
-13
1
8
-3112
-115
2914
788617
-4
1
6
-3121
-110
2907
789642
-11
-3
10
-3130
-107
2890
790667
-18
0
3
-3126
-81
2893
791692
-19
4
3
-3122
-99
2896
792717
-10
-1
3
-3115
-120
2926
793742
4
-7
0
-3113
-111
2907
794767
4
-5
1
-3109
-93
2920
787585
-7
1
6
-3114
-108
2923
788610
-3
5
2
-3126
-98
2900
789635
-3
7
2
-3122
-91
2884
790660
-13
9
6
-3123
-91
2914
791685
-6
9
5
-3115
-114
2908
792710
7
2
0
-3115
-89
2885
793735
-2
-2
1
-3137
-103
2877
794760
-4
-8
0
-3129
-94
2898
795785
-3
-7
1
-3132
-98
2900
796810
0
-6
1
-3125
-118
2894
797835
6
-8
3
-3126
-104
2910
798860
-5
-8
10
-3126
-111
2902
799885
-7
-9
11
-3121
-121
2887
800910
0
-13
13
-3123
-118
2898
801935
3
-15
15
-3113
-124
2900
802960
7
-14
15
-3105
-112
2912
795776
8
-13
18
-3113
-96
2925
796801
-5
-13
17
-3112
-86
2920
797826
-9
-7
11
-3122
-67
2918
798851
-8
-5
4
-3110
-57
2907
799876
-8
-4
-2
-3122
-73
2908
800901
-5
-5
-7
-3110
-87
2915
801926
-1
-4
-8
-3113
-111
2899
802951
-3
-6
-3
-3118
-120
2902
803976
-2
-3
5
-3122
-135
2919
805001
2
0
6
-3117
-125
2904
806026
-3
-2
10
-3124
-108
2893
807051
-7
-7
14
-3130
-119
2895
808076
3
-10
12
-3112
-95
2909
809101
-3
-11
17
-3118
-90
2902
810126
-5
-15
16
-3120
-88
2892
811151
3
-16
11
-3116
-70
2902
803969
8
-17
7
-3123
-85
2922
804994
17
-16
-1
-3105
-66
2922
806019
5
-11
0
-3112
-69
2934
807044
-13
-6
3
-3116
-98
2931
808069
-6
0
-1
-3097
-106
2928
809094
4
2
-1
-3099
-102
2925
810119
4
4
2
-3110
-101
2927
811144
-2
6
2
-3112
-95
2895
812169
-9
3
5
-3117
-103
2893
813194
-4
-3
3
-3124
-107
2901
814219
7
-8
-1
-3118
-83
2890
815244
-1
-12
4
-3113
-99
2905
816269
-13
-14
11
-3123
-122
2903
817294
-8
-18
8
-3111
-120
2897
818319
7
-20
10
-3115
-112
2917
819344
4
-20
15
-3113
-91
2913
812159
-15
-20
19
-3110
-115
2901
813184
-9
-22
22
-3106
-122
2903
814209
11
-26
20
-3106
-105
2916
815234
11
-26
17
-3097
-81
2933
816259
-15
-29
32
-3128
-80
2945
817284
-43
-69
47
-3235
-3
2920
818309
-140
-110
-13
-3051
59
3132
819334
-375
-83
25
-3058
74
2950
820359
-236
-135
210
-2963
-656
2763
821384
94
-107
153
-3122
-236
3251
822409
-82
-26
161
-3054
45
2920
823434
-313
1
114
-3114
25
2718
824459
-257
-37
105
-3159
-346
2672
825484
58
-75
53
-3077
-150
2831
826509
175
-77
17
-3021
45
2995
827534
123
-51
0
-3022
-6
3075
820352
113
-16
-19
-3002
-114
3123
821377
165
21
-44
-2994
-32
3095
822402
151
51
-65
-3013
7
3031
823427
98
66
-73
-3070
-68
2948
824452
122
69
-94
-3061
-85
2937
825477
156
72
-106
-3042
19
2987
826502
111
87
-112
-3036
56
3022
827527
26
98
-100
-3063
-61
2979
828552
16
84
-79
-3108
-162
2865
829577
82
58
-51
-3095
-224
2856
830602
87
41
-5
-3192
-162
2891
831627
0
29
-1
-3157
-100
2928
832652
-29
23
-11
-3122
-146
2887
833677
9
-3
-12
-3106
-128
2857
834702
34
-19
2
-3088
-75
2907
835727
14
-17
26
-3094
-50
2954
828544
13
-10
19
-3095
-27
2955
829569
21
-1
4
-3092
-18
2958
830594
-10
3
5
-3129
-50
2910
831619
-20
4
-3
-3102
-52
2922
832644
-10
10
-7
-3096
-54
2937
833669
-6
13
-9
-3097
-77
2934
834694
-3
13
-11
-3106
-88
2916
835719
-7
11
-8
-3099
-98
2914
836744
1
6
-11
-3119
-81
2902
837769
-11
3
-3
-3116
-120
2898
838794
-10
-1
2
-3119
-127
2897
839819
9
-7
2
-3121
-113
2894
840844
14
-10
3
-3108
-71
2925
841869
-2
-4
7
-3108
-78
2934
842894
-7
-2
8
-3096
-93
2936
843919
11
-1
1
-3097
-73
2926
836735
12
1
0
-3105
-53
2929
837760
-6
5
4
-3108
-68
2912
838785
-3
3
0
-3110
-69
2913
839810
10
2
-4
-3109
-80
2918
840835
8
3
-8
-3110
-69
2909
841860
-12
4
-6
-3110
-90
2902
842885
-9
2
-5
-3109
-101
2913
843910
-1
-2
-5
-3108
-80
2897
844935
-12
-6
1
-3115
-94
2897
845960
-21
-11
2
-3135
-99
2878
846985
-3
-14
-1
-3120
-112
2900
848010
21
-14
4
-3103
-79
2942
849035
2
-9
10
-3104
-95
2942
850060
-11
-6
11
-3100
-86
2928
851085
-3
1
9
-3096
-97
2939
852110
4
7
5
-3096
-77
2927
845081
-4
4
4
-3107
-70
2925
846106
-9
0
1
-3113
-73
2925
847131
-4
5
-6
-3112
-67
2913
848156
-6
6
-9
-3116
-61
2905
849181
-18
6
-7
-3124
-88
2896
850206
-14
4
-5
-3118
-104
2894
851231
-2
1
-5
-3117
-110
2912
852256
3
4
1
-3110
-110
2912
853281
-3
6
6
-3115
-95
2900
854306
-12
4
9
-3116
-111
2909
855331
3
0
8
-3112
-95
2912
856356
6
-3
7
-3113
-81
2906
857381
-6
-4
8
-3116
-65
2904
858406
-20
-5
8
-3117
-94
2903
859431
-15
-11
2
-3123
-98
2878
860456
-1
-14
0
-3121
-87
2908
853121
9
-12
0
-3110
-87
2930
854146
1
-9
1
-3114
-94
2928
855171
0
-5
1
-3109
-87
2926
856196
1
-3
1
-3108
-87
2921
857221
-6
1
2
-3118
-93
2935
858246
-9
3
-1
-3104
-102
2917
859271
-2
4
-1
-3102
-92
2899
860296
-2
1
3
-3115
-94
2904
861321
-1
-3
1
-3123
-99
2905
862346
5
-4
-3
-3117
-84
2914
863371
-3
-2
-3
-3119
-93
2908
864396
-6
-4
-4
-3118
-100
2896
865421
-2
-6
-2
-3111
-108
2906
866446
2
-6
1
-3115
-112
2922
867471
4
-4
1
-3113
-106
2913
868496
-4
-4
2
-3115
-97
2904
861314
-6
-2
6
-3122
-94
2909
862339
3
-1
4
-3113
-97
2910
863364
7
-8
3
-3119
-115
2884
864389
24
-15
0
-3097
-92
2916
865414
13
-7
10
-3106
-83
2968
866439
-9
3
7
-3115
-79
2907
867464
-12
4
-1
-3108
-74
2892
868489
-10
0
1
-3120
-91
2909
869514
-5
-2
-2
-3121
-101
2883
870539
1
-3
-4
-3105
-102
2893
871564
7
-5
0
-3130
-116
2900
872589
9
-7
0
-3114
-101
2914
873614
1
-9
1
-3101
-120
2917
874639
5
-9
2
-3104
-130
2929
875664
11
-9
5
-3110
-107
2943
876689
-3
-5
9
-3119
-79
2910
869505
-14
-1
9
-3130
-95
2902
870530
0
0
5
-3116
-81
2913
871555
9
0
-2
-3108
-72
2901
872580
-2
-2
-2
-3113
-89
2900
873605
-7
-4
1
-3113
-118
2912
874630
6
-3
2
-3116
-106
2925
875655
9
-1
5
-3106
-119
2921
876680
3
0
7
-3101
-95
2917
877705
-10
1
10
-3110
-107
2921
878730
-3
3
11
-3118
-93
2911
879755
1
3
10
-3109
-83
2897
880780
-3
0
6
-3117
-76
2893
881805
-6
-3
3
-3117
-83
2894
882830
-5
-8
2
-3121
-102
2896
883855
3
-9
1
-3119
-95
2915
884880
0
-9
4
-3125
-105
2906
877696
-8
-13
6
-3131
-128
2914
878721
-18
-32
20
-3180
-147
2909
879746
-34
-96
9
-3266
31
2974
880771
-186
-118
-63
-3012
130
2987
881796
-252
-63
-9
-3004
-173
2842
882821
-31
-75
150
-2909
-491
3333
883846
-57
-24
178
-3121
-49
3191
884871
-290
24
128
-3085
152
2738
885896
-425
12
130
-3170
-409
2481
886921
-141
-45
109
-3242
-464
2586
887946
99
-81
49
-3110
-2
2912
888971
88
-58
18
-3043
13
3038
889996
93
-22
-13
-3027
-74
3003
891021
117
-4
-18
-3020
-83
2956
892046
123
7
-28
-3043
-119
2963
893071
177
19
-52
-3064
-167
2969
885889
233
30
-87
-3079
-74
2980
886914
193
47
-109
-3031
95
3035
887939
122
65
-93
-3055
60
2948
888964
129
96
-64
-3012
-160
3098
889989
174
125
12
-3121
-301
3046
891014
46
95
1
-3247
26
2784
892039
-172
55
0
-3148
-98
2728
893064
-102
26
10
-3210
-218
2809
894089
74
-24
-19
-3196
-140
2783
895114
154
-55
-29
-3071
-62
2880
896139
73
-46
-3
-3095
36
3006
897164
-64
-26
6
-3079
-77
2967
898189
-60
-17
2
-3062
-124
2967
899214
-6
-1
4
-3095
-81
2997
900239
5
15
-2
-3100
-40
2951
901264
-12
24
-1
-3098
-62
2900
894080
-8
21
-8
-3119
-66
2897
895105
-8
12
-16
-3120
-63
2887
896130
-4
9
-17
-3124
-92
2903
897155
-7
4
-9
-3133
-102
2888
898180
-2
4
-5
-3113
-101
2896
899205
-6
3
3
-3129
-122
2894
900230
4
-1
3
-3118
-128
2885
901255
11
-2
13
-3117
-128
2910
902280
10
-2
18
-3108
-93
2934
903305
3
3
16
-3099
-65
2939
904330
-5
9
15
-3111
-49
2921
905355
-23
3
15
-3141
-59
2847
906380
-13
-4
5
-3119
-98
2878
907405
26
-11
-2
-3116
-47
2934
908430
10
-10
-4
-3109
-85
2901
909455
6
-4
-4
-3106
-75
2922
902271
-8
2
1
-3129
-90
2914
903296
-17
4
2
-3119
-108
2890
904321
-10
0
4
-3106
-127
2905
905346
12
-3
5
-3125
-76
2909
906371
4
0
8
-3121
-99
2917
907396
-3
-1
10
-3126
-64
2900
908421
-19
-3
12
-3121
-99
2873
909446
-1
-12
4
-3115
-82
2901
910471
13
-14
1
-3121
-61
2907
911496
2
-12
4
-3116
-75
2895
912521
-9
-12
6
-3116
-86
2909
913546
2
-7
4
-3122
-84
2931
914571
5
-2
3
-3113
-86
2915
915596
-3
-1
8
-3108
-99
2904
916621
-3
-3
7
-3112
-73
2898
917646
-1
-5
3
-3117
-69
2905
910464
-2
-5
2
-3118
-82
2935
911489
-6
-4
-4
-3109
-62
2938
912514
-19
-4
-6
-3108
-72
2916
913539
-15
-4
-5
-3116
-85
2898
914564
-2
-1
-4
-3123
-95
2897
915589
-3
0
0
-3118
-93
2894
916614
-7
-1
5
-3127
-99
2895
917639
1
-3
5
-3123
-104
2900
918664
13
-3
3
-3109
-93
2908
919689
8
-5
6
-3108
-95
2915
920714
2
-5
6
-3101
-92
2922
921739
-2
-6
9
-3117
-83
2904
922764
-1
-9
7
-3121
-70
2908
923789
-1
-5
4
-3107
-70
2919
924814
-7
-1
2
-3117
-62
2927
925839
-13
1
0
-3124
-80
2921
918657
-7
-2
-7
-3114
-59
2893
919682
-15
0
-3
-3115
-83
2895
920707
-18
1
-3
-3137
-105
2897
921732
3
-3
-3
-3118
-109
2908
922757
7
-4
2
-3103
-108
2906
923782
-9
-2
10
-3126
-127
2905
924807
-8
-5
9
-3124
-115
2911
925832
2
-7
8
-3115
-101
2911
926857
1
-6
13
-3119
-93
2910
927882
-7
-7
14
-3114
-84
2903
928907
0
-7
11
-3110
-78
2914
929932
7
-7
5
-3120
-67
2908
930957
-3
-7
2
-3120
-70
2918
931982
-3
-4
1
-3111
-67
2927
933007
5
0
-3
-3116
-77
2916
934032
3
1
-5
-3120
-85
2912
926848
-8
2
-3
-3120
-91
2896
927873
-11
2
-1
-3117
-109
2890
928898
-4
0
1
-3122
-123
2900
929923
9
-3
1
-3120
-106
2899
930948
5
-7
2
-3123
-93
2901
931973
-7
-8
6
-3123
-93
2894
932998
-6
-8
7
-3111
-103
2908
934023
7
-10
6
-3110
-89
2910
935048
0
-12
11
-3123
-84
2907
936073
-7
-12
12
-3112
-101
2918
937098
3
-7
11
-3110
-91
2917
938123
5
-7
11
-3117
-74
2915
939148
-3
-6
8
-3109
-67
2905
940173
-5
-5
6
-3125
-79
2905
941198
7
-9
-3
-3118
-88
2902
942223
8
-13
-5
-3106
-70
2895
935041
-9
-12
0
-3117
-90
2903
936066
-11
-13
3
-3122
-113
2905
937091
-14
-32
21
-3167
-108
2952
938116
-110
-93
28
-3264
94
2897
939141
-305
-128
13
-3047
125
3056
940166
-466
-75
57
-3039
-205
2753
941191
-187
-63
161
-2852
-576
3106
942216
148
-47
266
-3158
-349
3378
943241
-110
30
166
-3061
104
2914
944266
-483
73
151
-3121
-83
2655
945291
-424
33
142
-3231
-374
2666
946316
-58
-28
50
-3136
-76
2669
947341
178
-64
-11
-3055
45
2777
948366
235
-74
-40
-3115
47
2943
949391
179
-62
-70
-3084
-19
2999
950416
173
-39
-97
-3011
-133
3017
943233
206
-9
-108
-3013
-194
3077
944258
222
27
-107
-3044
-192
3102
945283
237
39
-123
-3038
-80
2994
946308
196
40
-130
-3028
-7
2955
947333
133
58
-86
-3036
-45
2981
948358
118
103
-36
-3085
-179
3064
949383
77
106
-6
-3170
-82
2936
950408
-75
73
1
-3160
-23
2800
951433
-136
44
3
-3157
-217
2769
952458
23
9
-11
-3181
-209
2792
953483
138
-14
-9
-3132
-79
2848
954508
99
-27
0
-3119
13
2900
955533
4
-23
13
-3106
-65
2971
956558
-29
-17
11
-3109
-112
2909
957583
-17
-23
6
-3083
-113
2926
958608
13
-8
10
-3092
-36
3022
951423
3
15
0
-3088
8
3008
952448
-36
29
-4
-3080
-94
2901
953473
-11
27
-7
-3097
-73
2943
954498
-23
27
-9
-3144
-10
2929
955523
-50
21
-25
-3136
-87
2855
956548
-5
17
-25
-3113
-123
2906
957573
22
17
-18
-3133
-101
2918
958598
-4
19
-14
-3115
-125
2883
959623
-12
15
-6
-3123
-130
2875
960648
-11
8
6
-3152
-136
2852
961673
0
-8
6
-3136
-123
2830
962698
12
-20
11
-3121
-120
2883
963723
14
-21
16
-3123
-102
2922
964748
10
-17
15
-3113
-80
2922
965773
4
-15
16
-3114
-69
2914
966798
-6
-13
16
-3115
-73
2917
959616
-3
-12
10
-3116
-66
2932
960641
2
-7
1
-3105
-65
2935
961666
2
0
-3
-3106
-55
2925
962691
-9
3
-5
-3127
-67
2912
963716
-13
4
-4
-3116
-82
2906
964741
-14
6
-2
-3123
-94
2890
965766
-5
2
-5
-3136
-104
2878
966791
1
-7
-5
-3125
-114
2879
967816
-10
-14
-1
-3126
-115
2889
968841
-9
-18
-1
-3126
-137
2888
969866
10
-24
4
-3116
-115
2920
970891
6
-21
10
-3104
-74
2942
971916
-11
-12
10
-3109
-94
2927
972941
-9
-8
7
-3106
-83
2912
973966
-4
-6
4
-3109
-56
2926
974991
-10
-4
2
-3111
-74
2922
967809
-7
-4
-2
-3103
-99
2906
968834
-1
-4
-2
-3109
-88
2910
969859
-10
-5
2
-3120
-103
2894
970884
-22
-10
2
-3130
-113
2882
971909
-7
-14
-3
-3131
-112
2899
972934
15
-17
-6
-3116
-106
2910
973959
3
-18
-1
-3103
-96
2918
974984
-9
-16
3
-3100
-108
2933
976009
2
-14
4
-3105
-119
2928
977034
10
-13
2
-3102
-96
2939
978059
-3
-6
4
-3103
-108
2941
979084
-5
-2
3
-3103
-94
2934
980109
-2
2
5
-3112
-89
2934
981134
-1
6
5
-3116
-100
2922
982159
-3
8
2
-3121
-90
2895
983184
-10
6
1
-3123
-99
2891
976000
-3
-2
1
-3128
-100
2895
977025
2
-7
0
-3108
-100
2890
978050
1
-10
2
-3110
-100
2898
979075
4
-16
2
-3140
-112
2917
980100
10
-19
-1
-3094
-123
2926
981125
7
-15
2
-3085
-60
2928
982150
-20
-8
6
-3116
-93
2934
983175
-9
-4
5
-3109
-134
2932
984200
18
-4
-1
-3088
-94
2926
985225
9
-1
3
-3103
-90
2933
986250
-8
4
6
-3106
-87
2932
987275
-10
9
2
-3110
-89
2923
988300
-3
11
1
-3112
-104
2908
989325
6
9
-1
-3098
-93
2899
990350
-3
7
1
-3121
-94
2896
991375
-7
4
1
-3121
-110
2914
984242
2
2
-4
-3113
-96
2900
985267
3
1
-3
-3123
-105
2910
986292
1
1
1
-3115
-108
2921
987317
-12
0
5
-3115
-112
2900
988342
-3
1
5
-3129
-112
2900
989367
11
0
2
-3119
-100
2919
990392
2
4
4
-3108
-105
2910
991417
-2
4
5
-3108
-106
2914
992442
6
0
2
-3104
-101
2909
993467
3
-4
2
-3120
-91
2914
994492
-7
-2
3
-3112
-87
2917
995517
-14
0
1
-3118
-105
2897
996542
-6
-2
-3
-3126
-99
2884
997567
-6
-6
-4
-3122
-115
2880
998592
-2
-10
-1
-3122
-111
2892
999617
0
-14
5
-3129
-118
2907
992384
-4
-15
10
-3114
-149
2916
993409
6
-19
11
-3115
-124
2933
994434
-20
-47
41
-3185
-128
2946
995459
-94
-107
16
-3209
117
2954
996484
-307
-100
-12
-3042
50
2939
997509
-316
-41
4
-2935
-316
2877
998534
108
-54
172
-3007
-852
3112
999559
146
-79
124
-3208
428
3277
1000584
-441
-42
168
-3030
218
2722
1001609
-558
-4
170
-3150
-644
2588
1002634
-89
-57
103
-3211
-546
2672
1003659
209
-87
15
-3049
191
2990
1004684
98
-53
14
-3022
105
3066
1005709
75
-19
-13
-3050
-78
2950
1006734
122
-11
-44
-3028
-84
2933
1007759
147
-2
-63
-3047
-120
2968
1000577
187
16
-89
-3069
-130
2997
1001602
208
35
-110
-3078
-91
2998
1002627
168
50
-109
-3062
-37
3049
1003652
88
59
-101
-3068
-41
2975
1004677
54
60
-89
-3046
-110
2922
1005702
34
45
-74
-3089
-116
2901
1006727
19
17
-70
-3098
-144
2798
1007752
58
13
-53
-3041
-165
2942
1008777
97
40
27
-3085
-264
3070
1009802
90
67
68
-3185
-197
3016
1010827
-48
53
44
-3141
29
2842
1011852
-131
27
37
-3110
-145
2758
1012877
16
-8
12
-3123
-193
2831
1013902
130
-28
8
-3107
-24
2964
1014927
52
-32
21
-3110
4
2946
1015952
-14
-20
10
-3089
-25
2960
1008768
-52
0
1
-3100
-47
2996
1009793
-69
13
-9
-3078
-96
2978
1010818
-42
20
-15
-3067
-121
2952
1011843
-19
21
-9
-3095
-104
2923
1012868
-17
22
-6
-3120
-113
2910
1013893
-14
20
-8
-3122
-118
2897
1014918
-7
14
-8
-3116
-144
2881
1015943
4
2
-1
-3111
-170
2879
1016968
20
-5
7
-3118
-135
2922
1017993
6
-6
18
-3125
-92
2919
1019018
-2
-9
13
-3126
-139
2870
1020043
32
-17
9
-3111
-89
2914
1021068
12
-15
13
-3109
-64
2934
1022093
-10
-12
6
-3095
-85
2923
1023118
8
-10
1
-3097
-79
2927
1024143
10
-8
2
-3105
-79
2923
1016961
-4
-7
1
-3119
-107
2907
1017986
2
-4
0
-3102
-109
2953
1019011
7
0
0
-3098
-102
2945
1020036
0
5
3
-3101
-114
2921
1021061
-10
6
9
-3108
-118
2922
1022086
-14
6
12
-3105
-108
2910
1023111
-5
1
10
-3122
-111
2894
1024136
2
-8
10
-3127
-99
2886
1025161
0
-14
11
-3115
-93
2892
1026186
6
-16
7
-3103
-93
2931
1027211
11
-15
4
-3108
-89
2938
1028236
3
-13
3
-3101
-92
2931
1029261
-3
-9
3
-3105
-102
2937
1030286
5
-1
3
-3099
-90
2963
1031311
4
7
2
-3089
-92
2959
1032336
-3
12
0
-3094
-91
2922
1025152
-13
10
-1
-3111
-102
2910
1026177
-7
8
-2
-3117
-93
2917
1027202
-6
7
-2
-3105
-99
2894
1028227
-4
5
0
-3116
-117
2899
1029252
-1
-1
1
-3123
-107
2895
1030277
-2
-4
4
-3117
-107
2885
1031302
0
-7
5
-3111
-120
2910
1032327
5
-9
6
-3116
-99
2922
1033352
2
-7
8
-3099
-108
2911
1034377
3
-7
7
-3096
-101
2920
1035402
3
-8
9
-3110
-88
2931
1036427
-8
-4
9
-3110
-93
2919
1037452
-2
0
5
-3102
-99
2933
1038477
7
2
1
-3104
-83
2937
1039502
-2
3
1
-3109
-94
2917
1040527
-13
1
3
-3113
-103
2906
1033344
-12
-2
5
-3119
-106
2906
1034369
1
-5
3
-3126
-113
2907
1035394
12
-4
2
-3106
-93
2927
1036419
-7
-4
8
-3112
-97
2906
1037444
-13
-3
10
-3108
-116
2900
1038469
4
-6
10
-3117
-109
2926
1039494
7
-8
8
-3105
-95
2923
1040519
-3
-6
4
-3106
-82
2911
1041544
-6
-6
2
-3108
-91
2914
1042569
3
-7
1
-3105
-98
2946
1043594
7
-6
-1
-3099
-89
2923
1044619
1
-3
-1
-3113
-82
2927
1045644
-3
0
-2
-3115
-99
2915
1046669
0
2
-5
-3113
-94
2908
1047694
-7
3
-2
-3115
-101
2905
1048719
-8
1
-3
-3108
-118
2893
1041535
7
-3
-4
-3104
-113
2911
1042560
12
-3
0
-3114
-116
2929
1043585
4
-4
6
-3113
-117
2914
1044610
-8
-1
12
-3114
-110
2913
1045635
-6
-1
12
-3117
-117
2915
1046660
6
0
8
-3103
-98
2922
1047685
3
-2
8
-3108
-80
2907
1048710
-8
-4
8
-3116
-94
2903
1049735
-7
-6
7
-3115
-95
2908
1050760
9
-8
2
-3110
-92
2929
1051785
16
-8
-3
-3103
-84
2930
1052810
-3
-5
-1
-3112
-82
2923
1053835
-16
1
2
-3113
-114
2921
1054860
5
5
0
-3106
-120
2937
1055885
8
5
1
-3111
-91
2919
1056910
-11
7
5
-3114
-93
2906
1049728
-13
7
4
-3121
-97
2888
1050753
-1
1
4
-3123
-105
2894
1051778
8
-5
4
-3121
-97
2902
1052803
1
-7
3
-3120
-91
2895
1053828
-6
-11
2
-3121
-103
2895
1054853
-5
-15
3
-3115
-119
2901
1055878
12
-16
3
-3102
-123
2930
1056903
12
-15
8
-3111
-85
2931
1057928
-17
-13
14
-3113
-105
2928
1058953
-31
-26
39
-3185
-154
2927
1059978
-56
-51
-1
-3161
26
3014
1061003
-185
-65
-9
-3108
76
3055
1062028
-324
-92
13
-3055
-49
2654
1063053
-73
-108
192
-2937
-517
3130
1064078
-112
-42
197
-3136
-96
3339
1065103
-334
26
192
-3055
-371
2684
1058035
-229
-1
169
-3170
-333
2509
1059060
-82
-71
159
-3242
-187
2677
1060085
-1
-102
127
-3116
35
2851
1061110
42
-92
90
-3012
15
3008
1062135
86
-69
48
-3013
58
3066
1063160
112
-40
10
-2993
53
3080
1064185
127
-10
-17
-3008
-43
3038
1065210
173
10
-58
-3026
-52
3028
1066235
195
31
-90
-3041
-40
2990
1067260
189
46
-112
-3062
-41
2942
1068285
176
42
-130
-3077
-24
2929
1069310
160
44
-126
-3020
5
3088
1070335
143
51
-88
-3060
-68
3040
1071360
139
77
-64
-3049
-219
2957
1072385
126
97
-10
-3183
-170
2918
1073410
-17
67
-15
-3209
35
2836
1066113
-127
35
-23
-3118
-129
2772
1067138
-16
6
-8
-3118
-227
2818
1068163
137
-20
-6
-3131
-57
2900
1069188
119
-27
-11
-3082
66
2955
1070213
-6
-16
1
-3083
8
2967
1071238
-63
-5
10
-3097
-83
2959
1072263
-21
1
4
-3077
-89
2970
1073288
11
2
1
-3096
-34
2933
1074313
4
4
-4
-3107
-16
2922
1075338
-5
6
-8
-3095
-4
2944
1076363
-18
10
-7
-3094
-59
2938
1077388
-14
12
-9
-3097
-76
2943
1078413
-17
15
-10
-3113
-80
2896
1079438
-19
9
-13
-3128
-93
2890
1080463
-5
-3
-18
-3110
-60
2895
1081488
-10
-1
-10
-3093
-66
2923
1074304
-20
0
-2
-3105
-92
2928
1075329
-15
-4
-2
-3110
-97
2905
1076354
5
-9
-2
-3104
-79
2905
1077379
5
-8
2
-3106
-60
2929
1078404
-15
-1
5
-3114
-68
2936
1079429
-14
2
2
-3097
-78
2920
1080454
-9
-1
2
-3107
-72
2902
1081479
-5
-5
4
-3107
-81
2919
1082504
9
-4
1
-3092
-73
2943
1083529
4
-3
1
-3096
-55
2934
1084554
-8
-2
2
-3104
-83
2905
1085579
2
-1
7
-3113
-77
2929
1086604
4
-3
3
-3102
-68
2931
1087629
2
-1
-1
-3094
-62
2927
1088654
-10
1
4
-3118
-63
2893
1089679
-14
-5
5
-3118
-79
2890
1082497
2
-11
4
-3100
-84
2915
1083522
9
-15
3
-3106
-60
2934
1084547
-7
-14
4
-3106
-60
2920
1085572
-13
-14
5
-3097
-71
2913
1086597
-3
-12
8
-3098
-77
2939
1087622
5
-9
7
-3095
-75
2946
1088647
2
-4
7
-3099
-82
2933
1089672
0
0
6
-3097
-65
2939
1090697
-9
1
6
-3100
-60
2925
1091722
-8
-2
2
-3112
-76
2907
1092747
4
-5
1
-3094
-58
2932
1093772
-2
-1
1
-3101
-52
2927
1094797
-13
3
2
-3112
-87
2905
1095822
-4
0
-4
-3107
-68
2910
1096847
-6
0
0
-3105
-77
2925
1097872
-8
-4
4
-3106
-102
2912
1090688
2
-5
6
-3095
-93
2931
1091713
8
-3
11
-3096
-87
2929
1092738
8
-3
9
-3103
-69
2920
1093763
-5
-2
9
-3101
-76
2930
1094788
-2
2
9
-3095
-63
2937
1095813
-8
3
7
-3096
-65
2915
1096838
-3
3
5
-3112
-47
2915
1097863
-8
-1
3
-3119
-65
2906
1098888
-1
-3
0
-3103
-64
2925
1099913
-4
-4
0
-3105
-67
2912
1100938
-7
-5
1
-3107
-82
2918
1101963
4
-2
1
-3103
-85
2930
1102988
8
3
4
-3105
-67
2929
1104013
-4
5
7
-3101
-73
2927
1105038
-9
8
9
-3099
-71
2922
1106063
3
6
3
-3103
-76
2929
1098881
5
3
2
-3097
-58
2924
1099906
-9
3
6
-3108
-65
2909
1100931
-7
3
3
-3112
-80
2907
1101956
1
1
0
-3114
-71
2919
1102981
-6
0
0
-3116
-64
2894
1104006
-14
1
3
-3112
-98
2920
1105031
1
-3
2
-3109
-89
2901
1106056
1
-7
5
-3106
-80
2921
1107081
-1
-8
5
-3112
-80
2918
1108106
3
-9
2
-3106
-68
2911
1109131
-1
-8
6
-3108
-69
2920
1110156
-2
-7
7
-3112
-61
2929
1111181
0
-6
4
-3105
-76
2916
1112206
-2
-9
5
-3113
-68
2908
1113231
-6
-9
4
-3104
-61
2920
1114256
-2
-6
2
-3098
-79
2927
1107072
9
-9
0
-3103
-68
2933
1108097
-1
-7
0
-3099
-57
2935
1109122
-17
-5
3
-3106
-67
2906
1110147
-17
-8
3
-3113
-96
2896
1111172
0
-12
0
-3114
-64
2916
1112197
-10
-8
4
-3114
-108
2915
1113222
4
-7
4
-3108
-93
2928
1114247
8
-7
9
-3088
-94
2934
1115272
7
-6
7
-3103
-71
2941
1116297
-2
-3
5
-3103
-65
2933
1117322
-13
1
6
-3100
-58
2934
1118347
-14
5
1
-3106
-60
2918
1119372
2
5
-6
-3111
-64
2916
1120397
1
-1
-8
-3114
-52
2909
1121422
-18
-4
-6
-3110
-91
2902
1122447
-18
-7
-3
-3112
-125
2896
1115264
-4
-17
2
-3122
-119
2899
1116289
7
-30
25
-3118
-136
2956
1117314
-30
-40
33
-3136
-50
3020
1118339
-146
-27
3
-3117
119
3027
1119364
-289
-52
-8
-3132
-4
2707
1120389
-203
-114
53
-2992
-149
2784
1121414
-66
-81
222
-2950
-409
3639
1122439
-144
18
163
-3131
75
3225
1123464
-323
54
109
-3003
47
2517
1124489
-405
-7
153
-3254
-323
2422
1125514
-275
-114
124
-3312
-379
2448
1126539
34
-158
72
-3095
-243
2904
1127564
232
-137
25
-3021
-57
3171
1128589
186
-91
9
-2982
-15
3083
1129614
97
-52
28
-2974
-130
3043
1130639
78
-23
26
-3003
-105
3048
1123456
99
-3
10
-3017
-136
2975
1124481
170
19
-22
-3007
-45
3136
1125506
198
51
-56
-3022
90
3204
1126531
167
87
-86
-3062
12
2959
1127556
187
104
-115
-3020
-4
2919
1128581
171
127
-83
-3056
22
3023
1129606
77
123
-50
-3147
-88
2918
1130631
-35
87
-50
-3152
-53
2847
1131656
-60
50
-43
-3170
-148
2796
1132681
77
7
-76
-3164
-117
2780
1133706
161
-26
-76
-3105
-69
2853
1134731
90
-42
-40
-3088
-62
2935
1135756
-27
-39
-7
-3080
-118
2969
1136781
-35
-24
-2
-3072
-156
2999
1137806
17
-6
-1
-3084
-70
2997
1138831
1
10
12
-3080
-55
2995
1131649
-26
23
21
-3076
-21
2977
1132674
-29
29
15
-3078
-17
2930
1133699
-12
24
5
-3098
-28
2903
1134724
2
20
-4
-3099
-26
2917
1135749
-1
19
-8
-3099
-39
2923
1136774
-18
15
-10
-3118
-46
2912
1137799
-22
4
-21
-3124
-80
2894
1138824
11
-3
-24
-3101
-83
2925
1139849
5
-3
-15
-3104
-91
2937
1140874
-10
2
-10
-3093
-108
2929
1141899
-5
8
-4
-3106
-107
2930
1142924
2
11
-1
-3103
-91
2925
1143949
-4
14
7
-3096
-91
2921
1144974
-15
12
14
-3117
-89
2898
1145999
-5
8
12
-3110
-81
2904
1147024
8
3
10
-3100
-49
2929
1139840
-4
0
13
-3125
-54
2898
1140865
-22
-7
9
-3130
-85
2863
1141890
5
-11
3
-3108
-84
2928
1142915
17
-11
4
-3100
-52
2936
1143940
-9
-7
5
-3097
-65
2915
1144965
-18
-9
8
-3109
-87
2902
1145990
2
-10
8
-3110
-76
2927
1147015
11
-9
4
-3106
-62
2941
1148040
-5
-11
3
-3111
-69
2919
1149065
-7
-12
3
-3112
-90
2909
1150090
2
-11
4
-3101
-76
2917
1151115
-8
-9
8
-3108
-78
2922
1152140
-7
-8
7
-3106
-95
2918
1153165
1
-8
10
-3098
-67
2918
1154190
-6
-7
17
-3116
-70
2931
1155215
-9
-8
14
-3108
-72
2902
1148032
0
-14
8
-3089
-79
2923
1149057
12
-16
8
-3109
-56
2934
1150082
-4
-18
8
-3106
-89
2914
1151107
8
-15
9
-3083
-79
2954
1152132
8
-6
11
-3094
-52
2963
1153157
-6
2
7
-3091
-82
2943
1154182
7
5
5
-3087
-37
2945
1155207
-8
4
5
-3102
-54
2931
1156232
-8
4
-2
-3104
-68
2923
1157257
3
3
-6
-3104
-67
2924
1158282
8
4
-5
-3103
-74
2940
1159307
1
5
-2
-3108
-59
2924
1160332
-13
6
2
-3123
-89
2895
1161357
-5
2
3
-3103
-88
2910
1162382
7
0
3
-3108
-70
2920
1163407
2
1
4
-3107
-73
2918
1156223
-1
0
5
-3100
-74
2913
1157248
-4
-3
8
-3104
-87
2920
1158273
-2
-5
7
-3104
-94
2925
1159298
3
-10
3
-3091
-69
2924
1160323
-3
-6
6
-3095
-70
2928
1161348
0
-3
5
-3107
-71
2923
1162373
2
-1
0
-3100
-59
2926
1163398
-10
0
1
-3108
-58
2915
1164423
-10
1
1
-3101
-85
2917
1165448
2
-3
1
-3099
-79
2916
1166473
3
-6
5
-3121
-85
2911
1167498
6
-9
4
-3107
-89
2927
1168523
2
-8
7
-3101
-76
2923
1169548
-8
-3
11
-3111
-77
2920
1170573
-1
-2
9
-3102
-79
2917
1171598
4
-4
7
-3099
-62
2921
1164417
-4
-8
8
-3103
-67
2909
1165442
-5
-10
5
-3095
-75
2921
1166467
4
-9
5
-3107
-61
2935
1167492
2
-7
4
-3102
-54
2927
1168517
-3
-4
3
-3101
-58
2931
1169542
-4
-4
4
-3106
-73
2918
1170567
-5
-3
2
-3099
-73
2917
1171592
-5
-2
2
-3109
-70
2927
1172617
1
-3
1
-3110
-75
2928
1173642
-1
-5
3
-3090
-72
2914
1174667
-3
-5
4
-3095
-73
2926
1175692
5
-3
4
-3111
-66
2932
1176717
2
-2
3
-3099
-49
2922
1177742
-10
-1
5
-3105
-78
2919
1178767
2
0
0
-3095
-83
2937
1179792
11
-1
-1
-3093
-55
2928
1172608
-9
-2
3
-3102
-79
2899
1173633
-13
-4
7
-3108
-111
2918
1174658
10
-6
6
-3098
-103
2930
1175683
16
-6
6
-3111
-69
2931
1176708
9
-5
7
-3106
-64
2909
1177733
-2
-6
12
-3110
-49
2914
1178758
-7
-7
11
-3105
-72
2930
1179783
12
-10
3
-3098
-63
2937
1180808
10
-18
12
-3120
-66
2923
1181833
-4
-34
15
-3213
-127
2872
1182858
-1
-74
-37
-3174
66
2859
1183883
-61
-125
-60
-3132
185
2699
1184908
-59
-117
11
-3076
-296
2852
1185933
35
-121
26
-3033
-96
3231
1186958
0
-19
122
-2696
-257
3806
1187983
64
87
139
-3091
-140
3207
1180800
-92
79
92
-3060
154
2395
1181825
-350
2
150
-3287
-151
2242
1182850
-142
-113
93
-3303
-288
2552
1183875
192
-151
4
-3101
61
3065
1184900
203
-109
-28
-2965
81
3172
1185925
141
-55
-23
-2964
-52
3085
1186950
103
-17
-19
-2991
-8
3078
1187975
29
19
-13
-2989
-22
3097
1189000
35
51
-23
-3004
-109
3042
1190025
108
69
-45
-3031
-2
3098
1191050
84
88
-64
-3052
51
3080
1192075
28
93
-78
-3075
31
2888
1193100
-10
76
-69
-3105
-15
2814
1194125
-15
43
-62
-3104
-71
2826
1195150
25
17
-52
-3108
-76
2878
1196175
59
0
-49
-3121
-68
2907
1188993
51
-3
-44
-3083
-64
2963
1190018
19
16
-10
-3067
-127
2965
1191043
20
24
15
-3117
-97
2914
1192068
-19
14
15
-3105
-33
2901
1193093
-16
-6
6
-3116
-56
2870
1194118
48
-21
-9
-3096
-42
2898
1195143
64
-17
1
-3082
-18
2981
1196168
18
-7
9
-3079
2
3003
1197193
-19
6
6
-3072
-37
2963
1198218
-4
16
1
-3083
-25
2954
1199243
-5
21
-7
-3087
9
2949
1200268
-31
23
0
-3089
-87
2909
1201293
9
16
-10
-3103
-44
2927
1202318
11
9
-10
-3097
-14
2928
1203343
-22
13
-4
-3099
-47
2896
1204368
-35
12
-4
-3111
-82
2904
1197195
-16
1
-6
-3103
-82
2903
1198220
-5
-9
1
-3105
-68
2896
1199245
-11
-11
8
-3113
-67
2918
1200270
-3
-12
7
-3110
-54
2926
1201295
5
-9
10
-3090
-57
2940
1202320
1
-4
12
-3083
-16
2949
1203345
-25
2
12
-3099
-45
2913
1204370
-10
0
7
-3090
-52
2925
1205395
10
-3
7
-3101
-25
2928
1206420
2
-4
3
-3101
-38
2908
1207445
-4
-7
-1
-3096
-60
2925
1208470
-2
-6
-2
-3095
-51
2945
1209495
-12
-3
2
-3089
-68
2939
1210520
-9
0
3
-3094
-50
2941
1211545
-7
3
4
-3106
-55
2914
1212570
4
1
0
-3105
-53
2920
1205375
1
-4
2
-3102
-25
2916
1206400
-9
-3
4
-3098
-57
2925
1207425
0
-3
1
-3100
-43
2951
1208450
-2
0
-1
-3087
-44
2939
1209475
-8
6
0
-3088
-40
2928
1210500
-12
8
2
-3094
-48
2922
1211525
-8
9
3
-3099
-69
2926
1212550
3
7
3
-3103
-63
2931
1213575
0
4
3
-3108
-51
2908
1214600
-12
5
6
-3112
-52
2902
1215625
-13
3
8
-3112
-64
2900
1216650
-8
-2
9
-3109
-59
2898
1217675
1
-7
11
-3104
-58
2917
1218700
9
-10
11
-3100
-40
2928
1219725
0
-7
12
-3101
-60
2925
1220750
-2
-5
9
-3098
-48
2924
1213568
-4
-4
8
-3103
-42
2929
1214593
-2
-2
8
-3108
-49
2934
1215618
-3
-2
6
-3092
-51
2928
1216643
-7
0
7
-3092
-32
2917
1217668
-6
0
3
-3110
-51
2906
1218693
2
-3
0
-3113
-44
2927
1219718
-8
-4
1
-3101
-37
2913
1220743
-19
-5
2
-3102
-65
2907
1221768
0
-8
-1
-3098
-56
2919
1222793
6
-7
1
-3103
-48
2925
1223818
-9
-7
3
-3110
-61
2924
1224843
-1
-7
1
-3100
-58
2937
1225868
0
-5
3
-3103
-60
2923
1226893
-10
-5
5
-3110
-66
2909
1227918
-3
-6
5
-3100
-68
2935
1228943
7
-6
5
-3105
-44
2940
1221760
-4
-7
6
-3100
-62
2912
1222785
-3
-8
8
-3098
-50
2917
1223810
0
-9
10
-3104
-57
2915
1224835
0
-11
10
-3100
-51
2915
1225860
2
-11
10
-3097
-42
2930
1226885
1
-10
11
-3102
-43
2929
1227910
7
-7
7
-3102
-32
2945
1228935
2
-4
6
-3092
-33
2933
1229960
-4
-4
4
-3087
-52
2922
1230985
0
-5
0
-3095
-52
2934
1232010
4
-5
0
-3109
-48
2935
1233035
-3
-5
1
-3104
-47
2920
1234060
-11
-4
3
-3102
-50
2916
1235085
-6
-5
1
-3095
-57
2919
1236110
7
-6
-4
-3099
-50
2927
1237135
2
-7
-3
-3098
-41
2934
1229952
-13
-4
6
-3099
-66
2921
1230977
-3
-1
7
-3089
-59
2930
1232002
14
0
7
-3091
-44
2937
1233027
4
-1
7
-3094
-38
2929
1234052
-13
1
7
-3091
-47
2916
1235077
-8
3
5
-3095
-65
2921
1236102
-1
1
6
-3098
-49
2927
1237127
-4
-3
5
-3106
-55
2913
1238152
-3
-7
4
-3099
-52
2921
1239177
1
-6
3
-3100
-39
2929
1240202
-7
-4
5
-3107
-46
2913
1241227
-6
-5
7
-3103
-50
2916
1242252
1
-5
6
-3102
-47
2931
1243277
8
-4
2
-3107
-31
2935
1244302
-1
-2
1
-3097
-28
2925
1245327
-10
-2
3
-3094
-39
2909
1238145
-7
-3
5
-3101
-52
2914
1239170
8
-9
-2
-3097
-66
2900
1240195
17
-11
-2
-3094
-48
2934
1241220
1
-11
2
-3100
-62
2935
1242245
-11
-5
3
-3091
-84
2938
1243270
-1
-5
3
-3099
-74
2932
1244295
5
-5
8
-3105
-60
2928
1245320
-3
-7
9
-3110
-54
2926
1246345
-17
-18
22
-3124
-100
2926
1247370
-17
-56
22
-3206
-53
2942
1248395
-87
-97
-31
-3035
259
3082
1249420
-370
-88
27
-3104
153
2784
1250445
-369
-104
154
-2773
-218
3067
1251470
-198
-45
270
-3187
-238
3325
1252495
-319
21
160
-3087
-330
2627
1253520
-229
9
171
-3112
-537
2575
1246335
13
-40
115
-3270
-127
2767
1247360
65
-66
66
-3117
92
2891
1248385
76
-71
47
-3023
9
2919
1249410
174
-77
13
-3019
15
2951
1250435
191
-77
-4
-3021
72
3041
1251460
131
-51
-15
-3000
39
3108
1252485
104
-17
-32
-3003
-44
3105
1253510
139
12
-56
-3010
-66
3085
1254535
173
34
-87
-2987
-12
3120
1255560
124
44
-101
-2989
75
3017
1256585
101
43
-112
-3034
20
2865
1257610
160
70
-93
-3035
-37
3048
1258635
118
97
-35
-3135
-55
3055
1259660
-31
84
-28
-3174
0
2891
1260685
-115
56
-54
-3091
-67
2809
1261710
-28
30
-49
-3102
-160
2823
1254529
87
3
-34
-3132
-91
2890
1255554
106
-11
-31
-3093
25
2929
1256579
30
-10
-19
-3066
22
2953
1257604
-47
-8
-5
-3083
-84
2931
1258629
-57
-9
8
-3080
-149
2976
1259654
4
-4
0
-3079
-28
2972
1260679
32
-2
-7
-3062
-4
2945
1261704
18
2
6
-3075
3
2977
1262729
-18
10
3
-3092
11
2981
1263754
-33
16
-5
-3083
-11
2940
1264779
-35
18
-7
-3092
-30
2929
1265804
-2
21
-16
-3085
-41
2959
1266829
6
23
-19
-3080
-7
2956
1267854
-36
22
-15
-3101
-45
2905
1268879
-59
7
-12
-3113
-84
2842
1269904
-37
-11
-11
-3109
-119
2870
1262720
-2
-23
-8
-3110
-128
2910
1263745
18
-27
-5
-3089
-102
2941
1264770
5
-19
5
-3085
-72
2960
1265795
-12
-11
13
-3081
-75
2949
1266820
-1
-5
15
-3067
-51
2966
1267845
-4
1
16
-3075
-49
2953
1268870
-5
0
9
-3078
-63
2949
1269895
8
5
7
-3083
-32
2968
1270920
1
11
1
-3091
-20
2949
1271945
-22
11
-2
-3092
-42
2909
1272970
-19
7
-3
-3096
-68
2923
1273995
-7
0
-5
-3108
-63
2912
1275020
-1
-1
-4
-3106
-73
2914
1276045
2
-2
-1
-3107
-66
2918
1277070
-10
-1
8
-3102
-66
2924
1278095
-12
-3
10
-3102
-71
2902
1270912
-1
-10
9
-3094
-79
2907
1271937
14
-14
9
-3096
-55
2944
1272962
7
-12
8
-3081
-54
2956
1273987
5
-7
6
-3071
-42
2970
1275012
-5
-4
7
-3086
-42
2948
1276037
-17
-1
4
-3096
-57
2914
1277062
1
1
-4
-3082
-48
2952
1278087
7
4
-8
-3086
-38
2955
1279112
-11
7
-6
-3094
-62
2915
1280137
-20
6
-3
-3093
-81
2910
1281162
-2
4
-2
-3104
-104
2930
1282187
11
-2
0
-3087
-85
2932
1283212
-1
-1
8
-3089
-74
2930
1284237
-9
1
13
-3106
-88
2921
1285262
2
-2
13
-3102
-67
2925
1286287
2
-4
13
-3088
-62
2922
1279104
0
-4
12
-3095
-51
2928
1280129
1
-3
9
-3101
-44
2943
1281154
1
-5
4
-3094
-27
2929
1282179
-9
-3
4
-3094
-40
2930
1283204
-10
-2
1
-3098
-52
2914
1284229
2
-3
-2
-3096
-75
2928
1285254
14
-6
-3
-3096
-59
2936
1286279
1
-2
0
-3099
-73
2933
1287304
-7
1
1
-3092
-79
2931
1288329
-5
0
5
-3090
-84
2916
1289354
-1
-4
10
-3098
-75
2925
1290379
3
-6
11
-3106
-68
2922
1291404
7
-8
11
-3097
-50
2918
1292429
-3
-8
12
-3104
-52
2920
1293454
0
-9
8
-3095
-50
2940
1294479
3
-12
5
-3090
-50
2927
1287296
-1
-12
4
-3086
-56
2936
1288321
4
-11
3
-3095
-60
2938
1289346
5
-11
3
-3090
-66
2927
1290371
0
-9
5
-3085
-68
2947
1291396
-1
-6
6
-3089
-72
2948
1292421
2
-5
4
-3087
-56
2939
1293446
-3
-5
5
-3092
-59
2933
1294471
-7
-2
6
-3088
-66
2932
1295496
4
-3
3
-3087
-60
2929
1296521
6
-4
4
-3090
-44
2932
1297546
-6
-3
7
-3104
-48
2921
1298571
-10
-2
7
-3098
-53
2917
1299596
-1
-2
7
-3098
-56
2921
1300621
6
-4
4
-3095
-56
2927
1301646
7
-6
1
-3091
-51
2940
1302671
-2
-5
2
-3084
-54
2945
1295489
-10
-4
4
-3081
-66
2936
1296514
2
-3
2
-3094
-62
2934
1297539
6
-2
1
-3103
-45
2933
1298564
-6
-1
3
-3103
-46
2934
1299589
-9
-1
1
-3097
-60
2924
1300614
-1
-3
1
-3089
-75
2929
1301639
5
-5
3
-3089
-57
2931
1302664
-1
-4
5
-3096
-72
2924
1303689
6
-2
7
-3093
-60
2937
1304714
4
-2
6
-3092
-49
2926
1305739
-6
-1
6
-3088
-61
2942
1306764
3
0
1
-3084
-46
2936
1307789
2
-1
0
-3090
-40
2922
1308814
-14
-3
3
-3095
-61
2922
1309839
-10
-6
4
-3098
-79
2922
1310864
8
-7
3
-3099
-73
2919
1303680
6
-11
4
-3098
-54
2919
1304705
-12
-13
7
-3098
-67
2918
1305730
0
-11
6
-3093
-66
2950
1306755
13
-12
6
-3088
-52
2940
1307780
4
-11
9
-3098
-43
2932
1308805
-11
-10
12
-3110
-65
2953
1309830
-31
-25
19
-3131
-157
2906
1310855
28
-48
-2
-3128
-142
2862
1311880
97
-87
-5
-3140
4
2889
1312905
19
-141
-13
-3201
195
2976
1313930
-236
-179
-43
-3069
287
2854
1314955
-323
-92
-1
-2777
-180
3159
1315980
35
-17
221
-2838
-810
3705
1317005
113
14
129
-3124
439
3098
1318030
-374
49
143
-3028
89
2402
1319055
-423
7
176
-3280
-616
2434
1311872
16
-82
73
-3252
-203
2713
1312897
182
-107
-3
-3015
187
3011
1313922
133
-79
-9
-2970
-27
3087
1314947
181
-52
-24
-2998
-69
3055
1315972
184
-28
-37
-2946
20
3156
1316997
108
10
-38
-2931
-5
3259
1318022
116
56
-61
-2960
-17
3147
1319047
190
101
-90
-3004
60
3013
1320072
171
127
-77
-3015
102
3052
1321097
16
133
-31
-3111
10
2934
1322122
-122
107
-32
-3138
-73
2827
1323147
-122
69
-34
-3141
-151
2816
1324172
21
33
-49
-3165
-128
2825
1325197
118
4
-62
-3122
-43
2845
1326222
72
-8
-36
-3084
-49
2907
1327247
-10
-13
-15
-3076
-63
2972
1320064
-43
-12
-5
-3055
-113
2991
1321089
-21
-7
2
-3068
-108
2978
1322114
-1
-3
7
-3077
-65
2978
1323139
10
8
14
-3055
-33
2997
1324164
0
12
13
-3071
-5
2969
1325189
-13
16
9
-3080
-18
2959
1326214
-5
19
-4
-3096
15
2923
1327239
-17
17
-2
-3081
-46
2927
1328264
-5
19
-3
-3086
-23
2972
1329289
-1
19
-12
-3085
-22
2939
1330314
-10
17
-13
-3098
-61
2882
1331339
-14
10
-8
-3102
-75
2910
1332364
-17
2
-6
-3104
-80
2902
1333389
-4
-4
-5
-3078
-108
2925
1334414
17
-7
-3
-3083
-69
2949
1335439
2
-5
5
-3090
-59
2923
1328256
-15
-2
11
-3089
-69
2934
1329281
-14
-3
11
-3094
-64
2940
1330306
3
-1
5
-3097
-42
2936
1331331
17
1
0
-3091
-26
2948
1332356
3
4
2
-3082
-11
2950
1333381
-16
6
2
-3085
-51
2933
1334406
-3
4
-9
-3089
-59
2935
1335431
5
2
-9
-3098
-49
2932
1336456
-13
1
-4
-3102
-84
2911
1337481
-9
-1
-1
-3101
-81
2914
1338506
-2
-3
2
-3109
-79
2919
1339531
-6
-8
4
-3104
-79
2907
1340556
-3
-11
5
-3084
-71
2922
1341581
-1
-13
8
-3093
-69
2928
1342606
3
-14
10
-3091
-67
2936
1343631
0
-15
13
-3096
-47
2937
1336447
-6
-12
12
-3094
-47
2937
1337472
-8
-13
8
-3093
-56
2938
1338497
9
-9
0
-3080
-34
2960
1339522
1
-8
-1
-3080
-45
2948
1340547
-7
-2
-1
-3079
-42
2967
1341572
-12
1
-1
-3096
-66
2943
1342597
0
3
-5
-3088
-71
2938
1343622
2
4
-3
-3094
-37
2931
1344647
-17
5
1
-3100
-69
2915
1345672
-7
2
-2
-3098
-75
2911
1346697
8
-3
-3
-3087
-77
2918
1347722
9
-7
0
-3094
-81
2936
1348747
3
-9
2
-3079
-79
2936
1349772
-3
-9
6
-3078
-80
2948
1350797
1
-8
7
-3092
-71
2947
1351822
5
-6
4
-3089
-51
2949
1344640
-7
-3
6
-3092
-29
2937
1345665
-15
-1
2
-3086
-51
2922
1346690
3
-4
-7
-3082
-61
2940
1347715
9
-5
-8
-3086
-51
2946
1348740
-10
-3
-4
-3084
-78
2934
1349765
-8
-2
2
-3093
-109
2929
1350790
7
-2
6
-3098
-91
2957
1351815
5
0
9
-3077
-61
2950
1352840
-11
3
9
-3087
-71
2921
1353865
-10
1
7
-3089
-65
2933
1354890
-3
-1
5
-3085
-56
2933
1355915
0
-4
2
-3093
-46
2917
1356940
-1
-7
2
-3099
-47
2926
1357965
0
-6
0
-3091
-61
2942
1358990
0
-1
0
-3085
-67
2945
1360015
-3
1
1
-3095
-75
2935
1352832
-4
2
3
-3087
-67
2929
1353857
-5
4
7
-3089
-70
2933
1354882
-2
4
6
-3089
-85
2932
1355907
1
-1
4
-3088
-61
2921
1356932
-4
-2
7
-3100
-74
2921
1357957
2
-4
9
-3101
-64
2930
1358982
-1
-6
9
-3091
-66
2922
1360007
-3
-5
6
-3091
-63
2934
1361032
1
-4
2
-3095
-63
2938
1362057
3
-5
0
-3090
-50
2932
1363082
-7
-4
5
-3084
-58
2936
1364107
-8
-2
8
-3088
-76
2941
1365132
1
-1
8
-3099
-63
2927
1366157
-1
0
3
-3094
-54
2915
1367182
-5
-4
3
-3085
-74
2928
1368207
-2
-7
6
-3092
-82
2944
1361023
5
-6
8
-3083
-72
2947
1362048
7
-2
10
-3089
-54
2935
1363073
-7
0
13
-3099
-51
2923
1364098
-15
0
11
-3092
-61
2916
1365123
-1
-2
7
-3093
-63
2924
1366148
4
-4
7
-3098
-45
2931
1367173
0
-6
3
-3097
-47
2916
1368198
-2
-7
3
-3098
-62
2943
1369223
6
-8
0
-3094
-64
2955
1370248
2
-7
1
-3079
-73
2948
1371273
-5
-5
4
-3090
-67
2938
1372298
-6
-6
5
-3093
-82
2920
1373323
1
-4
4
-3088
-66
2938
1374348
4
-4
5
-3102
-47
2940
1375373
-5
-2
4
-3093
-49
2920
1376398
-6
-2
2
-3098
-54
2912
1369216
-1
-5
2
-3100
-67
2931
1370241
4
-7
1
-3094
-61
2918
1371266
1
-10
4
-3095
-61
2921
1372291
0
-11
7
-3095
-81
2934
1373316
4
-12
6
-3103
-61
2928
1374341
1
-13
8
-3088
-84
2935
1375366
-11
-27
32
-3125
-139
2966
1376391
-8
-45
33
-3138
-125
3042
1377416
15
-55
-9
-3072
239
3104
1378441
-152
-43
-81
-3032
453
2975
1379466
-243
-81
74
-2928
-123
3058
1380491
-268
-61
88
-3131
-12
3057
1381516
-422
-13
171
-3010
-547
2673
1382541
-285
-50
168
-3237
-812
2470
1383566
98
-108
69
-3281
-249
2632
1384591
197
-107
7
-3133
128
2971
1377409
105
-68
17
-2996
-22
3140
1378434
136
-39
-1
-2930
-73
3079
1379459
223
-17
-36
-2925
-1
3055
1380484
247
-2
-59
-3002
118
3096
1381509
168
21
-72
-3031
127
3124
1382534
84
49
-80
-3027
12
3043
1383559
48
58
-91
-3035
-52
2998
1384584
38
54
-98
-3035
-55
2998
1385609
48
49
-94
-3032
-44
2971
1386634
37
69
-69
-3011
-82
3018
1387659
-5
100
-17
-3088
-125
3010
1388684
-61
93
-12
-3153
-102
2891
1389709
-101
66
-1
-3126
-167
2813
1390734
-50
36
7
-3141
-191
2807
1391759
30
6
7
-3129
-131
2867
1392784
53
-12
16
-3096
-93
2913
1385599
32
-18
25
-3100
-30
2947
1386624
-19
-15
35
-3101
-40
2938
1387649
-21
-20
24
-3088
-53
2934
1388674
1
-16
27
-3080
-43
2980
1389699
12
-11
15
-3078
-3
2963
1390724
13
-9
7
-3062
-43
2980
1391749
3
1
6
-3071
-20
3000
1392774
-17
12
-8
-3069
-24
2967
1393799
-36
18
-10
-3084
-71
2943
1394824
-15
20
-14
-3091
-94
2949
1395849
0
18
-19
-3091
-48
2918
1396874
-22
16
-15
-3093
-95
2909
1397899
-14
16
-14
-3103
-80
2945
1398924
-1
17
-16
-3109
-72
2923
1399949
-2
13
-8
-3097
-104
2905
1400974
3
9
0
-3096
-90
2935
1393792
2
6
1
-3097
-80
2922
1394817
6
1
1
-3093
-96
2917
1395842
8
1
2
-3098
-67
2937
1396867
2
8
6
-3089
-58
2947
1397892
3
12
1
-3085
-65
2947
1398917
-3
10
-5
-3094
-52
2915
1399942
-11
8
-6
-3104
-54
2917
1400967
-16
9
-3
-3109
-73
2927
1401992
-15
9
-4
-3112
-98
2909
1403017
2
8
-5
-3104
-90
2927
1404042
-1
6
-4
-3111
-74
2911
1405067
-13
3
-1
-3110
-111
2899
1406092
-8
-1
5
-3111
-110
2915
1407117
-8
-6
9
-3110
-100
2899
1408142
-9
-11
12
-3106
-117
2897
1409167
10
-15
11
-3107
-82
2921
1401984
9
-14
12
-3105
-57
2936
1403009
-11
-12
12
-3102
-81
2916
1404034
-12
-10
8
-3092
-84
2923
1405059
-1
-12
8
-3089
-84
2940
1406084
4
-12
5
-3090
-73
2937
1407109
-5
-12
4
-3102
-81
2921
1408134
-3
-10
2
-3100
-90
2932
1409159
-4
-8
3
-3101
-87
2917
1410184
-8
-7
5
-3092
-103
2928
1411209
3
-9
3
-3096
-84
2931
1412234
2
-9
5
-3094
-86
2928
1413259
-5
-7
7
-3106
-85
2926
1414284
-1
-4
7
-3101
-74
2940
1415309
0
1
6
-3101
-66
2930
1416334
-6
0
7
-3106
-95
2919
1417359
-1
-4
5
-3101
-87
2920
1410405
1
-6
6
-3092
-85
2925
1411430
4
-6
3
-3090
-90
2927
1412455
3
-8
1
-3094
-88
2932
1413480
-1
-9
3
-3098
-83
2935
1414505
-8
-8
5
-3102
-85
2944
1415530
-6
-4
2
-3095
-74
2934
1416555
-2
-4
0
-3098
-76
2919
1417580
-4
-5
0
-3096
-83
2925
1418605
-1
-2
0
-3098
-87
2933
1419630
7
-2
-3
-3101
-89
2928
1420655
6
-3
-1
-3090
-99
2929
1421680
-9
0
6
-3090
-103
2939
1422705
-7
3
9
-3092
-120
2933
1423730
10
1
8
-3104
-83
2925
1424755
2
2
8
-3102
-68
2927
1425780
-10
5
9
-3098
-89
2924
1418368
-4
1
6
-3098
-68
2909
1419393
-7
-4
6
-3106
-83
2911
1420418
11
-7
2
-3097
-72
2938
1421443
12
-6
1
-3106
-51
2933
1422468
-7
-1
2
-3105
-77
2934
1423493
-9
1
3
-3108
-94
2918
1424518
2
1
0
-3098
-95
2924
1425543
8
0
1
-3100
-76
2928
1426568
-7
1
6
-3100
-87
2920
1427593
-9
1
7
-3098
-89
2921
1428618
1
-3
6
-3111
-87
2902
1429643
2
-7
5
-3106
-78
2912
1430668
-4
-8
7
-3101
-85
2921
1431693
0
-8
7
-3092
-89
2930
1432718
6
-10
6
-3093
-73
2939
1433743
1
-9
7
-3097
-82
2925
1426560
-2
-5
9
-3094
-89
2932
1427585
-3
-2
10
-3090
-85
2935
1428610
-4
-1
8
-3093
-87
2935
1429635
0
-1
5
-3094
-76
2933
1430660
0
-3
6
-3103
-58
2924
1431685
-6
-2
8
-3097
-78
2932
1432710
1
-1
4
-3102
-70
2927
1433735
0
0
4
-3106
-71
2913
1434760
-3
-1
2
-3099
-72
2917
1435785
-4
-2
3
-3101
-78
2916
1436810
3
-3
3
-3095
-91
2933
1437835
10
-5
1
-3096
-75
2941
1438860
-2
-3
4
-3104
-79
2938
1439885
-5
0
4
-3103
-86
2911
1440910
-3
0
3
-3102
-83
2916
1441935
-1
-3
3
-3104
-74
2925
1434752
0
-6
2
-3107
-93
2913
1435777
4
-9
2
-3095
-75
2914
1436802
-3
-9
7
-3111
-80
2923
1437827
3
-8
10
-3104
-83
2946
1438852
5
-5
10
-3084
-66
2932
1439877
-1
-4
10
-3096
-75
2933
1440902
2
-4
7
-3095
-66
2933
1441927
-1
-2
4
-3098
-55
2927
1442952
-12
-1
6
-3105
-88
2920
1443977
-5
-2
3
-3100
-91
2911
1445002
7
-5
1
-3103
-73
2920
1446027
3
-6
3
-3104
-81
2928
1447052
-6
-5
6
-3104
-105
2916
1448077
3
-7
5
-3092
-90
2933
1449102
4
-9
8
-3103
-76
2932
1450127
-1
-7
7
-3105
-76
2925
1442944
3
-5
5
-3108
-62
2939
1443969
1
-3
5
-3104
-54
2940
1444994
-10
-4
6
-3095
-71
2914
1446019
-8
-6
5
-3096
-89
2926
1447044
6
-6
1
-3102
-69
2927
1448069
-1
-6
1
-3103
-72
2913
1449094
-11
-8
4
-3099
-94
2924
1450119
-6
-10
8
-3093
-108
2930
1451144
3
-11
11
-3093
-114
2930
1452169
9
-11
14
-3100
-98
2930
1453194
8
-10
19
-3090
-75
2954
1454219
-8
-7
22
-3098
-57
2923
1455244
-16
-9
25
-3102
-74
2907
1456269
1
-13
23
-3096
-59
2921
1457294
8
-18
17
-3101
-45
2917
1458319
-16
-28
29
-3121
-98
2917
1451135
4
-53
28
-3231
-84
2922
1452160
-46
-134
-32
-3169
277
3027
1453185
-421
-220
19
-3083
502
2574
1454210
-471
-155
266
-2675
-601
3286
1455235
-176
-9
325
-3178
-810
3709
1456260
-118
37
170
-2992
-384
2704
1457285
-169
56
132
-3049
30
2690
1458310
-227
58
130
-3270
-16
2921
1459335
-38
39
33
-3075
40
2833
1460360
205
-7
-40
-2965
91
2769
1461385
284
-55
-90
-3073
228
2873
1462410
174
-67
-103
-3101
74
2968
1463435
118
-50
-121
-3046
-71
3001
1464460
145
-19
-124
-3010
-152
3085
1465485
175
14
-119
-3020
-222
3152
1466510
191
35
-134
-2996
-137
3078
1459328
161
65
-136
-2981
-66
2991
1460353
155
109
-77
-2971
-131
3140
1461378
133
145
3
-3115
-124
3068
1462403
-16
133
7
-3153
6
2867
1463428
-157
99
6
-3163
-95
2730
1464453
-60
56
-20
-3180
-196
2735
1465478
105
11
-26
-3145
-85
2818
1466503
116
-16
-17
-3132
33
2871
1467528
23
-20
-10
-3120
0
2915
1468553
-39
-17
-10
-3093
-58
2951
1469578
-45
-15
-9
-3081
-110
2951
1470603
-5
-15
-10
-3083
-80
2951
1471628
14
-12
-5
-3094
-65
2950
1472653
25
-7
-9
-3086
-47
2982
1473678
0
4
-3
-3089
-52
2984
1474703
-24
14
-2
-3090
-89
2953
1467520
-19
20
-2
-3104
-75
2907
1468545
-21
16
-1
-3126
-114
2879
1469570
7
7
-3
-3116
-85
2919
1470595
10
9
-1
-3105
-55
2945
1471620
-10
11
0
-3101
-75
2893
1472645
-9
3
4
-3109
-93
2877
1473670
2
-6
4
-3114
-82
2906
1474695
8
-13
2
-3105
-93
2910
1475720
6
-15
3
-3095
-85
2930
1476745
10
-11
3
-3099
-66
2938
1477770
2
-6
3
-3093
-58
2939
1478795
-11
-1
6
-3097
-69
2945
1479820
-10
3
4
-3101
-69
2921
1480845
-5
4
1
-3106
-63
2897
1481870
1
1
-1
-3113
-64
2908
1482895
0
-3
0
-3113
-62
2913
1475711
-2
-4
-2
-3108
-82
2925
1476736
-4
-6
-2
-3095
-102
2913
1477761
-4
-10
0
-3093
-105
2911
1478786
3
-16
2
-3110
-90
2930
1479811
0
-16
6
-3103
-81
2938
1480836
-11
-12
6
-3102
-71
2921
1481861
-14
-13
6
-3109
-83
2905
1482886
0
-14
3
-3107
-86
2932
1483911
5
-14
2
-3104
-51
2928
1484936
-9
-10
3
-3095
-71
2928
1485961
-5
-7
2
-3097
-94
2927
1486986
8
-6
3
-3089
-92
2946
1488011
6
-5
5
-3096
-83
2946
1489036
-6
0
6
-3104
-77
2925
1490061
-10
4
7
-3104
-79
2915
1491086
-13
1
8
-3095
-90
2918
1483904
-5
-3
5
-3095
-87
2915
1484929
5
-7
5
-3112
-70
2919
1485954
1
-9
4
-3111
-63
2922
1486979
-9
-5
6
-3098
-68
2935
1488004
-1
-3
4
-3099
-72
2931
1489029
2
-3
0
-3097
-62
2915
1490054
-3
-2
-1
-3105
-71
2935
1491079
-5
-2
-2
-3107
-88
2934
1492104
1
1
-2
-3091
-89
2933
1493129
3
1
0
-3099
-85
2932
1494154
-2
0
1
-3100
-86
2910
1495179
-5
0
1
-3100
-86
2918
1496204
-4
0
1
-3106
-94
2929
1497229
2
-2
-2
-3099
-95
2909
1498254
0
-4
1
-3098
-81
2923
1499279
-2
-3
6
-3112
-82
2926
1492096
-2
-4
7
-3097
-90
2916
1493121
2
-5
6
-3101
-86
2925
1494146
2
-6
3
-3103
-77
2922
1495171
-8
-6
3
-3102
-82
2913
1496196
-4
-5
4
-3103
-93
2933
1497221
7
-4
4
-3101
-81
2937
1498246
4
-4
4
-3099
-72
2925
1499271
-7
-2
5
-3115
-70
2916
1500296
-13
-1
8
-3111
-86
2915
1501321
3
-2
7
-3102
-76
2914
1502346
8
-3
8
-3101
-74
2928
1503371
10
-2
4
-3103
-70
2923
1504396
4
-3
2
-3092
-72
2924
1505421
-7
-4
3
-3091
-84
2927
1506446
-1
-5
3
-3100
-83
2936
1507471
2
-6
2
-3105
-85
2929
1500287
1
-3
0
-3104
-73
2932
1501312
-5
-1
3
-3109
-88
2914
1502337
2
-1
1
-3099
-92
2924
1503362
3
-3
1
-3100
-70
2922
1504387
-7
-2
4
-3107
-98
2915
1505412
7
-1
5
-3106
-88
2938
1506437
9
1
7
-3097
-79
2920
1507462
-4
2
11
-3103
-87
2929
1508487
-4
2
10
-3113
-78
2931
1509512
-4
2
7
-3106
-72
2919
1510537
-5
0
5
-3106
-77
2914
1511562
-1
-2
4
-3110
-74
2910
1512587
-4
-3
5
-3104
-77
2917
1513612
-2
-6
7
-3106
-85
2917
1514637
5
-8
5
-3098
-95
2927
1515662
7
-7
6
-3099
-76
2936
1508480
0
-6
7
-3110
-75
2920
1509505
-6
-5
8
-3098
-91
2926
1510530
-5
-4
10
-3100
-74
2932
1511555
-6
-1
8
-3104
-91
2926
1512580
4
-3
5
-3097
-83
2924
1513605
7
-4
4
-3100
-71
2921
1514630
2
-3
3
-3114
-60
2925
1515655
-5
-3
3
-3117
-65
2912
1516680
-3
-5
0
-3100
-80
2903
1517705
9
-6
-2
-3100
-81
2935
1518730
9
-8
-4
-3097
-71
2927
1519755
-9
-8
0
-3101
-84
2919
1520780
-13
-6
6
-3103
-99
2928
1521805
-3
-9
5
-3110
-97
2917
1522830
9
-10
2
-3105
-80
2919
1523855
-3
-17
12
-3113
-79
2914
1516672
-1
-21
9
-3102
-99
2913
1517697
2
-24
6
-3126
-76
2917
1518722
-44
-58
23
-3200
-30
2946
1519747
-162
-129
23
-3194
136
2887
1520772
-281
-116
-10
-3046
-71
2902
1521797
-211
-75
25
-2846
-160
3133
1522822
-12
-24
242
-2973
-575
3437
1523847
-60
-10
139
-3132
195
3051
1524872
-411
7
131
-3076
-19
2497
1525897
-412
-40
125
-3253
-530
2507
1526922
-42
-91
53
-3183
-227
2837
1527947
125
-88
9
-2992
66
3068
1528972
121
-53
-3
-2971
-75
3086
1529997
159
-19
-25
-3033
-76
3015
1531022
159
5
-57
-3013
-26
2983
1532047
144
29
-74
-3004
-68
3030
1524865
154
52
-89
-3042
-103
3033
1525890
184
71
-104
-3012
-100
3065
1526915
203
93
-94
-3054
1
2992
1527940
193
89
-101
-3110
65
2815
1528965
147
70
-87
-3052
8
2902
1529990
50
69
-16
-3126
-160
2996
1531015
-70
54
-2
-3163
-178
2950
1532040
-95
34
-19
-3120
-218
2830
1533065
34
8
-22
-3134
-180
2825
1534090
97
-20
1
-3125
-88
2886
1535115
41
-29
20
-3087
-53
2956
1536140
-21
-20
25
-3075
-82
2973
1537165
-18
-13
19
-3084
-86
2965
1538190
-7
-6
17
-3100
-45
2974
1539215
-23
0
16
-3093
-38
2953
1540240
-14
6
8
-3085
-54
2953
1533057
11
9
-2
-3089
-34
2957
1534082
4
13
-5
-3080
-42
2963
1535107
-3
20
-10
-3087
-34
2952
1536132
-27
23
-10
-3101
-81
2909
1537157
-33
17
-14
-3108
-115
2885
1538182
-9
11
-13
-3114
-142
2895
1539207
11
2
-10
-3111
-115
2901
1540232
2
-2
-1
-3105
-97
2919
1541257
-15
-2
7
-3103
-119
2908
1542282
-10
-7
11
-3107
-126
2894
1543307
11
-12
13
-3096
-82
2929
1544332
11
-12
18
-3101
-58
2943
1545357
-2
-9
16
-3102
-62
2940
1546382
5
-3
7
-3086
-40
2946
1547407
1
0
3
-3096
-56
2934
1548432
-10
1
-1
-3097
-60
2937
1541247
-4
1
-6
-3087
-70
2928
1542272
2
2
-5
-3103
-69
2929
1543297
-13
2
-2
-3121
-84
2905
1544322
-4
-1
-4
-3109
-102
2904
1545347
6
-3
1
-3095
-88
2918
1546372
-7
-4
7
-3113
-95
2905
1547397
-3
-6
6
-3107
-108
2904
1548422
9
-12
6
-3083
-98
2926
1549447
9
-14
8
-3083
-83
2954
1550472
2
-11
5
-3093
-79
2944
1551497
-1
-9
3
-3090
-66
2937
1552522
-7
-5
5
-3105
-64
2944
1553547
-15
-2
1
-3105
-70
2928
1554572
-8
-1
-6
-3103
-76
2916
1555597
-2
-3
-8
-3102
-70
2920
1556622
-7
-2
-6
-3103
-90
2913
1549563
0
-4
-4
-3104
-103
2920
1550588
6
-7
0
-3106
-98
2920
1551613
-1
-7
7
-3104
-106
2923
1552638
-3
-5
10
-3104
-104
2921
1553663
0
-5
11
-3107
-87
2922
1554688
-5
-6
10
-3093
-79
2916
1555713
-5
-9
12
-3097
-71
2916
1556738
-1
-12
9
-3107
-75
2933
1557763
3
-11
6
-3089
-53
2946
1558788
-6
-8
1
-3091
-54
2934
1559813
-5
-6
-3
-3108
-73
2944
1560838
3
-3
-7
-3088
-71
2947
1561863
2
-1
-5
-3091
-83
2930
1562888
-8
1
0
-3112
-92
2918
1563913
-6
1
-1
-3114
-104
2912
1564938
6
2
-3
-3106
-84
2939
1557632
1
2
-2
-3094
-85
2937
1558657
-8
0
1
-3091
-104
2913
1559682
0
-4
4
-3097
-97
2924
1560707
0
-7
9
-3111
-89
2922
1561732
-1
-7
5
-3107
-83
2928
1562757
-4
-6
6
-3093
-87
2930
1563782
-7
-6
6
-3087
-90
2929
1564807
5
-6
4
-3093
-85
2931
1565832
6
-8
5
-3085
-76
2930
1566857
-3
-6
9
-3104
-82
2940
1567882
-4
0
7
-3103
-81
2941
1568907
0
4
3
-3090
-87
2934
1569932
0
2
2
-3094
-76
2926
1570957
-2
0
4
-3099
-87
2923
1571982
0
-1
3
-3107
-78
2921
1573007
-5
-1
4
-3106
-81
2924
1565825
-3
-1
5
-3110
-91
2925
1566850
2
-5
5
-3107
-77
2911
1567875
-3
-6
7
-3104
-80
2915
1568900
-3
-8
9
-3106
-92
2909
1569925
9
-10
7
-3088
-93
2926
1570950
9
-10
7
-3085
-75
2943
1571975
-1
-9
6
-3091
-88
2957
1573000
2
-5
3
-3098
-86
2948
1574025
2
-2
4
-3091
-65
2933
1575050
-10
1
6
-3094
-65
2940
1576075
-8
3
2
-3106
-76
2926
1577100
1
3
-4
-3100
-82
2913
1578125
6
1
-5
-3097
-77
2921
1579150
-3
1
-1
-3107
-90
2917
1580175
-6
-1
4
-3104
-106
2915
1581200
10
-3
5
-3096
-100
2926
1574016
7
-3
9
-3104
-92
2922
1575041
2
-2
11
-3102
-99
2937
1576066
4
-3
12
-3093
-77
2926
1577091
-8
-2
13
-3099
-71
2921
1578116
-9
-2
12
-3098
-73
2927
1579141
8
-5
5
-3095
-67
2919
1580166
4
-9
3
-3099
-62
2910
1581191
-6
-9
1
-3107
-77
2924
1582216
6
-7
-1
-3102
-80
2940
1583241
12
-3
0
-3098
-70
2943
1584266
-1
2
3
-3101
-74
2940
1585291
-8
6
4
-3099
-104
2925
1586316
5
5
3
-3095
-93
2919
1587341
1
1
4
-3102
-86
2921
1588366
-3
-2
6
-3110
-87
2918
1589391
0
-4
7
-3110
-78
2899
1582209
-2
-8
7
-3109
-77
2893
1583234
6
-14
3
-3109
-97
2907
1584259
16
-19
3
-3104
-70
2924
1585284
0
-17
10
-3099
-75
2936
1586309
-3
-14
13
-3098
-95
2942
1587334
8
-13
11
-3095
-62
2945
1588359
-1
-10
11
-3093
-68
2930
1589384
-8
-10
11
-3101
-75
2919
1590409
-4
-11
12
-3103
-89
2931
1591434
7
-12
12
-3109
-75
2928
1592459
-6
-21
20
-3119
-102
2957
1593484
-3
-49
33
-3167
-177
3012
1594509
4
-110
-26
-3178
76
2929
1595534
-190
-128
-42
-3103
277
2856
1596559
-509
-180
71
-2959
159
2947
1597584
-773
-182
310
-2991
-512
3375
1590400
-847
-53
247
-2996
-355
3208
1591425
-759
31
205
-3048
-432
2673
1592450
-438
14
122
-3114
-370
2666
1593475
-91
-35
41
-3149
-91
2731
1594500
125
-53
-14
-3026
-108
2941
1595525
217
-50
-33
-2978
-112
3045
1596550
220
-31
-64
-3012
-129
3016
1597575
234
-10
-87
-3024
-216
2998
1598600
289
13
-107
-3017
-210
3065
1599625
304
35
-114
-2985
-213
3113
1600650
274
46
-91
-2983
-175
3015
1601675
268
73
-70
-3035
-87
2931
1602700
271
121
-48
-2981
-115
3210
1603725
242
172
13
-3155
-311
3040
1604750
125
129
-23
-3187
-31
2799
1605775
-77
67
-2
-3087
-78
2777
1598592
7
22
-3
-3169
-166
2811
1599617
174
-11
-30
-3140
-63
2899
1600642
138
-17
-23
-3072
-4
3008
1601667
-22
-3
-2
-3071
-95
3013
1602692
-64
4
-2
-3055
-160
2955
1603717
-22
-1
-4
-3062
-98
2949
1604742
1
-2
-11
-3093
-68
2937
1605767
-8
-6
-15
-3098
-92
2875
1606792
-38
-24
-7
-3118
-137
2859
1607817
-35
-34
-7
-3096
-136
2939
1608842
-14
-24
-12
-3081
-121
2992
1609867
-13
-12
-14
-3071
-131
2979
1610892
-21
-4
-8
-3050
-115
2983
1611917
-34
5
2
-3072
-134
2965
1612942
-36
8
9
-3086
-141
2948
1613967
-22
8
4
-3095
-135
2921
1606784
4
4
-1
-3091
-140
2909
1607809
10
0
-2
-3086
-135
2935
1608834
5
-1
-2
-3084
-127
2953
1609859
-2
0
0
-3080
-127
2939
1610884
-7
-1
4
-3086
-157
2937
1611909
5
-4
4
-3091
-155
2931
1612934
16
-6
3
-3081
-125
2945
1613959
5
-2
4
-3083
-121
2952
1614984
-6
0
5
-3087
-122
2936
1616009
-9
0
10
-3076
-159
2935
1617034
12
-2
7
-3076
-122
2961
1618059
7
1
4
-3091
-118
2957
1619084
-4
4
1
-3089
-123
2938
1620109
-7
7
2
-3085
-113
2937
1621134
-11
10
5
-3090
-117
2948
1622159
-7
11
5
-3099
-130
2931
1614976
1
8
1
-3100
-121
2919
1616001
-7
2
-1
-3103
-128
2912
1617026
-11
-1
0
-3096
-145
2916
1618051
1
-2
1
-3086
-165
2944
1619076
11
-3
-1
-3074
-136
2950
1620101
2
1
3
-3088
-130
2948
1621126
-3
1
3
-3094
-124
2936
1622151
-12
0
1
-3096
-119
2920
1623176
-10
0
0
-3093
-141
2930
1624201
8
-2
-5
-3094
-115
2945
1625226
5
1
-6
-3097
-120
2946
1626251
-7
1
-5
-3096
-128
2929
1627276
-16
0
0
-3095
-155
2919
1628301
-8
0
2
-3092
-162
2932
1629326
3
-1
1
-3090
-144
2918
1630351
-2
-3
5
-3094
-143
2922
1623356
-9
-3
9
-3095
-147
2931
1624381
-5
-5
10
-3091
-142
2926
1625406
-9
-9
10
-3100
-133
2925
1626431
-5
-13
5
-3095
-115
2916
1627456
-5
-13
6
-3088
-137
2933
1628481
3
-14
3
-3080
-126
2951
1629506
1
-12
3
-3081
-128
2952
1630531
-5
-7
5
-3097
-136
2960
1631556
-5
-2
2
-3089
-130
2955
1632581
-5
3
2
-3087
-122
2943
1633606
-13
4
3
-3093
-136
2930
1634631
-10
0
-2
-3090
-147
2915
1635656
-1
-4
-4
-3091
-142
2918
1636681
3
-8
-3
-3095
-138
2920
1637706
-9
-9
0
-3094
-146
2927
1638731
-10
-9
1
-3099
-162
2936
1631360
-3
-11
0
-3096
-153
2923
1632385
-4
-15
5
-3098
-159
2932
1633410
-3
-14
7
-3076
-150
2940
1634435
-1
-12
9
-3086
-141
2947
1635460
-4
-12
9
-3089
-139
2951
1636485
-7
-8
8
-3084
-124
2942
1637510
-9
-6
9
-3089
-140
2935
1638535
3
-5
5
-3082
-138
2953
1639560
3
-5
1
-3081
-115
2951
1640585
-8
-4
2
-3092
-139
2940
1641610
-4
-3
0
-3086
-144
2942
1642635
-1
-1
-1
-3093
-133
2936
1643660
-5
0
-1
-3097
-143
2941
1644685
-8
1
0
-3087
-155
2933
1645710
-5
-1
2
-3089
-157
2925
1646735
-3
-5
4
-3090
-158
2922
1639553
4
-6
3
-3084
-152
2934
1640578
10
-6
2
-3081
-147
2953
1641603
4
-5
4
-3074
-137
2964
1642628
-7
-3
4
-3087
-149
2953
1643653
-6
-1
4
-3090
-145
2946
1644678
1
3
2
-3096
-139
2940
1645703
-4
3
0
-3087
-140
2931
1646728
-2
2
-1
-3093
-144
2926
1647753
10
2
-3
-3083
-140
2940
1648778
-4
2
0
-3088
-147
2935
1649803
-8
3
2
-3092
-171
2933
1650828
3
2
3
-3093
-169
2944
1651853
7
1
7
-3091
-145
2940
1652878
-2
1
7
-3097
-143
2933
1653903
-9
-1
8
-3100
-137
2916
1654928
-15
-7
12
-3100
-151
2936
1647744
-14
-21
12
-3126
-128
2936
1648769
-50
-67
29
-3172
-10
2843
1649794
-121
-91
31
-3156
-31
2895
1650819
-134
-93
36
-3093
-255
2903
1651844
-38
-72
-18
-2988
-81
3013
1652869
-66
-2
41
-2757
-99
3412
1653894
-81
46
307
-3065
-794
3385
1654919
-76
60
133
-3139
153
2820
1655944
-434
24
173
-3183
-42
2267
1656969
-450
-56
141
-3272
-504
2550
1657994
-1
-109
39
-3166
-229
2858
1659019
253
-110
-26
-2993
50
3051
1660044
220
-82
-39
-3000
-88
3014
1661069
184
-65
-52
-3014
-95
2988
1662094
176
-31
-67
-2973
-126
3177
1663119
177
22
-101
-2966
-93
3272
1655937
175
79
-140
-2953
-69
3108
1656962
193
94
-159
-3025
-82
2861
1657987
197
97
-123
-3039
-61
2986
1659012
96
121
-33
-3110
-143
3088
1660037
-43
124
-9
-3173
-176
2931
1661062
-108
95
-32
-3139
-218
2797
1662087
-32
52
-38
-3150
-290
2765
1663112
107
17
-34
-3162
-189
2785
1664137
104
-9
-4
-3130
-81
2873
1665162
3
-23
27
-3114
-134
2918
1666187
-34
-25
28
-3107
-176
2926
1667212
-12
-25
22
-3082
-176
2932
1668237
21
-29
20
-3079
-122
2950
1669262
23
-31
23
-3075
-86
2974
1670287
9
-24
25
-3065
-82
2996
1671312
-3
-10
14
-3078
-64
3017
1664128
-21
2
5
-3093
-78
2978
1665153
-19
12
-8
-3080
-91
2940
1666178
-7
18
-13
-3084
-104
2945
1667203
-3
19
-15
-3098
-114
2948
1668228
-17
19
-16
-3102
-149
2907
1669253
-16
15
-17
-3111
-166
2902
1670278
-2
8
-17
-3116
-148
2910
1671303
-1
3
-10
-3099
-158
2918
1672328
-9
-1
0
-3105
-175
2907
1673353
-10
-7
10
-3106
-176
2911
1674378
16
-7
10
-3097
-135
2940
1675403
5
-3
13
-3103
-109
2939
1676428
-18
-2
13
-3106
-136
2913
1677453
-9
-5
11
-3105
-121
2918
1678478
4
-7
9
-3089
-120
2941
1679503
9
-6
5
-3096
-111
2940
1672320
0
-5
1
-3106
-125
2920
1673345
-2
-5
-1
-3102
-113
2938
1674370
-10
-1
0
-3103
-127
2943
1675395
-10
2
-2
-3091
-147
2945
1676420
-2
5
1
-3091
-130
2942
1677445
-10
3
2
-3101
-142
2909
1678470
-9
-2
2
-3103
-146
2908
1679495
4
-6
3
-3101
-137
2919
1680520
-2
-9
6
-3099
-152
2912
1681545
-3
-13
8
-3095
-159
2926
1682570
-3
-15
11
-3093
-159
2932
1683595
1
-17
11
-3087
-143
2933
1684620
0
-19
13
-3084
-146
2936
1685645
-2
-20
15
-3093
-147
2944
1686670
7
-18
13
-3094
-117
2955
1687695
1
-13
18
-3089
-105
2947
1680511
-9
-7
18
-3087
-123
2948
1681536
-5
-4
11
-3087
-120
2942
1682561
1
-5
4
-3090
-110
2937
1683586
-2
-2
2
-3101
-98
2948
1684611
-6
3
-1
-3096
-107
2944
1685636
-11
6
0
-3092
-125
2934
1686661
-3
8
2
-3099
-136
2940
1687686
1
8
-2
-3096
-139
2918
1688711
0
5
-5
-3088
-150
2917
1689736
3
2
-1
-3097
-151
2943
1690761
-3
0
1
-3086
-142
2929
1691786
1
0
3
-3084
-154
2932
1692811
6
-4
5
-3110
-128
2924
1693836
0
-4
4
-3090
-134
2934
1694861
2
0
0
-3101
-102
2949
1695886
-6
3
-4
-3098
-111
2923
1688723
-5
3
-5
-3097
-115
2928
1689748
-5
1
-4
-3108
-125
2929
1690773
-4
1
-5
-3097
-146
2914
1691798
3
0
-2
-3094
-162
2936
1692823
8
-3
1
-3102
-153
2929
1693848
2
-2
5
-3098
-148
2931
1694873
-9
-1
10
-3101
-152
2919
1695898
-4
-4
10
-3105
-142
2919
1696923
2
-6
8
-3096
-124
2931
1697948
1
-9
8
-3096
-117
2934
1698973
-8
-14
7
-3101
-123
2917
1699998
-3
-14
4
-3090
-123
2933
1701023
8
-11
-1
-3089
-115
2945
1702048
-2
-9
-3
-3097
-128
2940
1703073
-8
-5
-2
-3102
-138
2938
1704098
0
-3
-1
-3092
-136
2933
1696896
1
0
-1
-3097
-140
2932
1697921
-5
-2
0
-3094
-139
2922
1698946
-8
-5
3
-3101
-161
2916
1699971
8
-6
2
-3095
-137
2944
1700996
3
-8
4
-3095
-127
2940
1702021
-10
-4
7
-3099
-149
2934
1703046
-3
-5
8
-3093
-132
2925
1704071
-4
-8
11
-3099
-123
2925
1705096
-5
-10
8
-3097
-139
2930
1706121
2
-10
5
-3088
-126
2942
1707146
0
-7
5
-3087
-123
2962
1708171
-9
-5
6
-3085
-135
2942
1709196
-10
-4
4
-3083
-137
2930
1710221
-2
-2
2
-3094
-138
2944
1711246
2
-3
0
-3096
-137
2926
1712271
-2
-2
2
-3085
-133
2944
1705088
-4
2
6
-3098
-135
2937
1706113
-1
4
4
-3092
-129
2922
1707138
-4
2
5
-3099
-130
2915
1708163
-8
-4
7
-3112
-142
2912
1709188
8
-8
2
-3085
-159
2935
1710213
18
-10
1
-3077
-132
2950
1711238
0
-9
4
-3091
-137
2943
1712263
-11
-8
6
-3095
-135
2932
1713288
-9
-6
8
-3096
-143
2934
1714313
0
-5
6
-3096
-130
2944
1715338
1
-4
2
-3095
-117
2928
1716363
-15
-3
5
-3095
-146
2920
1717388
-8
-4
9
-3095
-164
2942
1718413
3
-11
17
-3098
-169
2947
1719438
0
-24
28
-3166
-160
2939
1720463
-61
-75
6
-3200
64
2932
1713280
-253
-137
31
-3101
184
2997
1714305
-360
-77
56
-2871
-133
3030
1715330
-126
-31
247
-2916
-1043
3212
1716355
15
-31
185
-3160
-296
3094
1717380
-177
0
137
-3070
0
2651
1718405
-295
-1
84
-3236
95
2655
1719430
-216
-40
62
-3174
-228
2734
1720455
63
-76
14
-2974
-123
2934
1721480
208
-77
-15
-2983
-73
3006
1722505
204
-53
-43
-3051
-29
3037
1723530
142
-15
-53
-3051
-92
3071
1724555
131
27
-77
-3014
-173
3058
1725580
162
58
-84
-3012
-236
3022
1726605
193
70
-80
-3045
-187
2957
1727630
181
72
-74
-3051
-30
2975
1728655
107
75
-60
-3064
-35
2993
1721472
66
65
-61
-3056
-71
2919
1722497
57
37
-70
-3073
-91
2865
1723522
46
28
-54
-3088
-146
2927
1724547
33
42
6
-3117
-293
3022
1725572
27
49
33
-3146
-222
3006
1726597
-7
38
9
-3103
-63
2917
1727622
-37
24
3
-3102
-132
2854
1728647
7
6
6
-3118
-161
2891
1729672
45
-13
9
-3084
-73
2938
1730697
23
-15
9
-3084
-43
2968
1731722
1
-7
-1
-3094
-78
2951
1732747
0
-1
-12
-3085
-82
2954
1733772
-21
7
-6
-3101
-104
2956
1734797
-28
8
-9
-3101
-132
2919
1735822
-7
3
-8
-3083
-142
2922
1736847
4
5
-2
-3107
-120
2944
1729665
-6
7
-5
-3100
-140
2917
1730690
-8
6
-3
-3085
-148
2914
1731715
-1
0
5
-3092
-141
2939
1732740
5
-2
3
-3106
-121
2926
1733765
-2
-3
0
-3103
-111
2922
1734790
-10
-3
4
-3109
-106
2934
1735815
-4
-2
-1
-3100
-114
2927
1736840
5
-6
-5
-3089
-100
2920
1737865
-8
-7
-2
-3098
-110
2928
1738890
-12
-5
-1
-3102
-142
2929
1739915
1
-2
-4
-3093
-130
2932
1740940
-4
-2
-1
-3103
-138
2925
1741965
-9
-3
-2
-3099
-151
2917
1742990
4
-2
5
-3100
-139
2939
1744015
7
-2
7
-3107
-107
2932
1745040
-12
-1
8
-3098
-134
2915
1737856
-12
-3
10
-3103
-124
2917
1738881
-1
-7
7
-3102
-128
2916
1739906
7
-11
6
-3095
-104
2922
1740931
1
-15
5
-3105
-106
2929
1741956
-2
-18
2
-3090
-130
2931
1742981
4
-15
0
-3082
-114
2949
1744006
-3
-9
4
-3097
-123
2952
1745031
0
-3
2
-3095
-137
2942
1746056
10
1
-1
-3081
-113
2941
1747081
-8
4
4
-3085
-123
2929
1748106
-8
4
3
-3103
-122
2931
1749131
-2
0
4
-3111
-126
2916
1750156
-1
-3
3
-3098
-118
2912
1751181
0
-5
3
-3104
-122
2921
1752206
0
-10
2
-3100
-134
2923
1753231
3
-12
3
-3092
-135
2922
1746048
4
-11
8
-3092
-134
2934
1747073
1
-11
11
-3095
-130
2937
1748098
2
-9
10
-3091
-126
2953
1749123
-2
-8
11
-3096
-108
2944
1750148
-8
-5
10
-3088
-124
2946
1751173
-2
-2
5
-3093
-123
2950
1752198
10
0
-1
-3086
-110
2955
1753223
4
1
-3
-3087
-97
2937
1754248
-14
1
1
-3092
-120
2937
1755273
-12
6
5
-3109
-125
2937
1756298
0
10
1
-3103
-121
2919
1757323
2
7
2
-3105
-113
2902
1758348
-3
2
0
-3104
-122
2908
1759373
-3
-3
0
-3089
-148
2916
1760398
4
-7
1
-3094
-133
2929
1761423
3
-8
5
-3098
-138
2938
1754241
4
-9
7
-3097
-129
2938
1755266
2
-5
7
-3096
-119
2950
1756291
-1
1
5
-3089
-114
2949
1757316
-4
5
2
-3078
-111
2934
1758341
-6
6
1
-3103
-109
2930
1759366
-2
4
-1
-3102
-109
2920
1760391
1
5
-2
-3096
-117
2940
1761416
0
5
-3
-3104
-138
2930
1762441
2
3
-3
-3099
-133
2915
1763466
-2
3
1
-3099
-140
2918
1764491
3
3
5
-3114
-131
2931
1765516
-2
2
7
-3102
-132
2915
1766541
-5
1
7
-3099
-142
2914
1767566
0
-3
5
-3099
-121
2905
1768591
-2
-8
6
-3102
-120
2910
1769616
-2
-12
8
-3110
-113
2928
1762516
2
-13
6
-3098
-123
2937
1763541
8
-12
4
-3093
-101
2932
1764566
-3
-7
4
-3098
-109
2936
1765591
-5
-4
1
-3102
-120
2930
1766616
-2
-4
2
-3090
-127
2930
1767641
-3
-6
4
-3094
-120
2925
1768666
0
-5
3
-3095
-141
2926
1769691
7
-7
0
-3104
-113
2910
1770716
-4
-10
0
-3106
-129
2921
1771741
-11
-12
4
-3105
-148
2918
1772766
3
-15
4
-3102
-135
2916
1773791
6
-17
9
-3097
-138
2926
1774816
3
-17
10
-3089
-122
2929
1775841
-4
-17
13
-3093
-97
2933
1776866
-9
-16
13
-3096
-115
2934
1777891
2
-15
9
-3098
-110
2941
1770625
5
-14
9
-3092
-112
2934
1771650
-1
-16
8
-3083
-115
2925
1772675
-15
-17
11
-3082
-146
2928
1773700
7
-16
8
-3083
-145
2954
1774725
21
-16
9
-3089
-116
2946
1775750
5
-12
6
-3077
-104
2945
1776775
2
-7
10
-3091
-115
2941
1777800
-4
-8
9
-3108
-89
2931
1778825
-8
-17
8
-3106
-143
2923
1779850
16
-37
18
-3200
-150
2927
1780875
22
-79
-40
-3160
55
3056
1781900
-143
-76
-90
-3004
230
2958
1782925
-248
-38
106
-2757
-447
3154
1783950
-128
-19
259
-3236
-175
3330
1784975
-342
-4
209
-3004
-207
2669
1786000
-344
26
216
-3133
-1076
2497
1778816
240
-24
109
-3281
-451
2737
1779841
418
-50
6
-3125
678
3041
1780866
13
-27
16
-2966
233
3026
1781891
-1
-27
-15
-3007
-57
2907
1782916
171
-46
-67
-2992
73
2957
1783941
179
-46
-95
-2999
-11
2992
1784966
189
-24
-118
-3070
-91
2977
1785991
232
2
-144
-3093
-47
3069
1787016
212
33
-151
-2986
-49
3203
1788041
175
56
-125
-2982
-92
3067
1789066
196
63
-135
-3031
-42
2886
1790091
149
74
-92
-3035
-71
2933
1791116
61
106
8
-3108
-238
3024
1792141
-60
116
40
-3210
-164
2954
1793166
-188
83
40
-3159
-244
2766
1794191
-87
40
37
-3159
-194
2726
1787008
70
3
24
-3156
-41
2785
1788033
77
-19
27
-3110
31
2909
1789058
-6
-28
33
-3090
34
2971
1790083
-53
-27
24
-3073
-33
2958
1791108
-32
-27
11
-3081
-50
2956
1792133
-10
-23
-1
-3088
-23
2967
1793158
-17
-18
-14
-3091
-18
2966
1794183
-40
-19
-16
-3090
-25
2962
1795208
-75
-12
-5
-3067
-121
2969
1796233
-69
5
0
-3080
-183
2969
1797258
-28
18
-2
-3086
-151
2952
1798283
-10
24
-1
-3084
-85
2928
1799308
-28
26
9
-3113
-92
2875
1800333
-20
18
16
-3118
-115
2870
1801358
8
6
13
-3105
-85
2904
1802383
14
0
6
-3102
-51
2914
1795199
0
-3
-2
-3110
-78
2885
1796224
6
-12
-5
-3102
-89
2905
1797249
20
-20
-2
-3100
-71
2946
1798274
7
-15
-1
-3092
-69
2953
1799299
-2
-6
-3
-3085
-100
2949
1800324
8
1
-2
-3099
-81
2959
1801349
-5
3
0
-3094
-92
2933
1802374
-6
5
-2
-3088
-95
2920
1803399
2
7
0
-3099
-101
2945
1804424
5
7
-1
-3092
-93
2927
1805449
-6
6
3
-3096
-96
2919
1806474
-13
-1
8
-3116
-116
2895
1807499
-6
-11
5
-3109
-105
2893
1808524
-9
-17
6
-3113
-76
2915
1809549
-17
-17
8
-3096
-89
2944
1810574
-12
-10
10
-3088
-86
2949
1803392
-15
-4
10
-3096
-87
2932
1804417
-8
-2
7
-3086
-89
2931
1805442
0
-2
5
-3098
-80
2930
1806467
4
-2
5
-3094
-93
2923
1807492
7
-4
3
-3084
-93
2934
1808517
5
-1
6
-3109
-98
2932
1809542
3
1
3
-3109
-100
2927
1810567
3
-2
3
-3099
-89
2926
1811592
-5
-3
7
-3104
-94
2920
1812617
-5
-7
6
-3098
-106
2920
1813642
11
-9
3
-3095
-101
2937
1814667
13
-9
1
-3101
-56
2934
1815692
-5
-8
4
-3099
-81
2936
1816717
-4
-5
5
-3090
-80
2945
1817742
1
0
5
-3093
-96
2943
1818767
4
3
2
-3105
-67
2933
1811584
-4
4
1
-3100
-72
2931
1812609
-3
2
2
-3100
-92
2923
1813634
3
1
-1
-3098
-86
2933
1814659
-2
1
0
-3100
-105
2925
1815684
-2
0
1
-3105
-109
2925
1816709
1
0
2
-3110
-102
2918
1817734
-7
-5
6
-3104
-107
2906
1818759
-7
-10
8
-3108
-114
2917
1819784
4
-14
10
-3098
-103
2916
1820809
4
-15
14
-3103
-99
2923
1821834
5
-14
14
-3095
-89
2950
1822859
5
-11
12
-3094
-70
2948
1823884
-3
-6
6
-3092
-62
2948
1824909
-2
0
2
-3095
-66
2960
1825934
-1
4
0
-3090
-76
2948
1826959
-3
11
-4
-3078
-78
2936
1819776
-6
14
-7
-3103
-74
2932
1820801
-13
15
-6
-3122
-112
2917
1821826
-10
13
-5
-3107
-116
2893
1822851
4
6
-1
-3111
-109
2875
1823876
6
0
4
-3113
-98
2908
1824901
-5
-7
8
-3116
-105
2907
1825926
0
-11
9
-3106
-115
2908
1826951
13
-12
8
-3088
-90
2936
1827976
3
-13
7
-3094
-83
2926
1829001
-4
-17
5
-3098
-91
2934
1830026
5
-16
2
-3099
-76
2931
1831051
2
-9
1
-3091
-77
2948
1832076
-1
-2
-1
-3096
-82
2961
1833101
1
1
-5
-3090
-90
2943
1834126
-3
3
-4
-3101
-84
2936
1835151
-14
4
0
-3107
-103
2917
1827969
-7
3
3
-3098
-119
2909
1828994
7
-1
7
-3104
-110
2923
1830019
4
-6
6
-3116
-91
2898
1831044
-8
-8
8
-3103
-102
2894
1832069
-3
-10
11
-3093
-105
2926
1833094
0
-14
9
-3102
-75
2929
1834119
-6
-16
8
-3093
-82
2934
1835144
0
-15
10
-3097
-90
2951
1836169
1
-12
8
-3093
-78
2952
1837194
-8
-8
2
-3082
-80
2940
1838219
-8
-5
1
-3088
-73
2960
1839244
-5
-3
-1
-3104
-93
2935
1840269
-4
-2
-4
-3096
-83
2917
1841294
0
0
-4
-3093
-94
2926
1842319
-1
-4
0
-3102
-94
2916
1843344
-12
-10
2
-3099
-113
2885
1836161
5
-21
1
-3105
-145
2885
1837186
35
-28
7
-3126
-94
2892
1838211
29
-26
11
-3088
-73
2995
1839236
2
-13
4
-3073
-47
2982
1840261
-23
-10
6
-3075
-101
2916
1841286
-21
-18
15
-3098
-109
2939
1842311
-29
-51
38
-3235
-123
2914
1843336
-92
-150
-4
-3253
221
2810
1844361
-276
-132
-47
-2943
80
2924
1845386
-215
-9
73
-2704
-602
3413
1846411
144
7
292
-3123
-611
3472
1847436
32
47
125
-2946
399
3082
1848461
-358
92
139
-3151
117
2495
1849486
-420
-7
140
-3298
-281
2315
1850511
-147
-104
108
-3197
-473
2616
1851536
163
-150
58
-3088
-167
2887
1844354
252
-129
2
-3036
153
3165
1845379
141
-69
-12
-3016
5
3161
1846404
97
-19
-24
-2954
-69
3090
1847429
109
18
-37
-2939
-68
3064
1848454
141
30
-63
-2999
-27
2983
1849479
167
34
-82
-3026
-16
2995
1850504
208
59
-79
-3056
-25
3041
1851529
221
86
-93
-3036
108
3109
1852554
125
131
-53
-3002
10
3136
1853579
8
151
-28
-3128
-114
2951
1854604
-105
110
-28
-3135
-58
2783
1855629
-126
66
-16
-3149
-181
2789
1856654
3
18
-24
-3201
-161
2804
1857679
127
-10
-54
-3128
-69
2869
1858704
113
-14
-38
-3086
-35
2942
1859729
-11
-16
-6
-3074
-52
2972
1852544
-84
-13
7
-3082
-91
2948
1853569
-60
-13
5
-3096
-104
2889
1854594
-6
-14
1
-3109
-97
2884
1855619
18
-19
1
-3115
-39
2921
1856644
-7
-20
4
-3093
-51
2960
1857669
-23
-14
9
-3077
-67
2972
1858694
-16
-7
5
-3076
-58
2961
1859719
-17
0
4
-3080
-55
2961
1860744
-21
6
2
-3080
-51
2959
1861769
-27
9
-1
-3090
-41
2944
1862794
-27
7
-1
-3097
-90
2902
1863819
0
1
-2
-3099
-90
2923
1864844
12
1
-6
-3097
-63
2921
1865869
-2
-4
-3
-3102
-85
2896
1866894
-5
-4
-1
-3093
-89
2927
1867919
-3
-5
0
-3099
-102
2920
1860736
2
-7
3
-3091
-89
2926
1861761
1
-4
8
-3091
-79
2950
1862786
0
0
8
-3091
-76
2947
1863811
0
2
4
-3085
-63
2943
1864836
-3
3
1
-3085
-59
2942
1865861
-11
4
2
-3084
-57
2937
1866886
-16
6
0
-3090
-74
2927
1867911
-12
4
-2
-3102
-97
2911
1868936
8
2
-3
-3114
-92
2914
1869961
6
1
2
-3103
-85
2921
1870986
-6
0
6
-3097
-87
2918
1872011
-3
-4
5
-3096
-102
2919
1873036
11
-10
7
-3093
-88
2932
1874061
6
-12
10
-3097
-63
2924
1875086
-12
-11
13
-3095
-84
2928
1876111
8
-8
9
-3095
-66
2944
1868929
13
-5
6
-3091
-45
2945
1869954
-5
-2
6
-3094
-60
2936
1870979
-9
-4
2
-3099
-72
2923
1872004
7
-3
0
-3096
-80
2944
1873029
13
0
-1
-3085
-56
2961
1874054
-9
5
-1
-3092
-79
2936
1875079
-11
5
-3
-3089
-90
2920
1876104
2
2
-1
-3101
-92
2930
1877129
5
1
1
-3106
-80
2925
1878154
1
1
3
-3095
-76
2918
1879179
-3
-1
5
-3094
-70
2902
1880204
-9
-8
6
-3109
-94
2910
1881229
2
-11
7
-3097
-87
2944
1882254
6
-9
11
-3085
-70
2939
1883279
1
-6
13
-3092
-79
2935
1884304
6
-5
7
-3093
-57
2942
1877120
0
-4
5
-3090
-48
2955
1878145
-6
1
3
-3090
-58
2946
1879170
-7
5
1
-3082
-68
2931
1880195
-7
6
2
-3102
-71
2919
1881220
0
2
-3
-3109
-69
2907
1882245
5
-2
-5
-3096
-75
2922
1883270
0
-2
-2
-3102
-69
2930
1884295
-10
1
3
-3103
-85
2918
1885320
-7
1
5
-3107
-100
2905
1886345
4
-2
6
-3106
-81
2907
1887370
4
-6
8
-3087
-83
2919
1888395
5
-8
8
-3089
-71
2935
1889420
-2
-7
9
-3097
-63
2944
1890445
-1
-4
7
-3095
-64
2933
1891470
3
-3
4
-3091
-64
2942
1892495
-3
-1
0
-3100
-55
2942
1885311
-7
2
-3
-3091
-83
2944
1886336
2
5
-8
-3090
-62
2930
1887361
-5
6
-4
-3098
-83
2926
1888386
-11
4
-1
-3110
-99
2922
1889411
-3
2
-3
-3107
-93
2906
1890436
1
0
-2
-3105
-82
2912
1891461
-2
-4
2
-3110
-91
2918
1892486
-1
-7
6
-3098
-89
2907
1893511
0
-9
9
-3103
-89
2913
1894536
3
-10
10
-3107
-77
2921
1895561
4
-9
7
-3104
-71
2935
1896586
-2
-8
5
-3094
-57
2930
1897611
-6
-6
5
-3091
-64
2930
1898636
-2
0
3
-3094
-62
2938
1899661
-5
1
-1
-3100
-66
2929
1900686
-9
-1
-1
-3108
-90
2916
1893505
1
-3
-6
-3097
-92
2917
1894530
3
-2
-4
-3099
-91
2930
1895555
-6
-1
2
-3105
-103
2919
1896580
-5
-6
4
-3098
-102
2918
1897605
2
-11
8
-3107
-88
2914
1898630
1
-16
9
-3103
-86
2909
1899655
0
-14
6
-3092
-61
2923
1900680
-9
-13
7
-3092
-66
2918
1901705
-8
-17
10
-3098
-88
2926
1902730
2
-23
7
-3104
-77
2897
1903755
-3
-21
4
-3103
-66
2932
1904780
-10
-17
9
-3091
-110
2945
1905805
16
-16
7
-3087
-95
2948
1906830
14
-14
9
-3081
-66
2962
1907855
-12
-7
15
-3093
-66
2946
1908880
-25
-5
10
-3106
-83
2920
1901696
-19
-11
11
-3094
-101
2921
1902721
6
-22
10
-3103
-74
2911
1903746
16
-31
17
-3154
-45
2896
1904771
-46
-71
17
-3176
59
3016
1905796
-180
-97
-1
-3140
178
2913
1906821
-252
-86
19
-2728
167
3099
1907846
-78
-55
285
-3136
-552
3330
1908871
-228
-11
186
-3043
-156
2931
1909896
-479
8
201
-3135
-395
2527
1910921
-320
-50
136
-3267
-352
2554
1911946
0
-101
48
-3180
-95
2764
1912971
146
-103
5
-2980
46
3118
1913996
150
-77
-6
-2936
-8
3139
1915021
168
-41
-22
-2936
-41
3078
1916046
190
-3
-40
-3006
-16
3093
1917071
177
30
-79
-3010
-6
3119
1909887
142
62
-114
-2983
-24
3128
1910912
115
85
-136
-2987
-75
3024
1911937
114
101
-142
-3013
-46
2955
1912962
128
139
-92
-3048
-51
3051
1913987
108
167
-50
-3119
-138
3027
1915012
19
142
-43
-3166
-120
2840
1916037
-85
94
-40
-3173
-136
2728
1917062
-38
41
-42
-3183
-183
2726
1918087
79
0
-33
-3149
-143
2810
1919112
86
-18
-6
-3123
-84
2889
1920137
16
-22
11
-3118
-80
2924
1921162
-26
-27
9
-3111
-82
2906
1922187
-20
-27
9
-3095
-93
2927
1923212
2
-28
18
-3086
-71
2962
1924237
11
-23
19
-3084
-42
2979
1925262
3
-15
20
-3071
-66
2988
1918080
-4
2
14
-3074
-33
3001
1919105
-33
20
3
-3098
-26
2981
1920130
-67
22
-10
-3099
-59
2937
1921155
-77
17
-19
-3096
-91
2901
1922180
-45
11
-21
-3105
-102
2902
1923205
-14
1
-20
-3119
-98
2895
1924230
2
-5
-19
-3112
-108
2896
1925255
4
-9
-16
-3116
-118
2901
1926280
0
-9
-11
-3110
-139
2926
1927305
-4
-6
1
-3097
-136
2937
1928330
-3
-3
8
-3089
-120
2920
1929355
5
-6
12
-3102
-115
2912
1930380
9
-7
16
-3099
-110
2927
1931405
4
-5
16
-3096
-76
2932
1932430
-1
-2
11
-3097
-82
2921
1933455
7
-5
4
-3096
-64
2921
1926272
5
-5
2
-3098
-73
2930
1927297
2
-5
2
-3095
-75
2927
1928322
-8
-6
2
-3100
-104
2923
1929347
-1
-6
2
-3102
-111
2928
1930372
4
-5
-1
-3108
-93
2919
1931397
-4
-5
0
-3108
-110
2911
1932422
-3
-6
5
-3092
-117
2929
1933447
4
-8
8
-3093
-97
2930
1934472
-8
-9
10
-3106
-98
2914
1935497
1
-9
11
-3097
-106
2939
1936522
4
-10
11
-3106
-61
2932
1937547
-11
-10
7
-3091
-113
2924
1938572
8
-10
4
-3084
-90
2942
1939597
1
-11
5
-3095
-83
2925
1940622
-7
-10
4
-3095
-111
2932
1941647
-2
-9
4
-3102
-86
2935
1934463
-5
-4
2
-3096
-101
2934
1935488
0
-2
3
-3091
-107
2947
1936513
6
-2
7
-3092
-84
2951
1937538
-4
0
6
-3086
-99
2926
1938563
-6
0
4
-3095
-95
2930
1939588
-3
-1
3
-3105
-98
2936
1940613
-5
0
3
-3099
-92
2926
1941638
-3
0
6
-3096
-93
2925
1942663
-3
0
8
-3112
-86
2924
1943688
-3
-1
5
-3112
-88
2917
1944713
0
-3
1
-3101
-79
2929
1945738
-2
-2
0
-3099
-95
2930
1946763
3
-3
0
-3088
-105
2931
1947788
4
-5
1
-3086
-99
2938
1948813
4
-3
0
-3099
-87
2949
1949838
-4
0
-3
-3099
-82
2939
1942657
-10
5
-4
-3091
-105
2930
1943682
-2
7
-3
-3099
-99
2932
1944707
0
8
-4
-3104
-95
2920
1945732
2
8
-6
-3110
-93
2921
1946757
-3
8
-3
-3112
-101
2919
1947782
-5
8
3
-3104
-112
2918
1948807
-2
8
5
-3107
-115
2910
1949832
-3
3
9
-3104
-110
2893
1950857
1
-1
9
-3111
-107
2916
1951882
2
-6
7
-3112
-105
2913
1952907
-1
-9
5
-3093
-98
2918
1953932
-5
-9
7
-3101
-101
2932
1954957
3
-13
4
-3106
-88
2927
1955982
1
-12
2
-3100
-87
2930
1957007
-1
-6
2
-3091
-98
2947
1958032
2
-3
-2
-3098
-94
2939
1950849
0
-1
-1
-3103
-103
2940
1951874
1
2
-1
-3103
-89
2927
1952899
-10
2
4
-3102
-119
2898
1953924
-9
-1
5
-3108
-122
2903
1954949
7
-5
4
-3099
-110
2913
1955974
12
-9
5
-3106
-89
2911
1956999
-5
-11
9
-3117
-90
2901
1958024
-18
-16
16
-3111
-125
2901
1959049
4
-21
12
-3103
-112
2927
1960074
20
-23
6
-3100
-79
2941
1961099
7
-19
4
-3093
-66
2944
1962124
-13
-12
8
-3087
-84
2959
1963149
-17
-8
8
-3090
-103
2930
1964174
-1
-9
2
-3087
-103
2928
1965199
6
-11
0
-3101
-86
2924
1966224
-3
-12
0
-3102
-112
2924
1959040
-5
-12
2
-3089
-120
2929
1960065
-2
-10
8
-3094
-123
2937
1961090
-3
-12
11
-3102
-111
2927
1962115
3
-10
13
-3100
-95
2929
1963140
-3
-9
13
-3102
-74
2911
1964165
-11
-11
11
-3103
-92
2906
1965190
-9
-18
12
-3105
-104
2907
1966215
-2
-25
15
-3094
-131
2924
1967240
14
-36
21
-3092
-133
2961
1968265
9
-56
45
-3229
-132
2930
1969290
-14
-101
-27
-3154
-21
2929
1970315
-113
-127
-72
-3099
59
2853
1971340
-252
-148
121
-2727
-40
3276
1972365
-259
-45
335
-3000
-358
3742
1973390
-337
8
258
-3033
-201
2813
1974415
-478
-17
230
-3149
-318
2216
1967233
-435
-87
180
-3316
-155
2490
1968258
-182
-109
100
-3188
-101
2908
1969283
153
-95
18
-2957
-134
3093
1970308
329
-70
-40
-2890
39
3158
1971333
267
-35
-45
-2965
32
3060
1972358
191
-4
-63
-2990
8
3056
1973383
121
25
-76
-2980
-59
3115
1974408
129
59
-93
-2957
-99
3199
1975433
196
104
-118
-2978
-44
3145
1976458
197
131
-131
-3031
38
2997
1977483
102
154
-105
-3044
2
3015
1978508
-9
139
-60
-3129
-173
2897
1979533
-55
93
-54
-3139
-177
2827
1980558
-42
70
-37
-3151
-174
2865
1981583
31
45
-44
-3178
-177
2814
1982608
92
9
-45
-3124
-144
2792
1975467
82
-4
-20
-3100
-105
2901
1976492
4
-15
10
-3097
-122
2953
1977517
-32
-19
17
-3072
-160
2958
1978542
-13
-22
17
-3075
-124
2955
1979567
-4
-19
18
-3089
-95
2948
1980592
0
-13
16
-3078
-69
2962
1981617
-4
-6
15
-3079
-34
2983
1982642
-15
-1
7
-3073
-41
2975
1983667
-19
3
-5
-3088
-58
2961
1984692
-16
5
-17
-3088
-69
2963
1985717
-12
14
-20
-3084
-80
2948
1986742
-13
16
-24
-3091
-105
2918
1987767
-14
10
-21
-3094
-124
2911
1988792
-12
7
-18
-3095
-152
2914
1989817
-1
6
-11
-3092
-136
2924
1990842
-2
4
2
-3090
-149
2909
1983616
3
-4
12
-3109
-153
2896
1984641
11
-11
15
-3110
-103
2921
1985666
-3
-12
17
-3095
-92
2920
1986691
-9
-14
17
-3093
-105
2934
1987716
-1
-15
13
-3093
-93
2949
1988741
8
-11
10
-3070
-86
2967
1989766
4
-7
5
-3074
-65
2962
1990791
-12
-3
4
-3094
-102
2954
1991816
-8
0
-3
-3085
-90
2938
1992841
-12
6
-6
-3085
-84
2940
1993866
-16
6
-6
-3094
-122
2922
1994891
-9
1
-7
-3097
-115
2919
1995916
-12
-6
-2
-3095
-127
2904
1996941
-9
-9
4
-3106
-130
2915
1997966
-10
-10
7
-3104
-113
2910
1998991
-11
-13
12
-3097
-143
2909
1991809
11
-18
11
-3091
-114
2939
1992834
14
-18
10
-3085
-89
2945
1993859
-6
-15
16
-3084
-98
2949
1994884
-14
-12
15
-3079
-101
2955
1995909
-1
-9
9
-3083
-91
2955
1996934
1
-8
5
-3072
-108
2951
1997959
0
-8
1
-3078
-99
2953
1998984
1
-5
0
-3083
-102
2954
2000009
3
-2
2
-3080
-104
2961
2001034
-3
2
2
-3091
-102
2955
2002059
-6
8
1
-3091
-119
2950
2003084
5
9
-1
-3092
-100
2931
2004109
-2
9
0
-3088
-105
2927
2005134
-7
7
4
-3097
-114
2927
2006159
0
4
4
-3091
-120
2931
2007184
6
1
1
-3098
-117
2922
2000000
2
-3
-1
-3102
-120
2922
2001025
1
-5
2
-3083
-119
2949
2002050
-2
-3
5
-3091
-108
2937
2003075
-12
-1
5
-3091
-122
2916
2004100
0
-1
5
-3086
-125
2942
2005125
10
-3
3
-3086
-103
2949
2006150
-4
-4
5
-3089
-106
2933
2007175
-11
-5
5
-3081
-126
2933
2008200
0
-4
4
-3094
-117
2939
2009225
10
-3
3
-3091
-109
2955
2010250
-1
-2
5
-3093
-98
2931
2011275
-10
0
5
-3094
-120
2938
2012300
5
0
2
-3086
-100
2950
2013325
0
1
3
-3090
-92
2931
2014350
-13
2
4
-3102
-107
2929
2015375
-3
3
1
-3099
-112
2930
2008192
7
0
-2
-3093
-114
2934
2009217
6
0
-2
-3088
-113
2938
2010242
-3
0
1
-3086
-124
2926
2011267
1
-1
2
-3091
-119
2938
2012292
4
-3
2
-3088
-106
2937
2013317
-4
1
2
-3090
-110
2944
2014342
1
5
-1
-3095
-107
2944
2015367
-2
3
-2
-3094
-98
2911
2016392
-9
3
-1
-3093
-117
2912
2017417
4
1
-4
-3098
-122
2935
2018442
8
-1
-2
-3100
-115
2919
2019467
-3
-4
4
-3098
-135
2919
2020492
3
-6
11
-3108
-136
2921
2021517
5
-8
11
-3096
-117
2923
2022542
-2
-9
10
-3104
-110
2910
2023567
-2
-14
10
-3087
-122
2922
2016384
3
-18
8
-3082
-109
2940
2017409
2
-19
6
-3091
-102
2939
2018434
-4
-18
7
-3086
-117
2944
2019459
4
-14
5
-3083
-104
2967
2020484
2
-7
5
-3091
-92
2962
2021509
-10
-4
6
-3085
-106
2931
2022534
-11
-4
9
-3100
-129
2925
2023559
-9
-9
11
-3104
-141
2926
2024584
10
-14
5
-3092
-125
2922
2025609
10
-19
9
-3092
-104
2937
2026634
-22
-34
36
-3132
-165
2922
2027659
4
-68
30
-3223
-140
2856
2028684
-59
-141
-35
-3165
221
2941
2029709
-345
-167
-2
-2995
92
2854
2030734
-351
-74
232
-2602
-540
3689
2031759
-143
76
337
-3126
-361
3616
2024575
-214
112
196
-2995
64
2614
2025600
-513
21
241
-3239
-363
2107
2026625
-397
-110
248
-3389
-615
2326
2027650
67
-162
114
-3224
-70
2866
2028675
215
-151
22
-2964
221
3138
2029700
185
-104
-2
-2929
-28
3156
2030725
265
-70
-41
-2932
23
3102
2031750
256
-40
-69
-2925
100
3170
2032775
158
-2
-73
-2957
-44
3201
2033800
140
36
-99
-2987
-131
3206
2034825
211
53
-128
-2998
-125
3029
2035850
331
74
-182
-3037
30
2816
2036875
335
128
-172
-2977
151
3207
2037900
103
172
-66
-3091
-126
3139
2038925
-124
144
-52
-3113
-88
2822
2039950
-211
86
-29
-3113
-197
2770
2032768
-42
33
-31
-3195
-337
2774
2033793
195
-14
-62
-3158
-120
2835
2034818
161
-28
-46
-3094
21
2924
2035843
-23
-26
-8
-3071
-23
2990
2036868
-131
-22
4
-3058
-129
2981
2037893
-88
-23
1
-3049
-172
2927
2038918
19
-25
-3
-3068
-86
2949
2039943
30
-17
5
-3085
-37
2990
2040968
-13
-5
12
-3069
-61
2990
2041993
-23
8
10
-3066
-75
2997
2043018
-14
14
-4
-3058
-62
2986
2044043
-27
21
-8
-3062
-78
2981
2045068
-46
27
-11
-3071
-70
2950
2046093
-48
25
-13
-3089
-92
2907
2047118
-27
14
-15
-3112
-124
2893
2048143
3
1
-17
-3093
-125
2913
2040960
8
-1
-11
-3091
-109
2950
2041985
-12
0
-7
-3091
-108
2935
2043010
-25
-2
-6
-3078
-148
2903
2044035
4
-6
4
-3088
-170
2948
2045060
25
-10
6
-3084
-98
2960
2046085
-7
-3
10
-3069
-115
2941
2047110
-11
-2
13
-3087
-129
2942
2048135
9
-3
11
-3087
-97
2952
2049160
3
-3
9
-3077
-91
2945
2050185
-8
-2
10
-3085
-106
2942
2051210
1
-3
6
-3080
-128
2950
2052235
21
0
0
-3078
-76
2969
2053260
-3
3
1
-3086
-90
2943
2054285
-12
3
0
-3088
-110
2932
2055310
-1
-1
1
-3092
-100
2927
2056335
-1
-3
5
-3091
-123
2927
2049153
-4
-7
5
-3091
-118
2931
2050178
4
-10
2
-3088
-113
2935
2051203
2
-11
4
-3082
-111
2933
2052228
-9
-13
8
-3084
-106
2941
2053253
-7
-12
14
-3084
-114
2948
2054278
4
-15
12
-3073
-91
2946
2055303
5
-13
11
-3078
-91
2966
2056328
4
-9
7
-3075
-86
2961
2057353
2
-4
3
-3064
-90
2973
2058378
-2
1
3
-3071
-86
2968
2059403
-9
6
0
-3074
-107
2958
2060428
0
6
-6
-3080
-99
2947
2061453
-1
8
-6
-3084
-104
2944
2062478
-5
9
-8
-3086
-103
2927
2063503
-8
8
-6
-3089
-120
2938
2064528
-7
-1
-4
-3094
-119
2907
2057344
-2
-4
1
-3089
-142
2923
2058369
10
-6
4
-3090
-117
2931
2059394
2
-4
10
-3079
-121
2959
2060419
-2
-5
11
-3079
-108
2944
2061444
-4
-6
15
-3077
-123
2948
2062469
6
-5
12
-3083
-81
2962
2063494
0
1
7
-3077
-84
2959
2064519
-7
2
4
-3087
-80
2940
2065544
-7
0
0
-3082
-99
2945
2066569
-4
-1
0
-3087
-100
2945
2067594
-3
-2
-2
-3089
-102
2941
2068619
-1
-1
-5
-3086
-106
2937
2069644
-2
-1
-3
-3086
-114
2941
2070669
-2
-1
1
-3090
-128
2945
2071694
0
-1
1
-3089
-121
2938
2072719
2
-1
3
-3089
-118
2936
2065536
-1
-1
7
-3088
-114
2946
2066561
-2
-3
9
-3082
-116
2935
2067586
3
-5
10
-3082
-96
2939
2068611
1
-5
10
-3084
-90
2946
2069636
-2
-4
7
-3079
-92
2950
2070661
-3
-3
5
-3087
-92
2931
2071686
-5
-4
4
-3085
-110
2934
2072711
-1
-6
3
-3094
-112
2940
2073736
-1
-8
1
-3091
-111
2938
2074761
3
-6
-1
-3086
-102
2942
2075786
-2
-6
6
-3086
-108
2936
2076811
0
-5
8
-3085
-110
2934
2077836
1
-6
7
-3092
-104
2941
2078861
2
-8
8
-3090
-103
2947
2079886
3
-7
5
-3075
-85
2953
2080911
-1
-5
4
-3072
-102
2947
2073728
2
-4
4
-3077
-96
2946
2074753
-3
-3
2
-3088
-94
2934
2075778
-8
-5
3
-3087
-104
2928
2076803
-6
-9
2
-3092
-103
2927
2077828
1
-11
1
-3091
-121
2927
2078853
14
-12
-3
-3072
-108
2963
2079878
5
-11
-1
-3080
-110
2952
2080903
-6
-11
2
-3077
-127
2954
2081928
4
-11
5
-3084
-110
2960
2082953
-3
-9
9
-3085
-103
2954
2083978
-7
-4
7
-3081
-108
2953
2085003
3
-6
3
-3088
-108
2941
2086028
9
-8
0
-3073
-78
2942
2087053
-5
-9
2
-3077
-85
2947
2088078
-13
-10
3
-3086
-107
2939
2089103
-3
-11
3
-3077
-124
2942
2081920
8
-10
3
-3078
-120
2964
2082945
7
-9
1
-3081
-88
2953
2083970
-10
-5
5
-3084
-106
2943
2084995
-27
-7
7
-3092
-90
2911
2086020
-8
-8
4
-3076
-158
2950
2087045
34
-13
0
-3069
-77
2970
2088070
3
-9
2
-3067
-69
2958
2089095
-19
-5
4
-3080
-121
2955
2090120
2
-8
4
-3074
-126
2942
2091145
17
-10
2
-3081
-97
2945
2092170
15
-8
-2
-3076
-84
2943
2093195
9
-5
-4
-3068
-73
2963
2094220
-5
-9
2
-3081
-85
2978
2095245
-3
-18
19
-3148
-106
2954
2096270
5
-53
-27
-3207
90
2903
2097295
-131
-125
-55
-3108
210
2810
2090111
-300
-83
-11
-2945
-283
2927
2091136
-60
19
170
-2704
-806
3696
2092161
250
104
217
-3080
-295
3658
2093186
-14
133
113
-3009
364
2652
2094211
-503
101
171
-3233
-152
2158
2095236
-396
-21
181
-3385
-552
2301
2096261
90
-106
89
-3134
-165
2919
2097286
260
-101
29
-3015
127
3135
2098311
176
-68
1
-3022
49
3009
2099336
106
-45
-5
-3031
-32
2972
2100361
87
-38
-13
-3039
-95
2956
2101386
131
-21
-34
-2998
-105
3055
2102411
202
20
-60
-3016
29
3251
2103436
198
59
-113
-3016
125
3124
2104461
142
68
-147
-2996
74
2913
2105486
81
66
-132
-3040
-24
2926
2098304
29
80
-81
-3058
-126
3081
2099329
-13
102
-47
-3113
-161
3030
2100354
-68
86
-43
-3176
-138
2849
2101379
-57
48
-59
-3157
-136
2753
2102404
11
26
-43
-3147
-184
2811
2103429
41
2
-21
-3139
-103
2873
2104454
13
-20
-12
-3085
-77
2914
2105479
-24
-24
-3
-3093
-99
2939
2106504
-13
-20
-2
-3092
-116
2941
2107529
3
-23
1
-3096
-103
2930
2108554
10
-24
5
-3075
-79
2950
2109579
9
-17
8
-3081
-61
2987
2110604
-7
0
9
-3080
-66
2997
2111629
-22
12
3
-3076
-57
2954
2112654
-30
16
-1
-3092
-113
2938
2113679
1
16
-8
-3086
-84
2963
2106496
-2
24
-11
-3091
-45
2949
2107521
-34
26
-9
-3106
-70
2901
2108546
-33
18
-9
-3113
-127
2884
2109571
-2
8
-17
-3125
-129
2894
2110596
13
3
-20
-3109
-119
2919
2111621
-7
-1
-16
-3104
-119
2916
2112646
-20
1
-10
-3092
-121
2935
2113671
-12
4
-8
-3094
-107
2923
2114696
-9
-2
-5
-3096
-113
2897
2115721
-16
-9
10
-3107
-160
2908
2116746
6
-12
6
-3111
-122
2932
2117771
16
-7
2
-3104
-95
2941
2118796
2
-5
7
-3100
-96
2923
2119821
-10
-3
9
-3096
-98
2931
2120846
-11
-1
7
-3097
-109
2927
2121871
4
-3
2
-3102
-101
2921
2114687
4
-6
3
-3102
-98
2921
2115712
-3
-7
7
-3102
-126
2922
2116737
1
-10
6
-3094
-123
2932
2117762
-5
-9
8
-3103
-100
2930
2118787
-14
-6
7
-3104
-117
2913
2119812
-3
-11
8
-3103
-122
2917
2120837
1
-16
12
-3097
-101
2938
2121862
-7
-10
14
-3101
-94
2954
2122887
-5
-7
9
-3096
-92
2935
2123912
-10
-6
9
-3099
-101
2924
2124937
-6
-8
7
-3105
-107
2915
2125962
4
-9
7
-3082
-114
2942
2126987
13
-7
6
-3094
-90
2954
2128012
6
0
5
-3096
-99
2961
2129037
-4
4
2
-3099
-83
2934
2130062
-15
8
1
-3088
-119
2938
2122881
-2
4
-2
-3096
-103
2922
2123906
-1
1
-2
-3094
-100
2920
2124931
0
0
-1
-3099
-96
2920
2125956
0
1
-1
-3105
-117
2932
2126981
0
2
1
-3093
-117
2929
2128006
-6
3
7
-3103
-121
2921
2129031
-2
1
10
-3109
-122
2918
2130056
5
0
10
-3110
-102
2928
2131081
-7
2
10
-3102
-98
2923
2132106
-11
3
7
-3095
-104
2926
2133131
-3
-1
4
-3097
-106
2914
2134156
4
-5
6
-3101
-100
2935
2135181
0
-3
3
-3100
-92
2928
2136206
-2
-2
-1
-3095
-103
2930
2137231
-2
-1
-2
-3095
-97
2931
2138256
-7
-1
1
-3109
-122
2920
2131073
2
-1
4
-3107
-131
2928
2132098
10
0
5
-3107
-111
2927
2133123
2
4
4
-3106
-101
2929
2134148
-10
2
3
-3111
-102
2903
2135173
-13
-1
7
-3103
-123
2903
2136198
4
-5
8
-3106
-108
2911
2137223
6
-10
7
-3110
-103
2909
2138248
8
-13
4
-3106
-107
2913
2139273
3
-13
4
-3110
-97
2924
2140298
-10
-14
6
-3100
-113
2921
2141323
-2
-14
6
-3090
-134
2929
2142348
13
-13
7
-3098
-98
2944
2143373
4
-9
9
-3094
-105
2936
2144398
-5
-9
8
-3096
-99
2932
2145423
-8
-8
4
-3102
-107
2929
2146448
-2
-8
4
-3101
-101
2936
2139263
-2
-8
5
-3105
-101
2920
2140288
-1
-8
7
-3105
-95
2914
2141313
0
-9
6
-3102
-97
2922
2142338
1
-11
6
-3098
-116
2943
2143363
13
-10
2
-3087
-92
2941
2144388
5
-7
3
-3081
-88
2937
2145413
-13
-5
8
-3096
-117
2928
2146438
-3
-9
7
-3097
-132
2926
2147463
11
-11
6
-3092
-98
2933
2148488
-1
-7
8
-3103
-90
2944
2149513
-11
-5
10
-3105
-124
2931
2150538
4
-8
8
-3090
-110
2925
2151563
10
-15
9
-3106
-96
2928
2152588
1
-26
25
-3128
-126
2939
2153613
17
-42
5
-3163
-20
2890
2154638
-70
-88
-22
-3169
70
2918
2147456
-283
-154
27
-3155
42
2709
2148481
-258
-107
125
-2627
-190
3509
2149506
-14
51
359
-3049
-611
3845
2150531
-195
78
156
-3153
260
2567
2151556
-605
11
209
-3094
-309
2007
2152581
-419
-69
232
-3414
-681
2528
2153606
98
-124
84
-3202
34
2966
2154631
198
-109
11
-2913
174
3104
2155656
155
-73
2
-2989
-18
3039
2156681
199
-50
-25
-3017
5
3021
2157706
178
-27
-57
-2993
-12
3057
2158731
145
13
-81
-2962
-79
3187
2159756
157
69
-93
-2966
-40
3297
2160781
157
95
-115
-3032
-71
3025
2161806
212
97
-165
-3038
-39
2848
2162831
200
111
-139
-3041
26
2999
2155649
43
127
-68
-3114
-84
3009
2156674
-73
107
-47
-3161
-188
2828
2157699
-56
65
-49
-3150
-256
2765
2158724
70
26
-53
-3182
-149
2804
2159749
96
-6
-46
-3165
-62
2824
2160774
39
-31
-23
-3112
-82
2864
2161799
13
-47
-11
-3090
-87
2921
2162824
1
-47
1
-3071
-116
2969
2163849
-3
-36
8
-3075
-105
3011
2164874
-11
-23
11
-3077
-79
3001
2165899
-17
-11
13
-3072
-59
2971
2166924
-17
3
14
-3079
-71
2976
2167949
-14
12
12
-3086
-63
2978
2168974
-11
21
2
-3073
-39
2971
2169999
-23
22
-4
-3098
-49
2920
2171024
-20
20
-10
-3105
-82
2920
2163839
-7
16
-16
-3103
-77
2930
2164864
-6
8
-21
-3092
-102
2910
2165889
3
-1
-21
-3107
-119
2913
2166914
0
-7
-17
-3112
-116
2916
2167939
-16
-8
-12
-3096
-137
2911
2168964
-16
-6
-9
-3103
-114
2923
2169989
-8
-8
-7
-3099
-114
2930
2171014
2
-10
-2
-3086
-119
2930
2172039
0
-11
6
-3093
-102
2922
2173064
-8
-11
10
-3097
-107
2930
2174089
2
-8
7
-3087
-103
2964
2175114
0
-4
7
-3085
-93
2950
2176139
-8
-1
6
-3089
-90
2939
2177164
-12
0
5
-3094
-106
2921
2178189
-2
0
3
-3094
-86
2932
2179214
-3
-2
0
-3095
-93
2930
2172032
-12
-5
-2
-3097
-99
2928
2173057
-11
-4
0
-3099
-114
2922
2174082
2
-6
-2
-3095
-104
2926
2175107
4
-6
-2
-3095
-108
2935
2176132
2
-4
0
-3098
-119
2926
2177157
0
-5
0
-3091
-111
2933
2178182
-8
-2
5
-3094
-106
2945
2179207
-3
-1
2
-3093
-129
2942
2180232
11
-1
-2
-3091
-101
2938
2181257
2
1
-1
-3093
-97
2932
2182282
-7
1
3
-3100
-98
2927
2183307
-9
-1
2
-3105
-119
2915
2184332
1
-5
3
-3106
-124
2917
2185357
10
-7
-1
-3093
-110
2922
2186382
5
-7
3
-3096
-101
2943
2187407
-12
-6
9
-3094
-110
2931
2180223
-13
-8
12
-3084
-129
2916
2181248
9
-10
11
-3095
-116
2938
2182273
10
-12
8
-3095
-94
2942
2183298
-7
-8
11
-3095
-103
2933
2184323
-6
-8
11
-3099
-91
2918
2185348
-6
-10
13
-3106
-95
2926
2186373
-6
-10
12
-3102
-95
2921
2187398
4
-9
11
-3088
-117
2945
2188423
15
-10
7
-3076
-89
2956
2189448
-2
-7
7
-3075
-89
2948
2190473
-8
-5
4
-3087
-98
2949
2191498
-3
-5
2
-3081
-105
2945
2192523
1
-2
1
-3083
-102
2951
2193548
3
3
-1
-3100
-90
2943
2194573
-5
5
-6
-3094
-81
2932
2195598
-11
5
-6
-3083
-114
2922
2188417
3
4
-6
-3092
-128
2930
2189442
8
4
-3
-3089
-121
2940
2190467
3
4
4
-3085
-127
2942
2191492
4
6
9
-3095
-122
2949
2192517
-2
10
8
-3092
-103
2934
2193542
-11
13
8
-3094
-106
2924
2194567
-10
11
11
-3101
-102
2922
2195592
-7
6
9
-3102
-94
2907
2196617
2
1
3
-3104
-87
2913
2197642
2
-1
-2
-3105
-75
2930
2198667
-7
-2
-2
-3098
-95
2922
2199692
-7
-3
-3
-3087
-122
2924
2200717
7
-4
-1
-3095
-120
2932
2201742
7
-3
2
-3105
-106
2926
2202767
-12
2
7
-3105
-123
2923
2203792
-4
3
4
-3098
-131
2924
2196608
10
0
2
-3096
-100
2926
2197633
-9
0
9
-3098
-109
2914
2198658
-10
-3
11
-3105
-125
2910
2199683
6
-11
8
-3109
-103
2913
2200708
2
-14
7
-3110
-99
2913
2201733
-3
-13
4
-3093
-112
2934
2202758
1
-12
3
-3097
-115
2949
2203783
3
-10
5
-3095
-118
2947
2204808
-1
-9
6
-3091
-112
2929
2205833
-1
-11
8
-3100
-124
2922
2206858
3
-11
7
-3087
-112
2931
2207883
6
-9
3
-3093
-104
2943
2208908
2
-8
7
-3105
-109
2933
2209933
-4
-6
10
-3092
-93
2929
2210958
-7
-4
15
-3107
-106
2920
2211983
6
-5
9
-3101
-95
2925
2204800
9
-7
4
-3097
-85
2926
2205825
-2
-10
6
-3107
-98
2925
2206850
1
-14
6
-3097
-132
2919
2207875
18
-17
2
-3072
-99
2940
2208900
5
-16
5
-3093
-96
2936
2209925
-1
-15
5
-3110
-110
2938
2210950
-10
-23
11
-3125
-113
2952
2211975
-33
-65
32
-3233
-87
2852
2213000
-24
-156
-12
-3218
109
2735
2214025
-105
-155
-43
-2990
-38
2903
2215050
-114
-49
59
-2694
-353
3523
2216075
35
2
314
-3105
-531
3536
2217100
-150
29
168
-3003
228
2936
2218125
-493
47
174
-3112
-111
2388
2219150
-403
-39
159
-3328
-335
2423
2220175
-56
-107
74
-3146
-95
2830
2212992
133
-98
6
-2991
81
3114
2214017
168
-69
-35
-2976
-21
3028
2215042
164
-42
-48
-2990
-149
3065
2216067
172
-32
-55
-2970
-159
3213
2217092
210
0
-88
-2940
-89
3197
2218117
279
72
-150
-2984
-105
2895
2219142
378
156
-133
-3015
-2
3180
2220167
227
195
-52
-3213
30
2980
2221192
-81
130
-56
-3122
125
2715
2222217
-194
49
-43
-3107
-94
2729
2223242
29
-20
-54
-3193
-259
2783
2224267
241
-61
-64
-3133
-94
2908
2225292
153
-54
-44
-3078
60
3013
2226317
-83
-25
-14
-3072
-56
3024
2227342
-191
-4
2
-3037
-226
2987
2228367
-118
4
17
-3053
-267
2941
2221184
3
-8
10
-3062
-99
2918
2222209
22
-14
16
-3077
-45
2933
2223234
-4
-7
21
-3092
-29
2987
2224259
-31
-1
14
-3076
-35
2967
2225284
-36
2
5
-3058
-87
2961
2226309
-3
5
-4
-3069
-70
2980
2227334
8
5
-10
-3078
-24
2955
2228359
-15
6
-9
-3085
-92
2940
2229384
-9
2
-6
-3090
-104
2940
2230409
-5
1
-6
-3087
-109
2959
2231434
-14
4
-5
-3090
-125
2940
2232459
-4
0
-3
-3070
-115
2932
2233484
0
-5
3
-3084
-107
2932
2234509
-2
-5
5
-3092
-101
2950
2235534
-5
-4
5
-3078
-73
2946
2236559
-15
-6
7
-3079
-107
2935
2229375
0
-7
6
-3089
-101
2955
2230400
9
-7
1
-3070
-78
2954
2231425
4
-3
3
-3072
-95
2969
2232450
1
1
0
-3075
-79
2973
2233475
-9
6
-1
-3075
-91
2950
2234500
-15
5
-1
-3087
-97
2926
2235525
-12
3
1
-3099
-105
2940
2236550
-5
4
3
-3077
-117
2945
2237575
8
2
2
-3073
-91
2933
2238600
-1
0
5
-3084
-99
2929
2239625
-9
0
7
-3095
-99
2956
2240650
-7
3
5
-3089
-96
2951
2241675
-8
3
1
-3073
-99
2936
2242700
-9
3
3
-3088
-113
2941
2243725
0
1
6
-3093
-106
2945
2244750
6
-1
3
-3082
-84
2941
2237569
-3
0
4
-3081
-98
2947
2238594
-3
3
3
-3091
-96
2946
2239619
-5
6
3
-3082
-95
2936
2240644
-8
5
3
-3091
-94
2918
2241669
-2
2
1
-3091
-122
2930
2242694
12
0
-2
-3077
-103
2955
2243719
7
0
-3
-3089
-76
2950
2244744
-11
0
-2
-3092
-110
2929
2245769
0
1
-3
-3089
-105
2953
2246794
-3
5
-4
-3088
-95
2945
2247819
-5
6
-5
-3085
-115
2925
2248844
0
3
-3
-3098
-107
2930
2249869
-9
0
2
-3103
-113
2916
2250894
-7
-3
3
-3089
-136
2914
2251919
7
-7
5
-3098
-116
2922
2252944
1
-10
7
-3090
-109
2929
2245760
-10
-12
12
-3088
-113
2918
2246785
-9
-13
13
-3095
-115
2925
2247810
0
-17
11
-3095
-112
2937
2248835
8
-17
10
-3084
-89
2954
2249860
5
-12
9
-3084
-70
2978
2250885
-7
-5
6
-3084
-79
2966
2251910
-9
-1
-1
-3081
-92
2940
2252935
-5
0
-4
-3081
-91
2933
2253960
-1
0
-5
-3096
-99
2933
2254985
4
-1
-6
-3091
-114
2945
2256010
10
1
-8
-3076
-122
2949
2257035
5
-1
-4
-3079
-123
2942
2258060
-5
-3
0
-3089
-119
2939
2259085
-7
-6
3
-3098
-118
2921
2260110
-5
-7
2
-3097
-115
2926
2261135
-2
-9
0
-3093
-93
2934
2253952
-5
-13
2
-3093
-93
2925
2254977
-4
-15
5
-3095
-99
2931
2256002
-2
-16
4
-3083
-103
2935
2257027
9
-15
1
-3079
-104
2961
2258052
11
-11
2
-3079
-94
2960
2259077
2
-6
5
-3076
-103
2956
2260102
-13
-3
6
-3084
-106
2948
2261127
-17
-3
5
-3087
-125
2933
2262152
0
-9
1
-3073
-124
2934
2263177
10
-12
-1
-3073
-110
2955
2264202
0
-12
3
-3098
-103
2951
2265227
-9
-9
4
-3086
-118
2942
2266252
2
-7
3
-3080
-104
2948
2267277
2
-6
2
-3089
-93
2936
2268302
-11
-17
5
-3103
-82
2942
2269327
-49
-59
29
-3184
-30
2867
2262144
-103
-151
21
-3220
-13
2785
2263169
-169
-145
-38
-3003
-159
3000
2264194
-123
-12
-27
-2718
-224
3475
2265219
150
41
238
-2984
-737
3474
2266244
-80
5
132
-3149
441
2831
2267269
-589
4
211
-3091
89
2524
2268294
-586
-34
174
-3267
-454
2624
2269319
-143
-110
74
-3164
-328
2669
2270344
126
-127
-6
-2989
23
2976
2271369
83
-85
-1
-3035
-124
3111
2272394
64
-49
-13
-2982
-150
3108
2273419
56
-12
-18
-2928
-172
3138
2274444
144
28
-40
-2980
-138
3162
2275469
243
67
-99
-2987
-98
3131
2276494
280
89
-136
-3003
-16
3047
2277519
217
99
-166
-3028
29
2877
2270336
128
111
-150
-3032
-58
2842
2271361
118
135
-71
-3091
-186
3037
2272386
80
127
-22
-3225
-157
2974
2273411
-7
91
-59
-3136
-94
2817
2274436
1
43
-67
-3106
-177
2770
2275461
27
-19
-21
-3139
-247
2815
2276486
40
-47
3
-3109
-174
2930
2277511
6
-44
19
-3074
-132
2972
2278536
-32
-28
30
-3058
-183
2987
2279561
-30
-15
30
-3070
-156
2983
2280586
-25
-8
28
-3070
-105
2951
2281611
-18
-5
31
-3061
-88
2955
2282636
-5
1
25
-3074
-53
2977
2283661
2
5
8
-3083
-29
2980
2284686
-19
9
-2
-3074
-34
2960
2285711
-53
5
-10
-3093
-92
2932
2278531
-48
-4
-21
-3094
-154
2926
2279556
-6
-6
-29
-3077
-156
2951
2280581
-3
-5
-24
-3079
-162
2949
2281606
-1
-1
-14
-3083
-196
2919
2282631
22
1
-3
-3091
-172
2944
2283656
14
4
6
-3090
-141
2950
2284681
-13
4
12
-3085
-159
2936
2285706
-11
-1
19
-3087
-155
2940
2286731
15
-3
14
-3076
-99
2951
2287756
8
-2
10
-3088
-82
2939
2288781
-24
-4
10
-3095
-121
2925
2289806
-35
-10
10
-3098
-138
2907
2290831
-23
-17
5
-3088
-139
2917
2291856
10
-20
4
-3078
-144
2973
2292881
20
-17
5
-3071
-104
2973
2293906
-6
-8
4
-3076
-116
2954
2286720
-14
-3
7
-3070
-163
2953
2287745
10
-2
3
-3069
-129
2967
2288770
-3
-1
2
-3083
-122
2949
2289795
-16
-2
2
-3080
-158
2935
2290820
5
-1
3
-3086
-143
2944
2291845
11
-2
7
-3099
-112
2944
2292870
-10
-3
10
-3084
-151
2933
2293895
-4
-3
6
-3082
-154
2941
2294920
8
-6
6
-3075
-124
2952
2295945
-4
-4
9
-3073
-130
2954
2296970
-4
-4
8
-3067
-131
2956
2297995
-8
-3
12
-3087
-124
2950
2299020
-10
-1
10
-3092
-132
2940
2300045
3
0
2
-3082
-119
2958
2301070
5
0
1
-3076
-108
2955
2302095
-3
3
2
-3082
-132
2956
2294913
-1
6
1
-3081
-128
2961
2295938
-8
9
1
-3081
-145
2942
2296963
-6
8
0
-3090
-152
2938
2297988
5
4
-1
-3091
-132
2928
2299013
1
0
1
-3089
-131
2930
2300038
1
1
3
-3087
-137
2949
2301063
0
3
0
-3082
-120
2923
2302088
-10
1
1
-3088
-137
2924
2303113
0
-1
3
-3093
-148
2948
2304138
5
-3
3
-3092
-122
2939
2305163
-3
-2
5
-3085
-142
2925
2306188
-1
-5
7
-3091
-140
2936
2307213
0
-10
8
-3091
-137
2935
2308238
-2
-9
10
-3082
-149
2956
2309263
5
-7
9
-3087
-119
2951
2310288
-4
-8
5
-3082
-111
2935
2303104
-13
-7
7
-3091
-127
2931
2304129
-2
-10
4
-3085
-141
2942
2305154
12
-10
1
-3070
-133
2957
2306179
9
-6
1
-3078
-115
2952
2307204
-8
-2
4
-3088
-138
2943
2308229
-7
2
4
-3092
-135
2941
2309254
1
5
3
-3089
-122
2944
2310279
2
4
2
-3087
-133
2937
2311304
4
0
2
-3084
-127
2936
2312329
-3
-5
5
-3094
-128
2925
2313354
-1
-6
5
-3088
-131
2946
2314379
1
-7
4
-3091
-119
2941
2315404
-2
-7
2
-3090
-128
2930
2316429
-1
-8
2
-3084
-137
2927
2317454
0
-10
3
-3079
-138
2944
2318479
-6
-9
7
-3082
-131
2959
2311296
-9
-4
10
-3088
-140
2952
2312321
2
-3
8
-3079
-124
2939
2313346
2
-3
7
-3086
-109
2946
2314371
-1
-3
9
-3080
-118
2952
2315396
-3
-4
8
-3084
-117
2943
2316421
3
-3
3
-3082
-108
2931
2317446
2
-3
4
-3087
-121
2943
2318471
2
-4
3
-3091
-117
2938
2319496
4
-5
3
-3083
-124
2944
2320521
6
-3
4
-3080
-112
2947
2321546
-6
-5
4
-3095
-132
2922
2322571
-1
-12
-1
-3093
-157
2916
2323596
23
-17
0
-3074
-125
2960
2324621
12
-18
4
-3075
-121
2953
2325646
-9
-16
9
-3072
-149
2954
2326671
5
-13
12
-3090
-148
2957
2319487
8
-13
12
-3089
-118
2942
2320512
0
-19
35
-3169
-149
2923
2321537
0
-96
9
-3277
80
2849
2322562
-106
-130
-80
-3015
167
3004
2323587
-270
-107
46
-2711
-105
3215
2324612
-77
9
349
-2878
-545
3822
2325637
-87
93
213
-3166
-267
2708
2326662
-315
39
220
-3074
-376
2200
2327687
-370
-55
238
-3438
-340
2396
2328712
-65
-120
112
-3254
-72
2778
2329737
150
-126
48
-2981
-20
3082
2330762
202
-116
20
-2944
-16
3031
2331787
206
-103
5
-2958
25
3059
2332812
160
-96
-11
-2972
30
3134
2333837
118
-71
-31
-2908
-31
3299
2334862
174
3
-73
-2923
8
3259
2327835
227
98
-122
-2950
-37
3225
2328860
232
168
-92
-2972
-19
3263
2329885
73
187
-63
-3120
135
2980
2330910
-186
155
-76
-3068
24
2800
2331935
-203
111
-62
-3112
-276
2742
2332960
69
48
-92
-3199
-202
2748
2333985
190
-3
-103
-3163
-44
2831
2335010
88
-21
-85
-3111
-23
2917
2336035
-68
-22
-57
-3100
-114
2930
2337060
-131
-24
-33
-3075
-256
2919
2338085
-48
-30
-23
-3064
-251
2951
2339110
33
-33
-11
-3058
-138
2976
2340135
6
-26
12
-3051
-101
2979
2341160
-38
-12
30
-3051
-123
3000
2342185
-38
-1
33
-3061
-112
2998
2343210
-31
-4
29
-3068
-104
2945
2335872
-26
-13
20
-3069
-100
2925
2336897
-12
-13
16
-3071
-73
2969
2337922
-17
-9
13
-3064
-77
2978
2338947
-31
-12
11
-3071
-80
2920
2339972
-56
-20
16
-3088
-150
2896
2340997
-27
-33
23
-3087
-175
2919
2342022
3
-41
19
-3077
-91
2954
2343047
-20
-44
18
-3064
-121
2959
2344072
-20
-47
15
-3054
-133
2963
2345097
-12
-47
17
-3049
-113
2978
2346122
-17
-47
17
-3050
-108
2995
2347147
-20
-38
16
-3036
-128
3020
2348172
-1
-26
10
-3025
-103
3047
2349197
-2
-14
3
-3027
-85
3028
2350222
-16
-6
0
-3035
-96
2999
2351247
-12
1
-4
-3039
-91
3012
2344065
-10
9
-7
-3043
-95
3011
2345090
-9
13
-12
-3045
-110
2988
2346115
-6
16
-14
-3048
-110
2980
2347140
-10
17
-10
-3050
-120
2973
2348165
-9
13
-13
-3067
-132
2951
2349190
-8
7
-15
-3059
-146
2948
2350215
-7
3
-11
-3059
-139
2949
2351240
-7
-2
-8
-3061
-150
2962
2352265
-10
-8
-7
-3063
-152
2950
2353290
-11
-13
-1
-3047
-177
2962
2354315
10
-14
2
-3043
-139
2993
2355340
10
-9
4
-3043
-111
3000
2356365
-16
-3
7
-3051
-131
2982
2357390
-20
1
7
-3052
-133
2975
2358415
-6
3
3
-3042
-132
2987
2359440
7
4
-3
-3044
-104
2989
2352256
-7
4
-5
-3052
-111
2975
2353281
-15
3
-4
-3057
-127
2970
2354306
-9
5
-5
-3064
-131
2976
2355331
-1
6
-7
-3057
-130
2973
2356356
-2
6
-10
-3050
-127
2956
2357381
-11
4
-9
-3056
-144
2963
2358406
-7
5
-9
-3056
-157
2985
2359431
2
6
-13
-3055
-142
2983
2360456
-6
7
-11
-3051
-157
2972
2361481
-8
7
-8
-3049
-161
2972
2362506
-1
9
-7
-3054
-161
2991
2363531
8
14
-12
-3051
-131
2987
2364556
6
23
-14
-3062
-129
2987
2365581
5
28
-14
-3063
-135
2971
2366606
20
33
-18
-3072
-136
2981
2367631
36
40
-23
-3069
-118
2987
2360448
24
48
-23
-3076
-127
2970
2361473
11
53
-23
-3060
-156
2958
2362498
21
51
-24
-3057
-171
2955
2363523
29
48
-26
-3062
-156
2952
2364548
24
43
-25
-3086
-166
2939
2365573
19
40
-17
-3101
-154
2943
2366598
9
41
-11
-3102
-167
2917
2367623
15
43
-9
-3096
-158
2923
2368648
21
41
-10
-3103
-135
2918
2369673
6
38
-15
-3089
-150
2926
2370698
0
34
-17
-3099
-171
2928
2371723
9
29
-12
-3089
-171
2935
2372748
7
32
0
-3095
-140
2961
2373773
-3
44
8
-3109
-142
2975
2374798
-4
59
6
-3102
-123
2964
2375823
-8
70
-2
-3103
-102
2950
2368641
-22
80
-11
-3106
-109
2927
2369666
-21
80
-21
-3123
-136
2896
2370691
-5
76
-33
-3136
-137
2894
2371716
-2
76
-38
-3138
-140
2883
2372741
1
73
-37
-3155
-169
2871
2373766
0
71
-30
-3147
-171
2876
2374791
-11
71
-20
-3141
-216
2875
2375816
-13
70
-14
-3169
-215
2853
2376841
-11
63
-10
-3193
-215
2809
2377866
-21
40
-1
-3227
-206
2768
2378891
-64
-34
28
-3391
15
2674
2379916
-143
-174
-31
-3339
147
2578
2380941
-272
-126
-101
-2834
-204
3122
2381966
-37
75
271
-2634
-1297
3967
2382991
167
139
258
-3358
-197
3097
2384016
-281
106
167
-3054
458
2341
2376832
-715
101
234
-3424
-237
2325
2377857
-401
26
150
-3414
-539
2469
2378882
99
-25
20
-3089
-115
2888
2379907
199
-23
-31
-3049
-35
2924
2380932
160
0
-30
-3168
-122
2911
2381957
100
17
-30
-3183
-168
2880
2382982
59
33
-36
-3128
-246
2847
2384007
93
48
-47
-3133
-295
2892
2385032
164
68
-56
-3157
-244
2963
2386057
186
92
-61
-3154
-101
2974
2387082
118
102
-56
-3175
-130
2823
2388107
70
81
-48
-3204
-190
2700
2389132
81
16
-55
-3210
-207
2554
2390157
209
3
-53
-3226
-152
2706
2391182
261
51
19
-3177
-153
3085
2392207
152
88
53
-3314
-108
2861
2385025
-99
47
16
-3242
42
2619
2386050
-231
0
41
-3198
-283
2688
2387075
-28
-31
40
-3269
-279
2802
2388100
173
-46
-1
-3191
-24
2855
2389125
95
-30
-2
-3180
52
2843
2390150
-124
-10
27
-3268
-78
2737
2391175
-211
-10
46
-3289
-275
2648
2392200
-32
-38
27
-3222
-284
2686
2393225
160
-63
-7
-3166
-93
2863
2394250
173
-65
-33
-3113
-56
2983
2395275
84
-58
-57
-3083
17
3014
2396300
-54
-35
-47
-3127
-61
2952
2397325
-100
-11
-25
-3196
-170
2894
2398350
-38
5
-24
-3222
-150
2842
2399375
4
13
-18
-3221
-156
2788
2400400
25
26
-3
-3240
-176
2782
2393216
36
31
-13
-3222
-186
2758
2394241
67
25
-29
-3174
-199
2824
2395266
86
15
-33
-3175
-179
2856
2396291
150
11
-56
-3166
-233
2817
2397316
192
-5
-62
-3169
-52
2844
2398341
94
-7
-39
-3191
-33
2865
2399366
-23
-4
-22
-3198
-88
2842
2400391
-44
-2
-25
-3202
-145
2797
2401416
-8
-2
-25
-3227
-138
2782
2402441
14
4
-17
-3242
-114
2806
2403466
-1
9
-12
-3233
-98
2760
2404491
-15
7
-5
-3239
-125
2715
2405516
-1
-11
-2
-3254
-140
2706
2406541
6
-40
-6
-3223
-154
2718
2407566
5
-70
-16
-3198
-176
2738
2408591
12
-96
-27
-3183
-205
2784
2401409
28
-116
-27
-3173
-227
2845
2402434
44
-122
-14
-3156
-183
2919
2403459
19
-98
14
-3135
-154
2981
2404484
-20
-54
34
-3141
-142
2985
2405509
-23
-17
36
-3143
-139
2935
2406534
-11
5
39
-3141
-128
2927
2407559
-5
13
36
-3144
-115
2928
2408584
4
23
23
-3130
-91
2905
2409609
-15
29
12
-3145
-102
2868
2410634
-12
29
-2
-3165
-122
2865
2411659
1
23
-13
-3174
-117
2832
2412684
-2
19
-14
-3177
-136
2837
2413709
-3
18
-10
-3190
-129
2834
2414734
-9
20
-8
-3186
-128
2837
2415759
-24
23
-6
-3201
-129
2816
2416784
-20
23
-6
-3191
-148
2819
2409600
-9
17
-3
-3193
-134
2831
2410625
-13
15
0
-3172
-163
2852
2411650
-10
20
-1
-3164
-154
2853
2412675
-6
23
-1
-3178
-162
2848
2413700
-6
22
1
-3189
-167
2847
2414725
-5
23
1
-3175
-163
2851
2415750
-1
29
0
-3188
-155
2852
2416775
-3
34
1
-3204
-149
2823
2417800
-2
36
-4
-3204
-141
2812
2418825
4
32
-5
-3202
-118
2813
2419850
-6
26
-8
-3206
-121
2803
2420875
-7
23
-11
-3197
-140
2816
2421900
3
21
-15
-3201
-139
2826
2422925
6
23
-16
-3223
-147
2814
2423950
-1
25
-19
-3220
-153
2792
2424975
-3
25
-15
-3206
-175
2794
2417792
3
20
-10
-3209
-194
2815
2418817
5
19
-4
-3210
-171
2816
2419842
-6
21
0
-3215
-169
2797
2420867
-14
19
5
-3230
-167
2782
2421892
-24
13
9
-3224
-158
2780
2422917
-26
5
8
-3217
-166
2769
2423942
-16
-5
5
-3221
-155
2771
2424967
-7
-8
4
-3232
-149
2784
2425992
-5
-9
3
-3216
-157
2792
2427017
-6
-11
5
-3205
-177
2794
2428042
-7
-13
6
-3220
-187
2805
2429067
0
-16
5
-3215
-188
2811
2430092
2
-12
8
-3195
-186
2816
2431117
-4
-7
9
-3212
-158
2815
2432142
-8
-5
11
-3211
-160
2812
2433167
-2
-7
13
-3214
-148
2794
2425985
0
-10
15
-3221
-146
2795
2427010
5
-16
9
-3219
-151
2789
2428035
13
-16
2
-3215
-140
2814
2429060
5
-11
4
-3214
-150
2811
2430085
-3
-12
4
-3200
-169
2810
2431110
7
-14
3
-3209
-161
2815
2432135
10
-18
3
-3212
-153
2797
2433160
-4
-19
5
-3208
-156
2791
2434185
-9
-19
6
-3210
-161
2790
2435210
-3
-24
6
-3224
-175
2771
2436235
11
-33
9
-3218
-186
2792
2437260
15
-38
17
-3205
-144
2828
2438285
-4
-36
26
-3208
-168
2797
2439310
2
-36
31
-3198
-188
2818
2440335
14
-39
34
-3201
-149
2833
2441360
7
-43
33
-3193
-153
2831
2434175
-5
-49
30
-3199
-145
2819
2435200
3
-69
42
-3240
-108
2791
2436225
13
-106
46
-3324
-106
2788
2437250
-54
-189
-18
-3272
212
2719
2438275
-317
-141
-2
-2923
26
3023
2439300
-206
-39
332
-2874
-1047
3542
2440325
-50
-29
281
-3230
-198
3157
2441350
-497
-2
260
-3088
-62
2618
2442375
-754
12
262
-3367
-304
2445
2443400
-478
-28
145
-3307
-33
2618
2444425
-165
-57
41
-3097
-110
2759
2445450
164
-63
-45
-3072
-38
2892
2446475
296
-57
-87
-3119
54
2911
2447500
198
-43
-96
-3143
-50
2867
2448525
121
-36
-109
-3187
-216
2825
2449550
160
-30
-126
-3150
-263
2908
2442369
224
6
-139
-3068
-187
3149
2443394
214
57
-141
-3026
-161
3118
2444419
190
84
-134
-3024
-182
2902
2445444
184
89
-128
-3058
-74
2880
2446469
79
101
-91
-3161
-62
2928
2447494
-60
98
7
-3236
-423
2864
2448519
-29
66
29
-3294
-302
2745
2449544
-11
29
-8
-3201
-142
2706
2450569
-10
-3
-8
-3211
-243
2707
2451594
42
-35
2
-3227
-235
2783
2452619
11
-65
22
-3212
-111
2803
2453644
-75
-89
28
-3176
-129
2774
2454669
-83
-111
17
-3178
-209
2731
2455694
-18
-131
14
-3194
-208
2776
2456719
25
-133
27
-3163
-212
2875
2457744
54
-122
32
-3119
-202
2925
2450560
74
-105
37
-3118
-172
2954
2451585
51
-96
43
-3080
-130
2973
2452610
-7
-79
66
-3062
-75
3021
2453635
-61
-44
88
-3077
-211
3062
2454660
6
-14
67
-3014
-231
3105
2455685
43
19
50
-3027
-54
3104
2456710
-24
49
29
-3086
-30
3012
2457735
-54
59
7
-3112
-64
2906
2458760
-41
57
-7
-3125
-77
2869
2459785
-13
52
-19
-3146
-118
2874
2460810
28
48
-42
-3147
-95
2883
2461835
25
45
-50
-3145
-85
2861
2462860
-3
40
-42
-3147
-124
2861
2463885
-15
34
-35
-3149
-181
2873
2464910
-12
33
-25
-3143
-206
2886
2465935
-14
39
-10
-3152
-235
2893
2458752
-12
46
3
-3152
-224
2879
2459777
-16
49
13
-3145
-215
2868
2460802
-25
42
20
-3148
-202
2839
2461827
-26
31
17
-3140
-198
2855
2462852
-6
25
12
-3149
-164
2865
2463877
-11
21
9
-3163
-171
2870
2464902
-4
21
2
-3157
-136
2873
2465927
-13
18
1
-3174
-140
2840
2466952
-19
16
1
-3177
-140
2836
2467977
-12
16
-1
-3178
-147
2854
2469002
2
20
-7
-3166
-147
2849
2470027
1
18
-12
-3172
-165
2844
2471052
12
13
-19
-3167
-179
2847
2472077
16
11
-15
-3164
-179
2843
2473102
11
10
-8
-3173
-197
2852
2474127
10
11
-4
-3174
-214
2849
2466994
27
8
-7
-3166
-195
2847
2468019
31
4
-6
-3172
-161
2872
2469044
11
4
1
-3166
-150
2864
2470069
-9
5
7
-3168
-164
2848
2471094
1
5
6
-3178
-177
2845
2472119
9
7
3
-3183
-157
2858
2473144
1
10
2
-3167
-152
2862
2474169
-4
10
1
-3168
-162
2840
2475194
-12
6
5
-3180
-160
2822
2476219
-21
0
6
-3185
-164
2807
2477244
-8
0
1
-3171
-188
2850
2478269
16
-3
-2
-3175
-164
2839
2479294
12
-7
0
-3176
-155
2828
2480319
-1
-11
5
-3163
-179
2837
2481344
10
-5
7
-3172
-168
2881
2482369
15
6
4
-3180
-183
2882
2475137
19
6
3
-3160
-162
2857
2476162
4
6
9
-3160
-168
2886
2477187
3
14
7
-3167
-159
2889
2478212
5
21
-2
-3175
-145
2860
2479237
-3
23
-6
-3178
-152
2843
2480262
1
24
-5
-3184
-165
2846
2481287
13
21
-12
-3182
-148
2831
2482312
14
20
-18
-3193
-153
2816
2483337
10
17
-15
-3200
-163
2811
2484362
11
15
-10
-3194
-190
2829
2485387
17
17
-8
-3194
-191
2812
2486412
18
15
-6
-3204
-179
2799
2487437
7
9
3
-3210
-184
2780
2488462
-2
-3
7
-3193
-194
2774
2489487
7
-17
4
-3192
-191
2784
2490512
12
-29
3
-3200
-200
2797
2483327
16
-41
4
-3181
-200
2820
2484352
20
-44
10
-3180
-197
2859
2485377
25
-39
12
-3178
-176
2880
2486402
16
-25
14
-3168
-126
2864
2487427
-16
-19
25
-3181
-147
2848
2488452
-4
-19
20
-3183
-164
2854
2489477
25
-16
4
-3176
-130
2855
2490502
23
-14
-6
-3173
-115
2867
2491527
3
-11
-7
-3151
-130
2898
2492552
8
-5
-12
-3150
-146
2908
2493577
14
4
-17
-3155
-139
2915
2494602
2
21
-15
-3178
-144
2911
2495627
-4
39
-13
-3193
-148
2884
2496652
-15
41
-6
-3218
-125
2849
2497677
-42
15
17
-3350
-115
2758
2498702
-79
-50
-20
-3287
-33
2752
2491520
-172
-66
-37
-3158
35
2775
2492545
-296
-39
27
-2990
-163
2904
2493570
-152
34
304
-2813
-790
3823
2494595
-88
131
288
-3251
-118
3031
2495620
-325
119
211
-3266
-119
1909
2496645
-520
-28
243
-3475
-462
1996
2497670
-248
-138
180
-3469
-432
2555
2498695
129
-155
56
-3134
-142
2904
2499720
194
-125
10
-3038
-27
3010
2500745
143
-75
23
-3114
-140
2931
2501770
164
-51
17
-3112
-110
2859
2502795
161
-34
3
-3084
-118
3012
2503820
223
19
-20
-3005
-146
3312
2504845
358
103
-94
-3067
68
3044
2505870
375
158
-183
-3103
104
2839
2506895
218
172
-114
-3184
-19
2934
2499712
25
171
-36
-3271
-174
2816
2500737
-83
130
-64
-3274
-151
2667
2501762
-43
81
-82
-3272
-248
2634
2502787
138
27
-95
-3321
-231
2648
2503812
201
-5
-93
-3243
-55
2778
2504837
60
-3
-45
-3211
-65
2843
2505862
-64
2
-12
-3213
-154
2848
2506887
-76
6
5
-3199
-224
2828
2507912
-16
12
13
-3196
-178
2833
2508937
-2
15
17
-3205
-117
2818
2509962
-23
20
22
-3220
-129
2800
2510987
-21
7
11
-3225
-97
2744
2512012
-27
-11
2
-3214
-70
2741
2513037
-16
-17
4
-3221
-115
2815
2514062
14
-11
-6
-3201
-98
2875
2515087
8
10
-7
-3189
-86
2864
2507904
-16
31
-6
-3213
-102
2838
2508929
-36
35
-11
-3217
-135
2788
2509954
-30
35
-12
-3215
-145
2800
2510979
-26
37
-11
-3224
-136
2819
2512004
-40
35
-16
-3226
-131
2794
2513029
-43
33
-25
-3242
-145
2732
2514054
-13
30
-26
-3241
-154
2756
2515079
-4
23
-20
-3245
-143
2755
2516104
-18
16
-14
-3248
-171
2731
2517129
-3
18
-10
-3249
-168
2769
2518154
0
15
-3
-3257
-188
2747
2519179
-1
9
2
-3250
-195
2753
2520204
1
4
3
-3244
-166
2778
2521229
-1
0
6
-3241
-153
2757
2522254
-11
-4
8
-3234
-175
2756
2523279
-6
-8
11
-3240
-163
2780
2516096
1
-5
14
-3237
-150
2801
2517121
-1
1
15
-3242
-119
2785
2518146
-18
4
19
-3240
-137
2771
2519171
-16
7
20
-3242
-152
2794
2520196
-5
8
11
-3234
-155
2751
2521221
3
10
7
-3240
-140
2788
2522246
4
12
8
-3244
-109
2802
2523271
-22
16
7
-3246
-121
2778
2524296
-26
19
2
-3232
-130
2784
2525321
-16
22
0
-3253
-122
2750
2526346
-26
19
0
-3266
-159
2730
2527371
-18
17
-3
-3252
-153
2758
2528396
-17
16
-6
-3266
-139
2726
2529421
-32
13
0
-3264
-196
2722
2530446
-20
6
5
-3261
-180
2745
2531471
-21
-1
11
-3255
-184
2732
2524287
-19
-5
14
-3261
-194
2734
2525312
-7
-8
15
-3260
-166
2748
2526337
-21
-10
20
-3264
-178
2755
2527362
-24
-13
18
-3255
-174
2746
2528387
-9
-15
15
-3239
-150
2772
2529412
-15
-16
18
-3261
-136
2757
2530437
-14
-13
17
-3244
-166
2776
2531462
7
-8
12
-3235
-130
2801
2532487
-4
-1
8
-3242
-136
2782
2533512
-11
3
4
-3258
-139
2764
2534537
-11
3
2
-3250
-169
2763
2535562
8
3
-2
-3235
-145
2775
2536587
-1
6
-3
-3252
-177
2758
2537612
0
3
-3
-3255
-183
2743
2538637
3
-1
2
-3257
-179
2733
2539662
7
-4
7
-3260
-194
2741
2532480
10
-11
11
-3255
-174
2749
2533505
-3
-15
16
-3257
-157
2737
2534530
-5
-14
20
-3259
-179
2752
2535555
13
-12
22
-3251
-151
2755
2536580
6
-13
22
-3243
-139
2771
2537605
-1
-13
22
-3246
-132
2774
2538630
-1
-14
14
-3245
-132
2770
2539655
0
-14
9
-3242
-141
2775
2540680
3
-12
7
-3238
-137
2792
2541705
-7
-7
7
-3244
-149
2785
2542730
-2
0
5
-3245
-147
2783
2543755
13
4
0
-3235
-125
2778
2544780
7
13
0
-3241
-137
2790
2545805
-5
15
-2
-3239
-144
2783
2546830
-11
13
-3
-3245
-170
2748
2547855
-3
9
-2
-3259
-160
2757
2540786
-6
7
2
-3269
-142
2750
2541811
-21
7
7
-3267
-174
2721
2542836
-14
1
10
-3270
-173
2720
2543861
4
-1
12
-3272
-181
2742
2544886
24
-5
11
-3253
-160
2746
2545911
19
-2
17
-3245
-148
2768
2546936
10
0
18
-3237
-165
2779
2547961
19
-1
13
-3225
-148
2787
2548986
15
-1
10
-3235
-119
2779
2550011
6
4
9
-3248
-119
2789
2551036
3
9
6
-3251
-124
2771
2552061
5
11
-2
-3251
-138
2762
2553086
11
10
-9
-3256
-130
2751
2554111
3
11
-10
-3279
-133
2744
2555136
2
13
-10
-3264
-146
2736
2556161
8
13
-5
-3262
-144
2733
2548863
5
13
0
-3268
-145
2739
2549888
-8
9
6
-3272
-170
2726
2550913
2
3
7
-3261
-161
2727
2551938
-4
-2
11
-3269
-161
2719
2552963
-8
-8
15
-3269
-157
2732
2553988
-10
-12
17
-3266
-141
2740
2555013
-13
-15
17
-3265
-146
2714
2556038
-2
-21
15
-3262
-137
2752
2557063
-2
-23
10
-3255
-119
2755
2558088
-5
-16
8
-3251
-144
2780
2559113
8
-9
5
-3245
-121
2809
2560138
1
0
3
-3241
-118
2785
2561163
-11
11
3
-3241
-134
2784
2562188
-6
19
6
-3261
-157
2791
2563213
9
22
1
-3242
-141
2774
2564238
7
25
-3
-3247
-143
2751
2557056
-2
23
-5
-3269
-150
2740
2558081
2
18
-5
-3258
-164
2742
2559106
7
13
-4
-3262
-160
2736
2560131
8
10
0
-3278
-142
2727
2561156
1
8
4
-3288
-144
2716
2562181
-2
7
5
-3288
-147
2709
2563206
-1
1
6
-3285
-149
2711
2564231
4
-4
8
-3268
-156
2723
2565256
10
-9
10
-3259
-136
2729
2566281
9
-11
10
-3261
-122
2740
2567306
2
-6
8
-3266
-130
2752
2568331
4
-3
5
-3261
-138
2756
2569356
3
-2
5
-3267
-130
2751
2570381
-11
1
9
-3275
-147
2750
2571406
-7
3
10
-3269
-158
2738
2572431
