Device = VHR-0009
time_stamp = 1780025872569
sample_rate = 50
Data format = INT16
TYPE = 6-AXIS IMU RAW DATA
-40
-15
25
-1048
-484
3938
3319137
39
-43
15
-969
-426
4077
3320162
21
-36
22
-975
-403
4184
3321187
-5
-31
27
-1017
-496
4144
3322212
-1
-36
15
-1044
-450
4034
3323237
11
-42
3
-978
-422
4071
3324262
10
-26
21
-942
-427
4275
3325287
-45
4
42
-999
-482
4288
3326312
-51
19
23
-1049
-451
4155
3327337
20
12
-4
-999
-390
4082
3328362
60
-1
14
-999
-348
4122
3329387
-50
8
14
-1006
-369
4188
3330412
-104
17
9
-1005
-536
4151
3331437
23
6
7
-995
-471
4139
3332462
72
9
3
-977
-285
4198
3333487
-28
35
-4
-967
-350
4240
3334512
-77
47
9
-996
-475
4247
3327105
-30
37
17
-1041
-449
4107
3328130
22
16
13
-1016
-381
4009
3329155
5
10
19
-1021
-408
4122
3330180
-19
19
21
-998
-484
4267
3331205
-4
25
16
-1015
-486
4192
3332230
19
14
17
-1044
-454
4046
3333255
44
-2
16
-1035
-374
4051
3334280
25
-8
10
-1005
-382
4118
3335305
10
-8
14
-976
-426
4240
3336330
-20
5
16
-993
-402
4252
3337355
7
10
21
-1051
-485
4103
3338380
76
-13
22
-1039
-406
4026
3339405
44
-22
19
-995
-293
4137
3340430
-44
1
19
-1003
-427
4257
3341455
-13
5
16
-1044
-441
4180
3342480
25
-1
5
-1051
-418
4091
3335297
23
-14
7
-1028
-370
4055
3336322
10
-13
8
-1015
-420
4153
3337347
-3
-4
4
-1014
-369
4203
3338372
-25
10
-2
-1024
-432
4144
3339397
-1
4
11
-1040
-495
4061
3340422
49
-13
6
-1028
-364
4101
3341447
7
-14
0
-1003
-329
4152
3342472
-57
1
9
-1023
-449
4152
3343497
-35
0
3
-1038
-460
4146
3344522
-4
-10
-5
-1027
-446
4097
3345547
12
-17
3
-994
-421
4164
3346572
1
-11
16
-997
-358
4234
3347597
-8
0
15
-1026
-438
4204
3348622
-4
3
8
-1010
-417
4161
3349647
-10
6
17
-1019
-376
4159
3350672
-5
3
23
-1010
-358
4168
3343489
-13
11
12
-1020
-438
4179
3344514
-4
17
10
-1043
-531
4122
3345539
61
2
12
-1053
-431
4065
3346564
63
-9
14
-1040
-268
4078
3347589
-45
-1
8
-1024
-363
4069
3348614
-35
1
13
-1025
-503
4142
3349639
11
-5
6
-1038
-438
4165
3350664
11
-4
-9
-1048
-341
4126
3351689
18
-11
-11
-1039
-315
4090
3352714
-8
-25
-8
-1035
-283
4005
3353739
-100
-28
10
-1072
-322
3964
3354764
-164
-11
39
-1228
-317
4120
3355789
-353
-9
50
-1162
-221
4325
3356814
-391
-168
334
-416
-980
4770
3357839
-624
-73
236
-1135
-398
4322
3358864
-591
28
85
-1065
-756
3540
3351680
-171
133
-87
-929
-668
3708
3352705
28
139
-308
-886
-256
4356
3353730
-278
174
-338
-902
-526
4661
3354755
-368
156
-354
-1142
-720
4298
3355780
94
-13
-202
-855
-858
4199
3356805
119
-27
-55
-1098
-693
3910
3357830
-202
42
-107
-1231
-598
4194
3358855
-254
6
-72
-1075
-1180
4261
3359880
-20
-38
-34
-1162
-840
3916
3360905
79
-47
-46
-1086
-186
3687
3361930
-38
6
-3
-986
-424
4047
3362955
-209
59
22
-991
-810
4148
3363980
3
59
60
-1034
-1006
4179
3365005
334
31
66
-1060
-909
4255
3366030
486
21
12
-1056
-473
4237
3367055
327
37
12
-1087
-409
4095
3359872
15
44
17
-1079
-495
3955
3360897
-170
53
-7
-1037
-700
3995
3361922
-87
44
-7
-1034
-813
4099
3362947
75
22
10
-1114
-736
4109
3363972
105
-1
9
-1077
-620
4068
3364997
20
-5
11
-1058
-596
4026
3366022
-34
-5
16
-1044
-573
4043
3367047
-41
-15
22
-1051
-560
4085
3368072
-77
-16
21
-1096
-696
4100
3369097
-12
-45
26
-1071
-718
4131
3370122
71
-54
37
-1097
-603
4208
3371147
64
-46
39
-1134
-473
4195
3372172
23
-42
25
-1099
-626
4159
3373197
11
-39
25
-1049
-655
4177
3374222
43
-27
30
-1080
-642
4204
3375247
77
-18
33
-1104
-565
4166
3368063
88
-21
9
-1041
-548
4077
3369088
42
-2
3
-973
-578
4127
3370113
-15
17
29
-1067
-572
4096
3371138
-16
21
22
-1088
-666
4095
3372163
68
2
2
-1044
-574
4058
3373188
60
-8
-2
-1028
-532
4055
3374213
-15
0
5
-1028
-599
4080
3375238
-31
-5
12
-1064
-611
4028
3376263
-28
-19
-1
-1062
-654
4052
3377288
16
-29
-2
-1015
-603
4177
3378313
18
-29
13
-1023
-518
4196
3379338
-32
-22
11
-1038
-537
4173
3380363
-53
-18
25
-1037
-644
4148
3381388
-28
-17
27
-1063
-606
4165
3382413
24
-21
18
-1055
-535
4194
3383438
44
-25
11
-1007
-547
4139
3376256
-7
-9
12
-1051
-541
4131
3377281
2
0
17
-1042
-600
4177
3378306
8
4
15
-1083
-558
4129
3379331
17
7
-6
-1047
-576
4116
3380356
20
6
13
-1032
-624
4111
3381381
-17
7
25
-1054
-577
4052
3382406
-20
11
17
-1059
-618
4103
3383431
17
2
23
-1042
-579
4173
3384456
1
4
25
-1025
-536
4131
3385481
-7
5
25
-1042
-560
4093
3386506
2
-2
12
-1049
-547
4083
3387531
-9
0
8
-1044
-558
4110
3388556
4
6
10
-1025
-559
4170
3389581
-3
14
-1
-1044
-584
4160
3390606
13
18
-11
-1059
-584
4152
3391631
4
15
1
-1075
-553
4069
3384448
-21
16
6
-1087
-559
4089
3385473
-12
9
-2
-1044
-580
4148
3386498
14
7
0
-1037
-589
4184
3387523
13
9
17
-1089
-616
4105
3388548
6
10
5
-1084
-594
4062
3389573
31
6
-7
-1048
-550
4099
3390598
19
7
-1
-1025
-476
4115
3391623
-57
22
-3
-1059
-583
4127
3392648
-48
16
1
-1096
-661
4116
3393673
8
-3
0
-1099
-588
4106
3394698
15
-13
2
-1036
-529
4138
3395723
-14
-6
11
-1076
-542
4135
3396748
-29
-10
24
-1102
-577
4122
3397773
-62
-12
25
-1085
-629
4047
3398798
-6
-17
22
-1063
-657
4035
3399823
77
-17
14
-1046
-528
4151
3392640
41
4
11
-1051
-498
4176
3393665
-62
34
11
-1099
-624
4013
3394690
-7
29
-2
-1088
-640
4005
3395715
81
32
-6
-1062
-515
4222
3396740
17
51
-9
-1091
-541
4216
3397765
-58
57
-10
-1137
-614
3985
3398790
-52
27
-5
-1138
-591
3867
3399815
-93
8
11
-1246
-359
4007
3400840
-295
39
18
-1503
33
3820
3401865
-283
-8
235
-323
-1624
5058
3402890
292
-147
485
-818
-1482
4934
3403915
97
31
-68
-1601
642
3706
3404940
-316
-37
-67
-1037
-342
3079
3405965
-491
41
-152
-892
-632
3798
3406990
-295
32
-199
-817
-807
4893
3408015
-9
3
-229
-1082
-832
4386
3400832
147
6
-238
-1132
-510
4095
3401857
19
-23
-85
-993
-745
4005
3402882
-171
9
-26
-1175
-803
4146
3403907
-124
33
-18
-1167
-1144
4311
3404932
101
27
-31
-1131
-858
4141
3405957
149
41
-27
-1155
-374
3886
3406982
-84
51
22
-1145
-433
3835
3408007
-202
61
43
-1122
-880
3989
3409032
-19
32
55
-1086
-998
4091
3410057
200
2
41
-1119
-694
4118
3411082
198
-22
15
-1133
-497
4046
3412107
39
-47
20
-1087
-536
3974
3413132
-120
-43
50
-1098
-780
3997
3414157
-151
-45
43
-1103
-860
4001
3415182
36
-64
16
-1022
-703
4145
3416207
135
-61
21
-1056
-672
4157
3409024
82
-40
29
-1068
-619
4113
3410049
3
-16
22
-1085
-636
4128
3411074
-43
-6
9
-1083
-678
4145
3412099
4
-5
-2
-1072
-664
4160
3413124
32
-10
-3
-1082
-676
4137
3414149
3
-7
2
-1106
-721
4077
3415174
10
-7
0
-1085
-659
4123
3416199
18
3
0
-1083
-624
4203
3417224
0
0
9
-1094
-681
4128
3418249
-10
-3
11
-1103
-684
4109
3419274
5
-7
9
-1092
-649
4091
3420299
47
-17
14
-1072
-625
4085
3421324
57
-18
18
-1048
-653
4152
3422349
22
-11
9
-1064
-666
4114
3423374
1
-7
5
-1093
-700
4062
3424399
22
-15
7
-1074
-667
4074
3417215
31
-20
5
-1055
-599
4107
3418240
5
-18
4
-1058
-654
4101
3419265
-15
-20
-3
-1072
-707
4081
3420290
12
-30
-2
-1049
-679
4091
3421315
40
-33
10
-1060
-662
4075
3422340
6
-27
7
-1057
-605
4109
3423365
-45
-13
1
-1064
-670
4110
3424390
-30
-15
-7
-1045
-678
4067
3425415
14
-16
0
-1028
-651
4107
3426440
-14
-5
6
-1065
-679
4149
3427465
-27
3
-7
-1102
-644
4144
3428490
3
3
-20
-1075
-623
4131
3429515
-8
1
-11
-1040
-653
4124
3430540
-39
11
5
-1081
-686
4115
3431565
-20
10
8
-1088
-696
4143
3432590
28
-1
13
-1070
-653
4132
3425408
40
-4
14
-1033
-625
4122
3426433
30
10
13
-1036
-610
4116
3427458
5
20
10
-1080
-642
4103
3428483
0
18
16
-1085
-705
4095
3429508
11
17
14
-1094
-670
4106
3430533
17
12
5
-1087
-644
4095
3431558
25
3
4
-1072
-640
4071
3432583
13
-6
15
-1051
-665
4085
3433608
8
-3
16
-1059
-690
4126
3434633
29
0
-6
-1046
-588
4161
3435658
-1
6
-6
-1034
-617
4155
3436683
-41
17
14
-1080
-703
4124
3437708
15
9
20
-1099
-651
4103
3438733
51
-5
5
-1096
-578
4089
3439758
16
-11
-4
-1063
-583
4118
3440783
-28
-3
9
-1087
-678
4118
3433600
4
-4
13
-1106
-676
4093
3434625
43
-5
3
-1083
-610
4091
3435650
18
3
6
-1079
-619
4127
3436675
-10
9
11
-1083
-648
4117
3437700
-3
13
11
-1083
-638
4072
3438725
-4
14
14
-1084
-644
4069
3439750
-1
12
16
-1095
-653
4095
3440775
20
6
9
-1084
-636
4092
3441800
21
2
4
-1069
-649
4095
3442825
16
-1
9
-1061
-605
4095
3443850
3
-3
13
-1093
-607
4120
3444875
-29
-5
8
-1108
-627
4141
3445900
-18
-9
13
-1099
-661
4171
3446925
22
-14
20
-1097
-662
4143
3447950
42
-13
20
-1068
-596
4136
3448975
24
-2
27
-1060
-576
4148
3441793
-10
12
29
-1083
-618
4136
3442818
12
13
24
-1097
-647
4081
3443843
21
16
16
-1078
-641
4132
3444868
56
14
17
-1061
-601
4122
3445893
41
15
9
-1110
-611
3995
3446918
34
5
3
-1071
-638
4055
3447943
36
7
10
-1064
-598
4148
3448968
4
8
10
-1096
-623
4115
3449993
-5
8
5
-1082
-658
4082
3451018
29
2
9
-1075
-614
4072
3452043
64
-7
13
-1071
-618
4083
3453068
86
-11
5
-1073
-615
4084
3454093
136
-13
9
-1078
-610
4118
3455118
141
-19
16
-1086
-519
4128
3456143
39
-16
9
-1091
-519
4090
3457168
-23
-6
11
-1081
-647
4106
3449984
22
-4
13
-1106
-529
4087
3451009
46
0
8
-1126
-545
4127
3452034
40
3
-4
-1092
-563
4119
3453059
41
3
1
-1105
-523
4076
3454084
57
-5
8
-1090
-528
4029
3455109
90
-8
11
-1116
-551
4054
3456134
135
-17
3
-1105
-537
4133
3457159
119
-14
13
-1084
-516
4312
3458184
-52
21
9
-1116
-481
4193
3459209
-98
25
8
-1123
-642
4003
3460234
52
-3
23
-1093
-473
4093
3461259
41
-3
21
-1120
-427
4217
3462284
-33
5
14
-1083
-561
4209
3463309
-18
-2
17
-1110
-526
4082
3464334
18
-17
18
-1144
-494
3999
3465359
-25
-40
12
-1121
-349
3924
3458298
-245
-64
0
-1239
-2
3710
3459323
-355
-4
73
-1416
-840
4192
3460348
-122
33
206
-699
-2107
4869
3461373
746
-263
274
-506
-593
4321
3462398
26
79
-118
-1488
1409
4181
3463423
-1021
119
-15
-1004
-716
3427
3464448
-896
161
-60
-957
-752
3492
3465473
-387
207
-117
-1074
-831
4267
3466498
-103
178
-121
-1078
-1203
4816
3467523
145
124
-165
-1048
-896
4615
3468548
341
67
-77
-1182
-734
4149
3469573
181
39
-36
-1381
-394
3780
3470598
-54
24
-31
-1247
-692
3933
3471623
-56
11
-25
-1132
-895
4080
3472648
100
1
-21
-1202
-615
4078
3473673
131
-9
-12
-1214
-494
4008
3466368
18
-27
5
-1178
-517
3825
3467393
-5
-38
46
-1109
-832
3934
3468418
85
-26
43
-1086
-818
4192
3469443
169
-7
23
-1083
-665
4243
3470468
152
7
19
-1156
-569
4109
3471493
78
4
27
-1191
-530
4017
3472518
-11
-5
21
-1158
-626
4016
3473543
-20
-15
-2
-1123
-637
4067
3474568
10
-20
0
-1129
-647
4125
3475593
38
-24
5
-1137
-602
4070
3476618
26
-20
7
-1180
-593
3972
3477643
-1
-21
-1
-1122
-620
4065
3478668
-39
-8
3
-1107
-623
4257
3479693
-31
-4
21
-1153
-688
4209
3480718
38
-12
20
-1180
-611
4087
3481743
16
-13
4
-1150
-546
4039
3474560
-11
-11
11
-1142
-556
4112
3475585
-22
-12
14
-1136
-604
4127
3476610
-18
-19
9
-1116
-658
4089
3477635
7
-30
-8
-1138
-612
4008
3478660
69
-34
-15
-1130
-581
4087
3479685
33
-21
-12
-1119
-621
4164
3480710
-45
-6
-10
-1109
-677
4108
3481735
-14
-1
-13
-1104
-673
4077
3482760
20
6
-7
-1128
-619
4077
3483785
-11
10
-4
-1171
-553
4051
3484810
-39
8
-2
-1147
-601
4057
3485835
-17
-2
11
-1147
-621
4079
3486860
-2
-6
9
-1155
-618
4131
3487885
3
-8
7
-1134
-603
4159
3488910
-3
-11
7
-1138
-589
4130
3489935
16
-9
5
-1151
-587
4203
3482753
22
-6
12
-1143
-617
4213
3483778
22
-6
14
-1141
-615
4148
3484803
47
-8
10
-1115
-592
4140
3485828
46
-5
7
-1111
-569
4107
3486853
23
4
2
-1107
-568
4091
3487878
13
8
5
-1124
-649
4088
3488903
43
-4
7
-1121
-653
4011
3489928
59
-12
0
-1118
-597
3985
3490953
18
-3
-10
-1097
-577
4015
3491978
-27
4
-10
-1123
-585
4063
3493003
-43
-3
-11
-1139
-646
4057
3494028
-22
-18
-6
-1149
-677
4029
3495053
4
-33
-1
-1143
-629
4046
3496078
2
-36
5
-1119
-613
4115
3497103
-4
-27
17
-1116
-542
4188
3498128
-33
-16
17
-1137
-583
4167
3490944
-27
-17
15
-1130
-623
4092
3491969
26
-18
12
-1101
-570
4123
3492994
38
-6
4
-1116
-531
4146
3494019
-7
18
-1
-1139
-555
4186
3495044
-45
29
-3
-1152
-601
4139
3496069
-27
27
2
-1144
-633
4074
3497094
22
17
9
-1143
-634
4083
3498119
29
8
13
-1130
-600
4121
3499144
8
4
15
-1115
-597
4104
3500169
2
3
14
-1096
-590
4071
3501194
-2
4
17
-1102
-609
4082
3502219
0
-2
20
-1115
-580
4122
3503244
-18
-7
21
-1120
-626
4094
3504269
25
-15
12
-1113
-593
4093
3505294
47
-10
-2
-1128
-527
4101
3506319
-10
0
-1
-1136
-557
4112
3499137
-48
10
8
-1151
-642
4112
3500162
1
5
1
-1144
-634
4095
3501187
33
2
-9
-1140
-562
4083
3502212
-4
11
-1
-1151
-578
4109
3503237
-30
12
18
-1166
-649
4077
3504262
22
3
16
-1159
-630
4050
3505287
69
-6
6
-1140
-564
4065
3506312
37
-1
-3
-1156
-567
4087
3507337
-10
-3
-1
-1277
-526
3954
3508362
-198
-13
-48
-1461
166
3728
3509387
-390
-7
76
-651
-965
4333
3510412
260
-117
451
-783
-1913
4834
3511437
218
57
35
-1471
120
4329
3512462
-247
53
-21
-1186
-508
3577
3513487
-320
72
-55
-1048
-333
3669
3514512
-183
103
-134
-1031
-513
4330
3507327
-240
100
-185
-1115
-857
4513
3508352
-211
71
-250
-1296
-688
4030
3509377
-145
-35
-215
-1160
-361
3626
3510402
-67
-108
-13
-975
-980
4046
3511427
-15
-89
58
-1226
-1113
4302
3512452
-20
-62
-13
-1292
-860
4167
3513477
9
-62
-48
-1113
-656
3970
3514502
1
0
-30
-1060
-446
4052
3515527
-107
62
12
-1157
-751
4178
3516552
-10
52
13
-1145
-910
4116
3517577
195
21
10
-1164
-781
3991
3518602
284
-12
7
-1149
-599
4024
3519627
174
-12
7
-1117
-526
4144
3520652
14
3
14
-1142
-657
4153
3521677
-40
-2
25
-1184
-796
4086
3522702
10
-26
24
-1189
-767
3998
3515520
89
-49
16
-1159
-635
3951
3516545
57
-36
17
-1122
-618
4093
3517570
-9
-3
26
-1111
-687
4211
3518595
-29
8
24
-1138
-707
4149
3519620
-21
6
17
-1151
-706
4072
3520645
13
-3
21
-1142
-665
4063
3521670
30
-4
23
-1121
-612
4148
3522695
3
-2
21
-1140
-613
4126
3523720
-28
8
9
-1150
-685
4092
3524745
10
0
6
-1140
-650
4070
3525770
6
-3
12
-1172
-673
4054
3526795
26
-13
3
-1138
-615
4089
3527820
15
-14
3
-1159
-599
4093
3528845
-20
-11
7
-1146
-679
4076
3529870
-12
-11
15
-1151
-692
4072
3530895
14
-9
19
-1156
-709
4093
3523712
52
-7
12
-1113
-637
4130
3524737
31
12
8
-1129
-559
4129
3525762
-32
23
3
-1133
-623
4080
3526787
-34
21
12
-1152
-709
4061
3527812
-3
15
10
-1146
-712
4070
3528837
16
12
9
-1150
-649
4109
3529862
-9
9
9
-1156
-656
4092
3530887
5
-9
19
-1129
-634
4055
3531912
-9
-7
23
-1142
-680
4080
3532937
1
-10
10
-1084
-656
4110
3533962
-3
-5
8
-1124
-628
4107
3534987
-16
-6
5
-1125
-620
4086
3536012
-24
-11
7
-1135
-648
4049
3537037
-23
-21
2
-1120
-666
4040
3538062
2
-30
-3
-1122
-686
4120
3539087
-1
-32
0
-1128
-657
4120
3532093
-22
-27
3
-1119
-647
4076
3533118
-3
-29
3
-1124
-660
4094
3534143
7
-34
-5
-1160
-632
4110
3535168
-25
-34
-8
-1141
-648
4107
3536193
-47
-25
1
-1132
-690
4132
3537218
11
-24
4
-1139
-668
4119
3538243
24
-22
-1
-1156
-650
4118
3539268
11
-12
3
-1171
-646
4135
3540293
16
-10
5
-1143
-636
4110
3541318
19
-7
0
-1144
-652
4084
3542343
14
0
-2
-1129
-647
4094
3543368
-1
10
0
-1166
-690
4116
3544393
4
4
4
-1159
-694
4116
3545418
38
-3
13
-1120
-657
4106
3546443
42
-2
30
-1122
-645
4103
3547468
6
7
34
-1119
-653
4114
3540096
22
10
25
-1130
-657
4081
3541121
57
8
13
-1119
-645
4084
3542146
25
12
14
-1097
-594
4100
3543171
-21
18
15
-1098
-661
4057
3544196
3
22
5
-1137
-671
4087
3545221
37
10
-2
-1137
-631
4076
3546246
5
8
-1
-1113
-640
4060
3547271
-11
4
3
-1110
-661
4072
3548296
18
0
-3
-1123
-653
4099
3549321
30
-3
-12
-1123
-610
4128
3550346
1
0
-3
-1110
-630
4128
3551371
-10
-1
5
-1134
-677
4092
3552396
28
-14
2
-1135
-622
4106
3553421
44
-23
5
-1133
-569
4119
3554446
11
-14
13
-1136
-581
4123
3555471
3
-13
2
-1124
-636
4108
3548288
26
-16
-10
-1141
-635
4093
3549313
33
-16
-3
-1143
-631
4075
3550338
22
-15
5
-1157
-625
4060
3551363
16
-4
-3
-1147
-645
4105
3552388
16
-1
-7
-1122
-641
4108
3553413
6
2
8
-1138
-666
4066
3554438
2
4
22
-1159
-664
4038
3555463
10
5
19
-1146
-638
4083
3556488
18
12
6
-1137
-583
4142
3557513
-4
15
4
-1126
-574
4090
3558538
-42
8
16
-1118
-578
4029
3559563
-58
0
17
-1116
-614
4050
3560588
-53
3
13
-1158
-631
4089
3561613
-1
13
22
-1134
-749
4216
3562638
34
27
27
-1129
-566
4206
3563663
-22
48
17
-1180
-567
4128
3556480
-26
37
9
-1193
-614
4053
3557505
19
18
16
-1161
-601
4076
3558530
47
5
32
-1143
-703
4172
3559555
36
2
24
-1156
-577
4091
3560580
14
8
7
-1145
-547
4031
3561605
-1
10
11
-1121
-581
4093
3562630
-23
10
23
-1128
-634
4104
3563655
-31
12
20
-1164
-660
4079
3564680
9
2
11
-1168
-596
4056
3565705
48
9
4
-1119
-604
4101
3566730
11
40
1
-1121
-577
4179
3567755
-24
53
-7
-1179
-627
4140
3568780
1
43
-18
-1172
-567
4064
3569805
-21
36
-14
-1226
-585
4005
3570830
-20
16
-22
-1243
-591
3965
3571855
-20
-5
-28
-1210
-567
3994
3564672
-40
-33
-6
-1256
-493
3903
3565697
-187
-53
-4
-1590
-177
3597
3566722
-317
-38
-2
-900
-704
4497
3567747
-4
-222
430
-412
-1936
4961
3568772
13
-70
65
-1596
145
3860
3569797
-220
-44
1
-1185
-793
3314
3570822
-182
27
-68
-937
-600
3729
3571847
-156
118
-165
-968
-607
4517
3572872
-307
130
-224
-1114
-908
4852
3573897
-205
82
-328
-1276
-606
4129
3574922
-36
0
-279
-1117
-467
3746
3575947
-23
-41
-52
-961
-1029
4156
3576972
-42
-18
6
-1319
-950
4213
3577997
-64
-32
-51
-1416
-902
4010
3579022
-14
-78
-21
-1237
-858
3964
3580047
90
-81
62
-1158
-850
4025
3572865
136
-19
50
-1164
-618
4054
3573890
75
37
33
-1113
-690
4048
3574915
48
67
60
-1154
-799
4076
3575940
34
72
60
-1198
-757
4079
3576965
37
62
35
-1205
-677
4056
3577990
22
52
38
-1150
-694
3990
3579015
-59
60
48
-1185
-686
3956
3580040
-69
52
41
-1170
-807
4057
3581065
-4
26
51
-1159
-796
4107
3582090
61
2
60
-1187
-714
4098
3583115
76
-25
49
-1135
-704
4110
3584140
56
-41
41
-1123
-661
4085
3585165
7
-44
28
-1130
-711
4125
3586190
-17
-43
19
-1140
-836
4230
3587215
65
-69
16
-1123
-756
4154
3588240
104
-79
-4
-1080
-610
4059
3581056
77
-60
-10
-1074
-622
4121
3582081
8
-34
-3
-1130
-754
4112
3583106
22
-31
-11
-1179
-761
4038
3584131
50
-33
-31
-1173
-700
3960
3585156
36
-24
-38
-1193
-682
4007
3586181
27
-25
-41
-1193
-683
4047
3587206
-13
-12
-41
-1228
-762
4052
3588231
-35
-8
-27
-1228
-892
4020
3589256
61
-16
-16
-1201
-755
4103
3590281
78
-9
-8
-1162
-646
4106
3591306
-6
8
0
-1155
-643
4065
3592331
-40
21
11
-1154
-710
4107
3593356
8
15
24
-1155
-728
4154
3594381
28
2
28
-1164
-671
4117
3595406
6
2
22
-1171
-642
4138
3596431
21
-3
30
-1116
-583
4153
3589248
12
2
42
-1121
-606
4129
3590273
1
7
34
-1140
-663
4097
3591298
28
-3
28
-1129
-693
4032
3592323
50
-15
27
-1136
-665
4052
3593348
46
-9
27
-1126
-632
4085
3594373
13
0
26
-1151
-640
4075
3595398
-29
0
3
-1150
-692
4060
3596423
-23
-5
-11
-1142
-727
4062
3597448
2
-15
3
-1161
-691
4050
3598473
5
-22
14
-1146
-698
4069
3599498
-12
-25
21
-1147
-731
4085
3600523
-1
-30
10
-1122
-710
4090
3601548
12
-30
15
-1116
-699
4094
3602573
34
-16
16
-1085
-651
4161
3603598
22
2
17
-1130
-572
4116
3604623
-37
18
-4
-1151
-622
4084
3597460
-34
24
-15
-1140
-688
4083
3598485
5
8
-8
-1191
-679
4056
3599510
49
-7
-12
-1151
-634
4099
3600535
30
-13
-5
-1157
-643
4065
3601560
-24
-8
-3
-1178
-704
4096
3602585
-15
-12
-6
-1100
-724
4142
3603610
9
-6
13
-1146
-694
4103
3604635
9
-6
27
-1133
-689
4075
3605660
13
-3
24
-1144
-644
4085
3606685
17
-5
13
-1121
-627
4087
3607710
-6
1
9
-1103
-634
4078
3608735
-27
10
6
-1122
-640
4089
3609760
-16
3
-4
-1146
-696
4078
3610785
11
-10
-9
-1148
-684
4053
3611810
19
-21
0
-1153
-650
4043
3612835
-1
-24
7
-1135
-690
4087
3605632
18
-17
2
-1101
-649
4205
3606657
-5
3
8
-1155
-682
4159
3607682
-31
2
12
-1159
-657
4001
3608707
6
-1
8
-1116
-665
4083
3609732
37
5
11
-1142
-622
4132
3610757
-18
18
0
-1166
-610
4088
3611782
-31
19
-5
-1153
-680
4082
3612807
6
0
6
-1159
-666
4001
3613832
0
-20
-2
-1155
-667
3974
3614857
4
-19
-16
-1107
-711
4135
3615882
37
-16
2
-1124
-606
4177
3616907
-18
-24
14
-1158
-653
4053
3617932
-41
-39
-9
-1113
-696
4020
3618957
1
-44
-21
-1096
-649
4088
3619982
45
-34
-5
-1108
-678
4212
3621007
18
-9
6
-1131
-634
4197
3613824
-26
0
3
-1161
-666
4079
3614849
-11
-10
0
-1155
-713
4035
3615874
14
-15
14
-1166
-673
4087
3616899
21
-16
12
-1138
-686
4117
3617924
24
-14
6
-1150
-649
4090
3618949
22
-12
-2
-1118
-644
4112
3619974
25
-5
18
-1144
-671
4092
3620999
-15
-10
20
-1134
-642
4059
3622024
-2
-3
15
-1134
-725
4097
3623049
59
-7
8
-1122
-547
4123
3624074
20
9
7
-1127
-653
4111
3625099
-13
15
18
-1119
-695
4072
3626124
6
17
15
-1112
-634
4070
3627149
1
4
14
-1131
-630
4056
3628174
-28
-11
10
-1115
-633
4067
3629199
-16
-4
17
-1117
-718
4150
3622015
18
-3
28
-1125
-632
4127
3623040
6
-6
30
-1145
-641
4088
3624065
-20
-24
21
-1106
-627
4018
3625090
2
-22
9
-1087
-549
4104
3626115
-19
-20
12
-1108
-613
4098
3627140
-35
-17
15
-1121
-678
4088
3628165
15
-12
7
-1109
-657
4124
3629190
25
-16
-3
-1135
-564
4042
3630215
-28
-10
-12
-1137
-619
4061
3631240
-96
-5
8
-1119
-688
4125
3632265
-54
-11
13
-1126
-748
4118
3633290
15
-27
1
-1119
-682
4067
3634315
22
-34
6
-1099
-629
4150
3635340
-3
-23
4
-1091
-593
4172
3636365
-21
-18
2
-1096
-666
4147
3637390
-46
-15
-9
-1132
-674
4071
3630208
-39
-7
-19
-1139
-672
4065
3631233
-21
-12
-12
-1113
-653
4131
3632258
-51
1
0
-1123
-670
4154
3633283
-111
-1
18
-1196
-609
4005
3634308
-383
33
19
-1308
39
4138
3635333
-1089
166
52
-1238
-590
4229
3636358
-656
71
219
-721
-2286
3466
3637383
769
-62
210
-911
-1176
4505
3638408
422
110
32
-1171
-188
4682
3639433
-394
149
78
-1260
-778
3803
3640458
-513
139
-15
-1242
-804
3718
3641483
-441
67
-120
-1160
-810
4158
3642508
-367
-22
-135
-1026
-641
4143
3643533
-168
-59
-87
-999
-733
4122
3644558
41
-64
-72
-1255
-770
3963
3645583
11
-74
-76
-1233
-834
3877
3638400
-96
-78
-68
-1176
-1109
3889
3639425
-56
-65
-97
-1146
-940
4046
3640450
-48
-27
-101
-1108
-823
4155
3641475
-48
-7
-79
-1085
-917
4073
3642500
1
-3
-23
-1170
-1108
3955
3643525
77
-12
-4
-1197
-1194
3979
3644550
167
-14
-26
-1136
-951
4138
3645575
100
7
-19
-1155
-907
4096
3646600
53
7
24
-1204
-940
3966
3647625
4
-14
30
-1220
-952
3849
3648650
38
-51
8
-1093
-902
3993
3649675
9
-39
-15
-1040
-786
4144
3650700
-30
-17
5
-1107
-902
4090
3651725
17
-16
27
-1143
-949
4053
3652750
-31
-7
-4
-1118
-751
3991
3653775
-140
-17
-5
-1127
-843
3894
3646592
-111
-23
6
-1120
-1053
4053
3647617
55
-22
10
-1086
-921
4203
3648642
87
-9
5
-1124
-894
4160
3649667
35
-7
-8
-1121
-853
4048
3650692
-74
-37
-3
-1126
-803
3889
3651717
-110
-33
8
-1072
-994
4116
3652742
-1
-40
16
-1040
-1044
4245
3653767
85
-44
24
-1105
-1079
4135
3654792
74
-39
5
-1104
-820
4000
3655817
-6
-26
7
-1062
-715
3996
3656842
-46
-6
17
-1044
-834
4131
3657867
-35
4
16
-1078
-954
4111
3658892
-18
1
8
-1165
-955
4000
3659917
17
-14
-1
-1153
-872
3996
3660942
42
-24
-2
-1104
-805
4078
3661967
-2
-12
1
-1070
-862
4112
3654784
-42
-7
5
-1084
-954
4064
3655809
-39
-4
5
-1112
-925
4034
3656834
-25
-7
2
-1095
-924
4029
3657859
-28
-12
1
-1065
-892
4048
3658884
-77
-1
9
-1077
-907
4077
3659909
-69
-2
16
-1096
-942
4081
3660934
-22
-6
13
-1104
-982
4067
3661959
15
-10
11
-1066
-924
4083
3662984
-21
-1
6
-1055
-855
4100
3664009
-69
17
5
-1086
-952
4098
3665034
2
21
12
-1111
-960
4092
3666059
29
20
12
-1122
-883
4032
3667084
-30
11
-8
-1119
-932
3935
3668109
-43
-8
-12
-1086
-931
3998
3669134
-43
-10
-2
-1075
-970
4097
3670159
-16
7
14
-1083
-1049
4125
3662977
54
6
3
-1095
-896
4047
3664002
-3
9
-4
-1098
-863
4047
3665027
-51
5
7
-1090
-937
4091
3666052
22
-9
13
-1080
-966
4118
3667077
78
-8
13
-1109
-926
4111
3668102
38
-6
5
-1114
-893
4053
3669127
-24
-6
11
-1109
-947
4059
3670152
-15
-7
17
-1080
-966
4092
3671177
35
-4
6
-1085
-899
4076
3672202
43
6
-7
-1089
-926
4110
3673227
14
17
-2
-1106
-904
4085
3674252
-35
10
12
-1126
-937
3965
3675277
-16
0
8
-1096
-980
3936
3676302
60
-2
-1
-1087
-928
4032
3677327
44
12
1
-1099
-923
4136
3678352
-11
17
12
-1107
-956
4089
3671255
-22
1
20
-1124
-976
3964
3672280
18
-21
3
-1098
-910
3958
3673305
32
-15
-9
-1077
-882
4140
3674330
-24
-6
7
-1118
-968
4141
3675355
-28
-6
14
-1150
-937
3999
3676380
-9
-20
20
-1148
-924
3930
3677405
48
-33
14
-1098
-902
4047
3678430
77
-20
12
-1088
-879
4197
3679455
28
8
18
-1145
-926
4119
3680480
2
21
16
-1153
-894
4015
3681505
0
21
4
-1127
-872
3979
3682530
14
27
6
-1113
-941
4089
3683555
29
48
2
-1091
-936
4175
3684580
61
80
-20
-1105
-887
4159
3685605
49
100
-37
-1123
-853
4028
3686630
18
112
-46
-1089
-867
4028
3679360
8
122
-50
-1103
-893
4109
3680385
1
123
-53
-1122
-919
4090
3681410
-5
108
-49
-1157
-923
3991
3682435
-5
85
-39
-1204
-899
3892
3683460
5
41
-29
-1198
-888
3868
3684485
25
6
-9
-1178
-925
3975
3685510
-14
-16
7
-1206
-876
3953
3686535
-82
-47
2
-1231
-857
3791
3687560
-115
-81
20
-1163
-945
3869
3688585
-189
-69
78
-1140
-1095
4176
3689610
-147
-22
102
-1162
-1159
4364
3690635
-61
-11
113
-1287
-945
4064
3691660
-330
-31
184
-1459
-409
3395
3692685
-850
12
235
-1306
-509
3736
3693710
-948
103
320
-917
-2406
4855
3694735
632
3
230
-567
-2487
4623
3687553
1797
-85
-31
-1422
257
4029
3688578
481
-10
3
-1358
-188
3620
3689603
-639
33
57
-1104
-684
3618
3690628
-676
28
-6
-1048
-951
4314
3691653
-379
-5
-84
-1026
-1100
4534
3692678
-30
-14
-148
-1141
-1139
4006
3693703
237
-59
-122
-1238
-782
3691
3694728
6
-74
-87
-1243
-543
3767
3695753
-338
-44
-33
-1151
-1116
4042
3696778
-219
-23
-41
-1122
-1517
4114
3697803
214
-27
-95
-1154
-981
4074
3698828
196
-28
-101
-1162
-755
3796
3699853
-68
-19
-45
-1155
-1008
3783
3700878
-95
-15
-4
-1126
-1117
4077
3701903
-49
-1
-15
-1152
-1234
4211
3702928
14
0
-26
-1184
-1183
4094
3695754
64
7
-24
-1191
-1000
4028
3696779
21
5
-8
-1137
-954
4015
3697804
-24
1
25
-1122
-1006
4055
3698829
-45
5
20
-1162
-1048
4037
3699854
26
-7
7
-1144
-1051
4002
3700879
73
-3
-6
-1130
-925
4086
3701904
78
-4
1
-1108
-925
4065
3702929
9
9
6
-1159
-962
4010
3703954
-35
2
2
-1147
-1023
3909
3704979
-15
-22
0
-1146
-1048
3860
3706004
43
-20
-17
-1097
-968
4074
3707029
4
-10
4
-1117
-991
4056
3708054
-95
9
18
-1191
-1069
3996
3709079
-81
0
8
-1164
-1083
3951
3710104
-18
-41
7
-1195
-1035
3898
3711129
-10
-59
-1
-1116
-1083
4054
3703937
7
-65
-2
-1079
-997
4170
3704962
-38
-55
5
-1137
-1077
4144
3705987
-1
-63
2
-1108
-1031
4049
3707012
9
-55
-2
-1097
-1009
4039
3708037
33
-28
-13
-1028
-1010
4104
3709062
66
10
-26
-1093
-912
4120
3710087
-9
40
-25
-1154
-967
4021
3711112
-10
38
-26
-1155
-947
3938
3712137
6
38
-34
-1167
-1005
3946
3713162
25
27
-39
-1180
-995
3981
3714187
-21
33
-31
-1206
-1058
4071
3715212
-15
23
-12
-1180
-1036
4086
3716237
0
17
5
-1177
-1031
4092
3717262
6
3
19
-1173
-1054
4100
3718287
-2
-24
30
-1151
-1040
4065
3719312
28
-36
36
-1100
-1027
4076
3712127
80
-34
48
-1097
-964
4096
3713152
64
-20
44
-1096
-1018
4064
3714177
69
-11
31
-1097
-972
4015
3715202
47
-6
33
-1125
-968
3996
3716227
25
-4
23
-1149
-906
3969
3717252
18
2
6
-1120
-902
3967
3718277
-16
9
7
-1112
-992
3985
3719302
-50
18
28
-1145
-1094
4005
3720327
6
14
20
-1150
-1006
4007
3721352
38
6
10
-1141
-891
4072
3722377
12
2
13
-1092
-916
4134
3723402
-54
2
32
-1118
-1004
4092
3724427
-56
-2
30
-1142
-1050
4051
3725452
34
-16
17
-1131
-972
4094
3726477
68
-25
14
-1126
-918
4072
3727502
32
-18
16
-1124
-988
4040
3720323
5
-11
21
-1163
-1012
4008
3721348
8
-18
15
-1195
-1037
3935
3722373
66
-19
1
-1166
-974
3993
3723398
73
-8
4
-1159
-986
4028
3724423
24
10
11
-1176
-1006
4000
3725448
11
29
11
-1178
-1001
3999
3726473
6
30
11
-1179
-948
3952
3727498
-6
32
10
-1156
-1003
3999
3728523
-7
33
16
-1136
-995
4016
3729548
-5
35
16
-1154
-982
4024
3730573
-1
32
19
-1138
-990
4055
3731598
9
30
20
-1148
-945
4031
3732623
16
24
16
-1147
-948
4033
3733648
-6
23
24
-1141
-971
4047
3734673
-28
23
31
-1148
-975
4030
3735698
-14
6
25
-1160
-963
3986
3728512
20
-7
10
-1171
-916
4017
3729537
25
-18
10
-1144
-892
4089
3730562
-37
-13
25
-1156
-963
4095
3731587
-93
-14
23
-1236
-900
3918
3732612
-108
-14
17
-1344
-544
3850
3733637
-356
18
4
-1256
-602
3808
3734662
-105
-11
209
-1051
-2261
3901
3735687
905
-143
167
-777
-1682
4525
3736712
658
9
-38
-1275
-99
4467
3737737
-372
77
41
-1232
-584
3803
3738762
-762
146
10
-1150
-905
3971
3739787
-560
134
-59
-1036
-1106
4483
3740812
-67
52
-67
-1024
-1161
4314
3741837
336
-22
-5
-1256
-1226
3888
3742862
284
-39
12
-1508
-634
3651
3743887
-131
-46
-4
-1233
-699
3818
3736704
-260
-55
19
-1052
-1232
4036
3737729
38
-71
10
-1179
-1260
3960
3738754
274
-99
-22
-1233
-912
3824
3739779
196
-118
-30
-1123
-732
3774
3740804
33
-94
2
-1064
-835
4020
3741829
-90
-52
10
-1128
-1005
4183
3742854
-57
-40
-5
-1137
-1097
4124
3743879
-8
-26
-17
-1185
-1007
4040
3744904
16
-19
-15
-1144
-946
4065
3745929
2
-12
2
-1137
-958
4105
3746954
-29
3
4
-1163
-1025
4096
3747979
-7
1
-1
-1166
-1009
4085
3749004
13
-7
1
-1134
-1009
4086
3750029
10
-10
25
-1152
-1028
4053
3751054
-16
-4
36
-1161
-1012
3992
3752079
6
-3
27
-1115
-922
3993
3744897
-11
5
28
-1123
-948
4034
3745922
-26
-2
24
-1145
-974
3972
3746947
-22
-7
10
-1132
-970
3995
3747972
-4
-13
9
-1093
-908
4006
3748997
-53
1
12
-1142
-970
4014
3750022
-55
2
11
-1127
-1037
4024
3751047
-29
0
8
-1134
-986
4012
3752072
-31
-1
4
-1112
-972
4048
3753097
-45
-5
12
-1125
-924
4040
3754122
-88
-4
11
-1150
-1007
4065
3755147
-77
-11
2
-1125
-1012
4088
3756172
-96
-7
8
-1169
-948
4026
3757197
-96
-11
9
-1155
-959
4004
3758222
-50
-31
10
-1163
-1072
4020
3759247
27
-42
0
-1153
-1063
4062
3760272
31
-36
-8
-1123
-963
4059
3753089
-44
-10
-3
-1148
-1023
4062
3754114
-73
0
3
-1157
-1081
4047
3755139
-26
-1
2
-1145
-1100
4058
3756164
14
-8
5
-1121
-1042
4022
3757189
-22
-6
8
-1146
-1035
4034
3758214
-44
1
6
-1114
-1013
4046
3759239
-40
10
21
-1114
-1001
4017
3760264
-19
13
17
-1126
-1030
3936
3761289
0
6
7
-1092
-891
3905
3762314
-61
30
25
-1108
-980
4073
3763339
-114
38
24
-1156
-1243
4140
3764364
-74
21
4
-1205
-1205
3971
3765389
-11
5
-10
-1165
-1039
3929
3766414
26
-15
-3
-1127
-1045
4009
3767439
53
-19
11
-1086
-1072
4125
3768464
44
-13
10
-1113
-1042
4095
3761279
20
-6
-3
-1138
-1067
4051
3762304
42
-9
-13
-1138
-1001
4031
3763329
12
-10
-4
-1141
-947
4024
3764354
-21
-15
7
-1138
-1073
3987
3765379
42
-28
6
-1128
-1133
3988
3766404
109
-25
-10
-1118
-1020
4059
3767429
100
-4
-7
-1113
-979
4092
3768454
51
13
4
-1156
-1015
4043
3769479
27
8
1
-1189
-1032
3946
3770504
38
-10
-4
-1157
-1068
3946
3771529
68
-15
-6
-1123
-984
4014
3772554
46
-5
9
-1133
-983
4032
3773579
5
4
9
-1172
-1041
4032
3774604
-11
3
3
-1178
-1034
4016
3775629
10
-6
9
-1131
-1051
3957
3776654
44
5
23
-1125
-1036
4032
3769473
55
18
16
-1118
-984
4075
3770498
20
27
0
-1120
-947
4041
3771523
-34
31
6
-1133
-979
3995
3772548
-18
18
16
-1147
-1011
4005
3773573
48
-6
5
-1122
-1008
4048
3774598
87
-16
-8
-1108
-940
4062
3775623
49
-15
-11
-1125
-913
4001
3776648
25
-12
2
-1105
-986
3948
3777673
84
-17
8
-1130
-1053
4018
3778698
165
-22
-7
-1125
-997
4059
3779723
153
-12
-17
-1160
-864
4089
3780748
28
-3
-7
-1160
-888
4039
3781773
-71
6
6
-1157
-984
4007
3782798
-36
8
10
-1142
-1033
4060
3783823
36
2
4
-1153
-981
4072
3784848
31
-1
-2
-1147
-909
4030
3777664
-20
-4
9
-1149
-929
4000
3778689
-19
-11
15
-1141
-964
4015
3779714
8
-16
10
-1119
-933
4030
3780739
-12
-14
15
-1125
-869
3975
3781764
-30
-10
23
-1133
-991
4013
3782789
4
-5
21
-1138
-1033
4125
3783814
13
9
14
-1159
-960
4142
3784839
-23
23
9
-1210
-936
4069
3785864
-29
14
10
-1188
-949
3985
3786889
23
11
12
-1131
-954
4063
3787914
58
14
14
-1134
-925
4116
3788939
20
17
15
-1195
-948
4054
3789964
20
5
15
-1187
-926
4009
3790989
62
-16
24
-1148
-964
4009
3792014
75
-23
26
-1103
-970
4038
3793039
52
-15
25
-1134
-906
4073
3785856
-2
-4
24
-1172
-931
4015
3786881
-8
-11
15
-1164
-954
3998
3787906
7
-20
22
-1132
-957
4059
3788931
14
-13
20
-1121
-910
4060
3789956
39
-15
18
-1113
-908
4000
3790981
58
-17
18
-1102
-884
4134
3792006
81
-12
29
-1053
-916
4295
3793031
368
-51
69
-1262
-1156
3989
3794056
836
-147
-2
-1355
-861
3701
3795081
713
-261
-39
-1226
-207
3227
3796106
-10
-326
16
-951
-152
3518
3797131
-594
-186
46
-1075
-1502
4193
3798156
-484
-122
54
-1325
-1730
3823
3799181
286
-74
-27
-841
-910
4472
3800206
918
-57
141
-265
-819
5580
3801231
561
173
-41
-1216
82
4955
3794048
-333
234
-9
-1474
-411
3757
3795073
-711
202
-89
-1117
-570
3504
3796098
-613
189
-133
-1022
-686
4395
3797123
-500
141
-145
-1052
-912
4551
3798148
-368
44
-94
-1095
-778
3844
3799173
-183
-39
41
-1161
-1081
3730
3800198
-187
-36
66
-1150
-1198
4001
3801223
-125
-23
25
-1075
-1262
4214
3802248
147
-19
14
-1150
-1170
4070
3803273
261
-2
9
-1190
-664
3888
3804298
2
14
25
-1186
-577
3645
3805323
-178
17
68
-1117
-963
3848
3806348
-43
19
76
-1060
-1136
4187
3807373
126
38
42
-1136
-997
4246
3808398
160
35
10
-1169
-819
4037
3809423
42
29
31
-1202
-900
3878
3802239
21
7
36
-1142
-897
3998
3803264
21
6
19
-1110
-866
4152
3804289
38
-2
6
-1115
-880
4121
3805314
31
-23
1
-1155
-775
3944
3806339
12
-32
8
-1116
-901
3960
3807364
38
-45
20
-1096
-861
4026
3808389
-16
-11
2
-1103
-987
4199
3809414
3
7
-3
-1056
-909
4193
3810439
-53
42
21
-1173
-876
3996
3811464
-48
59
23
-1181
-908
3983
3812489
38
43
24
-1195
-803
4029
3813514
-19
30
15
-1228
-872
3964
3814539
-25
10
-5
-1161
-905
4004
3815564
-16
4
13
-1147
-882
4074
3816589
-25
1
28
-1158
-970
4072
3817614
9
-7
8
-1126
-900
4120
3810432
-22
-3
2
-1096
-908
4140
3811457
-29
-1
17
-1073
-868
4093
3812482
-38
9
21
-1128
-912
3999
3813507
-1
-1
3
-1149
-868
3952
3814532
26
-7
-10
-1148
-843
4082
3815557
-1
-5
-7
-1160
-860
4092
3816582
-30
-6
-7
-1222
-921
4009
3817607
-4
-17
-18
-1199
-913
4001
3818632
27
-31
-12
-1175
-867
4066
3819657
6
-32
0
-1155
-925
4115
3820682
0
-28
3
-1119
-927
4098
3821707
16
-7
13
-1122
-924
4103
3822732
53
11
17
-1136
-870
4128
3823757
44
23
15
-1139
-872
4064
3824782
37
35
13
-1109
-889
4041
3825807
76
43
13
-1117
-853
4035
3818624
70
52
12
-1181
-860
4025
3819649
25
37
4
-1193
-837
3967
3820674
-19
12
1
-1169
-883
3993
3821699
-5
-11
8
-1178
-876
4017
3822724
-23
-33
26
-1225
-906
3991
3823749
-21
-54
31
-1200
-919
4074
3824774
11
-76
30
-1175
-873
4108
3825799
16
-79
23
-1123
-858
4118
3826824
7
-62
23
-1098
-827
4075
3827849
5
-43
22
-1125
-874
3999
3828874
39
-41
3
-1134
-866
4001
3829899
37
-31
-18
-1122
-821
4057
3830924
-20
-13
-22
-1100
-874
4060
3831949
-55
-1
-9
-1120
-985
4059
3832974
7
5
-8
-1134
-966
4092
3833999
48
5
-15
-1115
-877
4077
3826817
7
13
-11
-1080
-809
4074
3827842
-27
25
1
-1101
-828
4121
3828867
-27
14
7
-1152
-838
4082
3829892
-11
-5
-2
-1158
-846
4019
3830917
21
-21
-3
-1126
-816
4034
3831942
21
-23
5
-1131
-822
4092
3832967
15
-23
13
-1141
-807
4096
3833992
-22
-19
13
-1173
-869
4035
3835017
16
-22
1
-1139
-868
4039
3836042
35
-21
4
-1129
-861
4121
3837067
-29
-4
18
-1107
-910
4136
3838092
-38
10
33
-1151
-920
4044
3839117
11
4
34
-1144
-936
3989
3840142
77
-1
18
-1097
-830
4097
3841167
24
11
15
-1108
-808
4116
3842192
-42
16
17
-1114
-868
4003
3835008
-8
8
10
-1100
-886
3966
3836033
37
-3
-6
-1102
-853
4025
3837058
6
-1
-10
-1123
-860
4095
3838083
-34
4
0
-1153
-892
4090
3839108
-23
0
9
-1161
-927
4025
3840133
9
2
8
-1109
-893
4087
3841158
-12
20
17
-1124
-845
4118
3842183
-28
30
31
-1180
-883
4093
3843208
6
23
33
-1166
-861
4083
3844233
21
20
28
-1158
-827
4048
3845258
4
15
13
-1156
-798
3988
3846283
-22
8
11
-1147
-856
4024
3847308
17
1
11
-1133
-847
4126
3848333
17
-1
10
-1190
-863
4092
3849358
-24
-15
11
-1194
-930
3985
3850383
37
-34
3
-1120
-880
3982
3843200
123
-49
2
-1081
-755
4087
3844225
33
-22
4
-1065
-811
4204
3845250
-54
16
-6
-1120
-833
4124
3846275
-55
11
-6
-1180
-879
3941
3847300
-13
-20
-1
-1183
-896
3927
3848325
67
-48
-2
-1147
-849
4055
3849350
85
-48
-7
-1189
-806
4094
3850375
-64
-28
-21
-1366
-618
4134
3851400
-588
-4
-118
-1455
-266
3922
3852425
-711
-105
35
-468
-1469
3883
3853450
310
-75
195
-686
-1539
4936
3854475
434
106
31
-1425
-562
3898
3855500
-93
106
107
-1378
-1172
3313
3856525
-461
156
7
-1146
-952
4048
3857550
-544
153
-64
-1004
-886
4818
3858575
-389
112
-65
-1219
-978
3986
3851391
8
13
-109
-1228
-790
3691
3852416
231
-121
1
-1073
-1079
3862
3853441
158
-125
42
-1312
-866
3844
3854466
-103
-99
18
-1226
-962
4087
3855491
-132
-99
-8
-1078
-1100
4043
3856516
21
-108
0
-1101
-985
3821
3857541
63
-71
3
-1037
-920
3971
3858566
85
-15
33
-1009
-1044
4256
3859591
126
33
25
-1157
-1070
4257
3860616
132
51
-3
-1220
-980
4094
3861641
97
57
-25
-1161
-873
3993
3862666
48
59
-19
-1126
-895
4053
3863691
-6
59
-14
-1111
-989
4107
3864716
-12
46
-5
-1127
-1022
4063
3865741
-7
23
2
-1166
-1010
3956
3866766
35
-4
2
-1131
-936
3977
3859584
39
-18
20
-1126
-909
4058
3860609
8
-20
24
-1141
-953
4102
3861634
-2
-22
15
-1150
-951
4046
3862659
27
-27
7
-1159
-866
4001
3863684
-1
-30
9
-1168
-895
3966
3864709
-1
-32
18
-1149
-982
4076
3865734
9
-33
10
-1139
-959
4059
3866759
48
-34
-6
-1115
-910
4056
3867784
20
-16
-3
-1138
-899
4089
3868809
-18
1
2
-1122
-974
4103
3869834
-1
3
6
-1119
-942
4087
3870859
-21
13
12
-1188
-937
4017
3871884
-18
0
10
-1173
-950
3969
3872909
36
-17
8
-1149
-919
4027
3873934
54
-7
1
-1103
-922
4118
3874959
7
17
-5
-1122
-890
4062
3867776
-61
32
-7
-1164
-960
3989
3868801
-34
15
1
-1145
-957
3994
3869826
-15
-2
13
-1139
-979
4058
3870851
22
-9
6
-1094
-901
4118
3871876
0
-1
12
-1142
-904
4106
3872901
-42
3
17
-1144
-928
4054
3873926
-14
-14
26
-1142
-948
4004
3874951
51
-18
16
-1129
-920
4097
3875976
62
-9
2
-1130
-847
4149
3877001
-23
6
5
-1161
-904
4045
3878026
-30
6
1
-1148
-945
3946
3879051
23
4
1
-1142
-990
4000
3880076
46
-3
-3
-1171
-944
4057
3881101
1
-13
-3
-1188
-936
4008
3882126
11
-33
12
-1150
-902
4003
3883151
22
-40
30
-1173
-933
4016
3875968
13
-37
25
-1171
-952
4070
3876993
32
-34
11
-1131
-889
4089
3878018
20
-21
15
-1114
-890
4047
3879043
21
0
5
-1078
-901
4033
3880068
2
26
-14
-1072
-917
4071
3881093
-23
42
-26
-1062
-904
4064
3882118
-64
54
-16
-1098
-987
4057
3883143
-42
49
-8
-1109
-996
4024
3884168
20
35
-9
-1129
-927
4023
3885193
12
21
-12
-1127
-927
4053
3886218
-5
10
-10
-1106
-865
4065
3887243
-35
10
0
-1117
-914
4060
3888268
-31
5
-2
-1154
-935
4024
3889293
-13
-1
-16
-1166
-939
4041
3890318
6
-19
-16
-1169
-915
4039
3891343
-2
-28
-4
-1173
-928
4075
3884466
10
-32
-5
-1145
-922
4094
3885491
-4
-24
-9
-1154
-939
4058
3886516
-15
-21
-6
-1147
-928
4065
3887541
-16
-12
7
-1155
-984
4109
3888566
36
-10
12
-1143
-959
4082
3889591
45
1
15
-1154
-903
4048
3890616
8
12
13
-1180
-878
4001
3891641
13
14
10
-1160
-892
4025
3892666
18
15
9
-1175
-910
4016
3893691
0
17
7
-1176
-964
3995
3894716
13
7
6
-1147
-938
3994
3895741
10
5
16
-1161
-943
3971
3896766
9
12
17
-1162
-960
4043
3897791
-4
15
11
-1135
-949
4051
3898816
-28
8
20
-1158
-951
3993
3899841
-17
-8
25
-1147
-961
4008
3892353
31
-24
18
-1110
-902
4064
3893378
7
-20
8
-1135
-877
4096
3894403
-39
-15
9
-1139
-886
4088
3895428
-35
-18
20
-1143
-935
4040
3896453
22
-22
11
-1135
-947
4060
3897478
62
-15
-10
-1122
-867
4112
3898503
23
4
-21
-1141
-849
4089
3899528
-30
18
-20
-1143
-918
4036
3900553
-22
22
-20
-1109
-969
4001
3901578
14
25
-23
-1107
-972
4025
3902603
2
36
-27
-1140
-951
4026
3903628
-53
45
-27
-1163
-969
3951
3904653
-61
37
-20
-1169
-1021
3943
3905678
-5
19
-10
-1154
-970
3990
3906703
-5
5
0
-1181
-924
4027
3907728
-39
-4
6
-1234
-909
4040
3900545
-36
-15
2
-1222
-915
4081
3901570
9
-24
11
-1153
-903
4167
3902595
-11
-14
26
-1185
-896
4131
3903620
-18
-14
22
-1197
-901
4056
3904645
55
-20
25
-1151
-893
4116
3905670
81
-1
24
-1123
-871
4170
3906695
17
38
10
-1151
-886
4111
3907720
-46
59
-1
-1173
-945
3991
3908745
-17
60
4
-1162
-980
3999
3909770
51
52
6
-1157
-949
4055
3910795
46
51
2
-1185
-929
4008
3911820
-9
47
-4
-1200
-907
3938
3912845
-23
36
6
-1187
-960
3983
3913870
22
14
23
-1163
-969
4036
3914895
22
6
19
-1181
-897
4054
3915920
-5
2
3
-1197
-884
3977
3908736
4
-17
-2
-1182
-849
3940
3909761
-3
-25
14
-1174
-949
3971
3910786
21
-31
10
-1178
-922
4032
3911811
-8
-23
-8
-1193
-907
4025
3912836
-47
-6
-9
-1206
-925
4053
3913861
-14
-7
2
-1205
-963
4094
3914886
-3
-11
7
-1208
-962
4027
3915911
-20
-5
1
-1200
-929
4002
3916936
-15
-2
6
-1207
-938
4051
3917961
-36
-8
23
-1293
-851
3955
3918986
-222
-62
32
-1550
-368
3549
3920011
-439
-46
-44
-1325
-1128
3914
3921036
192
-85
122
-267
-2377
4540
3922061
1057
39
54
-1187
-947
4928
3923086
528
40
8
-1359
-316
3796
3924111
-243
63
27
-1327
-218
3367
3916927
-671
132
-56
-1099
-758
3628
3917952
-396
84
-133
-976
-1009
4516
3918977
-246
62
-196
-1080
-949
4581
3920002
-127
41
-201
-1281
-930
3824
3921027
-28
-39
-90
-1207
-979
3831
3922052
-161
-79
26
-1261
-1134
3863
3923077
-137
-78
-3
-1300
-1193
4068
3924102
16
-89
2
-1180
-1317
4225
3925127
158
-85
22
-1240
-1097
4003
3926152
202
-68
11
-1224
-641
3843
3927177
-20
-25
13
-1167
-744
3979
3928202
-203
5
33
-1140
-1119
4097
3929227
-104
12
43
-1195
-1253
4063
3930252
110
-11
20
-1189
-1037
4047
3931277
134
-20
15
-1162
-876
4025
3932302
42
-12
28
-1136
-881
4025
3925121
-24
4
31
-1158
-946
4054
3926146
-34
5
28
-1195
-1037
4050
3927171
18
-11
25
-1204
-1027
3995
3928196
86
-27
13
-1192
-918
3982
3929221
54
-29
13
-1140
-906
4012
3930246
-9
-15
20
-1134
-1001
4080
3931271
-56
2
19
-1190
-1059
4014
3932296
28
-4
13
-1159
-992
4006
3933321
30
-3
15
-1168
-929
4003
3934346
-32
19
15
-1157
-982
4055
3935371
-14
27
16
-1157
-979
4082
3936396
-22
29
18
-1228
-978
4027
3937421
13
8
17
-1193
-969
3971
3938446
28
-14
15
-1198
-966
3987
3939471
22
-20
10
-1144
-927
4071
3940496
-33
1
14
-1151
-886
4128
3933312
-72
14
25
-1179
-1067
4031
3934337
8
-3
24
-1173
-1008
3957
3935362
68
-11
11
-1135
-929
4053
3936387
21
-2
23
-1157
-933
4082
3937412
-43
17
16
-1187
-992
4020
3938437
8
8
10
-1163
-987
3990
3939462
-5
-1
17
-1216
-980
3908
3940487
-25
-6
9
-1183
-1023
4002
3941512
34
-10
10
-1137
-931
4104
3942537
7
8
4
-1176
-950
4065
3943562
-29
20
2
-1161
-998
4056
3944587
-7
17
11
-1196
-965
4064
3945612
2
7
10
-1194
-942
4034
3946637
17
-4
6
-1169
-956
4028
3947662
33
-7
2
-1181
-916
4027
3948687
22
-9
-5
-1174
-888
4029
3941503
-11
-10
2
-1174
-946
4052
3942528
-31
-14
6
-1189
-987
3999
3943553
-1
-14
-2
-1176
-1028
4022
3944578
61
-19
-2
-1164
-944
4056
3945603
23
-11
9
-1188
-947
4038
3946628
-20
-7
9
-1204
-974
3994
3947653
1
-10
3
-1191
-1001
3996
3948678
30
-9
-1
-1167
-966
4036
3949703
28
-5
6
-1174
-924
4015
3950728
-10
1
2
-1201
-945
4003
3951753
-12
-7
-11
-1176
-936
3992
3952778
-19
-10
-14
-1184
-952
3993
3953803
-26
-21
-2
-1183
-983
4045
3954828
-12
-32
5
-1144
-948
4053
3955853
-21
-31
1
-1093
-931
4021
3956878
-7
-18
-5
-1065
-999
4119
3949696
47
-1
13
-1116
-1035
4171
3950721
35
20
12
-1159
-1012
4085
3951746
3
17
17
-1184
-1026
3918
3952771
1
-2
34
-1237
-1037
3847
3953796
78
-20
24
-1226
-811
4008
3954821
51
-30
14
-1194
-748
4066
3955846
-52
-27
13
-1185
-901
3991
3956871
-49
-26
6
-1208
-947
3999
3957896
14
-34
3
-1206
-948
4096
3958921
31
-32
7
-1191
-896
4130
3959946
-20
-18
14
-1163
-967
4108
3960971
-23
-8
16
-1125
-998
4082
3961996
9
9
26
-1135
-947
4099
3963021
17
23
32
-1154
-930
4081
3964046
13
30
25
-1165
-935
4004
3965071
-11
37
8
-1135
-970
4013
3957889
-12
48
9
-1130
-964
4011
3958914
-6
56
17
-1196
-938
3991
3959939
-11
55
10
-1202
-970
3971
3960964
12
41
1
-1203
-954
3987
3961989
11
24
-7
-1214
-932
3967
3963014
-2
5
-7
-1190
-886
3957
3964039
-29
-1
-1
-1199
-941
4026
3965064
-31
-6
-5
-1194
-989
4081
3966089
-13
-16
-6
-1208
-973
4035
3967114
7
-29
4
-1211
-932
4033
3968139
4
-33
9
-1192
-905
4084
3969164
-11
-32
6
-1172
-946
4097
3970189
13
-26
11
-1180
-1011
4104
3971214
62
-22
11
-1165
-949
4071
3972239
36
-7
11
-1169
-891
4025
3973264
-17
14
12
-1184
-951
4021
3966079
1
17
3
-1204
-999
4028
3967104
54
10
-6
-1209
-958
4011
3968129
36
4
-11
-1191
-916
3972
3969154
-5
6
-8
-1187
-958
3969
3970179
0
4
-5
-1192
-970
4008
3971204
-10
-4
-5
-1205
-942
3962
3972229
-82
-22
3
-1269
-651
3706
3973254
-345
-2
-17
-1521
-468
3493
3974279
-497
41
-26
-1085
-1120
4185
3975304
149
-21
269
-310
-2043
4823
3976329
729
178
206
-1310
-1477
4935
3977354
500
102
152
-1466
-800
3436
3978379
-117
194
67
-1450
-519
3699
3979404
-640
220
-92
-1072
-660
4399
3980429
-466
130
-173
-1246
-966
4267
3981454
6
31
-249
-1398
-669
3595
3974272
149
-105
-168
-1198
-588
3628
3975297
73
-170
-44
-1103
-1198
4073
3976322
119
-133
-74
-1230
-1064
4209
3977347
97
-94
-77
-1259
-1253
4140
3978372
99
-93
-108
-1266
-834
3819
3979397
-32
-79
-97
-1216
-497
3747
3980422
-315
-50
-39
-1181
-931
3848
3981447
-289
-45
4
-1139
-1309
3996
3982472
-11
-53
35
-1222
-1448
4061
3983497
221
-56
12
-1246
-1096
4169
3984522
168
-27
12
-1189
-876
4186
3985547
-42
18
50
-1222
-886
4081
3986572
-162
38
57
-1230
-1034
3959
3987597
-73
15
45
-1207
-1104
3949
3988622
83
-11
27
-1172
-957
4016
3989647
81
-12
33
-1197
-872
4030
3982464
5
-2
34
-1188
-882
4020
3983489
-58
2
24
-1179
-1012
3987
3984514
-30
-10
23
-1172
-1052
3954
3985539
8
-13
17
-1158
-1065
4021
3986564
59
-15
18
-1141
-934
4082
3987589
-21
2
19
-1203
-941
4025
3988614
-35
1
10
-1189
-985
4028
3989639
-25
-11
7
-1214
-949
4010
3990664
-42
-17
11
-1210
-1071
4026
3991689
42
-26
0
-1136
-1006
4111
3992714
42
-13
6
-1185
-994
4081
3993739
3
-12
10
-1200
-1022
3977
3994764
15
-5
12
-1176
-1016
4026
3995789
54
-2
14
-1149
-950
4044
3996814
10
19
5
-1195
-945
3964
3997839
-13
24
-4
-1178
-916
3922
3990656
-40
23
7
-1245
-963
3878
3991681
-20
14
-3
-1232
-992
3955
3992706
12
4
-13
-1223
-946
4069
3993731
-46
6
-7
-1242
-1011
4106
3994756
-63
-3
5
-1246
-1046
4070
3995781
-4
-22
9
-1200
-1049
4094
3996806
40
-30
17
-1165
-1024
4145
3997831
25
-22
13
-1175
-1044
4111
3998856
64
-19
8
-1123
-992
4075
3999881
95
-9
16
-1116
-946
4004
4000906
58
5
17
-1163
-949
3923
4001931
26
13
-1
-1178
-956
3908
4002956
33
9
-9
-1165
-946
3971
4003981
12
14
-7
-1191
-987
3970
4005006
-10
11
-5
-1235
-972
3932
4006031
-27
-5
-7
-1238
-1021
3923
3998849
-8
-29
-8
-1195
-954
4002
3999874
-34
-22
3
-1187
-1025
4175
4000899
-11
-27
16
-1174
-981
4128
4001924
-21
-28
21
-1214
-974
4011
4002949
9
-26
22
-1147
-920
4090
4003974
12
-23
29
-1174
-872
4054
4004999
-39
-16
26
-1188
-949
4006
4006024
22
-25
15
-1131
-910
3979
4007049
48
-26
8
-1182
-919
3918
4008074
28
-16
-17
-1141
-944
3999
4009099
4
1
-24
-1161
-938
4043
4010124
-57
16
-12
-1199
-1044
4030
4011149
-29
12
-7
-1200
-1039
4013
4012174
3
5
-4
-1218
-1028
4025
4013199
8
-2
-1
-1193
-978
4094
4014224
-27
-4
17
-1211
-991
4084
4007039
-14
-11
28
-1172
-989
4084
4008064
16
-6
29
-1153
-964
4098
4009089
28
2
26
-1147
-919
4064
4010114
15
14
23
-1170
-908
4049
4011139
13
22
23
-1179
-906
4003
4012164
17
20
11
-1206
-914
3955
4013189
7
15
-5
-1196
-949
3948
4014214
15
12
-9
-1203
-972
3984
4015239
13
9
-6
-1206
-996
3989
4016264
-17
12
1
-1198
-1003
4005
4017289
-46
10
8
-1196
-1038
3985
4018314
-7
-4
10
-1178
-1030
4032
4019339
29
-9
16
-1160
-951
4093
4020364
-2
-3
19
-1175
-917
4068
4021389
-32
-5
13
-1183
-943
4012
4022414
-25
-12
6
-1183
-946
4005
4015232
7
-18
3
-1176
-955
4052
4016257
18
-14
-8
-1176
-923
4061
4017282
-10
-3
-14
-1195
-955
4033
4018307
-16
-7
-11
-1196
-991
3983
4019332
5
-11
-7
-1211
-985
3989
4020357
32
-14
-3
-1203
-998
4043
4021382
11
-7
-3
-1216
-977
4040
4022407
-10
-1
-3
-1198
-974
4023
4023432
-7
0
7
-1196
-989
4008
4024457
7
2
9
-1184
-978
4022
4025482
8
8
2
-1192
-941
4055
4026507
-19
8
-1
-1205
-936
4032
4027532
-38
2
4
-1210
-933
3993
4028557
-51
-8
19
-1190
-1000
3992
4029582
12
-15
13
-1162
-973
4046
4030607
24
-9
8
-1182
-953
4046
4023627
-23
1
4
-1192
-941
4023
4024652
-22
6
9
-1195
-961
3981
4025677
24
1
5
-1191
-975
3999
4026702
2
5
-5
-1191
-938
4029
4027727
-36
8
-7
-1217
-1005
3994
4028752
6
0
-1
-1217
-1011
3977
4029777
49
-8
-2
-1197
-927
3980
4030802
22
-6
-23
-1158
-877
4032
4031827
-24
20
-38
-1113
-798
4139
4032852
-54
32
38
-1216
-1268
4100
4033877
43
6
74
-1298
-1269
3999
4034902
65
-35
56
-1329
-652
3755
4035927
-182
-57
57
-1447
-249
3591
4036952
-321
-15
62
-1025
-1363
4259
4037977
372
-75
303
-501
-2449
4814
4039002
948
49
130
-1477
-530
4611
4031616
164
84
29
-1395
-343
3602
4032641
-488
101
100
-1298
-822
3506
4033666
-418
93
28
-1150
-795
4059
4034691
-120
41
-36
-1145
-961
4269
4035716
129
-22
-115
-1238
-874
3834
4036741
201
-62
-148
-1186
-536
3756
4037766
-32
-63
-55
-1088
-720
3946
4038791
-179
-41
42
-1146
-1354
4010
4039816
-1
-45
25
-1275
-1495
4012
4040841
189
-58
-45
-1237
-929
4072
4041866
90
-24
-44
-1185
-678
4134
4042891
-81
32
-25
-1187
-754
4185
4043916
-187
56
-16
-1247
-1025
4073
4044941
-114
28
-26
-1258
-1099
3907
4045966
72
-14
-36
-1206
-963
3945
4046991
145
-21
-17
-1165
-837
4097
4039808
85
0
-1
-1194
-845
4134
4040833
-14
12
7
-1235
-1034
4014
4041858
22
-9
3
-1218
-956
3965
4042883
26
-24
5
-1236
-945
3943
4043908
72
-37
0
-1203
-932
4034
4044933
98
-38
-12
-1179
-826
4100
4045958
-4
-24
-11
-1171
-939
4040
4046983
-60
-22
4
-1159
-984
3990
4048008
-64
-13
12
-1179
-987
4003
4049033
14
-22
10
-1149
-923
4038
4050058
40
-25
6
-1199
-853
4035
4051083
-21
-22
0
-1194
-891
4020
4052108
-28
-24
5
-1205
-875
4008
4053133
-15
-24
2
-1214
-927
4009
4054158
18
-32
-11
-1206
-876
4049
4055183
-7
-30
-18
-1205
-907
4072
4048001
7
-30
-15
-1170
-901
4082
4049026
8
-12
-7
-1183
-954
4112
4050051
22
4
-9
-1195
-925
4074
4051076
6
16
-17
-1191
-946
4031
4052101
-1
23
-10
-1166
-979
4101
4053126
7
26
5
-1171
-949
4077
4054151
6
23
17
-1198
-987
3980
4055176
-2
16
13
-1204
-909
3994
4056201
-12
12
5
-1174
-858
4041
4057226
-35
8
21
-1197
-936
4012
4058251
-30
4
24
-1198
-963
4000
4059276
20
-19
22
-1201
-988
3934
4060301
59
-19
12
-1164
-857
4027
4061326
19
-4
6
-1160
-756
4075
4062351
-61
11
7
-1204
-890
4049
4063376
-33
8
-2
-1212
-964
4006
4056191
32
-4
-7
-1217
-902
3990
4057216
20
-7
-5
-1193
-931
4019
4058241
3
0
1
-1170
-931
4089
4059266
-15
13
-5
-1172
-948
4122
4060291
-3
24
-3
-1184
-990
4061
4061316
14
26
3
-1208
-947
4031
4062341
7
20
8
-1177
-911
4027
4063366
13
13
11
-1170
-906
4025
4064391
-7
18
1
-1192
-906
4029
4065416
-3
16
-10
-1191
-922
4046
4066441
41
7
-10
-1197
-864
4061
4067466
24
6
-11
-1194
-888
4022
4068491
-18
2
-9
-1225
-920
3968
4069516
-17
-11
-10
-1225
-982
4000
4070541
39
-27
0
-1178
-948
4049
4071566
16
-20
8
-1191
-912
4051
4064385
-6
-9
8
-1197
-947
4030
4065410
18
-7
5
-1219
-920
4014
4066435
28
-7
-1
-1201
-903
4039
4067460
-2
-4
-5
-1212
-924
3989
4068485
-5
-1
0
-1207
-971
4000
4069510
17
0
4
-1200
-904
4075
4070535
-4
2
9
-1218
-885
4022
4071560
-14
-7
6
-1212
-951
3937
4072585
35
-15
4
-1177
-890
4039
4073610
19
-5
12
-1182
-834
4115
4074635
-37
12
13
-1210
-937
4095
4075660
-12
7
10
-1220
-934
4017
4076685
16
0
2
-1208
-897
3988
4077710
22
4
-2
-1195
-881
4028
4078735
3
7
3
-1199
-907
4064
4079760
-37
8
5
-1201
-958
4024
4072576
-8
2
1
-1207
-971
4021
4073601
52
-5
-2
-1190
-911
4037
4074626
37
-4
8
-1191
-869
4056
4075651
-21
1
13
-1195
-891
4052
4076676
-24
1
5
-1181
-881
4034
4077701
3
-3
-1
-1201
-893
4032
4078726
19
-7
-4
-1198
-885
4062
4079751
13
-8
-1
-1206
-872
4050
4080776
5
-7
0
-1213
-907
4024
4081801
15
-4
-8
-1204
-886
4015
4082826
5
2
-4
-1218
-907
4031
4083851
-5
-4
7
-1217
-937
4003
4084876
1
-5
8
-1218
-919
4010
4085901
27
-4
10
-1195
-905
4063
4086926
5
11
6
-1208
-874
4061
4087951
-28
20
6
-1225
-920
4008
4080769
-15
15
10
-1219
-919
3966
4081794
1
3
7
-1192
-884
3983
4082819
-8
2
4
-1199
-905
4038
4083844
-15
-6
9
-1200
-909
4073
4084869
-24
-12
18
-1212
-925
4025
4085894
0
-15
18
-1205
-909
4033
4086919
2
-11
12
-1179
-864
4093
4087944
-26
-2
23
-1208
-904
4097
4088969
-12
0
22
-1214
-933
4039
4089994
32
2
9
-1193
-898
4012
4091019
32
10
-2
-1200
-859
4017
4092044
-21
24
-2
-1231
-882
4039
4093069
-35
19
4
-1227
-940
4000
4094094
4
9
9
-1238
-959
3969
4095119
30
2
1
-1226
-914
3984
4096144
16
1
1
-1196
-874
4072
4088960
-19
8
15
-1214
-885
4087
4089985
-38
13
16
-1239
-935
3992
4091010
25
12
1
-1191
-951
4020
4092035
53
26
-12
-1164
-888
4042
4093060
-37
58
-22
-1191
-886
3991
4094085
-70
71
-19
-1232
-908
3948
4095110
-36
67
-12
-1251
-939
4002
4096135
9
51
-14
-1268
-886
4047
4097160
-15
38
-18
-1300
-850
4017
4098185
-51
15
-10
-1297
-874
3942
4099210
-43
-13
-2
-1270
-955
3976
4100235
15
-12
8
-1228
-936
4126
4101260
21
4
4
-1293
-861
4103
4102285
-25
4
-23
-1308
-842
3922
4103310
-64
-10
-28
-1244
-924
3811
4104335
-13
-17
12
-1188
-1017
4166
4097153
-50
15
28
-1342
-832
4205
4098178
-359
74
-56
-1488
-291
4050
4099203
-672
63
-26
-1263
-1174
3653
4100228
-14
-29
244
-780
-2510
4103
4101253
1113
-90
188
-1201
-1224
4571
4102278
934
-25
53
-1453
-227
4232
4103303
5
11
62
-1222
-408
3819
4104328
-493
86
1
-1287
-656
3801
4105353
-384
45
-79
-1171
-781
3995
4106378
-203
10
-135
-1110
-766
3959
4107403
-184
-1
-118
-1188
-769
3905
4108428
-229
-21
-52
-1188
-924
3941
4109453
-217
-27
1
-1255
-1316
3964
4110478
-117
-22
-2
-1304
-1324
3972
4111503
-47
-15
-12
-1319
-1126
3974
4112528
-14
-17
-17
-1258
-955
3988
4105344
4
-14
14
-1284
-965
3999
4106369
0
-3
30
-1312
-1061
4021
4107394
37
-18
21
-1310
-1050
3972
4108419
74
-30
5
-1280
-930
4028
4109444
42
-19
16
-1236
-864
4105
4110469
-49
-2
28
-1269
-979
4033
4111494
-1
-12
13
-1243
-978
4000
4112519
13
-30
5
-1255
-927
3919
4113544
-4
-25
8
-1222
-992
4022
4114569
43
-22
14
-1238
-931
4044
4115594
22
-14
0
-1284
-1021
4000
4116619
40
-22
-15
-1216
-953
3972
4117644
12
-6
-11
-1235
-932
4002
4118669
-34
5
-1
-1244
-1034
4000
4119694
-36
11
-10
-1282
-1052
3981
4120719
10
-10
-10
-1265
-1010
3950
4113536
2
-15
5
-1244
-997
4004
4114561
-15
-20
15
-1206
-948
4031
4115586
-36
-6
16
-1230
-1006
4051
4116611
4
-5
8
-1221
-975
4026
4117636
36
-12
10
-1238
-943
3998
4118661
35
-18
5
-1242
-929
3953
4119686
24
-12
-6
-1215
-873
4022
4120711
-42
5
1
-1237
-1007
4047
4121736
-34
2
2
-1262
-1091
4004
4122761
34
-9
-2
-1259
-995
3960
4123786
26
-10
-4
-1246
-947
3953
4124811
-23
-5
5
-1233
-992
4024
4125836
-35
-1
16
-1223
-1002
4102
4126861
-20
-6
25
-1235
-1023
4036
4127886
24
-11
25
-1235
-982
3987
4128911
21
-10
19
-1224
-905
4003
4121728
-15
-13
19
-1220
-913
3984
4122753
-28
-9
17
-1224
-999
4037
4123778
22
2
11
-1208
-988
4124
4124803
16
11
4
-1265
-974
4006
4125828
12
5
-2
-1248
-925
3954
4126853
-27
-3
5
-1242
-971
3927
4127878
7
-8
8
-1207
-1036
4029
4128903
52
-5
4
-1226
-973
4053
4129928
9
17
-6
-1238
-959
4063
4130953
-8
14
4
-1243
-995
3957
4131978
-4
-2
20
-1265
-1046
3890
4133003
29
-16
12
-1237
-968
3964
4134028
19
-9
-3
-1260
-913
4058
4135053
-31
-7
-8
-1237
-966
4047
4136078
-25
-13
0
-1236
-948
4003
4137103
-24
-17
5
-1234
-1000
3995
4129920
9
-11
-3
-1217
-988
4049
4130945
30
-3
-1
-1232
-954
4096
4131970
-15
7
11
-1261
-985
4037
4132995
-10
4
16
-1251
-960
3956
4134020
26
4
13
-1245
-969
4009
4135045
16
9
3
-1242
-959
4017
4136070
-19
16
1
-1262
-991
4000
4137095
-7
8
9
-1252
-991
3978
4138120
26
-6
18
-1247
-994
3966
4139145
19
2
10
-1217
-978
4056
4140170
-12
10
3
-1227
-965
4005
4141195
-33
9
9
-1232
-981
3990
4142220
-11
-1
14
-1218
-944
3989
4143245
23
-12
12
-1240
-959
4039
4144270
29
-10
-5
-1225
-907
4059
4145295
-9
-3
-8
-1237
-921
4005
4138112
-23
-7
-1
-1250
-975
3976
4139137
-1
-15
0
-1262
-1017
3992
4140162
52
-16
-10
-1241
-984
4031
4141187
34
-6
-13
-1258
-925
4020
4142212
-32
-6
-2
-1243
-993
3968
4143237
-29
-5
17
-1249
-1043
4014
4144262
21
-2
19
-1247
-1001
4018
4145287
51
-2
7
-1266
-945
4014
4146312
16
-2
5
-1250
-887
3988
4147337
-28
-3
9
-1215
-942
3979
4148362
-17
-3
7
-1225
-960
3991
4149387
-14
0
-3
-1253
-978
4015
4150412
-9
-7
-8
-1265
-977
4019
4151437
19
-19
-3
-1243
-951
4016
4152462
6
-19
6
-1233
-949
4027
4153487
-24
-9
9
-1230
-987
4030
4146303
-9
-3
5
-1251
-998
4030
4147328
25
-1
9
-1248
-954
4051
4148353
21
4
16
-1249
-916
4016
4149378
-14
10
9
-1260
-938
3959
4150403
-28
11
-4
-1236
-961
3973
4151428
-7
11
-3
-1227
-962
4035
4152453
-4
5
10
-1273
-987
3992
4153478
-11
-4
5
-1263
-966
3937
4154503
2
-12
-4
-1220
-968
3986
4155528
2
-3
0
-1207
-958
4084
4156553
-31
10
6
-1242
-962
4081
4157578
-32
6
9
-1238
-977
3975
4158603
1
-1
2
-1244
-923
3962
4159628
25
-12
-13
-1249
-922
4005
4160653
12
-20
-29
-1264
-923
4041
4161678
-60
-14
-16
-1248
-951
4006
4154496
-103
4
-24
-1318
-716
3768
4155521
-226
8
-29
-1427
-563
3572
4156546
-488
47
-100
-1456
-634
3589
4157571
-492
140
75
-724
-1764
5314
4158596
-62
104
257
-959
-2422
5156
4159621
264
160
-69
-1569
-944
3841
4160646
-176
107
-58
-1585
-376
2982
4161671
-820
109
-35
-1314
-804
3214
4162696
-788
59
-91
-1001
-1114
4200
4163721
-325
-6
-138
-1004
-1310
4389
4164746
213
-43
-160
-1309
-1438
3810
4165771
241
-78
-128
-1335
-1017
3614
4166796
-65
-101
4
-1182
-1384
3926
4167821
-61
-100
39
-1359
-1440
3953
4168846
52
-113
10
-1383
-1268
3961
4169871
22
-135
24
-1258
-1336
3841
4162688
99
-135
57
-1243
-1262
3827
4163713
174
-114
49
-1216
-1008
3946
4164738
74
-64
39
-1217
-1138
4053
4165763
13
-32
33
-1231
-1254
4030
4166788
73
-16
15
-1239
-1165
4011
4167813
75
-5
2
-1226
-1061
4000
4168838
18
6
13
-1218
-1130
4006
4169863
-6
14
24
-1246
-1201
4012
4170888
23
2
24
-1261
-1164
3997
4171913
33
-9
26
-1254
-1173
4008
4172938
58
-14
32
-1221
-1138
4033
4173963
71
-18
32
-1225
-1103
3977
4174988
49
-24
33
-1242
-1123
3928
4176013
32
-29
25
-1206
-1137
3967
4177038
40
-21
23
-1191
-1123
4033
4178063
76
-9
14
-1186
-1087
4023
4170879
74
0
7
-1219
-1088
3988
4171904
-3
3
11
-1262
-1133
3905
4172929
-17
1
13
-1247
-1143
3944
4173954
21
-5
12
-1218
-1095
4007
4174979
18
-7
15
-1220
-1114
3969
4176004
5
-5
15
-1223
-1113
3926
4177029
9
-6
14
-1233
-1115
3916
4178054
7
-9
12
-1251
-1105
3917
4179079
10
-10
5
-1213
-1116
3993
4180104
19
-6
3
-1206
-1094
4025
4181129
-3
5
-4
-1240
-1077
4018
4182154
-43
7
-8
-1243
-1102
3961
4183179
-25
-5
-2
-1214
-1133
3969
4184204
-3
-7
11
-1203
-1138
4015
4185229
9
0
9
-1216
-1080
4041
4186254
-19
3
7
-1245
-1102
3996
4179072
-14
-8
7
-1219
-1092
3906
4180097
18
-9
5
-1201
-1102
3952
4181122
23
-3
-4
-1207
-1101
3996
4182147
-5
9
-16
-1243
-1108
3981
4183172
-12
8
-12
-1249
-1147
3978
4184197
-8
-4
-1
-1241
-1131
3934
4185222
-15
-9
1
-1236
-1166
3912
4186247
23
-5
-7
-1203
-1145
4047
4187272
13
6
-1
-1228
-1077
4069
4188297
-33
10
12
-1250
-1112
3991
4189322
-21
-1
14
-1240
-1127
3907
4190347
54
-8
0
-1213
-1066
3993
4191372
51
-3
-9
-1206
-1029
4066
4192397
-39
9
-2
-1244
-1090
3970
4193422
-50
6
3
-1242
-1182
3905
4194447
50
-6
0
-1210
-1147
3957
4187264
73
0
-8
-1212
-1039
4002
4188289
-17
9
-5
-1209
-1090
3987
4189314
-54
9
6
-1249
-1174
3913
4190339
24
-5
5
-1225
-1174
3939
4191364
45
-4
3
-1228
-1100
4023
4192389
-22
4
1
-1240
-1073
4015
4193414
-53
3
5
-1242
-1104
3932
4194439
-20
-7
11
-1237
-1154
3927
4195464
20
-10
-3
-1225
-1124
4044
4196489
4
-6
-9
-1241
-1086
4072
4197514
-51
0
-2
-1225
-1127
3998
4198539
-39
6
13
-1229
-1155
3962
4199564
17
9
16
-1231
-1139
4008
4200589
34
16
10
-1225
-1086
4019
4201614
-6
24
15
-1240
-1057
3951
4202639
-25
21
23
-1269
-1077
3853
4195456
3
5
14
-1275
-1096
3893
4196481
28
-3
-3
-1256
-1084
3961
4197506
7
1
-1
-1256
-1090
3969
4198531
-17
10
7
-1272
-1120
3980
4199556
-16
8
9
-1270
-1159
3975
4200581
16
0
7
-1214
-1177
3998
4201606
47
6
14
-1225
-1124
3990
4202631
10
10
22
-1239
-1078
4011
4203656
-49
22
15
-1214
-1052
4067
4204681
-86
33
5
-1251
-1109
4011
4205706
-76
25
1
-1249
-1155
3946
4206731
-45
25
0
-1228
-1155
3924
4207756
-7
22
-7
-1260
-1086
3929
4208781
-39
24
-15
-1281
-1074
3976
4209806
-88
29
-2
-1323
-1148
3961
4210831
-78
15
2
-1330
-1196
3843
4203648
-39
-14
2
-1289
-1197
3778
4204673
-75
-40
27
-1313
-930
3637
4205698
-237
-37
47
-1405
-627
3724
4206723
-524
36
35
-1305
-1595
4233
4207748
-116
-33
272
-593
-2706
4494
4208773
819
4
137
-1426
-1075
4320
4209798
535
24
-31
-1475
-250
3779
4210823
-253
32
31
-1185
-747
3566
4211848
-530
89
-4
-1223
-1094
3849
4212873
-408
64
-85
-1143
-1381
4451
4213898
-289
68
-159
-1158
-1109
4187
4214923
-286
70
-130
-1293
-1039
3798
4215948
-334
18
-28
-1286
-1314
3798
4216973
-249
-27
7
-1364
-1425
3738
4217998
-45
-52
-5
-1333
-1437
3856
4219023
63
-48
-17
-1272
-1486
3906
4211841
164
-37
-27
-1307
-1199
3797
4212866
127
-29
9
-1301
-1201
3783
4213891
71
-23
48
-1293
-1427
3920
4214916
128
-22
35
-1318
-1368
3970
4215941
201
-30
-6
-1264
-1179
3952
4216966
121
-12
3
-1244
-1187
3932
4217991
35
-8
30
-1267
-1191
3913
4219016
4
2
33
-1264
-1278
3966
4220041
102
-6
18
-1241
-1208
3998
4221066
82
-2
19
-1307
-1220
3943
4222091
85
-10
8
-1279
-1177
3911
4223116
43
-11
16
-1297
-1142
3907
4224141
-17
-4
16
-1279
-1222
3960
4225166
30
-9
-3
-1267
-1143
3937
4226191
6
-6
-4
-1281
-1199
3918
4227216
-13
-6
3
-1269
-1195
3922
4220032
-23
2
10
-1296
-1262
3949
4221057
62
-18
10
-1248
-1213
3962
4222082
37
-3
11
-1280
-1209
4012
4223107
8
10
4
-1238
-1207
3970
4224132
18
7
14
-1274
-1179
3894
4225157
-3
5
17
-1288
-1230
3948
4226182
25
-8
7
-1260
-1168
3966
4227207
27
-12
0
-1275
-1157
3948
4228232
10
-14
5
-1273
-1192
3950
4229257
5
-12
9
-1269
-1203
3952
4230282
47
-17
9
-1252
-1178
3974
4231307
74
-14
8
-1262
-1144
3976
4232332
46
-4
3
-1282
-1143
3976
4233357
20
3
6
-1276
-1165
3932
4234382
22
5
10
-1273
-1183
3914
4235407
23
3
7
-1276
-1178
3897
4228224
15
1
6
-1278
-1186
3918
4229249
26
-6
4
-1280
-1159
3936
4230274
38
-16
9
-1262
-1167
3929
4231299
26
-19
8
-1248
-1154
3938
4232324
-3
-17
8
-1246
-1161
3951
4233349
-16
-11
8
-1246
-1176
4018
4234374
-26
-5
6
-1251
-1103
3996
4235399
-55
2
1
-1261
-1133
3955
4236424
-25
-1
-4
-1265
-1160
3981
4237449
-6
-5
-8
-1259
-1138
3979
4238474
-5
-3
-8
-1269
-1166
3946
4239499
0
-6
-5
-1297
-1226
3915
4240524
42
-11
-11
-1272
-1181
3975
4241549
40
-6
-6
-1269
-1119
4001
4242574
-18
-2
5
-1274
-1183
3935
4243599
-25
-10
10
-1284
-1218
3885
4236581
22
-17
16
-1274
-1198
3936
4237606
51
-16
21
-1266
-1153
4001
4238631
29
-9
13
-1265
-1112
3968
4239656
1
-2
3
-1257
-1109
3908
4240681
-3
-1
-2
-1251
-1137
3918
4241706
7
1
-4
-1278
-1156
3997
4242731
11
2
-6
-1265
-1163
4025
4243756
-15
4
4
-1297
-1167
3955
4244781
-18
-6
12
-1280
-1177
3920
4245806
19
-13
15
-1254
-1170
3971
4246831
39
-7
11
-1235
-1135
4002
4247856
18
11
7
-1245
-1112
4003
4248881
-22
23
11
-1275
-1141
3941
4249906
-22
16
15
-1284
-1150
3887
4250931
22
3
8
-1274
-1152
3913
4251956
50
-4
-2
-1259
-1101
3960
4244609
-9
0
3
-1280
-1132
3968
4245634
-50
-1
16
-1272
-1190
3961
4246659
-9
-6
22
-1264
-1203
3955
4247684
38
-10
13
-1258
-1144
3959
4248709
9
-1
6
-1257
-1123
3983
4249734
-13
9
6
-1259
-1096
4005
4250759
-5
8
7
-1278
-1120
3951
4251784
-4
1
3
-1270
-1148
3918
4252809
11
-1
-6
-1259
-1142
3968
4253834
28
2
-7
-1276
-1118
3981
4254859
8
4
2
-1288
-1162
3948
4255884
1
1
5
-1294
-1179
3896
4256909
11
-6
4
-1283
-1159
3922
4257934
7
-4
9
-1247
-1144
4004
4258959
-7
3
20
-1289
-1125
3935
4259984
-11
-3
21
-1304
-1162
3834
4252800
27
-5
10
-1266
-1137
3921
4253825
50
-1
2
-1231
-1109
4069
4254850
-3
19
-2
-1261
-1070
4062
4255875
-80
35
1
-1297
-1168
3895
4256900
-20
19
3
-1308
-1205
3846
4257925
86
-9
-8
-1268
-1082
4024
4258950
38
-9
-9
-1284
-1069
4024
4259975
-44
-5
7
-1304
-1162
3971
4261000
-43
-11
23
-1299
-1177
3963
4262025
-51
-14
25
-1410
-1020
3922
4263050
-212
-32
-21
-1480
-689
3866
4264075
-294
-62
66
-994
-1511
3997
4265100
605
-161
337
-679
-2221
4403
4266125
844
54
114
-1659
-742
4366
4267150
36
29
137
-1410
-908
3363
4268175
-445
100
111
-1345
-980
3324
4260991
-479
151
8
-1249
-958
3954
4262016
-237
132
-5
-1035
-1183
4749
4263041
190
67
-13
-1280
-1299
4122
4264066
451
-11
-74
-1490
-821
3622
4265091
132
-68
-34
-1259
-905
3658
4266116
-147
-79
84
-1342
-1191
3814
4267141
-109
-73
44
-1393
-1217
4013
4268166
20
-92
-20
-1281
-1225
3896
4269191
126
-76
-51
-1285
-934
3878
4270216
37
-35
-47
-1234
-855
4054
4271241
-84
2
-25
-1255
-1084
4107
4272266
-64
12
-43
-1321
-1270
4027
4273291
-20
15
-72
-1315
-1186
3946
4274316
47
13
-69
-1257
-1039
4013
4275341
28
8
-29
-1274
-1051
4025
4276366
-28
19
-11
-1306
-1184
4027
4269184
30
-3
-9
-1295
-1151
3990
4270209
24
-21
1
-1315
-1092
3892
4271234
17
-30
8
-1300
-1069
3936
4272259
18
-21
1
-1287
-1008
3973
4273284
10
-19
-3
-1299
-1117
3936
4274309
17
-17
-11
-1293
-1070
3964
4275334
4
-15
-7
-1259
-1112
3994
4276359
14
-7
6
-1279
-1139
3978
4277384
23
6
4
-1280
-1058
3971
4278409
-10
20
11
-1285
-1077
3964
4279434
-31
17
19
-1295
-1108
3942
4280459
-6
13
19
-1294
-1102
3963
4281484
6
6
18
-1287
-1106
3930
4282509
4
2
9
-1292
-1069
3902
4283534
0
-1
5
-1278
-1063
3957
4284559
-10
-4
13
-1272
-1106
3990
4277376
-13
-12
7
-1264
-1113
3948
4278401
-2
-10
-4
-1241
-1121
3985
4279426
0
-2
-2
-1249
-1057
4011
4280451
-42
6
5
-1282
-1085
3976
4281476
-19
-10
4
-1266
-1097
3952
4282501
29
-21
-8
-1253
-1062
3996
4283526
19
-17
-19
-1258
-1037
3990
4284551
-12
-10
-19
-1277
-1094
3967
4285576
-6
-11
-18
-1265
-1108
3968
4286601
2
-15
-20
-1266
-1135
3932
4287626
3
-9
-27
-1267
-1131
3929
4288651
0
-7
-35
-1282
-1097
3959
4289676
-21
-10
-27
-1269
-1108
3969
4290701
-40
-16
-8
-1284
-1106
3929
4291726
-20
-25
-3
-1292
-1136
3947
4292751
27
-33
-12
-1274
-1065
3991
4285568
11
-27
-11
-1283
-1055
4022
4286593
-20
-19
-10
-1275
-1100
4013
4287618
-6
-19
-5
-1256
-1096
3986
4288643
1
-10
-7
-1282
-1108
4000
4289668
14
-7
-13
-1286
-1073
4036
4290693
-6
-4
-4
-1295
-1091
4038
4291718
-7
-13
6
-1274
-1134
3966
4292743
31
-18
6
-1251
-1122
3995
4293768
45
-11
7
-1232
-1079
4017
4294793
23
1
8
-1264
-1071
3954
4295818
8
4
3
-1261
-1055
3938
4296843
-11
11
-2
-1267
-1081
3965
4297868
8
5
-4
-1261
-1110
3939
4298893
24
-4
0
-1281
-1119
3931
4299918
18
-9
2
-1262
-1080
3941
4300943
2
-9
3
-1254
-1113
3969
4293760
-7
-2
5
-1252
-1119
4009
4294785
-13
4
12
-1269
-1119
4002
4295810
-11
-1
14
-1270
-1100
3940
4296835
14
-10
10
-1258
-1071
3951
4297860
44
-7
4
-1234
-1050
4045
4298885
15
4
-3
-1252
-1017
4035
4299910
-37
10
-3
-1267
-1075
3954
4300935
11
-3
0
-1268
-1092
3967
4301960
79
-15
-8
-1281
-1028
4024
4302985
53
-7
-19
-1275
-1022
4038
4304010
9
6
-17
-1260
-1099
4012
4305035
27
11
-7
-1246
-1138
3965
4306060
50
7
2
-1260
-1113
3924
4307085
6
14
6
-1283
-1095
3953
4308110
-4
12
11
-1284
-1085
3952
4309135
20
1
14
-1267
-1070
3943
4301952
10
-12
11
-1252
-1069
3888
4302977
-1
-24
10
-1248
-1098
3905
4304002
2
-27
11
-1243
-1074
4002
4305027
-24
-17
8
-1257
-1055
4021
4306052
-31
-14
8
-1236
-1117
3989
4307077
8
-15
11
-1255
-1094
3999
4308102
22
-8
7
-1247
-1038
4048
4309127
4
9
-1
-1261
-1035
4015
4310152
-11
20
-4
-1278
-1066
3959
4311177
-15
23
-1
-1273
-1099
3944
4312202
7
20
3
-1295
-1092
3964
4313227
22
19
2
-1292
-1067
3956
4314252
2
17
1
-1292
-1065
3923
4315277
-18
12
9
-1289
-1103
3899
4316302
5
-6
15
-1278
-1094
3894
4317327
36
-15
-1
-1243
-986
3940
4310145
13
-3
-11
-1195
-1037
4059
4311170
-14
25
-4
-1220
-1106
4059
4312195
-21
37
-6
-1295
-1081
4012
4313220
-25
28
-7
-1293
-1044
3994
4314245
-10
16
-13
-1288
-1033
3967
4315270
18
9
-14
-1276
-1008
4033
4316295
-32
-8
11
-1312
-1112
3958
4317320
-83
-27
26
-1360
-1009
3771
4318345
-82
-19
-6
-1426
-562
3918
4319370
-335
50
-1
-1436
-1100
4059
4320395
-67
-20
113
-829
-2038
3923
4321420
830
-110
211
-1168
-1428
4370
4322445
305
66
36
-1440
-433
4161
4323470
-300
50
139
-1252
-998
3490
4324495
-291
103
75
-1282
-1115
3673
4325520
-144
94
-14
-1202
-1175
4237
4318336
23
89
-65
-1175
-1079
4401
4319361
55
72
-76
-1408
-927
3889
4320386
-71
23
-45
-1443
-790
3694
4321411
-237
-38
14
-1260
-1160
3829
4322436
-60
-67
55
-1374
-1393
4005
4323461
99
-67
0
-1398
-1160
3988
4324486
141
-57
-26
-1305
-1001
3937
4325511
64
-40
-16
-1289
-903
3911
4326536
-83
-9
-1
-1286
-1003
3962
4327561
-120
9
-8
-1301
-1208
3910
4328586
-3
9
-38
-1257
-1125
3941
4329611
60
7
-30
-1254
-1087
3975
4330636
-9
24
-7
-1340
-1134
4001
4331661
1
11
-2
-1289
-1168
4013
4332686
22
-10
13
-1309
-1089
3936
4333711
-19
-5
12
-1305
-1060
3969
4326528
11
-15
13
-1253
-1045
4007
4327553
11
-16
27
-1334
-1129
3970
4328578
29
-24
5
-1287
-1036
3965
4329603
15
-17
0
-1290
-986
3989
4330628
-21
-7
2
-1296
-1081
3990
4331653
-7
-12
0
-1302
-1052
3937
4332678
-48
-15
5
-1318
-1124
3879
4333703
-9
-22
6
-1294
-1124
3936
4334728
29
-20
7
-1286
-1097
3968
4335753
22
-4
10
-1267
-1085
4029
4336778
-16
6
27
-1314
-1136
3970
4337803
-12
2
20
-1326
-1095
3919
4338828
10
-7
10
-1321
-1051
3928
4339853
1
-10
13
-1300
-1070
3958
4340878
23
-12
9
-1292
-1037
3981
4341903
23
-19
-3
-1284
-1039
3958
4334721
11
-19
-10
-1275
-1053
3985
4335746
-19
-12
-3
-1293
-1079
4009
4336771
-30
-11
12
-1290
-1123
4008
4337796
14
-23
15
-1275
-1122
3979
4338821
48
-21
9
-1267
-1069
3992
4339846
35
-7
2
-1256
-1013
4003
4340871
-15
12
6
-1309
-1052
3974
4341896
-22
15
0
-1299
-1078
3918
4342921
8
1
-6
-1280
-1094
3890
4343946
10
0
-12
-1274
-1114
3972
4344971
1
4
-9
-1288
-1055
3975
4345996
-25
1
0
-1298
-1118
3949
4347021
-22
-7
8
-1281
-1119
3944
4348046
6
-10
6
-1275
-1078
3960
4349071
17
-14
2
-1267
-1037
3978
4350096
-26
-4
0
-1286
-1044
3987
4342912
-19
-4
-4
-1291
-1078
3976
4343937
19
-10
-8
-1290
-1055
3979
4344962
12
-8
-13
-1281
-1026
3991
4345987
-22
3
-8
-1298
-1092
3976
4347012
-26
5
-11
-1311
-1086
3947
4348037
3
0
-3
-1306
-1108
3959
4349062
13
-6
13
-1317
-1091
3971
4350087
-26
-5
17
-1294
-1085
3961
4351112
-50
6
37
-1300
-1140
3985
4352137
4
14
57
-1315
-1161
4006
4353162
45
22
61
-1332
-1136
4008
4354187
31
28
45
-1311
-1018
3998
4355212
-5
30
36
-1299
-1006
3927
4356237
11
23
31
-1298
-1018
3917
4357262
36
8
17
-1305
-1037
3960
4358287
26
-6
0
-1289
-1040
3952
4351103
10
-13
-2
-1278
-1043
3970
4352128
3
-21
4
-1266
-1061
3968
4353153
1
-16
-1
-1261
-1082
3986
4354178
11
-11
-1
-1270
-1086
3986
4355203
17
-10
-2
-1278
-1065
3963
4356228
7
-1
-2
-1288
-1083
3950
4357253
2
12
-5
-1303
-1069
3974
4358278
-10
20
-8
-1331
-1079
3963
4359303
-12
15
-5
-1331
-1087
3944
4360328
-6
5
2
-1319
-1074
3917
4361353
-12
-5
8
-1304
-1092
3911
4362378
-25
-6
11
-1302
-1099
3931
4363403
-14
-6
17
-1296
-1070
4013
4364428
-16
-3
19
-1303
-1053
4003
4365453
-1
-1
9
-1286
-1014
3966
4366478
2
0
1
-1303
-1018
3962
4359296
-1
0
-4
-1302
-1032
4000
4360321
8
1
-5
-1302
-1069
3995
4361346
23
1
-5
-1315
-1075
3963
4362371
30
2
-17
-1307
-1059
3970
4363396
21
0
-11
-1324
-1075
3941
4364421
18
-5
-6
-1320
-1114
3916
4365446
21
-9
-3
-1288
-1089
3913
4366471
-3
-8
3
-1316
-1077
3873
4367496
-35
-22
1
-1303
-1064
3925
4368521
-26
-5
-14
-1313
-1110
4009
4369546
3
5
-4
-1317
-1080
4061
4370571
28
20
18
-1316
-1092
4073
4371596
77
40
42
-1479
-1047
4071
4372621
-255
72
-89
-1466
-371
4209
4373646
-504
6
31
-1342
-1592
3740
4374671
490
-215
161
-780
-2049
3449
4367489
1146
-139
37
-1483
-517
4306
4368514
319
-118
77
-1274
-620
3933
4369539
-307
-22
74
-1219
-871
3921
4370564
-429
47
-31
-1276
-956
3950
4371589
-344
50
-100
-1158
-940
4035
4372614
-241
62
-94
-1161
-924
4062
4373639
-119
73
-68
-1300
-1010
4125
4374664
-76
51
-34
-1292
-1246
4087
4375689
-72
48
7
-1382
-1298
3994
4376714
-107
36
-4
-1416
-1121
3888
4377739
-87
-1
-12
-1381
-1061
3834
4378764
-41
-21
-22
-1307
-1018
3856
4379789
-21
-32
-4
-1245
-1102
3941
4380814
-33
-23
21
-1308
-1275
3969
4381839
56
-27
17
-1300
-1155
3978
4382864
93
-14
3
-1296
-1024
3988
4375742
19
4
-2
-1313
-1057
3956
4376767
-20
2
-4
-1281
-1107
3943
4377792
1
-9
5
-1270
-1173
3933
4378817
40
-19
8
-1302
-1137
3917
4379842
66
-22
-2
-1313
-1037
3925
4380867
8
-24
-3
-1323
-1026
3901
4381892
-31
-34
5
-1295
-1134
3900
4382917
-15
-32
6
-1290
-1117
3961
4383942
10
-28
3
-1269
-1136
3998
4384967
25
-24
4
-1295
-1075
3963
4385992
-12
-3
-3
-1301
-1066
4007
4387017
-18
3
-4
-1277
-1012
4032
4388042
-60
18
4
-1332
-1110
4006
4389067
-34
8
-1
-1310
-1140
3953
4390092
35
-11
-1
-1308
-1043
3956
4391117
29
-18
5
-1276
-1099
4039
4383873
10
-10
17
-1262
-1059
4049
4384898
-9
1
21
-1288
-1105
3961
4385923
0
4
13
-1281
-1114
3938
4386948
22
0
11
-1275
-1061
3932
4387973
7
4
11
-1288
-1088
3958
4388998
21
6
3
-1267
-1068
3991
4390023
-4
4
7
-1310
-1090
3900
4391048
-29
6
-2
-1291
-1133
3897
4392073
11
-4
-2
-1282
-1079
3906
4393098
-2
-7
4
-1279
-1087
3966
4394123
-34
-6
10
-1258
-1120
3979
4395148
-26
-3
14
-1285
-1107
3958
4396173
12
-11
13
-1279
-1089
3936
4397198
16
-9
1
-1290
-1025
3989
4398223
-8
-3
-5
-1274
-1039
4052
4399248
-24
4
1
-1305
-1085
4015
4392064
-11
-2
-5
-1308
-1078
3943
4393089
8
-8
-6
-1287
-1113
3970
4394114
35
-10
-7
-1267
-1080
4013
4395139
12
5
-4
-1298
-1112
4015
4396164
-8
9
2
-1308
-1122
3943
4397189
4
3
8
-1322
-1115
3913
4398214
14
-3
10
-1293
-1084
3970
4399239
8
-4
13
-1287
-1098
3967
4400264
-3
-3
14
-1281
-1098
3932
4401289
4
2
10
-1293
-1094
3909
4402314
17
4
-1
-1289
-1076
3940
4403339
-4
-1
-1
-1273
-1047
3950
4404364
-45
-2
4
-1275
-1108
3919
4405389
-23
-6
-2
-1298
-1124
3925
4406414
11
-15
-5
-1298
-1103
3978
4407439
-2
-17
4
-1293
-1095
4027
4400256
-21
-12
15
-1312
-1077
4005
4401281
-23
-11
16
-1302
-1100
3974
4402306
9
-2
7
-1287
-1070
4062
4403331
19
8
6
-1295
-1043
4055
4404356
-3
14
7
-1295
-1062
3944
4405381
-2
11
1
-1291
-1085
3891
4406406
22
11
-3
-1293
-1084
3952
4407431
13
14
0
-1307
-1104
3980
4408456
-12
10
8
-1321
-1133
3937
4409481
4
-5
11
-1299
-1150
3897
4410506
38
-9
14
-1268
-1139
3966
4411531
28
3
18
-1277
-1080
4019
4412556
-23
12
20
-1304
-1076
3958
4413581
-32
3
20
-1292
-1084
3901
4414606
8
-8
14
-1292
-1056
3939
4415631
32
-12
-4
-1277
-1035
3982
4408448
29
-7
-5
-1283
-1034
4035
4409473
-5
10
-1
-1312
-1068
4008
4410498
-14
17
-9
-1331
-1099
3923
4411523
11
11
-10
-1326
-1117
3937
4412548
25
6
-3
-1338
-1081
3992
4413573
-3
-1
14
-1405
-1096
3918
4414598
-121
-17
22
-1537
-674
3754
4415623
-537
-4
-58
-1500
-532
3606
4416648
-507
-57
173
-751
-2203
4401
4417673
478
-122
252
-934
-1974
4781
4418698
430
60
84
-1541
-633
3881
4419723
-385
88
168
-1425
-831
3387
4420748
-799
179
69
-1304
-1041
3524
4421773
-674
190
-89
-1165
-1390
4504
4422798
-390
165
-202
-1160
-1338
4432
4423823
-19
98
-268
-1579
-800
3422
4416640
8
-88
-164
-1246
-1022
3587
4417665
-99
-151
18
-1274
-1548
3655
4418690
-62
-99
13
-1495
-1354
3990
4419715
-90
-111
9
-1245
-1625
4023
4420740
42
-97
-7
-1360
-1415
3826
4421765
64
-89
7
-1304
-1106
3834
4422790
-49
-46
10
-1354
-1192
3697
4423815
-36
-38
-10
-1319
-1336
3663
4424840
96
-50
-17
-1226
-1326
3862
4425865
187
-35
-15
-1270
-1333
4063
4426890
249
-27
-33
-1286
-1261
4070
4427915
137
-12
-32
-1294
-1195
3987
4428940
-5
2
-16
-1258
-1296
3961
4429965
-35
3
-3
-1295
-1237
3979
4430990
-5
-4
1
-1297
-1323
3961
4432015
53
-29
10
-1320
-1265
3880
4424832
68
-42
15
-1292
-1245
3864
4425857
115
-36
14
-1258
-1196
3986
4426882
110
-29
21
-1282
-1177
4023
4427907
58
-24
15
-1273
-1183
3984
4428932
-12
-6
10
-1289
-1228
3932
4429957
-6
-10
0
-1286
-1222
3873
4430982
34
-20
2
-1275
-1208
3924
4432007
2
-13
13
-1275
-1232
3983
4433032
-21
-13
16
-1267
-1268
3939
4434057
16
-21
12
-1245
-1229
3929
4435082
35
-19
15
-1241
-1198
3937
4436107
6
-9
17
-1251
-1214
3934
4437132
3
-1
7
-1260
-1201
3918
4438157
11
3
-9
-1257
-1163
3933
4439182
-14
0
-11
-1269
-1170
3883
4440207
-39
-6
-7
-1289
-1273
3901
4433024
-24
-21
-1
-1273
-1279
3932
4434049
-3
-33
9
-1261
-1214
3971
4435074
5
-37
28
-1281
-1158
3965
4436099
-7
-35
34
-1292
-1166
3987
4437124
-7
-32
39
-1265
-1197
4060
4438149
23
-30
35
-1266
-1161
4009
4439174
33
-24
26
-1271
-1169
3938
4440199
58
-16
11
-1218
-1174
3963
4441224
59
-3
3
-1257
-1167
3974
4442249
4
5
3
-1270
-1292
3894
4443274
27
6
5
-1254
-1282
3925
4444299
61
8
7
-1265
-1222
3950
4445324
43
9
7
-1283
-1244
3944
4446349
25
-2
13
-1255
-1239
3916
4447374
3
-5
27
-1247
-1228
3906
4448399
30
-6
34
-1240
-1204
3959
4441215
64
-2
21
-1265
-1116
3981
4442240
78
-7
17
-1270
-1169
3977
4443265
95
-23
20
-1238
-1130
3945
4444290
72
-26
11
-1250
-1092
3911
4445315
67
-15
-1
-1245
-1146
4011
4446340
68
0
-8
-1256
-1130
4053
4447365
38
5
-9
-1266
-1143
3930
4448390
29
-6
-14
-1245
-1195
3894
4449415
59
-12
-21
-1202
-1143
3980
4450440
50
-3
-9
-1243
-1131
3989
4451465
2
4
0
-1286
-1155
3971
4452490
-8
-5
0
-1271
-1149
3923
4453515
37
-11
-6
-1246
-1092
3929
4454540
37
-8
-17
-1255
-1053
3971
4455565
-9
-2
-14
-1278
-1127
4013
4456590
-11
-14
0
-1271
-1161
3959
4449409
11
-27
9
-1271
-1157
3926
4450434
31
-30
9
-1230
-1112
3979
4451459
29
-18
9
-1253
-1074
4045
4452484
-12
-7
18
-1280
-1116
4020
4453509
-5
-9
21
-1263
-1126
3951
4454534
39
-9
17
-1228
-1069
3939
4455559
44
-2
6
-1244
-1044
3967
4456584
-19
7
4
-1256
-1139
3971
4457609
-20
13
11
-1253
-1191
3973
4458634
27
10
21
-1255
-1150
3937
4459659
32
11
12
-1265
-1098
3949
4460684
-6
14
10
-1258
-1097
3973
4461709
-20
13
17
-1239
-1139
3964
4462734
6
9
21
-1225
-1120
3956
4463759
10
7
16
-1237
-1082
3936
4464784
-15
6
8
-1239
-1108
3942
4457600
-7
9
2
-1241
-1083
3996
4458625
0
11
2
-1236
-1099
3995
4459650
-10
11
0
-1236
-1093
3978
4460675
-17
9
-1
-1271
-1103
3928
4461700
0
0
-4
-1271
-1151
3942
4462725
5
-1
-5
-1271
-1111
3981
4463750
-10
3
-2
-1273
-1135
3998
4464775
-12
3
4
-1261
-1150
3971
4465800
-4
6
12
-1275
-1134
3959
4466825
8
6
12
-1269
-1100
3973
4467850
0
9
10
-1286
-1073
3936
4468875
-7
1
4
-1267
-1103
3922
4469900
17
-1
-4
-1249
-1117
3969
4470925
22
1
-10
-1255
-1076
3962
4471950
-29
16
-16
-1283
-1094
3932
4472975
-22
10
-19
-1282
-1146
3894
4465791
9
-5
-17
-1282
-1182
3844
4466816
37
-15
-19
-1260
-1077
3988
4467841
-17
8
-5
-1242
-1110
4083
4468866
-67
42
13
-1322
-1200
4072
4469891
-103
30
13
-1379
-1138
3840
4470916
-206
-19
17
-1486
-637
3357
4471941
-470
18
-54
-1522
-398
3686
4472966
-828
135
70
-828
-2247
5034
4473991
-14
82
357
-600
-2932
4908
4475016
578
193
64
-1872
-612
4019
4476041
-187
113
1
-1471
-338
3137
4477066
-871
174
12
-1284
-731
3380
4478091
-885
120
-58
-1197
-1308
4114
4479116
-161
25
-138
-1169
-1606
4122
4480141
403
-45
-202
-1335
-1175
3628
4481166
319
-108
-105
-1161
-1273
3728
4473984
31
-79
17
-1400
-1527
3807
4475009
-71
-54
24
-1410
-1599
4015
4476034
-11
-49
-5
-1335
-1605
3934
4477059
134
-50
2
-1395
-1291
3804
4478084
116
-56
20
-1361
-1156
3703
4479109
44
-53
46
-1344
-1307
3797
4480134
93
-40
33
-1320
-1380
3975
4481159
208
-47
16
-1319
-1268
3999
4482184
187
-26
6
-1338
-1228
3936
4483209
202
-29
-2
-1274
-1134
3923
4484234
80
-14
10
-1293
-1196
3911
4485259
30
7
1
-1242
-1202
3997
4486284
14
20
-2
-1310
-1146
3990
4487309
-35
25
-1
-1372
-1260
3944
4488334
-11
-11
-13
-1297
-1224
3815
4489359
21
-18
-6
-1251
-1288
3928
4482176
46
-3
9
-1264
-1264
4020
4483201
22
14
8
-1281
-1293
3954
4484226
48
14
1
-1267
-1177
3892
4485251
-1
23
8
-1330
-1188
3852
4486276
16
12
4
-1310
-1192
3889
4487301
22
8
11
-1343
-1182
3916
4488326
-15
3
12
-1335
-1209
3893
4489351
-15
-11
14
-1296
-1227
3877
4490376
14
-14
27
-1300
-1228
3943
4491401
3
-1
31
-1321
-1193
3958
4492426
1
3
17
-1304
-1226
3958
4493451
17
1
18
-1278
-1193
3964
4494476
3
12
30
-1285
-1186
3982
4495501
14
8
30
-1293
-1182
3943
4496526
13
4
21
-1321
-1147
3912
4497551
-41
-6
15
-1340
-1164
3901
4490367
-60
-23
20
-1330
-1245
3968
4491392
9
-54
19
-1300
-1231
3965
4492417
7
-65
14
-1308
-1245
3895
4493442
38
-77
-1
-1246
-1200
3961
4494467
30
-72
-1
-1282
-1213
3950
4495492
3
-50
-8
-1284
-1238
3957
4496517
28
-37
-15
-1259
-1191
3966
4497542
11
-17
-13
-1286
-1249
3949
4498567
22
-4
-21
-1304
-1211
3902
4499592
10
10
-24
-1325
-1250
3890
4500617
33
3
-18
-1284
-1210
3887
4501642
4
9
-8
-1313
-1221
3933
4502667
-13
8
-3
-1284
-1232
3956
4503692
1
0
9
-1313
-1187
3925
4504717
2
-9
22
-1301
-1206
3949
4505742
11
-16
33
-1278
-1169
3957
4498560
13
-16
30
-1281
-1182
3960
4499585
10
-12
18
-1263
-1159
3952
4500610
-4
-4
15
-1260
-1174
3921
4501635
10
-1
14
-1253
-1193
3908
4502660
35
-3
-2
-1244
-1199
3921
4503685
38
-6
-15
-1253
-1218
3965
4504710
25
-7
-11
-1262
-1188
3960
4505735
-15
-8
3
-1302
-1195
3909
4506760
-5
-22
1
-1273
-1216
3907
4507785
47
-31
0
-1253
-1182
4001
4508810
17
-25
7
-1275
-1159
4027
4509835
-24
-13
10
-1294
-1171
3984
4510860
-3
-10
13
-1305
-1181
3920
4511885
43
-6
7
-1274
-1149
3944
4512910
50
8
-2
-1286
-1148
3944
4513935
15
22
-9
-1306
-1130
3935
4506753
-36
30
-7
-1320
-1175
3886
4507778
-18
26
1
-1314
-1231
3881
4508803
9
18
7
-1310
-1217
3894
4509828
25
8
6
-1302
-1184
3937
4510853
9
3
18
-1292
-1154
3936
4511878
-33
13
27
-1291
-1194
3953
4512903
-31
18
27
-1280
-1198
3959
4513928
6
10
21
-1274
-1164
3936
4514953
7
8
11
-1275
-1124
3915
4515978
-13
5
3
-1279
-1150
3954
4517003
-16
-3
-3
-1268
-1217
3989
4518028
-9
-7
-4
-1267
-1206
3989
4519053
-25
-6
1
-1272
-1205
3955
4520078
-12
-13
9
-1264
-1181
3943
4521103
11
-15
7
-1272
-1146
3957
4522128
12
-9
-8
-1253
-1148
3933
4514944
-22
0
-19
-1265
-1154
3898
4515969
-52
9
-16
-1298
-1215
3901
4516994
4
4
-21
-1297
-1229
3929
4518019
49
1
-22
-1307
-1188
3908
4519044
8
8
-21
-1320
-1176
3887
4520069
-32
11
-8
-1334
-1225
3936
4521094
-12
4
8
-1317
-1240
3979
4522119
-8
10
19
-1325
-1189
4001
4523144
-7
10
15
-1321
-1179
3927
4524169
20
-2
9
-1335
-1184
3915
4525194
38
-23
7
-1294
-1152
3943
4526219
27
-10
-1
-1259
-1149
4055
4527244
7
13
17
-1285
-1199
4015
4528269
27
5
30
-1369
-1229
3829
4529294
95
-25
4
-1360
-1147
3796
4530319
117
-44
2
-1395
-738
3915
4523137
-379
44
-96
-1442
-235
4048
4524162
-1032
110
85
-886
-1760
4166
4525187
-359
0
303
-1030
-3185
3996
4526212
723
-29
54
-1643
-1280
3778
4527237
418
-44
4
-1288
-307
3519
4528262
-338
98
-16
-1260
-1026
3531
4529287
-441
104
-68
-1185
-1091
4229
4530312
-257
82
-132
-1142
-1120
4432
4531337
-175
80
-178
-1317
-1188
3792
4532362
-155
-7
-64
-1281
-1410
3622
4533387
-129
-51
49
-1528
-1583
3674
4534412
-6
-76
6
-1465
-1436
3963
4535437
60
-84
-18
-1220
-1570
4043
4536462
184
-49
32
-1313
-1487
3969
4537487
260
-30
49
-1376
-1222
3828
4538512
233
-29
53
-1318
-1254
3893
4531329
206
-21
61
-1326
-1295
4009
4532354
158
-9
44
-1360
-1201
3985
4533379
54
-9
24
-1347
-1135
3842
4534404
-8
-13
6
-1276
-1124
3810
4535429
9
-14
4
-1207
-1160
3972
4536454
37
-7
15
-1233
-1274
4034
4537479
51
-1
11
-1308
-1240
3953
4538504
49
-10
-5
-1306
-1171
3881
4539529
4
-24
-6
-1336
-1175
3827
4540554
23
-35
-16
-1283
-1202
3923
4541579
40
-37
-11
-1269
-1222
3977
4542604
-9
-11
-10
-1335
-1336
3954
4543629
41
-8
-17
-1284
-1211
3936
4544654
-1
1
-1
-1331
-1227
3883
4545679
-25
6
6
-1310
-1243
3902
4546704
1
0
8
-1298
-1204
3914
4539521
-7
2
7
-1312
-1274
3935
4540546
27
0
3
-1296
-1159
3945
4541571
33
2
3
-1278
-1158
3931
4542596
33
1
3
-1286
-1114
3918
4543621
-44
9
-5
-1363
-1234
3889
4544646
-10
-3
-16
-1292
-1273
3970
4545671
34
-9
4
-1288
-1195
3973
4546696
-22
-2
23
-1322
-1275
3913
4547721
-19
4
12
-1305
-1277
3928
4548746
71
-8
10
-1260
-1162
3974
4549771
25
-3
24
-1299
-1153
3925
4550796
-53
12
21
-1303
-1245
3929
4551821
24
-2
15
-1279
-1208
3924
4552846
53
-8
17
-1298
-1191
3902
4553871
20
-6
9
-1297
-1161
3918
4554896
-7
-4
8
-1298
-1235
3928
4547713
15
-8
6
-1273
-1194
3923
4548738
-19
5
11
-1306
-1257
3915
4549763
2
-1
7
-1285
-1213
3930
4550788
25
1
3
-1291
-1157
3965
4551813
21
6
-10
-1281
-1113
3963
4552838
-25
5
-5
-1324
-1173
3889
4553863
-13
-8
-9
-1321
-1226
3894
4554888
36
-21
-8
-1293
-1204
3953
4555913
40
-18
-5
-1301
-1168
3979
4556938
-17
-4
-7
-1302
-1202
3927
4557963
-23
3
-1
-1308
-1246
3901
4558988
13
-4
5
-1304
-1223
3895
4560013
17
0
7
-1306
-1195
3967
4561038
-17
6
9
-1319
-1217
3924
4562063
2
4
7
-1304
-1200
3881
4563088
21
1
7
-1299
-1162
3899
4555903
-4
6
9
-1318
-1182
3934
4556928
-7
-2
5
-1310
-1215
3938
4557953
9
-10
1
-1299
-1189
3949
4558978
-14
-9
8
-1299
-1201
3932
4560003
-19
-5
14
-1289
-1215
3979
4561028
13
-5
18
-1291
-1213
3995
4562053
27
1
13
-1290
-1175
3963
4563078
9
12
7
-1297
-1164
3918
4564103
7
13
6
-1299
-1165
3917
4565128
5
12
7
-1297
-1218
3937
4566153
7
8
3
-1302
-1200
3925
4567178
0
6
5
-1325
-1222
3899
4568203
16
-6
5
-1299
-1185
3892
4569228
13
-7
7
-1287
-1179
3939
4570253
-21
-4
6
-1305
-1192
3940
4571278
-22
-9
4
-1288
-1194
3931
4564096
-9
-17
9
-1291
-1203
3898
4565121
18
-20
5
-1291
-1177
3972
4566146
31
-10
-8
-1287
-1102
4021
4567171
-17
-2
-9
-1315
-1157
3933
4568196
-29
-5
-6
-1315
-1242
3886
4569221
20
-15
-1
-1318
-1231
3940
4570246
80
-20
-7
-1301
-1177
3934
4571271
101
-19
-8
-1291
-1128
3965
4572296
27
-8
0
-1301
-1161
3975
4573321
-45
-1
-1
-1319
-1181
3878
4574346
-30
-5
9
-1330
-1244
3892
4575371
8
-13
12
-1299
-1212
3922
4576396
-2
-7
8
-1319
-1158
3916
4577421
-30
-10
13
-1356
-1210
3890
4578446
-40
-30
23
-1415
-980
3742
4579471
-179
-8
-21
-1543
-475
3829
4572288
-438
13
-15
-1160
-1601
4015
4573313
149
-97
266
-799
-2912
4199
4574338
605
53
27
-1597
-682
4525
4575363
-89
68
-33
-1264
-324
3871
4576388
-546
103
52
-1317
-1038
3621
4577413
-585
129
-51
-1336
-1173
3686
4578438
-400
94
-139
-1223
-1235
3974
4579463
-257
57
-136
-1176
-1282
3895
4580488
-142
44
-92
-1293
-1322
3829
4581513
-27
-3
-22
-1289
-1536
3929
4582538
42
-22
43
-1392
-1766
3921
4583563
99
-41
21
-1442
-1502
3865
4584588
125
-90
14
-1375
-1284
3755
4585613
108
-106
30
-1317
-1236
3791
4586638
117
-87
32
-1264
-1218
3931
4587663
99
-59
25
-1306
-1288
3980
4580479
76
-45
5
-1330
-1351
3902
4581504
139
-41
-18
-1290
-1244
3918
4582529
117
-34
-16
-1272
-1135
3905
4583554
26
-18
-13
-1295
-1181
3907
4584579
2
-11
-14
-1279
-1286
3983
4585604
31
-13
-8
-1286
-1323
3958
4586629
46
-17
-2
-1322
-1274
3903
4587654
37
-18
3
-1309
-1233
3897
4588679
20
-3
-4
-1299
-1200
3942
4589704
14
-4
-6
-1306
-1222
3900
4590729
-6
-1
-7
-1299
-1283
3910
4591754
-3
-10
-3
-1287
-1303
3915
4592779
3
-10
4
-1300
-1315
3928
4593804
67
-22
2
-1260
-1191
3929
4594829
30
-14
12
-1296
-1205
3944
4595854
-11
-12
11
-1271
-1236
3969
4588697
6
-8
8
-1282
-1233
3942
4589722
49
-15
5
-1269
-1199
3901
4590747
11
-6
5
-1313
-1231
3872
4591772
-2
-1
-5
-1284
-1262
3874
4592797
30
-11
-1
-1291
-1248
3849
4593822
8
3
-1
-1300
-1297
3912
4594847
9
14
-2
-1274
-1237
3940
4595872
-31
16
7
-1302
-1255
3896
4596897
-46
5
16
-1276
-1286
3890
4597922
-16
-1
25
-1289
-1255
3903
4598947
20
-12
18
-1264
-1247
3904
4599972
35
-11
11
-1249
-1137
3973
4600997
-48
8
11
-1292
-1189
3993
4602022
-48
5
4
-1268
-1252
3940
4603047
24
-5
3
-1275
-1240
3941
4604072
53
-2
-6
-1269
-1190
3975
4596865
-8
12
-10
-1297
-1182
3957
4597890
-47
12
-6
-1325
-1250
3904
4598915
-19
-7
-1
-1301
-1322
3893
4599940
33
-14
-1
-1254
-1261
3943
4600965
26
-3
0
-1289
-1220
3930
4601990
-31
9
-1
-1317
-1242
3890
4603015
-39
4
5
-1306
-1293
3861
4604040
12
-7
9
-1283
-1266
3892
4605065
21
-11
5
-1275
-1206
3895
4606090
-18
-4
0
-1306
-1198
3921
4607115
-46
-3
2
-1316
-1238
3934
4608140
-17
-10
11
-1291
-1276
3934
4609165
14
-8
17
-1273
-1257
3989
4610190
-7
2
13
-1297
-1234
3976
4611215
-2
8
14
-1295
-1219
3943
4612240
15
7
17
-1286
-1208
3941
4605055
-9
13
16
-1288
-1228
3922
4606080
-24
23
4
-1293
-1263
3922
4607105
-9
22
3
-1297
-1254
3898
4608130
-13
18
12
-1317
-1289
3864
4609155
2
10
9
-1302
-1272
3865
4610180
12
7
6
-1281
-1229
3910
4611205
-20
6
11
-1303
-1265
3898
4612230
-12
-5
13
-1293
-1264
3892
4613255
28
-19
14
-1290
-1246
3895
4614280
41
-22
3
-1268
-1162
3934
4615305
11
-10
-6
-1269
-1163
3955
4616330
-19
-4
-3
-1300
-1241
3947
4617355
16
-6
-10
-1279
-1257
3971
4618380
23
-2
-14
-1307
-1225
3939
4619405
-18
7
-10
-1311
-1264
3922
4620430
-16
11
-2
-1322
-1274
3924
4613248
2
4
5
-1323
-1272
3916
4614273
23
-4
6
-1304
-1241
3901
4615298
17
-4
9
-1320
-1220
3928
4616323
-3
3
10
-1312
-1236
3933
4617348
-3
5
13
-1297
-1254
3922
4618373
9
7
15
-1294
-1231
3933
4619398
3
7
18
-1314
-1241
3884
4620423
5
7
12
-1333
-1239
3900
4621448
15
4
6
-1313
-1215
3946
4622473
4
-4
12
-1287
-1235
3932
4623498
-27
-4
20
-1306
-1269
3920
4624523
5
-12
22
-1308
-1261
3919
4625548
54
-14
23
-1293
-1217
3963
4626573
29
-4
19
-1275
-1179
3966
4627598
-18
12
16
-1300
-1225
3934
4628623
9
12
10
-1307
-1237
3896
4621440
29
12
4
-1322
-1207
3901
4622465
10
12
1
-1325
-1208
3894
4623490
-14
13
-3
-1319
-1243
3883
4624515
-9
6
-3
-1309
-1261
3885
4625540
-11
2
-4
-1306
-1226
3873
4626565
-7
-3
4
-1294
-1315
3891
4627590
17
-2
5
-1289
-1218
3957
4628615
-30
7
5
-1316
-1248
3931
4629640
-10
4
3
-1295
-1218
3911
4630665
18
5
3
-1294
-1167
3947
4631690
-4
10
1
-1322
-1188
3953
4632715
-15
11
-4
-1346
-1209
3932
4633740
17
-4
-9
-1324
-1199
3922
4634765
16
3
-9
-1328
-1207
3958
4635790
3
7
-10
-1335
-1245
3890
4636815
18
-5
-10
-1345
-1234
3819
4629632
37
-10
-1
-1293
-1275
3913
4630657
75
-5
11
-1305
-1231
3977
4631682
14
15
15
-1356
-1219
3959
4632707
-83
22
20
-1410
-1225
3796
4633732
-149
-13
31
-1495
-733
3420
4634757
-169
-13
5
-1504
-806
3773
4635782
-86
12
105
-839
-2306
4968
4636807
757
-65
266
-1084
-2520
4741
4637832
1029
-52
25
-1786
-697
3425
4638857
134
-117
80
-1351
-344
2890
4639882
-537
35
91
-1247
-793
3570
4640907
-587
56
36
-1097
-1018
4378
4641932
-244
38
-19
-1015
-1175
4515
4642957
238
36
-76
-1370
-1368
3879
4643982
293
7
-122
-1412
-945
3704
4645007
-149
3
-36
-1280
-976
3908
4637824
-319
0
71
-1423
-1607
3938
4638849
-76
-10
10
-1581
-1333
3935
4639874
-47
-28
-48
-1375
-1140
3932
4640899
-118
-25
-31
-1252
-1176
3889
4641924
-55
3
-12
-1259
-1066
3994
4642949
-52
36
-13
-1312
-1169
4018
4643974
-1
38
-12
-1307
-1340
3978
4644999
33
24
-8
-1385
-1249
3882
4646024
54
19
-18
-1316
-1182
3934
4647049
67
7
-7
-1317
-1142
3917
4648074
5
-1
-1
-1342
-1283
3841
4649099
19
-24
3
-1331
-1291
3847
4650124
32
-29
0
-1359
-1202
3851
4651149
31
-35
-5
-1345
-1207
3851
4652174
16
-32
-5
-1331
-1213
3897
4653199
32
-31
-9
-1266
-1175
3948
4646015
-11
-3
-2
-1302
-1184
3966
4647040
-38
5
6
-1328
-1269
3924
4648065
4
-6
-2
-1341
-1168
3856
4649090
9
0
-13
-1319
-1188
3961
4650115
22
-6
-13
-1294
-1163
4009
4651140
-17
-4
-2
-1364
-1210
3943
4652165
-19
-11
-10
-1341
-1249
3902
4653190
33
-28
-15
-1298
-1187
3902
4654215
31
-33
-10
-1307
-1178
3956
4655240
-2
-29
-3
-1306
-1213
3981
4656265
-1
-18
-4
-1294
-1221
3978
4657290
27
-19
7
-1291
-1178
3927
4658315
-10
-8
7
-1327
-1192
3887
4659340
4
2
-1
-1300
-1203
3973
4660365
45
1
7
-1315
-1134
3972
4661390
-2
14
8
-1333
-1199
3928
4654208
-16
14
0
-1330
-1184
3858
4655233
1
16
2
-1345
-1220
3905
4656258
33
-2
9
-1318
-1181
3925
4657283
-17
-5
19
-1330
-1222
3908
4658308
-27
-2
19
-1282
-1249
3922
4659333
23
-1
23
-1291
-1194
3947
4660358
-4
10
22
-1294
-1161
3942
4661383
-39
12
19
-1309
-1170
3902
4662408
-3
5
10
-1300
-1182
3945
4663433
35
-3
2
-1314
-1124
3945
4664458
-27
-3
1
-1345
-1188
3908
4665483
-14
-11
-4
-1283
-1210
3950
4666508
17
-15
7
-1318
-1233
3954
4667533
16
-9
1
-1327
-1224
3937
4668558
18
-8
-8
-1316
-1187
3925
4669583
21
-9
-1
-1281
-1186
3957
4662401
7
-5
11
-1305
-1179
3934
4663426
-26
8
9
-1329
-1254
3895
4664451
5
11
-1
-1315
-1225
3942
4665476
25
10
2
-1312
-1141
3936
4666501
-3
4
10
-1307
-1151
3887
4667526
-21
-2
8
-1335
-1183
3865
4668551
11
-7
-6
-1321
-1189
3937
4669576
14
-7
-8
-1328
-1159
3963
4670601
-30
-4
5
-1329
-1198
3969
4671626
-16
-8
15
-1322
-1220
3923
4672651
30
-9
11
-1345
-1183
3909
4673676
30
-2
-5
-1317
-1154
3978
4674701
-1
4
-2
-1314
-1149
3966
4675726
-15
7
12
-1326
-1226
3930
4676751
23
5
13
-1333
-1221
3907
4677776
36
4
3
-1329
-1168
3896
4670592
-1
9
4
-1325
-1151
3926
4671617
-17
3
18
-1328
-1207
3950
4672642
-4
-7
22
-1326
-1231
3899
4673667
17
-13
13
-1314
-1188
3895
4674692
14
-12
10
-1295
-1173
3966
4675717
1
-11
18
-1290
-1155
3983
4676742
-5
-6
22
-1309
-1170
3964
4677767
0
-5
12
-1310
-1178
3931
4678792
13
-3
4
-1310
-1133
3967
4679817
17
-11
13
-1331
-1170
3947
4680842
21
-19
13
-1328
-1165
3947
4681867
29
-18
4
-1293
-1185
3967
4682892
24
-10
-3
-1298
-1141
3915
4683917
-22
2
-3
-1329
-1150
3905
4684942
-24
-4
8
-1341
-1202
3910
4685967
27
-17
12
-1316
-1173
3889
4678787
35
-15
7
-1322
-1129
3898
4679812
-12
-5
3
-1328
-1168
3918
4680837
-22
3
5
-1329
-1186
3942
4681862
-7
1
14
-1328
-1174
3906
4682887
-10
-2
16
-1320
-1186
3913
4683912
1
-9
10
-1333
-1156
3931
4684937
3
-14
6
-1333
-1159
3947
4685962
9
-15
11
-1298
-1182
3980
4686987
9
-9
17
-1291
-1174
3975
4688012
10
0
11
-1302
-1186
3953
4689037
38
4
6
-1311
-1147
3957
4690062
39
8
7
-1316
-1119
3951
4691087
10
4
9
-1313
-1160
3889
4692112
5
-3
10
-1328
-1240
3886
4693137
81
-6
-5
-1302
-1143
3943
4694162
66
3
2
-1357
-1101
3942
4686976
-25
0
19
-1382
-1183
3910
4688001
-44
-15
26
-1439
-1102
3891
4689026
-108
-44
-16
-1478
-575
3753
4690051
-363
-50
-29
-1214
-1087
3985
4691076
-213
-71
236
-681
-2464
4604
4692101
221
36
106
-1466
-1138
4350
4693126
-469
91
112
-1505
-880
3336
4694151
-959
170
148
-1380
-1290
3354
4695176
-756
199
0
-1257
-1302
4028
4696201
-100
151
-71
-1063
-1514
4751
4697226
609
101
-151
-1495
-1352
3787
4698251
658
-6
-141
-1493
-765
3485
4699276
163
-112
62
-1499
-1065
3392
4700301
16
-120
74
-1552
-1354
3903
4701326
74
-118
11
-1209
-1546
4198
4702351
145
-76
-2
-1349
-1350
3885
4695167
159
-57
28
-1380
-1142
3666
4696192
60
-41
44
-1304
-1071
3783
4697217
-95
-4
32
-1305
-1224
3975
4698242
-49
10
-4
-1326
-1294
3999
4699267
100
4
-31
-1364
-1218
3895
4700292
126
-12
-39
-1357
-1113
3815
4701317
53
-27
-26
-1303
-1131
3890
4702342
15
-26
-9
-1285
-1249
4042
4703367
22
-23
1
-1318
-1244
4001
4704392
58
-27
-2
-1359
-1181
3896
4705417
41
-31
-10
-1349
-1165
3870
4706442
65
-37
-13
-1307
-1104
3930
4707467
32
-18
-10
-1320
-1106
3953
4708492
-7
-3
-10
-1313
-1195
3963
4709517
-41
10
-7
-1361
-1216
3929
4710542
-40
14
0
-1353
-1261
3933
4703360
24
-2
-4
-1329
-1150
3908
4704385
-1
-4
3
-1325
-1208
3928
4705410
17
-14
6
-1279
-1164
3956
4706435
-5
-5
16
-1319
-1193
3969
4707460
-6
-10
16
-1305
-1190
3934
4708485
8
-5
8
-1311
-1157
3979
4709510
2
-1
1
-1300
-1134
3947
4710535
9
0
-2
-1315
-1160
3901
4711560
5
2
-6
-1316
-1221
3923
4712585
28
-4
-12
-1330
-1177
3901
4713610
12
-4
-11
-1322
-1190
3917
4714635
-24
1
-1
-1321
-1180
3959
4715660
-35
-2
9
-1320
-1239
3918
4716685
10
-12
15
-1340
-1213
3902
4717710
32
-13
10
-1341
-1179
3906
4718735
32
-8
2
-1310
-1120
3959
4711552
-8
6
4
-1301
-1149
3982
4712577
-41
14
4
-1331
-1194
3894
4713602
-21
16
-7
-1359
-1206
3896
4714627
16
7
-13
-1348
-1188
3950
4715652
20
-2
-5
-1320
-1194
3954
4716677
-1
-3
4
-1312
-1193
3943
4717702
-12
-8
11
-1318
-1191
3906
4718727
1
-16
8
-1312
-1162
3912
4719752
12
-16
7
-1305
-1172
3971
4720777
14
-11
5
-1315
-1168
3956
4721802
9
-2
-2
-1304
-1178
3935
4722827
-3
11
-1
-1309
-1183
3917
4723852
-11
16
5
-1350
-1167
3910
4724877
-16
7
5
-1360
-1206
3894
4725902
19
-17
-6
-1329
-1183
3870
4726927
23
-22
-3
-1313
-1151
3912
4719744
-3
-15
1
-1301
-1142
3946
4720769
-30
-14
-5
-1327
-1153
3890
4721794
-10
-12
-16
-1277
-1172
3959
4722819
-14
-3
-13
-1308
-1156
3960
4723844
-20
1
-15
-1326
-1217
3926
4724869
12
-9
-9
-1325
-1180
3903
4725894
-1
-5
-6
-1325
-1213
3957
4726919
2
-2
-4
-1306
-1188
3975
4727944
-28
8
5
-1367
-1228
3929
4728969
-18
-1
13
-1347
-1201
3912
4729994
8
-11
24
-1321
-1219
3906
4731019
41
-14
19
-1309
-1179
3980
4732044
8
1
12
-1304
-1150
3989
4733069
-36
16
17
-1326
-1183
3929
4734094
-19
15
20
-1328
-1203
3881
4735119
14
4
15
-1322
-1201
3902
4727936
39
-5
4
-1308
-1142
3922
4728961
16
-2
-3
-1322
-1143
3956
4729986
-16
-6
-1
-1318
-1182
3913
4731011
-24
-11
9
-1318
-1225
3899
4732036
0
-16
11
-1309
-1218
3940
4733061
23
-10
11
-1305
-1162
3983
4734086
6
2
12
-1317
-1164
3952
4735111
-9
7
8
-1317
-1165
3893
4736136
2
12
8
-1333
-1178
3939
4737161
11
12
6
-1340
-1173
3919
4738186
4
11
-2
-1341
-1146
3894
4739211
-10
8
0
-1337
-1195
3909
4740236
0
-1
11
-1339
-1214
3906
4741261
7
-9
10
-1337
-1191
3909
4742286
16
-8
8
-1296
-1183
3963
4743311
18
8
3
-1296
-1145
3991
4736129
-14
16
5
-1316
-1152
3936
4737154
-28
11
9
-1338
-1189
3914
4738179
7
-2
8
-1335
-1173
3932
4739204
36
-6
1
-1318
-1136
3949
4740229
15
-2
-1
-1338
-1130
3937
4741254
-1
-9
-1
-1336
-1187
3907
4742279
31
-17
0
-1325
-1195
3917
4743304
41
-12
-1
-1331
-1169
3955
4744329
-3
-3
2
-1322
-1189
3931
4745354
-24
2
11
-1324
-1214
3890
4746379
11
2
19
-1342
-1219
3908
4747404
47
7
15
-1344
-1164
3971
4748429
35
19
13
-1347
-1145
3947
4749454
41
15
10
-1338
-1121
3859
4750479
41
1
8
-1348
-1118
3836
4751504
68
-4
-2
-1345
-1142
3932
4744321
103
-5
-11
-1343
-1113
3984
4745346
49
-1
-9
-1338
-1085
3961
4746371
-7
-6
0
-1333
-1197
3874
4747396
52
-22
8
-1313
-1163
3928
4748421
86
-16
4
-1331
-1058
3984
4749446
61
-4
-5
-1335
-1141
3979
4750471
79
-6
-9
-1309
-1082
3968
4751496
27
1
4
-1350
-1109
3972
4752521
-53
-11
12
-1416
-1128
3823
4753546
-71
-34
-2
-1522
-880
3902
4754571
-255
-44
-82
-1479
-631
3841
4755596
-357
-96
34
-903
-1821
3869
4756621
271
-152
234
-963
-1792
4517
4757646
-87
79
8
-1564
-816
4158
4758671
-620
48
52
-1285
-917
3536
4759696
-895
147
2
-1284
-1064
3702
4752512
-819
170
-65
-1323
-1421
4016
4753537
-455
125
-154
-1141
-1161
4332
4754562
-154
84
-95
-1273
-1424
3891
4755587
136
31
-73
-1468
-1392
3664
4756612
160
-21
-10
-1387
-1523
3821
4757637
55
-26
52
-1564
-1612
3732
4758662
27
-57
13
-1518
-1468
3715
4759687
48
-111
8
-1335
-1402
3641
4760712
125
-104
23
-1288
-1312
3670
4761737
174
-64
22
-1267
-1302
3917
4762762
152
-26
31
-1278
-1343
4047
4763787
133
-3
14
-1336
-1323
3994
4764812
109
21
-16
-1312
-1278
3933
4765837
96
25
-12
-1325
-1213
3878
4766862
41
21
-2
-1352
-1245
3917
4767887
24
-9
-3
-1326
-1298
3882
4760705
37
-20
-3
-1350
-1335
3919
4761730
112
-38
-1
-1307
-1258
3921
4762755
119
-32
13
-1334
-1237
3927
4763780
67
-21
14
-1321
-1244
3920
4764805
30
-17
8
-1335
-1186
3905
4765830
-4
-6
1
-1344
-1257
3892
4766855
31
-8
-9
-1313
-1234
3868
4767880
21
-5
-10
-1318
-1274
3872
4768905
14
-7
-6
-1325
-1283
3864
4769930
16
-1
0
-1348
-1297
3927
4770955
44
-13
1
-1308
-1228
3912
4771980
64
-17
1
-1324
-1224
3900
4773005
55
-27
-6
-1320
-1194
3899
4774030
38
-28
-10
-1298
-1222
3943
4775055
30
-19
-6
-1284
-1212
3966
4776080
6
-6
-2
-1318
-1239
3963
4768896
-5
-2
-5
-1320
-1252
3914
4769921
-4
-3
1
-1330
-1270
3886
4770946
35
-5
8
-1314
-1263
3961
4771971
33
-1
11
-1343
-1182
3935
4772996
-27
1
12
-1324
-1230
3914
4774021
-27
-8
21
-1291
-1238
3907
4775046
-13
-10
30
-1308
-1260
3921
4776071
12
-6
27
-1301
-1228
3964
4777096
4
7
18
-1330
-1220
3950
4778121
21
2
5
-1291
-1186
3915
4779146
-2
2
6
-1298
-1188
3892
4780171
-30
-4
5
-1305
-1241
3886
4781196
-7
-12
0
-1331
-1270
3906
4782221
31
-21
-5
-1304
-1226
3923
4783246
3
-18
1
-1305
-1208
3928
4784271
-26
-18
10
-1306
-1235
3915
4777088
-16
-29
13
-1302
-1253
3887
4778113
23
-34
3
-1281
-1204
3931
4779138
34
-19
-6
-1287
-1172
3959
4780163
-6
3
-8
-1324
-1205
3965
4781188
-27
12
-11
-1327
-1233
3901
4782213
-13
10
-9
-1335
-1272
3865
4783238
5
1
-10
-1330
-1246
3888
4784263
-12
2
-5
-1336
-1260
3912
4785288
-2
-1
2
-1307
-1257
3939
4786313
6
-4
14
-1317
-1230
3946
4787338
-22
-5
17
-1325
-1234
3918
4788363
-10
-5
10
-1319
-1198
3932
4789388
26
-6
14
-1292
-1190
3984
4790413
24
7
7
-1300
-1176
3986
4791438
-1
12
-2
-1326
-1204
3924
4792463
-5
6
2
-1323
-1241
3883
4785279
29
1
4
-1320
-1236
3894
4786304
48
4
-4
-1317
-1217
3933
4787329
20
7
-8
-1307
-1189
3900
4788354
-20
2
-1
-1296
-1251
3839
4789379
-12
-5
7
-1292
-1279
3868
4790404
17
-4
2
-1300
-1207
3884
4791429
-13
6
-16
-1305
-1185
3860
4792454
-28
5
-29
-1296
-1175
3846
4793479
-19
-2
-27
-1296
-1217
3874
4794504
-2
-9
-29
-1290
-1284
3922
4795529
1
-15
-33
-1315
-1232
3933
4796554
-39
-11
-24
-1322
-1252
3958
4797579
-46
-8
-4
-1321
-1265
4009
4798604
-13
-10
8
-1340
-1260
4006
4799629
11
-8
6
-1346
-1236
3986
4800654
32
-3
3
-1327
-1190
3970
4793472
25
6
6
-1319
-1196
3964
4794497
6
18
14
-1331
-1232
3950
4795522
4
27
12
-1345
-1265
3915
4796547
7
31
5
-1365
-1251
3865
4797572
18
29
6
-1343
-1248
3879
4798597
32
18
16
-1308
-1229
3878
4799622
14
14
23
-1311
-1255
3879
4800647
-5
15
19
-1322
-1258
3867
4801672
17
10
13
-1314
-1202
3877
4802697
12
3
14
-1304
-1179
3879
4803722
-17
4
14
-1288
-1229
3914
4804747
-12
5
7
-1324
-1240
3895
4805772
9
3
0
-1323
-1224
3914
4806797
13
0
4
-1333
-1180
3905
4807822
-22
-1
9
-1343
-1231
3911
4808847
-15
-3
4
-1346
-1258
3937
4801905
7
-9
3
-1345
-1250
3902
4802930
20
-13
6
-1304
-1230
3936
4803955
15
-3
17
-1317
-1190
3980
4804980
-17
3
16
-1350
-1214
3929
4806005
-5
0
4
-1352
-1213
3891
4807030
35
-11
-3
-1310
-1189
3881
4808055
26
-6
-3
-1303
-1187
3915
4809080
-10
5
-3
-1332
-1210
3919
4810105
-25
6
-7
-1360
-1236
3882
4811130
-22
-3
-2
-1338
-1247
3872
4812155
-8
-11
10
-1344
-1270
3876
4813180
26
-21
15
-1327
-1219
3941
4814205
15
-14
17
-1306
-1154
3976
4815230
-35
1
23
-1333
-1214
3919
4816255
-23
6
17
-1336
-1237
3904
4817280
25
8
10
-1318
-1210
3935
4809856
22
12
3
-1323
-1176
3886
4810881
-11
16
-6
-1346
-1198
3882
4811906
-16
10
-5
-1333
-1246
3893
4812931
5
3
2
-1330
-1252
3907
4813956
3
2
4
-1332
-1216
3926
4814981
-23
3
4
-1326
-1201
3866
4816006
-18
0
4
-1311
-1247
3831
4817031
70
-1
1
-1294
-1260
3857
4818056
135
-8
-22
-1359
-1125
3918
4819081
107
-9
-32
-1358
-1253
3936
4820106
87
-22
-6
-1358
-1190
3883
4821131
-59
-25
15
-1476
-947
3858
4822156
-312
5
-62
-1500
-813
4088
4823181
-507
-12
-56
-1410
-1410
3946
4824206
151
-184
226
-699
-2745
3821
4825231
1219
-90
156
-1481
-1464
4587
4818048
698
-47
63
-1430
-248
3918
4819073
-345
86
99
-1271
-429
3650
4820098
-782
191
29
-1323
-948
3790
4821123
-707
169
-59
-1209
-1182
4124
4822148
-327
140
-110
-1181
-1225
4024
4823173
-41
100
-121
-1413
-1156
3695
4824198
-42
24
-74
-1338
-1324
3818
4825223
-37
-36
33
-1379
-1695
3892
4826248
43
-51
15
-1501
-1508
3881
4827273
79
-81
2
-1384
-1358
3919
4828298
93
-68
20
-1354
-1295
3900
4829323
119
-54
26
-1357
-1119
3873
4830348
57
-48
40
-1383
-1229
3797
4831373
58
-51
15
-1353
-1276
3830
4832398
79
-29
-15
-1325
-1132
3918
4833423
21
3
-18
-1318
-1137
3930
4826241
-24
11
-6
-1365
-1240
3867
4827266
-35
9
-1
-1353
-1327
3888
4828291
36
-5
0
-1313
-1247
3943
4829316
12
4
4
-1371
-1261
3931
4830341
56
-5
3
-1315
-1209
4013
4831366
46
1
14
-1354
-1142
3996
4832391
-65
17
14
-1360
-1231
3931
4833416
-20
6
6
-1306
-1245
3927
4834441
44
-6
8
-1343
-1149
3929
4835466
22
-14
8
-1324
-1233
3924
4836491
26
-22
5
-1324
-1211
3877
4837516
19
-19
-4
-1330
-1231
3874
4838541
46
-12
-10
-1318
-1162
3951
4839566
10
-2
-6
-1331
-1202
3930
4840591
0
-12
2
-1350
-1256
3850
4841616
37
-20
-2
-1335
-1221
3885
4834433
50
-19
1
-1348
-1193
3903
4835458
20
-6
-3
-1347
-1208
3909
4836483
5
1
1
-1341
-1195
3934
4837508
-22
9
9
-1355
-1241
3918
4838533
-12
5
9
-1363
-1225
3884
4839558
-12
-2
6
-1368
-1229
3887
4840583
11
-10
11
-1332
-1205
3958
4841608
5
-12
22
-1336
-1198
3934
4842633
3
-10
24
-1309
-1197
3945
4843658
-10
0
22
-1323
-1179
3933
4844683
-3
7
20
-1304
-1193
3939
4845708
6
16
19
-1323
-1158
3950
4846733
12
15
13
-1340
-1189
3921
4847758
25
3
4
-1341
-1181
3858
4848783
-1
4
-1
-1347
-1220
3893
4849808
18
1
5
-1322
-1197
3941
4842624
-3
2
14
-1348
-1235
3914
4843649
-24
5
8
-1332
-1244
3901
4844674
-9
2
5
-1343
-1229
3892
4845699
32
-15
7
-1316
-1175
3895
4846724
4
-11
6
-1314
-1174
3943
4847749
-22
-3
6
-1306
-1172
3952
4848774
-20
1
9
-1342
-1210
3938
4849799
9
-3
4
-1344
-1176
3949
4850824
14
-2
3
-1349
-1172
3928
4851849
18
-3
0
-1351
-1175
3904
4852874
5
2
-7
-1379
-1203
3903
4853899
12
-7
-7
-1364
-1197
3895
4854924
17
-11
4
-1352
-1229
3931
4855949
32
-8
6
-1333
-1205
3941
4856974
33
-5
0
-1337
-1190
3892
4857999
18
0
1
-1327
-1205
3911
4850817
-8
6
8
-1342
-1207
3928
4851842
-14
3
11
-1335
-1183
3902
4852867
-8
-3
6
-1331
-1191
3857
4853892
16
-4
-1
-1341
-1179
3906
4854917
18
-12
-7
-1335
-1157
3956
4855942
-11
-14
-1
-1343
-1184
3948
4856967
-30
-15
9
-1351
-1212
3916
4857992
-9
-13
8
-1350
-1231
3925
4859017
42
-12
0
-1317
-1150
3978
4860042
19
2
4
-1335
-1133
3987
4861067
-14
13
7
-1359
-1182
3898
4862092
10
13
1
-1348
-1193
3880
4863117
33
12
-5
-1339
-1167
3918
4864142
-3
19
-2
-1368
-1185
3923
4865167
-19
18
3
-1368
-1216
3907
4866192
-2
9
5
-1369
-1221
3878
4859008
14
5
-1
-1342
-1190
3904
4860033
18
6
4
-1314
-1175
3965
4861058
-9
15
13
-1335
-1163
3945
4862083
-33
16
14
-1359
-1183
3884
4863108
-5
3
9
-1355
-1169
3909
4864133
32
-12
4
-1332
-1129
3946
4865158
13
-10
5
-1339
-1139
3957
4866183
-11
-10
0
-1336
-1189
3898
4867208
10
-15
-3
-1351
-1189
3886
4868233
30
-17
-4
-1362
-1173
3932
4869258
14
-11
-6
-1368
-1184
3925
4870283
2
-3
-6
-1352
-1185
3920
4871308
-6
1
-4
-1338
-1221
3908
4872333
-6
7
2
-1359
-1209
3903
4873358
2
10
10
-1371
-1174
3937
4874383
9
11
10
-1384
-1164
3922
4867200
9
12
0
-1366
-1141
3896
4868225
19
17
-7
-1350
-1142
3944
4869250
4
25
-9
-1385
-1130
3909
4870275
-1
41
-21
-1386
-1179
3994
4871300
30
57
-36
-1388
-1138
3986
4872325
16
76
-38
-1401
-1216
3936
4873350
5
93
-31
-1383
-1226
3973
4874375
-19
103
2
-1396
-1220
3955
4875400
-4
105
25
-1432
-1244
3961
4876425
53
79
32
-1439
-1164
3867
4877450
49
54
38
-1476
-1113
3769
4878475
-83
36
29
-1633
-666
3665
4879500
-421
50
-63
-1596
-663
3658
4880525
-457
-26
139
-568
-2350
4242
4881550
634
1
284
-1283
-2540
4555
4882575
1126
13
30
-1714
-456
3689
4875392
218
42
55
-1422
-370
3511
4876417
-525
168
31
-1314
-707
3628
4877442
-518
124
16
-1387
-1278
4060
4878467
-85
16
-34
-1315
-1421
4226
4879492
215
-47
-69
-1507
-1091
3797
4880517
121
-111
-27
-1470
-984
3629
4881542
-147
-114
30
-1602
-1020
3682
4882567
-257
-109
24
-1465
-1337
3929
4883592
-112
-105
-1
-1372
-1470
3945
4884617
102
-81
-27
-1450
-1191
3825
4885642
161
-48
-44
-1415
-950
3916
4886667
17
-13
-23
-1408
-1068
3996
4887692
-90
9
4
-1438
-1285
3980
4888717
-59
11
-8
-1419
-1296
3961
4889742
-3
5
-16
-1391
-1163
3944
4890767
19
-3
3
-1394
-1104
3856
4883585
22
-17
16
-1385
-1138
3874
4884610
21
-25
11
-1353
-1180
3967
4885635
26
-24
5
-1360
-1153
3953
4886660
10
-12
1
-1421
-1141
3918
4887685
15
-26
-6
-1439
-1114
3841
4888710
-21
-29
-16
-1410
-1147
3884
4889735
-6
-36
-8
-1339
-1169
3937
4890760
-21
-22
7
-1395
-1212
3933
4891785
3
-12
1
-1381
-1201
3944
4892810
28
-8
6
-1419
-1106
3919
4893835
-7
0
11
-1394
-1156
3917
4894860
-15
-3
14
-1397
-1110
3851
4895885
-42
6
16
-1418
-1230
3851
4896910
22
6
12
-1397
-1150
3932
4897935
18
3
11
-1427
-1145
3865
4898960
6
-13
9
-1392
-1122
3870
4891777
-42
-11
9
-1397
-1161
3897
4892802
-21
-16
10
-1348
-1227
3944
4893827
10
-13
11
-1357
-1155
4001
4894852
-16
-8
15
-1354
-1148
3972
4895877
-16
-8
17
-1382
-1145
3923
4896902
-1
-11
5
-1374
-1154
3929
4897927
26
-10
-6
-1377
-1096
3963
4898952
-13
2
-7
-1400
-1167
3949
4899977
26
-13
-10
-1381
-1127
3908
4901002
25
-13
-10
-1408
-1138
3883
4902027
7
-21
-14
-1385
-1166
3859
4903052
4
-26
-7
-1395
-1209
3904
4904077
25
-29
5
-1365
-1208
3966
4905102
24
-21
13
-1398
-1178
3899
4906127
14
-12
1
-1392
-1120
3863
4907152
11
-10
1
-1344
-1148
3905
4899967
3
-7
0
-1345
-1138
3927
4900992
-5
-2
-6
-1356
-1163
3937
4902017
11
-6
-6
-1378
-1160
3899
4903042
16
-17
-9
-1385
-1120
3879
4904067
-21
-22
-12
-1381
-1177
3908
4905092
-15
-35
-10
-1353
-1177
3952
4906117
8
-38
-2
-1360
-1182
3951
4907142
7
-29
-1
-1366
-1162
3957
4908167
-3
-19
0
-1370
-1116
3956
4909192
-7
-8
1
-1367
-1133
3969
4910217
-4
-2
-2
-1392
-1135
3931
4911242
-4
4
-6
-1403
-1180
3895
4912267
41
4
-10
-1361
-1154
3931
4913292
38
11
-1
-1368
-1127
3953
4914317
-24
21
9
-1405
-1158
3914
4915342
-14
12
4
-1398
-1191
3885
4908160
44
0
5
-1361
-1178
3924
4909185
47
1
9
-1351
-1133
3950
4910210
8
10
12
-1368
-1130
3928
4911235
1
2
10
-1362
-1146
3894
4912260
12
-3
3
-1341
-1148
3913
4913285
26
-3
0
-1343
-1152
3939
4914310
26
-3
2
-1364
-1127
3935
4915335
-6
-5
3
-1372
-1139
3892
4916360
-8
-12
3
-1368
-1155
3869
4917385
20
-17
0
-1367
-1124
3937
4918410
5
-13
0
-1376
-1121
3977
4919435
-23
-10
6
-1386
-1179
3934
4920460
14
-16
2
-1372
-1135
3885
4921485
40
-16
1
-1372
-1097
3921
4922510
9
-3
-3
-1395
-1118
3960
4923535
-18
2
-6
-1399
-1170
3916
4916352
19
-2
-6
-1372
-1156
3906
4917377
23
0
4
-1379
-1157
3912
4918402
6
5
4
-1392
-1138
3910
4919427
-8
4
4
-1381
-1155
3907
4920452
-12
-2
19
-1367
-1163
3932
4921477
-11
-4
31
-1375
-1168
3910
4922502
11
0
29
-1357
-1141
3941
4923527
23
3
26
-1356
-1077
3945
4924552
-19
12
23
-1383
-1079
3911
4925577
-24
11
17
-1370
-1126
3905
4926602
18
3
14
-1378
-1133
3924
4927627
28
2
5
-1364
-1095
3931
4928652
-11
9
1
-1382
-1121
3912
4929677
-20
9
6
-1385
-1166
3911
4930702
9
3
7
-1362
-1154
3925
4931727
14
1
4
-1354
-1128
3939
4924544
-15
3
6
-1355
-1113
3930
4925569
-19
3
8
-1374
-1116
3929
4926594
1
-1
10
-1377
-1114
3939
4927619
5
-5
6
-1374
-1108
3925
4928644
-2
-9
0
-1375
-1110
3919
4929669
10
-11
-2
-1378
-1090
3938
4930694
3
-3
3
-1389
-1118
3943
4931719
-10
6
0
-1390
-1142
3927
4932744
-7
7
-2
-1393
-1155
3889
4933769
13
1
0
-1385
-1151
3923
4934794
6
1
11
-1388
-1124
3909
4935819
-18
0
15
-1396
-1139
3863
4936844
-14
1
16
-1389
-1154
3884
4937869
3
4
13
-1383
-1140
3927
4938894
-4
10
8
-1367
-1097
3920
4939919
-23
12
10
-1382
-1115
3887
4932736
-38
6
7
-1393
-1147
3873
4933761
-26
-4
14
-1433
-1180
3941
4934786
-30
-17
19
-1577
-909
3921
4935811
-136
-5
-74
-1514
-700
3986
4936836
-171
-76
63
-888
-1477
4231
4937861
353
-123
312
-1190
-2073
4377
4938886
236
-54
82
-1837
-1154
3399
4939911
-302
-96
36
-1318
-573
3300
4940936
-666
117
-1
-1199
-858
4040
4941961
-605
192
-77
-1174
-1013
4243
4942986
-224
138
-87
-1309
-1454
4040
4944011
173
87
-99
-1466
-1468
3877
4945036
226
61
-137
-1490
-1014
3884
4946061
18
37
-36
-1465
-1182
3919
4947086
-123
3
62
-1495
-1604
3788
4948111
21
-39
48
-1565
-1399
3728
4941065
129
-82
3
-1379
-1179
3962
4942090
128
-94
43
-1312
-1273
3899
4943115
278
-82
41
-1390
-1051
3807
4944140
266
-51
-5
-1385
-867
3911
4945165
89
-18
-15
-1324
-1106
3987
4946190
26
6
-5
-1381
-1145
3965
4947215
-26
15
-8
-1421
-1191
3871
4948240
-34
-3
-6
-1388
-1272
3880
4949265
9
-16
6
-1360
-1244
3943
4950290
32
-21
25
-1379
-1191
3973
4951315
17
-19
28
-1394
-1144
3896
4952340
6
-19
26
-1406
-1145
3878
4953365
14
-16
19
-1387
-1135
3937
4954390
41
-7
8
-1375
-1078
3930
4955415
24
0
-9
-1358
-1086
3902
4956440
-1
12
-20
-1377
-1094
3912
4949119
-16
6
-23
-1370
-1125
3893
4950144
-34
-8
-15
-1365
-1183
3870
4951169
-18
-19
-10
-1353
-1212
3900
4952194
-1
-28
-4
-1363
-1169
3869
4953219
-2
-30
-3
-1352
-1166
3920
4954244
-16
-22
-4
-1369
-1143
3950
4955269
-3
-19
-5
-1376
-1109
3967
4956294
-19
-3
-13
-1392
-1141
3967
4957319
-11
7
-25
-1359
-1156
3962
4958344
-17
27
-30
-1381
-1181
3961
4959369
-22
39
-17
-1409
-1222
3951
4960394
-18
32
5
-1430
-1218
3887
4961419
32
7
9
-1385
-1116
3843
4962444
32
3
12
-1370
-1105
3931
4963469
-2
-1
9
-1366
-1117
3956
4964494
-16
-1
7
-1388
-1138
3935
4957313
4
-2
2
-1363
-1161
3903
4958338
41
-2
-12
-1344
-1145
3899
4959363
4
9
-19
-1367
-1092
3900
4960388
-47
11
-18
-1396
-1122
3902
4961413
-26
-6
-16
-1404
-1226
3905
4962438
19
-20
-27
-1374
-1168
3885
4963463
2
-20
-23
-1393
-1171
3868
4964488
-5
-15
-10
-1362
-1197
3947
4965513
24
-7
-8
-1364
-1112
3969
4966538
-23
6
-5
-1411
-1166
3903
4967563
-50
6
-9
-1415
-1194
3860
4968588
10
0
-3
-1393
-1223
3913
4969613
40
0
6
-1379
-1159
3937
4970638
-13
15
7
-1390
-1140
3919
4971663
-38
22
4
-1426
-1170
3889
4972688
-20
7
11
-1432
-1216
3904
4965504
5
-10
23
-1400
-1199
3912
4966529
-5
-12
28
-1364
-1174
3921
4967554
-16
-7
32
-1353
-1142
3930
4968579
-16
0
35
-1384
-1157
3945
4969604
12
-3
28
-1364
-1133
3945
4970629
13
1
12
-1355
-1095
3947
4971654
-26
10
0
-1364
-1144
3889
4972679
2
7
-6
-1364
-1155
3880
4973704
15
-3
-9
-1371
-1145
3889
4974729
-9
-11
-3
-1374
-1230
3887
4975754
9
-15
-5
-1360
-1205
3895
4976779
-6
-13
-3
-1374
-1199
3859
4977804
-6
-13
5
-1357
-1199
3919
4978829
9
-11
12
-1377
-1141
3972
4979854
-15
-6
8
-1397
-1147
3906
4980879
-17
-3
-4
-1373
-1153
3885
4973717
4
2
-7
-1364
-1137
3941
4974742
-1
6
1
-1392
-1157
3974
4975767
-6
7
-1
-1411
-1178
3953
4976792
13
6
-2
-1398
-1161
3893
4977817
20
5
-2
-1396
-1176
3901
4978842
9
6
3
-1399
-1177
3955
4979867
5
11
12
-1406
-1198
3969
4980892
23
7
17
-1394
-1190
3913
4981917
33
8
19
-1373
-1144
3866
4982942
27
14
16
-1390
-1166
3882
4983967
45
25
14
-1387
-1149
3949
4984992
18
27
16
-1397
-1110
3905
4986017
-39
30
15
-1414
-1188
3844
4987042
-2
25
9
-1410
-1147
3890
4988067
15
20
1
-1415
-1070
3951
4989092
-21
4
7
-1443
-1148
3851
4981888
-17
-16
10
-1413
-1195
3804
4982913
27
-14
4
-1352
-1101
3976
4983938
14
19
14
-1398
-1116
4038
4984963
-17
24
14
-1459
-1192
3838
4985988
4
8
0
-1456
-1177
3729
4987013
40
-2
-2
-1425
-1008
3788
4988038
-99
4
10
-1557
-695
3581
4989063
-370
91
-41
-1781
-804
3779
4990088
-568
102
-103
-1121
-1830
4384
4991113
454
-48
278
-621
-3177
4396
4992138
1799
5
13
-1837
-638
4037
4993163
788
-2
13
-1668
51
3445
4994188
-619
113
21
-1319
-543
3659
4995213
-842
121
-28
-1207
-1146
4525
4996238
-363
42
-75
-1317
-1338
4367
4997263
17
-29
-149
-1627
-792
3283
4990079
-135
-138
-10
-1345
-918
3470
4991104
-275
-127
85
-1324
-1435
3951
4992129
-156
-67
85
-1471
-1619
4083
4993154
0
-40
28
-1538
-1381
3860
4994179
37
-31
-9
-1487
-1044
3706
4995204
-113
-8
15
-1414
-1096
3839
4996229
-141
-9
44
-1400
-1239
3893
4997254
-61
-12
22
-1457
-1325
3919
4998279
40
-13
-5
-1391
-1194
3922
4999304
34
-9
-5
-1410
-1042
3834
5000329
-29
5
-12
-1395
-1137
3935
5001354
-1
-6
-12
-1336
-1171
4010
5002379
-46
1
-3
-1438
-1256
3928
5003404
-22
-22
-21
-1404
-1224
3835
5004429
34
-32
-38
-1391
-1042
3917
5005454
-18
-29
-37
-1400
-1121
3979
4998272
-59
-37
-28
-1407
-1228
3918
4999297
-56
-39
-26
-1425
-1295
3911
5000322
3
-53
-18
-1412
-1249
3926
5001347
49
-62
-18
-1394
-1193
3913
5002372
55
-71
-6
-1410
-1195
3899
5003397
24
-61
-12
-1379
-1205
3938
5004422
46
-48
-13
-1348
-1153
4015
5005447
31
-23
-8
-1383
-1197
4026
5006472
30
-19
-8
-1401
-1206
3947
5007497
56
-15
-11
-1398
-1185
3907
5008522
82
-14
-14
-1358
-1158
3945
5009547
59
1
-2
-1343
-1210
3986
5010572
30
17
3
-1380
-1170
3945
5011597
23
9
9
-1378
-1208
3858
5012622
81
-6
13
-1355
-1139
3893
5013647
77
-5
12
-1377
-1112
3893
5006464
32
-6
4
-1372
-1120
3840
5007489
-6
-16
2
-1352
-1139
3819
5008514
-7
-34
8
-1345
-1170
3802
5009539
15
-45
3
-1359
-1163
3857
5010564
8
-47
2
-1355
-1131
3909
5011589
-26
-48
15
-1309
-1183
3930
5012614
-38
-55
27
-1294
-1196
3930
5013639
-26
-75
29
-1282
-1135
3906
5014664
-43
-94
20
-1253
-1145
3874
5015689
-34
-109
14
-1202
-1145
3894
5016714
-32
-120
9
-1284
-1096
3882
5017739
-62
-148
8
-1341
-1093
3807
5018764
-81
-189
0
-1348
-1136
3793
5019789
-63
-219
0
-1297
-1168
3959
5020814
-54
-223
9
-1333
-1183
4005
5021839
-60
-211
21
-1386
-1241
4017
5014656
-21
-192
22
-1314
-1227
4087
5015681
14
-153
33
-1291
-1263
4073
5016706
38
-96
24
-1257
-1259
4101
5017731
33
-30
22
-1247
-1212
4116
5018756
-5
32
30
-1277
-1241
4029
5019781
-8
67
38
-1297
-1278
3930
5020806
27
76
39
-1281
-1241
3971
5021831
38
69
45
-1254
-1212
3971
5022856
27
56
52
-1223
-1166
3919
5023881
15
44
66
-1210
-1157
3926
5024906
40
26
69
-1202
-1183
3966
5025931
78
11
50
-1199
-1094
4008
5026956
36
7
47
-1197
-1083
3952
5027981
1
9
55
-1205
-1131
3911
5029006
46
11
56
-1223
-1177
3969
5030031
93
16
43
-1238
-1127
4008
5022849
62
34
35
-1250
-1125
3974
5023874
8
53
37
-1277
-1165
3919
5024899
6
67
56
-1263
-1188
3948
5025924
9
77
81
-1297
-1177
3960
5026949
31
72
94
-1376
-1156
3935
5027974
67
52
92
-1379
-1076
3947
5028999
63
39
92
-1343
-1077
3967
5030024
53
37
95
-1313
-1081
3941
5031049
60
37
87
-1336
-1071
3920
5032074
88
25
61
-1340
-1067
3914
5033099
146
17
33
-1318
-1070
3950
5034124
222
15
15
-1251
-1086
4037
5035149
263
28
6
-1172
-1103
4057
5036174
219
50
-12
-1158
-964
3992
5037199
50
85
-22
-1230
-861
3988
5038224
-87
97
2
-1303
-963
3958
5031040
-68
59
23
-1353
-1032
3876
5032065
40
-6
28
-1370
-1012
3817
5033090
74
-50
28
-1413
-940
3855
5034115
25
-73
18
-1437
-911
3879
5035140
-36
-83
8
-1386
-995
3916
5036165
-50
-79
7
-1346
-1094
3983
5037190
-10
-71
3
-1318
-1120
3962
5038215
28
-51
-2
-1305
-1070
3958
5039240
9
-15
-9
-1311
-1023
4009
5040265
-41
16
-12
-1315
-1025
4008
5041290
-78
31
-3
-1320
-1013
3943
5042315
-85
38
15
-1383
-1039
3912
5043340
-28
23
22
-1417
-1047
3918
5044365
27
-7
13
-1418
-969
3942
5045390
0
-22
11
-1355
-949
4002
5046415
-33
-25
14
-1314
-1020
4042
5039232
-21
-28
-2
-1286
-1111
4058
5040257
26
-34
-30
-1222
-1040
4061
5041282
19
-31
-37
-1222
-1023
4032
5042307
-5
-25
-46
-1199
-1015
4038
5043332
-3
-21
-70
-1203
-1002
4040
5044357
18
-24
-82
-1198
-1088
4045
5045382
41
-20
-86
-1190
-1079
4044
5046407
25
-10
-83
-1212
-1063
3974
5047432
32
-3
-75
-1260
-1060
3975
5048457
47
-4
-76
-1309
-1029
3958
5049482
47
-9
-83
-1310
-1012
3948
5050507
37
-6
-82
-1303
-1031
3947
5051532
24
2
-69
-1308
-1054
3928
5052557
11
10
-58
-1318
-1053
3896
5053582
23
16
-39
-1328
-1021
3952
5054607
24
13
-15
-1354
-1002
3937
5047424
6
5
-2
-1380
-1015
3878
5048449
9
-15
9
-1371
-997
3884
5049474
16
-29
28
-1348
-988
3942
5050499
4
-23
43
-1349
-1010
4006
5051524
-31
-3
43
-1358
-1020
4006
5052549
-40
7
40
-1338
-1046
3972
5053574
-14
6
48
-1314
-1051
3993
5054599
-3
14
59
-1310
-1038
4065
5055624
-17
21
61
-1331
-1022
4029
5056649
-19
23
53
-1316
-1003
4000
5057674
-2
18
52
-1309
-992
4003
5058699
3
16
52
-1305
-1021
4011
5059724
19
17
40
-1291
-1010
4004
5060749
43
17
27
-1284
-990
3979
5061774
32
24
17
-1287
-1015
3984
5062799
6
35
8
-1280
-1036
4013
5055616
13
35
5
-1271
-1054
4008
5056641
28
36
2
-1281
-1024
3943
5057666
17
35
0
-1304
-1015
3878
5058691
19
30
-2
-1327
-1035
3894
5059716
46
23
-4
-1345
-1008
3947
5060741
19
17
-7
-1320
-1001
3932
5061766
-33
13
0
-1319
-1028
3864
5062791
-43
7
6
-1363
-1068
3865
5063816
13
-7
3
-1360
-1083
3995
5064841
38
-17
2
-1295
-1021
4072
5065866
-29
-11
10
-1272
-1036
4025
5066891
-43
1
13
-1274
-1051
3967
5067916
3
9
10
-1305
-988
3964
5068941
22
8
3
-1326
-940
3998
5069966
-10
3
1
-1361
-936
3985
5070991
-42
-2
12
-1415
-992
3934
5063809
-28
-6
35
-1449
-1039
3915
5064834
13
-15
53
-1459
-1042
3946
5065859
26
-18
63
-1441
-1008
4007
5066884
12
-7
75
-1407
-1014
4022
5067909
8
10
83
-1378
-1009
4004
5068934
19
30
75
-1319
-1028
4068
5069959
39
43
62
-1273
-967
4086
5070984
25
54
44
-1266
-973
4036
5072009
35
53
20
-1251
-947
3984
5073034
56
46
-3
-1254
-915
3957
5074059
45
41
-19
-1264
-946
3948
5075084
24
29
-28
-1299
-943
3913
5076109
12
15
-28
-1352
-990
3897
5077134
33
-13
-22
-1353
-997
3883
5078159
34
-31
-22
-1353
-1002
3884
5079184
25
-36
-17
-1377
-995
3908
5072000
12
-38
-11
-1413
-1000
3928
5073025
13
-40
-4
-1419
-1020
3955
5074050
20
-37
-2
-1359
-1022
3989
5075075
9
-17
2
-1344
-938
3969
5076100
-10
14
9
-1410
-927
3928
5077125
-3
23
10
-1462
-931
3921
5078150
-3
17
12
-1455
-884
3934
5079175
-41
8
32
-1465
-942
3921
5080200
-31
-5
52
-1469
-1014
3954
5081225
7
-14
63
-1473
-991
4033
5082250
7
-11
67
-1408
-979
4087
5083275
-9
2
63
-1326
-1021
4098
5084300
15
23
49
-1257
-994
4110
5085325
24
45
42
-1279
-934
4055
5086350
7
56
35
-1320
-910
3979
5087375
5
42
22
-1337
-902
3899
5080224
20
15
3
-1331
-925
3879
5081249
39
-13
-11
-1339
-908
3918
5082274
19
-32
-14
-1340
-941
3926
5083299
-14
-39
-16
-1322
-968
3899
5084324
-1
-42
-14
-1326
-1011
3934
5085349
47
-40
-19
-1327
-969
4026
5086374
34
-22
-34
-1309
-922
4043
5087399
-15
4
-44
-1296
-926
3986
5088424
-30
16
-50
-1329
-937
3941
5089449
1
13
-61
-1374
-949
3940
5090474
43
-7
-74
-1350
-930
3988
5091499
27
-20
-77
-1327
-923
3985
5092524
-11
-18
-64
-1364
-985
3974
5093549
3
-25
-52
-1381
-1007
3961
5094574
16
-30
-49
-1365
-976
3954
5095599
14
-29
-50
-1352
-969
3989
5088384
1
-16
-33
-1417
-933
3987
5089409
-18
-11
-15
-1449
-956
3960
5090434
-16
-12
-5
-1415
-978
3977
5091459
11
-11
1
-1404
-953
4010
5092484
15
-7
6
-1396
-975
3993
5093509
15
-3
1
-1338
-943
3982
5094534
-17
10
10
-1304
-958
3980
5095559
-24
20
16
-1344
-971
3983
5096584
-4
10
10
-1370
-947
3963
5097609
11
-6
6
-1343
-909
3930
5098634
-5
-12
5
-1375
-919
3930
5099659
-20
-17
2
-1411
-950
3968
5100684
-17
-31
7
-1386
-989
3944
5101709
0
-37
12
-1351
-1007
3943
5102734
21
-32
12
-1350
-968
3991
5103759
