Device = VHR-0009
time_stamp = 1779864111575
sample_rate = 50
Data format = INT16
TYPE = 6-AXIS IMU RAW DATA
-2
-4
-5
-1885
209
3848
15950978
-13
-2
0
-1877
180
3865
15952003
-26
3
-1
-1875
132
3856
15953028
-15
0
-5
-1887
142
3840
15954053
-8
-6
-2
-1890
178
3839
15955078
-23
-6
1
-1902
156
3851
15956103
-26
-5
0
-1916
137
3850
15957128
-20
-8
-3
-1898
159
3842
15958153
-18
-9
1
-1896
166
3844
15959178
-14
-14
6
-1889
136
3836
15960203
1
-17
11
-1887
151
3868
15961228
-6
-10
12
-1898
172
3894
15962253
-23
-1
11
-1884
172
3883
15963278
-23
1
11
-1863
150
3864
15964303
-8
1
10
-1879
167
3863
15965328
-1
3
7
-1907
200
3887
15966353
-11
9
3
-1909
179
3864
15959169
-3
8
-7
-1888
175
3847
15960194
5
8
-10
-1868
153
3852
15961219
-5
10
-7
-1890
169
3866
15962244
-14
12
-3
-1919
125
3843
15963269
2
3
-3
-1905
132
3845
15964294
5
-2
-2
-1885
152
3829
15965319
-19
-1
2
-1898
136
3828
15966344
-27
1
10
-1926
115
3849
15967369
-3
-7
16
-1920
108
3845
15968394
13
-15
17
-1895
128
3859
15969419
1
-13
14
-1872
160
3881
15970444
-25
-6
15
-1881
163
3849
15971469
-30
-2
20
-1902
141
3867
15972494
-10
-5
24
-1902
139
3890
15973519
-5
-8
19
-1884
202
3849
15974544
-25
-4
15
-1892
185
3816
15967359
-26
-8
14
-1905
151
3834
15968384
-2
-19
14
-1891
136
3855
15969409
-4
-22
9
-1879
149
3864
15970434
-29
-13
2
-1881
168
3875
15971459
-35
-8
3
-1901
151
3868
15972484
-20
-13
9
-1897
148
3851
15973509
-9
-14
10
-1890
137
3864
15974534
-7
-13
8
-1891
122
3879
15975559
-5
-12
3
-1879
123
3869
15976584
-6
-12
-1
-1868
161
3869
15977609
-25
-8
-3
-1867
179
3867
15978634
-30
-2
-3
-1891
142
3875
15979659
-11
-4
-3
-1917
127
3864
15980684
4
-8
-2
-1902
124
3851
15981709
3
-10
-2
-1880
120
3854
15982734
-8
-10
1
-1881
88
3851
15975572
-8
-9
11
-1897
83
3878
15976597
1
-10
19
-1890
106
3876
15977622
3
-12
20
-1879
140
3854
15978647
-11
-8
15
-1866
148
3844
15979672
-18
-6
14
-1871
154
3879
15980697
-5
-8
15
-1887
151
3884
15981722
4
-7
11
-1884
158
3847
15982747
1
-3
5
-1871
166
3876
15983772
-2
-1
3
-1871
147
3892
15984797
9
-3
5
-1876
141
3869
15985822
13
-2
4
-1881
159
3871
15986847
4
4
-2
-1874
142
3888
15987872
3
7
-6
-1874
128
3867
15988897
13
7
-4
-1880
144
3873
15989922
12
10
-3
-1897
171
3873
15990947
6
15
-10
-1893
157
3852
15983745
16
12
-13
-1885
127
3852
15984770
25
9
-11
-1872
123
3870
15985795
22
9
-9
-1883
137
3865
15986820
10
11
-7
-1901
129
3845
15987845
14
10
-7
-1906
101
3871
15988870
38
6
-7
-1894
138
3878
15989895
34
11
-7
-1883
178
3867
15990920
16
19
-7
-1889
158
3851
15991945
28
17
-10
-1900
144
3864
15992970
39
16
-11
-1902
198
3871
15993995
20
22
-14
-1903
207
3836
15995020
11
19
-20
-1897
142
3789
15996045
46
9
-27
-1879
108
3826
15997070
93
19
-32
-1896
166
3840
15998095
65
19
-43
-1935
300
3864
15999120
-6
20
-27
-1944
114
3802
15991935
10
-1
-12
-1942
157
3813
15992960
6
-4
0
-1957
124
3872
15993985
-18
-9
-2
-1947
135
3779
15995010
-26
-17
-5
-1905
138
3775
15996035
-12
-23
1
-1884
153
3873
15997060
-12
-29
4
-1864
159
3868
15998085
-29
-23
3
-1877
167
3849
15999110
-27
-14
1
-1905
124
3885
16000135
3
-14
-1
-1896
138
3888
16001160
-4
-5
0
-1907
172
3853
16002185
-24
7
-1
-1937
155
3826
16003210
-3
4
-3
-1922
140
3851
16004235
19
-2
-1
-1891
153
3869
16005260
5
-3
-1
-1882
187
3805
16006285
-23
0
0
-1916
157
3764
16007310
-80
-30
4
-2035
354
3552
16000128
-382
-78
65
-2133
292
3369
16001153
-639
-61
105
-2044
-359
3874
16002178
-449
8
91
-1280
-387
5287
16003203
-392
115
142
-1962
-66
4407
16004228
-756
133
8
-1919
809
3088
16005253
-1157
159
-209
-1809
296
3419
16006278
-1187
134
-256
-1882
-847
4017
16007303
-25
81
-219
-1757
-1310
4803
16008328
991
69
-115
-1989
-257
3978
16009353
999
7
-79
-2430
1207
2150
16010378
125
-68
-71
-1713
589
3289
16011403
-375
-43
-25
-1913
-767
4224
16012428
78
-94
-47
-1994
-504
4157
16013453
347
-74
-19
-1963
-300
4117
16014478
347
-21
39
-2018
-258
3988
16015503
283
9
45
-1949
-25
3950
16008320
191
41
40
-1889
49
3892
16009345
86
58
27
-1878
123
3874
16010370
-42
67
26
-1850
99
3888
16011395
-59
49
29
-1868
7
3729
16012420
20
24
19
-1908
-19
3732
16013445
117
0
10
-1971
32
3898
16014470
163
-19
12
-2015
44
3876
16015495
106
-20
4
-2004
-11
3729
16016520
49
-8
0
-1977
13
3790
16017545
-4
-1
2
-1955
43
3902
16018570
-27
-7
13
-1920
-25
3861
16019595
-17
-9
23
-1911
-48
3815
16020620
27
-18
18
-1922
35
3825
16021645
46
-26
24
-1937
82
3817
16022670
4
-21
37
-1962
-42
3842
16023695
11
-29
30
-1971
-64
3858
16016511
35
-32
16
-1962
89
3853
16017536
-9
-26
15
-1924
87
3795
16018561
-36
-23
23
-1903
-37
3845
16019586
-6
-19
11
-1889
20
4005
16020611
3
-9
8
-1919
58
3958
16021636
-29
2
14
-1944
37
3802
16022661
-34
4
13
-1940
-21
3765
16023686
7
-3
8
-1938
-20
3850
16024711
17
-7
7
-1945
-20
3852
16025736
21
-9
12
-1957
-4
3825
16026761
13
-16
18
-1947
10
3782
16027786
31
-20
23
-1915
12
3816
16028811
30
-22
35
-1937
11
3827
16029836
-3
-25
43
-1941
9
3828
16030861
39
-26
32
-1928
108
3923
16031886
79
-24
10
-1896
133
3913
16024704
58
-18
-8
-1878
111
3827
16025729
33
-16
-21
-1881
107
3832
16026754
8
-20
-22
-1890
71
3851
16027779
-3
-21
-16
-1911
21
3857
16028804
-14
-21
-14
-1944
-25
3841
16029829
9
-26
-10
-1938
-9
3871
16030854
27
-29
1
-1920
35
3904
16031879
10
-20
18
-1904
23
3876
16032904
5
-4
30
-1931
27
3882
16033929
20
4
29
-1919
55
3890
16034954
28
9
18
-1867
106
3894
16035979
-11
19
2
-1858
101
3859
16037004
-40
21
-13
-1892
84
3819
16038029
-30
9
-25
-1931
57
3790
16039054
1
-6
-26
-1923
69
3812
16040079
10
-5
-19
-1928
25
3866
16032896
0
-5
-8
-1952
-3
3849
16033921
-13
-9
2
-1962
-8
3778
16034946
3
-15
7
-1942
-18
3813
16035971
14
-16
13
-1911
54
3922
16036996
-15
-5
12
-1890
105
3900
16038021
-24
0
13
-1884
84
3847
16039046
-9
-6
17
-1887
77
3815
16040071
-15
-11
16
-1909
58
3774
16041096
-28
-16
7
-1946
27
3796
16042121
14
-29
-1
-1919
65
3920
16043146
-4
-19
5
-1898
86
4011
16044171
-138
-9
21
-2008
165
3710
16045196
-504
-68
70
-2179
440
3136
16046221
-878
-20
154
-2107
-375
3516
16047246
-557
78
64
-1529
-860
5172
16048271
225
-1
192
-1333
-851
5246
16041088
430
44
90
-2171
699
3788
16042113
-187
113
-31
-1909
869
2620
16043138
-874
129
-130
-1989
402
3117
16044163
-1086
19
-208
-1959
-705
3481
16045188
-275
-130
-224
-1926
-1060
3900
16046213
665
-177
-163
-1737
-429
4691
16047238
859
-109
-50
-1950
112
4121
16048263
515
-54
-14
-2099
365
3372
16049288
54
10
-16
-1879
-153
3858
16050313
27
26
-45
-1854
-344
4176
16051338
217
6
-43
-1845
-134
4010
16052363
228
16
-23
-1831
-12
3881
16053388
50
43
-28
-1871
0
3860
16054413
-22
33
-17
-1919
5
3716
16055438
15
14
11
-1969
-152
3775
16056463
51
6
15
-1982
-107
3936
16049364
48
10
5
-1963
-24
3887
16050389
18
3
9
-1926
-55
3718
16051414
28
-5
26
-1901
-44
3805
16052439
62
-15
32
-1884
-23
3922
16053464
74
-19
19
-1896
-34
3870
16054489
100
-21
9
-1915
-46
3843
16055514
127
-28
7
-1906
9
3821
16056539
109
-32
6
-1893
52
3835
16057564
51
-25
17
-1904
-22
3842
16058589
24
-16
28
-1924
-107
3906
16059614
51
-19
30
-1915
-26
3944
16060639
50
-23
21
-1881
164
3870
16061664
-35
4
12
-1862
43
3898
16062689
-39
17
3
-1895
1
3943
16063714
-16
13
-11
-1889
-8
3843
16064739
7
7
-18
-1879
-10
3836
16057475
40
-1
-11
-1883
11
3923
16058500
8
3
-9
-1911
-14
3904
16059525
-29
10
-8
-1925
-71
3847
16060550
-4
15
-10
-1905
-41
3842
16061575
7
21
-8
-1898
-18
3872
16062600
-22
25
6
-1934
-61
3826
16063625
-4
8
9
-1928
-16
3796
16064650
30
-5
13
-1921
40
3856
16065675
23
-10
14
-1906
15
3835
16066700
7
-19
14
-1907
8
3803
16067725
5
-28
20
-1933
18
3805
16068750
14
-28
22
-1918
-4
3865
16069775
23
-22
14
-1903
14
3925
16070800
20
-15
10
-1879
28
3901
16071825
4
-10
4
-1895
39
3844
16072850
-2
-14
3
-1887
18
3863
16065664
13
-20
6
-1881
-9
3895
16066689
35
-19
3
-1905
-8
3874
16067714
53
-17
-10
-1909
31
3835
16068739
45
-12
-20
-1901
-8
3870
16069764
66
-6
-25
-1880
65
3969
16070789
41
12
-35
-1878
115
3934
16071814
-1
24
-33
-1872
46
3809
16072839
-14
25
-17
-1888
-33
3834
16073864
-2
23
-14
-1911
-38
3868
16074889
22
16
-26
-1913
42
3829
16075914
-3
15
-10
-1942
-24
3815
16076939
-30
0
17
-1949
-57
3808
16077964
-24
-19
24
-1945
-15
3783
16078989
-13
-39
25
-1920
-12
3760
16080014
-11
-48
30
-1911
13
3859
16081039
6
-44
28
-1884
50
3954
16073856
13
-39
23
-1875
48
3903
16074881
2
-31
21
-1873
63
3894
16075906
-1
-23
16
-1879
84
3937
16076931
2
-22
3
-1867
71
3865
16077956
8
-11
-4
-1872
23
3897
16078981
6
4
-6
-1873
21
3956
16080006
11
13
-13
-1873
33
3889
16081031
-2
21
-14
-1896
19
3827
16082056
-13
23
-11
-1922
9
3853
16083081
-9
15
-9
-1925
-21
3857
16084106
5
-3
-4
-1889
12
3826
16085131
1
-11
6
-1896
8
3836
16086156
-19
-13
12
-1934
14
3823
16087181
-59
-30
11
-1955
79
3743
16088206
-179
-61
32
-2026
142
3709
16089231
-553
-110
79
-2136
286
3563
16082047
-974
-4
61
-1931
-230
3815
16083072
-570
39
112
-997
-1194
4889
16084097
450
-81
93
-1918
75
4870
16085122
-120
109
56
-2035
752
3703
16086147
-783
253
-20
-1845
212
3073
16087172
-777
197
-133
-2057
-547
3360
16088197
-126
-38
-287
-1953
-992
3492
16089222
1032
-221
-283
-1864
-352
3830
16090247
1396
-246
-140
-1770
179
4304
16091272
863
-116
82
-1937
-75
4092
16092297
652
-45
52
-2143
-76
3632
16093322
887
-82
-48
-1936
-118
3618
16094347
1304
-191
-25
-1833
-123
3597
16095372
1354
-284
1
-1753
628
3710
16096397
802
-232
51
-1767
514
3837
16097422
545
-186
73
-1803
356
4010
16090240
481
-175
80
-1802
713
4174
16091265
60
-84
92
-1841
479
3812
16092290
-162
-33
60
-1835
394
3844
16093315
-187
-6
31
-1795
527
4076
16094340
-192
34
20
-1712
618
4075
16095365
-262
79
32
-1701
467
4025
16096390
-304
94
28
-1741
322
3939
16097415
-300
69
16
-1767
358
3770
16098440
-256
51
3
-1788
451
3808
16099465
-198
50
-23
-1773
452
4015
16100490
-248
68
-1
-1806
222
3944
16101515
-229
66
-5
-1867
204
3806
16102540
-156
44
-22
-1868
219
3832
16103565
-103
24
-22
-1845
252
3776
16104590
-48
11
-21
-1805
296
3747
16105615
-64
7
5
-1821
138
3849
16098432
-72
1
23
-1860
101
3963
16099457
-30
-2
22
-1871
189
3954
16100482
6
-2
20
-1843
184
3845
16101507
25
-8
24
-1812
292
3856
16102532
-8
-9
21
-1791
304
3902
16103557
-24
-11
15
-1811
261
3868
16104582
25
-29
3
-1818
327
3823
16105607
28
-38
-8
-1794
355
3818
16106632
-16
-24
4
-1803
222
3911
16107657
-20
-17
6
-1840
195
3957
16108682
-3
-10
6
-1837
208
3941
16109707
-17
4
15
-1834
237
3883
16110732
-43
13
16
-1824
288
3829
16111757
-42
7
16
-1793
275
3864
16112782
-38
2
21
-1808
213
3908
16113807
-40
-1
21
-1816
233
3923
16106623
-25
-2
13
-1804
226
3879
16107648
-5
-9
4
-1811
276
3806
16108673
-25
-8
9
-1817
208
3889
16109698
-42
-2
20
-1838
204
3986
16110723
-46
2
18
-1849
247
3909
16111748
-29
7
4
-1827
199
3816
16112773
19
7
-5
-1795
242
3906
16113798
15
6
4
-1784
272
3974
16114823
-16
16
-1
-1800
274
3896
16115848
-22
21
-8
-1813
240
3893
16116873
-10
16
-11
-1827
209
3883
16117898
10
10
-13
-1832
230
3823
16118923
11
10
-9
-1849
205
3856
16119948
-5
9
-2
-1875
183
3884
16120973
-17
2
-1
-1835
231
3853
16121998
-34
-1
1
-1806
210
3832
16114817
-15
-4
-1
-1828
206
3889
16115842
21
-10
-5
-1851
226
3936
16116867
15
-6
-7
-1839
226
3893
16117892
-5
-3
-7
-1828
234
3832
16118917
-15
-2
-6
-1820
191
3842
16119942
-8
-7
-4
-1825
183
3884
16120967
5
-12
3
-1819
196
3916
16121992
0
-10
9
-1832
261
3898
16123017
-17
-3
8
-1844
249
3852
16124042
-20
-4
1
-1836
219
3841
16125067
4
-12
0
-1825
204
3919
16126092
7
-12
3
-1835
257
3918
16127117
-28
-2
2
-1847
220
3855
16128142
-22
-5
-1
-1827
197
3870
16129167
-7
-12
-1
-1821
211
3884
16130192
-11
-12
3
-1820
179
3844
16123008
-8
-13
5
-1824
203
3854
16124033
-9
-13
12
-1836
212
3919
16125058
-27
-13
13
-1842
230
3870
16126083
-38
-16
11
-1819
200
3836
16127108
-36
-23
16
-1822
187
3915
16128133
-66
-36
16
-1827
230
3866
16129158
-120
-50
22
-1873
193
3812
16130183
-369
-105
42
-2129
496
3542
16131208
-994
-106
43
-2001
279
3125
16132233
-1001
8
125
-1306
-576
4596
16133258
-150
-42
210
-1378
-707
5137
16134283
189
49
89
-2072
496
4381
16135308
-270
188
-13
-1686
469
3287
16136333
-490
216
-133
-1859
355
3310
16137358
-358
118
-241
-1799
-559
3752
16138383
200
-21
-199
-1705
-539
4333
16131199
645
-14
-84
-1709
-174
4430
16132224
720
16
-54
-2132
460
3380
16133249
407
-5
-59
-1981
480
3297
16134274
153
-30
-63
-1773
-13
3954
16135299
169
-48
-71
-1795
-80
4082
16136324
236
-32
-42
-1858
-133
3937
16137349
261
-26
-17
-1852
131
3908
16138374
182
-20
3
-1797
178
3949
16139399
58
6
22
-1813
127
4002
16140424
21
44
32
-1873
205
4046
16141449
22
56
25
-1869
175
3891
16142474
46
45
23
-1849
135
3751
16143499
57
20
34
-1821
191
3778
16144524
28
4
36
-1827
139
3799
16145549
34
-4
8
-1844
195
3869
16146574
39
-15
2
-1859
211
3928
16139392
12
-16
4
-1861
193
3860
16140417
-19
-20
18
-1848
218
3777
16141442
-22
-17
24
-1844
150
3880
16142467
21
-8
13
-1853
158
3992
16143492
42
3
8
-1840
161
3933
16144517
8
11
15
-1833
163
3847
16145542
1
5
13
-1841
171
3874
16146567
1
-6
2
-1855
103
3846
16147592
32
-12
1
-1860
145
3831
16148617
38
-12
12
-1843
215
3895
16149642
-4
-8
20
-1842
231
3879
16150667
-37
-6
16
-1840
181
3835
16151692
-2
-15
3
-1836
175
3870
16152717
28
-22
-6
-1829
237
3907
16153742
9
-18
-6
-1794
194
3903
16154767
-17
-6
-11
-1805
189
3921
16147584
-25
3
-24
-1841
172
3917
16148609
-26
2
-26
-1848
112
3836
16149634
0
1
-23
-1841
138
3911
16150659
23
11
-22
-1824
215
3995
16151684
1
25
-20
-1842
187
3894
16152709
-24
28
-7
-1859
108
3786
16153734
-7
24
4
-1856
112
3885
16154759
-1
22
6
-1858
193
3929
16155784
-20
18
4
-1870
158
3805
16156809
-13
3
3
-1853
172
3742
16157834
10
-10
9
-1840
192
3886
16158859
19
-16
11
-1840
217
3941
16159884
0
-7
-4
-1856
210
3867
16160909
6
-11
-19
-1855
182
3816
16161934
7
-13
-16
-1853
159
3847
16162959
5
-11
-3
-1862
132
3898
16155777
-13
-11
5
-1878
122
3852
16156802
-26
-19
11
-1865
92
3797
16157827
-4
-28
19
-1839
136
3881
16158852
4
-33
28
-1837
167
3925
16159877
-15
-29
30
-1835
216
3885
16160902
-36
-20
22
-1842
200
3865
16161927
-22
-20
7
-1825
204
3882
16162952
-5
-22
-1
-1810
209
3923
16163977
-6
-17
0
-1814
170
3915
16165002
2
-12
-6
-1833
166
3898
16166027
7
-6
-12
-1835
155
3906
16167052
7
0
-14
-1818
187
3921
16168077
-21
11
-8
-1829
161
3894
16169102
-27
18
-6
-1854
103
3876
16170127
3
10
-10
-1850
111
3873
16171152
26
1
-12
-1834
179
3863
16163968
1
9
0
-1832
181
3897
16164993
-36
18
11
-1858
161
3868
16166018
-23
7
15
-1883
165
3813
16167043
8
-13
15
-1863
161
3823
16168068
16
-21
12
-1818
170
3897
16169093
-11
-13
2
-1822
177
3917
16170118
-20
-7
-10
-1832
145
3880
16171143
-8
-13
-8
-1831
108
3869
16172168
19
-22
2
-1834
116
3915
16173193
16
-12
9
-1850
152
3917
16174218
-9
0
6
-1861
144
3856
16175243
-12
2
7
-1846
147
3884
16176268
6
0
8
-1826
173
3930
16177293
21
-4
1
-1824
185
3894
16178318
24
-2
-7
-1819
181
3890
16179343
13
7
-10
-1814
181
3920
16172159
-9
15
-6
-1822
174
3891
16173184
-11
17
-5
-1860
156
3818
16174209
11
9
-10
-1872
160
3860
16175234
20
4
-15
-1865
237
3937
16176259
-10
11
-13
-1856
211
3888
16177284
-29
16
-10
-1849
170
3816
16178309
-12
13
-14
-1841
176
3836
16179334
2
6
-17
-1840
111
3910
16180359
2
-2
-22
-1845
124
3883
16181384
-11
-3
-19
-1859
117
3828
16182409
-12
-6
-10
-1866
115
3852
16183434
-3
-8
0
-1869
112
3896
16184459
1
-14
7
-1854
110
3850
16185484
4
-18
12
-1849
143
3867
16186509
17
-20
14
-1842
155
3936
16187534
8
-16
11
-1831
175
3910
16180352
-22
-16
8
-1833
163
3855
16181377
-75
-26
15
-1874
241
3807
16182402
-267
-60
51
-1953
314
3642
16183427
-560
-56
95
-1973
-63
3797
16184452
-506
-30
48
-1976
60
4021
16185477
-215
-9
69
-1300
-105
4451
16186502
218
1
201
-1678
-418
4169
16187527
167
66
119
-1979
529
3969
16188552
-287
205
70
-1803
85
3532
16189577
-315
176
-41
-1951
183
3659
16190602
-310
99
-128
-1799
0
4052
16191627
-131
44
-75
-1799
-395
4050
16192652
260
12
-31
-1803
-181
3894
16193677
571
-23
-62
-2000
148
3730
16194702
457
-53
-105
-2073
433
3550
16195727
321
-95
-127
-1897
299
3569
16188544
332
-146
-120
-1748
181
3769
16189569
263
-143
-79
-1801
204
3915
16190594
113
-107
-55
-1845
48
4012
16191619
40
-58
-39
-1875
7
4179
16192644
4
-12
-10
-1859
74
4100
16193669
-69
46
28
-1868
110
3976
16194694
-78
70
36
-1850
143
3894
16195719
-28
58
29
-1838
116
3803
16196744
36
36
27
-1837
125
3816
16197769
19
16
25
-1838
141
3803
16198794
11
2
17
-1831
228
3844
16199819
7
-10
9
-1835
249
3906
16200844
-22
-12
5
-1867
117
3875
16201869
6
-21
-6
-1870
116
3821
16202894
46
-32
-9
-1862
215
3808
16203919
10
-28
6
-1845
149
3889
16196736
-44
-19
20
-1860
68
3892
16197761
-36
-20
22
-1852
123
3894
16198786
-15
-21
25
-1840
176
3911
16199811
-28
-17
18
-1829
185
3896
16200836
-18
-8
6
-1834
158
3925
16201861
36
-13
-1
-1830
149
3955
16202886
35
-9
1
-1819
153
3911
16203911
26
5
-3
-1826
180
3890
16204936
-11
12
-3
-1848
169
3809
16205961
-35
13
1
-1869
74
3837
16206986
-3
6
11
-1862
76
3950
16208011
24
0
12
-1846
149
3887
16209036
-7
6
19
-1845
144
3815
16210061
-35
8
24
-1843
129
3864
16211086
-27
-6
21
-1831
173
3876
16212111
-8
-17
19
-1821
168
3878
16204929
3
-18
17
-1850
175
3897
16205954
-4
-20
10
-1862
223
3850
16206979
-69
-22
15
-1831
248
3742
16208004
-75
-8
24
-1833
49
3927
16209029
14
-3
15
-1834
73
4105
16210054
22
23
6
-1825
126
4027
16211079
-7
41
9
-1850
157
3869
16212104
-2
35
-5
-1843
176
3812
16213129
23
14
-24
-1825
117
3781
16214154
53
-18
-30
-1832
190
3779
16215179
44
-31
-15
-1844
180
3880
16216204
15
-25
-2
-1866
85
3897
16217229
4
-19
0
-1881
113
3865
16218254
-5
-19
8
-1881
169
3852
16219279
-25
-11
24
-1855
109
3905
16220304
-12
-2
28
-1829
91
3950
16213121
4
6
26
-1820
164
3947
16214146
-9
14
18
-1817
204
3873
16215171
-16
13
9
-1820
193
3857
16216196
3
2
0
-1829
195
3872
16217221
23
-5
-11
-1846
187
3866
16218246
23
-8
-18
-1852
163
3866
16219271
15
-5
-19
-1848
145
3895
16220296
16
0
-19
-1853
142
3897
16221321
3
4
-16
-1865
128
3856
16222346
-2
1
-11
-1867
115
3847
16223371
6
-4
-5
-1836
113
3877
16224396
7
-4
3
-1826
156
3889
16225421
-22
4
14
-1845
146
3875
16226446
-32
0
14
-1877
120
3835
16227471
-3
-19
10
-1857
160
3851
16228496
4
-27
14
-1827
210
3914
16221311
-36
-7
14
-1834
169
3909
16222336
-45
6
7
-1854
152
3884
16223361
-9
1
0
-1847
155
3898
16224386
24
-8
-1
-1814
128
3924
16225411
28
-7
-6
-1826
175
3887
16226436
10
4
-13
-1843
182
3861
16227461
-19
9
-14
-1841
136
3862
16228486
-21
5
-10
-1842
92
3892
16229511
8
-4
-6
-1876
131
3877
16230536
18
-6
-1
-1880
146
3853
16231561
3
-7
6
-1866
123
3836
16232586
-7
-12
13
-1839
135
3875
16233611
-18
-14
18
-1840
134
3884
16234636
-10
-24
15
-1847
153
3855
16235661
-28
-30
19
-1848
183
3844
16236686
-97
-39
37
-1862
195
3843
16229504
-164
-46
53
-1920
124
3847
16230529
-316
-98
57
-1974
507
3530
16231554
-648
-64
126
-1917
84
3621
16232579
-520
15
116
-1648
-570
4501
16233604
44
14
151
-1278
-559
5001
16234629
324
46
96
-2049
581
4326
16235654
-234
181
72
-1848
310
3329
16236679
-343
156
-10
-1919
101
3066
16237704
-126
46
-124
-1842
-7
3478
16238729
152
-44
-176
-1819
-91
3901
16239754
271
-74
-133
-1722
71
4409
16240779
183
-7
-24
-1845
-161
4183
16241804
304
-16
-49
-2022
78
3612
16242829
334
-26
-96
-1905
114
3838
16243854
199
-4
-74
-1892
155
4026
16244879
95
-17
-66
-1793
306
3802
16237696
0
-24
-36
-1729
29
3687
16238721
7
-27
-15
-1820
-29
3974
16239746
75
-13
-17
-1880
59
4124
16240771
97
16
-20
-1886
138
3976
16241796
19
55
-16
-1882
172
3920
16242821
-15
69
-20
-1879
169
3846
16243846
-9
47
-29
-1844
124
3717
16244871
20
24
-10
-1823
58
3800
16245896
55
7
4
-1850
97
3935
16246921
43
1
-12
-1874
163
3836
16247946
-8
-2
-18
-1895
73
3731
16248971
-12
-11
2
-1904
22
3890
16249996
16
-21
9
-1889
69
3944
16251021
26
-23
13
-1859
107
3841
16252046
9
-16
25
-1854
125
3843
16253071
-16
-9
31
-1847
140
3887
16245888
-27
-7
36
-1840
103
3903
16246913
-9
-6
29
-1854
125
3923
16247938
-6
1
26
-1871
142
3931
16248963
-9
10
15
-1863
137
3900
16249988
-8
5
9
-1832
135
3825
16251013
-1
4
9
-1832
108
3865
16252038
-8
6
9
-1866
113
3913
16253063
-16
0
6
-1897
90
3836
16254088
4
-15
2
-1871
123
3809
16255113
0
-13
13
-1858
97
3894
16256138
-14
-7
23
-1872
79
3910
16257163
-13
-12
23
-1867
118
3865
16258188
-5
-18
17
-1848
172
3842
16259213
-4
-19
10
-1832
143
3875
16260238
1
-12
8
-1846
135
3947
16261263
-7
-1
6
-1852
134
3931
16254080
-4
4
1
-1855
126
3879
16255105
3
6
-5
-1861
80
3862
16256130
20
1
-8
-1870
94
3862
16257155
15
1
-4
-1857
108
3827
16258180
4
-2
5
-1857
67
3842
16259205
22
-13
12
-1884
60
3904
16260230
34
-21
14
-1887
89
3863
16261255
19
-27
18
-1853
163
3804
16262280
2
-21
24
-1833
136
3893
16263305
4
-15
25
-1845
140
3950
16264330
-3
-10
21
-1856
160
3886
16265355
7
-19
12
-1836
182
3837
16266380
28
-20
2
-1826
141
3896
16267405
59
-18
-6
-1835
148
3952
16268430
74
-12
-13
-1838
156
3890
16269455
54
-6
-13
-1839
179
3877
16262310
14
5
-11
-1847
150
3941
16263335
12
11
-14
-1859
109
3909
16264360
40
5
-16
-1850
119
3847
16265385
42
5
-7
-1844
151
3872
16266410
12
5
-1
-1851
146
3875
16267435
-5
1
-2
-1866
134
3802
16268460
4
-7
-2
-1872
133
3825
16269485
8
-17
7
-1857
126
3879
16270510
6
-23
14
-1844
157
3877
16271535
-4
-21
17
-1848
161
3862
16272560
-9
-24
19
-1848
156
3849
16273585
3
-19
23
-1851
135
3952
16274610
0
-11
16
-1843
199
3934
16275635
-9
-4
7
-1831
200
3872
16276660
-12
-2
4
-1836
170
3885
16277685
6
-3
1
-1830
169
3910
16270465
5
1
-4
-1832
189
3897
16271490
-12
7
-5
-1855
165
3884
16272515
-5
4
-9
-1858
141
3859
16273540
10
-1
-11
-1830
144
3888
16274565
0
1
-9
-1831
153
3916
16275590
-16
7
-7
-1855
159
3888
16276615
-8
7
-5
-1875
118
3834
16277640
10
0
2
-1860
98
3866
16278665
7
-1
10
-1855
142
3922
16279690
-24
4
7
-1842
144
3863
16280715
-33
1
7
-1853
141
3827
16281740
-16
-15
11
-1848
120
3867
16282765
3
-26
18
-1846
143
3873
16283790
24
-37
22
-1857
156
3831
16284815
20
-41
17
-1854
155
3885
16285840
-37
-13
20
-1856
133
3984
16278656
-55
-1
23
-1854
156
3891
16279681
-139
-6
46
-1906
241
3795
16280706
-372
-16
63
-1955
159
3820
16281731
-548
-28
86
-1906
274
3659
16282756
-482
0
151
-1726
-141
3849
16283781
-66
35
167
-1342
-625
4691
16284806
372
10
156
-2001
41
4239
16285831
5
110
61
-1995
761
3861
16286856
-542
230
19
-1795
68
3581
16287881
-527
226
-55
-1863
39
3823
16288906
-220
138
-89
-1747
-347
3911
16289931
322
39
-53
-1795
-305
3974
16290956
648
-24
-62
-2034
259
3750
16291981
554
-62
-123
-2005
479
3493
16293006
238
-76
-127
-1917
375
3513
16294031
59
-110
-97
-1864
211
3626
16286848
49
-117
-81
-1848
-80
4000
16287873
160
-95
-61
-1905
-125
4246
16288898
207
-73
-57
-1879
-5
4026
16289923
134
-38
-35
-1849
142
3917
16290948
-4
22
4
-1844
149
3985
16291973
-89
66
16
-1854
33
3967
16292998
-46
64
20
-1862
-21
3856
16294023
51
36
21
-1861
144
3833
16295048
39
9
17
-1875
213
3714
16296073
9
-26
16
-1875
130
3652
16297098
26
-45
23
-1883
117
3905
16298123
13
-40
31
-1884
157
3957
16299148
-26
-22
20
-1888
181
3814
16300173
-22
-13
3
-1872
165
3882
16301198
4
-10
3
-1844
127
3970
16302223
-16
-4
13
-1840
114
3919
16295040
-28
2
18
-1855
126
3895
16296065
2
2
13
-1862
136
3900
16297090
14
0
6
-1859
156
3840
16298115
-4
-2
6
-1845
161
3819
16299140
-23
-4
13
-1863
97
3868
16300165
-12
-8
15
-1895
122
3879
16301190
27
-11
14
-1877
155
3926
16302215
50
-6
9
-1841
168
3954
16303240
21
9
1
-1822
175
3900
16304265
8
20
-2
-1845
134
3856
16305290
4
6
-3
-1869
139
3784
16306315
-10
-2
0
-1885
128
3835
16307340
-1
-1
1
-1907
128
3897
16308365
3
-8
7
-1898
127
3804
16309390
-5
-15
17
-1886
97
3813
16310415
7
-22
23
-1870
123
3909
16303233
10
-25
24
-1848
148
3889
16304258
7
-19
21
-1831
135
3865
16305283
9
-19
19
-1840
142
3904
16306308
10
-18
14
-1845
157
3906
16307333
13
-17
8
-1851
201
3904
16308358
10
-6
3
-1852
180
3940
16309383
24
5
-5
-1849
186
3924
16310408
2
13
-9
-1844
189
3853
16311433
-28
13
-6
-1851
162
3810
16312458
-4
8
-5
-1883
118
3913
16313483
18
4
-9
-1883
118
3893
16314508
10
3
-12
-1851
134
3816
16315533
-3
1
-4
-1855
147
3839
16316558
4
-8
1
-1881
131
3856
16317583
31
-12
2
-1891
121
3891
16318608
39
-11
-1
-1862
181
3847
16311423
22
-8
0
-1834
218
3850
16312448
-14
-3
11
-1847
173
3898
16313473
-15
-5
11
-1876
147
3862
16314498
6
-17
3
-1867
162
3812
16315523
10
-23
6
-1853
201
3875
16316548
-13
-19
13
-1874
186
3892
16317573
-26
-18
20
-1900
144
3843
16318598
-8
-27
18
-1876
109
3819
16319623
25
-34
13
-1834
126
3889
16320648
48
-35
16
-1846
177
3944
16321673
18
-26
18
-1854
148
3881
16322698
-13
-17
8
-1812
112
3878
16323723
0
-15
-5
-1781
141
3937
16324748
10
-14
-7
-1808
122
3931
16325773
13
-17
-9
-1829
106
3872
16326798
36
-16
-13
-1822
133
3914
16319616
38
-14
-11
-1820
185
3892
16320641
-9
-6
2
-1848
171
3862
16321666
-21
-7
7
-1877
103
3860
16322691
25
-16
4
-1878
153
3856
16323716
32
-18
15
-1868
216
3868
16324741
-22
-13
34
-1856
169
3847
16325766
-43
-11
41
-1866
125
3846
16326791
1
-29
34
-1848
182
3852
16327816
5
-39
37
-1827
224
3874
16328841
-38
-42
35
-1812
191
3857
16329866
-30
-44
28
-1808
169
3907
16330891
0
-52
22
-1832
228
3901
16331916
-5
-47
20
-1833
245
3846
16332941
-28
-37
15
-1826
201
3881
16333966
-27
-35
6
-1833
127
3910
16334991
1
-44
3
-1819
166
3876
16327808
1
-45
16
-1819
197
3888
16328833
-36
-39
23
-1828
186
3897
16329858
-114
-47
27
-1859
257
3752
16330883
-335
-90
57
-2006
399
3421
16331908
-654
-109
97
-1942
265
3435
16332933
-505
-10
118
-1614
-589
4682
16333958
91
14
241
-946
-945
5561
16334983
539
36
165
-2046
708
4599
16336008
-230
208
110
-1929
686
3027
16337033
-787
200
7
-1883
369
2803
16338058
-623
70
-109
-1847
-268
3517
16339083
102
-115
-190
-1684
-454
4053
16340108
542
-177
-161
-1660
140
4271
16341133
363
-90
-57
-1673
231
4196
16342158
228
-18
3
-1959
33
3903
16343183
184
7
-59
-1917
111
3854
16336001
223
-5
-109
-1849
298
3808
16337026
122
-13
-69
-1783
241
3736
16338051
9
-1
-41
-1711
-42
3989
16339076
35
18
-43
-1697
-77
4296
16340101
71
50
-14
-1815
-31
4083
16341126
17
67
-4
-1880
30
3739
16342151
-9
50
-12
-1846
30
3740
16343176
79
12
-21
-1825
122
3921
16344201
120
0
-23
-1805
186
3984
16345226
95
10
-31
-1823
217
3875
16346251
56
-5
-29
-1827
156
3655
16347276
34
-29
-16
-1799
175
3743
16348301
-5
-23
-5
-1820
72
4009
16349326
-11
-8
-9
-1843
37
3996
16350351
-2
-4
-2
-1843
45
3855
16351376
6
-13
20
-1823
99
3814
16344193
-1
-15
40
-1825
61
3882
16345218
10
-18
39
-1816
82
3919
16346243
29
-19
36
-1785
168
3940
16347268
22
-19
33
-1772
162
3904
16348293
54
-24
24
-1780
185
3959
16349318
68
-15
12
-1805
222
3963
16350343
52
-3
1
-1811
214
3905
16351368
27
7
-6
-1810
178
3912
16352393
24
9
-16
-1813
177
3887
16353418
44
6
-20
-1815
138
3888
16354443
50
2
-16
-1797
111
3886
16355468
31
-3
-6
-1807
121
3843
16356493
9
-9
7
-1816
144
3823
16357518
-7
-14
23
-1823
136
3846
16358543
-20
-8
34
-1818
93
4005
16359568
-42
8
40
-1831
156
4059
16352384
-46
22
30
-1815
219
3879
16353409
-18
12
14
-1790
237
3759
16354434
9
-7
17
-1783
184
3869
16355459
35
-14
12
-1800
161
3969
16356484
50
-16
-1
-1792
204
3936
16357509
32
-6
-11
-1797
194
3871
16358534
26
1
-21
-1814
177
3867
16359559
17
-3
-16
-1828
145
3899
16360584
33
-3
-12
-1817
148
3973
16361609
27
7
-13
-1812
176
3931
16362634
8
17
-14
-1803
176
3864
16363659
5
22
-6
-1810
153
3885
16364684
3
15
6
-1814
144
3888
16365709
8
5
9
-1820
172
3859
16366734
-3
2
6
-1823
187
3840
16367759
-12
-6
1
-1827
171
3836
16360576
0
-22
-1
-1810
164
3888
16361601
20
-21
1
-1813
196
3932
16362626
13
-13
-4
-1808
201
3916
16363651
0
-9
-9
-1810
195
3859
16364676
-8
-12
-11
-1818
232
3854
16365701
-19
-9
-15
-1807
166
3917
16366726
-8
-9
-19
-1812
128
3908
16367751
11
-15
-20
-1807
127
3873
16368776
16
-20
-8
-1825
155
3859
16369801
-2
-18
1
-1850
198
3869
16370826
-20
-13
9
-1850
149
3856
16371851
-19
-25
11
-1832
147
3837
16372876
6
-45
13
-1814
133
3886
16373901
36
-58
15
-1766
169
3921
16374926
29
-52
17
-1731
204
3928
16375951
-7
-38
23
-1750
157
3969
16368768
8
-32
16
-1775
189
3983
16369793
30
-26
7
-1772
216
3962
16370818
23
-8
0
-1791
216
3927
16371843
5
1
-7
-1790
227
3898
16372868
2
4
-5
-1794
188
3914
16373893
15
6
-5
-1790
174
3927
16374918
3
10
-8
-1797
175
3893
16375943
-11
8
-6
-1795
159
3876
16376968
-1
3
4
-1787
164
3897
16377993
-2
-4
8
-1794
191
3901
16379018
-8
-12
4
-1802
199
3859
16380043
0
-16
4
-1784
200
3910
16381068
5
-13
9
-1781
205
3953
16382093
-10
-6
8
-1782
201
3947
16383118
-12
4
8
-1791
169
3952
16384143
4
7
5
-1800
154
3916
16376961
6
6
2
-1783
167
3882
16377986
-3
16
3
-1783
175
3925
16379011
-3
19
4
-1796
160
3911
16380036
9
13
4
-1795
176
3863
16381061
11
10
4
-1789
220
3889
16382086
-20
13
7
-1804
186
3882
16383111
-15
3
6
-1818
173
3846
16384136
-2
-19
7
-1844
242
3808
16385161
-150
-56
36
-1974
474
3674
16386186
-606
-57
107
-2001
208
3789
16387211
-807
57
109
-1760
-460
4163
16388236
-115
1
138
-989
-438
4782
16389261
563
-68
145
-1950
204
4273
16390286
100
92
37
-1976
757
3427
16391311
-413
170
-80
-1765
329
3235
16392336
-308
106
-151
-1843
-102
3761
16385152
152
-34
-203
-1768
-172
3888
16386177
287
-82
-156
-1665
192
4233
16387202
127
13
-9
-1795
-58
4143
16388227
151
30
23
-2048
235
3552
16389252
78
-8
-7
-1863
148
3618
16390277
14
-6
-18
-1804
-60
4065
16391302
148
-22
-31
-1818
92
4078
16392327
223
-30
-23
-1761
190
3834
16393352
129
3
11
-1771
141
3974
16394377
28
32
28
-1818
33
4053
16395402
7
36
35
-1825
84
3915
16396427
34
24
21
-1833
241
3825
16397452
31
19
7
-1813
183
3909
16398477
14
19
14
-1823
179
3928
16399502
22
23
9
-1810
225
3923
16400527
7
21
7
-1836
203
3859
16393344
-14
-4
1
-1819
230
3774
16394369
-12
-8
6
-1821
138
3876
16395394
-1
-6
4
-1840
123
3927
16396419
12
-8
-5
-1818
173
3895
16397444
-17
-5
12
-1836
150
3845
16398469
-31
-9
20
-1852
75
3844
16399494
29
-24
15
-1827
111
3902
16400519
72
-28
13
-1806
217
3933
16401544
32
-10
11
-1805
254
3942
16402569
-13
3
7
-1818
224
3884
16403594
-2
9
5
-1838
118
3946
16404619
30
12
-1
-1827
124
3956
16405644
40
17
-9
-1804
187
3878
16406669
24
21
-6
-1800
169
3861
16407694
-2
19
10
-1823
114
3880
16408719
3
5
18
-1835
116
3836
16401535
22
-17
22
-1833
249
3784
16402560
11
-22
25
-1823
240
3832
16403585
3
-16
26
-1826
170
3976
16404610
20
-13
17
-1832
150
3969
16405635
24
-4
2
-1828
214
3890
16406660
19
1
-2
-1810
209
3911
16407685
3
-2
2
-1798
185
3855
16408710
1
1
5
-1815
159
3872
16409735
4
-2
3
-1849
198
3869
16410760
0
-6
0
-1832
180
3874
16411785
-2
-8
4
-1831
183
3892
16412810
-12
-10
7
-1856
176
3847
16413835
12
-17
3
-1870
184
3852
16414860
32
-21
-2
-1827
182
3880
16415885
7
-24
4
-1805
235
3866
16416910
-22
-24
13
-1796
194
3877
16409728
-16
-24
19
-1793
178
3935
16410753
0
-21
13
-1802
189
3944
16411778
17
-21
6
-1805
211
3908
16412803
11
-15
10
-1811
200
3904
16413828
0
-5
13
-1811
202
3930
16414853
-1
-2
9
-1819
205
3908
16415878
-1
2
5
-1825
177
3891
16416903
-2
3
2
-1825
169
3906
16417928
-7
0
4
-1813
172
3879
16418953
1
-3
9
-1801
213
3889
16419978
-9
0
13
-1824
192
3874
16421003
-6
-2
6
-1825
216
3841
16422028
-9
-5
9
-1805
210
3887
16423053
-19
-4
16
-1805
176
3928
16424078
-19
-3
13
-1809
188
3899
16425103
-6
-8
8
-1827
192
3839
16417921
20
-16
5
-1807
221
3879
16418946
28
-9
4
-1794
224
3936
16419971
6
3
2
-1793
216
3933
16420996
-19
10
2
-1815
172
3906
16422021
0
3
-1
-1816
176
3866
16423046
17
-4
0
-1799
197
3893
16424071
-16
4
7
-1836
172
3899
16425096
-24
7
6
-1858
166
3848
16426121
3
2
3
-1826
159
3858
16427146
9
-7
12
-1806
181
3892
16428171
-11
-7
17
-1802
187
3879
16429196
-9
-10
20
-1812
205
3855
16430221
-3
-15
19
-1807
213
3913
16431246
4
-14
13
-1796
242
3927
16432271
-1
-7
7
-1804
219
3888
16433296
-9
-5
4
-1816
206
3899
16426111
1
-8
0
-1810
205
3915
16427136
16
-6
-5
-1800
205
3907
16428161
18
-1
-6
-1811
222
3920
16429186
-9
12
-4
-1824
172
3879
16430211
-10
13
-3
-1819
168
3894
16431236
-2
11
2
-1820
174
3923
16432261
1
3
-1
-1803
192
3845
16433286
-1
-5
0
-1806
216
3829
16434311
-11
-10
9
-1822
191
3897
16435336
-22
-8
12
-1816
211
3894
16436361
-39
-3
13
-1836
179
3870
16437386
-30
-15
10
-1866
167
3818
16438411
-82
-44
18
-1914
404
3711
16439436
-398
-85
82
-2015
392
3480
16440461
-615
-30
94
-1856
-321
3966
16441486
-188
-5
42
-1412
-302
4706
16434305
323
3
120
-1304
-69
4673
16435330
286
88
63
-2118
636
4046
16436355
-297
181
-29
-1844
462
3216
16437380
-318
118
-95
-1879
90
3414
16438405
41
-31
-137
-1773
10
3785
16439430
235
-118
-153
-1773
199
3853
16440455
110
-64
-106
-1706
128
4170
16441480
71
12
-37
-1857
-67
4090
16442505
131
10
-31
-2002
200
3609
16443530
33
11
-22
-1937
110
3698
16444555
-22
14
-29
-1832
11
4018
16445580
57
-3
-39
-1785
112
4014
16446605
102
-13
-1
-1746
44
3854
16447630
92
-1
29
-1794
108
3929
16448655
23
-3
22
-1824
108
3885
16449680
11
-8
13
-1837
162
3887
16442496
5
4
16
-1828
251
4028
16443521
-12
27
2
-1815
198
4003
16444546
25
17
-14
-1806
207
3811
16445571
50
0
-3
-1819
196
3757
16446596
36
-8
8
-1832
146
3889
16447621
30
-7
-3
-1838
161
3917
16448646
27
-4
-19
-1833
186
3867
16449671
5
-6
-12
-1840
145
3870
16450696
-8
-12
8
-1845
66
3875
16451721
28
-24
17
-1831
123
3904
16452746
25
-17
20
-1826
151
3883
16453771
0
-10
15
-1818
174
3872
16454796
-17
-8
20
-1815
160
3914
16455821
-18
-10
25
-1820
197
3908
16456846
-6
-8
23
-1813
172
3888
16457871
16
-5
13
-1820
186
3894
16450688
7
0
6
-1810
208
3918
16451713
-13
3
4
-1806
180
3907
16452738
1
-5
2
-1820
149
3858
16453763
20
-7
3
-1839
152
3881
16454788
11
-3
6
-1834
173
3921
16455813
-11
2
10
-1828
156
3906
16456838
-19
4
9
-1832
160
3848
16457863
9
-4
-2
-1833
183
3829
16458888
32
-12
0
-1818
171
3898
16459913
26
-7
10
-1815
159
3951
16460938
-1
2
14
-1813
192
3914
16461963
-17
6
7
-1823
188
3848
16462988
-10
4
0
-1828
167
3874
16464013
11
-2
1
-1823
139
3916
16465038
16
-7
4
-1818
184
3872
16466063
-8
-2
8
-1818
180
3882
16458880
-21
-5
7
-1832
162
3869
16459905
0
-17
12
-1825
134
3873
16460930
16
-13
19
-1829
157
3946
16461955
0
-2
19
-1831
215
3926
16462980
-21
10
14
-1821
185
3857
16464005
-9
7
6
-1820
170
3863
16465030
22
-7
3
-1808
221
3930
16466055
14
-2
3
-1800
192
3927
16467080
-6
10
-1
-1821
198
3901
16468105
-15
15
-7
-1833
159
3875
16469130
11
5
-12
-1828
157
3837
16470155
21
2
-13
-1824
184
3899
16471180
9
6
-7
-1833
170
3913
16472205
-15
9
0
-1847
123
3874
16473230
-8
0
5
-1844
116
3848
16474255
14
-5
4
-1836
198
3876
16467072
-1
-8
2
-1828
239
3874
16468097
-24
-8
5
-1831
184
3855
16469122
0
-16
8
-1831
165
3876
16470147
20
-26
9
-1817
203
3912
16471172
3
-17
3
-1815
200
3887
16472197
-3
-5
-2
-1818
179
3941
16473222
-12
7
-3
-1826
170
3952
16474247
-17
12
-2
-1832
184
3877
16475272
1
7
3
-1826
154
3866
16476297
17
1
3
-1833
164
3890
16477322
4
1
0
-1828
181
3872
16478347
-19
2
5
-1832
165
3830
16479372
-20
-7
8
-1828
160
3878
16480397
1
-17
11
-1833
177
3932
16481422
9
-17
11
-1845
192
3893
16482447
-2
-11
8
-1829
214
3868
16475263
-27
-1
1
-1823
181
3895
16476288
-23
-3
-6
-1817
143
3907
16477313
6
-9
-6
-1823
146
3904
16478338
28
-15
-1
-1823
171
3868
16479363
14
-9
6
-1826
186
3871
16480388
-20
1
10
-1824
158
3909
16481413
-27
6
10
-1829
148
3896
16482438
-8
1
10
-1824
160
3886
16483463
15
-8
4
-1818
223
3896
16484488
24
-6
-10
-1809
232
3893
16485513
3
3
-14
-1813
211
3899
16486538
-14
4
-11
-1821
169
3901
16487563
9
0
-8
-1825
166
3908
16488588
26
-1
-7
-1840
188
3872
16489613
12
6
-5
-1845
171
3888
16490638
-7
15
1
-1845
165
3920
16483456
-12
17
3
-1831
157
3867
16484481
3
8
3
-1826
152
3853
16485506
21
4
2
-1826
184
3886
16486531
5
6
2
-1827
194
3860
16487556
-18
8
7
-1833
168
3857
16488581
-20
6
7
-1848
150
3860
16489606
-5
-7
2
-1860
145
3852
16490631
-26
-24
13
-1890
178
3826
16491656
-126
-39
34
-1979
194
3831
16492681
-226
-48
22
-1897
103
3968
16493706
-337
5
50
-1738
-85
3939
16494731
-76
2
64
-1576
125
3949
16495756
154
11
74
-1577
340
4228
16496781
86
65
34
-2075
411
4051
16497806
-216
116
-40
-1817
266
3809
16498831
-264
112
-66
-1846
-55
3523
16491648
-73
46
-113
-1739
57
3841
16492673
95
61
-47
-1784
-166
4275
16493698
242
79
-39
-1986
106
4086
16494723
206
61
-93
-1959
346
3563
16495748
37
16
-70
-1943
261
3295
16496773
1
-44
-41
-1892
134
3597
16497798
55
-97
-29
-1841
83
3868
16498823
107
-95
-8
-1847
-40
4052
16499848
121
-64
14
-1871
27
4126
16500873
46
-21
30
-1879
131
4058
16501898
-48
9
44
-1884
145
3893
16502923
-45
8
46
-1851
158
3801
16503948
23
-3
32
-1818
203
3907
16504973
39
-10
21
-1821
195
3873
16505998
53
-22
2
-1830
202
3782
16507023
51
-29
2
-1841
202
3869
16499841
14
-24
4
-1848
177
3920
16500866
18
-13
-1
-1860
135
3912
16501891
42
-9
-7
-1871
204
3915
16502916
15
-2
-6
-1851
147
3888
16503941
-18
1
8
-1849
106
3835
16504966
-2
-7
11
-1830
141
3827
16505991
22
-11
13
-1831
181
3879
16507016
-1
-5
15
-1849
200
3878
16508041
-27
-2
9
-1850
206
3880
16509066
-4
-15
5
-1844
168
3889
16510091
28
-18
1
-1845
168
3874
16511116
44
-18
-7
-1834
221
3860
16512141
14
-8
-4
-1835
198
3886
16513166
-9
1
0
-1833
155
3941
16514191
-18
4
0
-1849
148
3891
16515216
-4
-12
-3
-1843
183
3759
16508033
14
-18
4
-1848
130
3870
16509058
27
-16
11
-1849
176
3985
16510083
-4
0
11
-1842
205
3904
16511108
-48
13
12
-1847
194
3839
16512133
-37
9
3
-1830
170
3911
16513158
19
-4
-4
-1824
191
3926
16514183
37
-6
-7
-1833
202
3891
16515208
11
7
-14
-1840
204
3852
16516233
-10
15
-18
-1835
208
3873
16517258
-20
13
-13
-1851
149
3878
16518283
-8
5
-5
-1872
95
3850
16519308
10
-6
-3
-1872
137
3822
16520333
4
-9
6
-1853
159
3873
16521358
-13
-6
15
-1847
161
3873
16522383
-23
-8
19
-1853
148
3832
16523408
-11
-17
18
-1860
145
3863
16516223
11
-26
16
-1835
176
3918
16517248
8
-25
19
-1820
198
3897
16518273
-5
-18
20
-1848
193
3864
16519298
-18
-11
13
-1845
181
3872
16520323
-10
-14
6
-1825
187
3926
16521348
5
-19
1
-1805
197
3895
16522373
9
-7
-1
-1817
178
3924
16523398
-2
8
2
-1841
150
3953
16524423
-10
20
2
-1847
175
3915
16525448
-31
28
-2
-1849
174
3874
16526473
-20
20
-10
-1836
152
3840
16527498
13
9
-16
-1843
175
3859
16528523
12
2
-13
-1842
171
3855
16529548
-7
1
-4
-1849
164
3844
16530573
-21
1
3
-1870
119
3847
16531598
-8
-8
5
-1876
144
3833
16524416
0
-14
12
-1863
152
3862
16525441
-17
-14
25
-1854
147
3903
16526466
-27
-14
26
-1841
156
3865
16527491
-27
-16
24
-1843
183
3843
16528516
-18
-26
21
-1827
194
3897
16529541
-4
-27
11
-1814
212
3931
16530566
-6
-19
-3
-1821
243
3897
16531591
-18
-8
-15
-1834
236
3881
16532616
-13
-3
-24
-1827
172
3936
16533641
6
-2
-33
-1828
134
3921
16534666
14
3
-29
-1838
94
3899
16535691
16
9
-21
-1851
100
3908
16536716
-6
19
-15
-1853
128
3892
16537741
-17
23
-10
-1846
129
3903
16538766
-4
23
-13
-1856
125
3867
16539791
6
11
-12
-1844
150
3802
16532608
2
2
-4
-1830
128
3854
16533633
4
0
5
-1837
166
3895
16534658
-12
2
6
-1855
159
3861
16535683
-11
-8
8
-1869
121
3843
16536708
12
-16
10
-1853
133
3887
16537733
18
-16
13
-1844
157
3903
16538758
5
-14
17
-1857
150
3880
16539783
-1
-16
17
-1852
144
3873
16540808
-15
-8
21
-1840
146
3897
16541833
-26
-5
25
-1839
165
3871
16542858
-71
-1
32
-1856
207
3853
16543883
-165
-23
46
-1991
352
3758
16544908
-454
4
58
-1881
127
3839
16545933
-395
69
110
-1791
-452
4176
16546958
2
31
95
-1632
43
4283
16547983
231
32
131
-1607
6
4127
16540800
167
74
76
-2185
337
3769
16541825
-179
83
-34
-1826
433
3386
16542850
-288
45
-96
-1854
148
3348
16543875
-25
-72
-170
-1772
80
3802
16544900
150
-83
-113
-1658
-108
4385
16545925
214
18
-18
-1956
-109
4227
16546950
262
-3
-22
-2122
379
3413
16547975
116
-32
-42
-1886
180
3479
16549000
-2
-44
-48
-1828
-19
4005
16550025
7
-39
-33
-1823
51
4140
16551050
91
-31
-31
-1789
115
4037
16552075
94
2
-5
-1831
117
3962
16553100
40
23
13
-1841
165
3890
16554125
-16
32
24
-1858
98
3878
16555150
-12
33
18
-1885
67
3911
16556175
29
26
8
-1880
174
3884
16548992
44
14
4
-1864
243
3767
16550017
38
-7
7
-1846
164
3747
16551042
7
-15
12
-1877
136
3879
16552067
2
-15
6
-1873
124
3941
16553092
21
-15
3
-1865
174
3845
16554117
14
-20
0
-1848
177
3801
16555142
12
-17
9
-1861
108
3947
16556167
27
-12
12
-1866
114
3960
16557192
26
-11
10
-1855
172
3833
16558217
5
-4
8
-1833
204
3841
16559242
-14
3
9
-1838
155
3929
16560267
-22
5
9
-1871
134
3891
16561292
8
-8
2
-1865
171
3854
16562317
17
-12
-1
-1851
168
3847
16563342
16
-9
-5
-1829
168
3868
16564367
-3
-4
-2
-1849
136
3905
16557184
1
-8
-1
-1873
101
3869
16558209
32
-16
3
-1864
133
3868
16559234
33
-15
5
-1852
176
3840
16560259
3
-11
4
-1855
154
3842
16561284
-14
-10
12
-1858
116
3898
16562309
7
-18
16
-1852
165
3885
16563334
13
-16
17
-1842
170
3883
16564359
7
-10
12
-1844
197
3900
16565384
-11
-1
5
-1847
190
3891
16566409
-19
0
4
-1854
158
3865
16567434
2
-8
1
-1844
150
3868
16568459
15
-15
0
-1840
169
3881
16569484
-10
-9
4
-1862
157
3878
16570509
-28
-6
8
-1865
115
3866
16571534
-3
-14
6
-1851
125
3849
16572559
16
-18
10
-1842
157
3888
16565375
-12
-14
16
-1854
190
3876
16566400
-28
-16
16
-1845
182
3852
16567425
-22
-20
20
-1839
178
3873
16568450
-8
-16
15
-1836
186
3945
16569475
-13
-1
2
-1841
183
3924
16570500
-6
6
-5
-1837
167
3883
16571525
-8
8
-6
-1834
156
3865
16572550
-7
7
-1
-1833
130
3891
16573575
9
6
0
-1848
144
3908
16574600
5
6
-4
-1866
166
3859
16575625
-10
7
-1
-1866
128
3827
16576650
-13
2
5
-1853
135
3857
16577675
-9
-9
13
-1852
125
3897
16578700
-9
-8
18
-1857
145
3882
16579725
-16
-4
18
-1863
157
3855
16580750
-15
-8
15
-1849
152
3854
16573568
-5
-22
17
-1818
164
3889
16574593
-5
-19
21
-1834
146
3898
16575618
2
-16
18
-1855
160
3886
16576643
7
-11
13
-1841
180
3906
16577668
9
-5
6
-1824
176
3918
16578693
6
2
4
-1819
202
3920
16579718
-8
15
-3
-1837
186
3904
16580743
-6
20
-14
-1838
166
3886
16581768
8
19
-19
-1837
147
3849
16582793
19
11
-15
-1842
132
3867
16583818
5
5
-10
-1865
123
3841
16584843
-10
0
-2
-1878
91
3834
16585868
-3
-8
11
-1876
113
3864
16586893
0
-16
20
-1865
140
3857
16587918
3
-17
21
-1839
156
3870
16588943
-5
-10
26
-1845
161
3901
16581760
-17
-6
22
-1832
186
3898
16582785
-16
-4
15
-1828
187
3879
16583810
-1
-6
7
-1836
187
3902
16584835
4
-6
0
-1846
166
3868
16585860
11
-5
-5
-1835
172
3904
16586885
5
5
-5
-1836
174
3939
16587910
-21
22
-4
-1852
148
3908
16588935
-60
24
1
-1875
163
3802
16589960
-175
0
21
-1927
193
3609
16590985
-316
-17
61
-1972
43
3762
16592010
-454
6
57
-1946
29
4150
16593035
-515
99
47
-1727
-51
4395
16594060
-288
133
56
-1633
-115
3986
16595085
43
90
98
-1670
-110
3787
16596110
183
41
45
-2109
382
3730
16597135
-121
39
-59
-1886
353
3709
16589952
-202
16
-85
-1889
-121
3646
16590977
-31
-47
-87
-1806
134
3781
16592002
82
-52
-89
-1766
-53
4039
16593027
200
-15
-35
-1993
-198
4062
16594052
189
19
-44
-2026
120
3825
16595077
71
36
-70
-1895
42
3825
16596102
-17
39
-35
-1888
-145
3823
16597127
80
-2
-33
-1873
141
3772
16598152
74
-26
-17
-1803
69
3786
16599177
68
-13
9
-1852
-18
4037
16600202
68
-1
10
-1890
63
4053
16601227
28
16
13
-1912
108
3878
16602252
7
25
14
-1921
53
3850
16603277
34
20
19
-1919
71
3876
16604302
58
-2
3
-1884
168
3794
16605327
41
-16
-4
-1840
128
3770
16598144
21
-12
9
-1872
67
3901
16599169
20
-7
5
-1897
43
3904
16600194
21
-11
-5
-1889
127
3847
16601219
-5
-10
1
-1887
67
3888
16602244
-5
-7
7
-1907
-3
3857
16603269
38
-19
3
-1893
63
3815
16604294
59
-27
8
-1880
87
3845
16605319
57
-25
16
-1854
116
3896
16606344
14
-16
18
-1868
127
3872
16607369
-23
-21
21
-1910
54
3792
16608394
15
-35
15
-1905
71
3859
16609419
72
-36
10
-1870
130
3950
16610444
67
-26
7
-1852
141
3918
16611469
3
-21
8
-1863
111
3754
16612494
-17
-20
6
-1869
63
3843
16613519
33
-17
5
-1857
137
4086
16606335
25
6
0
-1842
147
4010
16607360
-13
19
2
-1864
110
3827
16608385
-12
13
0
-1860
131
3799
16609410
7
-2
-10
-1867
109
3817
16610435
23
-11
-13
-1865
99
3891
16611460
13
-10
-7
-1878
105
3894
16612485
-9
-6
1
-1894
84
3844
16613510
-16
-11
6
-1895
66
3830
16614535
2
-18
10
-1889
129
3844
16615560
-8
-16
21
-1862
88
3883
16616585
-30
-10
30
-1850
55
3911
16617610
-28
-8
30
-1845
118
3897
16618635
-20
-6
26
-1875
137
3847
16619660
-18
-12
22
-1867
165
3847
16620685
-31
-10
18
-1840
164
3899
16621710
-14
-7
4
-1828
113
3962
16614669
23
-2
-17
-1854
152
3930
16615694
42
12
-35
-1857
174
3905
16616719
34
26
-42
-1847
135
3910
16617744
-8
29
-35
-1859
111
3851
16618769
-4
25
-32
-1891
36
3828
16619794
28
17
-25
-1928
55
3864
16620819
13
12
-16
-1906
98
3849
16621844
-8
11
-11
-1881
42
3846
16622869
10
11
-9
-1880
102
3900
16623894
11
14
-2
-1871
94
3904
16624919
-2
15
4
-1860
104
3831
16625944
-1
13
7
-1856
113
3837
16626969
-1
8
8
-1875
98
3860
16627994
-7
0
9
-1892
93
3834
16629019
7
-12
11
-1874
98
3857
16630044
14
-12
13
-1877
110
3886
16622721
-2
-6
12
-1885
131
3867
16623746
-18
-1
13
-1885
115
3843
16624771
-10
-5
9
-1870
128
3852
16625796
10
-10
3
-1859
137
3905
16626821
13
-10
-3
-1877
136
3879
16627846
-1
-4
-7
-1888
117
3854
16628871
-13
-3
-7
-1872
109
3853
16629896
-4
-7
-8
-1870
96
3882
16630921
14
-11
-9
-1893
66
3886
16631946
17
-9
-6
-1897
75
3888
16632971
10
-4
-5
-1875
108
3865
16633996
3
1
4
-1860
127
3875
16635021
-26
6
14
-1888
89
3894
16636046
-24
-2
12
-1896
61
3818
16637071
22
-14
7
-1881
124
3824
16638096
27
-12
5
-1862
153
3884
16630911
-26
-3
6
-1879
134
3854
16631936
-39
-4
7
-1919
94
3832
16632961
9
-16
3
-1890
104
3884
16633986
11
-16
5
-1860
136
3895
16635011
-28
-6
9
-1865
116
3847
16636036
-16
-22
11
-1892
45
3844
16637061
18
-28
4
-1865
119
3961
16638086
-5
-9
1
-1868
137
3943
16639111
-11
-6
-5
-1867
124
3814
16640136
9
-6
-7
-1868
126
3882
16641161
0
3
-2
-1868
95
3938
16642186
-14
13
-3
-1871
101
3873
16643211
-32
20
-3
-1879
82
3819
16644236
-30
7
-2
-1895
67
3821
16645261
-45
-22
8
-1925
133
3720
16646286
-193
-65
49
-2039
326
3668
16639105
-492
-43
105
-2039
-119
3960
16640130
-647
46
95
-1872
-185
3975
16641155
-265
-43
166
-1194
-348
4004
16642180
381
-88
257
-2038
-327
4211
16643205
99
22
118
-2103
611
3936
16644230
-396
145
22
-1790
359
3446
16645255
-459
174
-21
-1859
-51
3873
16646280
-133
99
-81
-1757
-339
4094
16647305
366
12
-76
-1681
-206
4221
16648330
557
5
-47
-1973
123
3919
16649355
342
-1
-71
-2117
519
3393
16650380
27
-9
-81
-1938
200
3519
16651405
-38
-37
-95
-1817
-63
3920
16652430
55
-62
-91
-1851
-106
4040
16653455
130
-68
-84
-1916
15
3901
16654480
53
-51
-55
-1936
333
3724
16647296
-145
-15
0
-1888
-75
3806
16648321
-114
-8
15
-1895
-427
4025
16649346
52
-8
18
-1883
9
4181
16650371
7
52
19
-1898
141
4025
16651396
-6
76
12
-1881
59
3784
16652421
10
59
15
-1841
117
3753
16653446
-1
42
19
-1864
-10
3807
16654471
39
2
5
-1925
39
3773
16655496
72
-28
-2
-1926
76
3777
16656521
66
-37
-5
-1927
60
3813
16657546
35
-42
1
-1916
35
3860
16658571
50
-54
6
-1907
46
3819
16659596
75
-52
4
-1895
73
3862
16660621
105
-55
8
-1877
30
3921
16661646
104
-43
9
-1868
124
3917
16662671
51
-29
10
-1844
142
3894
16655487
-14
-15
12
-1861
106
3885
16656512
-30
-3
8
-1891
77
3923
16657537
16
-11
-3
-1877
31
3858
16658562
62
-22
-1
-1869
145
3895
16659587
-1
-14
4
-1837
180
3859
16660612
-54
19
15
-1860
16
3962
16661637
-28
28
12
-1893
41
3985
16662662
-13
39
5
-1894
60
3872
16663687
9
31
-3
-1884
88
3778
16664712
27
15
-11
-1877
119
3795
16665737
21
-5
-11
-1882
123
3798
16666762
1
-21
1
-1896
69
3791
16667787
7
-28
10
-1899
64
3873
16668812
12
-34
12
-1895
85
3863
16669837
9
-29
14
-1899
83
3873
16670862
10
-18
15
-1896
102
3924
16663680
-2
-8
14
-1863
85
3890
16664705
6
-5
12
-1843
90
3874
16665730
18
-3
10
-1842
116
3921
16666755
12
1
8
-1858
111
3895
16667780
0
1
5
-1872
130
3834
16668805
3
-4
3
-1873
107
3823
16669830
18
-5
-1
-1880
100
3905
16670855
14
0
-3
-1886
86
3901
16671880
2
5
-2
-1876
83
3865
16672905
-4
2
4
-1885
78
3860
16673930
-1
-3
12
-1879
81
3854
16674955
8
-6
15
-1896
110
3864
16675980
9
-6
12
-1896
109
3852
16677005
6
-10
9
-1876
112
3844
16678030
8
-17
9
-1849
114
3845
16679055
5
-21
13
-1868
97
3870
16671872
9
-23
14
-1882
113
3902
16672897
-1
-19
14
-1879
127
3863
16673922
-3
-15
13
-1869
114
3862
16674947
6
-18
9
-1873
109
3898
16675972
12
-14
2
-1869
106
3921
16676997
4
-6
2
-1866
123
3880
16678022
-7
-4
7
-1860
108
3851
16679047
6
-6
8
-1863
98
3878
16680072
10
-7
5
-1868
131
3917
16681097
-4
-2
3
-1882
91
3899
16682122
0
-4
1
-1874
98
3838
16683147
6
-7
4
-1860
128
3852
16684172
-1
-6
5
-1868
135
3885
16685197
-8
-6
2
-1871
130
3874
16686222
-7
-10
1
-1871
100
3850
16687247
4
-22
5
-1852
97
3857
16680064
14
-22
9
-1854
121
3922
16681089
-3
-10
7
-1871
146
3919
16682114
-13
-1
2
-1875
117
3869
16683139
2
0
-1
-1857
114
3875
16684164
11
1
2
-1853
84
3906
16685189
5
0
0
-1857
121
3882
16686214
3
3
-2
-1867
110
3853
16687239
14
-7
-1
-1864
97
3862
16688264
21
-11
-3
-1849
130
3907
16689289
6
1
-4
-1862
150
3891
16690314
-8
8
-1
-1879
101
3872
16691339
8
1
-4
-1857
106
3850
16692364
20
2
-5
-1847
122
3912
16693389
-12
13
-1
-1869
127
3877
16694414
-28
16
2
-1880
94
3818
16695439
-2
-1
5
-1877
89
3831
16688256
24
-18
5
-1869
133
3890
16689281
8
-8
0
-1862
153
3929
16690306
-10
11
-4
-1874
134
3900
16691331
-26
13
-4
-1874
147
3812
16692356
-87
4
15
-1867
118
3767
16693381
-103
0
28
-1880
16
3915
16694406
-127
-34
39
-2060
329
3733
16695431
-495
-37
86
-2095
398
3653
16696456
-894
110
104
-1751
-322
4144
16697481
-429
73
136
-1140
-762
4421
16698506
465
-43
127
-2238
-139
4067
16699531
165
21
35
-1989
454
3468
16700556
-242
88
-72
-1915
429
3408
16701581
-333
41
-121
-1853
-203
3957
16702606
-43
-36
-134
-1824
-348
3924
16703631
297
-57
-110
-1719
59
4164
16696448
271
1
-15
-1918
77
3913
16697473
220
-6
0
-2059
158
3548
16698498
107
-28
-28
-1900
-98
3716
16699523
139
-43
-62
-1850
-65
4097
16700548
177
-34
-40
-1893
28
3998
16701573
130
-34
-9
-1855
75
3757
16702598
100
-23
3
-1857
8
3899
16703623
102
-20
-4
-1865
35
3977
16704648
75
-6
-4
-1879
108
3856
16705673
56
0
1
-1877
155
3825
16706698
38
12
5
-1868
83
3966
16707723
38
24
-5
-1863
75
3976
16708748
36
22
-4
-1873
84
3816
16709773
45
-4
-6
-1883
83
3657
16710798
79
-27
-9
-1869
130
3806
16711823
37
-21
4
-1867
70
4000
16704640
5
-2
9
-1884
80
3963
16705665
2
3
8
-1892
92
3857
16706690
0
-7
9
-1884
113
3772
16707715
6
-20
12
-1856
70
3831
16708740
31
-7
18
-1879
62
3999
16709765
39
10
14
-1873
133
3951
16710790
-3
26
12
-1868
164
3858
16711815
-50
31
10
-1860
129
3815
16712840
-34
12
-1
-1868
87
3854
16713865
23
-8
-10
-1879
89
3865
16714890
47
-13
-9
-1878
116
3870
16715915
21
-3
-4
-1888
124
3873
16716940
-20
1
4
-1882
100
3802
16717965
-27
0
12
-1884
50
3856
16718990
-5
-5
15
-1890
46
3952
16720015
18
-2
15
-1873
95
3921
16712832
11
6
13
-1861
170
3849
16713857
-20
15
12
-1871
151
3834
16714882
-16
6
7
-1894
112
3848
16715907
14
-8
2
-1875
106
3866
16716932
15
-8
4
-1877
91
3872
16717957
1
-6
-1
-1881
94
3825
16718982
4
-7
0
-1895
99
3858
16720007
12
-12
8
-1898
83
3896
16721032
2
-7
12
-1884
86
3882
16722057
-5
-3
9
-1874
104
3878
16723082
-3
-3
10
-1878
124
3840
16724107
-8
-6
10
-1880
130
3821
16725132
1
-7
10
-1874
119
3889
16726157
0
-9
9
-1874
97
3891
16727182
2
-11
6
-1881
99
3869
16728207
8
-13
7
-1885
109
3864
16721023
6
-11
10
-1885
143
3865
16722048
0
-4
8
-1878
127
3894
16723073
-4
-1
4
-1875
120
3893
16724098
1
-3
1
-1862
97
3871
16725123
6
-9
1
-1868
126
3835
16726148
2
-9
3
-1872
120
3872
16727173
-7
-3
4
-1886
98
3911
16728198
-8
0
1
-1877
86
3864
16729223
3
-5
-2
-1870
107
3842
16730248
6
-8
3
-1869
121
3896
16731273
-7
1
7
-1886
116
3906
16732298
-21
9
5
-1881
101
3856
16733323
-22
6
7
-1878
87
3841
16734348
-5
-8
10
-1872
99
3850
16735373
4
-13
11
-1882
94
3890
16736398
4
-6
11
-1892
129
3876
16729217
-12
2
8
-1880
126
3847
16730242
-19
3
9
-1872
109
3866
16731267
-1
-7
6
-1869
94
3879
16732292
18
-13
5
-1877
116
3877
16733317
1
-5
5
-1880
133
3854
16734342
-7
0
1
-1872
149
3869
16735367
-15
0
1
-1884
110
3883
16736392
-3
-7
-1
-1890
94
3845
16737417
17
-13
1
-1872
113
3859
16738442
8
-9
3
-1868
131
3887
16739467
-24
0
1
-1873
106
3873
16740492
-19
-3
0
-1875
89
3864
16741517
2
-14
4
-1883
113
3859
16742542
1
-14
8
-1879
91
3873
16743567
4
-7
6
-1875
121
3913
16744592
-10
1
3
-1873
106
3893
16737408
-21
3
6
-1866
69
3854
16738433
5
-2
10
-1867
87
3884
16739458
15
-2
10
-1876
129
3873
16740483
-4
2
6
-1889
112
3862
16741508
-8
2
6
-1888
73
3872
16742533
4
-3
7
-1871
102
3860
16743558
-3
-6
11
-1865
116
3841
16744583
-14
-3
14
-1876
111
3872
16745608
-12
-2
13
-1887
107
3881
16746633
-2
-8
16
-1876
119
3855
16747658
-3
-9
15
-1876
151
3868
16748683
-20
-7
11
-1885
123
3872
16749708
-11
-11
6
-1880
109
3884
16750733
13
-12
5
-1867
109
3908
16751758
11
-6
3
-1860
114
3893
16752783
-3
3
-1
-1869
132
3859
16745599
-18
3
0
-1874
145
3840
16746624
-44
0
4
-1878
108
3828
16747649
-31
-1
11
-1887
4
3902
16748674
-14
-8
12
-1928
41
3927
16749699
-55
-20
6
-1925
184
3841
16750724
-153
-22
11
-1870
159
3735
16751749
-164
-20
46
-1934
38
3893
16752774
-274
1
37
-1966
249
3904
16753799
-424
74
26
-1780
-4
3873
16754824
-197
115
114
-1408
-488
4374
16755849
312
26
131
-2032
-45
4108
16756874
80
86
40
-1999
448
3817
16757899
-234
148
23
-1923
42
3524
16758924
-231
85
-45
-1939
58
3507
16759949
45
17
-132
-1775
-22
3718
16760974
247
-6
-123
-1705
86
4378
16753825
186
53
-31
-1992
-242
4178
16754850
267
22
-49
-2223
79
3390
16755875
162
-47
-84
-1970
265
3191
16756900
16
-73
-49
-1933
207
3675
16757925
17
-97
-52
-1857
42
4109
16758950
99
-83
-18
-1844
-137
4193
16759975
183
-51
5
-1901
36
4039
16761000
107
-16
11
-1898
107
3863
16762025
-30
17
25
-1926
47
3856
16763050
-59
32
31
-1908
53
3951
16764075
9
33
22
-1888
117
3945
16765100
50
27
8
-1870
187
3820
16766125
45
12
-1
-1877
189
3688
16767150
19
-2
7
-1899
135
3773
16768175
1
-9
14
-1954
23
3885
16769200
23
-19
4
-1938
62
3855
4294952064
42
-13
7
-1924
86
3862
4294953089
15
-13
22
-1916
106
3840
4294954114
-12
-15
26
-1902
110
3816
4294955139
-10
-13
33
-1897
68
3872
4294956164
3
-17
33
-1887
87
3893
4294957189
-7
-15
25
-1885
169
3864
4294958214
-29
-17
21
-1881
144
3823
4294959239
-13
-21
17
-1899
105
3877
4294960264
11
-27
9
-1899
131
3891
4294961289
35
-26
3
-1884
134
3895
4294962314
28
-15
2
-1880
131
3898
4294963339
11
0
-3
-1891
121
3880
4294964364
-7
3
-7
-1888
113
3833
4294965389
-11
2
-5
-1905
76
3855
4294966414
6
-1
-4
-1904
84
3887
143
9
-4
-3
-1902
127
3825
4294960255
-12
-5
6
-1902
87
3832
4294961280
-13
-10
12
-1899
96
3866
4294962305
-4
-13
11
-1894
117
3837
4294963330
2
-15
10
-1907
118
3836
4294964355
-2
-16
12
-1887
103
3912
4294965380
0
-14
16
-1884
117
3912
4294966405
8
-10
9
-1875
146
3859
134
4
-4
5
-1881
161
3886
1159
-25
4
3
-1889
83
3869
2184
-1
-2
-5
-1878
129
3856
3209
13
-4
-9
-1872
179
3859
4234
-22
7
-5
-1895
112
3852
5259
-34
3
-8
-1910
69
3830
6284
3
-9
-9
-1899
70
3823
7309
30
-20
-7
-1891
105
3860
8334
3
-18
-3
-1879
123
3874
1153
-27
-9
2
-1891
94
3887
2178
-15
-9
4
-1883
66
3882
3203
8
-15
4
-1877
76
3879
4228
21
-16
4
-1893
133
3876
5253
4
-5
7
-1901
142
3863
6278
-18
4
6
-1888
102
3853
7303
-9
2
6
-1872
101
3880
8328
6
-7
4
-1870
85
3881
9353
16
-10
6
-1894
120
3880
10378
-5
-4
7
-1909
125
3857
11403
-7
-3
5
-1880
137
3846
12428
-4
-5
3
-1869
129
3845
13453
-7
-7
3
-1885
100
3894
14478
8
-10
-1
-1897
106
3882
15503
14
-8
-1
-1888
104
3850
16528
4
-5
2
-1868
119
3866
9344
-15
3
6
-1884
80
3889
10369
-7
-1
3
-1902
96
3867
11394
18
-10
3
-1885
104
3867
12419
13
-8
9
-1868
117
3866
13444
-2
-2
10
-1873
119
3850
14469
-5
-3
11
-1899
128
3862
15494
-2
-5
10
-1910
124
3865
16519
6
-13
6
-1881
109
3851
17544
26
-18
3
-1859
147
3857
18569
15
-12
5
-1868
138
3877
19594
-5
-1
8
-1891
109
3902
20619
-10
0
5
-1888
112
3893
21644
6
-3
2
-1874
125
3851
22669
18
0
2
-1868
132
3891
23694
6
6
-2
-1881
135
3880
24719
-11
8
-4
-1888
95
3849
17537
9
-1
-3
-1884
105
3862
18562
21
-8
-2
-1878
131
3843
19587
15
-5
0
-1888
122
3858
20612
0
3
4
-1904
114
3864
21637
-2
-2
7
-1906
86
3865
22662
4
-10
11
-1897
95
3860
23687
17
-14
9
-1879
122
3877
24712
9
-11
16
-1879
132
3869
25737
-14
-4
19
-1872
134
3872
26762
-6
-3
15
-1878
162
3882
27787
-1
-3
4
-1872
164
3882
28812
-7
-3
-1
-1883
132
3863
29837
-9
-4
-1
-1881
115
3854
30862
-4
-5
3
-1879
126
3884
31887
-35
2
6
-1899
107
3875
32912
-71
-3
4
-1947
154
3799
25728
-227
-47
19
-2038
383
3513
26753
-536
-50
84
-1928
121
3689
27778
-351
19
106
-1842
-624
4295
28803
111
16
58
-1568
-75
4576
29828
244
62
103
-1722
104
4181
30853
129
101
13
-2077
540
3787
31878
-303
156
-35
-1859
187
3514
32903
-288
88
-91
-1940
146
3351
33928
-66
-41
-103
-1829
61
3451
34953
156
-117
-107
-1792
-3
3808
35978
130
-53
-86
-1844
80
4523
37003
-152
80
1
-2041
-374
4190
38028
-39
85
-13
-2106
-302
3567
39053
168
33
-43
-2018
14
3642
40078
215
-6
-43
-1934
153
3933
41103
152
-32
-52
-1833
390
3798
33919
53
-31
-16
-1740
130
3779
34944
26
-25
2
-1818
-110
3953
35969
75
-25
-5
-1925
-38
4023
36994
81
-8
-5
-1995
97
3937
38019
48
12
-15
-1979
141
3834
39044
3
31
-5
-1925
53
3861
40069
-12
35
7
-1909
70
3871
41094
-7
19
9
-1907
82
3778
42119
24
-7
15
-1903
56
3763
43144
53
-26
15
-1898
111
3806
44169
75
-32
5
-1893
153
3887
45194
56
-29
-1
-1910
129
3878
46219
19
-25
-4
-1931
99
3844
47244
-21
-14
-5
-1912
68
3873
48269
2
-8
-1
-1891
56
3906
49294
26
-3
2
-1894
83
3887
42112
3
4
6
-1909
59
3844
43137
-15
-2
12
-1923
85
3792
44162
-6
-16
17
-1917
99
3804
45187
2
-15
15
-1914
99
3880
46212
-12
-7
15
-1910
79
3918
47237
-24
-5
11
-1902
84
3834
48262
-16
-11
13
-1885
103
3804
49287
-3
-13
21
-1895
79
3874
50312
-5
-12
19
-1912
90
3887
51337
-8
-15
17
-1900
82
3847
52362
0
-16
18
-1902
95
3847
53387
4
-12
13
-1892
105
3864
54412
4
-16
14
-1898
115
3856
55437
-1
-16
14
-1889
102
3900
56462
-4
-10
10
-1895
100
3871
57487
21
-8
0
-1874
130
3856
50399
22
-6
2
-1883
127
3880
51424
-20
2
8
-1892
88
3893
52449
-20
3
3
-1894
61
3890
53474
8
-1
-8
-1897
103
3871
54499
6
0
-6
-1908
120
3819
55524
-9
2
2
-1905
82
3846
56549
-5
1
8
-1892
81
3891
57574
-11
5
7
-1900
96
3865
58599
2
-4
4
-1898
97
3822
59624
5
-11
3
-1889
112
3838
60649
-13
-14
6
-1876
114
3872
61674
-22
-8
7
-1894
115
3898
62699
-14
-3
3
-1911
110
3886
63724
-13
0
0
-1906
94
3850
64749
-6
-3
1
-1886
54
3842
65774
15
-1
4
-1894
50
3887
58496
25
-1
6
-1911
76
3876
59521
14
-2
8
-1903
79
3835
60546
17
-3
12
-1881
60
3863
61571
14
-2
17
-1881
106
3897
62596
-12
6
18
-1908
119
3850
63621
-20
4
17
-1920
92
3826
64646
2
-5
12
-1893
98
3846
65671
19
-10
8
-1875
147
3889
66696
-1
-5
5
-1889
148
3862
67721
-11
-5
5
-1914
80
3839
68746
13
-13
0
-1903
98
3880
69771
23
-14
-2
-1884
130
3893
70796
-1
0
-6
-1890
131
3867
71821
-20
6
-9
-1914
101
3843
72846
-9
0
-12
-1895
93
3839
73871
9
-3
-10
-1873
111
3879
66689
5
1
-10
-1891
116
3873
67714
-11
1
-13
-1914
98
3828
68739
-5
-7
-11
-1921
63
3842
69764
11
-16
-9
-1901
96
3861
70789
3
-13
-5
-1895
101
3848
71814
-24
-11
0
-1903
95
3817
72839
-27
-17
3
-1901
59
3863
73864
-4
-20
7
-1886
49
3914
74889
2
-16
10
-1896
84
3866
75914
-11
-10
13
-1901
100
3853
76939
-18
-5
12
-1891
105
3907
77964
-8
-6
12
-1889
79
3874
78989
14
-14
7
-1894
88
3832
80014
10
-10
5
-1890
127
3873
81039
-20
-1
6
-1887
103
3859
82064
-28
3
6
-1880
88
3880
74880
-23
5
4
-1883
87
3886
75905
2
-6
2
-1892
80
3843
76930
8
-12
4
-1887
110
3857
77955
-32
0
10
-1893
66
3887
78980
-42
-4
12
-1938
98
3859
80005
-144
-34
22
-2042
299
3702
81030
-500
-37
33
-1955
221
3674
82055
-467
65
91
-1799
-491
4240
83080
-59
115
97
-1634
-273
4496
84105
183
90
141
-1657
-317
3925
85130
204
74
97
-2292
452
3683
86155
-353
104
-45
-1944
709
3512
87180
-633
63
-22
-1918
159
3248
88205
-325
-28
10
-1810
-286
3797
89230
43
-101
-37
-1868
-271
4263
90255
-6
-56
-80
-1914
-41
4148
83071
-341
91
-60
-1918
-162
3941
84096
-371
160
23
-1911
-359
3932
85121
11
136
7
-2037
-373
3868
86146
387
57
-54
-1990
-347
3718
87171
592
-39
-112
-1956
456
3477
88196
355
-94
-51
-1868
401
3435
89221
66
-98
-8
-1887
-106
3806
90246
8
-107
-28
-1945
-172
4011
91271
110
-95
-4
-1964
-213
4077
92296
197
-66
9
-1999
-22
4044
93321
152
-26
-6
-1938
110
3950
94346
51
12
-1
-1884
77
3905
95371
7
22
10
-1848
4
3856
96396
37
17
9
-1856
45
3858
97421
68
-2
-6
-1876
98
3819
98446
64
-13
-14
-1899
42
3805
91264
44
-14
-16
-1935
16
3856
92289
38
-16
-9
-1965
19
3877
93314
27
-25
-10
-1964
95
3763
94339
10
-30
-1
-1916
30
3813
95364
3
-18
19
-1919
-58
3956
96389
34
-13
24
-1894
9
3934
97414
46
-4
24
-1896
99
3836
98439
6
-5
24
-1888
113
3793
99464
-42
-6
26
-1903
56
3832
100489
-13
-19
16
-1908
20
3862
101514
36
-29
3
-1895
89
3897
102539
37
-22
0
-1890
107
3915
103564
20
-9
-1
-1902
51
3903
104589
17
5
4
-1898
48
3923
105614
16
15
1
-1898
79
3889
106639
5
18
-2
-1903
91
3837
99456
1
11
-6
-1898
60
3811
100481
23
-1
-7
-1897
48
3853
101506
31
-6
0
-1910
50
3864
102531
15
-2
8
-1917
47
3863
103556
4
-4
5
-1924
74
3811
104581
-3
-9
7
-1904
49
3837
105606
-11
-9
18
-1904
30
3913
106631
-1
-11
16
-1894
84
3878
107656
-2
-14
13
-1903
115
3832
108681
-3
-11
8
-1903
121
3866
109706
2
-2
5
-1899
66
3911
110731
0
1
1
-1892
60
3883
111756
4
0
-4
-1894
61
3856
112781
16
2
-4
-1903
72
3846
113806
2
4
1
-1921
49
3823
114831
-1
-4
7
-1907
60
3851
107648
6
-7
8
-1904
62
3883
108673
-11
-7
10
-1902
75
3858
109698
-22
-7
13
-1918
60
3821
110723
5
-17
9
-1922
78
3843
111748
9
-20
7
-1897
83
3877
112773
-3
-11
3
-1881
119
3915
113798
-27
4
2
-1890
89
3889
114823
-19
2
3
-1907
53
3852
115848
14
-3
3
-1910
56
3900
116873
31
-3
-5
-1899
83
3882
117898
16
4
-7
-1887
95
3856
118923
-15
7
1
-1904
58
3831
119948
-5
-1
3
-1923
49
3850
120973
20
-6
-1
-1917
68
3871
121998
19
-6
-3
-1901
107
3878
123023
-26
3
-1
-1907
100
3824
115840
-48
0
5
-1911
39
3824
116865
-5
-14
1
-1895
31
3880
117890
16
-16
-1
-1886
70
3901
118915
-16
-8
3
-1893
66
3848
119940
-20
-7
4
-1888
76
3843
120965
-5
-7
4
-1897
71
3900
121990
-3
1
4
-1910
84
3918
123015
-10
7
4
-1913
77
3862
124040
4
2
2
-1897
74
3838
125065
9
5
3
-1889
83
3883
126090
-18
15
3
-1908
65
3874
127115
-18
13
-2
-1909
53
3838
128140
-1
-9
-4
-1895
70
3819
129165
-11
-17
2
-1885
57
3849
130190
-25
-8
13
-1922
-2
3882
131215
-9
-5
13
-1949
35
3872
124032
-8
-5
9
-1923
63
3845
125057
-5
-6
8
-1890
62
3849
126082
11
-5
10
-1886
86
3881
127107
4
-9
9
-1896
90
3845
128132
-2
-16
4
-1886
73
3853
129157
1
-17
-2
-1886
83
3896
130182
10
-15
-5
-1897
75
3853
131207
12
-7
-5
-1905
84
3830
132232
11
-3
-1
-1906
35
3894
133257
7
-2
-4
-1913
51
3912
134282
4
-4
-8
-1917
48
3818
135307
4
-11
-1
-1897
38
3822
136332
-2
-17
7
-1896
63
3880
137357
-27
-21
15
-1913
52
3842
138382
-90
-40
25
-1994
227
3743
139407
-313
-49
61
-2016
168
3711
132224
-375
-1
74
-1914
-256
4140
133249
-120
12
41
-1720
-256
4089
134274
167
0
76
-1503
-60
4041
135299
281
1
83
-2181
188
3885
136324
-103
77
-19
-1948
377
3867
137349
-212
80
-68
-1884
-160
3552
138374
46
-14
-127
-1861
14
3593
139399
232
-54
-165
-1705
134
4022
140424
173
2
-65
-1911
-119
4192
141449
190
16
-26
-2160
45
3703
142474
123
-31
-45
-1979
152
3504
143499
-1
-54
-32
-1923
102
3649
144524
12
-84
-33
-1836
30
3942
145549
82
-80
-9
-1833
-22
4149
146574
100
-44
12
-1859
-28
4060
147599
63
-6
14
-1887
107
3921
140416
-40
34
34
-1900
132
3919
141441
-83
51
41
-1904
-27
3937
142466
21
37
21
-1884
83
3948
143491
45
35
4
-1874
190
3832
144516
4
29
-7
-1877
190
3705
145541
-16
5
0
-1884
102
3758
146566
-12
-6
3
-1925
22
3890
147591
19
-13
-4
-1943
16
3891
148616
24
-10
-7
-1939
69
3805
149641
-13
-12
1
-1908
107
3771
150666
-74
-26
25
-1875
124
3770
151691
-75
-16
49
-1902
-90
3963
152716
2
-10
45
-1915
-19
4051
153741
10
13
32
-1887
107
3907
154766
-8
31
26
-1883
128
3858
155791
-21
28
17
-1872
140
3872
148608
-12
20
4
-1881
92
3842
149633
21
0
-13
-1885
100
3804
150658
34
-12
-18
-1890
133
3840
151683
-1
-9
-15
-1905
110
3839
152708
-42
-1
-7
-1937
-15
3873
153733
-17
-10
-4
-1961
-45
3861
154758
24
-23
2
-1923
33
3838
155783
12
-13
24
-1891
42
3874
156808
-34
3
35
-1893
41
3882
157833
-34
1
30
-1894
64
3830
158858
1
-13
23
-1888
96
3842
159883
12
-23
15
-1883
135
3863
160908
-5
-18
11
-1889
113
3878
161933
-6
-13
5
-1912
88
3887
162958
-5
-9
-1
-1893
81
3879
163983
-3
-12
-3
-1891
88
3880
156800
2
-12
-1
-1896
15
3873
157825
25
-4
0
-1893
48
3909
158850
5
4
4
-1888
81
3870
159875
-18
9
6
-1900
56
3828
160900
13
1
0
-1895
78
3869
161925
39
-7
-7
-1899
116
3864
162950
4
-3
1
-1897
83
3823
163975
-12
-2
8
-1899
50
3876
165000
20
-12
1
-1901
66
3895
166025
18
-9
-2
-1907
113
3849
167050
-3
-9
0
-1891
59
3823
168075
3
-1
4
-1881
15
3905
169100
4
-2
7
-1897
62
3896
170125
-11
-4
11
-1915
63
3842
171150
-4
-9
16
-1910
76
3818
172175
7
-9
17
-1893
85
3873
164992
28
-7
13
-1882
123
3960
166017
19
5
3
-1871
145
3925
167042
-5
19
-3
-1888
132
3865
168067
-12
14
-15
-1883
112
3811
169092
1
4
-19
-1889
80
3839
170117
-3
0
-18
-1912
89
3854
171142
-25
2
-12
-1918
45
3857
172167
-19
1
-8
-1923
43
3858
173192
5
2
-7
-1905
62
3881
174217
11
6
-2
-1909
60
3861
175242
-8
2
2
-1896
50
3809
176267
-9
-3
5
-1881
54
3872
177292
3
-7
5
-1882
79
3896
178317
-2
-4
-1
-1904
91
3848
179342
-6
0
-7
-1911
95
3835
180367
-13
-4
0
-1897
57
3865
173183
-2
-6
4
-1899
34
3897
174208
19
-4
5
-1917
70
3878
175233
3
3
4
-1916
65
3837
176258
-10
2
6
-1902
52
3820
177283
-8
-4
10
-1905
54
3867
178308
-6
-10
12
-1904
62
3857
179333
2
-17
10
-1906
75
3827
180358
-1
-22
12
-1901
85
3844
181383
-12
-22
16
-1896
94
3872
182408
-14
-19
14
-1894
89
3875
183433
-12
-16
11
-1901
82
3892
184458
-4
-15
9
-1890
63
3872
185483
10
-12
9
-1875
87
3891
186508
-1
-3
13
-1893
82
3887
187533
-13
-1
9
-1906
83
3861
188558
-9
-1
5
-1902
48
3879
181376
10
-4
1
-1881
89
3890
182401
-1
1
2
-1875
106
3872
183426
-37
8
4
-1913
109
3827
184451
-91
6
14
-1963
55
3813
185476
-202
-22
32
-2045
45
3768
186501
-358
-12
30
-1983
-6
4003
187526
-308
3
46
-1857
-198
3784
188551
18
-27
88
-1414
-160
4094
189576
345
-41
165
-1906
-3
4142
190601
-15
72
54
-2108
544
3982
191626
-423
149
-11
-1860
-41
3490
192651
-271
85
-93
-1916
2
3529
193676
26
24
-153
-1798
-64
3944
194701
142
33
-78
-1738
-292
4372
195726
262
73
-11
-2028
-103
4070
196751
321
42
-67
-2101
408
3434
189569
110
-24
-74
-1945
323
3186
190594
1
-49
-61
-1916
-41
3789
191619
60
-76
-60
-1936
-105
4140
192644
139
-77
-39
-1908
-167
3996
193669
180
-60
-24
-1895
33
3888
194694
26
-17
2
-1909
118
3915
195719
-84
20
23
-1929
-43
3982
196744
-52
31
28
-1917
-26
3952
197769
-2
34
24
-1894
106
3917
198794
13
20
14
-1895
121
3741
199819
17
-7
14
-1907
88
3655
200844
4
-23
22
-1925
21
3827
201869
-1
-27
21
-1927
8
3938
202894
21
-25
9
-1918
100
3883
203919
2
-23
6
-1934
71
3790
204944
-6
-36
13
-1917
21
3787
197759
16
-38
19
-1899
20
3903
198784
20
-22
19
-1895
84
3965
199809
-5
-5
19
-1882
68
3890
200834
-7
1
21
-1894
67
3847
201859
9
-4
23
-1896
85
3880
202884
35
-17
18
-1912
78
3874
203909
31
-20
5
-1897
101
3836
204934
12
-8
1
-1905
103
3841
205959
-6
-9
8
-1893
64
3869
206984
13
-9
9
-1905
6
3874
208009
40
-10
6
-1893
65
3876
209034
2
1
10
-1900
94
3862
210059
-31
5
15
-1911
94
3851
211084
-32
-4
15
-1896
70
3848
212109
5
-8
11
-1881
50
3906
213134
19
-6
10
-1902
97
3894
205952
-20
3
7
-1909
75
3817
206977
-17
-1
1
-1903
85
3827
208002
-9
-9
0
-1898
71
3863
209027
-16
-13
5
-1903
21
3846
210052
-9
-21
12
-1919
52
3821
211077
-7
-26
26
-1917
59
3872
212102
-26
-19
37
-1921
43
3879
213127
-26
-13
35
-1898
66
3858
214152
-11
-10
26
-1871
102
3886
215177
10
-14
16
-1849
97
3884
216202
14
-17
7
-1854
105
3874
217227
3
-13
4
-1894
128
3891
218252
-14
-12
-2
-1896
106
3851
219277
-17
-10
-4
-1882
56
3889
220302
-6
-5
-3
-1891
25
3936
221327
10
-3
-3
-1905
37
3860
214144
19
1
-1
-1894
85
3844
215169
-9
7
7
-1874
60
3862
216194
-21
4
14
-1882
25
3867
217219
-4
-1
13
-1900
60
3854
218244
9
-8
10
-1904
85
3829
219269
2
-15
7
-1885
90
3871
220294
-7
-16
7
-1889
91
3895
221319
-1
-10
3
-1877
84
3849
222344
4
-8
0
-1882
60
3841
223369
6
-11
-2
-1882
62
3880
224394
13
-9
-1
-1893
72
3907
225419
5
3
-1
-1899
77
3890
226444
-10
11
1
-1895
49
3852
227469
-10
6
7
-1895
28
3856
228494
9
-2
10
-1887
91
3888
229519
1
1
11
-1883
80
3873
222336
-10
0
8
-1890
65
3843
223361
-5
-8
11
-1893
63
3837
224386
-10
-12
21
-1891
98
3874
225411
-35
-2
24
-1907
77
3884
226436
-15
3
21
-1898
12
3911
227461
10
3
14
-1878
47
3889
228486
9
9
7
-1856
113
3892
229511
-9
20
5
-1871
105
3879
230536
-9
16
0
-1887
78
3820
231561
1
3
-5
-1896
80
3835
232586
13
-7
-6
-1922
71
3860
233611
13
-10
-6
-1916
73
3853
234636
-5
-5
0
-1921
65
3823
235661
-6
-8
5
-1895
29
3851
236686
13
-13
7
-1878
49
3906
237711
13
-12
5
-1872
112
3908
230529
-9
-4
6
-1895
95
3877
231554
-15
-1
4
-1900
75
3853
232579
0
-3
-2
-1891
72
3845
233604
21
-7
-8
-1886
87
3886
234629
5
-4
-5
-1890
80
3886
235654
-6
-1
3
-1882
27
3855
236679
6
1
8
-1886
46
3891
237704
-7
4
10
-1908
100
3862
238729
-43
6
12
-1926
69
3805
239754
-34
-7
14
-1912
33
3833
240779
-26
-14
18
-1894
41
3877
241804
-74
-21
25
-1965
143
3779
242829
-296
-58
57
-2066
279
3500
243854
-575
-25
87
-1974
-47
3827
244879
-372
33
87
-1805
-509
4469
245904
185
14
156
-1304
-512
4885
238720
566
-7
114
-2051
290
4054
239745
5
80
72
-2015
542
3141
240770
-387
68
-25
-1918
190
2961
241795
-160
-52
-153
-1900
-67
3495
242820
239
-164
-217
-1838
22
3865
243845
266
-159
-172
-1802
163
4264
244870
70
-24
-65
-1739
-131
4576
245895
32
70
19
-2034
-65
3982
246920
53
63
-17
-2062
218
3466
247945
24
31
-50
-1855
-13
3666
248970
74
-3
-38
-1798
-147
4036
249995
157
-28
-25
-1808
-42
4019
251020
151
-21
-11
-1876
74
3892
252045
54
-1
-7
-1930
238
3770
253070
-70
29
2
-1924
52
3850
254095
-23
26
10
-1940
-147
3935
246912
76
2
-1
-1921
80
3916
247937
80
21
-9
-1879
153
3939
248962
35
35
-10
-1845
158
3862
249987
-18
31
-8
-1850
74
3765
251012
-11
22
-2
-1889
28
3838
252037
31
16
-2
-1924
47
3926
253062
53
9
-15
-1934
72
3842
254087
35
0
-15
-1904
71
3819
255112
-10
-1
0
-1896
34
3800
256137
2
-9
5
-1907
21
3815
257162
48
-3
9
-1902
128
3996
258187
9
26
13
-1902
52
3988
259212
-17
39
15
-1897
80
3824
260237
-3
36
5
-1896
153
3804
261262
13
21
-9
-1915
78
3830
262287
25
-1
-12
-1910
56
3790
255104
27
-11
-3
-1897
49
3838
256129
19
-7
6
-1915
83
3908
257154
-14
-6
8
-1925
114
3838
258179
-38
6
26
-1955
14
3845
259204
-18
6
30
-1943
1
3884
260229
23
0
23
-1912
101
3856
261254
4
1
24
-1892
186
3826
262279
-44
5
28
-1893
89
3837
263304
-20
-11
20
-1903
56
3817
264329
33
-28
7
-1895
133
3884
265354
34
-21
2
-1899
145
3908
266379
-5
-5
-3
-1910
96
3862
267404
-13
-3
-3
-1912
31
3867
268429
13
-3
-1
-1917
71
3901
269454
7
-1
5
-1915
88
3872
270479
-3
5
3
-1911
96
3836
263299
-3
2
-2
-1904
90
3823
264324
-7
-10
4
-1895
63
3818
265349
-12
-16
12
-1927
47
3841
266374
-1
-18
10
-1922
109
3888
267399
-7
-11
5
-1908
102
3870
268424
-6
-15
1
-1903
83
3821
269449
2
-18
6
-1896
70
3881
270474
6
-15
12
-1902
81
3920
271499
-6
-6
9
-1907
97
3861
272524
-8
0
4
-1909
82
3839
273549
-9
-1
4
-1896
60
3863
274574
7
-6
6
-1888
104
3885
275599
16
-7
4
-1897
129
3865
276624
1
1
0
-1901
96
3878
277649
-7
6
-8
-1894
69
3872
278674
9
4
-8
-1882
71
3867
271488
15
4
-3
-1898
112
3884
272513
0
15
-2
-1926
84
3867
273538
-3
14
-3
-1928
59
3802
274563
2
5
-1
-1915
63
3843
275588
7
1
5
-1911
69
3881
276613
10
1
4
-1902
106
3840
277638
4
-3
3
-1912
117
3835
278663
-10
-6
5
-1916
87
3835
279688
-6
-7
6
-1915
76
3856
280713
4
-3
4
-1910
116
3883
281738
-17
9
1
-1921
117
3881
282763
-22
7
-3
-1927
54
3814
283788
12
-7
0
-1901
49
3821
284813
17
-11
8
-1894
71
3889
285838
-15
-3
14
-1918
92
3875
286863
-31
2
17
-1938
61
3837
279681
-1
-12
14
-1928
71
3809
280706
24
-26
12
-1896
106
3849
281731
16
-17
15
-1888
139
3932
282756
-16
3
14
-1913
131
3885
283781
-32
11
11
-1920
79
3831
284806
-11
3
7
-1908
98
3851
285831
-2
-2
3
-1907
84
3868
286856
5
-4
-2
-1908
106
3870
287881
-2
1
-2
-1920
75
3864
288906
-15
1
-2
-1919
73
3829
289931
-14
-5
2
-1912
39
3830
290956
10
-14
3
-1913
57
3843
291981
8
-14
4
-1913
98
3851
293006
-15
-8
9
-1921
85
3859
294031
-16
-10
8
-1914
101
3839
295056
-12
-14
2
-1897
91
3825
287871
2
-22
-4
-1888
87
3882
288896
1
-19
-4
-1887
93
3920
289921
-17
-5
0
-1893
81
3895
290946
-22
1
4
-1910
84
3864
291971
-30
3
5
-1923
54
3862
292996
-21
-6
0
-1917
87
3853
294021
-40
-19
5
-1928
118
3843
295046
-129
-37
18
-2004
179
3750
296071
-292
-43
30
-2008
87
3658
297096
-330
-9
46
-1947
-112
3859
298121
-228
21
50
-1659
-158
4210
299146
133
43
176
-1604
-490
4431
300171
342
76
96
-2214
518
4156
301196
-109
180
44
-1829
247
3661
302221
-228
184
-8
-1912
28
3555
303246
-4
51
-88
-1861
25
3432
296064
261
-55
-154
-1857
206
3523
297089
190
-61
-146
-1843
221
4067
298114
-27
-12
-42
-1961
-141
4037
299139
39
-16
-19
-2143
-105
3621
300164
86
-44
-24
-2103
-28
3658
301189
65
-53
-36
-2002
14
3848
302214
131
-72
-51
-1867
129
3981
303239
91
-67
6
-1821
73
3818
304264
2
-47
45
-1866
-74
3778
305289
-21
-25
51
-1908
-41
4082
306314
17
5
46
-1956
115
4102
307339
27
27
19
-1931
199
3920
308364
-23
44
9
-1900
159
3816
309389
-23
35
-3
-1903
85
3769
310414
54
0
-15
-1904
96
3805
311439
86
-15
-22
-1888
147
3899
304256
13
6
-24
-1898
116
3903
305281
-22
18
-19
-1936
44
3825
306306
-2
6
-13
-1964
70
3777
307331
2
0
-4
-1966
24
3844
308356
16
2
2
-1945
48
3890
309381
11
6
5
-1920
81
3854
310406
-26
-1
16
-1921
54
3783
311431
-13
-11
23
-1922
73
3846
312456
9
-11
19
-1935
107
3904
313481
-1
-4
9
-1937
129
3839
314506
-22
-1
2
-1910
109
3801
315531
-21
-7
1
-1906
62
3838
316556
8
-17
0
-1916
40
3878
317581
5
-15
2
-1938
79
3845
318606
-11
-8
5
-1942
74
3830
319631
-24
-7
10
-1933
51
3850
312448
-24
-16
12
-1903
64
3846
313473
-6
-10
13
-1913
69
3895
314498
-5
-2
9
-1932
95
3889
315523
-20
7
9
-1916
59
3863
316548
-2
3
10
-1914
64
3847
317573
6
-5
7
-1911
123
3848
318598
-18
-3
6
-1935
73
3849
319623
-16
-6
5
-1950
39
3827
320648
4
-14
-1
-1923
82
3835
321673
5
-11
4
-1909
92
3894
322698
-12
-6
8
-1915
97
3861
323723
-17
-5
7
-1927
75
3831
324748
3
-13
4
-1921
41
3832
325773
19
-16
4
-1905
75
3868
326798
10
-10
3
-1897
109
3881
327823
-16
2
2
-1926
86
3874
320640
-4
2
-1
-1941
56
3862
321665
17
-5
1
-1919
82
3817
322690
-2
-7
10
-1909
53
3821
323715
-1
-6
9
-1914
67
3886
324740
-8
-1
0
-1909
62
3871
325765
-4
-4
4
-1916
58
3860
326790
10
-6
5
-1927
92
3884
327815
10
-3
2
-1916
99
3870
328840
7
1
-3
-1927
86
3855
329865
11
8
-3
-1915
60
3873
330890
11
5
-3
-1910
53
3835
331915
16
-3
-4
-1918
79
3807
332940
16
-8
-4
-1925
102
3834
333965
-10
-6
2
-1928
74
3825
334990
-16
-8
9
-1932
51
3809
336015
-3
-18
15
-1932
36
3845
328832
12
-20
14
-1927
80
3868
329857
3
-21
17
-1932
89
3828
330882
-10
-22
23
-1913
123
3833
331907
-13
-17
21
-1902
95
3874
332932
-3
-13
14
-1896
86
3900
333957
-2
-9
9
-1886
63
3910
334982
-2
-9
4
-1888
46
3876
336007
9
-7
3
-1899
86
3898
337032
9
2
4
-1908
96
3890
338057
-4
16
1
-1901
87
3864
339082
-14
19
-1
-1920
91
3830
340107
-2
8
0
-1937
67
3807
341132
25
-13
2
-1945
74
3794
342157
30
-25
0
-1916
91
3814
343182
18
-24
3
-1901
80
3843
344207
9
-26
8
-1907
64
3822
337023
-1
-32
14
-1906
87
3862
338048
-4
-36
16
-1901
113
3884
339073
1
-31
17
-1903
96
3882
340098
11
-23
13
-1912
101
3874
341123
12
-21
8
-1898
108
3891
342148
18
-19
5
-1892
109
3911
343173
11
-7
3
-1895
122
3895
344198
-8
9
-1
-1901
101
3875
345223
-12
18
-4
-1892
85
3874
346248
-11
16
-1
-1903
76
3865
347273
-2
12
0
-1911
83
3862
348298
-1
9
-1
-1908
86
3847
349323
-15
8
1
-1907
81
3834
350348
-13
-4
5
-1897
68
3830
351373
-1
-8
7
-1904
66
3896
352398
1
-2
6
-1919
90
3904
345216
-19
4
7
-1933
122
3832
346241
-79
-6
17
-1937
148
3735
347266
-132
-27
34
-1978
72
3748
348291
-194
-89
51
-2051
223
3631
349316
-420
-13
59
-1908
-7
3979
350341
-385
97
33
-1813
-512
4287
351366
116
47
54
-1458
-44
4446
352391
387
14
127
-2088
99
3970
353416
13
82
23
-1959
515
3698
354441
-368
76
7
-1984
70
3189
355466
-357
-88
-46
-1920
237
3035
356491
-101
-130
-55
-1780
-225
3739
357516
126
-112
-72
-1850
17
4537
358541
-96
16
-13
-1745
-56
4678
359566
-307
148
81
-2046
-492
3831
360591
2
128
39
-2193
-351
3563
353408
306
30
-63
-1975
212
3669
354433
299
-20
-60
-1838
186
3729
355458
235
-53
-41
-1808
263
3756
356483
154
-70
-43
-1783
9
3839
357508
137
-41
-24
-1921
-120
4004
358533
184
-27
-31
-1957
80
4035
359558
152
12
-17
-1957
92
4051
360583
43
61
-5
-1974
74
4022
361608
-74
78
-4
-1951
22
3771
362633
-67
61
-2
-1907
63
3680
363658
19
28
1
-1867
76
3840
364683
45
11
6
-1880
56
3879
365708
0
2
13
-1946
43
3778
366733
-22
-22
18
-1996
13
3739
367758
15
-46
19
-1983
64
3775
368783
42
-41
13
-1948
120
3843
361600
9
-23
14
-1919
64
3879
362625
-17
-17
32
-1914
14
3864
363650
-4
-32
38
-1912
67
3853
364675
-6
-40
30
-1917
89
3807
365700
28
-43
15
-1901
110
3854
366725
13
-23
8
-1898
128
3945
367750
-25
0
9
-1901
84
3963
368775
-13
3
1
-1897
106
3866
369800
5
6
-6
-1894
78
3835
370825
10
7
-8
-1905
46
3893
371850
-4
8
-6
-1917
55
3883
372875
-9
10
-6
-1910
70
3827
373900
-11
5
-2
-1924
69
3818
374925
-14
-5
1
-1939
27
3834
375950
6
-15
0
-1917
40
3868
376975
20
-15
4
-1905
65
3886
369792
5
-8
10
-1903
65
3865
370817
-15
-2
11
-1911
65
3795
371842
-10
-5
11
-1892
70
3872
372867
-7
-5
13
-1914
67
3933
373892
-6
-7
7
-1927
76
3833
374917
14
-7
4
-1926
86
3805
375942
28
-4
2
-1910
99
3912
376967
14
5
-4
-1875
97
3918
377992
-12
9
-2
-1896
57
3840
379017
-10
2
-2
-1930
36
3812
380042
15
-9
0
-1917
59
3845
381067
1
-5
6
-1909
47
3870
382092
-26
4
10
-1925
63
3865
383117
-18
5
12
-1942
69
3860
384142
5
-2
9
-1933
68
3819
385167
14
-5
7
-1891
93
3868
377983
-2
5
7
-1884
106
3891
379008
-25
10
5
-1919
78
3836
380033
-1
-1
0
-1925
69
3815
381058
37
-12
-1
-1907
47
3861
382083
57
-17
-1
-1908
74
3855
383108
46
-14
4
-1918
109
3846
384133
2
-4
10
-1949
81
3859
385158
-2
-6
5
-1923
66
3807
386183
23
-14
5
-1894
42
3831
387208
38
-13
10
-1908
76
3916
388233
27
-12
8
-1915
106
3871
389258
13
-10
8
-1921
122
3828
390283
4
-9
5
-1900
121
3872
391308
-2
-9
0
-1898
72
3878
392333
25
-11
-3
-1897
73
3850
393358
46
-12
1
-1912
113
3839
386176
18
-3
3
-1919
108
3874
387201
-11
4
1
-1916
107
3888
388226
-18
2
4
-1925
45
3837
389251
15
-7
5
-1918
85
3806
390276
27
-12
6
-1903
121
3846
391301
1
-8
5
-1908
151
3880
392326
-31
-3
3
-1905
93
3854
393351
-15
-9
-2
-1889
71
3835
394376
15
-10
-3
-1906
100
3886
395401
15
-1
-3
-1916
151
3944
396426
-12
16
-8
-1900
131
3891
397451
-23
22
-12
-1901
106
3843
398476
-1
17
-14
-1890
68
3840
399501
26
6
-15
-1906
75
3858
400526
24
4
-13
-1927
88
3862
401551
-5
8
-9
-1929
71
3836
394368
-21
6
-4
-1930
69
3820
395393
1
1
0
-1927
96
3855
396418
7
6
2
-1940
91
3870
397443
-2
10
1
-1926
77
3860
398468
-8
9
4
-1910
67
3826
399493
2
5
5
-1906
76
3834
400518
16
0
1
-1916
111
3853
401543
9
1
1
-1928
106
3855
402568
-11
-4
1
-1924
86
3797
403593
-7
-10
0
-1922
66
3845
404618
10
-12
0
-1935
116
3884
405643
0
-7
2
-1926
110
3835
406668
-6
-4
5
-1919
99
3843
407693
0
-5
7
-1916
77
3900
408718
4
-5
4
-1921
110
3876
409743
6
-1
3
-1925
90
3826
402755
9
-1
7
-1916
77
3875
403780
0
6
6
-1908
101
3884
404805
-13
11
7
-1921
97
3821
405830
-14
6
6
-1942
99
3814
406855
-5
-2
5
-1937
98
3851
407880
5
-6
3
-1914
102
3850
408905
-48
-9
8
-1958
141
3769
409930
-257
-39
32
-2087
334
3607
410955
-540
-54
60
-2021
142
3722
411980
-560
61
73
-1875
-317
4276
413005
-310
153
84
-1546
-499
4684
414030
295
76
213
-1726
-610
4015
415055
485
72
68
-2344
792
3681
416080
-220
133
-10
-1894
311
3243
417105
-354
65
-78
-1996
29
3429
418130
4
-64
-154
-1876
-91
3615
410752
329
-138
-178
-1825
187
3868
411777
167
-56
-106
-1765
40
4401
412802
4
28
4
-2133
-143
3870
413827
12
-11
2
-2205
166
3198
414852
-45
-33
-27
-1948
-62
3600
415877
50
-7
-28
-1930
-139
4357
416902
162
13
-33
-1889
-59
4259
417927
115
28
-11
-1858
-13
3760
418952
99
54
-2
-1897
189
3822
419977
13
65
3
-1943
100
3921
421002
-68
73
10
-1989
-79
3891
422027
11
51
5
-1995
14
3834
423052
63
28
-4
-1998
131
3731
424077
22
-2
2
-1987
60
3602
425102
20
-31
12
-2000
30
3727
426127
34
-46
13
-1995
15
3867
418945
52
-54
12
-1961
13
3825
419970
51
-59
18
-1955
88
3748
420995
8
-53
25
-1954
101
3795
422020
0
-40
25
-1955
78
3885
423045
22
-29
14
-1929
63
3927
424070
37
-17
9
-1905
84
3957
425095
24
-1
1
-1935
123
3887
426120
6
10
-4
-1944
112
3840
427145
-4
9
-1
-1940
96
3828
428170
-6
3
-3
-1934
51
3831
429195
10
-3
0
-1961
31
3830
430220
17
1
-3
-1973
33
3838
431245
29
2
-4
-1953
74
3855
432270
-2
8
6
-1950
69
3833
433295
-24
4
13
-1956
21
3779
434320
11
-10
13
-1955
62
3816
427135
30
-13
10
-1948
110
3863
428160
16
-14
4
-1936
121
3830
429185
-22
-8
3
-1941
78
3804
430210
-14
-12
1
-1951
47
3844
431235
16
-26
3
-1941
90
3878
432260
7
-22
12
-1939
47
3886
433285
-6
-8
16
-1949
61
3861
434310
-11
3
9
-1951
78
3843
435335
-6
4
8
-1947
86
3841
436360
3
-4
6
-1943
104
3856
437385
6
-5
5
-1937
77
3837
438410
5
-7
2
-1943
89
3818
439435
9
-14
4
-1950
106
3810
440460
0
-10
1
-1945
78
3842
441485
-2
-6
4
-1956
58
3877
442510
4
-8
3
-1949
62
3843
435328
8
-7
6
-1932
62
3846
436353
10
-4
1
-1924
82
3851
437378
2
0
1
-1935
111
3864
438403
-18
3
5
-1951
73
3840
439428
-3
1
5
-1958
58
3828
440453
16
-2
-1
-1943
110
3856
441478
6
1
-4
-1947
103
3854
442503
5
4
-5
-1954
61
3817
443528
8
4
-1
-1944
56
3805
444553
0
-4
11
-1945
51
3841
445578
-3
-4
13
-1957
85
3843
446603
-4
-2
9
-1964
116
3817
447628
-22
-2
7
-1951
95
3793
448653
-37
-13
13
-1928
60
3797
449678
-16
-22
22
-1941
29
3861
450703
4
-21
24
-1960
82
3878
443519
-10
-11
27
-1961
70
3879
444544
-1
-7
20
-1938
85
3860
445569
19
-4
7
-1908
144
3867
446594
9
0
3
-1918
142
3859
447619
-6
2
0
-1940
124
3823
448644
-5
-2
-8
-1945
89
3823
449669
19
-6
-11
-1926
73
3893
450694
19
-3
-16
-1922
87
3856
451719
-3
10
-13
-1951
73
3831
452744
-7
11
-8
-1964
43
3808
453769
2
2
1
-1969
51
3821
454794
-6
0
9
-1959
77
3831
455819
-21
-2
9
-1949
84
3777
456844
-22
-15
11
-1946
65
3770
457869
-14
-32
23
-1953
24
3842
458894
9
-39
27
-1950
69
3891
451712
24
-31
24
-1924
112
3863
452737
0
-18
22
-1916
141
3851
453762
-37
-7
21
-1920
88
3861
454787
-25
-11
17
-1929
92
3866
455812
3
-14
6
-1938
127
3853
456837
-12
-7
0
-1951
105
3838
457862
-2
-6
-10
-1921
65
3855
458887
25
-12
-5
-1912
67
3874
459912
3
-6
3
-1926
107
3854
460937
-38
1
9
-1949
86
3819
461962
-90
-1
23
-2008
50
3766
462987
-144
-33
36
-2085
180
3689
464012
-257
-51
96
-2081
-13
3949
465037
-317
53
40
-1841
22
4048
466062
-84
110
11
-1151
-367
4141
467087
544
4
209
-2266
-399
4064
459904
100
66
99
-2195
742
3811
460929
-390
118
-29
-1959
176
3440
461954
-367
67
-71
-1967
44
3716
462979
-104
11
-100
-1862
-133
3782
464004
139
-41
-99
-1815
174
3925
465029
106
-36
-20
-1845
153
3876
466054
113
-15
4
-2066
18
3746
467079
130
-29
-40
-2020
19
3808
468104
112
-33
-62
-1967
-97
3837
469129
188
-52
-66
-1977
-6
3821
470154
199
-53
-44
-1965
94
3824
471179
52
-19
-5
-1985
116
3860
472204
-51
2
3
-1940
-19
3857
473229
7
-4
-1
-1900
12
3845
474254
47
6
14
-1934
56
3944
475279
14
20
18
-1972
136
3945
468095
-26
29
8
-1962
149
3818
469120
-58
31
12
-1938
51
3747
470145
-27
16
5
-1934
24
3818
471170
27
-7
-1
-1956
85
3802
472195
24
-17
-6
-1952
142
3768
473220
-20
-20
-5
-1952
106
3809
474245
-18
-22
-5
-1965
47
3850
475270
26
-31
-7
-1956
28
3864
476295
36
-33
-3
-1943
58
3863
477320
6
-11
9
-1930
66
3938
478345
-26
14
14
-1948
64
3896
479370
-5
14
3
-1936
112
3794
480395
5
10
-3
-1942
120
3836
481420
-15
12
-6
-1942
56
3858
482445
-4
-1
-10
-1950
65
3804
483470
15
-11
-8
-1950
101
3820
476289
-10
-6
-8
-1955
49
3831
477314
1
-9
-19
-1946
30
3852
478339
18
-13
-14
-1945
54
3878
479364
-4
-4
-3
-1969
67
3851
480389
-27
7
6
-1975
66
3813
481414
-15
0
7
-1966
43
3800
482439
3
-11
10
-1939
33
3801
483464
0
-15
19
-1955
44
3822
484489
-9
-24
19
-1966
49
3793
485514
6
-34
15
-1953
44
3801
486539
24
-40
14
-1930
71
3851
487564
15
-35
21
-1913
79
3903
488589
-10
-23
23
-1930
110
3893
489614
-3
-14
9
-1927
131
3862
490639
6
-8
-4
-1943
140
3841
491664
-18
-8
-6
-1932
96
3822
484480
-25
-9
0
-1921
44
3852
485505
6
-14
1
-1940
24
3883
486530
14
-13
-2
-1959
32
3849
487555
-2
-4
6
-1955
20
3861
488580
1
-3
10
-1929
82
3883
489605
22
-3
-6
-1896
140
3916
490630
34
13
-41
-1898
177
3918
491655
30
26
-58
-1899
145
3835
492680
26
26
-56
-1903
124
3827
493705
-6
25
-44
-1927
54
3809
494730
-17
20
-26
-1989
-18
3805
495755
4
8
-23
-2004
-1
3780
496780
0
0
-13
-1990
-22
3797
497805
-7
-8
12
-1962
-29
3834
498830
2
-16
29
-1943
31
3838
499855
3
-12
32
-1942
68
3846
492671
-5
-2
22
-1941
139
3849
493696
-20
1
16
-1930
85
3851
494721
-5
-10
16
-1920
93
3851
495746
17
-18
7
-1923
116
3838
496771
21
-15
1
-1940
79
3865
497796
3
-1
-7
-1940
75
3874
498821
-17
7
-8
-1922
62
3886
499846
1
5
-7
-1931
32
3862
500871
40
3
-10
-1958
112
3869
501896
30
16
-16
-1974
118
3842
502921
-8
25
-17
-1945
78
3811
503946
-11
21
-13
-1935
8
3787
504971
33
-4
-10
-1950
29
3791
505996
40
-14
4
-1962
71
3845
507021
2
-3
15
-1979
63
3844
508046
-21
3
19
-1967
82
3817
500864
-12
-3
20
-1952
68
3804
501889
10
-12
14
-1949
87
3841
502914
3
-12
10
-1964
104
3840
503939
-15
-10
7
-1949
91
3821
504964
-23
-12
9
-1933
73
3840
505989
-12
-15
10
-1933
36
3887
507014
15
-21
7
-1936
63
3870
508039
24
-21
9
-1960
69
3806
509064
3
-15
15
-1960
68
3848
510089
-9
-8
17
-1939
64
3868
511114
10
0
8
-1937
122
3835
512139
10
-2
4
-1932
97
3827
513164
9
-5
4
-1944
94
3839
514189
7
-7
7
-1938
88
3818
515214
16
0
8
-1938
83
3844
516239
17
12
-3
-1934
130
3860
509057
-11
8
6
-1948
59
3818
510082
-4
-7
19
-1980
0
3858
511107
21
-18
18
-1956
86
3894
512132
12
-6
13
-1917
147
3848
513157
-13
13
6
-1914
138
3851
514182
-18
15
7
-1941
94
3866
515207
1
6
7
-1949
69
3839
516232
24
-1
6
-1958
113
3832
517257
12
1
0
-1951
123
3841
518282
-32
3
4
-1957
109
3809
519307
-92
-1
23
-1961
68
3764
520332
-120
-25
43
-2069
46
3797
521357
-254
-72
36
-2131
298
3574
522382
-542
-30
48
-2045
84
3535
523407
-355
-19
105
-1665
-494
4078
524432
266
-42
215
-1500
-529
4717
517247
338
60
115
-2211
641
4280
518272
-306
210
79
-1928
231
3426
519297
-496
227
45
-2001
-15
3699
520322
-238
124
-24
-1957
-292
3790
521347
340
-24
-134
-1883
137
3488
522372
479
-70
-142
-1750
426
3953
523397
188
6
-51
-1905
-165
4231
524422
178
43
-64
-2186
-58
3855
525447
185
22
-96
-2166
137
3527
526472
155
-17
-124
-2078
231
3425
527497
112
-80
-105
-1931
220
3572
528522
32
-104
-35
-1927
-40
3843
529547
34
-118
-2
-1964
-151
3954
530572
95
-114
3
-1966
-63
3870
531597
99
-71
25
-1981
54
3944
532622
21
-17
42
-1956
81
4075
525441
-11
16
51
-1943
63
3957
526466
18
28
41
-1932
172
3828
527491
6
34
24
-1918
178
3822
528516
26
22
-4
-1896
198
3826
529541
22
4
-10
-1891
197
3771
530566
-10
8
-3
-1929
129
3843
531591
-24
8
0
-1996
35
3837
532616
21
-5
-10
-2015
53
3794
533641
44
-15
-11
-2004
110
3756
534666
29
-14
-13
-1963
161
3765
535691
-30
-11
8
-1961
95
3818
536716
-33
-12
19
-1971
40
3850
537741
12
-23
12
-1948
137
3854
538766
11
-22
7
-1931
165
3845
539791
-30
-24
7
-1924
126
3799
540816
-25
-34
0
-1941
120
3804
533632
2
-44
-9
-1970
124
3847
534657
6
-48
-14
-1952
119
3845
535682
-9
-42
-13
-1916
124
3809
536707
-31
-23
-8
-1919
75
3897
537732
-18
-16
-1
-1926
21
3930
538757
-6
-12
5
-1924
55
3886
539782
-10
-5
12
-1944
68
3876
540807
-5
-4
15
-1946
70
3825
541832
5
1
13
-1943
105
3841
542857
17
-2
12
-1932
106
3855
543882
35
-16
10
-1913
92
3821
544907
20
-6
11
-1921
128
3861
545932
-12
5
11
-1939
99
3868
546957
-19
-2
14
-1936
103
3786
547982
-11
-9
20
-1941
101
3812
549007
-8
-8
16
-1948
94
3856
541909
-4
-10
7
-1935
115
3840
542934
-10
-8
11
-1928
87
3863
543959
-14
-3
21
-1945
85
3867
544984
12
-4
18
-1929
123
3839
546009
19
-4
14
-1913
142
3862
547034
-8
-4
14
-1919
106
3855
548059
-5
-5
11
-1926
106
3846
549084
12
-13
9
-1926
137
3837
550109
11
-7
5
-1931
133
3865
551134
-2
3
3
-1931
117
3871
552159
-12
4
4
-1937
100
3827
553184
-6
-5
7
-1933
92
3813
554209
-4
-13
9
-1930
120
3848
555234
-23
-7
13
-1936
96
3845
556259
-25
-7
14
-1933
67
3833
557284
-4
-13
13
-1928
78
3841
550017
23
-17
14
-1917
116
3853
551042
2
-17
13
-1915
115
3829
552067
-15
-11
16
-1930
91
3874
553092
-9
-8
15
-1931
112
3877
554117
-5
-6
12
-1921
126
3845
555142
-2
-6
9
-1913
134
3844
556167
1
-7
3
-1911
130
3853
557192
0
-6
2
-1912
110
3851
558217
-6
0
1
-1918
106
3833
559242
-2
-2
4
-1919
91
3864
560267
0
-3
6
-1931
96
3887
561292
2
4
4
-1935
106
3857
562317
-1
6
2
-1937
121
3823
563342
1
4
5
-1930
103
3840
564367
-2
-2
6
-1927
111
3801
565392
2
-6
5
-1926
99
3840
558208
3
-8
5
-1920
100
3888
559233
-10
-8
4
-1916
99
3863
560258
-4
-9
6
-1921
119
3832
561283
-6
-3
5
-1937
140
3851
562308
-7
-2
-1
-1935
133
3830
563333
-3
-6
0
-1922
75
3832
564358
10
-5
4
-1910
87
3908
565383
0
3
7
-1916
105
3869
566408
-13
8
8
-1939
109
3815
567433
-10
2
6
-1942
96
3792
568458
20
-12
4
-1926
102
3868
569483
10
-9
7
-1926
122
3896
570508
-25
5
7
-1931
84
3813
571533
-28
3
8
-1932
80
3802
572558
-21
-10
17
-1934
92
3825
573583
-14
-21
25
-1929
74
3834
566401
-4
-23
31
-1943
106
3855
567426
-25
-17
32
-1940
93
3843
568451
-25
-21
39
-1928
75
3872
569476
-6
-26
43
-1915
92
3856
570501
2
-22
41
-1908
130
3869
571526
-10
-12
38
-1910
156
3892
572551
-19
-9
30
-1889
137
3862
573576
0
-3
17
-1886
135
3915
574601
6
8
7
-1902
168
3916
575626
4
16
-2
-1904
155
3849
576651
-7
18
-5
-1920
118
3863
577676
-57
3
-8
-2018
137
3868
578701
-277
-34
-34
-2071
359
3732
579726
-465
-6
-11
-1952
-35
3765
580751
-332
10
72
-1880
-423
3944
581776
55
-13
103
-1339
-31
4577
574592
249
14
117
-2147
-16
4105
575617
-73
102
64
-2067
236
3434
576642
-294
114
-4
-1946
276
3107
577667
-338
91
-63
-1916
-41
3673
578692
-85
60
-89
-1933
-198
3933
579717
220
14
-134
-1849
201
4047
580742
159
32
-14
-1791
-140
4189
581767
123
57
45
-2136
86
3700
582792
79
12
-33
-2046
286
3434
583817
7
0
-60
-1908
-80
3808
584842
71
-14
-55
-1956
-107
4115
585867
117
-16
-41
-1951
-40
3943
586892
135
-5
-36
-1961
64
3770
587917
82
6
-13
-2006
137
3774
588942
-5
6
9
-1978
-10
3808
589967
6
4
12
-1967
-62
3885
582783
46
15
14
-1967
52
3971
583808
17
38
7
-1965
110
3878
584833
-10
34
8
-1946
112
3716
585858
-26
21
14
-1931
113
3797
586883
-38
22
10
-1974
25
3919
587908
-17
15
-1
-1995
29
3827
588933
13
-6
-8
-1987
84
3697
589958
9
-17
-4
-1975
31
3753
590983
5
-19
-3
-1986
-3
3883
592008
17
-19
2
-1990
-10
3863
593033
16
-14
17
-1990
17
3844
594058
-6
-8
26
-1984
68
3804
595083
-21
-11
23
-1968
80
3735
596108
-6
-21
24
-1964
47
3826
597133
0
-24
23
-1963
77
3894
598158
1
-17
17
-1941
82
3863
590977
1
-6
11
-1939
118
3871
592002
-11
-7
3
-1946
120
3832
593027
-18
5
-2
-1971
52
3832
594052
12
10
-8
-1973
32
3891
595077
14
13
-6
-1957
44
3877
596102
-18
24
-4
-1969
48
3806
597127
-19
20
-2
-1964
42
3787
598152
-10
6
2
-1987
24
3753
599177
4
-5
1
-1982
33
3807
600202
16
-14
3
-1974
41
3833
601227
5
-18
5
-1976
52
3783
602252
-3
-18
11
-1973
47
3800
603277
-10
-18
18
-1969
49
3841
604302
-24
-13
15
-1969
54
3856
605327
-18
-9
8
-1957
65
3869
606352
-4
-8
8
-1959
53
3869
599168
3
-13
6
-1954
111
3780
600193
-13
-9
6
-1956
73
3812
601218
-17
-3
-3
-1966
50
3876
602243
3
-7
-12
-1964
21
3845
603268
16
-10
-8
-1964
26
3824
604293
4
-6
0
-1961
34
3837
605318
-7
-1
6
-1957
27
3845
606343
-3
2
3
-1968
52
3833
607368
0
-2
3
-1975
48
3825
608393
8
-7
6
-1976
46
3821
609418
14
-11
6
-1956
64
3813
610443
7
-9
4
-1955
63
3835
611468
2
-4
5
-1958
51
3843
612493
-9
-8
9
-1971
18
3814
613518
2
-20
11
-1943
28
3852
614543
23
-23
7
-1938
63
3892
607359
36
-10
1
-1944
93
3866
608384
29
0
2
-1978
98
3851
609409
42
-2
-2
-1987
32
3812
610434
98
-17
-8
-1949
43
3798
611459
116
-21
-8
-1942
39
3838
612484
99
-21
-1
-1958
92
3830
613509
15
-5
8
-1973
112
3839
614534
-53
6
19
-1981
54
3828
615559
-30
-6
14
-1972
56
3800
616584
15
-21
5
-1955
84
3799
617609
31
-26
6
-1952
118
3857
618634
2
-18
13
-1949
110
3876
619659
-22
-8
13
-1941
87
3842
620684
-18
-5
6
-1943
99
3848
621709
-3
-7
0
-1956
84
3863
622734
16
-10
2
-1951
65
3847
615700
23
-9
3
-1946
104
3860
616725
-3
5
1
-1960
114
3860
617750
-11
14
-3
-1965
74
3839
618775
4
7
-6
-1955
60
3802
619800
4
0
1
-1944
49
3825
620825
-1
0
7
-1960
70
3842
621850
-5
1
5
-1963
101
3786
622875
-12
-1
7
-1976
73
3802
623900
-3
-17
12
-1964
61
3830
624925
15
-23
15
-1939
82
3851
625950
10
-16
17
-1939
119
3850
626975
-13
-5
16
-1951
113
3854
628000
-17
1
15
-1951
74
3850
629025
5
-1
15
-1947
95
3857
630050
9
-2
12
-1954
128
3847
631075
0
3
7
-1952
114
3818
623744
-7
6
0
-1955
84
3799
624769
6
1
-4
-1948
83
3842
625794
24
-6
-3
-1944
85
3867
626819
23
-7
-1
-1954
98
3808
627844
-6
-7
6
-1975
107
3800
628869
-42
-9
17
-1984
64
3802
629894
-57
-26
25
-2045
79
3772
630919
-151
-83
25
-2098
431
3534
631944
-499
-54
49
-1926
55
3641
632969
-353
10
142
-1871
-787
4253
633994
110
-14
118
-1779
-74
4371
635019
241
48
113
-1735
176
4205
636044
120
112
107
-2149
325
3881
637069
-319
139
18
-1991
622
3601
638094
-629
108
27
-1863
103
3467
639119
-352
37
31
-1880
-421
3747
631936
96
-14
-21
-1950
-155
3865
632961
142
24
-70
-1978
263
3850
633986
-163
130
-69
-2045
-81
3822
635011
-273
166
-31
-1960
-406
4176
636036
9
150
25
-1997
-401
4053
637061
514
86
-44
-2078
33
3765
638086
496
34
-71
-2082
482
3359
639111
145
-3
-35
-2006
323
3361
640136
-47
-24
-34
-1956
-84
3788
641161
36
-68
-46
-2000
-136
3953
642186
146
-77
-19
-2062
-84
3924
643211
157
-66
-20
-2081
89
3829
644236
92
-46
-22
-2044
112
3748
645261
21
-21
1
-2012
4
3874
646286
-6
-10
14
-1990
-3
3905
647311
16
-7
9
-1958
85
3862
640128
22
-4
8
-1962
76
3779
641153
18
-10
8
-1981
26
3755
642178
55
-17
3
-1995
91
3857
643203
60
-13
-12
-2007
149
3831
644228
29
-13
-18
-2007
76
3773
645253
14
-12
-14
-2013
40
3808
646278
2
-14
-5
-2001
66
3757
647303
9
-8
10
-1995
41
3852
648328
6
5
16
-2012
56
3892
649353
-17
15
11
-2016
73
3830
650378
-8
6
3
-2004
53
3734
651403
22
-11
-1
-1970
108
3784
652428
10
-9
3
-1966
86
3862
653453
-5
-5
2
-1995
72
3833
654478
-5
-6
-2
-2010
62
3777
655503
15
-12
-1
-2017
66
3770
648320
23
-17
3
-2006
88
3828
649345
4
-12
11
-1999
70
3845
650370
3
-6
12
-1993
66
3823
651395
2
-2
7
-1983
82
3803
652420
-3
-9
7
-1986
69
3802
653445
7
-18
5
-1986
92
3815
654470
13
-17
1
-1991
117
3830
655495
-8
-11
4
-2002
84
3814
656520
-17
-11
5
-2005
45
3780
657545
13
-17
-1
-1995
74
3814
658570
13
-9
3
-1982
95
3877
659595
-14
1
7
-1991
79
3817
660620
-17
-4
6
-1990
93
3755
661645
-7
-13
3
-1988
99
3802
662670
-5
-18
-2
-1976
92
3833
663695
-11
-18
-5
-1976
95
3806
656512
-15
-20
-4
-1992
57
3810
657537
-6
-23
-2
-1991
56
3838
658562
-1
-20
4
-1986
50
3854
659587
-9
-14
6
-1979
77
3841
660612
-10
-8
5
-1982
57
3841
661637
1
-12
8
-1973
62
3825
662662
3
-11
12
-1963
115
3838
663687
-20
9
16
-1991
73
3866
664712
-27
17
5
-1992
82
3835
665737
-1
3
-2
-1981
41
3781
666762
39
-13
-8
-1968
76
3811
667787
29
-5
-6
-1980
103
3853
668812
-8
7
-4
-1987
75
3810
669837
-18
3
-1
-1991
36
3774
670862
3
-6
6
-1995
40
3811
671887
18
-15
12
-1990
84
3830
664704
-4
-8
13
-1978
103
3831
665729
-27
5
13
-1982
60
3841
666754
-14
-1
10
-1979
56
3802
667779
16
-12
9
-1966
97
3830
668804
14
-6
14
-1975
114
3874
669829
-12
6
11
-1984
116
3829
670854
-18
13
3
-1986
93
3790
671879
-6
6
0
-1979
75
3792
672904
0
0
1
-1973
80
3850
673929
-6
1
2
-1986
86
3844
674954
-1
3
-9
-1991
89
3799
675979
-5
2
-17
-1980
103
3802
677004
-22
5
-12
-1988
69
3855
678029
-11
3
-11
-1989
72
3833
679054
1
4
-6
-1994
69
3801
680079
-1
3
-5
-1994
42
3782
672895
-8
-3
-4
-1987
37
3820
673920
-12
-5
3
-1989
37
3832
674945
-12
-13
6
-2002
40
3789
675970
-10
-19
12
-2001
61
3800
676995
-32
-18
21
-2011
42
3828
678020
-31
-32
15
-1998
47
3791
679045
-12
-47
11
-1977
63
3804
680070
-5
-49
12
-1976
82
3854
681095
10
-50
6
-1961
77
3829
682120
15
-45
-7
-1943
119
3820
683145
-29
-25
-3
-1966
67
3828
684170
-32
-24
-7
-1979
54
3814
685195
-54
-13
1
-1977
71
3878
686220
-96
-2
7
-2002
47
3875
687245
-182
-4
6
-2076
177
3691
688270
-440
35
31
-2104
151
3670
681088
-559
126
29
-1843
-288
3969
682113
22
52
113
-1394
-590
4522
683138
582
-60
116
-2296
24
3964
684163
128
31
35
-2100
488
3407
685188
-332
101
-25
-2051
201
3252
686213
-289
56
-103
-1950
-81
3731
687238
16
-5
-142
-1881
-262
4081
688263
252
-41
-79
-1818
-211
4254
689288
363
1
-24
-2084
74
3840
690313
300
-43
-45
-2199
485
3152
691338
41
-77
-46
-2026
-24
3284
692363
42
-88
-52
-1940
-147
4261
693388
69
-53
-37
-1951
-74
4418
694413
108
-18
-43
-1903
75
3950
695438
58
7
-7
-1961
112
3638
696463
-35
19
36
-2002
-60
3718
689280
-33
16
35
-2017
-58
3941
690305
50
8
21
-1996
108
3941
691330
36
23
11
-1971
142
3848
692355
11
29
-7
-1942
161
3768
693380
8
10
-7
-1936
98
3718
694405
5
-5
7
-1993
5
3799
695430
28
-13
8
-2027
29
3840
696455
47
-20
0
-2018
77
3771
697480
25
-16
4
-1990
58
3800
698505
-1
-10
17
-1982
-14
3861
699530
5
-17
19
-1973
13
3813
700555
29
-23
21
-1964
123
3812
701580
4
-21
31
-1972
143
3810
702605
-39
-16
33
-1964
72
3819
703630
-25
-11
32
-1976
13
3892
704655
7
-5
25
-1989
77
3907
697473
14
1
12
-1973
139
3796
698498
4
1
1
-1952
107
3759
699523
8
-7
-3
-1958
68
3839
700548
17
-10
-1
-1970
31
3879
701573
19
-11
1
-1980
46
3808
702598
13
-7
-2
-1986
97
3780
703623
-12
-3
7
-1981
71
3821
704648
-29
0
17
-1984
35
3835
705673
-10
-6
21
-1983
33
3835
706698
16
-16
12
-1973
124
3814
707723
8
-16
7
-1957
138
3806
708748
-13
-13
7
-1962
117
3809
709773
-16
-13
9
-1963
68
3846
710798
7
-12
5
-1963
56
3878
711823
22
-13
-4
-1957
106
3864
712848
-4
2
-7
-1975
88
3841
705664
-11
2
-9
-1965
68
3805
706689
8
-3
-4
-1959
29
3841
707714
21
-7
2
-1971
60
3871
708739
3
1
2
-1991
77
3832
709764
-15
5
-1
-1975
77
3781
710789
-9
-7
1
-1973
56
3776
711814
7
-15
6
-1968
85
3856
712839
5
-8
5
-1962
114
3852
713864
-17
0
5
-1970
61
3839
714889
-5
-6
4
-1973
43
3840
715914
5
-11
6
-1976
74
3812
716939
6
-16
9
-1955
110
3841
717964
-8
-7
13
-1964
73
3855
718989
-14
5
6
-1973
78
3852
720014
-11
2
5
-1959
63
3813
721039
10
-6
5
-1965
107
3828
713856
4
-5
5
-1970
109
3821
714881
-6
2
4
-1976
90
3841
715906
0
3
-1
-1973
55
3852
716931
4
0
1
-1958
43
3826
717956
8
-6
6
-1959
76
3826
718981
2
-7
6
-1969
82
3807
720006
-9
-3
8
-1970
66
3835
721031
-15
-1
13
-1988
52
3844
722056
-3
-7
11
-1969
97
3821
723081
-3
-3
7
-1960
129
3837
724106
-10
4
2
-1972
78
3872
725131
7
5
-5
-1958
79
3850
726156
13
7
-4
-1960
74
3834
727181
8
8
-2
-1973
85
3820
728206
-3
8
-1
-1977
61
3803
729231
4
1
0
-1997
42
3818
722047
13
-4
5
-1978
66
3832
723072
-1
-4
11
-1969
70
3792
724097
-6
-5
15
-1973
107
3799
725122
-13
-9
18
-1986
70
3815
726147
-2
-17
16
-1963
77
3831
727172
15
-19
16
-1961
114
3850
728197
3
-14
16
-1962
122
3841
729222
-19
-7
13
-1965
99
3822
730247
-11
-7
6
-1960
68
3857
731272
12
-5
2
-1960
84
3880
732297
4
0
-1
-1952
113
3826
733322
-16
5
0
-1969
91
3798
734347
-8
3
-1
-1975
90
3860
735372
-2
2
-4
-1974
84
3821
736397
7
-3
-9
-1975
81
3794
737422
-3
-3
-4
-1975
66
3823
730240
-18
0
2
-1982
72
3814
731265
-12
-6
5
-1974
66
3805
732290
-4
-10
8
-1968
57
3819
733315
-11
-6
11
-1971
64
3845
734340
-15
-3
11
-1962
59
3854
735365
0
-3
9
-1946
78
3858
736390
-4
1
6
-1947
108
3855
737415
-22
5
8
-1970
90
3824
738440
-11
-1
6
-1980
64
3819
739465
18
-12
-5
-1960
116
3821
740490
-14
4
-5
-1955
123
3839
741515
-62
15
2
-1997
126
3749
742540
-161
-12
16
-2098
285
3544
743565
-421
-2
55
-2062
-22
3632
744590
-268
68
86
-2044
-622
4295
745615
41
53
97
-1847
-345
4175
738432
358
46
99
-1560
164
4110
739457
354
63
102
-2203
426
3907
740482
-246
130
14
-1993
500
3650
741507
-465
131
-62
-1948
69
3590
742532
-325
41
-96
-2030
-96
3518
743557
97
-83
-148
-1882
-95
3593
744582
327
-89
-117
-1919
-121
4052
745607
364
-56
-71
-2232
86
3970
746632
178
-57
-77
-2200
366
3420
747657
-80
-52
-52
-2001
-91
3376
748682
-73
-74
-31
-1947
-189
3924
749707
56
-71
-5
-1930
-178
4255
750732
114
-48
32
-1966
16
4030
751757
55
-2
38
-1961
209
3859
752782
-13
31
24
-1940
166
3914
753807
-40
42
26
-1969
30
3854
746624
-3
30
11
-1989
23
3812
747649
54
15
-11
-1986
167
3828
748674
39
16
-19
-1961
151
3805
749699
-5
21
-16
-1965
54
3758
750724
-5
11
-14
-1995
8
3781
751749
18
4
-10
-2040
41
3839
752774
10
10
-6
-2038
59
3812
753799
-29
16
2
-2021
69
3742
754824
-47
11
6
-1997
-12
3727
755849
-3
-10
9
-1984
4
3785
756874
46
-23
11
-1985
100
3869
757899
1
-22
17
-1990
63
3800
758924
-42
-22
21
-1997
41
3737
759949
-22
-28
22
-1997
16
3849
760974
-1
-36
18
-1980
103
3836
761999
-17
-14
24
-1969
40
3893
754854
-6
5
27
-1978
29
3963
755879
-14
21
17
-1981
58
3879
756904
-20
27
3
-1971
83
3773
757929
8
16
-5
-1966
92
3788
758954
23
7
-5
-1978
58
3826
759979
10
3
-2
-1998
40
3807
761004
7
2
-1
-2027
25
3782
762029
20
-3
-4
-2014
40
3783
763054
9
-6
2
-2012
56
3799
764079
-28
-4
19
-2004
-10
3796
765104
-11
-8
26
-2006
27
3823
766129
-3
-9
28
-1982
81
3837
767154
-21
-7
26
-1970
109
3801
768179
-43
-9
20
-1977
119
3791
769204
-33
-18
16
-1979
102
3823
770229
-5
-21
9
-1991
73
3854
763008
-2
-16
-1
-1986
88
3850
764033
-13
-7
-3
-1977
43
3841
765058
-26
-5
-4
-1988
9
3778
766083
-10
-15
4
-1987
-7
3799
767108
7
-19
10
-2002
24
3840
768133
-5
-14
10
-1996
32
3839
769158
-35
-7
11
-1991
27
3807
770183
-31
-13
10
-1991
23
3764
771208
3
-22
5
-1983
51
3823
772233
8
-22
6
-1983
74
3890
773258
-2
-15
7
-1972
61
3876
774283
17
-13
1
-1952
69
3863
775308
30
-2
-6
-1936
88
3891
776333
0
20
-12
-1960
73
3875
777358
-10
32
-13
-1988
39
3848
778383
5
30
-14
-2000
28
3810
771200
20
23
-20
-1988
41
3783
772225
20
21
-18
-1989
45
3807
773250
3
17
-7
-2009
25
3791
774275
-2
12
3
-2018
31
3782
775300
-5
6
6
-2006
51
3793
776325
-10
-4
8
-2006
58
3746
777350
-15
-15
13
-2005
61
3751
778375
-12
-23
18
-1994
28
3830
779400
-8
-27
16
-1983
38
3824
780425
-9
-28
16
-1990
34
3809
781450
-2
-27
16
-1993
61
3829
782475
-3
-21
16
-1975
45
3881
783500
-4
-11
12
-1962
52
3877
784525
0
-6
5
-1968
67
3831
785550
2
0
1
-1971
73
3831
786575
1
7
1
-2001
85
3846
779392
3
9
-1
-1992
50
3868
780417
12
15
-8
-1960
66
3862
781442
2
28
-10
-1974
65
3826
782467
-8
30
-8
-2000
44
3803
783492
6
17
-7
-1996
76
3810
784517
6
11
-13
-1984
75
3808
785542
-6
15
-18
-1987
42
3802
786567
-17
13
-12
-2016
-14
3775
787592
3
3
-7
-2010
13
3805
788617
1
-2
-1
-2023
29
3785
789642
-12
-4
4
-2039
4
3768
790667
5
-16
9
-2017
-23
3768
791692
15
-21
19
-1988
4
3817
792717
0
-19
27
-1978
74
3832
793742
-28
-14
27
-1986
100
3801
794767
-28
-16
17
-2002
80
3807
787584
1
-26
8
-1993
80
3831
788609
15
-27
7
-1968
112
3837
789634
-5
-13
7
-1975
85
3841
790659
-25
-2
1
-1993
32
3845
791684
-12
-3
-7
-1985
8
3855
792709
14
-6
-6
-1975
33
3847
793734
1
2
1
-1991
52
3828
794759
-19
8
4
-2013
44
3815
795784
-8
4
3
-2005
14
3799
796809
13
-6
0
-1990
32
3798
797834
12
-8
1
-1977
49
3829
798859
1
0
4
-1996
39
3838
799884
2
2
4
-2004
41
3820
800909
-1
4
8
-1985
40
3815
801934
0
6
12
-1988
36
3854
802959
-6
8
10
-1992
49
3829
795776
-10
8
5
-1982
53
3792
796801
-2
1
4
-1988
45
3787
797826
6
-9
4
-2000
60
3777
798851
-1
-14
11
-2018
37
3795
799876
-4
-15
16
-2017
37
3825
800901
2
-12
17
-1998
45
3850
801926
-1
-8
14
-1982
62
3840
802951
-4
-6
8
-1973
60
3798
803976
-2
-7
4
-1981
52
3798
805001
-4
-7
5
-1996
50
3841
806026
-2
-4
5
-1997
48
3839
807051
-3
-2
1
-1982
50
3796
808076
-16
1
2
-1994
21
3801
809101
-11
-7
7
-2003
23
3803
810126
4
-13
11
-1995
39
3826
811151
-9
-10
10
-1980
86
3830
803968
-32
-4
9
-1989
63
3793
804993
-25
-8
10
-2000
42
3784
806018
-4
-17
6
-1995
58
3808
807043
2
-21
6
-1980
60
3842
808068
-9
-16
5
-1971
34
3839
809093
-20
-11
8
-1977
18
3829
810118
-6
-10
8
-1985
28
3824
811143
6
-6
5
-1988
56
3860
812168
-11
4
1
-1989
50
3855
813193
-24
7
-2
-1987
26
3792
814218
-14
3
1
-1980
35
3791
815243
-10
1
4
-1985
44
3816
816268
-12
-3
3
-1995
32
3806
817293
-18
-8
2
-2002
13
3796
818318
-11
-12
6
-1982
12
3829
819343
-5
-11
12
-1979
11
3829
812159
-13
-9
14
-1977
34
3812
813184
-6
-11
12
-1985
40
3848
814209
0
-11
7
-1991
48
3833
815234
-5
-10
7
-1973
49
3817
816259
1
-11
9
-1971
41
3850
817284
2
-4
6
-1977
57
3858
818309
-7
2
1
-1979
52
3833
819334
-5
8
-1
-1976
35
3830
820359
-3
7
-3
-1975
41
3814
821384
-11
8
-2
-1988
32
3823
822409
-5
7
0
-1995
7
3827
823434
2
3
0
-1983
15
3824
824459
-3
0
2
-1981
29
3806
825484
-9
1
3
-1997
30
3810
826509
-6
1
8
-2008
0
3813
827534
-2
-7
13
-1989
19
3781
820352
-13
-12
15
-1987
2
3805
821377
-25
-10
11
-1992
32
3830
822402
-35
-10
9
-1996
29
3802
823427
-24
-15
16
-1995
3
3814
824452
-5
-20
17
-1975
12
3841
825477
-2
-16
17
-1976
36
3835
826502
-8
-8
15
-1976
26
3852
827527
-10
-9
13
-1972
15
3853
828552
5
-8
5
-1962
52
3863
829577
4
-1
0
-1975
81
3848
830602
-17
7
1
-1986
58
3834
831627
-10
8
1
-1996
23
3833
832652
6
3
-3
-1999
17
3798
833677
3
0
-1
-1995
-10
3777
834702
0
-6
5
-1987
-24
3799
835727
2
-10
11
-1978
-33
3820
828545
1
-10
17
-1977
9
3842
829570
-5
-9
24
-2003
24
3816
830595
-9
-10
24
-2000
43
3810
831620
-4
-10
19
-1969
67
3842
832645
-4
-4
11
-1959
67
3844
833670
-5
-3
6
-1970
61
3836
834695
4
-7
2
-1970
34
3832
835720
17
-8
-4
-1962
45
3863
836745
8
-2
-9
-1973
36
3854
837770
3
1
-8
-1990
16
3824
838795
22
-2
-6
-1997
-7
3796
839820
66
-8
-7
-1992
4
3776
840845
73
-12
-4
-1987
53
3794
841870
76
-16
6
-2008
-13
3778
842895
80
-31
9
-1980
14
3780
843920
69
-36
19
-1989
28
3828
836736
25
-31
29
-1979
88
3856
837761
-22
-14
35
-1989
70
3840
838786
-15
-12
27
-1974
58
3829
839811
6
-17
22
-1940
83
3857
840836
5
-16
21
-1941
68
3853
841861
0
-13
17
-1969
97
3845
842886
-6
-10
11
-1978
84
3829
843911
5
-13
6
-1965
90
3832
844936
0
-10
5
-1986
83
3820
845961
-13
-9
0
-1984
71
3784
846986
-2
-20
1
-1979
62
3806
848011
12
-30
7
-1947
29
3832
849036
19
-31
13
-1942
40
3855
850061
13
-25
14
-1954
70
3850
851086
13
-21
13
-1956
56
3854
852111
11
-18
13
-1957
114
3864
844928
4
-5
13
-1963
87
3878
845953
14
2
4
-1958
96
3852
846978
18
8
-4
-1933
94
3823
848003
5
12
-7
-1940
78
3829
849028
-7
7
-6
-1961
54
3819
850053
8
-3
-4
-1986
58
3831
851078
12
-10
1
-1982
44
3803
852103
0
-14
10
-1966
56
3789
853128
-9
-15
20
-1968
51
3831
854153
-14
-15
25
-1983
67
3839
855178
-9
-15
24
-1966
88
3836
856203
-4
-17
22
-1932
100
3825
857228
2
-20
15
-1926
101
3854
858253
8
-18
10
-1940
100
3885
859278
3
-9
6
-1941
100
3872
860303
-4
2
5
-1927
84
3842
853120
-2
10
1
-1954
78
3851
854145
4
2
-2
-1964
59
3831
855170
21
-2
-5
-1957
72
3845
856195
12
4
-1
-1942
92
3861
857220
-3
13
4
-1947
92
3851
858245
-3
11
0
-1952
90
3800
859270
10
5
-13
-1965
99
3851
860295
20
3
-16
-1955
96
3875
861320
2
9
-11
-1954
89
3813
862345
-14
12
-5
-1970
62
3793
863370
-4
2
-5
-1977
40
3787
864395
9
-12
-2
-1971
39
3790
865420
1
-19
9
-1966
51
3830
866445
-12
-21
13
-1957
75
3819
867470
-14
-17
14
-1955
98
3837
868495
-5
-15
15
-1957
96
3885
861312
-3
-11
13
-1931
88
3870
862337
-3
-3
6
-1922
113
3862
863362
-2
4
2
-1957
109
3872
864387
-4
8
-2
-1964
99
3833
865412
-7
11
-2
-1954
65
3835
866437
12
2
-6
-1934
74
3838
867462
13
0
-7
-1928
89
3846
868487
-10
11
-6
-1958
74
3848
869512
-11
15
-6
-1975
52
3818
870537
2
6
-1
-1971
68
3795
871562
2
1
1
-1976
80
3804
872587
-9
-2
2
-1982
60
3791
873612
-1
-8
6
-1975
38
3805
874637
22
-16
11
-1949
81
3841
875662
9
-14
16
-1938
87
3849
876687
-16
-7
17
-1964
86
3835
869504
-8
-6
14
-1977
77
3832
870529
13
-11
8
-1952
84
3852
871554
9
-7
8
-1934
112
3887
872579
-8
2
4
-1946
108
3829
873604
-10
8
-1
-1960
87
3816
874629
-6
5
-3
-1978
66
3829
875654
8
-2
-4
-1960
70
3848
876679
11
-3
2
-1958
71
3855
877704
4
-2
5
-1968
84
3815
878729
-4
3
8
-1971
71
3808
879754
-1
3
9
-1970
71
3843
880779
5
4
6
-1950
98
3859
881804
-5
5
2
-1952
107
3824
882829
-7
4
-2
-1964
93
3826
883854
8
-3
-4
-1966
92
3839
884879
