Device = VHR-0009
time_stamp = 1779861518777
sample_rate = 50
Data format = INT16
TYPE = 6-AXIS IMU RAW DATA
13
25
0
-1171
-3174
-2506
16729216
-9
27
-8
-1185
-3173
-2455
16730241
-1
28
-17
-1205
-3197
-2461
16731266
18
28
-17
-1234
-3204
-2466
16732291
18
26
-19
-1229
-3194
-2483
16733316
18
28
-18
-1224
-3187
-2513
16734341
15
29
-12
-1220
-3186
-2523
16735366
-2
27
-1
-1229
-3179
-2550
16736391
-9
23
0
-1235
-3211
-2571
16737416
3
15
1
-1245
-3213
-2579
16738441
16
-4
5
-1237
-3210
-2572
16739466
30
-23
11
-1223
-3225
-2529
16740491
52
-38
19
-1208
-3207
-2504
16741516
50
-42
34
-1202
-3158
-2511
16742541
26
-39
42
-1194
-3159
-2493
16743566
24
-34
39
-1186
-3137
-2484
16744591
31
-33
37
-1164
-3108
-2468
16737408
17
-35
33
-1156
-3085
-2469
16738433
-1
-34
17
-1162
-3106
-2453
16739458
1
-29
-3
-1171
-3120
-2434
16740483
-1
-21
-22
-1172
-3100
-2442
16741508
-26
-12
-36
-1180
-3153
-2475
16742533
-37
-5
-46
-1187
-3199
-2476
16743558
-20
-4
-52
-1191
-3235
-2475
16744583
-5
-5
-51
-1195
-3231
-2509
16745608
-6
-6
-44
-1208
-3230
-2504
16746633
-16
-11
-30
-1204
-3232
-2501
16747658
-13
-16
-10
-1206
-3256
-2530
16748683
1
-22
4
-1193
-3239
-2527
16749708
12
-28
18
-1185
-3237
-2502
16750733
6
-32
29
-1188
-3203
-2501
16751758
0
-33
35
-1188
-3193
-2483
16752783
8
-32
37
-1181
-3197
-2485
16745599
8
-33
34
-1179
-3188
-2476
16746624
5
-33
27
-1166
-3163
-2470
16747649
5
-30
21
-1176
-3166
-2446
16748674
12
-26
15
-1186
-3183
-2441
16749699
19
-18
11
-1186
-3151
-2430
16750724
-2
-5
13
-1179
-3137
-2444
16751749
-33
9
14
-1200
-3173
-2472
16752774
-27
17
8
-1203
-3173
-2487
16753799
-12
18
1
-1195
-3174
-2511
16754824
-4
18
-4
-1202
-3205
-2514
16755849
4
16
-8
-1214
-3193
-2543
16756874
-13
8
-12
-1192
-3189
-2528
16757899
-7
-5
-8
-1191
-3246
-2523
16758924
35
-17
0
-1184
-3204
-2485
16759949
38
-23
11
-1173
-3165
-2482
16760974
9
-15
15
-1168
-3145
-2466
16753792
-11
-1
18
-1174
-3155
-2460
16754817
-15
12
17
-1190
-3166
-2462
16755842
-4
21
11
-1200
-3178
-2478
16756867
2
22
6
-1199
-3157
-2496
16757892
-10
20
1
-1207
-3156
-2495
16758917
-20
13
0
-1205
-3204
-2499
16759942
-4
10
-2
-1202
-3207
-2489
16760967
17
10
-4
-1204
-3165
-2470
16761992
-1
12
-3
-1210
-3163
-2489
16763017
-23
14
-7
-1199
-3189
-2503
16764042
-14
10
-7
-1195
-3206
-2510
16765067
8
4
0
-1192
-3189
-2512
16766092
4
-2
5
-1171
-3133
-2513
16767117
-34
-2
3
-1174
-3111
-2486
16768142
-56
1
-8
-1203
-3155
-2479
16769167
-42
4
-21
-1219
-3220
-2495
4294952064
-13
5
-29
-1214
-3201
-2489
4294953089
-10
4
-25
-1179
-3203
-2490
4294954114
-22
10
-19
-1175
-3212
-2488
4294955139
-22
10
-15
-1167
-3201
-2480
4294956164
-20
8
-11
-1173
-3199
-2497
4294957189
-9
7
-4
-1172
-3188
-2484
4294958214
-14
3
1
-1175
-3143
-2483
4294959239
-38
5
5
-1189
-3162
-2503
4294960264
-36
9
9
-1196
-3164
-2511
4294961289
-34
12
16
-1184
-3122
-2521
4294962314
-55
12
25
-1183
-3181
-2554
4294963339
-51
16
30
-1187
-3218
-2551
4294964364
-22
24
30
-1178
-3228
-2523
4294965389
12
29
33
-1180
-3225
-2512
4294966414
23
31
38
-1181
-3201
-2547
143
-6
28
47
-1174
-3266
-2569
4294960255
1
22
58
-1201
-3394
-2597
4294961280
75
10
72
-1219
-3481
-2587
4294962305
156
-12
92
-1267
-3648
-2509
4294963330
284
-47
101
-1311
-3759
-2475
4294964355
426
-91
109
-1376
-3917
-2470
4294965380
521
-133
109
-1470
-4121
-2491
4294966405
677
-195
83
-1567
-4322
-2519
134
1006
-307
-22
-1658
-4519
-2474
1159
1383
-445
-180
-1659
-4499
-2492
2184
1711
-544
-314
-1560
-4375
-2593
3209
2101
-620
-394
-1473
-4379
-2659
4234
2732
-720
-493
-1392
-4421
-2579
5259
3696
-856
-641
-1374
-4532
-2641
6284
5207
-1049
-825
-1353
-4743
-2504
7309
7143
-1286
-1011
-1169
-4945
-2224
8334
10026
-1482
-1275
-894
-5678
-2213
1152
14516
-1452
-1370
-649
-6028
-2454
2177
18518
-1192
-935
-504
-3797
-2507
3202
19873
-1049
-99
-737
-41
-1271
4227
17170
-1064
825
-678
1424
993
5252
10758
-771
906
-1083
3480
1824
6277
3618
-785
595
-1207
5881
1102
7302
-704
-826
495
284
3549
2388
8327
-613
-436
684
459
-659
4217
9352
1315
-293
284
-318
912
4217
10377
1331
-430
-43
-384
3296
4087
11402
-119
-347
-140
-8
2145
4428
12427
-590
-107
-71
27
293
4589
13452
-82
54
-64
-170
367
4496
14477
74
143
-86
-250
1076
4294
15502
-106
204
-27
-335
1101
3997
16527
-107
205
49
-462
1063
3922
9345
-73
111
93
-481
1075
3951
10370
-48
-5
135
-390
1151
3895
11395
8
-87
176
-278
1339
3903
12420
45
-113
209
-227
1326
4060
13445
40
-107
192
-237
1281
4104
14470
55
-99
131
-226
1353
4088
15495
78
-77
65
-179
1282
4097
16520
129
-27
14
-180
1327
4077
17545
54
24
-18
-273
1333
4037
18570
-84
38
-32
-313
1160
3961
19595
-49
42
-29
-332
1004
3939
20620
69
26
-11
-357
1068
3945
21645
73
1
0
-324
1104
3971
22670
29
-4
30
-269
1051
4047
23695
45
-4
76
-271
1089
4086
24720
33
-21
105
-278
1197
3992
17536
-30
-31
112
-243
1216
3951
18561
-48
-32
104
-198
1163
3998
19586
-13
-23
94
-211
1242
4043
20611
-20
-21
83
-272
1307
4026
21636
-55
-33
60
-259
1319
4011
22661
-108
-35
33
-230
1342
4027
23686
-160
-35
6
-206
1221
4045
24711
-103
-32
-20
-188
1091
4062
25736
20
-22
-40
-223
1143
4044
26761
33
-23
-36
-264
1268
4060
27786
-75
-38
-15
-259
1190
4052
28811
-103
-55
3
-223
1040
4055
29836
-3
-55
-6
-200
1062
4105
30861
64
-50
-8
-211
1183
4116
31886
37
-43
4
-216
1197
4094
32911
-8
-39
15
-203
1144
4074
25728
-12
-28
14
-209
1167
4065
26753
-9
-25
9
-221
1128
4048
27778
11
-19
2
-236
1166
4031
28803
-19
-20
-4
-254
1202
4057
29828
-54
-23
-9
-212
1145
4044
30853
-51
-20
4
-227
1096
4035
31878
-23
-18
2
-229
1055
4054
32903
9
-9
0
-252
1145
4059
33928
-18
-9
2
-255
1159
4065
34953
-49
-9
17
-216
1127
4059
35978
-63
3
31
-219
1105
4080
37003
-50
3
20
-182
1107
4091
38028
-32
6
11
-181
1168
4060
39053
-53
6
3
-215
1189
4034
40078
-73
-5
-4
-221
1124
4021
41103
-54
-20
-8
-207
1080
4061
33919
-23
-32
-7
-193
1074
4058
34944
18
-35
-5
-195
1097
4096
35969
10
-36
-6
-187
1096
4103
36994
5
-32
1
-197
1101
4072
38019
7
-32
4
-197
1133
4081
39044
-11
-28
4
-184
1127
4092
40069
-19
-15
3
-192
1129
4096
41094
-49
-6
2
-202
1157
4095
42119
-91
0
1
-193
1147
4089
43144
-101
6
-8
-211
1135
4072
44169
-75
6
-27
-220
1091
4068
45194
-23
5
-48
-204
1035
4079
46219
33
7
-47
-205
1076
4078
47244
10
8
-27
-201
1094
4094
48269
-32
11
-11
-204
1029
4081
49294
-1
16
-2
-229
1014
4075
42112
22
8
0
-225
1054
4067
43137
5
1
19
-210
1065
4068
44162
0
-2
40
-192
1026
4045
45187
17
2
42
-198
1068
4051
46212
-2
1
36
-215
1101
4032
47237
-27
-9
24
-195
1092
4016
48262
-13
-13
22
-179
1085
4062
49287
5
-10
14
-178
1101
4074
50312
22
-3
1
-184
1147
4072
51337
-25
0
-6
-211
1126
4086
52362
-57
-10
-2
-202
1080
4096
53387
-14
-18
6
-208
1054
4109
54412
41
-19
-2
-194
1131
4091
55437
24
-10
-7
-210
1141
4094
56462
-22
-8
-8
-212
1070
4073
57487
-9
-6
2
-211
1060
4069
50304
-2
-10
5
-209
1065
4050
51329
-20
-2
2
-213
1079
4009
52354
-75
-2
1
-241
1081
4007
53379
-91
-23
6
-216
948
4021
54404
-3
-37
11
-201
973
4039
55429
9
-45
22
-203
1145
4075
56454
-70
-51
33
-157
1075
4096
57479
-49
-38
35
-153
1031
4117
58504
7
-28
28
-186
1125
4128
59529
-11
-31
16
-175
1141
4129
60554
-28
-23
8
-166
1103
4137
61579
-5
-14
-2
-182
1084
4125
62604
19
-7
-19
-177
1099
4122
63629
-6
3
-27
-180
1079
4119
64654
-18
11
-23
-199
1020
4098
65679
-1
10
-11
-203
1058
4069
58496
-22
7
-12
-180
1022
4061
59521
-13
15
-13
-173
1001
4058
60546
20
15
-11
-200
1079
4060
61571
-3
0
-11
-198
1065
4050
62596
26
-3
-16
-183
985
4043
63621
95
-1
-25
-204
1097
4059
64646
60
-15
-31
-194
1174
4064
65671
-18
-21
-25
-159
1047
4089
66696
-10
-9
-25
-160
1009
4085
67721
6
4
-29
-185
1114
4078
68746
-41
6
-20
-187
1122
4076
69771
-57
11
-7
-195
1035
4116
70796
-23
13
-11
-210
1043
4127
71821
-4
12
-18
-215
1101
4102
72846
-39
6
-8
-191
1119
4113
73871
-70
5
9
-192
1063
4131
66688
-27
8
6
-196
1026
4124
67713
17
12
0
-207
1094
4120
68738
-3
10
3
-220
1089
4097
69763
-6
12
4
-208
1041
4085
70788
15
17
2
-223
1067
4079
71813
11
20
-7
-216
1058
4072
72838
-7
24
0
-229
1046
4076
73863
-33
17
7
-242
989
4034
74888
-18
13
6
-219
974
4040
75913
-6
12
6
-221
1023
4046
76938
-18
7
9
-211
1024
4060
77963
-20
2
17
-209
1029
4060
78988
-24
-6
22
-201
1063
4071
80013
-19
-7
16
-190
1036
4089
81038
12
2
6
-199
1058
4105
82063
13
2
-2
-224
1120
4098
74880
-19
1
-7
-214
1052
4101
75905
-3
3
-13
-215
1026
4103
76930
38
1
-20
-224
997
4107
77955
85
7
-27
-206
966
4112
78980
101
21
-9
-252
1133
4140
80005
3
8
24
-254
1186
4142
81030
-93
-3
52
-235
1113
4101
82055
-84
0
55
-235
1025
4101
83080
-10
6
38
-218
1045
4084
84105
-19
22
28
-248
1216
4061
85130
-173
25
25
-256
1189
4035
86155
-371
24
30
-247
1223
4006
87180
-832
22
80
-255
1550
4058
88205
-2057
10
214
-225
1909
4174
89230
-4038
89
434
-64
1639
4015
90255
-5775
422
692
6
772
3747
83071
-6830
813
955
-208
108
3523
84096
-8212
1111
1123
-509
155
3077
85121
-10842
1248
1358
-744
410
1607
86146
-13932
1378
1869
-1001
-366
-434
87171
-15879
1488
2392
-1509
-2256
-2071
88196
-15308
1408
2675
-1880
-4946
-2972
89221
-12570
1356
2451
-1984
-6665
-2550
90246
-9434
1139
1821
-2022
-5516
-2251
91271
-5743
889
1474
-1512
-6382
-2134
92296
-1515
966
925
-1484
-5706
-1037
93321
729
781
320
-1191
-2619
-1047
94346
-79
700
4
-1138
-2263
-1990
95371
-962
775
-81
-1648
-3521
-2763
96396
-905
724
-112
-1694
-3800
-2722
97421
-778
604
-145
-1518
-3960
-2404
98446
-442
472
-138
-1613
-3993
-2341
91264
-129
327
-135
-1609
-3683
-2564
92289
-154
246
-139
-1633
-3509
-2640
93314
-302
190
-118
-1584
-3597
-2478
94339
-327
151
-90
-1533
-3669
-2304
95364
-199
104
-60
-1476
-3605
-2335
96389
-103
64
-18
-1470
-3474
-2435
97414
-95
31
12
-1448
-3455
-2423
98439
-108
11
25
-1415
-3445
-2313
99464
-115
-4
40
-1386
-3357
-2268
100489
-84
-9
50
-1393
-3394
-2304
101514
-44
-17
42
-1353
-3305
-2316
102539
-60
-21
37
-1351
-3311
-2322
103564
-58
-21
36
-1352
-3341
-2330
104589
-22
-17
36
-1350
-3288
-2336
105614
-48
-11
46
-1354
-3290
-2352
106639
-44
-7
45
-1358
-3310
-2342
99456
-7
-11
50
-1343
-3264
-2339
100481
-1
-13
50
-1340
-3319
-2334
101506
64
-10
37
-1348
-3324
-2308
102531
99
-4
38
-1340
-3255
-2275
103556
53
15
41
-1343
-3210
-2300
104581
21
33
46
-1345
-3203
-2330
105606
-2
39
60
-1351
-3253
-2347
106631
31
36
54
-1368
-3332
-2328
107656
134
27
41
-1398
-3336
-2303
108681
187
23
30
-1403
-3273
-2304
109706
164
32
17
-1402
-3210
-2286
110731
77
41
21
-1390
-3156
-2287
111756
-5
47
23
-1380
-3302
-2315
112781
28
47
25
-1401
-3351
-2361
113806
75
38
22
-1408
-3242
-2330
114831
35
27
27
-1403
-3214
-2320
107648
-21
22
32
-1412
-3261
-2323
108673
-9
18
35
-1410
-3344
-2330
109698
25
11
38
-1412
-3307
-2321
110723
20
4
39
-1414
-3263
-2318
111748
7
3
38
-1425
-3260
-2304
112773
19
1
37
-1395
-3254
-2301
113798
38
2
40
-1408
-3244
-2292
114823
43
3
43
-1398
-3254
-2295
115848
43
7
40
-1392
-3251
-2309
116873
54
0
31
-1386
-3216
-2281
117898
21
-9
13
-1384
-3266
-2265
118923
20
-16
-9
-1400
-3325
-2259
119948
32
-17
-26
-1403
-3245
-2279
120973
-12
-8
-35
-1399
-3226
-2280
121998
-28
-1
-46
-1412
-3273
-2274
123023
-3
-2
-46
-1405
-3305
-2302
115841
14
-5
-45
-1408
-3281
-2304
116866
-8
-6
-37
-1402
-3235
-2309
117891
-45
-6
-25
-1402
-3287
-2325
118916
-42
-6
-17
-1397
-3304
-2312
119941
-11
-8
-14
-1374
-3286
-2305
120966
23
-11
-8
-1369
-3298
-2279
121991
47
-15
-1
-1358
-3252
-2247
123016
0
-11
-2
-1344
-3195
-2258
124041
-59
1
-10
-1345
-3297
-2270
125066
-30
11
-18
-1352
-3308
-2274
126091
6
17
-18
-1344
-3321
-2276
127116
9
18
-17
-1363
-3327
-2304
128141
5
12
-21
-1359
-3314
-2323
129166
3
8
-19
-1356
-3350
-2308
130191
29
5
-14
-1355
-3312
-2297
131216
33
6
-2
-1371
-3308
-2291
124033
13
8
0
-1366
-3285
-2290
125058
11
11
1
-1369
-3308
-2295
126083
31
7
0
-1359
-3311
-2304
127108
38
6
0
-1362
-3302
-2288
128133
22
7
-3
-1359
-3275
-2269
129158
8
13
-1
-1374
-3317
-2292
130183
31
17
-4
-1377
-3332
-2287
131208
53
15
-11
-1365
-3290
-2273
132233
25
12
-8
-1359
-3288
-2266
133258
17
11
-6
-1356
-3309
-2279
134283
38
10
1
-1367
-3304
-2279
135308
26
1
3
-1355
-3293
-2264
136333
11
-2
2
-1357
-3294
-2274
137358
7
-2
2
-1347
-3284
-2280
138383
8
0
7
-1346
-3287
-2278
139408
17
-7
9
-1341
-3281
-2284
132224
-2
-11
4
-1350
-3270
-2272
133249
-28
-11
-4
-1362
-3302
-2272
134274
-20
-11
-6
-1357
-3337
-2267
135299
1
-13
-5
-1352
-3330
-2264
136324
16
-17
2
-1349
-3338
-2262
137349
18
-19
6
-1346
-3316
-2258
138374
2
-11
6
-1347
-3326
-2220
139399
-10
-3
-2
-1355
-3319
-2205
140424
-3
-5
-6
-1337
-3318
-2277
141449
22
-5
4
-1348
-3328
-2287
142474
24
-7
6
-1332
-3299
-2266
143499
2
-2
7
-1337
-3287
-2267
144524
-5
4
4
-1339
-3320
-2225
145549
10
7
-3
-1326
-3343
-2225
146574
12
5
-10
-1334
-3319
-2254
147599
-1
2
-14
-1342
-3317
-2267
140416
-8
3
-12
-1344
-3346
-2252
141441
4
3
-11
-1342
-3336
-2254
142466
17
5
-5
-1336
-3334
-2248
143491
21
8
-4
-1339
-3332
-2232
144516
26
3
-4
-1336
-3314
-2254
145541
25
1
-2
-1347
-3266
-2256
146566
11
5
2
-1346
-3254
-2272
147591
-8
10
3
-1345
-3272
-2250
148616
-14
5
-1
-1326
-3283
-2257
149641
-13
5
4
-1345
-3330
-2249
150666
-6
4
3
-1325
-3310
-2261
151691
-24
9
2
-1334
-3318
-2259
152716
-43
13
-4
-1355
-3362
-2248
153741
-25
7
-8
-1352
-3370
-2248
154766
-14
3
-7
-1341
-3364
-2257
155791
3
-1
-5
-1339
-3377
-2266
148609
12
-5
1
-1346
-3340
-2272
149634
-4
-8
8
-1358
-3349
-2272
150659
5
-11
12
-1351
-3320
-2276
151684
-4
-11
18
-1331
-3302
-2276
152709
-18
-10
20
-1334
-3346
-2285
153734
15
-13
16
-1333
-3342
-2295
154759
36
-15
19
-1343
-3354
-2261
155784
31
-14
18
-1342
-3416
-2222
156809
59
-14
6
-1333
-3534
-2195
157834
151
-20
-7
-1354
-3734
-2186
158859
345
-40
-25
-1380
-3962
-2177
159884
594
-69
-37
-1426
-4120
-2155
160909
877
-111
-56
-1487
-4332
-2217
161934
1304
-174
-97
-1537
-4593
-2271
162959
1965
-278
-188
-1590
-4993
-2314
163984
2966
-433
-335
-1651
-5417
-2301
156802
4346
-641
-547
-1606
-5647
-2070
157827
5955
-826
-776
-1523
-5483
-1703
158852
7373
-967
-856
-1456
-4764
-1631
159877
8595
-1087
-813
-1358
-4548
-1286
160902
10371
-1160
-748
-1229
-4991
-889
161927
12952
-1207
-548
-1223
-5616
-612
162952
15597
-1396
-401
-1207
-4560
-502
163977
16058
-1653
-190
-988
-393
-565
165002
12451
-1408
157
-1020
3363
-241
166027
6871
-1011
428
-686
3530
1450
167052
2707
-830
294
260
2207
3072
168077
1702
-444
385
148
1080
4093
169102
1535
-396
472
-311
927
4046
170127
897
-479
274
-82
1799
4028
171152
152
-336
201
-66
1597
4245
172177
-213
-188
113
-133
1019
4562
164992
-137
-95
-3
-57
775
4681
166017
-56
29
-95
-215
1000
4548
167042
-163
118
-158
-347
1058
4405
168067
-192
154
-160
-434
861
4333
169092
-134
136
-124
-465
807
4326
170117
-79
78
-68
-470
803
4212
171142
15
18
-25
-427
786
4100
172167
87
-31
7
-401
954
4097
173192
50
-66
26
-337
986
4087
174217
-9
-78
25
-278
983
4094
175242
-47
-69
10
-283
873
4084
176267
11
-46
-27
-300
786
4049
177292
77
-26
-44
-336
828
4066
178317
25
-16
-37
-359
911
4083
179342
-101
-10
-22
-396
870
4072
180367
-135
-14
-24
-370
708
4084
173183
-33
-17
-21
-358
655
4110
174208
57
-19
-7
-355
794
4168
175233
12
-22
14
-346
939
4159
176258
-116
-14
33
-327
944
4166
177283
-181
-11
41
-315
810
4197
178308
-76
-19
29
-323
735
4162
179333
55
-32
6
-323
895
4150
180358
5
-41
1
-332
1048
4161
181383
-121
-61
-1
-313
955
4163
182408
-108
-75
-20
-261
778
4159
183433
-4
-63
-35
-251
734
4168
184458
42
-46
-35
-255
811
4196
185483
-3
-30
-21
-282
812
4196
186508
-46
-15
-10
-301
798
4176
187533
-93
-6
-4
-306
814
4177
188558
-124
-4
-2
-304
679
4160
181377
-8
4
-8
-307
641
4131
182402
86
11
-10
-328
841
4130
183427
-6
12
1
-341
866
4120
184452
-87
7
13
-339
770
4124
185477
-81
-2
13
-326
757
4139
186502
-71
-8
9
-307
750
4122
187527
-72
-1
9
-339
801
4105
188552
-112
-3
3
-365
843
4088
189577
-159
-15
-20
-336
763
4128
190602
-115
-19
-38
-298
670
4169
191627
-25
-8
-37
-296
679
4175
192652
-32
8
-27
-301
744
4184
193677
-97
17
-19
-321
733
4206
194702
-121
6
-11
-306
668
4218
195727
-67
3
-2
-296
640
4208
196752
-12
5
12
-284
688
4224
189569
-19
8
30
-297
704
4232
190594
-17
7
31
-321
690
4218
191619
13
0
26
-298
700
4238
192644
20
-1
21
-304
723
4199
193669
7
6
18
-302
719
4198
194694
-9
10
20
-315
709
4182
195719
-37
5
17
-322
722
4151
196744
-60
-3
17
-312
677
4150
197769
-22
-7
12
-307
614
4153
198794
37
-8
13
-320
724
4141
199819
-17
-14
15
-325
822
4178
200844
-92
-21
13
-307
676
4147
201869
-47
-20
-1
-324
602
4160
202894
22
-25
-8
-335
649
4174
203919
32
-27
-6
-330
711
4181
204944
-19
-19
-2
-319
705
4205
197759
-53
-9
1
-320
640
4223
198784
-26
-3
-2
-308
610
4207
199809
25
5
-3
-325
686
4204
200834
10
10
1
-316
732
4200
201859
-37
18
3
-311
710
4204
202884
-54
18
5
-329
667
4188
203909
-31
10
6
-331
643
4189
204934
2
1
7
-319
647
4177
205959
21
-2
8
-306
672
4173
206984
5
-1
11
-317
694
4179
208009
-25
-3
18
-314
670
4189
209034
-30
-5
22
-299
630
4190
210059
-3
-3
19
-303
667
4179
211084
-2
4
18
-314
696
4168
212109
-24
5
13
-328
672
4168
213134
-11
-1
5
-317
641
4168
205955
-3
-5
2
-318
701
4148
206980
-48
-4
2
-309
690
4168
208005
-65
-7
0
-301
630
4171
209030
-42
-13
-3
-307
658
4177
210055
-40
-23
0
-319
648
4177
211080
-31
-33
5
-313
628
4184
212105
-6
-37
5
-314
660
4197
213130
-8
-36
4
-289
639
4217
214155
2
-27
0
-290
625
4218
215180
12
-20
2
-294
624
4225
216205
7
-10
3
-300
648
4218
217230
-24
4
4
-300
646
4220
218255
-35
11
0
-304
596
4207
219280
13
10
2
-318
605
4197
220305
49
3
5
-323
700
4195
221330
15
-6
9
-298
722
4196
214145
-32
-4
20
-284
694
4204
215170
-42
-4
24
-293
657
4208
216195
2
-5
15
-284
640
4205
217220
55
2
4
-311
683
4202
218245
26
3
-2
-326
705
4162
219270
-34
5
-4
-320
658
4165
220295
-37
0
-8
-317
585
4180
221320
23
-1
-15
-311
564
4183
222345
60
4
-14
-307
666
4184
223370
1
6
-1
-315
675
4156
224395
-30
2
5
-294
589
4164
225420
11
2
9
-296
648
4180
226445
-1
1
9
-300
705
4181
227470
-24
0
10
-303
663
4181
228495
0
-6
6
-307
655
4202
229520
25
-13
-4
-294
663
4191
222336
19
-7
-8
-308
678
4192
223361
-4
0
-3
-318
666
4207
224386
-7
-1
-1
-310
617
4218
225411
29
3
1
-307
633
4226
226436
33
6
2
-311
701
4211
227461
-11
15
6
-312
685
4200
228486
-8
19
5
-330
626
4199
229511
37
15
0
-330
674
4196
230536
34
15
4
-334
708
4195
231561
5
15
2
-332
695
4166
232586
1
15
-3
-342
674
4167
233611
11
3
-4
-322
641
4164
234636
26
4
0
-317
664
4159
235661
-4
7
14
-349
720
4189
236686
-62
-9
21
-337
639
4203
237711
-35
-17
21
-308
591
4190
230528
10
-12
19
-314
675
4200
231553
-14
-10
20
-295
699
4192
232578
-42
-4
27
-314
698
4190
233603
-72
-9
23
-286
721
4192
234628
-137
1
22
-316
695
4204
235653
-152
4
7
-303
508
4194
236678
-12
9
-12
-322
548
4195
237703
15
-1
-22
-325
726
4220
238728
-95
-3
-16
-296
573
4249
239753
-137
4
-5
-327
585
4196
240778
-195
5
-6
-308
686
4169
241803
-328
34
-6
-288
590
4207
242828
-377
70
2
-315
500
4259
243853
-381
77
-3
-354
560
4252
244878
-419
67
-7
-329
505
4220
245903
-451
82
-7
-335
484
4240
238720
-495
94
-6
-351
498
4233
239745
-627
93
1
-340
516
4209
240770
-849
102
1
-332
389
4263
241795
-828
101
-11
-321
-246
4278
242820
-328
117
-75
-351
-283
4214
243845
-71
126
-136
-399
521
4215
244870
-774
119
-109
-351
1148
4208
245895
-2408
217
-14
-222
1349
4089
246920
-4008
430
206
-189
408
4074
247945
-4718
639
456
-327
-1117
4021
248970
-4721
785
490
-542
-1337
3941
249995
-5052
864
449
-679
-842
3707
251020
-5918
929
527
-755
-1035
3153
252045
-6810
1031
714
-913
-1889
2422
253070
-7389
1136
828
-1100
-2611
1917
254095
-7808
1175
837
-1254
-2788
1678
246912
-8646
1072
877
-1438
-2308
811
247937
-9701
1013
1069
-1555
-2181
-421
248962
-10425
1000
1358
-1711
-2850
-1514
249987
-10139
962
1620
-1833
-4041
-2157
251012
-8697
962
1420
-1921
-5515
-2612
252037
-5503
977
949
-1922
-6762
-2895
253062
-1498
961
473
-1938
-5554
-2457
254087
631
699
200
-1607
-2992
-1845
255112
67
455
4
-1356
-2155
-1796
256137
-921
319
-68
-1543
-3681
-2622
257162
-719
228
-87
-1867
-4146
-2884
258187
-233
84
-109
-1687
-3576
-2487
259212
-117
2
-135
-1636
-3546
-2205
260237
-130
-37
-158
-1637
-3467
-2206
261262
-197
-43
-168
-1583
-3357
-2206
262287
-250
-29
-160
-1574
-3465
-2149
255274
-206
-13
-154
-1549
-3527
-2182
256299
-138
-12
-136
-1502
-3423
-2167
257324
-114
-15
-117
-1476
-3389
-2192
258349
-110
-12
-105
-1458
-3337
-2227
259374
-96
-5
-92
-1458
-3425
-2194
260399
-9
2
-83
-1463
-3376
-2135
261424
6
9
-58
-1450
-3287
-2139
262449
-71
27
-39
-1462
-3282
-2197
263474
-102
44
-26
-1472
-3305
-2270
264499
-68
50
-11
-1464
-3333
-2289
265524
-26
45
-1
-1469
-3330
-2273
266549
-2
33
11
-1482
-3317
-2312
267574
-45
19
24
-1485
-3311
-2346
268599
-68
14
24
-1501
-3387
-2342
269624
-4
8
25
-1487
-3318
-2301
270649
6
-2
32
-1464
-3273
-2270
263296
11
2
42
-1478
-3324
-2261
264321
32
10
56
-1455
-3304
-2231
265346
21
22
61
-1444
-3284
-2194
266371
34
31
69
-1450
-3312
-2226
267396
56
34
84
-1431
-3320
-2240
268421
54
40
92
-1444
-3352
-2229
269446
92
49
103
-1475
-3391
-2221
270471
112
59
119
-1491
-3259
-2246
271496
65
67
121
-1485
-3223
-2263
272521
25
68
112
-1511
-3257
-2292
273546
39
56
86
-1501
-3262
-2283
274571
78
44
60
-1507
-3284
-2268
275596
101
36
48
-1523
-3241
-2258
276621
78
33
43
-1520
-3193
-2255
277646
31
37
48
-1529
-3262
-2230
278671
42
36
46
-1521
-3253
-2213
271487
60
36
49
-1525
-3253
-2212
272512
46
34
46
-1539
-3242
-2261
273537
58
37
36
-1535
-3216
-2217
274562
66
34
32
-1530
-3244
-2237
275587
68
32
27
-1550
-3218
-2216
276612
44
23
22
-1524
-3204
-2247
277637
23
17
13
-1525
-3233
-2237
278662
25
5
4
-1513
-3271
-2233
279687
52
-1
2
-1527
-3303
-2262
280712
88
-4
9
-1518
-3290
-2206
281737
60
-5
27
-1507
-3279
-2217
282762
31
-2
44
-1503
-3307
-2209
283787
33
3
58
-1499
-3316
-2202
284812
35
7
67
-1511
-3295
-2214
285837
21
6
60
-1505
-3295
-2191
286862
25
7
52
-1520
-3301
-2228
279680
17
7
52
-1508
-3265
-2217
280705
-2
8
38
-1510
-3324
-2195
281730
9
4
25
-1514
-3272
-2187
282755
4
5
11
-1512
-3281
-2198
283780
17
12
4
-1531
-3255
-2189
284805
9
15
2
-1516
-3250
-2182
285830
11
22
2
-1524
-3301
-2184
286855
22
26
-4
-1531
-3233
-2178
287880
-15
33
-5
-1525
-3236
-2193
288905
-35
39
-8
-1528
-3248
-2198
289930
-33
33
-6
-1531
-3305
-2223
290955
-7
27
-8
-1536
-3306
-2229
291980
8
20
-3
-1530
-3262
-2218
293005
-25
14
5
-1529
-3280
-2230
294030
-36
10
10
-1539
-3312
-2222
295055
-18
2
11
-1531
-3308
-2232
287871
-5
-1
11
-1520
-3273
-2218
288896
-7
-2
7
-1516
-3288
-2195
289921
-1
2
5
-1513
-3287
-2206
290946
-12
5
14
-1509
-3234
-2226
291971
-59
8
15
-1507
-3234
-2225
292996
-56
11
8
-1508
-3315
-2233
294021
-7
12
4
-1497
-3291
-2209
295046
1
10
2
-1483
-3252
-2197
296071
-25
16
4
-1498
-3245
-2227
297096
-32
20
11
-1510
-3302
-2219
298121
-11
23
13
-1500
-3309
-2194
299146
-4
27
17
-1507
-3286
-2231
300171
-20
28
23
-1502
-3276
-2241
301196
-24
27
23
-1510
-3308
-2270
302221
-4
23
16
-1518
-3286
-2250
303246
1
17
15
-1518
-3281
-2253
296064
-1
12
13
-1533
-3271
-2244
297089
-22
5
8
-1522
-3273
-2259
298114
-19
1
4
-1526
-3305
-2241
299139
15
-1
6
-1521
-3312
-2232
300164
34
2
16
-1513
-3272
-2234
301189
19
3
24
-1504
-3240
-2232
302214
-20
2
30
-1506
-3272
-2257
303239
-12
1
25
-1506
-3302
-2257
304264
32
-2
28
-1516
-3265
-2234
305289
25
-5
28
-1508
-3242
-2235
306314
-9
-4
23
-1513
-3243
-2235
307339
-21
-4
21
-1517
-3278
-2239
308364
-3
-5
12
-1516
-3272
-2229
309389
20
-7
12
-1504
-3251
-2225
310414
4
-5
13
-1513
-3253
-2230
311439
-5
1
12
-1519
-3275
-2228
304256
-6
4
14
-1518
-3273
-2225
305281
-3
4
18
-1519
-3272
-2235
306306
2
4
23
-1519
-3245
-2252
307331
-2
5
21
-1519
-3258
-2244
308356
4
3
19
-1521
-3242
-2240
309381
-6
0
17
-1520
-3244
-2241
310406
-9
-1
11
-1514
-3261
-2235
311431
-9
-4
8
-1521
-3284
-2244
312456
-3
-5
5
-1521
-3280
-2247
313481
-5
-6
5
-1516
-3288
-2233
314506
-7
-6
9
-1518
-3253
-2234
315531
-13
-4
9
-1531
-3257
-2210
316556
-21
-1
5
-1529
-3235
-2229
317581
-27
0
4
-1540
-3262
-2238
318606
-15
4
6
-1527
-3263
-2250
319631
4
5
7
-1516
-3244
-2260
312448
-1
-1
5
-1524
-3259
-2254
313473
-4
-6
5
-1522
-3284
-2259
314498
6
-6
7
-1520
-3254
-2236
315523
-2
-3
10
-1517
-3253
-2230
316548
-4
-2
9
-1509
-3253
-2215
317573
6
1
10
-1520
-3275
-2216
318598
10
7
14
-1513
-3273
-2244
319623
14
17
17
-1514
-3253
-2254
320648
8
26
22
-1525
-3243
-2260
321673
2
29
20
-1533
-3264
-2243
322698
-1
22
15
-1536
-3282
-2242
323723
1
9
8
-1537
-3292
-2268
324748
17
-1
9
-1535
-3278
-2265
325773
24
-5
8
-1527
-3287
-2248
326798
28
-7
7
-1526
-3263
-2235
327823
13
-7
9
-1524
-3239
-2250
320640
-2
-5
10
-1513
-3284
-2245
321665
34
-3
9
-1528
-3295
-2248
322690
54
-5
9
-1519
-3232
-2228
323715
15
-5
9
-1521
-3264
-2251
324740
19
3
7
-1527
-3332
-2228
325765
63
1
1
-1519
-3378
-2214
326790
135
-7
-6
-1546
-3519
-2236
327815
272
-21
-21
-1576
-3665
-2236
328840
438
-46
-33
-1581
-3814
-2230
329865
625
-82
-31
-1617
-3936
-2222
330890
893
-125
-23
-1618
-4170
-2235
331915
1391
-179
-23
-1666
-4472
-2259
332940
2231
-266
-76
-1677
-4616
-2193
333965
3276
-381
-165
-1694
-4757
-2076
334990
4571
-581
-287
-1685
-5198
-1855
336015
6625
-914
-485
-1710
-6067
-1886
328832
10224
-1268
-704
-1694
-7118
-2076
329857
15343
-1435
-834
-1419
-7107
-1961
330882
19229
-1672
-339
-1434
-5616
-2040
331907
19362
-2021
-57
-1787
-1030
-2152
332932
15061
-2004
252
-1991
3070
-1025
333957
8193
-1746
32
-1048
4812
442
334982
2750
-1131
-225
461
4890
2868
336007
608
-552
479
-152
683
4293
337032
987
-614
334
-643
-637
3832
338057
1442
-702
-91
-260
2135
4051
339082
457
-477
-152
-356
1758
4520
340107
-116
-314
-117
-292
263
4685
341132
27
-173
-104
-434
291
4687
342157
103
-59
-107
-569
604
4431
343182
3
21
-88
-671
895
4234
344207
-149
56
-85
-761
666
4174
337024
-90
32
-87
-755
526
4066
338049
68
-8
-39
-706
664
4036
339074
7
-53
39
-666
974
4068
340099
-182
-99
84
-595
839
4094
341124
-139
-128
91
-487
704
4144
342149
7
-129
74
-449
856
4143
343174
64
-106
47
-421
995
4137
344199
-3
-74
18
-442
1026
4116
345224
-70
-46
-12
-462
806
4152
346249
-62
-36
-38
-497
751
4139
347274
-76
-39
-49
-517
674
4126
348299
-57
-34
-45
-493
627
4157
349324
-40
-19
-23
-497
706
4216
350349
-121
-9
3
-496
648
4204
351374
-134
4
26
-490
606
4199
352399
-94
7
37
-493
775
4197
345216
-137
3
32
-474
802
4190
346241
-152
5
13
-473
751
4144
347266
-148
8
-5
-517
827
4097
348291
-193
0
-23
-483
729
4090
349316
-165
6
-24
-497
615
4211
350341
-105
-5
-36
-497
581
4226
351366
-32
-13
-55
-498
592
4164
352391
-27
-8
-57
-498
658
4172
353416
-91
-3
-48
-504
600
4200
354441
-74
-7
-47
-469
474
4190
355466
24
3
-33
-469
582
4217
356491
-10
13
-3
-482
640
4227
357516
-89
25
13
-486
573
4237
358541
-86
22
18
-505
583
4199
359566
-40
9
7
-501
527
4175
360591
31
-4
3
-507
644
4164
353408
4
-13
1
-478
726
4186
354433
-81
-3
1
-466
645
4231
355458
-110
3
-6
-494
538
4228
356483
-32
0
-16
-493
500
4212
357508
43
-6
-14
-502
594
4223
358533
36
-2
-9
-490
610
4189
359558
-9
5
-9
-522
656
4173
360583
-77
0
-15
-516
593
4168
361608
-80
3
-15
-510
519
4188
362633
-17
3
-13
-518
491
4186
363658
39
4
-12
-513
607
4183
364683
-42
9
-9
-529
651
4170
365708
-114
13
-9
-533
501
4194
366733
-73
10
-9
-550
469
4211
367758
7
6
-8
-526
502
4199
368783
27
16
-1
-520
611
4195
361601
-30
29
3
-534
573
4179
362626
-52
33
3
-540
535
4203
363651
-41
24
2
-524
510
4196
364676
-4
27
5
-528
531
4182
365701
-11
24
2
-542
555
4185
366726
-26
21
0
-519
514
4204
367751
-26
21
6
-536
590
4210
368776
-43
9
10
-523
551
4216
369801
-5
3
5
-503
516
4191
370826
27
3
0
-537
596
4200
371851
-11
-4
1
-523
570
4217
372876
-28
-4
8
-529
512
4220
373901
9
-4
3
-535
501
4204
374926
38
-1
1
-547
539
4193
375951
15
-2
-1
-564
538
4182
376976
4
0
-2
-538
499
4178
369792
-5
8
3
-545
568
4171
370817
-46
12
5
-533
522
4166
371842
-44
19
3
-531
470
4190
372867
-5
21
-1
-538
482
4189
373892
23
17
2
-550
544
4167
374917
-5
16
12
-570
552
4171
375942
-43
5
21
-567
539
4180
376967
-37
-5
15
-562
517
4172
377992
-2
-12
10
-553
524
4190
379017
17
-15
11
-550
556
4222
380042
4
-16
10
-530
570
4228
381067
-18
-7
6
-514
521
4213
382092
-17
7
7
-520
541
4199
383117
-20
11
12
-546
553
4187
384142
-25
0
12
-550
547
4166
385167
-8
-6
6
-558
516
4180
377983
12
-13
-4
-552
515
4174
379008
6
-11
-2
-561
581
4174
380033
-52
-10
-1
-549
570
4174
381058
-92
-3
-6
-543
513
4211
382083
-79
-1
-10
-537
441
4246
383108
-30
0
-9
-546
442
4208
384133
-10
4
0
-563
518
4212
385158
-36
5
6
-538
484
4196
386183
-28
11
12
-532
479
4205
387208
-8
13
11
-535
466
4208
388233
14
15
8
-544
504
4198
389258
-11
13
11
-559
573
4188
390283
-60
6
13
-557
501
4183
391308
-41
-2
11
-554
453
4204
392333
15
-13
8
-544
489
4214
393358
22
-18
5
-536
544
4214
386176
-5
-16
5
-533
529
4220
387201
-5
-15
8
-531
506
4226
388226
5
-12
12
-531
502
4213
389251
17
-8
7
-557
509
4213
390276
16
-6
-2
-569
540
4195
391301
-1
-9
-8
-562
519
4178
392326
-10
-5
-1
-565
477
4187
393351
-10
1
3
-566
463
4195
394376
-11
1
1
-575
461
4184
395401
-13
-1
3
-556
471
4194
396426
2
-1
13
-562
457
4197
397451
14
-1
17
-556
531
4193
398476
-22
3
20
-550
541
4201
399501
-36
7
16
-547
473
4209
400526
-10
8
5
-554
484
4213
401551
13
5
2
-543
477
4219
394429
22
7
11
-551
535
4211
395454
-7
2
12
-544
513
4209
396479
-21
2
7
-539
471
4216
397504
5
2
4
-541
445
4234
398529
35
-1
6
-524
498
4229
399554
20
1
13
-540
528
4199
400579
-13
5
13
-553
490
4179
401604
-8
3
10
-563
498
4172
402629
8
-10
6
-552
498
4179
403654
5
-11
-2
-542
528
4171
404679
-15
-5
-8
-558
486
4182
405704
-27
-11
-11
-560
478
4162
406729
-41
-17
-8
-566
478
4184
407754
-55
-22
-5
-561
451
4208
408779
-54
-20
2
-554
474
4217
409804
-78
-9
18
-559
488
4246
402559
-94
-1
28
-553
415
4257
403584
-34
8
26
-557
438
4242
404609
-3
13
20
-570
513
4227
405634
-29
14
12
-545
479
4210
406659
-33
23
13
-559
460
4212
407684
-20
19
6
-572
463
4193
408709
2
6
-1
-558
445
4182
409734
22
-4
-3
-555
484
4187
410759
-1
-11
-6
-543
490
4185
411784
-14
-11
-4
-533
446
4198
412809
13
-13
-4
-547
448
4197
413834
52
-19
-6
-546
444
4199
414859
71
-19
-4
-549
523
4224
415884
19
-18
-2
-543
541
4207
416909
-43
-5
6
-552
507
4214
417934
-54
-3
7
-560
389
4227
410753
21
-2
-4
-557
422
4224
411778
45
0
-8
-575
517
4208
412803
-2
8
3
-569
523
4194
413828
-63
13
17
-566
491
4204
414853
-90
18
21
-560
444
4215
415878
-60
20
16
-555
399
4217
416903
-7
22
12
-575
499
4206
417928
-53
19
16
-585
590
4187
418953
-158
17
22
-557
518
4186
419978
-226
23
25
-567
444
4218
421003
-210
27
15
-557
326
4253
422028
-134
30
1
-553
421
4237
423053
-201
40
7
-569
572
4226
424078
-430
48
26
-549
514
4227
425103
-594
62
44
-546
230
4247
426128
-523
73
44
-564
52
4243
418944
-362
82
36
-604
208
4215
419969
-420
80
39
-628
386
4207
420994
-648
74
55
-592
245
4203
422019
-665
77
54
-583
-219
4236
423044
-282
79
13
-627
-329
4232
424069
74
52
-44
-658
105
4180
425094
32
29
-55
-646
323
4127
426119
-222
26
-39
-633
213
4148
427144
-419
33
-16
-611
60
4188
428169
-546
56
-1
-620
80
4204
429194
-897
67
29
-608
375
4193
430219
-1721
116
94
-548
504
4156
431244
-2687
254
187
-521
12
4070
432269
-3379
447
263
-590
-419
3948
433294
-3993
629
238
-727
-399
3735
434319
-4813
784
242
-768
-394
3489
427135
-6390
970
254
-788
-117
2787
428160
-8952
1270
414
-997
-136
1580
429185
-12234
1516
773
-1357
-969
-17
430210
-14532
1530
1116
-1581
-2877
-1051
431235
-14358
1306
1363
-1629
-5393
-1792
432260
-11501
1230
1376
-1668
-6984
-2072
433285
-7639
1248
1106
-1926
-6482
-1824
434310
-4290
1036
830
-1704
-5370
-1926
435335
-1786
870
506
-1569
-4631
-2262
436360
-222
674
203
-1623
-3742
-2451
437385
-39
434
-20
-1492
-3311
-2444
438410
-300
279
-106
-1560
-3515
-2441
439435
-165
168
-115
-1648
-3751
-2334
440460
39
77
-115
-1593
-3625
-2197
441485
70
27
-111
-1588
-3594
-2070
442510
59
2
-108
-1561
-3548
-1947
435329
-20
2
-82
-1527
-3531
-1921
436354
-82
17
-54
-1517
-3578
-1922
437379
-72
19
-32
-1502
-3595
-1930
438404
-39
11
-22
-1505
-3535
-1942
439429
-19
-2
-8
-1499
-3522
-1981
440454
23
-8
4
-1514
-3499
-1971
441479
46
-19
0
-1500
-3458
-1972
442504
72
-21
-18
-1507
-3459
-1914
443529
79
-22
-28
-1478
-3379
-1910
444554
17
-21
-26
-1497
-3406
-1972
445579
-9
-23
-27
-1503
-3501
-1992
446604
13
-30
-25
-1521
-3514
-1958
447629
23
-41
-35
-1488
-3541
-1928
448654
71
-34
-37
-1493
-3536
-1935
449679
117
-24
-29
-1463
-3531
-1935
450704
156
-16
-28
-1453
-3576
-1925
443521
174
-18
-30
-1471
-3470
-1865
444546
88
-27
-27
-1454
-3438
-1848
445571
8
-25
-22
-1461
-3551
-1915
446596
10
-24
-20
-1471
-3572
-1939
447621
59
-29
-21
-1471
-3575
-1923
448646
122
-34
-18
-1480
-3578
-1860
449671
143
-43
-17
-1464
-3467
-1887
450696
80
-38
-2
-1474
-3441
-1879
451721
15
-34
13
-1460
-3538
-1885
452746
37
-24
14
-1454
-3567
-1863
453771
82
-19
12
-1443
-3539
-1833
454796
98
-12
19
-1451
-3499
-1856
455821
63
-8
32
-1452
-3457
-1863
456846
-4
-8
38
-1458
-3526
-1826
457871
-5
-12
31
-1459
-3587
-1838
458896
35
-14
24
-1457
-3556
-1841
451712
54
-7
20
-1464
-3537
-1831
452737
50
-3
17
-1472
-3501
-1821
453762
25
-1
15
-1470
-3504
-1802
454787
12
-1
14
-1473
-3573
-1826
455812
28
-3
8
-1482
-3595
-1857
456837
64
-6
4
-1474
-3596
-1840
457862
80
-8
5
-1471
-3547
-1818
458887
69
-8
15
-1469
-3569
-1819
459912
58
-1
22
-1476
-3585
-1804
460937
71
3
16
-1467
-3571
-1804
461962
83
1
12
-1475
-3527
-1781
462987
71
-3
12
-1479
-3562
-1773
464012
74
1
10
-1473
-3565
-1757
465037
43
7
16
-1485
-3531
-1789
466062
-6
18
20
-1501
-3600
-1766
467087
8
24
15
-1505
-3597
-1751
459904
16
21
20
-1478
-3537
-1773
460929
-10
22
24
-1486
-3585
-1757
461954
-1
19
25
-1505
-3619
-1773
462979
13
15
24
-1516
-3539
-1807
464004
-9
15
22
-1506
-3514
-1780
465029
-28
13
25
-1499
-3555
-1814
466054
-14
14
28
-1497
-3572
-1787
467079
-6
5
27
-1487
-3519
-1776
468104
-32
-5
24
-1495
-3527
-1806
469129
-34
-8
13
-1499
-3584
-1797
470154
11
-4
3
-1502
-3581
-1778
471179
39
-5
-1
-1496
-3541
-1778
472204
16
-10
-1
-1494
-3514
-1786
473229
-36
-12
-2
-1479
-3542
-1803
474254
-50
-11
3
-1487
-3591
-1805
475279
-24
-11
5
-1494
-3593
-1791
468218
9
-15
6
-1477
-3544
-1800
469243
3
-13
11
-1484
-3511
-1791
470268
-34
-10
9
-1483
-3538
-1795
471293
-41
-7
4
-1485
-3596
-1774
472318
-2
-5
0
-1477
-3596
-1768
473343
24
-3
2
-1478
-3553
-1768
474368
-8
-2
0
-1476
-3547
-1763
475393
-23
3
0
-1484
-3608
-1799
476418
8
9
1
-1480
-3570
-1789
477443
8
9
6
-1487
-3564
-1786
478468
4
7
7
-1506
-3550
-1791
479493
6
2
3
-1513
-3556
-1792
480518
-4
-2
0
-1498
-3572
-1813
481543
14
0
1
-1492
-3588
-1801
482568
35
1
2
-1498
-3550
-1794
483593
15
-5
2
-1491
-3559
-1778
476288
4
-8
0
-1492
-3589
-1779
477313
22
-9
2
-1488
-3560
-1793
478338
11
-5
7
-1481
-3537
-1795
479363
6
-4
9
-1482
-3575
-1794
480388
25
-9
8
-1491
-3542
-1796
481413
11
-12
10
-1486
-3547
-1785
482438
3
-6
13
-1495
-3566
-1783
483463
5
-1
11
-1486
-3563
-1759
484488
11
-2
14
-1498
-3568
-1780
485513
21
-4
8
-1505
-3568
-1785
486538
29
-4
0
-1494
-3549
-1768
487563
20
-4
0
-1506
-3549
-1762
488588
2
-4
3
-1496
-3557
-1768
489613
-21
-1
7
-1508
-3575
-1778
490638
-14
-5
7
-1499
-3577
-1803
491663
-8
-9
7
-1496
-3571
-1795
484480
0
-11
1
-1501
-3599
-1770
485505
16
-10
-3
-1505
-3578
-1756
486530
0
-8
-4
-1497
-3553
-1752
487555
-18
-7
2
-1496
-3570
-1775
488580
-11
-5
6
-1495
-3588
-1789
489605
10
-6
8
-1487
-3567
-1790
490630
17
-9
8
-1489
-3546
-1792
491655
22
-10
8
-1479
-3518
-1779
492680
10
-8
9
-1480
-3506
-1773
493705
-21
1
8
-1486
-3523
-1778
494730
-28
5
1
-1489
-3555
-1787
495755
-12
2
-4
-1481
-3562
-1785
496780
2
-4
-8
-1484
-3576
-1786
497805
5
-4
-12
-1482
-3560
-1765
498830
-15
-2
-14
-1485
-3563
-1769
499855
-26
3
-4
-1487
-3584
-1752
492671
-18
5
4
-1487
-3615
-1774
493696
6
10
7
-1490
-3584
-1759
494721
6
8
11
-1489
-3565
-1787
495746
-15
9
15
-1515
-3551
-1789
496771
-20
6
11
-1505
-3580
-1773
497796
5
6
11
-1496
-3570
-1786
498821
4
3
7
-1491
-3569
-1777
499846
-15
1
5
-1495
-3574
-1786
500871
-16
-1
2
-1501
-3590
-1787
501896
7
-4
-1
-1501
-3589
-1789
502921
19
-5
-1
-1486
-3535
-1756
503946
-22
-2
4
-1489
-3540
-1772
504971
-48
0
3
-1488
-3595
-1805
505996
-19
-3
1
-1488
-3599
-1830
507021
27
-10
0
-1485
-3580
-1797
508046
43
-16
2
-1479
-3533
-1772
500864
4
-15
6
-1477
-3503
-1773
501889
-36
-7
7
-1483
-3558
-1766
502914
-20
0
6
-1472
-3585
-1772
503939
15
5
6
-1471
-3548
-1778
504964
24
7
4
-1481
-3562
-1776
505989
22
8
-1
-1472
-3539
-1766
507014
4
13
-4
-1480
-3586
-1771
508039
12
21
-7
-1491
-3634
-1777
509064
46
20
-11
-1493
-3620
-1781
510089
53
12
-10
-1497
-3608
-1776
511114
39
7
-4
-1491
-3614
-1789
512139
30
7
2
-1496
-3616
-1795
513164
40
4
8
-1496
-3608
-1811
514189
49
-2
11
-1503
-3583
-1798
515214
54
-10
7
-1485
-3573
-1775
516239
42
-12
7
-1482
-3542
-1774
509057
13
-10
8
-1480
-3574
-1772
510082
23
-7
4
-1477
-3618
-1760
511107
83
-8
-3
-1466
-3629
-1735
512132
121
-8
-8
-1463
-3565
-1713
513157
81
-4
-6
-1455
-3591
-1713
514182
72
5
-9
-1474
-3693
-1701
515207
140
6
-16
-1473
-3694
-1704
516232
197
8
-13
-1479
-3680
-1714
517257
239
11
-11
-1494
-3725
-1714
518282
313
10
-15
-1512
-3756
-1704
519307
348
-7
-23
-1518
-3694
-1660
520332
271
-31
-25
-1502
-3737
-1669
521357
263
-37
-25
-1530
-3921
-1637
522382
405
-46
-39
-1522
-3944
-1602
523407
529
-66
-47
-1508
-3899
-1544
524432
557
-88
-35
-1523
-3943
-1506
517247
575
-103
-31
-1547
-4000
-1472
518272
657
-122
-38
-1543
-4022
-1441
519297
783
-148
-45
-1537
-4075
-1433
520322
970
-182
-54
-1538
-4150
-1371
521347
1192
-221
-62
-1530
-4054
-1273
522372
1290
-269
-37
-1513
-3997
-1180
523397
1267
-305
-16
-1510
-4046
-1084
524422
1364
-331
-13
-1520
-4222
-993
525447
1692
-356
-25
-1535
-4300
-862
526472
2040
-397
-33
-1495
-4158
-695
527497
2290
-446
-23
-1470
-4174
-523
528522
2566
-482
-15
-1491
-4269
-351
529547
2958
-521
-26
-1468
-4314
-254
530572
3718
-569
-84
-1414
-4684
-101
531597
5284
-610
-220
-1393
-5117
90
532622
7638
-675
-368
-1384
-5010
151
525439
10252
-798
-453
-1428
-4528
68
526464
12658
-1055
-554
-1557
-4025
-85
527489
14739
-1415
-620
-1553
-2461
12
528514
14834
-1733
-421
-1352
938
140
529539
11260
-1669
-260
-1009
5036
1269
530564
5130
-1329
-46
-526
6588
2884
531589
-160
-936
185
-10
3274
4165
532614
-1129
-669
285
-92
-560
5161
533639
397
-580
-63
-230
38
5188
534664
759
-464
-274
-315
1857
4850
535689
-34
-218
-163
-302
1230
4793
536714
-424
6
-77
-524
497
4771
537739
-240
79
-89
-711
430
4473
538764
-13
82
-90
-708
624
4197
539789
59
71
-44
-742
677
4063
540814
134
28
11
-751
646
3987
533632
159
-39
61
-670
764
3946
534657
57
-74
133
-579
831
3950
535682
-66
-85
197
-515
837
4005
536707
-110
-85
217
-470
794
4054
537732
-42
-75
196
-460
823
4095
538757
27
-52
155
-472
937
4070
539782
-33
-19
115
-499
1043
4086
540807
-166
11
83
-518
915
4101
541832
-249
27
62
-548
814
4133
542857
-244
24
44
-532
647
4142
543882
-115
25
43
-523
667
4159
544907
-76
26
53
-527
854
4197
545932
-175
20
68
-501
834
4185
546957
-218
21
72
-453
783
4227
547982
-174
24
67
-484
735
4228
549007
-92
23
48
-480
728
4216
541823
-43
23
39
-506
822
4196
542848
-81
20
24
-527
826
4170
543873
-127
20
7
-506
774
4147
544898
-159
28
3
-539
717
4158
545923
-121
20
-13
-527
586
4116
546948
-26
24
-15
-555
694
4126
547973
-64
9
-12
-559
663
4168
548998
-47
15
-4
-537
537
4124
550023
-25
22
19
-597
731
4188
551048
-105
2
20
-531
552
4164
552073
6
15
22
-507
525
4170
553098
33
24
30
-564
802
4161
554123
-88
23
27
-528
620
4180
555148
-52
31
24
-527
574
4202
556173
-50
34
25
-564
742
4180
557198
-136
36
34
-539
658
4189
550016
-144
40
29
-551
598
4194
551041
-80
30
3
-548
592
4210
552066
-32
23
-14
-527
613
4194
553091
-19
26
-12
-545
625
4184
554116
-32
23
-4
-567
645
4155
555141
-59
13
-5
-552
615
4180
556166
-49
10
-11
-556
563
4181
557191
-27
5
-17
-568
596
4160
558216
-29
2
-16
-574
591
4169
559241
-26
-2
-15
-588
559
4173
560266
-5
-10
-14
-580
563
4199
561291
-12
-12
-7
-560
587
4194
562316
-42
1
4
-568
580
4202
563341
-54
4
10
-590
532
4187
564366
-12
0
7
-578
514
4195
565391
34
-2
10
-584
613
4187
558208
-6
0
11
-576
648
4195
559233
-48
3
7
-578
538
4204
560258
11
-3
2
-580
487
4196
561283
68
-9
6
-575
586
4196
562308
18
-5
18
-574
619
4214
563333
-29
-1
21
-548
533
4205
564358
6
6
20
-557
549
4178
565383
24
6
18
-578
571
4182
566408
12
4
22
-571
562
4170
567433
2
6
29
-586
616
4159
568458
-40
2
25
-576
611
4151
569483
-49
-2
12
-561
572
4160
570508
-21
-2
6
-565
571
4179
571533
-5
-6
3
-579
599
4179
572558
-24
-10
-1
-595
633
4169
573583
-43
-14
-6
-576
547
4192
566400
1
-17
-6
-560
520
4188
567425
37
-14
3
-568
584
4187
568450
7
-9
10
-571
607
4204
569475
-28
-2
15
-579
536
4228
570500
-9
-3
18
-570
555
4225
571525
0
1
19
-561
591
4196
572550
-6
7
18
-580
566
4178
573575
25
0
11
-575
569
4188
574600
35
-5
5
-571
640
4176
575625
-7
-8
4
-549
605
4187
576650
-29
-6
6
-550
544
4203
577675
7
-6
3
-554
537
4178
578700
36
-5
4
-564
619
4175
579725
-3
-6
3
-562
607
4174
580750
-8
-6
0
-572
530
4163
581775
33
-12
-3
-571
555
4157
574592
29
-13
-4
-567
623
4146
575617
-22
-6
-4
-575
585
4159
576642
-43
-2
-4
-583
565
4161
577667
-44
-2
4
-585
552
4175
578692
-35
-2
13
-577
532
4182
579717
-10
-1
11
-577
573
4185
580742
-1
-1
4
-577
617
4187
581767
-24
-2
8
-579
608
4206
582792
-32
-2
16
-572
546
4226
583817
-8
0
12
-580
589
4204
584842
-15
-1
9
-570
618
4200
585867
-42
2
6
-556
551
4202
586892
-14
5
4
-554
527
4202
587917
3
10
8
-568
592
4193
588942
-35
13
12
-571
556
4189
589967
-47
15
9
-580
537
4173
582783
-30
10
2
-571
545
4168
583808
-17
8
-2
-577
583
4166
584833
-29
0
-7
-566
564
4196
585858
-26
-7
-9
-563
521
4193
586883
-16
-8
-10
-578
557
4191
587908
-35
-10
-5
-567
573
4202
588933
-53
-6
0
-575
543
4207
589958
-38
-5
-4
-572
510
4200
590983
0
-1
-10
-574
511
4197
592008
10
2
-11
-574
546
4190
593033
-15
13
-7
-585
575
4155
594058
-67
20
-3
-619
550
4159
595083
-90
7
-5
-648
450
4206
596108
-25
-18
-13
-630
371
4227
597133
68
-31
-2
-598
482
4249
598158
45
-23
19
-533
565
4264
590976
-11
0
34
-519
554
4259
592001
-19
16
26
-508
506
4230
593026
11
27
12
-512
526
4195
594051
22
31
2
-539
568
4151
595076
3
28
-1
-551
571
4138
596101
-25
19
-4
-586
574
4131
597126
-39
0
-14
-600
521
4140
598151
-18
-18
-18
-612
524
4160
599176
0
-33
-21
-604
502
4192
600201
14
-37
-20
-588
513
4208
601226
-5
-29
-11
-588
557
4213
602251
-55
-14
-3
-579
515
4214
603276
-56
0
7
-601
483
4228
604301
-31
-1
9
-615
492
4205
605326
9
-7
1
-615
499
4196
606351
35
-11
-3
-607
579
4181
599168
-2
-7
-4
-588
575
4205
600193
-40
-1
-4
-583
483
4193
601218
-2
5
-2
-584
475
4193
602243
20
5
-3
-592
538
4172
603268
-19
12
3
-608
561
4167
604293
-58
8
10
-605
493
4174
605318
-36
-1
10
-612
463
4173
606343
-6
-11
7
-596
520
4185
607368
-24
-12
5
-573
528
4197
608393
-45
-3
4
-576
509
4219
609418
-56
-6
4
-570
524
4203
610443
-64
-8
9
-571
494
4188
611468
-52
-12
14
-589
492
4225
612493
-31
-20
12
-580
462
4236
613518
-6
-14
17
-579
529
4224
614543
-40
-10
28
-574
479
4235
607373
-30
-4
36
-575
425
4226
608398
7
-5
35
-597
499
4205
609423
-2
-12
23
-564
469
4194
610448
21
-6
15
-581
441
4165
611473
68
-12
5
-592
496
4189
612498
66
-27
4
-571
485
4205
613523
82
-38
1
-565
444
4188
614548
104
-43
1
-545
544
4177
615573
43
-38
13
-522
588
4191
616598
-50
-26
25
-530
533
4223
617623
-94
-17
28
-535
487
4248
618648
-93
-10
22
-555
508
4237
619673
-83
-5
4
-565
505
4211
620698
-80
3
-2
-576
532
4229
621723
-133
3
3
-572
509
4236
622748
-205
10
12
-572
496
4216
615552
-306
22
32
-573
514
4232
616577
-435
28
48
-557
396
4286
617602
-405
33
40
-539
193
4272
618627
-185
50
21
-577
253
4246
619652
-132
46
16
-609
522
4203
620677
-347
38
32
-585
541
4206
621702
-577
40
53
-568
333
4255
622727
-588
45
56
-566
48
4261
623752
-383
51
40
-582
23
4258
624777
-226
46
31
-595
127
4241
625802
-194
37
31
-580
113
4228
626827
-141
24
23
-603
33
4233
627852
48
-3
-9
-607
-82
4223
628877
295
-19
-43
-611
142
4154
629902
306
-23
-36
-619
416
4146
630927
53
-36
-17
-580
375
4162
623744
-128
-23
-10
-560
173
4213
624769
-150
-3
-19
-572
113
4263
625794
-142
11
-24
-559
132
4252
626819
-202
35
-12
-597
248
4225
627844
-399
49
5
-624
304
4192
628869
-746
68
31
-616
412
4186
629894
-1363
106
80
-585
503
4171
630919
-2103
183
154
-555
215
4108
631944
-2635
302
202
-597
-235
4056
632969
-2912
409
209
-664
-439
4044
633994
-3437
491
197
-700
-212
3935
635019
-4452
618
242
-711
-228
3729
636044
-5643
780
344
-771
-915
3341
637069
-6536
944
435
-892
-1974
2845
638094
-7230
1051
478
-1115
-2466
2328
639119
-8016
1038
448
-1263
-2573
1877
631935
-8770
879
574
-1228
-3012
984
632960
-9223
851
797
-1302
-3676
176
633985
-9313
914
829
-1460
-3892
-178
635010
-8875
916
835
-1490
-3733
-634
636035
-8103
861
968
-1528
-4182
-1529
637060
-6652
828
991
-1610
-5565
-2266
638085
-4058
873
597
-1770
-5983
-2402
639110
-1211
735
131
-1647
-4637
-2100
640135
152
458
-44
-1383
-3291
-1907
641160
-44
273
-108
-1363
-3144
-2211
642185
-294
177
-125
-1547
-3843
-2504
643210
-110
123
-123
-1578
-3675
-2247
644235
-144
74
-82
-1454
-3488
-1923
645260
-198
60
-55
-1489
-3727
-1927
646285
-85
43
-41
-1470
-3582
-1990
647310
-137
38
-25
-1447
-3463
-2005
640128
-227
45
-2
-1476
-3618
-2013
641153
-146
53
21
-1443
-3648
-1958
642178
-50
57
57
-1389
-3536
-1938
643203
-61
63
98
-1398
-3434
-1953
644228
-102
68
123
-1411
-3422
-1993
645253
-108
75
137
-1411
-3406
-2011
646278
-120
83
143
-1404
-3350
-2039
647303
-117
93
153
-1437
-3390
-2062
648328
-94
93
149
-1442
-3405
-2018
649353
-95
93
137
-1421
-3366
-2033
650378
-99
101
134
-1457
-3364
-2071
651403
-112
106
130
-1461
-3424
-2122
652428
-87
113
115
-1488
-3455
-2059
653453
-77
107
101
-1475
-3457
-2060
654478
-50
105
86
-1488
-3499
-2092
655503
11
101
78
-1491
-3483
-2146
648320
46
98
66
-1485
-3469
-2172
649345
42
90
70
-1482
-3468
-2178
650370
31
74
77
-1469
-3542
-2166
651395
103
55
90
-1493
-3594
-2169
652420
230
36
99
-1530
-3510
-2102
653445
252
19
100
-1529
-3367
-2047
654470
137
20
94
-1527
-3361
-2051
655495
59
28
85
-1527
-3449
-2084
656520
87
34
75
-1515
-3453
-2057
657545
120
28
64
-1496
-3413
-2044
658570
118
24
56
-1516
-3378
-2069
659595
87
24
42
-1506
-3367
-2047
660620
59
26
30
-1515
-3415
-2044
661645
51
21
15
-1518
-3411
-2060
662670
69
13
7
-1515
-3420
-2072
663695
98
7
3
-1517
-3372
-2039
656512
74
3
-1
-1531
-3346
-2033
657537
42
-3
-5
-1542
-3412
-2028
658562
60
-10
-17
-1541
-3424
-1988
659587
90
-16
-24
-1536
-3387
-1993
660612
65
-17
-21
-1554
-3361
-1998
661637
29
-14
-26
-1557
-3381
-1981
662662
26
-15
-32
-1557
-3440
-1995
663687
50
-20
-39
-1553
-3456
-2001
664712
84
-24
-39
-1526
-3435
-1986
665737
70
-27
-33
-1514
-3411
-1972
666762
37
-30
-25
-1509
-3437
-1983
667787
42
-33
-22
-1518
-3491
-1965
668812
63
-38
-22
-1511
-3470
-1978
669837
60
-37
-14
-1497
-3461
-1972
670862
49
-31
-4
-1481
-3447
-1942
671887
29
-31
-2
-1457
-3475
-1941
664704
25
-32
-2
-1462
-3509
-1950
665729
56
-30
-8
-1469
-3496
-1947
666754
62
-27
-8
-1473
-3479
-1940
667779
46
-23
-8
-1480
-3483
-1920
668804
45
-23
-8
-1480
-3514
-1918
669829
68
-21
-8
-1479
-3518
-1930
670854
94
-17
-9
-1467
-3490
-1917
671879
94
-14
-4
-1469
-3474
-1929
672904
70
-13
-4
-1469
-3451
-1926
673929
40
-14
-5
-1459
-3459
-1913
674954
33
-15
-5
-1464
-3498
-1921
675979
46
-16
-3
-1475
-3512
-1914
677004
62
-18
-5
-1496
-3514
-1907
678029
65
-20
-10
-1484
-3483
-1895
679054
38
-19
-13
-1475
-3481
-1855
680079
23
-17
-14
-1497
-3517
-1852
672895
45
-14
-10
-1518
-3517
-1868
673920
56
-13
-12
-1516
-3499
-1865
674945
27
-8
-10
-1520
-3469
-1857
675970
-13
-2
-8
-1507
-3508
-1863
676995
-6
-3
-4
-1509
-3538
-1890
678020
16
-10
0
-1499
-3516
-1886
679045
11
-10
-1
-1499
-3486
-1869
680070
-3
-8
-2
-1490
-3498
-1882
681095
-22
-9
-2
-1488
-3500
-1893
682120
-17
-12
-2
-1492
-3523
-1881
683145
7
-16
-5
-1491
-3494
-1860
684170
3
-20
-12
-1485
-3489
-1858
685195
-4
-16
-8
-1496
-3501
-1868
686220
-17
-12
-3
-1473
-3487
-1860
687245
-21
-10
1
-1477
-3542
-1860
688270
8
-10
-2
-1476
-3522
-1846
681420
1
-11
-5
-1469
-3478
-1848
682445
-26
-10
-1
-1478
-3514
-1879
683470
-16
-5
2
-1465
-3513
-1884
684495
-4
-1
10
-1461
-3499
-1891
685520
-12
2
8
-1458
-3536
-1878
686545
1
0
-1
-1466
-3559
-1901
687570
28
-1
-8
-1475
-3528
-1880
688595
12
1
-9
-1479
-3519
-1863
689620
-10
4
-11
-1480
-3544
-1865
690645
3
3
-10
-1479
-3580
-1874
691670
25
-3
-5
-1468
-3568
-1856
692695
44
-3
1
-1488
-3546
-1849
693720
45
-2
6
-1490
-3502
-1856
694745
16
-2
6
-1474
-3491
-1860
695770
7
-2
5
-1476
-3513
-1855
696795
32
1
0
-1490
-3515
-1868
689280
56
2
-4
-1486
-3484
-1865
690305
36
-1
-8
-1476
-3483
-1872
691330
11
-4
-13
-1474
-3508
-1859
692355
8
-10
-16
-1467
-3553
-1877
693380
48
-13
-16
-1476
-3586
-1869
694405
72
-15
-12
-1464
-3493
-1831
695430
10
-13
-5
-1459
-3496
-1816
696455
-26
-5
-8
-1459
-3556
-1832
697480
11
-1
-11
-1473
-3566
-1844
698505
45
-4
-10
-1463
-3535
-1847
699530
35
-8
-7
-1463
-3522
-1820
700555
-10
-7
-1
-1456
-3518
-1815
701580
-25
3
6
-1460
-3563
-1806
702605
5
10
9
-1471
-3549
-1819
703630
9
11
8
-1472
-3524
-1831
704655
-12
9
4
-1463
-3525
-1834
697472
-21
6
0
-1463
-3531
-1836
698497
-15
9
2
-1458
-3540
-1843
699522
-11
13
1
-1465
-3539
-1828
700547
-2
16
-3
-1465
-3521
-1820
701572
-16
17
-8
-1459
-3513
-1825
702597
-35
14
-13
-1452
-3497
-1835
703622
-37
11
-11
-1469
-3550
-1874
704647
-8
11
-14
-1454
-3528
-1846
705672
1
13
-14
-1461
-3512
-1839
706697
-36
13
-9
-1459
-3483
-1861
707722
-71
10
-7
-1454
-3546
-1887
708747
-52
9
-4
-1477
-3558
-1880
709772
-36
5
-9
-1470
-3540
-1880
710797
-24
3
-15
-1477
-3567
-1883
711822
-11
-4
-18
-1458
-3518
-1872
712847
-35
-11
-15
-1453
-3528
-1877
705664
-21
-17
-16
-1454
-3573
-1880
706689
13
-20
-13
-1455
-3523
-1854
707714
-17
-19
-6
-1450
-3484
-1882
708739
-48
-14
-4
-1428
-3493
-1879
709764
-49
-12
-10
-1405
-3475
-1898
710789
-45
-12
-26
-1387
-3517
-1894
711814
-24
-12
-42
-1389
-3522
-1894
712839
-26
-7
-52
-1394
-3509
-1880
713864
-42
-1
-52
-1407
-3553
-1856
714889
-37
5
-51
-1407
-3599
-1845
715914
-14
15
-44
-1412
-3609
-1851
716939
6
23
-34
-1430
-3611
-1872
717964
21
29
-20
-1430
-3594
-1878
718989
28
31
-5
-1430
-3561
-1879
720014
23
27
3
-1437
-3563
-1897
721039
43
26
9
-1461
-3566
-1903
713856
42
19
12
-1448
-3498
-1889
714881
-11
11
11
-1439
-3514
-1900
715906
-31
1
-9
-1409
-3552
-1893
716931
3
-3
-34
-1401
-3609
-1900
717956
58
-6
-55
-1382
-3607
-1879
718981
90
-7
-62
-1389
-3610
-1891
720006
103
-7
-58
-1384
-3639
-1894
721031
126
-8
-51
-1387
-3666
-1888
722056
170
-12
-40
-1401
-3702
-1878
723081
260
-17
-31
-1417
-3768
-1901
724106
459
-33
-35
-1425
-3868
-1903
725131
726
-56
-42
-1427
-3845
-1867
726156
858
-81
-31
-1455
-3752
-1774
727181
817
-113
-20
-1451
-3778
-1726
728206
864
-152
-21
-1471
-4014
-1755
729231
1189
-210
-42
-1474
-4218
-1662
722047
1544
-270
-73
-1482
-4113
-1495
723072
1620
-323
-85
-1487
-3950
-1350
724097
1526
-358
-96
-1480
-3856
-1204
725122
1515
-399
-69
-1462
-4185
-1061
726147
1773
-436
-73
-1480
-4525
-905
727172
2304
-478
-111
-1462
-4575
-727
728197
2889
-513
-136
-1436
-4438
-479
729222
3367
-548
-140
-1394
-4292
-203
730247
3779
-578
-151
-1372
-4277
94
731272
4222
-595
-167
-1356
-4382
363
732297
4908
-611
-212
-1301
-4457
525
733322
5938
-604
-309
-1258
-4464
642
734347
7517
-637
-470
-1263
-4505
617
735372
9919
-694
-680
-1290
-4654
412
736397
13004
-862
-897
-1396
-4119
35
737422
15376
-1196
-939
-1268
-1170
-170
730240
14286
-1361
-608
-888
3914
1123
731265
8733
-1192
247
-892
5979
3317
732290
1374
-1114
678
-821
3984
2710
733315
-2519
-1056
524
-149
801
3040
734340
-1770
-870
331
427
-1366
5164
735365
297
-561
5
134
19
5319
736390
776
-352
-94
-318
1732
4844
737415
-207
-210
-73
-187
1385
4781
738440
-874
19
-66
-415
620
4787
739465
-748
81
-83
-598
220
4618
740490
-377
74
-105
-522
212
4370
741515
-181
78
-48
-567
577
4245
742540
-238
51
26
-549
634
4258
743565
-311
13
79
-491
492
4248
744590
-340
-21
99
-428
471
4231
745615
-389
-41
112
-339
360
4193
738432
-309
-33
100
-319
158
4138
739457
-58
-23
92
-339
271
4163
740482
13
-22
82
-395
542
4180
741507
-139
-19
67
-376
470
4197
742532
-211
4
57
-346
303
4248
743557
-169
23
46
-357
248
4300
744582
-92
29
42
-358
230
4294
745607
-27
36
53
-359
319
4328
746632
-66
35
61
-347
382
4349
747657
-119
37
53
-325
312
4342
748682
-80
48
40
-326
251
4322
749707
7
51
25
-346
265
4314
750732
58
45
10
-351
331
4278
751757
32
40
13
-371
367
4256
752782
-36
35
24
-388
320
4251
753807
-63
25
28
-398
277
4245
746624
-39
13
19
-408
230
4227
747649
38
6
10
-406
210
4241
748674
104
7
7
-409
288
4215
749699
61
13
12
-423
380
4213
750724
-56
17
20
-428
305
4185
751749
-66
21
16
-442
191
4166
752774
24
17
3
-451
234
4169
753799
42
12
-6
-461
363
4179
754824
-52
5
-2
-455
356
4187
755849
-134
4
5
-449
270
4200
756874
-137
8
7
-450
212
4217
757899
-88
7
0
-456
221
4226
758924
-70
2
-5
-459
252
4226
759949
-86
0
4
-444
245
4244
760974
-120
4
22
-444
252
4262
761999
-134
7
35
-456
202
4275
754819
-102
4
35
-447
196
4288
755844
-71
5
31
-446
219
4286
756869
-68
11
26
-438
260
4281
757894
-98
14
18
-424
225
4256
758919
-104
21
16
-418
182
4251
759944
-87
26
18
-443
194
4258
760969
-80
17
12
-458
156
4252
761994
-35
4
-3
-465
118
4251
763019
18
-13
-10
-469
143
4255
764044
37
-28
-7
-434
147
4269
765069
11
-24
13
-419
195
4298
766094
-55
-18
33
-443
191
4285
767119
-78
-18
32
-435
93
4267
768144
-4
-15
28
-443
92
4268
769169
27
-15
24
-446
198
4245
770194
-19
-10
26
-418
167
4203
763008
-46
7
24
-430
130
4193
764033
-33
14
13
-441
116
4195
765058
-25
10
8
-447
124
4209
766083
-31
1
9
-429
110
4226
767108
-36
-3
14
-417
136
4241
768133
-48
-7
17
-414
142
4240
769158
-53
-7
15
-402
133
4244
770183
-52
-8
19
-422
167
4258
771208
-54
-18
20
-430
153
4259
772233
-43
-27
21
-435
142
4272
773258
-32
-38
18
-450
151
4264
774283
-35
-46
16
-450
149
4270
775308
-33
-52
16
-445
115
4283
776333
-23
-48
14
-424
109
4307
777358
-28
-35
14
-427
102
4329
778383
-19
-28
7
-411
47
4338
771200
23
-13
-1
-393
77
4318
772225
27
5
-4
-386
139
4312
773250
-16
20
5
-396
136
4301
774275
-40
27
13
-402
91
4279
775300
-15
26
17
-407
94
4255
776325
17
22
15
-423
141
4246
777350
10
12
13
-412
152
4236
778375
-9
8
11
-394
123
4226
779400
-6
13
13
-403
104
4228
780425
3
13
9
-423
93
4213
781450
27
14
3
-406
77
4235
782475
20
19
4
-420
109
4247
783500
-17
23
12
-426
73
4231
784525
-21
22
15
-434
85
4226
785550
-15
14
15
-411
111
4229
786575
-20
8
20
-416
141
4270
779392
-41
-1
21
-433
144
4249
780417
-39
-9
26
-429
146
4293
781442
-38
-16
24
-417
139
4315
782467
-9
-21
14
-390
104
4314
783492
22
-13
10
-390
158
4307
784517
5
-1
5
-398
151
4306
785542
-15
10
-7
-399
115
4286
786567
-19
15
-15
-414
104
4247
787592
-26
19
-12
-433
107
4244
788617
-59
13
-7
-441
107
4244
789642
-76
7
-2
-438
91
4229
790667
-77
3
2
-450
82
4234
791692
-51
0
-1
-439
30
4240
792717
6
0
-5
-458
93
4250
793742
-7
-3
-3
-463
153
4247
794767
-39
1
-3
-445
60
4240
787584
-11
15
-4
-472
72
4260
788609
-13
16
-11
-477
106
4259
789634
-52
14
-5
-450
47
4245
790659
-55
21
8
-474
33
4272
791684
-57
17
13
-479
23
4264
792709
-38
14
17
-465
11
4266
793734
-17
13
20
-473
63
4260
794759
-21
11
25
-473
54
4270
795784
-10
9
26
-465
37
4277
796809
-4
7
24
-474
85
4260
797834
-23
4
21
-449
72
4259
798859
-30
8
22
-438
32
4270
799884
10
11
17
-433
15
4247
800909
49
16
10
-451
112
4251
801934
-15
15
11
-461
135
4236
802959
-72
16
8
-477
2
4219
795776
-26
10
3
-476
-12
4221
796801
10
1
0
-477
52
4240
797826
-8
-3
3
-458
36
4261
798851
-22
-3
6
-450
53
4270
799876
-44
0
4
-451
32
4267
800901
-37
4
7
-468
29
4283
801926
-27
1
10
-486
47
4298
802951
-24
-5
13
-480
22
4288
803976
7
1
14
-470
17
4290
805001
10
9
16
-485
82
4291
806026
-32
10
17
-476
41
4280
807051
-21
18
19
-461
-31
4274
808076
4
27
20
-485
33
4269
809101
-26
27
16
-485
-15
4257
810126
-27
29
16
-481
-21
4235
811151
-37
28
28
-490
50
4255
803968
-70
21
36
-474
-11
4265
804993
-34
22
36
-464
-4
4277
806018
-33
24
29
-480
71
4258
807043
-75
26
28
-469
50
4267
808068
-138
33
34
-489
101
4277
809093
-244
41
43
-478
21
4291
810118
-291
55
47
-472
-84
4290
811143
-291
70
39
-492
-89
4286
812168
-343
87
40
-516
-32
4282
813193
-469
96
59
-532
-63
4275
814218
-579
100
74
-527
-169
4288
815243
-640
106
79
-527
-250
4254
816268
-609
124
80
-538
-395
4249
817293
-563
133
75
-578
-282
4257
818318
-719
125
76
-591
-134
4235
819343
-976
126
94
-556
-394
4228
812159
-960
148
98
-574
-843
4261
813184
-569
141
57
-634
-1009
4255
814209
-136
108
5
-635
-758
4201
815234
-16
87
-7
-632
-488
4175
816259
-137
71
7
-641
-573
4186
817284
-145
52
23
-647
-756
4191
818309
-63
29
13
-646
-617
4204
819334
-119
15
11
-609
-593
4211
820359
-211
27
20
-603
-640
4200
821384
-325
39
30
-617
-491
4217
822409
-643
53
58
-609
-367
4228
823434
-1144
97
98
-594
-428
4198
824459
-1626
170
140
-585
-660
4146
825484
-2134
266
169
-594
-681
4054
826509
-2915
413
201
-617
-614
3888
827534
-3964
604
302
-687
-717
3699
820352
-5256
800
398
-825
-779
3290
821377
-6940
974
521
-941
-989
2457
822402
-9243
1169
724
-1179
-1357
1293
823427
-11552
1250
907
-1458
-2154
219
824452
-12491
1096
1146
-1557
-3986
-864
825477
-11310
1019
1159
-1522
-5620
-1266
826502
-8780
1004
933
-1570
-5632
-1368
827527
-6257
912
786
-1560
-5076
-1609
828552
-3984
788
513
-1444
-5085
-1949
829577
-1774
701
182
-1485
-4631
-2198
830602
-420
516
-120
-1441
-3752
-2266
831627
-194
308
-248
-1363
-3442
-2220
832652
-256
186
-268
-1407
-3603
-2172
833677
-64
123
-236
-1444
-3794
-2063
834702
99
89
-203
-1431
-3678
-1910
835727
34
64
-184
-1405
-3515
-1786
828544
-137
61
-167
-1416
-3499
-1806
829569
-228
71
-156
-1401
-3626
-1858
830594
-177
79
-138
-1362
-3730
-1832
831619
-78
74
-113
-1328
-3731
-1823
832644
-60
65
-78
-1334
-3657
-1867
833669
-123
52
-55
-1331
-3601
-1891
834694
-169
45
-41
-1309
-3665
-1897
835719
-94
35
-38
-1305
-3751
-1927
836744
67
19
-40
-1309
-3718
-1913
837769
141
4
-37
-1325
-3610
-1857
838794
49
-6
-25
-1314
-3505
-1855
839819
-91
3
-13
-1305
-3611
-1910
840844
-68
12
-5
-1307
-3757
-1946
841869
56
2
1
-1292
-3690
-1953
842894
85
-19
15
-1286
-3603
-1962
843919
54
-35
31
-1286
-3615
-1924
836735
42
-41
40
-1283
-3615
-1905
837760
61
-40
46
-1296
-3639
-1868
838785
90
-40
45
-1289
-3606
-1859
839810
93
-35
38
-1278
-3574
-1819
840835
52
-30
42
-1270
-3525
-1788
841860
9
-21
41
-1275
-3563
-1820
842885
31
-12
41
-1286
-3613
-1830
843910
66
-4
35
-1283
-3573
-1834
844935
60
4
28
-1285
-3554
-1823
845960
26
7
28
-1293
-3537
-1823
846985
-17
8
29
-1304
-3554
-1858
848010
-12
12
24
-1314
-3609
-1871
849035
14
9
16
-1301
-3598
-1888
850060
17
6
14
-1301
-3606
-1876
851085
34
2
12
-1305
-3640
-1879
852110
72
-1
11
-1295
-3629
-1841
844928
76
1
18
-1285
-3569
-1821
845953
10
5
33
-1289
-3542
-1836
846978
-39
8
41
-1314
-3649
-1862
848003
13
4
36
-1306
-3692
-1877
849028
111
4
30
-1307
-3624
-1852
850053
144
4
33
-1308
-3544
-1820
851078
75
8
35
-1310
-3506
-1820
852103
12
11
29
-1321
-3571
-1805
853128
17
8
17
-1320
-3618
-1831
854153
49
6
7
-1315
-3611
-1815
855178
59
3
6
-1310
-3574
-1819
856203
17
1
13
-1321
-3580
-1827
857228
-31
-5
14
-1322
-3648
-1823
858253
-9
-8
15
-1321
-3688
-1842
859278
50
-10
24
-1317
-3635
-1829
860303
71
-13
31
-1314
-3600
-1799
853120
44
-18
35
-1305
-3580
-1815
854145
18
-12
35
-1325
-3613
-1810
855170
29
-5
31
-1317
-3588
-1790
856195
12
-2
32
-1309
-3552
-1808
857220
-20
-2
31
-1313
-3593
-1800
858245
-3
-2
19
-1336
-3616
-1791
859270
23
0
3
-1340
-3598
-1761
860295
20
0
-5
-1346
-3605
-1777
861320
0
2
-7
-1352
-3613
-1784
862345
-15
2
-8
-1344
-3642
-1752
863370
-8
2
-2
-1339
-3693
-1766
864395
17
5
12
-1349
-3672
-1773
865420
19
12
21
-1326
-3658
-1779
866445
16
15
30
-1326
-3664
-1811
867470
27
11
37
-1322
-3646
-1796
868495
45
8
41
-1319
-3629
-1799
861312
49
6
35
-1325
-3598
-1784
862337
21
0
26
-1330
-3604
-1770
863362
9
-4
13
-1352
-3648
-1768
864387
28
-6
4
-1352
-3645
-1735
865412
30
-4
-2
-1348
-3612
-1725
866437
0
0
-1
-1360
-3600
-1764
867462
-15
0
-2
-1370
-3625
-1792
868487
3
-1
6
-1382
-3656
-1794
869512
21
-4
11
-1372
-3651
-1781
870537
32
-5
18
-1368
-3631
-1759
871562
23
-9
30
-1372
-3595
-1776
872587
-7
-14
37
-1380
-3621
-1793
873612
5
-19
33
-1383
-3661
-1786
874637
41
-26
28
-1373
-3628
-1752
875662
26
-34
31
-1372
-3568
-1729
876687
-18
-35
34
-1383
-3615
-1754
869504
-9
-32
28
-1382
-3653
-1748
870529
34
-28
18
-1363
-3624
-1700
871554
41
-26
14
-1355
-3596
-1725
872579
8
-23
16
-1355
-3600
-1748
873604
-14
-24
16
-1355
-3631
-1749
874629
11
-21
18
-1351
-3642
-1727
875654
36
-15
20
-1346
-3611
-1724
876679
15
-8
30
-1355
-3590
-1755
877704
-16
-6
37
-1362
-3586
-1767
878729
-36
-10
39
-1364
-3610
-1770
879754
-29
-15
36
-1366
-3656
-1756
880779
4
-15
31
-1369
-3637
-1755
881804
11
-11
29
-1388
-3613
-1752
882829
-11
-7
25
-1392
-3590
-1733
883854
-44
-9
21
-1398
-3601
-1735
884879
-48
-12
15
-1404
-3656
-1735
877696
6
-14
7
-1410
-3633
-1736
878721
26
-15
8
-1401
-3550
-1738
879746
-9
-8
12
-1411
-3572
-1745
880771
-21
-5
14
-1392
-3571
-1747
881796
-27
-4
16
-1383
-3578
-1771
882821
-29
-6
23
-1398
-3585
-1801
883846
-27
-9
26
-1404
-3585
-1780
884871
-21
-6
21
-1399
-3594
-1742
885896
-10
-3
21
-1396
-3580
-1737
886921
-22
0
20
-1393
-3587
-1736
887946
-36
1
14
-1400
-3621
-1764
888971
-31
1
17
-1404
-3622
-1779
889996
-17
1
20
-1405
-3646
-1770
891021
5
4
20
-1403
-3616
-1733
892046
-4
8
25
-1399
-3615
-1763
893071
-17
14
29
-1404
-3598
-1769
885888
-29
12
30
-1411
-3585
-1788
886913
-35
5
25
-1426
-3595
-1792
887938
-12
3
17
-1439
-3612
-1774
888963
-1
-1
11
-1427
-3567
-1759
889988
-26
-2
12
-1424
-3598
-1782
891013
-21
-2
13
-1430
-3613
-1783
892038
-8
-5
13
-1420
-3575
-1781
893063
-20
0
12
-1425
-3585
-1777
894088
-22
4
9
-1413
-3602
-1777
895113
-3
6
9
-1419
-3609
-1801
896138
3
4
9
-1399
-3585
-1794
897163
-18
-3
6
-1394
-3607
-1812
898188
-15
-6
9
-1397
-3628
-1812
899213
13
-7
11
-1401
-3624
-1789
900238
25
-5
7
-1397
-3613
-1757
901263
9
-4
7
-1386
-3600
-1785
894080
-3
1
8
-1395
-3646
-1778
895105
31
5
9
-1401
-3661
-1770
896130
49
10
4
-1416
-3614
-1771
897155
53
16
-6
-1426
-3638
-1780
898180
85
20
-15
-1439
-3665
-1778
899205
134
17
-27
-1431
-3668
-1753
900230
199
14
-36
-1432
-3662
-1746
901255
276
15
-47
-1435
-3647
-1731
902280
378
16
-66
-1438
-3693
-1720
903305
515
11
-93
-1427
-3726
-1693
904330
648
-4
-121
-1420
-3770
-1701
905355
774
-27
-141
-1411
-3851
-1673
906380
918
-61
-164
-1393
-4013
-1571
907405
1105
-104
-189
-1377
-4126
-1426
908430
1295
-142
-181
-1351
-4180
-1303
909455
1450
-160
-148
-1362
-4314
-1194
902273
1590
-167
-131
-1405
-4357
-1035
903298
1680
-186
-106
-1445
-4271
-837
904323
1731
-225
-86
-1453
-4237
-730
905348
1792
-260
-135
-1472
-4348
-729
906373
1937
-287
-120
-1452
-4526
-632
907398
2324
-316
-146
-1413
-4622
-427
908423
2877
-364
-168
-1400
-4658
-226
909448
3332
-423
-161
-1331
-4521
-42
910473
3564
-462
-126
-1284
-4328
228
911498
3772
-498
-79
-1252
-4374
503
912523
4359
-533
-77
-1191
-4662
620
913548
5834
-559
-170
-1157
-5069
607
914573
8119
-588
-313
-1197
-4962
538
915598
10364
-712
-435
-1199
-3691
650
916623
11669
-927
-474
-1166
-1821
1067
917648
11796
-1095
-263
-1113
-300
1605
910465
10545
-1157
-16
-843
1063
2193
911490
7510
-1015
103
-613
3150
2981
912515
3310
-812
361
-558
3384
3623
913540
56
-602
390
-361
1095
3870
914565
-56
-437
300
-235
-603
4402
915590
1171
-370
168
-276
409
4592
916615
1074
-311
152
-457
1894
4452
917640
-85
-191
151
-397
1651
4324
918665
-691
-37
115
-440
807
4407
919690
-486
27
33
-484
417
4453
920715
-114
51
-43
-511
587
4344
921740
-57
69
-57
-587
881
4237
922765
-270
69
-20
-618
856
4213
923790
-413
50
19
-580
623
4204
924815
-354
25
30
-526
440
4175
925840
-180
8
31
-496
475
4131
918656
-111
0
53
-515
702
4135
919681
-210
-2
64
-518
686
4155
920706
-280
4
46
-518
551
4174
921731
-243
13
13
-512
435
4171
922756
-137
21
-5
-518
410
4182
923781
-60
19
-2
-525
497
4190
924806
-133
24
15
-523
618
4181
925831
-310
38
30
-511
528
4220
926856
-361
47
17
-499
263
4239
927881
-161
48
-5
-520
191
4231
928906
15
37
-8
-541
410
4227
929931
-43
26
4
-540
530
4211
930956
-169
26
10
-516
483
4223
931981
-230
28
6
-510
414
4274
933006
-221
27
-6
-515
281
4276
934031
-82
24
-27
-534
226
4220
926847
43
11
-33
-558
413
4207
927872
-30
-1
-26
-552
451
4223
928897
-95
-7
-21
-558
304
4206
929922
-28
-20
-20
-576
331
4206
930947
-15
-32
-22
-556
386
4232
931972
-50
-26
-14
-556
345
4268
932997
-61
-20
-11
-568
305
4266
934022
-45
-13
-6
-557
325
4265
935047
-70
-4
2
-573
353
4264
936072
-84
2
1
-568
244
4241
937097
-9
10
-4
-590
226
4248
938122
38
4
-3
-598
314
4238
939147
20
2
2
-588
335
4205
940172
-21
6
14
-585
366
4218
941197
-76
8
18
-590
330
4234
942222
-91
7
12
-571
276
4233
935041
-63
11
7
-593
282
4224
936066
-37
8
5
-598
284
4221
937091
-17
2
8
-577
280
4228
938116
-29
8
18
-573
305
4240
939141
-71
12
21
-572
266
4259
940166
-65
19
17
-574
181
4263
941191
-2
22
13
-565
202
4235
942216
0
29
17
-575
286
4219
943241
-68
30
20
-584
257
4225
944266
-93
26
28
-577
232
4238
945291
-63
15
29
-566
203
4262
946316
-11
10
19
-549
222
4252
947341
4
14
14
-558
316
4240
948366
-29
11
11
-559
263
4240
949391
-14
5
8
-554
245
4254
950416
12
-1
0
-556
271
4246
943232
-5
2
-3
-568
271
4244
944257
-8
0
-7
-583
223
4237
945282
16
-6
-9
-604
288
4245
946307
-5
-15
-6
-609
264
4249
947332
-6
-15
-7
-591
227
4239
948357
13
-12
-2
-601
240
4263
949382
5
-12
2
-595
232
4248
950407
-7
-7
5
-617
271
4221
951432
-54
-3
11
-608
270
4234
952457
-70
3
14
-592
139
4265
953482
2
6
15
-619
163
4247
954507
43
1
16
-605
263
4206
955532
-4
9
18
-583
285
4219
956557
-43
21
22
-591
234
4222
957582
-29
21
21
-591
215
4233
958607
-9
17
23
-586
205
4227
951424
0
18
29
-605
212
4220
952449
11
12
29
-603
235
4220
953474
3
7
29
-590
296
4238
954499
-48
4
33
-579
281
4255
955524
-71
5
28
-566
225
4249
956549
-20
9
13
-578
178
4272
957574
47
5
4
-595
246
4270
958599
40
-1
7
-598
275
4265
959624
33
-2
15
-591
236
4236
960649
57
-5
21
-604
254
4241
961674
60
-7
18
-603
278
4231
962699
41
-6
15
-608
294
4219
963724
32
-7
12
-603
259
4196
964749
41
-10
9
-603
271
4207
965774
28
-11
5
-601
278
4206
966799
9
-8
2
-593
247
4216
959616
11
-6
0
-593
218
4209
960641
28
-8
5
-603
275
4205
961666
5
-12
12
-587
269
4222
962691
-2
-9
12
-569
233
4225
963716
11
-2
14
-600
302
4219
964741
-10
-2
9
-593
302
4208
965766
-8
-1
3
-603
282
4206
966791
12
-8
-5
-608
279
4214
967816
15
-9
-9
-591
275
4226
968841
0
-1
-5
-607
264
4238
969866
-12
1
0
-599
263
4237
970891
-26
4
6
-600
276
4235
971916
-23
7
9
-608
229
4235
972941
25
4
8
-608
261
4244
973966
21
1
9
-602
304
4239
974991
-6
1
14
-582
235
4237
967808
6
6
22
-594
250
4237
968833
-11
4
27
-602
292
4229
969858
-9
1
25
-583
212
4236
970883
54
3
21
-580
281
4233
971908
37
4
19
-588
351
4202
972933
-24
10
23
-596
317
4202
973958
-47
10
19
-601
271
4214
974983
-9
3
7
-598
208
4220
976008
53
0
2
-601
274
4202
977033
29
0
1
-611
357
4192
978058
-52
-3
3
-604
317
4203
979083
-63
-9
4
-604
215
4234
980108
-5
-19
3
-612
242
4237
981133
20
-22
5
-609
284
4249
982158
5
-16
4
-607
290
4239
983183
-9
-10
5
-603
292
4261
975999
-12
-5
5
-596
257
4243
977024
-16
7
8
-599
303
4238
978049
-71
19
9
-596
280
4249
979074
-138
33
14
-591
287
4222
980099
-237
46
30
-620
312
4212
981124
-421
54
53
-612
367
4199
982149
-792
74
99
-600
558
4193
983174
-1704
120
193
-558
818
4241
984199
-3091
264
300
-417
259
4307
985224
-3624
505
408
-514
-1033
4411
986249
-3266
617
457
-750
-963
4378
987274
-3694
674
422
-742
-86
4163
988299
-4952
842
524
-697
-488
3788
989324
-5829
1056
658
-862
-1632
3367
990349
-6169
1184
664
-1092
-2212
2961
991374
-6442
1220
593
-1224
-2360
2589
984192
-6635
1176
593
-1335
-2642
2204
985217
-6680
1065
636
-1388
-2911
1646
986242
-6595
1004
633
-1414
-3264
1168
987267
-6465
971
641
-1492
-3386
862
988292
-6686
948
696
-1586
-2787
291
989317
-7544
998
845
-1738
-2244
-626
990342
-8144
992
1155
-1808
-3513
-1529
991367
-7452
1044
1240
-1996
-4866
-2089
992392
-5628
1009
888
-2129
-4755
-2772
993417
-2897
887
614
-2044
-4632
-2855
994442
-629
705
296
-1975
-3653
-2418
995467
15
413
-12
-1801
-2992
-2346
996492
-198
197
-215
-1918
-3214
-2681
997517
-277
82
-303
-1987
-3423
-2625
998542
-173
29
-298
-1863
-3456
-2253
999567
-59
2
-259
-1804
-3371
-2086
992384
-123
-15
-230
-1753
-3355
-2102
993409
-158
-13
-222
-1764
-3445
-2148
994434
-92
-11
-233
-1739
-3331
-2099
995459
-108
-6
-232
-1681
-3324
-2098
996484
-98
20
-217
-1684
-3432
-2094
997509
-66
34
-193
-1656
-3323
-2132
998534
-102
36
-160
-1640
-3396
-2194
999559
-45
34
-134
-1635
-3407
-2191
1000584
14
29
-121
-1604
-3318
-2158
1001609
24
25
-109
-1608
-3356
-2160
1002634
41
29
-83
-1606
-3376
-2233
1003659
35
37
-48
-1595
-3311
-2233
1004684
6
40
-29
-1598
-3344
-2218
1005709
30
37
-19
-1594
-3354
-2261
1006734
57
30
-11
-1590
-3312
-2270
1007759
47
18
-13
-1571
-3326
-2251
1000577
55
9
-14
-1598
-3341
-2242
1001602
66
0
-29
-1574
-3318
-2201
1002627
56
-3
-30
-1564
-3355
-2205
1003652
70
3
-25
-1558
-3335
-2166
1004677
33
5
-14
-1547
-3293
-2154
1005702
27
10
-17
-1582
-3391
-2126
1006727
71
6
-24
-1594
-3257
-2170
1007752
57
6
-24
-1588
-3318
-2169
1008777
85
9
-26
-1602
-3305
-2130
1009802
75
4
-15
-1581
-3230
-2129
1010827
37
6
-6
-1596
-3297
-2143
1011852
70
6
-1
-1594
-3280
-2159
1012877
75
5
3
-1586
-3288
-2145
1013902
86
2
6
-1590
-3309
-2124
1014927
84
-4
10
-1577
-3268
-2113
1015952
62
-2
16
-1576
-3297
-2102
1008768
68
2
22
-1581
-3313
-2130
1009793
70
9
23
-1584
-3333
-2105
1010818
82
11
20
-1570
-3342
-2107
1011843
88
8
24
-1575
-3330
-2119
1012868
66
2
30
-1571
-3319
-2121
1013893
50
-2
27
-1589
-3355
-2106
1014918
71
-7
15
-1582
-3348
-2092
1015943
81
-10
11
-1578
-3363
-2098
1016968
81
-12
9
-1570
-3361
-2104
1017993
85
-12
12
-1574
-3345
-2087
1019018
60
-14
13
-1570
-3336
-2065
1020043
33
-8
15
-1587
-3398
-2068
1021068
64
-3
13
-1584
-3414
-2074
1022093
92
-1
17
-1589
-3399
-2082
1023118
100
-4
21
-1587
-3376
-2046
1024143
88
-12
19
-1593
-3348
-2023
1016959
73
-19
17
-1587
-3378
-2017
1017984
80
-14
19
-1584
-3396
-2002
1019009
112
-3
25
-1573
-3374
-1987
1020034
118
6
31
-1578
-3343
-2000
1021059
94
16
38
-1585
-3337
-2009
1022084
55
21
41
-1582
-3340
-2006
1023109
18
18
40
-1575
-3377
-2038
1024134
30
15
43
-1591
-3401
-2040
1025159
51
10
40
-1588
-3355
-2015
1026184
39
11
34
-1587
-3355
-1996
1027209
24
9
31
-1591
-3330
-2011
1028234
-4
3
19
-1592
-3351
-2016
1029259
1
-1
6
-1609
-3399
-2004
1030284
23
0
-2
-1602
-3366
-1973
1031309
5
7
1
-1603
-3366
-1969
1032334
-17
17
4
-1604
-3367
-1980
1025153
-26
21
3
-1612
-3394
-1983
1026178
-20
17
-4
-1616
-3395
-2012
1027203
-11
15
-9
-1615
-3396
-2027
1028228
-11
15
-10
-1606
-3379
-2006
1029253
-18
11
-5
-1590
-3394
-2022
1030278
-18
5
-1
-1605
-3415
-2024
1031303
1
1
1
-1599
-3413
-2012
1032328
9
0
-1
-1589
-3409
-1984
1033353
-6
3
2
-1581
-3375
-1981
1034378
-24
8
12
-1571
-3410
-2007
1035403
-23
11
16
-1584
-3406
-2008
1036428
-1
8
16
-1593
-3387
-2020
1037453
1
6
13
-1591
-3352
-1990
1038478
-12
9
13
-1592
-3389
-2018
1039503
-31
15
21
-1595
-3359
-2010
1040528
-44
14
24
-1592
-3441
-2030
1033520
5
10
19
-1591
-3395
-2020
1034545
7
4
16
-1597
-3353
-2024
1035570
-28
4
15
-1610
-3403
-2017
1036595
-18
4
10
-1613
-3426
-2018
1037620
12
0
7
-1592
-3392
-1998
1038645
9
-5
10
-1589
-3391
-2020
1039670
5
-3
14
-1609
-3383
-2049
1040695
-4
-5
20
-1597
-3352
-2023
1041720
-26
-9
26
-1594
-3384
-2052
1042745
-17
-5
25
-1607
-3382
-2033
1043770
-7
-4
21
-1605
-3358
-2018
1044795
-28
-5
16
-1602
-3375
-2015
1045820
-23
-7
10
-1603
-3398
-2042
1046845
-3
-11
6
-1603
-3389
-2034
1047870
-6
-15
3
-1599
-3382
-1999
1048895
-13
-8
6
-1599
-3365
-1974
1041535
-14
1
10
-1601
-3380
-1991
1042560
6
7
12
-1621
-3377
-2024
1043585
3
5
10
-1602
-3337
-2037
1044610
-5
5
10
-1610
-3356
-2042
1045635
-4
2
9
-1605
-3342
-2042
1046660
-7
0
9
-1607
-3348
-2038
1047685
-11
-6
6
-1611
-3360
-2045
1048710
-14
-11
0
-1609
-3366
-2030
1049735
-11
-13
0
-1602
-3378
-2027
1050760
-11
-9
5
-1591
-3372
-2028
1051785
-12
-4
6
-1593
-3409
-2018
1052810
18
3
1
-1602
-3401
-1997
1053835
25
3
-6
-1593
-3363
-2008
1054860
3
8
-5
-1597
-3378
-2023
1055885
4
16
-1
-1582
-3403
-2036
1056910
23
21
-2
-1570
-3392
-2020
1049728
22
16
-3
-1578
-3360
-2040
1050753
2
14
-4
-1588
-3369
-2036
1051778
4
17
0
-1598
-3378
-2037
1052803
6
18
0
-1593
-3377
-2013
1053828
14
22
-3
-1599
-3389
-2030
1054853
18
26
-3
-1603
-3386
-2039
1055878
25
21
-1
-1594
-3405
-2035
1056903
39
17
-1
-1589
-3404
-2032
1057928
43
16
0
-1610
-3425
-2046
1058953
67
17
-3
-1621
-3449
-2032
1059978
105
14
-11
-1613
-3454
-2019
1061003
144
5
-16
-1603
-3456
-2007
1062028
192
1
-16
-1588
-3463
-2001
1063053
231
1
-15
-1592
-3506
-1985
1064078
277
3
-18
-1582
-3495
-1965
1065103
325
3
-19
-1576
-3523
-1975
1057920
410
5
-26
-1587
-3577
-1953
1058945
511
-2
-40
-1574
-3586
-1916
1059970
559
-17
-51
-1573
-3553
-1878
1060995
515
-36
-51
-1579
-3567
-1846
1062020
423
-53
-49
-1566
-3591
-1751
1063045
341
-63
-42
-1553
-3642
-1709
1064070
324
-63
-33
-1560
-3725
-1712
1065095
380
-54
-21
-1569
-3765
-1658
1066120
354
-55
7
-1567
-3550
-1552
1067145
25
-63
57
-1550
-3535
-1590
1068170
-148
-37
75
-1592
-3863
-1663
1069195
126
-8
80
-1602
-3907
-1699
1070220
413
-9
84
-1599
-3802
-1693
1071245
547
-34
68
-1623
-3763
-1679
1072270
671
-64
42
-1632
-3697
-1645
1073295
819
-94
16
-1626
-3724
-1578
1066111
966
-132
-14
-1652
-3798
-1489
1067136
1084
-174
-60
-1647
-3852
-1379
1068161
1189
-200
-102
-1617
-3874
-1302
1069186
1357
-212
-137
-1612
-3959
-1284
1070211
1735
-247
-190
-1617
-4143
-1150
1071236
2192
-302
-239
-1609
-4091
-912
1072261
2408
-353
-242
-1563
-3929
-632
1073286
2406
-385
-198
-1509
-4074
-440
1074311
2511
-385
-163
-1522
-4358
-289
1075336
2871
-365
-146
-1526
-4385
-18
1076361
3194
-348
-116
-1484
-4152
225
1077386
3335
-343
-80
-1435
-4063
387
1078411
3685
-352
-64
-1442
-4342
377
1079436
4922
-400
-153
-1438
-4960
286
1080461
7593
-476
-365
-1423
-5351
511
1081486
11057
-677
-515
-1408
-4664
575
1074304
13589
-1055
-420
-1466
-2962
1005
1075329
12965
-1465
-81
-1599
-643
1234
1076354
9359
-1560
5
-1726
1854
1364
1077379
5154
-1417
-133
-918
3406
2457
1078404
2054
-1019
-19
-162
2628
4069
1079429
622
-721
229
-473
231
4680
1080454
865
-643
27
-499
-326
4670
1081479
1352
-501
-79
-480
734
4701
1082504
806
-329
-52
-673
1349
4843
1083529
-13
-207
-5
-611
451
4846
1084554
5
-85
14
-627
-154
4693
1085579
401
-11
0
-736
134
4450
1086604
538
12
40
-781
739
4312
1087629
199
4
110
-767
834
4218
1088654
-165
2
148
-685
471
4258
1089679
-79
-3
162
-654
122
4218
1082496
222
-24
166
-641
411
4149
1083521
185
-37
178
-624
808
4074
1084546
-85
-22
196
-598
764
4116
1085571
-238
-13
178
-599
491
4129
1086596
-164
-10
134
-595
365
4147
1087621
-21
-2
95
-613
401
4149
1088646
61
7
67
-626
515
4157
1089671
-29
17
51
-631
645
4154
1090696
-221
34
50
-630
546
4179
1091721
-307
37
54
-627
320
4237
1092746
-118
30
40
-623
131
4238
1093771
145
15
25
-651
467
4206
1094796
61
5
25
-648
704
4223
1095821
-131
12
35
-611
468
4247
1096846
-105
21
30
-626
379
4279
1097871
-1
15
13
-626
385
4244
1090688
64
16
8
-632
485
4200
1091713
27
14
9
-645
515
4189
1092738
-16
14
15
-644
468
4215
1093763
-56
10
11
-657
492
4223
1094788
-82
10
5
-637
449
4216
1095813
-53
4
-1
-637
309
4239
1096838
95
7
-6
-647
318
4199
1097863
80
-1
1
-691
590
4197
1098888
-52
2
10
-651
391
4149
1099913
-32
12
17
-682
434
4186
1100938
-15
1
5
-663
405
4191
1101963
19
3
4
-652
371
4201
1102988
15
12
3
-683
470
4183
1104013
-36
7
1
-653
418
4178
1105038
-53
13
-2
-662
406
4178
1106063
-64
7
-15
-666
384
4204
1098880
-50
-1
-20
-656
339
4214
1099905
-9
-4
-14
-650
375
4218
1100930
-15
0
2
-645
430
4223
1101955
-65
7
10
-649
409
4200
1102980
-95
6
6
-668
433
4201
1104005
-109
0
0
-647
357
4223
1105030
-76
4
1
-666
357
4225
1106055
-52
7
1
-678
365
4213
1107080
-38
12
-1
-668
334
4226
1108105
-18
13
-2
-688
363
4206
1109130
-26
10
-5
-689
361
4200
1110155
-28
7
-6
-686
327
4192
1111180
2
1
-7
-676
319
4182
1112205
10
1
-6
-672
347
4185
1113230
-22
7
4
-677
342
4198
1114255
-44
4
9
-683
324
4189
1107072
-26
-3
9
-681
361
4206
1108097
-42
-8
9
-661
380
4219
1109122
-62
-5
3
-664
313
4223
1110147
-19
-1
-3
-663
303
4225
1111172
11
0
-4
-667
363
4235
1112197
-9
1
-1
-662
370
4227
1113222
-27
4
-7
-662
345
4209
1114247
-17
5
-12
-666
340
4199
1115272
2
3
-17
-678
307
4208
1116297
41
-4
-19
-674
312
4199
1117322
36
-10
-17
-671
387
4188
1118347
-22
-7
-10
-660
362
4215
1119372
-48
-5
-5
-653
304
4240
1120397
-30
-5
-8
-653
292
4222
1121422
-16
-3
-6
-679
348
4215
1122447
-27
-4
-2
-675
336
4225
1115264
2
-9
-2
-667
284
4233
1116289
51
-8
-5
-678
343
4226
1117314
33
-9
-6
-667
388
4214
1118339
-6
-3
-5
-667
340
4227
1119364
-2
3
-5
-658
334
4233
1120389
3
7
-6
-663
309
4203
1121414
12
9
-6
-697
350
4181
1122439
-10
1
-4
-702
366
4183
1123464
-30
-8
0
-675
322
4207
1124489
-24
-9
0
-671
319
4212
1125514
-7
-3
2
-673
309
4209
1126539
10
3
5
-688
350
4199
1127564
-5
0
4
-693
357
4201
1128589
-15
-3
3
-693
336
4201
1129614
-9
-2
4
-691
351
4209
1130639
-22
3
2
-692
355
4192
1123456
-35
7
-2
-700
302
4195
1124481
-11
5
-1
-692
297
4210
1125506
-7
5
10
-698
351
4215
1126531
-42
3
14
-684
322
4211
1127556
-49
6
12
-679
322
4199
1128581
-39
7
9
-681
294
4213
1129606
-13
2
15
-686
293
4209
1130631
4
-2
17
-681
325
4220
1131656
-3
-2
14
-672
332
4214
1132681
-24
3
12
-670
337
4218
1133706
-51
3
14
-672
313
4204
1134731
-51
2
13
-668
283
4208
1135756
-16
4
9
-663
293
4212
1136781
-17
7
10
-675
359
4216
1137806
-50
8
9
-685
308
4212
1138831
-44
7
3
-688
270
4202
1131648
-16
4
-4
-691
297
4198
1132673
-9
1
-8
-691
307
4196
1133698
-12
-4
-7
-684
307
4200
1134723
-32
-6
-4
-688
330
4218
1135748
-51
-6
-3
-693
272
4246
1136773
-20
-6
0
-705
259
4247
1137798
6
-12
1
-699
292
4231
1138823
3
-9
5
-690
285
4234
1139848
15
-4
6
-690
234
4234
1140873
48
1
4
-692
300
4206
1141898
8
1
6
-688
332
4193
1142923
-30
3
13
-682
226
4206
1143948
10
3
11
-705
237
4199
1144973
31
-8
5
-708
292
4184
1145998
5
-13
11
-686
321
4203
1147023
-36
-13
16
-675
319
4213
1139840
-38
-14
10
-660
273
4208
1140865
-6
-9
1
-674
280
4214
1141890
5
-8
1
-673
298
4221
1142915
3
-7
2
-688
289
4226
1143940
5
-8
3
-692
317
4221
1144965
-23
-6
1
-686
310
4213
1145990
-29
-3
0
-687
232
4220
1147015
2
0
-1
-697
273
4219
1148040
-5
-1
3
-695
315
4211
1149065
-31
1
7
-696
254
4213
1150090
0
1
5
-695
243
4216
1151115
25
-2
5
-706
330
4190
1152140
-11
-7
8
-686
343
4180
1153165
-45
-2
16
-686
313
4214
1154190
-64
1
15
-689
294
4216
1155215
-62
2
6
-680
246
4221
1148032
-26
2
-1
-691
237
4218
1149057
7
-4
0
-690
280
4213
1150082
-9
-6
0
-675
310
4212
1151107
-49
1
2
-675
274
4210
1152132
-62
5
6
-683
265
4196
1153157
-69
4
4
-695
270
4197
1154182
-80
5
3
-684
253
4213
1155207
-73
7
0
-684
247
4212
1156232
-86
10
-3
-688
265
4219
1157257
-114
16
-5
-677
238
4220
1158282
-120
20
-3
-690
210
4242
1159307
-117
23
3
-705
206
4250
1160332
-101
22
4
-707
164
4252
1161357
-60
27
0
-704
164
4244
1162382
-59
26
-2
-708
221
4212
1163407
-89
26
-1
-699
189
4226
1156223
-103
30
1
-709
187
4227
1157248
-133
24
-2
-702
154
4227
1158273
-110
22
-4
-696
74
4218
1159298
-47
16
-9
-722
151
4198
1160323
-72
3
-2
-732
210
4208
1161348
-192
-5
19
-715
249
4230
1162373
-402
-1
45
-708
296
4283
1163398
-618
7
64
-679
2
4337
1164423
-456
40
58
-678
-421
4344
1165448
-62
54
26
-767
-94
4285
1166473
-13
39
18
-770
205
4205
1167498
-206
45
38
-740
90
4217
1168523
-309
58
57
-758
-66
4252
1169548
-231
50
45
-769
-297
4265
1170573
19
36
15
-769
-238
4210
1171598
200
18
-5
-773
-50
4151
1164416
175
6
-1
-761
123
4155
1165441
-3
1
16
-737
95
4205
1166466
-54
-2
17
-726
-208
4204
1167491
109
3
-1
-737
-84
4202
1168516
87
-3
-2
-749
197
4201
1169541
-129
1
13
-699
90
4189
1170566
-256
25
18
-716
-2
4207
1171591
-350
31
8
-724
34
4207
1172616
-603
36
20
-715
235
4195
1173641
-1296
67
84
-675
569
4174
1174666
-2333
176
160
-609
239
4172
1175691
-2838
328
201
-647
-795
4141
1176716
-2528
424
149
-774
-976
4073
1177741
-2745
479
63
-833
-83
3953
1178766
-4188
624
100
-768
188
3741
1179791
-5675
860
260
-846
-894
3470
1172675
-6057
1022
345
-1001
-2522
3159
1173700
-5868
1105
239
-1116
-2860
2801
1174725
-6400
1170
110
-1258
-1960
2238
1175750
-8103
1207
286
-1386
-1464
1415
1176775
-10115
1208
583
-1454
-2011
297
1177800
-11053
1188
964
-1523
-3857
-866
1178825
-10373
1261
1113
-1710
-5119
-1486
1179850
-8364
1254
955
-1864
-5177
-1681
1180875
-5902
1074
893
-1763
-5316
-2194
1181900
-3251
942
571
-1786
-4958
-2591
1182925
-887
710
192
-1701
-4182
-2585
1183950
234
449
-104
-1616
-3272
-2375
1184975
113
255
-246
-1614
-2947
-2335
1186000
-186
141
-238
-1673
-3434
-2294
1187025
-218
85
-182
-1695
-3599
-2109
1188050
-171
62
-155
-1632
-3649
-1949
1180800
-108
63
-106
-1632
-3570
-1926
1181825
-165
58
-62
-1603
-3490
-1974
1182850
-253
55
-29
-1604
-3584
-2012
1183875
-214
47
-9
-1606
-3640
-2001
1184900
-131
32
6
-1569
-3595
-1994
1185925
-86
18
29
-1572
-3468
-2025
1186950
-112
2
47
-1559
-3388
-2060
1187975
-133
-5
48
-1578
-3429
-2073
1189000
-101
-13
33
-1566
-3401
-2051
1190025
-79
-20
19
-1544
-3385
-2046
1191050
-80
-24
18
-1540
-3388
-2060
1192075
-89
-22
24
-1543
-3385
-2070
1193100
-110
-14
28
-1537
-3461
-2058
1194125
-57
-3
36
-1532
-3485
-2019
1195150
-16
-2
40
-1516
-3375
-2021
1196175
-55
1
51
-1508
-3388
-2037
1188995
-62
8
58
-1529
-3409
-2066
1190020
-39
17
61
-1521
-3412
-2061
1191045
-20
24
59
-1526
-3387
-2033
1192070
-20
33
61
-1525
-3368
-2059
1193095
-16
44
59
-1521
-3354
-2061
1194120
-31
41
60
-1543
-3305
-2083
1195145
-84
37
61
-1547
-3350
-2091
1196170
-78
48
62
-1551
-3399
-2115
1197195
-1
60
68
-1563
-3375
-2131
1198220
44
62
68
-1570
-3324
-2086
1199245
12
57
61
-1593
-3304
-2091
1200270
-8
54
49
-1611
-3385
-2098
1201295
27
45
39
-1604
-3341
-2108
1202320
13
35
37
-1597
-3342
-2141
1203345
2
29
33
-1602
-3399
-2119
1204370
41
19
24
-1592
-3377
-2105
1197185
74
12
13
-1580
-3369
-2104
1198210
101
10
6
-1582
-3327
-2099
1199235
82
10
4
-1580
-3306
-2100
1200260
32
11
0
-1587
-3347
-2078
1201285
34
15
-8
-1579
-3365
-2066
1202310
60
17
-9
-1563
-3351
-2057
1203335
62
16
-12
-1571
-3372
-2079
1204360
61
10
-15
-1577
-3375
-2068
1205385
47
2
-14
-1566
-3401
-2073
1206410
53
-1
-10
-1568
-3402
-2066
1207435
65
-3
-5
-1571
-3389
-2050
1208460
69
-1
2
-1585
-3401
-2040
1209485
81
0
4
-1582
-3402
-2035
1210510
66
-2
9
-1567
-3388
-2037
1211535
61
-2
14
-1569
-3415
-2045
1212560
82
-3
22
-1577
-3444
-2037
1205376
88
-5
30
-1585
-3425
-2025
1206401
81
-5
35
-1582
-3403
-1984
1207426
63
-3
39
-1571
-3375
-2001
1208451
39
5
48
-1578
-3397
-2018
1209476
53
11
47
-1573
-3353
-2004
1210501
49
16
42
-1582
-3325
-1986
1211526
40
20
26
-1580
-3334
-1963
1212551
37
25
9
-1565
-3309
-1978
1213576
9
28
4
-1563
-3310
-2009
1214601
-3
31
-4
-1556
-3329
-2014
1215626
-2
26
-13
-1553
-3338
-1991
1216651
0
22
-25
-1555
-3340
-1997
1217676
8
25
-25
-1559
-3350
-2009
1218701
-11
28
-20
-1544
-3345
-2010
1219726
-40
30
-13
-1557
-3394
-2011
1220751
-28
28
-15
-1556
-3440
-2002
1213569
3
27
-19
-1551
-3406
-1987
1214594
-6
33
-20
-1538
-3358
-1996
1215619
-46
41
-16
-1542
-3398
-2037
1216644
-52
40
-17
-1558
-3458
-2063
1217669
-24
26
-21
-1560
-3458
-2058
1218694
-8
9
-18
-1556
-3430
-2057
1219719
-13
1
-9
-1553
-3416
-2065
1220744
-20
-1
-3
-1566
-3438
-2047
1221769
7
-7
-4
-1566
-3439
-2035
1222794
18
-11
-5
-1548
-3392
-2025
1223819
-14
-9
1
-1547
-3420
-2051
1224844
-19
-6
5
-1548
-3420
-2059
1225869
-12
-7
7
-1551
-3428
-2029
1226894
1
-13
1
-1531
-3439
-2017
1227919
19
-17
-3
-1523
-3413
-2013
1228944
10
-14
5
-1519
-3425
-2027
1221761
13
-6
12
-1527
-3409
-2022
1222786
28
0
12
-1533
-3388
-2028
1223811
39
4
9
-1526
-3387
-2007
1224836
56
3
10
-1513
-3386
-2032
1225861
57
1
20
-1540
-3383
-2040
1226886
33
-1
21
-1540
-3390
-2018
1227911
19
2
15
-1538
-3403
-2007
1228936
30
7
12
-1529
-3402
-2000
1229961
20
9
11
-1536
-3409
-1983
1230986
2
7
6
-1541
-3432
-2011
1232011
7
5
5
-1552
-3433
-2043
1233036
23
5
3
-1540
-3446
-2030
1234061
63
8
-1
-1543
-3459
-1992
1235086
81
6
1
-1548
-3440
-1989
1236111
79
4
3
-1527
-3453
-2004
1237136
108
4
-1
-1529
-3465
-2030
1229952
188
6
-12
-1537
-3536
-2054
1230977
359
17
-28
-1540
-3586
-1954
1232002
471
26
-27
-1515
-3411
-1820
1233027
327
29
-7
-1494
-3363
-1808
1234052
155
48
-4
-1511
-3403
-1793
1235077
73
60
-3
-1485
-3401
-1790
1236102
8
68
0
-1496
-3520
-1860
1237127
37
75
-12
-1518
-3619
-1920
1238152
108
71
-31
-1536
-3602
-1910
1239177
109
51
-43
-1539
-3567
-1879
1240202
55
29
-37
-1541
-3585
-1905
1241227
34
14
-28
-1568
-3697
-1945
1242252
102
0
-31
-1581
-3774
-2006
1243277
230
-16
-29
-1582
-3851
-1942
1244302
305
-41
-22
-1561
-3838
-1783
1245327
259
-68
0
-1543
-3794
-1783
1238144
195
-82
17
-1565
-3848
-1824
1239169
248
-89
21
-1558
-3847
-1819
1240194
340
-99
26
-1551
-3778
-1772
1241219
385
-115
37
-1553
-3626
-1748
1242244
347
-132
48
-1548
-3568
-1767
1243269
308
-142
54
-1554
-3668
-1766
1244294
376
-151
51
-1556
-3659
-1738
1245319
507
-173
49
-1560
-3689
-1744
1246344
700
-206
41
-1562
-3743
-1732
1247369
925
-242
31
-1570
-3678
-1639
1248394
1054
-285
28
-1558
-3724
-1600
1249419
1334
-330
0
-1574
-4047
-1592
1250444
2079
-406
-68
-1601
-4355
-1607
1251469
3092
-518
-158
-1615
-4379
-1339
1252494
3909
-656
-226
-1568
-4141
-874
1253519
4719
-808
-270
-1503
-4588
-741
1246464
6779
-956
-425
-1549
-5716
-726
1247489
10960
-1118
-689
-1506
-6346
-753
1248514
15735
-1320
-672
-1395
-5348
-666
1249539
17723
-1800
-286
-1497
-2188
-468
1250564
15843
-2155
111
-1673
702
438
1251589
11754
-2129
393
-1539
2520
530
1252614
6743
-1792
238
-614
4793
1153
1253639
2115
-1196
180
417
4317
3916
1254664
70
-796
505
-95
1105
5122
1255689
576
-795
305
-204
344
4670
1256714
879
-720
-3
-63
1945
4632
1257739
43
-465
-69
-119
1632
4860
1258764
-369
-235
-39
-153
420
4872
1259789
-136
-97
-49
-358
647
4627
1260814
-22
-21
-81
-434
811
4380
1261839
17
24
-78
-516
946
4199
1254528
-17
31
-75
-591
1060
4097
1255553
-70
9
-84
-518
867
4123
1256578
13
-10
-85
-416
784
4147
1257603
131
-15
-64
-389
953
4068
1258628
114
-17
-33
-347
1020
4044
1259653
81
-8
-17
-310
976
4062
1260678
98
6
-20
-327
1083
4039
1261703
79
22
-34
-360
1139
3997
1262728
43
32
-42
-398
1093
3991
1263753
8
29
-60
-422
1039
3995
1264778
16
26
-69
-464
995
3996
1265803
16
16
-58
-511
1020
4001
1266828
-13
3
-36
-522
995
4019
1267853
-22
-5
-18
-518
1011
4032
1268878
-46
-8
-13
-527
1079
4056
1269903
-74
-6
-16
-512
1026
4102
1262720
-57
3
-20
-479
1011
4118
1263745
-60
24
-15
-471
1064
4109
1264770
-112
45
-9
-453
1011
4117
1265795
-158
65
-10
-468
1012
4099
1266820
-191
75
-12
-483
969
4075
1267845
-191
74
-14
-482
905
4063
1268870
-150
70
-16
-521
880
4059
1269895
-90
56
-20
-543
829
4066
1270920
-46
42
-17
-545
856
4049
1271945
-73
42
3
-536
889
4062
1272970
-146
42
30
-526
881
4100
1273995
-164
41
51
-494
826
4147
1275020
-121
50
62
-508
835
4146
1276045
-72
50
50
-493
823
4116
1277070
-5
50
39
-485
867
4088
1278095
-16
51
45
-506
974
4093
1270911
-116
49
44
-487
906
4113
1271936
-127
46
26
-483
815
4105
1272961
-61
39
1
-496
812
4098
1273986
-39
32
-5
-498
833
4119
1275011
-69
30
13
-504
835
4130
1276036
-111
24
29
-515
823
4139
1277061
-121
14
30
-528
812
4140
1278086
-121
2
22
-529
799
4147
1279111
-108
-11
17
-516
748
4166
1280136
-61
-16
20
-506
771
4162
1281161
-80
-10
22
-506
858
4151
1282186
-171
9
16
-504
780
4156
1283211
-203
20
7
-539
717
4182
1284236
-188
15
-4
-533
707
4171
1285261
-157
19
-8
-518
671
4169
1286286
-130
33
-11
-532
685
4191
1279104
-160
40
-7
-556
714
4178
1280129
-208
45
1
-559
651
4176
1281154
-209
46
12
-566
599
4207
1282179
-166
39
18
-587
560
4206
1283204
-94
33
20
-571
566
4197
1284229
-78
33
25
-583
665
4205
1285254
-124
32
30
-570
621
4204
1286279
-106
29
33
-560
549
4206
1287304
-34
25
30
-560
564
4198
1288329
-35
24
33
-561
640
4198
1289354
-112
31
41
-562
603
4194
1290379
-128
31
48
-576
531
4189
1291404
-64
21
42
-567
517
4186
1292429
-8
14
41
-561
564
4201
1293454
-27
10
50
-584
610
4186
1294479
-70
5
51
-566
552
4185
1287296
-51
5
45
-553
520
4202
1288321
-31
2
41
-559
564
4225
1289346
-45
-2
40
-523
541
4204
1290371
-38
2
42
-525
558
4197
1291396
-51
6
33
-541
580
4199
1292421
-75
2
25
-546
495
4210
1293446
-46
1
18
-542
477
4191
1294471
-27
0
15
-538
546
4193
1295496
-56
-1
15
-530
545
4189
1296521
-74
3
13
-533
503
4197
1297546
-65
9
6
-561
488
4187
1298571
-46
6
-3
-578
479
4198
1299596
-30
-2
-6
-587
485
4208
1300621
-23
-11
-1
-591
502
4188
1301646
-31
-14
8
-573
527
4206
1302671
-41
-10
7
-570
496
4223
1295489
-39
-9
-1
-590
481
4203
1296514
-16
-11
-9
-592
453
4198
1297539
-7
-15
-8
-594
506
4179
1298564
-30
-23
-7
-589
491
4199
1299589
-34
-27
-10
-575
437
4223
1300614
-10
-24
-7
-591
470
4237
1301639
-10
-30
-2
-555
495
4241
1302664
-11
-22
4
-532
454
4274
1303689
4
-9
2
-537
471
4272
1304714
1
0
-5
-526
484
4231
1305739
-9
12
-5
-537
502
4198
1306764
-13
15
-3
-560
464
4189
1307789
-8
11
-1
-571
494
4196
1308814
-22
5
2
-573
477
4194
1309839
-18
0
-2
-566
448
4165
1310864
4
4
-2
-575
513
4175
1303680
-42
5
-8
-578
522
4188
1304705
-52
0
-15
-568
396
4174
1305730
-1
0
-15
-593
482
4190
1306755
-32
-9
-9
-597
475
4220
1307780
-40
-13
-2
-577
399
4217
1308805
-6
-13
4
-570
459
4228
1309830
-29
-10
10
-565
498
4229
1310855
-77
-5
17
-560
489
4225
1311880
-101
-1
17
-555
447
4217
1312905
-81
-1
10
-553
388
4208
1313930
-21
2
0
-564
409
4216
1314955
-6
-2
-5
-578
485
4179
1315980
-45
-5
-3
-559
459
4202
1317005
-56
-1
-7
-561
398
4220
1318030
-9
-2
-22
-553
408
4207
1319055
22
-2
-33
-554
441
4210
1311871
3
-1
-26
-572
455
4227
1312896
-27
0
-21
-588
413
4239
1313921
-38
-3
-19
-575
427
4236
1314946
-65
-1
-12
-565
448
4229
1315971
-101
5
1
-577
376
4253
1316996
-55
1
-2
-578
266
4233
1318021
54
1
-2
-582
419
4204
1319046
6
2
7
-580
533
4197
1320071
-117
9
16
-585
438
4201
1321096
-123
2
7
-591
295
4241
1322121
23
-12
-22
-581
260
4230
1323146
170
-17
-46
-575
431
4208
1324171
168
-19
-45
-566
514
4192
1325196
93
-28
-29
-557
520
4185
1326221
6
-36
-3
-562
520
4220
1327246
-54
-40
6
-538
431
4224
1320065
-66
-31
6
-553
411
4248
1321090
-35
-26
0
-564
350
4236
1322115
13
-22
1
-555
487
4209
1323140
-94
-9
13
-567
587
4224
1324165
-299
5
29
-564
540
4243
1325190
-567
14
52
-579
625
4250
1326215
-1056
31
93
-542
731
4309
1327240
-1734
87
157
-494
531
4336
1328265
-2319
197
223
-466
137
4321
1329290
-2708
328
299
-540
-28
4341
1330315
-3270
430
377
-563
-36
4249
1331340
-4016
596
440
-595
-433
4157
1332365
-4451
727
548
-703
-1161
4018
1333390
-4551
823
587
-802
-1649
3847
1334415
-4595
901
541
-905
-1819
3616
1335440
-4634
952
523
-1029
-2103
3343
1328256
-4698
951
508
-1120
-2358
3042
1329281
-5074
922
479
-1194
-2194
2652
1330306
-5722
903
500
-1286
-2227
2100
1331331
-6213
874
595
-1313
-2808
1578
1332356
-6963
878
668
-1422
-2630
981
1333381
-8222
896
675
-1522
-1931
212
1334406
-9442
897
900
-1533
-2497
-715
1335431
-9472
942
1185
-1696
-4314
-1631
1336456
-7924
1032
1138
-1865
-5686
-2072
1337481
-5051
1071
736
-1852
-6058
-2437
1338506
-1644
963
328
-1846
-4749
-2317
1339531
223
633
35
-1615
-3060
-2050
1340556
78
362
-138
-1531
-2898
-2182
1341581
-347
221
-179
-1795
-3587
-2550
1342606
-286
122
-172
-1813
-3755
-2377
1343631
-129
56
-149
-1724
-3750
-2004
1336448
40
18
-108
-1727
-3700
-1861
1337473
62
1
-80
-1675
-3518
-1816
1338498
-105
16
-58
-1634
-3549
-1853
1339523
-128
41
-42
-1633
-3714
-1865
1340548
-1
49
-28
-1598
-3632
-1818
1341573
60
47
-15
-1556
-3530
-1864
1342598
83
48
2
-1548
-3458
-1903
1343623
74
44
10
-1532
-3390
-1936
1344648
63
43
3
-1562
-3429
-1934
1345673
95
39
-12
-1568
-3410
-1891
1346698
76
41
-24
-1553
-3347
-1861
1347723
14
47
-33
-1547
-3448
-1915
1348748
30
50
-29
-1581
-3495
-1947
1349773
34
41
-24
-1570
-3451
-1946
1350798
4
38
-19
-1569
-3519
-1934
1351823
0
40
-10
-1591
-3525
-1933
1344640
10
40
-6
-1584
-3552
-1914
1345665
35
41
-11
-1587
-3548
-1887
1346690
49
30
-17
-1568
-3493
-1879
1347715
30
24
-6
-1580
-3505
-1934
1348740
8
24
2
-1594
-3487
-1914
1349765
-12
25
5
-1586
-3510
-1905
1350790
19
22
6
-1582
-3547
-1901
1351815
76
7
6
-1562
-3466
-1894
1352840
74
-4
8
-1543
-3443
-1908
1353865
38
-11
19
-1554
-3448
-1922
1354890
-6
-12
25
-1557
-3432
-1883
1355915
-22
-7
20
-1576
-3501
-1855
1356940
20
-6
5
-1581
-3509
-1870
1357965
48
-9
0
-1576
-3502
-1882
1358990
38
-11
0
-1568
-3475
-1857
1360015
29
-7
4
-1563
-3482
-1847
1352832
29
-4
11
-1558
-3528
-1832
1353857
36
-3
12
-1557
-3521
-1871
1354882
52
3
12
-1555
-3499
-1896
1355907
58
8
12
-1561
-3457
-1884
1356932
17
1
17
-1580
-3465
-1893
1357957
-12
-9
9
-1574
-3547
-1912
1358982
30
-18
5
-1566
-3540
-1918
1360007
59
-26
12
-1552
-3503
-1910
1361032
46
-29
20
-1549
-3500
-1860
1362057
29
-33
24
-1534
-3473
-1847
1363082
1
-30
40
-1538
-3489
-1867
1364107
0
-21
48
-1539
-3500
-1856
1365132
1
-20
48
-1553
-3489
-1830
1366157
8
-25
41
-1574
-3551
-1843
1367182
50
-23
26
-1587
-3514
-1817
1368207
60
-17
13
-1586
-3481
-1791
1361023
28
-15
4
-1577
-3482
-1823
1362048
14
-15
-2
-1570
-3508
-1849
1363073
31
-12
-1
-1572
-3502
-1834
1364098
42
-4
3
-1561
-3479
-1804
1365123
37
6
12
-1562
-3491
-1809
1366148
17
13
24
-1571
-3503
-1834
1367173
10
16
33
-1571
-3512
-1832
1368198
21
10
37
-1567
-3528
-1849
1369223
47
5
39
-1568
-3511
-1848
1370248
62
0
45
-1566
-3487
-1820
1371273
41
-1
53
-1577
-3492
-1789
1372298
30
0
55
-1595
-3487
-1795
1373323
17
3
43
-1594
-3468
-1794
1374348
-1
6
39
-1602
-3481
-1838
1375373
-3
8
38
-1617
-3512
-1827
1376398
10
5
36
-1630
-3514
-1796
1369216
22
1
28
-1635
-3505
-1797
1370241
10
1
22
-1654
-3504
-1816
1371266
-11
-3
15
-1649
-3540
-1817
1372291
-6
-7
15
-1646
-3548
-1833
1373316
17
-14
14
-1634
-3565
-1818
1374341
48
-23
13
-1616
-3529
-1806
1375366
47
-22
14
-1604
-3510
-1800
1376391
30
-19
18
-1595
-3516
-1802
1377416
32
-13
25
-1587
-3505
-1784
1378441
45
-7
29
-1594
-3479
-1789
1379466
47
-3
21
-1593
-3468
-1769
1380491
42
3
12
-1590
-3480
-1780
1381516
33
12
9
-1586
-3490
-1779
1382541
9
15
7
-1596
-3487
-1774
1383566
9
13
-2
-1614
-3531
-1758
1384591
37
13
-13
-1615
-3501
-1746
1377408
42
19
-15
-1627
-3512
-1788
1378433
40
26
-7
-1644
-3500
-1794
1379458
8
23
-3
-1637
-3481
-1774
1380483
-21
11
2
-1655
-3541
-1801
1381508
16
3
-1
-1650
-3548
-1776
1382533
50
2
-1
-1649
-3504
-1789
1383558
35
3
4
-1640
-3511
-1783
1384583
19
-1
8
-1650
-3517
-1771
1385608
6
-11
5
-1636
-3532
-1757
1386633
21
-14
-1
-1638
-3552
-1761
1387658
55
-14
-3
-1632
-3535
-1765
1388683
47
-12
-2
-1631
-3512
-1756
1389708
15
-14
-4
-1640
-3538
-1759
1390733
4
-20
-5
-1627
-3554
-1771
1391758
11
-26
-1
-1614
-3565
-1776
1392783
44
-29
2
-1611
-3587
-1780
1385620
81
-31
3
-1605
-3517
-1740
1386645
58
-31
6
-1608
-3536
-1733
1387670
56
-30
6
-1603
-3545
-1743
1388695
42
-32
6
-1593
-3509
-1743
1389720
0
-29
10
-1580
-3550
-1745
1390745
12
-20
10
-1563
-3572
-1720
1391770
43
-13
8
-1560
-3542
-1713
1392795
34
-9
5
-1572
-3503
-1702
1393820
1
0
-4
-1589
-3521
-1686
1394845
-19
9
-11
-1589
-3539
-1683
1395870
-19
14
-12
-1595
-3577
-1692
1396895
15
20
-14
-1600
-3569
-1680
1397920
36
19
-12
-1607
-3519
-1722
1398945
-10
22
-3
-1616
-3538
-1742
1399970
-33
22
6
-1623
-3592
-1767
1400995
8
14
9
-1611
-3573
-1766
1393793
28
5
9
-1633
-3550
-1739
1394818
4
-5
8
-1630
-3537
-1739
1395843
-22
-7
11
-1634
-3569
-1719
1396868
-2
-7
12
-1635
-3597
-1691
1397893
29
-8
13
-1624
-3563
-1689
1398918
23
-10
10
-1633
-3548
-1688
1399943
13
-12
9
-1635
-3559
-1707
1400968
16
-11
12
-1625
-3558
-1718
1401993
29
-11
19
-1621
-3531
-1710
1403018
12
-12
23
-1615
-3521
-1706
1404043
1
-17
23
-1618
-3531
-1729
1405068
11
-18
18
-1620
-3533
-1737
1406093
13
-19
21
-1620
-3522
-1737
1407118
-11
-19
20
-1602
-3532
-1693
1408143
-2
-17
18
-1605
-3579
-1696
1409168
30
-13
14
-1608
-3546
-1662
1401984
24
-14
9
-1598
-3532
-1679
1403009
-1
-9
11
-1607
-3538
-1701
1404034
-23
-4
8
-1609
-3559
-1672
1405059
-13
0
2
-1616
-3584
-1668
1406084
11
3
-1
-1614
-3574
-1678
1407109
9
5
1
-1608
-3556
-1706
1408134
-3
8
9
-1625
-3547
-1718
1409159
-17
5
17
-1627
-3551
-1713
1410184
-31
-3
21
-1632
-3556
-1721
1411209
-23
-8
22
-1637
-3535
-1730
1412234
-12
-6
21
-1637
-3522
-1727
1413259
-14
-7
19
-1634
-3528
-1712
1414284
-31
-11
10
-1635
-3536
-1700
1415309
-27
-10
5
-1636
-3577
-1709
1416334
3
-9
2
-1655
-3568
-1712
1417359
10
-9
0
-1661
-3543
-1679
1410176
-9
-8
-2
-1651
-3544
-1676
1411201
-22
-3
0
-1649
-3562
-1701
1412226
-11
-2
4
-1646
-3543
-1705
1413251
-6
-7
8
-1659
-3556
-1728
1414276
3
-9
6
-1639
-3541
-1718
1415301
-2
-4
8
-1631
-3533
-1723
1416326
-16
-1
12
-1647
-3528
-1742
1417351
-22
-6
10
-1645
-3530
-1730
1418376
-24
-14
2
-1633
-3560
-1726
1419401
1
-14
-1
-1634
-3576
-1716
1420426
22
-7
3
-1624
-3542
-1707
1421451
1
-3
12
-1613
-3543
-1712
1422476
-10
3
22
-1623
-3540
-1690
1423501
-17
4
26
-1619
-3536
-1694
1424526
-15
4
22
-1628
-3550
-1720
1425551
12
1
15
-1637
-3522
-1755
1418368
7
-1
10
-1639
-3502
-1747
1419393
-7
-1
7
-1640
-3524
-1715
1420418
-21
-4
1
-1635
-3524
-1723
1421443
-36
-6
-4
-1640
-3560
-1724
1422468
-22
-8
-5
-1644
-3567
-1742
1423493
-23
-11
2
-1638
-3561
-1739
1424518
-28
-8
9
-1646
-3576
-1700
1425543
7
-2
12
-1648
-3558
-1692
1426568
10
2
12
-1638
-3499
-1708
1427593
-26
8
12
-1647
-3512
-1723
1428618
-42
8
5
-1635
-3517
-1744
1429643
-44
5
0
-1625
-3542
-1748
1430668
10
5
-4
-1622
-3557
-1747
1431693
67
7
-6
-1628
-3443
-1703
1432718
-14
4
-7
-1605
-3396
-1725
1433743
-86
10
-8
-1636
-3535
-1740
1426561
-55
12
-13
-1635
-3505
-1739
1427586
-36
14
-15
-1640
-3512
-1753
1428611
-21
15
-19
-1646
-3510
-1746
1429636
-37
10
-22
-1636
-3538
-1759
1430661
-45
9
-22
-1641
-3591
-1768
1431686
-24
6
-17
-1654
-3577
-1786
1432711
-19
3
-9
-1653
-3576
-1780
1433736
7
1
-5
-1658
-3625
-1747
1434761
55
-3
-5
-1641
-3609
-1718
1435786
72
-6
-3
-1627
-3596
-1742
1436811
118
-7
-5
-1635
-3669
-1791
1437836
265
-16
-22
-1648
-3769
-1859
1438861
589
-60
-64
-1670
-4029
-1917
1439886
1220
-132
-146
-1698
-4292
-1868
1440911
1969
-222
-235
-1705
-4314
-1695
1441936
2516
-319
-291
-1646
-4232
-1375
1434752
2942
-404
-285
-1616
-4425
-1159
1435777
3521
-476
-250
-1635
-4926
-1004
1436802
4497
-537
-247
-1643
-5237
-724
1437827
5664
-605
-244
-1589
-5031
-321
1438852
6486
-658
-231
-1519
-4450
124
1439877
6977
-673
-155
-1485
-4197
606
1440902
7372
-650
-87
-1511
-4031
996
1441927
7537
-652
-51
-1550
-3507
1182
1442952
7636
-674
-103
-1563
-3050
1342
1443977
8341
-764
-187
-1533
-3269
1696
1445002
10074
-997
-240
-1475
-3420
1697
1446027
11871
-1285
-331
-1312
-1662
960
1447052
11485
-1265
-116
-1033
2503
886
1448077
7519
-985
588
-1072
4761
2303
1449102
1910
-815
818
-584
2903
2959
1450127
-668
-633
766
-351
1142
4035
1442944
7
-573
571
-465
746
4653
1443969
472
-568
359
-404
1729
4407
1444994
-224
-440
217
-448
1983
4413
1446019
-581
-267
57
-529
1029
4574
1447044
-171
-170
-53
-573
950
4615
1448069
-188
-78
-97
-609
1214
4512
1449094
-457
35
-108
-662
830
4440
1450119
-335
81
-102
-755
630
4370
1451144
-91
59
-87
-791
725
4230
1452169
-49
27
-32
-754
853
4107
1453194
-93
2
41
-698
833
4091
1454219
-76
-26
92
-673
892
4101
1455244
-63
-52
93
-644
917
4070
1456269
-17
-59
71
-615
886
4054
1457294
8
-48
55
-625
970
4051
1458319
-49
-31
36
-628
973
4054
1451135
-126
-17
18
-624
897
4068
1452160
-182
-5
-1
-643
780
4099
1453185
-180
0
-14
-642
676
4103
1454210
-106
4
-12
-633
664
4126
1455235
-112
9
1
-630
769
4136
1456260
-207
23
16
-617
757
4172
1457285
-251
36
24
-590
668
4211
1458310
-221
49
25
-616
718
4193
1459335
-229
49
18
-620
760
4178
1460360
-230
46
6
-605
694
4173
1461385
-144
42
-11
-631
693
4158
1462410
-76
31
-21
-623
751
4152
1463435
-119
28
-19
-634
758
4160
1464460
-182
31
-27
-636
660
4162
1465485
-149
31
-37
-646
594
4172
1466510
-98
28
-44
-654
588
4176
1459329
-63
27
-36
-665
535
4194
1460354
-12
21
-23
-679
520
4158
1461379
16
17
-12
-683
597
4125
1462404
-31
14
-5
-680
627
4136
1463429
-54
9
-4
-682
558
4126
1464454
-14
2
0
-686
574
4138
1465479
-10
-4
5
-680
621
4146
1466504
-42
-6
8
-682
606
4146
1467529
-54
-2
8
-676
572
4174
1468554
-28
0
6
-671
563
4198
1469579
-3
0
-1
-662
608
4174
1470604
2
4
-4
-674
635
4158
1471629
-19
6
-6
-670
623
4184
1472654
-30
6
-2
-683
583
4199
1473679
-9
6
-2
-686
558
4175
1474704
21
6
-7
-687
577
4165
1467520
20
3
-7
-687
616
4187
1468545
-11
0
-4
-687
600
4187
1469570
-28
1
-5
-686
601
4168
1470595
-25
2
-2
-684
600
4183
1471620
-19
2
-2
-697
584
4175
1472645
1
-1
-4
-702
563
4169
1473670
35
-6
-2
-693
582
4169
1474695
40
-6
5
-693
594
4151
1475720
25
1
0
-702
594
4135
1476745
5
6
-3
-693
592
4145
1477770
-11
12
-2
-694
558
4140
1478795
-9
13
0
-718
554
4140
1479820
-17
8
-1
-706
581
4139
1480845
-35
10
2
-703
576
4154
1481870
-42
9
7
-705
573
4161
1482895
-34
4
13
-696
596
4154
1475711
-35
2
16
-685
603
4163
1476736
-33
0
11
-688
594
4171
1477761
-9
-5
4
-685
577
4194
1478786
9
-7
3
-694
589
4173
1479811
-1
-4
3
-686
615
4180
1480836
-35
1
2
-687
585
4211
1481861
-25
7
-3
-678
520
4213
1482886
11
11
-4
-682
554
4216
1483911
-2
18
2
-681
572
4203
1484936
-40
28
8
-673
578
4199
1485961
-67
35
14
-686
531
4199
1486986
-25
31
11
-689
477
4170
1488011
47
20
11
-694
570
4142
1489036
14
14
16
-695
673
4131
1490061
-59
13
16
-701
586
4144
1491086
-45
4
8
-704
556
4140
1483904
-8
-9
1
-698
587
4154
1484929
-17
-12
-7
-693
615
4154
1485954
-59
-9
-15
-699
598
4164
1486979
-68
-9
-22
-689
512
4166
1488004
-23
-4
-26
-695
491
4171
1489029
-13
0
-22
-722
549
4155
1490054
-51
0
-21
-735
552
4163
1491079
-82
-1
-19
-725
515
4161
1492104
-76
-2
-8
-728
505
4175
1493129
-82
-3
0
-735
512
4191
1494154
-87
0
5
-734
495
4185
1495179
-80
1
8
-750
506
4203
1496204
-62
-1
15
-728
480
4218
1497229
-37
5
22
-721
500
4219
1498254
-33
12
20
-727
514
4205
1499279
-42
18
12
-734
508
4207
1492096
-49
18
9
-717
475
4195
1493121
-48
26
12
-712
456
4189
1494146
-51
31
13
-727
442
4183
1495171
-39
25
10
-724
422
4177
1496196
-10
19
12
-725
427
4182
1497221
1
12
17
-727
476
4197
1498246
-6
6
22
-712
462
4189
1499271
7
5
20
-711
482
4193
1500296
16
2
9
-716
501
4177
1501321
10
2
3
-725
491
4189
1502346
10
1
0
-732
464
4191
1503371
31
-6
4
-736
477
4197
1504396
36
-8
-1
-743
471
4177
1505421
21
-8
-4
-745
487
4180
1506446
16
-11
-3
-740
441
4173
1507471
39
-9
4
-731
469
4188
1500288
11
-7
13
-732
507
4177
1501313
-23
-3
15
-726
483
4162
1502338
-33
-5
17
-743
481
4169
1503363
-7
-13
12
-732
415
4180
1504388
36
-16
18
-737
510
4182
1505413
-14
-17
22
-725
566
4172
1506438
-102
-10
24
-716
520
4184
1507463
-115
0
20
-708
405
4183
1508488
-36
0
6
-704
475
4172
1509513
-36
-5
1
-706
551
4177
1510538
-75
-4
-4
-727
487
4163
1511563
-77
-15
-7
-739
462
4174
1512588
-78
-24
-8
-720
428
4174
1513613
-105
-17
-3
-723
454
4223
1514638
-191
-11
16
-720
438
4260
1515663
-304
-6
44
-731
456
4250
1508480
-424
-1
58
-725
429
4269
1509505
-548
10
64
-717
367
4273
1510530
-634
29
74
-722
312
4252
1511555
-719
46
89
-713
305
4284
1512580
-933
64
103
-698
364
4336
1513605
-1435
85
120
-710
514
4329
1514630
-2212
125
132
-700
509
4151
1515655
-2823
214
168
-620
-77
4030
1516680
-2958
353
187
-624
-836
4193
1517705
-2747
432
146
-774
-1096
4210
1518730
-2584
435
105
-876
-992
4071
1519755
-2989
441
84
-892
-591
3808
1520780
-3813
505
194
-825
-902
3664
1521805
-4326
606
369
-923
-1915
3589
1522830
-4199
666
317
-1026
-2305
3504
1523855
-4413
715
194
-1034
-1540
3262
1516672
-5938
841
205
-1047
-834
2730
1517697
-8201
994
461
-1175
-1166
1606
1518722
-9920
1067
804
-1502
-2333
362
1519747
-10760
1022
941
-1685
-3139
-471
1520772
-10824
885
1056
-1596
-3311
-1576
1521797
-9973
889
1249
-1743
-4292
-2355
1522822
-7857
885
1144
-1872
-6002
-2848
1523847
-4098
916
730
-1983
-6419
-2832
1524872
-684
756
188
-1782
-4502
-2400
1525897
436
468
-164
-1549
-2764
-2230
1526922
80
269
-267
-1651
-2946
-2328
1527947
-164
170
-254
-1730
-3547
-2441
1528972
-143
124
-237
-1644
-3715
-2207
1529997
-45
98
-211
-1600
-3739
-1908
1531022
93
66
-163
-1599
-3558
-1842
1532047
38
39
-127
-1587
-3459
-2003
1524864
-115
28
-103
-1586
-3566
-2064
1525889
-142
25
-81
-1557
-3662
-2009
1526914
-76
14
-50
-1527
-3641
-2000
1527939
-13
4
-21
-1511
-3583
-2002
1528964
39
-4
-2
-1486
-3563
-2000
1529989
70
-13
9
-1509
-3492
-1989
1531014
45
-33
2
-1499
-3410
-1966
1532039
-13
-37
-4
-1513
-3438
-1973
1533064
-23
-39
-15
-1499
-3499
-2010
1534089
32
-32
-26
-1505
-3536
-2004
1535114
110
-28
-29
-1503
-3523
-1973
1536139
106
-32
-23
-1489
-3461
-1934
1537164
66
-32
-2
-1490
-3494
-1957
1538189
40
-27
15
-1505
-3497
-1969
1539214
31
-24
23
-1511
-3504
-1973
1540239
46
-21
20
-1495
-3522
-1947
1533057
102
-16
19
-1504
-3507
-1930
1534082
126
-10
21
-1507
-3447
-1879
1535107
87
-3
18
-1495
-3451
-1889
1536132
61
7
14
-1485
-3514
-1892
1537157
107
18
9
-1488
-3547
-1878
1538182
155
23
9
-1486
-3454
-1863
1539207
92
21
13
-1479
-3464
-1885
1540232
49
21
23
-1508
-3555
-1924
1541257
56
23
28
-1520
-3499
-1900
1542282
34
24
42
-1516
-3482
-1918
1543307
26
26
48
-1529
-3502
-1935
1544332
31
22
50
-1550
-3500
-1921
1545357
32
9
51
-1540
-3493
-1897
1546382
36
3
53
-1555
-3469
-1905
1547407
33
5
50
-1555
-3460
-1877
1548432
-2
4
47
-1551
-3487
-1867
1541248
-15
-3
41
-1554
-3535
-1882
1542273
15
-12
33
-1570
-3538
-1883
1543298
35
-19
24
-1567
-3513
-1860
1544323
15
-22
17
-1565
-3518
-1856
1545348
17
-22
19
-1582
-3534
-1884
1546373
33
-25
14
-1562
-3544
-1847
1547398
36
-24
20
-1552
-3530
-1857
1548423
37
-22
35
-1559
-3563
-1865
1549448
53
-26
51
-1555
-3569
-1855
1550473
70
-24
64
-1548
-3534
-1843
1551498
79
-21
77
-1561
-3491
-1844
1552523
81
-17
80
-1553
-3474
-1817
1553548
62
-18
75
-1576
-3472
-1829
1554573
40
-24
62
-1584
-3474
-1827
1555598
46
-24
50
-1581
-3479
-1837
1556623
57
-13
42
-1592
-3447
-1810
1549439
32
-9
27
-1591
-3446
-1806
1550464
17
-9
16
-1597
-3467
-1811
1551489
17
-13
12
-1589
-3443
-1818
1552514
4
-10
12
-1581
-3462
-1816
1553539
1
1
14
-1569
-3467
-1803
1554564
6
10
21
-1575
-3474
-1813
1555589
4
10
20
-1572
-3439
-1801
1556614
-19
6
21
-1573
-3450
-1810
1557639
-20
13
23
-1571
-3473
-1816
1558664
-20
18
18
-1565
-3474
-1818
1559689
-27
19
15
-1580
-3502
-1810
1560714
-25
16
7
-1589
-3499
-1809
1561739
-26
17
4
-1588
-3514
-1809
1562764
-17
23
-2
-1597
-3530
-1801
1563789
-6
28
-2
-1604
-3505
-1812
1564814
-28
31
0
-1607
-3510
-1813
1557632
-32
33
8
-1608
-3535
-1815
1558657
-12
33
12
-1599
-3514
-1828
1559682
-9
34
13
-1602
-3516
-1830
1560707
4
31
13
-1610
-3499
-1875
1561732
-6
26
14
-1607
-3461
-1854
1562757
-34
16
14
-1611
-3491
-1853
1563782
-25
11
11
-1611
-3490
-1875
1564807
-11
9
8
-1608
-3485
-1862
1565832
-17
4
5
-1599
-3482
-1869
1566857
-36
0
7
-1604
-3526
-1851
1567882
-18
-2
12
-1604
-3545
-1851
1568907
6
-2
10
-1589
-3506
-1859
1569932
-4
2
10
-1589
-3472
-1855
1570957
-38
-1
12
-1577
-3494
-1872
1571982
-35
0
11
-1595
-3547
-1833
1573007
-4
-5
4
-1580
-3500
-1797
1565823
-6
-2
3
-1574
-3472
-1829
1566848
-24
10
5
-1579
-3469
-1872
1567873
-26
19
6
-1591
-3482
-1894
1568898
-8
19
6
-1594
-3493
-1884
1569923
-5
8
5
-1580
-3471
-1862
1570948
-19
6
7
-1596
-3496
-1867
1571973
-13
11
7
-1592
-3482
-1887
1572998
-15
13
9
-1609
-3485
-1893
1574023
-19
9
5
-1605
-3501
-1848
1575048
-17
1
0
-1587
-3484
-1826
1576073
-17
-1
2
-1575
-3496
-1850
1577098
6
5
0
-1585
-3473
-1878
1578123
11
10
-4
-1577
-3442
-1861
1579148
-7
16
-5
-1570
-3469
-1852
1580173
-3
22
-7
-1581
-3438
-1859
1581198
-22
22
-5
-1561
-3444
-1898
1574016
-46
24
-2
-1568
-3464
-1903
1575041
-42
23
-2
-1567
-3493
-1909
1576066
-21
21
0
-1564
-3483
-1897
1577091
-33
17
-1
-1559
-3461
-1866
1578116
-35
20
2
-1564
-3482
-1886
1579141
-12
22
2
-1570
-3471
-1887
1580166
-7
19
-4
-1577
-3480
-1883
1581191
-12
16
-14
-1578
-3477
-1878
1582216
-26
15
-24
-1581
-3454
-1870
1583241
-30
18
-25
-1558
-3485
-1912
1584266
-11
20
-19
-1567
-3489
-1916
1585291
-14
10
-25
-1570
-3458
-1921
1586316
-25
-1
-27
-1566
-3473
-1925
1587341
-21
-11
-25
-1569
-3484
-1908
1588366
-22
-18
-24
-1562
-3472
-1899
1589391
-28
-17
-22
-1554
-3497
-1897
1582208
-18
-16
-15
-1555
-3520
-1924
1583233
-2
-15
-8
-1563
-3510
-1921
1584258
10
-18
-4
-1560
-3497
-1907
1585283
7
-24
-5
-1550
-3479
-1895
1586308
3
-25
-6
-1546
-3506
-1909
1587333
28
-15
-6
-1541
-3477
-1893
1588358
26
-9
-6
-1525
-3392
-1864
1589383
-33
-7
1
-1535
-3436
-1875
1590408
-36
-6
-4
-1551
-3495
-1919
1591433
2
-5
-13
-1543
-3447
-1898
1592458
-21
-6
-13
-1526
-3466
-1911
1593483
-31
-2
-11
-1552
-3501
-1918
1594508
-14
-1
-8
-1563
-3497
-1904
1595533
-13
-4
-10
-1565
-3494
-1901
1596558
-16
-7
-15
-1559
-3506
-1917
1597583
1
-10
-10
-1555
-3516
-1926
1590401
31
-9
-4
-1543
-3502
-1898
1591426
40
-6
4
-1544
-3441
-1897
1592451
6
-8
13
-1542
-3443
-1938
1593476
-3
-12
12
-1536
-3501
-1956
1594501
35
-16
3
-1525
-3489
-1913
1595526
51
-20
-6
-1526
-3433
-1890
1596551
19
-21
-4
-1515
-3457
-1909
1597576
10
-11
-4
-1515
-3518
-1893
1598601
39
-5
0
-1520
-3529
-1873
1599626
64
-4
-7
-1520
-3554
-1871
1600651
119
0
-8
-1538
-3581
-1879
1601676
166
2
-11
-1536
-3511
-1865
1602701
153
2
-7
-1546
-3560
-1871
1603726
185
1
-13
-1568
-3658
-1889
1604751
314
-4
-32
-1570
-3712
-1895
1605776
514
-9
-54
-1567
-3779
-1914
1598821
751
-19
-80
-1580
-3799
-1849
1599846
912
-50
-98
-1579
-3732
-1728
1600871
910
-91
-98
-1573
-3681
-1613
1601896
802
-131
-77
-1564
-3787
-1538
1602921
767
-152
-64
-1572
-4017
-1497
1603946
949
-162
-63
-1581
-4156
-1442
1604971
1204
-173
-71
-1579
-4079
-1349
1605996
1348
-195
-54
-1563
-3973
-1199
1607021
1353
-228
-20
-1566
-4054
-1113
1608046
1394
-246
-23
-1557
-4162
-1057
1609071
1576
-269
-27
-1548
-4201
-1034
1610096
1920
-303
-42
-1542
-4294
-1001
1611121
2455
-364
-59
-1542
-4390
-878
1612146
3055
-440
-75
-1552
-4335
-556
1613171
3565
-512
-72
-1544
-4149
-179
1614196
3774
-579
-27
-1514
-4046
89
1606784
3848
-611
-26
-1462
-4139
299
1607809
4455
-616
-68
-1431
-4464
471
1608834
6003
-636
-114
-1454
-4820
741
1609859
7865
-738
-188
-1464
-4425
918
1610884
8772
-927
-349
-1445
-3023
814
1611909
8948
-1053
-519
-1441
-2158
1117
1612934
9721
-1190
-400
-1433
-2234
1607
1613959
10927
-1393
-254
-1217
-1057
1824
1614984
10345
-1415
-154
-868
2601
2160
1616009
6181
-1195
245
-758
4902
3025
1617034
664
-912
419
-372
3250
3737
1618059
-1584
-588
383
-158
-21
5035
1619084
-280
-423
153
-247
-1007
5312
1620109
800
-313
-123
-459
931
4983
1621134
65
-174
-142
-454
1506
4793
1622159
-747
57
-91
-539
343
4701
1614975
-540
171
-86
-770
27
4653
1616000
-208
156
-124
-794
262
4454
1617025
-221
147
-108
-768
352
4235
1618050
-309
131
-46
-782
212
4180
1619075
-206
89
-1
-765
61
4204
1620100
-30
36
26
-744
182
4167
1621125
-27
-1
59
-696
310
4121
1622150
-129
-13
89
-656
287
4144
1623175
-168
-5
90
-664
261
4192
1624200
-160
5
63
-686
282
4180
1625225
-167
17
32
-712
266
4139
1626250
-177
37
15
-728
172
4155
1627275
-163
41
8
-768
79
4188
1628300
-117
26
6
-772
56
4171
1629325
-115
12
17
-753
136
4200
1630350
-199
12
40
-732
113
4235
1623168
-224
23
55
-710
41
4282
1624193
-180
24
56
-703
60
4265
1625218
-120
34
55
-687
87
4237
1626243
-139
42
53
-710
120
4285
1627268
-118
41
40
-682
13
4230
1628293
-58
52
36
-745
149
4243
1629318
-112
38
25
-723
124
4225
1630343
-132
40
18
-736
23
4213
1631368
-82
32
5
-742
25
4201
1632393
-38
26
6
-755
48
4221
1633418
-30
16
16
-768
36
4216
1634443
-51
5
17
-771
63
4236
1635468
-90
1
15
-758
50
4225
1636493
-96
4
13
-746
-25
4244
1637518
-41
12
13
-735
-58
4277
1638543
-36
26
20
-761
68
4248
1631360
-113
30
30
-747
19
4250
1632385
-129
39
21
-744
-102
4231
1633410
-40
38
2
-767
-103
4219
1634435
22
25
-7
-777
-12
4189
1635460
16
14
0
-766
-43
4202
1636485
33
8
4
-757
-99
4218
1637510
90
1
16
-777
-19
4233
1638535
86
-9
18
-766
11
4231
1639560
55
-12
20
-765
66
4228
1640585
14
-13
20
-758
13
4244
1641610
74
-18
5
-751
-135
4244
1642635
219
-13
-3
-768
-56
4242
1643660
208
-8
2
-802
174
4203
1644685
28
-2
28
-775
194
4201
1645710
-133
11
38
-776
48
4226
1646735
-70
9
19
-760
-168
4246
1639553
143
2
-4
-779
-23
4205
1640578
169
1
7
-789
192
4183
1641603
-29
7
34
-795
254
4175
1642628
-225
10
43
-773
85
4204
1643653
-235
11
28
-763
-108
4228
1644678
-82
9
7
-787
-157
4221
1645703
38
-4
5
-799
7
4208
1646728
1
-18
22
-782
80
4214
1647753
-65
-10
33
-744
6
4251
1648778
-76
3
30
-751
17
4252
1649803
-52
6
19
-743
-29
4226
1650828
22
5
6
-754
-18
4207
1651853
52
-2
3
-788
85
4213
1652878
-20
-13
7
-770
88
4227
1653903
-70
-15
12
-761
-26
4252
1654928
-9
-18
3
-761
-79
4260
1647744
64
-25
-7
-762
41
4241
1648769
30
-26
-3
-754
77
4259
1649794
-33
-21
8
-775
25
4263
1650819
-24
-23
5
-766
-41
4268
1651844
34
-24
1
-754
7
4245
1652869
49
-16
4
-758
42
4234
1653894
18
-8
7
-775
69
4237
1654919
-18
-6
0
-768
5
4220
1655944
-4
-5
-6
-765
-45
4213
1656969
42
-6
-6
-779
-61
4218
1657994
69
-8
-1
-777
10
4199
1659019
26
-8
4
-774
77
4210
1660044
-46
-8
6
-763
19
4215
1661069
-15
-5
2
-761
-61
4219
1662094
68
-5
3
-779
49
4220
1663119
33
-8
3
-769
145
4212
1655935
-56
-5
9
-762
69
4235
1656960
-53
-6
-2
-764
-52
4235
1657985
44
-10
-10
-768
-8
4234
1659010
56
-12
-4
-768
98
4228
1660035
6
-12
2
-755
64
4224
1661060
-3
-7
-8
-756
18
4224
1662085
9
-3
-9
-752
21
4237
1663110
-1
-2
0
-756
28
4237
1664135
-8
3
8
-758
46
4224
1665160
-38
6
5
-756
88
4229
1666185
-98
8
7
-748
58
4233
1667210
-125
12
9
-755
-14
4238
1668235
-90
10
8
-764
-29
4241
1669260
-69
6
7
-754
26
4239
1670285
-105
8
11
-754
10
4262
1671310
-136
12
16
-744
-35
4269
1664128
-149
23
23
-752
2
4272
1665153
-156
27
16
-744
-80
4259
1666178
-101
35
10
-767
-48
4240
1667203
-151
38
11
-778
54
4241
1668228
-298
45
23
-785
-25
4248
1669253
-313
47
10
-768
-211
4229
1670278
-134
54
-16
-787
-224
4206
1671303
-17
50
-26
-829
-41
4203
1672328
-130
42
-7
-842
20
4207
1673353
-347
47
16
-831
-22
4226
1674378
-498
49
38
-819
-235
4259
1675403
-349
39
20
-804
-657
4278
1676428
146
31
-26
-820
-549
4226
1677453
367
13
-42
-856
56
4174
1678478
64
2
-21
-810
41
4173
1679503
-139
17
-2
-792
-371
4202
1672321
30
15
-5
-809
-403
4232
1673346
164
-3
-26
-808
-172
4196
1674371
106
-7
-22
-800
-117
4165
1675396
-22
1
-2
-812
-59
4172
1676421
-210
2
16
-808
-30
4185
1677446
-420
7
39
-759
-93
4217
1678471
-616
41
64
-751
-141
4248
1679496
-884
79
80
-791
-46
4242
1680521
-1366
117
94
-759
-24
4221
1681546
-1876
197
125
-731
-464
4212
1682571
-2019
295
139
-793
-931
4198
1683596
-2071
354
139
-872
-820
4143
1684621
-2467
423
146
-901
-784
4070
1685646
-2935
517
197
-937
-1187
3955
1686671
-3150
601
246
-1017
-1511
3859
1687696
-3350
662
259
-1059
-1650
3724
1680512
-3632
733
233
-1115
-1916
3488
1681537
-3738
791
223
-1175
-2392
3212
1682562
-3765
821
196
-1276
-2482
2934
1683587
-4066
816
164
-1358
-2236
2705
1684612
-4727
797
166
-1377
-2241
2396
1685637
-5457
793
201
-1398
-2379
2060
1686662
-6763
809
296
-1509
-1734
1387
1687687
-9063
857
401
-1511
-1271
93
1688712
-10972
930
800
-1603
-2757
-1479
1689737
-10638
1059
1062
-1865
-4989
-2213
1690762
-8160
1073
911
-1861
-6288
-2412
1691787
-4564
1039
532
-1841
-6201
-2540
1692812
-1198
896
89
-1765
-4547
-2279
1693837
596
597
-168
-1551
-3322
-2016
1694862
537
376
-254
-1545
-2869
-2186
1695887
-163
260
-232
-1684
-3339
-2559
1688704
-428
205
-168
-1757
-3724
-2456
1689729
-294
151
-152
-1680
-3894
-2148
1690754
54
107
-157
-1674
-3852
-1930
1691779
305
60
-137
-1639
-3638
-1907
1692804
255
46
-93
-1619
-3436
-1930
1693829
18
53
-44
-1590
-3507
-1946
1694854
-87
60
-9
-1585
-3609
-1934
1695879
-16
53
4
-1549
-3590
-1902
1696904
118
43
4
-1529
-3507
-1884
1697929
165
30
8
-1544
-3367
-1913
1698954
79
19
12
-1553
-3383
-1955
1699979
4
10
2
-1545
-3427
-1907
1701004
-9
-3
-5
-1541
-3527
-1915
1702029
49
-8
-20
-1552
-3491
-1928
1703054
53
-15
-15
-1520
-3483
-1940
1704079
38
-15
-12
-1518
-3551
-1940
1696896
74
-15
2
-1529
-3545
-1911
1697921
58
-14
11
-1507
-3510
-1837
1698946
32
-2
18
-1501
-3548
-1826
1699971
41
14
30
-1493
-3519
-1886
1700996
34
26
44
-1505
-3509
-1883
1702021
17
29
50
-1522
-3524
-1859
1703046
11
21
40
-1523
-3534
-1858
1704071
28
13
27
-1515
-3497
-1854
1705096
26
10
25
-1527
-3482
-1893
1706121
21
12
25
-1531
-3483
-1897
1707146
6
13
28
-1534
-3481
-1925
1708171
-1
15
26
-1534
-3528
-1872
1709196
20
12
21
-1525
-3511
-1911
1710221
37
13
22
-1546
-3502
-1984
1711246
71
17
35
-1523
-3562
-1872
1712271
70
20
49
-1512
-3513
-1771
1705087
39
24
49
-1515
-3499
-1755
1706112
33
28
46
-1526
-3516
-1804
1707137
44
29
33
-1522
-3517
-1833
1708162
47
27
22
-1519
-3502
-1848
1709187
31
19
16
-1515
-3519
-1861
1710212
47
12
10
-1522
-3544
-1856
1711237
74
6
-2
-1535
-3479
-1860
1712262
66
1
-6
-1545
-3495
-1859
1713287
30
-2
-11
-1546
-3485
-1847
1714312
-3
-6
-11
-1548
-3524
-1836
1715337
9
-6
-5
-1559
-3534
-1833
1716362
36
-5
1
-1547
-3502
-1820
1717387
24
-6
10
-1552
-3466
-1845
1718412
-7
-6
12
-1548
-3490
-1816
1719437
-4
-4
13
-1539
-3471
-1819
1720462
-2
7
18
-1540
-3462
-1844
1713280
-5
18
22
-1543
-3492
-1865
1714305
-8
21
28
-1537
-3527
-1842
1715330
-20
20
30
-1531
-3544
-1738
1716355
-37
17
24
-1524
-3514
-1758
1717380
-11
20
24
-1530
-3529
-1843
1718405
12
21
25
-1538
-3498
-1859
1719430
11
17
17
-1532
-3489
-1830
1720455
1
13
14
-1534
-3460
-1813
1721480
-17
13
17
-1524
-3459
-1855
1722505
-24
16
23
-1534
-3454
-1873
1723530
-64
13
20
-1528
-3461
-1873
1724555
-68
10
13
-1537
-3526
-1891
1725580
-19
5
4
-1520
-3535
-1868
1726605
17
-3
6
-1528
-3522
-1861
1727630
-3
-7
11
-1531
-3481
-1852
1728655
-47
-7
13
-1533
-3524
-1830
1721472
-40
-3
11
-1546
-3549
-1832
1722497
6
2
6
-1541
-3538
-1854
1723522
22
5
4
-1545
-3528
-1865
1724547
5
0
5
-1539
-3549
-1854
1725572
-5
-3
7
-1529
-3539
-1854
1726597
1
-6
16
-1534
-3550
-1846
1727622
27
-2
21
-1546
-3516
-1844
1728647
27
0
20
-1548
-3495
-1845
1729672
11
3
17
-1554
-3484
-1848
1730697
-7
4
14
-1545
-3494
-1857
1731722
-8
0
12
-1547
-3507
-1854
1732747
-6
-6
7
-1550
-3504
-1865
1733772
9
-6
4
-1564
-3512
-1856
1734797
20
-3
-1
-1571
-3486
-1836
1735822
12
5
0
-1569
-3489
-1861
1736847
10
9
6
-1572
-3515
-1867
1729664
2
2
8
-1555
-3510
-1835
1730689
-1
-9
17
-1541
-3490
-1842
1731714
1
-15
25
-1546
-3486
-1884
1732739
7
-17
26
-1545
-3470
-1876
1733764
-3
-19
27
-1532
-3440
-1848
1734789
-35
-20
21
-1534
-3448
-1848
1735814
-27
-15
8
-1530
-3489
-1835
1736839
-2
-8
-3
-1534
-3479
-1821
1737864
-11
-2
-1
-1529
-3495
-1835
1738889
-32
2
2
-1524
-3502
-1837
1739914
-41
6
-2
-1533
-3546
-1824
1740939
-15
8
-4
-1534
-3539
-1832
1741964
5
12
0
-1540
-3517
-1835
1742989
-12
17
7
-1550
-3492
-1855
1744014
-30
22
9
-1554
-3507
-1857
1745039
-22
20
11
-1565
-3504
-1883
1737858
-18
15
9
-1569
-3498
-1861
1738883
-15
15
8
-1568
-3491
-1880
1739908
-9
17
16
-1572
-3476
-1881
1740933
-39
13
19
-1569
-3486
-1884
1741958
-38
1
17
-1573
-3525
-1908
1742983
4
-9
8
-1568
-3500
-1863
1744008
9
-12
8
-1557
-3461
-1845
1745033
-19
-5
8
-1556
-3468
-1847
1746058
-27
3
11
-1554
-3473
-1859
1747083
-39
3
10
-1546
-3472
-1888
1748108
-47
-4
6
-1546
-3503
-1893
1749133
-28
-11
0
-1552
-3497
-1909
1750158
-13
-9
4
-1548
-3459
-1893
1751183
-38
-3
9
-1551
-3473
-1867
1752208
-51
5
9
-1558
-3512
-1873
1753233
-19
11
7
-1534
-3494
-1899
1746048
0
11
7
-1531
-3473
-1925
1747073
-4
10
6
-1535
-3481
-1929
1748098
-23
3
2
-1527
-3468
-1915
1749123
-41
-2
1
-1537
-3511
-1916
1750148
-2
1
-3
-1548
-3514
-1919
1751173
29
3
-9
-1548
-3485
-1921
1752198
41
1
-15
-1550
-3506
-1910
1753223
82
-7
-13
-1554
-3540
-1923
1754248
176
-14
-7
-1559
-3544
-1954
1755273
282
-20
-23
-1552
-3515
-1921
1756298
257
-37
-26
-1534
-3379
-1807
1757323
97
-55
-10
-1555
-3394
-1818
1758348
-24
-49
-7
-1561
-3463
-1836
1759373
-31
-31
-7
-1565
-3528
-1828
1760398
16
-22
-3
-1565
-3534
-1794
1761423
39
-20
-5
-1565
-3540
-1776
1754240
52
-18
-8
-1548
-3560
-1794
1755265
66
-14
-9
-1540
-3561
-1787
1756290
62
-12
-11
-1538
-3596
-1797
1757315
110
-10
-17
-1555
-3667
-1837
1758340
301
-17
-29
-1548
-3799
-1938
1759365
644
-38
-49
-1558
-3837
-1917
1760390
813
-89
-41
-1559
-3619
-1753
1761415
561
-144
-10
-1572
-3507
-1653
1762440
218
-160
17
-1588
-3701
-1633
1763465
139
-143
25
-1621
-3869
-1618
1764490
268
-126
22
-1603
-3854
-1548
1765515
429
-114
15
-1597
-3855
-1478
1766540
529
-110
9
-1589
-3778
-1417
1767565
453
-114
16
-1583
-3740
-1446
1768590
359
-119
28
-1601
-3913
-1463
1769615
474
-128
15
-1615
-4036
-1467
1762432
750
-149
-4
-1606
-4038
-1461
1763457
1052
-190
-16
-1604
-4064
-1481
1764482
1410
-245
-34
-1626
-4139
-1520
1765507
1850
-324
-64
-1648
-4189
-1486
1766532
2313
-425
-95
-1690
-4178
-1248
1767557
2577
-532
-90
-1716
-4019
-856
1768582
2472
-613
-63
-1701
-3892
-481
1769607
2259
-645
-15
-1682
-4053
-179
1770632
2280
-633
16
-1665
-4196
81
1771657
2462
-609
42
-1646
-4160
256
1772682
2577
-588
70
-1618
-4086
455
1773707
2760
-583
57
-1579
-4104
643
1774732
3187
-596
23
-1556
-4204
643
1775757
4222
-637
-66
-1531
-4719
391
1776782
6511
-691
-234
-1479
-5377
551
1777807
9561
-795
-437
-1515
-4791
298
1770623
12625
-1012
-615
-1570
-3785
41
1771648
14762
-1278
-509
-1457
-2148
213
1772673
14206
-1430
-38
-1134
2364
579
1773698
9554
-1219
709
-1303
5614
2310
1774723
2381
-1143
992
-1094
3776
2509
1775748
-1638
-994
619
-59
1376
3530
1776773
-900
-671
527
-11
-59
4995
1777798
399
-499
217
-476
1030
5048
1778823
258
-472
-56
-460
1933
4845
1779848
-424
-259
-155
-481
1213
4898
1780873
-590
-60
-193
-661
497
4934
1781898
-381
40
-223
-758
238
4738
1782923
-136
99
-224
-823
342
4483
1783948
-4
120
-170
-920
556
4349
1784973
-28
91
-100
-975
540
4245
1785998
-32
32
-35
-901
379
4139
1778816
58
-27
35
-824
429
4112
1779841
159
-71
78
-739
512
4087
1780866
203
-89
93
-722
676
4060
1781891
145
-92
94
-687
721
4100
1782916
54
-78
82
-687
683
4081
1783941
24
-51
52
-699
602
4081
1784966
-4
-32
21
-728
643
4102
1785991
-81
-19
0
-725
522
4116
1787016
-80
-6
3
-714
382
4135
1788041
-19
3
16
-740
435
4155
1789066
-23
0
28
-739
522
4142
1790091
-58
-2
44
-718
543
4211
1791116
-92
-1
46
-704
580
4181
1792141
-117
6
35
-702
600
4209
1793166
-110
5
10
-688
503
4171
1794191
-14
2
-2
-710
588
4180
1787008
-50
-10
-5
-713
712
4159
1788033
-147
-7
-2
-705
546
4201
1789058
-155
-5
-8
-712
488
4217
1790083
-121
3
-18
-704
418
4198
1791108
-87
19
-10
-711
479
4167
1792133
-152
34
16
-752
535
4168
1793158
-251
33
21
-743
420
4141
1794183
-237
31
14
-732
319
4147
1795208
-166
31
14
-741
323
4170
1796233
-130
29
28
-742
368
4159
1797258
-175
33
40
-738
452
4184
1798283
-296
36
46
-721
414
4218
1799308
-316
44
38
-712
228
4214
1800333
-144
45
22
-716
192
4221
1801358
-22
39
4
-730
393
4198
1802383
-92
42
-12
-730
385
4183
1795199
-146
48
-22
-730
275
4196
1796224
-133
47
-24
-765
335
4207
1797249
-186
43
-19
-761
348
4212
1798274
-254
46
-6
-748
247
4196
1799299
-212
53
0
-777
164
4243
1800324
-99
41
-8
-779
121
4276
1801349
11
33
-4
-783
226
4245
1802374
6
26
8
-806
318
4232
1803399
-53
21
11
-783
194
4221
1804424
-18
22
19
-799
187
4227
1805449
9
14
24
-796
219
4221
1806474
16
13
26
-780
177
4210
1807499
49
12
27
-800
230
4196
1808524
29
4
21
-784
283
4188
1809549
-12
3
27
-765
214
4205
1810574
-2
5
25
-773
200
4175
1803393
27
6
15
-761
235
4169
1804418
-4
9
9
-777
271
4176
1805443
-49
9
4
-784
233
4167
1806468
-63
4
6
-788
213
4179
1807493
-41
-3
5
-785
175
4194
1808518
-1
-9
-6
-780
217
4204
1809543
-12
-13
-14
-786
275
4198
1810568
-68
-13
-6
-797
234
4228
1811593
-72
-11
4
-803
170
4247
1812618
-23
-12
1
-798
196
4253
1813643
-7
-9
-5
-784
226
4240
1814668
-7
1
-10
-786
183
4221
1815693
-3
11
-5
-800
224
4215
1816718
-43
13
2
-799
216
4216
1817743
-54
16
0
-793
142
4199
1818768
-16
15
-9
-804
165
4184
1811766
-3
7
-15
-796
207
4190
1812791
-27
3
-10
-795
195
4198
1813816
-37
0
-7
-783
155
4201
1814841
-28
2
-6
-773
165
4202
1815866
-26
5
3
-794
182
4210
1816891
-26
2
7
-807
192
4212
1817916
-13
-2
0
-797
183
4228
1818941
-11
-2
-7
-792
197
4222
1819966
-23
6
-11
-777
162
4230
1820991
-25
14
-10
-807
175
4205
1822016
-38
15
-11
-808
174
4215
1823041
-62
16
-8
-809
128
4222
1824066
-52
13
-6
-820
109
4201
1825091
-22
6
-4
-809
144
4200
1826116
-42
9
4
-805
184
4220
1827141
-79
13
4
-808
131
4217
1819775
-59
10
-3
-820
108
4204
1820800
-26
6
-3
-821
147
4233
1821825
-24
0
2
-813
130
4239
1822850
-5
5
-1
-816
139
4215
1823875
-7
10
-9
-812
188
4210
1824900
-44
14
-11
-803
153
4212
1825925
-60
14
-6
-816
110
4222
1826950
-16
10
-3
-820
73
4219
1827975
25
7
-6
-829
152
4213
1829000
-3
4
-12
-834
131
4205
1830025
-6
3
-11
-822
92
4215
1831050
-5
0
-5
-809
140
4204
1832075
-35
-1
0
-814
129
4197
1833100
-30
4
1
-827
97
4216
1834125
-6
3
-3
-832
123
4228
1835150
-23
-2
-3
-825
150
4217
1827968
-45
3
1
-810
97
4209
1828993
-24
12
3
-825
74
4206
1830018
1
15
2
-837
105
4214
1831043
-18
15
-2
-838
142
4193
1832068
-34
15
-3
-834
68
4185
1833093
0
14
-10
-833
78
4185
1834118
2
5
-10
-839
135
4187
1835143
-40
-1
-1
-831
124
4193
1836168
-56
-1
6
-835
103
4226
1837193
-37
-6
2
-827
131
4230
1838218
-31
-8
-2
-828
146
4232
1839243
-32
-8
-4
-823
94
4230
1840268
-2
-3
-4
-844
76
4234
1841293
27
-5
-6
-850
87
4223
1842318
39
-9
-7
-846
93
4226
1843343
62
-7
-5
-841
52
4237
1836160
77
-3
3
-864
128
4213
1837185
40
-3
10
-854
158
4207
1838210
4
1
14
-834
113
4233
1839235
8
3
15
-830
97
4218
1840260
21
4
13
-815
117
4186
1841285
16
12
12
-817
139
4189
1842310
16
11
9
-827
82
4187
1843335
23
5
9
-840
143
4173
1844360
-23
0
17
-842
137
4175
1845385
-27
-8
17
-828
51
4202
1846410
31
-12
12
-832
104
4228
1847435
10
-15
11
-834
195
4207
1848460
-44
-9
14
-804
127
4211
1849485
-37
1
16
-834
121
4219
1850510
-26
0
9
-838
129
4216
1851535
-22
-1
6
-847
113
4218
1844352
-31
-2
5
-862
214
4214
1845377
-136
-6
15
-856
251
4249
1846402
-247
-6
34
-829
84
4268
1847427
-205
3
45
-819
1
4286
1848452
-180
10
55
-863
192
4300
1849477
-356
11
68
-853
235
4271
1850502
-581
28
92
-824
146
4282
1851527
-742
53
112
-823
-78
4318
1852552
-632
77
95
-833
-414
4282
1853577
-312
89
57
-873
-250
4212
1854602
-233
83
32
-867
-26
4199
1855627
-383
88
39
-854
-142
4199
1856652
-403
87
44
-868
-473
4202
1857677
-93
74
15
-890
-589
4172
1858702
207
39
-23
-920
-243
4096
1859727
153
13
-23
-894
-63
4083
1852544
-31
2
-1
-875
-211
4146
1853569
-54
-20
7
-870
-382
4179
1854594
90
-31
-10
-845
-360
4175
1855619
114
-22
-10
-865
-73
4168
1856644
-58
-12
5
-861
-141
4199
1857669
-146
-3
10
-870
-273
4212
1858694
-102
-8
0
-870
-325
4228
1859719
-25
-2
-7
-858
-266
4215
1860744
-33
12
-5
-883
-127
4215
1861769
-155
23
-9
-882
-145
4214
1862794
-277
36
-2
-895
-165
4209
1863819
-377
42
5
-891
-231
4197
1864844
-433
58
6
-879
-286
4191
1865869
-494
75
3
-895
-256
4191
1866894
-674
91
11
-907
-180
4178
1867919
-1033
112
33
-898
-179
4177
1860735
-1382
158
50
-883
-479
4170
1861760
-1514
206
58
-909
-707
4132
1862785
-1622
237
51
-935
-671
4101
1863810
-1828
276
46
-931
-1011
4081
1864835
-1758
312
54
-982
-1478
4064
1865860
-1568
318
30
-1065
-1323
3981
1866885
-1679
322
27
-1080
-1154
3890
1867910
-1942
353
62
-1065
-1467
3861
1868935
-2044
381
76
-1120
-1811
3800
1869960
-2023
378
60
-1155
-1935
3695
1870985
-1973
387
37
-1152
-2030
3620
1872010
-1926
414
28
-1194
-2088
3558
1873035
-2023
422
19
-1246
-2021
3408
1874060
-2268
430
25
-1249
-2235
3252
1875085
-2474
462
37
-1239
-2601
3128
1876110
-2740
507
27
-1284
-2405
3021
1868928
-3688
570
74
-1290
-1733
2739
1869953
-5305
717
182
-1297
-1658
2170
1870978
-6703
868
360
-1449
-2442
1290
1872003
-7627
938
551
-1634
-3198
433
1873028
-8757
979
607
-1751
-3182
-453
1874053
-9417
1008
672
-1864
-3310
-978
1875078
-8778
894
888
-1794
-4691
-1545
1876103
-6713
846
881
-1795
-5960
-2236
1877128
-3784
865
508
-1870
-5706
-2310
1878153
-1072
737
129
-1790
-4462
-2130
1879178
433
483
-113
-1667
-3460
-2181
1880203
538
286
-191
-1686
-2900
-2221
1881228
-79
170
-179
-1702
-3158
-2200
1882253
-291
142
-143
-1762
-3779
-2067
1883278
6
128
-134
-1742
-3769
-1824
1884303
158
92
-119
-1674
-3488
-1798
1877120
75
84
-93
-1671
-3465
-1842
1878145
19
94
-78
-1656
-3580
-1872
1879170
52
97
-59
-1636
-3638
-1886
1880195
122
82
-41
-1628
-3591
-1790
1881220
132
57
-30
-1612
-3532
-1781
1882245
110
46
-29
-1622
-3506
-1832
1883270
84
46
-30
-1638
-3511
-1829
1884295
68
40
-42
-1635
-3533
-1814
1885320
85
28
-46
-1634
-3559
-1806
1886345
97
16
-41
-1620
-3575
-1820
1887370
91
8
-32
-1609
-3598
-1845
1888395
67
0
-22
-1613
-3575
-1829
1889420
45
-11
-16
-1606
-3585
-1791
1890445
70
-20
-8
-1605
-3606
-1793
1891470
119
-24
-6
-1608
-3613
-1773
1892495
124
-27
-1
-1582
-3549
-1737
1885312
77
-29
6
-1576
-3548
-1720
1886337
51
-31
15
-1573
-3558
-1744
1887362
60
-30
17
-1581
-3597
-1708
1888387
85
-28
11
-1577
-3588
-1673
1889412
105
-22
11
-1580
-3549
-1692
1890437
72
-14
10
-1572
-3528
-1703
1891462
38
-11
14
-1577
-3582
-1728
1892487
61
-10
13
-1576
-3584
-1706
1893512
77
-16
11
-1569
-3533
-1695
1894537
47
-22
19
-1585
-3527
-1696
1895562
5
-25
20
-1586
-3556
-1715
1896587
10
-19
10
-1596
-3584
-1717
1897612
54
-11
1
-1594
-3579
-1688
1898637
88
-10
-3
-1584
-3547
-1644
1899662
87
-16
-8
-1582
-3555
-1668
1900687
92
-24
-10
-1584
-3590
-1673
1893504
99
-30
-15
-1597
-3556
-1659
1894529
80
-24
-15
-1601
-3580
-1646
1895554
88
-20
-13
-1585
-3604
-1610
1896579
91
-18
-2
-1590
-3575
-1602
1897604
51
-18
2
-1582
-3586
-1621
1898629
29
-15
3
-1593
-3614
-1635
1899654
40
-10
8
-1587
-3619
-1637
1900679
29
-4
12
-1581
-3622
-1619
1901704
34
-4
7
-1584
-3653
-1597
1902729
64
-12
2
-1576
-3627
-1597
1903754
34
-17
9
-1579
-3590
-1607
1904779
-15
-12
13
-1580
-3636
-1608
1905804
7
-2
9
-1589
-3661
-1587
1906829
44
1
5
-1591
-3645
-1606
1907854
84
0
4
-1589
-3637
-1600
1908879
84
-5
3
-1590
-3570
-1573
1901696
3
-8
8
-1585
-3556
-1594
1902721
-55
-3
15
-1602
-3636
-1597
1903746
-13
0
11
-1605
-3681
-1584
1904771
62
-1
2
-1608
-3650
-1554
1905796
93
-3
-2
-1607
-3588
-1546
1906821
25
-3
9
-1609
-3532
-1567
1907846
-91
1
11
-1602
-3602
-1589
1908871
-82
1
16
-1627
-3719
-1619
1909896
13
-7
6
-1607
-3650
-1594
1910921
29
-11
4
-1598
-3577
-1596
1911946
-10
-9
6
-1605
-3611
-1618
1912971
-32
-9
9
-1610
-3613
-1609
1913996
-38
-15
9
-1605
-3648
-1597
1915021
5
-23
3
-1595
-3667
-1594
1916046
63
-23
0
-1591
-3588
-1587
1917071
48
-16
5
-1586
-3543
-1556
1909887
-19
-7
9
-1586
-3553
-1557
1910912
-61
-1
6
-1576
-3600
-1558
1911937
-30
5
0
-1574
-3633
-1617
1912962
14
11
-2
-1578
-3616
-1614
1913987
15
7
-4
-1579
-3586
-1617
1915012
-25
2
-1
-1590
-3604
-1604
1916037
-67
-6
-4
-1585
-3665
-1585
1917062
-29
-7
-7
-1600
-3703
-1581
1918087
31
-3
-4
-1598
-3646
-1568
1919112
14
0
5
-1605
-3603
-1601
1920137
-27
8
9
-1609
-3637
-1611
1921162
-12
9
6
-1614
-3660
-1606
1922187
26
2
2
-1603
-3648
-1624
1923212
61
-2
-2
-1614
-3619
-1602
1924237
53
-7
-2
-1611
-3548
-1580
1925262
-23
-12
3
-1602
-3583
-1593
1918080
-44
-10
1
-1604
-3658
-1603
1919105
7
-10
-1
-1600
-3650
-1604
1920130
38
-11
-1
-1598
-3611
-1571
1921155
16
-18
1
-1599
-3573
-1571
1922180
-11
-15
8
-1592
-3608
-1614
1923205
-11
-7
7
-1578
-3608
-1586
1924230
-13
-2
9
-1574
-3595
-1584
1925255
-14
2
6
-1574
-3594
-1589
1926280
-17
1
6
-1589
-3587
-1594
1927305
-30
-1
1
-1589
-3599
-1588
1928330
-33
-3
0
-1589
-3602
-1589
1929355
-36
-1
2
-1590
-3609
-1571
1930380
-38
5
3
-1585
-3610
-1564
1931405
-12
14
1
-1601
-3657
-1566
1932430
24
20
-5
-1599
-3633
-1566
1933455
-3
21
-6
-1582
-3614
-1589
1926272
-32
20
-11
-1597
-3702
-1630
1927297
16
21
-17
-1603
-3718
-1638
1928322
62
16
-19
-1597
-3694
-1605
1929347
59
8
-14
-1604
-3680
-1620
1930372
57
4
-10
-1599
-3706
-1624
1931397
101
-3
-6
-1604
-3745
-1628
1932422
143
-16
2
-1586
-3695
-1612
1933447
152
-25
7
-1590
-3757
-1624
1934472
260
-32
7
-1599
-3854
-1660
1935497
499
-52
-11
-1622
-3902
-1622
1936522
756
-84
-43
-1624
-3932
-1583
1937547
1042
-112
-78
-1604
-4031
-1502
1938572
1328
-135
-102
-1608
-3988
-1362
1939597
1474
-167
-105
-1601
-3901
-1217
1940622
1504
-204
-104
-1582
-3975
-1056
1941647
1527
-219
-109
-1600
-4019
-930
1934464
1550
-228
-105
-1607
-4009
-802
1935489
1566
-234
-104
-1580
-4049
-668
1936514
1611
-236
-94
-1581
-4085
-559
1937539
1680
-242
-85
-1593
-4092
-469
1938564
1740
-251
-77
-1571
-4090
-285
1939589
1750
-268
-71
-1559
-4077
-127
1940614
1764
-291
-66
-1564
-4085
18
1941639
1773
-319
-73
-1575
-4055
122
1942664
1796
-350
-72
-1557
-4089
245
1943689
1918
-366
-67
-1523
-4153
464
1944714
2104
-383
-75
-1510
-4085
664
1945739
2235
-404
-66
-1492
-3982
772
1946764
2348
-418
-54
-1476
-4004
862
1947789
2788
-444
-68
-1466
-4327
815
1948814
4392
-538
-206
-1477
-5288
501
1949839
8275
-674
-514
-1531
-6462
308
1942656
14239
-936
-772
-1386
-6042
322
1943681
18245
-1494
-248
-928
-2241
152
1944706
15265
-1523
488
-1496
3922
631
1945731
7475
-1360
990
-2019
5724
1647
1946756
406
-1271
501
-184
3797
2527
1947781
-1267
-597
344
333
824
4760
1948806
519
-451
553
-556
-1369
5000
1949831
1641
-573
32
-451
1347
4419
1950856
966
-415
-90
-371
2417
4495
1951881
-42
-117
-43
-486
1129
4747
1952906
-331
5
23
-589
582
4711
1953931
-301
78
-38
-654
293
4468
1954956
93
122
-49
-695
361
4268
1955981
296
106
-1
-851
1064
4112
1957006
9
69
33
-814
870
4117
1958031
-55
36
76
-719
425
4067
1950920
172
-15
137
-708
666
4022
1951945
275
-70
174
-632
857
4017
1952970
224
-79
194
-602
1098
4031
1953995
25
-66
194
-593
1130
4101
1955020
-108
-47
172
-567
927
4101
1956045
-55
-28
132
-589
914
4085
1957070
3
-16
84
-605
950
4073
1958095
10
-4
45
-629
931
4075
1959120
-26
1
16
-637
923
4084
1960145
-91
3
6
-628
864
4107
1961170
-90
7
4
-626
787
4141
1962195
-44
7
-9
-603
817
4113
1963220
-44
17
-17
-605
851
4126
1964245
-80
20
-8
-615
813
4121
1965270
-63
17
1
-612
784
4126
1966295
-14
12
2
-620
833
4116
1959040
-13
11
-3
-640
913
4089
1960065
-76
5
-3
-641
928
4094
1961090
-136
-1
-9
-629
824
4130
1962115
-100
-3
-15
-626
729
4140
1963140
-38
2
-21
-641
801
4143
1964165
-79
9
-26
-647
856
4116
1965190
-147
14
-27
-646
778
4128
1966215
-117
10
-23
-634
680
4164
1967240
-37
10
-21
-643
729
4123
1968265
-17
14
-20
-662
796
4115
1969290
-76
12
-15
-670
827
4116
1970315
-147
4
-10
-661
765
4144
1971340
-146
-4
-10
-642
666
4177
1972365
-80
-1
-12
-626
679
4177
1973390
-62
8
-18
-645
734
4149
1974415
-96
18
-17
-661
750
4128
1967232
-141
18
-8
-677
745
4153
1968257
-166
14
-6
-652
637
4185
1969282
-89
20
-10
-650
583
4193
1970307
-13
22
-14
-668
690
4157
1971332
-43
23
-11
-675
718
4137
1972357
-79
19
-1
-680
672
4141
1973382
-82
11
-2
-676
671
4153
1974407
-94
8
-5
-662
654
4163
1975432
-101
8
-3
-673
617
4177
1976457
-79
3
-4
-664
608
4165
1977482
-57
-1
-2
-666
637
4147
1978507
-58
-1
1
-664
631
4160
1979532
-54
-2
3
-667
649
4177
1980557
-64
-2
-2
-654
629
4189
1981582
-59
4
2
-664
627
4192
1982607
-68
8
5
-685
622
4192
1975425
-77
8
1
-685
595
4169
1976450
-65
6
-2
-691
591
4161
1977475
-43
4
-4
-675
553
4187
1978500
-28
7
0
-684
593
4183
1979525
-63
15
3
-692
636
4165
1980550
-111
20
5
-685
564
4168
1981575
-94
21
8
-686
495
4186
1982600
-45
19
10
-683
533
4167
1983625
-30
17
10
-682
591
4143
1984650
-69
18
11
-693
629
4158
1985675
-110
18
11
-680
536
4163
1986700
-69
13
9
-682
458
4194
1987725
45
5
3
-682
466
4175
1988750
87
-2
3
-683
629
4161
1989775
-13
-5
8
-676
636
4165
1990800
-74
0
14
-660
504
4184
1983617
-39
5
10
-684
535
4174
1984642
-25
2
0
-686
532
4182
1985667
-1
-2
-3
-682
478
4170
1986692
29
-6
-1
-692
543
4186
1987717
-10
-9
4
-681
579
4180
1988742
-45
-2
9
-680
532
4173
1989767
-34
-3
5
-695
515
4177
1990792
7
-11
-2
-687
504
4185
1991817
33
-12
1
-693
566
4217
1992842
-6
-7
11
-698
571
4205
1993867
-49
1
16
-695
535
4203
1994892
-17
6
9
-700
455
4199
1995917
56
2
4
-691
521
4194
1996942
48
2
3
-697
561
4165
1997967
-10
11
8
-699
567
4152
1998992
-61
15
10
-718
512
4158
1991809
-22
5
8
-704
436
4145
1992834
28
-3
14
-709
616
4131
1993859
-50
-6
15
-689
622
4162
1994884
-92
-2
8
-684
525
4166
1995909
-55
-7
-5
-689
492
4171
1996934
-36
-8
-2
-684
528
4180
1997959
-75
1
9
-697
546
4201
1998984
-122
5
8
-698
535
4162
2000009
-182
12
10
-701
590
4190
2001034
-305
21
30
-711
522
4230
2002059
-369
22
35
-696
395
4230
2003084
-386
30
32
-695
484
4198
2004109
-545
45
36
-676
595
4218
2005134
-856
71
59
-661
538
4268
2006159
-1124
94
77
-657
276
4324
2007184
-1090
107
80
-661
-160
4312
2000000
-721
109
57
-703
-302
4248
2001025
-398
105
31
-759
21
4246
2002050
-460
83
31
-762
204
4231
2003075
-737
83
48
-731
131
4207
2004100
-1008
110
64
-733
-15
4193
2005125
-1098
135
73
-729
-336
4213
2006150
-947
156
43
-762
-570
4212
2007175
-679
158
3
-810
-510
4176
2008200
-565
153
-14
-822
-327
4144
2009225
-742
155
-5
-822
-165
4139
2010250
-1270
182
31
-788
-50
4137
2011275
-1927
263
76
-760
-504
4119
2012300
-2071
353
125
-816
-1274
4124
2013325
-1741
387
82
-915
-1412
4105
2014350
-1547
379
38
-965
-1114
4070
2015375
-1812
387
71
-991
-912
3991
2008192
-2433
426
129
-993
-995
3882
2009217
-3006
498
202
-1009
-1377
3754
2010242
-3236
578
236
-1112
-1944
3675
2011267
-3128
592
197
-1222
-2342
3615
2012292
-3285
556
164
-1223
-2052
3371
2013317
-4201
583
192
-1203
-1711
2894
2014342
-5188
693
356
-1263
-2551
2427
2015367
-5599
746
477
-1427
-3463
1954
2016392
-5682
727
391
-1521
-3302
1650
2017417
-6130
661
385
-1519
-2808
1128
2018442
-6959
654
473
-1547
-2513
515
2019467
-8193
676
676
-1630
-2045
-437
2020492
-9332
734
924
-1684
-2385
-1489
2021517
-9387
813
1267
-1880
-4253
-2419
2022542
-7384
904
1022
-2099
-5926
-3177
2023567
-3200
914
577
-1971
-6254
-2709
2016384
134
648
157
-1842
-3635
-2039
2017409
395
295
-201
-1648
-2307
-1958
2018434
-289
180
-213
-1845
-3478
-2539
2019459
-267
189
-181
-1890
-3700
-2589
2020484
-209
159
-120
-1713
-3548
-2220
2021509
-195
115
-54
-1729
-3673
-2170
2022534
-93
70
-42
-1710
-3430
-2294
2023559
-115
42
-33
-1659
-3343
-2393
2024584
-120
38
-23
-1647
-3469
-2311
2025609
-61
28
-15
-1583
-3486
-2141
2026634
-28
18
-7
-1556
-3395
-2073
2027659
-35
16
13
-1577
-3271
-2185
2028684
-87
20
42
-1587
-3285
-2330
2029709
-81
31
50
-1617
-3353
-2275
2030734
-36
27
56
-1626
-3305
-2156
2031759
-54
18
42
-1605
-3252
-2035
2024711
-47
22
48
-1617
-3310
-2112
2025736
2
34
72
-1654
-3309
-2199
2026761
11
44
91
-1683
-3232
-2151
2027786
-23
56
105
-1705
-3164
-2053
2028811
-46
71
122
-1705
-3198
-2054
2029836
-22
93
135
-1712
-3249
-2086
2030861
-11
112
140
-1695
-3234
-2131
2031886
-4
124
147
-1708
-3196
-2223
2032911
-7
124
142
-1707
-3120
-2246
2033936
-25
111
148
-1694
-3198
-2261
2034961
9
95
130
-1672
-3251
-2252
2035986
74
72
96
-1680
-3247
-2302
2037011
92
46
47
-1671
-3180
-2237
2038036
44
27
0
-1681
-3103
-2204
2039061
-8
3
1
-1679
-3133
-2273
2040086
-24
7
28
-1704
-3232
-2330
2032768
36
18
55
-1757
-3305
-2310
2033793
54
14
70
-1767
-3196
-2243
2034818
8
19
90
-1770
-3249
-2222
2035843
32
23
117
-1789
-3274
-2196
2036868
47
15
130
-1787
-3285
-2214
2037893
51
1
138
-1798
-3326
-2241
2038918
88
-12
141
-1804
-3303
-2202
2039943
108
-24
141
-1775
-3272
-2222
2040968
114
-17
138
-1781
-3232
-2247
2041993
109
6
136
-1766
-3160
-2251
2043018
104
23
142
-1751
-3207
-2140
2044043
90
17
136
-1728
-3160
-2079
2045068
53
13
117
-1739
-3120
-2121
2046093
54
21
98
-1771
-3155
-2150
2047118
93
34
76
-1798
-3129
-2164
2048143
80
38
58
-1800
-3121
-2131
2040960
13
40
50
-1790
-3100
-2048
2041985
-1
41
47
-1780
-3171
-2059
2043010
24
37
46
-1828
-3133
-2216
2044035
-10
41
39
-1849
-3093
-2290
2045060
-45
48
45
-1852
-3126
-2207
2046085
-62
46
54
-1836
-3183
-2122
2047110
-20
35
56
-1835
-3207
-2150
2048135
33
33
49
-1836
-3114
-2193
2049160
27
44
47
-1839
-3126
-2184
2050185
34
61
28
-1871
-3200
-2210
2051210
131
84
14
-1836
-3112
-2092
2052235
161
114
34
-1762
-3031
-1940
2053260
27
151
48
-1739
-2998
-2014
2054285
-76
180
50
-1805
-3147
-2212
2055310
-35
186
28
-1804
-3211
-2217
2056335
-19
185
19
-1779
-3183
-2229
2049152
-12
185
37
-1751
-3194
-2137
2050177
-10
179
59
-1762
-3195
-2189
2051202
-12
162
56
-1815
-3222
-2266
2052227
-28
128
49
-1787
-3264
-2242
2053252
1
104
55
-1804
-3217
-2215
2054277
2
85
57
-1784
-3211
-2244
2055302
4
76
80
-1800
-3203
-2260
2056327
-27
63
74
-1782
-3147
-2299
2057352
3
53
69
-1798
-3220
-2273
2058377
50
42
64
-1755
-3207
-2261
2059402
37
37
73
-1734
-3159
-2259
2060427
5
32
75
-1719
-3135
-2226
2061452
4
33
64
-1742
-3165
-2154
2062477
17
25
36
-1725
-3133
-2134
2063502
21
24
13
-1728
-3058
-2154
2064527
-3
36
0
-1708
-3076
-2176
2057343
-27
64
-8
-1730
-3065
-2169
2058368
-30
84
-21
-1731
-3118
-2151
2059393
-8
94
-31
-1757
-3133
-2220
2060418
-24
99
-42
-1775
-3068
-2276
2061443
-82
92
-45
-1766
-3167
-2346
2062468
-82
80
-42
-1759
-3251
-2335
2063493
-26
52
-30
-1750
-3229
-2339
2064518
6
25
-12
-1756
-3173
-2359
2065543
1
9
3
-1740
-3184
-2350
2066568
-11
9
16
-1718
-3180
-2272
2067593
-15
11
29
-1689
-3158
-2245
2068618
-23
6
35
-1669
-3144
-2261
2069643
-19
0
25
-1664
-3149
-2300
2070668
-2
1
12
-1688
-3104
-2277
2071693
-31
3
-8
-1675
-3109
-2268
2072718
-28
8
-30
-1699
-3196
-2266
2065536
24
-2
-58
-1691
-3137
-2271
2066561
51
-7
-66
-1678
-3176
-2303
2067586
90
1
-56
-1669
-3174
-2245
2068611
57
19
-37
-1677
-3084
-2109
2069636
-53
36
-35
-1685
-3132
-2155
2070661
-38
38
-22
-1726
-3206
-2299
2071686
6
37
-27
-1716
-3168
-2343
2072711
12
53
-22
-1734
-3178
-2283
2073736
14
58
-8
-1704
-3169
-2241
2074761
-5
61
7
-1722
-3157
-2290
2075786
-18
63
12
-1732
-3125
-2350
2076811
-37
60
17
-1706
-3160
-2308
2077836
0
59
19
-1687
-3215
-2268
2078861
36
59
8
-1676
-3152
-2247
2079886
-8
63
-6
-1690
-3088
-2236
2080911
-92
66
-32
-1680
-3060
-2239
2073728
-124
63
-45
-1662
-3151
-2380
2074753
-60
54
-57
-1686
-3219
-2425
2075778
13
45
-57
-1689
-3166
-2386
2076803
2
42
-47
-1691
-3136
-2357
2077828
-53
36
-37
-1663
-3177
-2342
2078853
-44
28
-35
-1647
-3308
-2306
2079878
87
15
-31
-1656
-3356
-2361
2080903
225
-6
-21
-1636
-3454
-2355
2081928
381
-39
-18
-1680
-3546
-2338
2082953
563
-100
-40
-1712
-3699
-2288
2083978
875
-203
-84
-1670
-3992
-2139
2085003
1257
-304
-140
-1754
-4095
-2144
2086028
1547
-349
-194
-1767
-3890
-1938
2087053
1720
-367
-188
-1735
-4000
-1833
2088078
1806
-371
-171
-1862
-4059
-1984
2089103
1827
-366
-158
-1768
-4066
-1783
2081920
1913
-365
-124
-1751
-4422
-1706
2082945
2316
-408
-107
-1808
-4559
-1636
2083970
2859
-509
-116
-1761
-4635
-1460
2084995
3642
-641
-172
-1735
-4813
-1433
2086020
4898
-795
-232
-1682
-5215
-1467
2087045
6455
-930
-262
-1628
-5429
-1415
2088070
7988
-1000
-275
-1495
-4829
-925
2089095
9304
-1012
-239
-1405
-3896
-352
2090120
10943
-1044
-163
-1495
-4084
-459
2091145
13908
-1121
-63
-1541
-4880
-288
2092170
16633
-1360
135
-1278
-2740
-707
2093195
15253
-1295
283
-1282
3152
-1002
2094220
9179
-909
412
-1572
6852
932
2095245
2989
-816
296
-609
5016
2657
2096270
912
-540
475
-475
1371
3718
2097295
1042
-531
430
-897
1027
3906
2090111
843
-596
150
-885
2411
4086
2091136
-117
-522
53
-623
2166
4348
2092161
-507
-286
8
-602
932
4492
2093186
-279
-94
-28
-848
1019
4514
2094211
-340
9
-73
-985
1185
4359
2095236
-227
97
-66
-1026
731
4129
2096261
107
127
-29
-1125
1117
4008
2097286
32
108
23
-1084
1368
3989
2098311
-152
86
85
-940
1140
3950
2099336
-38
63
129
-883
1086
3925
2100361
128
33
160
-816
1207
3940
2101386
78
19
183
-802
1398
3880
2102411
-75
15
186
-790
1349
3874
2103436
-101
8
171
-770
1195
3880
2104461
14
1
150
-804
1165
3867
2105486
42
-16
122
-824
1293
3855
2098304
-62
-26
103
-826
1317
3879
2099329
-141
-24
104
-848
1196
3960
2100354
-105
-36
105
-851
1142
3996
2101379
-1
-42
97
-817
1198
3993
2102404
-14
-34
81
-817
1325
4046
2103429
-75
-17
70
-810
1211
4064
2104454
-44
0
65
-824
1175
4055
2105479
-32
8
52
-831
1225
4007
2106504
-5
17
40
-819
1141
3990
2107529
47
20
41
-846
1265
3972
2108554
-16
18
43
-862
1313
3940
2109579
-98
14
39
-859
1269
3902
2110604
-95
11
20
-853
1127
3941
2111629
-6
6
12
-878
1139
3925
2112654
22
-1
16
-893
1284
3914
2113679
-68
-6
10
-870
1324
3921
2106496
-165
-5
-9
-872
1259
3982
2107521
-155
-20
-29
-875
1103
4058
2108546
-19
-36
-36
-825
1139
4025
2109571
43
-24
-20
-834
1242
4020
2110596
-49
-10
-8
-844
1151
3997
2111621
-59
-3
3
-855
1054
3986
2112646
3
-16
10
-853
1114
3978
2113671
-6
-19
14
-850
1139
3957
2114696
-11
-19
19
-829
1090
3948
2115721
13
-16
17
-829
1165
3954
2116746
-14
-16
19
-843
1170
3981
2117771
-8
-14
21
-849
1100
3984
2118796
12
-18
21
-867
1190
3962
2119821
-36
-22
6
-845
1228
3955
2120846
-68
-17
-3
-819
1126
4001
2121871
10
-7
-2
-840
1074
3998
2114687
30
-2
6
-852
1238
3993
2115712
-95
5
7
-857
1250
3967
2116737
-146
7
-3
-867
1107
3961
2117762
-70
-6
-20
-860
1030
3988
2118787
27
-14
-18
-850
1058
3996
2119812
22
-13
2
-858
1187
3982
2120837
-77
-8
17
-855
1172
3994
2121862
-106
-9
13
-840
1058
3998
2122887
-42
-12
0
-828
1051
4014
2123912
5
-15
-7
-838
1116
4025
2124937
-14
-10
0
-841
1158
4010
2125962
-54
-10
9
-823
1160
4007
2126987
-84
-5
6
-815
1097
4036
2128012
-49
1
-5
-822
1033
4024
2129037
-5
1
-12
-843
1168
3992
2130062
-63
-6
-8
-834
1197
3961
2122880
-122
-6
-4
-846
1168
3947
2123905
-146
-21
-16
-869
1127
3974
2124930
-91
-39
-49
-826
962
4008
2125955
48
-46
-65
-826
1011
4045
2126980
35
-52
-52
-828
1200
4052
2128005
-125
-40
-30
-804
1112
4071
2129030
-163
-24
-20
-812
892
4103
2130055
-18
-21
-27
-824
919
4093
2131080
56
-24
-25
-832
1074
4077
2132105
4
-18
-11
-820
1085
4066
2133130
-53
-4
-2
-837
1081
4052
2134155
-61
0
-9
-825
971
4059
2135180
26
2
-15
-823
943
4044
2136205
69
5
-15
-840
1105
4034
2137230
-26
7
-5
-835
1099
4033
2138255
-83
10
-2
-832
996
4014
2131072
-36
7
-7
-825
968
4042
2132097
13
8
-7
-817
1037
4050
2133122
-6
13
1
-837
1052
4056
2134147
-21
10
4
-840
1060
4025
2135172
-7
2
1
-830
1051
4030
2136197
1
-3
-5
-830
1050
4031
2137222
-13
0
-13
-838
1079
4022
2138247
-51
4
-11
-847
1039
4016
2139272
-53
5
-6
-868
998
4012
2140297
-47
-1
-9
-867
1040
3994
2141322
-96
-3
-15
-848
1058
3972
2142347
-169
5
-18
-831
945
4014
2143372
-134
12
-20
-839
851
4039
2144397
-24
6
-26
-843
881
4010
2145422
11
5
-23
-862
1033
4004
2146447
-66
-1
-8
-863
1046
4027
2139264
-136
-10
4
-860
970
4043
2140289
-106
-19
4
-848
859
4086
2141314
6
-20
2
-848
932
4104
2142339
21
-20
8
-846
1083
4088
2143364
-68
-8
13
-818
1055
4087
2144389
-126
10
11
-838
1009
4096
2145414
-128
12
4
-848
898
4097
2146439
-64
13
-3
-857
916
4063
2147464
-68
5
4
-878
1061
4056
2148489
-143
-7
4
-843
937
4025
2149514
-93
-5
-11
-813
859
4047
2150539
-34
-7
-29
-824
930
4079
2151564
-48
-9
-26
-824
931
4089
2152589
-109
-7
-9
-837
962
4079
2153614
-216
1
10
-850
938
4093
2154639
-275
-2
17
-844
790
4107
2147456
-179
-2
6
-822
680
4099
2148481
-29
5
-5
-834
780
4116
2149506
-17
11
-7
-860
967
4080
2150531
-173
20
0
-834
978
4082
2151556
-365
41
16
-834
885
4120
2152581
-533
61
27
-850
881
4127
2153606
-744
84
29
-849
907
4119
2154631
-1061
97
37
-854
1027
4045
2155656
-1737
126
93
-832
1301
4059
2156681
-2925
237
169
-720
979
4153
2157706
-3675
444
253
-709
-224
4236
2158731
-3463
618
258
-917
-896
4333
2159756
-3089
659
169
-1025
-647
4257
2160781
-3147
697
184
-1070
-551
4070
2161806
-3679
777
269
-1166
-605
3998
2162831
-4505
826
330
-1175
-1104
3803
2155648
-4804
903
394
-1243
-2091
3609
2156673
-4547
936
415
-1417
-2409
3434
2157698
-4544
899
370
-1441
-2248
3116
2158723
-4849
886
407
-1483
-2593
2725
2159748
-5006
884
418
-1617
-3070
2502
2160773
-4888
851
383
-1634
-2934
2260
2161798
-4946
833
430
-1636
-2787
1864
2162823
-5434
841
525
-1721
-2843
1239
2163848
-5883
854
591
-1751
-3221
687
2164873
-5882
908
695
-1893
-3249
385
2165898
-5991
913
736
-2001
-2546
-82
2166923
-6443
864
886
-1911
-2315
-1048
2167948
-6178
900
1041
-1979
-3822
-2048
2168973
-4378
1067
795
-2205
-5005
-2451
2169998
-1885
1079
388
-2325
-4072
-2039
2171023
-811
811
98
-1971
-2991
-1601
2163866
-947
568
-84
-1999
-3284
-1984
2164891
-732
399
-165
-2313
-3530
-2411
2165916
-448
217
-161
-2303
-3628
-2203
2166941
-360
98
-148
-2308
-3638
-1896
2167966
-285
34
-146
-2289
-3496
-1840
2168991
-257
6
-122
-2206
-3474
-1838
2170016
-267
-7
-99
-2180
-3501
-1877
2171041
-242
-18
-85
-2126
-3438
-1897
2172066
-198
-17
-68
-2034
-3427
-1855
2173091
-175
-4
-38
-1966
-3351
-1849
2174116
-156
8
-3
-1925
-3332
-1888
2175141
-115
15
41
-1909
-3258
-1903
2176166
-110
20
66
-1912
-3197
-1922
2177191
-138
24
71
-1915
-3203
-1917
2178216
-150
31
79
-1910
-3286
-1945
2179241
-93
51
98
-1922
-3213
-1986
2172035
-105
71
148
-1920
-3171
-1940
2173060
-180
89
180
-1941
-3230
-1944
2174085
-185
92
187
-1975
-3257
-1978
2175110
-177
89
187
-2008
-3242
-2095
2176135
-149
88
174
-2042
-3248
-2136
2177160
-135
85
155
-2055
-3226
-2102
2178185
-145
71
140
-2074
-3287
-2061
2179210
-90
53
115
-2075
-3280
-2012
2180235
-44
44
96
-2068
-3238
-2056
2181260
-26
45
85
-2087
-3143
-2078
2182285
-83
50
72
-2096
-3084
-2078
2183310
-77
51
47
-2109
-3137
-2079
2184335
-31
45
27
-2082
-3094
-2092
2185360
-21
32
28
-2068
-3110
-2118
2186385
-5
22
45
-2084
-3099
-2128
2187410
-6
15
51
-2073
-3082
-2089
2180224
-18
10
54
-2071
-3074
-2085
2181249
-26
9
53
-2077
-3027
-2108
2182274
-27
7
47
-2060
-3045
-2094
2183299
-11
7
46
-2057
-3051
-2084
2184324
-4
8
41
-2067
-3049
-2095
2185349
3
11
32
-2066
-3047
-2089
2186374
-5
18
29
-2067
-3032
-2093
2187399
-14
29
29
-2060
-3055
-2094
2188424
-7
36
29
-2064
-3058
-2075
2189449
-11
34
31
-2083
-3052
-2111
2190474
-20
29
27
-2094
-3069
-2157
2191499
-19
28
27
-2084
-3048
-2122
2192524
-28
31
37
-2075
-3079
-2100
2193549
-5
35
45
-2081
-3094
-2094
2194574
33
35
48
-2085
-3065
-2100
2195599
37
33
49
-2080
-3035
-2112
2188417
24
34
43
-2068
-3030
-2109
2189442
17
39
46
-2062
-3002
-2113
2190467
20
41
46
-2054
-3030
-2116
2191492
45
39
39
-2059
-3022
-2147
2192517
21
37
26
-2070
-3017
-2154
2193542
17
34
14
-2071
-3028
-2148
2194567
48
29
6
-2079
-3060
-2133
2195592
58
27
1
-2076
-3044
-2091
2196617
34
35
2
-2071
-3019
-2108
2197642
-12
44
10
-2058
-3043
-2166
2198667
-2
44
9
-2065
-3106
-2171
2199692
69
32
-1
-2061
-3103
-2148
2200717
98
27
-3
-2060
-3030
-2102
2201742
34
36
3
-2056
-3041
-2104
2202767
-8
50
10
-2066
-3056
-2147
2203792
-9
44
8
-2055
-3108
-2127
2196608
14
27
1
-2071
-3111
-2146
2197633
16
9
-2
-2079
-3054
-2149
2198658
-55
-4
4
-2079
-3008
-2184
2199683
-122
-14
1
-2087
-3036
-2209
2200708
-93
-32
-13
-2068
-3136
-2169
2201733
9
-45
-19
-2079
-3086
-2181
2202758
57
-45
-12
-2072
-3048
-2107
2203783
37
-33
4
-2054
-3065
-2062
2204808
-12
-16
20
-2047
-3022
-2077
2205833
-34
-1
21
-2051
-3060
-2062
2206858
9
11
18
-2037
-3061
-2070
2207883
37
22
17
-2020
-3018
-2097
2208908
15
25
11
-2034
-3018
-2099
2209933
-9
23
0
-2068
-3060
-2119
2210958
-7
20
-15
-2070
-3081
-2107
2211983
-5
17
-25
-2068
-3075
-2119
2204799
-12
19
-21
-2068
-3063
-2165
2205824
-20
14
-13
-2060
-3120
-2172
2206849
3
-1
-6
-2050
-3124
-2157
2207874
14
-19
7
-2023
-3072
-2142
2208899
4
-21
30
-2002
-3055
-2152
2209924
21
-12
59
-2004
-3030
-2094
2210949
9
-5
79
-2019
-2979
-2063
2211974
-22
1
79
-2071
-3011
-2077
2212999
-26
7
66
-2097
-3021
-2095
2214024
-37
15
52
-2092
-3045
-2106
2215049
-39
24
49
-2081
-3078
-2173
2216074
-29
29
48
-2082
-3064
-2217
2217099
-20
25
33
-2070
-3073
-2218
2218124
-4
15
14
-2068
-3082
-2202
2219149
-9
8
3
-2079
-3079
-2234
2220174
-7
5
-12
-2075
-3113
-2223
2212992
34
1
-16
-2062
-3108
-2191
2214017
43
-3
-9
-2054
-3052
-2141
2215042
21
-6
5
-2060
-3028
-2135
2216067
18
-3
12
-2045
-3004
-2137
2217092
18
2
14
-2044
-2982
-2110
2218117
4
10
8
-2054
-2975
-2077
2219142
-22
20
2
-2064
-2949
-2090
2220167
-41
29
-8
-2094
-3010
-2109
2221192
-24
27
-15
-2105
-3075
-2115
2222217
-1
27
-15
-2080
-3068
-2123
2223242
29
31
-9
-2081
-3029
-2115
2224267
24
28
3
-2101
-3023
-2136
2225292
7
24
3
-2121
-3036
-2179
2226317
17
23
-7
-2112
-3005
-2205
2227342
22
18
-7
-2102
-3013
-2205
2228367
2
12
-4
-2088
-3022
-2197
2221184
1
5
-6
-2076
-3040
-2183
2222209
-11
-4
-11
-2059
-3013
-2176
2223234
-24
-10
-15
-2039
-3043
-2183
2224259
-15
-12
-5
-2020
-3065
-2197
2225284
-34
-9
14
-2005
-3043
-2199
2226309
-71
-10
33
-2004
-3046
-2190
2227334
-100
-21
46
-1987
-3035
-2203
2228359
-127
-31
60
-2018
-3001
-2217
2229384
-160
-34
67
-2021
-3016
-2205
2230409
-118
-30
60
-2043
-3109
-2209
2231434
-10
-29
44
-2047
-3093
-2173
2232459
22
-24
30
-2046
-3024
-2187
2233484
8
-14
8
-2045
-3068
-2182
2234509
43
-8
-4
-2038
-3083
-2138
2235534
67
-11
-16
-2049
-3129
-2132
2236559
85
-16
-31
-2053
-3186
-2145
2229376
149
-20
-39
-2051
-3220
-2130
2230401
247
-32
-40
-2092
-3307
-2133
2231426
393
-56
-51
-2168
-3416
-2150
2232451
523
-86
-90
-2213
-3347
-2051
2233476
466
-119
-124
-2153
-3220
-2000
2234501
371
-132
-168
-2204
-3338
-2069
2235526
494
-152
-223
-2249
-3488
-2156
2236551
806
-184
-263
-2227
-3600
-2132
2237576
1213
-215
-315
-2239
-3652
-2136
2238601
1611
-278
-336
-2173
-3704
-1974
2239626
1861
-367
-367
-2120
-3761
-1836
2240651
2175
-489
-447
-2069
-3976
-1627
2241676
2681
-622
-563
-2039
-4113
-1570
2242701
3557
-799
-623
-2075
-4457
-1920
2243726
5665
-1067
-703
-1936
-5763
-1902
2244751
9697
-1281
-756
-1688
-6863
-1472
2237569
14899
-1232
-633
-1476
-6069
-1220
2238594
18078
-1181
23
-1623
-4066
-748
2239619
16917
-1466
570
-2074
-1025
-8
2240644
12989
-1583
602
-2554
1381
472
2241669
8663
-1695
566
-1978
2055
506
2242694
5395
-1389
34
-514
2872
1855
2243719
3586
-770
156
-525
3369
3717
2244744
1501
-709
505
-1267
2004
3977
2245769
395
-833
337
-902
670
3637
2246794
695
-734
269
-614
1071
3785
2247819
509
-500
239
-913
1583
4413
2248844
98
-437
226
-894
721
4492
2249869
204
-390
209
-838
752
4152
2250894
122
-314
203
-912
1438
4087
2251919
-195
-225
214
-922
1197
4099
2252944
-214
-142
164
-940
894
4234
2245761
-38
-115
89
-913
1017
4184
2246786
-18
-101
76
-851
1269
4109
2247811
-193
-76
105
-845
1081
4147
2248836
-155
-77
111
-820
838
4114
2249861
24
-72
88
-763
1145
4071
2250886
-36
-36
93
-727
1308
4143
2251911
-136
6
96
-739
1026
4142
2252936
0
27
60
-800
981
4075
2253961
86
15
30
-830
1161
4006
2254986
-60
6
35
-830
1133
3960
2256011
-144
11
65
-844
955
3987
2257036
-121
-10
72
-849
947
3991
2258061
-70
-38
52
-809
938
3961
2259086
5
-51
34
-802
971
4006
2260111
27
-67
25
-785
1022
4069
2261136
-45
-70
19
-782
1026
4067
2253951
-138
-67
11
-788
954
4094
2254976
-108
-76
-7
-776
793
4140
2256001
51
-84
-33
-733
834
4154
2257026
124
-78
-34
-724
1042
4148
2258051
14
-59
-28
-700
1055
4075
2259076
-54
-32
-27
-701
991
4064
2260101
-33
-33
-41
-718
876
4043
2261126
56
-47
-43
-735
955
3996
2262151
63
-56
-39
-752
1088
3993
2263176
-6
-63
-41
-774
1042
4013
2264201
-39
-74
-54
-788
996
4041
2265226
5
-84
-55
-743
953
4052
2266251
31
-68
-49
-740
1018
4080
2267276
-1
-51
-40
-769
999
4106
2268301
15
-46
-26
-761
980
4095
2269326
14
-43
-17
-745
1104
4088
2262145
-54
-36
-14
-724
1034
4062
2263170
-40
-20
-27
-725
923
4028
2264195
23
-22
-37
-709
978
4052
2265220
30
-25
-29
-680
1000
4037
2266245
21
-11
-23
-688
990
4023
2267270
30
0
-40
-699
1003
4008
2268295
4
-3
-36
-724
1035
4034
2269320
-43
-17
-19
-715
970
4035
2270345
-18
-25
-3
-717
967
4067
2271370
15
-37
-1
-716
1078
4092
2272395
-25
-43
-3
-701
1095
4102
2273420
-50
-41
0
-719
1001
4093
2274445
-9
-34
-5
-728
973
4104
2275470
35
-34
-17
-749
1008
4085
2276495
55
-39
-40
-734
1020
4031
2277520
19
-30
-42
-734
1045
4052
2270337
-43
-25
-33
-740
945
4045
2271362
-19
-21
-29
-738
885
4035
2272387
26
-15
-18
-749
936
4014
2273412
11
-11
1
-752
1017
4047
2274437
-84
-19
8
-728
966
4018
2275462
-83
-3
9
-721
871
4011
2276487
-7
9
8
-755
963
4038
2277512
-16
-2
15
-742
1035
4070
2278537
-85
-8
25
-734
1004
4080
2279562
-108
-15
19
-711
942
4065
2280587
-70
-7
11
-719
925
4097
2281612
-46
-8
16
-754
964
4122
2282637
-82
-27
21
-745
973
4134
2283662
-95
-44
28
-697
898
4122
2284687
-53
-42
26
-677
879
4124
2285712
-30
-41
21
-645
907
4116
2278528
-38
-29
28
-645
951
4068
2279553
-81
-18
35
-665
949
4042
2280578
-112
-18
31
-672
886
4064
2281603
-68
-28
20
-681
858
4073
2282628
-10
-40
4
-671
903
4061
2283653
-3
-35
0
-666
944
4062
2284678
-47
-24
2
-678
955
4088
2285703
-107
-21
1
-691
895
4100
2286728
-110
-21
-2
-689
815
4139
2287753
-65
-23
-2
-696
832
4139
2288778
-29
-25
3
-692
854
4147
2289803
-24
-25
8
-680
858
4155
2290828
-16
-17
12
-672
857
4180
2291853
2
-13
11
-665
882
4129
2292878
3
-5
1
-640
914
4103
2293903
2
11
-1
-652
893
4114
2286720
-9
18
-4
-666
884
4113
2287745
-25
16
-2
-673
857
4092
2288770
-6
10
1
-671
839
4068
2289795
25
10
-5
-676
867
4066
2290820
49
7
-13
-678
811
4079
2291845
93
-2
-16
-709
804
4022
2292870
122
-15
-6
-715
947
4022
2293895
24
-27
21
-698
1038
4065
2294920
-121
-23
37
-670
894
4088
2295945
-114
-2
31
-672
787
4128
2296970
-34
13
21
-698
848
4150
2297995
-40
10
17
-693
974
4124
2299020
-137
20
23
-687
940
4134
2300045
-187
36
24
-686
789
4132
2301070
-114
49
7
-705
698
4118
2302095
9
57
0
-741
748
4143
2294911
69
45
-9
-741
754
4161
2295936
144
45
-26
-711
687
4115
2296961
243
52
-35
-712
905
4110
2297986
156
43
-13
-718
1047
4111
2299011
28
33
15
-678
881
4056
2300036
15
36
33
-702
961
4094
2301061
-17
15
42
-711
908
4100
2302086
42
-2
32
-679
883
4083
2303111
85
-5
34
-704
1128
4112
2304136
-77
-19
37
-687
1068
4131
2305161
-153
-18
24
-646
783
4126
2306186
-13
-9
-2
-677
799
4111
2307211
29
-9
-14
-681
1027
4085
2308236
-159
-6
7
-691
1052
4100
2309261
-374
-4
29
-681
898
4115
2310286
-485
-1
37
-668
836
4150
2303104
-616
6
47
-656
866
4154
2304129
-857
32
66
-660
876
4169
2305154
-1261
60
105
-669
899
4176
2306179
-1959
99
178
-630
949
4258
2307204
-2963
217
303
-559
562
4341
2308229
-3542
397
444
-636
-305
4296
2309254
-3496
542
543
-733
-568
4306
2310279
-3742
657
563
-811
-215
4265
2311304
-4447
740
624
-907
-378
3980
2312329
-5045
843
751
-1013
-1022
3648
2313354
-5518
953
826
-1196
-1500
3333
2314379
-5807
963
811
-1330
-2004
2913
2315404
-6049
979
787
-1435
-2308
2641
2316429
-6329
874
714
-1567
-2511
2064
2317454
-6146
771
676
-1628
-3200
1749
2318479
-5755
652
606
-1719
-3365
1530
2311296
-5761
522
428
-1695
-2650
1009
2312321
-6491
467
457
-1602
-2120
515
2313346
-7690
474
664
-1682
-2148
-81
2314371
-8681
481
928
-1768
-2953
-1160
2315396
-8049
573
1131
-1837
-5416
-2192
2316421
-5560
811
788
-2124
-6370
-2396
2317446
-2413
861
392
-2142
-5166
-1963
2318471
-526
649
305
-1802
-3897
-1569
2319496
-231
451
237
-1722
-3477
-1797
2320521
-453
325
149
-1869
-3628
-2363
2321546
-435
233
82
-1977
-3659
-2385
2322571
-251
136
85
-1937
-3617
-2035
2323596
-104
70
76
-1889
-3582
-1758
2324621
-38
51
59
-1870
-3476
-1835
2325646
-76
70
61
-1863
-3453
-1923
2326671
-72
91
79
-1861
-3513
-1807
2319487
-12
100
93
-1813
-3514
-1696
2320512
26
116
97
-1782
-3439
-1730
2321537
46
141
122
-1775
-3362
-1763
2322562
11
171
166
-1799
-3312
-1888
2323587
-72
197
186
-1821
-3319
-1936
2324612
-77
195
183
-1836
-3380
-1903
2325637
-19
165
173
-1836
-3284
-1857
2326662
-38
141
159
-1848
-3198
-1919
2327687
-36
140
142
-1892
-3341
-1994
2328712
1
141
136
-1905
-3250
-2001
2329737
-14
133
122
-1909
-3336
-1955
2330762
-8
115
113
-1936
-3307
-1938
2331787
-36
96
101
-1919
-3254
-1960
2332812
-46
90
81
-1943
-3321
-1999
2333837
8
83
66
-1947
-3346
-2009
2334862
69
69
51
-1941
-3309
-1973
2327681
63
56
46
-1941
-3218
-1967
2328706
-19
51
44
-1947
-3246
-1990
2329731
-53
50
38
-1950
-3315
-1992
2330756
-24
45
36
-1960
-3325
-1993
2331781
18
39
30
-1958
-3312
-1971
2332806
37
29
27
-1960
-3259
-1993
2333831
1
18
20
-1953
-3248
-1999
2334856
-20
4
19
-1947
-3301
-2007
2335881
2
0
19
-1925
-3283
-1990
2336906
32
-4
18
-1923
-3275
-1965
2337931
56
-8
11
-1921
-3286
-1951
2338956
89
-10
3
-1922
-3259
-1941
2339981
73
-5
6
-1902
-3200
-1953
2341006
20
6
10
-1888
-3242
-1941
2342031
29
12
7
-1874
-3268
-1932
2343056
35
11
14
-1882
-3226
-1985
2335873
8
9
3
-1891
-3223
-1965
2336898
-3
6
-7
-1894
-3249
-1966
2337923
-10
-5
-20
-1904
-3264
-1969
2338948
6
-15
-32
-1896
-3282
-1946
2339973
35
-12
-37
-1929
-3277
-1944
2340998
34
0
-38
-1922
-3272
-1924
2342023
-3
16
-29
-1918
-3276
-1932
2343048
-25
26
-20
-1916
-3309
-1964
2344073
13
23
-11
-1907
-3341
-1980
2345098
51
15
-3
-1897
-3315
-2003
2346123
30
6
10
-1866
-3323
-2013
2347148
36
3
22
-1849
-3382
-1995
2348173
104
-5
36
-1836
-3380
-1959
2349198
133
-13
50
-1841
-3385
-1884
2350223
104
-6
67
-1839
-3402
-1842
2351248
99
20
102
-1858
-3385
-1871
2344063
95
51
140
-1845
-3343
-1881
2345088
74
70
160
-1870
-3309
-1936
2346113
70
71
157
-1900
-3302
-1951
2347138
85
62
129
-1924
-3246
-1945
2348163
84
52
99
-1927
-3212
-1953
2349188
55
44
74
-1935
-3175
-1949
2350213
25
35
46
-1934
-3223
-1932
2351238
44
24
11
-1945
-3223
-1920
2352263
56
11
-21
-1934
-3189
-1890
2353288
44
10
-45
-1925
-3185
-1866
2354313
28
21
-51
-1925
-3213
-1863
2355338
5
35
-44
-1932
-3227
-1863
2356363
-25
43
-39
-1921
-3242
-1869
2357388
-31
45
-40
-1919
-3268
-1865
2358413
-7
43
-41
-1912
-3274
-1857
2359438
0
46
-41
-1902
-3282
-1826
2352256
10
57
-37
-1887
-3281
-1806
2353281
20
78
-33
-1873
-3254
-1782
2354306
19
99
-28
-1862
-3283
-1783
2355331
35
118
-31
-1861
-3271
-1806
2356356
33
134
-29
-1845
-3263
-1854
2357381
-9
140
-16
-1829
-3269
-1940
2358406
-43
137
-2
-1838
-3305
-1980
2359431
-37
123
14
-1865
-3341
-1973
2360456
-11
115
30
-1897
-3331
-1981
2361481
-4
110
43
-1899
-3313
-1986
2362506
-24
98
52
-1903
-3309
-2017
2363531
-50
73
58
-1906
-3337
-2070
2364556
-50
46
57
-1894
-3376
-2084
2365581
-30
21
55
-1896
-3389
-2072
2366606
-23
-1
53
-1861
-3376
-2054
2367631
-11
-15
50
-1855
-3381
-2067
2360449
-1
-28
40
-1850
-3369
-2041
2361474
-3
-42
21
-1826
-3369
-1967
2362499
-6
-49
2
-1810
-3387
-1939
2363524
21
-40
-9
-1825
-3359
-1886
2364549
16
-25
-19
-1811
-3327
-1905
2365574
-4
-6
-29
-1802
-3341
-1932
2366599
21
6
-37
-1796
-3357
-1936
2367624
66
9
-38
-1786
-3306
-1924
2368649
69
16
-26
-1785
-3291
-1915
2369674
61
36
-15
-1798
-3278
-1893
2370699
62
52
-1
-1801
-3240
-1885
2371724
55
71
14
-1808
-3205
-1888
2372749
21
92
30
-1831
-3192
-1911
2373774
-14
102
36
-1835
-3207
-1915
2374799
-25
103
43
-1849
-3244
-1915
2375824
-26
101
45
-1871
-3236
-1930
2368640
-49
104
47
-1885
-3222
-1983
2369665
-74
107
41
-1898
-3263
-2000
2370690
-77
98
35
-1901
-3285
-2026
2371715
-80
82
31
-1878
-3309
-2020
2372740
-57
67
32
-1863
-3314
-2012
2373765
-36
53
34
-1849
-3297
-2031
2374790
-35
38
27
-1850
-3309
-2035
2375815
-31
18
11
-1831
-3293
-2002
2376840
-28
8
8
-1836
-3299
-2018
2377865
-24
10
5
-1818
-3299
-2018
2378890
-30
16
2
-1806
-3304
-2020
2379915
-39
20
6
-1794
-3351
-2042
2380940
-26
20
8
-1786
-3352
-2031
2381965
-15
19
7
-1793
-3321
-2039
2382990
-26
21
4
-1810
-3358
-2059
2384015
-8
23
-1
-1803
-3362
-2049
2377066
15
19
0
-1791
-3351
-2025
2378091
17
14
8
-1780
-3326
-2017
2379116
32
14
21
-1761
-3280
-1996
2380141
32
20
34
-1749
-3210
-1967
2381166
7
38
42
-1785
-3154
-1964
2382191
-7
65
46
-1790
-3139
-1961
2383216
-19
94
50
-1793
-3148
-2016
2384241
-50
107
51
-1808
-3160
-2053
2385266
-75
100
41
-1832
-3210
-2106
2386291
-47
82
20
-1853
-3255
-2100
2387316
-20
58
5
-1850
-3237
-2094
2388341
-27
40
-6
-1827
-3280
-2083
2389366
-26
31
-10
-1823
-3303
-2080
2390391
-25
25
-6
-1811
-3322
-2065
2391416
-15
24
-2
-1815
-3321
-2076
2392441
1
23
2
-1821
-3313
-2078
2385024
1
20
6
-1820
-3303
-2077
2386049
-6
16
7
-1825
-3336
-2069
2387074
27
9
6
-1832
-3338
-2069
2388099
39
3
2
-1817
-3310
-2071
2389124
29
0
-3
-1805
-3303
-2082
2390149
17
-5
-5
-1797
-3275
-2077
2391174
-20
-8
-3
-1764
-3264
-2048
2392199
-71
-12
3
-1770
-3221
-2060
2393224
-145
-12
11
-1768
-3211
-2077
2394249
-167
1
6
-1764
-3282
-2090
2395274
-64
10
0
-1759
-3269
-2080
2396299
3
15
9
-1756
-3208
-2078
2397324
10
23
12
-1783
-3219
-2090
2398349
24
25
6
-1790
-3219
-2083
2399374
5
26
9
-1778
-3203
-2094
2400399
-15
31
6
-1787
-3258
-2138
2393216
71
31
-8
-1798
-3348
-2099
2394241
193
18
-29
-1802
-3372
-2005
2395266
253
8
-50
-1812
-3420
-1930
2396291
266
19
-66
-1815
-3456
-1870
2397316
311
46
-87
-1797
-3545
-1840
2398341
436
70
-117
-1777
-3668
-1880
2399366
653
83
-151
-1742
-3796
-1986
2400391
992
78
-187
-1721
-3899
-1985
2401416
1405
47
-229
-1767
-3984
-1959
2402441
2007
-61
-320
-1682
-4486
-1760
2403466
2981
-201
-536
-1669
-5023
-1470
2404491
4375
-337
-739
-1703
-5235
-1283
2405516
6121
-459
-858
-1673
-5441
-1242
2406541
8222
-579
-957
-1617
-5818
-1080
2407566
10264
-646
-1001
-1615
-5155
-1219
2408591
11903
-694
-790
-1576
-4604
-953
2401408
13428
-746
-626
-1535
-4686
265
2402433
15046
-986
-463
-1493
-3724
956
2403458
14912
-1316
-278
-1513
-541
663
2404483
11725
-1311
72
-1529
2597
892
2405508
6305
-1076
257
-991
3783
1731
2406533
1903
-708
267
-50
2252
3231
2407558
555
-279
483
-317
136
4393
2408583
948
-237
523
-755
564
4248
2409608
732
-347
454
-687
1684
3893
2410633
-54
-282
420
-511
1397
3937
2411658
-295
-146
401
-591
929
4187
2412683
-135
-129
330
-664
999
4290
2413708
-85
-141
234
-626
1144
4228
2414733
-80
-106
155
-625
1013
4193
2415758
7
-76
116
-600
1077
4192
2416783
-79
-34
97
-612
1169
4266
2409599
-227
0
95
-584
823
4281
2410624
-94
11
103
-570
695
4273
2411649
115
-3
135
-571
974
4282
2412674
77
-9
156
-543
1126
4204
2413699
-55
11
152
-530
1057
4183
2414724
-59
28
120
-546
945
4148
2415749
67
32
84
-537
958
4081
2416774
120
37
57
-554
1061
4059
2417799
42
39
54
-566
1039
4069
2418824
-61
31
50
-611
969
4025
2419849
-67
12
36
-567
797
4028
2420874
25
-3
37
-571
856
4065
2421899
22
-19
36
-557
931
4068
2422924
-5
-16
34
-545
870
4103
2423949
17
-17
33
-555
942
4085
2424974
-18
-15
26
-542
975
4088
2417792
-76
-5
25
-550
918
4096
2418817
-77
-3
28
-574
915
4115
2419842
-88
-14
23
-570
955
4112
2420867
-108
-16
8
-559
907
4100
2421892
-47
-6
-4
-553
780
4137
2422917
50
-1
-5
-591
932
4124
2423942
-38
-10
-3
-604
1032
4119
2424967
-137
-14
-6
-555
807
4111
2425992
-45
-3
-9
-550
834
4120
2427017
-42
3
-5
-562
954
4134
2428042
-114
15
5
-572
857
4110
2429067
-95
18
16
-589
884
4094
2430092
-91
8
11
-595
890
4108
2431117
-77
7
3
-581
806
4119
2432142
-20
0
-10
-590
840
4106
2433167
-11
-10
-18
-588
866
4101
2425984
-50
-9
-13
-569
839
4116
2427009
-67
-3
-7
-584
807
4118
2428034
-73
-7
-5
-602
811
4118
2429059
-64
-13
-8
-566
750
4143
2430084
-13
-12
-8
-565
782
4179
2431109
-23
-13
-15
-549
860
4163
2432134
-89
-2
-11
-553
814
4131
2433159
-88
8
-14
-569
740
4125
2434184
-47
1
-13
-585
791
4130
2435209
-40
-13
-4
-563
802
4119
2436234
-41
-5
-2
-544
777
4099
2437259
-46
9
-5
-536
801
4120
2438284
-65
23
-8
-523
778
4076
2439309
-54
45
-2
-529
785
4065
2440334
-82
58
-3
-567
877
4026
2441359
-174
60
-12
-589
825
4001
2434175
-200
57
-23
-618
704
4034
2435200
-146
43
-33
-668
727
4078
2436225
-139
10
-25
-687
784
4136
2437250
-184
-26
-16
-664
749
4174
2438275
-198
-43
-7
-639
679
4230
2439300
-143
-53
7
-616
635
4276
2440325
-77
-51
12
-610
662
4298
2441350
-55
-43
12
-587
681
4295
2442375
-66
-25
17
-572
696
4279
2443400
-113
-3
19
-562
672
4240
2444425
-155
19
14
-554
587
4164
2445450
-147
47
7
-558
558
4109
2446475
-146
67
-2
-604
599
4076
2447500
-172
61
-9
-636
568
4060
2448525
-171
38
-14
-645
548
4073
2449550
-166
17
-11
-647
546
4128
2442368
-163
10
-5
-637
515
4157
2443393
-142
10
0
-625
544
4207
2444418
-147
9
3
-619
518
4253
2445443
-129
9
3
-590
460
4253
2446468
-86
19
8
-589
489
4249
2447493
-81
29
17
-573
544
4236
2448518
-106
40
25
-574
519
4252
2449543
-100
43
30
-578
451
4245
2450568
-66
42
32
-613
499
4199
2451593
-74
32
31
-639
531
4188
2452618
-108
15
36
-648
505
4222
2453643
-97
-5
50
-643
420
4262
2454668
-35
-14
53
-635
424
4269
2455693
-8
-12
53
-642
531
4269
2456718
-66
-10
57
-648
550
4221
2457743
-137
-20
60
-631
433
4189
2450560
-131
-29
69
-624
317
4161
2451585
-62
-34
83
-654
374
4150
2452610
-62
-48
102
-654
474
4158
2453635
-128
-47
121
-660
398
4184
2454660
-102
-35
121
-668
310
4228
2455685
-16
-27
94
-643
402
4222
2456710
-24
-6
66
-604
472
4199
2457735
-81
27
50
-601
414
4234
2458760
-93
44
35
-618
343
4217
2459785
-62
47
24
-632
344
4191
2460810
-40
39
28
-635
366
4180
2461835
-47
31
39
-623
357
4172
2462860
-58
28
52
-633
372
4195
2463885
-94
14
55
-632
370
4204
2464910
-119
6
58
-624
321
4231
2465935
-133
-2
60
-602
286
4252
2458751
-132
3
69
-592
249
4245
2459776
-113
12
79
-593
280
4268
2460801
-105
12
86
-583
316
4291
2461826
-119
7
81
-586
322
4290
2462851
-98
5
62
-572
262
4253
2463876
-23
17
43
-575
308
4237
2464901
-26
26
36
-599
390
4229
2465926
-79
27
36
-623
336
4225
2466951
-76
18
34
-633
292
4213
2467976
-45
8
23
-637
299
4191
2469001
-17
10
13
-650
328
4209
2470026
-20
6
5
-662
322
4229
2471051
-47
1
1
-640
277
4233
2472076
-70
5
4
-645
252
4218
2473101
-70
7
12
-633
195
4215
2474126
-35
15
23
-641
239
4204
2466944
-31
19
31
-650
277
4198
2467969
-53
21
35
-641
268
4207
2468994
-66
22
35
-648
291
4219
2470019
-74
12
30
-641
267
4234
2471044
-47
12
26
-615
236
4241
2472069
-9
19
25
-623
264
4249
2473094
-8
18
24
-637
310
4262
2474119
-30
9
25
-645
272
4282
2475144
-16
-2
20
-626
240
4239
2476169
23
5
18
-611
262
4235
2477194
19
13
13
-633
280
4238
2478219
5
11
6
-626
215
4225
2479244
31
11
10
-635
227
4210
2480269
20
6
7
-649
281
4199
2481294
-6
4
-2
-629
199
4188
2482319
35
9
-8
-631
204
4231
2475136
44
6
-4
-649
305
4221
2476161
-17
4
0
-650
296
4211
2477186
-66
10
0
-656
274
4226
2478211
-68
6
-1
-666
229
4248
2479236
-4
7
-8
-660
192
4263
2480261
42
10
-6
-670
310
4295
2481286
-32
3
1
-650
325
4282
2482311
-114
16
17
-633
219
4301
2483336
-101
38
32
-650
158
4304
2484361
-44
47
30
-658
164
4259
2485386
11
54
24
-683
205
4223
2486411
56
48
14
-693
202
4218
2487436
86
39
14
-690
297
4217
2488461
21
29
15
-671
302
4217
2489486
-10
30
20
-662
179
4194
2490511
23
32
16
-692
259
4191
2483328
-13
21
18
-684
328
4207
2484353
-111
13
23
-665
309
4208
2485378
-209
23
27
-672
369
4194
2486403
-442
33
40
-655
606
4237
2487428
-1231
41
131
-606
1254
4268
2488453
-3336
151
359
-445
2031
4339
2489478
-6160
465
662
-319
751
3877
2490503
-7362
886
1135
-562
-2208
3439
2491528
-6503
1194
1230
-1035
-3547
3598
2492553
-5201
1200
859
-1291
-2782
3611
2493578
-4531
1064
679
-1271
-2129
3202
2494603
-4418
1065
638
-1357
-2305
2844
2495628
-4416
1034
593
-1455
-2593
2635
2496653
-4564
927
557
-1489
-2568
2266
2497678
-4872
857
533
-1493
-2661
1835
2498703
-5376
845
556
-1494
-2853
1357
2491521
-6170
886
595
-1587
-2611
712
2492546
-7236
955
727
-1694
-2357
14
2493571
-8244
999
929
-1797
-2624
-795
2494596
-8707
1036
1133
-2042
-3091
-1593
2495621
-8103
975
1206
-2197
-4219
-2565
2496646
-5857
1029
1089
-2242
-5963
-3060
2497671
-2256
1137
683
-2200
-5362
-2363
2498696
98
934
445
-1876
-2734
-1653
2499721
-153
693
251
-1586
-2227
-1684
2500746
-683
604
134
-1933
-3669
-2510
2501771
-230
508
-28
-2163
-3399
-2802
2502796
-68
366
-99
-1972
-3010
-2501
2503821
-194
295
-89
-2003
-3357
-2400
2504846
-124
231
-102
-1987
-3402
-2370
2505871
-79
176
-118
-1933
-3247
-2324
2506896
-104
142
-106
-1930
-3166
-2350
2499712
-120
122
-79
-1882
-3289
-2382
2500737
-79
120
-44
-1852
-3221
-2366
2501762
-68
116
-8
-1829
-3205
-2312
2502787
-41
110
30
-1830
-3147
-2328
2503812
-57
102
53
-1820
-3081
-2362
2504837
-90
95
75
-1824
-3150
-2393
2505862
-62
75
82
-1786
-3176
-2336
2506887
15
58
90
-1803
-3162
-2323
2507912
59
43
82
-1826
-3058
-2347
2508937
36
35
67
-1837
-3017
-2330
2509962
6
34
46
-1838
-3063
-2321
2510987
-2
42
24
-1855
-3106
-2325
2512012
6
39
8
-1850
-3085
-2331
2513037
-34
28
-6
-1846
-3058
-2406
2514062
-44
13
-19
-1868
-3192
-2449
2515087
35
-7
-36
-1864
-3193
-2395
2507904
64
-22
-45
-1842
-3167
-2327
2508929
62
-24
-46
-1831
-3134
-2297
2509954
66
-29
-42
-1801
-3055
-2328
2510979
45
-30
-36
-1768
-3113
-2404
2512004
77
-29
-31
-1761
-3098
-2350
2513029
90
-29
-24
-1746
-2996
-2336
2514054
29
-24
-18
-1730
-3015
-2339
2515079
17
-18
-23
-1744
-3043
-2242
2516104
52
-21
-30
-1747
-3047
-2210
2517129
32
-23
-43
-1738
-3025
-2267
2518154
-10
-6
-46
-1764
-2995
-2310
2519179
-39
17
-32
-1731
-3094
-2265
2520204
3
27
-13
-1755
-3134
-2248
2521229
38
22
-15
-1779
-3055
-2240
2522254
13
15
-23
-1792
-3018
-2304
2523279
-21
17
-19
-1794
-3063
-2391
2516096
-35
19
-7
-1779
-3125
-2359
2517121
-25
10
1
-1780
-3171
-2292
2518146
7
-6
0
-1780
-3103
-2306
2519171
12
-12
5
-1783
-3047
-2311
2520196
-6
-11
5
-1775
-3048
-2291
2521221
-15
-7
8
-1768
-3115
-2299
2522246
-8
-6
10
-1752
-3113
-2275
2523271
5
-7
7
-1755
-3086
-2295
2524296
24
-2
2
-1754
-3055
-2309
2525321
42
1
-2
-1746
-3122
-2290
2526346
72
-10
-5
-1752
-3118
-2297
2527371
84
-18
1
-1761
-3082
-2282
2528396
42
-14
6
-1748
-3071
-2233
2529421
-4
-1
8
-1747
-3110
-2242
2530446
9
11
13
-1749
-3120
-2254
2531471
26
17
22
-1749
-3062
-2262
2524288
5
19
16
-1748
-3048
-2293
2525313
-20
21
13
-1750
-3066
-2349
2526338
-29
24
9
-1750
-3106
-2325
2527363
-21
22
6
-1738
-3117
-2316
2528388
-12
17
7
-1742
-3113
-2312
2529413
2
10
7
-1744
-3100
-2318
2530438
-6
4
4
-1751
-3131
-2349
2531463
-3
4
-5
-1762
-3117
-2321
2532488
-12
6
-10
-1742
-3099
-2285
2533513
-28
20
-7
-1751
-3135
-2313
2534538
-7
30
-8
-1756
-3172
-2277
2535563
30
32
-12
-1765
-3167
-2262
2536588
24
30
-15
-1756
-3122
-2268
2537613
3
33
-6
-1752
-3141
-2301
2538638
24
42
-1
-1752
-3127
-2301
2539663
40
39
2
-1753
-3081
-2299
2532480
32
31
3
-1750
-3102
-2313
2533505
42
26
2
-1748
-3126
-2323
2534530
60
21
6
-1773
-3100
-2349
2535555
26
5
17
-1774
-3113
-2398
2536580
-13
-20
26
-1773
-3192
-2416
2537605
25
-49
31
-1792
-3257
-2384
2538630
103
-76
35
-1814
-3231
-2378
2539655
146
-94
42
-1809
-3203
-2340
2540680
146
-106
55
-1795
-3142
-2263
2541705
96
-112
73
-1785
-3161
-2219
2542730
71
-111
73
-1788
-3185
-2198
2543755
108
-101
69
-1780
-3145
-2192
2544780
116
-88
65
-1759
-3107
-2151
2545805
106
-74
62
-1768
-3146
-2166
2546830
104
-64
51
-1771
-3109
-2143
2547855
79
-54
38
-1766
-3140
-2146
2540672
105
-47
23
-1776
-3181
-2167
2541697
181
-47
16
-1792
-3206
-2164
2542722
228
-41
19
-1807
-3226
-2128
2543747
220
-20
22
-1796
-3226
-2073
2544772
210
12
26
-1807
-3228
-2040
2545797
216
28
38
-1812
-3274
-2017
2546822
197
33
44
-1830
-3278
-2061
2547847
208
31
35
-1849
-3350
-2089
2548872
290
22
20
-1858
-3448
-2095
2549897
423
5
-11
-1875
-3498
-2109
2550922
628
-21
-68
-1907
-3580
-2130
2551947
931
-62
-134
-1943
-3637
-2082
2552972
1177
-115
-186
-1949
-3655
-1950
2553997
1252
-176
-230
-1976
-3693
-1894
2555022
1254
-243
-278
-2002
-3764
-1954
2556047
1427
-307
-314
-1965
-3942
-1944
2548863
1791
-349
-321
-1882
-4151
-1649
2549888
2168
-417
-323
-1825
-4242
-1282
2550913
2485
-514
-335
-1825
-4162
-1183
2551938
2876
-606
-302
-1787
-4277
-1099
2552963
3453
-663
-256
-1739
-4555
-783
2553988
4293
-708
-224
-1743
-4658
-455
2555013
5324
-769
-239
-1660
-4639
-134
2556038
6476
-811
-284
-1575
-4688
88
2557063
7805
-813
-296
-1565
-4769
267
2558088
9578
-821
-327
-1606
-4735
638
2559113
11547
-960
-362
-1754
-4116
623
2560138
13137
-1260
-346
-1833
-2938
773
2561163
13509
-1593
-294
-1753
-1403
646
2562188
12047
-1663
-203
-1568
984
429
2563213
8631
-1529
-148
-1136
3865
1183
2564238
4107
-1176
19
-387
5057
2648
2557056
672
-783
521
-311
2382
3836
2558081
110
-697
604
-381
411
4333
2559106
601
-681
339
-305
1551
4287
2560131
105
-553
211
-381
2246
4286
2561156
-568
-370
201
-322
1184
4400
2562181
-411
-208
169
-477
922
4483
2563206
-192
-123
33
-642
1330
4316
2564231
-199
-64
-73
-627
1222
4197
2565256
-138
-6
-109
-687
1165
4150
2566281
-72
24
-108
-712
1203
4123
2567306
-132
32
-80
-705
1134
4111
2568331
-152
33
-48
-692
1024
4052
2569356
-49
18
-11
-682
1071
4063
2570381
5
-1
24
-656
1213
4046
2571406
-38
2
32
-643
1250
3993
2572431
-76
17
22
-654
1145
4019
2565249
-34
24
2
-680
1054
4030
2566274
8
7
11
-699
1157
4010
2567299
-75
-9
20
-660
1167
4014
2568324
-181
-4
33
-628
1037
4063
2569349
-177
8
35
-598
909
4102
2570374
-62
12
44
-571
914
4110
2571399
19
19
53
-569
1077
4039
2572424
-3
32
59
-568
1139
4006
2573449
-89
40
59
-579
1092
4035
2574474
-104
36
48
-600
1011
4005
2575499
-49
21
47
-592
1087
4033
2576524
-69
11
36
-607
1121
4031
2577549
-106
5
20
-602
1077
4023
2578574
-129
4
0
-635
1136
4059
2579599
-178
-4
-14
-662
1063
4060
2580624
-113
-10
-36
-641
937
4033
2573441
16
-8
-51
-660
1054
4084
2574466
-26
-15
-47
-674
1069
4092
2575491
-85
-16
-28
-657
940
4086
2576516
-64
-14
-8
-674
912
4107
2577541
-19
-17
-7
-647
916
4100
2578566
11
-9
6
-650
982
4053
2579591
-39
1
26
-682
1043
4042
2580616
-92
-3
41
-680
956
4053
2581641
-50
-11
40
-679
946
4052
2582666
-25
-21
37
-685
1051
4048
2583691
-62
-30
29
-659
972
4065
2584716
-36
-27
31
-647
953
4081
2585741
-22
-22
28
-651
1012
4093
2586766
-55
-23
29
-605
960
4084
2587791
-65
-12
31
-603
949
4097
2588816
-63
-2
38
-616
930
4132
2581632
-50
2
40
-623
926
4087
2582657
-39
3
37
-623
955
4050
2583682
-52
-1
34
-632
938
4081
2584707
-41
-3
29
-623
901
4075
2585732
-10
-1
26
-622
944
4066
2586757
-28
5
31
-616
998
4068
2587782
-82
14
32
-620
955
4111
2588807
-95
15
18
-614
851
4100
2589832
-10
14
5
-611
883
4085
2590857
19
13
8
-617
995
4072
2591882
-60
20
24
-622
965
4099
2592907
-111
21
28
-642
868
4113
2593932
-53
5
15
-628
832
4113
2594957
32
-7
10
-612
927
4111
2595982
12
-5
13
-607
1012
4106
2597007
-66
2
19
-607
917
4119
2590010
-86
8
13
-610
863
4142
2591035
-60
6
10
-610
844
4129
2592060
-25
7
5
-597
873
4098
2593085
-24
18
7
-608
904
4117
2594110
-55
22
-1
-623
860
4123
2595135
-29
18
-2
-627
852
4101
2596160
-19
10
-3
-634
902
4088
2597185
-53
5
-4
-625
838
4091
2598210
-30
5
-1
-646
814
4102
2599235
-15
-1
10
-648
891
4091
2600260
-50
-5
10
-630
905
4086
2601285
-63
0
9
-627
866
4107
2602310
-58
1
0
-630
829
4106
2603335
-37
1
-4
-640
844
4105
2604360
-54
4
-7
-687
894
4106
2605385
-112
-1
-11
-711
840
4117
2598016
-100
0
-16
-685
747
4138
2599041
-43
10
-4
-676
815
4180
2600066
-62
14
5
-649
862
4197
2601091
-104
32
10
-625
783
4200
2602116
-54
54
10
-621
752
4164
2603141
-1
66
21
-643
879
4168
2604166
-64
56
40
-649
872
4159
2605191
-82
39
43
-623
757
4124
2606216
16
30
36
-628
800
4109
2607241
66
19
20
-636
857
4106
2608266
74
9
14
-642
830
4121
2609291
106
-10
8
-644
838
4126
2610316
99
-25
4
-643
916
4107
2611341
12
-35
9
-631
908
4104
2612366
-54
-41
18
-630
791
4118
2613391
9
-45
10
-625
710
4131
2606208
91
-44
7
-645
868
4132
2607233
42
-46
5
-640
902
4118
2608258
-26
-41
13
-646
860
4090
2609283
-32
-37
11
-665
814
4102
2610308
17
-38
-1
-644
768
4103
2611333
57
-27
-1
-656
872
4082
2612358
4
-22
4
-656
886
4073
2613383
-38
-13
4
-669
788
4061
2614408
19
-3
-8
-722
776
4085
2615433
117
0
-29
-744
759
4166
2616458
186
12
-61
-720
928
4174
2617483
118
48
-69
-722
1094
4171
2618508
-12
80
-61
-695
933
4178
2619533
-15
113
-53
-674
797
4178
2620558
59
132
-26
-700
866
4162
2621583
67
126
4
-704
967
4124
2614400
-5
104
32
-693
982
4112
2615425
-56
74
44
-661
895
4111
2616450
-40
57
53
-625
935
4115
2617475
-152
54
67
-619
1137
4131
2618500
-494
60
97
-589
1199
4169
2619525
-1094
88
172
-573
1451
4210
2620550
-2398
169
336
-535
1880
4266
2621575
-4542
475
596
-302
1517
4367
2622600
-6535
1005
926
-420
158
4118
2623625
-7448
1439
1175
-963
-1039
3850
2624650
-7547
1561
1156
-1285
-1525
3660
2625675
-7272
1533
1082
-1298
-2088
3345
2626700
-6756
1548
1010
-1376
-2672
2943
2627725
-6503
1539
874
-1553
-2677
2528
2628750
-6807
1402
805
-1770
-2003
2009
2629775
-7363
1174
875
-1817
-1980
1199
2622592
-7861
1034
1013
-1755
-2517
387
2623617
-8190
1026
1070
-1822
-2681
-439
2624642
-8129
1069
1089
-1943
-2997
-1081
2625667
-7301
1061
1095
-2006
-4236
-1318
2626692
-5417
1063
822
-2010
-4978
-1549
2627717
-2979
1069
509
-2081
-4402
-1958
2628742
-1132
980
323
-2196
-3359
-2073
2629767
-570
828
210
-2096
-2634
-1738
2630792
-842
731
116
-1961
-2875
-1560
2631817
-988
705
108
-2065
-3288
-1905
2632842
-820
653
130
-2207
-3512
-2032
2633867
-529
573
128
-2212
-3463
-1943
2634892
-471
516
122
-2220
-3319
-2053
2635917
-527
481
118
-2215
-3406
-2231
2636942
-461
449
142
-2234
-3406
-2296
2637967
-422
397
165
-2195
-3358
-2265
2630785
-374
344
182
-2190
-3330
-2301
2631810
-283
285
210
-2165
-3268
-2366
2632835
-256
219
242
-2129
-3219
-2386
2633860
-217
158
242
-2122
-3202
-2422
2634885
-122
102
222
-2114
-3078
-2405
2635910
-110
50
191
-2107
-3010
-2309
2636935
-153
14
144
-2107
-3061
-2254
2637960
-167
-7
83
-2106
-3087
-2228
2638985
-106
-18
13
-2092
-3111
-2202
2640010
-23
-24
-27
-2067
-3039
-2268
2641035
-16
-25
-57
-2015
-3029
-2228
2642060
16
-13
-86
-1993
-3062
-2204
2643085
98
-2
-110
-1980
-3003
-2220
2644110
150
2
-138
-1951
-3057
-2216
2645135
208
6
-158
-1993
-2963
-2278
2646160
143
14
-166
-2022
-2800
-2421
2638975
71
17
-179
-2016
-2955
-2338
2640000
56
7
-193
-1985
-3032
-2176
2641025
-20
11
-206
-1973
-3043
-2186
2642050
-52
16
-203
-1972
-3175
-2200
2643075
-14
18
-183
-1929
-3118
-2204
2644100
-4
19
-155
-1929
-3115
-2226
2645125
9
17
-135
-1941
-3133
-2256
2646150
21
6
-121
-1944
-3121
-2244
2647175
32
-4
-109
-1922
-3086
-2209
2648200
47
-7
-92
-1895
-3082
-2171
2649225
60
-2
-73
-1883
-3055
-2176
2650250
50
4
-60
-1886
-3049
-2179
2651275
44
8
-55
-1896
-3059
-2178
2652300
64
9
-63
-1879
-3068
-2156
2653325
74
11
-65
-1881
-3032
-2185
2654350
-1
15
-49
-1871
-2986
-2266
2647168
-55
21
-36
-1858
-3103
-2243
2648193
-42
18
-21
-1843
-3133
-2230
2649218
-34
10
-7
-1842
-3101
-2238
2650243
-38
2
1
-1855
-3094
-2251
2651268
-48
0
7
-1860
-3120
-2241
2652293
-37
2
4
-1842
-3145
-2175
2653318
-5
10
4
-1836
-3144
-2181
2654343
34
27
4
-1838
-3144
-2234
2655368
96
47
-4
-1837
-3078
-2208
2656393
117
49
-18
-1821
-3056
-2109
2657418
120
55
-43
-1826
-3055
-2124
2658443
118
60
-64
-1853
-3016
-2193
2659468
54
56
-78
-1851
-3014
-2175
2660493
-50
60
-83
-1858
-3109
-2206
2661518
-57
63
-83
-1869
-3197
-2214
2662543
-14
57
-72
-1856
-3167
-2177
2655360
-35
48
-54
-1845
-3170
-2261
2656385
-72
33
-34
-1830
-3201
-2313
2657410
-85
12
-15
-1798
-3211
-2306
2658435
-62
-8
-5
-1794
-3224
-2307
2659460
-9
-22
2
-1801
-3209
-2277
2660485
16
-33
0
-1800
-3143
-2217
2661510
-4
-33
-9
-1820
-3127
-2228
2662535
-10
-30
-29
-1824
-3147
-2237
2663560
27
-25
-60
-1798
-3152
-2191
2664585
73
-23
-78
-1801
-3139
-2197
2665610
54
-28
-84
-1786
-3125
-2194
2666635
8
-24
-85
-1788
-3126
-2200
2667660
-16
-15
-74
-1770
-3165
-2201
2668685
-6
-5
-59
-1753
-3183
-2172
2669710
20
1
-37
-1746
-3156
-2206
2670735
24
6
-16
-1745
-3141
-2215
2663551
10
11
2
-1758
-3114
-2217
2664576
-24
18
14
-1760
-3112
-2244
2665601
-30
20
20
-1768
-3132
-2245
2666626
-5
16
21
-1770
-3132
-2253
2667651
6
12
17
-1770
-3127
-2230
2668676
16
10
10
-1782
-3146
-2211
2669701
27
11
7
-1779
-3107
-2195
2670726
-32
17
9
-1760
-3113
-2203
2671751
-53
22
9
-1757
-3187
-2238
2672776
-9
18
9
-1768
-3177
-2256
2673801
4
7
9
-1786
-3170
-2224
2674826
-9
2
6
-1791
-3172
-2218
2675851
-4
9
10
-1791
-3166
-2237
2676876
-15
14
20
-1771
-3179
-2246
2677901
-9
17
24
-1782
-3199
-2251
2678926
25
18
27
-1792
-3190
-2281
2671744
37
19
27
-1776
-3163
-2229
2672769
5
21
32
-1766
-3170
-2217
2673794
-17
14
39
-1771
-3192
-2234
2674819
6
6
39
-1780
-3187
-2239
2675844
32
2
39
-1789
-3170
-2243
2676869
33
-2
31
-1793
-3153
-2237
2677894
31
-5
30
-1789
-3154
-2191
2678919
43
-3
30
-1778
-3167
-2187
2679944
75
5
31
-1792
-3161
-2216
2680969
78
10
30
-1790
-3156
-2215
2681994
61
8
27
-1799
-3177
-2252
2683019
73
-3
11
-1816
-3256
-2240
2684044
148
-23
-15
-1862
-3332
-2225
2685069
316
-58
-96
-1959
-3384
-2215
2686094
537
-107
-236
-1967
-3468
-2176
2687119
724
-149
-375
-1881
-3601
-2170
2679936
944
-202
-457
-1840
-3913
-2265
2680961
1502
-286
-517
-1862
-4280
-2321
2681986
2268
-394
-550
-1804
-4355
-2000
2683011
2712
-494
-510
-1728
-4187
-1524
2684036
2799
-558
-431
-1698
-4169
-1220
2685061
2848
-581
-334
-1738
-4388
-1100
2686086
3084
-575
-250
-1730
-4491
-937
2687111
3648
-585
-204
-1604
-4716
-943
2688136
4705
-614
-150
-1629
-5065
-899
2689161
6098
-646
-188
-1642
-4909
-664
2690186
7799
-670
-332
-1510
-4621
-340
2691211
10128
-651
-345
-1425
-4413
-115
2692236
12778
-685
-214
-1484
-4138
152
2693261
14827
-917
-196
-1526
-3461
597
2694286
15020
-1285
18
-1759
-1578
496
2695311
12664
-1495
150
-1969
2063
402
2688128
8006
-1481
436
-1505
4437
1136
2689153
2657
-1377
624
-253
3053
2028
2690178
138
-849
589
118
1211
3797
2691203
383
-545
728
-701
992
4682
2692228
359
-702
523
-697
1899
4275
2693253
-380
-655
302
-281
1904
4399
2694278
-669
-388
220
-452
885
4681
2695303
-295
-261
121
-558
733
4752
2696328
-93
-165
13
-594
1180
4526
2697353
-245
-44
-39
-644
1143
4392
2698378
-262
45
-63
-664
842
4338
2699403
-166
93
-70
-694
863
4254
2700428
-214
106
-52
-708
834
4159
2701453
-173
99
-5
-689
703
4099
2702478
-65
60
59
-685
899
4075
2703503
-92
7
107
-642
933
4051
2696321
-68
-23
132
-610
860
4029
2697346
23
-40
127
-593
1033
4010
2698371
-31
-37
97
-608
1053
4051
2699396
-161
-37
52
-610
922
4089
2700421
-169
-43
14
-600
834
4110
2701446
-63
-32
5
-597
809
4154
2702471
-27
-15
19
-657
914
4157
2703496
-111
-16
11
-669
847
4151
2704521
-106
-15
-4
-647
730
4164
2705546
-28
-10
-10
-632
788
4176
2706571
-16
4
-11
-597
814
4150
2707596
-60
33
-2
-627
884
4130
2708621
-114
35
-9
-640
778
4102
2709646
-67
26
-18
-632
711
4086
2710671
-19
14
-16
-643
811
4058
2711696
-86
4
-6
-636
877
4045
2704513
-209
-1
-1
-645
843
4033
2705538
-241
-8
-9
-642
628
4009
2706563
-121
-9
-13
-633
579
4070
2707588
-67
-18
-7
-646
719
4151
2708613
-132
-22
-7
-629
700
4161
2709638
-171
-13
-6
-633
714
4183
2710663
-197
-10
-2
-654
703
4204
2711688
-166
-14
-6
-620
596
4227
2712713
-31
-6
-7
-604
627
4268
2713738
27
-2
6
-643
830
4266
2714763
-79
-10
21
-652
813
4214
2715788
-124
-10
34
-633
664
4219
2716813
-56
-9
31
-627
608
4254
2717838
34
-11
26
-614
659
4238
2718863
61
-10
19
-621
733
4184
2719888
26
-2
23
-612
747
4178
2712704
-32
7
24
-621
686
4165
2713729
-40
11
16
-625
587
4158
2714754
17
11
9
-636
612
4139
2715779
28
5
11
-642
720
4144
2716804
-26
-1
15
-630
689
4131
2717829
-37
-2
17
-638
664
4141
2718854
-24
-11
9
-623
637
4151
2719879
10
-17
-3
-623
619
4109
2720904
45
-11
-8
-653
686
4115
2721929
-4
-11
-2
-663
742
4151
2722954
-66
-15
0
-647
654
4165
2723979
-34
-12
-11
-642
589
4176
2725004
18
-11
-22
-634
627
4153
2726029
0
-3
-10
-638
676
4146
2727054
-41
-5
10
-640
642
4151
2728079
-32
-6
14
-640
634
4173
2720898
-17
-9
14
-627
659
4192
2721923
-4
-8
9
-630
658
4181
2722948
25
-10
3
-628
674
4171
2723973
30
-11
2
-630
673
4184
2724998
19
-7
7
-625
681
4167
2726023
-24
-1
12
-624
745
4161
2727048
-94
5
12
-607
666
4160
2728073
-67
8
6
-632
581
4150
2729098
13
-3
-1
-637
657
4140
2730123
-28
-8
3
-635
798
4127
2731148
-173
-12
3
-628
699
4147
2732173
-165
-13
-16
-615
431
4163
2733198
34
-16
-30
-627
494
4189
2734223
87
-28
-30
-613
696
4157
2735248
-21
-14
-12
-615
673
4158
2736273
-80
-8
1
-616
591
4191
2729164
-42
-10
-8
-610
485
4198
2730189
76
-8
-19
-605
531
4196
2731214
97
-7
-15
-636
725
4198
2732239
-10
-11
-15
-613
656
4171
2733264
-36
-8
-27
-593
591
4187
2734289
-16
-9
-45
-595
578
4209
2735314
13
-6
-58
-594
528
4193
2736339
39
-15
-62
-614
606
4204
2737364
6
-27
-62
-592
574
4187
2738389
13
-28
-53
-603
526
4200
2739414
57
-39
-35
-640
571
4207
2740439
61
-54
-16
-637
672
4205
2741464
7
-56
0
-618
664
4192
2742489
4
-43
5
-621
578
4209
2743514
68
-37
-4
-638
628
4164
2744539
70
-32
-7
-636
790
4131
2737280
-40
-21
-8
-614
775
4128
2738305
-96
0
-19
-619
632
4127
2739330
-24
8
-41
-644
572
4142
2740355
47
0
-56
-639
644
4129
2741380
18
2
-50
-635
739
4104
2742405
-72
6
-35
-638
703
4115
2743430
-124
6
-30
-639
638
4177
2744455
-127
-10
-31
-605
580
4183
2745480
-82
-15
-32
-573
618
4154
2746505
-79
-14
-23
-591
727
4165
2747530
-187
-16
-16
-587
781
4165
2748555
-413
-10
-10
-596
815
4186
2749580
-820
-4
16
-604
942
4239
2750605
-1825
-11
165
-565
1440
4370
2751630
-4285
111
458
-294
1970
4280
2752655
-7487
581
780
-201
1178
3575
2745473
-9467
1128
1325
-701
-839
2893
2746498
-10027
1388
1666
-1379
-2409
2238
2747523
-9865
1357
1563
-1583
-3061
1876
2748548
-9360
1234
1333
-1582
-3281
1687
2749573
-8884
1077
1145
-1622
-3084
1263
2750598
-8973
935
1087
-1632
-2583
440
2751623
-9513
867
1107
-1652
-2592
-550
2752648
-9517
839
1282
-1689
-3815
-1431
2753673
-8627
868
1258
-1983
-4144
-1844
2754698
-6957
755
1069
-1736
-5238
-2719
2755723
-3715
946
902
-1984
-6109
-2903
2756748
-476
890
503
-1916
-3836
-1987
2757773
300
659
210
-1308
-2371
-1345
2758798
-246
564
130
-1489
-3187
-1850
2759823
-374
503
24
-1773
-3322
-2740
2760848
-381
439
-20
-1832
-3176
-2869
2753664
-413
367
25
-1821
-3446
-2599
2754689
-287
299
11
-1755
-3658
-2296
2755714
-141
218
-13
-1712
-3500
-2228
2756739
-77
162
-1
-1736
-3418
-2353
2757764
-54
149
39
-1744
-3290
-2441
2758789
-107
156
73
-1730
-3328
-2378
2759814
-109
140
84
-1699
-3327
-2282
2760839
-54
109
80
-1692
-3149
-2274
2761864
-55
78
89
-1696
-3179
-2357
2762889
-71
58
80
-1705
-3202
-2379
2763914
-57
49
73
-1727
-3131
-2419
2764939
-43
43
82
-1713
-3144
-2309
2765964
-60
36
82
-1684
-3051
-2216
2766989
-72
32
83
-1690
-3172
-2230
2768014
-6
25
77
-1696
-3168
-2237
2769039
39
27
71
-1700
-3107
-2292
2761856
26
48
88
-1706
-3138
-2314
2762881
-10
68
106
-1676
-3118
-2318
2763906
-56
77
109
-1674
-3180
-2339
2764931
-24
69
109
-1695
-3181
-2389
2765956
4
46
103
-1704
-3156
-2410
2766981
32
35
88
-1752
-3110
-2432
2768006
22
35
77
-1722
-3084
-2364
2769031
-26
40
75
-1700
-3107
-2346
2770056
-5
43
72
-1701
-3165
-2356
2771081
70
36
60
-1711
-3074
-2379
2772106
73
28
53
-1723
-3019
-2389
2773131
28
29
50
-1730
-3055
-2372
2774156
-6
28
45
-1732
-3089
-2337
2775181
-8
25
42
-1744
-3104
-2317
2776206
13
21
46
-1752
-3099
-2335
2777231
21
14
43
-1734
-3050
-2338
2770049
15
7
41
-1744
-3057
-2348
2771074
7
-1
36
-1744
-3051
-2371
2772099
-6
0
35
-1747
-3050
-2349
2773124
-23
1
38
-1727
-3013
-2311
2774149
-61
4
50
-1705
-3051
-2351
2775174
-65
6
50
-1718
-3097
-2378
2776199
-20
2
37
-1745
-3065
-2375
2777224
-1
-6
20
-1734
-3055
-2331
2778249
-20
-7
9
-1747
-3073
-2342
2779274
-39
-2
4
-1754
-3077
-2374
2780299
-43
7
-1
-1749
-3109
-2353
2781324
-11
9
2
-1753
-3112
-2335
2782349
10
8
6
-1741
-3061
-2325
2783374
4
8
13
-1736
-3052
-2352
2784399
-11
12
18
-1747
-3072
-2375
2785424
-21
11
15
-1750
-3059
-2390
2778240
-7
9
5
-1741
-3072
-2348
2779265
28
8
-6
-1723
-3089
-2320
2780290
59
16
1
-1735
-3058
-2352
2781315
22
22
15
-1717
-3015
-2391
2782340
-40
21
17
-1725
-2980
-2392
2783365
-72
9
21
-1732
-3095
-2413
2784390
-5
0
13
-1757
-3120
-2391
2785415
66
-9
4
-1749
-3042
-2360
2786440
34
-5
6
-1743
-3014
-2362
2787465
-25
2
9
-1734
-3028
-2353
2788490
-39
5
8
-1747
-3089
-2342
2789515
-8
7
5
-1747
-3116
-2331
2790540
36
10
5
-1732
-3087
-2348
2791565
29
18
11
-1735
-3020
-2387
2792590
-24
25
18
-1743
-3038
-2391
2793615
-46
18
18
-1733
-3105
-2382
2786432
-2
7
11
-1750
-3075
-2381
2787457
7
-2
9
-1744
-3057
-2400
2788482
3
1
4
-1751
-3048
-2389
2789507
3
4
0
-1745
-3036
-2398
2790532
-11
2
-8
-1745
-3076
-2357
2791557
7
-5
-8
-1739
-3093
-2372
2792582
23
-10
-8
-1724
-3079
-2384
2793607
45
-8
-6
-1719
-3083
-2405
2794632
60
-11
-7
-1727
-3026
-2403
2795657
36
-14
-24
-1716
-3031
-2360
2796682
36
-14
-57
-1709
-3001
-2351
2797707
5
-13
-71
-1709
-2896
-2358
2798732
-69
-8
-71
-1685
-3032
-2396
2799757
-43
5
-64
-1695
-3136
-2391
2800782
21
9
-57
-1685
-3096
-2338
2801807
10
11
-49
-1695
-3095
-2337
2794624
-15
15
-40
-1702
-3103
-2359
2795649
-23
24
-21
-1698
-3164
-2389
2796674
2
29
-1
-1690
-3183
-2419
2797699
26
23
16
-1688
-3143
-2417
2798724
31
10
19
-1699
-3152
-2405
2799749
104
-7
15
-1701
-3173
-2447
2800774
201
-22
10
-1693
-3188
-2417
2801799
261
-27
-5
-1702
-3196
-2346
2802824
315
-21
-25
-1729
-3296
-2293
2803849
420
-24
-61
-1728
-3372
-2270
2804874
592
-33
-103
-1726
-3403
-2201
2805899
787
-39
-147
-1752
-3481
-2149
2806924
992
-29
-189
-1790
-3485
-2133
2807949
1162
-36
-222
-1735
-3586
-2028
2808974
1190
-59
-238
-1758
-3610
-2015
2809999
1036
-98
-244
-1787
-3437
-1988
2802956
670
-126
-244
-1744
-3514
-1894
2803981
454
-144
-274
-1690
-3906
-2003
2805006
879
-199
-311
-1690
-4382
-2191
2806031
1970
-316
-397
-1684
-4682
-2188
2807056
3354
-497
-510
-1631
-4808
-1803
2808081
4723
-691
-596
-1464
-4791
-1264
2809106
6143
-812
-626
-1321
-4912
-917
2810131
7771
-846
-548
-1317
-5125
-728
2811156
9548
-849
-433
-1249
-5045
-445
2812181
11495
-811
-379
-1255
-4714
22
2813206
13970
-811
-495
-1418
-4841
266
2814231
16949
-1025
-560
-1448
-3868
-220
2815256
17866
-1340
-331
-1291
-24
-380
2816281
13244
-1327
129
-1727
3611
738
2817306
4398
-1130
68
-1308
6345
1529
2818331
-1555
-660
113
-304
3701
3106
2811008
-1170
-503
816
-290
-2379
4330
2812033
1021
-639
620
-464
639
4253
2813058
461
-618
390
-790
2867
4085
2814083
-584
-522
335
-338
894
4242
2815108
-291
-410
360
-404
885
4510
2816133
-208
-344
283
-608
1200
4564
2817158
-357
-294
182
-439
885
4393
2818183
-184
-200
137
-503
945
4288
2819208
-90
-148
100
-585
1094
4299
2820233
-191
-112
58
-528
800
4271
2821258
-120
-72
58
-474
675
4235
2822283
-23
-47
106
-474
777
4203
2823308
-27
-42
148
-462
839
4168
2824333
-39
-40
179
-459
906
4114
2825358
-61
-35
173
-453
959
4095
2826383
-51
-31
151
-442
943
4106
2819200
-19
-35
117
-430
867
4138
2820225
57
-39
86
-381
883
4120
2821250
45
-20
81
-390
923
4118
2822275
-60
-5
95
-364
823
4146
2823300
-81
6
94
-332
663
4164
2824325
22
5
89
-337
704
4082
2825350
68
6
119
-377
927
4081
2826375
-61
0
138
-390
947
4092
2827400
-152
-18
122
-371
829
4105
2828425
-117
-34
97
-348
798
4159
2829450
-64
-41
75
-335
786
4174
2830475
-15
-42
65
-327
838
4225
2831500
0
-38
66
-333
873
4221
2832525
-38
-31
53
-314
865
4172
2833550
-80
-15
27
-337
854
4176
2834575
-70
0
3
-327
765
4201
2827392
-24
16
-3
-349
796
4209
2828417
-46
18
-6
-371
790
4136
2829442
-84
16
-5
-377
801
4074
2830467
-103
14
-9
-383
709
4070
2831492
-53
7
-7
-369
691
4100
2832517
-29
2
3
-397
787
4144
2833542
-82
-11
15
-392
785
4149
2834567
-110
-26
23
-384
747
4154
2835592
-86
-39
16
-346
669
4177
2836617
-14
-29
17
-336
723
4192
2837642
-8
-18
25
-375
817
4187
2838667
-56
-19
19
-371
783
4178
2839692
-78
-15
12
-348
734
4198
2840717
-100
-6
9
-353
683
4213
2841742
-75
3
5
-355
653
4189
2842767
-28
9
-3
-348
711
4177
2835584
-31
16
-9
-346
682
4192
2836609
-42
22
-8
-343
629
4164
2837634
-59
32
1
-373
704
4166
2838659
-123
29
23
-400
698
4173
2839684
-120
14
31
-400
650
4170
2840709
-52
2
21
-368
665
4151
2841734
-27
9
21
-363
677
4175
2842759
-37
18
33
-388
702
4173
2843784
-51
13
26
-393
684
4222
2844809
-53
9
15
-351
657
4200
2845834
-25
23
16
-369
670
4207
2846859
-13
24
3
-344
622
4194
2847884
3
37
1
-358
674
4233
2848909
-36
39
5
-378
722
4227
2849934
-80
35
7
-339
679
4211
2850959
-95
39
15
-354
694
4204
2843775
-119
35
20
-369
617
4169
2844800
-86
27
24
-390
626
4166
2845825
-86
13
22
-416
691
4144
2846850
-128
1
21
-398
647
4139
2847875
-124
-4
19
-398
577
4162
2848900
-60
-8
7
-396
561
4187
2849925
-20
-7
1
-393
637
4197
2850950
-59
-3
-8
-398
607
4188
2851975
-92
2
-10
-361
539
4198
2853000
-86
19
5
-389
547
4216
2854025
-114
20
19
-420
598
4225
2855050
-147
10
19
-416
567
4205
2856075
-106
5
10
-391
484
4233
2857100
-33
7
0
-394
535
4268
2858125
-33
6
-2
-401
645
4252
2859150
-111
9
-3
-369
599
4221
2851968
-161
24
-4
-376
537
4223
2852993
-166
25
-9
-404
443
4236
2854018
-97
20
-19
-421
410
4175
2855043
-48
17
-15
-432
500
4168
2856068
-117
20
4
-446
508
4196
2857093
-184
22
23
-445
387
4218
2858118
-134
25
29
-446
343
4228
2859143
-74
31
31
-450
422
4213
2860168
-90
35
35
-443
454
4186
2861193
-110
40
38
-432
455
4217
2862218
-130
39
39
-440
426
4217
2863243
-114
35
35
-419
383
4215
2864268
-74
38
32
-416
428
4218
2865293
-63
37
26
-425
425
4213
2866318
-73
26
20
-428
444
4208
2867343
-97
14
18
-428
398
4209
2860160
-95
6
13
-433
371
4226
2861185
-67
-6
2
-452
358
4250
2862210
-20
-20
-3
-438
339
4267
2863235
10
-24
4
-438
360
4257
2864260
27
-21
9
-438
387
4264
2865285
9
-18
13
-442
456
4261
2866310
-47
-12
10
-459
380
4245
2867335
-8
-8
1
-457
284
4230
2868360
68
-4
0
-472
405
4229
2869385
2
-5
13
-485
479
4196
2870410
-83
-5
21
-466
326
4208
2871435
-43
1
24
-480
299
4237
2872460
16
-5
17
-495
320
4218
2873485
50
-11
14
-457
399
4223
2874510
-13
-2
24
-448
450
4232
2875535
-91
9
37
-428
334
4237
2868352
-53
15
44
-429
299
4278
2869377
-4
12
39
-437
409
4265
2870402
-42
14
33
-428
468
4230
2871427
-132
23
36
-432
455
4260
2872452
-221
33
44
-424
357
4291
2873477
-286
48
51
-432
402
4291
2874502
-518
54
73
-439
647
4296
2875527
-1254
85
142
-405
832
4328
2876552
-2308
195
259
-323
542
4368
2877577
-3255
365
389
-335
189
4342
2878602
-4096
549
491
-403
-121
4238
2879627
-4898
767
611
-443
-726
4046
2880652
-5326
994
720
-635
-1556
3886
2881677
-5164
1115
731
-855
-2133
3778
2882702
-5019
1134
661
-922
-1942
3523
2883727
-5595
1190
636
-954
-1617
2964
2876544
-6899
1282
799
-1146
-1961
2138
2877569
-8258
1318
992
-1480
-2482
1362
2878594
-9380
1200
1109
-1735
-2293
700
2879619
-10646
977
1253
-1697
-1981
-514
2880644
-11692
918
1532
-1757
-2244
-1918
2881669
-11120
918
1785
-2029
-4731
-2691
2882694
-7738
983
1481
-1959
-7865
-2397
2883719
-2324
1081
729
-1801
-6236
-1951
2884744
1014
812
211
-1547
-2596
-1649
2885769
633
542
-119
-1453
-1828
-1979
2886794
-371
451
-121
-1711
-3303
-2809
2887819
-555
396
-137
-1841
-3637
-2758
2888844
-448
270
-152
-1784
-3770
-2295
2889869
-83
139
-171
-1851
-3803
-2088
2890894
170
32
-189
-1792
-3553
-2179
2891919
86
17
-158
-1789
-3335
-2101
2884736
-113
43
-86
-1778
-3483
-2027
2885761
-158
71
-12
-1777
-3641
-1986
2886786
-41
76
28
-1711
-3589
-1978
2887811
57
67
54
-1680
-3414
-2015
2888836
42
50
75
-1668
-3316
-2057
2889861
-6
37
69
-1676
-3289
-2078
2890886
-7
26
43
-1702
-3228
-2035
2891911
-46
22
21
-1685
-3237
-2007
2892936
-58
37
20
-1684
-3285
-1993
2893961
-60
57
25
-1683
-3328
-1994
2894986
-61
60
28
-1716
-3332
-2025
2896011
-73
51
31
-1743
-3314
-2107
2897036
-70
53
31
-1722
-3320
-2106
2898061
-34
57
48
-1692
-3399
-2068
2899086
-1
53
67
-1684
-3369
-2051
2900111
7
53
77
-1677
-3365
-2052
2892928
44
56
87
-1699
-3336
-2058
2893953
47
58
86
-1700
-3241
-2030
2894978
-21
59
87
-1716
-3219
-2095
2896003
-49
59
79
-1707
-3308
-2090
2897028
-2
51
70
-1718
-3272
-2079
2898053
18
41
62
-1720
-3288
-2083
2899078
19
39
56
-1714
-3275
-2071
2900103
20
39
52
-1693
-3274
-2030
2901128
-6
32
45
-1688
-3231
-2079
2902153
-32
30
32
-1707
-3283
-2118
2903178
9
25
14
-1702
-3291
-2116
2904203
30
20
10
-1701
-3261
-2095
2905228
18
22
7
-1706
-3289
-2098
2906253
3
25
4
-1697
-3274
-2114
2907278
-8
25
7
-1690
-3327
-2121
2908303
8
18
1
-1692
-3332
-2117
2901121
23
7
-3
-1700
-3310
-2120
2902146
13
-6
-1
-1701
-3321
-2149
2903171
0
-10
0
-1694
-3347
-2118
2904196
8
-16
10
-1683
-3341
-2083
2905221
9
-16
15
-1686
-3351
-2089
2906246
44
-12
14
-1673
-3298
-2090
2907271
40
-12
16
-1680
-3247
-2096
2908296
-6
-10
15
-1691
-3279
-2109
2909321
-4
-5
4
-1695
-3308
-2086
2910346
37
-1
-13
-1686
-3307
-2041
2911371
63
3
-29
-1674
-3272
-2045
2912396
51
7
-39
-1681
-3251
-2054
2913421
22
10
-44
-1680
-3262
-2058
2914446
-12
10
-46
-1649
-3300
-2049
2915471
1
13
-48
-1653
-3349
-2056
2916496
44
13
-46
-1649
-3300
-2044
2909313
25
9
-37
-1649
-3267
-2014
2910338
2
9
-23
-1667
-3287
-1993
2911363
-2
15
-14
-1665
-3286
-2020
2912388
-8
22
-12
-1669
-3268
-2022
2913413
-31
26
-13
-1658
-3289
-2011
2914438
-42
29
-13
-1669
-3330
-2048
2915463
-39
32
-15
-1647
-3339
-2021
2916488
-27
41
-14
-1643
-3356
-2025
2917513
2
51
-15
-1668
-3333
-2044
2918538
-13
56
-17
-1649
-3352
-2070
2919563
-48
54
-17
-1651
-3377
-2134
2920588
-16
49
-17
-1653
-3349
-2169
2921613
26
46
-14
-1650
-3310
-2213
2922638
27
45
-19
-1637
-3260
-2193
2923663
5
41
-25
-1617
-3326
-2175
2924688
27
30
-35
-1607
-3324
-2156
2917504
43
15
-34
-1611
-3299
-2156
2918529
20
7
-28
-1587
-3286
-2147
2919554
-16
5
-15
-1584
-3331
-2096
2920579
-8
-3
-7
-1605
-3364
-2070
2921604
1
-9
-1
-1601
-3320
-2055
2922629
-28
-1
16
-1616
-3331
-2116
2923654
-48
14
36
-1616
-3303
-2129
2924679
-31
27
42
-1621
-3339
-2111
2925704
2
28
30
-1628
-3293
-2112
2926729
-10
24
17
-1616
-3274
-2132
2927754
-8
28
13
-1637
-3296
-2165
2928779
9
32
5
-1637
-3262
-2168
2929804
6
27
-14
-1608
-3293
-2128
2930829
30
23
-27
-1592
-3271
-2100
2931854
15
27
-23
-1589
-3227
-2141
2932879
-32
38
-22
-1595
-3269
-2162
2925696
-33
36
-29
-1580
-3310
-2173
2926721
1
28
-36
-1573
-3317
-2166
2927746
28
18
-39
-1586
-3322
-2136
2928771
30
12
-37
-1587
-3316
-2109
2929796
18
15
-23
-1589
-3319
-2128
2930821
6
25
-14
-1592
-3344
-2104
2931846
23
28
-12
-1593
-3361
-2094
2932871
43
24
-11
-1588
-3345
-2104
2933896
40
20
-6
-1578
-3325
-2090
2934921
15
16
2
-1578
-3343
-2102
2935946
19
21
10
-1601
-3353
-2100
2936971
28
24
11
-1586
-3349
-2082
2937996
30
24
10
-1580
-3341
-2099
2939021
18
22
6
-1565
-3346
-2104
2940046
22
16
-6
-1557
-3379
-2093
2941071
43
6
-16
-1564
-3386
-2078
2933887
46
1
-16
-1556
-3342
-2080
2934912
29
4
-9
-1557
-3370
-2064
2935937
27
3
-9
-1558
-3376
-2065
2936962
44
-3
-15
-1561
-3362
-2063
2937987
44
-6
-18
-1548
-3342
-2059
2939012
42
0
-16
-1555
-3349
-2056
2940037
43
3
-11
-1547
-3375
-2073
2941062
40
9
0
-1545
-3375
-2094
2942087
25
13
9
-1542
-3348
-2092
2943112
-10
11
11
-1538
-3351
-2091
2944137
-8
2
9
-1548
-3413
-2113
2945162
33
-9
5
-1545
-3397
-2101
2946187
41
-13
5
-1528
-3360
-2051
2947212
14
-8
10
-1524
-3352
-2026
2948237
5
1
9
-1517
-3364
-2023
2949262
21
7
8
-1513
-3342
-2053
2942110
5
15
7
-1528
-3325
-2095
2943135
-11
19
2
-1535
-3362
-2097
2944160
-4
18
2
-1546
-3358
-2095
2945185
-10
15
0
-1530
-3354
-2071
2946210
-14
16
0
-1540
-3403
-2083
2947235
15
11
0
-1558
-3383
-2086
2948260
21
3
-4
-1561
-3353
-2080
2949285
12
1
-11
-1543
-3411
-2071
2950310
38
3
-5
-1534
-3388
-2059
2951335
38
4
8
-1538
-3388
-2071
2952360
35
3
12
-1555
-3390
-2082
2953385
56
-3
6
-1572
-3404
-2082
2954410
79
-8
4
-1566
-3375
-2059
2955435
45
-3
10
-1566
-3347
-2058
2956460
-33
0
17
-1574
-3384
-2090
2957485
-47
-7
16
-1582
-3438
-2107
2950273
13
-21
14
-1582
-3416
-2096
2951298
53
-34
17
-1555
-3389
-2072
2952323
58
-35
22
-1549
-3355
-2039
2953348
40
-31
24
-1550
-3355
-2015
2954373
22
-27
20
-1529
-3354
-1994
2955398
16
-19
17
-1515
-3373
-2005
2956423
39
-13
11
-1513
-3369
-2009
2957448
65
-8
4
-1516
-3390
-2010
2958473
85
-3
2
-1517
-3410
-2015
2959498
96
7
-1
-1527
-3393
-2009
2960523
89
13
2
-1543
-3380
-2005
2961548
63
15
-5
-1538
-3430
-1981
2962573
67
17
-11
-1561
-3457
-2021
2963598
83
14
-19
-1559
-3491
-2050
2964623
120
4
-22
-1582
-3464
-2106
2965648
114
-16
-18
-1582
-3414
-2085
2958465
72
-45
-11
-1579
-3441
-2050
2959490
69
-70
-4
-1590
-3490
-2012
2960515
94
-75
5
-1575
-3445
-1961
2961540
89
-67
22
-1552
-3450
-1906
2962565
106
-51
34
-1556
-3458
-1874
2963590
144
-40
38
-1560
-3480
-1882
2964615
170
-32
30
-1567
-3456
-1890
2965640
126
-27
19
-1561
-3478
-1916
2966665
150
-25
4
-1564
-3689
-1961
2967690
399
-47
-24
-1588
-3828
-1963
2968715
724
-92
-65
-1616
-3870
-2012
2969740
1022
-139
-112
-1691
-3877
-1978
2970765
1246
-190
-150
-1685
-3949
-1724
2971790
1465
-241
-154
-1663
-4275
-1563
2972815
1944
-288
-179
-1681
-4616
-1433
2973840
2784
-332
-217
-1668
-4831
-1222
2966656
3673
-375
-227
-1641
-4741
-994
2967681
4364
-422
-226
-1558
-4708
-640
2968706
5107
-474
-223
-1537
-4942
-470
2969731
6414
-575
-301
-1512
-5572
-394
2970756
8796
-689
-500
-1492
-6026
-487
2971781
12163
-814
-654
-1586
-5737
-816
2972806
15615
-1107
-672
-1669
-4605
-1038
2973831
17264
-1537
-594
-1610
-2133
-846
2974856
15390
-1728
-201
-1431
2380
-183
2975881
9817
-1613
521
-1471
5716
1098
2976906
2479
-1453
647
-547
4272
1887
2977931
-1053
-1098
483
506
849
3619
2978956
91
-686
510
83
-546
5062
2979981
1297
-664
245
-287
1056
4680
2981006
698
-625
84
-63
2035
4315
2982031
-318
-339
94
-150
1094
4558
2974848
-491
-154
110
-354
488
4687
2975873
-282
-87
48
-423
704
4542
2976898
-217
-21
-14
-446
828
4379
2977923
-140
36
-57
-543
803
4310
2978948
-7
40
-86
-563
838
4286
2979973
8
28
-63
-504
851
4282
2980998
-78
27
5
-442
786
4253
2982023
-85
26
70
-424
775
4222
2983048
-32
9
95
-416
829
4180
2984073
45
-7
83
-393
888
4114
2985098
78
-11
68
-406
1006
4089
2986123
-1
-4
43
-437
903
4124
2987148
-11
0
4
-467
756
4163
2988173
26
-24
-17
-509
803
4188
2989198
32
-63
-25
-414
621
4229
2990223
161
-73
-10
-358
605
4286
2983039
251
-70
14
-349
718
4295
2984064
238
-62
44
-326
749
4240
2985089
220
-48
66
-291
770
4152
2986114
225
-33
72
-338
871
4039
2987139
189
-37
67
-390
996
4011
2988164
71
-56
68
-370
980
4028
2989189
-10
-56
69
-349
931
4024
2990214
-56
-51
62
-349
957
4012
2991239
-75
-41
45
-336
885
4002
2992264
-5
-28
30
-360
927
4004
2993289
1
-21
26
-402
1034
4031
2994314
-77
-17
20
-369
997
4031
2995339
-107
-3
10
-402
950
4100
2996364
-80
3
-11
-411
900
4149
2997389
-35
8
-27
-381
935
4186
2998414
-58
24
-27
-349
1002
4161
2991232
-125
52
-24
-403
972
4128
2992257
-140
55
-22
-416
911
4158
2993282
-116
48
-8
-420
901
4194
2994307
-98
41
-1
-418
867
4195
2995332
-68
33
-3
-404
842
4186
2996357
-47
28
-4
-400
872
4166
2997382
-84
27
2
-374
865
4144
2998407
-119
31
8
-364
800
4157
2999432
-100
31
8
-366
782
4161
3000457
-73
32
10
-389
749
4139
3001482
-57
29
9
-410
747
4092
3002507
-70
17
9
-419
807
4097
3003532
-110
6
9
-393
768
4102
3004557
-130
14
7
-371
751
4119
3005582
-138
24
2
-381
724
4119
3006607
-123
19
-11
-388
708
4111
2999424
-84
10
-6
-382
685
4156
3000449
-63
2
1
-406
696
4152
3001474
-41
-4
2
-418
754
4149
3002499
-60
-15
-5
-409
792
4159
3003524
-84
-19
-1
-394
739
4200
3004549
-69
-16
8
-405
757
4221
3005574
-60
-13
10
-408
731
4228
3006599
-27
-8
1
-416
733
4192
3007624
-14
-6
-7
-421
748
4200
3008649
-22
-8
-17
-410
699
4179
3009674
-13
-4
-13
-417
742
4172
3010699
-57
4
-2
-438
728
4173
3011724
-87
10
0
-456
662
4167
3012749
-53
9
-7
-449
632
4187
3013774
-5
12
-11
-429
639
4190
3014799
36
23
-9
-427
687
4183
3007616
19
31
-7
-419
746
4182
3008641
-36
39
-3
-403
685
4194
3009666
-57
43
-4
-404
661
4171
3010691
-73
39
-10
-427
661
4171
3011716
-76
22
-9
-406
614
4173
3012741
-54
8
-3
-389
621
4171
3013766
-52
1
8
-382
632
4185
3014791
-46
0
18
-386
622
4189
3015816
-30
0
30
-406
665
4165
3016841
-38
-7
35
-412
673
4145
3017866
-49
-15
23
-400
663
4160
3018891
-40
-22
15
-412
617
4164
3019916
-17
-30
12
-394
678
4139
3020941
-61
-26
17
-395
726
4172
3021966
-133
-17
6
-389
649
4158
3022991
-118
-14
-13
-424
573
4166
3015809
-47
-27
-28
-440
595
4175
3016834
-9
-36
-24
-445
632
4203
3017859
-13
-35
-19
-444
659
4201
3018884
-38
-28
-25
-430
666
4225
3019909
-57
-20
-35
-436
599
4236
3020934
-25
-12
-39
-442
557
4247
3021959
21
-6
-38
-454
588
4241
3022984
17
-1
-27
-444
629
4210
3024009
-28
13
-9
-450
621
4201
3025034
-68
18
2
-449
572
4213
3026059
-52
18
10
-439
520
4216
3027084
9
20
17
-448
545
4200
3028109
30
23
27
-450
648
4184
3029134
-23
23
33
-437
648
4169
3030159
-63
28
31
-422
621
4180
3031184
-54
28
35
-437
595
4200
3024000
-25
26
30
-432
590
4207
3025025
20
24
15
-426
599
4200
3026050
33
20
3
-418
638
4193
3027075
4
23
4
-411
612
4199
3028100
-15
27
9
-420
588
4203
3029125
-18
19
11
-426
591
4198
3030150
4
11
7
-426
592
4199
3031175
21
5
-1
-417
610
4201
3032200
24
5
0
-430
598
4193
3033225
11
5
6
-438
629
4188
3034250
-24
4
10
-469
610
4185
3035275
-17
-6
2
-451
546
4199
3036300
39
-8
-3
-440
586
4187
3037325
33
1
1
-460
672
4181
3038350
-39
6
4
-456
619
4178
3039375
-66
11
2
-473
568
4179
3032192
-52
7
-2
-457
547
4189
3033217
-34
17
-12
-458
549
4181
3034242
-23
22
-16
-476
645
4157
3035267
-95
15
-15
-483
664
4165
3036292
-144
-2
-8
-470
497
4199
3037317
-53
-12
2
-475
476
4234
3038342
-11
-24
11
-465
619
4262
3039367
-68
-23
16
-443
569
4265
3040392
-41
-16
16
-427
536
4278
3041417
15
-11
12
-420
546
4268
3042442
43
3
9
-431
561
4216
3043467
12
16
10
-470
632
4183
3044492
-56
19
0
-469
531
4167
3045517
-38
16
-9
-468
461
4175
3046542
-26
5
-8
-471
527
4182
3047567
-97
8
-5
-463
533
4164
3040384
-104
10
-3
-468
451
4163
3041409
-16
-2
-12
-445
471
4184
3042434
33
-6
-12
-439
581
4227
3043459
-21
0
-11
-424
587
4228
3044484
-86
15
-2
-435
586
4250
3045509
-143
16
-1
-436
514
4261
3046534
-118
20
-11
-439
412
4273
3047559
-13
30
-20
-471
521
4250
3048584
-33
28
-26
-484
686
4200
3049609
-221
34
-22
-475
702
4195
3050634
-524
32
10
-492
883
4227
3051659
-1347
10
105
-449
1446
4291
3052684
-3053
86
264
-308
1404
4301
3053709
-4334
323
401
-288
-344
4138
3054734
-3840
525
457
-505
-1840
4114
3055759
-2703
566
297
-658
-1378
4247
3048575
-2591
547
223
-641
-347
4113
3049600
-3526
628
337
-622
-261
3896
3050625
-4693
777
468
-677
-904
3603
3051650
-5438
932
553
-750
-1692
3386
3052675
-6010
1070
581
-869
-1997
3097
3053700
-6732
1169
572
-988
-2166
2645
3054725
-7988
1233
640
-1132
-1530
2030
3055750
-10278
1170
817
-1312
-234
424
3056775
-12395
1117
1447
-1317
-2246
-1694
3057800
-11946
1427
1898
-1777
-6397
-2194
3058825
-9347
1552
1259
-2263
-5633
-1816
3059850
-6663
1234
979
-1531
-5315
-2467
3060875
-3102
1321
785
-1718
-5930
-2565
3061900
193
1029
317
-1767
-3588
-2418
3062925
593
609
-67
-1426
-2077
-2265
3063950
-221
435
-178
-1603
-3132
-2469
3056768
-200
325
-144
-1760
-3601
-2544
3057793
-75
210
-122
-1624
-3548
-2213
3058818
21
140
-85
-1671
-3577
-2054
3059843
55
101
-59
-1617
-3484
-2041
3060868
-34
89
-29
-1589
-3457
-2043
3061893
-124
76
-12
-1576
-3509
-2029
3062918
-135
66
-11
-1561
-3595
-2000
3063943
-64
59
-10
-1530
-3585
-1966
3064968
0
55
16
-1495
-3480
-2034
3065993
-29
54
47
-1474
-3415
-2095
3067018
-63
52
59
-1500
-3421
-2130
3068043
-40
32
41
-1517
-3390
-2081
3069068
-36
10
9
-1515
-3389
-2036
3070093
-36
-1
-10
-1533
-3385
-2079
3071118
-96
0
-20
-1488
-3386
-2083
3072143
-121
6
-3
-1499
-3494
-2053
3064960
-86
5
10
-1497
-3379
-1934
3065985
-115
9
31
-1474
-3390
-1855
3067010
-56
26
50
-1490
-3485
-1868
3068035
56
39
65
-1506
-3456
-1921
3069060
67
45
81
-1489
-3509
-2028
3070085
56
56
104
-1561
-3512
-2238
3071110
25
65
109
-1572
-3412
-2254
3072135
-21
59
105
-1556
-3427
-2201
3073160
-23
34
78
-1563
-3371
-2223
3074185
11
4
39
-1584
-3350
-2207
3075210
43
-17
-6
-1576
-3246
-2192
3076235
21
-22
-35
-1549
-3288
-2166
3077260
2
-21
-48
-1523
-3364
-2142
3078285
-6
-24
-52
-1502
-3380
-2108
3079310
-4
-26
-48
-1513
-3424
-2081
3080335
14
-28
-43
-1501
-3396
-2068
3073151
10
-27
-31
-1497
-3438
-2047
3074176
25
-24
-24
-1489
-3431
-2027
3075201
54
-18
-20
-1466
-3426
-1990
3076226
87
-8
-13
-1467
-3348
-1957
3077251
83
-1
6
-1452
-3326
-1978
3078276
57
7
13
-1470
-3367
-2050
3079301
80
2
4
-1482
-3413
-2115
3080326
151
5
-7
-1532
-3354
-2178
3081351
130
9
-6
-1509
-3301
-2146
3082376
15
17
-13
-1503
-3322
-2093
3083401
-40
19
-25
-1508
-3428
-2069
3084426
-21
7
-30
-1506
-3474
-2038
3085451
25
-9
-33
-1540
-3449
-2043
3086476
32
-15
-32
-1563
-3387
-2031
3087501
-1
-16
-23
-1548
-3447
-2013
3088526
7
-17
-5
-1551
-3479
-2061
3081344
39
-15
10
-1546
-3432
-2078
3082369
41
-13
28
-1548
-3418
-2063
3083394
38
-13
36
-1526
-3368
-2023
3084419
6
-18
32
-1509
-3314
-2007
3085444
-8
-26
26
-1489
-3428
-2027
3086469
37
-32
14
-1479
-3381
-2043
3087494
15
-39
7
-1449
-3344
-2048
3088519
-15
-37
4
-1458
-3426
-2027
3089544
26
-39
-2
-1442
-3448
-1985
3090569
75
-38
-10
-1440
-3403
-1952
3091594
55
-33
-13
-1443
-3383
-1983
3092619
6
-14
-18
-1450
-3407
-2011
3093644
-5
2
-12
-1455
-3415
-2031
3094669
-16
4
-6
-1430
-3445
-1982
3095694
-6
6
-5
-1456
-3483
-1989
3096719
31
11
-1
-1464
-3456
-2026
3089537
17
18
4
-1459
-3437
-2045
3090562
-19
22
7
-1478
-3480
-2030
3091587
4
17
5
-1507
-3505
-2004
3092612
53
9
4
-1508
-3484
-1998
3093637
67
6
6
-1506
-3452
-1984
3094662
43
10
16
-1496
-3438
-1999
3095687
27
16
22
-1483
-3458
-1976
3096712
42
20
23
-1494
-3443
-1949
3097737
50
19
29
-1511
-3401
-1989
3098762
18
16
31
-1524
-3397
-1999
3099787
-9
17
28
-1545
-3439
-2015
3100812
-4
16
16
-1539
-3437
-1986
3101837
14
12
14
-1533
-3430
-1996
3102862
16
8
15
-1526
-3431
-1997
3103887
0
3
12
-1533
-3449
-1995
3104912
8
-3
9
-1529
-3456
-1977
3097727
18
-7
6
-1513
-3456
-1971
3098752
11
-7
8
-1501
-3402
-1982
3099777
-12
-1
3
-1502
-3392
-1985
3100802
-21
-2
1
-1505
-3421
-2014
3101827
-10
-8
-3
-1508
-3430
-2011
3102852
15
-14
-1
-1511
-3436
-1990
3103877
13
-15
1
-1493
-3368
-1979
3104902
-29
-7
2
-1499
-3415
-1967
3105927
-37
2
5
-1498
-3442
-1979
3106952
-25
4
8
-1498
-3462
-1993
3107977
-21
2
10
-1500
-3458
-2024
3109002
-28
0
8
-1494
-3455
-2013
3110027
-34
-6
9
-1498
-3477
-2007
3111052
-19
-14
8
-1499
-3465
-2019
3112077
-18
-18
8
-1499
-3443
-2044
3113102
-19
-21
9
-1494
-3452
-2032
3105921
2
-23
13
-1500
-3471
-2008
3106946
30
-21
19
-1494
-3430
-1997
3107971
11
-19
23
-1514
-3373
-1991
3108996
-38
-20
29
-1494
-3460
-1966
3110021
-20
-7
29
-1518
-3474
-1953
3111046
-6
-3
23
-1511
-3444
-1961
3112071
-13
6
11
-1526
-3478
-1980
3113096
17
11
4
-1525
-3452
-1977
3114121
19
8
4
-1512
-3454
-1987
3115146
17
4
1
-1516
-3464
-1987
3116171
41
1
-3
-1505
-3453
-1973
3117196
67
3
-7
-1504
-3426
-1952
3118221
79
8
-16
-1503
-3363
-1958
3119246
41
11
-18
-1494
-3353
-2021
3120271
4
18
-13
-1499
-3421
-2054
3121296
13
11
-6
-1516
-3440
-2024
3114112
26
-6
1
-1507
-3467
-2008
3115137
57
-10
3
-1516
-3458
-1966
3116162
58
-10
6
-1506
-3414
-1971
3117187
6
-1
12
-1509
-3451
-1967
3118212
8
3
10
-1520
-3524
-1965
3119237
82
-2
9
-1520
-3519
-1969
3120262
124
-8
9
-1508
-3507
-1950
3121287
137
-5
6
-1520
-3514
-1954
3122312
161
1
4
-1526
-3550
-1988
3123337
242
16
-3
-1537
-3646
-2019
3124362
416
28
-23
-1589
-3722
-1974
3125387
561
25
-57
-1626
-3524
-1915
3126412
463
17
-52
-1547
-3562
-1732
3127437
228
27
-47
-1513
-3733
-1639
3128462
185
34
-53
-1467
-3817
-1672
3129487
275
38
-68
-1461
-3636
-1597
3122304
298
19
-48
-1405
-3584
-1635
3123329
267
4
7
-1462
-3837
-1743
3124354
328
-4
16
-1479
-3787
-1831
3125379
344
-14
29
-1482
-3756
-1814
3126404
355
-29
24
-1490
-3760
-1746
3127429
467
-52
16
-1513
-3798
-1736
3128454
676
-83
16
-1515
-4010
-1797
3129479
1086
-120
-11
-1546
-4269
-1863
3130504
1718
-184
-53
-1567
-4407
-1653
3131529
2240
-270
-78
-1575
-4341
-1331
3132554
2479
-340
-85
-1551
-4190
-1092
3133579
2743
-393
-79
-1513
-4338
-1029
3134604
3654
-456
-119
-1451
-4970
-1012
3135629
5652
-533
-243
-1402
-5544
-758
3136654
8434
-645
-329
-1271
-5414
-535
3137679
11111
-736
-338
-1184
-4808
-427
3130496
13386
-774
-314
-1290
-4148
81
3131521
15685
-880
-343
-1476
-3340
632
3132546
17651
-1190
-104
-1559
-1917
586
3133571
15564
-1436
238
-1676
2108
35
3134596
7110
-1347
-39
-1470
8131
832
3135621
-1401
-724
-232
-134
6717
2952
3136646
-2263
-165
161
-475
-3080
4525
3137671
1494
-555
-118
-549
-1603
4362
3138696
1848
-674
-261
-748
3014
4301
3139721
-227
-379
-153
-537
1021
4673
3140746
-529
-183
74
-578
-208
4654
3141771
-37
-137
213
-962
626
4385
3142796
-109
-127
162
-882
817
4163
3143821
-103
-97
128
-833
801
4102
3144846
111
-90
103
-864
961
4106
3145871
130
-82
77
-813
987
4145
3138687
-66
-61
82
-743
926
4174
3139712
-186
-43
108
-671
742
4196
3140737
-80
-32
131
-604
652
4145
3141762
43
-23
151
-626
834
4091
3142787
16
-21
161
-666
968
4030
3143812
-79
-27
164
-705
1040
3995
3144837
-142
-43
142
-698
898
3988
3145862
-33
-61
112
-691
779
3974
3146887
74
-76
105
-672
943
3993
3147912
-43
-67
123
-644
968
4031
3148937
-189
-56
149
-694
930
4080
3149962
-219
-62
146
-673
884
4132
3150987
-152
-64
133
-632
882
4130
3152012
-55
-48
112
-648
995
4103
3153037
-54
-28
91
-691
1049
4127
3154062
-106
-17
74
-666
993
4133
3146880
-131
-6
51
-665
966
4103
3147905
-141
4
31
-667
896
4137
3148930
-91
10
6
-672
783
4147
3149955
-19
3
-6
-664
839
4155
3150980
-53
3
-2
-626
859
4181
3152005
-122
14
14
-608
819
4176
3153030
-129
20
23
-598
803
4153
3154055
-114
25
23
-589
792
4099
3155080
-114
37
24
-615
809
4047
3156105
-119
28
13
-603
726
4066
3157130
-45
18
5
-581
645
4068
3158155
-10
17
24
-639
771
4097
3159180
-129
10
39
-661
772
4131
3160205
-164
0
50
-640
671
4195
3161230
-97
-3
52
-612
713
4242
3162255
-65
10
43
-607
778
4238
3155073
-64
24
27
-639
808
4223
3156098
-80
24
11
-639
794
4226
3157123
-90
25
2
-630
709
4238
3158148
-69
35
-1
-627
706
4225
3159173
-99
47
-5
-640
730
4199
3160198
-105
61
-17
-636
552
4158
3161223
11
63
-25
-656
517
4138
3162248
56
56
-8
-668
701
4112
3163273
-44
65
19
-670
712
4090
3164298
-136
66
25
-677
604
4102
3165323
-105
50
20
-687
553
4110
3166348
-51
33
15
-686
625
4133
3167373
-71
26
12
-704
689
4144
3168398
-114
27
6
-705
654
4170
3169423
-138
26
2
-713
634
4165
3170448
-139
31
-1
-743
613
4181
3163265
-150
28
-1
-768
644
4173
3164290
-170
22
-6
-772
630
4206
3165315
-173
13
-18
-744
557
4206
3166340
-104
16
-27
-734
433
4197
3167365
-8
15
-23
-746
511
4172
3168390
-31
13
-8
-765
588
4148
3169415
-124
16
5
-770
504
4156
3170440
-157
16
10
-772
402
4204
3171465
-117
10
14
-764
374
4180
3172490
-66
10
31
-766
414
4183
3173515
-82
11
52
-783
483
4187
3174540
-122
6
65
-763
451
4211
3175565
-102
0
72
-717
431
4235
3176590
-67
4
74
-694
458
4223
3177615
-34
10
74
-687
434
4217
3178640
9
5
71
-683
499
4216
3171456
6
1
58
-668
560
4219
3172481
-15
2
46
-668
551
4210
3173506
-5
-1
28
-663
504
4198
3174531
45
-7
8
-661
514
4178
3175556
52
-12
-1
-671
603
4154
3176581
-28
-10
-2
-680
587
4142
3177606
-57
-14
-6
-696
474
4143
3178631
12
-31
-16
-714
467
4149
3179656
54
-46
-23
-711
525
4143
3180681
7
-46
-19
-711
555
4120
3181706
-67
-38
-9
-722
479
4110
3182731
-63
-43
0
-726
402
4144
3183756
-8
-56
3
-714
421
4160
3184781
1
-54
16
-689
462
4168
3185806
-43
-42
30
-698
482
4173
3186831
-69
-34
33
-683
459
4176
3179648
-61
-34
29
-673
468
4194
3180673
-29
-32
26
-663
448
4209
3181698
-7
-28
23
-669
545
4196
3182723
-45
-25
18
-671
554
4204
3183748
-70
-25
19
-676
485
4219
3184773
-52
-30
19
-672
451
4231
3185798
-18
-28
19
-657
432
4232
3186823
13
-16
19
-660
483
4206
3187848
-29
-8
15
-667
518
4198
3188873
-74
-2
11
-655
397
4206
3189898
-24
-2
11
-654
343
4203
3190923
25
3
17
-664
444
4169
3191948
-23
9
26
-676
508
4169
3192973
-82
4
21
-669
446
4166
3193998
-42
-13
10
-638
389
4175
3195023
20
-26
2
-605
415
4180
3187839
17
-24
10
-606
477
4179
3188864
-53
-18
15
-634
505
4174
3189889
-109
-21
9
-641
454
4186
3190914
-105
-25
1
-637
373
4216
3191939
-58
-25
-5
-647
331
4226
3192964
-15
-22
-4
-670
370
4228
3193989
-11
-22
6
-653
413
4236
3195014
-49
-15
19
-653
452
4231
3196039
-96
-14
23
-659
385
4211
3197064
-49
-29
19
-662
304
4199
3198089
50
-44
20
-676
388
4168
3199114
47
-54
31
-680
491
4153
3200139
-44
-53
46
-675
478
4205
3201164
-93
-56
52
-679
360
4283
3202189
5
-62
35
-630
265
4265
3203214
120
-45
28
-617
444
4264
3196033
24
-19
28
-601
516
4269
3197058
-87
0
23
-564
342
4246
3198083
-24
2
9
-566
290
4230
3199108
48
-3
-1
-583
402
4176
3200133
4
-5
6
-602
479
4141
3201158
-75
-12
16
-619
407
4151
3202183
-101
-26
23
-633
345
4186
3203208
-76
-53
24
-637
308
4169
3204233
-19
-73
31
-644
367
4148
3205258
-33
-80
45
-645
435
4155
3206283
-94
-81
61
-646
340
4227
3207308
-98
-81
71
-636
319
4241
3208333
-105
-77
82
-624
355
4230
3209358
-141
-62
86
-577
310
4221
3210383
-156
-39
96
-587
284
4242
3211408
-121
-38
97
-589
280
4262
3204224
-49
-41
90
-581
359
4230
3205249
-84
-32
85
-568
404
4224
3206274
-157
-28
84
-596
315
4255
3207299
-97
-44
77
-595
240
4289
3208324
23
-47
88
-589
355
4319
3209349
13
-41
102
-575
439
4359
3210374
-34
-31
97
-507
345
4409
3211399
20
-5
78
-472
306
4451
3212424
63
21
54
-491
384
4422
3213449
5
23
13
-513
420
4425
3214474
-102
-13
-48
-517
298
4409
3215499
-123
-68
-111
-532
271
4314
3216524
-112
-125
-151
-523
453
4060
3217549
-270
-130
-144
-452
492
3907
3218574
-663
-40
-67
-356
641
4064
3219599
-1429
111
81
-415
691
4366
3212416
-2743
237
247
-414
686
4340
3213441
-4152
418
429
-399
45
4063
3214466
-4940
673
619
-464
-785
3939
3215491
-5469
900
763
-574
-888
3785
3216516
-6444
1115
854
-726
-769
3392
3217541
-8129
1322
1067
-972
-845
2724
3218566
-10608
1403
1273
-1457
-742
1363
3219591
-12604
1225
1452
-1863
-1886
18
3220616
-12763
894
1644
-1843
-4617
-767
3221641
-10793
789
1437
-1713
-5710
-958
3222666
-8248
833
1090
-1828
-4937
-868
3223691
-6525
708
946
-1665
-4505
-1326
3224716
-4502
764
845
-1648
-5286
-1922
3225741
-1668
869
575
-1759
-4775
-1948
3226766
-1
718
261
-1505
-3239
-2061
3227791
9
539
87
-1491
-3075
-1982
3220608
-135
410
4
-1679
-3377
-2099
3221633
-187
315
-51
-1674
-3251
-2266
3222658
-256
254
-49
-1644
-3482
-2169
3223683
-93
182
-27
-1660
-3507
-1948
3224708
-111
97
-35
-1634
-3470
-1930
3225733
-153
60
-40
-1701
-3626
-1927
3226758
-70
47
-22
-1727
-3534
-1845
3227783
-89
55
9
-1688
-3510
-1798
3228808
-113
77
64
-1680
-3543
-1805
3229833
-110
79
93
-1645
-3574
-1833
3230858
-85
65
85
-1663
-3502
-1894
3231883
-36
46
63
-1659
-3485
-1907
3232908
-36
29
46
-1633
-3349
-1963
3233933
-100
29
37
-1611
-3459
-1963
3234958
-40
32
24
-1646
-3468
-1908
3235983
-38
17
36
-1651
-3395
-2003
3228800
-98
10
29
-1629
-3493
-1943
3229825
-52
1
43
-1644
-3432
-2000
3230850
-54
-5
52
-1636
-3501
-1976
3231875
2
-9
58
-1653
-3487
-1938
3232900
7
-15
75
-1640
-3463
-1901
3233925
-21
-6
83
-1630
-3482
-1914
3234950
11
3
87
-1608
-3499
-1989
3235975
39
-2
98
-1608
-3406
-2079
3237000
1
-23
117
-1610
-3470
-2102
3238025
-1
-44
134
-1644
-3504
-2061
3239050
56
-58
151
-1651
-3478
-1967
3240075
96
-63
157
-1672
-3405
-1888
3241100
63
-59
148
-1692
-3385
-1808
3242125
2
-45
128
-1708
-3391
-1752
3243150
-6
-19
96
-1725
-3450
-1733
3244175
47
7
67
-1735
-3403
-1752
3236992
18
25
38
-1750
-3352
-1759
3238017
-22
43
13
-1768
-3407
-1797
3239042
16
64
-11
-1758
-3375
-1845
3240067
47
86
-27
-1734
-3350
-1926
3241092
76
95
-31
-1764
-3337
-1989
3242117
68
76
-38
-1756
-3272
-1924
3243142
22
54
-57
-1763
-3210
-1913
3244167
8
42
-75
-1766
-3252
-1921
3245192
12
40
-104
-1741
-3228
-1901
3246217
-19
47
-125
-1743
-3325
-1904
3247242
-31
55
-140
-1738
-3397
-1894
3248267
-26
61
-156
-1710
-3416
-1893
3249292
-34
68
-165
-1696
-3383
-1915
3250317
-67
66
-171
-1649
-3413
-1952
3251342
-45
59
-169
-1637
-3526
-1979
3252367
8
42
-162
-1599
-3491
-1951
3245185
-20
32
-141
-1581
-3445
-1956
3246210
-46
32
-102
-1585
-3493
-1968
3247235
-49
26
-67
-1576
-3539
-2012
3248260
-37
17
-39
-1559
-3555
-2020
3249285
19
20
-15
-1554
-3522
-1968
3250310
-3
31
0
-1515
-3492
-1890
3251335
-67
46
10
-1508
-3511
-1840
3252360
-48
60
28
-1536
-3539
-1874
3253385
-7
63
36
-1552
-3520
-1909
3254410
8
54
27
-1563
-3458
-1949
3255435
0
47
10
-1562
-3418
-1975
3256460
-28
45
4
-1559
-3397
-1959
3257485
-33
49
9
-1582
-3458
-1959
3258510
-4
56
10
-1584
-3425
-1974
3259535
-9
57
15
-1576
-3424
-1985
3260560
-25
57
11
-1557
-3484
-1968
3253376
-11
53
12
-1551
-3448
-1985
3254401
-22
45
12
-1541
-3420
-2004
3255426
-23
34
9
-1553
-3399
-1994
3256451
-1
21
6
-1554
-3414
-1984
3257476
3
20
6
-1564
-3428
-1994
3258501
-5
25
6
-1551
-3408
-2004
3259526
-24
30
13
-1563
-3391
-2021
3260551
-45
31
16
-1566
-3421
-2050
3261576
-38
30
15
-1566
-3464
-2047
3262601
-12
24
15
-1552
-3500
-2046
3263626
13
10
20
-1532
-3478
-2052
3264651
22
-4
24
-1532
-3477
-2027
3265676
45
-17
17
-1531
-3468
-2006
3266701
71
-20
8
-1525
-3472
-1989
3267726
93
-15
1
-1497
-3415
-1976
3268751
86
-8
13
-1479
-3406
-1974
3261568
76
-3
20
-1496
-3393
-1961
3262593
95
1
14
-1542
-3376
-1955
3263618
95
4
-4
-1555
-3327
-1919
3264643
53
7
-5
-1584
-3345
-1938
3265668
10
5
3
-1600
-3380
-1981
3266693
-10
-2
10
-1616
-3409
-1987
3267718
6
-20
15
-1649
-3398
-1974
3268743
7
-41
24
-1658
-3371
-1981
3269768
-9
-54
29
-1645
-3393
-1978
3270793
7
-54
38
-1647
-3427
-1996
3271818
11
-59
47
-1624
-3465
-2013
3272843
8
-73
51
-1587
-3518
-1978
3273868
39
-85
60
-1552
-3497
-1896
3274893
67
-79
75
-1538
-3436
-1845
3275918
86
-51
87
-1585
-3416
-1862
3276943
73
-21
74
-1622
-3413
-1892
3269761
34
-1
43
-1604
-3414
-1867
3270786
17
6
21
-1571
-3425
-1841
3271811
29
10
1
-1590
-3399
-1850
3272836
26
14
-20
-1618
-3455
-1883
3273861
16
22
-43
-1623
-3486
-1885
3274886
14
28
-56
-1629
-3430
-1852
3275911
1
32
-56
-1641
-3409
-1870
3276936
-19
36
-57
-1651
-3398
-1904
3277961
-53
37
-56
-1638
-3392
-1927
3278986
-66
38
-52
-1647
-3455
-1962
3280011
-25
37
-47
-1642
-3442
-1998
3281036
-21
30
-42
-1619
-3429
-1993
3282061
-44
18
-33
-1587
-3465
-2023
3283086
-45
7
-24
-1563
-3493
-1963
3284111
-10
-1
-14
-1546
-3481
-1953
3285136
26
-3
-13
-1533
-3440
-1905
3277951
42
6
-26
-1532
-3419
-1867
3278976
58
24
-46
-1535
-3416
-1851
3280001
70
38
-67
-1518
-3481
-1899
3281026
95
44
-86
-1496
-3528
-1940
3282051
119
43
-99
-1504
-3573
-1949
3283076
194
29
-115
-1519
-3654
-1939
3284101
365
13
-160
-1498
-3730
-1890
3285126
604
-2
-223
-1482
-3826
-1869
3286151
858
-24
-286
-1469
-3889
-1826
3287176
1064
-60
-334
-1449
-3866
-1717
3288201
1140
-99
-336
-1441
-3872
-1647
3289226
1060
-129
-292
-1453
-3960
-1612
3290251
929
-145
-250
-1444
-4055
-1544
3291276
818
-152
-181
-1453
-3994
-1458
3292301
570
-167
-100
-1473
-3750
-1340
3293326
147
-180
-16
-1456
-3815
-1310
3286144
-23
-159
15
-1444
-4117
-1374
3287169
317
-134
28
-1418
-4258
-1509
3288194
999
-143
24
-1417
-4408
-1489
3289219
1724
-190
-15
-1424
-4387
-1347
3290244
2289
-266
-73
-1399
-4283
-1185
3291269
2783
-341
-138
-1356
-4340
-918
3292294
3471
-385
-232
-1299
-4417
-619
3293319
4550
-420
-294
-1262
-4511
-381
3294344
6008
-483
-315
-1217
-4874
-195
3295369
7498
-537
-393
-1200
-4763
-61
3296394
8925
-595
-557
-1265
-4202
278
3297419
10496
-741
-712
-1438
-3809
613
3298444
12454
-1076
-789
-1461
-3508
526
3299469
14296
-1517
-746
-1264
-2358
359
3300494
14258
-1803
-628
-1025
936
658
3301519
10247
-1755
-360
-886
5173
1712
3294337
3555
-1524
48
-329
5208
2930
3295362
-687
-1085
363
403
785
4743
3296387
84
-798
546
466
-1757
5343
3297412
1568
-559
336
-138
1277
4783
3298437
469
-455
334
-252
2728
4510
3299462
-897
-246
359
-4
982
4506
3300487
-526
-75
317
-228
563
4548
3301512
-24
-74
183
-344
1308
4330
3302537
-147
-65
84
-273
1239
4145
3303562
-150
-22
49
-283
965
4176
3304587
-43
-16
30
-285
1033
4253
3305612
-117
-12
23
-205
949
4201
3306637
-132
19
45
-132
732
4177
3307662
-41
39
86
-162
822
4195
3308687
-13
29
109
-183
851
4180
3309712
-17
16
116
-172
901
4138
3302527
-71
18
114
-162
947
4119
3303552
-83
25
101
-141
848
4142
3304577
-27
24
85
-133
854
4188
3305602
-54
18
68
-135
900
4190
3306627
-78
11
47
-95
774
4164
3307652
-15
14
44
-109
852
4155
3308677
-49
9
48
-119
867
4155
3309702
-79
4
48
-97
777
4198
3310727
-39
7
52
-125
795
4165
3311752
-49
5
39
-141
879
4128
3312777
-105
2
29
-148
824
4129
3313802
-97
-3
15
-162
786
4129
3314827
-43
-15
6
-162
764
4137
3315852
-5
-23
-12
-165
804
4107
3316877
-21
-16
-15
-141
799
4129
3317902
-67
-4
-2
-169
748
4167
3310720
-79
-9
0
-150
725
4160
3311745
-78
-6
2
-162
818
4126
3312770
-128
-7
4
-158
769
4143
3313795
-101
-6
4
-151
660
4203
3314820
-13
-8
-3
-152
701
4219
3315845
-9
-8
-6
-130
804
4199
3316870
-83
7
-1
-107
797
4218
3317895
-137
25
11
-138
715
4261
3318920
-98
21
19
-151
615
4258
3319945
-4
18
16
-179
680
4171
3320970
37
7
8
-157
719
4153
3321995
34
5
6
-146
721
4135
3323020
25
8
8
-153
768
4123
3324045
-57
6
10
-168
748
4124
3325070
-85
0
7
-172
599
4150
3326095
-3
-8
0
-171
656
4183
3318912
-15
-11
-1
-185
804
4162
3319937
-85
-9
2
-160
713
4166
3320962
-54
-2
-1
-171
674
4169
3321987
-50
-1
-5
-193
730
4176
3323012
-94
-3
-10
-189
648
4183
3324037
-68
-2
-14
-200
621
4196
3325062
-14
-4
-19
-175
679
4212
3326087
-33
10
-21
-154
718
4240
3327112
-75
25
-24
-154
608
4265
3328137
-35
31
-29
-162
539
4237
3329162
22
29
-26
-149
651
4198
3330187
-25
33
-5
-175
746
4208
3331212
-111
25
12
-179
691
4220
3332237
-108
11
16
-177
585
4211
3333262
-12
-4
13
-206
618
4187
3334287
23
-27
18
-228
736
4158
3327104
-58
-42
20
-217
781
4154
3328129
-132
-49
18
-190
667
4214
3329154
-106
-51
6
-168
546
4245
3330179
-4
-47
-2
-158
567
4232
3331204
26
-38
-1
-172
690
4222
3332229
-37
-27
-2
-156
636
4246
3333254
-35
-14
-2
-147
536
4252
3334279
7
-3
-2
-162
563
4236
3335304
19
8
7
-167
566
4210
3336329
33
12
21
-166
620
4179
3337354
30
13
30
-165
624
4180
3338379
16
15
30
-156
609
4187
3339404
5
17
25
-161
624
4164
3340429
-14
15
21
-153
645
4168
3341454
-24
16
10
-146
619
4173
3342479
3
20
-4
-151
585
4192
3335295
12
22
-9
-151
653
4174
3336320
-35
22
1
-159
652
4181
3337345
-71
20
7
-165
627
4203
3338370
-65
13
10
-176
622
4234
3339395
-34
2
-2
-175
578
4228
3340420
32
1
-15
-169
612
4206
3341445
14
0
-10
-191
714
4212
3342470
-74
1
-2
-184
601
4230
3343495
-69
0
-3
-172
561
4232
3344520
-23
-2
-13
-177
582
4222
3345545
-23
-5
-18
-176
622
4179
3346570
-57
-1
-5
-194
607
4200
3347595
-99
-1
12
-201
565
4225
3348620
-100
-3
7
-187
519
4248
3349645
-52
0
-9
-171
506
4225
3350670
4
10
-14
-180
543
4203
3343488
-11
14
-7
-208
625
4186
3344513
-55
14
-4
-203
550
4195
3345538
-40
13
-8
-196
527
4238
3346563
-3
13
-11
-189
549
4255
3347588
14
19
-15
-181
611
4233
3348613
-15
29
-16
-185
647
4225
3349638
-68
30
-11
-209
591
4247
3350663
-72
21
-8
-215
481
4270
3351688
2
6
-9
-194
488
4235
3352713
33
4
-5
-180
614
4201
3353738
-48
8
1
-193
604
4190
3354763
-64
1
4
-193
479
4190
3355788
1
-14
2
-189
470
4195
3356813
35
-24
4
-184
488
4168
3357838
10
-20
11
-187
537
4167
3358863
-56
-13
24
-203
536
4194
3351680
-102
-11
37
-194
551
4224
3352705
-148
-4
50
-192
555
4230
3353730
-224
10
55
-186
558
4250
3354755
-318
32
59
-184
532
4295
3355780
-370
56
56
-188
399
4325
3356805
-255
78
41
-226
251
4333
3357830
-13
75
9
-267
321
4340
3358855
63
56
-22
-255
579
4343
3359880
-149
61
-27
-224
692
4323
3360905
-391
108
-16
-222
630
4367
3361930
-531
148
19
-261
485
4355
3362955
-773
158
66
-267
619
4284
3363980
-1447
202
131
-229
883
4207
3365005
-2435
311
233
-189
598
4220
3366030
-3400
461
318
-200
208
4099
3367055
-4114
611
447
-275
-198
4014
3359872
-4914
791
562
-351
-559
3843
3360897
-5785
999
659
-495
-970
3604
3361922
-6685
1182
717
-666
-1501
3338
3362947
-7575
1318
780
-784
-2073
3045
3363972
-8740
1390
874
-1051
-2261
2331
3364997
-9647
1372
983
-1410
-2738
1452
3366022
-10117
1237
1196
-1522
-3399
617
3367047
-10334
1165
1292
-1497
-3340
-182
3368072
-10434
1138
1490
-1573
-3271
-1149
3369097
-9599
993
1697
-1682
-4649
-2056
3370122
-6416
929
1544
-1767
-6526
-2945
3371147
-1674
978
940
-1755
-5300
-2601
3372172
937
718
449
-1375
-2579
-1580
3373197
560
451
61
-1185
-2066
-1231
3374222
-165
354
-119
-1414
-2909
-2189
3375247
-281
331
-192
-1583
-3202
-2587
3368253
-350
280
-211
-1470
-3328
-2243
3369278
-351
215
-206
-1502
-3690
-2023
3370303
-205
142
-223
-1527
-3720
-1975
3371328
-128
86
-211
-1519
-3631
-1981
3372353
-187
62
-158
-1546
-3710
-2065
3373378
-231
56
-79
-1587
-3819
-2112
3374403
-185
44
-13
-1564
-3881
-2020
3375428
-37
25
36
-1521
-3756
-1939
3376453
53
11
77
-1501
-3512
-1956
3377478
-53
3
95
-1507
-3323
-2024
3378503
-170
1
68
-1518
-3421
-2046
3379528
-92
11
22
-1529
-3489
-1989
3380553
52
26
-26
-1510
-3427
-1922
3381578
107
55
-63
-1500
-3496
-1908
3382603
183
96
-86
-1472
-3639
-1930
3383628
389
142
-103
-1443
-3776
-1936
3376256
667
193
-115
-1428
-3706
-1837
3377281
737
233
-101
-1396
-3364
-1725
3378306
496
263
-69
-1311
-3256
-1709
3379331
203
299
-35
-1292
-3399
-1866
3380356
29
301
-2
-1290
-3513
-1987
3381381
-56
273
-4
-1284
-3593
-2032
3382406
-25
232
-21
-1307
-3638
-2087
3383431
46
189
-34
-1331
-3515
-2101
3384456
-13
151
-43
-1347
-3452
-2075
3385481
-110
119
-63
-1344
-3520
-2050
3386506
-114
91
-88
-1359
-3574
-2029
3387531
-97
60
-96
-1372
-3567
-2016
3388556
-79
31
-103
-1383
-3609
-1994
3389581
-21
16
-106
-1369
-3621
-1941
3390606
15
9
-89
-1353
-3581
-1914
3391631
-18
3
-62
-1328
-3605
-1937
3384449
-4
-4
-47
-1324
-3647
-1937
3385474
57
-15
-40
-1312
-3579
-1922
3386499
57
-28
-38
-1313
-3524
-1882
3387524
21
-41
-43
-1294
-3515
-1863
3388549
-7
-39
-45
-1294
-3515
-1933
3389574
-31
-36
-36
-1289
-3545
-1981
3390599
-20
-38
-30
-1283
-3584
-1954
3391624
-12
-48
-22
-1287
-3573
-1942
3392649
-42
-53
-13
-1275
-3558
-1927
3393674
-47
-50
-8
-1290
-3585
-1958
3394699
-21
-54
0
-1283
-3597
-1980
3395724
-12
-58
8
-1269
-3601
-1951
3396749
17
-59
17
-1256
-3633
-1924
3397774
96
-58
24
-1252
-3609
-1895
3398799
117
-53
33
-1233
-3527
-1870
3399824
45
-39
40
-1228
-3520
-1863
3392639
-25
-23
43
-1245
-3543
-1878
3393664
-37
-10
39
-1254
-3607
-1884
3394689
0
-2
30
-1277
-3615
-1907
3395714
7
-8
18
-1263
-3568
-1903
3396739
-21
-16
9
-1274
-3583
-1888
3397764
-20
-20
5
-1296
-3595
-1878
3398789
-1
-20
3
-1303
-3571
-1902
3399814
2
-14
1
-1304
-3569
-1916
3400839
17
-10
1
-1304
-3585
-1915
3401864
37
-15
6
-1295
-3559
-1899
3402889
28
-20
10
-1283
-3535
-1914
3403914
12
-20
7
-1296
-3555
-1883
3404939
0
-21
3
-1318
-3555
-1886
3405964
-2
-16
-2
-1319
-3569
-1866
3406989
-3
-12
-1
-1315
-3578
-1859
3408014
-8
-6
-3
-1294
-3587
-1864
3400832
-10
-6
2
-1298
-3588
-1896
3401857
-20
-10
11
-1304
-3622
-1898
3402882
16
-10
12
-1288
-3614
-1898
3403907
59
-6
20
-1283
-3572
-1873
3404932
48
1
35
-1281
-3538
-1893
3405957
6
5
50
-1288
-3546
-1947
3406982
-19
2
56
-1283
-3551
-1935
3408007
-19
-6
60
-1300
-3556
-1923
3409032
-6
-13
55
-1304
-3564
-1909
3410057
13
-15
46
-1314
-3538
-1878
3411082
-3
-16
43
-1307
-3519
-1877
3412107
-39
-13
37
-1323
-3564
-1878
3413132
-28
-10
29
-1328
-3599
-1879
3414157
-1
-7
21
-1319
-3566
-1869
3415182
1
-4
18
-1329
-3549
-1884
3416207
-18
-4
18
-1339
-3559
-1884
3409024
-20
0
13
-1350
-3574
-1866
3410049
4
4
9
-1344
-3565
-1857
3411074
14
9
8
-1332
-3548
-1874
3412099
-13
14
8
-1348
-3541
-1896
3413124
-41
8
11
-1347
-3581
-1906
3414149
-29
-2
6
-1339
-3601
-1904
3415174
19
-7
-2
-1336
-3588
-1900
3416199
53
-8
0
-1332
-3534
-1880
3417224
35
-7
9
-1335
-3510
-1883
3418249
-13
-5
15
-1332
-3516
-1895
3419274
-41
-5
14
-1318
-3548
-1897
3420299
-8
-3
18
-1329
-3562
-1923
3421324
23
-6
20
-1320
-3511
-1903
3422349
-5
-5
24
-1318
-3513
-1877
3423374
-58
-1
25
-1341
-3546
-1881
3424399
-60
3
18
-1355
-3567
-1889
3417216
-29
5
11
-1355
-3562
-1872
3418241
-24
3
9
-1335
-3567
-1879
3419266
-18
3
9
-1342
-3573
-1888
3420291
-17
3
12
-1327
-3542
-1873
3421316
-28
4
16
-1329
-3584
-1886
3422341
4
8
17
-1332
-3581
-1914
3423366
52
19
11
-1328
-3559
-1900
3424391
99
30
4
-1341
-3571
-1927
3425416
175
30
-11
-1365
-3679
-2028
3426441
400
7
-51
-1420
-3859
-2034
3427466
668
-35
-91
-1419
-3877
-1863
3428491
704
-85
-99
-1418
-3826
-1707
3429516
578
-117
-77
-1430
-3954
-1691
3430541
520
-130
-46
-1438
-4081
-1698
3431566
576
-144
-12
-1412
-4150
-1678
3432591
731
-166
19
-1408
-4227
-1688
3425408
966
-196
39
-1398
-4212
-1594
3426433
1167
-231
63
-1390
-4132
-1573
3427458
1392
-276
91
-1375
-4261
-1740
3428483
2089
-357
48
-1388
-4796
-2025
3429508
3690
-508
-86
-1340
-5312
-1687
3430533
5827
-678
-169
-1216
-5019
-923
3431558
7600
-791
20
-1211
-4717
-183
3432583
8183
-801
236
-1303
-4400
242
3433608
8129
-744
255
-1370
-4154
619
3434633
8569
-710
62
-1453
-4072
1034
3435658
9896
-804
-133
-1628
-3917
905
3436683
11833
-1120
-245
-1622
-3472
311
3437708
13635
-1418
-209
-1288
-2699
-63
3438733
13446
-1338
-283
-822
1626
152
3439758
9319
-950
279
-1096
5611
2187
3440783
2480
-945
727
-898
4559
2411
3433600
-1095
-799
856
-124
1305
3233
3434625
-503
-547
942
-85
-404
4647
3435650
427
-477
657
-502
1257
4728
3436675
166
-522
434
-474
2454
4433
3437700
-465
-388
296
-406
1692
4468
3438725
-473
-232
136
-534
1180
4544
3439750
-301
-157
-14
-600
1200
4529
3440775
-336
-101
-120
-552
937
4437
3441800
-181
-28
-149
-562
721
4376
3442825
-13
22
-132
-642
909
4332
3443850
-150
31
-92
-620
871
4225
3444875
-267
32
-33
-581
680
4153
3445900
-197
20
11
-561
718
4092
3446925
-70
3
35
-555
786
4063
3447950
-22
-11
45
-534
927
4007
3448975
-93
-12
52
-570
976
4067
3441791
-166
-21
25
-541
808
4034
3442816
-133
-13
10
-598
854
4052
3443841
-212
-39
-15
-580
661
4149
3444866
-51
-40
-29
-498
425
4124
3445891
91
-15
12
-591
908
4158
3446916
-230
-20
35
-554
913
4181
3447941
-360
-7
45
-464
439
4204
3448966
-169
20
58
-533
676
4262
3449991
-194
13
51
-536
806
4215
3451016
-219
26
35
-494
610
4159
3452041
-133
28
22
-551
736
4151
3453066
-144
-4
-1
-532
695
4123
3454091
-122
-22
-5
-502
615
4108
3455116
-70
-35
-3
-516
686
4140
3456141
-113
-45
0
-493
692
4202
3457166
-164
-44
-4
-490
588
4240
3449984
-92
-36
-15
-485
518
4246
3451009
-7
-21
-12
-502
600
4246
3452034
-30
-11
-4
-534
609
4249
3453059
-65
-6
4
-536
577
4228
3454084
-73
-4
3
-523
605
4234
3455109
-82
3
11
-507
583
4245
3456134
-103
17
17
-529
571
4236
3457159
-111
22
19
-529
568
4229
3458184
-97
26
17
-543
559
4230
3459209
-67
26
17
-539
573
4217
3460234
-50
26
26
-540
605
4211
3461259
-73
24
27
-522
555
4212
3462284
-43
31
15
-526
492
4217
3463309
11
28
-1
-537
540
4191
3464334
5
24
-6
-537
555
4165
3465359
-31
17
-7
-527
511
4159
3458176
-39
9
-10
-518
478
4160
3459201
-14
0
-4
-506
486
4170
3460226
-18
-9
7
-520
530
4165
3461251
-48
-14
22
-509
539
4196
3462276
-85
-20
31
-513
537
4195
3463301
-92
-23
20
-516
495
4207
3464326
-37
-28
-4
-519
443
4224
3465351
58
-19
-15
-545
494
4221
3466376
49
-20
-17
-563
599
4210
3467401
-28
-16
-23
-560
529
4207
3468426
-45
-11
-22
-551
512
4234
3469451
-42
-8
-21
-537
445
4238
3470476
26
3
-19
-536
412
4260
3471501
89
16
-17
-571
525
4232
3472526
62
17
-6
-569
554
4214
3473551
-13
19
10
-561
550
4205
3466369
-61
19
18
-564
492
4213
3467394
-38
16
19
-550
479
4206
3468419
5
22
23
-551
522
4190
3469444
-24
32
26
-543
565
4206
3470469
-92
42
32
-558
537
4200
3471494
-130
41
31
-565
509
4219
3472519
-134
39
24
-553
429
4231
3473544
-53
39
11
-566
411
4213
3474569
34
32
-6
-569
490
4213
3475594
22
21
-15
-574
570
4198
3476619
-39
14
-19
-556
497
4186
3477644
-26
11
-19
-549
398
4213
3478669
43
8
-15
-555
410
4232
3479694
61
3
-7
-579
488
4202
3480719
17
-2
3
-578
502
4215
3481744
-30
-6
17
-567
458
4221
3474560
-7
-8
18
-542
417
4218
3475585
44
-2
18
-561
466
4203
3476610
44
-2
17
-570
521
4184
3477635
-1
-3
12
-576
546
4156
3478660
-60
-8
10
-576
517
4145
3479685
-95
-20
10
-563
473
4193
3480710
-87
-25
7
-552
401
4221
3481735
-18
-25
-1
-562
387
4209
3482760
51
-26
-6
-562
456
4204
3483785
32
-28
5
-572
532
4205
3484810
-25
-33
16
-563
494
4204
3485835
-8
-32
13
-548
419
4236
3486860
66
-27
4
-552
452
4232
3487885
85
-20
3
-564
531
4226
3488910
21
-14
12
-565
556
4199
3489935
-32
-7
18
-572
478
4209
3482751
-7
-10
11
-554
418
4235
3483776
55
-10
9
-560
512
4189
3484801
34
-7
8
-559
565
4179
3485826
-22
-1
7
-542
478
4194
3486851
-8
3
6
-566
429
4212
3487876
34
-3
12
-557
480
4195
3488901
25
-8
21
-554
530
4196
3489926
-18
-5
22
-541
510
4212
3490951
-42
3
25
-552
499
4210
3491976
-49
1
29
-560
484
4198
3493001
-19
0
27
-556
453
4191
3494026
16
2
30
-562
531
4194
3495051
-48
4
32
-567
563
4194
3496076
-118
1
31
-560
479
4185
3497101
-104
0
21
-552
425
4204
3498126
-31
-1
10
-544
404
4209
3490945
34
1
5
-547
503
4205
3491970
-16
-1
7
-568
557
4198
3492995
-86
-4
11
-554
458
4207
3494020
-74
0
16
-544
430
4215
3495045
-45
7
10
-528
447
4204
3496070
-45
17
1
-530
472
4208
3497095
-74
20
-8
-558
425
4197
3498120
-56
12
-11
-548
357
4182
3499145
-6
4
-7
-556
410
4188
3500170
-16
1
-6
-556
429
4193
3501195
-34
-1
-10
-557
371
4219
3502220
-14
-4
-9
-560
410
4212
3503245
-32
-9
0
-558
453
4213
3504270
-78
-6
12
-551
444
4228
3505295
-100
-2
16
-552
435
4236
3506320
-101
4
15
-555
440
4254
3499136
-135
5
14
-551
511
4280
3500161
-330
7
33
-556
636
4310
3501186
-768
29
65
-531
597
4348
3502211
-1092
78
85
-504
63
4367
3503236
-809
140
72
-538
-387
4378
3504261
-261
173
34
-639
-30
4343
3505286
-151
157
22
-665
423
4285
3506311
-551
159
47
-632
526
4262
3507336
-1067
205
86
-605
345
4317
3508361
-1459
255
128
-604
184
4354
3509386
-1995
309
175
-581
377
4314
3510411
-3094
414
307
-586
675
4244
3511436
-4799
622
481
-610
434
3916
3512461
-6307
868
699
-582
-764
3382
3513486
-6840
1155
807
-774
-2185
3127
3514511
-6194
1301
745
-1071
-3259
3180
3507409
-5252
1285
540
-1219
-3015
3068
3508434
-5281
1216
391
-1223
-1906
2527
3509459
-6621
1227
434
-1260
-1492
1633
3510484
-7878
1286
643
-1361
-2749
839
3511509
-8280
1320
837
-1618
-3613
253
3512534
-8512
1266
861
-1756
-2773
-481
3513559
-9590
1228
1010
-1845
-1543
-1517
3514584
-10588
1065
1426
-1927
-2997
-2916
3515609
-8539
1051
1616
-2142
-6896
-3964
3516634
-2958
1241
1028
-2305
-6702
-2860
3517659
1092
885
443
-1662
-2769
-1683
3518684
746
550
-77
-1527
-1240
-1552
3519709
-495
467
-161
-1947
-3075
-2785
3520734
-426
441
-173
-2040
-3535
-3140
3521759
-363
363
-235
-1824
-3437
-2530
3522784
-285
288
-276
-1900
-3650
-2282
3515520
-11
202
-318
-1848
-3491
-2369
3516545
80
151
-301
-1808
-3375
-2414
3517570
35
133
-272
-1777
-3385
-2343
3518595
-29
135
-257
-1737
-3412
-2301
3519620
-37
135
-232
-1644
-3445
-2300
3520645
55
134
-179
-1571
-3371
-2260
3521670
72
128
-117
-1519
-3274
-2312
3522695
32
124
-76
-1522
-3291
-2435
3523720
40
108
-56
-1510
-3288
-2417
3524745
63
87
-38
-1501
-3209
-2366
3525770
51
68
-19
-1491
-3168
-2395
3526795
31
55
-1
-1505
-3233
-2446
3527820
47
37
-1
-1535
-3170
-2429
3528845
23
2
4
-1523
-3055
-2381
3529870
-31
-20
20
-1541
-3159
-2343
3530895
5
-36
17
-1558
-3187
-2304
3523712
41
-60
21
-1525
-3123
-2317
3524737
47
-74
35
-1539
-3172
-2306
3525762
32
-77
40
-1573
-3170
-2354
3526787
9
-74
32
-1576
-3198
-2363
3527812
4
-66
29
-1590
-3218
-2393
3528837
-3
-55
30
-1586
-3213
-2335
3529862
-20
-51
24
-1573
-3236
-2245
3530887
9
-49
24
-1575
-3274
-2230
3531912
61
-46
25
-1586
-3225
-2226
3532937
69
-34
13
-1561
-3229
-2220
3533962
57
-18
10
-1571
-3165
-2230
3534987
6
-10
12
-1541
-3141
-2232
3536012
-13
4
27
-1547
-3267
-2271
3537037
36
17
20
-1554
-3255
-2278
3538062
70
16
9
-1558
-3222
-2305
3539087
55
9
3
-1559
-3209
-2298
3531904
48
3
-1
-1554
-3208
-2286
3532929
53
-2
1
-1561
-3212
-2248
3533954
59
-4
3
-1553
-3215
-2252
3534979
54
-1
6
-1561
-3232
-2268
3536004
36
4
8
-1555
-3176
-2246
3537029
5
11
11
-1551
-3221
-2232
3538054
29
21
13
-1559
-3270
-2244
3539079
84
28
11
-1559
-3248
-2237
3540104
83
32
11
-1537
-3208
-2252
3541129
31
32
17
-1538
-3176
-2249
3542154
-21
28
23
-1568
-3229
-2256
3543179
7
19
18
-1596
-3263
-2264
3544204
38
9
8
-1574
-3215
-2233
3545229
25
8
9
-1577
-3230
-2263
3546254
19
12
18
-1591
-3215
-2245
3547279
-3
10
25
-1579
-3194
-2248
3540096
-10
11
24
-1575
-3254
-2243
3541121
46
11
20
-1586
-3254
-2242
3542146
69
7
15
-1568
-3208
-2244
3543171
38
8
22
-1562
-3195
-2242
3544196
-4
11
25
-1569
-3207
-2229
3545221
4
11
23
-1567
-3272
-2245
3546246
47
4
15
-1575
-3252
-2222
3547271
41
-3
6
-1580
-3201
-2239
3548296
-12
-6
-4
-1582
-3217
-2221
3549321
-32
-6
-6
-1572
-3289
-2215
3550346
-7
-8
-7
-1561
-3303
-2261
3551371
34
-13
4
-1562
-3296
-2260
3552396
47
-16
18
-1565
-3238
-2241
3553421
13
-11
25
-1567
-3251
-2232
3554446
2
-3
25
-1568
-3244
-2201
3555471
4
1
27
-1554
-3250
-2192
3548289
12
4
30
-1577
-3265
-2215
3549314
19
1
24
-1561
-3227
-2208
3550339
-6
2
22
-1575
-3260
-2221
3551364
1
6
15
-1595
-3272
-2221
3552389
23
5
12
-1589
-3243
-2219
3553414
9
2
10
-1597
-3234
-2217
3554439
-11
-6
8
-1573
-3261
-2227
3555464
20
-10
6
-1587
-3284
-2252
3556489
60
-17
6
-1588
-3236
-2215
3557514
49
-19
7
-1583
-3201
-2210
3558539
-1
-17
18
-1592
-3201
-2236
3559564
-26
-15
22
-1609
-3228
-2256
3560589
-12
-19
20
-1609
-3236
-2249
3561614
9
-27
11
-1596
-3215
-2230
3562639
1
-33
13
-1599
-3226
-2237
3563664
-25
-36
21
-1588
-3255
-2219
3556480
-34
-36
27
-1579
-3251
-2215
3557505
-22
-32
27
-1566
-3282
-2207
3558530
10
-24
17
-1564
-3257
-2145
3559555
28
-11
14
-1552
-3223
-2112
3560580
21
15
19
-1572
-3240
-2118
3561605
36
41
19
-1553
-3267
-2147
3562630
69
64
14
-1553
-3282
-2117
3563655
130
88
17
-1573
-3342
-2108
3564680
200
113
25
-1567
-3351
-2103
3565705
203
135
47
-1547
-3296
-2168
3566730
148
149
72
-1542
-3297
-2239
3567755
124
152
75
-1577
-3351
-2321
3568780
165
134
59
-1598
-3393
-2306
3569805
224
111
31
-1603
-3422
-2258
3570830
294
89
7
-1604
-3488
-2254
3571855
390
63
-20
-1577
-3604
-2193
3564672
529
40
-55
-1593
-3643
-2120
3565697
720
15
-91
-1590
-3723
-2032
3566722
933
-18
-112
-1639
-3873
-1950
3567747
1074
-64
-135
-1671
-3926
-1841
3568772
1139
-113
-159
-1678
-4043
-1769
3569797
1201
-155
-159
-1684
-4155
-1725
3570822
1208
-188
-142
-1651
-4096
-1608
3571847
1188
-216
-105
-1615
-4122
-1494
3572872
1273
-243
-51
-1597
-4460
-1488
3573897
1600
-255
9
-1592
-4658
-1575
3574922
2338
-251
103
-1556
-4758
-1544
3575947
3511
-270
146
-1508
-5004
-1432
3576972
5161
-329
98
-1481
-5143
-1258
3577997
6901
-407
35
-1489
-4756
-1070
3579022
8147
-496
-4
-1491
-4205
-822
3580047
8991
-556
-29
-1516
-3932
-409
3572863
9904
-623
-16
-1554
-3846
176
3573888
11029
-774
-111
-1674
-3550
460
3574913
12525
-1065
-64
-1737
-3147
831
3575938
13552
-1544
208
-1609
-2296
488
3576963
12698
-1644
138
-1402
1322
-505
3577988
8975
-1284
371
-879
5516
1045
3579013
2958
-871
750
-265
5610
3675
3580038
-884
-451
1044
-644
1141
4628
3581063
-31
-480
899
-703
-295
4434
3582088
916
-566
541
-505
2378
4247
3583113
-129
-359
379
-586
2458
4293
3584138
-622
-173
246
-641
1057
4428
3585163
-160
-130
66
-757
1203
4301
3586188
-95
-95
-65
-775
1430
4068
3587213
-301
-25
-120
-762
1093
4032
3588238
-239
23
-146
-812
877
4142
3581199
-173
17
-144
-816
932
4127
3582224
-259
10
-87
-806
895
4052
3583249
-274
1
-14
-771
820
4010
3584274
-136
-8
59
-741
924
4004
3585299
-115
-23
111
-756
1004
4067
3586324
-94
-39
116
-755
1012
3952
3587349
-103
-54
112
-807
1227
3916
3588374
-237
-82
79
-784
981
3981
3589399
25
-82
34
-690
688
4008
3590424
181
-72
40
-743
1273
4055
3591449
-152
-54
28
-731
1066
4095
3592474
-138
-35
8
-659
590
4122
3593499
74
-35
26
-720
1036
4093
3594524
-97
-25
50
-710
1113
4092
3595549
-247
0
68
-670
837
4143
3596574
-131
16
70
-708
830
4153
3589247
-19
14
51
-705
954
4121
3590272
-62
25
53
-707
1035
4089
3591297
-162
36
53
-717
985
4107
3592322
-191
33
36
-692
907
4130
3593347
-149
36
20
-679
894
4110
3594372
-110
40
1
-671
900
4119
3595397
-123
41
-2
-687
934
4132
3596422
-173
36
-4
-701
915
4111
3597447
-179
28
-7
-693
852
4092
3598472
-119
16
-5
-690
833
4093
3599497
-78
3
-3
-707
838
4114
3600522
-65
-12
-1
-721
795
4122
3601547
-24
-30
11
-726
792
4127
3602572
-15
-48
26
-712
833
4139
3603597
-20
-51
28
-687
794
4138
3604622
-5
-36
23
-693
832
4157
3597440
-33
-27
16
-691
825
4166
3598465
-56
-13
14
-686
797
4178
3599490
-47
-1
12
-687
774
4181
3600515
-13
15
5
-695
789
4140
3601540
12
21
-4
-696
825
4112
3602565
-7
30
-8
-710
820
4120
3603590
-18
29
-13
-708
731
4102
3604615
32
24
-7
-726
781
4074
3605640
-34
14
9
-734
904
4084
3606665
-113
12
13
-703
753
4088
3607690
-70
16
4
-707
799
4110
3608715
-79
19
-8
-733
832
4116
3609740
-100
24
-24
-745
724
4119
3610765
-41
20
-31
-772
761
4100
3611790
-35
9
-31
-773
826
4104
3612815
-85
6
-24
-732
755
4128
3605632
-82
8
-18
-711
719
4129
3606657
-92
12
-10
-718
762
4136
3607682
-93
10
-5
-713
641
4120
3608707
-7
6
1
-720
683
4131
3609732
-6
-3
6
-725
790
4149
3610757
-69
0
11
-710
719
4128
3611782
-66
-1
14
-721
677
4156
3612807
8
-8
0
-704
637
4127
3613832
73
-6
2
-726
802
4141
3614857
-27
-3
2
-728
799
4124
3615882
-79
1
3
-719
650
4147
3616907
-27
-5
1
-737
681
4167
3617932
9
-9
-1
-733
672
4163
3618957
22
-6
1
-733
734
4148
3619982
0
1
5
-738
761
4160
3621007
-35
6
5
-738
751
4141
3613824
-43
9
9
-752
723
4146
3614849
-32
4
8
-753
687
4137
3615874
12
1
3
-757
706
4118
3616899
15
-2
3
-761
762
4123
3617924
-32
-4
6
-751
728
4108
3618949
-46
1
11
-757
707
4116
3619974
-29
-2
8
-757
651
4124
3620999
8
-5
5
-742
669
4128
3622024
1
-5
9
-744
715
4126
3623049
-32
-2
11
-746
689
4131
3624074
-51
-3
14
-742
692
4137
3625099
-52
-6
12
-733
653
4147
3626124
-10
-5
10
-732
654
4151
3627149
3
-1
10
-750
727
4154
3628174
-32
-1
15
-737
687
4163
3629199
-29
1
23
-726
682
4165
3622015
-22
0
18
-723
686
4153
3623040
-9
2
7
-717
666
4140
3624065
15
5
5
-737
711
4123
3625090
-12
0
10
-742
711
4119
3626115
-35
-2
12
-733
669
4123
3627140
-31
-1
9
-744
673
4135
3628165
-28
-7
3
-732
688
4117
3629190
-48
-6
5
-745
708
4123
3630215
-75
-6
5
-753
654
4132
3631240
-62
-7
4
-748
657
4145
3632265
-76
-5
-1
-754
673
4144
3633290
-101
3
3
-741
631
4170
3634315
-81
7
7
-751
570
4174
3635340
-25
7
6
-739
620
4157
3636365
-34
15
9
-745
687
4165
3637390
-96
19
11
-744
642
4154
3630209
-82
22
11
-730
581
4172
3631234
-53
23
13
-745
643
4177
3632259
-79
21
17
-740
653
4167
3633284
-104
22
22
-735
634
4177
3634309
-107
24
27
-758
616
4203
3635334
-107
22
24
-754
616
4216
3636359
-102
26
26
-733
637
4225
3637384
-143
46
23
-737
670
4274
3638409
-217
74
26
-766
647
4302
3639434
-335
96
41
-775
715
4312
3640459
-639
132
74
-766
782
4333
3641484
-1180
194
125
-754
786
4348
3642509
-1871
287
180
-753
562
4343
3643534
-2328
410
238
-758
15
4308
3644559
-2354
516
278
-848
-304
4279
3645584
-2334
546
302
-940
-100
4170
3638400
-2691
569
331
-944
24
4072
3639425
-3407
643
374
-945
-79
3925
3640450
-4320
748
446
-992
-258
3702
3641475
-5208
877
495
-1061
-921
3483
3642500
-5584
991
521
-1146
-1898
3393
3643525
-5549
1062
458
-1242
-2370
3069
3644550
-5733
1100
362
-1352
-2356
2451
3645575
-6366
1116
327
-1520
-2191
1749
3646600
-7321
1071
380
-1650
-1951
1100
3647625
-8635
987
511
-1682
-1854
182
3648650
-9864
978
593
-1778
-2211
-761
3649675
-10360
973
729
-1840
-2868
-1625
3650700
-9956
1035
786
-1998
-3262
-2265
3651725
-8624
926
902
-1839
-5022
-3135
3652750
-5218
1043
666
-2051
-6851
-3124
3653775
-1027
1006
196
-2062
-4712
-2348
3646592
304
677
-12
-1749
-2576
-1850
3647617
-658
468
-101
-1668
-3222
-2341
3648642
-741
393
-51
-2032
-3958
-3030
3649667
-343
261
19
-2000
-3666
-2819
3650692
-261
141
57
-1931
-3700
-2461
3651717
-58
68
78
-1999
-3557
-2435
3652742
50
23
78
-1912
-3365
-2412
3653767
77
13
63
-1861
-3347
-2280
3654792
111
18
44
-1821
-3261
-2193
3655817
89
42
27
-1745
-3234
-2220
3656842
107
68
30
-1674
-3187
-2211
3657867
114
88
29
-1645
-3088
-2232
3658892
89
94
28
-1646
-3105
-2345
3659917
119
94
14
-1660
-3081
-2323
3660942
144
91
-7
-1647
-2999
-2285
3661967
114
95
-24
-1651
-3004
-2271
3654784
79
102
-24
-1661
-3050
-2281
3655809
81
109
-16
-1690
-3043
-2326
3656834
47
100
-3
-1687
-3049
-2358
3657859
13
86
6
-1701
-3125
-2393
3658884
29
71
11
-1715
-3164
-2374
3659909
66
57
4
-1717
-3114
-2330
3660934
64
49
5
-1725
-3112
-2322
3661959
26
54
12
-1740
-3157
-2351
3662984
21
54
20
-1742
-3203
-2356
3664009
28
47
43
-1747
-3234
-2350
3665034
15
42
64
-1746
-3218
-2350
3666059
9
35
72
-1758
-3215
-2290
3667084
27
24
71
-1761
-3183
-2285
3668109
35
9
67
-1757
-3138
-2309
3669134
16
-11
61
-1756
-3174
-2328
3670159
31
-23
57
-1759
-3160
-2335
3662976
57
-25
42
-1741
-3149
-2253
3664001
98
-25
31
-1753
-3085
-2204
3665026
85
-25
23
-1739
-3018
-2211
3666051
34
-11
16
-1749
-3065
-2251
3667076
24
1
9
-1722
-3084
-2248
3668101
42
6
1
-1698
-3101
-2262
3669126
69
6
-8
-1703
-3071
-2274
3670151
44
2
-9
-1710
-3081
-2279
3671176
-4
2
1
-1725
-3114
-2309
3672201
-20
-4
9
-1733
-3140
-2318
3673226
-13
-16
10
-1724
-3154
-2302
3674251
5
-23
9
-1713
-3140
-2295
3675276
23
-23
16
-1724
-3136
-2276
3676301
12
-25
21
-1718
-3144
-2261
3677326
1
-20
29
-1721
-3183
-2278
3678351
25
-13
25
-1727
-3169
-2234
3671168
45
-7
15
-1724
-3132
-2196
3672193
13
-1
12
-1707
-3143
-2258
3673218
10
8
20
-1715
-3170
-2274
3674243
26
16
27
-1707
-3133
-2256
3675268
7
17
34
-1724
-3144
-2254
3676293
-31
11
31
-1736
-3180
-2246
3677318
-8
6
27
-1734
-3162
-2248
3678343
19
2
24
-1727
-3123
-2253
3679368
6
8
22
-1737
-3109
-2265
3680393
-15
9
25
-1732
-3122
-2280
3681418
-32
10
22
-1721
-3112
-2249
3682443
-21
7
23
-1730
-3137
-2262
3683468
4
3
16
-1734
-3103
-2253
3684493
-20
5
10
-1725
-3100
-2283
3685518
-30
15
15
-1734
-3176
-2258
3686543
12
19
16
-1729
-3110
-2210
3679360
3
20
15
-1727
-3065
-2233
3680385
-17
31
11
-1726
-3145
-2250
3681410
22
45
8
-1725
-3146
-2226
3682435
17
52
4
-1704
-3086
-2222
3683460
-39
56
6
-1717
-3123
-2255
3684485
-33
60
6
-1727
-3149
-2286
3685510
-21
55
4
-1734
-3112
-2298
3686535
-35
49
-1
-1722
-3188
-2319
3687560
-12
44
-4
-1726
-3239
-2311
3688585
31
36
-4
-1720
-3206
-2291
3689610
63
30
2
-1728
-3242
-2300
3690635
116
30
-7
-1730
-3288
-2263
3691660
205
34
-18
-1743
-3339
-2260
3692685
322
44
-38
-1756
-3367
-2250
3693710
455
54
-64
-1746
-3340
-2182
3694735
564
49
-93
-1738
-3405
-2165
3687552
700
27
-138
-1741
-3606
-2177
3688577
993
-9
-205
-1749
-3713
-2097
3689602
1246
-57
-256
-1762
-3691
-1955
3690627
1365
-102
-292
-1736
-3784
-1864
3691652
1547
-141
-323
-1724
-4084
-1809
3692677
1890
-178
-360
-1705
-4281
-1767
3693702
2251
-224
-384
-1663
-4330
-1789
3694727
2514
-284
-395
-1590
-4112
-1648
3695752
2626
-366
-339
-1557
-4081
-1545
3696777
2695
-450
-218
-1586
-4525
-1327
3697802
2980
-507
-181
-1646
-4694
-980
3698827
3565
-560
-184
-1657
-4620
-647
3699852
4291
-613
-174
-1613
-4480
-207
3700877
4959
-651
-140
-1548
-4404
343
3701902
5446
-663
-90
-1532
-4199
670
3702927
5949
-669
-47
-1490
-4186
725
3695745
6765
-642
-57
-1466
-4134
851
3696770
7841
-620
-112
-1454
-3629
1035
3697795
8884
-684
-146
-1441
-2984
1125
3698820
9768
-831
-205
-1461
-2416
1160
3699845
10841
-1052
-250
-1479
-1758
1224
3700870
11687
-1355
7
-1138
-528
1367
3701895
10507
-1403
390
-887
2099
1849
3702920
6410
-1231
752
-975
3925
2366
3703945
1356
-1050
815
-355
3740
2828
3704970
-1241
-731
892
-140
1294
4317
3705995
-727
-571
791
-101
138
5073
3707020
144
-490
505
-219
1539
4733
3708045
-105
-339
276
-276
2050
4509
3709070
-485
-132
129
-302
1354
4554
3710095
-343
14
9
-474
1178
4552
3711120
-245
91
-111
-530
1181
4414
3703938
-310
154
-169
-538
1083
4270
3704963
-294
185
-163
-597
951
4188
3705988
-186
177
-133
-637
870
4133
3707013
-120
143
-84
-631
843
4032
3708038
-129
95
-18
-616
917
3977
3709063
-158
46
32
-577
901
3982
3710088
-103
8
49
-580
911
3963
3711113
-19
-21
55
-568
1017
3998
3712138
-55
-32
51
-575
1062
4046
3713163
-118
-34
24
-597
968
4063
3714188
-98
-38
-12
-600
896
4103
3715213
-70
-41
-17
-613
906
4125
3716238
-102
-44
-9
-596
849
4165
3717263
-113
-32
15
-580
854
4170
3718288
-133
-20
22
-586
822
4184
3719313
-99
-12
16
-556
758
4220
3712127
-14
-3
18
-573
862
4193
3713152
-65
6
22
-568
1004
4147
3714177
-228
22
30
-568
949
4151
3715202
-312
35
18
-568
786
4163
3716227
-275
36
-7
-589
704
4162
3717252
-162
32
-31
-601
644
4138
3718277
-30
29
-36
-622
731
4129
3719302
-36
19
-23
-636
865
4108
3720327
-141
15
-18
-616
808
4130
3721352
-165
17
-15
-612
681
4154
3722377
-109
11
-8
-609
657
4174
3723402
-39
8
-2
-623
712
4148
3724427
-20
3
7
-614
756
4163
3725452
-36
1
15
-617
761
4155
3726477
-10
-4
13
-606
752
4187
3727502
18
-2
2
-609
793
4169
3720353
-4
8
-11
-611
793
4170
3721378
-33
14
-14
-615
723
4168
3722403
-19
9
-15
-625
712
4151
3723428
-9
0
-14
-616
675
4122
3724453
15
-4
-8
-615
654
4105
3725478
13
-8
8
-630
710
4115
3726503
-40
-18
23
-634
695
4139
3727528
-21
-27
18
-590
630
4153
3728553
37
-27
20
-581
730
4135
3729578
-12
-21
30
-605
794
4142
3730603
-85
-16
37
-611
732
4154
3731628
-75
-18
34
-622
692
4173
3732653
4
-21
23
-586
685
4172
3733678
43
-13
12
-598
783
4158
3734703
-13
0
7
-593
785
4145
3735728
-68
13
2
-602
691
4175
3728512
-43
14
-8
-602
614
4190
3729537
15
14
-9
-606
669
4165
3730562
2
14
-2
-609
705
4163
3731587
-24
12
7
-593
669
4160
3732612
-9
8
14
-596
708
4161
3733637
-23
6
21
-590
725
4190
3734662
-35
7
22
-583
691
4183
3735687
-5
11
18
-602
716
4171
3736712
0
7
10
-596
704
4182
3737737
12
11
6
-612
703
4166
3738762
2
12
2
-623
750
4158
3739787
-22
13
-3
-612
680
4159
3740812
8
16
-12
-628
660
4153
3741837
28
15
-20
-628
703
4138
3742862
-5
20
-19
-630
722
4140
3743887
-47
23
-11
-638
683
4147
3736703
-46
24
-12
-625
659
4151
3737728
-13
27
-22
-627
666
4153
3738753
11
25
-28
-647
689
4130
3739778
7
16
-25
-644
699
4126
3740803
-24
9
-17
-645
697
4141
3741828
-43
4
-16
-623
629
4175
3742853
-6
5
-16
-610
630
4173
3743878
8
10
-9
-630
718
4177
3744903
-37
14
-5
-625
668
4174
3745928
-29
14
-2
-641
639
4176
3746953
-2
5
0
-647
687
4152
3747978
-11
-2
2
-640
715
4151
3749003
-30
-5
-1
-641
670
4169
3750028
-8
-6
1
-635
662
4170
3751053
-6
-8
7
-634
710
4169
3752078
-35
-8
14
-646
689
4173
3744897
-43
-11
12
-642
682
4184
3745922
-35
-7
5
-648
660
4175
3746947
-14
0
5
-650
640
4144
3747972
5
7
8
-649
669
4147
3748997
-16
12
14
-662
674
4150
3750022
-32
6
10
-661
641
4110
3751047
-20
2
4
-665
655
4120
3752072
-23
-2
-2
-654
602
4138
3753097
18
-7
-3
-649
577
4149
3754122
46
-11
4
-652
666
4140
3755147
-23
-10
21
-633
704
4131
3756172
-94
-2
36
-635
653
4170
3757197
-92
-4
39
-633
619
4179
3758222
-29
-15
32
-628
632
4178
3759247
20
-16
24
-637
698
4166
3760272
2
-21
21
-639
710
4174
3753089
-32
-23
16
-632
642
4179
3754114
-27
-22
17
-634
629
4187
3755139
-19
-20
17
-635
607
4190
3756164
-2
-17
25
-643
620
4181
3757189
-28
-15
33
-654
660
4169
3758214
-51
-15
37
-633
596
4176
3759239
-20
-12
42
-641
602
4195
3760264
-7
-12
41
-636
624
4176
3761289
-16
-4
48
-629
649
4159
3762314
-44
-1
55
-638
626
4172
3763339
-48
-2
59
-640
567
4190
3764364
2
-12
59
-635
573
4185
3765389
41
-18
63
-624
666
4187
3766414
-9
-7
64
-611
694
4202
3767439
-54
10
62
-592
643
4215
3768464
-32
27
54
-600
670
4263
3761280
-33
39
38
-597
704
4272
3762305
-70
51
14
-609
683
4228
3763330
-102
60
6
-631
708
4203
3764355
-168
69
13
-629
698
4252
3765380
-254
78
27
-610
640
4282
3766405
-295
98
33
-610
569
4303
3767430
-277
121
33
-629
572
4328
3768455
-372
146
30
-651
707
4326
3769480
-734
178
60
-669
808
4345
3770505
-1386
233
116
-674
825
4359
3771530
-2309
305
208
-655
912
4362
3772555
-3691
423
322
-596
1013
4196
3773580
-5089
645
390
-582
-21
3926
3774605
-5501
902
430
-672
-1392
3870
3775630
-5024
1076
391
-883
-1534
3892
3776655
-4890
1138
359
-1042
-1257
3625
3769472
-5418
1176
415
-1073
-1274
3311
3770497
-6370
1206
489
-1134
-1434
2649
3771522
-7120
1254
566
-1212
-1911
1819
3772547
-7757
1339
744
-1368
-2104
1012
3773572
-8822
1401
839
-1565
-1864
11
3774597
-10038
1397
944
-1705
-2079
-1025
3775622
-10549
1341
1138
-1792
-2782
-1805
3776647
-10079
1251
1309
-1954
-3868
-2340
3777672
-8323
1158
1253
-2075
-5507
-3063
3778697
-4654
1265
1004
-2178
-6234
-3208
3779722
-837
1200
774
-2140
-4166
-2553
3780747
173
856
508
-1905
-2320
-1927
3781772
-702
590
226
-1897
-3170
-2247
3782797
-709
423
109
-2294
-3928
-2987
3783822
-280
245
29
-2255
-3589
-2813
3784847
-66
127
-16
-2182
-3734
-2364
3777663
135
69
-44
-2154
-3613
-2216
3778688
132
61
-79
-2043
-3331
-2124
3779713
48
86
-88
-1954
-3294
-2164
3780738
20
112
-90
-1899
-3315
-2286
3781763
59
122
-95
-1836
-3328
-2337
3782788
151
113
-95
-1787
-3217
-2299
3783813
185
94
-75
-1772
-3066
-2247
3784838
95
75
-53
-1765
-2984
-2276
3785863
42
66
-43
-1796
-2973
-2304
3786888
81
55
-42
-1773
-3044
-2269
3787913
127
56
-46
-1782
-3006
-2273
3788938
103
58
-47
-1789
-2961
-2272
3789963
26
61
-34
-1790
-3039
-2288
3790988
12
63
-22
-1783
-3101
-2279
3792013
47
58
-10
-1794
-3103
-2287
3793038
60
52
-3
-1787
-3107
-2220
3785856
42
53
5
-1793
-3165
-2241
3786881
50
55
5
-1805
-3158
-2292
3787906
44
58
-2
-1804
-3096
-2315
3788931
-4
51
0
-1792
-3138
-2284
3789956
-37
38
8
-1793
-3192
-2277
3790981
-4
26
16
-1807
-3279
-2309
3792006
82
19
18
-1809
-3217
-2276
3793031
88
14
27
-1787
-3116
-2245
3794056
12
13
35
-1783
-3137
-2275
3795081
-23
3
30
-1782
-3179
-2274
3796106
18
-7
22
-1779
-3213
-2257
3797131
67
-14
15
-1759
-3159
-2198
3798156
44
-14
18
-1735
-3090
-2176
3799181
-10
1
33
-1738
-3144
-2228
3800206
-4
22
35
-1741
-3156
-2225
3801231
30
30
21
-1745
-3090
-2254
3794049
49
23
3
-1755
-3065
-2300
3795074
31
9
-8
-1747
-3072
-2261
3796099
10
-7
-19
-1724
-3071
-2221
3797124
-4
-17
-14
-1738
-3062
-2221
3798149
-10
-15
2
-1751
-3062
-2206
3799174
-20
-1
14
-1759
-3055
-2185
3800199
-27
19
24
-1785
-3071
-2204
3801224
-30
39
36
-1789
-3044
-2202
3802249
-69
61
47
-1796
-3061
-2166
3803274
-105
70
44
-1795
-3119
-2227
3804299
-108
67
26
-1821
-3095
-2294
3805324
-105
51
4
-1811
-3106
-2335
3806349
-97
39
-12
-1805
-3168
-2332
3807374
-72
23
-22
-1789
-3196
-2348
3808399
-56
9
-24
-1789
-3217
-2387
3809424
-54
-1
-14
-1770
-3203
-2397
3802241
-47
-8
0
-1761
-3218
-2375
3803266
-30
-17
10
-1735
-3191
-2356
3804291
-9
-23
17
-1729
-3187
-2371
3805316
9
-29
26
-1704
-3193
-2343
3806341
25
-31
33
-1698
-3163
-2306
3807366
41
-27
35
-1714
-3154
-2297
3808391
36
-21
33
-1702
-3101
-2291
3809416
11
-13
24
-1695
-3089
-2230
3810441
6
-2
17
-1718
-3098
-2228
3811466
29
8
7
-1742
-3100
-2229
3812491
41
19
-4
-1760
-3050
-2222
3813516
17
32
-8
-1770
-3036
-2242
3814541
-18
41
-5
-1787
-3083
-2282
3815566
-28
42
-5
-1801
-3120
-2346
3816591
-2
31
-7
-1796
-3131
-2360
3817616
29
11
-2
-1787
-3123
-2338
3810433
31
-1
8
-1793
-3091
-2343
3811458
8
-7
17
-1786
-3092
-2317
3812483
6
-10
22
-1776
-3131
-2290
3813508
48
-10
23
-1763
-3141
-2282
3814533
96
-14
21
-1758
-3137
-2282
3815558
110
-13
19
-1753
-3135
-2256
3816583
109
-7
10
-1756
-3164
-2230
3817608
142
-6
0
-1766
-3232
-2224
3818633
234
-2
-17
-1778
-3278
-2219
3819658
321
-1
-25
-1797
-3207
-2176
3820683
181
-10
3
-1792
-3065
-2161
3821708
-118
-14
21
-1811
-3137
-2225
3822733
-269
-18
28
-1832
-3293
-2253
3823758
-211
-25
34
-1842
-3405
-2313
3824783
-2
-42
15
-1859
-3463
-2357
3825808
211
-70
-7
-1837
-3355
-2308
3818625
270
-95
-18
-1827
-3306
-2269
3819650
288
-110
-31
-1833
-3430
-2276
3820675
438
-134
-50
-1840
-3534
-2285
3821700
726
-170
-83
-1843
-3646
-2290
3822725
1142
-211
-134
-1847
-3736
-2275
3823750
1628
-264
-195
-1844
-3792
-2165
3824775
2056
-339
-243
-1864
-3848
-2044
3825800
2538
-449
-302
-1875
-4070
-1942
3826825
3278
-576
-370
-1827
-4394
-1599
3827850
4167
-665
-392
-1736
-4573
-1160
3828875
5093
-681
-344
-1683
-4648
-891
3829900
6082
-644
-243
-1643
-4594
-767
3830925
7026
-583
-164
-1599
-4289
-416
3831950
7541
-542
-79
-1572
-3802
112
3832975
7726
-514
-51
-1591
-3359
631
3834000
8351
-577
-97
-1746
-3407
685
3826815
10122
-825
-225
-2016
-3962
763
3827840
12455
-1331
-278
-1967
-3319
955
3828865
13240
-1840
-47
-1704
-195
986
3829890
10757
-1990
561
-1499
2533
1420
3830915
5623
-1821
938
-1019
3335
1596
3831940
1282
-1430
819
137
2174
3361
3832965
-254
-909
749
222
669
5334
3833990
109
-625
617
-345
550
5204
3835015
345
-504
379
-408
1196
4831
3836040
-114
-307
137
-484
1341
4749
3837065
-381
-112
30
-683
839
4717
3838090
-238
-14
-42
-701
562
4632
3839115
-79
63
-142
-706
568
4483
3840140
12
129
-194
-752
662
4358
3841165
41
158
-185
-801
643
4298
3842190
23
157
-142
-812
580
4267
3835008
-38
131
-86
-789
520
4210
3836033
-20
98
-30
-727
475
4132
3837058
84
62
21
-710
566
4068
3838083
117
29
63
-729
712
4042
3839108
20
-1
67
-735
806
4018
3840133
-105
-12
52
-738
740
4056
3841158
-90
-18
8
-752
553
4067
3842183
49
-39
-24
-787
551
4052
3843208
101
-60
-32
-769
614
4074
3844233
-15
-57
2
-774
634
4117
3845258
-155
-50
39
-755
515
4197
3846283
-177
-42
69
-732
463
4238
3847308
-115
-34
71
-716
416
4250
3848333
45
-24
67
-715
504
4227
3849358
53
-14
62
-721
728
4191
3850383
-92
3
55
-712
658
4171
3843200
-118
13
45
-713
593
4193
3844225
-94
7
26
-723
618
4191
3845250
-73
10
6
-714
548
4160
3846275
-26
9
-1
-737
578
4164
3847300
-28
0
0
-739
620
4146
3848325
-64
-8
1
-736
565
4162
3849350
-44
-13
4
-741
470
4177
3850375
28
-14
6
-755
503
4163
3851400
30
-14
16
-744
613
4141
3852425
-42
-2
25
-740
559
4171
3853450
-54
10
20
-726
491
4184
3854475
-31
17
17
-741
524
4165
3855500
-36
18
6
-736
501
4152
3856525
-26
19
7
-736
498
4133
3857550
-21
18
14
-733
531
4154
3858575
-49
15
18
-737
538
4154
3851393
-71
9
18
-725
505
4175
3852418
-34
1
9
-714
434
4173
3853443
48
-8
17
-727
549
4181
3854468
0
-9
16
-722
635
4156
3855493
-91
4
21
-716
544
4203
3856518
-92
6
6
-718
439
4193
3857543
-8
6
0
-716
484
4187
3858568
-15
4
-9
-729
527
4138
3859593
-45
7
-11
-721
477
4167
3860618
-50
6
-23
-723
393
4144
3861643
6
7
-17
-737
427
4144
3862668
-24
6
-5
-764
529
4133
3863693
-107
9
4
-748
462
4138
3864718
-134
15
5
-772
454
4173
3865743
-130
10
-5
-771
373
4210
3866768
-53
8
-11
-766
344
4182
3859584
23
3
3
-774
466
4196
3860609
-31
6
18
-753
483
4202
3861634
-84
21
27
-740
430
4241
3862659
-85
27
24
-748
414
4223
3863684
-34
24
16
-749
386
4204
3864709
25
21
17
-750
458
4182
3865734
-9
18
20
-748
525
4194
3866759
-84
20
14
-723
437
4189
3867784
-71
19
5
-743
393
4186
3868809
-33
9
-3
-762
434
4166
3869834
-26
-3
-2
-761
428
4167
3870859
-22
-12
3
-753
402
4200
3871884
-20
-24
6
-750
417
4216
3872909
-20
-26
9
-749
396
4211
3873934
11
-24
8
-742
399
4199
3874959
13
-23
15
-747
454
4192
3867776
-28
-18
26
-749
434
4197
3868801
-35
-14
29
-762
386
4196
3869826
-4
-19
24
-766
394
4182
3870851
3
-26
20
-760
413
4157
3871876
-22
-30
20
-754
399
4166
3872901
-38
-36
26
-748
383
4183
3873926
-32
-47
38
-737
352
4177
3874951
5
-56
53
-721
377
4199
3875976
9
-57
61
-715
439
4188
3877001
-20
-54
67
-713
448
4202
3878026
-46
-52
69
-724
416
4221
3879051
-48
-51
63
-720
388
4216
3880076
-19
-48
52
-720
371
4200
3881101
10
-44
48
-731
424
4194
3882126
0
-43
45
-707
435
4218
3883151
18
-29
30
-677
434
4256
3875968
42
-6
2
-683
550
4277
3876993
-11
27
-28
-687
562
4262
3878018
-46
54
-53
-710
450
4257
3879043
-7
63
-68
-728
385
4214
3880068
27
63
-64
-754
420
4181
3881093
5
51
-52
-749
395
4179
3882118
0
44
-37
-743
345
4174
3883143
26
35
-16
-760
335
4160
3884168
48
22
4
-755
390
4160
3885193
20
13
19
-737
415
4173
3886218
1
13
24
-720
384
4170
3887243
9
12
27
-737
402
4192
3888268
3
10
25
-717
423
4218
3889293
4
22
18
-723
483
4227
3890318
-15
35
-4
-728
517
4257
3891343
-20
51
-24
-702
530
4298
3884160
-9
82
-44
-723
537
4321
3885185
-13
110
-69
-765
534
4324
3886210
-6
119
-88
-790
491
4327
3887235
44
117
-107
-801
411
4306
3888260
123
114
-113
-803
427
4279
3889285
147
118
-106
-816
477
4246
3890310
111
123
-96
-824
464
4228
3891335
72
128
-81
-843
423
4216
3892360
87
124
-72
-856
353
4203
3893385
125
116
-63
-873
404
4160
3894410
90
110
-52
-886
480
4129
3895435
-20
114
-39
-882
487
4115
3896460
-166
121
-15
-892
427
4124
3897485
-239
135
-7
-905
275
4127
3898510
-168
145
0
-907
424
4211
3899535
-294
155
-7
-817
839
4294
3892352
-919
247
-38
-724
1118
4262
3893377
-2090
458
-22
-710
1175
4214
3894402
-3661
771
50
-768
814
4043
3895427
-4827
1095
181
-952
-137
3847
3896452
-5359
1311
311
-1168
-842
3575
3897477
-5925
1450
333
-1313
-719
3068
3898502
-6974
1590
393
-1434
-666
2567
3899527
-8180
1717
464
-1574
-1064
2167
3900552
-9435
1736
579
-1765
-1420
1331
3901577
-10923
1680
714
-1966
-1419
-41
3902602
-12481
1645
958
-2090
-1865
-1209
3903627
-13255
1590
1239
-2213
-3378
-2190
3904652
-11924
1498
1424
-2438
-5855
-2552
3905677
-8185
1357
1217
-2398
-7158
-3133
3906702
-2882
1367
783
-2521
-5968
-2825
3907727
916
1086
430
-2170
-2991
-2113
3900544
1192
731
151
-1923
-1730
-1727
3901569
-167
524
-72
-1892
-2904
-2506
3902594
-426
485
-132
-2314
-3314
-3317
3903619
-89
401
-95
-2261
-3125
-2917
3904644
50
292
-46
-2167
-3388
-2197
3905669
63
180
-45
-2108
-3423
-2013
3906694
25
102
-54
-2093
-3231
-2099
3907719
10
67
-37
-2102
-3250
-2083
3908744
-24
63
-8
-2092
-3226
-2091
3909769
-50
71
-7
-2054
-3201
-2087
3910794
38
71
5
-2019
-3127
-2075
3911819
83
58
28
-1989
-3006
-2084
3912844
45
47
34
-2026
-2984
-2156
3913869
15
43
17
-2029
-2901
-2214
3914894
-42
37
-10
-1996
-2935
-2161
3915919
-60
29
-27
-1989
-2998
-2181
3908736
-25
27
-38
-2024
-2985
-2172
3909761
-72
20
-35
-2001
-3035
-2220
3910786
-70
18
-37
-2005
-3168
-2183
3911811
39
14
-22
-1997
-3106
-2110
3912836
68
10
-7
-1971
-3143
-2044
3913861
65
28
-4
-1979
-3197
-2019
3914886
143
64
-5
-1951
-3193
-1942
3915911
233
116
-2
-1937
-3177
-1858
3916936
292
178
4
-1932
-3113
-1821
3917961
230
235
10
-1929
-3024
-1945
3918986
48
267
4
-1909
-3095
-2141
3920011
-27
268
-24
-1891
-3130
-2249
3921036
-18
236
-31
-1887
-3095
-2300
3922061
-41
187
-46
-1894
-3153
-2351
3923086
-17
139
-58
-1919
-3152
-2370
3924111
-1
98
-62
-1912
-3116
-2322
3916928
-20
69
-66
-1917
-3128
-2288
3917953
-13
50
-59
-1906
-3158
-2301
3918978
-2
34
-46
-1889
-3145
-2253
3920003
-10
20
-26
-1888
-3125
-2214
3921028
-34
9
-13
-1891
-3187
-2203
3922053
-17
2
-6
-1863
-3176
-2204
3923078
-1
-7
1
-1856
-3132
-2200
3924103
-17
-18
2
-1851
-3100
-2195
3925128
-47
-27
-3
-1856
-3107
-2167
3926153
-43
-32
-15
-1848
-3133
-2151
3927178
-14
-28
-22
-1841
-3126
-2160
3928203
-18
-22
-29
-1846
-3090
-2177
3929228
-65
-20
-31
-1849
-3096
-2205
3930253
-89
-20
-39
-1852
-3139
-2215
3931278
-62
-28
-41
-1857
-3212
-2220
3932303
-22
-42
-42
-1868
-3188
-2193
3925121
-6
-47
-37
-1865
-3168
-2186
3926146
-18
-42
-30
-1856
-3155
-2180
3927171
-33
-30
-23
-1852
-3163
-2192
3928196
-19
-24
-15
-1826
-3169
-2192
3929221
-15
-26
-7
-1829
-3140
-2211
3930246
-24
-31
-6
-1834
-3142
-2189
3931271
-28
-33
-14
-1828
-3113
-2160
3932296
-55
-30
-18
-1829
-3080
-2171
3933321
-91
-25
-24
-1822
-3082
-2205
3934346
-91
-23
-31
-1820
-3148
-2197
3935371
-55
-24
-35
-1829
-3163
-2219
3936396
-17
-27
-37
-1838
-3145
-2216
3937421
-8
-33
-41
-1840
-3149
-2191
3938446
9
-33
-40
-1849
-3168
-2213
3939471
50
-28
-37
-1859
-3148
-2241
3940496
66
-18
-28
-1869
-3129
-2275
3933312
62
-13
-19
-1858
-3153
-2237
3934337
60
-16
-19
-1841
-3185
-2176
3935362
107
-18
-25
-1846
-3269
-2165
3936387
208
-23
-32
-1845
-3295
-2169
3937412
293
-26
-39
-1836
-3294
-2200
3938437
338
-23
-55
-1829
-3332
-2195
3939462
406
-18
-83
-1826
-3344
-2179
3940487
485
-19
-111
-1819
-3262
-2241
3941512
540
-20
-130
-1794
-3105
-2235
3942537
457
-19
-110
-1747
-2946
-2044
3943562
190
-16
-62
-1675
-3077
-1817
3944587
-5
6
-55
-1680
-3253
-1734
3945612
-36
17
-33
-1702
-3252
-1839
3946637
-48
32
-10
-1741
-3268
-1955
3947662
-71
46
-7
-1757
-3258
-1959
3948687
-127
54
-9
-1781
-3266
-1974
3941503
-178
56
-7
-1806
-3349
-1997
3942528
-176
56
-5
-1809
-3360
-2023
3943553
-141
58
-5
-1828
-3396
-2088
3944578
-85
51
-5
-1838
-3403
-2095
3945603
-52
31
-3
-1832
-3409
-2111
3946628
-21
8
-4
-1851
-3522
-2174
3947653
99
-21
-6
-1885
-3574
-2256
3948678
263
-53
-5
-1926
-3561
-2265
3949703
445
-98
-9
-1951
-3724
-2180
3950728
781
-158
-42
-1995
-4006
-2208
3951753
1406
-248
-130
-1987
-4236
-2232
3952778
2172
-357
-219
-1993
-4286
-2039
3953803
2800
-482
-286
-1887
-4150
-1744
3954828
3283
-587
-306
-1814
-4133
-1375
3955853
3817
-652
-276
-1822
-4262
-1120
3956878
4372
-690
-205
-1784
-4313
-913
3949696
4999
-725
-170
-1702
-4363
-489
3950721
5738
-755
-156
-1657
-4311
-71
3951746
6410
-787
-137
-1633
-4128
117
3952771
7106
-845
-153
-1647
-4187
108
3953796
8335
-912
-171
-1710
-4288
327
3954821
9970
-1092
-175
-1784
-3725
479
3955846
11411
-1428
-62
-1716
-3049
797
3956871
12240
-1798
48
-1510
-1969
881
3957896
12385
-1937
342
-1039
154
947
3958921
10362
-1634
972
-946
3180
1714
3959946
5113
-1285
1392
-840
3870
2584
3960971
64
-961
1307
-22
2637
3720
3961996
-804
-552
1180
-315
753
5040
3963021
349
-516
841
-518
1371
4838
3964046
378
-466
500
-473
2372
4510
3965071
-285
-276
278
-511
1858
4500
3957888
-414
-157
113
-656
1469
4483
3958913
-207
-95
-27
-506
1102
4555
3959938
-89
-1
-135
-479
1005
4431
3960963
-14
91
-181
-583
1013
4230
3961988
-56
118
-166
-680
1059
4081
3963013
-167
107
-127
-664
804
4059
3964038
-132
70
-51
-644
692
3998
3965063
13
23
21
-646
810
3909
3966088
57
-24
78
-619
979
3905
3967113
-14
-54
97
-625
1038
3967
3968138
-49
-75
83
-602
1038
4030
3969163
-54
-83
58
-585
1078
4049
3970188
-66
-66
33
-585
1048
4045
3971213
-74
-38
20
-605
951
4105
3972238
-73
-18
17
-652
974
4105
3973263
-103
-16
23
-663
957
4099
3966080
-81
-20
31
-640
791
4129
3967105
29
-23
35
-642
862
4065
3968130
22
-22
35
-648
995
4027
3969155
-64
-14
34
-613
926
4106
3970180
-105
-8
42
-621
954
4168
3971205
-114
-7
37
-596
860
4178
3972230
-43
4
23
-586
808
4146
3973255
30
10
12
-601
930
4125
3974280
16
12
10
-579
947
4158
3975305
-10
18
12
-567
964
4131
3976330
-57
34
7
-580
985
4101
3977355
-140
54
-10
-611
894
4092
3978380
-145
61
-25
-634
744
4060
3979405
-85
55
-22
-666
744
4009
3980430
-77
40
-2
-687
806
3985
3981455
-116
18
29
-677
805
4010
3974272
-115
-14
38
-654
807
4012
3975297
-74
-41
33
-629
809
4051
3976322
-26
-56
29
-617
836
4116
3977347
-34
-58
40
-608
925
4145
3978372
-123
-50
50
-605
932
4153
3979397
-144
-39
47
-599
786
4181
3980422
-61
-35
32
-616
815
4185
3981447
-17
-36
24
-616
885
4173
3982472
-49
-29
19
-613
841
4178
3983497
-59
-23
18
-595
792
4200
3984522
-57
-17
24
-604
812
4184
3985547
-78
-14
23
-596
769
4174
3986572
-54
-9
26
-589
763
4141
3987597
-1
-10
22
-602
811
4144
3988622
12
-12
16
-597
801
4145
3989647
5
-7
15
-599
818
4123
3982464
-58
0
17
-611
851
4108
3983489
-132
2
27
-602
775
4124
3984514
-144
5
35
-604
759
4136
3985539
-119
8
29
-601
713
4166
3986564
-74
14
16
-614
714
4168
3987589
-59
17
9
-632
734
4147
3988614
-60
13
10
-621
678
4112
3989639
-35
11
16
-607
675
4127
3990664
-33
11
30
-605
703
4145
3991689
-45
8
34
-592
704
4140
3992714
-36
6
31
-584
725
4145
3993739
-41
5
30
-582
746
4150
3994764
-56
1
28
-584
711
4180
3995789
-24
-5
26
-571
690
4204
3996814
13
-6
23
-573
779
4198
3997839
-33
2
18
-570
842
4181
3990656
-106
13
11
-570
771
4184
3991681
-106
19
9
-576
664
4198
3992706
-46
25
8
-591
639
4201
3993731
-20
29
16
-650
726
4175
3994756
-44
17
13
-652
682
4148
3995781
-25
7
12
-649
676
4139
3996806
-22
-1
8
-655
702
4129
3997831
-25
-7
13
-635
689
4131
3998856
-6
-11
10
-608
694
4180
3999881
-15
-1
2
-585
684
4182
4000906
-23
13
0
-586
679
4180
4001931
-40
17
5
-587
677
4157
4002956
-37
16
9
-581
657
4148
4003981
-21
13
9
-578
663
4139
4005006
-33
14
6
-592
661
4113
4006031
-37
9
8
-600
627
4129
3998848
-20
-1
11
-605
625
4130
3999873
-6
-4
14
-608
674
4138
4000898
-42
-2
13
-624
685
4153
4001923
-53
-3
7
-632
648
4153
4002948
-24
-9
2
-637
652
4167
4003973
-9
-11
0
-625
664
4169
4004998
-13
-8
5
-620
663
4202
4006023
-15
-4
10
-615
638
4220
4007048
-4
0
10
-613
685
4199
4008073
-41
9
14
-628
719
4202
4009098
-91
16
15
-621
636
4225
4010123
-63
21
19
-641
610
4225
4011148
-45
21
25
-649
652
4236
4012173
-74
25
35
-650
638
4229
4013198
-74
26
46
-637
650
4211
4014223
-68
31
43
-633
634
4208
4007041
-71
42
37
-623
646
4208
4008066
-123
51
39
-620
683
4194
4009091
-218
65
46
-621
617
4184
4010116
-287
79
53
-645
615
4165
4011141
-374
84
55
-665
658
4148
4012166
-511
87
56
-642
646
4164
4013191
-681
101
59
-638
641
4191
4014216
-968
115
74
-651
737
4199
4015241
-1802
137
158
-627
1112
4207
4016266
-3473
294
295
-481
1104
4126
4017291
-4855
632
436
-561
-312
4062
4018316
-4718
821
529
-840
-1757
4089
4019341
-3869
795
439
-972
-1550
3952
4020366
-3759
782
326
-1003
-842
3623
4021391
-4567
864
364
-1058
-631
3380
4022416
-6381
995
481
-1132
-366
2887
4015232
-9264
1143
595
-1294
-31
1692
4016257
-12775
1286
812
-1466
237
71
4017282
-16138
1304
1229
-1616
-141
-2360
4018307
-17417
1259
1809
-1702
-3489
-4591
4019332
-14593
1259
2010
-2202
-8118
-4977
4020357
-7239
1246
1500
-2516
-9516
-4301
4021382
344
1109
1080
-1886
-5831
-2211
4022407
2619
719
664
-1322
-735
-993
4023432
-49
442
310
-1116
-2071
-1959
4024457
-989
525
299
-2055
-3972
-3613
4025482
-300
465
276
-1891
-3201
-3331
4026507
-408
365
272
-1710
-3358
-2613
4027532
-246
269
225
-1919
-3650
-2422
4028557
128
144
140
-1840
-3227
-2493
4029582
70
84
103
-1826
-3092
-2517
4030607
-82
62
104
-1924
-3103
-2504
4023425
-182
46
91
-1852
-3239
-2371
4024450
-128
50
89
-1836
-3362
-2214
4025475
33
43
109
-1827
-3143
-2255
4026500
61
48
141
-1856
-2962
-2357
4027525
-26
60
162
-1897
-2885
-2408
4028550
-83
64
143
-1870
-3005
-2326
4029575
-28
50
105
-1871
-3039
-2277
4030600
24
38
55
-1876
-2921
-2340
4031625
25
48
17
-1908
-2918
-2405
4032650
-26
48
-8
-1875
-2953
-2405
4033675
-70
45
-26
-1834
-3032
-2381
4034700
-16
37
-36
-1829
-3057
-2348
4035725
41
30
-33
-1831
-3048
-2366
4036750
50
39
-28
-1824
-2994
-2384
4037775
38
49
-17
-1784
-3003
-2378
4038800
62
55
5
-1783
-3103
-2394
4031616
139
50
13
-1771
-3014
-2413
4032641
131
35
25
-1763
-2925
-2422
4033666
41
30
37
-1762
-2948
-2435
4034691
13
38
34
-1758
-3008
-2385
4035716
31
39
32
-1750
-2997
-2328
4036741
21
37
30
-1758
-2966
-2347
4037766
-30
34
35
-1780
-2929
-2454
4038791
-89
38
32
-1769
-3018
-2441
4039816
-67
38
32
-1790
-3061
-2387
4040841
-48
26
33
-1791
-3010
-2335
4041866
-33
21
35
-1805
-3032
-2369
4042891
-16
21
36
-1809
-2977
-2435
4043916
-54
26
27
-1823
-2997
-2461
4044941
-65
21
21
-1821
-3042
-2463
4045966
-68
10
12
-1817
-3020
-2416
4046991
-74
4
5
-1809
-3057
-2382
4039808
-46
1
10
-1812
-3108
-2428
4040833
-23
-2
10
-1811
-3066
-2469
4041858
-28
-5
12
-1799
-3061
-2433
4042883
-7
-5
16
-1789
-3106
-2384
4043908
36
-11
15
-1786
-3055
-2378
4044933
69
-24
12
-1772
-3033
-2393
4045958
110
-30
2
-1763
-3057
-2358
4046983
148
-27
-12
-1741
-3035
-2320
4048008
153
-17
-21
-1743
-2947
-2328
4049033
100
-3
-23
-1742
-2925
-2372
4050058
31
14
-36
-1759
-2943
-2393
4051083
8
26
-52
-1762
-2972
-2407
4052108
16
26
-64
-1754
-3027
-2400
4053133
35
23
-61
-1754
-3049
-2435
4054158
20
18
-56
-1743
-3037
-2482
4055183
-9
7
-30
-1737
-3070
-2481
4048000
-12
-7
-7
-1734
-3088
-2434
4049025
13
-18
11
-1765
-3057
-2409
4050050
-12
-28
10
-1761
-2998
-2372
4051075
-44
-26
3
-1793
-3056
-2366
4052100
-47
-31
-7
-1784
-3078
-2374
4053125
-18
-31
-4
-1799
-3115
-2386
4054150
62
-31
14
-1794
-3111
-2363
4055175
97
-33
34
-1778
-3061
-2327
4056200
94
-25
49
-1793
-3029
-2327
4057225
74
-14
56
-1795
-2968
-2351
4058250
15
-4
60
-1787
-2987
-2374
4059275
2
1
62
-1792
-3073
-2391
4060300
54
-8
60
-1754
-3079
-2363
4061325
83
-11
62
-1771
-3030
-2352
4062350
78
-11
52
-1759
-3016
-2346
4063375
53
-8
43
-1768
-2985
-2356
4056192
26
-4
25
-1752
-3063
-2288
4057217
40
-2
14
-1785
-2991
-2308
4058242
15
-4
4
-1769
-3102
-2308
4059267
52
3
-2
-1793
-3101
-2308
4060292
83
10
-8
-1799
-3033
-2303
4061317
41
12
-16
-1794
-3049
-2318
4062342
5
14
-19
-1801
-3087
-2348
4063367
5
11
-21
-1769
-3114
-2318
4064392
29
8
-6
-1788
-3123
-2350
4065417
51
6
-4
-1773
-3109
-2322
4066442
61
10
-7
-1782
-3053
-2306
4067467
40
16
-9
-1769
-3040
-2277
4068492
24
24
-18
-1767
-3038
-2271
4069517
34
29
-22
-1785
-3043
-2278
4070542
50
31
-25
-1781
-3052
-2268
4071567
61
38
-21
-1795
-3018
-2300
4064384
23
44
-7
-1815
-3038
-2305
4065409
-7
44
3
-1839
-3066
-2308
4066434
9
37
15
-1827
-3116
-2331
4067459
23
27
26
-1820
-3095
-2335
4068484
8
14
39
-1807
-3071
-2345
4069509
-13
-1
50
-1788
-3083
-2350
4070534
2
-12
58
-1795
-3096
-2347
4071559
25
-25
54
-1783
-3080
-2344
4072584
26
-28
39
-1786
-3048
-2311
4073609
1
-29
17
-1794
-3031
-2304
4074634
-28
-28
-7
-1775
-3071
-2313
4075659
-23
-29
-32
-1768
-3136
-2316
4076684
18
-35
-56
-1766
-3134
-2271
4077709
41
-32
-66
-1752
-3158
-2267
4078734
52
-25
-65
-1746
-3150
-2290
4079759
43
-18
-54
-1740
-3106
-2294
4072576
11
-6
-32
-1739
-3145
-2290
4073601
17
4
-16
-1746
-3121
-2306
4074626
36
9
-8
-1748
-3089
-2317
4075651
36
9
-4
-1762
-3091
-2327
4076676
25
5
-5
-1774
-3072
-2301
4077701
21
-1
-5
-1773
-3094
-2290
4078726
33
-7
-3
-1767
-3104
-2302
4079751
30
-9
-4
-1778
-3086
-2294
4080776
11
-12
-6
-1774
-3108
-2287
4081801
21
-15
-10
-1786
-3109
-2268
4082826
45
-17
-12
-1779
-3086
-2265
4083851
38
-17
-5
-1771
-3093
-2268
4084876
6
-12
1
-1773
-3117
-2279
4085901
-6
-10
5
-1760
-3146
-2268
4086926
7
-13
6
-1762
-3138
-2267
4087951
21
-18
6
-1761
-3103
-2250
4080767
13
-13
4
-1772
-3109
-2251
4081792
10
-6
2
-1782
-3114
-2280
4082817
-2
-4
-3
-1757
-3109
-2274
4083842
-7
-7
-1
-1761
-3128
-2282
4084867
4
-13
4
-1763
-3108
-2266
4085892
2
-12
9
-1765
-3109
-2272
4086917
-6
-6
7
-1774
-3108
-2258
4087942
-10
-1
2
-1776
-3123
-2265
4088967
0
3
-1
-1775
-3123
-2244
4089992
19
4
3
-1774
-3126
-2282
4091017
29
4
7
-1771
-3144
-2278
4092042
14
-2
17
-1763
-3121
-2277
4093067
-13
-5
29
-1739
-3172
-2239
4094092
25
-1
34
-1740
-3181
-2234
4095117
68
4
32
-1752
-3101
-2240
4096142
22
7
29
-1761
-3060
-2247
4088961
-30
12
26
-1790
-3129
-2247
4089986
-23
4
2
-1798
-3120
-2220
4091011
-15
-7
-26
-1801
-3132
-2202
4092036
3
-9
-44
-1805
-3143
-2220
4093061
19
-6
-44
-1799
-3129
-2267
4094086
1
-1
-39
-1786
-3146
-2296
4095111
-24
-7
-30
-1763
-3169
-2315
4096136
-4
-17
-16
-1756
-3165
-2312
4097161
40
-28
-5
-1729
-3124
-2304
4098186
57
-36
8
-1725
-3103
-2304
4099211
47
-39
13
-1713
-3075
-2269
4100236
9
-38
15
-1717
-3080
-2251
4101261
-14
-33
4
-1716
-3107
-2219
4102286
9
-25
-10
-1729
-3125
-2193
4103311
33
-13
-20
-1725
-3120
-2201
4104336
2
5
-23
-1727
-3108
-2206
4097153
-63
17
-18
-1730
-3173
-2231
4098178
-78
29
-10
-1753
-3214
-2240
4099203
-50
34
-6
-1746
-3241
-2231
4100228
-9
35
-8
-1771
-3214
-2227
4101253
4
33
-7
-1761
-3171
-2256
4102278
-15
37
0
-1769
-3162
-2255
4103303
-20
36
0
-1778
-3136
-2259
4104328
-14
31
-1
-1774
-3138
-2259
4105353
11
21
-6
-1763
-3143
-2249
4106378
41
18
-7
-1772
-3123
-2262
4107403
26
16
-6
-1768
-3071
-2270
4108428
-29
18
-5
-1762
-3096
-2259
4109453
-45
18
-5
-1779
-3115
-2272
4110478
-44
13
-5
-1785
-3122
-2266
4111503
-33
7
-10
-1792
-3146
-2282
4112528
-16
-1
-11
-1777
-3148
-2280
4105345
-23
-11
-7
-1749
-3132
-2289
4106370
-37
-18
5
-1731
-3145
-2292
4107395
-32
-22
15
-1716
-3144
-2302
4108420
-20
-21
22
-1703
-3119
-2306
4109445
-16
-21
23
-1687
-3092
-2283
4110470
-24
-19
24
-1679
-3060
-2286
4111495
-40
-12
22
-1680
-3062
-2261
4112520
-57
-5
16
-1687
-3075
-2248
4113545
-73
6
15
-1688
-3122
-2271
4114570
-75
21
10
-1693
-3161
-2268
4115595
-65
29
6
-1702
-3181
-2263
4116620
-52
36
11
-1719
-3178
-2278
4117645
-57
42
17
-1710
-3171
-2283
4118670
-60
45
21
-1725
-3204
-2309
4119695
-37
43
21
-1734
-3200
-2331
4120720
-5
40
18
-1743
-3157
-2337
4113537
-3
40
21
-1744
-3118
-2331
4114562
-29
42
24
-1749
-3105
-2337
4115587
-41
41
22
-1743
-3105
-2322
4116612
-17
36
17
-1764
-3111
-2340
4117637
20
28
5
-1764
-3051
-2352
4118662
7
20
-2
-1762
-3021
-2334
4119687
-36
12
-5
-1763
-3068
-2347
4120712
-26
11
-8
-1748
-3095
-2340
4121737
12
9
-8
-1740
-3081
-2347
4122762
13
3
-3
-1721
-3060
-2343
4123787
-9
2
8
-1741
-3073
-2342
4124812
-17
0
12
-1748
-3039
-2338
4125837
-29
-4
8
-1739
-3045
-2338
4126862
-16
-1
4
-1731
-3081
-2355
4127887
20
3
5
-1709
-3117
-2335
4128912
