Device = VHR-0009
time_stamp = 1779947389973
sample_rate = 50
Data format = INT16
TYPE = 6-AXIS IMU RAW DATA
-1117
1167
367
1731
-2523
-537
7116416
-1315
1065
294
1700
-2750
-875
7117441
-1250
1032
199
1774
-3385
-1283
7118466
-1064
990
16
1902
-4081
-1262
7119491
-925
856
-232
1656
-4322
-926
7120516
-864
578
-422
1596
-4129
-504
7121541
-932
261
-444
2078
-3862
-431
7122566
-954
139
-351
2447
-4152
-475
7123591
-522
151
-283
2756
-4343
-72
7124616
58
191
-260
2825
-3302
340
7125641
200
210
-227
2801
-2301
351
7126666
38
232
-210
2649
-1816
204
7127691
-77
214
-173
2352
-1532
237
7128716
-197
84
-166
2505
-1583
190
7129741
-413
-61
-217
2922
-1702
-60
7130766
-698
-124
-310
2957
-1939
-177
7131791
-862
-172
-375
3041
-2120
-10
7124608
-883
-238
-367
3333
-2201
280
7125633
-826
-292
-283
3683
-2376
528
7126658
-675
-339
-164
3654
-2779
524
7127683
-467
-430
-74
3516
-2991
211
7128708
-359
-538
-35
3307
-3116
-256
7129733
-175
-617
-21
3078
-3470
-198
7130758
469
-715
64
2920
-3607
173
7131783
1529
-803
371
2618
-3269
467
7132808
2735
-914
852
2343
-2973
524
7133833
4068
-1040
1457
2186
-2451
533
7134858
5374
-1101
2162
2047
-1963
376
7135883
6919
-1031
2930
1911
-1834
-90
7136908
8488
-762
3718
1596
-1462
-576
7137933
9479
-300
4505
1112
-849
-795
7138958
9887
363
5218
517
-317
-680
7139983
1529
-803
371
2618
-3269
467
7132808
2735
-914
852
2343
-2973
524
7133833
4068
-1040
1457
2186
-2451
533
7134858
5374
-1101
2162
2047
-1963
376
7135883
6919
-1031
2930
1911
-1834
-90
7136908
8488
-762
3718
1596
-1462
-576
7137933
9479
-300
4505
1112
-849
-795
7138958
9887
363
5218
517
-317
-680
7139983
9887
1257
5702
-201
394
-418
7132801
9306
2360
5908
-1255
1463
16
7133826
7028
3251
5786
-2528
2868
665
7134851
3106
3847
5355
-3582
3075
690
7135876
-819
4317
5083
-4857
2282
323
7136901
-3632
4436
5239
-6433
1301
24
7137926
-5702
4053
5609
-8214
638
-332
7138951
-7236
3397
6146
-10106
-274
-987
7139976
-7526
2651
6888
-12231
-1865
-1865
7141001
-6555
1809
7385
-13585
-3363
-2258
7142026
-4821
1181
7394
-13311
-4264
-1505
7143051
-2913
1025
6863
-11701
-4329
-161
7144076
-1644
1001
5880
-9824
-3033
300
7145101
-1266
876
4739
-8775
-1364
-222
7146126
-1422
981
3616
-8396
-546
-471
7147151
-2028
1142
2638
-8310
-701
-408
7148176
-2899
1003
1937
-8296
-1257
-593
7140992
-3866
602
1555
-7946
-1603
-960
7142017
-4884
206
1494
-7214
-1986
-1365
7143042
-5695
-140
1664
-6329
-2436
-1605
7144067
-6033
-488
1928
-5504
-2680
-1723
7145092
-5899
-832
2161
-4941
-2707
-1718
7146117
-5450
-1097
2295
-4634
-2677
-1869
7147142
-4785
-1209
2293
-4393
-2653
-2259
7148167
-3846
-1123
2174
-3978
-2619
-2460
7149192
-2798
-779
2035
-3690
-2721
-2279
7150217
-2004
-303
1831
-3536
-2750
-1852
7151242
-1660
187
1522
-3417
-2519
-1439
7152267
-1624
656
1153
-3361
-2164
-1125
7153292
-1789
1062
726
-3251
-1809
-950
7154317
-2073
1435
282
-3368
-1626
-840
7155342
-2332
1763
-108
-3661
-1606
-682
7156367
-2456
2044
-380
-3945
-1664
-468
7149184
-2590
2290
-539
-4233
-1599
-254
7150209
-2873
2506
-619
-4555
-1615
-130
7151234
-3102
2673
-623
-4799
-1846
-94
7152259
-3053
2795
-562
-5016
-2123
9
7153284
-2769
2896
-514
-5327
-2368
228
7154309
-2396
2970
-537
-5659
-2535
479
7155334
-1898
3042
-611
-5913
-2721
636
7156359
-1245
3115
-737
-6112
-2867
814
7157384
-564
3095
-896
-6618
-2268
2045
7158409
-2241
814
-591
-9364
8782
9354
7159434
-9568
-1250
379
-4714
3807
4372
7160459
-9152
1170
-1612
-3884
-10291
1520
7161484
-1696
336
-676
-4039
-5107
1368
7162509
2579
-21
-105
-4316
-3067
546
7163534
4405
-75
415
-4443
-2910
294
7164559
5080
-490
751
-3890
-2120
264
7157697
5311
-683
852
-3508
-1834
116
7158722
5490
-752
1006
-3524
-1121
215
7159747
5120
-712
971
-3618
-721
533
7160772
4306
-550
803
-3895
-801
837
7161797
3221
-485
645
-4144
-737
1043
7162822
1834
-492
363
-4271
-707
1042
7163847
410
-498
-12
-4315
-802
813
7164872
-558
-482
-344
-4274
-1125
548
7165897
-761
-455
-590
-4249
-1482
461
7166922
-490
-441
-796
-4254
-1603
495
7167947
-9
-421
-939
-4267
-1660
459
7168972
680
-407
-976
-4383
-1470
237
7169997
1445
-464
-981
-4410
-1116
73
7171022
1807
-548
-1030
-4400
-737
6
7172047
1354
-680
-1151
-4308
-460
333
7173072
211
-731
-1345
-4078
-709
342
7165567
-321
-712
-1405
-3943
-1081
115
7166592
-154
-658
-1347
-3794
-1110
13
7167617
91
-504
-1270
-3768
-1364
2
7168642
451
-332
-1112
-3761
-1476
2
7169667
930
-152
-870
-3805
-1443
0
7170692
1418
36
-619
-3876
-1450
26
7171717
1875
224
-397
-3949
-1482
70
7172742
2257
379
-212
-4060
-1487
99
7173767
2559
499
-66
-4221
-1481
111
7174792
2820
565
44
-4437
-1515
147
7175817
3052
554
105
-4579
-1547
180
7176842
3221
477
116
-4585
-1490
234
7177867
3232
360
81
-4586
-1302
290
7178892
2994
204
8
-4667
-1080
306
7179917
2474
-2
-95
-4712
-882
272
7180942
1707
-223
-211
-4702
-776
226
7173761
823
-423
-327
-4687
-774
211
7174786
-31
-583
-460
-4565
-861
191
7175811
-719
-675
-605
-4390
-963
93
7176836
-1246
-710
-751
-4203
-989
-47
7177861
-1636
-675
-892
-3985
-1054
-169
7178886
-1878
-582
-1014
-3747
-1132
-219
7179911
-1967
-428
-1087
-3559
-1184
-208
7180936
-1884
-220
-1090
-3468
-1235
-159
7181961
-1614
16
-1010
-3464
-1307
-63
7182986
-1170
251
-855
-3478
-1353
35
7184011
-654
462
-627
-3559
-1306
88
7185036
-212
619
-353
-3695
-1157
112
7186061
71
723
-64
-3839
-1056
135
7187086
201
781
234
-4023
-1022
198
7188111
154
786
509
-4184
-989
281
7189136
-34
766
741
-4318
-986
342
7181952
-304
739
933
-4469
-985
391
7182977
-606
704
1077
-4640
-1021
457
7184002
-904
652
1160
-4780
-1069
500
7185027
-1183
587
1188
-4882
-1068
518
7186052
-1423
514
1175
-4963
-1090
544
7187077
-1600
423
1143
-5081
-1097
530
7188102
-1728
297
1124
-5247
-1087
490
7189127
-1846
118
1125
-5318
-1077
432
7190152
-2043
-117
1139
-5310
-953
250
7191177
-2419
-381
1187
-5482
-857
11
7192202
-2999
-705
1208
-5469
-851
-278
7193227
-3673
-1018
1223
-5298
-847
-596
7194252
-4324
-1255
1280
-5593
-934
-910
7195277
-4884
-1509
1302
-5854
-1073
-1345
7196302
-5286
-1724
1274
-5461
-1238
-1803
7197327
-5381
-1765
1226
-4702
-1668
-1982
7190144
-5052
-1641
1130
-3835
-2039
-1796
7191169
-4332
-1376
980
-3170
-2082
-1339
7192194
-3458
-1024
820
-2821
-1636
-1149
7193219
-2697
-636
659
-2706
-1167
-1168
7194244
-2057
-274
535
-2873
-1007
-1212
7195269
-1572
-5
470
-3099
-955
-1260
7196294
-1358
184
475
-3268
-841
-1312
7197319
-1385
333
570
-3388
-759
-1264
7198344
-1432
492
752
-3624
-934
-1030
7199369
-1371
684
953
-3971
-1164
-801
7200394
-1193
905
1105
-4107
-1321
-590
7201419
-871
1192
1174
-4141
-1469
-194
7202444
-318
1513
1154
-4156
-1642
387
7203469
493
1829
1048
-4193
-1747
880
7204494
1387
2082
857
-4176
-1479
1235
7205519
2251
2234
620
-4194
-1176
1378
7198337
2973
2224
350
-4362
-902
1331
7199362
3333
2051
131
-4551
-460
1421
7200387
3086
1764
31
-4738
-82
1700
7201412
2341
1452
-49
-4949
9
1849
7202437
1479
1130
-148
-5003
46
1841
7203462
843
783
-198
-4899
73
1765
7204487
565
445
-243
-4727
33
1716
7205512
604
136
-290
-4549
-159
1702
7206537
845
-142
-318
-4417
-488
1629
7207562
1196
-364
-291
-4350
-801
1458
7208587
1574
-535
-201
-4412
-955
1290
7209612
1890
-700
-84
-4525
-1066
1126
7210637
2151
-839
52
-4805
-1186
988
7211662
2347
-999
180
-5118
-1253
836
7212687
2431
-1170
270
-5292
-1253
638
7213712
2424
-1251
379
-5758
-1314
499
7206527
2419
-1312
526
-6553
-1491
480
7207552
2482
-1442
672
-7263
-1774
530
7208577
2600
-1651
777
-7418
-2040
518
7209602
2623
-1954
745
-6726
-2023
296
7210627
2376
-2273
536
-5896
-1715
-46
7211652
1876
-2551
170
-5352
-1272
-362
7212677
1278
-2748
-257
-5243
-932
-567
7213702
732
-2887
-615
-5648
-886
-536
7214727
260
-3043
-874
-6082
-992
-469
7215752
-108
-3179
-1028
-6333
-1195
-476
7216777
-469
-3253
-1128
-6251
-1389
-591
7217802
-904
-3220
-1215
-5900
-1377
-803
7218827
-1436
-3080
-1346
-5526
-1235
-980
7219852
-2008
-2871
-1564
-5116
-1130
-1010
7220877
-2504
-2583
-1843
-4707
-1066
-975
7221902
-2836
-2211
-2140
-4280
-1040
-939
7214720
-2953
-1759
-2412
-3874
-1084
-927
7215745
-2778
-1262
-2596
-3585
-1144
-925
7216770
-2300
-761
-2656
-3410
-1172
-924
7217795
-1612
-297
-2591
-3307
-1143
-915
7218820
-843
100
-2413
-3241
-1047
-883
7219845
-136
423
-2149
-3112
-837
-750
7220870
462
688
-1802
-2889
-433
-528
7221895
1052
905
-1356
-2600
-57
-321
7222920
1535
1099
-867
-2458
-4
-160
7223945
1822
1313
-351
-2557
-111
6
7224970
1828
1561
168
-2791
-30
76
7225995
1507
1836
665
-3036
190
88
7227020
960
2131
1153
-3443
260
87
7228045
389
2435
1638
-4142
35
183
7229070
-33
2712
2094
-4896
-354
338
7230095
-239
2964
2493
-5435
-590
448
7222912
-270
3167
2838
-5837
-749
538
7223937
-99
3302
3132
-6278
-959
676
7224962
243
3335
3335
-6827
-1026
709
7225987
397
3181
3371
-7294
-699
519
7227012
-76
2856
3288
-7671
-166
160
7228037
-1232
2457
3199
-8237
34
-222
7229062
-2684
1987
3120
-8817
-349
-371
7230087
-3900
1406
2965
-8657
-1120
-77
7231112
-4734
800
2694
-7400
-1771
403
7232137
-5143
396
2366
-5936
-2371
662
7233162
-4968
168
1981
-4790
-2517
769
7234187
-4369
74
1633
-4081
-2346
764
7235212
-3567
120
1320
-3794
-2328
707
7236237
-2625
208
1022
-3695
-2395
660
7237262
-1752
255
748
-3633
-2410
619
7238287
-1102
251
526
-3528
-2317
592
7231105
-723
235
356
-3523
-2199
613
7232130
-625
190
166
-3538
-2028
659
7233155
-665
145
-72
-3449
-1913
725
7234180
-707
148
-360
-3347
-1928
774
7235205
-644
183
-690
-3265
-1976
724
7236230
-437
253
-1032
-3367
-1963
638
7237255
-167
327
-1376
-3641
-1853
583
7238280
77
385
-1717
-3980
-1720
568
7239305
281
445
-2035
-4401
-1630
586
7240330
469
481
-2330
-4839
-1535
576
7241355
674
502
-2592
-5249
-1455
562
7242380
940
521
-2811
-5628
-1374
551
7243405
1262
519
-3000
-5821
-1194
556
7244430
1690
354
-3097
-6397
-416
2315
7245455
4995
-1203
-1579
-7143
9655
3609
7246480
7440
-1946
377
-2595
4793
1280
7239296
5369
75
144
-3958
852
-421
7240321
2882
278
243
-3084
3474
706
7241346
-1448
552
-363
-2950
2492
635
7242371
-3455
725
-586
-4165
-619
1188
7243396
-2433
498
-346
-4317
-2743
1487
7244421
-922
301
-6
-3366
-2555
1151
7245446
-306
507
391
-3505
-2328
585
7246471
415
610
841
-4211
-2541
155
7247496
1760
443
1218
-4535
-2428
-39
7248521
3007
263
1473
-4976
-1921
5
7249546
3701
271
1745
-6476
-1791
398
7250571
3874
153
1765
-8051
-1899
829
7251596
3383
-395
1350
-7460
-1496
996
7252621
2030
-1053
654
-5693
-982
831
7253646
404
-1391
-222
-4882
-666
396
7254671
-665
-1547
-1155
-4966
-378
96
7247488
-1237
-1754
-1969
-5197
-290
50
7248513
-1616
-1963
-2607
-5448
-566
20
7249538
-1770
-2164
-3048
-5737
-853
-57
7250563
-1810
-2366
-3282
-5973
-975
-166
7251588
-1900
-2529
-3333
-5960
-1081
-351
7252613
-2005
-2599
-3213
-5697
-1103
-561
7253638
-2083
-2564
-3003
-5196
-1014
-683
7254663
-2124
-2410
-2785
-4692
-845
-686
7255688
-2137
-2165
-2597
-4252
-739
-655
7256713
-2066
-1846
-2426
-3803
-720
-594
7257738
-1861
-1465
-2224
-3406
-719
-479
7258763
-1519
-1066
-1959
-3096
-744
-357
7259788
-1039
-683
-1619
-2868
-782
-259
7260813
-468
-355
-1209
-2713
-787
-146
7261838
76
-107
-740
-2607
-718
-66
7262863
500
77
-234
-2564
-631
-20
7255679
766
185
288
-2610
-559
44
7256704
822
241
788
-2708
-511
119
7257729
640
264
1255
-2868
-487
196
7258754
232
257
1703
-3059
-438
229
7259779
-326
220
2136
-3267
-394
203
7260804
-951
161
2563
-3599
-401
148
7261829
-1573
69
2981
-4025
-501
52
7262854
-2135
-52
3375
-4511
-644
-47
7263879
-2604
-182
3751
-5110
-774
-167
7264904
-3011
-314
4104
-5912
-901
-270
7265929
-3375
-458
4394
-6811
-1087
-413
7266954
-3719
-624
4585
-7681
-1306
-642
7267979
-4074
-830
4618
-8282
-1561
-966
7269004
-4398
-1088
4446
-8344
-1832
-1256
7270029
-4620
-1350
4077
-7957
-1983
-1332
7271054
-4732
-1548
3572
-7446
-1941
-1206
7263872
-4771
-1649
3016
-6998
-1739
-1106
7264897
-4784
-1653
2459
-6621
-1560
-1191
7265922
-4751
-1593
1973
-6639
-1376
-1418
7266947
-4745
-1554
1613
-7458
-1093
-1867
7267972
-4983
-1601
1378
-8447
-777
-2684
7268997
-5447
-1722
1248
-7579
-985
-3486
7270022
-5834
-1838
1253
-5438
-1484
-3683
7271047
-5780
-1792
1348
-3982
-2110
-2932
7272072
-4968
-1542
1434
-2989
-2401
-1798
7273097
-3693
-1102
1536
-2381
-2163
-1003
7274122
-2437
-548
1582
-2188
-1744
-717
7275147
-1428
4
1511
-2490
-1125
-745
7276172
-809
485
1351
-3031
-675
-818
7277197
-548
854
1195
-3533
-490
-863
7278222
-576
1070
1110
-3752
-341
-965
7279247
-807
1175
1128
-4009
-327
-1052
7272065
-1225
1259
1255
-4401
-682
-1083
7273090
-1748
1339
1423
-4467
-948
-904
7274115
-2193
1439
1573
-4230
-1085
-361
7275140
-2340
1604
1692
-4279
-1276
288
7276165
-2128
1768
1714
-4433
-1301
596
7277190
-1788
1910
1641
-4487
-1087
563
7278215
-1466
2059
1559
-4605
-1133
446
7279240
-1061
2180
1514
-4755
-1519
439
7280265
-513
2254
1505
-4819
-1876
677
7281290
153
2323
1503
-4864
-2136
1169
7282315
864
2381
1447
-4895
-2161
1754
7283340
1376
2364
1283
-4921
-1701
2096
7284365
1141
2200
1001
-4832
-962
2213
7285390
58
1964
681
-4712
-595
2415
7286415
-1313
1718
386
-4651
-841
2423
7287440
-2112
1509
141
-4681
-1432
2418
7280256
-2147
1291
-77
-4668
-1986
2498
7281281
-1642
1044
-260
-4635
-2489
2604
7282306
-755
854
-450
-4732
-2680
2760
7283331
133
608
-685
-4772
-2380
2901
7284356
729
343
-949
-4875
-1877
2884
7285381
965
69
-1195
-5077
-1458
2730
7286406
977
-213
-1395
-5332
-1258
2505
7287431
915
-491
-1545
-5566
-1228
2105
7288456
979
-734
-1613
-5949
-1327
1750
7289481
1168
-1025
-1621
-6290
-1392
1461
7290506
1385
-1394
-1601
-6393
-1416
1192
7291531
1564
-1769
-1579
-6283
-1398
923
7292556
1674
-2055
-1567
-6229
-1341
660
7293581
1733
-2254
-1572
-6388
-1242
419
7294606
1768
-2416
-1578
-6646
-1138
194
7295631
1743
-2543
-1566
-6943
-1084
-33
7288449
1645
-2637
-1530
-7188
-1095
-257
7289474
1491
-2723
-1493
-7136
-1122
-436
7290499
1275
-2767
-1481
-6798
-1077
-558
7291524
953
-2748
-1501
-6481
-954
-649
7292549
517
-2694
-1576
-6137
-851
-696
7293574
13
-2607
-1714
-5606
-786
-769
7294599
-508
-2466
-1898
-5014
-751
-824
7295624
-993
-2261
-2102
-4511
-768
-783
7296649
-1356
-1997
-2289
-4140
-784
-621
7297674
-1548
-1691
-2416
-3868
-799
-470
7298699
-1582
-1374
-2465
-3656
-818
-415
7299724
-1507
-1077
-2432
-3426
-842
-407
7300749
-1337
-803
-2318
-3127
-875
-277
7301774
-1104
-570
-2118
-2870
-834
-131
7302799
-832
-375
-1833
-2657
-720
16
7303824
-533
-231
-1467
-2357
-364
126
7296640
-248
-119
-1017
-1970
5
177
7297665
-83
2
-505
-1734
-21
167
7298690
-61
177
73
-1816
-301
254
7299715
-93
382
693
-2046
-550
429
7300740
-165
608
1318
-2341
-661
489
7301765
-368
840
1896
-2670
-543
400
7302790
-730
1074
2388
-3050
-510
242
7303815
-1073
1326
2833
-3550
-679
140
7304840
-1247
1563
3256
-4110
-834
119
7305865
-1181
1821
3674
-4752
-1129
110
7306890
-665
2139
4101
-5554
-1678
156
7307915
343
2484
4476
-6342
-2235
269
7308940
1574
2839
4649
-6908
-2478
386
7309965
2559
3143
4516
-7313
-2265
458
7310990
2991
3288
4049
-7586
-1895
544
7312015
2758
3154
3300
-7576
-1337
674
7304832
1807
2839
2415
-7610
-718
784
7305857
396
2421
1538
-7613
-397
920
7306882
-1091
1843
765
-6908
-365
727
7307907
-2308
1436
252
-6856
-614
523
7308932
-3136
1035
-4
-7026
-1128
527
7309957
-3461
472
-49
-6423
-1721
541
7310982
-3455
-95
-16
-5135
-2133
421
7312007
-3312
-454
-7
-4015
-2216
398
7313032
-3166
-668
-83
-3292
-1939
423
7314057
-3101
-819
-265
-2785
-1536
248
7315082
-3118
-898
-470
-2480
-1139
-142
7316107
-3288
-919
-624
-2347
-950
-562
7317132
-3586
-888
-714
-2379
-1139
-684
7318157
-3740
-820
-708
-2634
-1545
-577
7319182
-3670
-739
-619
-3024
-1788
-410
7320207
-3495
-616
-489
-3492
-1871
-231
7313024
-3286
-480
-390
-3627
-1832
-180
7314049
-3039
-274
-328
-3706
-1824
-168
7315074
-2756
-9
-326
-3970
-1978
-96
7316099
-2358
270
-413
-4180
-2149
45
7317124
-1785
573
-581
-4336
-2218
144
7318149
-1016
892
-813
-4412
-2184
206
7319174
-88
1220
-1079
-4645
-2090
320
7320199
933
1493
-1359
-4951
-1949
398
7321224
1907
1636
-1620
-5243
-1621
642
7322249
2524
1182
-1720
-5786
763
2942
7323274
2579
-776
-446
-5065
8698
5116
7324299
70
-656
-65
-2537
1163
1763
7325324
1033
408
-69
-3181
-2789
250
7326349
2895
369
409
-2764
-220
809
7327374
2577
673
357
-3115
-377
1066
7328399
2048
687
524
-3835
-970
1182
7321215
1591
507
697
-4352
-1918
781
7322240
984
310
661
-4637
-2102
221
7323265
515
240
656
-5313
-2207
-195
7324290
566
29
692
-5998
-2800
-346
7325315
1034
-375
642
-5705
-3350
-511
7326340
1438
-687
502
-5381
-3144
-654
7327365
1461
-876
164
-5451
-2693
-686
7328390
1366
-1081
-290
-5055
-2261
-738
7329415
1157
-1172
-718
-4753
-1894
-845
7330440
668
-1141
-1156
-4913
-1563
-998
7331465
87
-1078
-1577
-4986
-1452
-1061
7332490
-302
-970
-1897
-4838
-1594
-1017
7333515
-439
-809
-2074
-4830
-1651
-754
7334540
-561
-654
-2141
-5140
-1434
-637
7335565
-948
-568
-2206
-4994
-1051
-1169
7336590
-1442
-463
-2234
-4396
-998
-1562
7329409
-1682
-293
-2157
-4133
-1379
-1425
7330434
-1416
-114
-2109
-3931
-1485
-1094
7331459
-735
105
-2066
-3585
-1313
-653
7332484
34
348
-1977
-3379
-1255
-323
7333509
783
519
-1819
-3351
-1244
-272
7334534
1468
573
-1591
-3373
-1191
-251
7335559
2009
553
-1290
-3309
-1099
-213
7336584
2353
504
-903
-3205
-1050
-101
7337609
2537
447
-467
-3119
-1030
26
7338634
2580
400
-15
-3046
-957
114
7339659
2450
394
426
-3057
-873
216
7340684
2149
426
832
-3251
-796
351
7341709
1698
463
1180
-3527
-761
430
7342734
1146
507
1466
-3869
-819
401
7343759
614
547
1689
-4202
-960
318
7344784
242
570
1841
-4421
-1165
242
7337600
106
589
1921
-4596
-1348
189
7338625
135
599
1909
-4724
-1407
163
7339650
244
609
1818
-4767
-1390
174
7340675
346
617
1678
-4823
-1304
227
7341700
391
617
1514
-4932
-1192
282
7342725
352
587
1363
-5107
-1096
325
7343750
169
502
1233
-5195
-1041
372
7344775
-176
378
1135
-5162
-921
376
7345800
-674
271
1123
-5443
-823
393
7346825
-1280
147
1163
-6006
-821
337
7347850
-1933
-42
1201
-6308
-922
112
7348875
-2485
-263
1190
-5791
-1202
-52
7349900
-2806
-416
1121
-4854
-1419
19
7350925
-2863
-455
987
-4106
-1605
222
7351950
-2601
-416
795
-3559
-1636
419
7352975
-2160
-334
598
-3172
-1557
472
7345791
-1677
-231
424
-2948
-1484
361
7346816
-1212
-143
298
-2933
-1396
250
7347841
-866
-98
232
-3069
-1261
170
7348866
-705
-89
233
-3238
-1095
115
7349891
-757
-83
293
-3356
-1006
87
7350916
-954
-36
398
-3489
-1066
114
7351941
-1123
76
517
-3694
-1265
163
7352966
-1141
232
603
-3806
-1430
203
7353991
-970
436
624
-3799
-1569
299
7355016
-573
671
584
-3740
-1678
506
7356041
20
904
474
-3694
-1629
721
7357066
680
1105
303
-3764
-1452
868
7358091
1300
1220
112
-3926
-1230
929
7359116
1810
1230
-67
-4112
-931
951
7360141
2049
1143
-224
-4362
-575
986
7361166
1838
960
-382
-4544
-223
1030
7353985
1255
733
-529
-4603
81
1030
7355010
491
504
-643
-4550
346
986
7356035
-201
309
-710
-4417
430
957
7357060
-522
173
-665
-4294
314
931
7358085
-218
85
-475
-4206
162
848
7359110
325
54
-284
-4175
60
926
7360135
528
56
-130
-4109
139
1057
7361160
424
78
25
-4082
46
1051
7362185
292
91
153
-4117
-323
1012
7363210
229
77
242
-4132
-752
874
7364235
409
31
354
-4178
-978
707
7365260
614
-23
399
-4262
-1109
613
7366285
709
-95
375
-4258
-1163
531
7367310
774
-132
350
-4411
-1201
473
7368335
837
-163
304
-4565
-1324
469
7369360
898
-195
224
-4491
-1430
440
7362176
1010
-140
207
-4716
-1584
449
7363201
1241
-76
245
-5137
-1776
478
7364226
1649
-36
322
-5491
-2003
543
7365251
2193
-71
389
-5345
-2178
597
7366276
2686
-170
370
-4754
-2114
562
7367301
3037
-272
276
-4310
-1973
492
7368326
3257
-416
124
-4134
-1745
409
7369351
3330
-598
-50
-4189
-1472
324
7370376
3266
-803
-175
-4504
-1339
264
7371401
3117
-1044
-219
-4960
-1345
225
7372426
2937
-1298
-169
-5472
-1300
195
7373451
2678
-1561
-51
-5865
-1220
180
7374476
2258
-1813
56
-6015
-1190
139
7375501
1606
-2026
81
-5984
-1130
21
7376526
675
-2219
-50
-5782
-1048
-217
7377551
-502
-2385
-374
-5391
-1000
-574
7370368
-1745
-2480
-867
-4945
-962
-870
7371393
-2869
-2470
-1456
-4592
-878
-946
7372418
-3706
-2310
-2032
-4351
-937
-860
7373443
-4117
-1984
-2508
-4193
-1117
-762
7374468
-4056
-1526
-2821
-4072
-1293
-741
7375493
-3581
-1004
-2928
-3973
-1422
-788
7376518
-2757
-497
-2822
-3830
-1449
-840
7377543
-1730
-76
-2552
-3660
-1411
-847
7378568
-704
247
-2205
-3490
-1299
-787
7379593
150
489
-1836
-3377
-1091
-621
7380618
770
686
-1473
-3310
-948
-382
7381643
1229
833
-1110
-3246
-841
-89
7382668
1483
926
-767
-3099
-681
142
7383693
1511
995
-426
-2933
-454
298
7384718
1321
1074
-25
-2954
-245
449
7385743
955
1176
447
-3169
-281
591
7378561
594
1314
984
-3581
-558
702
7379586
360
1463
1542
-4031
-842
843
7380611
285
1622
2062
-4417
-929
989
7381636
292
1801
2497
-4913
-934
1131
7382661
333
1928
2740
-5304
-882
1290
7383686
299
1957
2802
-5597
-648
1257
7384711
2
1904
2785
-5938
-362
989
7385736
-568
1783
2767
-6323
-331
640
7386761
-1118
1584
2811
-6717
-675
420
7387786
-1495
1249
2837
-6552
-1097
434
7388811
-1688
933
2803
-5948
-1411
673
7389836
-1692
737
2709
-5321
-1712
966
7390861
-1461
626
2539
-4794
-1954
1102
7391886
-1009
555
2313
-4326
-1955
1086
7392911
-559
535
2059
-4080
-1847
970
7393936
-226
546
1789
-4123
-1843
943
7386752
14
517
1520
-4332
-1846
1007
7387777
78
404
1259
-4415
-1783
1039
7388802
-61
292
1015
-4443
-1759
1087
7389827
-269
195
773
-4487
-1850
1205
7390852
-421
76
487
-4408
-1976
1253
7391877
-426
-39
158
-4154
-2113
1213
7392902
-240
-121
-190
-3876
-2143
1143
7393927
114
-179
-536
-3685
-2081
1066
7394952
572
-212
-856
-3725
-2003
1027
7395977
1042
-265
-1122
-3952
-1847
986
7397002
1397
-355
-1342
-4222
-1590
903
7398027
1564
-454
-1529
-4551
-1354
783
7399052
1571
-584
-1708
-4819
-1181
644
7400077
1470
-725
-1884
-4924
-1041
476
7401102
1344
-834
-2037
-4896
-997
352
7402127
1253
-902
-2153
-4729
-980
280
7394945
1229
-904
-2206
-4517
-995
239
7395970
1309
-846
-2176
-4396
-1044
239
7396995
1468
-764
-2079
-4247
-1047
246
7398020
1662
-653
-1916
-4138
-1033
217
7399045
1878
-533
-1678
-4120
-1060
188
7400070
2120
-441
-1407
-4071
-1094
203
7401095
2313
-369
-1131
-4090
-1083
221
7402120
2319
-351
-905
-4086
-964
152
7403145
2096
-374
-746
-4187
-828
32
7404170
1684
-419
-618
-4522
-854
-35
7405195
1176
-505
-563
-4595
-821
-209
7406220
640
-517
-468
-4927
-833
-316
7407245
165
-491
-362
-5196
-1132
-310
7408270
-104
-452
-337
-4724
-1298
-311
7409295
-221
-292
-319
-4391
-1390
-239
7410320
-146
-61
-294
-4606
-1664
-39
7403136
282
109
-336
-4700
-1820
150
7404161
920
210
-442
-4563
-1781
177
7405186
1404
241
-604
-4478
-1570
86
7406211
1621
205
-825
-4599
-1276
14
7407236
1583
90
-1063
-4888
-938
-27
7408261
1241
-88
-1271
-5220
-691
-47
7409286
638
-302
-1418
-5299
-527
-35
7410311
-99
-490
-1481
-5095
-460
-13
7411336
-791
-600
-1445
-4851
-544
-27
7412361
-1287
-668
-1334
-4624
-648
-77
7413386
-1618
-697
-1180
-4334
-711
-109
7414411
-1831
-675
-985
-4007
-772
-117
7415436
-1948
-618
-760
-3648
-808
-101
7416461
-1948
-535
-498
-3370
-839
-47
7417486
-1809
-438
-190
-3218
-880
36
7418511
-1545
-348
170
-3168
-911
117
7411327
-1243
-286
574
-3180
-880
196
7412352
-1038
-253
1027
-3363
-793
266
7413377
-981
-254
1503
-3741
-778
300
7414402
-1063
-323
1973
-4195
-724
303
7415427
-1329
-461
2422
-4708
-629
189
7416452
-1830
-651
2849
-5382
-565
-73
7417477
-2575
-895
3218
-6106
-623
-417
7418502
-3448
-1185
3452
-6647
-813
-681
7419527
-4285
-1514
3518
-6965
-1079
-869
7420552
-5009
-1837
3422
-7183
-1310
-1089
7421577
-5517
-2126
3165
-7070
-1486
-1320
7422602
-5809
-2356
2764
-6574
-1577
-1459
7423627
-5887
-2467
2314
-6306
-1627
-1443
7424652
-5697
-2474
1898
-6470
-1514
-1472
7425677
-5346
-2418
1524
-6673
-1298
-1700
7426702
-4966
-2322
1220
-6588
-1206
-2032
7419520
-4576
-2223
1031
-6190
-1268
-2191
7420545
-4121
-2129
961
-5580
-1369
-2081
7421570
-3607
-2019
979
-4893
-1386
-1869
7422595
-3046
-1871
1045
-4121
-1379
-1601
7423620
-2444
-1678
1165
-3511
-1311
-1333
7424645
-1880
-1457
1344
-3256
-1174
-1148
7425670
-1473
-1232
1549
-3199
-1039
-1120
7426695
-1269
-1012
1775
-3224
-968
-1167
7427720
-1289
-802
2031
-3303
-974
-1220
7428745
-1481
-587
2306
-3404
-1039
-1217
7429770
-1720
-353
2579
-3499
-1165
-1168
7430795
-1880
-85
2819
-3577
-1398
-1109
7431820
-1885
223
3012
-3641
-1691
-944
7432845
-1695
574
3137
-3646
-2121
-519
7433870
-1269
964
3144
-3658
-2603
170
7434895
-706
1327
2991
-3775
-2785
671
7427712
-234
1631
2668
-3920
-2537
694
7428737
0
1913
2224
-4189
-2472
640
7429762
248
2187
1755
-4689
-2792
984
7430787
556
2369
1255
-5128
-2685
1515
7431812
628
2406
729
-5103
-2253
1975
7432837
398
2365
227
-4901
-1886
2518
7433862
-70
2231
-213
-4824
-1451
3115
7434887
-883
1902
-595
-4581
-1175
3144
7435912
-1421
1628
-861
-4296
-1592
2907
7436937
-1324
1489
-984
-4363
-2066
2801
7437962
-891
1249
-1039
-4519
-2175
2797
7438987
-416
921
-1065
-4665
-2026
2793
7440012
-24
566
-1124
-4768
-1788
2729
7441037
280
212
-1238
-4800
-1467
2671
7442062
406
-74
-1398
-4840
-1144
2492
7443087
425
-181
-1504
-5321
-968
2428
7435903
390
-342
-1573
-5817
-888
2346
7436928
196
-594
-1660
-5854
-1045
1970
7437953
61
-735
-1695
-6024
-1322
1822
7438978
60
-969
-1764
-5812
-1453
1692
7440003
151
-1187
-1883
-5204
-1377
1348
7441028
333
-1211
-1957
-5000
-1269
1002
7442053
608
-1177
-1962
-5262
-1265
736
7443078
966
-1214
-1928
-5573
-1310
499
7444103
1351
-1299
-1845
-5818
-1293
339
7445128
1607
-1417
-1744
-5955
-1130
223
7446153
1558
-1555
-1686
-5843
-853
68
7447178
1196
-1642
-1678
-5636
-660
-73
7448203
649
-1691
-1717
-5342
-568
-177
7449228
33
-1695
-1797
-4934
-541
-221
7450253
-545
-1626
-1874
-4517
-597
-259
7451278
-977
-1496
-1916
-4122
-688
-311
7444097
-1212
-1310
-1893
-3712
-788
-345
7445122
-1251
-1075
-1791
-3310
-897
-329
7446147
-1128
-824
-1614
-2952
-961
-270
7447172
-913
-566
-1372
-2705
-930
-213
7448197
-664
-313
-1075
-2548
-878
-171
7449222
-415
-79
-733
-2440
-820
-156
7450247
-201
130
-344
-2361
-780
-148
7451272
-61
317
88
-2338
-733
-149
7452297
-28
489
555
-2392
-696
-140
7453322
-79
663
1047
-2557
-732
-130
7454347
-157
837
1547
-2836
-779
-117
7455372
-233
1003
2037
-3164
-812
-97
7456397
-301
1177
2511
-3619
-906
-93
7457422
-357
1350
2946
-4155
-1023
-66
7458447
-377
1527
3318
-4758
-1179
39
7459472
-315
1714
3611
-5408
-1414
172
7452288
-123
1899
3782
-5999
-1673
270
7453313
160
2058
3775
-6418
-1875
298
7454338
462
2146
3569
-6548
-1937
286
7455363
673
2150
3175
-6536
-1809
354
7456388
684
2073
2629
-6475
-1531
533
7457413
428
1911
2024
-6377
-1177
699
7458438
-117
1656
1451
-6268
-909
767
7459463
-867
1317
967
-6052
-870
777
7460488
-1671
940
592
-5806
-865
787
7461513
-2466
525
327
-5474
-888
732
7462538
-3212
99
149
-5197
-923
564
7463563
-3858
-312
51
-5044
-993
314
7464588
-4396
-690
14
-5193
-1069
37
7465613
-4928
-1083
-17
-5427
-1081
-353
7466638
-5509
-1489
-66
-5489
-1186
-892
7467663
-6008
-1856
-152
-5095
-1511
-1389
7460481
-6214
-2096
-335
-4147
-1858
-1648
7461506
-6119
-2097
-612
-3227
-1952
-1504
7462531
-5744
-1854
-855
-2946
-1825
-987
7463556
-5088
-1478
-1016
-2974
-1525
-491
7464581
-4248
-1006
-1083
-2975
-1058
-245
7465606
-3348
-511
-998
-2956
-229
-245
7466631
-2408
-107
-785
-3004
375
-312
7467656
-1557
165
-535
-3340
470
-485
7468681
-1284
300
-255
-3649
613
-779
7469706
-1515
410
111
-3900
423
-933
7470731
-1669
577
532
-4307
-154
-674
7471756
-1336
770
932
-4581
-336
-24
7472781
-602
992
1233
-4553
-395
532
7473806
299
1281
1414
-4373
-508
798
7474831
1109
1545
1484
-4239
-469
917
7475856
1584
1723
1460
-4190
-424
915
7468673
1698
1794
1379
-4210
-450
885
7469698
1490
1767
1283
-4331
-477
921
7470723
1018
1649
1182
-4535
-505
983
7471748
391
1445
1052
-4625
-540
1012
7472773
-276
1198
874
-4632
-618
1016
7473798
-878
948
653
-4607
-802
1029
7474823
-1323
715
402
-4565
-991
1030
7475848
-1579
516
132
-4406
-1193
1011
7476873
-1574
402
-100
-4310
-1463
1122
7477898
-1340
341
-288
-4290
-1593
1332
7478923
-1033
301
-438
-4186
-1535
1441
7479948
-731
307
-536
-4083
-1515
1554
7480973
-394
316
-593
-4036
-1512
1722
7481998
-10
280
-637
-4113
-1336
1966
7483023
222
148
-694
-4175
-1012
1947
7484048
146
-26
-757
-4167
-786
1832
7476865
-16
-164
-790
-4300
-838
2022
7477890
-72
-360
-820
-4411
-815
2101
7478915
-205
-584
-857
-4335
-700
1751
7479940
-301
-683
-829
-4485
-918
1430
7480965
-128
-730
-728
-4823
-1265
1341
7481990
318
-796
-576
-5194
-1516
1410
7483015
803
-949
-471
-5100
-1454
1186
7484040
1169
-939
-340
-5365
-1389
989
7485065
1528
-875
-169
-6206
-1555
1100
7486090
1890
-1014
-88
-6416
-1647
1065
7487115
2120
-1211
-92
-5919
-1570
813
7488140
2098
-1340
-170
-5556
-1486
534
7489165
1971
-1471
-338
-5583
-1449
335
7490190
1858
-1712
-576
-5586
-1293
119
7491215
1636
-1973
-839
-5542
-1101
-46
7492240
1221
-2171
-1112
-5652
-963
-186
7485056
680
-2338
-1381
-5818
-820
-293
7486081
79
-2467
-1638
-5922
-708
-313
7487106
-540
-2509
-1904
-5945
-631
-138
7488131
-1233
-2486
-2184
-5837
-484
43
7489156
-1935
-2381
-2415
-5472
-626
-45
7490181
-2444
-2200
-2566
-4922
-875
-144
7491206
-2630
-1930
-2619
-4419
-1120
-55
7492231
-2419
-1635
-2602
-3985
-1226
43
7493256
-1937
-1366
-2525
-3551
-1160
-47
7494281
-1339
-1093
-2374
-3204
-1098
-87
7495306
-684
-820
-2141
-2966
-1102
-1
7496331
-40
-587
-1848
-2765
-1023
84
7497356
469
-394
-1512
-2530
-841
127
7498381
734
-205
-1140
-2279
-671
171
7499406
789
-6
-735
-2121
-550
229
7500431
647
175
-312
-2036
-437
175
7493248
344
362
129
-2017
-379
194
7494273
7
560
606
-2139
-421
263
7495298
-319
699
1108
-2308
-455
244
7496323
-672
815
1633
-2545
-481
132
7497348
-1005
917
2203
-2925
-536
14
7498373
-1320
994
2794
-3449
-632
-116
7499398
-1608
1081
3390
-4162
-767
-278
7500423
-1804
1193
3983
-5138
-918
-310
7501448
-1819
1331
4529
-6301
-1307
-174
7502473
-1427
1549
4951
-7395
-1976
92
7503498
-521
1821
5128
-8033
-2610
445
7504523
602
2138
4961
-8069
-2779
725
7505548
1621
2404
4465
-8139
-2380
642
7506573
2164
2489
3699
-8661
-1393
395
7507598
1869
2214
2785
-8862
-395
387
7508623
487
1522
1895
-7335
52
391
7501439
-1504
946
1196
-5607
-157
282
7502464
-3230
597
691
-4733
-537
251
7503489
-4371
231
321
-4200
-782
327
7504514
-4950
-116
130
-3940
-1213
367
7505539
-4964
-410
113
-3875
-1585
272
7506564
-4710
-686
203
-3717
-1708
63
7507589
-4478
-909
361
-3490
-1787
-135
7508614
-4320
-1054
553
-3382
-1826
-311
7509639
-4251
-1134
701
-3390
-1794
-460
7510664
-4196
-1124
751
-3431
-1942
-317
7511689
-4007
-1006
703
-3368
-2146
258
7512714
-3738
-799
600
-3143
-2185
682
7513739
-3426
-487
468
-2890
-2244
781
7514764
-2938
-91
305
-2763
-2411
953
7515789
-2075
314
133
-2769
-2566
1278
7516814
-925
667
-19
-2919
-2516
1434
7509816
302
965
-140
-3207
-2480
1448
7510841
1481
1199
-236
-3592
-2440
1480
7511866
2490
1306
-333
-3991
-2211
1515
7512891
3091
1252
-466
-4194
-1825
1626
7513916
3068
1092
-627
-4027
-1299
1840
7514941
2558
935
-784
-3755
-997
2068
7515966
1988
831
-902
-3738
-890
2106
7516991
1599
736
-966
-3896
-1072
1860
7518016
1572
634
-968
-4092
-1461
1487
7519041
1881
521
-896
-4449
-1654
1201
7520066
2367
407
-764
-5038
-1657
1079
7521091
2803
150
-717
-5319
-1466
986
7522116
2932
-164
-812
-5056
-1158
703
7523141
2845
-235
-848
-5343
-1044
522
7524166
2737
-277
-823
-6073
-1179
421
7525191
2824
-391
-772
-6727
-1534
477
7517824
3114
-599
-742
-6585
-1744
441
7518849
3331
-748
-763
-5925
-1600
257
7519874
3363
-822
-848
-5467
-1375
103
7520899
3299
-951
-1010
-4999
-1139
-38
7521924
3159
-1080
-1140
-4784
-946
-196
7522949
2945
-1177
-1152
-5071
-948
-226
7523974
2783
-1317
-1055
-5371
-1013
-188
7524999
2702
-1464
-863
-5532
-1056
-133
7526024
2562
-1587
-623
-5599
-1070
-101
7527049
2160
-1684
-425
-5520
-980
-120
7528074
1454
-1749
-360
-5272
-857
-243
7529099
568
-1799
-470
-4977
-803
-357
7530124
-364
-1824
-763
-4643
-696
-359
7531149
-1225
-1797
-1159
-4341
-601
-315
7532174
-1943
-1701
-1566
-4138
-603
-285
7533199
-2479
-1538
-1914
-3948
-732
-278
7526016
-2736
-1324
-2150
-3745
-927
-277
7527041
-2692
-1085
-2264
-3531
-1073
-268
7528066
-2378
-841
-2241
-3326
-1148
-211
7529091
-1850
-603
-2082
-3120
-1177
-119
7530116
-1210
-386
-1808
-2973
-1137
-8
7531141
-602
-198
-1456
-2842
-1002
96
7532166
-131
-21
-1049
-2694
-881
126
7533191
178
159
-588
-2600
-724
197
7534216
286
351
-97
-2569
-666
332
7535241
143
537
367
-2535
-463
261
7536266
-296
742
863
-2652
-278
54
7537291
-821
1003
1437
-3024
-505
-30
7538316
-1103
1286
2050
-3589
-837
15
7539341
-1114
1561
2616
-4011
-1024
107
7540366
-874
1874
3113
-4388
-1229
263
7541391
-314
2216
3552
-5030
-1518
535
7534209
574
2553
3878
-5873
-1823
814
7535234
1522
2781
3924
-6236
-1690
835
7536259
2116
2868
3772
-6577
-1130
563
7537284
2061
2780
3533
-7359
-597
188
7538309
1168
2459
3186
-8043
-181
28
7539334
-365
1964
2763
-8101
-205
131
7540359
-1989
1415
2278
-7468
-573
432
7541384
-3301
910
1728
-6452
-1055
792
7542409
-4098
493
1143
-5148
-1433
818
7543434
-4177
270
691
-4161
-1665
703
7544459
-3712
238
434
-3794
-1873
642
7545484
-2985
275
299
-3802
-2147
605
7546509
-2061
283
250
-3824
-2245
625
7547534
-1125
265
298
-3738
-2141
670
7548559
-344
286
418
-3758
-2108
808
7549584
192
322
538
-3965
-1974
937
7542401
423
345
558
-4139
-1783
916
7543426
478
370
459
-4351
-1731
845
7544451
461
327
191
-4265
-1647
735
7545476
509
313
-160
-4126
-1264
738
7546501
679
316
-482
-4069
-576
1008
7547526
882
273
-719
-3915
-88
1189
7548551
1015
228
-809
-3927
171
1120
7549576
997
138
-786
-4123
133
920
7550601
850
14
-728
-4311
-30
701
7551626
783
-97
-640
-4475
-122
580
7552651
905
-175
-554
-4642
-206
514
7553676
1167
-261
-538
-4646
-305
383
7554701
1435
-348
-579
-4553
-397
197
7555726
1643
-412
-621
-4365
-434
75
7556751
1751
-466
-628
-4059
-481
81
7557776
1779
-488
-575
-3876
-594
203
7550592
1693
-526
-481
-3815
-686
246
7551617
1452
-613
-412
-3496
-741
127
7552642
1122
-668
-348
-3218
-857
-48
7553667
888
-698
-282
-3099
-1096
-193
7554692
898
-702
-217
-3106
-1283
-189
7555717
1184
-660
-114
-3272
-1444
-81
7556742
1673
-587
32
-3537
-1582
54
7557767
2204
-498
177
-3783
-1672
157
7558792
2669
-380
263
-4114
-1718
210
7559817
3039
-271
295
-4771
-1696
270
7560842
3339
-244
265
-5442
-1719
350
7561867
3437
-324
122
-5744
-1428
275
7562892
3426
-326
63
-6582
-1495
596
7563917
3456
-540
-49
-6844
-1513
855
7564942
3042
-1032
-333
-5750
-828
636
7565967
2096
-1328
-633
-5198
-530
531
7558784
1168
-1508
-900
-5487
-642
533
7559809
606
-1754
-1130
-5996
-778
474
7560834
383
-2041
-1267
-6385
-882
318
7561859
280
-2313
-1339
-6479
-924
176
7562884
130
-2502
-1415
-6321
-858
251
7563909
-163
-2550
-1555
-6116
-728
360
7564934
-574
-2502
-1770
-5876
-643
443
7565959
-949
-2392
-2045
-5319
-629
514
7566984
-1154
-2194
-2296
-4662
-717
491
7568009
-1159
-1953
-2456
-4164
-860
379
7569034
-920
-1710
-2513
-3835
-908
374
7570059
-491
-1493
-2466
-3546
-819
401
7571084
-46
-1309
-2317
-3274
-644
389
7572109
271
-1146
-2093
-2958
-418
423
7573134
400
-972
-1806
-2659
-229
481
7574159
364
-769
-1481
-2435
-205
518
7566976
210
-532
-1134
-2319
-208
489
7568001
-5
-266
-754
-2313
-156
407
7569026
-211
25
-339
-2392
-191
362
7570051
-340
340
100
-2579
-269
299
7571076
-398
685
537
-2760
-376
186
7572101
-382
1070
986
-2975
-498
134
7573126
-248
1496
1437
-3294
-706
214
7574151
95
1940
1842
-3668
-832
379
7575176
567
2373
2216
-4236
-791
371
7576201
989
2784
2556
-5025
-816
256
7577226
1206
3104
2766
-5621
-801
167
7578251
1143
3306
2823
-5707
-712
85
7579276
848
3423
2741
-5573
-675
229
7580301
518
3490
2596
-5698
-672
424
7581326
215
3473
2403
-6095
-658
462
7582351
-63
3316
2141
-6210
-689
432
7575168
-327
3102
1889
-6170
-780
378
7576193
-536
2892
1710
-6261
-948
397
7577218
-653
2647
1557
-6441
-1093
481
7578243
-735
2337
1361
-6251
-1104
573
7579268
-816
2084
1170
-5918
-1189
675
7580293
-790
1917
1000
-5693
-1410
991
7581318
-613
1786
815
-5470
-1535
1375
7582343
-329
1644
600
-5172
-1510
1642
7583368
-72
1462
373
-4907
-1314
1779
7584393
10
1148
117
-4443
-854
1710
7585418
-167
781
-146
-3900
-375
1577
7586443
-544
452
-365
-3693
-116
1419
7587468
-1091
89
-553
-3690
9
1095
7588493
-1750
-297
-743
-3600
-26
661
7589518
-2321
-635
-908
-3515
-101
272
7590543
-2689
-896
-1053
-3553
-146
-75
7583360
-2868
-1090
-1207
-3801
-161
-288
7584385
-2859
-1287
-1354
-4044
-149
-320
7585410
-2614
-1383
-1440
-4223
-231
-146
7586435
-2081
-1316
-1402
-4605
-237
176
7587460
-1443
-1187
-1286
-4810
48
321
7588485
-950
-994
-1185
-4702
439
233
7589510
-717
-745
-1094
-4674
795
199
7590535
-702
-537
-1022
-4616
861
276
7591560
-717
-415
-958
-4514
651
356
7592585
-636
-413
-877
-4330
373
386
7593610
-511
-484
-789
-4084
144
325
7594635
-412
-541
-695
-4105
-60
253
7595660
-323
-594
-604
-4466
-289
141
7596685
-210
-692
-552
-4407
-507
55
7597710
-76
-744
-512
-4040
-734
122
7598735
153
-652
-354
-4273
-1137
362
7591552
597
-535
-132
-4575
-1494
642
7592577
1237
-406
91
-4682
-1690
889
7593602
1943
-300
269
-4688
-1742
1125
7594627
2351
-282
319
-4677
-1410
1178
7595652
2130
-359
228
-4812
-930
1064
7596677
1327
-543
18
-4945
-615
857
7597702
351
-781
-269
-5010
-605
667
7598727
-450
-1045
-606
-4992
-718
477
7599752
-969
-1303
-964
-4906
-815
289
7600777
-1252
-1515
-1283
-4814
-941
184
7601802
-1302
-1646
-1499
-4797
-1045
142
7602827
-1196
-1728
-1611
-4721
-1014
113
7603852
-1104
-1742
-1642
-4624
-1013
100
7604877
-1041
-1701
-1600
-4519
-1013
106
7605902
-1013
-1616
-1503
-4320
-939
104
7606927
-1055
-1485
-1357
-4103
-850
70
7599745
-1176
-1320
-1175
-3895
-810
0
7600770
-1323
-1141
-970
-3710
-807
-100
7601795
-1435
-959
-744
-3534
-825
-147
7602820
-1481
-782
-505
-3401
-851
-153
7603845
-1461
-609
-252
-3298
-889
-139
7604870
-1373
-441
12
-3254
-938
-117
7605895
-1235
-286
278
-3266
-946
-88
7606920
-1107
-150
545
-3347
-906
-86
7607945
-1035
-33
818
-3515
-885
-74
7608970
-1043
59
1101
-3723
-872
-32
7609995
-1112
130
1400
-3919
-877
-1
7611020
-1214
187
1716
-4154
-905
29
7612045
-1336
225
2035
-4488
-930
51
7613070
-1488
238
2342
-4968
-946
59
7614095
-1718
204
2590
-5432
-937
-16
7615120
-2063
125
2762
-5825
-907
-161
7607937
-2504
9
2876
-6276
-944
-319
7608962
-2962
-151
2918
-6596
-1022
-484
7609987
-3439
-350
2875
-6793
-1011
-711
7611012
-3947
-561
2774
-6932
-1144
-881
7612037
-4418
-806
2561
-6528
-1248
-1017
7613062
-4857
-1004
2338
-6249
-1215
-1203
7614087
-5241
-1183
2089
-5820
-1234
-1456
7615112
-5471
-1308
1840
-5365
-1246
-1658
7616137
-5420
-1359
1678
-5241
-1381
-1681
7617162
-5119
-1360
1557
-4932
-1448
-1742
7618187
-4676
-1280
1460
-4373
-1457
-1794
7619212
-4138
-1128
1397
-3813
-1451
-1714
7620237
-3533
-920
1382
-3465
-1385
-1517
7621262
-2908
-657
1414
-3407
-1297
-1335
7622287
-2352
-361
1471
-3421
-1254
-1203
7623312
-2009
-58
1517
-3427
-1210
-1130
7616128
-1906
233
1533
-3483
-1242
-998
7617153
-1928
492
1489
-3563
-1371
-769
7618178
-1987
744
1375
-3651
-1458
-553
7619203
-2028
999
1213
-3720
-1506
-366
7620228
-2012
1253
1006
-3783
-1546
-159
7621253
-1895
1502
774
-3836
-1585
209
7622278
-1654
1746
540
-4111
-1658
760
7623303
-1386
1861
298
-4153
-1481
813
7624328
-1293
1848
36
-3888
-1260
555
7625353
-1247
1825
-152
-3857
-1551
568
7626378
-1071
1772
-224
-4036
-1729
944
7627403
-798
1668
-251
-4243
-1598
1441
7628428
-566
1504
-249
-4255
-1291
1595
7629453
-507
1371
-147
-4249
-1053
1664
7630478
-582
1296
29
-4275
-1039
1920
7631503
-705
1247
192
-4268
-1156
2320
7624321
-730
1227
287
-4329
-1290
2718
7625346
-611
1190
288
-4441
-1356
2954
7626371
-446
1121
216
-4601
-1329
2962
7627396
-277
1012
137
-5053
-1323
2858
7628421
-181
728
0
-5345
-1226
2528
7629446
-225
341
-199
-5325
-1143
2032
7630471
-304
13
-401
-5428
-1246
1700
7631496
-322
-350
-633
-5400
-1367
1527
7632521
-261
-696
-881
-5282
-1427
1365
7633546
-83
-956
-1087
-5292
-1419
1204
7634571
183
-1175
-1230
-5448
-1376
1120
7635596
403
-1392
-1353
-5774
-1293
1031
7636621
437
-1662
-1518
-5928
-1087
836
7637646
249
-1902
-1719
-5899
-890
600
7638671
-84
-2055
-1928
-5909
-750
395
7639696
-455
-2146
-2117
-5995
-696
236
7632512
-824
-2210
-2272
-6048
-696
48
7633537
-1175
-2257
-2393
-5822
-695
-181
7634562
-1473
-2229
-2451
-5517
-743
-343
7635587
-1680
-2140
-2456
-5297
-801
-398
7636612
-1783
-2031
-2439
-4990
-800
-468
7637637
-1812
-1900
-2411
-4475
-775
-568
7638662
-1769
-1722
-2344
-3944
-761
-639
7639687
-1661
-1506
-2211
-3506
-730
-667
7640712
-1471
-1263
-1991
-3156
-757
-585
7641737
-1134
-1008
-1659
-2901
-835
-472
7642762
-689
-765
-1221
-2670
-835
-381
7643787
-242
-535
-709
-2477
-804
-295
7644812
82
-322
-162
-2425
-723
-248
7645837
207
-118
382
-2452
-647
-242
7646862
130
66
897
-2508
-587
-265
7647887
-117
237
1374
-2635
-579
-285
7640703
-387
399
1821
-2832
-694
-276
7641728
-547
570
2260
-3192
-857
-277
7642753
-562
744
2683
-3608
-975
-283
7643778
-484
935
3087
-4103
-1062
-254
7644803
-353
1157
3456
-4686
-1227
-147
7645828
-107
1417
3763
-5388
-1464
57
7646853
339
1701
3986
-6080
-1794
263
7647878
959
1979
4047
-6527
-2014
355
7648903
1597
2192
3892
-6623
-2019
318
7649928
2126
2305
3553
-6634
-1887
320
7650953
2442
2284
3060
-6641
-1670
484
7651978
2440
2113
2477
-6499
-1366
735
7653003
2000
1804
1893
-6310
-986
897
7654028
1092
1438
1344
-6290
-617
1027
7655053
-135
985
824
-6114
-387
994
7656078
-1376
560
403
-6104
-477
904
7648979
-2351
128
79
-6009
-860
827
7650004
-2937
-331
-205
-5298
-1286
744
7651029
-3046
-673
-453
-4482
-1549
708
7652054
-2910
-902
-710
-3778
-1410
586
7653079
-2768
-1024
-959
-3278
-874
436
7654104
-2738
-1102
-1142
-2781
-71
420
7655129
-2797
-1140
-1205
-2292
317
448
7656154
-2904
-1113
-1134
-2204
63
256
7657179
-3013
-1073
-949
-2658
-303
-186
7658204
-3072
-1062
-698
-3227
-560
-601
7659229
-2885
-1024
-445
-3677
-725
-703
7660254
-2349
-916
-259
-4103
-696
-605
7661279
-1603
-714
-164
-4446
-563
-325
7662304
-765
-374
-121
-4482
-288
128
7663329
21
97
-134
-4242
-25
576
7664354
764
583
-156
-3912
181
768
7657089
1481
929
-131
-3757
290
754
7658114
1970
1071
-50
-3763
357
734
7659139
1951
1082
99
-3776
488
742
7660164
1587
1046
284
-3868
565
785
7661189
1109
956
437
-4018
444
809
7662214
677
831
507
-4150
336
808
7663239
383
696
483
-4244
201
834
7664264
269
560
387
-4270
6
884
7665289
303
436
265
-4219
-113
922
7666314
391
346
158
-4148
-195
957
7667339
508
291
98
-4097
-375
1028
7668364
645
262
85
-4102
-530
1068
7669389
782
242
103
-4120
-593
1042
7670414
911
227
122
-4177
-747
1023
7671439
1048
183
111
-4200
-909
1004
7672464
1160
100
51
-4128
-985
943
7665279
1185
-1
-55
-4062
-976
821
7666304
1119
-106
-187
-4048
-965
694
7667329
1020
-208
-328
-4110
-995
603
7668354
968
-280
-432
-4356
-1118
587
7669379
1009
-342
-480
-4672
-1329
622
7670404
1099
-429
-522
-4652
-1385
562
7671429
1180
-397
-497
-5103
-1424
518
7672454
1305
-375
-452
-5767
-1587
572
7673479
1504
-476
-485
-5761
-1653
555
7674504
1665
-608
-581
-5263
-1557
441
7675529
1692
-695
-730
-4965
-1415
345
7676554
1649
-786
-925
-4987
-1274
354
7677579
1609
-929
-1125
-5137
-1099
374
7678604
1489
-1111
-1284
-5257
-982
309
7679629
1222
-1309
-1394
-5267
-900
180
7680654
868
-1504
-1479
-5124
-802
30
7673472
468
-1659
-1539
-5027
-711
-94
7674497
37
-1765
-1573
-5059
-651
-223
7675522
-387
-1822
-1571
-5165
-659
-353
7676547
-763
-1853
-1533
-5172
-744
-476
7677572
-1052
-1834
-1461
-4992
-866
-563
7678597
-1231
-1757
-1382
-4682
-966
-617
7679622
-1330
-1619
-1325
-4322
-960
-676
7680647
-1411
-1430
-1308
-3966
-895
-708
7681672
-1461
-1182
-1309
-3671
-852
-709
7682697
-1447
-890
-1292
-3408
-822
-664
7683722
-1321
-564
-1211
-3158
-859
-563
7684747
-1033
-221
-1026
-2997
-934
-459
7685772
-591
96
-743
-2920
-1019
-334
7686797
-96
363
-391
-2872
-999
-266
7687822
281
582
-15
-2843
-868
-218
7688847
468
760
361
-2909
-799
-185
7681664
455
884
708
-3066
-759
-148
7682689
271
982
1016
-3331
-768
-80
7683714
28
1072
1299
-3579
-811
11
7684739
-181
1157
1573
-3840
-870
102
7685764
-313
1246
1858
-4218
-969
201
7686789
-372
1321
2122
-4602
-1054
255
7687814
-406
1393
2343
-4996
-1114
266
7688839
-456
1446
2502
-5364
-1204
272
7689864
-497
1472
2572
-5627
-1256
313
7690889
-499
1478
2565
-5841
-1303
418
7691914
-449
1457
2489
-5994
-1403
582
7692939
-356
1385
2341
-6002
-1442
744
7693964
-320
1253
2138
-5917
-1336
824
7694989
-484
1061
1900
-5955
-1121
817
7696014
-947
761
1619
-5862
-922
742
7697039
-1671
370
1319
-5472
-805
584
7689856
-2479
18
1070
-5387
-842
295
7690881
-3202
-299
895
-5929
-1033
29
7691906
-3820
-702
735
-6230
-1268
-257
7692931
-4220
-1091
616
-5808
-1539
-454
7693956
-4392
-1346
477
-4840
-1811
-552
7694981
-4343
-1430
261
-3926
-1911
-490
7696006
-4148
-1377
-4
-3290
-1625
-412
7697031
-3899
-1201
-235
-2942
-1216
-363
7698056
-3530
-974
-400
-2550
-926
-289
7699081
-2963
-725
-422
-2323
-883
-259
7700106
-2316
-505
-298
-2510
-836
-373
7701131
-1754
-346
-89
-2902
-798
-572
7702156
-1357
-223
152
-3226
-953
-772
7703181
-1118
-51
415
-3575
-1054
-685
7704206
-1001
198
606
-3966
-937
-385
7705231
-866
511
652
-4271
-1119
-31
7698048
-506
871
596
-4273
-1250
354
7699073
113
1245
498
-4059
-1264
699
7700098
1019
1559
399
-3935
-1233
975
7701123
2138
1753
311
-3952
-1031
1112
7702148
3174
1786
227
-4074
-553
1137
7703173
3644
1649
158
-4235
163
1219
7704198
3301
1417
98
-4403
850
1364
7705223
2333
1160
45
-4604
1276
1454
7706248
1099
881
-45
-4790
1254
1391
7707273
32
581
-186
-4768
923
1226
7708298
-520
324
-310
-4657
474
1158
7709323
-555
114
-385
-4450
117
1192
7710348
-204
9
-360
-4276
-136
1211
7711373
359
-46
-253
-4181
-334
1211
7712398
879
-92
-124
-4077
-496
1219
7713423
1215
-114
12
-4101
-611
1225
7706240
1370
-135
124
-4232
-696
1158
7707265
1410
-213
171
-4317
-765
982
7708290
1313
-345
135
-4406
-876
787
7709315
1088
-512
35
-4444
-937
596
7710340
810
-687
-95
-4377
-1019
440
7711365
587
-819
-223
-4362
-1165
339
7712390
444
-891
-323
-4512
-1303
278
7713415
390
-916
-392
-4727
-1447
239
7714440
458
-891
-420
-5002
-1581
228
7715465
624
-836
-421
-5331
-1739
256
7716490
839
-814
-466
-5313
-1812
210
7717515
1068
-782
-565
-5095
-1776
129
7718540
1306
-739
-708
-4953
-1691
94
7719565
1533
-725
-895
-4922
-1571
95
7720590
1668
-779
-1118
-4870
-1381
36
7721615
1632
-866
-1339
-4892
-1190
-59
7714432
1418
-963
-1518
-5114
-1000
-132
7715457
1068
-1081
-1638
-5383
-830
-176
7716482
637
-1217
-1721
-5424
-755
-271
7717507
189
-1326
-1760
-5327
-760
-392
7718532
-235
-1386
-1750
-5166
-802
-490
7719557
-611
-1394
-1730
-4920
-839
-590
7720582
-917
-1349
-1728
-4630
-853
-672
7721607
-1155
-1256
-1757
-4207
-810
-751
7722632
-1356
-1090
-1791
-3811
-795
-799
7723657
-1468
-856
-1789
-3542
-831
-755
7724682
-1408
-581
-1715
-3379
-886
-673
7725707
-1157
-288
-1549
-3248
-955
-603
7726732
-750
6
-1290
-3127
-1006
-537
7727757
-249
281
-949
-3060
-1016
-445
7728782
238
514
-561
-3053
-935
-352
7729807
568
708
-168
-3070
-807
-318
7722625
716
865
222
-3186
-736
-305
7723650
710
982
590
-3363
-742
-263
7724675
598
1083
932
-3583
-794
-173
7725700
456
1190
1260
-3860
-833
-20
7726725
360
1312
1583
-4150
-923
184
7727750
425
1451
1907
-4476
-1126
433
7728775
673
1595
2206
-4830
-1255
551
7729800
960
1740
2457
-5199
-1278
580
7730825
1249
1896
2647
-5681
-1363
697
7731850
1597
2025
2746
-6210
-1459
901
7732875
1915
2047
2678
-6452
-1343
1117
7733900
1916
1910
2410
-6280
-943
1256
7734925
1385
1641
2019
-5967
-479
1290
7735950
366
1274
1589
-5619
-129
1128
7736975
-783
882
1234
-5406
-65
862
7738000
-1725
446
990
-5130
-364
658
7730815
-2379
3
829
-4678
-765
592
7731840
-2696
-358
781
-4282
-1175
675
7732865
-2719
-637
793
-4002
-1507
828
7733890
-2656
-848
744
-3675
-1623
849
7734915
-2611
-985
620
-3291
-1587
720
7735940
-2558
-1028
470
-3047
-1534
619
7736965
-2483
-980
330
-3113
-1477
534
7737990
-2402
-908
189
-3365
-1482
421
7739015
-2301
-832
44
-3607
-1510
283
7740040
-2191
-740
-87
-3787
-1447
141
7741065
-2070
-594
-186
-3994
-1253
77
7742090
-1827
-411
-252
-4158
-1244
153
7743115
-1369
-218
-304
-4107
-1343
278
7744140
-702
1
-321
-3901
-1285
401
7745165
110
266
-305
-3803
-1178
553
7746190
988
513
-293
-3872
-914
731
7739008
1766
684
-301
-3965
-527
832
7740033
2355
771
-310
-4138
-247
915
7741058
2594
749
-320
-4274
43
948
7742083
2408
659
-343
-4319
419
912
7743108
1906
543
-361
-4269
670
894
7744133
1331
438
-356
-4178
496
877
7745158
968
374
-307
-4183
89
847
7746183
962
315
-224
-4217
-180
827
7747208
1185
270
-134
-4223
-332
770
7748233
1478
236
-62
-4126
-333
735
7749258
1657
235
4
-4063
-345
740
7750283
1731
267
84
-4129
-526
752
7751308
1786
278
150
-4168
-693
729
7752333
1829
255
180
-4147
-821
660
7753358
1838
203
160
-4073
-920
570
7754383
1804
136
99
-3994
-1011
493
7747201
1762
76
22
-3979
-1090
446
7748226
1766
42
-30
-4136
-1210
442
7749251
1834
13
-50
-4372
-1362
422
7750276
1953
-3
-30
-4689
-1473
416
7751301
2059
-26
15
-5036
-1537
425
7752326
2125
-74
55
-5351
-1622
447
7753351
2165
-164
55
-5562
-1733
472
7754376
2146
-334
-34
-5426
-1718
438
7755401
2031
-526
-209
-5199
-1603
341
7756426
1818
-727
-445
-5107
-1434
197
7757451
1527
-973
-749
-4918
-1190
45
7758476
1143
-1201
-1083
-4748
-1029
-41
7759501
703
-1370
-1403
-4764
-993
-85
7760526
248
-1501
-1681
-4874
-910
-148
7761551
-160
-1577
-1889
-5012
-867
-247
7762576
-472
-1608
-2013
-5102
-952
-332
7755393
-649
-1605
-2040
-5117
-1079
-417
7756418
-686
-1565
-1966
-5150
-1133
-503
7757443
-664
-1505
-1832
-5128
-1095
-636
7758468
-655
-1429
-1704
-4877
-995
-819
7759493
-717
-1308
-1613
-4498
-881
-962
7760518
-866
-1136
-1575
-4134
-829
-980
7761543
-1013
-907
-1561
-3803
-854
-893
7762568
-1048
-620
-1521
-3496
-898
-763
7763593
-907
-280
-1407
-3333
-958
-633
7764618
-553
69
-1197
-3312
-1056
-514
7765643
-29
383
-914
-3332
-1102
-433
7766668
493
636
-582
-3391
-990
-449
7767693
840
827
-241
-3457
-849
-473
7768718
1009
961
95
-3527
-816
-444
7769743
999
1051
402
-3618
-809
-331
7770768
857
1139
663
-3717
-807
-172
7763584
672
1236
883
-3820
-837
23
7764609
516
1331
1066
-3986
-921
233
7765634
439
1410
1223
-4185
-990
404
7766659
429
1456
1362
-4409
-1000
482
7767684
416
1455
1488
-4645
-943
486
7768709
336
1391
1605
-4875
-854
455
7769734
157
1262
1723
-5101
-794
447
7770759
-145
1064
1834
-5238
-714
470
7771784
-584
823
1944
-5343
-621
521
7772809
-1192
556
2076
-5655
-401
501
7773834
-2023
286
2289
-6648
-192
259
7774859
-3112
-98
2494
-7719
-381
-276
7775884
-4255
-616
2558
-7575
-993
-697
7776909
-5143
-1089
2448
-6306
-1545
-751
7777934
-5735
-1364
2110
-5118
-2045
-564
7778959
-5770
-1441
1564
-4128
-2253
-66
7771776
-5218
-1323
1064
-3734
-1955
439
7772801
-4333
-1090
687
-3708
-1532
458
7773826
-3415
-819
368
-3800
-1345
20
7774851
-2666
-660
98
-3837
-1268
-399
7775876
-2201
-644
-68
-3806
-1099
-618
7776901
-2103
-694
-118
-3740
-1070
-780
7777926
-2321
-771
-116
-3551
-1093
-833
7778951
-2676
-784
-100
-3259
-1077
-726
7779976
-2885
-668
-91
-3029
-1056
-517
7781001
-2834
-428
-86
-2844
-1049
-179
7782026
-2547
-93
-39
-2680
-1075
289
7783051
-2113
280
84
-2649
-1173
553
7784076
-1582
617
276
-2759
-1226
561
7785101
-1059
886
492
-2958
-1246
571
7786126
-519
1085
715
-3176
-1361
745
7787151
155
1241
958
-3380
-1297
1059
7779968
876
1387
1202
-3650
-974
1298
7780993
1406
1525
1370
-4147
-807
1471
7782018
1610
1630
1367
-4650
-597
1737
7783043
1433
1664
1164
-4906
-325
2053
7784068
954
1629
828
-4964
-234
2293
7785093
458
1521
464
-4912
-272
2346
7786118
190
1348
147
-4776
-327
2199
7787143
159
1101
-93
-4601
-431
2020
7788168
161
806
-276
-4483
-443
1812
7789193
97
515
-412
-4548
-413
1611
7790218
-88
176
-551
-4494
-431
1434
7791243
-364
-150
-701
-4311
-528
1256
7792268
-600
-354
-800
-4494
-675
1177
7793293
-724
-503
-871
-4864
-875
1133
7794318
-712
-640
-930
-5166
-1070
1060
7795343
-590
-758
-975
-5282
-1191
973
7788160
-431
-833
-1034
-5199
-1233
923
7789185
-263
-858
-1145
-4947
-1210
908
7790210
-79
-837
-1291
-4713
-1168
947
7791235
111
-808
-1434
-4686
-1131
937
7792260
556
-841
-1465
-4682
-957
674
7793285
1074
-962
-1407
-4916
-322
662
7794310
598
-1128
-1502
-5199
-244
858
7795335
-341
-1303
-1621
-5351
-480
634
7796360
-765
-1547
-1548
-5466
-374
253
7797385
-1085
-1795
-1461
-5467
-389
59
7798410
-1642
-1977
-1431
-5283
-556
-55
7799435
-2156
-2113
-1362
-4963
-616
-204
7800460
-2521
-2163
-1296
-4593
-662
-334
7801485
-2746
-2106
-1264
-4209
-812
-363
7802510
-2750
-1968
-1212
-3787
-973
-351
7803535
-2507
-1765
-1101
-3380
-1050
-289
7796353
-2107
-1505
-908
-3056
-1054
-190
7797378
-1629
-1214
-637
-2865
-1013
-97
7798403
-1133
-939
-300
-2823
-970
-38
7799428
-695
-707
89
-2844
-921
-56
7800453
-442
-529
499
-2878
-809
-105
7801478
-449
-389
911
-2986
-738
-146
7802503
-652
-291
1313
-3184
-723
-167
7803528
-944
-226
1682
-3412
-766
-183
7804553
-1205
-168
2035
-3686
-878
-230
7805578
-1393
-106
2372
-4014
-985
-301
7806603
-1539
-30
2670
-4368
-1076
-352
7807628
-1657
76
2907
-4759
-1218
-334
7808653
-1706
206
3073
-5172
-1391
-293
7809678
-1624
353
3169
-5554
-1602
-209
7810703
-1343
525
3189
-5835
-1865
-55
7811728
-875
701
3122
-5951
-2077
132
7804545
-319
852
2958
-5897
-2154
273
7805570
178
937
2683
-5657
-2057
328
7806595
490
941
2309
-5415
-1823
385
7807620
467
853
1863
-5280
-1406
394
7808645
22
688
1395
-5326
-1041
332
7809670
-777
435
950
-5421
-865
292
7810695
-1871
117
578
-5600
-325
98
7811720
-3132
-227
366
-5867
374
-212
7812745
-4412
-582
242
-5836
111
-532
7813770
-5377
-929
125
-4962
-635
-870
7814795
-5802
-1143
21
-3724
-1087
-1076
7815820
-5588
-1105
-45
-3069
-1232
-882
7816845
-4678
-893
-98
-3070
-1055
-331
7817870
-3391
-644
-122
-3233
-508
209
7818895
-2149
-403
-68
-3441
-111
254
7819920
-1385
-242
4
-3636
331
-150
7812737
-1321
-205
110
-3758
716
-531
7813762
-2005
-195
231
-3949
534
-705
7814787
-2785
-177
295
-4069
339
-657
7815812
-3121
-123
328
-4090
147
-405
7816837
-2933
-2
360
-4005
-204
-104
7817862
-2417
203
451
-3895
-418
132
7818887
-1847
434
580
-3792
-588
224
7819912
-1274
621
701
-3675
-762
388
7820937
-756
755
804
-3591
-830
649
7821962
-363
849
888
-3600
-890
844
7822987
-153
922
939
-3724
-968
928
7824012
-139
956
958
-3884
-995
984
7825037
-294
953
932
-3988
-973
1096
7826062
-512
929
864
-4039
-1001
1340
7827087
-702
888
747
-4114
-1049
1554
7828112
-941
805
577
-4117
-986
1589
7820929
-1243
716
373
-4078
-927
1564
7821954
-1520
638
155
-4068
-892
1551
7822979
-1673
571
-50
-4109
-1005
1568
7824004
-1567
514
-209
-4199
-1254
1613
7825029
-1209
436
-319
-4193
-1344
1671
7826054
-776
362
-396
-4180
-1293
1730
7827079
-402
302
-476
-4185
-1139
1791
7828104
-161
249
-576
-4274
-969
1811
7829129
-81
170
-712
-4311
-817
1756
7830154
-147
97
-859
-4424
-786
1641
7831179
-209
29
-966
-4615
-892
1576
7832204
-179
-85
-1047
-4496
-968
1404
7833229
-31
-91
-1046
-4696
-1153
1256
7834254
314
-54
-976
-5294
-1414
1218
7835279
791
-98
-903
-5860
-1464
1177
7836304
1197
-247
-868
-6071
-1330
1148
7829120
1377
-470
-939
-5575
-1153
1023
7830145
1327
-611
-1093
-5155
-1008
909
7831170
1138
-736
-1319
-5025
-914
781
7832195
957
-885
-1556
-5078
-834
594
7833220
773
-1057
-1748
-5304
-730
372
7834245
508
-1265
-1896
-5476
-574
147
7835270
132
-1474
-1977
-5544
-439
7
7836295
-329
-1653
-1987
-5450
-422
-80
7837320
-812
-1766
-1943
-5196
-483
-121
7838345
-1270
-1781
-1854
-4816
-594
-195
7839370
-1620
-1708
-1739
-4357
-774
-240
7840395
-1792
-1563
-1610
-3864
-867
-256
7841420
-1799
-1357
-1469
-3416
-908
-259
7842445
-1650
-1113
-1299
-3070
-883
-267
7843470
-1389
-861
-1095
-2828
-851
-250
7844495
-1057
-618
-844
-2659
-845
-226
7837312
-680
-398
-529
-2554
-840
-202
7838337
-321
-214
-157
-2517
-828
-196
7839362
-67
-68
261
-2561
-771
-162
7840387
0
59
699
-2730
-740
-112
7841412
-91
162
1129
-2977
-731
-79
7842437
-275
233
1531
-3204
-754
-85
7843462
-491
298
1897
-3474
-838
-114
7844487
-695
367
2238
-3814
-936
-118
7845512
-859
436
2534
-4153
-1076
-86
7846537
-948
522
2768
-4490
-1206
-34
7847562
-953
631
2951
-4912
-1352
-24
7848587
-869
765
3087
-5535
-1537
-22
7849612
-644
924
3175
-6256
-1858
81
7850637
-195
1096
3170
-6618
-2298
340
7851662
463
1252
3034
-6454
-2545
642
7852687
1076
1326
2721
-5991
-2401
790
7845503
1392
1291
2215
-5569
-1943
829
7846528
1321
1181
1589
-5485
-1287
820
7847553
769
989
968
-5844
-692
701
7848578
-238
672
441
-6275
-550
638
7849603
-1361
219
32
-6035
-781
674
7850628
-2255
-262
-266
-4982
-1131
652
7851653
-2838
-587
-528
-3999
-1278
598
7852678
-3120
-770
-766
-3356
-1151
540
7853703
-3187
-875
-972
-2790
-716
518
7854728
-3146
-886
-1085
-2366
-353
495
7855753
-3049
-813
-1029
-2352
-306
433
7856778
-2889
-745
-834
-2821
-713
276
7857803
-2685
-755
-586
-3296
-1017
-45
7858828
-2427
-757
-264
-3626
-1149
-345
7859853
-2085
-649
56
-4133
-1210
-385
7860878
-1606
-486
245
-4619
-1401
-136
7853696
-962
-263
283
-4532
-1316
302
7854721
-275
107
236
-4093
-1048
766
7855746
458
561
149
-3742
-842
1089
7856771
1240
941
46
-3609
-689
1188
7857796
1969
1139
-40
-3650
-653
1152
7858821
2408
1134
-41
-3695
-238
1111
7859846
2157
1046
31
-3851
130
1130
7860871
1485
921
131
-4084
171
1126
7861896
771
751
194
-4196
53
1055
7862921
238
565
195
-4187
-149
1008
7863946
26
423
154
-4115
-415
1050
7864971
170
331
95
-4067
-683
1180
7865996
500
272
40
-4009
-747
1270
7867021
797
262
29
-3972
-750
1278
7868046
987
285
72
-4012
-848
1256
7869071
1136
303
150
-4208
-976
1206
7861939
1283
279
212
-4489
-1124
1116
7862964
1414
203
225
-4743
-1272
1011
7863989
1468
66
174
-4782
-1283
908
7865014
1398
-88
64
-4573
-1243
827
7866039
1263
-178
-54
-4531
-1275
699
7867064
1230
-212
-127
-4908
-1413
588
7868089
1364
-252
-136
-5556
-1579
566
7869114
1616
-343
-89
-5964
-1747
654
7870139
1819
-525
-84
-5477
-1691
628
7871164
1801
-670
-190
-4610
-1542
485
7872189
1638
-734
-410
-4158
-1433
428
7873214
1518
-797
-690
-4110
-1286
415
7874239
1469
-919
-956
-4230
-1110
356
7875264
1343
-1069
-1151
-4490
-1021
261
7876289
1092
-1225
-1236
-4894
-902
145
7877314
699
-1418
-1227
-5304
-740
11
7870081
154
-1630
-1179
-5478
-707
-166
7871106
-467
-1807
-1121
-5452
-784
-339
7872131
-1084
-1912
-1079
-5351
-879
-525
7873156
-1650
-1951
-1112
-5118
-956
-731
7874181
-2085
-1922
-1229
-4691
-1071
-931
7875206
-2332
-1785
-1397
-4168
-1126
-1044
7876231
-2397
-1520
-1567
-3744
-1118
-1001
7877256
-2244
-1148
-1691
-3459
-1134
-806
7878281
-1808
-692
-1709
-3274
-1163
-605
7879306
-1129
-210
-1592
-3234
-1201
-467
7880331
-328
226
-1356
-3279
-1234
-426
7881356
442
565
-1051
-3293
-1126
-438
7882381
1001
799
-717
-3276
-950
-450
7883406
1306
932
-374
-3280
-860
-417
7884431
1362
993
-55
-3277
-794
-326
7885456
1222
1038
244
-3371
-743
-207
7878273
957
1091
539
-3606
-737
-94
7879298
646
1135
804
-3780
-788
23
7880323
359
1188
1042
-3963
-857
151
7881348
146
1255
1266
-4215
-954
284
7882373
71
1327
1492
-4564
-1056
393
7883398
162
1401
1716
-5037
-1171
498
7884423
397
1463
1917
-5455
-1287
598
7885448
667
1476
2041
-5629
-1275
652
7886473
789
1457
2102
-5822
-1074
656
7887498
626
1410
2113
-6225
-868
675
7888523
175
1274
2025
-6367
-782
782
7889548
-450
1029
1841
-5908
-797
927
7890573
-1085
753
1609
-5079
-895
1029
7891598
-1565
510
1362
-4341
-1072
1029
7892623
-1774
304
1116
-3919
-1132
949
7893648
-1859
91
886
-3668
-1070
808
7886464
-1942
-102
720
-3544
-1102
680
7887489
-2052
-248
668
-3672
-1155
582
7888514
-2160
-386
697
-3916
-1254
527
7889539
-2239
-513
750
-4115
-1400
492
7890564
-2323
-592
797
-4269
-1525
386
7891589
-2406
-618
796
-4373
-1670
252
7892614
-2410
-593
703
-4379
-1889
174
7893639
-2237
-508
511
-4169
-2088
244
7894664
-1834
-336
254
-3806
-1989
452
7895689
-1218
-75
7
-3472
-1337
804
7896714
-364
226
-136
-3307
-860
1162
7897739
573
488
-194
-3493
-952
1179
7898764
1335
572
-175
-3778
-890
1048
7899789
1556
541
-95
-3957
-565
949
7900814
1303
479
-18
-4183
-255
941
7901839
941
369
-40
-4389
-35
977
7894656
643
218
-184
-4402
-9
992
7895681
479
94
-365
-4234
13
989
7896706
463
39
-487
-4163
-65
990
7897731
588
17
-511
-4179
-112
1015
7898756
786
-1
-439
-4124
-97
1050
7899781
939
-3
-320
-4048
-195
1089
7900806
1015
12
-196
-4052
-405
1073
7901831
1058
15
-115
-4048
-547
936
7902856
1092
-10
-105
-4057
-677
792
7903881
1114
-77
-181
-3919
-780
661
7904906
1124
-122
-282
-3836
-864
559
7905931
1171
-110
-338
-4132
-1077
528
7906956
1305
-134
-363
-4326
-1289
540
7907981
1463
-130
-355
-4467
-1325
471
7909006
1586
-33
-271
-5209
-1442
437
7910031
1727
16
-179
-6024
-1665
515
7902848
1926
-63
-152
-6033
-1825
625
7903873
2070
-228
-245
-5075
-1765
561
7904898
2009
-319
-467
-4441
-1566
471
7905923
1833
-414
-809
-4211
-1283
441
7906948
1643
-542
-1182
-4277
-1016
434
7907973
1417
-707
-1506
-4591
-894
390
7908998
1122
-934
-1747
-4848
-856
299
7910023
743
-1178
-1885
-5045
-715
159
7911048
257
-1411
-1925
-5251
-552
38
7912073
-319
-1617
-1894
-5384
-512
-103
7913098
-946
-1771
-1819
-5406
-550
-274
7914123
-1573
-1848
-1719
-5321
-647
-478
7915148
-2103
-1838
-1612
-5130
-807
-662
7916173
-2444
-1751
-1541
-4794
-936
-802
7917198
-2571
-1590
-1517
-4326
-1043
-897
7918223
-2500
-1339
-1520
-3816
-1075
-893
7911040
-2258
-994
-1502
-3439
-1049
-757
7912065
-1833
-586
-1417
-3244
-1051
-543
7913090
-1197
-157
-1235
-3151
-1072
-333
7914115
-424
234
-956
-3125
-1091
-201
7915140
308
534
-607
-3105
-1033
-176
7916165
876
733
-218
-3079
-894
-165
7917190
1213
832
197
-3092
-794
-95
7918215
1273
853
608
-3136
-753
5
7919240
1083
843
1004
-3286
-723
66
7920265
710
812
1383
-3459
-683
91
7921290
210
771
1732
-3614
-623
92
7922315
-382
737
2057
-3947
-661
68
7923340
-957
699
2332
-4314
-786
21
7924365
-1369
689
2588
-4719
-979
-11
7925390
-1488
723
2856
-5231
-1324
76
7926415
-1215
810
3107
-5747
-1752
303
7919232
-580
948
3293
-6146
-2110
609
7920257
217
1111
3319
-6291
-2290
852
7921282
903
1204
3127
-6236
-2071
926
7922307
1166
1123
2701
-6015
-1520
877
7923332
841
876
2119
-5717
-827
716
7924357
-145
588
1565
-5902
-176
342
7925382
-1656
280
1130
-6665
-153
-6
7926407
-3028
-207
774
-6599
-871
-48
7927432
-3870
-791
490
-5217
-1384
26
7928457
-4246
-1075
302
-4116
-1688
93
7929482
-4226
-1122
127
-3571
-1999
184
7930507
-3736
-1086
-33
-3214
-2110
310
7931532
-2947
-980
-120
-2971
-2025
424
7932557
-2161
-840
-167
-2780
-1830
373
7933582
-1539
-676
-190
-2791
-1523
247
7934607
-1169
-537
-192
-2922
-1011
152
7927424
-1037
-422
-136
-3037
-686
156
7928449
-1047
-287
-8
-3347
-936
203
7929474
-1114
-125
147
-3795
-1327
262
7930499
-1048
60
256
-4052
-1361
381
7931524
-741
267
264
-3965
-1224
620
7932549
-177
519
167
-3772
-1258
998
7933574
554
773
38
-3642
-1138
1301
7934599
1305
968
-82
-3700
-889
1452
7935624
1896
1027
-177
-3855
-510
1502
7936649
2087
967
-245
-4046
51
1451
7937674
1797
824
-299
-4238
540
1376
7938699
1187
641
-351
-4340
639
1303
7939724
580
476
-400
-4332
372
1261
7940749
282
354
-424
-4283
-16
1311
7941774
381
272
-429
-4261
-305
1389
7942799
701
199
-440
-4053
-363
1401
7935616
1003
177
-437
-3783
-402
1343
7936641
1179
196
-399
-3672
-456
1285
7937666
1237
206
-344
-3763
-553
1255
7938691
1213
168
-315
-3921
-638
1164
7939716
1131
88
-315
-4165
-745
1049
7940741
979
-49
-349
-4413
-810
904
7941766
734
-234
-428
-4476
-819
724
7942791
415
-378
-497
-4752
-829
516
7943816
69
-495
-522
-5337
-955
384
7944841
-271
-684
-585
-5407
-1107
292
7945866
-527
-840
-693
-4747
-1259
208
7946891
-660
-840
-814
-4241
-1377
169
7947916
-643
-719
-937
-4388
-1420
209
7948941
-391
-609
-1059
-4830
-1417
292
7949966
5
-567
-1179
-5074
-1370
274
7950991
327
-561
-1280
-5090
-1270
123
7943809
422
-588
-1376
-5054
-1062
16
7944834
269
-637
-1486
-5050
-851
15
7945859
-20
-695
-1587
-5052
-750
29
7946884
-305
-749
-1644
-5016
-759
17
7947909
-524
-797
-1640
-4902
-787
-48
7948934
-666
-830
-1565
-4742
-782
-108
7949959
-777
-856
-1439
-4533
-766
-168
7950984
-888
-865
-1295
-4250
-744
-204
7952009
-989
-838
-1140
-3979
-741
-206
7953034
-1060
-771
-971
-3758
-757
-179
7954059
-1082
-678
-785
-3560
-764
-126
7955084
-1046
-560
-568
-3449
-773
-75
7956109
-950
-438
-299
-3446
-785
-4
7957134
-815
-347
16
-3458
-779
59
7958159
-738
-292
360
-3492
-685
90
7959184
-781
-264
726
-3638
-639
97
7952001
-917
-282
1093
-3924
-661
99
7953026
-1143
-355
1436
-4259
-691
81
7954051
-1427
-467
1760
-4586
-704
9
7955076
-1736
-592
2072
-4936
-755
-82
7956101
-2022
-719
2354
-5311
-858
-170
7957126
-2240
-842
2592
-5637
-960
-272
7958151
-2412
-954
2767
-5874
-1064
-329
7959176
-2556
-1050
2862
-5958
-1176
-358
7960201
-2684
-1136
2882
-5955
-1248
-410
7961226
-2804
-1232
2819
-5870
-1295
-487
7962251
-2935
-1334
2695
-5891
-1221
-605
7963276
-3109
-1433
2551
-6073
-1187
-784
7964301
-3300
-1536
2372
-6028
-1292
-968
7965326
-3475
-1612
2170
-5700
-1409
-1160
7966351
-3625
-1628
1935
-5102
-1534
-1283
7967376
-3696
-1554
1655
-4398
-1610
-1188
7960191
-3602
-1374
1403
-3890
-1572
-911
7961216
-3294
-1104
1228
-3611
-1535
-654
7962241
-2797
-785
1104
-3398
-1549
-550
7963266
-2214
-460
1038
-3174
-1553
-584
7964291
-1717
-169
1023
-3073
-1468
-634
7965316
-1418
73
1027
-3176
-1321
-604
7966341
-1324
266
1015
-3224
-1126
-548
7967366
-1364
458
1007
-3253
-955
-408
7968391
-1402
661
1010
-3266
-1072
-136
7969416
-1337
869
1014
-3321
-1148
113
7970441
-1198
1072
1031
-3449
-995
227
7971466
-999
1270
1055
-3710
-994
311
7972491
-682
1450
1071
-4030
-1113
500
7973516
-226
1616
1075
-4296
-1181
758
7974541
265
1777
1038
-4499
-1120
1063
7975566
661
1907
925
-4585
-888
1435
7968384
873
1963
746
-4567
-569
1788
7969409
789
1923
534
-4564
-309
1977
7970434
397
1790
325
-4573
41
2062
7971459
-152
1582
164
-4598
243
2061
7972484
-647
1345
48
-4675
125
1994
7973509
-900
1076
-42
-4711
-118
1911
7974534
-848
807
-114
-4660
-363
1901
7975559
-592
570
-174
-4597
-473
2018
7976584
-288
368
-233
-4551
-482
2138
7977609
-32
198
-295
-4490
-410
2142
7978634
131
62
-376
-4471
-366
2070
7979659
212
-69
-482
-4474
-373
1933
7980684
250
-190
-612
-4554
-455
1703
7981709
300
-295
-736
-4873
-579
1452
7982734
367
-448
-865
-5183
-672
1245
7983759
382
-677
-1028
-5162
-721
1008
7976576
313
-906
-1221
-4822
-757
733
7977601
175
-1049
-1405
-4599
-759
561
7978626
36
-1138
-1559
-4532
-816
508
7979651
-32
-1200
-1671
-4539
-915
493
7980676
-25
-1224
-1709
-4693
-980
461
7981701
-29
-1254
-1700
-4764
-961
356
7982726
-94
-1274
-1662
-4635
-912
194
7983751
-226
-1246
-1590
-4537
-871
66
7984776
-390
-1178
-1475
-4647
-860
-18
7985801
-546
-1106
-1320
-4842
-896
-115
7986826
-649
-1045
-1145
-4785
-984
-220
7987851
-671
-963
-946
-4511
-1089
-256
7988876
-634
-841
-757
-4175
-1153
-226
7989901
-569
-684
-621
-3891
-1143
-157
7990926
-486
-517
-542
-3663
-1138
-104
7991951
-374
-338
-491
-3479
-1128
-53
7984769
-219
-154
-429
-3399
-1153
30
7985794
-31
5
-351
-3346
-1156
77
7986819
118
120
-261
-3317
-1085
121
7987844
172
200
-148
-3297
-1018
164
7988869
140
249
-11
-3317
-1004
215
7989894
23
270
135
-3379
-996
254
7990919
-153
280
289
-3468
-1011
279
7991944
-341
287
444
-3566
-1066
278
7992969
-508
304
596
-3753
-1133
286
7993994
-637
329
736
-3981
-1197
266
7995019
-723
368
857
-4194
-1274
279
7996044
-759
424
948
-4353
-1361
317
7997069
-727
493
995
-4431
-1468
413
7998094
-629
561
996
-4436
-1524
507
7999119
-507
625
960
-4468
-1522
582
8000144
-401
663
891
-4535
-1500
626
7992960
-328
659
800
-4568
-1456
650
7993985
-300
621
702
-4558
-1401
676
7995010
-340
550
612
-4572
-1335
705
7996035
-469
446
530
-4591
-1248
690
7997060
-681
322
457
-4582
-1227
669
7998085
-918
193
391
-4555
-1240
664
7999110
-1144
68
319
-4484
-1246
629
8000135
-1309
-27
248
-4426
-1294
607
8001160
-1364
-99
194
-4385
-1327
574
8002185
-1364
-154
163
-4347
-1238
475
8003210
-1390
-164
187
-4562
-1189
386
8004235
-1402
-175
248
-4789
-1241
409
8005260
-1441
-215
302
-4790
-1116
342
8006285
-1585
-210
386
-4937
-1081
246
8007310
-1731
-203
468
-5071
-1230
254
8008335
-1766
-220
516
-4958
-1321
249
8001152
-1736
-249
504
-4711
-1314
151
8002177
-1736
-299
394
-4300
-1235
5
8003202
-1721
-324
249
-4072
-1129
-34
8004227
-1671
-357
119
-4103
-940
-36
8005252
-1641
-450
31
-4126
-757
-55
8006277
-1670
-592
-5
-3867
-686
-96
8007302
-1868
-734
-5
-3464
-561
-168
8008327
-2236
-813
-4
-3198
-493
-239
8009352
-2586
-814
-10
-3201
-669
-251
8010377
-2717
-763
8
-3398
-940
-182
8011402
-2577
-674
68
-3537
-1230
-112
8012427
-2217
-544
172
-3582
-1413
-99
8013452
-1745
-361
301
-3694
-1503
-61
8014477
-1267
-166
395
-3770
-1525
95
8015502
-869
36
420
-3777
-1517
326
8016527
-551
216
390
-3765
-1504
498
8009343
-346
345
307
-3723
-1437
658
8010368
-261
423
208
-3724
-1362
776
8011393
-281
451
118
-3728
-1305
760
8012418
-375
459
42
-3738
-1290
744
8013443
-429
455
-23
-3779
-1330
784
8014468
-383
440
-85
-3746
-1394
839
8015493
-209
453
-131
-3699
-1480
960
8016518
92
489
-159
-3631
-1581
1120
8017543
468
535
-170
-3608
-1584
1263
8018568
855
606
-137
-3979
-1620
1379
8019593
1243
613
-91
-4447
-1603
1428
8020618
1509
562
-46
-4879
-1426
1320
8021643
1564
516
57
-5675
-1388
1190
8022668
1523
337
126
-6066
-1535
1123
8023693
1477
-29
48
-5142
-1523
977
8024718
1332
-247
-86
-4478
-1350
689
8017537
1275
-297
-196
-4941
-1479
478
8018562
1501
-504
-327
-5340
-1599
442
8019587
1739
-760
-409
-5271
-1575
313
8020612
1969
-927
-358
-5239
-1488
138
8021637
2120
-1061
-305
-5197
-1341
111
8022662
2032
-1169
-319
-5061
-1149
146
8023687
1694
-1240
-370
-4824
-1012
140
8024712
1183
-1265
-453
-4575
-1011
105
8025737
650
-1278
-575
-4278
-1027
36
8026762
178
-1277
-714
-3990
-1049
-64
8027787
-171
-1246
-839
-3800
-1119
-194
8028812
-367
-1197
-934
-3684
-1171
-325
8029837
-428
-1134
-982
-3593
-1165
-431
8030862
-400
-1055
-977
-3519
-1148
-490
8031887
-333
-958
-918
-3467
-1127
-528
8032912
-273
-831
-802
-3449
-1102
-538
8025729
-248
-673
-632
-3526
-1091
-533
8026754
-250
-492
-421
-3702
-1107
-534
8027779
-258
-289
-190
-3818
-1178
-531
8028804
-239
-62
19
-3812
-1226
-485
8029829
-211
191
168
-3744
-1180
-443
8030854
-180
452
255
-3714
-1168
-364
8031879
-93
708
301
-3837
-1192
-287
8032904
52
935
338
-4034
-1182
-204
8033929
224
1123
383
-4130
-1122
-73
8034954
453
1308
488
-4370
-1033
155
8035979
849
1459
663
-4661
-1087
422
8037004
1367
1559
853
-4925
-1133
606
8038029
1767
1594
1005
-5100
-922
647
8039054
1809
1560
1100
-5272
-571
662
8040079
1403
1452
1142
-5574
-267
696
8041104
635
1251
1102
-5677
-49
763
8033921
-331
976
966
-5458
83
817
8034946
-1280
710
796
-5190
40
846
8035971
-1974
462
608
-4851
-262
839
8036996
-2243
216
415
-4408
-510
794
8038021
-2172
15
288
-4087
-499
765
8039046
-1957
-160
273
-3834
-254
748
8040071
-1779
-291
354
-3677
-234
732
8041096
-1697
-381
497
-3758
-491
709
8042121
-1683
-459
651
-3964
-800
653
8043146
-1687
-526
761
-4150
-847
547
8044171
-1732
-580
777
-4279
-785
378
8045196
-1818
-605
695
-4299
-838
245
8046221
-1865
-574
565
-4191
-919
254
8047246
-1809
-476
430
-3993
-1006
366
8048271
-1580
-326
314
-3733
-1066
493
8049296
-1186
-140
241
-3473
-1072
593
8042113
-691
56
227
-3372
-1000
631
8043138
-229
214
252
-3445
-868
627
8044163
42
298
270
-3560
-692
640
8045188
83
329
271
-3679
-619
665
8046213
-35
329
250
-3813
-586
675
8047238
-210
318
186
-3928
-595
666
8048263
-322
312
90
-3958
-634
682
8049288
-314
341
-10
-3918
-714
746
8050313
-167
405
-91
-3861
-737
853
8051338
65
481
-145
-3843
-653
990
8052363
314
544
-152
-3884
-590
1081
8053388
523
573
-122
-3981
-564
1163
8054413
622
557
-90
-4053
-569
1181
8055438
606
506
-71
-4059
-572
1150
8056463
524
443
-73
-4075
-640
1106
8057488
450
364
-103
-4068
-724
1052
8050303
408
281
-161
-4021
-777
1023
8051328
410
214
-226
-3996
-852
969
8052353
466
180
-264
-4194
-964
894
8053378
579
151
-265
-4492
-1150
874
8054403
715
104
-256
-4516
-1211
761
8055428
883
152
-187
-4941
-1411
746
8056453
1150
186
-104
-5510
-1663
822
8057478
1500
137
-62
-5591
-1766
907
8058503
1826
43
-90
-5176
-1766
874
8059528
1980
-54
-213
-4788
-1616
731
8060553
1993
-164
-406
-4644
-1458
637
8061578
2008
-312
-617
-4689
-1342
600
8062603
2025
-510
-799
-4872
-1279
553
8063628
1921
-766
-954
-4981
-1103
470
8064653
1605
-1027
-1087
-4940
-860
372
8065678
1100
-1256
-1207
-4850
-734
239
8058496
542
-1431
-1310
-4880
-725
105
8059521
19
-1558
-1380
-5093
-752
-6
8060546
-422
-1654
-1399
-5315
-837
-155
8061571
-738
-1729
-1363
-5356
-941
-306
8062596
-943
-1765
-1287
-5179
-1032
-476
8063621
-1075
-1740
-1202
-4889
-1075
-621
8064646
-1172
-1653
-1171
-4515
-1053
-719
8065671
-1265
-1504
-1218
-4114
-1005
-742
8066696
-1381
-1284
-1317
-3736
-874
-730
8067721
-1468
-990
-1406
-3448
-821
-627
8068746
-1403
-650
-1416
-3276
-916
-499
8069771
-1120
-298
-1300
-3172
-1017
-385
8070796
-661
19
-1058
-3124
-1103
-326
8071821
-127
272
-732
-3078
-1060
-300
8072846
297
452
-374
-2984
-905
-282
8073871
510
580
-11
-2952
-792
-270
8066688
519
666
346
-3030
-705
-211
8067713
351
734
690
-3235
-684
-159
8068738
93
805
1038
-3563
-733
-130
8069763
-146
879
1394
-3904
-818
-88
8070788
-282
971
1765
-4284
-949
-16
8071813
-282
1081
2122
-4677
-1115
83
8072838
-150
1205
2427
-5100
-1248
173
8073863
111
1352
2687
-5627
-1431
316
8074888
505
1515
2851
-6153
-1638
471
8075913
945
1632
2824
-6297
-1680
585
8076938
1240
1679
2611
-6170
-1415
633
8077963
1252
1661
2284
-6247
-1115
733
8078988
988
1539
1887
-6465
-855
868
8080013
456
1252
1485
-6315
-638
961
8081038
-319
862
1142
-5641
-549
936
8082063
-1120
509
904
-5059
-726
918
8074881
-1729
159
705
-4537
-930
922
8075906
-2108
-185
502
-3961
-1032
938
8076931
-2292
-457
310
-3428
-1130
925
8077956
-2370
-649
146
-3006
-1178
841
8078981
-2406
-746
33
-2933
-1177
739
8080006
-2413
-821
-39
-3032
-1165
674
8081031
-2402
-911
-62
-3082
-1109
575
8082056
-2438
-970
-20
-3132
-1017
400
8083081
-2511
-962
68
-3352
-1144
242
8084106
-2536
-906
151
-3726
-1430
131
8085131
-2381
-833
184
-3924
-1568
114
8086156
-2005
-680
162
-3882
-1664
209
8087181
-1428
-428
84
-3807
-1725
394
8088206
-673
-105
-49
-3740
-1547
609
8089231
225
249
-199
-3788
-1212
803
8090256
1067
541
-352
-3961
-910
861
8083072
1723
703
-488
-4146
-715
796
8084097
2103
708
-547
-4225
-285
779
8085122
1914
619
-539
-4133
179
823
8086147
1384
531
-494
-4003
336
897
8087172
888
473
-424
-3910
72
955
8088197
722
445
-326
-3853
-298
979
8089222
931
427
-217
-3834
-545
977
8090247
1309
423
-122
-3859
-701
951
8091272
1656
425
-56
-3977
-805
937
8092297
1908
429
-8
-4199
-957
910
8093322
2078
389
15
-4369
-1071
843
8094347
2154
318
6
-4422
-1154
778
8095372
2146
236
-17
-4449
-1222
691
8096397
2077
155
-48
-4541
-1297
604
8097422
2002
71
-96
-4625
-1372
536
8098447
1974
11
-133
-4807
-1450
499
8091264
2024
-27
-126
-5201
-1587
532
8092289
2096
-125
-134
-5299
-1659
527
8093314
2075
-251
-195
-4938
-1612
396
8094339
1957
-325
-295
-4673
-1590
291
8095364
1888
-401
-441
-4518
-1605
296
8096389
1962
-491
-599
-4451
-1559
374
8097414
2049
-595
-738
-4596
-1423
381
8098439
1948
-754
-870
-4805
-1213
296
8099464
1585
-949
-988
-4964
-981
178
8100489
1033
-1149
-1083
-5161
-857
88
8101514
426
-1350
-1162
-5367
-851
-70
8102539
-165
-1549
-1235
-5483
-849
-272
8103564
-704
-1702
-1298
-5501
-920
-468
8104589
-1174
-1806
-1369
-5352
-989
-697
8105614
-1569
-1841
-1473
-5022
-1033
-929
8106639
-1859
-1774
-1613
-4629
-1058
-1099
8099455
-2040
-1610
-1764
-4214
-1035
-1099
8100480
-2058
-1339
-1860
-3904
-1023
-941
8101505
-1866
-968
-1850
-3684
-1063
-772
8102530
-1440
-550
-1716
-3511
-1176
-663
8103555
-804
-137
-1457
-3445
-1268
-607
8104580
-62
219
-1117
-3399
-1238
-542
8105605
594
494
-756
-3359
-1064
-493
8106630
1019
685
-419
-3372
-905
-488
8107655
1234
800
-109
-3451
-834
-437
8108680
1238
859
168
-3553
-786
-354
8109705
1083
904
427
-3694
-753
-253
8110730
836
942
674
-3823
-752
-139
8111755
571
976
916
-3996
-792
-12
8112780
332
1004
1158
-4251
-869
117
8113805
144
1018
1384
-4462
-923
215
8114830
-5
1018
1601
-4697
-934
257
8107648
-140
1008
1822
-5037
-990
283
8108673
-291
962
2004
-5363
-943
263
8109698
-534
906
2195
-5959
-846
147
8110723
-898
813
2342
-6427
-981
72
8111748
-1321
650
2325
-5941
-1148
113
8112773
-1705
546
2206
-5153
-1248
348
8113798
-1958
554
2016
-4732
-1414
707
8114823
-1927
610
1783
-4645
-1498
975
8115848
-1600
624
1584
-4706
-1524
1009
8116873
-1220
530
1410
-4676
-1501
851
8117898
-1064
335
1239
-4498
-1234
615
8118923
-1349
108
1058
-4248
-901
440
8119948
-1972
-98
875
-4054
-911
375
8120973
-2507
-250
711
-4016
-1242
414
8121998
-2756
-366
535
-3959
-1465
440
8123023
-2768
-417
338
-3753
-1522
371
8115840
-2596
-366
158
-3569
-1497
383
8116865
-2267
-237
25
-3471
-1440
548
8117890
-1830
-87
-67
-3349
-1326
708
8118915
-1397
56
-114
-3188
-1181
799
8119940
-1060
206
-99
-3184
-1069
961
8120965
-799
341
-41
-3324
-1063
1128
8121990
-548
428
14
-3563
-1055
1225
8123015
-331
465
18
-3816
-1031
1229
8124040
-142
492
-34
-4066
-974
1270
8125065
19
496
-151
-4208
-850
1339
8126090
147
494
-328
-4250
-740
1429
8127115
269
486
-531
-4281
-669
1504
8128140
400
458
-710
-4354
-546
1559
8129165
499
394
-831
-4459
-337
1520
8130190
487
318
-875
-4800
-361
1380
8131215
389
187
-860
-5215
-536
1268
8124032
203
-109
-881
-4823
-550
1043
8125057
-26
-350
-926
-4071
-605
793
8126082
-190
-435
-974
-3830
-800
779
8127107
-214
-460
-1026
-3976
-973
808
8128132
-29
-458
-1025
-4455
-1036
794
8129157
220
-494
-970
-4976
-1045
731
8130182
335
-603
-929
-5093
-967
593
8131207
181
-715
-928
-4918
-817
459
8132232
-153
-772
-975
-4784
-827
429
8133257
-432
-817
-1086
-4721
-918
436
8134282
-548
-874
-1206
-4721
-871
426
8135307
-583
-937
-1275
-4870
-856
310
8136332
-621
-1043
-1277
-5032
-813
152
8137357
-752
-1190
-1220
-5073
-674
6
8138382
-1029
-1344
-1130
-5000
-579
-125
8139407
-1407
-1472
-1048
-4654
-582
-245
8132234
-1797
-1518
-994
-4160
-646
-307
8133259
-2106
-1467
-943
-3776
-789
-269
8134284
-2203
-1348
-845
-3533
-902
-182
8135309
-2081
-1188
-671
-3405
-957
-96
8136334
-1796
-1007
-411
-3336
-1034
-55
8137359
-1422
-837
-75
-3333
-1046
-67
8138384
-1100
-699
285
-3347
-978
-87
8139409
-955
-597
630
-3390
-843
-108
8140434
-1032
-527
944
-3493
-790
-129
8141459
-1257
-493
1214
-3624
-808
-138
8142484
-1523
-475
1467
-3860
-880
-204
8143509
-1724
-474
1720
-4105
-963
-322
8144534
-1882
-474
1972
-4386
-987
-412
8145559
-2038
-444
2235
-4825
-1074
-453
8146584
-2164
-393
2488
-5334
-1204
-436
8147609
-2239
-329
2700
-5823
-1412
-393
8140415
-2198
-268
2823
-6119
-1718
-325
8141440
-2018
-217
2814
-6086
-1918
-225
8142465
-1782
-184
2678
-5903
-1976
-123
8143490
-1555
-178
2436
-5703
-1816
-119
8144515
-1401
-200
2133
-5617
-1574
-220
8145540
-1399
-274
1798
-5445
-1461
-332
8146565
-1563
-386
1476
-5134
-1474
-392
8147590
-1819
-489
1198
-4855
-1556
-329
8148615
-2043
-570
960
-4601
-1532
-210
8149640
-2213
-632
728
-4369
-1344
-226
8150665
-2403
-671
488
-4099
-1051
-379
8151690
-2635
-683
258
-3779
-775
-475
8152715
-2862
-669
88
-3571
-699
-479
8153740
-3062
-642
-26
-3458
-642
-469
8154765
-3207
-589
-93
-3350
-585
-478
8155790
-3256
-511
-102
-3172
-534
-486
8148609
-3165
-391
-34
-3122
-499
-463
8149634
-2929
-217
98
-3361
-684
-353
8150659
-2575
-33
248
-3547
-810
-157
8151684
-2211
173
394
-3571
-769
83
8152709
-1818
403
521
-3568
-781
350
8153734
-1364
612
599
-3573
-897
676
8154759
-892
780
645
-3627
-883
881
8155784
-521
820
629
-3619
-700
851
8156809
-307
759
557
-3707
-798
953
8157834
-336
663
494
-3897
-958
1211
8158859
-620
576
462
-4009
-966
1440
8159884
-1016
536
464
-4017
-914
1606
8160909
-1387
538
465
-4003
-985
1706
8161934
-1652
578
440
-3967
-1182
1776
8162959
-1736
638
398
-3945
-1441
1847
8163984
-1570
679
342
-3872
-1636
1913
8156800
-1209
685
259
-3731
-1701
1979
8157825
-818
676
159
-3652
-1668
1986
8158850
-545
668
65
-3762
-1525
1883
8159875
-417
667
7
-4133
-1467
1747
8160900
-336
620
-36
-4462
-1574
1593
8161925
-204
551
-71
-4659
-1713
1468
8162950
33
507
-95
-4978
-1837
1489
8163975
332
439
-177
-5280
-1892
1477
8165000
647
329
-337
-5371
-1842
1380
8166025
907
156
-558
-5184
-1659
1193
8167050
1060
-36
-811
-4965
-1418
1014
8168075
1099
-215
-1050
-5001
-1291
969
8169100
1036
-431
-1254
-5095
-1211
939
8170125
863
-672
-1423
-5059
-1063
816
8171150
586
-875
-1565
-5065
-929
615
8172175
249
-1045
-1693
-5145
-865
434
8164992
-85
-1192
-1797
-5217
-834
299
8166017
-359
-1302
-1848
-5240
-833
185
8167042
-552
-1367
-1833
-5233
-877
79
8168067
-676
-1399
-1767
-5095
-912
-30
8169092
-742
-1387
-1653
-4915
-940
-115
8170117
-773
-1348
-1520
-4685
-953
-192
8171142
-801
-1286
-1409
-4309
-931
-276
8172167
-834
-1184
-1321
-3948
-902
-345
8173192
-874
-1059
-1252
-3622
-870
-394
8174217
-898
-904
-1183
-3330
-816
-419
8175242
-871
-719
-1063
-3106
-825
-368
8176267
-737
-512
-856
-2976
-889
-285
8177292
-494
-310
-561
-2924
-948
-235
8178317
-213
-131
-199
-2900
-966
-212
8179342
9
23
201
-2936
-925
-192
8180367
68
151
594
-3044
-859
-191
8173184
-33
257
950
-3200
-834
-184
8174209
-220
344
1257
-3416
-882
-181
8175234
-399
426
1525
-3636
-1014
-155
8176259
-496
509
1772
-3887
-1107
-137
8177284
-523
609
1997
-4211
-1221
-89
8178309
-467
719
2181
-4556
-1382
-1
8179334
-306
836
2305
-4865
-1533
97
8180359
-51
954
2367
-5155
-1704
191
8181384
292
1064
2338
-5364
-1840
316
8182409
677
1145
2213
-5494
-1860
457
8183434
1014
1177
1995
-5643
-1745
589
8184459
1185
1122
1688
-5762
-1525
671
8185484
1076
960
1321
-5869
-1203
725
8186509
544
668
927
-5776
-798
724
8187534
-406
333
559
-5708
-486
648
8188559
-1527
24
280
-6088
-459
567
8181376
-2499
-357
71
-6280
-685
438
8182401
-3154
-786
-90
-5850
-943
293
8183426
-3535
-1148
-249
-4942
-1151
194
8184451
-3647
-1355
-419
-4069
-1265
235
8185476
-3542
-1437
-587
-3540
-1160
354
8186501
-3328
-1488
-722
-3068
-727
394
8187526
-3111
-1511
-751
-2622
-301
313
8188551
-2965
-1492
-631
-2561
-306
183
8189576
-2901
-1491
-406
-2916
-455
62
8190601
-2942
-1572
-151
-3243
-557
-159
8191626
-3097
-1651
110
-3438
-662
-477
8192651
-3314
-1649
343
-3738
-803
-772
8193676
-3504
-1585
466
-3993
-1092
-908
8194701
-3440
-1412
500
-3863
-1328
-735
8195726
-3017
-1055
530
-3447
-1426
-204
8196751
-2275
-489
597
-3036
-1540
607
8189567
-1225
151
704
-2817
-1505
1307
8190592
-47
710
838
-2848
-1418
1382
8191617
983
1089
942
-3136
-1484
1172
8192642
1657
1243
982
-3389
-1368
843
8193667
1712
1261
997
-3624
-998
746
8194692
1181
1199
998
-3856
-758
935
8195717
482
1083
944
-4089
-676
1132
8196742
-145
921
813
-4160
-751
1256
8197767
-600
778
628
-4124
-891
1337
8198792
-850
696
437
-4102
-1103
1449
8199817
-858
680
278
-4183
-1355
1620
8200842
-624
681
178
-4265
-1532
1778
8201867
-275
672
135
-4218
-1500
1844
8202892
54
671
142
-4175
-1463
1814
8203917
316
660
162
-4234
-1462
1765
8204942
548
639
183
-4493
-1476
1841
8197760
745
542
164
-4647
-1444
1846
8198785
827
406
101
-4653
-1394
1660
8199810
837
299
31
-4767
-1450
1441
8200835
933
223
-10
-5216
-1558
1326
8201860
1161
124
-21
-5898
-1683
1269
8202885
1481
-63
-41
-6263
-1751
1226
8203910
1673
-371
-160
-5636
-1566
1058
8204935
1598
-597
-410
-4683
-1366
889
8205960
1451
-678
-728
-4188
-1259
849
8206985
1393
-741
-1031
-4119
-1158
812
8208010
1390
-829
-1255
-4306
-1079
650
8209035
1373
-951
-1379
-4572
-1016
401
8210060
1312
-1096
-1385
-4904
-942
189
8211085
1177
-1269
-1300
-5256
-848
84
8212110
921
-1466
-1181
-5424
-776
17
8213135
514
-1625
-1043
-5392
-714
-84
8205952
-47
-1707
-925
-5208
-716
-213
8206977
-685
-1725
-879
-4845
-804
-346
8208002
-1267
-1686
-924
-4338
-910
-485
8209027
-1704
-1567
-1028
-3877
-983
-607
8210052
-1921
-1369
-1153
-3539
-1020
-689
8211077
-1895
-1104
-1262
-3300
-1037
-684
8212102
-1607
-783
-1288
-3179
-1099
-587
8213127
-1064
-432
-1189
-3182
-1187
-473
8214152
-371
-105
-985
-3226
-1261
-397
8215177
315
166
-711
-3248
-1176
-379
8216202
795
371
-416
-3280
-987
-346
8217227
990
518
-134
-3378
-853
-306
8218252
933
600
111
-3467
-728
-245
8219277
692
650
331
-3591
-673
-173
8220302
386
698
563
-3826
-705
-89
8221327
114
747
821
-4145
-818
36
8214320
-77
797
1090
-4504
-941
161
8215345
-196
841
1335
-4796
-971
211
8216370
-283
879
1552
-5105
-1020
202
8217395
-375
890
1696
-5279
-1031
175
8218420
-489
922
1815
-5667
-954
155
8219445
-579
975
1948
-6282
-1113
181
8220470
-517
994
1983
-6269
-1432
376
8221495
-256
1019
1899
-5501
-1606
769
8222520
69
1076
1703
-4653
-1590
1263
8223545
215
1079
1345
-3911
-1266
1478
8224570
83
1016
924
-3432
-793
1336
8225595
-242
900
591
-3397
-568
1104
8226620
-747
689
376
-3486
-461
862
8227645
-1342
452
298
-3663
-542
597
8228670
-1850
196
355
-3946
-815
396
8229695
-2188
-53
492
-4170
-1138
349
8222337
-2282
-247
674
-4279
-1476
504
8223362
-2154
-333
822
-4241
-1769
736
8224387
-1829
-306
834
-4143
-2006
1030
8225412
-1385
-213
711
-3888
-1843
1313
8226437
-991
-26
518
-3690
-1604
1449
8227462
-664
175
268
-3654
-1557
1463
8228487
-323
307
8
-3740
-1565
1444
8229512
21
324
-206
-3864
-1532
1411
8230537
295
260
-355
-3961
-1375
1312
8231562
392
148
-466
-4055
-1274
1144
8232587
351
5
-571
-4094
-1219
1050
8233612
259
-134
-678
-4087
-1165
1098
8234637
186
-244
-804
-3923
-1114
1099
8235662
203
-263
-909
-3850
-1148
1058
8236687
337
-229
-964
-3904
-1166
1019
8237712
560
-174
-957
-3987
-1199
962
8230528
833
-120
-878
-4061
-1261
893
8231553
1094
-58
-739
-4130
-1277
824
8232578
1275
7
-582
-4221
-1252
770
8233603
1341
52
-467
-4127
-1174
660
8234628
1321
128
-371
-4149
-1150
527
8235653
1328
232
-229
-4611
-1293
453
8236678
1528
318
3
-5304
-1584
470
8237703
2019
330
280
-5681
-1950
533
8238728
2624
227
445
-5143
-2039
510
8239753
3046
120
435
-4375
-1814
466
8240778
3219
41
276
-3979
-1605
460
8241803
3245
-82
19
-3878
-1322
361
8242828
3180
-235
-196
-4184
-1121
224
8243853
3064
-427
-268
-4936
-1153
183
8244878
2887
-697
-205
-5740
-1077
170
8245903
2467
-1048
-83
-6154
-914
141
8238720
1761
-1376
16
-5902
-876
48
8239745
805
-1579
21
-5530
-874
-106
8240770
-274
-1719
-165
-5097
-1026
-355
8241795
-1259
-1826
-532
-4476
-979
-630
8242820
-2120
-1799
-988
-3945
-879
-785
8243845
-2752
-1615
-1433
-3670
-966
-773
8244870
-2995
-1332
-1787
-3550
-1189
-680
8245895
-2774
-967
-1982
-3469
-1400
-650
8246920
-2152
-562
-1990
-3407
-1540
-654
8247945
-1272
-167
-1822
-3361
-1478
-664
8248970
-331
178
-1533
-3333
-1372
-596
8249995
495
456
-1191
-3310
-1239
-448
8251020
1060
680
-853
-3305
-1077
-276
8252045
1358
840
-546
-3334
-882
-130
8253070
1374
936
-259
-3532
-709
12
8254095
1190
996
27
-3781
-519
204
8246912
897
1031
335
-3917
-242
351
8247937
502
1060
676
-4185
-221
366
8248962
37
1093
1056
-4677
-440
321
8249987
-352
1111
1402
-5047
-733
339
8251012
-547
1129
1671
-5213
-814
411
8252037
-509
1188
1881
-5614
-877
520
8253062
-236
1263
1995
-6086
-1065
660
8254087
204
1291
1965
-6135
-1026
796
8255112
582
1275
1832
-5706
-840
1004
8256137
679
1200
1641
-5140
-626
1190
8257162
371
1030
1399
-4541
-370
1210
8258187
-306
796
1158
-3985
-226
1045
8259212
-1061
565
982
-3718
-303
811
8260237
-1624
322
873
-3766
-512
642
8261262
-2008
43
796
-3902
-757
514
8262287
-2245
-214
765
-4022
-979
359
8255104
-2392
-395
796
-4150
-1116
237
8256129
-2505
-476
852
-4320
-1387
282
8257154
-2447
-485
875
-4371
-1701
488
8258179
-2178
-433
852
-4118
-1834
688
8259204
-1847
-278
771
-3709
-1889
862
8260229
-1477
-40
622
-3457
-1888
1100
8261254
-990
193
417
-3447
-1836
1252
8262279
-418
363
190
-3522
-1754
1267
8263304
123
442
-15
-3670
-1716
1265
8264329
546
434
-186
-3816
-1580
1178
8265354
709
359
-344
-3910
-1340
1079
8266379
621
254
-505
-3964
-1235
1048
8267404
461
138
-670
-3970
-1179
1126
8268429
345
45
-839
-3921
-1149
1205
8269454
346
8
-998
-3885
-1178
1241
8270479
486
22
-1116
-3898
-1208
1239
8263296
730
53
-1176
-3966
-1192
1255
8264321
972
69
-1192
-4026
-1118
1236
8265346
1150
77
-1154
-4128
-1019
1199
8266371
1213
47
-1091
-4188
-930
1105
8267396
1170
22
-1010
-4391
-883
985
8268421
1063
-17
-923
-4698
-863
818
8269446
951
-95
-838
-4879
-833
638
8270471
847
-107
-706
-5287
-912
501
8271496
879
-86
-450
-6020
-1134
538
8272521
1117
-151
-184
-6365
-1483
702
8273546
1388
-308
-60
-5573
-1523
663
8274571
1471
-383
-57
-4801
-1315
516
8275596
1385
-441
-189
-4497
-1262
417
8276621
1321
-563
-433
-4291
-1082
283
8277646
1279
-694
-646
-4400
-897
174
8278671
1169
-851
-757
-4808
-945
140
8271488
973
-1064
-784
-5170
-833
92
8272513
573
-1289
-768
-5361
-619
-19
8273538
-70
-1481
-761
-5335
-602
-171
8274563
-801
-1613
-802
-5117
-668
-355
8275588
-1477
-1683
-916
-4813
-754
-529
8276613
-1998
-1681
-1084
-4493
-848
-603
8277638
-2273
-1593
-1256
-4175
-938
-601
8278663
-2313
-1430
-1388
-3893
-986
-582
8279688
-2180
-1204
-1453
-3639
-1004
-550
8280713
-1900
-939
-1422
-3416
-1001
-511
8281738
-1502
-674
-1287
-3243
-1007
-458
8282763
-1035
-437
-1051
-3054
-994
-375
8283788
-589
-240
-727
-2901
-919
-274
8284813
-275
-83
-336
-2832
-808
-179
8285838
-118
45
93
-2852
-741
-110
8286863
-108
134
540
-2963
-680
-95
8279679
-257
191
975
-3123
-672
-94
8280704
-532
231
1387
-3346
-685
-100
8281729
-861
263
1789
-3662
-729
-93
8282754
-1189
295
2178
-4064
-835
-85
8283779
-1453
337
2530
-4439
-975
-69
8284804
-1594
401
2831
-4823
-1182
3
8285829
-1583
479
3056
-5217
-1438
126
8286854
-1397
568
3184
-5584
-1646
283
8287879
-1097
637
3195
-5937
-1734
383
8288904
-847
635
3065
-6121
-1618
344
8289929
-794
530
2807
-6153
-1408
245
8290954
-1022
316
2456
-6044
-1174
162
8291979
-1615
36
2058
-5981
-875
75
8293004
-2611
-256
1683
-6479
-683
-194
8294029
-3766
-579
1382
-7486
-907
-541
8295054
-4725
-1055
1127
-7656
-1225
-740
8287873
-5434
-1560
898
-6188
-1424
-1007
8288898
-5883
-1782
664
-4796
-1572
-1165
8289923
-6049
-1809
354
-4041
-1703
-1028
8290948
-5852
-1733
58
-3596
-1703
-733
8291973
-5326
-1552
-119
-3376
-1701
-539
8292998
-4521
-1323
-162
-3263
-1811
-455
8294023
-3521
-1093
-112
-3260
-1806
-438
8295048
-2539
-910
-18
-3309
-1500
-486
8296073
-1860
-789
80
-3428
-985
-536
8297098
-1632
-725
169
-3388
-435
-584
8298123
-1712
-673
287
-3252
-209
-607
8299148
-2053
-605
458
-3289
-322
-592
8300173
-2476
-492
635
-3396
-633
-519
8301198
-2705
-301
786
-3416
-804
-349
8302223
-2629
-41
915
-3473
-800
-95
8303248
-2305
236
1010
-3610
-860
130
8296065
-1853
511
1076
-3723
-975
219
8297090
-1363
750
1150
-3831
-1115
331
8298115
-858
931
1241
-3946
-1238
501
8299140
-408
1053
1326
-3984
-1233
637
8300165
-111
1146
1374
-4036
-1184
778
8301190
21
1209
1389
-4121
-1132
964
8302215
-51
1222
1358
-4220
-1034
1086
8303240
-388
1194
1270
-4278
-898
1135
8304265
-930
1150
1140
-4349
-840
1187
8305290
-1497
1086
990
-4418
-954
1274
8306315
-1908
1001
828
-4422
-1156
1309
8307340
-2041
922
681
-4415
-1402
1311
8308365
-1840
865
576
-4464
-1631
1402
8309390
-1457
803
488
-4486
-1743
1506
8310415
-1036
746
389
-4452
-1771
1659
8311440
-666
680
258
-4314
-1734
1776
8304255
-424
614
78
-4145
-1636
1807
8305280
-294
594
-120
-4256
-1527
1794
8306305
-162
596
-274
-4839
-1551
1889
8307330
4
441
-419
-5034
-1578
1885
8308355
139
199
-568
-4563
-1542
1685
8309380
246
40
-704
-4181
-1515
1593
8310405
336
-111
-894
-3932
-1391
1589
8311430
418
-271
-1127
-3678
-1297
1493
8312455
530
-398
-1311
-3662
-1249
1363
8313480
639
-539
-1408
-3868
-1125
1164
8314505
744
-659
-1361
-4416
-985
879
8315530
810
-774
-1160
-5406
-946
615
8316555
774
-1005
-908
-6525
-963
476
8317580
444
-1402
-757
-6822
-876
327
8318605
-246
-1686
-736
-6256
-770
152
8319630
-1118
-1750
-873
-5727
-827
10
8312448
-1880
-1750
-1184
-5203
-779
-56
8313473
-2426
-1664
-1570
-4541
-747
-86
8314498
-2708
-1438
-1913
-4005
-883
-100
8315523
-2625
-1139
-2145
-3609
-1124
-54
8316548
-2160
-833
-2211
-3307
-1291
-9
8317573
-1448
-564
-2098
-3110
-1257
-2
8318598
-684
-362
-1819
-2998
-1102
-20
8319623
-44
-229
-1422
-2943
-949
-32
8320648
325
-160
-952
-2869
-773
-8
8321673
360
-105
-434
-2805
-671
32
8322698
144
-41
102
-2795
-641
57
8323723
-204
42
621
-2893
-680
55
8324748
-531
144
1099
-3079
-769
21
8325773
-738
253
1518
-3338
-916
-30
8326798
-834
366
1875
-3680
-1087
-77
8327823
-815
485
2166
-4047
-1262
-86
8320640
-686
620
2385
-4470
-1437
-24
8321665
-452
759
2502
-4840
-1605
77
8322690
-140
903
2502
-5065
-1712
179
8323715
212
1053
2390
-5204
-1763
275
8324740
558
1176
2183
-5339
-1697
370
8325765
805
1226
1890
-5440
-1538
416
8326790
892
1219
1562
-5607
-1370
482
8327815
818
1136
1257
-5880
-1283
609
8328840
537
916
977
-5884
-1083
704
8329865
-16
642
728
-5719
-885
728
8330890
-741
395
530
-5857
-816
656
8331915
-1438
143
369
-6216
-913
563
8332940
-1893
-187
208
-6045
-1157
568
8333965
-2059
-526
9
-4988
-1332
616
8334990
-2025
-704
-198
-4121
-1353
673
8336015
-1945
-810
-434
-3651
-1008
608
8328833
-1977
-923
-673
-3305
-372
453
8329858
-2199
-1049
-832
-2922
141
366
8330883
-2571
-1163
-846
-2710
271
222
8331908
-2999
-1249
-736
-2916
-43
25
8332933
-3348
-1362
-571
-3306
-511
-227
8333958
-3499
-1474
-361
-3643
-812
-513
8334983
-3417
-1523
-151
-3956
-857
-720
8336008
-3173
-1500
-34
-4165
-907
-796
8337033
-2784
-1353
-3
-4029
-941
-683
8338058
-2220
-1017
49
-3692
-896
-349
8339083
-1455
-525
143
-3371
-1002
106
8340108
-463
16
283
-3198
-859
443
8341133
396
484
416
-3131
-619
447
8342158
991
821
525
-3314
-664
404
8343183
1330
994
626
-3524
-653
521
8344208
1340
1057
700
-3635
-549
677
8337025
1075
1071
725
-3775
-519
741
8338050
663
1049
699
-3920
-588
749
8339075
269
1010
630
-4036
-732
820
8340100
9
970
523
-4079
-904
959
8341125
-66
945
409
-4052
-1089
1110
8342150
22
949
317
-4073
-1283
1222
8343175
257
986
263
-4253
-1481
1370
8344200
606
1012
235
-4456
-1590
1531
8345225
980
1016
226
-4711
-1580
1656
8346250
1254
958
205
-4904
-1494
1711
8347275
1367
847
159
-5065
-1423
1754
8348300
1306
647
56
-5010
-1329
1706
8349325
1091
443
-74
-5006
-1266
1483
8350350
935
316
-136
-5560
-1451
1288
8351375
1095
94
-140
-6234
-1740
1254
8352400
1436
-314
-163
-6146
-1811
1182
8345216
1698
-709
-236
-5360
-1648
1032
8346241
1751
-965
-390
-4707
-1458
925
8347266
1694
-1155
-634
-4346
-1264
810
8348291
1613
-1308
-873
-4284
-986
622
8349316
1458
-1432
-1006
-4581
-901
405
8350341
1308
-1575
-1013
-5035
-1006
243
8351366
1217
-1754
-920
-5479
-1153
157
8352391
1158
-1945
-749
-5759
-1245
78
8353416
991
-2100
-585
-5759
-1191
-58
8354441
604
-2186
-511
-5529
-1041
-258
8355466
10
-2221
-578
-5216
-988
-457
8356491
-658
-2207
-788
-4835
-880
-623
8357516
-1319
-2119
-1102
-4475
-782
-728
8358541
-1884
-1948
-1466
-4125
-773
-764
8359566
-2235
-1700
-1793
-3843
-893
-717
8360591
-2299
-1382
-2012
-3654
-1029
-636
8353485
-2106
-1027
-2094
-3590
-1141
-556
8354510
-1741
-689
-2061
-3517
-1129
-552
8355535
-1324
-403
-1933
-3342
-990
-622
8356560
-947
-161
-1727
-3114
-881
-606
8357585
-619
50
-1438
-3010
-837
-461
8358610
-363
225
-1088
-2950
-755
-312
8359635
-162
384
-682
-2907
-679
-228
8360660
-21
532
-221
-2909
-661
-170
8361685
27
675
259
-2970
-673
-133
8362710
-28
822
742
-3110
-641
-94
8363735
-133
990
1249
-3477
-679
21
8364760
-184
1175
1778
-4035
-826
231
8365785
-84
1373
2291
-4619
-1021
443
8366810
211
1609
2768
-5221
-1281
619
8367835
673
1855
3095
-5556
-1538
752
8368860
1179
2101
3235
-5894
-1459
873
8361600
1586
2330
3251
-6704
-1283
938
8362625
1782
2408
3075
-7538
-1042
944
8363650
1551
2170
2708
-7443
-694
936
8364675
750
1661
2261
-6153
-377
857
8365700
-414
1179
1837
-4786
-272
770
8366725
-1515
858
1473
-4079
-398
740
8367750
-2329
575
1166
-3967
-622
744
8368775
-2802
261
948
-4033
-1006
646
8369800
-2899
-48
874
-4081
-1223
515
8370825
-2905
-297
934
-4228
-1416
460
8371850
-2929
-493
1058
-4421
-1664
447
8372875
-2968
-654
1163
-4437
-1769
408
8373900
-3045
-718
1211
-4358
-1869
334
8374925
-3084
-699
1175
-4217
-2091
318
8375950
-2962
-605
1023
-3970
-2277
465
8376975
-2632
-445
766
-3586
-2358
641
8369791
-2062
-204
445
-3297
-2427
876
8370816
-1265
60
102
-3219
-2365
1009
8371841
-436
281
-241
-3294
-2167
976
8372866
282
417
-547
-3513
-2094
901
8373891
851
451
-781
-3725
-1977
810
8374916
1192
416
-953
-3917
-1788
799
8375941
1284
319
-1093
-3965
-1609
859
8376966
1244
218
-1224
-3926
-1465
986
8377991
1184
137
-1360
-3852
-1341
1045
8379016
1166
117
-1467
-3972
-1277
1058
8380041
1227
128
-1502
-4367
-1336
1018
8381066
1355
98
-1487
-4762
-1329
867
8382091
1492
52
-1414
-5197
-1306
704
8383116
1575
-22
-1311
-5663
-1346
625
8384141
1556
-154
-1254
-5780
-1263
492
8385166
1455
-244
-1233
-5766
-1222
372
8377984
1374
-320
-1263
-5543
-1329
293
8379009
1385
-383
-1330
-5270
-1316
200
8380034
1514
-397
-1349
-5320
-1322
188
8381059
1770
-441
-1320
-5327
-1398
179
8382084
2072
-536
-1265
-5067
-1288
90
8383109
2187
-641
-1212
-4778
-1031
-23
8384134
2026
-717
-1155
-4705
-846
-103
8385159
1720
-782
-1086
-4766
-809
-139
8386184
1411
-841
-1001
-4820
-816
-125
8387209
1102
-888
-892
-4774
-845
-164
8388234
802
-917
-767
-4575
-902
-238
8389259
520
-916
-649
-4264
-936
-289
8390284
252
-883
-564
-3919
-947
-351
8391309
0
-821
-527
-3637
-952
-418
8392334
-238
-734
-523
-3423
-937
-513
8393359
-442
-611
-522
-3263
-921
-561
8386177
-561
-459
-493
-3173
-963
-554
8387202
-559
-279
-410
-3121
-1008
-523
8388227
-433
-71
-260
-3113
-1066
-451
8389252
-220
156
-51
-3168
-1141
-359
8390277
42
382
207
-3280
-1169
-283
8391302
265
589
476
-3417
-1118
-230
8392327
349
768
718
-3552
-1046
-213
8393352
317
918
907
-3726
-1048
-143
8394377
234
1044
1059
-4048
-1103
-1
8395402
231
1158
1204
-4419
-1241
265
8396427
414
1269
1354
-4786
-1411
549
8397452
674
1359
1461
-5094
-1400
622
8398477
758
1399
1479
-5256
-1195
573
8399502
600
1397
1429
-5420
-1080
619
8400527
322
1332
1309
-5439
-1059
791
8401552
35
1240
1152
-5498
-956
924
8394368
-243
1141
1004
-5780
-883
972
8395393
-466
980
858
-5875
-903
989
8396418
-595
754
735
-5579
-918
1058
8397443
-684
513
645
-4974
-901
1117
8398468
-796
302
573
-4359
-838
1091
8399493
-938
127
516
-3929
-810
1053
8400518
-1091
-31
472
-3625
-797
985
8401543
-1252
-173
435
-3384
-783
876
8402568
-1414
-267
436
-3344
-760
774
8403593
-1583
-334
487
-3445
-741
666
8404618
-1716
-379
581
-3597
-910
575
8405643
-1739
-379
706
-3862
-1224
530
8406668
-1606
-345
819
-4093
-1447
503
8407693
-1315
-272
869
-4158
-1573
505
8408718
-872
-149
833
-4046
-1679
659
8409743
-318
26
710
-3904
-1503
907
8402560
180
194
505
-3717
-1184
1026
8403585
553
346
266
-3680
-1035
1012
8404610
808
410
65
-3767
-876
1023
8405635
917
388
-61
-3896
-663
1050
8406660
812
312
-147
-4031
-590
996
8407685
601
195
-221
-4109
-556
917
8408710
396
70
-297
-4097
-491
883
8409735
263
-25
-392
-4017
-493
920
8410760
267
-74
-487
-3944
-548
953
8411785
391
-77
-544
-3877
-580
938
8412810
592
-33
-544
-3923
-620
930
8413835
810
4
-506
-3973
-643
931
8414860
985
42
-446
-4042
-703
925
8415885
1113
64
-378
-4113
-743
906
8416910
1227
71
-328
-4191
-835
856
8417935
1333
58
-312
-4412
-926
812
8410752
1386
-21
-356
-4528
-897
726
8411777
1305
-122
-448
-4572
-814
614
8412802
1108
-196
-545
-4772
-813
570
8413827
881
-288
-660
-4786
-866
547
8414852
719
-348
-766
-4598
-947
457
8415877
687
-315
-787
-4768
-1077
438
8416902
811
-271
-747
-5148
-1216
455
8417927
1055
-273
-680
-5387
-1280
474
8418952
1248
-350
-653
-5115
-1187
451
8419977
1263
-426
-689
-4709
-1092
403
8421002
1140
-499
-790
-4545
-1026
367
8422027
993
-603
-931
-4511
-968
328
8423052
859
-736
-1064
-4527
-896
261
8424077
676
-881
-1159
-4558
-810
168
8425102
398
-1011
-1191
-4713
-720
75
8426127
46
-1134
-1170
-4857
-638
-36
8418944
-363
-1241
-1121
-4910
-611
-160
8419969
-797
-1307
-1046
-4862
-681
-259
8420994
-1186
-1330
-965
-4706
-793
-335
8422019
-1474
-1305
-916
-4433
-853
-400
8423044
-1650
-1216
-898
-4162
-915
-449
8424069
-1709
-1090
-901
-3920
-959
-437
8425094
-1652
-923
-895
-3676
-923
-398
8426119
-1497
-724
-844
-3519
-912
-332
8427144
-1244
-524
-723
-3468
-916
-244
8428169
-917
-346
-506
-3496
-908
-157
8429194
-616
-219
-207
-3575
-837
-89
8430219
-468
-140
143
-3677
-749
-27
8431244
-488
-115
510
-3752
-731
15
8432269
-649
-148
842
-3790
-690
46
8433294
-917
-203
1132
-3921
-671
103
8434319
-1252
-283
1395
-4228
-645
141
8427281
-1639
-396
1669
-4783
-558
66
8428306
-2110
-536
1999
-5606
-496
-197
8429331
-2677
-715
2329
-6268
-614
-559
8430356
-3244
-902
2592
-6348
-952
-785
8431381
-3668
-1050
2729
-5624
-1277
-813
8432406
-3855
-1079
2758
-5009
-1508
-661
8433431
-3705
-999
2738
-4787
-1602
-367
8434456
-3251
-851
2700
-4715
-1575
-146
8435481
-2604
-651
2681
-4867
-1603
-174
8436506
-1936
-471
2658
-5070
-1722
-359
8437531
-1464
-385
2562
-5135
-1677
-494
8438556
-1344
-374
2384
-5010
-1477
-561
8439581
-1576
-401
2147
-4795
-1359
-588
8440606
-2026
-430
1847
-4557
-1401
-554
8441631
-2484
-434
1483
-4254
-1480
-469
8442656
-2800
-378
1103
-3943
-1500
-402
8435328
-2936
-255
766
-3780
-1503
-346
8436353
-2898
-99
484
-3656
-1546
-325
8437378
-2725
67
269
-3515
-1530
-273
8438403
-2556
226
118
-3409
-1417
-138
8439428
-2477
377
2
-3304
-1352
38
8440453
-2413
510
-67
-3232
-1374
229
8441478
-2310
621
-90
-3236
-1408
508
8442503
-2152
710
-62
-3288
-1456
724
8443528
-1962
772
-6
-3326
-1477
818
8444553
-1774
831
54
-3390
-1490
963
8445578
-1591
891
109
-3561
-1470
1131
8446603
-1459
934
140
-3800
-1383
1226
8447628
-1381
979
153
-4059
-1377
1376
8448653
-1262
1017
159
-4299
-1500
1564
8449678
-1074
1026
148
-4405
-1501
1733
8450703
-858
1060
133
-4545
-1384
1897
8443522
-578
1108
141
-4890
-1395
2134
8444547
-196
1035
139
-4927
-1471
2367
8445572
152
889
139
-4684
-1362
2378
8446597
319
765
176
-4763
-1194
2313
8447622
310
551
174
-4829
-1228
2171
8448647
447
290
128
-4753
-1469
1897
8449672
840
28
59
-4775
-1542
1699
8450697
1163
-253
-63
-4822
-1330
1605
8451722
1167
-555
-258
-4781
-1049
1456
8452747
899
-827
-492
-4769
-895
1238
8453772
555
-1055
-707
-4912
-847
1022
8454797
201
-1266
-884
-5184
-790
764
8455822
-135
-1466
-1013
-5513
-826
541
8456847
-439
-1685
-1111
-5717
-847
346
8457872
-769
-1882
-1195
-5701
-803
180
8458897
-1171
-1999
-1285
-5507
-757
61
8451712
-1634
-2032
-1387
-5137
-749
-55
8452737
-2084
-1967
-1494
-4642
-807
-134
8453762
-2411
-1810
-1576
-4166
-891
-172
8454787
-2533
-1589
-1607
-3765
-974
-195
8455812
-2412
-1328
-1563
-3465
-1067
-196
8456837
-2064
-1059
-1436
-3254
-1099
-202
8457862
-1558
-811
-1225
-3118
-1083
-193
8458887
-994
-601
-940
-3046
-1035
-168
8459912
-491
-440
-602
-3047
-915
-125
8460937
-198
-330
-234
-3066
-746
-95
8461962
-165
-241
150
-3103
-638
-53
8462987
-331
-180
540
-3167
-591
-23
8464012
-624
-128
915
-3285
-615
-4
8465037
-962
-78
1265
-3459
-680
19
8466062
-1271
-36
1579
-3677
-741
14
8467087
-1509
-4
1861
-3977
-826
-39
8459904
-1668
24
2156
-4529
-869
-115
8460929
-1782
41
2489
-5371
-945
-225
8461954
-1912
26
2760
-5925
-1019
-369
8462979
-2051
25
2954
-6295
-1187
-447
8464004
-2172
35
3000
-6315
-1501
-484
8465029
-2219
61
2836
-6036
-1597
-439
8466054
-2207
142
2513
-5790
-1593
-309
8467079
-2025
266
2046
-5350
-1591
-9
8468104
-1643
408
1522
-4870
-1291
255
8469129
-1293
506
1043
-4527
-869
222
8470154
-1191
486
627
-4384
-746
43
8471179
-1319
330
307
-4223
-611
-175
8472204
-1790
126
144
-4139
-366
-297
8473229
-2612
-82
101
-4025
-390
-368
8474254
-3261
-263
141
-3850
-644
-315
8475279
-3511
-385
221
-3633
-874
-190
8468096
-3406
-414
334
-3401
-1081
-102
8469121
-3096
-338
471
-3272
-1171
-19
8470146
-2669
-189
600
-3243
-1245
126
8471171
-2209
5
682
-3343
-1215
363
8472196
-1808
205
704
-3414
-1158
501
8473221
-1458
402
701
-3501
-1144
595
8474246
-1178
573
694
-3678
-1227
743
8475271
-898
694
679
-3806
-1278
912
8476296
-618
775
638
-3799
-1195
1039
8477321
-398
850
555
-3803
-1118
1184
8478346
-217
905
426
-3899
-1057
1393
8479371
-104
903
252
-3922
-893
1603
8480396
-157
850
49
-3940
-642
1718
8481421
-459
749
-165
-4002
-427
1563
8482446
-928
649
-359
-4265
-423
1305
8483471
-1283
539
-500
-4653
-689
1152
8476288
-1292
375
-586
-4846
-1021
1138
8477313
-990
242
-596
-5009
-1279
1191
8478338
-500
174
-545
-5274
-1441
1282
8479363
32
116
-489
-5434
-1357
1408
8480388
441
45
-470
-5249
-1213
1527
8481413
695
-31
-501
-4739
-1070
1550
8482438
790
-114
-576
-4238
-992
1493
8483463
823
-216
-675
-3884
-1000
1381
8484488
930
-345
-743
-3823
-1021
1229
8485513
1112
-519
-745
-4046
-1014
1015
8486538
1293
-716
-665
-4512
-1006
748
8487563
1415
-912
-518
-5212
-979
572
8488588
1303
-1134
-368
-5886
-996
409
8489613
1096
-1401
-234
-6181
-1001
262
8490638
699
-1607
-169
-6077
-1053
159
8491663
147
-1727
-233
-5714
-1153
44
8484479
-447
-1792
-449
-5184
-1124
-82
8485504
-1005
-1769
-790
-4659
-1047
-153
8486529
-1484
-1666
-1204
-4220
-981
-194
8487554
-1774
-1481
-1607
-3921
-999
-215
8488579
-1807
-1245
-1926
-3731
-1062
-255
8489604
-1615
-988
-2118
-3612
-1141
-296
8490629
-1250
-734
-2154
-3586
-1170
-319
8491654
-782
-520
-2032
-3568
-1114
-318
8492679
-316
-353
-1778
-3494
-1029
-298
8493704
41
-224
-1433
-3374
-935
-256
8494729
186
-115
-1041
-3197
-794
-183
8495754
129
10
-634
-3045
-727
-42
8496779
-40
144
-233
-3009
-676
74
8497804
-272
267
140
-3029
-667
100
8498829
-525
392
476
-3132
-729
115
8499854
-746
524
784
-3332
-859
193
8492672
-842
665
1077
-3563
-1012
291
8493697
-777
808
1360
-3836
-1141
343
8494722
-577
961
1619
-4170
-1227
412
8495747
-258
1128
1855
-4544
-1330
563
8496772
177
1294
2054
-4936
-1448
744
8497797
667
1448
2207
-5393
-1458
872
8498822
1069
1537
2277
-5774
-1357
933
8499847
1205
1505
2225
-5956
-1123
934
8500872
926
1362
2076
-6051
-776
838
8501897
218
1168
1892
-6407
-508
728
8502922
-714
872
1664
-6704
-516
618
8503947
-1604
419
1365
-6129
-744
512
8504972
-2217
7
1059
-5151
-1023
536
8505997
-2564
-296
755
-4309
-1269
680
8507022
-2595
-483
478
-3690
-1383
733
8508047
-2428
-592
251
-3405
-1292
644
8500865
-2292
-691
67
-3255
-1163
489
8501890
-2268
-784
-58
-3168
-966
334
8502915
-2346
-858
-89
-3339
-756
245
8503940
-2532
-951
-55
-3603
-704
130
8504965
-2834
-1047
1
-3835
-873
-122
8505990
-3163
-1098
58
-3995
-1091
-426
8507015
-3357
-1065
97
-4025
-1308
-598
8508040
-3200
-928
93
-3856
-1602
-477
8509065
-2556
-651
73
-3560
-1816
-16
8510090
-1492
-227
72
-3284
-1837
612
8511115
-238
259
81
-3144
-1522
1021
8512140
896
706
62
-3234
-1263
1038
8513165
1829
996
20
-3577
-1239
938
8514190
2454
1061
-26
-3805
-840
795
8515215
2379
1018
-52
-3988
-317
848
8516240
1682
919
-81
-4128
-186
936
8509056
907
778
-130
-4124
-149
981
8510081
349
649
-188
-4053
-273
1034
8511106
172
550
-230
-3967
-527
1134
8512131
366
490
-233
-3909
-773
1247
8513156
738
468
-189
-3891
-879
1337
8514181
1104
488
-104
-4036
-918
1382
8515206
1438
492
-17
-4260
-996
1364
8516231
1687
434
21
-4401
-1048
1295
8517256
1764
339
3
-4557
-1049
1175
8518281
1606
195
-82
-4598
-928
968
8519306
1287
51
-211
-4474
-953
766
8520331
1078
-44
-322
-4406
-1155
719
8521356
1081
-81
-359
-4658
-1387
725
8522381
1291
-85
-309
-5112
-1620
675
8523406
1679
-96
-179
-5520
-1769
639
8524431
2059
-181
-80
-5364
-1770
609
8517248
2214
-299
-120
-4653
-1601
543
8518273
2129
-366
-278
-4042
-1448
481
8519298
2029
-408
-482
-3807
-1353
426
8520323
2061
-473
-649
-3964
-1315
369
8521348
2154
-583
-720
-4412
-1339
275
8522373
2257
-725
-652
-4925
-1279
139
8523398
2274
-883
-459
-5411
-1180
63
8524423
2118
-1066
-234
-5611
-1187
49
8525448
1757
-1219
-51
-5520
-1152
-9
8526473
1194
-1307
46
-5379
-1116
-161
8527498
508
-1384
-25
-5106
-1173
-317
8528523
-190
-1450
-257
-4596
-1166
-451
8529548
-869
-1447
-614
-4090
-1084
-561
8530573
-1452
-1349
-1033
-3737
-1016
-572
8531598
-1800
-1151
-1412
-3615
-1058
-480
8532623
-1844
-894
-1677
-3600
-1158
-434
8525440
-1594
-588
-1802
-3588
-1304
-432
8526465
-1103
-283
-1783
-3658
-1401
-427
8527490
-493
-30
-1638
-3639
-1327
-395
8528515
50
184
-1418
-3597
-1172
-327
8529540
394
349
-1175
-3530
-992
-236
8530565
528
473
-945
-3456
-793
-151
8531590
449
552
-705
-3462
-403
-64
8532615
216
609
-409
-3479
-84
53
8533640
-35
666
-30
-3643
-125
115
8534665
-302
720
416
-3988
-380
67
8535690
-577
781
897
-4374
-556
25
8536715
-760
833
1363
-4653
-760
98
8537740
-723
876
1705
-4711
-991
292
8538765
-464
953
1920
-4790
-1155
477
8539790
-91
1090
2066
-5225
-1178
600
8540815
251
1239
2154
-5943
-1120
589
8533631
500
1308
2148
-6411
-1160
586
8534656
619
1230
2032
-6082
-1116
675
8535681
426
1049
1818
-5139
-937
836
8536706
-138
869
1531
-4353
-770
947
8537731
-886
702
1192
-3909
-629
846
8538756
-1502
560
897
-3919
-674
694
8539781
-1870
358
691
-4161
-868
615
8540806
-2099
96
563
-4138
-1004
434
8541831
-2235
-90
566
-4213
-1069
267
8542856
-2347
-214
649
-4409
-1192
196
8543881
-2463
-301
715
-4396
-1287
178
8544906
-2519
-307
758
-4150
-1350
211
8545931
-2362
-185
805
-3867
-1552
347
8546956
-1861
33
852
-3715
-1786
602
8547981
-1078
285
873
-3664
-1707
818
8549006
-241
517
820
-3659
-1480
820
8541824
437
680
696
-3764
-1196
720
8542849
851
740
540
-3885
-1027
724
8543874
960
716
380
-3918
-776
808
8544899
764
651
227
-3962
-630
857
8545924
493
548
67
-3981
-620
881
8546949
311
434
-81
-4014
-618
860
8547974
258
310
-216
-3944
-680
862
8548999
325
222
-315
-3886
-760
937
8550024
484
163
-356
-3940
-816
1026
8551049
666
105
-371
-4021
-812
1019
8552074
775
34
-384
-4052
-801
878
8553099
777
-40
-404
-4076
-833
712
8554124
722
-119
-449
-3996
-982
611
8555149
755
-155
-486
-3946
-1200
561
8556174
961
-148
-487
-4001
-1365
577
8557199
1279
-116
-454
-4139
-1470
635
8550016
1584
-74
-410
-4333
-1479
659
8551041
1820
-18
-338
-4770
-1526
675
8552066
1954
-46
-301
-4970
-1533
643
8553091
1989
-68
-277
-5209
-1573
651
8554116
2132
-50
-182
-6090
-1847
815
8555141
2468
-185
-105
-6702
-1998
848
8556166
2812
-475
-112
-6301
-1858
710
8557191
2893
-784
-232
-5475
-1565
526
8558216
2656
-1061
-489
-5023
-1131
472
8559241
2151
-1340
-849
-4860
-791
371
8560266
1599
-1624
-1189
-4834
-725
198
8561291
1103
-1867
-1410
-5013
-802
45
8562316
744
-2085
-1477
-5326
-821
-88
8563341
502
-2271
-1424
-5683
-936
-168
8564366
304
-2421
-1292
-5869
-1093
-293
8565391
63
-2475
-1117
-5899
-1157
-477
8558208
-271
-2426
-991
-5681
-1094
-644
8559233
-718
-2303
-1012
-5180
-1036
-729
8560258
-1223
-2094
-1193
-4569
-884
-584
8561283
-1721
-1805
-1480
-4080
-684
-242
8562308
-2188
-1481
-1800
-3799
-636
-261
8563333
-2516
-1157
-2074
-3585
-782
-475
8564358
-2577
-844
-2220
-3447
-1029
-618
8565383
-2271
-555
-2202
-3366
-1130
-609
8566408
-1666
-304
-2047
-3255
-1103
-475
8567433
-907
-97
-1774
-3106
-1049
-317
8568458
-182
59
-1413
-2906
-931
-194
8569483
371
192
-993
-2701
-827
-98
8570508
682
308
-536
-2520
-682
72
8571533
727
433
-63
-2485
-543
238
8572558
545
568
428
-2672
-402
218
8573583
195
725
940
-3017
-387
209
8566447
-151
911
1476
-3446
-495
281
8567472
-392
1082
2023
-3805
-602
207
8568497
-500
1286
2604
-4249
-732
133
8569522
-434
1543
3208
-4946
-975
206
8570547
-117
1831
3758
-5712
-1346
456
8571572
501
2150
4117
-6288
-1654
866
8572597
1243
2464
4246
-6672
-1640
1085
8573622
1803
2643
4164
-7185
-1335
901
8574647
1893
2568
3858
-7757
-794
493
8575672
1244
2200
3405
-7941
-289
283
8576697
-118
1632
2878
-7401
-63
369
8577722
-1810
1009
2317
-6421
-108
520
8578747
-3404
429
1728
-5347
-488
517
8579772
-4623
-47
1138
-4588
-770
314
8580797
-5418
-415
641
-4148
-987
-30
8581822
-5730
-680
312
-4034
-1361
-204
8574592
-5623
-889
138
-4075
-1745
-237
8575617
-5245
-1082
96
-3898
-2005
-328
8576642
-4689
-1183
192
-3720
-2140
-425
8577667
-4066
-1198
356
-3620
-2139
-485
8578692
-3503
-1141
501
-3501
-2004
-514
8579717
-3071
-993
576
-3331
-1986
-435
8580742
-2680
-720
568
-3149
-2004
-21
8581767
-2326
-369
498
-2913
-1893
432
8582792
-1964
58
397
-2752
-1926
753
8583817
-1454
502
305
-2870
-2117
869
8584842
-716
884
230
-3179
-2384
930
8585867
233
1152
153
-3410
-2467
987
8586892
1273
1353
76
-3633
-2339
1025
8587917
2275
1504
-37
-4037
-2179
1191
8588942
3065
1509
-201
-4404
-1665
1324
8589967
3346
1362
-423
-4531
-990
1488
8582784
2900
1136
-668
-4403
-480
1693
8583809
2018
921
-872
-4193
-318
1791
8584834
1204
767
-998
-4124
-514
1748
8585859
899
666
-1025
-4336
-1008
1740
8586884
1210
539
-983
-4751
-1244
1870
8587909
1678
276
-954
-4775
-1074
1725
8588934
1978
65
-925
-4724
-856
1485
8589959
2033
-104
-914
-4741
-633
1344
8590984
1848
-285
-937
-4604
-505
1211
8592009
1612
-420
-935
-4403
-578
1104
8593034
1428
-500
-865
-4293
-700
1009
8594059
1344
-522
-709
-4366
-954
927
8595084
1408
-548
-496
-4459
-1174
836
8596109
1513
-551
-250
-4566
-1231
672
8597134
1592
-481
33
-5006
-1322
530
8598159
1753
-396
343
-5778
-1648
555
8590976
2128
-406
597
-6170
-2090
659
8592001
2620
-532
692
-5755
-2261
633
8593026
2922
-690
616
-5275
-2180
410
8594051
2933
-894
349
-4949
-1892
40
8595076
2740
-1143
-71
-4725
-1490
-310
8596101
2400
-1379
-558
-4698
-1150
-483
8597126
1956
-1580
-1038
-4929
-980
-503
8598151
1436
-1760
-1456
-5338
-870
-455
8599176
858
-1917
-1802
-5603
-737
-436
8600201
217
-1989
-2091
-5648
-779
-416
8601226
-412
-1925
-2293
-5496
-917
-369
8602251
-926
-1734
-2402
-5078
-983
-273
8603276
-1329
-1433
-2438
-4550
-981
-213
8604301
-1614
-1079
-2426
-4121
-943
-252
8605326
-1755
-729
-2398
-3760
-900
-334
8606351
-1722
-416
-2366
-3461
-937
-377
8599167
-1498
-148
-2305
-3251
-990
-380
8600192
-1099
85
-2176
-3129
-1004
-307
8601217
-576
283
-1945
-3076
-944
-165
8602242
-32
445
-1620
-3058
-836
-20
8603267
474
581
-1219
-3014
-764
115
8604292
887
698
-746
-3025
-687
281
8605317
1155
808
-240
-3104
-590
513
8606342
1261
899
268
-3239
-451
686
8607367
1091
970
744
-3481
-318
696
8608392
546
1023
1157
-3751
-218
580
8609417
-305
1075
1506
-4023
-120
441
8610442
-1190
1141
1835
-4440
-258
370
8611467
-1731
1218
2181
-5052
-662
453
8612492
-1743
1270
2500
-5526
-1041
638
8613517
-1340
1344
2774
-5766
-1236
750
8614542
-843
1442
2990
-5970
-1172
807
8607360
-582
1506
3110
-6199
-942
772
8608385
-656
1487
3180
-6621
-630
549
8609410
-1040
1346
3258
-7210
-519
269
8610435
-1601
1040
3302
-7276
-713
166
8611460
-2255
655
3271
-6664
-927
211
8612485
-2944
357
3174
-6309
-1177
319
8613510
-3551
45
2931
-6066
-1495
334
8614535
-3954
-325
2533
-5481
-1586
186
8615560
-4234
-657
2099
-4791
-1522
-148
8616585
-4473
-880
1645
-4367
-1509
-473
8617610
-4638
-1028
1179
-4226
-1424
-695
8618635
-4727
-1124
767
-4131
-1451
-837
8619660
-4724
-1140
456
-3928
-1675
-910
8620685
-4579
-1077
250
-3673
-1922
-905
8621710
-4297
-937
132
-3502
-1929
-847
8622735
-3924
-707
52
-3361
-1818
-622
8615552
-3512
-400
-19
-3178
-1542
-336
8616577
-3128
-58
-78
-2820
-1190
-142
8617602
-2690
311
-71
-2541
-1159
146
8618627
-2053
672
49
-2503
-1350
591
8619652
-1142
976
255
-2703
-1585
880
8620677
-123
1210
450
-2963
-1763
1005
8621702
899
1415
604
-3267
-1774
1138
8622727
1860
1625
702
-3718
-1677
1354
8623752
2634
1804
689
-4309
-1457
1724
8624777
3107
1843
522
-4701
-877
2151
8625802
2981
1673
207
-4654
-119
2467
8626827
2140
1420
-164
-4341
313
2530
8627852
1042
1198
-453
-4192
183
2349
8628877
337
987
-601
-4271
-392
2150
8629902
217
724
-641
-4362
-855
2012
8630927
420
425
-638
-4292
-1090
1856
8623743
818
152
-613
-4234
-1217
1765
8624768
1174
-86
-633
-4188
-1104
1752
8625793
1294
-279
-718
-4176
-901
1725
8626818
1190
-440
-850
-4196
-755
1550
8627843
945
-520
-975
-4450
-814
1311
8628868
685
-603
-1080
-4829
-982
1107
8629893
415
-728
-1199
-4991
-1083
730
8630918
269
-707
-1202
-5562
-1264
560
8631943
343
-705
-1135
-6200
-1598
646
8632968
617
-819
-1138
-5785
-1775
672
8633993
913
-839
-1205
-4933
-1578
559
8635018
1018
-723
-1331
-4712
-1293
405
8636043
1056
-624
-1510
-4998
-1151
314
8637068
1169
-627
-1667
-5372
-1159
282
8638093
1260
-710
-1773
-5645
-1157
215
8639118
1210
-851
-1862
-5669
-996
103
8631936
976
-1007
-1972
-5445
-757
6
8632961
591
-1129
-2094
-5253
-556
-80
8633986
110
-1210
-2201
-5141
-462
-170
8635011
-383
-1241
-2257
-4986
-459
-226
8636036
-747
-1220
-2203
-4806
-585
-199
8637061
-909
-1172
-2033
-4625
-722
-111
8638086
-944
-1125
-1786
-4285
-773
-142
8639111
-975
-1053
-1503
-3840
-739
-235
8640136
-1052
-938
-1204
-3463
-683
-294
8641161
-1170
-798
-924
-3118
-636
-312
8642186
-1246
-621
-649
-2826
-674
-221
8643211
-1187
-410
-327
-2655
-751
-93
8644236
-974
-184
68
-2592
-848
41
8645261
-647
38
525
-2628
-937
131
8646286
-321
233
1013
-2764
-940
175
8647311
-139
385
1482
-2945
-856
177
8640128
-106
488
1915
-3210
-819
171
8641153
-195
549
2309
-3589
-836
176
8642178
-355
578
2659
-4025
-881
179
8643203
-560
590
2965
-4505
-922
165
8644228
-823
587
3210
-4995
-1000
117
8645253
-1123
567
3369
-5487
-1084
52
8646278
-1449
518
3432
-5937
-1208
-66
8647303
-1786
445
3381
-6280
-1381
-190
8648328
-2065
362
3220
-6424
-1597
-239
8649353
-2213
273
2966
-6328
-1778
-172
8650378
-2239
212
2645
-6124
-1846
-45
8651403
-2181
179
2293
-5986
-1806
19
8652428
-2108
141
1938
-5926
-1716
-6
8653453
-2125
44
1595
-5786
-1609
-147
8654478
-2307
-106
1289
-5600
-1515
-299
8655503
-2604
-280
1039
-5440
-1413
-333
8648319
-2991
-469
843
-5319
-1284
-315
8649344
-3438
-671
669
-5200
-1202
-412
8650369
-3878
-852
522
-5309
-1145
-653
8651394
-4290
-1022
421
-5739
-1114
-962
8652419
-4659
-1223
341
-5940
-1154
-1323
8653444
-4972
-1417
249
-5342
-1211
-1695
8654469
-5216
-1506
103
-4201
-1166
-1854
8655494
-5275
-1418
-67
-3232
-1114
-1541
8656519
-4929
-1154
-158
-2690
-1145
-976
8657544
-4148
-764
-96
-2731
-1040
-481
8658569
-3085
-349
117
-3047
-721
-219
8659594
-1933
-2
402
-3261
-380
-206
8660619
-1053
241
687
-3549
-126
-410
8661644
-747
338
936
-3854
103
-661
8662669
-1070
326
1114
-3876
414
-818
8663694
-1736
321
1235
-3795
443
-774
8656512
-2338
396
1365
-4029
79
-477
8657537
-2617
529
1486
-4339
-323
-194
8658562
-2532
716
1592
-4473
-466
-103
8659587
-2181
957
1729
-4560
-651
-27
8660612
-1618
1228
1885
-4664
-1036
210
8661637
-854
1487
2027
-4687
-1372
552
8662662
-86
1713
2097
-4623
-1332
815
8663687
431
1892
2042
-4528
-1090
975
8664712
616
2002
1855
-4544
-824
1088
8665737
437
2003
1575
-4650
-557
1180
8666762
-8
1869
1234
-4506
-542
1248
8667787
-477
1699
906
-4291
-637
1373
8668812
-683
1565
659
-4324
-824
1695
8669837
-548
1359
434
-4247
-934
1906
8670862
-324
1136
209
-4055
-737
1817
8671887
-163
997
45
-4067
-648
1895
8664704
97
856
-56
-4215
-877
2252
8665729
435
612
-176
-4132
-815
2291
8666754
615
378
-314
-4087
-511
2066
8667779
610
167
-465
-4195
-412
1914
8668804
573
-74
-646
-4287
-426
1779
8669829
597
-301
-839
-4429
-468
1555
8670854
709
-528
-1022
-4533
-561
1320
8671879
877
-746
-1180
-4470
-587
1112
8672904
1052
-906
-1289
-4368
-656
901
8673929
1256
-991
-1333
-4451
-900
747
8674954
1585
-1046
-1308
-4728
-1194
707
8675979
2023
-1105
-1246
-5042
-1327
667
8677004
2444
-1110
-1136
-5697
-1280
640
8678029
2713
-1122
-992
-6666
-1227
577
8679054
2745
-1302
-940
-6837
-1171
355
8680079
2480
-1539
-1004
-6099
-1065
103
8672896
1970
-1673
-1134
-5650
-1010
-79
8673921
1452
-1808
-1349
-5505
-970
-218
8674946
1067
-1972
-1602
-5314
-840
-286
8675971
734
-2087
-1804
-5216
-762
-398
8676996
380
-2144
-1932
-5187
-726
-542
8678021
19
-2127
-1989
-5212
-770
-573
8679046
-278
-2058
-1974
-5252
-886
-518
8680071
-502
-1938
-1889
-5280
-901
-487
8681096
-741
-1759
-1760
-5099
-925
-532
8682121
-996
-1519
-1644
-4596
-947
-538
8683146
-1224
-1214
-1570
-3962
-968
-445
8684171
-1357
-873
-1537
-3366
-991
-286
8685196
-1347
-516
-1506
-2956
-968
-152
8686221
-1165
-162
-1424
-2751
-1002
-75
8687246
-784
155
-1259
-2645
-1142
-20
8688271
-227
411
-1006
-2591
-1173
61
8681088
332
601
-694
-2580
-1079
145
8682113
767
742
-359
-2587
-977
199
8683138
1026
840
-9
-2677
-851
275
8684163
1054
904
354
-2905
-735
294
8685188
816
944
731
-3272
-650
186
8686213
381
983
1125
-3721
-691
92
8687238
-66
1032
1521
-4221
-852
72
8688263
-363
1081
1862
-4666
-1038
60
8689288
-489
1132
2105
-5014
-1144
40
8690313
-528
1198
2233
-5306
-1249
-11
8691338
-520
1284
2246
-5481
-1342
13
8692363
-441
1391
2158
-5560
-1428
116
8693388
-210
1537
2026
-5816
-1520
272
8694413
215
1681
1853
-6137
-1591
477
8695438
784
1775
1652
-6229
-1554
697
8696463
1340
1784
1483
-6230
-1395
774
8689279
1644
1693
1363
-6371
-1037
689
8690304
1423
1488
1285
-6456
-611
644
8691329
622
1173
1242
-6219
-363
725
8692354
-505
791
1204
-5618
-264
924
8693379
-1776
356
1092
-4764
-123
1018
8694404
-3120
-70
876
-4033
-85
869
8695429
-4302
-407
620
-3730
-278
490
8696454
-5254
-722
372
-3688
-449
-48
8697479
-5950
-1001
204
-3949
-792
-683
8698504
-6290
-1287
130
-4128
-1226
-1232
8699529
-6139
-1493
140
-4211
-1665
-1407
8700554
-5536
-1586
251
-4250
-1883
-1351
8701579
-4620
-1527
445
-3826
-1762
-1103
8702604
-3464
-1146
741
-3453
-1972
-582
8703629
-1970
-527
1104
-3330
-2252
219
8704654
-185
214
1402
-3143
-2010
1092
8697472
1530
961
1513
-2891
-1442
1397
8698497
3035
1573
1440
-2890
-1265
1357
8699522
4222
1866
1229
-3024
-1209
1126
8700547
4894
1873
922
-3391
-961
775
8701572
4609
1625
650
-3619
-151
917
8702597
3421
1261
480
-3648
162
1123
8703622
2215
936
356
-3908
129
1158
8704647
1470
556
174
-4094
94
1160
8705672
1155
207
-65
-4408
-88
1202
8706697
1113
-160
-358
-4596
-263
1221
8707722
1190
-472
-586
-4822
-426
1253
8708747
1200
-808
-775
-4810
-342
1109
8709772
1002
-1137
-966
-4463
-224
778
8710797
690
-1339
-1137
-4173
-442
514
8711822
502
-1447
-1262
-4119
-840
398
8712847
601
-1519
-1330
-4174
-1184
362
8705664
958
-1541
-1323
-4421
-1324
284
8706689
1373
-1547
-1275
-4666
-1288
143
8707714
1647
-1508
-1227
-4877
-1168
-42
8708739
1709
-1371
-1136
-5589
-1129
-119
8709764
1673
-1253
-1074
-6220
-1259
-37
8710789
1622
-1150
-1088
-6309
-1342
73
8711814
1593
-1034
-1150
-6068
-1484
143
8712839
1578
-1010
-1342
-5513
-1396
69
8713864
1470
-1036
-1632
-5119
-1051
-26
8714889
1237
-1090
-1946
-5005
-801
-105
8715914
933
-1180
-2226
-4957
-748
-212
8716939
650
-1256
-2388
-4992
-728
-318
8717964
436
-1303
-2397
-4999
-662
-294
8718989
334
-1305
-2282
-4804
-738
-199
8720014
347
-1248
-2042
-4514
-816
-161
8721039
358
-1137
-1705
-4155
-826
-173
8713857
263
-960
-1341
-3834
-820
-163
8714882
65
-735
-1014
-3493
-801
-149
8715907
-133
-471
-762
-3130
-804
-33
8716932
-244
-189
-562
-2885
-830
74
8717957
-245
88
-387
-2723
-849
128
8718982
-138
351
-214
-2614
-920
197
8720007
53
584
-10
-2614
-1010
258
8721032
266
777
235
-2754
-992
394
8722057
434
935
496
-2963
-976
555
8723082
556
1045
765
-3219
-990
636
8724107
579
1101
1017
-3410
-939
577
8725132
399
1129
1236
-3570
-852
401
8726157
44
1153
1431
-3847
-861
296
8727182
-296
1179
1606
-4243
-1023
325
8728207
-446
1194
1750
-4685
-1190
359
8729232
-438
1197
1837
-5045
-1314
340
8722049
-408
1219
1857
-5312
-1390
326
8723074
-444
1245
1780
-5451
-1462
341
8724099
-526
1256
1589
-5465
-1493
394
8725124
-613
1245
1301
-5413
-1449
458
8726149
-641
1238
957
-5458
-1359
542
8727174
-605
1202
611
-5598
-1247
573
8728199
-495
1110
323
-5747
-1254
577
8729224
-303
959
142
-5814
-1197
624
8730249
-182
740
61
-5653
-1009
698
8731274
-333
482
46
-5339
-787
657
8732299
-796
255
114
-5333
-550
583
8733324
-1468
6
235
-5343
-493
565
8734349
-2200
-288
367
-5062
-536
492
8735374
-2894
-573
496
-4650
-622
399
8736399
-3497
-823
585
-4240
-773
288
8737424
-3990
-1047
590
-3905
-901
196
8730241
-4396
-1260
502
-3647
-932
29
8731266
-4751
-1469
327
-3316
-919
-271
8732291
-5023
-1616
126
-3046
-935
-544
8733316
-5159
-1684
-32
-3099
-1015
-629
8734341
-5158
-1709
-127
-3423
-1096
-636
8735366
-5045
-1750
-160
-3555
-1175
-741
8736391
-4862
-1744
-101
-3588
-1269
-885
8737416
-4657
-1657
53
-3677
-1372
-1001
8738441
-4402
-1492
241
-3679
-1559
-971
8739466
-3990
-1227
431
-3544
-1788
-737
8740491
-3358
-845
609
-3245
-1886
-260
8741516
-2588
-372
767
-2926
-1788
239
8742541
-1743
153
911
-2799
-1749
560
8743566
-761
676
1056
-2911
-1907
769
8744591
351
1117
1178
-3147
-2180
1010
8745616
1501
1432
1265
-3338
-2117
1105
8738433
2359
1659
1289
-3628
-1815
1004
8739458
2821
1785
1220
-3997
-1630
1038
8740483
2839
1786
1093
-4200
-1207
1337
8741508
2270
1681
912
-4199
-860
1707
8742533
1414
1536
684
-4069
-824
1969
8743558
727
1397
461
-4058
-976
2046
8744583
434
1241
291
-4236
-1237
1988
8745608
535
1051
174
-4505
-1531
1820
8746633
859
832
112
-4859
-1727
1582
8747658
1261
617
100
-5430
-1847
1428
8748683
1673
311
65
-5794
-1834
1338
8749708
1953
-34
-45
-5768
-1643
1138
8750733
2090
-275
-181
-5934
-1629
1031
8751758
2184
-549
-373
-5897
-1539
865
8752783
2270
-776
-552
-5912
-1434
748
8753808
2350
-1008
-687
-5886
-1452
656
8746626
2378
-1281
-831
-5486
-1365
423
8747651
2288
-1487
-975
-5137
-1156
158
8748676
2050
-1615
-1094
-5102
-985
21
8749701
1749
-1727
-1180
-5235
-905
-8
8750726
1451
-1846
-1220
-5348
-894
-31
8751751
1141
-1943
-1207
-5386
-949
-116
8752776
822
-1990
-1143
-5375
-1039
-221
8753801
521
-2006
-1069
-5224
-1096
-320
8754826
234
-1989
-1024
-4954
-1068
-443
8755851
-62
-1930
-1035
-4655
-1037
-575
8756876
-389
-1835
-1126
-4335
-974
-667
8757901
-727
-1688
-1273
-4055
-870
-578
8758926
-1044
-1505
-1439
-3822
-805
-474
8759951
-1322
-1298
-1580
-3607
-822
-486
8760976
-1510
-1060
-1658
-3380
-904
-496
8762001
-1530
-802
-1648
-3211
-1038
-386
8754817
-1366
-558
-1549
-3113
-1084
-323
8755842
-1057
-325
-1373
-2997
-1082
-257
8756867
-657
-100
-1118
-2966
-1082
-178
8757892
-245
100
-797
-3008
-1038
-87
8758917
122
293
-438
-3062
-1002
-1
8759942
413
483
-56
-3147
-965
104
8760967
605
683
323
-3295
-978
240
8761992
761
899
664
-3464
-1017
517
8763017
934
1117
975
-3706
-1016
765
8764042
1041
1306
1262
-4031
-899
779
8765067
993
1480
1519
-4370
-825
743
8766092
802
1619
1740
-4726
-838
628
8767117
565
1715
1932
-5153
-925
587
8768142
407
1742
2035
-5371
-1088
654
8769167
366
1706
1983
-5194
-1095
750
8770192
397
1705
1884
-5283
-977
791
8763008
384
1695
1759
-5742
-869
728
8764033
250
1598
1605
-6146
-757
595
8765058
-27
1402
1466
-6099
-728
563
8766083
-445
1168
1352
-5552
-751
666
8767108
-935
984
1250
-4970
-766
915
8768133
-1413
816
1110
-4345
-845
1068
8769158
-1767
664
961
-3738
-957
1006
8770183
-1956
557
864
-3467
-1039
861
8771208
-2007
460
826
-3551
-1111
786
8772233
-1955
316
828
-3726
-1192
752
8773258
-1875
153
866
-3881
-1205
682
8774283
-1900
11
922
-4052
-1159
588
8775308
-2090
-92
959
-4289
-1199
493
8776333
-2368
-169
937
-4467
-1393
379
8777358
-2548
-216
827
-4466
-1678
396
8778383
-2485
-218
622
-4224
-1933
601
8771200
-2185
-155
352
-3872
-1973
855
8772225
-1768
-35
36
-3713
-1820
1000
8773250
-1287
83
-279
-3626
-1732
990
8774275
-724
185
-528
-3700
-1776
1148
8775300
-126
216
-683
-3817
-1752
1258
8776325
330
166
-775
-3868
-1484
1182
8777350
470
81
-841
-3856
-1317
1050
8778375
410
-6
-906
-3809
-1219
1014
8779400
272
-75
-977
-3723
-1105
1032
8780425
183
-80
-1040
-3726
-1143
1056
8781450
278
-48
-1065
-3769
-1255
1043
8782475
560
13
-1021
-3878
-1316
1012
8783500
939
89
-894
-4100
-1421
960
8784525
1354
148
-705
-4413
-1426
881
8785550
1692
184
-488
-4850
-1370
849
8786575
1874
154
-327
-5197
-1359
821
8779664
1850
33
-319
-5045
-1247
640
8780689
1659
-40
-383
-5081
-1215
451
8781714
1509
-97
-465
-5440
-1353
322
8782739
1560
-215
-557
-5669
-1490
261
8783764
1779
-348
-618
-5545
-1593
208
8784789
2059
-445
-648
-5187
-1537
169
8785814
2279
-510
-690
-4803
-1388
187
8786839
2355
-578
-781
-4398
-1189
199
8787864
2270
-627
-877
-4143
-1013
139
8788889
2077
-653
-912
-4233
-958
92
8789914
1895
-702
-862
-4529
-993
87
8790939
1804
-785
-728
-4784
-1054
74
8791964
1724
-891
-541
-4905
-1060
-4
8792989
1523
-1000
-355
-4865
-1001
-96
8794014
1126
-1086
-233
-4677
-907
-213
8795039
554
-1154
-226
-4396
-882
-378
8787585
-111
-1184
-337
-4073
-865
-565
8788610
-771
-1148
-528
-3792
-840
-652
8789635
-1328
-1036
-732
-3603
-871
-628
8790660
-1660
-858
-888
-3501
-999
-554
8791685
-1687
-610
-960
-3425
-1183
-455
8792710
-1405
-318
-926
-3414
-1338
-351
8793735
-929
-18
-798
-3456
-1354
-247
8794760
-417
261
-608
-3519
-1245
-167
8795785
-26
491
-405
-3556
-1063
-84
8796810
216
674
-204
-3619
-1016
15
8797835
330
791
-18
-3674
-990
181
8798860
369
881
179
-3860
-955
414
8799885
426
955
422
-4204
-971
558
8800910
452
981
665
-4536
-965
510
8801935
309
983
863
-4776
-888
402
8802960
-7
970
1015
-4934
-805
390
8795777
-347
954
1122
-5084
-869
553
8796802
-567
921
1144
-5014
-900
722
8797827
-607
926
1178
-5142
-936
834
8798852
-516
930
1259
-5454
-1042
877
8799877
-378
858
1333
-5453
-1049
878
8800902
-322
727
1385
-5100
-951
878
8801927
-453
572
1400
-4665
-843
896
8802952
-778
413
1357
-4329
-754
923
8803977
-1196
243
1267
-4125
-749
934
8805002
-1626
41
1126
-3924
-771
799
8806027
-2040
-160
969
-3709
-791
574
8807052
-2432
-313
848
-3679
-906
397
8808077
-2729
-413
794
-3827
-1073
301
8809102
-2860
-475
802
-3981
-1213
222
8810127
-2836
-479
850
-4045
-1441
213
8811152
-2630
-406
914
-4117
-1695
320
8803969
-2278
-287
940
-4019
-1841
485
8804994
-1833
-100
899
-3808
-1950
697
8806019
-1302
121
792
-3604
-1999
898
8807044
-664
344
626
-3492
-1952
1072
8808069
21
544
432
-3603
-1865
1167
8809094
673
658
234
-3842
-1775
1256
8810119
1179
657
39
-4039
-1590
1247
8811144
1374
578
-151
-4186
-1263
1216
8812169
1193
444
-340
-4307
-1061
1190
8813194
810
274
-549
-4379
-950
1180
8814219
425
103
-785
-4368
-878
1179
8815244
152
-39
-1025
-4233
-916
1157
8816269
111
-106
-1215
-4112
-1065
1150
8817294
298
-122
-1305
-4049
-1090
1135
8818319
587
-123
-1310
-3961
-1050
1091
8819344
875
-106
-1239
-3862
-1024
1039
8812160
1123
-86
-1098
-3761
-990
1007
8813185
1306
-63
-915
-3663
-987
1005
8814210
1426
-38
-729
-3609
-986
991
8815235
1462
-18
-567
-3646
-934
876
8816260
1412
-5
-432
-3832
-921
720
8817285
1310
-24
-323
-4096
-960
570
8818310
1185
-50
-220
-4452
-1036
477
8819335
1100
-96
-153
-4663
-1176
432
8820360
997
-145
-183
-4565
-1124
255
8821385
847
-74
-195
-5007
-1160
189
8822410
798
-17
-210
-5483
-1376
282
8823435
975
-21
-257
-5284
-1588
421
8824460
1324
-27
-326
-4540
-1642
467
8825485
1651
9
-419
-4066
-1483
372
8826510
1900
48
-509
-4220
-1326
335
8827535
2098
-16
-560
-4573
-1283
367
8820352
2175
-174
-545
-4700
-1160
328
8821377
2027
-332
-477
-4714
-1047
274
8822402
1688
-477
-424
-4617
-926
216
8823427
1261
-588
-411
-4578
-855
149
8824452
822
-663
-429
-4647
-935
58
8825477
427
-724
-452
-4673
-995
-46
8826502
98
-756
-467
-4634
-1071
-147
8827527
-123
-758
-471
-4548
-1160
-209
8828552
-246
-741
-488
-4387
-1225
-255
8829577
-335
-708
-548
-4148
-1206
-291
8830602
-462
-643
-663
-3879
-1095
-272
8831627
-653
-537
-822
-3660
-962
-230
8832652
-888
-390
-987
-3547
-856
-115
8833677
-1119
-226
-1110
-3509
-821
-23
8834702
-1273
-67
-1123
-3476
-881
0
8835727
-1278
81
-999
-3476
-994
35
8828544
-1127
202
-747
-3490
-1060
73
8829569
-870
288
-411
-3478
-1091
112
8830594
-634
346
-52
-3452
-1014
167
8831619
-535
403
293
-3430
-928
232
8832644
-580
461
618
-3497
-831
286
8833669
-747
514
920
-3715
-854
325
8834694
-937
568
1203
-3989
-989
341
8835719
-1030
633
1477
-4236
-1147
340
8836744
-956
709
1723
-4467
-1340
370
8837769
-738
783
1895
-4625
-1457
416
8838794
-484
860
1971
-4728
-1454
491
8839819
-270
937
1979
-4870
-1449
571
8840844
-98
981
1937
-5054
-1455
605
8841869
45
967
1868
-5194
-1426
602
8842894
115
897
1786
-5288
-1375
602
8843919
46
763
1684
-5293
-1261
605
8836736
-224
606
1570
-5402
-1105
616
8837761
-661
417
1454
-5612
-1051
693
8838786
-1237
139
1284
-5441
-964
690
8839811
-1985
-116
1089
-5370
-811
477
8840836
-2785
-318
922
-5731
-973
285
8841861
-3423
-578
761
-5815
-1278
139
8842886
-3783
-828
620
-5234
-1527
3
8843911
-3880
-969
469
-4381
-1715
-65
8844936
-3756
-979
273
-3726
-1861
-20
8845961
-3347
-895
60
-3280
-1962
142
8846986
-2666
-740
-115
-3014
-1989
295
8848011
-1833
-552
-238
-2928
-1964
345
8849036
-992
-386
-339
-2924
-1810
264
8850061
-321
-263
-420
-3007
-1403
143
8851086
39
-184
-466
-3084
-937
107
8852111
117
-118
-473
-3181
-771
161
8844928
-1
-47
-424
-3370
-670
225
8845953
-162
62
-314
-3812
-826
268
8846978
-222
168
-213
-4164
-1013
230
8848003
-91
284
-149
-4168
-940
229
8849028
208
449
-147
-4077
-908
348
8850053
612
627
-218
-3990
-922
525
8851078
1084
786
-309
-3971
-803
683
8852103
1548
898
-372
-4051
-581
812
8853128
1950
928
-388
-4150
-299
899
8854153
2146
872
-369
-4214
-84
898
8855178
2030
766
-324
-4279
54
859
8856203
1660
635
-253
-4323
120
812
8857228
1202
510
-172
-4315
-5
771
8858253
893
412
-82
-4316
-254
744
8859278
904
322
-2
-4296
-517
718
8860303
1136
244
52
-4206
-696
656
8853120
1432
214
114
-4117
-813
591
8854145
1696
220
189
-3978
-916
540
8855170
1930
267
275
-3861
-1046
513
8856195
2195
341
375
-3906
-1189
522
8857220
2495
402
470
-4042
-1316
534
8858245
2781
435
550
-4190
-1411
546
8859270
3027
429
604
-4267
-1501
554
8860295
3199
372
621
-4285
-1510
579
8861320
3252
276
589
-4314
-1468
607
8862345
3146
143
494
-4372
-1366
584
8863370
2857
-16
338
-4475
-1203
525
8864395
2423
-174
153
-4765
-1108
464
8865420
1921
-384
-68
-4871
-1100
376
8866445
1483
-557
-275
-4931
-1224
312
8867470
1191
-668
-416
-5258
-1345
305
8868495
1029
-750
-489
-5714
-1448
301
8861312
1020
-857
-522
-5838
-1559
325
8862337
1029
-983
-579
-5370
-1529
250
8863362
945
-1055
-691
-4909
-1411
162
8864387
802
-1121
-874
-4653
-1317
110
8865412
671
-1203
-1097
-4521
-1192
60
8866437
518
-1289
-1316
-4494
-1097
-5
8867462
320
-1369
-1509
-4587
-1021
-105
8868487
96
-1444
-1660
-4795
-927
-234
8869512
-139
-1512
-1756
-5039
-860
-357
8870537
-359
-1572
-1796
-5205
-856
-484
8871562
-542
-1605
-1775
-5250
-874
-594
8872587
-682
-1591
-1706
-5166
-887
-687
8873612
-784
-1522
-1608
-4970
-868
-761
8874637
-885
-1386
-1499
-4722
-849
-795
8875662
-985
-1190
-1402
-4414
-867
-790
8876687
-1054
-942
-1320
-4062
-874
-754
8869505
-1065
-652
-1243
-3686
-866
-688
8870530
-965
-326
-1144
-3415
-910
-572
8871555
-697
9
-996
-3274
-957
-413
8872580
-288
317
-794
-3201
-964
-297
8873605
139
568
-548
-3198
-895
-243
8874630
473
751
-273
-3226
-812
-192
8875655
691
861
30
-3288
-733
-97
8876680
755
905
348
-3403
-632
15
8877705
658
910
685
-3564
-567
112
8878730
418
884
1045
-3811
-535
178
8879755
29
824
1413
-4136
-515
220
8880780
-481
734
1786
-4543
-468
223
8881805
-1101
611
2159
-5072
-387
119
8882830
-1828
444
2516
-5746
-413
-118
8883855
-2628
223
2782
-6184
-553
-421
8884880
-3357
-8
2934
-6202
-855
-602
8877706
-3848
-192
2989
-5891
-1272
-591
8878731
-3946
-278
2959
-5464
-1610
-374
8879756
-3618
-238
2912
-5268
-1737
-43
8880781
-3008
-112
2862
-5364
-1777
91
8881806
-2276
13
2755
-5468
-1764
-119
8882831
-1601
92
2582
-5537
-1722
-395
8883856
-1222
81
2334
-5466
-1556
-537
8884881
-1278
7
2008
-5142
-1339
-588
8885906
-1686
-67
1650
-4716
-1261
-547
8886931
-2232
-106
1286
-4333
-1365
-373
8887956
-2654
-93
919
-4038
-1497
-148
8888981
-2844
-47
573
-3794
-1491
-36
8890006
-2886
14
254
-3620
-1444
-81
8891031
-2844
65
-39
-3520
-1439
-137
8892056
-2781
82
-299
-3404
-1392
-109
8893081
-2734
92
-510
-3190
-1328
-66
8885889
-2699
129
-659
-3076
-1294
-28
8886914
-2624
193
-742
-3057
-1276
30
8887939
-2505
283
-745
-3160
-1220
91
8888964
-2380
383
-675
-3279
-1095
106
8889989
-2275
501
-532
-3392
-867
118
8891014
-2128
653
-310
-3560
-871
238
8892039
-1899
829
-62
-3894
-1123
395
8893064
-1551
1002
153
-4168
-1333
579
8894089
-1057
1176
304
-4368
-1308
806
8895114
-383
1344
401
-4827
-1305
1124
8896139
355
1430
400
-5234
-1092
1367
8897164
788
1359
247
-4933
-563
1415
8898189
654
1235
59
-4659
-78
1381
8899214
66
1065
-95
-4664
67
1359
8900239
-616
838
-227
-4645
-69
1343
8901264
-1033
588
-312
-4638
-387
1318
8894080
-1078
330
-345
-4691
-629
1284
8895105
-958
68
-376
-4725
-746
1241
8896130
-842
-166
-418
-4707
-782
1250
8897155
-788
-358
-460
-4605
-816
1289
8898180
-763
-507
-506
-4469
-921
1272
8899205
-692
-634
-563
-4325
-1022
1192
8900230
-570
-749
-618
-4246
-1074
1087
8901255
-444
-866
-654
-4278
-1102
950
8902280
-345
-999
-668
-4407
-1070
821
8903305
-334
-1140
-648
-4719
-977
665
8904330
-475
-1296
-605
-5191
-875
510
8905355
-819
-1505
-585
-5436
-772
295
8906380
-1320
-1702
-591
-5392
-775
75
8907405
-1894
-1822
-627
-5252
-882
-131
8908430
-2419
-1871
-718
-4965
-1055
-286
8909455
-2749
-1833
-853
-4592
-1230
-279
8902273
-2827
-1696
-999
-4301
-1330
-166
8903298
-2703
-1493
-1146
-3972
-1315
-96
8904323
-2423
-1220
-1264
-3729
-1310
-54
8905348
-1996
-925
-1320
-3629
-1289
-33
8906373
-1480
-663
-1302
-3599
-1221
-64
8907398
-961
-467
-1202
-3570
-1127
-111
8908423
-536
-341
-1020
-3560
-987
-105
8909448
-314
-277
-770
-3529
-839
-73
8910473
-323
-239
-470
-3488
-747
-57
8911498
-510
-211
-142
-3464
-699
-32
8912523
-796
-170
193
-3428
-720
-35
8913548
-1091
-100
516
-3403
-792
-82
8914573
-1302
14
816
-3445
-895
-90
8915598
-1381
161
1095
-3549
-1008
-95
8916623
-1333
331
1360
-3724
-1125
-90
8917648
-1153
527
1629
-3939
-1263
-26
8910464
-848
737
1903
-4263
-1385
109
8911489
-480
928
2129
-4547
-1476
263
8912514
-90
1101
2284
-4770
-1566
422
8913539
306
1230
2368
-5019
-1622
614
8914564
630
1279
2355
-5224
-1548
693
8915589
745
1235
2252
-5402
-1346
641
8916614
560
1077
2073
-5577
-1150
511
8917639
37
820
1825
-5766
-921
349
8918664
-819
496
1516
-6025
-731
178
8919689
-1863
118
1154
-6199
-759
-25
8920714
-2823
-291
752
-6009
-929
-234
8921739
-3646
-660
329
-5371
-911
-459
8922764
-4205
-865
-39
-4614
-916
-546
8923789
-4331
-923
-339
-3938
-951
-475
8924814
-4050
-892
-524
-3517
-740
-357
8925839
-3517
-810
-560
-3404
-477
-270
8918830
-2901
-732
-468
-3442
-327
-271
8919855
-2394
-714
-305
-3454
-121
-421
8920880
-2187
-728
-113
-3493
124
-589
8921905
-2276
-730
58
-3677
226
-703
8922930
-2474
-710
155
-3854
312
-740
8923955
-2614
-648
176
-3941
277
-684
8924980
-2591
-512
162
-4036
105
-536
8926005
-2374
-320
147
-4104
48
-307
8927030
-2066
-100
153
-4053
26
-99
8928055
-1696
115
209
-3920
9
95
8929080
-1302
275
320
-3801
-100
252
8930105
-988
368
460
-3735
-261
310
8931130
-826
407
597
-3657
-332
328
8932155
-818
430
698
-3662
-415
343
8933180
-898
452
745
-3779
-497
372
8934205
-1011
478
737
-3934
-667
424
8926848
-1109
514
689
-4062
-855
494
8927873
-1175
556
609
-4092
-986
575
8928898
-1182
618
508
-4083
-1052
668
8929923
-1090
696
394
-4101
-1040
823
8930948
-919
759
279
-4026
-861
1027
8931973
-741
810
188
-4005
-814
1196
8932998
-620
843
124
-4033
-778
1238
8934023
-585
847
72
-4052
-756
1274
8935048
-544
844
31
-4141
-828
1399
8936073
-348
821
-9
-4269
-873
1590
8937098
-40
739
-66
-4335
-816
1715
8938123
209
613
-147
-4305
-729
1703
8939148
280
472
-247
-4402
-574
1584
8940173
134
292
-384
-4562
-437
1428
8941198
-126
69
-550
-4562
-412
1300
8942223
-342
-134
-693
-4533
-606
1162
8935040
-347
-259
-760
-4790
-962
1111
8936065
-130
-366
-765
-5138
-1189
1034
8937090
250
-457
-710
-5487
-1317
988
8938115
624
-590
-653
-5501
-1320
958
8939140
837
-723
-647
-5078
-1221
854
8940165
874
-782
-701
-4566
-1144
789
8941190
873
-799
-802
-4189
-1138
759
8942215
945
-813
-915
-4081
-1145
695
8943240
1105
-853
-989
-4238
-1162
541
8944265
1268
-936
-986
-4570
-1198
309
8945290
1417
-1037
-868
-5106
-1173
129
8946315
1503
-1181
-681
-5633
-1148
41
8947340
1430
-1371
-505
-5777
-1058
-35
8948365
1115
-1510
-380
-5697
-985
-105
8949390
572
-1579
-355
-5487
-1013
-202
8950415
-73
-1616
-478
-5159
-1032
-303
8943231
-708
-1619
-732
-4668
-988
-383
8944256
-1281
-1550
-1079
-4175
-930
-418
8945281
-1724
-1392
-1453
-3815
-910
-430
8946306
-1947
-1156
-1784
-3593
-947
-330
8947331
-1932
-875
-2014
-3460
-1017
-248
8948356
-1710
-589
-2105
-3412
-1085
-231
8949381
-1340
-339
-2048
-3349
-1093
-231
8950406
-890
-138
-1843
-3232
-1042
-209
8951431
-454
10
-1528
-3129
-983
-152
8952456
-136
115
-1136
-3052
-838
-35
8953481
42
217
-674
-3038
-784
48
8954506
126
311
-177
-3004
-793
114
8955531
131
425
320
-3004
-799
226
8956556
81
568
797
-3163
-831
365
8957581
-27
713
1199
-3328
-782
429
8958606
-201
881
1550
-3573
-778
467
8951424
-308
1087
1930
-4071
-1001
640
8952449
-175
1287
2309
-4618
-1277
859
8953474
166
1457
2616
-5095
-1394
937
8954499
476
1586
2795
-5495
-1392
879
8955524
601
1641
2799
-5827
-1361
859
8956549
534
1533
2587
-5902
-1182
866
8957574
197
1299
2221
-5813
-792
772
8958599
-471
1006
1803
-5799
-524
604
8959624
-1320
677
1415
-5875
-554
279
8960649
-2080
321
1116
-6090
-796
72
8961674
-2723
-75
881
-5991
-1030
54
8962699
-3142
-436
731
-5398
-1297
93
8963724
-3293
-677
617
-4515
-1563
142
8964749
-3195
-758
516
-3780
-1718
258
8965774
-2927
-741
441
-3303
-1529
339
8966799
-2646
-664
392
-3014
-1177
316
8959616
-2364
-560
390
-2961
-1070
257
8960641
-2111
-486
441
-3196
-1131
118
8961666
-1950
-462
522
-3552
-1113
-68
8962691
-1917
-456
599
-3873
-1150
-272
8963716
-1942
-421
638
-4126
-1167
-402
8964741
-1907
-320
585
-4237
-1348
-269
8965766
-1670
-132
459
-4179
-1604
110
8966791
-1225
117
296
-3874
-1545
499
8967816
-635
415
114
-3515
-1303
766
8968841
67
701
-68
-3407
-1207
918
8969866
828
882
-209
-3471
-1032
1043
8970891
1484
926
-263
-3525
-599
1106
8971916
1677
879
-253
-3653
-236
1129
8972941
1417
789
-209
-3868
-33
1149
8973966
929
671
-173
-4012
19
1139
8974991
448
552
-175
-4039
-149
1145
8967808
220
449
-220
-3974
-440
1242
8968833
301
368
-290
-3793
-663
1333
8969858
579
355
-338
-3831
-848
1352
8970883
928
362
-343
-4160
-960
1323
8971908
1212
315
-337
-4471
-919
1236
8972933
1344
231
-331
-4704
-920
1133
8973958
1330
154
-332
-5011
-994
1047
8974983
1240
49
-363
-5246
-1086
1016
8976008
1126
-103
-446
-5071
-1137
849
8977033
1095
-159
-485
-5257
-1330
664
8978058
1230
-223
-485
-5669
-1541
585
8979083
1486
-365
-488
-5641
-1601
510
8980108
1755
-502
-487
-5227
-1557
462
8981133
1915
-600
-526
-4769
-1454
444
8982158
1959
-690
-627
-4369
-1330
394
8983183
1934
-781
-745
-4128
-1189
305
8976000
1845
-861
-824
-4177
-1108
219
8977025
1732
-950
-828
-4456
-1095
164
8978050
1637
-1057
-738
-4839
-1093
95
8979075
1510
-1187
-587
-5166
-1108
4
8980100
1300
-1326
-418
-5267
-1153
-119
8981125
986
-1448
-291
-5100
-1134
-278
8982150
548
-1524
-266
-4853
-1117
-460
8983175
14
-1559
-372
-4566
-1108
-607
8984200
-547
-1534
-584
-4226
-1041
-677
8985225
-1079
-1429
-854
-3933
-994
-637
8986250
-1468
-1244
-1127
-3698
-1009
-520
8987275
-1649
-992
-1342
-3544
-1103
-428
8988300
-1598
-689
-1460
-3470
-1198
-436
8989325
-1350
-385
-1465
-3463
-1264
-487
8990350
-955
-107
-1353
-3456
-1264
-497
8991375
-485
135
-1146
-3408
-1228
-438
8984192
-32
338
-886
-3358
-1174
-335
8985217
293
513
-626
-3335
-1039
-210
8986242
473
673
-372
-3437
-914
-114
8987267
517
808
-114
-3661
-797
41
8988292
480
935
163
-3970
-663
257
8989317
419
1020
470
-4105
-440
292
8990342
296
1121
814
-4256
-441
366
8991367
248
1258
1206
-4709
-813
558
8992392
367
1331
1534
-4954
-1112
664
8993417
574
1384
1739
-4890
-1065
727
8994442
756
1460
1840
-5002
-920
796
8995467
862
1518
1826
-5361
-851
845
8996492
901
1527
1724
-5884
-731
869
8997517
789
1417
1579
-6153
-577
864
8998542
415
1165
1407
-5711
-536
856
8999567
-175
897
1259
-4944
-597
845
8992383
-781
674
1130
-4322
-752
918
8993408
-1186
471
976
-3871
-914
980
8994433
-1402
278
803
-3534
-976
930
8995458
-1503
150
686
-3450
-1007
847
8996483
-1575
49
650
-3624
-1057
745
8997508
-1663
-74
653
-3767
-1100
631
8998533
-1781
-177
686
-3883
-1151
519
8999558
-1932
-233
733
-4068
-1271
431
9000583
-2060
-256
741
-4210
-1458
372
9001608
-2053
-243
681
-4184
-1690
421
9002633
-1854
-177
549
-3995
-1828
583
9003658
-1482
-44
367
-3741
-1730
739
9004683
-962
142
171
-3551
-1536
900
9005708
-288
330
4
-3546
-1548
1040
9006733
408
458
-114
-3766
-1395
1109
9007758
914
481
-196
-3961
-1042
1096
9000576
1042
415
-254
-4038
-756
1037
9001601
818
309
-311
-4072
-587
974
9002626
478
197
-391
-4050
-462
945
9003651
259
113
-472
-4075
-523
977
9004676
295
47
-549
-4122
-697
1025
9005701
508
-5
-599
-4091
-662
997
9006726
744
1
-580
-4261
-626
936
9007751
961
-6
-517
-4514
-777
922
9008776
1153
-63
-455
-4629
-877
908
9009801
1248
-141
-415
-4651
-872
793
9010826
1200
-237
-444
-4590
-903
639
9011851
1045
-321
-520
-4642
-970
506
9012876
904
-391
-598
-4789
-1099
438
9013901
862
-452
-650
-4896
-1231
347
9014926
899
-491
-664
-4935
-1321
259
9015951
965
-507
-675
-4822
-1348
170
9008769
1023
-476
-682
-4761
-1368
152
9009794
1132
-438
-697
-4648
-1407
229
9010819
1336
-401
-712
-4479
-1424
322
9011844
1562
-374
-726
-4439
-1341
301
9012869
1630
-408
-779
-4420
-1135
162
9013894
1490
-470
-843
-4518
-962
99
9014919
1201
-554
-870
-4790
-888
94
9015944
868
-675
-875
-4902
-885
52
9016969
546
-804
-875
-4757
-848
-66
9017994
205
-885
-854
-4643
-816
-204
9019019
-144
-921
-830
-4522
-852
-291
9020044
-454
-928
-832
-4246
-918
-363
9021069
-688
-885
-853
-3892
-952
-427
9022094
-855
-779
-873
-3617
-981
-471
9023119
-934
-622
-876
-3436
-988
-479
9024144
-913
-422
-838
-3321
-981
-447
9016960
-768
-188
-732
-3234
-1022
-367
9017985
-475
70
-542
-3220
-1131
-260
9019010
-62
326
-271
-3270
-1198
-131
9020035
339
550
34
-3348
-1123
-17
9021060
586
732
321
-3398
-1020
31
9022085
686
865
574
-3534
-1003
121
9023110
649
940
767
-3718
-1028
245
9024135
562
968
911
-3905
-1036
326
9025160
446
973
1032
-4154
-1002
337
9026185
283
969
1141
-4491
-987
319
9027210
97
934
1224
-4829
-1016
317
9028235
-93
871
1269
-5104
-1016
312
9029260
-293
810
1286
-5337
-1052
372
9030285
-445
752
1270
-5502
-1167
509
9031310
-527
669
1181
-5364
-1199
612
9032335
-607
595
1042
-5173
-1068
666
9025152
-743
530
905
-5212
-946
677
9026177
-952
432
810
-5470
-868
613
9027202
-1183
282
790
-5664
-907
530
9028227
-1390
60
806
-5275
-962
458
9029252
-1574
-160
816
-4440
-991
503
9030277
-1733
-302
765
-3657
-966
641
9031302
-1861
-369
649
-3147
-881
676
9032327
-1960
-395
516
-2943
-751
569
9033352
-2038
-411
421
-3069
-764
412
9034377
-2077
-457
399
-3391
-876
256
9035402
-2054
-536
440
-3725
-981
104
9036427
-2029
-605
507
-3988
-1099
-48
9037452
-2021
-616
568
-4179
-1230
-165
9038477
-1989
-564
573
-4209
-1397
-188
9039502
-1804
-427
515
-4142
-1659
-31
9040527
-1389
-202
405
-3948
-1688
283
9033343
-795
80
258
-3645
-1464
632
9034368
-168
385
87
-3513
-1198
799
9035393
407
630
-60
-3571
-1130
832
9036418
932
752
-142
-3698
-1058
865
9037443
1237
764
-155
-3853
-858
920
9038468
1201
709
-155
-3991
-656
920
9039493
995
612
-177
-4059
-433
896
9040518
745
516
-231
-4099
-329
946
9041543
552
418
-312
-4067
-333
1066
9042568
466
350
-389
-3954
-428
1163
9043593
528
343
-417
-3936
-510
1203
9044618
742
351
-388
-4028
-615
1238
9045643
1023
345
-334
-4141
-728
1223
9046668
1328
337
-244
-4474
-862
1148
9047693
1560
241
-189
-4670
-897
1040
9048718
1610
107
-188
-4756
-896
855
9041536
1486
-41
-233
-4717
-891
695
9042561
1251
-163
-304
-4590
-990
594
9043586
1109
-190
-321
-4853
-1239
547
9044611
1169
-205
-277
-5369
-1476
518
9045636
1417
-258
-202
-5603
-1620
509
9046661
1655
-362
-170
-5182
-1583
435
9047686
1684
-436
-231
-4590
-1470
325
9048711
1575
-481
-389
-4256
-1362
273
9049736
1504
-535
-583
-4201
-1281
292
9050761
1489
-638
-761
-4240
-1211
262
9051786
1438
-749
-878
-4336
-1156
170
9052811
1310
-845
-901
-4635
-1012
98
9053836
1085
-965
-858
-5006
-911
37
9054861
748
-1116
-799
-5211
-861
-65
9055886
292
-1261
-745
-5218
-812
-208
9056911
-257
-1374
-718
-5049
-804
-384
9049728
-812
-1437
-743
-4815
-868
-560
9050753
-1285
-1452
-829
-4487
-953
-728
9051778
-1630
-1391
-955
-4102
-1021
-842
9052803
-1798
-1240
-1082
-3764
-1066
-854
9053828
-1752
-1009
-1174
-3536
-1110
-774
9054853
-1481
-701
-1183
-3432
-1143
-626
9055878
-989
-351
-1085
-3438
-1185
-515
9056903
-353
-9
-883
-3488
-1232
-412
9057928
290
282
-611
-3555
-1173
-344
9058953
745
498
-326
-3599
-993
-320
9059978
952
640
-59
-3693
-883
-298
9061003
924
706
176
-3878
-805
-228
9062028
712
731
378
-4125
-758
-124
9063053
428
738
564
-4365
-765
-19
9064078
150
734
747
-4562
-772
90
9065103
-80
717
921
-4604
-671
189
9057920
-256
685
1061
-4438
-652
275
9058945
-397
678
1192
-4500
-702
347
9059970
-517
671
1334
-4842
-687
374
9060995
-656
642
1481
-5375
-638
290
9062020
-845
582
1640
-5856
-709
151
9063045
-1062
465
1737
-5465
-842
169
9064070
-1282
398
1757
-4503
-938
402
9065095
-1472
470
1747
-4062
-1067
691
9066120
-1476
609
1739
-4192
-1227
870
9067145
-1173
694
1739
-4440
-1336
963
9068170
-736
669
1739
-4421
-1288
978
9069195
-482
565
1718
-4182
-1039
841
9070220
-663
405
1636
-3917
-724
629
9071245
-1233
268
1507
-3914
-658
497
9072270
-1831
157
1359
-4194
-895
518
9073295
-2147
33
1182
-4422
-1320
559
9066113
-2145
-63
973
-4401
-1548
507
9067138
-1891
-68
769
-4307
-1562
494
9068163
-1501
-7
550
-4180
-1419
632
9069188
-1109
67
299
-3893
-1190
823
9070213
-850
153
55
-3577
-974
896
9071238
-697
259
-111
-3496
-879
949
9072263
-507
319
-193
-3550
-821
996
9073288
-241
323
-228
-3683
-821
1021
9074313
19
304
-253
-3912
-767
1024
9075338
227
265
-304
-4078
-534
1063
9076363
310
215
-407
-4203
-341
1108
9077388
261
164
-568
-4224
-222
1137
9078413
152
140
-729
-4187
-69
1160
9079438
85
136
-838
-4258
-26
1146
9080463
142
117
-903
-4305
-78
1085
9081488
272
84
-928
-4328
-119
1023
9074305
400
42
-936
-4393
-187
971
9075330
480
-22
-961
-4405
-238
895
9076355
504
-92
-1023
-4364
-331
786
9077380
480
-148
-1091
-4505
-457
691
9078405
428
-223
-1159
-4641
-546
598
9079430
352
-329
-1249
-4422
-595
491
9080455
261
-374
-1294
-4282
-635
389
9081480
179
-355
-1232
-4603
-754
346
9082505
151
-353
-1108
-4938
-846
263
9083530
175
-364
-940
-5025
-927
188
9084555
248
-347
-746
-4826
-1086
180
9085580
384
-279
-569
-4458
-1234
246
9086605
566
-174
-471
-4162
-1278
305
9087630
779
-75
-447
-4146
-1261
368
9088655
996
-35
-490
-4169
-1191
401
9089680
1118
-70
-582
-4109
-1064
360
9082497
1076
-156
-669
-4137
-922
285
9083522
880
-287
-722
-4192
-808
234
9084547
587
-435
-736
-4217
-733
213
9085572
283
-569
-694
-4256
-721
167
9086597
6
-679
-591
-4347
-723
105
9087622
-264
-768
-436
-4486
-766
34
9088647
-531
-838
-255
-4589
-848
-35
9089672
-801
-890
-78
-4643
-887
-149
9090697
-1087
-921
50
-4628
-913
-306
9091722
-1371
-923
91
-4500
-978
-429
9092747
-1607
-883
55
-4287
-1065
-476
9093772
-1713
-783
-20
-4075
-1139
-404
9094797
-1645
-634
-91
-3945
-1168
-256
9095822
-1412
-460
-124
-3901
-1171
-106
9096847
-1082
-300
-106
-3926
-1146
-39
9097872
-786
-199
-40
-3920
-1040
-50
9090688
-674
-169
45
-3885
-890
-55
9091713
-779
-188
152
-3881
-780
-25
9092738
-1072
-258
269
-3907
-701
-12
9093763
-1444
-351
399
-3984
-677
-19
9094788
-1812
-452
558
-4140
-681
-79
9095813
-2155
-559
753
-4354
-732
-205
9096838
-2444
-663
993
-4653
-809
-362
9097863
-2664
-764
1269
-4983
-893
-447
9098888
-2819
-855
1549
-5263
-1006
-504
9099913
-2885
-931
1803
-5414
-1158
-545
9100938
-2856
-1002
1977
-5324
-1270
-511
9101963
-2790
-1057
2058
-5295
-1305
-429
9102988
-2779
-1119
2049
-5656
-1209
-451
9104013
-2908
-1232
1959
-6193
-1020
-677
9105038
-3209
-1393
1816
-6609
-907
-998
9106063
-3629
-1591
1656
-6552
-1006
-1255
9098881
-4051
-1761
1479
-5813
-1115
-1424
9099906
-4309
-1804
1312
-4940
-1257
-1382
9100931
-4241
-1708
1186
-4204
-1440
-1108
9101956
-3798
-1512
1154
-3780
-1607
-766
9102981
-3057
-1266
1200
-3583
-1636
-537
9104006
-2239
-992
1277
-3488
-1514
-515
9105031
-1572
-739
1350
-3447
-1320
-626
9106056
-1209
-548
1399
-3451
-1110
-687
9107081
-1186
-406
1427
-3410
-1026
-678
9108106
-1396
-284
1454
-3305
-1024
-643
9109131
-1697
-139
1489
-3290
-1088
-568
9110156
-1917
52
1522
-3499
-1223
-476
9111181
-1983
266
1524
-3679
-1375
-397
9112206
-1927
493
1470
-3649
-1504
-309
9113231
-1789
734
1366
-3566
-1614
-184
9114256
-1584
981
1226
-3661
-1671
26
9107072
-1259
1204
1050
-3781
-1640
282
9108097
-779
1396
860
-3855
-1470
568
9109122
-220
1525
685
-3893
-1247
800
9110147
269
1542
536
-3937
-989
794
9111172
444
1468
438
-4004
-343
816
9112197
-66
1363
399
-4113
184
947
9113222
-932
1278
355
-4270
90
1080
9114247
-1595
1217
280
-4482
-332
1247
9115272
-1804
1182
188
-4621
-620
1400
9116297
-1603
1190
115
-4680
-819
1550
9117322
-1140
1228
72
-4737
-1006
1746
9118347
-578
1224
27
-4670
-926
1927
9119372
-170
1167
-50
-4539
-615
2002
9120397
-67
1058
-155
-4439
-339
2001
9121422
-237
903
-274
-4395
-183
1940
9122447
-522
713
-386
-4361
-170
1813
9115264
-725
525
-473
-4413
-341
1645
9116289
-741
333
-549
-4565
-476
1459
9117314
-598
171
-595
-4972
-641
1419
9118339
-353
-27
-629
-5311
-639
1451
9119364
-250
-305
-710
-5014
-362
1277
9120389
-367
-461
-807
-4760
-327
1093
9121414
-532
-572
-928
-4602
-439
1027
9122439
-598
-667
-1047
-4425
-621
951
9123464
-498
-726
-1121
-4388
-822
871
9124489
-328
-793
-1168
-4407
-910
745
9125514
-140
-871
-1184
-4465
-891
591
9126539
-16
-962
-1169
-4545
-808
437
9127564
-40
-1048
-1110
-4680
-757
271
9128589
-192
-1118
-987
-4921
-794
133
9129614
-407
-1177
-815
-5251
-844
11
9130639
-701
-1259
-664
-5173
-876
-154
9123455
-1065
-1285
-562
-4617
-938
-318
9124480
-1449
-1201
-517
-4040
-1042
-423
9125505
-1714
-1028
-530
-3556
-1175
-391
9126530
-1735
-783
-549
-3212
-1232
-242
9127555
-1486
-474
-511
-3039
-1310
-85
9128580
-958
-140
-398
-3089
-1467
44
9129605
-218
152
-228
-3301
-1529
77
9130630
499
349
-48
-3635
-1356
36
9131655
927
420
109
-4018
-1124
3
9132680
1014
383
226
-4359
-1013
-28
9133705
729
260
319
-4638
-844
-65
9134730
114
93
362
-4806
-738
-128
9135755
-647
-93
327
-4838
-716
-180
9136780
-1349
-253
239
-4812
-772
-250
9137805
-1801
-353
138
-4845
-966
-259
9138830
-1953
-398
64
-4905
-1112
-228
9131795
-1841
-368
64
-4919
-1257
-146
9132820
-1494
-288
138
-4930
-1319
8
9133845
-1072
-208
241
-5063
-1214
122
9134870
-736
-158
348
-5315
-1052
148
9135895
-584
-173
454
-5554
-841
80
9136920
-696
-256
575
-5651
-670
-2
9137945
-1011
-374
663
-5191
-623
-6
9138970
-1349
-437
743
-4530
-654
186
9139995
-1523
-419
805
-4041
-770
510
9141020
-1468
-373
796
-3678
-773
747
9142045
-1328
-377
714
-3406
-579
796
9143070
-1332
-474
587
-3191
-181
682
9144095
-1704
-655
471
-3137
272
419
9145120
-2447
-858
408
-3270
353
-1
9146145
-3230
-1061
415
-3548
-10
-325
9147170
-3793
-1263
489
-3784
-471
-521
9139840
-3989
-1392
635
-3979
-933
-637
9140865
-3840
-1401
820
-4085
-1316
-677
9141890
-3393
-1264
1009
-4031
-1637
-547
9142915
-2693
-955
1186
-3769
-1783
-114
9143940
-1923
-478
1314
-3482
-1745
513
9144965
-1196
64
1364
-3276
-1562
924
9145990
-515
559
1344
-3285
-1429
921
9147015
39
918
1267
-3500
-1447
794
9148040
409
1093
1160
-3712
-1427
638
9149065
558
1135
1038
-3899
-1254
531
9150090
407
1095
912
-4022
-1132
617
9151115
75
1008
785
-4066
-1077
797
9152140
-281
909
632
-4072
-1045
1034
9153165
-582
833
457
-4057
-1108
1203
9154190
-756
796
283
-4027
-1209
1337
9155215
-738
798
138
-4024
-1353
1523
9148031
-519
817
38
-3994
-1450
1721
9149056
-159
833
-22
-3942
-1462
1862
9150081
220
830
-68
-3891
-1432
1920
9151106
517
803
-111
-3883
-1360
1930
9152131
684
745
-162
-3922
-1277
1874
9153156
726
660
-224
-4013
-1221
1743
9154181
744
580
-265
-4364
-1266
1608
9155206
838
431
-302
-4689
-1343
1452
9156231
984
241
-343
-4901
-1337
1262
9157256
1140
116
-332
-5423
-1335
1163
9158281
1311
-19
-299
-6083
-1372
1162
9159306
1422
-279
-340
-6143
-1343
1078
9160331
1386
-542
-467
-5528
-1306
864
9161356
1256
-703
-669
-4897
-1271
726
9162381
1178
-801
-916
-4479
-1170
678
9163406
1190
-867
-1149
-4385
-1041
657
9156224
1202
-958
-1321
-4502
-971
508
9157249
1145
-1106
-1427
-4629
-806
292
9158274
856
-1232
-1449
-4899
-720
83
9159299
585
-1383
-1339
-5229
-723
-61
9160324
330
-1545
-1162
-5356
-769
-162
9161349
67
-1652
-915
-5320
-961
-255
9162374
-138
-1685
-644
-5146
-1111
-322
9163399
-338
-1640
-448
-4872
-1175
-359
9164424
-545
-1553
-387
-4493
-1170
-461
9165449
-792
-1425
-468
-4050
-1017
-616
9166474
-1052
-1232
-648
-3646
-910
-691
9167499
-1189
-966
-841
-3414
-943
-629
9168524
-1077
-648
-958
-3371
-1050
-505
9169549
-697
-321
-962
-3385
-1191
-437
9170574
-124
-25
-854
-3413
-1261
-425
9171599
475
214
-660
-3416
-1154
-410
9164416
898
384
-419
-3430
-973
-381
9165441
1049
498
-176
-3447
-837
-335
9166466
960
568
61
-3496
-737
-268
9167491
697
614
295
-3667
-689
-213
9168516
386
669
540
-4031
-747
-131
9169541
133
715
769
-4317
-860
-11
9170566
-44
765
969
-4509
-887
63
9171591
-179
830
1169
-4793
-831
119
9172616
-276
875
1338
-4955
-756
163
9173641
-329
914
1474
-5056
-683
218
9174666
-393
985
1640
-5552
-738
223
9175691
-438
1066
1800
-6159
-933
226
9176716
-338
1142
1859
-6286
-1245
410
9177741
4
1199
1783
-5662
-1381
836
9178766
412
1238
1542
-4705
-1187
1283
9179791
594
1229
1134
-3801
-776
1464
9172607
466
1168
692
-3289
-338
1302
9173632
102
1033
361
-3264
-34
1059
9174657
-485
813
167
-3434
129
830
9175682
-1188
527
105
-3627
18
596
9176707
-1811
212
180
-3844
-268
410
9177732
-2212
-39
380
-4223
-759
374
9178757
-2301
-264
605
-4538
-1206
477
9179782
-2178
-439
741
-4496
-1401
579
9180807
-1982
-490
726
-4285
-1505
688
9181832
-1686
-401
583
-3985
-1372
944
9182857
-1332
-175
396
-3724
-1133
1238
9183882
-909
115
211
-3579
-1127
1353
9184907
-343
359
70
-3580
-1248
1315
9185932
284
493
-2
-3689
-1171
1286
9186957
731
515
-22
-3805
-987
1213
9187982
853
467
-33
-3878
-818
1144
9180801
747
370
-55
-3891
-769
1081
9181826
595
264
-104
-3825
-781
1080
9182851
542
181
-178
-3793
-902
1161
9183876
648
109
-289
-3692
-1034
1215
9184901
881
84
-399
-3693
-1112
1234
9185926
1129
86
-479
-3899
-1136
1146
9186951
1332
78
-525
-4243
-1180
991
9187976
1491
54
-525
-4681
-1256
857
9189001
1659
17
-465
-5242
-1366
834
9190026
1831
-83
-382
-5655
-1426
714
9191051
2025
-176
-249
-6092
-1554
642
9192076
2194
-343
-135
-6093
-1647
604
9193101
2278
-562
-145
-5412
-1581
531
9194126
2237
-720
-252
-4841
-1497
495
9195151
2136
-877
-439
-4431
-1407
376
9196176
2060
-1034
-646
-4243
-1240
133
9188993
1963
-1163
-785
-4531
-1115
-37
9190018
1814
-1287
-822
-5088
-1104
-88
9191043
1690
-1431
-751
-5566
-1096
-94
9192068
1473
-1571
-634
-5782
-1119
-117
9193093
1062
-1677
-540
-5627
-1132
-208
9194118
494
-1728
-537
-5245
-1082
-377
9195143
-159
-1748
-667
-4857
-1022
-532
9196168
-809
-1713
-903
-4467
-914
-656
9197193
-1352
-1598
-1180
-4142
-912
-709
9198218
-1674
-1422
-1436
-3851
-1028
-708
9199243
-1729
-1185
-1623
-3615
-1172
-706
9200268
-1524
-902
-1703
-3489
-1246
-693
9201293
-1137
-608
-1678
-3447
-1254
-661
9202318
-655
-315
-1552
-3411
-1184
-601
9203343
-174
-46
-1340
-3368
-1112
-467
9204368
182
176
-1076
-3307
-996
-344
9197184
369
376
-786
-3302
-924
-220
9198209
419
538
-483
-3387
-845
-122
9199234
347
647
-192
-3434
-819
-52
9200259
224
752
96
-3500
-880
72
9201284
139
869
379
-3586
-991
255
9202309
159
1009
652
-3785
-1042
450
9203334
345
1169
942
-4147
-1141
675
9204359
668
1315
1218
-4519
-1203
779
9205384
912
1426
1442
-4862
-1034
646
9206409
908
1508
1604
-5174
-964
577
9207434
755
1529
1651
-5199
-1032
730
9208459
571
1504
1594
-5145
-901
877
9209484
320
1467
1488
-5351
-707
922
9210509
-31
1363
1348
-5523
-603
821
9211534
-429
1198
1247
-5585
-644
711
9212559
-796
977
1223
-5375
-799
623
9205376
-1112
737
1225
-4877
-917
584
9206401
-1360
572
1236
-4486
-994
674
9207426
-1483
480
1245
-4284
-1130
853
9208451
-1483
417
1230
-4075
-1287
930
9209476
-1382
358
1178
-3751
-1344
852
9210501
-1230
332
1113
-3567
-1358
781
9211526
-1068
327
1049
-3791
-1336
780
9212551
-989
259
956
-4143
-1216
717
9213576
-1095
125
833
-4219
-1050
577
9214601
-1327
56
739
-4314
-1034
580
9215626
-1498
36
661
-4518
-1270
603
9216651
-1427
23
538
-4491
-1441
599
9217676
-1096
36
381
-4176
-1451
659
9218701
-608
102
215
-3907
-1408
768
9219726
-63
169
44
-3785
-1182
824
9220751
389
196
-115
-3773
-933
850
9213568
637
174
-230
-3826
-657
899
9214593
628
115
-295
-3952
-401
908
9215618
414
18
-345
-4075
-276
822
9216643
147
-84
-400
-4132
-291
732
9217668
-36
-162
-451
-4164
-282
682
9218693
-108
-214
-499
-4084
-253
638
9219718
-66
-204
-533
-4039
-289
606
9220743
93
-155
-534
-4041
-302
618
9221768
354
-89
-489
-4073
-356
642
9222793
668
-28
-402
-4124
-400
665
9223818
927
13
-292
-4202
-408
661
9224843
1026
26
-201
-4205
-389
588
9225868
987
23
-148
-4170
-447
496
9226893
917
-2
-153
-4059
-631
423
9227918
929
-25
-187
-3912
-829
346
9228943
1050
-27
-209
-3833
-977
299
9221760
1232
-6
-202
-3819
-1101
250
9222785
1446
58
-149
-3993
-1225
251
9223810
1645
121
-80
-4178
-1309
310
9224835
1768
170
-49
-4112
-1331
320
9225860
1851
280
1
-4423
-1482
405
9226885
2020
335
40
-4816
-1690
481
9227910
2310
346
77
-5362
-1834
590
9228935
2636
244
75
-5692
-1867
625
9229960
2779
-9
-47
-5375
-1623
451
9230985
2592
-287
-266
-4983
-1289
277
9232010
2157
-557
-574
-4795
-1063
248
9233035
1615
-836
-954
-4721
-878
236
9234060
1053
-1097
-1341
-4695
-798
145
9235085
556
-1293
-1639
-4868
-775
50
9236110
144
-1453
-1815
-5131
-743
-50
9237135
-169
-1580
-1884
-5299
-832
-151
9229952
-382
-1658
-1836
-5340
-937
-237
9230977
-544
-1674
-1702
-5228
-1004
-322
9232002
-685
-1616
-1544
-4932
-980
-361
9233027
-830
-1500
-1422
-4572
-883
-371
9234052
-1001
-1360
-1357
-4163
-833
-441
9235077
-1184
-1191
-1334
-3752
-824
-509
9236102
-1316
-985
-1308
-3445
-867
-522
9237127
-1284
-751
-1233
-3299
-984
-405
9238152
-1043
-511
-1089
-3273
-1052
-285
9239177
-680
-293
-894
-3235
-1075
-227
9240202
-330
-95
-670
-3203
-1031
-183
9241227
-103
66
-438
-3154
-947
-121
9242252
-4
195
-214
-3135
-862
-64
9243277
-28
298
-1
-3197
-810
-7
9244302
-114
382
212
-3273
-800
33
9245327
-204
465
466
-3425
-812
69
9238144
-280
552
776
-3684
-876
69
9239169
-328
646
1115
-3942
-964
32
9240194
-324
760
1461
-4177
-1049
23
9241219
-200
918
1828
-4558
-1192
143
9242244
143
1108
2182
-5058
-1424
408
9243269
722
1317
2490
-5641
-1638
649
9244294
1386
1493
2647
-5953
-1780
775
9245319
1829
1590
2572
-5833
-1496
792
9246344
1832
1611
2350
-5999
-1049
769
9247369
1361
1485
2000
-6316
-575
727
9248394
485
1209
1614
-6415
-276
670
9249419
-597
817
1280
-5995
-320
594
9250444
-1557
417
1045
-5260
-674
549
9251469
-2206
55
862
-4535
-923
596
9252494
-2563
-230
704
-3928
-1068
669
9253519
-2671
-424
580
-3509
-1175
686
9246337
-2661
-544
498
-3323
-1233
629
9247362
-2614
-627
467
-3322
-1261
529
9248387
-2556
-703
485
-3401
-1274
428
9249412
-2520
-771
536
-3472
-1289
285
9250437
-2535
-787
628
-3728
-1345
119
9251462
-2600
-791
699
-3941
-1439
-31
9252487
-2633
-757
724
-3911
-1632
-120
9253512
-2488
-623
705
-3785
-1964
-11
9254537
-2068
-397
630
-3595
-2143
279
9255562
-1358
-80
517
-3406
-1958
661
9256587
-354
303
416
-3340
-1709
1027
9257612
801
654
323
-3523
-1702
1196
9258637
1881
883
228
-3867
-1516
1174
9259662
2596
927
119
-4189
-1092
1054
9260687
2581
839
-20
-4377
-445
1044
9261712
1903
682
-195
-4463
-43
1067
9254529
1082
480
-401
-4355
4
994
9255554
572
306
-582
-4208
-199
908
9256579
510
165
-694
-4114
-424
899
9257604
774
82
-715
-4006
-660
912
9258629
1238
63
-654
-3989
-879
914
9259654
1688
69
-561
-4035
-943
895
9260679
1975
96
-486
-4065
-964
870
9261704
2138
129
-446
-4087
-993
821
9262729
2180
138
-452
-4085
-917
734
9263754
2065
134
-499
-4092
-895
607
9264779
1903
124
-550
-4153
-1002
508
9265804
1829
102
-571
-4269
-1144
492
9266829
1839
63
-579
-4313
-1176
459
9267854
1868
57
-567
-4478
-1179
440
9268879
1895
49
-545
-4703
-1216
498
9269904
1886
14
-554
-4792
-1166
451
9262719
1907
38
-498
-5475
-1239
502
9263744
1957
-44
-439
-6172
-1310
514
9264769
2098
-237
-375
-6417
-1240
432
9265794
2038
-528
-414
-6039
-986
448
9266819
1393
-810
-663
-5304
-846
377
9267844
749
-1029
-961
-4884
-808
224
9268869
348
-1229
-1273
-4696
-781
156
9269894
-8
-1403
-1571
-4570
-786
88
9270919
-269
-1539
-1756
-4521
-787
-26
9271944
-451
-1644
-1826
-4542
-755
-149
9272969
-644
-1725
-1815
-4575
-724
-279
9273994
-846
-1769
-1726
-4607
-715
-388
9275019
-1023
-1773
-1558
-4638
-775
-484
9276044
-1156
-1734
-1342
-4626
-832
-569
9277069
-1255
-1654
-1135
-4453
-869
-645
9278094
-1339
-1524
-965
-4146
-858
-747
9270962
-1419
-1338
-836
-3819
-848
-795
9271987
-1443
-1093
-730
-3564
-876
-729
9273012
-1346
-805
-614
-3391
-916
-626
9274037
-1092
-486
-455
-3234
-976
-498
9275062
-687
-153
-230
-3170
-1017
-357
9276087
-205
146
59
-3254
-1020
-279
9277112
197
375
372
-3412
-940
-243
9278137
442
539
687
-3571
-881
-173
9279162
499
628
983
-3700
-866
-81
9280187
370
660
1245
-3788
-840
4
9281212
121
666
1477
-3869
-786
67
9282237
-202
648
1692
-4040
-768
109
9283262
-559
598
1890
-4288
-777
122
9284287
-935
525
2083
-4615
-794
130
9285312
-1360
422
2268
-5033
-841
88
9286337
-1880
287
2420
-5456
-893
-8
9279104
-2429
134
2531
-5843
-987
-165
9280129
-2902
-27
2585
-6114
-1148
-267
9281154
-3276
-197
2563
-6213
-1335
-340
9282179
-3546
-361
2494
-6307
-1358
-508
9283204
-3750
-486
2476
-6943
-1383
-695
9284229
-3854
-656
2427
-7140
-1581
-847
9285254
-3838
-850
2327
-6276
-1709
-1038
9286279
-3827
-975
2194
-5295
-1714
-1171
9287304
-3911
-1010
1985
-4725
-1670
-1158
9288329
-3945
-982
1705
-4448
-1594
-964
9289354
-3866
-899
1442
-4309
-1502
-895
9290379
-3715
-781
1200
-4164
-1456
-1026
9291404
-3522
-651
977
-4048
-1369
-1181
9292429
-3368
-521
795
-3982
-1234
-1249
9293454
-3323
-396
634
-3809
-1151
-1212
9294479
-3349
-266
496
-3474
-1143
-1102
9287295
-3354
-101
414
-3259
-1207
-903
9288320
-3223
95
393
-3138
-1326
-656
9289345
-2920
306
411
-2989
-1388
-458
9290370
-2512
524
458
-2948
-1389
-302
9291395
-2110
731
513
-3127
-1374
-101
9292420
-1743
910
574
-3374
-1414
132
9293445
-1347
1082
674
-3604
-1516
393
9294470
-899
1253
816
-3891
-1626
557
9295495
-439
1443
938
-4078
-1769
843
9296520
127
1661
993
-4186
-1885
1409
9297545
708
1789
929
-4219
-1630
1837
9298570
997
1820
716
-4249
-1269
2094
9299595
891
1811
420
-4443
-964
2453
9300620
340
1677
95
-4612
-719
2640
9301645
-420
1452
-217
-4633
-626
2432
9302670
-976
1241
-432
-4727
-894
2137
9295488
-965
1003
-524
-5021
-1260
2268
9296513
-708
619
-619
-5000
-1108
2257
9297538
-662
256
-720
-4703
-948
1936
9298563
-651
46
-770
-4685
-1044
1909
9299588
-569
-174
-826
-4613
-1099
1970
9300613
-463
-381
-899
-4453
-1112
1882
9301638
-321
-539
-961
-4362
-1121
1655
9302663
-152
-665
-1010
-4379
-1081
1470
9303688
31
-767
-1020
-4602
-1080
1353
9304713
278
-888
-968
-4907
-1129
1158
9305738
600
-1028
-859
-5168
-1131
907
9306763
951
-1182
-686
-5432
-979
625
9307788
897
-1379
-606
-5803
-606
746
9308813
171
-1551
-704
-6023
-816
493
9309838
-303
-1781
-845
-5928
-756
96
9310863
-689
-1957
-1029
-5601
-629
-64
9303681
-1257
-2020
-1265
-5288
-647
-133
9304706
-1762
-2025
-1483
-4953
-747
-223
9305731
-2026
-1964
-1640
-4574
-848
-245
9306756
-2091
-1817
-1722
-4145
-965
-251
9307781
-1971
-1612
-1708
-3769
-1055
-267
9308806
-1706
-1376
-1587
-3494
-1066
-269
9309831
-1364
-1136
-1385
-3286
-1025
-272
9310856
-1017
-911
-1130
-3101
-923
-295
9311881
-737
-704
-831
-2972
-846
-303
9312906
-570
-519
-503
-2899
-775
-291
9313931
-539
-354
-156
-2881
-709
-263
9314956
-627
-198
202
-2899
-678
-243
9315981
-784
-48
562
-2976
-687
-251
9317006
-959
99
922
-3150
-732
-277
9318031
-1110
239
1278
-3356
-816
-316
9319056
-1195
378
1622
-3540
-910
-333
9311873
-1210
532
1954
-3801
-994
-314
9312898
-1184
700
2265
-4185
-1050
-262
9313923
-1132
877
2547
-4759
-1132
-181
9314948
-992
1056
2821
-5539
-1351
-40
9315973
-696
1208
3027
-6120
-1601
89
9316998
-289
1331
3106
-6276
-1764
190
9318023
79
1401
3043
-6320
-1704
169
9319048
246
1390
2852
-6708
-1443
-13
9320073
63
1238
2492
-7119
-1069
-299
9321098
-522
931
2022
-7041
-860
-512
9322123
-1351
563
1517
-6217
-943
-383
9323148
-2139
264
1004
-5016
-1205
-68
9324173
-2676
93
510
-4156
-1271
75
9325198
-2914
20
101
-3812
-1134
47
9326223
-2954
-33
-198
-3759
-1009
-12
9327248
-2918
-156
-402
-3501
-738
-92
9320065
-2931
-310
-474
-3179
-351
-167
9321090
-3127
-460
-412
-3098
-362
-276
9322115
-3446
-597
-286
-3242
-623
-365
9323140
-3717
-710
-126
-3427
-815
-387
9324165
-3781
-768
50
-3475
-949
-325
9325190
-3521
-718
213
-3586
-1052
-146
9326215
-3025
-584
301
-3666
-1273
65
9327240
-2449
-361
301
-3634
-1322
291
9328265
-1856
-75
247
-3594
-1097
548
9329290
-1271
218
136
-3633
-815
757
9330315
-727
457
-3
-3800
-659
866
9331340
-347
562
-134
-3897
-480
835
9332365
-284
559
-221
-3822
-79
771
9333390
-592
530
-257
-3786
49
780
9334415
-942
490
-252
-3807
-37
921
9335440
-1133
441
-220
-3813
-131
1086
9328255
-1191
416
-170
-3837
-250
1162
9329280
-1094
445
-98
-3982
-457
1236
9330305
-816
483
-20
-4138
-638
1356
9331330
-430
526
44
-4266
-781
1443
9332355
-33
552
88
-4373
-779
1503
9333380
233
541
96
-4367
-681
1508
9334405
303
513
58
-4341
-623
1546
9335430
227
454
-16
-4296
-594
1544
9336455
97
396
-92
-4414
-696
1515
9337480
16
292
-173
-4493
-816
1451
9338505
-7
171
-257
-4456
-927
1277
9339530
128
133
-273
-4855
-1217
1274
9340555
437
42
-280
-5257
-1417
1312
9341580
803
-80
-285
-5448
-1455
1293
9342605
1088
-222
-322
-5398
-1377
1222
9343630
1179
-393
-448
-5031
-1228
1073
9336449
1093
-534
-648
-4678
-1112
996
9337474
979
-660
-870
-4408
-1116
910
9338499
993
-780
-1048
-4281
-1124
773
9339524
1097
-902
-1147
-4342
-1054
636
9340549
1164
-1022
-1131
-4608
-933
405
9341574
1110
-1161
-1038
-5047
-789
310
9342599
868
-1332
-884
-5328
-862
149
9343624
722
-1510
-672
-5369
-883
88
9344649
416
-1611
-466
-5275
-925
52
9345674
-44
-1640
-327
-5037
-999
-45
9346699
-538
-1645
-330
-4622
-1031
-187
9347724
-1037
-1601
-469
-4191
-981
-335
9348749
-1488
-1487
-702
-3854
-927
-450
9349774
-1800
-1304
-967
-3616
-958
-501
9350799
-1865
-1059
-1185
-3467
-1050
-463
9351824
-1649
-770
-1299
-3391
-1191
-414
9344759
-1187
-470
-1285
-3354
-1285
-379
9345784
-591
-193
-1164
-3345
-1272
-348
9346809
-16
37
-964
-3318
-1145
-270
9347834
352
219
-733
-3265
-950
-198
9348859
452
366
-499
-3248
-796
-168
9349884
320
475
-249
-3353
-658
-137
9350909
33
555
13
-3503
-652
-109
9351934
-271
632
292
-3650
-692
-95
9352959
-510
734
627
-3989
-815
-57
9353984
-639
840
973
-4362
-950
-1
9355009
-632
959
1293
-4630
-1062
110
9356034
-468
1100
1578
-4863
-1243
296
9357059
-125
1247
1812
-5155
-1445
508
9358084
326
1373
1942
-5319
-1472
655
9359109
713
1479
1963
-5481
-1313
713
9360134
933
1525
1912
-5857
-1180
790
9352832
896
1408
1737
-5943
-909
806
9353857
448
1153
1486
-5640
-524
782
9354882
-376
848
1242
-5254
-396
764
9355907
-1311
495
998
-4688
-520
703
9356932
-2033
165
771
-4205
-741
648
9357957
-2485
-150
550
-3864
-874
593
9358982
-2749
-419
360
-3550
-941
476
9360007
-2900
-591
257
-3505
-959
381
9361032
-3005
-710
226
-3672
-1044
289
9362057
-3044
-817
234
-3888
-1204
190
9363082
-3036
-902
266
-4040
-1289
27
9364107
-3029
-926
301
-4151
-1330
-134
9365132
-2997
-874
315
-4182
-1419
-212
9366157
-2816
-744
286
-3996
-1592
-109
9367182
-2377
-515
239
-3652
-1620
195
9368207
-1692
-185
208
-3321
-1512
579
9361024
-828
200
204
-3226
-1400
843
9362049
65
535
212
-3371
-1298
901
9363074
862
752
225
-3573
-1165
915
9364099
1411
831
244
-3826
-985
913
9365124
1448
806
225
-4029
-685
897
9366149
1065
720
152
-4171
-413
866
9367174
534
603
41
-4210
-328
871
9368199
105
486
-89
-4158
-449
942
9369224
-50
407
-204
-4043
-685
1080
9370249
107
370
-277
-3888
-855
1159
9371274
449
397
-282
-3875
-916
1205
9372299
844
454
-225
-4081
-971
1279
9373324
1198
479
-155
-4336
-1027
1291
9374349
1485
461
-110
-4550
-1064
1218
9375374
1636
375
-126
-4696
-1046
1126
9376399
1589
245
-212
-4712
-965
1011
9369216
1376
95
-355
-4468
-885
857
9370241
1202
30
-455
-4496
-1085
794
9371266
1255
-20
-472
-4844
-1319
785
9372291
1496
-78
-403
-5242
-1467
730
9373316
1858
-147
-248
-5534
-1519
707
9374341
2097
-296
-140
-5209
-1388
630
9375366
2108
-413
-131
-4623
-1303
574
9376391
2016
-491
-202
-4233
-1350
556
9377416
2023
-586
-305
-3975
-1359
480
9378441
2153
-693
-376
-3958
-1302
367
9379466
2318
-794
-343
-4270
-1316
281
9380491
2515
-906
-170
-4859
-1290
247
9381516
2605
-1068
87
-5486
-1163
233
9382541
2373
-1278
334
-5764
-1051
166
9383566
1804
-1476
505
-5729
-991
43
9384591
968
-1655
514
-5602
-1035
-132
9377408
3
-1835
289
-5259
-1103
-377
9378433
-928
-1973
-123
-4764
-1093
-645
9379458
-1770
-2014
-659
-4296
-1008
-830
9380483
-2444
-1908
-1232
-3956
-990
-780
9381508
-2790
-1668
-1731
-3778
-1084
-545
9382533
-2774
-1322
-2085
-3645
-1240
-451
9383558
-2429
-905
-2256
-3603
-1393
-503
9384583
-1824
-495
-2253
-3567
-1428
-522
9385608
-1104
-144
-2093
-3465
-1294
-457
9386633
-454
130
-1835
-3334
-1144
-352
9387658
-6
326
-1529
-3169
-949
-301
9388683
229
474
-1181
-3130
-814
-254
9389708
271
587
-801
-3207
-744
-141
9390733
193
694
-413
-3297
-723
28
9391758
71
804
-27
-3345
-719
155
9392783
-97
920
352
-3442
-666
180
9385600
-272
1063
758
-3756
-728
275
9386625
-329
1225
1174
-4163
-951
442
9387650
-167
1390
1563
-4467
-1178
613
9388675
241
1584
1881
-4669
-1412
889
9389700
774
1749
2067
-4784
-1466
1032
9390725
1227
1877
2134
-5004
-1297
1062
9391750
1482
1942
2084
-5407
-941
1049
9392775
1444
1861
1933
-5722
-516
989
9393800
1042
1662
1779
-6024
-263
925
9394825
309
1341
1668
-6072
-240
812
9395850
-534
965
1604
-5891
-374
759
9396875
-1295
591
1537
-5573
-581
844
9397900
-1902
225
1399
-5076
-837
964
9398925
-2357
-104
1185
-4410
-1019
916
9399950
-2662
-328
928
-3803
-1085
724
9400975
-2911
-462
680
-3543
-995
546
9393793
-3164
-571
469
-3525
-1036
376
9394818
-3301
-666
321
-3643
-1167
237
9395843
-3299
-759
257
-3747
-1309
74
9396868
-3216
-806
280
-3963
-1458
-63
9397893
-3069
-820
343
-4173
-1642
-181
9398918
-2831
-792
394
-4220
-1802
-241
9399943
-2484
-698
387
-3968
-1908
-207
9400968
-2039
-493
320
-3627
-1979
-38
9401993
-1472
-176
220
-3450
-1927
246
9403018
-744
206
109
-3447
-1767
557
9404043
99
580
7
-3504
-1552
754
9405068
962
883
-55
-3589
-1434
922
9406093
1777
1059
-72
-3807
-1284
984
9407118
2291
1067
-78
-3995
-1002
936
9408143
2213
990
-84
-4121
-652
971
9409168
1711
894
-100
-4208
-435
1069
9401984
1169
780
-163
-4207
-302
1140
9403009
834
648
-267
-4134
-367
1170
9404034
826
546
-356
-4146
-581
1192
9405059
1082
444
-396
-4147
-709
1207
9406084
1407
366
-369
-4150
-735
1216
9407109
1694
310
-286
-4306
-799
1249
9408134
1897
229
-211
-4408
-839
1191
9409159
1993
130
-170
-4450
-822
1064
9410184
1909
8
-181
-4479
-842
903
9411209
1734
-104
-209
-4568
-967
827
9412234
1596
-208
-221
-4649
-1123
735
9413259
1572
-274
-181
-4896
-1290
621
9414284
1656
-325
-92
-5230
-1437
531
9415309
1832
-377
30
-5484
-1583
521
9416334
2030
-475
107
-5251
-1649
515
9417359
2155
-569
89
-4702
-1630
488
9410176
2227
-626
-6
-4358
-1581
467
9411201
2310
-700
-159
-4308
-1505
431
9412226
2379
-834
-333
-4450
-1356
342
9413251
2313
-1018
-487
-4749
-1160
230
9414276
2044
-1228
-587
-5159
-1008
111
9415301
1639
-1449
-616
-5591
-912
30
9416326
1124
-1688
-622
-5800
-856
-113
9417351
497
-1889
-647
-5762
-846
-293
9418376
-222
-2018
-723
-5571
-899
-508
9419401
-971
-2085
-893
-5197
-947
-715
9420426
-1703
-2069
-1179
-4610
-925
-859
9421451
-2317
-1911
-1520
-4060
-907
-787
9422476
-2698
-1627
-1837
-3697
-963
-610
9423501
-2762
-1248
-2057
-3498
-1085
-474
9424526
-2462
-813
-2125
-3404
-1244
-425
9425551
-1848
-393
-2032
-3343
-1370
-419
9418369
-1061
-41
-1815
-3278
-1319
-393
9419394
-308
223
-1527
-3218
-1169
-326
9420419
251
404
-1227
-3104
-994
-231
9421444
595
526
-923
-3005
-866
-104
9422469
725
608
-603
-2989
-755
64
9423494
699
687
-262
-3021
-715
245
9424519
617
778
107
-3118
-709
428
9425544
501
873
503
-3298
-716
524
9426569
293
961
894
-3484
-719
467
9427594
-40
1058
1256
-3675
-698
399
9428619
-380
1192
1617
-4027
-786
427
9429644
-498
1337
1967
-4470
-1057
575
9430669
-272
1488
2276
-4907
-1306
740
9431694
191
1661
2519
-5304
-1438
858
9432719
708
1841
2666
-5723
-1542
945
9433744
1170
1935
2639
-5942
-1561
1052
9426560
1421
1869
2399
-5782
-1197
1056
9427585
1238
1701
2058
-5752
-625
950
9428610
507
1434
1699
-5874
-213
748
9429635
-573
1087
1415
-6000
-141
492
9430660
-1601
692
1265
-6067
-452
380
9431685
-2458
238
1173
-5731
-760
358
9432710
-3110
-144
1123
-5277
-1040
421
9433735
-3516
-431
1070
-4818
-1313
534
9434760
-3730
-628
967
-4343
-1550
585
9435785
-3780
-751
804
-3879
-1571
569
9436810
-3778
-820
604
-3473
-1431
407
9437835
-3771
-835
380
-3255
-1357
140
9438860
-3685
-810
180
-3281
-1420
-72
9439885
-3446
-775
43
-3414
-1557
-161
9440910
-3073
-720
-14
-3501
-1610
-262
9441935
-2605
-612
13
-3623
-1553
-286
9434752
-2069
-445
94
-3821
-1589
-171
9435777
-1452
-239
185
-3856
-1685
32
9436802
-769
29
249
-3753
-1614
291
9437827
-101
344
253
-3574
-1394
560
9438852
524
669
185
-3484
-1233
745
9439877
1143
943
78
-3609
-1171
917
9440902
1753
1112
-26
-3823
-995
1060
9441927
2230
1151
-114
-4036
-607
1113
9442952
2314
1079
-213
-4256
-254
1084
9443977
1992
921
-322
-4442
89
1038
9445002
1384
701
-431
-4454
421
984
9446027
671
483
-527
-4333
498
941
9447052
192
334
-569
-4295
198
959
9448077
131
219
-559
-4329
-59
1032
9449102
380
138
-498
-4259
-206
1035
9450127
763
123
-392
-4235
-357
998
9442944
1106
130
-281
-4189
-450
975
9443969
1323
163
-183
-4172
-568
949
9444994
1458
189
-104
-4155
-725
891
9446019
1559
193
-53
-4095
-828
810
9447044
1642
180
-25
-4052
-928
760
9448069
1699
149
-13
-4043
-1014
724
9449094
1722
110
-11
-4099
-1096
702
9450119
1719
60
-15
-4186
-1167
716
9451144
1691
-1
-35
-4220
-1237
707
9452169
1640
-47
-67
-4293
-1285
690
9453194
1600
-76
-101
-4520
-1366
721
9454219
1584
-141
-170
-4576
-1394
705
9455244
1557
-184
-245
-4756
-1375
621
9456269
1546
-217
-291
-5292
-1447
615
9457294
1562
-340
-355
-5637
-1455
564
9458319
1557
-493
-419
-5861
-1417
542
9451137
1456
-701
-530
-5745
-1302
471
9452162
1182
-926
-729
-5345
-1079
347
9453187
775
-1102
-984
-5090
-977
266
9454212
414
-1248
-1247
-4963
-1001
211
9455237
164
-1386
-1481
-4882
-953
140
9456262
-39
-1496
-1673
-4737
-915
23
9457287
-201
-1563
-1798
-4615
-880
-82
9458312
-347
-1593
-1858
-4576
-859
-172
9459337
-479
-1601
-1862
-4594
-820
-241
9460362
-596
-1595
-1801
-4602
-786
-325
9461387
-681
-1565
-1659
-4609
-805
-402
9462412
-733
-1511
-1448
-4576
-844
-470
9463437
-768
-1434
-1199
-4450
-870
-552
9464462
-825
-1323
-959
-4224
-873
-635
9465487
-920
-1177
-779
-3895
-846
-702
9466512
-1022
-984
-653
-3581
-853
-665
9459329
-1054
-743
-545
-3361
-890
-563
9460354
-960
-463
-417
-3215
-945
-397
9461379
-718
-161
-248
-3213
-1020
-228
9462404
-379
124
-41
-3226
-1029
-150
9463429
-66
350
180
-3184
-969
-118
9464454
153
519
410
-3193
-946
-28
9465479
258
622
634
-3214
-882
93
9466504
216
682
858
-3293
-821
183
9467529
58
721
1091
-3463
-794
230
9468554
-176
743
1354
-3723
-771
227
9469579
-457
753
1654
-4047
-818
220
9470604
-745
753
1956
-4314
-920
235
9471629
-1009
763
2253
-4589
-1023
252
9472654
-1212
788
2515
-4949
-1160
298
9473679
-1322
810
2693
-5278
-1326
347
9474704
-1323
839
2787
-5567
-1472
392
9467519
-1248
868
2800
-5840
-1617
469
9468544
-1163
857
2706
-5982
-1672
521
9469569
-1163
773
2508
-5950
-1543
487
9470594
-1363
617
2224
-5820
-1339
380
9471619
-1807
409
1894
-5706
-1180
234
9472644
-2449
148
1555
-5593
-1123
17
9473669
-3149
-142
1244
-5588
-1153
-221
9474694
-3876
-431
991
-5859
-1144
-457
9475719
-4560
-718
815
-6138
-1190
-724
9476744
-5163
-998
701
-6060
-1362
-1010
9477769
-5673
-1255
601
-5366
-1549
-1362
9478794
-6030
-1393
478
-4612
-1646
-1568
9479819
-6142
-1422
296
-3907
-1726
-1490
9480844
-5899
-1306
131
-3469
-1736
-1200
9481869
-5245
-1061
58
-3330
-1660
-909
9482894
-4242
-740
91
-3319
-1515
-719
9475712
-3058
-409
231
-3344
-1250
-665
9476737
-1946
-130
431
-3445
-954
-664
9477762
-1172
71
641
-3696
-722
-670
9478787
-849
193
815
-3880
-580
-692
9479812
-931
276
916
-3829
-459
-599
9480837
-1249
390
948
-3725
-379
-335
9481862
-1497
567
941
-3784
-472
-3
9482887
-1477
785
915
-3914
-664
250
9483912
-1148
1023
911
-4008
-813
444
9484937
-583
1256
937
-4099
-883
650
9485962
83
1449
962
-4161
-811
829
9486987
663
1594
949
-4229
-631
1018
9488012
1019
1673
901
-4292
-438
1286
9489037
1070
1677
829
-4381
-216
1531
9490062
715
1574
719
-4369
68
1623
9491087
15
1398
573
-4296
240
1589
9483926
-755
1183
416
-4228
177
1544
9484951
-1324
945
255
-4189
-84
1508
9485976
-1570
699
104
-4156
-370
1445
9487001
-1536
450
-28
-4130
-509
1377
9488026
-1427
220
-144
-4102
-528
1355
9489051
-1347
48
-245
-4181
-579
1358
9490076
-1300
-110
-348
-4174
-469
1318
9491101
-1347
-228
-474
-4078
-403
1219
9492126
-1430
-282
-620
-4053
-441
1145
9493151
-1455
-317
-771
-4019
-447
1081
9494176
-1415
-320
-904
-4032
-428
1013
9495201
-1314
-289
-978
-4228
-420
940
9496226
-1156
-278
-998
-4420
-505
871
9497251
-974
-322
-1009
-4152
-523
784
9498276
-800
-289
-991
-3955
-526
704
9499301
-596
-181
-941
-4271
-669
718
9492096
-295
-133
-925
-4487
-807
740
9493121
54
-97
-908
-4646
-831
762
9494146
321
-82
-892
-4766
-850
724
9495171
468
-102
-914
-4753
-858
673
9496196
497
-154
-985
-4690
-811
635
9497221
400
-243
-1110
-4478
-764
600
9498246
246
-311
-1242
-4294
-779
530
9499271
192
-348
-1303
-4393
-885
480
9500296
289
-405
-1266
-4655
-993
480
9501321
463
-482
-1133
-4955
-984
424
9502346
536
-608
-952
-5048
-853
318
9503371
379
-722
-758
-5046
-766
226
9504396
38
-808
-597
-5006
-773
153
9505421
-363
-867
-517
-4875
-859
84
9506446
-715
-902
-515
-4682
-947
-23
9507471
-984
-914
-560
-4357
-934
-129
9500288
-1161
-871
-613
-4031
-966
-172
9501313
-1213
-793
-654
-3701
-1027
-156
9502338
-1135
-685
-657
-3412
-1092
-102
9503363
-942
-543
-584
-3291
-1106
-53
9504388
-673
-396
-425
-3346
-1127
-2
9505413
-384
-278
-207
-3462
-1148
22
9506438
-169
-193
45
-3551
-1076
25
9507463
-157
-149
286
-3612
-963
-16
9508488
-357
-122
485
-3682
-877
-78
9509513
-684
-115
625
-3803
-896
-145
9510538
-1004
-108
734
-3960
-1018
-230
9511563
-1222
-89
839
-4064
-1124
-284
9512588
-1350
-38
942
-4141
-1235
-301
9513613
-1368
56
1037
-4257
-1350
-263
9514638
-1283
167
1103
-4379
-1428
-201
9515663
-1118
284
1137
-4538
-1484
-130
9508481
-905
391
1138
-4670
-1546
-25
9509506
-670
477
1100
-4729
-1599
77
9510531
-443
533
1026
-4755
-1567
147
9511556
-287
554
934
-4832
-1458
218
9512581
-209
537
831
-4930
-1405
306
9513606
-159
487
742
-5061
-1391
416
9514631
-130
397
680
-5183
-1366
523
9515656
-171
265
626
-5272
-1247
591
9516681
-387
88
542
-5343
-1008
557
9517706
-873
-143
404
-5344
-738
419
9518731
-1576
-373
244
-5433
-626
314
9519756
-2272
-601
102
-5581
-666
303
9520781
-2806
-868
-18
-5317
-451
217
9521806
-3217
-1108
-105
-4658
-198
115
9522831
-3548
-1279
-146
-3912
-133
-2
9523856
-3721
-1367
-118
-3430
-317
-32
9516673
-3664
-1398
-2
-3401
-632
-53
9517698
-3392
-1452
195
-3567
-767
-183
9518723
-3025
-1520
418
-3755
-794
-358
9519748
-2693
-1593
612
-3808
-717
-520
9520773
-2544
-1648
738
-3713
-687
-691
9521798
-2635
-1635
785
-3655
-702
-796
9522823
-2863
-1550
775
-3689
-747
-829
9523848
-3075
-1404
721
-3711
-875
-811
9524873
-3140
-1173
654
-3677
-1026
-723
9525898
-3004
-851
612
-3548
-1173
-575
9526923
-2669
-450
616
-3418
-1254
-403
9527948
-2192
-15
661
-3310
-1242
-241
9528973
-1662
395
737
-3242
-1226
-86
9529998
-1124
739
836
-3207
-1312
124
9531023
-520
1013
981
-3272
-1399
389
9532048
81
1219
1145
-3414
-1421
565
9524865
563
1382
1274
-3610
-1420
653
9525890
893
1506
1353
-3850
-1313
738
9526915
1043
1589
1369
-4150
-1216
901
9527940
1015
1652
1300
-4502
-1137
1159
9528965
851
1672
1139
-4768
-1026
1429
9529990
612
1635
883
-4822
-930
1690
9531015
390
1553
578
-4786
-825
1867
9532040
241
1423
264
-4694
-702
1923
9533065
170
1259
-6
-4586
-680
1922
9534090
167
1067
-195
-4480
-781
1845
9535115
292
866
-277
-4460
-953
1773
9536140
498
629
-292
-4423
-1034
1676
9537165
704
379
-276
-4330
-991
1585
9538190
846
168
-264
-4335
-909
1557
9539215
861
-25
-310
-4389
-876
1474
9540240
792
-174
-390
-4589
-976
1366
9533056
757
-329
-485
-4725
-1049
1239
9534081
690
-485
-600
-4674
-1065
970
9535106
664
-527
-653
-4962
-1224
828
9536131
762
-592
-665
-5293
-1406
792
9537156
984
-682
-647
-5381
-1508
752
9538181
1263
-762
-619
-5232
-1538
643
9539206
1529
-810
-599
-5021
-1488
489
9540231
1760
-834
-580
-4966
-1416
394
9541256
2011
-870
-542
-5041
-1440
363
9542281
2272
-945
-479
-5092
-1457
297
9543306
2471
-1066
-410
-5104
-1214
196
9544331
2215
-1239
-430
-5025
-948
139
9545356
1744
-1393
-481
-4987
-1003
-59
9546381
1360
-1561
-537
-4979
-901
-152
9547406
873
-1686
-594
-5029
-924
-247
9548431
430
-1781
-629
-5068
-967
-362
9541248
52
-1843
-654
-5052
-1030
-456
9542273
-289
-1876
-696
-4865
-1092
-547
9543298
-614
-1856
-775
-4509
-1092
-691
9544323
-954
-1758
-901
-4137
-1063
-826
9545348
-1249
-1579
-1054
-3833
-1055
-850
9546373
-1405
-1332
-1190
-3598
-1076
-771
9547398
-1388
-1020
-1263
-3443
-1120
-680
9548423
-1184
-654
-1251
-3349
-1197
-629
9549448
-807
-278
-1161
-3259
-1275
-613
9550473
-327
79
-1002
-3213
-1242
-618
9551498
141
401
-803
-3232
-1127
-566
9552523
476
671
-601
-3270
-952
-495
9553548
619
896
-409
-3333
-813
-419
9554573
601
1079
-220
-3410
-660
-353
9555598
472
1233
-17
-3458
-551
-243
9556623
301
1383
216
-3595
-588
-118
9549440
139
1532
489
-3893
-605
5
9550465
34
1662
786
-4225
-655
122
9551490
3
1773
1083
-4554
-773
178
9552515
49
1874
1382
-4969
-900
236
9553540
206
1974
1675
-5457
-1083
384
9554565
496
2045
1900
-5815
-1264
579
9555590
832
2081
1993
-5947
-1231
763
9556615
1050
2072
1944
-5979
-1072
955
9557640
1033
1972
1762
-6020
-795
1062
9558665
695
1734
1487
-6032
-463
1087
9559690
-44
1378
1209
-6082
-146
1128
9560715
-1292
888
952
-5986
14
1166
9561740
-2576
305
805
-5693
-498
1042
9562765
-3003
-174
699
-4950
-1512
484
9563790
-2397
-467
628
-4126
-1634
381
9564815
-2143
-686
573
-3600
-1114
629
9557633
-2527
-826
424
-3304
-982
506
9558658
-2896
-883
204
-3139
-1013
166
9559683
-3012
-924
54
-3147
-1058
-13
9560708
-3002
-927
-13
-3288
-1211
-88
9561733
-2887
-875
2
-3528
-1436
-178
9562758
-2651
-807
77
-3730
-1586
-319
9563783
-2307
-693
165
-3829
-1675
-383
9564808
-1867
-509
212
-3808
-1761
-272
9565833
-1378
-278
168
-3719
-1764
-52
9566858
-936
-5
22
-3566
-1588
156
9567883
-541
306
-183
-3511
-1506
274
9568908
-94
602
-388
-3682
-1595
347
9569933
442
822
-575
-3950
-1731
458
9570958
1044
945
-727
-4263
-1693
506
9571983
1553
969
-871
-4481
-1434
444
9573008
1819
915
-1038
-4586
-1165
364
9565824
1802
791
-1196
-4681
-798
573
9566849
1492
512
-1215
-4666
434
1248
9567874
1747
-72
-639
-4881
2873
2117
9568899
1568
-539
-110
-4119
2870
1944
9569924
984
-55
18
-3593
410
949
9570949
1095
354
140
-3603
299
765
9571974
932
486
191
-3754
41
986
9572999
766
467
312
-3989
-497
1182
9574024
443
486
388
-4022
-1020
1081
9575049
-111
465
372
-3956
-1451
715
9576074
-156
369
458
-4008
-1718
356
9577099
409
273
611
-4245
-1734
247
9578124
1044
127
720
-4378
-1758
319
9579149
1482
7
768
-4424
-1629
384
9580174
1725
12
802
-4874
-1619
479
9581199
1891
15
787
-5411
-1756
578
9574016
2126
8
757
-5847
-1997
725
9575041
2422
-70
645
-5705
-2193
817
9576066
2648
-215
413
-5163
-2043
740
9577091
2716
-379
104
-4813
-1704
564
9578116
2654
-600
-260
-4642
-1335
396
9579141
2446
-866
-618
-4577
-1084
258
9580166
2117
-1121
-889
-4744
-1025
186
9581191
1807
-1365
-1015
-5101
-935
175
9582216
1522
-1627
-1022
-5468
-817
172
9583241
1164
-1889
-971
-5601
-812
148
9584266
662
-2081
-882
-5518
-841
84
9585291
-15
-2170
-803
-5372
-862
-63
9586316
-769
-2200
-809
-5158
-851
-301
9587341
-1507
-2196
-938
-4818
-857
-589
9588366
-2148
-2129
-1167
-4372
-887
-862
9589391
-2608
-1953
-1439
-3987
-931
-953
9582207
-2788
-1677
-1684
-3720
-1050
-857
9583232
-2587
-1318
-1828
-3548
-1209
-672
9584257
-2035
-911
-1832
-3459
-1320
-548
9585282
-1285
-503
-1708
-3420
-1366
-517
9586307
-489
-144
-1494
-3386
-1280
-517
9587332
165
141
-1244
-3349
-1083
-470
9588357
567
370
-999
-3292
-910
-368
9589382
771
549
-759
-3267
-809
-227
9590407
815
685
-524
-3280
-715
-46
9591432
771
808
-272
-3352
-675
156
9592457
724
927
25
-3466
-701
362
9593482
701
1051
370
-3625
-752
535
9594507
640
1174
733
-3867
-739
586
9595532
516
1308
1107
-4164
-719
639
9596557
389
1446
1473
-4515
-782
744
9597582
328
1578
1796
-4841
-873
964
9590400
380
1684
2027
-5081
-916
1223
9591425
404
1723
2128
-5179
-782
1337
9592450
228
1694
2134
-5326
-550
1290
9593475
-211
1556
2069
-5461
-344
1135
9594500
-831
1315
1992
-5548
-239
899
9595525
-1470
1025
1992
-5825
-358
551
9596550
-2028
650
2020
-6034
-685
298
9597575
-2436
243
2011
-5965
-1060
240
9598600
-2668
-126
1939
-5625
-1302
364
9599625
-2862
-430
1739
-4942
-1452
470
9600650
-3031
-626
1413
-4154
-1415
440
9601675
-3163
-692
1064
-3676
-1235
340
9602700
-3293
-672
729
-3625
-1150
201
9603725
-3355
-646
421
-3670
-1221
73
9604750
-3302
-614
185
-3663
-1322
-93
9605775
-3155
-547
68
-3768
-1410
-281
9598593
-2917
-465
55
-3906
-1504
-376
9599618
-2548
-360
120
-3957
-1641
-363
9600643
-2036
-216
224
-3784
-1738
-224
9601668
-1429
3
324
-3435
-1680
32
9602693
-804
303
396
-3191
-1479
377
9603718
-148
633
427
-3152
-1395
736
9604743
580
939
437
-3343
-1333
971
9605768
1300
1141
426
-3583
-1265
1088
9606793
1808
1231
381
-3818
-997
1118
9607818
1925
1232
296
-4044
-696
1129
9608843
1693
1171
165
-4280
-439
1170
9609868
1306
1044
-6
-4409
-207
1244
9610893
909
861
-195
-4398
-53
1279
9611918
603
674
-363
-4320
-66
1259
9612943
500
514
-473
-4282
-153
1245
9613968
603
358
-506
-4297
-218
1270
9606784
771
195
-472
-4302
-244
1263
9607809
871
37
-407
-4309
-278
1191
9608834
828
-111
-357
-4327
-330
1049
9609859
672
-262
-363
-4262
-428
827
9610884
475
-395
-421
-4170
-579
607
9611909
327
-468
-476
-4264
-754
450
9612934
272
-523
-517
-4324
-947
361
9613959
309
-542
-527
-4280
-1110
271
9614984
445
-460
-459
-4509
-1361
285
9616009
711
-364
-363
-4692
-1585
332
9617034
1092
-238
-256
-4790
-1722
380
9618059
1565
-94
-153
-4881
-1833
446
9619084
2050
-3
-122
-4775
-1852
426
9620109
2476
41
-156
-4734
-1830
381
9621134
2839
16
-229
-4863
-1789
395
9622159
3073
-136
-348
-4936
-1589
361
9614976
3003
-391
-534
-4872
-1155
202
9616001
2521
-663
-749
-4891
-769
31
9617026
1772
-919
-940
-5138
-637
-12
9618051
1027
-1160
-1077
-5373
-715
-4
9619076
437
-1382
-1152
-5458
-768
-46
9620101
-72
-1544
-1196
-5321
-859
-183
9621126
-506
-1603
-1216
-5138
-979
-312
9622151
-856
-1607
-1252
-4822
-1009
-430
9623176
-1142
-1554
-1326
-4399
-985
-555
9624201
-1384
-1417
-1430
-4034
-953
-659
9625226
-1539
-1211
-1539
-3763
-943
-696
9626251
-1526
-959
-1602
-3535
-961
-692
9627276
-1305
-661
-1571
-3373
-1017
-610
9628301
-887
-341
-1419
-3317
-1122
-529
9629326
-342
-48
-1175
-3281
-1145
-464
9630351
210
204
-869
-3262
-1040
-396
9623168
599
402
-543
-3237
-866
-324
9624193
771
560
-222
-3261
-770
-284
9625218
746
667
74
-3309
-684
-244
9626243
573
749
351
-3439
-657
-176
9627268
343
828
642
-3714
-699
-111
9628293
110
899
930
-3966
-766
-56
9629318
-103
973
1210
-4202
-805
-33
9630343
-279
1071
1509
-4548
-867
-3
9631368
-316
1191
1812
-4993
-1097
155
9632393
-111
1320
2069
-5364
-1380
385
9633418
277
1449
2206
-5390
-1487
568
9634443
676
1585
2219
-5397
-1424
715
9635468
990
1661
2113
-5522
-1316
839
9636493
1136
1596
1870
-5503
-1039
925
9637518
967
1414
1589
-5491
-615
937
9638543
333
1122
1346
-5482
-260
810
9631360
-673
737
1167
-5328
-207
576
9632385
-1716
337
1053
-5081
-510
434
9633410
-2466
-49
955
-4726
-940
459
9634435
-2834
-392
820
-4251
-1207
571
9635460
-2983
-643
645
-3733
-1353
579
9636485
-3021
-757
434
-3336
-1412
468
9637510
-2904
-763
242
-3179
-1391
420
9638535
-2661
-712
114
-3247
-1437
426
9639560
-2345
-643
36
-3301
-1504
371
9640585
-1983
-535
36
-3439
-1539
293
9641610
-1615
-411
100
-3604
-1578
227
9642635
-1231
-269
190
-3764
-1638
219
9643660
-829
-104
261
-3835
-1639
289
9644685
-418
86
281
-3798
-1537
394
9645710
13
305
238
-3826
-1577
589
9646735
514
524
132
-3914
-1610
791
9639553
1050
683
-18
-3993
-1407
884
9640578
1491
760
-198
-4173
-1127
912
9641603
1744
730
-391
-4306
-737
877
9642628
1688
622
-567
-4331
-300
805
9643653
1330
484
-705
-4314
-105
751
9644678
894
344
-777
-4221
-174
732
9645703
646
251
-766
-4167
-501
727
9646728
686
190
-700
-4163
-768
724
9647753
972
169
-609
-4126
-907
692
9648778
1354
172
-528
-4072
-927
656
9649803
1642
192
-458
-4077
-924
624
9650828
1797
220
-391
-4157
-927
629
9651853
1833
225
-330
-4257
-940
615
9652878
1754
178
-311
-4226
-944
535
9653903
1558
110
-328
-4173
-956
403
9654928
1362
60
-330
-4347
-1051
330
9647745
1274
-7
-315
-4515
-1194
318
9648770
1263
-68
-284
-4539
-1228
288
9649795
1299
-52
-184
-4822
-1314
302
9650820
1381
-34
-59
-5222
-1394
325
9651845
1485
-58
40
-5481
-1453
363
9652870
1535
-141
51
-5298
-1495
376
9653895
1531
-221
-13
-5163
-1509
403
9654920
1509
-350
-153
-5154
-1432
394
9655945
1436
-550
-361
-5093
-1211
287
9656970
1222
-793
-598
-5019
-987
160
9657995
803
-1053
-864
-4862
-841
66
9659020
268
-1274
-1136
-4732
-804
9
9660045
-249
-1452
-1376
-4711
-774
-78
9661070
-691
-1587
-1573
-4673
-760
-219
9662095
-1010
-1653
-1697
-4650
-812
-335
9663120
-1204
-1673
-1729
-4638
-883
-458
9655936
-1283
-1656
-1682
-4620
-930
-564
9656961
-1279
-1601
-1565
-4634
-920
-667
9657986
-1250
-1530
-1422
-4481
-870
-804
9659011
-1261
-1417
-1287
-4094
-791
-925
9660036
-1326
-1227
-1151
-3768
-797
-922
9661061
-1337
-976
-998
-3576
-888
-781
9662086
-1184
-686
-815
-3445
-957
-588
9663111
-876
-368
-594
-3325
-978
-442
9664136
-484
-48
-344
-3252
-964
-348
9665161
-134
210
-85
-3269
-877
-323
9666186
79
390
162
-3360
-820
-302
9667211
146
492
398
-3492
-766
-238
9668236
63
528
630
-3599
-691
-165
9669261
-146
526
865
-3758
-646
-123
9670286
-456
494
1111
-3981
-624
-121
9671311
-832
433
1384
-4284
-616
-123
9664128
-1233
355
1692
-4640
-666
-160
9665153
-1608
266
2024
-5104
-787
-179
9666178
-1899
174
2342
-5571
-957
-174
9667203
-2050
82
2602
-5896
-1138
-145
9668228
-2069
-10
2769
-6086
-1287
-91
9669253
-2017
-102
2821
-6133
-1335
-79
9670278
-1987
-210
2769
-6108
-1271
-120
9671303
-2044
-341
2652
-6188
-1168
-180
9672328
-2195
-515
2524
-6607
-1022
-325
9673353
-2519
-779
2411
-7297
-895
-653
9674378
-3103
-1157
2276
-7530
-867
-1069
9675403
-3884
-1575
2114
-6768
-957
-1450
9676428
-4718
-1890
1880
-5660
-1093
-1696
9677453
-5384
-2042
1519
-4742
-1334
-1587
9678478
-5543
-2034
1184
-4049
-1496
-1208
9679503
-5219
-1871
987
-3653
-1491
-973
9672319
-4583
-1603
919
-3457
-1550
-934
9673344
-3774
-1310
945
-3329
-1484
-1043
9674369
-3067
-1052
1014
-3235
-1243
-1186
9675394
-2629
-847
1079
-3124
-1036
-1233
9676419
-2459
-674
1132
-3050
-999
-1117
9677444
-2482
-477
1169
-3018
-1064
-954
9678469
-2530
-241
1186
-2972
-1152
-803
9679494
-2492
39
1188
-3003
-1243
-634
9680519
-2350
349
1168
-3068
-1307
-464
9681544
-2147
666
1133
-3193
-1383
-307
9682569
-1895
980
1096
-3339
-1520
-50
9683594
-1476
1300
1061
-3424
-1772
562
9684619
-705
1618
1049
-3553
-2052
1361
9685644
206
1856
1022
-3712
-1793
1682
9686669
656
1969
877
-3975
-1265
1513
9687694
533
1919
638
-4244
-943
1432
9680512
27
1732
444
-4424
-1011
1763
9681537
-505
1502
287
-4448
-1175
2147
9682562
-809
1281
185
-4433
-1211
2381
9683587
-877
1097
119
-4469
-1273
2512
9684612
-789
946
56
-4470
-1269
2637
9685637
-683
824
-12
-4418
-1199
2703
9686662
-651
714
-98
-4376
-1120
2672
9687687
-682
578
-219
-4315
-1082
2564
9688712
-731
443
-354
-4300
-1172
2442
9689737
-729
321
-474
-4407
-1252
2250
9690762
-608
238
-533
-4849
-1360
2125
9691787
-358
76
-593
-4962
-1480
2111
9692812
-83
-95
-705
-4541
-1329
1895
9693837
116
-90
-765
-4921
-1276
1748
9694862
266
-183
-892
-5205
-1260
1650
9695887
427
-344
-1055
-5062
-1134
1529
9688704
521
-494
-1176
-4887
-1052
1336
9689729
518
-630
-1278
-4875
-983
1100
9690754
462
-786
-1367
-4994
-859
891
9691779
334
-964
-1425
-5112
-761
686
9692804
122
-1132
-1434
-5187
-710
509
9693829
-142
-1278
-1407
-5192
-684
311
9694854
-441
-1385
-1364
-5109
-698
137
9695879
-748
-1436
-1324
-4895
-740
3
9696904
-1018
-1416
-1289
-4567
-817
-87
9697929
-1193
-1326
-1248
-4200
-876
-118
9698954
-1235
-1169
-1179
-3870
-942
-76
9699979
-1129
-970
-1064
-3560
-1005
-47
9701004
-898
-747
-895
-3312
-1022
-54
9702029
-595
-522
-674
-3134
-1023
-91
9703054
-269
-321
-416
-3037
-1013
-109
9704079
16
-151
-132
-3033
-950
-123
9697146
175
-17
160
-3106
-857
-98
9698171
152
86
446
-3231
-805
-55
9699196
-20
162
707
-3386
-811
-31
9700221
-272
209
928
-3549
-840
-31
9701246
-533
240
1113
-3779
-890
-54
9702271
-752
258
1277
-4073
-965
-83
9703296
-931
269
1416
-4376
-1021
-134
9704321
-1079
283
1526
-4635
-1077
-174
9705346
-1193
311
1599
-4850
-1152
-175
9706371
-1257
360
1632
-5040
-1248
-105
9707396
-1267
420
1621
-5150
-1346
-21
9708421
-1223
480
1568
-5183
-1409
45
9709446
-1131
529
1471
-5124
-1440
131
9710471
-1011
548
1343
-5035
-1400
205
9711496
-937
518
1206
-5057
-1218
160
9712521
-1014
429
1092
-5321
-989
-18
9705088
-1300
265
1034
-5740
-876
-289
9706113
-1757
41
1026
-5826
-891
-477
9707138
-2237
-177
1028
-5201
-968
-446
9708163
-2580
-262
1025
-4624
-1039
-231
9709188
-2720
-240
952
-4406
-1152
48
9710213
-2654
-209
799
-4202
-1083
173
9711238
-2554
-210
623
-4030
-811
39
9712263
-2604
-271
419
-3859
-546
-232
9713288
-2821
-382
227
-3756
-321
-414
9714313
-3170
-474
114
-3770
-242
-446
9715338
-3483
-518
92
-3832
-426
-389
9716363
-3531
-503
150
-3823
-756
-315
9717388
-3255
-410
282
-3824
-1049
-211
9718413
-2734
-245
447
-3782
-1144
6
9719438
-2157
-33
599
-3630
-976
317
9720463
-1630
220
706
-3499
-992
587
9713280
-1124
444
779
-3520
-1087
790
9714305
-709
588
825
-3558
-1047
940
9715330
-439
679
843
-3605
-949
1046
9716355
-319
738
822
-3734
-898
1112
9717380
-297
760
749
-3867
-867
1195
9718405
-311
751
645
-3990
-773
1312
9719430
-366
726
515
-4096
-762
1402
9720455
-448
674
354
-4144
-726
1477
9721480
-528
602
175
-4097
-675
1541
9722505
-570
538
-2
-4066
-698
1598
9723530
-539
470
-162
-4099
-697
1622
9724555
-469
388
-290
-4197
-655
1595
9725580
-420
286
-389
-4221
-639
1486
9726605
-392
188
-457
-4192
-641
1368
9727630
-350
108
-495
-4167
-681
1290
9728655
-237
72
-513
-4221
-776
1281
9721471
-28
62
-530
-4369
-817
1303
9722496
197
42
-566
-4404
-787
1282
9723521
360
23
-609
-4349
-732
1214
9724546
459
34
-629
-4445
-762
1143
9725571
571
52
-615
-4736
-889
1083
9726596
769
41
-581
-5054
-1029
1016
9727621
1059
0
-530
-5350
-1114
947
9728646
1351
-90
-493
-5388
-1068
916
9729671
1498
-206
-513
-5040
-945
908
9730696
1511
-307
-578
-4514
-836
884
9731721
1516
-376
-636
-4131
-781
818
9732746
1664
-457
-628
-3980
-658
710
9733771
1703
-561
-592
-4110
-433
759
9734796
1277
-699
-585
-4340
-500
619
9735821
969
-882
-507
-4670
-547
302
9736846
728
-1077
-419
-5080
-558
147
9729665
288
-1275
-377
-5298
-645
-29
9730690
-196
-1443
-354
-5377
-775
-230
9731715
-665
-1555
-377
-5383
-915
-373
9732740
-1121
-1626
-489
-5083
-987
-477
9733765
-1508
-1618
-658
-4575
-1002
-558
9734790
-1791
-1501
-865
-4095
-1021
-596
9735815
-1897
-1286
-1082
-3741
-1074
-578
9736840
-1765
-992
-1250
-3580
-1164
-486
9737865
-1390
-658
-1317
-3540
-1222
-406
9738890
-863
-326
-1284
-3559
-1230
-396
9739915
-301
-44
-1174
-3552
-1182
-436
9740940
177
165
-999
-3518
-1028
-440
9741965
431
308
-793
-3479
-864
-401
9742990
458
410
-569
-3471
-799
-338
9744015
349
480
-327
-3480
-765
-248
9745040
181
541
-81
-3534
-777
-176
9737856
29
614
172
-3676
-835
-99
9738881
-77
690
419
-3822
-891
-15
9739906
-137
781
665
-4079
-969
88
9740931
-137
871
889
-4326
-1043
164
9741956
-75
962
1087
-4546
-1103
221
9742981
73
1061
1261
-4796
-1223
344
9744006
337
1164
1418
-5079
-1299
516
9745031
664
1260
1525
-5327
-1336
676
9746056
953
1317
1547
-5451
-1234
779
9747081
1074
1311
1505
-5607
-1001
827
9748106
917
1230
1423
-5888
-707
834
9749131
438
1050
1314
-6085
-478
823
9750156
-314
746
1171
-5752
-406
794
9751181
-1144
390
1014
-5002
-541
756
9752206
-1805
85
857
-4290
-767
768
9753231
-2181
-171
685
-3728
-943
810
9746048
-2307
-368
508
-3371
-1002
792
9747073
-2304
-506
373
-3196
-955
676
9748098
-2301
-610
312
-3168
-924
532
9749123
-2301
-676
327
-3349
-996
451
9750148
-2279
-733
396
-3704
-1102
407
9751173
-2277
-793
479
-3993
-1163
277
9752198
-2315
-815
539
-4164
-1232
101
9753223
-2349
-775
547
-4215
-1353
-17
9754248
-2243
-663
484
-4163
-1566
44
9755273
-1872
-470
357
-3968
-1647
299
9756298
-1233
-194
201
-3645
-1499
649
9757323
-425
137
59
-3450
-1214
864
9758348
374
422
-67
-3488
-976
856
9759373
1004
589
-161
-3664
-776
796
9760398
1345
626
-186
-3852
-537
783
9761423
1178
582
-168
-3979
-319
798
9754241
734
515
-161
-4058
-164
820
9755266
339
435
-191
-4001
-164
832
9756291
185
380
-236
-3933
-320
899
9757316
305
369
-266
-3943
-468
1003
9758341
560
380
-266
-3987
-437
1062
9759366
800
399
-229
-4016
-392
1108
9760391
955
411
-165
-4046
-437
1125
9761416
1045
390
-104
-4068
-548
1081
9762441
1082
327
-72
-4073
-656
1001
9763466
1065
234
-85
-4141
-771
921
9764491
981
112
-152
-4155
-799
822
9765516
827
-1
-248
-4129
-808
684
9766541
685
-65
-320
-4310
-943
587
9767566
649
-118
-357
-4469
-1161
556
9768591
719
-118
-335
-4677
-1309
526
9769616
887
-59
-242
-5135
-1474
527
9762431
1110
-26
-163
-5349
-1591
527
9763456
1330
-9
-133
-5261
-1661
578
9764481
1523
-4
-191
-4912
-1686
621
9765506
1682
-10
-332
-4615
-1594
581
9766531
1841
-54
-506
-4509
-1443
498
9767556
2017
-153
-666
-4549
-1334
442
9768581
2131
-316
-776
-4674
-1258
446
9769606
2071
-531
-842
-4686
-1021
408
9770631
1757
-743
-885
-4649
-769
349
9771656
1233
-936
-915
-4642
-659
258
9772681
675
-1095
-922
-4712
-723
176
9773706
187
-1232
-898
-4868
-810
98
9774731
-237
-1348
-860
-4947
-884
-59
9775756
-595
-1439
-820
-4904
-928
-259
9776781
-900
-1496
-800
-4736
-992
-457
9777806
-1136
-1509
-828
-4446
-1056
-619
9770625
-1292
-1460
-900
-4091
-1107
-713
9771650
-1351
-1324
-989
-3761
-1094
-672
9772675
-1314
-1104
-1057
-3525
-1064
-541
9773700
-1161
-823
-1070
-3441
-1099
-388
9774725
-886
-506
-1003
-3473
-1140
-265
9775750
-552
-207
-875
-3503
-1186
-243
9776775
-227
43
-710
-3449
-1125
-262
9777800
-6
240
-513
-3417
-987
-236
9778825
84
386
-313
-3446
-912
-171
9779850
96
486
-114
-3495
-879
-76
9780875
57
561
89
-3550
-884
36
9781900
17
634
310
-3633
-936
169
9782925
-8
702
548
-3794
-981
257
9783950
-50
765
786
-3986
-1005
286
9784975
-89
842
1009
-4173
-1069
397
9786000
-28
935
1206
-4337
-1173
609
9778816
161
1026
1373
-4530
-1194
755
9779841
372
1113
1513
-4746
-1157
862
9780866
525
1192
1619
-4961
-1147
955
9781891
587
1223
1683
-5124
-1104
986
9782916
512
1193
1693
-5200
-984
945
9783941
310
1121
1673
-5314
-931
945
9784966
69
955
1599
-5218
-922
996
9785991
-235
734
1491
-4998
-748
943
9787016
-711
537
1422
-5232
-599
794
9788041
-1340
276
1372
-5466
-664
576
9789066
-1949
-19
1356
-5531
-853
449
9790091
-2464
-311
1354
-5291
-1053
409
9791116
-2883
-532
1312
-4833
-1221
365
9792141
-3230
-645
1201
-4523
-1426
343
9793166
-3438
-725
1004
-4139
-1570
300
9794191
-3434
-741
778
-3719
-1707
257
9787007
-3174
-690
546
-3385
-1795
246
9788032
-2699
-605
325
-3143
-1630
202
9789057
-2145
-481
146
-3075
-1323
165
9790082
-1595
-351
56
-3164
-1145
157
9791107
-1100
-236
70
-3417
-1029
171
9792132
-753
-139
158
-3867
-1106
200
9793157
-654
-81
237
-4168
-1143
162
9794182
-674
0
264
-4224
-1005
156
9795207
-581
139
209
-4221
-951
304
9796232
-312
303
67
-4073
-984
535
9797257
94
493
-96
-3865
-970
763
9798282
558
668
-228
-3798
-845
906
9799307
1035
770
-305
-3806
-485
1037
9800332
1367
787
-327
-3859
-149
1123
9801357
1422
744
-313
-3974
12
1112
9802382
1234
671
-271
-4103
50
1070
9795201
932
589
-214
-4203
35
1036
9796226
684
500
-165
-4186
-34
1021
9797251
640
427
-135
-4110
-208
1039
9798276
828
379
-120
-4005
-386
1081
9799301
1107
362
-97
-3898
-444
1097
9800326
1355
381
-52
-3844
-509
1102
9801351
1553
408
7
-3879
-590
1115
9802376
1724
418
61
-4005
-740
1084
9803401
1871
384
95
-4232
-886
1025
9804426
1964
292
86
-4399
-986
980
9805451
1964
169
39
-4558
-1028
895
9806476
1833
15
-56
-4658
-983
773
9807501
1562
-159
-203
-4618
-917
599
9808526
1262
-297
-362
-4527
-999
458
9809551
1108
-365
-476
-4665
-1212
435
9810576
1128
-397
-525
-4988
-1418
444
9803392
1300
-405
-503
-5354
-1548
392
9804417
1533
-411
-439
-5601
-1616
361
9805442
1701
-471
-430
-5291
-1601
315
9806467
1736
-519
-513
-4761
-1503
268
9807492
1707
-539
-660
-4528
-1387
279
9808517
1710
-596
-835
-4562
-1294
295
9809542
1685
-729
-1007
-4670
-1167
232
9810567
1491
-906
-1152
-4754
-981
121
9811592
1110
-1087
-1252
-4815
-812
9
9812617
621
-1257
-1317
-4921
-711
-101
9813642
113
-1406
-1353
-5018
-719
-250
9814667
-335
-1516
-1351
-5020
-799
-404
9815692
-674
-1571
-1307
-4949
-912
-549
9816717
-884
-1571
-1237
-4848
-1033
-697
9817742
-964
-1509
-1175
-4691
-1121
-778
9818767
-945
-1396
-1153
-4316
-1101
-814
9811583
-907
-1205
-1172
-3901
-1047
-759
9812608
-857
-938
-1203
-3626
-981
-639
9813633
-740
-628
-1209
-3470
-962
-509
9814658
-525
-297
-1155
-3392
-998
-412
9815683
-217
20
-1020
-3370
-1049
-359
9816708
117
284
-822
-3383
-1051
-310
9817733
373
488
-590
-3380
-943
-256
9818758
524
633
-341
-3343
-865
-198
9819783
558
722
-90
-3283
-824
-114
9820808
476
787
162
-3291
-812
-73
9821833
308
843
415
-3369
-805
-68
9822858
85
913
673
-3552
-823
-48
9823883
-122
1000
928
-3815
-897
7
9824908
-223
1101
1170
-4087
-1011
72
9825933
-178
1224
1398
-4323
-1139
167
9826958
-1
1366
1595
-4552
-1278
292
9819776
293
1517
1754
-4810
-1373
462
9820801
672
1659
1862
-5071
-1431
618
9821826
1064
1767
1903
-5337
-1418
713
9822851
1379
1808
1881
-5619
-1316
785
9823876
1479
1733
1777
-5729
-1098
874
9824901
1199
1521
1576
-5529
-720
935
9825926
466
1254
1359
-5422
-354
916
9826951
-587
952
1176
-5525
-197
818
9827976
-1728
584
1045
-5709
-280
663
9829001
-2709
161
986
-5791
-658
512
9830026
-3295
-258
939
-5404
-1149
333
9831051
-3482
-571
919
-4840
-1355
363
9832076
-3594
-754
878
-4417
-1505
459
9833101
-3632
-854
733
-3993
-1713
463
9834126
-3409
-892
557
-3581
-1716
435
9835151
-3030
-870
385
-3253
-1609
353
9827968
-2607
-797
222
-3044
-1454
232
9828993
-2159
-680
114
-3160
-1344
190
9830018
-1700
-574
76
-3497
-1358
144
9831043
-1305
-504
82
-3810
-1262
88
9832068
-1065
-441
102
-4029
-1223
37
9833093
-954
-350
87
-4255
-1206
0
9834118
-883
-248
-26
-4256
-987
12
9835143
-780
-100
-219
-4033
-877
174
9836168
-544
116
-411
-3789
-842
436
9837193
-129
350
-528
-3654
-743
661
9838218
385
543
-559
-3668
-462
790
9839243
852
646
-511
-3728
-162
857
9840268
1138
662
-407
-3888
-126
887
9841293
1203
620
-286
-4139
-14
897
9842318
1073
530
-183
-4313
310
891
9843343
788
420
-155
-4345
459
900
9836313
478
321
-191
-4262
396
932
9837338
308
265
-220
-4134
192
988
9838363
403
255
-184
-4100
-52
1011
9839388
695
260
-92
-4101
-141
1001
9840413
958
267
21
-4085
-179
988
9841438
1067
287
114
-4069
-306
948
9842463
1094
300
173
-4086
-513
887
9843488
1120
292
196
-4135
-694
836
9844513
1134
251
181
-4157
-783
780
9845538
1123
207
139
-4130
-877
734
9846563
1113
180
93
-4173
-1000
715
9847588
1145
153
38
-4199
-1120
711
9848613
1214
129
-31
-4186
-1205
725
9849638
1295
128
-104
-4251
-1253
702
9850663
1382
136
-169
-4459
-1341
711
9851688
1479
95
-264
-4417
-1361
709
9844352
1578
86
-331
-4607
-1368
684
9845377
1721
66
-346
-5144
-1496
728
9846402
1936
-33
-335
-5649
-1568
800
9847427
2124
-231
-331
-5781
-1478
823
9848452
2042
-527
-441
-5303
-1204
680
9849477
1606
-801
-673
-4839
-892
547
9850502
996
-1049
-982
-4688
-721
486
9851527
398
-1292
-1327
-4738
-677
386
9852552
-77
-1533
-1641
-4880
-681
256
9853577
-499
-1756
-1878
-5064
-618
70
9854602
-904
-1933
-2006
-5350
-562
-158
9855627
-1315
-2086
-2046
-5635
-565
-398
9856652
-1714
-2197
-2026
-5757
-647
-585
9857677
-2032
-2218
-1955
-5638
-778
-719
9858702
-2199
-2133
-1842
-5342
-922
-796
9859727
-2207
-1952
-1741
-4898
-1002
-801
9852544
-2069
-1673
-1655
-4415
-1046
-741
9853569
-1809
-1316
-1582
-3918
-1005
-628
9854594
-1452
-904
-1505
-3519
-959
-454
9855619
-977
-484
-1389
-3262
-935
-273
9856644
-418
-122
-1214
-3113
-903
-155
9857669
104
138
-974
-3019
-826
-136
9858694
497
298
-679
-2941
-713
-109
9859719
693
359
-335
-2858
-590
-62
9860744
651
348
38
-2776
-509
-30
9861769
425
314
435
-2722
-461
-3
9862794
62
276
855
-2795
-452
20
9863819
-396
238
1293
-3037
-481
26
9864844
-868
190
1723
-3291
-518
21
9865869
-1305
170
2166
-3678
-605
-18
9866894
-1677
174
2629
-4221
-784
-107
9867919
-1949
190
3064
-4795
-971
-180
9860739
-2126
226
3410
-5309
-1195
-210
9861764
-2181
289
3624
-5747
-1518
-128
9862789
-2070
366
3689
-6104
-1818
38
9863814
-1819
457
3590
-6371
-1959
168
9864839
-1510
525
3342
-6470
-1898
139
9865864
-1253
526
2991
-6491
-1761
-31
9866889
-1159
446
2561
-6409
-1690
-148
9867914
-1328
293
2088
-6153
-1539
-179
9868939
-1797
97
1617
-5842
-1404
-152
9869964
-2470
-136
1176
-5504
-1335
-256
9870989
-3153
-356
812
-5427
-1250
-441
9872014
-3764
-588
533
-5434
-1185
-642
9873039
-4258
-807
343
-5366
-1220
-953
9874064
-4632
-979
268
-5360
-1328
-1349
9875089
-4906
-1148
273
-5078
-1428
-1748
9876114
-5041
-1260
321
-4554
-1526
-1887
9868929
-4932
-1248
397
-4070
-1633
-1683
9869954
-4541
-1100
487
-3673
-1667
-1333
9870979
-3882
-819
592
-3518
-1646
-982
9872004
-3024
-470
695
-3474
-1429
-751
9873029
-2192
-115
765
-3463
-1020
-679
9874054
-1608
170
782
-3484
-695
-652
9875079
-1271
348
771
-3570
-559
-620
9876104
-1140
438
774
-3763
-378
-582
9877129
-1284
472
783
-3955
-219
-526
9878154
-1596
498
793
-4099
-291
-410
9879179
-1857
546
803
-4183
-446
-189
9880204
-1907
624
790
-4159
-503
72
9881229
-1725
733
744
-4096
-549
296
9882254
-1386
862
664
-4030
-544
482
9883279
-1020
988
558
-3994
-464
662
9884304
-760
1069
437
-3939
-280
785
9877121
-731
1091
316
-3913
-155
806
9878146
-961
1075
219
-4018
-217
764
9879171
-1327
987
143
-4056
-228
699
9880196
-1691
845
98
-3924
-207
667
9881221
-1992
716
84
-3855
-433
666
9882246
-2170
606
78
-3850
-699
698
9883271
-2211
524
72
-3895
-860
759
9884296
-2170
470
50
-3977
-910
810
9885321
-2100
437
-4
-4009
-924
827
9886346
-2038
432
-78
-4071
-929
842
9887371
-1978
432
-161
-4117
-947
857
9888396
-1920
435
-250
-4172
-926
920
9889421
-1843
427
-341
-4174
-859
1013
9890446
-1773
413
-420
-4207
-769
1083
9891471
-1759
381
-477
-4177
-745
1063
9892496
-1734
356
-505
-4083
-822
1073
9885312
-1586
356
-492
-4147
-954
1109
9886337
-1276
360
-463
-4346
-1113
1185
9887362
-847
355
-438
-4484
-1205
1288
9888387
-364
347
-413
-4571
-1195
1385
9889412
61
331
-405
-4717
-1131
1459
9890437
367
265
-438
-4781
-1020
1539
9891462
513
129
-508
-4626
-864
1514
9892487
482
-31
-586
-4570
-780
1367
9893512
383
-208
-640
-4735
-833
1234
9894537
360
-436
-660
-4893
-955
1106
9895562
460
-696
-630
-4992
-996
915
9896587
561
-925
-559
-5149
-917
709
9897612
476
-1129
-511
-5378
-796
670
9898637
41
-1304
-547
-5501
-895
593
9899662
-313
-1458
-616
-5436
-998
366
9900687
-583
-1557
-728
-5273
-998
213
9893505
-913
-1590
-887
-5045
-1033
95
9894530
-1202
-1591
-1080
-4707
-1008
12
9895555
-1419
-1539
-1286
-4318
-1000
-43
9896580
-1542
-1428
-1468
-3992
-1017
-92
9897605
-1538
-1279
-1583
-3781
-1022
-139
9898630
-1407
-1117
-1608
-3654
-1049
-170
9899655
-1163
-958
-1532
-3567
-1060
-173
9900680
-864
-810
-1355
-3500
-1036
-164
9901705
-588
-675
-1101
-3456
-994
-157
9902730
-401
-554
-805
-3420
-932
-157
9903755
-370
-442
-503
-3363
-826
-166
9904780
-503
-322
-216
-3318
-761
-188
9905805
-712
-191
46
-3312
-783
-218
9906830
-884
-43
284
-3328
-873
-244
9907855
-944
121
510
-3399
-996
-221
9908880
-891
294
727
-3499
-1072
-153
9901695
-763
475
949
-3697
-1136
-98
9902720
-584
649
1173
-3946
-1203
-40
9903745
-377
816
1393
-4213
-1251
60
9904770
-116
982
1619
-4628
-1353
240
9905795
215
1126
1808
-5083
-1469
424
9906820
534
1216
1905
-5327
-1438
521
9907845
683
1254
1900
-5358
-1281
555
9908870
581
1234
1801
-5400
-1121
578
9909895
275
1136
1639
-5474
-978
642
9910920
-175
959
1437
-5522
-891
684
9911945
-758
716
1229
-5564
-766
575
9912970
-1438
449
1064
-5742
-758
404
9913995
-2023
171
957
-5903
-1054
351
9915020
-2386
-145
868
-5607
-1274
403
9916045
-2609
-406
768
-4910
-1323
440
9917070
-2784
-568
615
-4167
-1328
435
9909888
-2875
-646
414
-3582
-1351
401
9910913
-2806
-664
236
-3317
-1315
363
9911938
-2636
-686
98
-3150
-1264
268
9912963
-2374
-701
22
-3053
-1208
206
9913988
-2059
-716
21
-3079
-1096
130
9915013
-1830
-719
89
-3419
-991
8
9916038
-1739
-733
173
-3839
-906
-124
9917063
-1802
-739
230
-4201
-839
-281
9918088
-1983
-701
204
-4324
-862
-416
9919113
-2123
-566
79
-4227
-904
-336
9920138
-2019
-318
-87
-4043
-941
11
9921163
-1551
7
-222
-3785
-912
475
9922188
-773
365
-283
-3569
-795
753
9923213
64
646
-276
-3424
-476
762
9924238
763
795
-200
-3432
-265
704
9925263
1098
820
-65
-3589
-90
753
9918080
993
780
62
-3834
47
813
9919105
657
700
142
-4082
165
850
9920130
228
594
147
-4289
244
806
9921155
-218
483
72
-4334
273
811
9922180
-545
414
-22
-4275
98
892
9923205
-565
414
-66
-4246
-252
1033
9924230
-252
439
-33
-4094
-404
1129
9925255
191
502
69
-3933
-425
1172
9926280
537
579
204
-3920
-471
1187
9927305
771
634
326
-3961
-627
1182
9928330
980
636
408
-4034
-855
1201
9929355
1182
585
440
-4069
-1028
1212
9930380
1323
516
428
-4155
-1073
1166
9931405
1338
426
370
-4318
-1077
1077
9932430
1228
296
255
-4433
-1060
967
9933455
1045
164
115
-4619
-1107
879
9926272
865
24
-39
-4774
-1249
814
9927297
785
-102
-189
-4856
-1406
745
9928322
864
-171
-289
-5126
-1572
750
9929347
1087
-230
-349
-5389
-1699
795
9930372
1427
-287
-362
-5596
-1736
814
9931397
1728
-398
-397
-5488
-1637
760
9932422
1866
-548
-515
-5050
-1472
656
9933447
1840
-693
-701
-4726
-1299
588
9934472
1737
-848
-913
-4650
-1171
509
9935497
1623
-1030
-1107
-4699
-1047
447
9936522
1415
-1231
-1257
-4812
-865
334
9937547
1058
-1434
-1356
-4902
-664
141
9938572
616
-1610
-1389
-4998
-600
-15
9939597
181
-1758
-1350
-5116
-685
-122
9940622
-175
-1857
-1252
-5264
-838
-172
9941647
-457
-1905
-1127
-5386
-933
-253
9934464
-725
-1904
-1036
-5309
-935
-404
9935489
-1013
-1852
-1031
-4971
-912
-554
9936514
-1306
-1745
-1117
-4494
-930
-646
9937539
-1532
-1561
-1265
-4013
-886
-681
9938564
-1634
-1296
-1420
-3611
-868
-646
9939589
-1535
-971
-1512
-3391
-928
-544
9940614
-1182
-618
-1483
-3251
-1017
-434
9941639
-617
-277
-1321
-3145
-1104
-334
9942664
6
9
-1051
-3062
-1062
-268
9943689
490
227
-721
-2983
-898
-223
9944714
721
387
-377
-2912
-754
-183
9945739
710
490
-34
-2855
-637
-114
9946764
509
560
290
-2854
-573
-45
9947789
210
629
613
-2956
-587
3
9948814
-121
701
950
-3191
-658
20
9949839
-426
775
1291
-3477
-758
25
9942656
-656
869
1629
-3757
-850
42
9943681
-755
1004
1974
-4201
-994
101
9944706
-644
1168
2312
-4745
-1253
256
9945731
-290
1358
2588
-5272
-1523
468
9946756
237
1567
2753
-5660
-1713
649
9947781
781
1764
2751
-5942
-1725
713
9948806
1184
1851
2554
-6084
-1560
753
9949831
1316
1770
2162
-5881
-1170
827
9950856
1004
1552
1679
-5515
-602
797
9951881
204
1326
1285
-5691
-226
674
9952906
-892
1059
1038
-6251
-257
466
9953931
-1862
672
934
-6583
-668
324
9954956
-2587
162
896
-6000
-1027
300
9955981
-3095
-228
869
-4980
-1308
439
9957006
-3378
-443
787
-4118
-1494
660
9958031
-3488
-542
604
-3418
-1632
761
9950849
-3292
-533
413
-3000
-1653
768
9951874
-2860
-472
278
-2856
-1635
688
9952899
-2320
-399
177
-2942
-1717
553
9953924
-1713
-356
124
-3238
-1737
424
9954949
-1183
-370
114
-3585
-1545
320
9955974
-944
-400
110
-3889
-1332
285
9956999
-1036
-409
76
-4123
-1146
267
9958024
-1261
-372
-4
-4224
-1112
200
9959049
-1349
-273
-140
-4207
-1328
193
9960074
-1177
-113
-304
-4111
-1423
320
9961099
-702
121
-449
-4026
-1394
567
9962124
21
385
-568
-4001
-1241
822
9963149
835
604
-651
-3950
-824
1016
9964174
1572
758
-662
-3946
-374
1156
9965199
2070
805
-593
-4037
-100
1251
9966224
2145
742
-509
-4169
88
1235
9959040
1867
612
-431
-4239
336
1147
9960065
1413
459
-358
-4264
414
1022
9961090
1016
303
-299
-4240
359
872
9962115
859
167
-250
-4227
117
800
9963140
895
61
-216
-4234
-132
800
9964165
1058
-16
-159
-4194
-261
769
9965190
1228
-46
-95
-4100
-388
755
9966215
1361
-28
-4
-4084
-595
744
9967240
1514
-10
107
-4084
-765
741
9968265
1560
10
183
-4108
-886
734
9969290
1524
-7
198
-4043
-1023
654
9970315
1494
-64
151
-3976
-1073
538
9971340
1396
-139
60
-4002
-1072
390
9972365
1242
-211
-31
-4197
-1100
292
9973390
1093
-293
-116
-4366
-1196
243
9974415
954
-344
-188
-4487
-1275
213
9967231
823
-335
-229
-4693
-1356
187
9968256
770
-287
-246
-4951
-1502
189
9969281
877
-238
-270
-5007
-1696
219
9970306
1154
-186
-318
-4818
-1829
255
9971331
1561
-126
-401
-4649
-1856
278
9972356
1977
-118
-542
-4546
-1704
256
9973381
2248
-176
-734
-4467
-1461
211
9974406
2298
-286
-934
-4455
-1261
168
9975431
2107
-443
-1120
-4503
-1045
131
9976456
1715
-609
-1273
-4526
-869
88
9977481
1278
-741
-1365
-4614
-813
31
9978506
924
-853
-1370
-4761
-838
-38
9979531
649
-940
-1292
-4895
-884
-119
9980556
393
-993
-1157
-4953
-923
-216
9981581
124
-1019
-1003
-4829
-938
-346
9982606
-146
-1003
-860
-4608
-949
-474
9975481
-381
-943
-759
-4269
-987
-576
9976506
-537
-829
-705
-3898
-1064
-608
9977531
-585
-646
-670
-3658
-1125
-556
9978556
-490
-411
-634
-3566
-1182
-450
9979581
-234
-153
-586
-3593
-1213
-299
9980606
130
105
-523
-3641
-1217
-199
9981631
487
331
-457
-3680
-1136
-205
9982656
701
489
-394
-3713
-993
-232
9983681
743
588
-326
-3713
-913
-230
9984706
643
640
-233
-3697
-836
-172
9985731
447
676
-112
-3655
-801
-64
9986756
242
724
33
-3640
-814
57
9987781
82
789
220
-3790
-844
125
9988806
-25
854
436
-4019
-895
183
9989831
-95
910
652
-4276
-939
232
9990856
-150
954
866
-4563
-979
247
9983617
-199
988
1059
-4826
-1032
267
9984642
-198
1019
1217
-5069
-1120
384
9985667
-122
1038
1322
-5199
-1200
533
9986692
-33
1049
1355
-5223
-1178
659
9987717
-16
1044
1319
-5238
-1052
734
9988742
-108
998
1248
-5307
-912
752
9989767
-274
904
1185
-5461
-904
795
9990792
-496
703
1110
-5312
-879
757
9991817
-798
463
1037
-4944
-838
712
9992842
-1156
235
962
-4681
-879
757
9993867
-1540
-14
839
-4375
-913
829
9994892
-1823
-247
662
-3928
-994
766
9995917
-1993
-451
463
-3433
-855
613
9996942
-2225
-569
307
-3218
-765
477
9997967
-2445
-620
209
-3348
-780
358
9998992
-2566
-689
167
-3513
-753
183
9991808
-2618
-738
184
-3630
-880
-22
9992833
-2533
-714
257
-3894
-1213
-109
9993858
-2223
-640
345
-4164
-1463
-105
9994883
-1693
-501
404
-4278
-1533
-43
9995908
-1015
-284
402
-4177
-1469
159
9996933
-308
-6
326
-3895
-1241
439
9997958
293
317
194
-3693
-1036
633
9998983
788
607
41
-3734
-1001
696
10000008
1220
775
-84
-3863
-914
764
10001033
1537
814
-149
-3987
-591
818
10002058
1539
746
-183
-4006
-279
800
10003083
1240
639
-205
-4019
-102
758
10004108
799
515
-209
-4033
-79
752
10005133
395
402
-216
-4024
-127
770
10006158
225
312
-217
-4005
-277
813
10007183
384
258
-207
-4013
-421
861
10000001
675
235
-183
-4047
-369
912
10001026
834
234
-150
-4031
-262
938
10002051
846
241
-106
-4045
-306
916
10003076
822
226
-54
-4162
-423
892
10004101
799
165
-18
-4232
-582
830
10005126
789
74
-11
-4258
-715
761
10006151
768
-25
-51
-4257
-821
687
10007176
707
-119
-135
-4216
-882
568
10008201
654
-166
-215
-4305
-974
474
10009226
661
-175
-274
-4488
-1132
463
10010251
766
-177
-309
-4508
-1249
444
10011276
928
-141
-314
-4445
-1321
412
10012301
1129
-66
-293
-4463
-1452
444
10013326
1381
-2
-271
-4500
-1536
424
10014351
1697
53
-223
-4759
-1631
417
10015376
2035
36
-181
-4883
-1660
423
10008192
2320
-26
-137
-4933
-1617
435
10009217
2507
-136
-107
-4955
-1565
459
10010242
2534
-317
-127
-4867
-1393
433
10011267
2301
-537
-214
-4700
-1109
330
10012292
1784
-750
-348
-4682
-895
216
10013317
1137
-944
-484
-4840
-899
143
10014342
577
-1136
-592
-4969
-1006
70
10015367
126
-1308
-665
-4915
-1040
-62
10016392
-232
-1408
-707
-4825
-1110
-239
10017417
-522
-1458
-751
-4734
-1155
-389
10018442
-783
-1481
-831
-4533
-1124
-535
10019467
-1056
-1454
-949
-4255
-1095
-674
10020492
-1319
-1357
-1089
-4014
-1068
-783
10021517
-1493
-1193
-1221
-3827
-1067
-786
10022542
-1495
-970
-1299
-3676
-1108
-736
10023567
-1275
-688
-1283
-3545
-1180
-671
10016383
-860
-382
-1163
-3489
-1278
-620
10017408
-348
-90
-965
-3458
-1270
-601
10018433
142
177
-718
-3436
-1162
-580
10019458
488
395
-469
-3402
-1011
-519
10020483
615
570
-243
-3399
-900
-475
10021508
583
719
-30
-3531
-878
-414
10022533
479
835
168
-3699
-896
-341
10023558
377
943
364
-3875
-920
-249
10024583
290
1053
561
-4067
-966
-162
10025608
213
1171
749
-4290
-969
-55
10026633
197
1297
963
-4614
-967
127
10027658
390
1428
1221
-4956
-1014
385
10028683
871
1566
1490
-5375
-1363
577
10029708
1462
1657
1651
-5616
-1492
603
10030733
1957
1624
1627
-5519
-1097
611
10031758
2140
1506
1437
-5608
-638
796
10024576
1891
1304
1119
-5826
-316
1112
10025601
1182
1015
774
-5770
3
1356
10026626
159
681
529
-5220
116
1385
10027651
-797
395
453
-4653
-175
1237
10028676
-1370
154
506
-4452
-536
1162
10029701
-1617
-108
574
-4270
-707
1178
10030726
-1742
-368
611
-3970
-840
1135
10031751
-1822
-586
587
-3585
-903
931
10032776
-2010
-777
498
-3229
-787
713
10033801
-2384
-904
379
-3090
-783
537
10034826
-2735
-975
290
-3269
-903
381
10035851
-2927
-1044
245
-3467
-1112
205
10036876
-2940
-1071
261
-3611
-1309
30
10037901
-2799
-1031
336
-3833
-1494
-100
10038926
-2511
-937
421
-4004
-1691
-127
10039951
-2075
-787
473
-3978
-1873
-35
10032768
-1523
-552
468
-3832
-1972
220
10033793
-945
-250
388
-3660
-1921
490
10034818
-371
89
235
-3575
-1833
665
10035843
230
407
42
-3645
-1799
682
10036868
827
633
-157
-3782
-1747
675
10037893
1378
747
-329
-3909
-1692
684
10038918
1812
763
-463
-3954
-1469
627
10039943
1984
727
-560
-3979
-1232
617
10040968
1872
659
-628
-3961
-1070
709
10041993
1594
595
-675
-3880
-1007
819
10043018
1306
568
-710
-3905
-1009
902
10044043
1145
554
-741
-3876
-1066
936
10045068
1183
575
-748
-3827
-1178
943
10046093
1408
627
-692
-4030
-1259
933
10047118
1743
648
-590
-4335
-1281
956
10048143
2063
590
-493
-4488
-1136
924
10040960
2232
494
-405
-4671
-913
894
10041985
2154
339
-369
-4818
-787
835
10043010
1866
137
-423
-4625
-765
665
10044035
1587
36
-458
-4687
-923
575
10045060
1402
-56
-422
-4921
-1040
591
10046085
1253
-146
-323
-5120
-1110
510
10047110
1226
-206
-163
-5365
-1304
449
10048135
1261
-295
-33
-5316
-1429
370
10049160
1313
-404
38
-5076
-1379
327
10050185
1276
-510
-1
-4816
-1345
307
10051210
1184
-624
-125
-4610
-1337
269
10052235
1072
-753
-306
-4480
-1246
217
10053260
888
-888
-522
-4455
-1081
163
10054285
591
-1026
-743
-4494
-976
108
10055310
219
-1163
-939
-4507
-901
34
10056335
-188
-1271
-1076
-4599
-836
-75
10049278
-576
-1355
-1159
-4748
-831
-216
10050303
-912
-1433
-1206
-4804
-850
-382
10051328
-1185
-1491
-1217
-4697
-880
-546
10052353
-1387
-1497
-1196
-4519
-916
-680
10053378
-1522
-1453
-1165
-4235
-938
-782
10054403
-1597
-1337
-1125
-3948
-929
-808
10055428
-1624
-1148
-1060
-3715
-926
-775
10056453
-1577
-889
-957
-3585
-963
-664
10057478
-1407
-586
-802
-3494
-1028
-538
10058503
-1094
-266
-598
-3358
-1087
-405
10059528
-709
44
-352
-3268
-1068
-295
10060553
-375
296
-100
-3248
-967
-283
10061578
-148
473
143
-3285
-914
-251
10062603
-13
584
382
-3306
-903
-194
10063628
19
640
619
-3317
-861
-152
10064653
-55
669
861
-3426
-817
-121
10057344
-225
683
1137
-3676
-805
-100
10058369
-461
686
1454
-4067
-836
-70
10059394
-706
674
1801
-4539
-925
-30
10060419
-932
658
2166
-5086
-1054
-14
10061444
-1145
629
2485
-5528
-1201
-50
10062469
-1326
583
2695
-5803
-1374
-57
10063494
-1465
525
2773
-5922
-1527
-7
10064519
-1568
451
2699
-5902
-1653
74
10065544
-1677
353
2485
-5815
-1630
110
10066569
-1827
227
2156
-5698
-1539
117
10067594
-2011
68
1758
-5659
-1402
93
10068619
-2259
-138
1367
-5823
-1242
-58
10069644
-2639
-403
1031
-6290
-1113
-408
10070669
-3167
-733
795
-6871
-1019
-700
10071694
-3909
-1139
655
-6747
-949
-969
10072719
-4742
-1498
563
-5883
-1054
-1199
10065536
-5468
-1709
422
-4802
-1216
-1278
10066561
-5895
-1777
221
-3946
-1405
-1118
10067586
-5812
-1729
80
-3454
-1578
-813
10068611
-5283
-1593
60
-3174
-1677
-660
10069636
-4423
-1402
140
-3018
-1710
-651
10070661
-3362
-1197
308
-3128
-1623
-714
10071686
-2342
-1045
492
-3127
-1378
-819
10072711
-1656
-939
659
-3033
-1046
-875
10073736
-1488
-816
802
-3085
-852
-842
10074761
-1745
-667
928
-3270
-783
-776
10075786
-2231
-481
1048
-3415
-867
-698
10076811
-2644
-227
1163
-3468
-1113
-611
10077836
-2758
84
1248
-3394
-1356
-481
10078861
-2545
439
1288
-3220
-1447
-265
10079886
-1955
844
1338
-3215
-1532
175
10080911
-866
1231
1397
-3345
-1821
806
10073728
479
1549
1415
-3466
-1888
1243
10074753
1571
1754
1356
-3592
-1513
1261
10075778
1994
1846
1182
-3896
-1040
1075
10076803
1696
1806
973
-4245
-463
1195
10077828
881
1641
756
-4568
-185
1520
10078853
-104
1383
488
-4742
-286
1793
10079878
-928
1080
209
-4646
-410
1931
10080903
-1418
831
-24
-4483
-624
1990
10081928
-1470
649
-187
-4457
-949
1983
10082953
-1154
475
-300
-4469
-1014
2039
10083978
-719
317
-370
-4486
-917
2119
10085003
-421
168
-425
-4497
-636
2110
10086028
-360
34
-499
-4487
-463
1985
10087053
-411
-87
-611
-4447
-497
1772
10088078
-389
-172
-723
-4539
-607
1585
10089103
-203
-195
-779
-5083
-789
1523
10081921
122
-322
-818
-5421
-755
1440
10082946
283
-570
-933
-4860
-528
1121
10083971
267
-625
-1012
-4861
-660
977
10084996
240
-727
-1120
-4910
-786
920
10086021
228
-876
-1259
-4587
-795
796
10087046
252
-949
-1327
-4456
-845
678
10088071
302
-1011
-1334
-4448
-883
582
10089096
317
-1091
-1313
-4410
-840
493
10090121
242
-1160
-1251
-4392
-749
367
10091146
54
-1196
-1131
-4483
-685
213
10092171
-215
-1197
-951
-4743
-715
82
10093196
-486
-1197
-742
-4932
-821
-18
10094221
-721
-1186
-543
-4813
-933
-107
10095246
-923
-1117
-376
-4452
-1012
-165
10096271
-1108
-979
-284
-4069
-1081
-184
10097296
-1241
-803
-288
-3707
-1132
-163
10090112
-1277
-588
-348
-3414
-1096
-121
10091137
-1179
-346
-410
-3198
-1093
-72
10092162
-924
-95
-433
-3122
-1139
-34
10093187
-531
127
-380
-3189
-1212
-36
10094212
-73
296
-247
-3304
-1162
7
10095237
270
408
-60
-3421
-1021
98
10096262
375
473
151
-3526
-931
129
10097287
238
501
373
-3727
-865
143
10098312
-79
499
577
-3969
-870
156
10099337
-432
486
748
-4171
-936
167
10100362
-736
473
884
-4336
-1012
157
10101387
-976
474
973
-4508
-1102
129
10102412
-1139
498
1009
-4644
-1186
136
10103437
-1205
541
995
-4701
-1313
186
10104462
-1166
603
936
-4652
-1392
270
10105487
-1060
678
840
-4573
-1392
359
10098305
-914
753
731
-4538
-1333
429
10099330
-764
796
639
-4540
-1258
472
10100355
-641
792
593
-4520
-1214
508
10101380
-584
749
609
-4473
-1107
527
10102405
-646
687
689
-4573
-996
561
10103430
-840
576
801
-4736
-923
540
10104455
-1175
414
920
-4950
-834
437
10105480
-1667
206
1029
-5159
-804
280
10106505
-2248
-35
1104
-5303
-858
142
10107530
-2873
-317
1083
-5274
-893
-76
10108555
-3569
-604
972
-5356
-854
-457
10109580
-4312
-858
839
-5896
-821
-884
10110605
-4977
-1124
639
-6054
-830
-1402
10111630
-5334
-1307
400
-5472
-997
-1738
10112655
-5217
-1328
150
-4418
-1280
-1594
10113680
-4658
-1170
-76
-3617
-1231
-1204
10106495
-3920
-910
-235
-3279
-694
-880
10107520
-3287
-659
-322
-3258
-281
-771
10108545
-2868
-516
-333
-3415
-52
-905
10109570
-2794
-526
-251
-3531
210
-1070
10110595
-3116
-597
-89
-3624
81
-1111
10111620
-3438
-658
125
-3634
-312
-1032
10112645
-3464
-661
355
-3619
-649
-863
10113670
-3196
-562
569
-3678
-883
-658
10114695
-2728
-365
747
-3746
-1107
-403
10115720
-2145
-90
880
-3713
-1272
-70
10116745
-1496
234
975
-3651
-1375
253
10117770
-834
556
1025
-3632
-1393
485
10118795
-243
824
1020
-3649
-1287
633
10119820
214
1010
980
-3718
-1175
701
10120845
514
1120
914
-3875
-1123
730
10121870
617
1149
837
-4045
-980
795
10114688
460
1109
741
-4162
-828
883
10115713
108
1032
614
-4272
-781
984
10116738
-322
930
444
-4314
-799
1047
10117763
-690
833
248
-4314
-839
1084
10118788
-870
752
55
-4300
-902
1118
10119813
-781
695
-104
-4305
-1084
1196
10120838
-480
648
-219
-4347
-1110
1306
10121863
-166
603
-302
-4329
-947
1375
10122888
67
557
-361
-4249
-802
1413
10123913
205
505
-399
-4177
-687
1437
10124938
257
440
-426
-4152
-615
1416
10125963
283
362
-440
-4124
-635
1348
10126988
344
280
-438
-4143
-721
1251
10128013
487
199
-419
-4214
-841
1190
10129038
712
124
-398
-4292
-921
1178
10130063
956
61
-388
-4334
-939
1163
10122880
1148
22
-396
-4408
-959
1110
10123905
1302
3
-401
-4659
-1025
1076
10124930
1443
-67
-418
-4828
-1013
1054
10125955
1496
-176
-448
-4830
-944
900
10126980
1525
-236
-402
-5293
-1089
836
10128005
1617
-378
-314
-5794
-1187
824
10129030
1750
-623
-238
-5771
-1084
668
10130055
1943
-868
-164
-5273
-993
384
10131080
1855
-1054
-202
-4841
-760
414
10132105
1132
-1179
-430
-4535
-816
497
10133130
652
-1261
-654
-4443
-1132
357
10134155
926
-1352
-727
-4558
-1174
235
10135180
1055
-1461
-808
-4745
-1029
334
10136205
815
-1557
-839
-4827
-1141
42
10137230
804
-1672
-743
-5022
-960
-151
10138255
610
-1771
-630
-5271
-967
-239
10131072
290
-1861
-530
-5378
-1025
-353
10132097
-45
-1917
-445
-5382
-1020
-475
10133122
-425
-1926
-426
-5199
-1060
-582
10134147
-857
-1891
-514
-4817
-1108
-700
10135172
-1344
-1786
-714
-4392
-1021
-828
10136197
-1872
-1600
-1015
-3952
-871
-856
10137222
-2286
-1315
-1338
-3614
-865
-743
10138247
-2424
-949
-1578
-3438
-1014
-597
10139272
-2219
-527
-1683
-3363
-1179
-523
10140297
-1710
-111
-1643
-3296
-1298
-520
10141322
-1010
243
-1477
-3226
-1217
-529
10142347
-305
518
-1222
-3160
-1053
-498
10143372
218
702
-924
-3083
-876
-437
10144397
511
833
-599
-3023
-714
-335
10145422
604
924
-223
-2960
-472
-179
10146447
530
1008
191
-2948
-403
-71
10139264
343
1119
638
-3193
-535
-18
10140289
99
1240
1097
-3646
-681
35
10141314
-147
1343
1521
-4071
-759
90
10142339
-345
1452
1886
-4504
-852
167
10143364
-404
1580
2196
-5042
-1028
277
10144389
-198
1733
2491
-5713
-1298
475
10145414
290
1909
2728
-6403
-1617
713
10146439
938
2041
2784
-6681
-1781
867
10147464
1440
2031
2604
-6422
-1443
922
10148489
1464
1887
2259
-6239
-856
948
10149514
885
1584
1819
-6175
-187
946
10150539
-341
1167
1418
-6229
289
838
10151564
-1904
671
1137
-6237
7
684
10152589
-3029
82
986
-5718
-723
375
10153614
-3502
-434
870
-4963
-1088
169
10154639
-3826
-851
779
-4343
-1068
307
10147456
-4264
-1165
615
-3790
-1212
331
10148481
-4559
-1361
391
-3374
-1303
176
10149506
-4656
-1456
195
-3243
-1298
9
10150531
-4636
-1491
63
-3296
-1397
-156
10151556
-4465
-1483
-14
-3355
-1597
-387
10152581
-4118
-1424
-27
-3413
-1720
-591
10153606
-3669
-1291
14
-3569
-1749
-699
10154631
-3165
-1090
75
-3663
-1799
-702
10155656
-2560
-804
121
-3514
-1870
-559
10156681
-1849
-397
147
-3313
-1799
-243
10157706
-1092
90
141
-3086
-1461
150
10158731
-234
611
100
-3092
-1410
472
10159756
719
1083
49
-3347
-1478
609
10160781
1692
1434
14
-3691
-1272
754
10161806
2506
1615
-41
-4023
-912
795
10162831
2981
1606
-138
-4320
-424
764
10155669
2841
1419
-223
-4419
228
961
10156694
2138
1194
-257
-4362
759
1365
10157719
1213
978
-270
-4242
937
1565
10158744
398
802
-303
-4170
706
1631
10159769
48
677
-306
-4188
245
1695
10160794
221
562
-253
-4183
-136
1738
10161819
648
464
-149
-4183
-420
1675
10162844
1076
385
-25
-4268
-622
1564
10163869
1380
298
69
-4334
-789
1448
10164894
1540
202
111
-4465
-918
1328
10165919
1577
94
105
-4646
-1012
1195
10166944
1498
-47
47
-4702
-1071
1044
10167969
1354
-182
-47
-4663
-1157
863
10168994
1265
-255
-125
-4841
-1319
772
10170019
1290
-319
-171
-5200
-1479
718
10171044
1424
-379
-170
-5580
-1626
660
10163840
1652
-467
-136
-5640
-1760
631
10164865
1886
-592
-148
-5112
-1729
565
10165890
2049
-658
-214
-4689
-1616
544
10166915
2161
-736
-327
-4480
-1539
514
10167940
2246
-865
-458
-4354
-1413
358
10168965
2250
-992
-542
-4596
-1284
234
10169990
2154
-1130
-554
-5146
-1168
217
10171015
1934
-1327
-520
-5658
-976
182
10172040
1456
-1563
-512
-5792
-817
64
10173065
741
-1760
-556
-5597
-805
-109
10174090
-55
-1894
-675
-5390
-861
-280
10175115
-830
-1993
-892
-5145
-902
-471
10176140
-1478
-2034
-1178
-4769
-903
-659
10177165
-1977
-1973
-1483
-4375
-938
-810
10178190
-2291
-1800
-1779
-4028
-1025
-869
10179215
-2339
-1537
-2004
-3729
-1111
-842
10172032
-2081
-1189
-2095
-3490
-1162
-739
10173057
-1583
-795
-2036
-3344
-1226
-627
10174082
-929
-393
-1841
-3233
-1249
-550
10175107
-235
-28
-1554
-3137
-1161
-475
10176132
317
265
-1226
-3025
-974
-363
10177157
633
503
-893
-2987
-831
-269
10178182
751
672
-560
-3034
-767
-174
10179207
717
786
-253
-3096
-742
-46
10180232
607
885
35
-3165
-750
118
10181257
488
988
329
-3346
-804
301
10182282
391
1089
628
-3561
-857
421
10183307
310
1205
918
-3800
-842
509
10184332
291
1352
1228
-4123
-925
737
10185357
440
1506
1542
-4499
-1052
1005
10186382
683
1634
1819
-4822
-1047
1111
10187407
786
1708
2002
-5056
-904
1081
10180224
616
1735
2100
-5459
-800
1020
10181249
243
1651
2068
-5682
-809
1048
10182274
-233
1415
1858
-5366
-628
999
10183299
-790
1183
1628
-5257
-420
830
10184324
-1348
947
1453
-5473
-496
611
10185349
-1852
622
1334
-5633
-659
366
10186374
-2255
310
1350
-5772
-889
256
10187399
-2541
4
1461
-5677
-1152
288
10188424
-2739
-231
1565
-5275
-1371
366
10189449
-2869
-338
1596
-4891
-1569
472
10190474
-2866
-380
1540
-4529
-1718
648
10191499
-2763
-384
1391
-4095
-1710
717
10192524
-2659
-376
1150
-3667
-1569
559
10193549
-2560
-353
855
-3402
-1463
319
10194574
-2393
-302
583
-3464
-1539
195
10195599
-2100
-266
366
-3725
-1740
226
10188446
-1722
-260
220
-3872
-1761
209
10189471
-1381
-217
144
-3975
-1684
150
10190496
-1104
-132
89
-4090
-1694
147
10191521
-846
-20
9
-4110
-1652
230
10192546
-633
127
-121
-3952
-1539
349
10193571
-411
318
-282
-3694
-1438
516
10194596
-78
543
-421
-3560
-1273
721
10195621
402
738
-499
-3551
-1091
897
10196646
932
870
-519
-3620
-835
1000
10197671
1383
940
-483
-3751
-534
1113
10198696
1645
943
-410
-3962
-390
1165
10199721
1696
892
-341
-4188
-256
1173
10200746
1586
796
-303
-4331
-31
1177
10201771
1372
665
-307
-4289
136
1150
10202796
1150
548
-343
-4186
79
1127
10203821
1091
453
-376
-4097
-200
1125
10196609
1293
363
-376
-3972
-482
1104
10197634
1634
291
-337
-3855
-615
1022
10198659
1940
251
-257
-3910
-727
940
10199684
2185
212
-147
-4086
-863
884
10200709
2388
163
-21
-4328
-984
846
10201734
2522
91
98
-4578
-1064
820
10202759
2516
-39
151
-4617
-1088
734
10203784
2325
-177
136
-4583
-1069
616
10204809
1995
-296
77
-4725
-1067
552
10205834
1653
-416
-4
-4955
-1137
515
10206859
1450
-529
-76
-5229
-1296
492
10207884
1350
-670
-155
-5239
-1428
441
10208909
1244
-794
-269
-4968
-1468
316
10209934
1146
-870
-412
-4739
-1433
234
10210959
1082
-926
-586
-4560
-1364
222
10211984
1092
-960
-749
-4466
-1333
229
10204800
1168
-994
-867
-4424
-1327
174
10205825
1255
-1020
-918
-4460
-1264
90
10206850
1306
-1041
-896
-4627
-1183
11
10207875
1305
-1074
-798
-4944
-1146
-48
10208900
1243
-1134
-645
-5214
-1135
-103
10209925
1078
-1207
-479
-5250
-1114
-166
10210950
766
-1252
-347
-5116
-1064
-233
10211975
324
-1264
-299
-4927
-1040
-320
10213000
-210
-1277
-383
-4575
-1068
-459
10214025
-791
-1260
-583
-4126
-1009
-621
10215050
-1370
-1170
-856
-3758
-951
-715
10216075
-1810
-996
-1133
-3540
-981
-668
10217100
-1969
-749
-1342
-3436
-1071
-572
10218125
-1806
-446
-1432
-3400
-1223
-524
10219150
-1337
-114
-1387
-3441
-1360
-468
10220175
-657
204
-1219
-3490
-1369
-367
10212992
44
471
-964
-3520
-1229
-260
10214017
547
685
-687
-3513
-1055
-183
10215042
838
864
-419
-3526
-941
-66
10216067
941
984
-175
-3544
-832
172
10217092
921
1077
57
-3624
-772
438
10218117
861
1155
308
-3779
-707
573
10219142
710
1205
558
-3914
-645
557
10220167
433
1250
819
-4166
-649
538
10221192
80
1285
1087
-4594
-697
586
10222217
-266
1275
1319
-4967
-690
650
10223242
-557
1227
1510
-5267
-768
712
10224267
-776
1135
1636
-5303
-855
765
10225292
-987
1020
1683
-5146
-829
771
10226317
-1222
927
1701
-5208
-821
769
10227342
-1454
793
1683
-5335
-849
726
10228367
-1630
615
1677
-5490
-887
639
10221183
-1801
394
1713
-5637
-964
537
10222208
-2047
133
1744
-5463
-1024
442
10223233
-2346
-77
1761
-5292
-1097
458
10224258
-2673
-258
1712
-5141
-1249
454
10225283
-2982
-433
1554
-4790
-1406
348
10226308
-3174
-571
1321
-4347
-1541
249
10227333
-3216
-668
1033
-3877
-1608
149
10228358
-3115
-718
712
-3487
-1540
16
10229383
-2907
-694
422
-3341
-1461
-75
10230408
-2592
-627
206
-3355
-1544
-95
10231433
-2174
-528
96
-3479
-1654
-113
10232458
-1728
-418
58
-3587
-1710
-111
10233483
-1318
-286
44
-3640
-1685
-99
10234508
-968
-110
20
-3735
-1601
-40
10235533
-704
90
-67
-3739
-1500
81
10236558
-507
321
-215
-3693
-1482
203
10229376
-281
566
-398
-3673
-1482
297
10230401
32
797
-588
-3739
-1552
385
10231426
479
996
-758
-3911
-1647
519
10232451
1067
1143
-894
-4182
-1648
648
10233476
1695
1221
-1021
-4481
-1491
727
10234501
2176
1200
-1171
-4712
-1093
897
10235526
2226
939
-1272
-5129
914
2099
10236551
1725
-168
-656
-5603
6078
4188
10237576
-474
-1002
-53
-4360
4185
3138
10238601
-1679
-382
-52
-3821
-485
990
10239626
-560
-5
-43
-3699
-785
596
10240651
544
167
25
-3732
-710
775
10241676
1361
204
201
-3959
-858
1124
10242701
1469
247
387
-3703
-897
1007
10243726
917
469
347
-3479
-1331
634
10244751
718
608
372
-3576
-1409
570
10237568
971
646
443
-3671
-1449
655
10238593
1376
644
513
-3738
-1585
729
10239618
1740
608
569
-3843
-1603
780
10240643
1917
565
547
-4034
-1503
792
10241668
1944
485
455
-4234
-1382
742
10242693
1921
396
346
-4632
-1370
723
10243718
1887
273
224
-5080
-1465
769
10244743
1798
103
48
-5278
-1453
765
10245768
1678
-27
-121
-5615
-1436
784
10246793
1560
-190
-299
-5907
-1453
734
10247818
1518
-383
-472
-6025
-1471
671
10248843
1501
-617
-658
-5749
-1378
613
10249868
1420
-828
-872
-5331
-1222
565
10250893
1280
-1000
-1105
-5059
-1107
528
10251918
1124
-1171
-1330
-4892
-986
468
10252943
922
-1336
-1512
-4856
-858
363
10245760
667
-1503
-1646
-4850
-776
240
10246785
376
-1665
-1725
-4856
-707
143
10247810
43
-1819
-1753
-4845
-647
43
10248835
-321
-1945
-1731
-4791
-604
-79
10249860
-689
-2019
-1650
-4782
-610
-230
10250885
-1008
-2048
-1516
-4826
-693
-376
10251910
-1242
-2034
-1344
-4879
-780
-507
10252935
-1395
-1978
-1154
-4877
-865
-637
10253960
-1491
-1883
-986
-4686
-925
-781
10254985
-1582
-1730
-881
-4296
-912
-922
10256010
-1663
-1497
-844
-3841
-936
-888
10257035
-1615
-1173
-820
-3518
-989
-698
10258060
-1362
-786
-766
-3359
-1028
-452
10259085
-906
-369
-655
-3302
-1070
-252
10260110
-323
23
-486
-3275
-1079
-191
10261135
223
321
-280
-3268
-1004
-216
10253952
611
517
-58
-3274
-890
-208
10254977
789
618
177
-3263
-784
-141
10256002
725
650
409
-3186
-698
-51
10257027
463
654
630
-3064
-598
6
10258052
66
663
883
-3159
-560
46
10259077
-394
666
1163
-3409
-605
66
10260102
-826
662
1457
-3630
-685
94
10261127
-1174
672
1792
-3905
-797
104
10262152
-1420
695
2149
-4238
-964
88
10263177
-1558
726
2483
-4571
-1094
88
10264202
-1611
770
2759
-4935
-1242
120
10265227
-1594
828
2959
-5347
-1407
210
10266252
-1515
892
3070
-5756
-1600
301
10267277
-1390
938
3064
-6112
-1741
363
10268302
-1304
923
2936
-6299
-1713
360
10269327
-1392
828
2689
-6362
-1609
298
10262145
-1715
643
2330
-6289
-1469
185
10263170
-2286
390
1900
-6123
-1297
27
10264195
-3046
107
1442
-5897
-1200
-161
10265220
-3786
-176
1007
-5609
-1296
-287
10266245
-4394
-445
633
-5316
-1344
-381
10267270
-4843
-649
380
-5274
-1376
-515
10268295
-5147
-837
238
-5367
-1404
-742
10269320
-5373
-1030
197
-5446
-1447
-1079
10270345
-5499
-1216
253
-5435
-1550
-1424
10271370
-5490
-1384
369
-5173
-1676
-1716
10272395
-5321
-1476
481
-4644
-1812
-1765
10273420
-4947
-1431
548
-3994
-1917
-1441
10274445
-4345
-1225
582
-3570
-1974
-911
10275470
-3571
-905
598
-3485
-1690
-515
10276495
-2811
-539
581
-3472
-1123
-440
10277520
-2126
-174
559
-3445
-746
-471
10270335
-1556
101
559
-3649
-741
-461
10271360
-1181
242
606
-3990
-583
-494
10272385
-1109
268
663
-4233
-376
-622
10273410
-1382
220
694
-4138
-245
-679
10274435
-1801
193
710
-3882
-332
-519
10275460
-2099
247
712
-3798
-452
-144
10276485
-2124
344
684
-3747
-495
170
10277510
-1928
480
641
-3728
-549
284
10278535
-1659
625
613
-3822
-569
284
10279560
-1421
746
607
-3993
-601
300
10280585
-1260
833
603
-4111
-647
376
10281610
-1178
901
574
-4073
-727
487
10282635
-1139
965
531
-3953
-797
641
10283660
-1130
1033
483
-3894
-852
775
10284685
-1149
1073
421
-3846
-882
860
10285710
-1191
1084
361
-3818
-901
981
10278528
-1255
1063
324
-3819
-921
1121
10279553
-1414
980
299
-3767
-864
1122
10280578
-1720
881
279
-3700
-872
1072
10281603
-2039
808
262
-3811
-991
1124
10282628
-2276
719
229
-3982
-1091
1190
10283653
-2385
639
162
-4109
-1230
1374
10284678
-2311
579
80
-4279
-1303
1560
10285703
-2203
515
-20
-4363
-1282
1661
10286728
-2101
477
-129
-4424
-1315
1823
10287753
-2008
429
-251
-4357
-1363
1858
10288778
-1854
406
-368
-4271
-1483
1915
10289803
-1499
412
-449
-4340
-1624
2033
10290828
-958
389
-488
-4506
-1671
2123
10291853
-389
301
-509
-4602
-1612
2128
10292878
29
148
-558
-4449
-1427
1939
10293903
230
24
-622
-4536
-1243
1798
10286721
271
-119
-708
-4806
-1177
1706
10287746
286
-315
-818
-4989
-1197
1584
10288771
344
-537
-922
-5044
-1222
1426
10289796
413
-760
-1005
-4951
-1207
1228
10290821
530
-969
-1062
-4838
-1069
1038
10291846
438
-1132
-1147
-4982
-964
963
10292871
239
-1273
-1182
-5325
-1046
607
10293896
216
-1459
-1158
-5708
-1013
311
10294921
108
-1657
-1118
-5938
-1088
113
10295946
-28
-1835
-1070
-5864
-1105
-43
10296971
-200
-1927
-1027
-5717
-1085
-142
10297996
-450
-1945
-1046
-5453
-1059
-191
10299021
-756
-1897
-1147
-4999
-1018
-208
10300046
-1088
-1766
-1309
-4503
-964
-229
10301071
-1388
-1565
-1501
-4141
-938
-256
10302096
-1585
-1321
-1691
-3910
-929
-292
10294915
-1615
-1063
-1833
-3731
-965
-321
10295940
-1459
-814
-1880
-3552
-1001
-341
10296965
-1160
-596
-1810
-3402
-1001
-354
10297990
-811
-422
-1627
-3261
-909
-323
10299015
-504
-286
-1337
-3168
-804
-280
10300040
-328
-190
-968
-3056
-697
-231
10301065
-327
-99
-545
-2914
-660
-169
10302090
-438
4
-83
-2804
-679
-118
10303115
-618
122
376
-2725
-674
-74
10304140
-828
273
819
-2775
-697
-31
10305165
-991
443
1245
-2946
-774
-20
10306190
-1031
614
1659
-3170
-913
-46
10307215
-932
798
2085
-3471
-1079
-53
10308240
-697
994
2523
-3897
-1250
17
10309265
-364
1201
2916
-4445
-1466
152
10310290
-13
1413
3186
-5003
-1702
337
10303104
300
1615
3290
-5481
-1864
496
10304129
555
1760
3223
-5823
-2013
528
10305154
764
1813
2998
-6018
-2072
516
10306179
892
1779
2660
-6134
-2017
552
10307204
886
1678
2253
-6198
-1876
662
10308229
701
1503
1818
-6226
-1729
810
10309254
303
1235
1366
-6038
-1503
868
10310279
-331
945
925
-5991
-1197
822
10311304
-1136
606
516
-5839
-1077
791
10312329
-1927
241
149
-5346
-1081
667
10313354
-2572
-30
-114
-5230
-1091
529
10314379
-3021
-269
-267
-5228
-1215
427
10315404
-3165
-484
-301
-5042
-1436
369
10316429
-3013
-678
-261
-4534
-1602
312
10317454
-2707
-809
-203
-3855
-1571
251
10318479
-2309
-817
-128
-3552
-1433
331
10311295
-1849
-803
-85
-3410
-1298
479
10312320
-1419
-804
-100
-3217
-1037
518
10313345
-1190
-819
-157
-3033
-647
388
10314370
-1280
-861
-249
-2890
-274
100
10315395
-1630
-888
-347
-2977
-109
-264
10316420
-2045
-885
-437
-3266
-113
-574
10317445
-2240
-831
-494
-3618
-360
-646
10318470
-2025
-727
-495
-3956
-658
-559
10319495
-1472
-572
-438
-4144
-699
-460
10320520
-793
-319
-322
-4193
-537
-327
10321545
-144
16
-200
-4087
-373
-131
10322570
353
360
-119
-3864
-129
70
10323595
660
672
-59
-3777
-15
181
10324620
859
892
13
-3861
-87
333
10325645
1031
988
102
-3945
-145
451
10326670
1159
990
191
-3977
-60
444
10319489
1191
948
260
-4026
-87
424
10320514
1166
888
306
-4155
-203
489
10321539
1143
815
328
-4278
-288
636
10322564
1142
743
322
-4377
-370
766
10323589
1163
668
287
-4417
-452
842
10324614
1196
597
241
-4402
-528
927
10325639
1236
533
205
-4420
-611
1002
10326664
1276
463
181
-4464
-666
1047
10327689
1285
362
160
-4451
-667
1032
10328714
1220
238
131
-4386
-684
965
10329739
1089
115
99
-4371
-744
881
10330764
959
-19
57
-4373
-858
805
10331789
884
-156
-1
-4334
-973
714
10332814
880
-272
-66
-4256
-1120
633
10333839
948
-352
-131
-4160
-1232
556
10334864
1068
-391
-184
-4118
-1286
482
10327681
1213
-394
-231
-4095
-1312
447
10328706
1360
-376
-280
-4032
-1331
436
10329731
1490
-339
-332
-3901
-1326
416
10330756
1595
-260
-362
-4043
-1331
413
10331781
1702
-200
-361
-4380
-1385
436
10332806
1778
-201
-359
-4537
-1320
314
10333831
1835
-136
-234
-5469
-1400
382
10334856
1928
-183
-61
-6487
-1567
594
10335881
2005
-390
46
-6628
-1687
622
10336906
1902
-674
20
-5883
-1606
475
10337931
1459
-955
-223
-5038
-1293
307
10338956
838
-1183
-665
-4566
-1022
171
10339981
282
-1353
-1208
-4509
-754
71
10341006
-124
-1509
-1707
-4608
-738
37
10342031
-420
-1655
-2082
-4693
-858
-41
10343056
-570
-1750
-2276
-4840
-925
-170
10335871
-604
-1802
-2296
-5211
-964
-266
10336896
-626
-1849
-2194
-5525
-929
-383
10337921
-668
-1871
-2012
-5460
-883
-511
10338946
-750
-1811
-1771
-5201
-882
-602
10339971
-889
-1663
-1535
-4942
-863
-606
10340996
-1067
-1465
-1379
-4587
-822
-635
10342021
-1241
-1233
-1322
-4058
-817
-660
10343046
-1338
-948
-1313
-3597
-796
-616
10344071
-1304
-624
-1300
-3284
-811
-521
10345096
-1091
-289
-1243
-3068
-853
-391
10346121
-697
32
-1101
-2939
-898
-266
10347146
-194
296
-853
-2863
-847
-174
10348171
251
491
-533
-2752
-704
-85
10349196
542
637
-161
-2668
-635
-14
10350221
642
724
241
-2642
-574
39
10351246
541
780
652
-2662
-514
71
10344065
275
835
1068
-2802
-513
87
10345090
-81
888
1492
-3055
-551
117
10346115
-437
938
1913
-3331
-587
149
10347140
-748
1010
2344
-3705
-683
154
10348165
-992
1105
2782
-4217
-833
111
10349190
-1140
1212
3193
-4838
-1017
91
10350215
-1139
1337
3544
-5521
-1321
167
10351240
-911
1497
3795
-6174
-1712
347
10352265
-401
1689
3885
-6726
-2124
571
10353290
307
1840
3743
-7011
-2350
738
10354315
975
1865
3322
-6811
-2164
832
10355340
1249
1721
2669
-6286
-1535
889
10356365
840
1479
1910
-5896
-733
802
10357390
-195
1235
1217
-6116
-309
736
10358415
-1560
808
649
-5950
-393
509
10359440
-2800
366
257
-5717
-698
105
10352256
-3709
-11
69
-5992
-1058
-103
10353281
-4181
-460
39
-5939
-1621
-204
10354306
-4085
-892
108
-5030
-2141
-134
10355331
-3703
-1167
102
-3440
-2181
-148
10356356
-3331
-1143
2
-2393
-1703
-317
10357381
-3061
-946
-192
-2179
-1121
-484
10358406
-2776
-697
-407
-2526
-743
-431
10359431
-2490
-469
-535
-3113
-702
-387
10360456
-2284
-300
-557
-3419
-817
-440
10361481
-2127
-136
-461
-3464
-898
-434
10362506
-1921
65
-282
-3654
-1164
-270
10363531
-1541
276
-102
-3878
-1235
69
10364556
-929
497
32
-4076
-1389
362
10365581
-138
699
75
-4175
-1509
563
10366606
684
849
28
-4126
-1282
731
10367631
1383
948
-94
-4081
-1039
817
10360447
1919
969
-260
-4087
-795
892
10361472
2203
898
-415
-4176
-294
1023
10362497
2085
744
-521
-4296
346
1129
10363522
1602
532
-580
-4375
587
1159
10364547
967
318
-582
-4426
426
1067
10365572
456
120
-538
-4397
196
939
10366597
266
-39
-470
-4321
-160
878
10367622
398
-144
-414
-4348
-421
869
10368647
654
-220
-405
-4278
-536
804
10369672
876
-244
-413
-4201
-663
717
10370697
1051
-221
-391
-4352
-810
658
10371722
1221
-224
-348
-4500
-910
612
10372747
1382
-259
-284
-4469
-1026
535
10373772
1509
-291
-201
-4331
-1152
479
10374797
1568
-326
-135
-4133
-1210
420
10375822
