Device = VHR-0009
time_stamp = 1779782996569
sample_rate = 50
Data format = INT16
TYPE = 6-AXIS IMU RAW DATA
58
-30
3
-1435
-2656
3185
124032
-25
-12
0
-1355
-2653
3120
125057
-56
0
17
-1453
-2636
3146
126082
-49
-19
48
-1468
-2676
3155
127107
-61
-42
73
-1427
-2767
3119
128132
-74
-51
71
-1471
-2814
3096
129157
-57
-52
66
-1410
-2843
3053
130182
-36
-38
58
-1392
-2852
3053
131207
-9
-21
45
-1429
-2850
3065
132232
38
-16
38
-1422
-2836
3056
133257
64
-10
31
-1463
-2776
3066
134282
74
-11
35
-1465
-2731
3090
135307
78
-17
37
-1473
-2716
3132
136332
91
-23
40
-1459
-2701
3166
137357
101
-31
44
-1441
-2676
3158
138382
92
-37
46
-1438
-2647
3145
139407
75
-39
46
-1433
-2632
3141
132224
-1
5
60
-1371
-2572
3142
133249
-51
4
39
-1524
-2802
3205
134274
66
-25
33
-1408
-2656
3158
135299
26
-7
14
-1480
-2630
3162
136324
-1
-9
10
-1459
-2681
3139
137349
-2
-4
9
-1475
-2685
3152
138374
3
-3
8
-1477
-2682
3170
139399
1
-4
7
-1462
-2674
3165
140424
-6
-3
5
-1450
-2679
3171
141449
-10
2
0
-1431
-2680
3184
142474
-16
6
-4
-1426
-2666
3189
143499
-28
6
-5
-1427
-2650
3181
144524
-40
6
-3
-1428
-2652
3160
145549
-40
7
-2
-1422
-2671
3149
146574
-38
11
-2
-1438
-2691
3155
147599
1
-4
7
-1462
-2674
3165
140424
-6
-3
5
-1450
-2679
3171
141449
-10
2
0
-1431
-2680
3184
142474
-16
6
-4
-1426
-2666
3189
143499
-28
6
-5
-1427
-2650
3181
144524
-40
6
-3
-1428
-2652
3160
145549
-40
7
-2
-1422
-2671
3149
146574
-38
11
-2
-1438
-2691
3155
147599
-31
14
-5
-1431
-2700
3161
140632
-31
21
-11
-1420
-2703
3171
141657
-40
26
-18
-1420
-2726
3169
142682
-50
26
-25
-1419
-2753
3148
143707
-52
23
-27
-1402
-2758
3128
144732
-42
25
-34
-1394
-2785
3104
145757
-19
33
-42
-1404
-2790
3097
146782
0
39
-49
-1413
-2774
3082
147807
0
41
-58
-1413
-2766
3066
148832
-9
45
-64
-1413
-2777
3048
149857
7
59
-63
-1377
-2782
3001
150882
40
66
-67
-1367
-2893
3044
151907
68
94
-85
-1490
-2828
3069
152932
79
86
-82
-1479
-2742
3069
153957
58
78
-85
-1487
-2715
3102
154982
59
67
-69
-1518
-2668
3127
156007
60
47
-39
-1507
-2673
3116
148608
56
41
-25
-1529
-2695
3097
149633
43
40
-27
-1553
-2683
3092
150658
30
32
-37
-1532
-2690
3098
151683
30
28
-43
-1548
-2697
3125
152708
37
27
-38
-1596
-2669
3130
153733
34
27
-31
-1585
-2632
3138
154758
6
29
-28
-1578
-2598
3163
155783
-29
23
-23
-1603
-2594
3152
156808
-42
-2
-5
-1597
-2632
3131
157833
-44
-23
12
-1558
-2684
3119
158858
-44
-30
24
-1500
-2741
3113
159883
-42
-32
30
-1444
-2788
3103
160908
-39
-25
23
-1462
-2810
3083
161933
-21
-30
15
-1498
-2799
3056
162958
-5
-35
12
-1520
-2777
3043
163983
1
-35
14
-1539
-2765
3056
156801
6
-36
21
-1546
-2735
3058
157826
5
-34
30
-1515
-2712
3048
158851
-5
-29
35
-1496
-2710
3057
159876
-11
-30
42
-1494
-2718
3073
160901
-4
-38
51
-1503
-2717
3093
161926
9
-49
58
-1520
-2706
3116
162951
28
-61
70
-1520
-2691
3138
163976
34
-71
86
-1534
-2671
3155
165001
23
-83
98
-1526
-2660
3165
166026
13
-96
109
-1512
-2655
3168
167051
10
-107
124
-1491
-2649
3166
168076
7
-115
139
-1469
-2670
3171
169101
7
-121
148
-1450
-2695
3180
170126
3
-123
148
-1444
-2690
3173
171151
-4
-122
142
-1452
-2669
3166
172176
-9
-123
136
-1467
-2643
3169
164992
-17
-126
132
-1458
-2635
3201
166017
-33
-129
129
-1451
-2631
3218
167042
-54
-131
125
-1435
-2631
3208
168067
-73
-132
124
-1416
-2656
3193
169092
-78
-132
123
-1401
-2680
3174
170117
-71
-129
118
-1391
-2706
3151
171142
-66
-121
109
-1389
-2713
3152
172167
-66
-107
95
-1381
-2715
3134
173192
-69
-88
79
-1375
-2728
3124
174217
-68
-69
62
-1376
-2748
3136
175242
-58
-55
48
-1381
-2743
3141
176267
-47
-46
36
-1382
-2735
3135
177292
-42
-41
26
-1380
-2728
3123
178317
-38
-30
16
-1372
-2723
3124
179342
-34
-16
9
-1378
-2723
3128
180367
-32
-8
3
-1387
-2731
3153
173183
-29
-9
0
-1390
-2745
3165
174208
-20
-9
-3
-1388
-2730
3162
175233
-11
-9
-3
-1382
-2705
3158
176258
-14
-7
-3
-1374
-2686
3156
177283
-18
-3
-2
-1375
-2696
3150
178308
-22
0
0
-1370
-2717
3163
179333
-21
4
-2
-1366
-2741
3162
180358
-17
9
-5
-1385
-2746
3153
181383
-10
10
-10
-1408
-2748
3140
182408
-2
11
-17
-1424
-2726
3130
183433
0
14
-22
-1450
-2708
3118
184458
-3
15
-21
-1444
-2714
3120
185483
-9
19
-24
-1447
-2720
3129
186508
-7
22
-25
-1440
-2736
3133
187533
-5
24
-27
-1426
-2739
3129
188558
-3
25
-27
-1413
-2721
3125
181376
-1
25
-25
-1419
-2721
3134
182401
1
21
-21
-1425
-2710
3139
183426
3
17
-18
-1415
-2698
3139
184451
-4
14
-13
-1419
-2702
3148
185476
-17
13
-7
-1426
-2700
3152
186501
-25
8
0
-1430
-2722
3153
187526
-16
-1
7
-1423
-2751
3142
188551
1
-10
13
-1423
-2749
3132
189576
14
-12
15
-1419
-2743
3124
190601
14
-11
14
-1411
-2734
3117
191626
13
-6
11
-1412
-2737
3118
192651
15
-1
8
-1414
-2739
3127
193676
19
3
5
-1406
-2734
3132
194701
22
4
4
-1412
-2730
3141
195726
23
3
3
-1417
-2724
3138
196751
27
3
3
-1420
-2738
3119
189568
32
8
0
-1429
-2730
3125
190593
36
11
-6
-1431
-2720
3140
191618
35
12
-9
-1428
-2717
3150
192643
39
11
-9
-1424
-2706
3155
193668
38
11
-8
-1418
-2689
3162
194693
30
10
-9
-1417
-2680
3156
195718
24
12
-12
-1416
-2691
3154
196743
23
15
-13
-1428
-2706
3147
197768
24
18
-16
-1417
-2705
3143
198793
20
22
-22
-1431
-2704
3146
199818
16
28
-28
-1433
-2705
3144
200843
19
31
-29
-1437
-2697
3161
201868
22
31
-31
-1448
-2695
3160
202893
21
28
-31
-1440
-2691
3156
203918
15
25
-28
-1429
-2684
3157
204943
12
26
-25
-1436
-2691
3159
197759
16
25
-25
-1439
-2700
3151
198784
20
25
-27
-1440
-2700
3143
199809
17
27
-30
-1438
-2689
3151
200834
14
28
-33
-1442
-2689
3144
201859
7
30
-32
-1452
-2691
3156
202884
3
31
-29
-1448
-2702
3148
203909
9
29
-30
-1448
-2704
3151
204934
13
28
-32
-1448
-2687
3154
205959
5
29
-31
-1452
-2685
3148
206984
-7
28
-26
-1440
-2697
3152
208009
-7
27
-23
-1425
-2719
3151
209034
0
29
-23
-1420
-2733
3135
210059
3
34
-28
-1403
-2734
3120
211084
0
43
-37
-1378
-2726
3130
212109
6
58
-51
-1385
-2709
3156
213134
22
68
-66
-1465
-2657
3138
205952
32
54
-64
-1602
-2610
3127
206977
28
21
-21
-1593
-2636
3176
208002
8
-14
17
-1538
-2694
3203
209027
-4
-35
27
-1472
-2742
3109
210052
-14
-15
6
-1446
-2739
3015
211077
-17
20
-18
-1425
-2736
3039
212102
-10
43
-34
-1429
-2731
3157
213127
-9
50
-42
-1459
-2697
3225
214152
-12
34
-27
-1454
-2666
3200
215177
-3
6
-5
-1467
-2665
3174
216202
26
-19
16
-1475
-2679
3200
217227
50
-36
40
-1457
-2652
3213
218252
25
-47
52
-1446
-2658
3163
219277
-18
-47
57
-1445
-2697
3107
220302
-22
-42
62
-1444
-2741
3090
221327
4
-38
66
-1435
-2763
3109
214144
16
-33
60
-1431
-2713
3175
215169
-34
-41
59
-1466
-2596
3193
216194
-145
-63
72
-1454
-2594
3168
217219
-208
-74
85
-1440
-2651
3158
218244
-276
-35
127
-1301
-2492
3114
219269
-454
12
157
-1615
-2756
3168
220294
-361
-77
142
-1389
-2778
3069
221319
-358
-55
123
-1436
-2809
3063
222344
-323
-41
92
-1444
-2878
3048
223369
-267
-24
63
-1420
-2766
3007
224394
-296
1
35
-1510
-2749
3016
225419
-261
-15
6
-1453
-2837
3017
226444
-226
9
-11
-1473
-2833
3008
227469
-244
24
-21
-1473
-2793
2976
228494
-297
27
-31
-1463
-2823
2980
229519
-325
33
-41
-1473
-2888
3003
222335
-323
35
-37
-1487
-2843
2979
223360
-357
21
-23
-1471
-2824
2952
224385
-418
10
-15
-1503
-2869
2977
225410
-451
-10
-7
-1520
-2930
3006
226435
-442
-43
-2
-1545
-2949
2955
227460
-459
-72
20
-1588
-2868
2816
228485
-560
-94
42
-1519
-2827
2776
229510
-735
-99
67
-1462
-2861
2763
230535
-905
-67
103
-1355
-3008
2670
231560
-949
-6
142
-1690
-3430
2670
232585
-703
-109
111
-1488
-3242
2503
233610
-773
-100
81
-1461
-3182
2410
234635
-837
-85
62
-1499
-3431
2372
235660
-707
-79
49
-1484
-3539
2337
236685
-575
-62
45
-1413
-3484
2276
237710
-568
-13
51
-1406
-3462
2171
230528
-544
25
21
-1579
-3703
2227
231553
-349
26
23
-1386
-3643
2168
232578
-354
51
3
-1298
-3607
2082
233603
-412
91
-59
-1421
-3754
2069
234628
-243
87
-35
-1419
-3734
2048
235653
-118
79
-31
-1354
-3720
2053
236678
-84
101
-51
-1440
-3659
2059
237703
-10
63
-72
-1434
-3614
2068
238728
-1
105
-67
-1379
-3525
2094
239753
-27
128
-63
-1505
-3577
2165
240778
30
89
-59
-1409
-3468
2115
241803
-27
109
-40
-1551
-3475
2135
242828
-8
61
-30
-1444
-3542
2157
243853
23
57
-5
-1576
-3557
2170
244878
42
22
15
-1469
-3507
2133
245903
15
7
-4
-1449
-3554
2190
238720
35
-7
10
-1567
-3523
2217
239745
70
-32
19
-1522
-3467
2194
240770
71
-46
16
-1491
-3450
2196
241795
60
-32
25
-1501
-3422
2194
242820
6
-20
32
-1509
-3337
2197
243845
-74
-23
28
-1428
-3466
2241
244870
-96
-6
32
-1488
-3527
2271
245895
-60
-19
38
-1437
-3531
2244
246920
-43
-28
34
-1446
-3507
2190
247945
-43
-25
37
-1497
-3468
2158
248970
-58
-26
38
-1496
-3478
2140
249995
-70
-23
34
-1514
-3533
2161
251020
-44
-18
30
-1530
-3594
2167
252045
0
-17
24
-1524
-3550
2137
253070
4
-23
21
-1516
-3524
2111
254095
9
-28
18
-1482
-3573
2135
246912
37
-29
17
-1486
-3563
2149
247937
55
-30
15
-1468
-3554
2146
248962
65
-22
8
-1464
-3511
2150
249987
54
-13
5
-1466
-3461
2150
251012
26
-5
3
-1465
-3467
2171
252037
15
1
2
-1470
-3511
2195
253062
23
6
0
-1479
-3490
2212
254087
15
5
-2
-1476
-3452
2200
255112
-2
1
-1
-1479
-3483
2200
256137
-8
3
2
-1484
-3480
2186
257162
-24
2
4
-1484
-3484
2183
258187
-41
0
4
-1482
-3512
2176
259212
-33
-1
5
-1490
-3539
2167
260237
-14
1
4
-1492
-3534
2156
261262
-11
4
2
-1501
-3510
2151
262287
-18
1
-2
-1495
-3536
2181
255105
-3
-3
-2
-1500
-3533
2183
256130
14
-8
4
-1496
-3485
2156
257155
0
-12
6
-1494
-3480
2148
258180
-9
-15
9
-1490
-3506
2175
259205
0
-16
14
-1483
-3516
2198
260230
-1
-20
17
-1482
-3520
2173
261255
-11
-20
15
-1477
-3538
2146
262280
-3
-17
12
-1480
-3524
2152
263305
9
-15
12
-1477
-3496
2160
264330
1
-12
11
-1484
-3500
2170
265355
-9
-8
11
-1488
-3526
2174
266380
-5
-6
9
-1492
-3536
2167
267405
5
-7
7
-1485
-3503
2168
268430
1
-10
8
-1488
-3494
2171
269455
3
-11
8
-1487
-3521
2175
270480
15
-10
7
-1484
-3516
2168
263295
13
-8
5
-1484
-3490
2162
264320
2
-6
4
-1484
-3509
2169
265345
3
-1
3
-1493
-3521
2178
266370
13
-1
2
-1490
-3517
2172
267395
18
-1
2
-1488
-3507
2173
268420
20
-1
2
-1501
-3492
2173
269445
11
-2
2
-1489
-3490
2180
270470
1
-2
4
-1485
-3494
2190
271495
1
-3
5
-1488
-3503
2185
272520
9
-6
6
-1492
-3506
2183
273545
11
-7
6
-1487
-3482
2175
274570
2
-7
6
-1481
-3495
2183
275595
-4
-5
5
-1475
-3510
2188
276620
1
-1
4
-1485
-3488
2188
277645
0
-1
5
-1488
-3493
2179
278670
0
-1
4
-1492
-3510
2189
271488
4
-2
4
-1495
-3490
2192
272513
1
-4
4
-1490
-3497
2185
273538
-5
-5
5
-1496
-3494
2187
274563
-8
-5
5
-1491
-3504
2183
275588
-6
-4
5
-1486
-3514
2184
276613
-2
-3
6
-1486
-3495
2183
277638
-7
-2
6
-1484
-3506
2178
278663
-6
1
4
-1484
-3502
2175
279688
-6
-1
5
-1487
-3508
2181
280713
-3
-2
4
-1495
-3508
2178
281738
0
-1
4
-1494
-3491
2174
282763
-2
-2
4
-1484
-3497
2182
283788
-6
-4
4
-1491
-3501
2188
284813
-6
-5
5
-1492
-3498
2186
285838
-6
-6
7
-1485
-3505
2179
286863
-2
-6
5
-1476
-3500
2169
279785
-5
-4
5
-1484
-3489
2176
280810
-11
-1
5
-1485
-3505
2188
281835
-7
-1
4
-1495
-3518
2185
282860
-1
-3
3
-1487
-3510
2183
283885
3
-6
3
-1487
-3499
2180
284910
1
-7
4
-1484
-3495
2185
285935
-4
-6
5
-1483
-3496
2176
286960
-5
-6
4
-1486
-3509
2178
287985
2
-4
3
-1483
-3507
2178
289010
7
-3
3
-1492
-3505
2172
290035
2
-4
5
-1497
-3505
2176
291060
2
-3
4
-1494
-3527
2178
292085
10
-3
3
-1486
-3500
2177
293110
4
-2
3
-1487
-3489
2176
294135
0
0
2
-1489
-3521
2192
295160
9
-1
1
-1485
-3499
2190
287872
9
-3
3
-1485
-3489
2180
288897
2
-4
5
-1491
-3501
2185
289922
0
-5
5
-1482
-3495
2197
290947
0
-5
5
-1477
-3495
2181
291972
-2
-3
4
-1478
-3497
2181
292997
0
-4
3
-1489
-3498
2179
294022
2
-4
4
-1496
-3503
2185
295047
4
-5
4
-1502
-3501
2191
296072
0
-4
4
-1494
-3488
2176
297097
-6
-5
4
-1486
-3501
2183
298122
-5
-5
4
-1487
-3508
2188
299147
-2
-6
5
-1485
-3498
2190
300172
-1
-3
4
-1486
-3516
2190
301197
8
48
2
-1503
-3535
2177
302222
-5
64
0
-1531
-3466
2174
303247
-61
25
-8
-1494
-3498
2172
296064
-89
33
-20
-1477
-3520
2093
297089
-109
57
-28
-1531
-3516
2124
298114
-111
46
-24
-1523
-3614
2169
299139
-58
22
-16
-1465
-3713
2117
300164
-62
78
-47
-1438
-3726
2075
301189
-60
119
-70
-1472
-3564
2024
302214
-92
62
-70
-1483
-3567
2061
303239
-111
7
-52
-1328
-3868
2088
304264
41
-2
-39
-1249
-4144
2111
305289
319
-11
-74
-1358
-4471
2138
306314
563
35
-189
-1266
-4981
2213
307339
868
63
-421
-545
-5495
2251
308364
1315
-36
-862
211
-6072
2098
309389
2256
252
-809
-1125
-6881
2397
310414
3795
363
-1466
-1841
-5830
3137
311439
4978
125
-1806
-1469
-5029
3565
304257
5801
34
-2004
-1423
-4804
3671
305282
6718
-94
-2182
-1438
-4478
3554
306307
7684
-282
-2407
-1592
-3970
3555
307332
7842
-655
-3033
-1574
-2356
3871
308357
7015
-841
-3383
-2059
-625
4343
309382
6473
-1052
-2555
-1512
854
3973
310407
4855
-1157
-2112
-889
2458
3638
311432
2874
-1350
-2165
-578
1616
3362
312457
1775
-1186
-2342
-347
-115
2702
313482
1989
-825
-2359
-969
147
2370
314507
2684
-563
-2241
-1087
728
2226
315532
2935
-337
-2019
-1181
1416
2117
316557
2574
-185
-1820
-1325
2014
2123
317582
1890
-124
-1636
-1347
1996
2166
318607
1393
-61
-1395
-1258
1883
2115
319632
1071
57
-1124
-1358
2065
2118
312451
810
109
-809
-1531
2236
2212
313476
628
197
-409
-1443
2049
2329
314501
465
85
-225
-1248
2237
2587
315526
79
89
-66
-1079
2102
2757
316551
-11
144
129
-1093
2066
2883
317576
-56
159
240
-1043
2010
3017
318601
-121
176
287
-916
1829
3213
319626
-115
192
287
-838
1823
3417
320651
-115
205
263
-850
1934
3564
321676
-131
196
241
-723
1963
3677
322701
-161
183
212
-625
1922
3660
323726
-156
194
164
-583
2018
3602
324751
-147
200
115
-588
2046
3642
325776
-100
191
86
-641
2069
3795
326801
-62
168
74
-643
2097
3836
327826
-48
127
68
-656
2100
3786
320641
-53
91
54
-668
2036
3680
321666
-40
62
30
-707
2032
3693
322691
-9
27
19
-706
1932
3737
323716
44
8
4
-692
2019
3755
324741
90
-15
5
-746
2009
3781
325766
110
-48
1
-792
1919
3750
326791
116
-74
-7
-795
2005
3677
327816
130
-97
3
-812
1968
3627
328841
136
-93
12
-832
2002
3580
329866
119
-95
15
-856
2033
3565
330891
88
-100
15
-864
1887
3560
331916
128
-82
-5
-834
1922
3572
332941
157
-52
-34
-832
2026
3551
333966
155
-18
-64
-861
2094
3522
334991
143
9
-68
-833
2064
3480
336016
148
30
-63
-822
2061
3470
328832
142
43
-51
-795
2121
3453
329857
112
42
-24
-801
2105
3432
330882
78
43
-5
-789
2091
3403
331907
63
48
11
-791
2100
3401
332932
50
37
31
-794
2084
3440
333957
37
11
43
-795
2008
3446
334982
47
2
42
-779
2070
3444
336007
45
3
39
-784
2145
3476
337032
11
10
39
-841
2180
3507
338057
3
-5
49
-802
2123
3531
339082
47
-18
67
-757
2137
3553
340107
81
-31
71
-760
2181
3582
341132
77
-40
70
-733
2137
3598
342157
74
-40
68
-709
2075
3552
343182
63
-33
53
-687
2049
3444
344207
54
-15
24
-707
2075
3413
337024
64
-2
10
-751
2164
3483
338049
60
-10
14
-780
2142
3529
339074
49
-23
13
-755
2091
3473
340099
58
-23
7
-752
2113
3412
341124
52
-29
4
-761
2156
3411
342149
32
-37
8
-735
2175
3414
343174
29
-36
22
-702
2163
3379
344199
15
-27
31
-712
2179
3365
345224
-6
-20
37
-733
2225
3406
346249
-19
-27
52
-732
2224
3441
347274
-20
-26
63
-709
2216
3423
348299
-12
-10
61
-688
2244
3418
349324
-12
7
49
-678
2277
3493
350349
-23
7
46
-659
2192
3493
351374
-7
15
34
-666
2154
3420
352399
12
28
27
-701
2193
3419
345216
-4
23
25
-725
2180
3475
346241
-33
10
43
-788
2195
3468
347266
-55
-17
66
-784
2122
3424
348291
-63
-29
67
-740
2106
3404
349316
-66
-33
75
-761
2158
3407
350341
-74
-41
83
-762
2107
3402
351366
-60
-26
85
-730
2120
3378
352391
-68
-7
94
-688
2147
3397
353416
-77
-3
95
-735
2094
3473
354441
-51
2
93
-740
2091
3537
355466
-44
-1
93
-705
2148
3533
356491
-50
-17
100
-748
2043
3513
357516
-17
-27
88
-758
1966
3498
358541
11
-20
66
-753
2077
3444
359566
-23
-15
61
-766
2213
3405
360591
-77
-12
89
-825
2219
3321
353573
-171
-3
136
-978
2178
3169
354598
-281
-1
236
-1227
2289
2798
355623
-470
2
433
-1462
2462
2293
356648
-740
33
663
-1529
2346
2046
357673
-1031
156
929
-1512
2429
2075
358698
-1529
298
1293
-1654
2807
2182
359723
-2488
301
1673
-1845
2978
2163
360748
-3750
155
1987
-1922
2492
2063
361773
-4753
-45
2273
-1695
1643
2046
362798
-5477
-226
2546
-1685
885
1980
363823
-5736
-539
2882
-1613
244
2015
364848
-6000
-686
2935
-1321
234
2259
365873
-6713
-896
2956
-1419
-589
2513
366898
-6687
-1313
3480
-1569
-1642
2615
367923
-7085
-1495
3860
-594
-1957
2366
368948
-7442
-1124
3466
-968
-1855
1912
361600
-7401
-1488
3674
-2031
-2201
1174
362625
-7281
-1933
3961
-1190
-4898
998
363650
-6208
-1773
3367
-1302
-6843
1693
364675
-4146
-1913
3390
-799
-6897
1650
365700
-2975
-1569
3140
-385
-7605
1671
366725
-1151
-918
3252
-332
-9204
2066
367750
711
-536
3457
-1352
-7723
1911
368775
1845
-950
2897
-1972
-4840
867
369800
3346
-1114
3550
-1659
-1505
-746
370825
2316
-588
3419
-2736
-1163
419
371850
254
-622
3110
-3222
-3951
1721
372875
-833
-788
2487
-2513
-5350
1985
373900
-1034
-637
2230
-2624
-5561
1865
374925
-503
-569
1951
-2492
-6014
1520
375950
173
-169
1163
-2429
-5062
1395
376975
249
-245
767
-3289
-3727
1753
369793
-201
-291
762
-3012
-4080
2095
370818
-460
-249
408
-2850
-4330
2177
371843
-390
-250
-51
-2846
-3983
1913
372868
-305
-92
-459
-2907
-3863
1820
373893
-200
-63
-650
-2830
-3734
1911
374918
-310
52
-934
-2705
-3419
2025
375943
-498
88
-1069
-2866
-3360
2054
376968
-503
31
-1144
-2542
-3073
1765
377993
-502
111
-1169
-2422
-3017
1671
379018
-472
107
-1159
-2348
-2989
1782
380043
-315
140
-1078
-1993
-3322
1935
381068
20
219
-1074
-2184
-2886
1985
382093
238
109
-819
-1902
-2666
1789
383118
211
166
-647
-1839
-2827
1854
384143
305
179
-533
-1936
-3021
2114
385168
377
144
-443
-1863
-2955
2259
377983
269
108
-313
-1889
-2676
2182
379008
-72
121
-193
-1699
-2928
2137
380033
-91
170
-118
-1955
-2987
2167
381058
-57
115
-6
-1911
-3030
2157
382083
-20
119
79
-1884
-3279
2245
383108
71
94
90
-1939
-3129
2256
384133
17
58
136
-1936
-3152
2194
385158
-68
18
169
-1935
-3291
2096
386183
-43
-12
187
-1953
-3385
2033
387208
7
-39
196
-2003
-3406
2047
388233
27
-70
205
-2040
-3403
2074
389258
2
-100
203
-2073
-3359
2069
390283
-48
-125
192
-2095
-3368
2009
391308
-85
-139
177
-2098
-3428
1966
392333
-69
-144
159
-2090
-3473
1949
393358
-29
-140
135
-2087
-3453
1940
386176
-7
-130
118
-2069
-3377
1936
387201
-23
-122
108
-2046
-3368
1933
388226
-53
-114
95
-2036
-3379
1922
389251
-67
-100
90
-2021
-3404
1893
390276
-60
-86
82
-2007
-3463
1913
391301
-15
-77
64
-2011
-3454
1946
392326
25
-72
51
-2018
-3362
1938
393351
5
-67
48
-2034
-3345
1920
394376
-26
-52
35
-2047
-3405
1918
395401
-14
-37
21
-2054
-3408
1943
396426
1
-31
12
-2056
-3378
1953
397451
-2
-25
0
-2065
-3349
1964
398476
-1
-21
3
-2048
-3350
1962
399501
-5
-13
-2
-2038
-3315
1965
400526
-25
-6
-5
-2049
-3339
1983
401551
-14
-5
-3
-2058
-3375
1994
394368
21
-6
-2
-2046
-3338
1988
395393
20
0
-7
-2053
-3281
1993
396418
-8
1
-7
-2050
-3316
2003
397443
-6
-1
-8
-2042
-3349
2003
398468
16
-5
-11
-2059
-3340
2015
399493
22
-14
-16
-2059
-3347
2006
400518
26
-8
-31
-2015
-3337
2010
401543
14
-8
-30
-2072
-3300
2005
402568
5
-23
4
-2051
-3365
2011
403593
1
-28
-2
-2047
-3351
2009
404618
5
-28
-4
-2020
-3329
2006
405643
-3
-26
0
-1992
-3295
1989
406668
-22
-20
6
-1986
-3305
1960
407693
-24
-11
15
-1989
-3322
1960
408718
-6
-3
27
-1984
-3304
1952
409743
2
9
38
-1976
-3300
1936
402559
15
31
31
-1985
-3349
1933
403584
42
56
16
-2040
-3338
1943
404609
65
59
34
-2037
-3347
1962
405634
80
70
39
-2035
-3351
1978
406659
75
68
49
-2075
-3337
1981
407684
62
71
50
-2057
-3334
2004
408709
35
72
38
-2056
-3349
2014
409734
37
69
30
-2056
-3405
2007
410759
69
69
18
-2064
-3345
1993
411784
61
68
14
-2082
-3317
1999
412809
16
68
3
-2097
-3318
2014
413834
-11
68
0
-2058
-3339
2019
414859
-41
74
-14
-2036
-3364
2053
415884
-171
106
-59
-2160
-3326
1980
416909
-427
166
-86
-2291
-3820
1784
417934
-538
208
-249
-2225
-4354
1654
410752
-468
288
-447
-2247
-5042
1588
411777
-128
359
-761
-2285
-5926
1295
412802
384
532
-1284
-2348
-6306
889
413827
907
787
-1840
-2720
-6355
947
414852
1793
866
-2279
-2668
-6800
1074
415877
3219
906
-2605
-2576
-6384
1095
416902
4496
983
-2992
-2402
-5634
1057
417927
5110
1009
-3358
-2146
-4785
1536
418952
5465
855
-3580
-1756
-3784
2016
419977
5528
587
-3840
-1138
-3023
2570
421002
5556
329
-4049
-834
-3139
2886
422027
6027
196
-4170
-626
-3666
2814
423052
6930
299
-4155
-786
-2785
2011
424077
6974
304
-4133
-1041
-793
2343
425102
6014
-162
-4394
-1355
423
3687
426127
5692
-132
-3543
-1398
1617
3654
418944
3901
-367
-3274
-883
2693
3594
419969
2153
-459
-3105
-923
1697
4028
420994
1160
-564
-3141
-1390
156
4315
422019
1431
-510
-2992
-1726
383
3738
423044
2178
-451
-2707
-1909
819
3139
424069
2845
-400
-2397
-2007
1077
2850
425094
3085
-302
-2116
-2162
1941
2703
426119
2025
-445
-1929
-1903
2339
2567
427144
1318
-396
-1568
-1935
1454
2511
428169
1295
-330
-1281
-2044
1490
2498
429194
1254
-251
-995
-1806
1976
2623
430219
864
-273
-776
-1849
1925
2660
431244
525
-284
-570
-1709
1832
2607
432269
391
-227
-372
-1483
1983
2694
433294
288
-146
-237
-1385
2203
2857
434319
159
-68
-107
-1241
2189
3024
427135
42
19
-16
-1058
2133
3087
428160
30
133
42
-866
2081
3169
429185
46
247
100
-741
2150
3239
430210
44
338
149
-796
2173
3352
431235
-29
382
187
-733
2006
3477
432260
-60
405
206
-652
1903
3527
433285
-2
407
214
-746
2045
3585
434310
6
358
241
-823
2113
3612
435335
-51
267
255
-871
1939
3604
436360
-28
190
249
-856
1846
3728
437385
99
111
254
-894
1908
3865
438410
130
-5
266
-932
2016
3861
439435
99
-128
279
-921
1991
3739
440460
97
-199
264
-879
1896
3638
441485
149
-200
239
-810
1951
3659
442510
191
-183
231
-712
2050
3625
435328
159
-157
210
-594
2042
3522
436353
133
-117
185
-564
1960
3462
437378
111
-60
148
-609
1910
3458
438403
92
1
97
-587
1944
3406
439428
58
48
67
-584
1944
3342
440453
33
93
49
-680
1935
3386
441478
29
116
31
-732
2010
3499
442503
-9
88
35
-693
2037
3502
443528
-42
63
37
-696
2060
3454
444553
-29
63
42
-737
2104
3485
445578
-26
52
47
-680
2120
3490
446603
-39
28
43
-634
2129
3508
447628
-42
11
48
-601
2113
3561
448653
-33
-5
41
-596
2064
3648
449678
-15
-22
22
-615
2056
3642
450703
6
-22
-6
-597
2051
3553
443520
21
-22
-26
-637
2134
3575
444545
17
-49
-24
-703
2078
3629
445570
23
-65
-30
-702
2048
3577
446595
46
-67
-34
-706
2078
3506
447620
33
-70
-37
-754
2041
3493
448645
29
-74
-44
-753
2045
3502
449670
37
-72
-43
-767
2092
3511
450695
45
-69
-29
-794
2146
3506
451720
14
-72
-16
-780
2143
3469
452745
-13
-56
-18
-772
2084
3475
453770
9
-19
-31
-798
2123
3548
454795
51
12
-29
-799
2176
3566
455820
37
24
-19
-748
2150
3490
456845
24
49
-12
-746
2112
3479
457870
33
68
-2
-738
2088
3524
458895
12
67
8
-751
2111
3531
451712
5
51
21
-754
2071
3517
452737
17
41
34
-715
2063
3492
453762
13
24
40
-719
2103
3505
454787
-15
2
47
-702
2041
3467
455812
-29
-5
49
-670
2016
3402
456837
-43
6
35
-649
2010
3379
457862
-87
23
10
-674
2016
3456
458887
-150
15
-11
-682
1961
3436
459912
-162
10
-28
-707
1893
3419
460937
-99
10
-37
-767
2011
3497
461962
-93
-5
-33
-779
2119
3524
462987
-115
-7
-25
-764
2177
3517
464012
-118
1
9
-770
2249
3631
465037
-149
-21
51
-731
2153
3673
466062
-141
-30
68
-713
2067
3619
467087
-55
-7
75
-700
2069
3611
459904
-9
16
80
-727
2204
3716
460929
-24
2
106
-740
2158
3715
461954
-26
-7
123
-726
2013
3615
462979
11
8
115
-718
2051
3608
464004
24
0
111
-748
2063
3667
465029
-3
-37
115
-709
1959
3616
466054
51
-46
104
-649
1966
3570
467079
80
-44
92
-616
2014
3503
468104
25
-35
61
-606
1942
3485
469129
32
-14
17
-606
1935
3519
470154
63
12
-8
-614
2003
3568
471179
18
20
-30
-639
2044
3567
472204
-4
19
-42
-695
2041
3609
473229
7
-2
-35
-682
2030
3632
474254
4
-31
-19
-618
2085
3579
475279
-15
-63
12
-651
2084
3535
468096
-11
-83
38
-730
2117
3601
469121
5
-119
82
-769
2167
3657
470146
-39
-180
129
-728
2061
3500
471171
-35
-195
150
-708
1962
3372
472196
-12
-168
164
-693
2083
3345
473221
-100
-159
195
-705
2071
3287
474246
-218
-156
222
-706
1947
3142
475271
-266
-116
259
-733
1941
3040
476296
-298
-68
320
-823
2092
3099
477321
-417
-53
415
-951
2127
3064
478346
-625
-36
556
-1124
2175
2771
479371
-918
-15
828
-1291
2370
2388
480396
-1184
30
1085
-1463
2086
2177
481421
-1430
149
1231
-1435
2095
2253
482446
-1805
166
1594
-1472
2573
2428
483471
-2616
27
2104
-1724
2741
2282
476289
-3708
-101
2422
-1660
2482
1827
477314
-4706
-59
2761
-1475
1819
1396
478339
-5308
-101
3042
-1522
1330
1649
479364
-5852
-180
3179
-1459
-24
2172
480389
-5921
-330
3367
-1593
-1767
2694
481414
-5508
-374
3576
-1513
-1753
2904
482439
-5577
-324
4069
-1423
-2157
3328
483464
-5211
-341
4044
-1964
-3656
3985
484489
-4202
-595
4196
-1713
-4569
4462
485514
-3974
-723
3870
-1365
-4357
4029
486539
-4893
-926
3553
-1517
-4800
3227
487564
-5211
-934
3370
-1289
-5274
2364
488589
-4103
-906
3014
-1469
-4708
1869
489614
-2875
-890
2701
-1291
-4611
2171
490639
-1889
-1105
2642
-1429
-4812
2363
491664
-1415
-1040
2557
-887
-5744
2326
484480
-1221
-825
2478
-1204
-6488
2232
485505
-709
-916
2018
-1834
-6470
2097
486530
596
-1241
1740
-2005
-4896
1816
487555
1043
-1344
1688
-1895
-2996
1259
488580
331
-1326
1749
-1754
-2839
873
489605
-800
-1158
1656
-1641
-3746
1061
490630
-1439
-1055
1417
-1775
-4451
1393
491655
-1411
-914
1277
-1972
-4812
1643
492680
-893
-815
1153
-1983
-4759
1491
493705
-388
-661
923
-2146
-4319
1380
494730
-10
-593
677
-2183
-3975
1349
495755
140
-416
482
-2115
-3883
1678
496780
236
-288
321
-2095
-3957
1952
497805
351
-171
209
-2136
-3875
2282
498830
298
-161
21
-2164
-3656
2272
499855
287
-122
-177
-2021
-3587
2084
492727
327
-23
-313
-2004
-3522
2025
493752
404
70
-414
-2047
-3423
2151
494777
462
124
-485
-1999
-3446
2274
495802
393
163
-568
-1985
-3350
2373
496827
350
185
-593
-1941
-3220
2291
497852
260
199
-622
-1925
-3134
2269
498877
221
203
-646
-1897
-3040
2329
499902
244
210
-609
-1841
-2974
2387
500927
323
205
-534
-1735
-2910
2317
501952
391
206
-454
-1687
-2839
2292
502977
369
238
-379
-1680
-2902
2368
504002
367
256
-324
-1708
-2976
2505
505027
346
239
-266
-1771
-2988
2666
506052
311
192
-214
-1765
-3002
2697
507077
240
161
-180
-1747
-2901
2608
508102
153
147
-127
-1755
-2914
2545
500864
84
136
-95
-1818
-3008
2611
501889
69
108
-77
-1842
-3093
2682
502914
94
80
-58
-1827
-3086
2690
503939
91
51
-44
-1807
-3039
2596
504964
54
38
-34
-1785
-3062
2490
505989
19
47
-24
-1776
-3099
2507
507014
10
44
-16
-1785
-3118
2575
508039
7
23
-3
-1785
-3129
2576
509064
10
7
12
-1762
-3136
2524
510089
14
3
19
-1743
-3125
2484
511114
18
6
23
-1742
-3131
2495
512139
16
4
24
-1762
-3131
2543
513164
23
-6
32
-1747
-3124
2539
514189
20
-5
41
-1746
-3071
2463
515214
20
9
44
-1756
-3100
2417
516239
12
24
44
-1789
-3150
2518
509056
31
5
50
-1805
-3191
2597
510081
48
1
48
-1820
-3129
2591
511106
26
-15
51
-1833
-3080
2563
512131
-8
-22
44
-1816
-3116
2534
513156
-14
-12
30
-1795
-3125
2514
514181
6
0
23
-1797
-3120
2495
515206
17
5
18
-1811
-3133
2549
516231
17
2
11
-1818
-3128
2581
517256
15
-5
8
-1796
-3074
2545
518281
0
-12
14
-1775
-3110
2535
519306
-9
-15
14
-1781
-3150
2555
520331
-1
-20
15
-1781
-3102
2542
521356
-3
-25
15
-1777
-3092
2522
522381
-18
-26
14
-1785
-3113
2540
523406
-24
-31
13
-1794
-3129
2576
524431
-19
-36
10
-1784
-3104
2555
517247
-33
-37
8
-1779
-3073
2511
518272
-50
-33
10
-1784
-3107
2520
519297
-49
-35
16
-1779
-3095
2521
520322
-28
-33
20
-1764
-3122
2505
521347
-17
-15
20
-1768
-3105
2494
522372
-14
-7
24
-1786
-3102
2496
523397
-22
0
29
-1788
-3105
2514
524422
-27
-3
35
-1781
-3122
2515
525447
-23
-1
35
-1778
-3151
2523
526472
-9
3
29
-1789
-3136
2512
527497
-6
0
27
-1812
-3134
2520
528522
-17
-13
30
-1805
-3147
2531
529547
-20
-2
24
-1796
-3171
2505
530572
-24
9
9
-1828
-3179
2490
531597
-30
13
-12
-1852
-3230
2507
532622
-23
27
-40
-1832
-3249
2481
525441
-43
38
-71
-1823
-3201
2483
526466
-95
44
-94
-1792
-3251
2478
527491
-126
48
-134
-1774
-3334
2474
528516
-141
53
-184
-1784
-3385
2440
529541
-151
57
-238
-1813
-3470
2360
530566
-163
70
-315
-1828
-3600
2365
531591
-118
84
-414
-1761
-3662
2460
532616
-22
81
-515
-1710
-3696
2490
533641
52
61
-628
-1721
-3769
2441
534666
30
54
-753
-1790
-3866
2378
535691
-53
32
-882
-1806
-4217
2254
536716
-14
22
-1002
-1715
-4552
2063
537741
222
193
-1101
-1337
-5289
2241
538766
673
426
-1589
-1737
-5114
2352
539791
1194
334
-1798
-1864
-4947
2261
540816
1593
179
-2034
-1572
-5040
2313
533632
1745
215
-2302
-1168
-4749
2538
534657
1766
261
-2476
-994
-4399
2567
535682
1801
311
-2641
-834
-4769
2608
536707
2411
392
-3014
-836
-5254
3130
537732
3150
332
-3498
-460
-3860
3206
538757
3522
439
-3445
-206
-3784
3393
539782
4421
460
-3489
121
-3804
3202
540807
4473
486
-3854
-190
-3357
3489
541832
5758
422
-3874
-597
-2626
3163
542857
6144
56
-4003
-312
-656
2928
543882
6279
78
-3717
-453
-1143
3368
544907
6839
-23
-3612
-723
727
3226
545932
4763
-273
-3769
-909
2568
3969
546957
3402
-411
-3252
-774
1463
3916
547982
2552
-407
-3292
-844
1773
3362
549007
2309
-329
-3001
-947
1633
2779
541824
2111
-128
-2760
-1235
1163
2667
542849
2100
46
-2661
-1341
1820
2860
543874
2266
33
-2302
-1412
1969
2871
544899
2132
-29
-2075
-1544
1988
2534
545924
1785
-143
-2008
-1643
2169
2183
546949
1342
115
-1606
-1251
2140
2052
547974
1083
117
-1340
-1350
2345
1953
548999
1043
357
-1309
-1455
2426
1986
550024
776
357
-1073
-1633
2579
2059
551049
508
385
-634
-1466
2383
2056
552074
484
502
-510
-1602
2807
2288
553099
256
434
-316
-1491
2827
2517
554124
40
392
-116
-1355
2536
2661
555149
10
375
28
-1383
2528
2718
556174
-36
300
128
-1508
2374
2800
557199
-84
238
154
-1516
2197
2973
550016
-34
205
156
-1401
2199
3112
551041
-19
133
169
-1406
2096
3171
552066
-21
44
151
-1528
2146
3324
553091
36
-76
146
-1653
2363
3547
554116
42
-231
193
-1457
2460
3401
555141
1
-338
256
-1110
2468
3069
556166
17
-329
304
-980
2547
2771
557191
14
-240
307
-869
2508
2807
558216
-54
-161
278
-742
2392
2974
559241
-73
-106
221
-749
2301
3082
560266
-26
-46
147
-769
2327
3101
561291
-34
7
73
-787
2483
3059
562316
-102
35
19
-827
2423
3080
563341
-100
66
-9
-853
2333
3117
564366
-29
88
-36
-967
2491
3193
565391
-8
71
-37
-989
2568
3200
558208
-26
46
-23
-915
2521
3126
559233
-15
45
-13
-965
2552
3129
560258
-15
40
-5
-1020
2621
3226
561283
-17
5
26
-1028
2634
3227
562308
-9
-36
62
-975
2583
3136
563333
-8
-51
84
-943
2568
3067
564358
-21
-44
89
-911
2542
3064
565383
-9
-32
94
-863
2494
3102
566408
-18
-15
91
-864
2435
3080
567433
-25
13
58
-894
2448
3069
568458
-30
35
23
-925
2453
3160
569483
-31
40
-3
-947
2480
3216
570508
-22
31
-20
-968
2503
3193
571533
0
26
-26
-967
2532
3155
572558
9
26
-27
-962
2563
3159
573583
1
19
-19
-951
2546
3178
566400
0
8
-5
-956
2532
3169
567425
3
-6
10
-959
2485
3133
568450
2
-15
13
-939
2465
3123
569475
-8
-24
18
-969
2487
3150
570500
-22
-38
26
-996
2492
3152
571525
-16
-46
33
-984
2450
3166
572550
-16
-51
35
-942
2428
3141
573575
-15
-48
28
-979
2458
3129
574600
-9
-41
20
-991
2470
3159
575625
-16
-32
11
-952
2463
3151
576650
-14
-20
0
-951
2468
3149
577675
1
-6
-8
-946
2483
3155
578700
-3
4
-11
-923
2503
3132
579725
-14
16
-13
-931
2509
3121
580750
0
32
-16
-942
2506
3168
581775
-9
32
-11
-969
2489
3194
574592
-27
18
-10
-989
2507
3175
575617
6
9
-2
-1001
2517
3188
576642
11
-6
13
-1005
2542
3190
577667
-16
-27
26
-1013
2530
3160
578692
-9
-39
39
-989
2473
3133
579717
17
-38
51
-969
2512
3189
580742
17
-53
71
-980
2565
3216
581767
-16
-75
96
-975
2501
3140
582792
-12
-74
111
-959
2484
3091
583817
-36
-72
127
-962
2500
3046
584842
-108
-76
150
-973
2458
2997
585867
-180
-79
173
-971
2416
2929
586892
-254
-67
190
-985
2411
2884
587917
-359
-66
219
-1069
2362
2799
588942
-488
-80
267
-1195
2282
2657
589967
-582
-77
312
-1178
2257
2616
582785
-612
-32
368
-1076
2275
2718
583810
-681
28
452
-1087
2520
2820
584835
-960
38
682
-1316
2585
2773
585860
-1330
3
774
-1370
2376
2711
586885
-1599
12
834
-1073
2241
2768
587910
-1714
8
1076
-1163
1928
2819
588935
-1719
11
1236
-1349
2182
2888
589960
-2272
-31
1462
-1443
2602
2865
590985
-2971
-88
1650
-1169
2337
2874
592010
-3617
-266
1867
-940
2311
2808
593035
-4005
-348
2348
-1178
1778
2573
594060
-4262
-634
2742
-1529
1633
2191
595085
-4126
-634
3157
-1551
1020
1999
596110
-4320
-627
3089
-1254
-165
2183
597135
-4531
-551
2973
-1540
-1305
2927
598160
-4633
-715
3113
-1703
-1631
3392
590977
-4270
-506
3557
-1006
-2438
3611
592002
-3738
-215
3465
-605
-2082
3893
593027
-3733
-288
3358
-802
-1637
3716
594052
-3925
-534
3611
-1391
-2577
2764
595077
-3856
-635
3837
-1435
-4751
2232
596102
-3149
-409
3522
-1017
-6379
2835
597127
-2142
-148
2711
-1203
-5378
3084
598152
-1881
-163
2576
-987
-4252
2883
599177
-2824
-246
2551
-682
-3649
2923
600202
-3623
-260
2316
-820
-4124
2808
601227
-3613
-390
2129
-1144
-4685
2439
602252
-2497
-531
2395
-1132
-5343
2345
603277
-1087
-566
2148
-1229
-3962
2108
604302
-721
-755
1898
-1578
-3254
2118
605327
-963
-1033
1925
-1810
-4003
1668
606352
-1762
-1000
2295
-2469
-5587
1983
599168
-2777
-1036
1754
-1128
-8533
2568
600193
-1308
-645
985
-1140
-6996
1623
601218
744
-480
833
-2440
-2515
1012
602243
9
-711
838
-2656
-2435
1573
603268
-953
-928
508
-1987
-5061
1897
604293
-405
-878
139
-1717
-5000
1510
605318
-223
-593
55
-1913
-3886
1215
606343
-516
-384
-107
-1881
-4055
1228
607368
-402
-233
-339
-1846
-4091
1415
608393
-31
-107
-410
-1815
-3754
1564
609418
141
-19
-414
-1793
-3498
1660
610443
89
27
-421
-1799
-3419
1695
611468
21
49
-399
-1759
-3438
1663
612493
73
87
-332
-1653
-3528
1673
613518
202
125
-287
-1620
-3573
1822
614543
282
125
-269
-1667
-3510
1977
607359
269
93
-234
-1614
-3448
1967
608384
180
116
-252
-1558
-3494
1900
609409
193
118
-221
-1687
-3535
1996
610434
306
38
-131
-1563
-3434
2047
611459
196
61
-120
-1499
-3344
2072
612484
49
81
-92
-1638
-3487
2087
613509
102
22
-72
-1612
-3516
2003
614534
170
1
-71
-1571
-3504
1963
615559
188
28
-71
-1545
-3453
1983
616584
114
87
-35
-1692
-3534
2045
617609
207
45
-6
-1658
-3516
2025
618634
210
46
-6
-1593
-3410
2006
619659
146
63
0
-1621
-3490
2022
620684
128
70
6
-1625
-3550
2047
621709
154
71
6
-1627
-3562
2038
622734
195
74
8
-1583
-3454
2015
615552
122
130
34
-1609
-3450
2027
616577
158
105
61
-1697
-3556
2062
617602
234
85
44
-1629
-3431
2042
618627
189
111
25
-1702
-3450
2124
619652
193
106
46
-1672
-3480
2174
620677
198
95
30
-1648
-3449
2166
621702
129
119
22
-1707
-3465
2184
622727
131
81
17
-1767
-3539
2242
623752
165
37
-6
-1714
-3409
2239
624777
119
19
-24
-1726
-3418
2237
625802
104
4
-16
-1703
-3399
2222
626827
90
-5
-21
-1721
-3387
2216
627852
82
-12
-12
-1712
-3367
2213
628877
61
-15
-4
-1689
-3370
2222
629902
37
-14
1
-1679
-3369
2221
630927
9
-13
7
-1688
-3374
2205
623744
-8
-16
8
-1681
-3422
2208
624769
4
-20
6
-1663
-3416
2205
625794
4
-21
4
-1649
-3401
2193
626819
-10
-19
6
-1658
-3408
2191
627844
-18
-21
8
-1674
-3427
2185
628869
-3
-25
10
-1678
-3440
2172
629894
17
-22
13
-1672
-3412
2160
630919
22
-14
14
-1671
-3403
2160
631944
21
-8
10
-1667
-3420
2187
632969
20
-5
8
-1673
-3408
2189
633994
11
-4
8
-1669
-3442
2182
635019
13
-2
3
-1679
-3453
2199
636044
28
-5
-3
-1682
-3427
2199
637069
33
-11
-5
-1673
-3405
2200
638094
21
-14
-4
-1679
-3392
2203
639119
13
-14
-1
-1669
-3403
2203
631935
14
-10
0
-1666
-3388
2202
632960
19
-7
1
-1668
-3394
2207
633985
23
-5
4
-1667
-3385
2199
635010
15
-2
8
-1658
-3392
2211
636035
8
-1
10
-1655
-3398
2217
637060
8
1
13
-1660
-3400
2210
638085
9
1
13
-1665
-3399
2208
639110
7
-1
15
-1669
-3408
2203
640135
9
-1
16
-1665
-3429
2199
641160
27
1
15
-1656
-3395
2188
642185
33
8
23
-1664
-3371
2166
643210
30
20
33
-1669
-3391
2159
644235
41
34
40
-1668
-3416
2128
645260
55
60
34
-1665
-3448
2087
646285
53
97
30
-1673
-3475
2041
647310
12
145
16
-1687
-3590
1987
640128
42
199
-31
-1745
-3929
1954
641153
215
266
-161
-1855
-4297
1997
642178
407
326
-385
-1883
-4558
2046
643203
510
347
-677
-1814
-5338
1851
644228
766
464
-1112
-1765
-6658
1578
645253
1547
714
-1761
-1992
-7331
1561
646278
2470
798
-2478
-2157
-6260
1861
647303
2964
679
-3086
-1883
-5755
1900
648328
3720
761
-3467
-1891
-5868
2490
649353
4965
627
-3678
-1753
-5067
3105
650378
5022
314
-4099
-898
-3613
3116
651403
4583
381
-4380
-305
-3855
3376
652428
5020
492
-4540
-542
-4518
3513
653453
6832
363
-4472
-914
-3902
2739
654478
9296
361
-3820
-1378
-1050
1965
655503
7441
-678
-4461
-989
1922
2584
648320
5423
-457
-3937
-824
2323
3315
649345
4104
-516
-3600
-609
2545
3499
650370
2219
-692
-3775
-882
2010
3538
651395
1571
-452
-3495
-960
964
3509
652420
1908
-112
-3409
-1192
527
3461
653445
2666
291
-3295
-1805
417
3060
654470
3477
591
-3178
-2427
963
2480
655495
3481
368
-2968
-2766
1899
2349
656520
2567
207
-2496
-2530
2477
2343
657545
1640
19
-1955
-2511
2501
2622
658570
786
-396
-1344
-2437
2374
2460
659595
603
-371
-993
-2577
2118
2381
660620
714
-345
-745
-2393
2089
2389
661645
823
-449
-190
-1941
1767
2091
662670
926
-397
-59
-1780
2245
2220
663695
765
-339
143
-1508
2673
2404
656512
508
-316
340
-1386
2479
2470
657537
313
-243
404
-1257
2191
2583
658562
224
-145
406
-1107
2215
2580
659587
136
-73
381
-1034
2241
2567
660612
96
21
341
-1069
2182
2642
661637
162
121
287
-1004
2242
2773
662662
164
193
235
-875
2410
2886
663687
37
207
190
-802
2427
2843
664712
-63
225
139
-812
2434
2828
665737
-21
257
123
-875
2544
2984
666762
5
222
139
-910
2662
3097
667787
-75
140
167
-830
2516
3017
668812
-89
100
157
-931
2483
2974
669837
-21
90
147
-1145
2684
3158
670862
-9
29
147
-1202
2712
3390
671887
-12
-49
141
-1161
2557
3428
664704
60
-77
134
-1071
2564
3293
665729
151
-71
139
-1042
2617
3268
666754
163
-80
157
-980
2610
3290
667779
115
-102
179
-831
2506
3226
668804
113
-108
198
-791
2437
3130
669829
96
-105
191
-821
2430
3081
670854
52
-85
154
-845
2483
3094
671879
41
-73
136
-811
2402
3050
672904
47
-52
115
-786
2384
2925
673929
43
-14
70
-827
2408
2921
674954
37
20
29
-869
2530
3034
675979
23
7
27
-829
2695
3053
677004
-30
-17
47
-770
2550
2960
678029
-9
5
33
-772
2534
2934
679054
16
29
21
-801
2641
3042
680079
-32
11
28
-814
2704
3153
672897
-30
-25
54
-727
2661
3108
673922
-18
-31
71
-762
2646
3007
674947
-31
-9
49
-828
2628
3043
675972
2
7
25
-843
2540
3113
676997
47
15
1
-826
2581
3111
678022
55
24
-18
-843
2637
3058
679047
34
50
-39
-853
2577
3030
680072
16
72
-62
-848
2631
3058
681097
7
63
-55
-899
2686
3138
682122
1
37
-24
-859
2582
3090
683147
16
31
-10
-856
2632
3027
684172
14
31
1
-888
2652
3034
685197
-13
17
12
-859
2598
3039
686222
-8
4
31
-834
2545
3013
687247
19
12
23
-816
2547
2993
688272
10
20
9
-863
2608
3034
681088
-28
12
8
-877
2577
3035
682113
-28
5
8
-833
2532
2982
683138
-19
9
9
-818
2541
2944
684163
-57
14
5
-878
2550
2971
685188
-91
2
6
-919
2611
3055
686213
-102
-19
30
-873
2615
3017
687238
-118
-24
55
-852
2597
2933
688263
-143
-14
75
-805
2621
2902
689288
-169
-11
101
-789
2586
2926
690313
-209
-15
145
-773
2534
2852
691338
-303
-22
198
-759
2503
2698
692363
-430
-47
276
-763
2525
2621
693388
-617
-99
420
-706
2491
2486
694413
-847
-155
546
-646
2406
2366
695438
-1045
-185
678
-667
2282
2254
696463
-1210
-214
829
-677
2171
2193
689280
-1425
-227
992
-611
2182
2161
690305
-1769
-271
1282
-822
2085
2135
691330
-2316
-383
1487
-768
2209
2165
692355
-2868
-472
1756
-692
1741
2171
693380
-3315
-580
1789
-788
1394
2233
694405
-3814
-686
2094
-1248
1089
2431
695430
-4459
-931
2340
-1219
1131
2442
696455
-5145
-993
2568
-515
439
2138
697480
-5079
-893
2424
-381
-1028
2519
698505
-4346
-843
2380
-919
-1792
3314
699530
-3837
-759
2654
-1328
-1418
3433
700555
-3956
-559
2683
-606
-952
3621
701580
-4273
-400
2651
-312
-1246
4225
702605
-4364
-455
2744
-817
-2147
4242
703630
-3847
-616
2854
-1371
-3576
4212
704655
-3388
-883
2931
-993
-4103
4241
697471
-2906
-1018
2886
105
-3023
3338
698496
-3202
-882
3115
-158
-2434
2306
699521
-4271
-926
3222
-1388
-3379
1902
700546
-4969
-1122
2967
-855
-4364
1989
701571
-4874
-1161
2628
435
-5212
2743
702596
-4197
-2238
1135
875
-12295
2727
703621
-3769
-1877
-394
2564
-18160
590
704646
125
-659
-1153
329
-5254
1173
705671
1271
-1470
-797
1768
-1840
1311
706696
-313
-698
-354
463
-2289
1675
707721
-723
-740
-70
240
-2542
1645
708746
-853
-660
160
260
-3080
1435
709771
-920
-382
377
25
-4146
1214
710796
-716
-64
488
-56
-5123
1126
711821
-342
144
460
-53
-5209
1125
712846
46
217
343
27
-4544
1254
705926
194
235
261
-107
-4040
1452
706951
37
141
136
-256
-3737
1506
707976
-291
25
-25
-267
-3917
1288
709001
-428
-18
-118
-242
-4124
1104
710026
-319
-43
-161
-164
-4166
1052
711051
-139
-68
-169
-55
-4281
1000
712076
14
-43
-161
18
-4384
1041
713101
132
-2
-151
76
-4280
1175
714126
193
29
-112
83
-4087
1327
715151
145
39
-55
47
-3929
1408
716176
35
42
3
11
-3994
1396
717201
-17
65
41
-33
-4155
1320
718226
38
94
50
-60
-4228
1231
719251
157
119
48
-73
-4239
1234
720276
226
126
46
-108
-4130
1288
721301
233
102
41
-144
-4099
1342
713856
227
60
30
-150
-4108
1357
714881
222
28
24
-143
-4054
1376
715906
212
7
20
-147
-4058
1399
716931
186
-2
9
-144
-4031
1443
717956
100
-4
-2
-121
-4007
1471
718981
23
-10
-6
-124
-4058
1476
720006
-14
-8
-21
-114
-4114
1455
721031
-5
-7
-31
-102
-4110
1435
722056
14
-8
-34
-95
-4073
1410
723081
10
-10
-30
-48
-4031
1412
724106
-13
-10
-6
-52
-4085
1406
725131
-11
-14
3
-58
-4144
1393
726156
17
-13
3
-49
-4122
1389
727181
39
-12
7
-49
-4074
1392
728206
41
-9
10
-55
-4051
1402
729231
30
-9
12
-66
-4069
1411
722047
30
-11
10
-87
-4106
1396
723072
63
-19
-3
-62
-4101
1392
724097
92
-7
-3
-62
-4100
1405
725122
108
-5
-3
-80
-4089
1427
726147
96
-3
-14
-45
-4023
1450
727172
55
1
-3
-58
-4053
1456
728197
33
2
0
-60
-4093
1444
729222
47
2
3
-66
-4110
1448
730247
71
4
1
-58
-4040
1461
731272
60
11
10
-65
-4038
1466
732297
50
6
16
-60
-4057
1471
733322
56
4
25
-41
-4043
1468
734347
70
4
45
-51
-4082
1453
735372
115
5
63
-66
-4113
1451
736397
180
7
76
-84
-4108
1472
737422
234
6
93
-69
-4139
1476
730240
297
11
128
-16
-4240
1405
731265
499
85
104
6
-4558
1412
732290
780
252
61
115
-4641
1624
733315
1035
476
139
338
-4770
1540
734340
1495
809
259
471
-5854
1615
735365
1908
1267
123
212
-6238
1890
736390
1470
1330
-569
-133
-5381
2291
737415
1817
790
-1209
104
-5446
2963
738440
2277
443
-1808
830
-5978
3009
739465
1931
362
-2273
343
-5812
3386
740490
2049
37
-2690
222
-5929
3798
741515
2998
-20
-2805
768
-5919
3645
742540
3825
-174
-3299
146
-5164
3618
743565
4293
-363
-3534
728
-5393
3613
744590
5308
-191
-4391
195
-5371
3838
745615
6206
-461
-5024
-798
-5567
4048
738432
6321
-364
-5019
-685
-2269
2097
739457
6658
145
-4267
-520
1758
1396
740482
4951
-14
-3704
-81
3517
1625
741507
1739
-328
-3981
587
1902
2049
742532
322
-109
-3910
382
-133
2290
743557
1294
542
-3653
235
-64
2505
744582
2348
787
-3235
-74
827
2634
745607
2645
781
-3053
-442
1336
2669
746632
2570
907
-3065
-432
1529
2687
747657
1954
816
-2960
-474
1572
2374
748682
1365
782
-2603
-347
1905
2181
749707
1043
730
-2240
-704
2547
1954
750732
721
723
-1834
-1019
2819
2044
751757
364
726
-1294
-850
2331
2069
752782
362
692
-1000
-926
2010
2147
753807
607
694
-764
-1051
2310
2406
746623
653
651
-517
-1059
2838
2748
747648
309
503
-246
-958
2884
2854
748673
-29
396
-13
-891
2460
2881
749698
-68
327
134
-872
2376
2994
750723
-49
237
249
-818
2468
3076
751748
-72
151
342
-714
2260
3122
752773
-78
110
382
-622
2197
3146
753798
-60
110
362
-566
2221
3199
754823
-54
129
326
-596
2272
3460
755848
-166
64
304
-576
2219
3637
756873
-328
-19
232
-414
1965
3532
757898
-158
6
150
-285
2001
3373
758923
13
78
66
-332
2400
3390
759948
-125
86
15
-398
2389
3473
760973
-207
82
-11
-416
2194
3482
761998
-89
97
-34
-432
2235
3514
754816
-10
115
-49
-474
2367
3538
755841
-22
108
-41
-557
2527
3609
756866
-63
58
9
-586
2328
3638
757891
-42
30
32
-548
2261
3566
758916
33
23
60
-584
2360
3483
759941
51
17
81
-617
2378
3426
760966
18
19
100
-619
2209
3428
761991
47
34
93
-605
2181
3479
763016
116
28
101
-633
2343
3579
764041
73
-29
136
-634
2323
3556
765066
21
-64
144
-523
2262
3430
766091
63
-46
149
-514
2333
3363
767116
71
-38
165
-546
2317
3393
768141
48
-49
161
-478
2218
3365
769166
69
-41
133
-444
2181
3324
770191
104
-19
99
-422
2252
3330
763008
56
-9
64
-401
2314
3275
764033
-5
-1
32
-434
2282
3241
765058
-7
20
17
-477
2305
3281
766083
-1
20
8
-450
2293
3332
767108
-21
7
-5
-419
2225
3345
768133
-41
2
-26
-419
2338
3332
769158
-95
6
-30
-474
2378
3340
770183
-83
21
-20
-504
2302
3407
771208
-45
17
-17
-506
2298
3494
772233
-27
-15
-9
-546
2322
3498
773258
8
-39
8
-569
2311
3484
774283
30
-45
20
-550
2365
3452
775308
6
-45
23
-509
2366
3442
776333
-4
-51
37
-517
2308
3414
777358
8
-45
39
-521
2321
3352
778383
23
-21
45
-526
2415
3374
771200
1
-32
86
-558
2585
3442
772225
-87
-85
166
-526
2477
3311
773250
-147
-100
222
-503
2355
3129
774275
-138
-74
280
-469
2402
3036
775300
-213
-57
351
-474
2420
2958
776325
-357
-62
455
-563
2372
2808
777350
-561
-86
604
-598
2280
2582
778375
-810
-72
804
-402
2148
2410
779400
-1018
-18
913
-400
2012
2406
780425
-1329
-21
997
-577
2129
2361
781450
-1833
-101
1302
-846
2008
2188
782475
-2395
-185
1524
-801
1623
2104
783500
-2785
-265
1636
-738
1351
2203
784525
-3003
-356
1769
-801
1126
2363
785550
-3220
-470
2050
-1092
1050
2602
786575
-3670
-676
2431
-737
771
2736
779392
-4023
-773
2474
-135
366
2750
780417
-4393
-889
2562
-162
-113
2712
781442
-4582
-953
2919
-552
-894
2838
782467
-4592
-1005
3099
-556
-1972
3041
783492
-4320
-1120
2885
49
-3161
3420
784517
-3834
-1023
2711
437
-3879
3791
785542
-2889
-826
2641
84
-3529
3939
786567
-2610
-771
2548
-178
-3152
3986
787592
-3121
-797
2443
372
-3357
3903
788617
-3953
-789
2328
1005
-3932
3543
789642
-4053
-706
2108
799
-3742
2902
790667
-4070
-427
2193
290
-3460
2523
791692
-3856
-479
2162
216
-4635
2471
792717
-3104
-574
1934
643
-5574
2230
793742
-2594
-500
1690
568
-5418
1922
794767
-1945
-449
1373
284
-5722
2076
787584
-911
-557
968
352
-5688
2105
788609
-621
-593
651
853
-5530
2136
789634
-573
-606
157
1119
-5657
2211
790659
-673
-416
-209
482
-5116
2093
791684
-703
-274
120
364
-5933
1899
792709
-451
-103
188
201
-5208
1581
793734
-298
-51
290
53
-3955
1454
794759
-408
-25
329
-161
-3977
1364
795784
-516
-20
261
-332
-3789
1308
796809
-516
-28
207
-352
-3732
1286
797834
-617
-42
162
-343
-3673
1406
798859
-1027
-83
94
-320
-3581
1323
799884
-1266
-98
110
-341
-4302
1059
800909
-1067
-91
132
-342
-4887
767
801934
-582
-65
79
-325
-4894
663
802959
-184
-50
53
-294
-4548
800
795777
-95
-50
42
-312
-4218
916
796802
-145
-42
0
-329
-4170
926
797827
-151
-35
-38
-328
-4225
905
798852
-126
-20
-71
-336
-4234
880
799877
-60
-6
-79
-299
-4212
837
800902
48
15
-53
-255
-4220
823
801927
157
40
-9
-255
-4216
860
802952
209
47
13
-279
-4194
950
803977
179
36
3
-256
-4163
1008
805002
116
38
31
-275
-4191
1004
806027
92
31
47
-316
-4233
990
807052
105
23
34
-317
-4212
1005
808077
109
26
39
-314
-4185
1014
809102
84
27
42
-331
-4149
1057
810127
43
20
23
-331
-4168
1054
811152
17
18
14
-318
-4214
1021
803968
23
12
16
-330
-4209
1014
804993
42
4
9
-327
-4189
1010
806018
50
-3
-5
-296
-4170
1013
807043
33
-3
2
-304
-4185
1021
808068
19
-7
2
-312
-4189
1027
809093
9
-8
-2
-303
-4197
1011
810118
10
-7
3
-310
-4198
1012
811143
12
-5
7
-319
-4200
1018
812168
17
-5
9
-316
-4203
1024
813193
15
-4
6
-316
-4188
1025
814218
11
-2
2
-314
-4182
1029
815243
20
-4
-12
-317
-4196
1024
816268
27
0
-18
-272
-4191
1016
817293
33
5
0
-293
-4179
1031
818318
27
5
-2
-292
-4177
1039
819343
24
1
-2
-314
-4196
1038
812159
26
-2
-10
-283
-4194
1049
813184
29
1
7
-302
-4191
1058
814209
31
2
9
-305
-4178
1058
815234
30
2
8
-314
-4180
1052
816259
30
0
3
-318
-4181
1056
817284
18
3
-2
-307
-4182
1067
818309
14
4
4
-318
-4189
1069
819334
17
2
2
-318
-4184
1064
820359
25
0
4
-308
-4183
1062
821384
30
0
6
-306
-4171
1066
822409
33
-1
4
-322
-4180
1069
823434
46
-5
-8
-301
-4186
1058
824459
52
-1
-2
-311
-4191
1071
825484
50
-3
-16
-335
-4183
1106
826509
41
-2
-39
-308
-4194
1101
827534
51
-2
-40
-289
-4211
1084
820352
85
2
-33
-283
-4224
1073
821377
111
10
-24
-268
-4205
1097
822402
116
18
-11
-240
-4181
1144
823427
109
22
19
-246
-4211
1128
824452
149
20
33
-263
-4341
1101
825477
228
9
47
-185
-4402
1112
826502
279
6
137
-144
-4444
1170
827527
379
43
256
-260
-4714
1173
828552
713
106
304
-245
-5628
1230
829577
1250
289
203
410
-7086
1219
830602
1739
450
-621
391
-6913
1132
831627
2013
280
-1746
181
-6514
1431
832652
2824
450
-1911
568
-6737
2067
833677
2999
598
-2219
1311
-5721
2062
834702
2990
849
-2508
414
-5706
2624
835727
3599
796
-2898
495
-5466
2863
828544
3777
623
-3402
995
-4316
3091
829569
3865
579
-3488
1006
-4062
3379
830594
3648
746
-3644
606
-4331
3682
831619
3900
966
-3772
1064
-3968
3642
832644
4751
1175
-4128
400
-2716
3525
833669
4495
1047
-4212
-183
-1810
3339
834694
4475
1169
-3921
68
-1801
3015
835719
4577
1228
-3896
-182
-865
2736
836744
4508
1237
-3694
-478
-19
2500
837769
4170
1187
-3323
-804
849
2334
838794
3652
1083
-2987
-626
1044
2291
839819
3208
1039
-2766
-909
1076
2269
840844
2670
997
-2415
-1101
1434
2284
841869
2324
847
-1970
-922
1511
2123
842894
2043
812
-1550
-859
1460
2027
843919
1705
745
-1290
-1073
1995
2134
836735
1227
663
-874
-883
1974
2140
837760
907
565
-582
-906
2096
2095
838785
589
497
-348
-943
2189
2471
839810
334
426
-142
-890
1986
2774
840835
259
346
9
-797
1924
2911
841860
294
311
106
-759
2235
2920
842885
295
301
178
-729
2340
3172
843910
213
262
273
-658
2262
3465
844935
37
164
346
-586
2224
3443
845960
-79
100
375
-507
2022
3340
846985
-24
98
360
-509
1965
3409
848010
46
96
338
-533
2172
3497
849035
-17
58
336
-394
2073
3441
850060
-125
43
305
-194
1938
3361
851085
-193
76
238
-162
2033
3393
852110
-210
102
191
-219
1864
3521
845079
-82
127
106
-284
1839
3556
846104
72
154
8
-301
2021
3561
847129
228
184
114
-279
2109
3561
848154
252
191
94
-366
2329
3615
849179
42
91
-70
-320
2379
3576
850204
-49
46
-48
-360
2282
3514
851229
-49
39
-21
-401
2346
3541
852254
-57
3
13
-404
2266
3582
853279
-50
-27
37
-425
2148
3542
854304
23
-38
42
-417
2165
3530
855329
62
-36
46
-374
2249
3490
856354
15
-38
54
-380
2227
3490
857379
-40
-35
62
-414
2179
3487
858404
-33
-25
60
-423
2109
3470
859429
-11
-13
43
-432
2137
3541
860454
14
-29
41
-456
2219
3648
853120
8
-55
54
-443
2170
3602
854145
30
-70
56
-390
2215
3513
855170
42
-71
56
-364
2233
3479
856195
36
-66
53
-383
2193
3544
857220
66
-79
66
-331
2249
3614
858245
185
-81
212
-357
2232
3569
859270
150
-83
157
-391
2360
3449
860295
42
-115
57
-353
2282
3382
861320
49
-71
61
-336
2254
3442
862345
73
-47
51
-328
2294
3482
863370
71
-34
50
-325
2212
3401
864395
63
-10
32
-268
2198
3289
865420
45
32
16
-295
2248
3264
866445
-5
53
13
-342
2256
3352
867470
-42
44
24
-359
2202
3406
868495
-52
21
42
-351
2138
3382
861315
-49
4
41
-353
2137
3350
862340
-46
1
26
-365
2234
3414
863365
-51
-13
36
-366
2277
3479
864390
-102
-40
50
-337
2208
3435
865415
-121
-46
47
-286
2135
3382
866440
-87
-31
42
-299
2156
3393
867465
-106
-21
36
-295
2192
3364
868490
-151
6
24
-248
2191
3284
869515
-206
35
26
-302
2238
3317
870540
-286
34
70
-355
2290
3324
871565
-427
8
155
-320
2250
3157
872590
-591
-16
237
-306
2147
2946
873615
-755
-4
352
-359
2127
2759
874640
-940
48
499
-454
2213
2714
875665
-1220
36
656
-495
2181
2677
876690
-1553
-14
838
-441
1672
2409
869505
-1649
56
824
-458
1485
2506
870530
-1549
147
925
-684
1641
2672
871555
-1730
187
1249
-754
1735
2602
872580
-2182
176
1464
-434
1628
2631
873605
-2691
89
1526
-541
1554
2850
874630
-3029
4
1790
-827
1335
3023
875655
-3398
-190
2162
-870
933
2870
876680
-3969
-422
2406
-633
254
2675
877705
-4328
-503
2519
-621
-365
2879
878730
-4130
-643
2624
-1010
-1090
3115
879755
-3844
-850
2826
-1086
-2060
2996
880780
-3632
-842
2879
-479
-2890
3126
881805
-3515
-643
2661
-224
-2753
3808
882830
-3319
-584
2550
-688
-2949
4049
883855
-3144
-585
2399
-703
-3521
3925
884880
-2962
-535
2154
-40
-4076
3688
877696
-2496
-273
1933
222
-4471
4088
878721
-1772
-57
1839
-327
-3989
4160
879746
-1259
-27
1771
-831
-3871
3811
880771
-1172
-53
1571
-482
-3917
3761
881796
-1144
-31
1440
-90
-3914
3697
882821
-1106
-40
1353
-297
-3713
3561
883846
-1313
-206
1374
-903
-3136
3227
884871
-1977
-379
1650
-386
-2955
2883
885896
-2577
-457
1316
314
-4017
2604
886921
-2519
-569
810
329
-4347
2752
887946
-1402
-1201
234
-124
-5029
3694
888971
-1221
-1770
343
998
-8936
3230
889996
-394
-863
-331
604
-6595
2359
891021
889
-869
-434
310
-3431
2828
892046
615
-1019
-63
453
-3219
2931
893071
-262
-607
157
-6
-2780
2827
885888
-758
-433
264
-295
-2984
2661
886913
-838
-318
263
-346
-3352
2303
887938
-737
-76
280
-420
-3546
2123
888963
-579
117
237
-487
-3846
2179
889988
-450
242
141
-446
-4010
2186
891013
-343
318
103
-479
-4126
2181
892038
-191
284
74
-411
-4041
2079
893063
-22
229
49
-378
-3883
2019
894088
132
141
22
-368
-3831
1987
895113
243
89
3
-384
-3791
2012
896138
256
79
-36
-429
-3643
2074
897163
276
-14
-3
-426
-3711
2134
898188
300
-45
14
-391
-3765
2219
899213
288
-28
29
-402
-3723
2345
900238
202
-19
47
-395
-3622
2421
901263
107
-8
71
-399
-3576
2482
894080
31
13
108
-414
-3559
2462
895105
-16
46
131
-443
-3640
2400
896130
-58
117
89
-442
-3631
2334
897155
-84
125
103
-595
-3622
2328
898180
-95
68
83
-492
-3676
2268
899205
-78
76
77
-505
-3684
2243
900230
-38
66
77
-536
-3712
2222
901255
12
74
52
-455
-3729
2206
902280
46
99
50
-643
-3654
2284
903305
65
4
59
-579
-3674
2287
904330
44
-8
34
-550
-3655
2305
905355
3
-14
10
-568
-3665
2315
906380
-18
-25
-11
-537
-3678
2310
907405
-11
-23
-11
-536
-3692
2302
908430
-10
-22
-12
-513
-3660
2299
909455
-23
-20
-11
-498
-3656
2268
902271
-28
-14
-4
-477
-3672
2267
903296
-22
-11
6
-485
-3676
2268
904321
-18
-5
17
-491
-3687
2263
905346
-18
-2
20
-489
-3671
2265
906371
-14
0
20
-502
-3691
2259
907396
-9
3
15
-520
-3698
2274
908421
-8
2
6
-525
-3691
2279
909446
-21
-1
-5
-524
-3675
2285
910471
-47
-6
-16
-515
-3651
2280
911496
-68
-12
-19
-510
-3671
2270
912521
-62
-11
-14
-499
-3714
2248
913546
-39
-5
-4
-501
-3719
2246
914571
-15
-1
5
-503
-3709
2258
915596
-7
1
10
-507
-3683
2250
916621
-9
2
14
-508
-3680
2250
917646
-5
2
16
-528
-3694
2253
910464
0
3
16
-528
-3676
2260
911489
1
1
15
-525
-3676
2265
912514
1
-2
14
-533
-3693
2262
913539
3
-4
10
-532
-3702
2266
914564
-1
-8
6
-535
-3701
2264
915589
-1
-11
3
-535
-3704
2257
916614
3
-10
1
-531
-3693
2256
917639
7
-8
-1
-523
-3679
2264
918664
3
-6
-5
-515
-3675
2260
919689
-1
-5
-3
-505
-3691
2255
920714
5
-5
1
-502
-3710
2253
921739
53
-16
9
-501
-3758
2149
922764
320
-33
32
-551
-3893
2106
923789
629
-4
56
-452
-3814
2255
924814
616
106
-17
-390
-3507
2352
925839
446
143
-43
-574
-3488
2469
918657
335
81
35
-398
-3748
2525
919682
329
106
61
-436
-3823
2592
920707
366
163
86
-413
-3948
2678
921732
353
237
130
-260
-3990
2757
922757
389
306
165
-405
-4731
3065
923782
500
344
-117
-319
-6073
3406
924807
270
261
-1156
77
-6706
4048
925832
562
-76
-2690
-86
-6352
4453
926857
2177
-543
-2618
414
-5203
4070
927882
2337
-549
-1950
1205
-5383
3782
928907
2041
-557
-2655
761
-6172
4042
929932
2479
-335
-3228
1057
-5856
3728
930957
3254
-4
-3635
712
-4384
3277
931982
3942
23
-3856
445
-3271
3121
933007
3749
65
-3869
717
-3066
3206
934032
3765
398
-4014
242
-2637
3279
926848
3998
542
-4041
-370
-1737
3171
927873
4117
528
-3953
-283
-1529
2916
928898
4098
666
-3842
-219
-1045
2733
929923
3906
783
-3784
-412
149
2802
930948
3630
737
-3505
-414
662
2871
931973
3199
659
-3180
-406
654
2593
932998
2779
769
-2948
-389
923
2315
934023
2641
900
-2667
-445
1299
2481
935048
2341
892
-2272
-317
1333
2612
936073
1853
972
-2054
-470
1890
2651
937098
1325
902
-1776
-630
1492
2614
938123
1120
870
-1610
-824
1489
2437
939148
1087
901
-1499
-907
2016
2480
940173
1041
736
-1148
-923
1974
2366
941198
1069
619
-946
-1044
2030
2255
942223
1145
539
-715
-1121
2381
2410
935040
1031
409
-393
-980
2691
2585
936065
693
211
-144
-858
2713
2554
937090
237
108
39
-793
2545
2410
938115
-5
143
157
-747
2668
2329
939140
-89
152
297
-775
2507
2563
940165
-178
142
366
-755
2028
2917
941190
-16
122
395
-551
1877
3139
942215
323
281
380
-775
2311
3316
943240
88
202
195
-762
2595
3428
944265
-111
131
231
-631
2355
3341
945290
-182
131
191
-632
2323
3274
946315
-75
181
218
-695
2398
3343
947340
74
199
283
-733
2441
3457
948365
34
113
185
-670
2451
3449
949390
-78
8
106
-600
2278
3365
950415
-37
18
96
-619
2419
3351
943232
-18
33
89
-644
2532
3406
944257
-83
16
97
-594
2398
3405
945282
-104
13
93
-555
2243
3368
946307
-51
25
78
-608
2271
3342
947332
-27
44
53
-583
2367
3330
948357
-80
60
32
-563
2432
3333
949382
-163
53
32
-617
2244
3292
950407
-144
50
21
-695
2201
3294
951432
-37
55
15
-680
2329
3380
952457
-8
52
31
-615
2380
3392
953482
-59
40
39
-622
2382
3347
954507
-81
48
35
-637
2329
3398
955532
-39
52
35
-655
2356
3492
956557
-34
19
45
-650
2412
3477
957582
-53
-12
52
-608
2398
3423
958607
-38
-22
57
-638
2384
3431
951424
-20
-31
61
-671
2405
3484
952449
-11
-63
74
-669
2437
3536
953474
-6
-106
86
-670
2368
3450
954499
31
-111
79
-664
2357
3347
955524
75
-101
79
-590
2453
3304
956549
47
-95
94
-553
2379
3267
957574
25
-62
75
-557
2291
3283
958599
42
-23
56
-533
2300
3315
959624
28
-12
48
-558
2339
3313
960649
16
-10
43
-563
2308
3298
961674
10
2
34
-560
2295
3265
962699
-10
11
24
-582
2318
3292
963724
-11
16
17
-585
2294
3349
964749
-3
16
12
-567
2315
3353
965774
-5
16
6
-576
2343
3333
966799
21
29
-3
-583
2340
3383
959616
33
24
2
-562
2384
3404
960641
-13
11
9
-570
2401
3318
961666
6
34
16
-626
2335
3347
962691
49
46
27
-627
2419
3401
963716
-19
15
43
-607
2428
3344
964741
-59
-8
53
-603
2302
3266
965766
0
-4
56
-594
2323
3264
966791
7
-4
65
-603
2404
3302
967816
-43
-24
84
-532
2395
3269
968841
-67
-36
112
-515
2339
3200
969866
-96
-42
130
-529
2379
3158
970891
-173
-51
158
-536
2341
3148
971916
-226
-52
184
-524
2330
3142
972941
-249
-29
199
-528
2346
3099
973966
-309
10
221
-556
2356
3057
974991
-396
44
233
-652
2361
3074
967809
-533
58
273
-704
2430
2986
968834
-760
24
441
-794
2469
2802
969859
-1105
-58
644
-773
2314
2592
970884
-1469
-117
844
-502
2152
2367
971909
-1699
-150
1049
-434
1878
2279
972934
-1946
-162
1211
-661
1797
2348
973959
-2351
-306
1499
-842
1865
2383
974984
-2844
-457
1868
-415
1413
2125
976009
-3163
-500
1940
-253
951
2083
977034
-3359
-600
1898
-657
787
2561
978059
-3385
-849
2196
-943
354
2862
979084
-3467
-1103
2469
-684
-23
3146
980109
-3885
-1208
2589
-310
-793
2987
981134
-3996
-1075
2527
-420
-1557
2996
982159
-3626
-1073
2373
-831
-1467
3315
983184
-3568
-1241
2444
-674
-1597
3517
976000
-3800
-1398
2576
294
-2527
3281
977025
-4164
-1253
2582
752
-3261
3060
978050
-3991
-973
2579
410
-3448
3029
979075
-3457
-840
2570
3
-3754
3275
980100
-3114
-777
2382
305
-4138
3345
981125
-2665
-664
2261
571
-4215
3038
982150
-2089
-454
2333
552
-4094
2936
983175
-2031
-337
2456
67
-3995
3184
984200
-2470
-289
2372
239
-4676
3360
985225
-2793
-280
2047
411
-5337
3013
986250
-2218
-257
1600
575
-5859
3117
987275
-809
-557
1318
1289
-5994
2888
988300
-463
-463
483
960
-4575
2806
989325
-1239
-593
-47
1432
-6343
3266
990350
-709
-442
-764
853
-8033
2690
991375
-258
-61
-176
713
-4904
1642
984233
258
-91
37
1028
-4063
2000
985258
-214
-3
225
447
-4135
1891
986283
-493
89
388
15
-3510
1589
987308
-234
63
445
-111
-3460
1389
988333
140
141
596
-224
-3575
1427
989358
371
206
678
-425
-3547
1594
990383
497
180
497
-381
-3900
1710
991408
649
328
357
-568
-4085
2018
992433
866
106
346
-543
-4344
2138
993458
953
104
284
-399
-4101
2180
994483
896
295
251
-356
-3977
2219
995508
695
610
-54
-434
-3638
2471
996533
450
336
-105
-778
-3381
2537
997558
216
35
-49
-432
-3452
2386
998583
-14
75
-69
-470
-3465
2380
999608
-168
46
-59
-472
-3646
2277
992384
-177
38
-39
-435
-3715
2230
993409
-140
38
-7
-452
-3731
2232
994434
-101
33
11
-467
-3764
2241
995459
-74
30
25
-478
-3769
2239
996484
-37
36
43
-511
-3756
2218
997509
19
35
47
-526
-3723
2196
998534
60
32
42
-511
-3668
2215
999559
50
27
46
-517
-3665
2255
1000584
17
20
38
-526
-3700
2276
1001609
-3
8
28
-534
-3723
2274
1002634
-8
-6
23
-537
-3707
2266
1003659
-13
-17
17
-517
-3696
2239
1004684
-15
-23
13
-504
-3692
2237
1005709
-21
-25
8
-491
-3689
2223
1006734
-13
-22
9
-481
-3716
2219
1007759
-6
-13
15
-480
-3723
2228
1000576
3
-5
23
-478
-3723
2246
1001601
3
1
26
-486
-3707
2229
1002626
-2
2
25
-498
-3717
2232
1003651
-4
4
23
-503
-3728
2240
1004676
-3
2
19
-513
-3712
2234
1005701
1
2
15
-512
-3700
2232
1006726
-3
0
6
-508
-3687
2241
1007751
-5
1
1
-490
-3700
2224
1008776
-3
2
2
-497
-3720
2230
1009801
-9
2
0
-494
-3728
2234
1010826
-12
3
1
-496
-3718
2232
1011851
-13
2
3
-494
-3703
2235
1012876
-15
2
7
-508
-3707
2229
1013901
-14
1
11
-510
-3699
2223
1014926
-10
2
11
-517
-3713
2218
1015951
-4
2
11
-517
-3717
2220
1008768
8
1
14
-520
-3730
2218
1009793
22
1
16
-520
-3725
2218
1010818
33
2
17
-521
-3720
2233
1011843
33
1
16
-526
-3707
2241
1012868
22
2
12
-512
-3701
2242
1013893
20
7
11
-493
-3718
2246
1014918
29
40
7
-484
-3738
2247
1015943
52
52
26
-498
-3793
2275
1016968
86
82
47
-422
-3897
2283
1017993
83
163
65
-266
-4037
2392
1019018
39
259
-1
-225
-4770
2666
1020043
167
240
-320
-136
-6051
2971
1021068
346
267
-935
7
-6874
3125
1022093
733
283
-1484
-147
-5981
3282
1023118
1541
-118
-1933
349
-5282
3696
1024143
1996
-551
-2176
1409
-4939
3761
1016959
1798
-366
-2117
1204
-4658
3700
1017984
1790
-245
-2367
796
-5353
3394
1019009
2095
-46
-2847
950
-5395
2972
1020034
2523
218
-3313
765
-4714
2993
1021059
3148
388
-3595
710
-4091
3147
1022084
3594
519
-3647
914
-3830
3533
1023109
4074
747
-3735
910
-3568
3775
1024134
4582
870
-3869
457
-2138
3394
1025159
4937
931
-3644
221
-1766
3231
1026184
4930
1005
-3754
42
-1488
2929
1027209
4679
1151
-3796
-276
-523
2701
1028234
4089
1095
-3431
-353
202
2861
1029259
3609
906
-3087
-564
445
2916
1030284
3365
888
-3010
-328
637
3216
1031309
3030
816
-2978
-713
1618
3040
1032334
2696
710
-2370
-584
1652
2793
1025152
2130
586
-2030
-606
1342
2548
1026177
1747
547
-1770
-226
1058
2213
1027202
1843
721
-1562
-889
1507
2188
1028227
1757
578
-1190
-846
2041
2245
1029252
1376
475
-943
-702
1896
2092
1030277
1027
459
-762
-865
1743
2084
1031302
944
531
-612
-1058
1970
2122
1032327
879
468
-361
-1132
2284
2144
1033352
643
408
-245
-930
2369
2240
1034377
407
405
-146
-962
2465
2427
1035402
293
369
-31
-936
2494
2602
1036427
164
318
52
-876
2540
2676
1037452
0
272
99
-853
2712
2733
1038477
-69
223
183
-807
2663
2844
1039502
-54
210
261
-727
2551
2864
1040527
-35
231
321
-572
2606
2975
1033344
-49
204
402
-731
2478
3082
1034369
-82
165
219
-666
2508
3234
1035394
-93
130
204
-604
2449
3217
1036419
-90
98
202
-542
2441
3149
1037444
-137
66
150
-577
2355
3177
1038469
-122
46
84
-657
2312
3292
1039494
-76
20
24
-617
2397
3314
1040519
-58
-3
-23
-604
2475
3271
1041544
-59
-12
-60
-635
2503
3280
1042569
-77
-19
-86
-650
2536
3307
1043594
-91
-37
-94
-640
2552
3300
1044619
-59
-45
-83
-655
2558
3280
1045644
-24
-52
-67
-698
2576
3312
1046669
-21
-63
-52
-669
2607
3310
1047694
-25
-70
-23
-649
2614
3250
1048719
-31
-69
6
-658
2587
3189
1041535
-49
-58
20
-686
2497
3206
1042560
-29
-41
28
-687
2449
3282
1043585
-2
-50
35
-673
2453
3294
1044610
-13
-45
25
-634
2431
3236
1045635
-4
-22
20
-625
2422
3224
1046660
18
-7
15
-623
2484
3232
1047685
11
6
10
-609
2450
3208
1048710
22
21
4
-595
2463
3177
1049735
25
36
1
-616
2533
3176
1050760
-11
43
5
-642
2549
3202
1051785
-48
40
10
-622
2490
3218
1052810
-36
37
12
-638
2415
3197
1053835
-8
32
3
-664
2431
3209
1054860
5
26
-14
-673
2531
3287
1055885
8
5
-4
-693
2581
3321
1056910
-9
-27
16
-672
2514
3261
1049728
-9
-42
22
-662
2485
3188
1050753
24
-33
20
-673
2515
3217
1051778
45
-32
25
-663
2593
3270
1052803
20
-47
33
-644
2521
3255
1053828
23
-40
26
-660
2491
3216
1054853
44
-36
26
-736
2600
3277
1055878
15
-65
49
-771
2595
3303
1056903
2
-94
68
-718
2492
3229
1057928
48
-89
80
-639
2515
3164
1058953
53
-68
83
-635
2554
3169
1059978
29
-54
89
-635
2522
3189
1061003
21
-47
102
-606
2496
3151
1062028
8
-37
109
-585
2432
3071
1063053
-10
-13
98
-570
2410
3018
1064078
-18
12
90
-581
2471
3037
1065103
-36
34
85
-551
2452
3058
1058022
-56
55
79
-557
2457
3052
1059047
-100
61
78
-561
2452
3049
1060072
-124
65
81
-575
2418
3028
1061097
-127
75
91
-598
2461
3028
1062122
-170
75
102
-614
2448
3058
1063147
-203
74
107
-613
2417
3060
1064172
-227
78
133
-630
2444
2989
1065197
-303
75
170
-664
2397
2873
1066222
-398
78
220
-727
2292
2722
1067247
-515
67
312
-788
2225
2506
1068272
-739
20
472
-796
2134
2174
1069297
-1055
-6
687
-592
2062
1815
1070322
-1312
77
837
-466
2059
1507
1071347
-1580
206
1035
-550
2012
1374
1072372
-2033
309
1255
-679
1893
1327
1073397
-2608
304
1364
-613
1840
1605
1066112
-3185
248
1635
-669
1741
2182
1067137
-3855
99
1989
-1115
1710
2450
1068162
-4672
-219
2357
-1782
1710
2281
1069187
-5660
-697
3051
-1217
556
2235
1070212
-5866
-732
2994
-934
-1108
2477
1071237
-5399
-944
2756
-1209
-2427
3773
1072262
-4764
-1392
2821
-1782
-2678
4474
1073287
-4556
-1724
2990
-1269
-2348
4084
1074312
-4789
-1907
3097
-375
-3224
3501
1075337
-4766
-1930
2826
365
-4799
3152
1076362
-4141
-1741
2514
3
-5165
3371
1077387
-3877
-1657
2452
-311
-4617
3450
1078412
-3914
-1653
2181
296
-4717
3021
1079437
-4110
-1652
2102
958
-5197
2278
1080462
-3671
-1259
2113
1035
-6164
2487
1081487
-2302
-802
1739
157
-4674
2557
1074305
-1908
-771
1864
-358
-3305
2252
1075330
-2340
-830
2012
-381
-3041
1888
1076355
-2874
-764
1783
-129
-3591
1891
1077380
-2795
-1199
704
1501
-5168
2289
1078405
-2965
-1911
-2350
2155
-12581
1388
1079430
-2582
-244
-2487
2015
-7005
178
1080455
-322
177
46
2007
-5451
681
1081480
687
-160
-190
1853
-4961
1529
1082505
27
-119
284
659
-3551
1143
1083530
-376
-171
450
261
-3381
650
1084555
-245
-187
454
188
-3420
408
1085580
92
-86
659
-136
-3816
474
1086605
232
7
589
-299
-4145
720
1087630
286
39
364
-269
-4272
978
1088655
348
5
180
-122
-4461
1110
1089680
411
-11
68
47
-4698
1160
1082497
473
-12
119
124
-4484
1158
1083522
412
44
167
-2
-4149
1157
1084547
213
72
43
-140
-4010
1186
1085572
43
19
-84
-39
-3979
1125
1086597
-30
24
-88
5
-4074
1111
1087622
-104
46
-95
56
-4199
1054
1088647
-145
55
-89
127
-4227
1017
1089672
-117
62
-47
149
-4211
1062
1090697
-72
56
-10
99
-4201
1126
1091722
-44
33
1
31
-4163
1112
1092747
-21
17
7
-9
-4138
1067
1093772
4
18
11
-45
-4136
1045
1094797
28
21
6
-38
-4167
1054
1095822
38
24
1
-20
-4200
1103
1096847
-8
23
-13
-8
-4196
1118
1097872
-44
23
-26
-10
-4209
1089
1090688
-34
19
-24
-18
-4207
1068
1091713
5
5
-11
-33
-4187
1088
1092738
24
-10
1
-29
-4154
1093
1093763
32
-20
8
-7
-4157
1081
1094788
39
-22
11
16
-4177
1081
1095813
31
-20
7
29
-4175
1087
1096838
16
-19
0
30
-4176
1090
1097863
10
-19
-3
33
-4174
1075
1098888
21
-20
0
24
-4175
1083
1099913
36
-21
1
18
-4170
1100
1100938
49
-22
8
31
-4168
1113
1101963
50
-20
15
27
-4160
1123
1102988
38
-14
15
30
-4168
1118
1104013
22
-7
14
32
-4168
1114
1105038
5
0
6
31
-4166
1107
1106063
-4
5
2
39
-4165
1107
1098881
-4
7
4
42
-4170
1104
1099906
4
3
11
35
-4163
1109
1100931
9
1
20
29
-4155
1106
1101956
8
2
25
-1
-4153
1107
1102981
9
2
14
4
-4164
1110
1104006
16
2
10
2
-4175
1121
1105031
20
3
6
-6
-4166
1119
1106056
23
4
3
2
-4168
1115
1107081
26
6
3
2
-4172
1128
1108106
16
5
6
1
-4169
1130
1109131
14
3
7
15
-4173
1148
1110156
12
-1
16
37
-4185
1144
1111181
15
-7
40
56
-4243
1083
1112206
70
-5
80
42
-4263
1006
1113231
224
15
124
57
-4302
978
1114256
459
76
218
92
-4349
1073
1107072
660
190
331
52
-4522
1247
1108097
848
339
426
163
-5055
1231
1109122
1025
571
394
96
-5765
1683
1110147
998
505
-99
-99
-6178
2042
1111172
893
270
-495
452
-6784
2197
1112197
1257
-8
-1807
1118
-6356
2132
1113222
2063
-29
-2230
1336
-5496
1830
1114247
2167
26
-1835
1797
-5399
2005
1115272
2018
330
-2262
1426
-5449
2519
1116297
2168
454
-2527
855
-5254
2688
1117322
2401
420
-2821
1474
-4479
2478
1118347
2518
529
-3029
1173
-3793
2561
1119372
2534
601
-2966
1054
-3976
2679
1120397
2753
762
-3100
1107
-3746
2744
1121422
2860
960
-3339
1017
-3128
2975
1122447
2845
1008
-3368
735
-2885
3391
1115264
2960
1051
-3301
854
-2878
3385
1116289
3218
1056
-3337
658
-2174
3204
1117314
3509
1151
-3187
842
-1792
3229
1118339
3762
1237
-3124
866
-1891
3272
1119364
3993
1163
-3116
428
-1433
2924
1120389
4159
1355
-3012
744
-702
2617
1121414
4305
1480
-2936
236
129
2604
1122439
4057
1385
-2770
98
448
2703
1123464
3557
1460
-2977
-84
688
2819
1124489
2942
1364
-2887
-783
1496
2708
1125514
2281
1081
-2256
-531
1772
2514
1126539
1925
981
-2098
-494
1605
2337
1127564
1715
813
-1827
-747
1710
2245
1128589
1521
624
-1340
-627
1804
1905
1129614
1322
504
-1088
-841
2140
1865
1130639
1104
459
-851
-774
2593
2073
1123456
956
386
-582
-893
2954
2395
1124481
623
237
-403
-1190
3001
2572
1125506
183
46
-137
-809
2546
2490
1126531
137
45
-31
-666
2409
2457
1127556
283
114
65
-699
2657
2649
1128581
218
127
166
-524
2762
2850
1129606
-97
130
201
-376
2656
2855
1130631
-284
180
203
-459
2577
2842
1131656
-274
250
237
-504
2690
2998
1132681
-287
276
261
-411
2223
3213
1133706
-221
285
192
-350
1736
3279
1134731
4
258
71
-360
2181
3366
1135756
62
196
32
-353
2442
3466
1136781
-32
140
22
-328
2506
3498
1137806
-91
78
31
-383
2525
3442
1138831
-171
32
30
-501
2520
3303
1131649
-160
23
18
-556
2483
3275
1132674
-79
25
29
-530
2448
3382
1133699
-24
2
47
-505
2474
3432
1134724
-4
-26
54
-513
2481
3447
1135749
8
-46
62
-474
2494
3433
1136774
-21
-62
77
-464
2497
3403
1137799
-61
-67
86
-435
2412
3345
1138824
-45
-56
87
-426
2409
3304
1139849
-20
-31
90
-405
2403
3291
1140874
-16
-12
89
-421
2381
3335
1141899
-8
-11
86
-396
2384
3352
1142924
-14
-13
83
-393
2384
3308
1143949
-24
0
77
-379
2353
3304
1144974
-23
21
66
-399
2367
3353
1145999
-14
19
62
-377
2382
3389
1147024
-27
4
61
-371
2379
3327
1139841
-41
4
54
-389
2388
3286
1140866
-44
22
44
-392
2363
3359
1141891
-33
19
38
-382
2377
3383
1142916
-34
10
35
-380
2381
3359
1143941
-12
19
28
-363
2383
3343
1144966
-4
29
29
-375
2430
3353
1145991
-41
21
37
-370
2430
3345
1147016
-57
18
38
-342
2375
3343
1148041
-35
28
41
-356
2381
3343
1149066
-42
26
46
-392
2383
3344
1150091
-47
15
44
-389
2377
3370
1151116
-18
2
51
-385
2381
3327
1152141
-25
-1
48
-403
2398
3307
1153166
-28
5
37
-400
2378
3338
1154191
-32
2
27
-399
2378
3381
1155216
-34
-16
22
-388
2408
3409
1148032
-14
-31
31
-347
2400
3405
1149057
17
-26
40
-306
2402
3371
1150082
43
-12
41
-330
2457
3423
1151107
23
-28
50
-371
2433
3446
1152132
-19
-61
54
-338
2380
3350
1153157
-27
-73
45
-319
2343
3292
1154182
-14
-65
29
-344
2337
3325
1155207
0
-62
11
-335
2335
3304
1156232
0
-52
-4
-315
2307
3250
1157257
11
-24
-21
-324
2347
3288
1158282
-1
-13
-20
-379
2397
3345
1159307
-53
-17
-10
-376
2392
3272
1160332
-69
-5
-2
-383
2372
3269
1161357
-40
7
16
-407
2393
3342
1162382
-45
-2
35
-399
2409
3367
1163407
-44
-23
63
-376
2437
3347
1156223
-54
-40
105
-387
2414
3261
1157248
-117
-34
131
-399
2368
3154
1158273
-175
-5
134
-390
2299
3134
1159298
-201
19
140
-368
2353
3163
1160323
-254
31
179
-329
2457
3043
1161348
-384
56
250
-310
2434
2866
1162373
-551
71
355
-324
2369
2728
1163398
-758
57
531
-374
2421
2498
1164423
-1047
60
718
-376
2412
2331
1165448
-1343
103
871
-425
2245
2410
1166473
-1617
85
1059
-452
1967
2433
1167498
-1857
42
1187
-458
1750
2498
1168523
-2039
-57
1297
-610
1522
2702
1169548
-2196
-185
1438
-542
1241
2734
1170573
-2304
-194
1538
-272
1038
2845
1171598
-2360
-226
1570
-570
835
3177
1164416
-2446
-346
1803
-977
768
3291
1165441
-2686
-514
2122
-749
470
3229
1166466
-3100
-718
2093
-88
14
3261
1167491
-3143
-894
2217
-106
-942
3301
1168516
-2847
-848
2419
-453
-1408
3233
1169541
-2962
-928
2490
-650
-1455
3485
1170566
-3213
-1109
2446
-271
-1941
3813
1171591
-3350
-1128
2381
-39
-2130
3637
1172616
-3494
-1088
2504
-195
-2161
3381
1173641
-3505
-1135
2479
150
-2751
3304
1174666
-3159
-1085
2415
873
-3889
3550
1175691
-2738
-928
2404
1322
-4411
4054
1176716
-2518
-732
2252
871
-4004
4204
1177741
-2359
-622
1994
420
-4011
3809
1178766
-2037
-503
1835
1048
-4463
3683
1179791
-1684
-334
1633
1951
-4528
3845
1172609
-1144
-105
1453
1955
-4194
3750
1173634
-834
78
1326
1038
-3445
3595
1174659
-928
-1
1514
569
-3531
3545
1175684
-1087
-93
1315
230
-3776
3331
1176709
-1127
-320
1246
369
-3893
3005
1177734
-1136
-310
1122
697
-4353
2927
1178759
-1159
-362
805
832
-4073
2914
1179784
-1111
-426
769
1070
-5211
3124
1180809
-895
-264
427
506
-5164
3060
1181834
-104
-238
223
536
-4290
2693
1182859
196
-234
138
591
-3993
2569
1183884
193
-217
-24
389
-3914
2440
1184909
210
-204
-38
352
-3811
2319
1185934
142
-159
-78
133
-3793
2209
1186959
136
-143
-113
84
-3692
2124
1187984
174
-116
-74
202
-3566
2074
1180800
129
-68
-53
230
-3446
2050
1181825
20
-21
-40
192
-3353
2071
1182850
-80
21
-16
151
-3395
2129
1183875
-124
49
12
146
-3520
2210
1184900
-123
70
22
151
-3731
2278
1185925
-56
121
2
79
-3738
2310
1186950
31
150
19
33
-3658
2355
1187975
43
161
17
-24
-3628
2434
1189000
12
152
1
-78
-3626
2508
1190025
-20
124
-16
-93
-3638
2506
1191050
-21
94
-31
-69
-3598
2425
1192075
-16
70
-33
-61
-3614
2364
1193100
-39
64
-35
-71
-3659
2400
1194125
-37
68
-20
-48
-3662
2427
1195150
4
72
-7
-17
-3649
2399
1196175
23
75
-23
32
-3648
2359
1188993
9
93
-32
37
-3748
2364
1190018
48
128
-31
-36
-3846
2425
1191043
173
130
-16
-115
-3882
2502
1192068
226
100
-43
-118
-3725
2482
1193093
167
61
-74
-33
-3538
2402
1194118
73
37
-72
-16
-3597
2413
1195143
78
25
-54
-38
-3649
2457
1196168
125
7
-36
-32
-3562
2437
1197193
115
-10
-29
-25
-3496
2411
1198218
60
-20
-25
-48
-3501
2437
1199243
41
-27
-2
-50
-3455
2443
1200268
19
-36
15
-27
-3440
2425
1201293
-8
-40
25
-8
-3465
2440
1202318
-40
-33
30
22
-3445
2463
1203343
-55
-23
55
62
-3445
2476
1204368
-75
-17
71
53
-3477
2485
1197184
-109
-13
62
20
-3522
2488
1198209
-123
-14
53
20
-3630
2489
1199234
-110
-9
36
37
-3710
2492
1200259
-85
4
23
7
-3661
2465
1201284
-71
4
19
-19
-3675
2434
1202309
-60
6
4
-47
-3682
2415
1203334
-45
6
-7
-67
-3648
2401
1204359
-30
0
-11
-42
-3668
2396
1205384
-19
4
-16
-36
-3657
2386
1206409
-8
8
-12
-38
-3582
2357
1207434
-13
7
-1
-42
-3588
2358
1208459
-25
8
5
-46
-3603
2386
1209484
-34
3
12
-58
-3634
2403
1210509
-35
-3
13
-40
-3677
2389
1211534
-20
-2
10
-10
-3690
2367
1212559
-9
3
3
4
-3690
2407
1205376
2
1
-3
73
-3768
2451
1206401
30
1
-37
168
-3868
2470
1207426
94
7
-96
169
-3873
2486
1208451
136
8
-153
191
-3849
2585
1209476
136
-28
-236
349
-3868
2755
1210501
67
-82
-318
622
-3923
2828
1211526
-43
-83
-452
859
-4134
2751
1212551
43
-11
-571
727
-4393
2669
1213576
323
61
-697
897
-4313
2714
1214601
574
78
-728
1424
-4373
2754
1215626
669
294
-987
1283
-4076
2910
1216651
516
343
-1120
1205
-4363
2963
1217676
662
432
-1306
1234
-4668
2943
1218701
920
565
-1506
1279
-4630
3079
1219726
1174
685
-1740
1094
-4758
3154
1220751
1395
825
-1947
1157
-4845
3081
1213569
1735
961
-2157
1038
-4260
3007
1214594
2025
1051
-2451
692
-3950
3145
1215619
2165
1206
-2644
691
-3776
3400
1216644
2248
1369
-2677
818
-3422
3587
1217669
2485
1528
-2737
325
-2935
3568
1218694
2824
1461
-2704
100
-2965
3725
1219719
3120
1393
-2657
197
-2491
3810
1220744
3380
1386
-2611
372
-1767
3545
1221769
3375
1379
-2516
-107
-1451
3501
1222794
3334
1314
-2580
-552
-1286
3667
1223819
3271
1271
-2262
-124
-587
3627
1224844
3537
1302
-1994
-438
41
3314
1225869
3366
1275
-2094
-317
458
3611
1226894
3016
1205
-1838
-143
212
3871
1227919
3059
1175
-1629
-516
386
3640
1228944
3046
979
-1449
-720
1028
3469
1221761
2726
847
-1234
-375
899
3533
1222786
2472
893
-1386
-709
1221
3687
1223811
2102
596
-1143
-961
1457
3579
1224836
1852
396
-811
-629
1161
3203
1225861
1878
405
-773
-578
1259
2935
1226886
2024
443
-802
-1135
1936
2970
1227911
1684
211
-530
-931
2291
2930
1228936
1265
132
-393
-574
1922
2552
1229961
1233
228
-512
-1077
1997
2397
1230986
1285
204
-279
-931
2334
2428
1232011
1143
198
-76
-869
2546
2409
1233036
892
168
21
-886
2421
2348
1234061
725
218
48
-872
2519
2202
1235086
557
267
133
-958
2595
2165
1236111
375
299
114
-944
2572
2405
1237136
261
292
156
-934
2519
2598
1229953
186
236
192
-817
2542
2492
1230978
106
209
190
-869
2596
2481
1232003
-2
190
181
-853
2572
2666
1233028
-90
156
173
-752
2549
2831
1234053
-76
98
174
-786
2544
2890
1235078
-88
57
146
-743
2605
2867
1236103
-153
58
87
-698
2744
2890
1237128
-209
45
64
-721
2609
3017
1238153
-210
37
39
-695
2507
3061
1239178
-124
27
-4
-717
2605
3128
1240203
-66
4
-15
-751
2668
3190
1241228
-91
-23
-19
-745
2704
3193
1242253
-78
-44
-6
-763
2711
3141
1243278
-69
-50
11
-812
2724
3078
1244303
-83
-44
17
-870
2714
3129
1245328
-80
-43
30
-826
2618
3169
1238144
-57
-47
43
-818
2633
3122
1239169
-33
-37
50
-824
2603
3084
1240194
-20
-22
53
-793
2591
3101
1241219
-37
-17
48
-776
2603
3082
1242244
-46
-10
39
-790
2606
3044
1243269
-36
10
43
-791
2619
3025
1244294
-39
28
42
-804
2634
3043
1245319
-54
31
47
-780
2610
3059
1246344
-71
26
46
-764
2601
3054
1247369
-51
26
46
-811
2572
3071
1248394
-26
16
52
-855
2589
3108
1249419
-28
-3
57
-852
2613
3100
1250444
-22
-14
57
-860
2637
3121
1251469
-43
-26
80
-807
2680
3111
1252494
-75
-28
127
-907
2528
3105
1253519
-56
-34
26
-846
2583
3213
1246335
10
-40
51
-818
2650
3266
1247360
14
-49
112
-809
2613
3199
1248385
-23
-65
77
-732
2599
3113
1249410
-32
-70
82
-715
2503
3066
1250435
-11
-78
87
-714
2496
3031
1251460
10
-102
87
-658
2557
3014
1252485
-3
-113
79
-674
2529
3012
1253510
-19
-99
55
-659
2556
3011
1254535
-51
-88
29
-642
2595
3011
1255560
-99
-89
10
-665
2558
3044
1256585
-117
-92
-7
-629
2538
3062
1257610
-83
-84
-19
-589
2580
3060
1258635
-70
-75
-17
-622
2684
3092
1259660
-126
-84
-2
-646
2679
3108
1260685
-149
-88
17
-632
2566
3061
1261710
-141
-88
40
-658
2598
3042
1254528
-183
-102
78
-718
2617
3039
1255553
-231
-125
115
-756
2544
2999
1256578
-237
-124
146
-752
2484
2937
1257603
-275
-116
189
-811
2486
2851
1258628
-410
-141
269
-879
2491
2691
1259653
-608
-195
388
-706
2399
2575
1260678
-824
-274
587
-511
2362
2427
1261703
-1121
-381
925
-647
2360
2140
1262728
-1544
-542
1173
-733
2304
1928
1263753
-1958
-600
1389
-510
2088
1917
1264778
-2347
-632
1647
-380
1750
1850
1265803
-2832
-673
1860
-375
1544
1681
1266828
-3457
-692
2054
-876
1467
1660
1267853
-4284
-805
2227
-220
710
1944
1268878
-4414
-657
1867
-233
16
2644
1269903
-4301
-872
1953
-205
-834
2906
1262720
-3891
-753
2378
-352
-914
2789
1263745
-3610
-625
2612
-140
-1043
2970
1264770
-3453
-584
2465
91
-1763
3498
1265795
-3407
-494
2474
-83
-2182
4053
1266820
-3448
-498
2504
-322
-2546
4267
1267845
-3027
-655
2463
212
-3292
4469
1268870
-2305
-653
2289
855
-3997
4961
1269895
-1767
-525
2094
581
-3472
5068
1270920
-1781
-508
1897
-56
-2863
4753
1271945
-2142
-581
1788
162
-3225
4388
1272970
-2336
-547
1762
798
-3679
3988
1273995
-2120
-497
1783
542
-3905
3661
1275020
-1732
-414
1761
288
-4710
3675
1276045
-1375
-363
1234
-444
-4319
3664
1277070
-1254
-521
1492
182
-4248
3752
1278095
-1275
-632
1644
987
-4528
3460
1270913
-1141
-725
1456
583
-4437
3076
1271938
-1198
-715
1239
395
-3986
2867
1272963
-1469
-660
983
399
-3620
2687
1273988
-1587
-755
767
227
-3539
2604
1275013
-1470
-845
612
1310
-3375
2612
1276038
-1231
-612
895
1494
-4309
2750
1277063
-747
-377
619
850
-4549
2925
1278088
-163
-241
426
899
-4278
2820
1279113
-34
-36
229
718
-4119
2780
1280138
-35
39
-12
484
-3972
2575
1281163
-25
54
-38
298
-4003
2274
1282188
94
72
-14
224
-3953
2017
1283213
222
55
-48
357
-3824
1844
1284238
188
152
-20
314
-3646
1827
1285263
202
247
75
68
-3370
2013
1286288
125
238
112
-124
-3282
2258
1279105
-65
156
136
-142
-3493
2326
1280130
-190
113
139
-168
-3717
2304
1281155
-147
67
96
-57
-3974
2339
1282180
-102
125
76
-94
-4077
2397
1283205
-24
148
36
-188
-3901
2408
1284230
-26
120
-4
-169
-3831
2416
1285255
-105
88
-41
-185
-3814
2388
1286280
-132
55
-52
-138
-3842
2291
1287305
-79
52
-47
-114
-3867
2214
1288330
-7
60
-41
-135
-3688
2202
1289355
28
57
-25
-166
-3636
2247
1290380
14
52
-29
-238
-3643
2267
1291405
4
43
-14
-245
-3597
2212
1292430
-10
34
-1
-259
-3561
2192
1293455
-43
32
6
-267
-3579
2239
1294480
-91
24
11
-217
-3583
2253
1287297
-153
5
8
-167
-3823
2237
1288322
-162
37
7
-141
-4010
2198
1289347
-62
71
0
-158
-3927
2218
1290372
17
57
-2
-172
-3694
2229
1291397
0
16
-8
-153
-3736
2261
1292422
-51
-10
-30
-143
-3871
2248
1293447
-43
-4
-37
-126
-3867
2181
1294472
8
19
-34
-127
-3761
2163
1295497
45
28
-26
-153
-3634
2205
1296522
44
26
-9
-151
-3615
2239
1297547
35
22
6
-188
-3697
2256
1298572
23
16
16
-217
-3738
2261
1299597
0
12
20
-207
-3784
2269
1300622
-30
5
11
-194
-3801
2271
1301647
-59
-14
5
-156
-3801
2273
1302672
-86
-33
1
-107
-3871
2324
1295488
-119
-38
-6
-40
-3902
2385
1296513
-211
-29
-26
70
-3974
2554
1297538
-345
-15
-110
372
-3950
2682
1298563
-393
38
-265
698
-3667
2710
1299588
-453
24
-411
928
-3856
2661
1300613
-338
24
-426
891
-4729
2442
1301638
111
148
-511
971
-5515
2391
1302663
881
193
-877
894
-5615
2386
1303688
1409
238
-936
1062
-5063
2577
1304713
1400
419
-893
1326
-5178
2577
1305738
997
471
-1455
1018
-5428
2621
1306763
734
524
-1928
1073
-5731
2617
1307788
1059
668
-2289
1114
-5720
2395
1308813
1578
874
-2635
1126
-5574
2298
1309838
2283
1127
-2863
707
-4865
2865
1310863
2784
979
-3032
851
-4587
3453
1303680
2917
1002
-3311
1280
-4205
3038
1304705
3342
1323
-3543
766
-4295
2994
1305730
3718
1470
-3715
29
-3926
3603
1306755
4046
1495
-3856
-304
-2782
3912
1307780
4195
1310
-3738
-382
-1733
3669
1308805
4264
1150
-3494
-363
-1766
3380
1309830
4259
1099
-3618
-333
-1483
3458
1310855
4239
1118
-3334
-122
-796
3386
1311880
4371
973
-3069
-666
192
2919
1312905
4309
1056
-2899
-775
864
2600
1313930
3836
929
-2644
-664
1462
2385
1314955
3267
975
-2313
-377
1083
2183
1315980
3025
1151
-2204
-902
1579
2061
1317005
2572
1025
-1784
-815
2239
2069
1318030
1920
933
-1443
-544
1809
1950
1319055
1593
1007
-1308
-835
1518
1977
1311872
1633
1006
-1055
-1191
2005
2227
1312897
1357
804
-680
-1043
2314
2265
1313922
895
661
-516
-879
2234
2085
1314947
737
647
-373
-1274
2318
2119
1315972
684
604
-153
-1210
2590
2318
1316997
397
481
1
-1126
2814
2445
1318022
77
366
98
-966
2693
2485
1319047
54
320
197
-814
2548
2524
1320072
61
285
295
-838
2700
2639
1321097
-122
231
325
-722
2688
2773
1322122
-222
191
328
-542
2478
2826
1323147
-239
175
291
-609
2441
2858
1324172
-233
175
210
-774
2517
3038
1325197
-186
166
153
-829
2433
3217
1326222
-129
126
99
-817
2461
3261
1327247
-75
68
173
-911
2526
3196
1320064
-69
33
56
-923
2598
3174
1321089
-81
15
-10
-830
2589
3156
1322114
-83
7
17
-876
2651
3179
1323139
-116
-3
10
-877
2628
3196
1324164
-96
-4
3
-840
2602
3230
1325189
-46
-15
22
-811
2629
3211
1326214
-35
-34
41
-839
2657
3144
1327239
-8
-22
76
-777
2665
3114
1328264
-15
5
112
-805
2642
3107
1329289
-75
2
97
-792
2619
3123
1330314
-61
25
117
-766
2502
3141
1331339
-8
42
131
-755
2553
3126
1332364
-22
53
133
-770
2579
3068
1333389
-41
74
134
-798
2568
3120
1334414
-43
83
150
-783
2561
3204
1335439
-39
72
166
-817
2497
3196
1328256
-10
80
170
-807
2496
3150
1329281
8
90
168
-780
2542
3152
1330306
-14
89
158
-788
2507
3188
1331331
-13
82
149
-786
2519
3232
1332356
-8
62
154
-764
2517
3197
1333381
-32
50
139
-741
2480
3151
1334406
-45
51
109
-729
2507
3167
1335431
-39
47
80
-737
2529
3224
1336456
-32
34
61
-735
2495
3200
1337481
-19
18
45
-707
2456
3137
1338506
15
16
34
-700
2481
3145
1339531
34
14
33
-712
2553
3179
1340556
-9
1
37
-698
2576
3157
1341581
-47
-9
41
-699
2498
3136
1342606
-58
-18
33
-716
2453
3147
1343631
-95
-35
8
-713
2475
3155
1336447
-109
-46
-18
-702
2446
3154
1337472
-63
-36
-38
-707
2457
3179
1338497
-34
-31
-50
-739
2515
3179
1339522
-42
-38
-55
-760
2547
3185
1340547
-36
-48
-38
-769
2579
3165
1341572
-46
-55
-16
-787
2583
3163
1342597
-57
-58
0
-795
2598
3182
1343622
-48
-60
29
-802
2580
3161
1344647
-44
-58
59
-756
2572
3091
1345672
-65
-50
84
-746
2577
3027
1346697
-100
-39
120
-754
2590
3006
1347722
-176
-27
194
-740
2663
2937
1348747
-280
-18
299
-783
2616
2831
1349772
-476
-40
357
-789
2602
2642
1350797
-714
-48
550
-829
2423
2462
1351822
-1009
-120
689
-784
2426
2231
1344640
-1361
-162
925
-718
2344
2020
1345665
-1784
-187
1064
-539
2252
1929
1346690
-2245
-212
1251
-405
1977
2024
1347715
-2419
-200
1315
-560
1572
2288
1348740
-2701
-387
1330
-990
1476
2244
1349765
-3171
-496
1545
-1002
1198
2089
1350790
-3648
-687
1632
-920
1149
2495
1351815
-3863
-1122
1961
-756
534
3605
1352840
-3822
-1681
2047
-1363
-20
3463
1353865
-3857
-2161
2760
-1463
-990
1962
1354890
-3839
-2076
3305
-750
-1959
1307
1355915
-3582
-1620
3005
-438
-1989
2035
1356940
-3456
-1526
2960
-674
-1109
3099
1357965
-3955
-1859
3112
-672
-1029
3091
1358990
-4321
-1990
3188
91
-2661
2628
1360015
-3882
-1778
3186
1320
-4600
2779
1352832
-3315
-1290
3107
1410
-4990
3427
1353857
-2770
-924
3019
560
-4639
3694
1354882
-2383
-699
2901
951
-4805
3736
1355907
-2302
-536
2684
1677
-5238
3798
1356932
-2316
-445
2572
1859
-5633
3747
1357957
-1909
-351
2365
1292
-5595
3500
1358982
-1396
-250
2150
585
-5339
3235
1360007
-1180
-260
1616
139
-5137
3241
1361032
-1062
-441
1159
1206
-4441
3474
1362057
-1227
-473
1264
1405
-4609
3082
1363082
-1348
-424
810
304
-5770
3080
1364107
-738
-525
544
1223
-6428
2634
1365132
-273
-220
231
1836
-5167
2180
1366157
-12
-83
53
1317
-4271
1938
1367182
-226
-48
-29
1044
-4010
1803
1368207
-528
82
-70
786
-3653
1623
1361024
-463
146
-101
349
-3978
1612
1362049
-48
163
-20
46
-3866
1477
1363074
140
225
62
-114
-3510
1375
1364099
127
263
169
-358
-3579
1546
1365124
215
193
120
-345
-3636
1777
1366149
266
109
151
-268
-3791
1994
1367174
208
62
147
-264
-3977
2147
1368199
120
30
93
-203
-4249
2220
1369224
97
35
31
-132
-4311
2175
1370249
128
79
-38
-114
-4122
2091
1371274
139
93
-75
-104
-3806
2047
1372299
74
79
-55
-102
-3660
2040
1373324
-29
50
-25
-105
-3701
2029
1374349
-84
31
5
-86
-3778
1989
1375374
-73
26
23
-98
-3910
1953
1376399
-9
39
20
-101
-3991
1949
1369216
66
58
6
-134
-3905
1962
1370241
106
55
1
-133
-3804
1979
1371266
100
45
10
-121
-3803
2005
1372291
70
51
19
-134
-3824
2037
1373316
44
49
26
-157
-3846
2039
1374341
33
46
29
-203
-3841
2037
1375366
30
35
32
-232
-3817
2036
1376391
26
17
27
-229
-3784
2031
1377416
23
-8
23
-215
-3800
2039
1378441
19
-26
17
-204
-3882
2059
1379466
24
-34
3
-197
-3951
2068
1380491
38
-34
-24
-189
-3901
2052
1381516
61
-55
-36
-163
-3780
2034
1382541
53
-54
-25
-67
-3754
2012
1383566
32
-32
-16
-102
-3827
2028
1384591
23
-16
-15
-85
-3831
2030
1377409
29
-4
-14
-88
-3829
2022
1378434
38
2
-10
-84
-3830
2023
1379459
42
11
-12
-92
-3846
2039
1380484
45
18
-21
-111
-3834
2065
1381509
41
19
-24
-108
-3801
2070
1382534
34
21
-23
-105
-3816
2063
1383559
22
32
-23
-106
-3858
2095
1384584
-19
41
-30
-115
-3846
2110
1385609
-62
24
-38
13
-3936
2132
1386634
-82
24
-5
254
-4225
2061
1387659
-44
113
5
378
-4740
2074
1388684
32
184
-246
546
-4990
2202
1389709
174
217
-625
936
-4642
2207
1390734
39
331
-839
1368
-4380
2177
1391759
-159
495
-1076
1548
-5265
2393
1392784
517
669
-1599
1930
-6470
2710
1385599
1529
821
-1830
2327
-5884
2669
1386624
1641
1063
-1801
1977
-5643
2853
1387649
2039
1099
-2215
1207
-5983
3060
1388674
2622
1129
-2684
1322
-5147
3035
1389699
2900
1108
-2996
1182
-4441
3067
1390724
3055
1088
-3151
797
-4847
3335
1391749
3226
1096
-3236
1016
-5044
3673
1392774
3700
1214
-3377
788
-4232
3456
1393799
4129
1247
-3635
-328
-3371
3252
1394824
4067
1175
-3629
-908
-2741
3607
1395849
3988
1112
-3637
-817
-1967
4055
1396874
4058
975
-3443
-795
-1051
4069
1397899
4418
794
-2997
-993
-710
3613
1398924
4303
483
-2864
-866
-220
3472
1399949
3999
415
-2539
-557
-33
3029
1400974
3736
474
-2356
-845
584
2682
1393792
3574
495
-2015
-760
550
2592
1394817
3347
605
-1861
-228
706
2467
1395842
3100
704
-1835
-568
1498
2436
1396867
2634
708
-1551
-517
1725
2270
1397892
2163
668
-1260
-414
1754
1943
1398917
1684
701
-1043
-154
1789
1760
1399942
1405
796
-875
-642
2217
1819
1400967
1032
710
-531
-595
2415
1997
1401992
670
672
-284
-253
2132
2066
1403017
582
664
-226
-409
2084
2199
1404042
588
674
-216
-567
2378
2387
1405067
450
638
-217
-514
2785
2633
1406092
271
513
-114
-476
2658
2730
1407117
187
434
23
-536
2462
2654
1408142
195
392
30
-640
2562
2686
1409167
208
366
12
-605
2808
2886
1401984
179
296
72
-567
2762
3082
1403009
62
201
128
-560
2621
2975
1404034
4
162
134
-624
2648
2880
1405059
44
169
149
-625
2722
2976
1406084
-5
133
174
-496
2713
3043
1407109
-88
93
202
-439
2564
2972
1408134
-50
72
166
-561
2593
2930
1409159
12
65
165
-629
2678
2981
1410184
-2
51
155
-561
2662
3016
1411209
-17
43
140
-502
2712
3004
1412234
-35
45
146
-503
2751
2992
1413259
-56
64
154
-558
2767
3034
1414284
-39
83
169
-554
2768
3126
1415309
-29
96
181
-533
2757
3192
1416334
-12
89
194
-599
2724
3195
1417359
32
94
209
-621
2694
3146
1410374
51
103
212
-601
2713
3100
1411399
14
115
210
-565
2725
3072
1412424
-6
126
205
-553
2694
3086
1413449
22
116
199
-526
2664
3071
1414474
39
95
190
-458
2610
3009
1415499
69
91
167
-399
2715
2945
1416524
75
96
160
-413
2785
3015
1417549
17
84
159
-370
2738
3077
1418574
-21
66
133
-310
2671
3066
1419599
-11
50
102
-342
2688
3072
1420624
1
19
83
-388
2729
3142
1421649
27
-10
87
-371
2679
3095
1422674
51
-24
100
-372
2698
3018
1423699
27
-32
100
-371
2720
3000
1424724
-18
-38
98
-365
2628
3028
1425749
-35
-53
83
-370
2563
3051
1418368
-29
-61
52
-356
2527
3041
1419393
7
-45
12
-370
2587
3004
1420418
6
-25
-26
-387
2673
3026
1421443
-24
-19
-41
-342
2707
3035
1422468
-27
-8
2
-414
2622
2992
1423493
-14
-29
-54
-421
2711
2960
1424518
-6
-39
-44
-451
2812
2995
1425543
-52
-59
7
-449
2785
2929
1426568
-109
-86
46
-445
2707
2820
1427593
-140
-95
71
-453
2667
2762
1428618
-153
-88
98
-443
2659
2746
1429643
-202
-74
133
-418
2665
2686
1430668
-300
-69
181
-385
2621
2585
1431693
-432
-75
246
-362
2539
2491
1432718
-554
-80
313
-397
2454
2419
1433743
-667
-100
419
-425
2461
2340
1426560
-833
-128
732
-535
2373
2137
1427585
-1181
-184
1018
-638
2341
1809
1428610
-1760
-292
1118
-582
2219
1765
1429635
-2132
-362
1269
-659
1742
1827
1430660
-2451
-479
1466
-867
1447
1637
1431685
-2934
-574
1729
-1056
1305
1388
1432710
-3790
-923
2237
-1155
1186
1336
1433735
-4478
-1020
2701
-1047
560
1576
1434760
-5168
-1285
2753
-1489
219
1691
1435785
-5574
-1630
3147
-1283
-759
1788
1436810
-5698
-1844
3362
-1172
-1198
1957
1437835
-5568
-1948
3653
-899
-1290
1970
1438860
-5554
-1958
3853
-208
-1768
2062
1439885
-5251
-1897
4017
-402
-2536
2639
1440910
-4279
-2056
4410
-344
-3274
2827
1441935
-3630
-2099
5007
811
-5434
2431
1434752
-2885
-1344
5226
1516
-8317
3177
1435777
-2037
-444
4487
982
-9268
4555
1436802
-1243
286
3188
-240
-8480
5179
1437827
-29
452
2602
428
-6345
5976
1438852
-565
-162
1791
3556
-5183
5089
1439877
-2724
-332
706
2666
-10782
4167
1440902
-1913
244
191
2419
-10280
1908
1441927
1126
613
22
2375
-3557
1592
1442952
1779
370
23
1196
-1681
1628
1443977
-31
224
79
566
-2313
1591
1445002
-632
154
-3
164
-2695
1569
1446027
-257
203
140
-184
-3209
1731
1447052
96
199
340
-465
-3624
2022
1448077
335
165
358
-439
-3632
2288
1449102
412
97
335
-242
-4067
2451
1450127
506
98
248
-220
-4379
2521
1442944
789
88
192
-281
-4579
2676
1443969
933
125
76
-385
-4155
2716
1444994
873
138
-89
-435
-3427
2649
1446019
746
108
-94
-436
-3054
2638
1447044
616
97
-44
-424
-3041
2699
1448069
504
96
17
-371
-3081
2758
1449094
414
89
21
-315
-3281
2829
1450119
371
85
13
-241
-3434
2861
1451144
339
88
2
-173
-3363
2869
1452169
276
74
-4
-186
-3295
2874
1453194
198
50
-17
-235
-3225
2871
1454219
117
22
-24
-267
-3155
2872
1455244
39
-1
-9
-283
-3192
2868
1456269
-16
-3
2
-293
-3256
2864
1457294
-42
7
10
-303
-3297
2834
1458319
-48
22
9
-306
-3350
2817
1451135
-41
35
-4
-342
-3322
2839
1452160
-36
35
-16
-343
-3336
2838
1453185
-18
39
-22
-346
-3322
2819
1454210
13
44
-15
-351
-3277
2817
1455235
23
36
-5
-362
-3260
2848
1456260
5
24
-2
-342
-3289
2843
1457285
-15
13
-8
-330
-3327
2851
1458310
-30
6
-15
-311
-3338
2845
1459335
-32
1
-16
-309
-3326
2823
1460360
-25
2
-12
-317
-3328
2810
1461385
-15
2
-5
-328
-3323
2800
1462410
0
0
-2
-334
-3337
2800
1463435
16
1
1
-345
-3325
2813
1464460
24
-4
3
-342
-3310
2814
1465485
21
-9
3
-331
-3320
2824
1466510
22
-8
3
-311
-3317
2825
1459328
27
-7
4
-298
-3302
2829
1460353
22
-10
5
-291
-3295
2850
1461378
8
-11
6
-279
-3311
2855
1462403
-10
-6
5
-274
-3310
2897
1463428
-52
4
-5
-296
-3245
2968
1464453
-148
1
-14
-253
-3125
2959
1465478
-319
53
2
-51
-3301
2815
1466503
-453
205
-85
131
-3458
2958
1467528
-617
406
-209
322
-3607
3238
1468553
-521
470
-354
478
-4095
3311
1469578
25
382
-478
725
-4436
3273
1470603
907
322
-526
715
-4273
2966
1471628
1617
368
-490
384
-3985
2914
1472653
1831
25
-874
452
-4877
3435
1473678
1691
-84
-1415
76
-5605
3778
1474703
1779
313
-1710
1049
-4925
4525
1467520
2269
394
-1556
806
-4625
4432
1468545
1536
-92
-1993
-111
-4557
4518
1469570
1436
-467
-2669
380
-4494
4478
1470595
1549
-464
-2875
674
-3894
4527
1471620
1631
-497
-2949
381
-3190
4497
1472645
1729
-593
-3165
587
-2479
4068
1473670
2066
-458
-3167
918
-2392
3632
1474695
2341
-276
-3239
560
-2857
3789
1475720
2592
-79
-3334
415
-2562
3871
1476745
2914
108
-3306
709
-1782
3735
1477770
3181
260
-3210
842
-1335
3604
1478795
3193
345
-3170
366
-1344
3603
1479820
3135
449
-3176
77
-1252
3553
1480845
3328
584
-3167
248
-776
3220
1481870
3580
734
-3097
155
188
2921
1482895
3466
727
-2748
-64
896
2839
1475711
3083
680
-2473
8
941
2974
1476736
2684
592
-2421
231
767
2938
1477761
2574
628
-2273
96
1126
2814
1478786
2646
602
-2103
-459
2058
2833
1479811
2408
495
-1798
-206
2201
2609
1480836
1964
457
-1856
-570
2387
2086
1481861
1586
372
-1461
-790
2492
1824
1482886
1236
284
-1073
-837
2463
1534
1483911
1162
403
-813
-780
2439
1621
1484936
1065
422
-554
-817
2458
1715
1485961
843
394
-373
-939
2522
1865
1486986
585
371
-220
-911
2433
2023
1488011
438
348
-123
-927
2674
2232
1489036
277
261
-2
-883
2774
2303
1490061
97
225
72
-805
2598
2240
1491086
103
265
122
-805
2722
2359
1483905
111
257
190
-774
3049
2590
1484930
-24
188
244
-582
3009
2705
1485955
-79
155
286
-491
2817
2652
1486980
-81
181
296
-460
2895
2676
1488005
-103
201
263
-379
2917
2828
1489030
-109
187
244
-293
2850
2915
1490055
-113
171
206
-336
2825
2934
1491080
-75
173
167
-359
2806
2936
1492105
-40
165
148
-354
2857
2932
1493130
-54
140
133
-401
2869
2918
1494155
-81
115
125
-429
2790
2860
1495180
-90
105
87
-469
2788
2889
1496205
-47
104
48
-464
2844
2941
1497230
-35
78
37
-456
2844
2953
1498255
-57
36
28
-467
2821
2938
1499280
-47
14
28
-469
2823
2897
1492096
-42
10
41
-470
2796
2883
1493121
-51
7
45
-483
2820
2922
1494146
-38
-2
58
-482
2838
2951
1495171
-42
-13
78
-478
2869
2934
1496196
-35
-12
93
-481
2827
2950
1497221
-4
-18
103
-483
2841
2973
1498246
6
-29
116
-375
2844
2969
1499271
-1
-38
132
-350
2819
2895
1500296
-18
-27
119
-356
2819
2884
1501321
-18
-12
99
-346
2873
2963
1502346
-18
-25
96
-309
2851
2992
1503371
-12
-30
77
-280
2765
2905
1504396
44
-9
56
-291
2836
2886
1505421
46
2
52
-318
2951
2937
1506446
-8
-5
62
-301
2871
2930
1507471
-10
-4
61
-285
2819
2881
1500287
14
-1
52
-321
2864
2889
1501312
9
-6
49
-324
2845
2896
1502337
24
-5
47
-300
2793
2834
1503362
46
11
41
-333
2835
2823
1504387
39
20
44
-341
2880
2891
1505412
-8
3
68
-309
2808
2882
1506437
-44
-8
71
-346
2746
2785
1507462
-27
23
31
-370
2799
2820
1508487
1
52
11
-358
2863
2906
1509512
-20
47
22
-361
2837
2876
1510537
-34
38
37
-366
2794
2790
1511562
-43
36
53
-397
2817
2772
1512587
-105
19
76
-415
2821
2786
1513612
-158
-6
104
-393
2813
2745
1514637
-174
-20
141
-381
2794
2678
1515662
-207
-26
175
-389
2791
2649
1508480
-270
-37
220
-374
2797
2652
1509505
-368
-70
295
-340
2741
2589
1510530
-503
-120
411
-309
2648
2431
1511555
-685
-174
559
-363
2617
2268
1512580
-895
-258
765
-554
2641
2212
1513605
-1236
-411
1140
-689
2606
2094
1514630
-1764
-584
1595
-968
2523
1872
1515655
-2411
-812
1993
-1171
2494
1718
1516680
-3277
-1134
2521
-1270
2243
1532
1517705
-4352
-1443
2987
-1174
1262
1247
1518730
-5109
-1722
3161
-1268
410
1118
1519755
-5608
-2103
3164
-1630
329
1155
1520780
-6148
-2461
3388
-1450
-533
1090
1521805
-6324
-2690
3721
-878
-1488
1018
1522830
-6273
-2508
3712
204
-2520
1206
1523855
-5424
-2188
3332
662
-3455
1801
1516672
-4246
-1960
3219
961
-3516
2708
1517697
-3688
-1799
3615
1625
-3558
2953
1518722
-3534
-1600
3931
2537
-4772
2383
1519747
-2969
-1166
3871
2239
-5868
1938
1520772
-2146
-700
3792
1195
-5404
1918
1521797
-1756
-377
3801
738
-5200
2335
1522822
-2083
-314
3676
1448
-6032
2686
1523847
-2232
-402
3271
2103
-6632
2180
1524872
-1468
-124
2994
1480
-7006
2323
1525897
-523
128
2385
941
-6348
2904
1526922
-599
-247
1677
1301
-5526
2909
1527947
-1904
-493
1387
1934
-8740
1984
1528972
-2021
-355
386
3176
-11017
1319
1529997
-225
512
-481
2014
-6387
1395
1531022
635
459
-499
881
-3486
1220
1532047
544
166
-353
781
-3155
1140
1524865
363
195
-495
272
-2735
959
1525890
168
187
-328
-160
-2421
845
1526915
-206
180
41
-26
-2503
759
1527940
-433
178
434
-257
-2439
739
1528965
-829
136
765
-545
-2329
796
1529990
-1629
64
771
-507
-3352
1005
1531015
-1792
-168
460
-324
-6718
1089
1532040
-914
-151
1
-415
-7298
826
1533065
-160
-41
-127
-241
-5492
635
1534090
260
-134
-129
-169
-4343
950
1535115
83
-183
-208
-206
-3764
1045
1536140
-164
-171
-248
-194
-3679
938
1537165
-243
-173
-219
-194
-3925
842
1538190
-282
-184
-246
-10
-4285
765
1539215
-221
-112
-118
91
-4512
745
1540240
-75
-35
-10
135
-4463
758
1533056
52
-16
66
91
-4267
822
1534081
100
-33
92
28
-4204
850
1535106
97
-46
96
-15
-4187
832
1536131
99
-59
97
-47
-4151
799
1537156
112
-74
96
-84
-4157
815
1538181
102
-95
90
-114
-4201
849
1539206
88
-122
71
-123
-4268
886
1540231
84
-141
50
-111
-4271
915
1541256
84
-151
36
-96
-4236
939
1542281
59
-159
33
-92
-4212
927
1543306
24
-166
34
-91
-4204
911
1544331
-7
-173
31
-65
-4177
880
1545356
-16
-182
25
-57
-4187
853
1546381
-25
-185
11
-25
-4180
828
1547406
-24
-184
0
-12
-4211
826
1548431
-11
-183
0
1
-4236
830
1541247
3
-181
6
21
-4238
834
1542272
16
-178
12
20
-4250
832
1543297
24
-173
17
24
-4244
824
1544322
29
-162
21
41
-4233
827
1545347
25
-149
26
44
-4230
830
1546372
19
-139
30
42
-4245
838
1547397
27
-131
27
52
-4279
831
1548422
34
-117
20
74
-4269
814
1549447
13
-96
14
80
-4216
826
1550472
-32
-81
3
67
-4183
835
1551497
-88
-63
-8
84
-4248
819
1552522
-132
-34
5
145
-4396
811
1553547
-120
10
77
126
-4565
792
1554572
4
37
155
118
-4602
793
1555597
210
21
250
417
-4592
565
1556622
424
112
298
500
-4943
594
1549526
644
226
87
668
-5054
725
1550551
671
150
-484
1134
-4450
444
1551576
103
286
-815
972
-5406
515
1552601
339
668
-1151
621
-6365
811
1553626
1348
782
-909
1457
-6178
709
1554651
1262
985
-1059
1340
-6131
759
1555676
1379
1264
-1707
660
-6085
1374
1556701
1827
1256
-2053
1331
-5758
1680
1557726
1862
1408
-2328
1455
-5588
1926
1558751
2006
1513
-2637
1086
-5348
1978
1559776
2404
1568
-2817
977
-5542
2344
1560801
2916
1581
-3218
841
-5291
2795
1561826
3218
1650
-3361
1047
-4347
2911
1562851
3358
1705
-3357
1025
-4154
3102
1563876
3832
1724
-3489
975
-4567
3450
1564901
4485
1741
-3730
548
-3512
3229
1557633
4942
1747
-3541
391
-2257
2887
1558658
4928
1675
-3322
332
-1455
2797
1559683
4455
1642
-3186
417
-1093
2799
1560708
4129
1633
-3090
222
-655
2371
1561733
4040
1730
-2882
152
-595
2198
1562758
4233
1860
-2806
-198
144
2335
1563783
4159
1725
-2462
-294
890
2610
1564808
3999
1570
-2072
-661
1080
2627
1565833
3304
1304
-1913
-860
1557
2350
1566858
2774
1178
-1564
-641
1357
2223
1567883
2502
1063
-1407
-1107
1717
2250
1568908
1973
846
-997
-963
1912
2288
1569933
1556
694
-881
-831
1931
2239
1570958
1392
593
-723
-941
1972
2413
1571983
1397
506
-457
-942
2198
2439
1573008
1181
381
-218
-776
2432
2351
1565825
914
388
-36
-558
2327
2271
1566850
747
401
-95
-942
2598
2489
1567875
390
350
111
-811
2638
2685
1568900
116
307
190
-624
2502
2804
1569925
-4
251
232
-677
2264
2848
1570950
62
215
267
-731
2322
2930
1571975
196
216
247
-615
2544
3030
1573000
188
191
180
-484
2538
3072
1574025
128
166
158
-495
2657
3071
1575050
47
137
156
-509
2699
3067
1576075
-27
109
130
-469
2672
3050
1577100
-103
81
103
-473
2648
3038
1578125
-151
60
69
-541
2611
3131
1579150
-91
34
39
-458
2515
3168
1580175
81
83
235
-439
2492
3066
1581200
73
62
70
-502
2777
3076
1574017
-26
5
-71
-391
2686
3086
1575042
-8
13
-39
-488
2730
3155
1576067
-13
-10
-17
-519
2748
3157
1577092
2
-32
8
-504
2627
3108
1578117
31
-48
25
-514
2726
3092
1579142
12
-64
52
-555
2784
3112
1580167
-6
-69
83
-598
2703
3127
1581192
10
-65
94
-594
2631
3141
1582217
24
-64
78
-574
2561
3171
1583242
70
-64
61
-534
2571
3165
1584267
108
-59
53
-499
2659
3118
1585292
74
-45
46
-498
2708
3106
1586317
22
-34
28
-484
2633
3121
1587342
21
-37
11
-452
2573
3098
1588367
34
-48
-7
-446
2587
3046
1589392
53
-47
-22
-439
2598
3013
1582208
62
-50
-31
-436
2662
3043
1583233
29
-61
-30
-400
2656
3017
1584258
-10
-66
-34
-388
2596
2991
1585283
-4
-63
-47
-400
2608
3015
1586308
6
-62
-57
-413
2656
3071
1587333
-10
-77
-60
-416
2699
3058
1588358
-23
-80
-66
-434
2703
3019
1589383
-18
-70
-68
-451
2682
3044
1590408
-21
-68
-69
-451
2687
3088
1591433
-5
-72
-72
-460
2685
3105
1592458
33
-72
-78
-473
2733
3115
1593483
27
-66
-77
-490
2757
3095
1594508
-1
-67
-75
-491
2750
3077
1595533
8
-64
-69
-507
2740
3071
1596558
33
-61
-58
-520
2715
3076
1597583
38
-59
-55
-508
2727
3078
1590399
61
-54
-54
-502
2742
3078
1591424
64
-49
-48
-525
2768
3019
1592449
40
-21
-58
-507
2718
2991
1593474
66
8
-65
-509
2675
3066
1594499
86
5
-57
-524
2695
3029
1595524
67
0
-41
-548
2699
2942
1596549
53
-2
-22
-553
2729
2947
1597574
23
-3
3
-568
2720
2993
1598599
-13
-21
23
-581
2703
2993
1599624
-22
-45
43
-560
2680
2964
1600649
-6
-49
59
-528
2672
2938
1601674
-15
-49
74
-507
2738
2943
1602699
-81
-65
103
-509
2747
2888
1603724
-143
-67
127
-509
2674
2822
1604749
-155
-39
144
-482
2656
2821
1605774
-199
-27
173
-521
2708
2835
1598592
-310
-44
222
-557
2556
2697
1599617
-410
-58
282
-567
2422
2537
1600642
-508
-99
411
-589
2362
2327
1601667
-759
-198
641
-620
2208
1970
1602692
-1151
-278
897
-442
2116
1577
1603717
-1463
-205
1111
-394
1878
1671
1604742
-1737
-163
995
-424
1910
2281
1605767
-2005
-221
1051
-529
1937
2639
1606792
-2441
-355
1257
-519
1748
2500
1607817
-2946
-457
1420
-443
1539
2325
1608842
-3193
-509
1468
-181
1402
2570
1609867
-3145
-531
1516
-115
1022
3045
1610892
-3067
-581
1848
-385
711
3159
1611917
-3203
-543
2063
-663
781
2809
1612942
-3782
-540
2205
-390
423
2694
1613967
-3818
-406
2163
344
-792
3198
1606784
-3197
-255
2201
130
-1151
3754
1607809
-2433
-109
2693
-445
-1214
3699
1608834
-2577
-101
3004
-1118
-1114
3362
1609859
-3330
-164
3247
-1025
-1754
3503
1610884
-3502
-289
2934
-755
-2375
3980
1611909
-3335
-363
2790
-677
-2228
4076
1612934
-3308
-524
3000
-229
-2112
3853
1613959
-3387
-660
3352
1169
-2535
3238
1614984
-3333
-622
3430
1534
-3228
2021
1616009
-3438
-203
3544
-1137
-4156
2749
1617034
-2785
-334
3613
-661
-5472
3392
1618059
-2568
-556
3135
755
-5583
3015
1619084
-2561
-437
3145
-480
-6904
3723
1620109
-775
-1301
2341
606
-16854
6524
1621134
1745
-899
-507
2375
-11532
4330
1622159
3156
-390
-746
-554
-364
3086
1614976
2130
-1153
917
-128
56
3383
1616001
275
-1277
494
906
-1229
2740
1617026
-721
-541
-8
186
-1071
2784
1618051
-470
-43
216
-518
-1643
2995
1619076
-847
239
313
-456
-2147
3136
1620101
-1530
508
116
-554
-3530
3288
1621126
-1481
602
-23
-727
-4798
3246
1622151
-710
444
-65
-495
-4868
2824
1623176
-68
328
-144
-441
-4235
2598
1624201
112
203
-211
-603
-3657
2566
1625226
21
38
-185
-531
-3155
2445
1626251
20
-66
-82
-462
-3154
2420
1627276
222
-151
-7
-502
-3343
2548
1628301
424
-183
48
-417
-3437
2672
1629326
552
-116
56
-302
-3570
2775
1630351
636
26
21
-261
-3468
2882
1623315
662
112
-15
-365
-3225
3002
1624340
556
147
-47
-396
-2966
3063
1625365
378
174
-71
-460
-2885
3077
1626390
252
157
-86
-524
-2993
3082
1627415
149
157
-88
-430
-2991
3065
1628440
70
174
-44
-493
-3145
3063
1629465
55
151
-31
-494
-3197
3039
1630490
63
124
-24
-515
-3164
3015
1631515
48
85
-17
-560
-3096
2996
1632540
36
40
-9
-575
-3072
2995
1633565
34
10
-1
-584
-3044
3003
1634590
28
-9
9
-591
-3038
3009
1635615
15
-22
12
-567
-3084
3034
1636640
-11
-30
7
-545
-3097
3045
1637665
-32
-39
4
-510
-3134
3031
1638690
-38
-42
2
-479
-3162
3007
1631360
-35
-38
3
-477
-3140
3015
1632385
-33
-35
13
-473
-3115
3003
1633410
-27
-31
22
-470
-3131
3004
1634435
-15
-22
23
-473
-3160
2997
1635460
-5
-12
16
-477
-3152
2985
1636485
3
-4
7
-474
-3136
2976
1637510
8
1
-1
-480
-3131
2979
1638535
17
6
-5
-479
-3136
2972
1639560
33
10
-3
-486
-3135
2983
1640585
46
13
2
-480
-3137
3006
1641610
47
9
3
-471
-3131
3026
1642635
36
5
0
-476
-3103
3034
1643660
14
6
-4
-490
-3093
3046
1644685
-12
4
-3
-494
-3095
3037
1645710
-25
4
3
-479
-3118
3006
1646735
-26
12
2
-474
-3136
2996
1639552
-11
24
-2
-465
-3164
2973
1640577
38
45
0
-422
-3208
2913
1641602
115
90
-6
-408
-3268
2962
1642627
137
142
-8
-486
-3101
3056
1643652
66
137
10
-543
-2968
3064
1644677
-21
103
8
-494
-3146
3074
1645702
-59
129
-24
-475
-3219
3147
1646727
-75
169
-33
-442
-3242
3163
1647752
-106
220
-34
-430
-3249
3177
1648777
-155
236
-50
-524
-3099
3193
1649802
-235
174
-40
-448
-3195
3170
1650827
-340
113
-91
-161
-3461
3261
1651852
-461
122
-201
-158
-3541
3416
1652877
-467
84
-322
-227
-3523
3455
1653902
-546
-57
-314
314
-3576
3239
1654927
-822
-105
-504
237
-4689
3221
1647744
-793
-41
-915
-321
-5727
3761
1648769
-29
-141
-1185
38
-5748
3723
1649794
555
-249
-1544
530
-5259
3402
1650819
516
-231
-1857
622
-4939
3343
1651844
729
-154
-2008
391
-4766
3456
1652869
963
-108
-2279
395
-4702
3532
1653894
1226
-19
-2598
400
-4246
3579
1654919
1537
-10
-2683
369
-3917
3640
1655944
1815
1
-2802
272
-3746
3636
1656969
1916
51
-2955
546
-3500
3657
1657994
2169
216
-3045
641
-3374
3702
1659019
2670
329
-3149
326
-3451
3842
1660044
3183
415
-3202
391
-2842
3701
1661069
3636
606
-3085
846
-2092
3468
1662094
3844
718
-3069
610
-1957
3405
1663119
3907
766
-3176
226
-1869
3378
1655937
4187
898
-3230
484
-1183
3097
1656962
4559
1043
-3175
416
-143
2754
1657987
4355
1013
-2904
161
177
2763
1659012
4065
1057
-2784
150
-41
2727
1660037
4123
1222
-2697
-44
1018
2524
1661062
3749
1239
-2511
-203
1657
2361
1662087
3061
1156
-2357
-277
1642
2232
1663112
2594
1160
-2276
-513
1842
2295
1664137
2240
1079
-2109
-647
1971
2496
1665162
2061
1015
-1959
-873
2177
2305
1666187
1750
880
-1847
-1119
2626
2006
1667212
1374
691
-1231
-959
2458
1732
1668237
1239
615
-969
-1220
2595
1729
1669262
1037
504
-664
-1176
2829
1882
1670287
772
375
-371
-1144
2772
1832
1671312
493
277
-203
-1375
2848
1900
1664129
372
239
25
-1261
2812
2113
1665154
383
187
144
-1272
2907
2325
1666179
266
101
251
-1210
2946
2319
1667204
89
51
326
-1166
2808
2246
1668229
71
61
361
-1114
2842
2412
1669254
93
57
396
-1059
2948
2619
1670279
11
28
397
-919
2871
2654
1671304
-30
30
355
-795
2777
2613
1672329
17
62
296
-756
2809
2649
1673354
52
92
239
-718
2956
2705
1674379
16
96
201
-693
2941
2742
1675404
-40
87
161
-672
2830
2697
1676429
-45
81
114
-671
2791
2656
1677454
-9
80
77
-674
2847
2676
1678479
-8
64
58
-689
2895
2685
1679504
-62
53
42
-756
2875
2687
1672320
-78
57
24
-765
2864
2734
1673345
-66
47
13
-763
2881
2779
1674370
-70
23
16
-781
2856
2766
1675395
-67
13
16
-799
2827
2740
1676420
-43
13
15
-815
2912
2786
1677445
-59
-6
28
-819
2956
2801
1678470
-98
-18
32
-810
2858
2780
1679495
-72
-11
23
-837
2894
2822
1680520
-45
-16
25
-830
2925
2879
1681545
-43
-31
29
-798
2872
2851
1682570
-18
-38
28
-788
2920
2792
1683595
-3
-34
26
-801
2975
2794
1684620
-12
-28
31
-789
2962
2823
1685645
-18
-32
31
-761
2961
2803
1686670
-19
-35
30
-747
2933
2753
1687695
7
-18
19
-751
2916
2746
1680511
34
-9
17
-758
2952
2787
1681536
12
-24
26
-735
2933
2740
1682561
5
-29
28
-746
2897
2689
1683586
11
-28
30
-753
2946
2693
1684611
-11
-32
32
-762
2924
2717
1685636
5
-32
34
-771
2907
2743
1686661
7
-37
36
-767
2945
2707
1687686
-22
-41
41
-770
2919
2702
1688711
-26
-33
43
-736
2883
2731
1689736
-28
-29
43
-723
2912
2727
1690761
-38
-27
41
-751
2887
2737
1691786
-30
-21
38
-743
2876
2731
1692811
-29
-11
36
-726
2923
2706
1693836
-57
-4
34
-751
2908
2718
1694861
-71
1
34
-752
2863
2752
1695886
-57
0
39
-736
2881
2737
1688704
-74
-7
51
-737
2908
2680
1689729
-121
-12
60
-747
2891
2677
1690754
-125
-11
66
-768
2889
2732
1691779
-130
-16
79
-764
2886
2712
1692804
-176
-25
99
-728
2870
2637
1693829
-220
-24
120
-691
2850
2583
1694854
-241
-13
151
-679
2874
2600
1695879
-292
-12
195
-687
2905
2602
1696904
-398
-28
265
-653
2923
2523
1697929
-529
-47
362
-646
2914
2380
1698954
-666
-72
476
-678
2779
2335
1699979
-769
-99
612
-653
2804
2302
1701004
-909
-156
810
-595
2953
2183
1702029
-1163
-225
1013
-634
2789
2098
1703054
-1398
-295
1117
-779
2564
2184
1704079
-1582
-439
1262
-736
2636
2365
1696896
-1886
-583
1568
-473
2442
2343
1697921
-2320
-682
1694
-337
1982
2148
1698946
-2628
-700
1748
-439
1563
2110
1699971
-2782
-781
1870
-571
1357
2288
1700996
-3153
-870
2030
-284
1192
2409
1702021
-3622
-934
2033
142
612
2532
1703046
-4069
-1006
2017
64
70
2678
1704071
-4334
-1099
2188
-427
-471
2598
1705096
-4359
-1255
2310
-786
-1186
2916
1706121
-4397
-1608
2455
-101
-2061
3118
1707146
-4236
-1506
2474
157
-2702
3016
1708171
-4102
-1524
2530
-468
-2353
2586
1709196
-4119
-1465
2852
-284
-2594
2412
1710221
-4058
-1220
2508
438
-2946
3181
1711246
-3599
-1182
2268
1017
-3326
3855
1712271
-3090
-1017
2479
1194
-3131
3774
1705087
-2667
-811
2821
812
-3209
3337
1706112
-2260
-634
2947
1244
-3904
3173
1707137
-2035
-355
3036
1746
-4724
3295
1708162
-1856
-107
3087
1172
-5185
3368
1709187
-1840
9
3030
674
-5556
3274
1710212
-1725
-66
2689
1055
-5945
3038
1711237
-1360
-31
2358
1521
-5650
2496
1712262
-693
160
1973
854
-5135
2180
1713287
29
35
1624
664
-4496
2335
1714312
184
-187
1392
1011
-4574
2349
1715337
-779
-474
493
1342
-9190
3180
1716362
127
-169
-292
1523
-8876
2469
1717387
1227
322
-411
348
-3782
2082
1718412
1181
82
-188
9
-2396
2090
1719437
608
-77
32
100
-2853
2043
1720462
130
161
-14
-299
-2739
2142
1713280
-143
184
137
-644
-2874
2336
1714305
-514
140
320
-551
-3174
2455
1715330
-735
163
410
-665
-4002
2442
1716355
-664
116
211
-673
-4593
2285
1717380
-401
65
16
-468
-4386
2065
1718405
-174
31
-80
-403
-4125
2003
1719430
-99
-8
-110
-392
-3850
1973
1720455
-122
-64
-112
-330
-3595
1954
1721480
-146
-112
-80
-299
-3576
1953
1722505
-150
-132
-28
-253
-3730
1959
1723530
-150
-104
-12
-186
-3913
1968
1724555
-130
-41
-5
-150
-4013
1980
1725580
-69
24
9
-182
-3981
2019
1726605
-15
63
13
-241
-3914
2044
1727630
17
94
19
-296
-3846
2047
1728655
41
114
27
-347
-3777
2039
1721472
63
120
44
-369
-3770
2030
1722497
59
121
59
-375
-3790
2039
1723522
25
109
69
-379
-3832
2046
1724547
12
92
51
-398
-3925
2044
1725572
21
77
19
-402
-3873
2034
1726597
38
58
16
-412
-3815
2019
1727622
54
44
17
-416
-3789
2034
1728647
58
35
23
-419
-3761
2048
1729672
51
18
29
-421
-3809
2053
1730697
55
7
21
-412
-3883
2064
1731722
61
7
4
-396
-3839
2050
1732747
56
-2
1
-371
-3792
2045
1733772
40
-5
3
-369
-3801
2051
1734797
24
4
8
-375
-3805
2055
1735822
16
7
16
-380
-3815
2051
1736847
20
11
15
-378
-3828
2053
1729664
30
11
11
-385
-3834
2057
1730689
34
14
5
-377
-3795
2049
1731714
29
12
7
-395
-3805
2066
1732739
24
4
5
-365
-3801
2070
1733764
22
6
2
-371
-3799
2076
1734789
20
3
4
-386
-3814
2079
1735814
15
-9
-2
-379
-3829
2098
1736839
-20
-14
-8
-389
-3763
2108
1737864
-68
-35
-2
-376
-3737
2102
1738889
-106
-43
-5
-369
-3841
2084
1739914
-111
-28
-16
-383
-3859
2059
1740939
-89
-7
-16
-347
-3854
2055
1741964
-76
29
-5
-307
-3962
2057
1742989
-64
84
-14
-295
-4019
2068
1744014
-10
133
-29
-215
-4053
2061
1745039
66
186
-46
-151
-4217
2112
1737856
115
231
-79
-182
-4142
2282
1738881
353
182
-127
-213
-4178
2323
1739906
607
115
-251
-144
-4269
2237
1740931
671
45
-335
129
-4571
2376
1741956
543
-233
-699
683
-5728
2739
1742981
679
-67
-1212
751
-5662
2978
1744006
1088
115
-1088
747
-5513
2961
1745031
1337
189
-1514
523
-5217
2815
1746056
1317
165
-1874
669
-4668
2832
1747081
1390
191
-2034
953
-5036
3018
1748106
1565
257
-2431
685
-4804
3098
1749131
1746
323
-2597
790
-4332
3239
1750156
2073
318
-2663
653
-4428
3331
1751181
2342
368
-2801
836
-4602
3550
1752206
2623
545
-3109
520
-3444
3539
1753231
2702
530
-3084
496
-2924
3653
1746048
2721
544
-3124
654
-3047
3819
1747073
2925
686
-3267
707
-3178
3847
1748098
3220
765
-3332
418
-2418
3703
1749123
3561
804
-3176
408
-1906
3512
1750148
3821
824
-3135
519
-1433
3641
1751173
3955
807
-3204
717
-837
3880
1752198
4161
796
-3015
498
-417
3722
1753223
4163
557
-2805
256
423
3443
1754248
4078
555
-2420
781
348
2852
1755273
4001
784
-2353
436
936
2439
1756298
3751
902
-2208
55
1603
2255
1757323
3140
941
-2126
-25
1717
2176
1758348
2534
973
-2132
-382
1497
2133
1759373
2156
810
-1915
-576
1221
2237
1760398
2352
808
-1680
-832
1532
2225
1761423
2121
665
-1659
-1112
2065
2119
1754240
1640
533
-1219
-793
1846
1711
1755265
1590
524
-1002
-975
2089
1440
1756290
1418
483
-769
-1043
2780
1577
1757315
1006
400
-557
-978
2982
1651
1758340
583
333
-360
-984
2852
1604
1759365
436
364
-185
-1149
2901
1747
1760390
403
358
-79
-1029
3131
1944
1761415
314
343
64
-937
3171
2029
1762440
109
329
176
-907
3153
2010
1763465
-67
348
233
-815
3161
2203
1764490
-71
365
293
-744
3166
2447
1765515
-119
317
360
-688
3085
2504
1766540
-193
285
362
-577
2932
2468
1767565
-158
290
331
-571
2939
2527
1768590
-119
277
298
-605
2994
2634
1769615
-153
239
267
-530
2980
2677
1762468
-202
192
222
-549
2886
2664
1763493
-185
171
172
-622
2827
2715
1764518
-110
152
138
-659
2904
2801
1765543
-86
99
124
-688
2938
2794
1766568
-127
34
119
-659
2904
2699
1767593
-168
4
117
-628
2941
2657
1768618
-195
-11
133
-641
2951
2717
1769643
-222
-27
150
-608
2900
2741
1770668
-214
-19
142
-608
2831
2763
1771693
-148
4
124
-622
2883
2859
1772718
-118
13
113
-594
2960
2915
1773743
-128
22
111
-550
2970
2907
1774768
-127
46
111
-553
3011
2914
1775793
-111
74
115
-557
3015
2973
1776818
-89
85
125
-551
2962
3006
1777843
-59
83
127
-523
2926
2985
1770624
-18
93
124
-508
2942
2956
1771649
11
108
124
-522
2966
2946
1772674
2
101
132
-532
2971
2952
1773699
-18
84
134
-503
2917
2899
1774724
-7
73
126
-516
2841
2861
1775749
38
71
101
-557
2832
2925
1776774
84
56
78
-512
2842
2965
1777799
93
18
64
-497
2857
2890
1778824
65
-13
50
-501
2873
2771
1779849
40
-25
40
-500
2862
2748
1780874
35
-29
32
-504
2860
2775
1781899
48
-34
24
-523
2882
2807
1782924
59
-42
14
-512
2890
2782
1783949
41
-53
8
-514
2893
2729
1784974
33
-60
7
-538
2946
2780
1785999
43
-83
34
-599
3021
2843
1778816
9
-127
81
-556
3011
2771
1779841
-22
-155
115
-530
2964
2708
1780866
-7
-161
142
-547
3004
2732
1781891
-12
-167
171
-494
2978
2713
1782916
-48
-158
176
-453
2920
2642
1783941
-76
-134
163
-442
2905
2601
1784966
-113
-113
155
-420
2843
2569
1785991
-127
-89
149
-397
2805
2537
1787016
-146
-65
164
-379
2834
2463
1788041
-249
-45
198
-358
2882
2378
1789066
-428
-28
236
-345
2866
2322
1790091
-595
-23
281
-345
2793
2359
1791116
-735
-71
396
-372
2664
2325
1792141
-895
-207
592
-380
2474
2119
1793166
-1094
-377
904
-242
2250
1722
1794191
-1408
-505
1178
-236
2076
1210
1787009
-1873
-496
1349
-494
1900
932
1788034
-2268
-508
1375
-622
1826
1110
1789059
-2551
-467
1558
-702
1769
1347
1790084
-2915
-540
1782
-384
1485
1459
1791109
-3277
-547
1858
-131
1031
1650
1792134
-3380
-395
1924
-333
1122
2035
1793159
-3698
-287
2286
-846
1182
2289
1794184
-4570
-350
2610
-749
862
2848
1795209
-5500
-615
2595
-684
-195
3286
1796234
-5993
-815
2662
-758
-1589
3673
1797259
-5645
-936
2921
-853
-2518
3924
1798284
-5034
-1105
3310
-559
-2848
3781
1799309
-4451
-1078
3684
795
-3981
3591
1800334
-3633
-875
3400
631
-4462
3768
1801359
-2651
-801
3346
-12
-4520
3659
1802384
-2728
-805
3216
-48
-4347
3502
1795200
-3441
-763
3059
1096
-4413
3446
1796225
-4058
-502
2790
1128
-4598
3340
1797250
-3997
-404
2708
347
-4862
2850
1798275
-2954
-486
2716
222
-5509
2638
1799300
-1977
-496
2427
693
-5825
2417
1800325
-1250
-400
2005
998
-6150
2553
1801350
-370
-757
1230
1487
-7737
2890
1802375
17
-812
164
3323
-12165
2590
1803400
1402
337
-496
883
-7487
2429
1804425
2118
-74
-395
427
-1686
2258
1805450
1080
-516
77
558
-1649
2020
1806475
176
-282
207
83
-2879
1838
1807500
-27
-29
5
-230
-2728
1868
1808525
73
84
175
-286
-2851
1995
1809550
-62
253
376
-269
-3192
2238
1810575
-177
358
338
-516
-3770
2610
1803392
-135
283
298
-324
-4668
2643
1804417
-95
306
84
-220
-4714
2605
1805442
90
233
-33
-378
-4246
2496
1806467
144
74
-68
-336
-3699
2238
1807492
96
-41
-69
-343
-3419
2115
1808517
77
-90
-18
-344
-3403
2158
1809542
61
-104
32
-372
-3433
2251
1810567
19
-113
59
-309
-3622
2292
1811592
-4
-68
59
-225
-3842
2323
1812617
20
-8
42
-239
-3826
2351
1813642
62
18
29
-272
-3752
2384
1814667
61
33
7
-304
-3650
2383
1815692
41
42
-7
-341
-3586
2369
1816717
27
41
3
-341
-3562
2344
1817742
27
33
29
-332
-3631
2349
1818767
27
32
44
-342
-3669
2384
1811584
11
7
62
-348
-3636
2373
1812609
-5
-28
57
-355
-3694
2367
1813634
-6
-47
51
-392
-3689
2376
1814659
7
-72
55
-405
-3636
2362
1815684
15
-88
59
-403
-3621
2351
1816709
12
-93
62
-400
-3616
2358
1817734
7
-101
67
-373
-3662
2350
1818759
9
-102
67
-359
-3703
2334
1819784
18
-103
66
-353
-3702
2341
1820809
16
-113
64
-347
-3660
2337
1821834
12
-125
66
-341
-3635
2356
1822859
7
-136
70
-335
-3624
2371
1823884
-5
-149
82
-334
-3626
2359
1824909
-5
-161
93
-337
-3652
2347
1825934
3
-170
100
-337
-3663
2345
1826959
10
-179
105
-335
-3662
2348
1819776
9
-183
110
-339
-3654
2358
1820801
7
-187
115
-345
-3636
2361
1821826
4
-191
119
-329
-3634
2358
1822851
5
-191
125
-317
-3653
2363
1823876
8
-190
130
-309
-3654
2377
1824901
11
-191
135
-311
-3649
2379
1825926
14
-191
137
-314
-3643
2371
1826951
14
-192
139
-324
-3635
2380
1827976
13
-195
140
-325
-3638
2371
1829001
8
-200
139
-331
-3647
2373
1830026
16
-210
134
-347
-3676
2373
1831051
22
-221
124
-309
-3636
2357
1832076
15
-216
132
-317
-3655
2362
1833101
8
-216
134
-294
-3668
2382
1834126
-8
-204
135
-222
-3702
2377
1835151
-33
-168
142
-148
-3760
2366
1827968
-54
-90
137
-101
-3755
2360
1828993
-66
2
127
0
-3723
2408
1830018
-125
112
128
205
-3808
2399
1831043
-149
259
97
304
-4156
2438
1832068
72
371
-42
204
-4535
2757
1833093
555
376
-245
512
-4416
2822
1834118
1034
447
-407
934
-4094
2612
1835143
1308
492
-239
620
-4286
2922
1836168
1384
486
-508
259
-4948
3344
1837193
1302
582
-744
457
-5620
3904
1838218
1442
400
-1185
314
-5977
4029
1839243
2005
252
-1511
62
-5151
3905
1840268
2405
-20
-1573
226
-4616
3835
1841293
2032
-177
-1934
347
-4869
3932
1842318
1757
-228
-2355
358
-5018
3994
1843343
1835
-286
-2535
252
-5155
3984
1836161
2025
-331
-2963
183
-5281
3744
1837186
2249
-171
-3433
515
-5147
3448
1838211
2811
221
-3940
190
-3988
3370
1839236
3318
339
-4074
-543
-2702
3428
1840261
3405
309
-4004
-616
-2293
3423
1841286
3411
418
-4108
-596
-1518
3194
1842311
3603
475
-3992
-715
-854
3101
1843336
3788
410
-3707
-719
-547
3040
1844361
3927
454
-3416
-269
-163
2864
1845386
4138
552
-3294
-268
580
2497
1846411
3932
480
-2993
-343
1165
2453
1847436
3829
515
-2629
-81
776
2566
1848461
3858
716
-2663
-149
1259
2173
1849486
3441
822
-2449
-381
2417
1782
1850511
2845
914
-1930
-545
2625
1686
1851536
2305
792
-1618
-740
2737
1699
1844355
1778
805
-1395
-723
2702
1831
1845380
1335
805
-1116
-768
2331
1803
1846405
1226
847
-894
-989
2474
1895
1847430
1220
789
-569
-801
2712
2035
1848455
1129
721
-399
-800
2813
2015
1849480
800
601
-191
-1030
2821
1918
1850505
376
530
-23
-1023
2788
1869
1851530
210
508
67
-1017
2760
2060
1852555
236
455
208
-1025
2870
2270
1853580
146
360
301
-950
2790
2376
1854605
49
284
336
-916
2682
2483
1855630
58
229
338
-826
2931
2708
1856655
14
142
362
-784
3015
2802
1857680
-95
59
372
-745
2836
2775
1858705
-76
39
329
-695
2802
2795
1859730
39
42
281
-668
2883
2869
1852545
49
8
239
-758
2949
2889
1853570
-25
-23
186
-736
2878
2847
1854595
-18
-16
124
-526
2779
2827
1855620
26
9
69
-437
2868
2790
1856645
7
32
41
-511
2969
2787
1857670
-46
22
32
-481
2900
2730
1858695
-45
18
10
-497
2846
2669
1859720
4
31
-10
-528
2918
2706
1860745
15
33
-8
-557
2990
2756
1861770
4
18
8
-594
2956
2739
1862795
-13
2
25
-599
2980
2698
1863820
-48
-7
50
-607
2997
2733
1864845
-66
-35
82
-560
2915
2762
1865870
-97
-67
101
-505
2887
2735
1866895
-116
-82
226
-532
2857
2638
1867920
-42
-24
135
-576
2951
2820
1860737
-11
-24
62
-472
2933
2868
1861762
-51
-32
69
-487
2931
2772
1862787
-43
-13
57
-499
2920
2730
1863812
-2
14
43
-506
2972
2808
1864837
-19
10
43
-519
2990
2847
1865862
-43
-11
52
-538
2879
2765
1866887
-12
-9
49
-542
2904
2714
1867912
-23
-5
47
-550
3032
2773
1868937
-61
-21
60
-530
2955
2791
1869962
-74
-27
72
-548
2870
2729
1870987
-65
-20
58
-582
2954
2728
1872012
-56
-10
52
-562
2951
2801
1873037
-54
-15
54
-541
2900
2786
1874062
-55
-18
52
-500
2902
2717
1875087
-39
-2
57
-486
2918
2691
1876112
-43
19
64
-500
2967
2711
1868928
-82
29
75
-523
2968
2726
1869953
-110
33
89
-489
2910
2697
1870978
-114
47
99
-486
2881
2649
1872003
-137
66
110
-505
2943
2652
1873028
-185
66
143
-521
2952
2699
1874053
-237
46
185
-488
2795
2667
1875078
-248
39
196
-498
2684
2602
1876103
-213
42
212
-511
2704
2550
1877128
-228
30
248
-487
2772
2500
1878153
-316
28
296
-418
2759
2380
1879178
-440
69
400
-339
2734
2221
1880203
-546
187
520
-458
2691
2250
1881228
-741
209
380
-439
2730
2403
1882253
-861
241
455
-444
2588
2450
1883278
-948
302
549
-527
2457
2332
1884303
-1099
352
481
-544
2480
2340
1877121
-1404
402
552
-595
2666
2413
1878146
-1827
375
778
-443
2846
2511
1879171
-2430
247
1023
-271
2394
2363
1880196
-3009
197
1152
-450
1921
2272
1881221
-3463
104
1320
-758
1586
2496
1882246
-3771
-237
1577
-899
1355
2735
1883271
-4235
-621
1808
-561
734
2521
1884296
-4389
-850
1994
-665
234
2535
1885321
-3843
-1119
2302
-1000
-588
2995
1886346
-2978
-1511
2578
-1396
-844
3011
1887371
-2756
-1590
2954
-1079
-1287
2527
1888396
-2865
-1407
3010
-647
-1411
2748
1889421
-2721
-1329
2891
-891
-1170
3307
1890446
-3073
-1388
2992
-1113
-905
3398
1891471
-3585
-1360
3263
-432
-1567
3276
1892496
-3817
-1193
3452
7
-2792
3380
1885311
-3633
-973
3291
-239
-3337
3454
1886336
-3313
-805
3232
-194
-3772
3630
1887361
-2833
-608
3288
520
-4978
3782
1888386
-2277
-211
3361
1001
-5630
4055
1889411
-2167
152
3223
576
-5017
4077
1890436
-2516
126
2942
77
-4715
3812
1891461
-2711
-18
2583
493
-5910
3842
1892486
-2226
-93
2026
863
-7033
4118
1893511
-944
-618
865
2777
-11452
4735
1894536
177
-366
-457
2277
-7504
3717
1895561
900
-190
-219
1136
-2967
2386
1896586
124
-382
125
856
-2198
1991
1897611
-762
-415
-133
589
-2319
1722
1898636
-801
-255
28
276
-2716
1770
1899661
-577
-120
307
-28
-2836
1801
1900686
-545
-45
411
-340
-3459
1981
1893505
-426
-2
373
-374
-4334
2238
1894530
-99
2
192
-322
-4726
2391
1895555
238
8
36
-307
-4690
2579
1896580
453
-11
-52
-389
-4030
2685
1897605
395
-90
-61
-378
-3396
2550
1898630
144
-149
-34
-269
-3254
2371
1899655
-54
-148
0
-208
-3329
2326
1900680
-118
-128
41
-148
-3532
2398
1901705
-91
-98
61
-62
-3815
2476
1902730
-17
-56
58
-37
-3935
2447
1903755
28
-22
18
-1
-3677
2381
1904780
-35
-2
58
27
-3385
2363
1905805
-186
-16
108
31
-3514
2378
1906830
-305
31
126
-64
-3761
2334
1907855
-283
103
136
-223
-3901
2264
1908880
-144
132
120
-297
-3823
2213
1901696
-47
133
82
-333
-3639
2223
1902721
-43
109
62
-362
-3609
2294
1903746
-82
79
36
-397
-3678
2316
1904771
-72
52
9
-407
-3743
2311
1905796
5
38
-12
-343
-3734
2305
1906821
73
41
-24
-331
-3728
2342
1907846
107
44
-33
-323
-3652
2358
1908871
94
37
-25
-275
-3586
2338
1909896
41
24
-16
-262
-3623
2345
1910921
3
15
-9
-256
-3668
2346
1911946
-5
5
2
-247
-3697
2334
1912971
3
1
11
-252
-3717
2333
1913996
12
4
14
-268
-3646
2318
1915021
-6
-3
29
-263
-3589
2316
1916046
-55
-14
46
-266
-3660
2313
1917071
-106
-13
52
-273
-3711
2311
1909887
-127
-15
62
-262
-3724
2301
1910912
-126
-11
66
-272
-3719
2287
1911937
-110
-6
60
-291
-3722
2264
1912962
-86
-2
43
-306
-3703
2235
1913987
-65
-5
29
-303
-3679
2231
1915012
-70
-6
27
-270
-3668
2222
1916037
-98
3
19
-310
-3781
2225
1917062
-53
-10
9
-303
-3797
2217
1918087
-3
-13
1
-266
-3704
2210
1919112
5
-14
4
-267
-3706
2223
1920137
6
-13
4
-260
-3748
2227
1921162
19
0
0
-272
-3753
2236
1922187
27
12
-6
-285
-3701
2256
1923212
12
19
-5
-293
-3694
2263
1924237
-5
24
-4
-290
-3734
2261
1925262
-4
38
-2
-288
-3766
2266
1918080
1
60
10
-264
-3761
2282
1919105
-17
85
33
-226
-3778
2331
1920130
-55
109
70
-237
-3814
2386
1921155
-85
152
125
-150
-3773
2373
1922180
-100
242
166
47
-3644
2383
1923205
-127
318
184
191
-3761
2539
1924230
-312
336
114
345
-4309
2734
1925255
-118
308
-116
280
-5067
2810
1926280
431
433
-210
248
-4877
2479
1927305
632
544
11
406
-4920
2138
1928330
670
607
-328
269
-5988
2366
1929355
1011
619
-1007
-306
-6410
2904
1930380
1344
504
-1442
-254
-5824
3017
1931405
1411
381
-1820
213
-5376
3063
1932430
1369
246
-2255
336
-6113
3258
1933455
1510
243
-2714
161
-6378
3109
1926272
1818
343
-3182
88
-5545
2975
1927297
2055
388
-3622
119
-4900
2817
1928322
2379
535
-3918
-26
-4397
3010
1929347
2654
637
-4031
-119
-3223
3413
1930372
2738
644
-3929
90
-2457
3514
1931397
2795
640
-3855
116
-1991
3343
1932422
3002
663
-3769
203
-1742
3314
1933447
2881
618
-3583
303
-1628
3443
1934472
2917
787
-3273
410
-1231
3287
1935497
3001
828
-2965
325
-754
3075
1936522
2727
849
-2768
281
-396
2988
1937547
2354
901
-2641
509
16
2955
1938572
2044
1006
-2389
598
-22
2991
1939597
1932
1132
-2199
409
-543
2971
1940622
2184
1232
-2225
249
-344
2741
1941647
2602
1319
-2045
-4
108
2717
1934464
2990
1281
-1871
-306
496
3011
1935489
3142
1138
-1762
-519
1060
3244
1936514
3010
882
-1583
-670
1660
2991
1937539
2718
774
-1456
-472
1452
2691
1938564
2613
755
-1338
-558
1282
2423
1939589
2769
630
-1197
-806
1883
2344
1940614
2866
623
-1023
-840
2677
2067
1941639
2397
647
-793
-797
3056
2090
1942664
1728
584
-603
-877
2971
2190
1943689
1256
497
-490
-965
2698
2255
1944714
1052
439
-282
-914
2748
2242
1945739
757
396
-80
-780
2880
2324
1946764
485
333
16
-884
2936
2446
1947789
243
220
83
-948
2870
2548
1948814
64
147
119
-846
2739
2525
1949839
53
116
136
-740
2726
2489
1942657
69
99
150
-729
2812
2652
1943682
22
51
175
-746
2895
2838
1944707
-57
-22
185
-647
2849
2933
1945732
-48
-63
170
-505
2777
2865
1946757
-6
-71
141
-517
2848
2758
1947782
3
-50
101
-532
2883
2806
1948807
30
-13
79
-505
2957
2911
1949832
-7
-16
69
-497
2956
2891
1950857
-61
-16
56
-478
2787
2797
1951882
-23
4
29
-511
2795
2832
1952907
2
11
22
-547
2902
2855
1953932
-51
-5
35
-551
2944
2782
1954957
-96
-19
51
-546
2877
2714
1955982
-93
-12
62
-560
2812
2730
1957007
-97
-5
71
-542
2801
2804
1958032
-83
-13
76
-586
2794
2848
1950848
-52
-13
69
-581
2800
2893
1951873
-63
-9
75
-543
2911
2884
1952898
-115
-14
91
-532
2926
2897
1953923
-132
-14
104
-540
2788
2916
1954948
-102
-3
103
-540
2779
2924
1955973
-69
3
89
-523
2836
2960
1956998
-41
-3
83
-505
2841
2965
1958023
-49
-14
78
-492
2837
2929
1959048
-69
-20
67
-466
2822
2869
1960073
-71
-20
44
-454
2834
2873
1961098
-65
-22
28
-454
2816
2881
1962123
-68
-35
17
-428
2794
2859
1963148
-67
-52
8
-416
2799
2836
1964173
-77
-70
6
-414
2796
2830
1965198
-100
-85
0
-412
2788
2880
1966223
-109
-103
4
-420
2785
2886
1959040
-153
-123
20
-453
2785
2833
1960065
-207
-132
32
-446
2747
2798
1961090
-221
-127
47
-455
2746
2826
1962115
-249
-129
84
-488
2757
2808
1963140
-346
-150
129
-544
2692
2741
1964165
-431
-168
193
-580
2566
2675
1965190
-444
-168
256
-513
2534
2671
1966215
-458
-160
320
-424
2624
2683
1967240
-509
-159
667
-352
2555
2608
1968265
-770
-201
815
-529
2567
2354
1969290
-1161
-310
966
-694
2438
2161
1970315
-1557
-440
1131
-747
2313
2180
1971340
-1818
-569
1301
-422
2183
2297
1972365
-2011
-603
1447
-115
1924
2374
1973390
-2198
-628
1530
-229
1591
2540
1974415
-2440
-723
1653
-638
1684
2487
1967233
-2944
-810
1913
-771
1652
2111
1968258
-3438
-854
2035
-72
1014
2020
1969283
-3430
-891
1965
-98
218
2406
1970308
-3000
-1021
2355
-509
-293
2459
1971333
-2848
-1019
2968
-870
-329
2030
1972358
-3465
-1121
3381
-628
-231
2292
1973383
-3995
-1021
3458
-202
-472
2910
1974408
-4170
-1059
3496
-856
-1218
3021
1975433
-4123
-1334
3940
-1089
-2533
2567
1976458
-3959
-1291
4231
64
-3834
2431
1977483
-3876
-964
4072
707
-4152
2912
1978508
-4137
-663
3982
479
-3537
3042
1979533
-4118
-673
4080
1054
-4615
2927
1980558
-3304
-507
3684
1443
-7485
3618
1981583
-2105
-174
3133
1437
-7774
4254
1982608
-1359
208
2639
1063
-6229
4169
1975423
-1251
235
2413
1021
-5082
3122
1976448
-1056
439
2356
1420
-5007
2290
1977473
-764
642
1763
561
-5508
2963
1978498
88
43
1235
1516
-8415
4478
1979523
887
-270
-27
2170
-8558
4171
1980548
1072
11
-511
1147
-4403
2718
1981573
744
-62
-75
500
-2454
2132
1982598
196
-207
-132
125
-2585
2069
1983623
-113
-161
-54
52
-2994
1965
1984648
-218
11
68
-398
-3246
2330
1985673
-122
49
228
-657
-3684
2682
1986698
-9
71
176
-512
-4006
2801
1987723
26
93
90
-457
-4182
2809
1988748
115
101
11
-434
-3854
2686
1989773
175
82
-5
-360
-3442
2538
1990798
149
51
-5
-362
-3468
2469
1983616
121
28
4
-395
-3552
2482
1984641
131
10
38
-395
-3496
2498
1985666
142
-24
75
-360
-3412
2535
1986691
120
-81
115
-326
-3467
2566
1987716
69
-120
118
-288
-3532
2578
1988741
28
-151
99
-239
-3514
2568
1989766
-9
-167
82
-210
-3490
2576
1990791
-59
-175
81
-215
-3402
2578
1991816
-115
-188
98
-221
-3457
2580
1992841
-148
-186
110
-244
-3550
2574
1993866
-138
-171
121
-269
-3593
2565
1994891
-123
-157
133
-289
-3554
2543
1995916
-141
-158
137
-287
-3528
2519
1996941
-168
-161
131
-281
-3594
2483
1997966
-172
-152
115
-294
-3634
2454
1998991
-137
-143
110
-313
-3616
2430
1991808
-94
-141
110
-310
-3595
2397
1992833
-59
-140
104
-305
-3606
2392
1993858
-37
-139
106
-304
-3626
2400
1994883
-25
-141
103
-300
-3641
2393
1995908
-9
-144
99
-288
-3650
2405
1996933
6
-143
98
-272
-3631
2411
1997958
17
-143
98
-262
-3614
2411
1998983
29
-142
101
-272
-3610
2446
2000008
40
-145
107
-280
-3611
2466
2001033
45
-149
116
-280
-3576
2482
2002058
33
-160
125
-286
-3561
2489
2003083
9
-174
129
-274
-3570
2484
2004108
-14
-182
134
-254
-3595
2483
2005133
-33
-180
138
-227
-3635
2500
2006158
-49
-190
143
-168
-3664
2477
2007183
-32
-219
165
-145
-3824
2401
1999999
-41
-223
159
-121
-3885
2405
2001024
-59
-208
164
196
-4011
2405
2002049
64
-95
145
552
-4359
2344
2003074
279
143
-124
519
-4181
2352
2004099
567
314
-375
738
-4185
2582
2005124
1096
518
-651
1189
-4215
2502
2006149
1654
823
-722
1063
-3654
2458
2007174
1454
804
-493
1114
-4563
2549
2008199
1399
893
-866
874
-6429
2976
2009224
1887
1042
-1610
467
-6448
3345
2010249
2338
926
-2129
56
-4961
3731
2011274
2662
731
-2389
251
-4899
4495
2012299
3083
521
-2845
189
-5176
4602
2013324
3365
403
-3238
-164
-4926
4907
2014349
3801
298
-3516
-599
-3980
5066
2015374
4089
74
-3507
-402
-3176
4685
2008192
4002
-94
-3749
-652
-2084
4394
2009217
3707
-203
-3899
-981
-1372
4544
2010242
3379
-213
-3920
-589
-1008
4488
2011267
3287
-159
-3836
-465
-650
3925
2012292
3504
-27
-3627
-641
-234
3418
2013317
3645
136
-3517
-618
98
3353
2014342
3391
225
-3546
-536
322
3264
2015367
3151
232
-3250
-717
614
3037
2016392
3094
285
-2944
-668
594
3017
2017417
2947
311
-2795
-512
810
2554
2018442
2744
467
-2571
-455
1494
2001
2019467
2384
524
-2376
-918
1915
2044
2020492
2027
469
-2102
-683
1702
2142
2021517
1920
489
-1801
-608
1560
2078
2022542
1758
513
-1577
-748
1921
1891
2023567
1461
487
-1292
-965
2465
1870
2016384
1063
399
-980
-1159
2340
1887
2017409
784
343
-760
-1167
2130
1949
2018434
750
326
-548
-1165
2270
2295
2019459
830
325
-477
-1298
2670
2583
2020484
630
231
-344
-1232
3070
2557
2021509
296
126
-29
-1132
2904
2332
2022534
205
107
131
-1135
2827
2286
2023559
245
129
226
-1107
2934
2407
2024584
246
110
339
-1068
2942
2582
2025609
200
65
415
-961
2658
2663
2026634
162
50
398
-844
2593
2615
2027659
111
77
361
-871
2809
2557
2028684
59
102
329
-789
2733
2624
2029709
37
114
294
-664
2642
2660
2030734
24
113
232
-703
2651
2662
2031759
-23
118
153
-748
2807
2732
2024575
-128
94
113
-694
2844
2819
2025600
-189
56
90
-696
2698
2814
2026625
-66
53
59
-794
2648
2820
2027650
45
55
16
-780
2831
2918
2028675
15
32
6
-756
2986
2967
2029700
-35
-3
35
-734
2898
2906
2030725
-52
-5
49
-775
2838
2814
2031750
-15
19
51
-795
2892
2828
2032775
25
34
62
-786
2891
2871
2033800
29
36
75
-782
2872
2856
2034825
-16
35
82
-754
2863
2801
2035850
-36
44
90
-792
2836
2777
2036875
-15
54
98
-821
2886
2827
2037900
-1
50
116
-788
2914
2840
2038925
-11
35
143
-738
2893
2773
2039950
-36
29
157
-736
2839
2755
2032768
-49
28
163
-764
2836
2793
2033793
-55
11
171
-733
2839
2765
2034818
-91
-4
175
-706
2782
2697
2035843
-100
8
161
-703
2790
2701
2036868
-98
24
151
-732
2839
2741
2037893
-136
23
147
-710
2843
2724
2038918
-188
33
148
-719
2850
2682
2039943
-226
54
154
-749
2903
2693
2040968
-268
75
181
-783
2928
2685
2041993
-318
105
223
-804
3008
2625
2043018
-416
139
297
-834
3157
2604
2044043
-590
146
424
-892
3236
2673
2045068
-770
80
557
-903
3018
2691
2046093
-848
28
699
-883
2718
2656
2047118
-757
27
853
-877
2613
2591
2048143
-675
55
993
-891
2738
2623
2040961
-847
35
1168
-927
2943
2666
2041986
-1311
-53
1398
-885
2746
2528
2043011
-1776
-159
1525
-717
2210
2457
2044036
-1933
-289
1596
-727
1782
2667
2045061
-1881
-485
1771
-768
1697
2711
2046086
-1919
-617
2086
-671
1318
2458
2047111
-2127
-664
2153
-311
1079
2193
2048136
-2411
-680
2199
-352
943
2366
2049161
-2650
-779
2297
-729
651
2284
2050186
-3171
-876
2457
-958
305
2100
2051211
-3798
-1075
2697
-377
-256
2173
2052236
-4141
-1127
2761
-158
-766
2279
2053261
-4135
-1236
2839
-306
-1120
2288
2054286
-4437
-1298
3022
-273
-876
2028
2055311
-5356
-1282
3259
-298
-1312
2011
2056336
-5729
-1367
3336
-175
-2699
2383
2049153
-5500
-1455
3263
-47
-3866
2719
2050178
-4668
-1469
3333
81
-4499
2663
2051203
-3641
-1437
3564
308
-5071
2627
2052228
-3087
-1300
3407
1078
-5504
2973
2053253
-3106
-996
3211
2058
-5968
3205
2054278
-3135
-671
3034
2189
-6377
3141
2055303
-2659
-281
2708
1553
-6733
3244
2056328
-1858
26
2182
845
-6200
3427
2057353
-1046
-34
1793
684
-5762
3227
2058378
-327
-177
1446
764
-5205
2806
2059403
-118
-284
1203
875
-4569
2180
2060428
-612
-142
1109
775
-4131
1739
2061453
-862
-195
1152
645
-5007
1538
2062478
-442
-311
664
1599
-6382
1494
2063503
-425
-190
-86
1388
-6246
1443
2064528
-488
56
-110
802
-5050
1417
2057344
-478
-10
-78
729
-4126
1191
2058369
-463
-82
-63
676
-3967
1105
2059394
-451
-48
73
255
-4014
1111
2060419
-318
-12
204
-147
-4105
1025
2061444
-154
-29
294
-58
-4166
940
2062469
-52
63
327
-208
-4344
1179
2063494
128
51
256
-411
-4426
1569
2064519
217
4
138
-484
-4355
1707
2065544
215
-29
32
-487
-4219
1501
2066569
255
-18
-35
-450
-4127
1337
2067594
306
61
-51
-435
-4016
1359
2068619
314
111
-78
-350
-3909
1453
2069644
175
133
-111
-309
-3875
1532
2070669
22
108
-116
-195
-4047
1462
2071694
-17
97
-135
-98
-4173
1368
2072719
2
120
-137
-74
-4210
1330
2065537
58
144
-122
-91
-4176
1387
2066562
112
145
-96
-72
-4104
1422
2067587
126
151
-84
-25
-4091
1382
2068612
152
184
-93
2
-4102
1357
2069637
163
244
-111
-46
-4084
1392
2070662
163
298
-126
-117
-4064
1480
2071687
160
330
-115
-237
-4090
1585
2072712
222
287
-101
-357
-4129
1566
2073737
322
263
-122
-289
-4111
1523
2074762
394
295
-148
-245
-4028
1593
2075787
396
319
-170
-275
-3939
1724
2076812
350
322
-174
-310
-3910
1800
2077837
300
317
-153
-294
-3818
1796
2078862
197
315
-165
-271
-3800
1790
2079887
100
311
-152
-278
-3843
1841
2080912
33
301
-132
-288
-3863
1874
2073728
-10
281
-89
-288
-3907
1842
2074753
-24
262
-71
-290
-3966
1803
2075778
-15
259
-66
-295
-3954
1789
2076803
-16
254
-74
-347
-3915
1794
2077828
-22
234
-72
-371
-3913
1790
2078853
-17
216
-67
-364
-3938
1766
2079878
2
201
-76
-373
-3962
1780
2080903
38
192
-66
-330
-3972
1797
2081928
47
184
-67
-381
-3940
1862
2082953
65
142
-43
-370
-3957
1861
2083978
71
104
-27
-338
-3916
1833
2085003
45
70
-11
-302
-3868
1841
2086028
-16
42
11
-242
-3892
1835
2087053
-42
32
65
-170
-4216
1571
2088078
413
75
9
-235
-5825
1396
2089103
1286
380
-277
-67
-6491
1752
2081920
1436
780
-490
491
-4416
1338
2082945
1159
945
-545
690
-3955
1353
2083970
897
1031
-634
1137
-3987
1927
2084995
210
1205
-1353
1488
-4405
2769
2086020
-55
1499
-1688
1127
-5264
3422
2087045
619
1382
-1632
1349
-6147
3029
2088070
1724
1354
-1947
1185
-6978
3045
2089095
2804
1192
-2563
1101
-6404
3467
2090120
2996
1090
-2842
1156
-5451
3969
2091145
3442
969
-2991
903
-4896
3825
2092170
3674
687
-3502
440
-4722
3801
2093195
4001
648
-3681
512
-5166
3747
2094220
4495
842
-3849
25
-3723
3265
2095245
4520
809
-3921
-518
-2714
3471
2096270
4470
700
-4168
-474
-3148
3699
2097295
4566
653
-4184
-645
-2327
3245
2090111
4843
791
-3831
-529
-1045
2580
2091136
5052
1036
-3518
-536
-212
2443
2092161
4654
1152
-3409
-1092
501
2650
2093186
3458
986
-3455
-1325
907
2727
2094211
2458
982
-3084
-681
456
2239
2095236
2529
1319
-2760
-689
627
1746
2096261
2582
1471
-2500
-1112
1375
1848
2097286
2142
1381
-2191
-1065
1820
2188
2098311
1740
1181
-1838
-1055
1875
2168
2099336
1500
1073
-1473
-1243
2015
2029
2100361
1365
930
-990
-1203
1980
2236
2101386
1470
840
-736
-1418
2316
2593
2102411
1260
471
-220
-1678
2561
2551
2103436
793
255
24
-1349
2461
2425
2104461
659
165
203
-1376
2332
2452
2105486
594
91
446
-1355
2558
2572
2098304
281
-13
578
-1063
2494
2683
2099329
143
-9
669
-1039
2118
2675
2100354
231
60
511
-992
2347
2895
2101379
69
55
478
-884
2479
2953
2102404
-147
70
387
-759
2366
2964
2103429
-143
118
333
-759
2349
3017
2104454
-92
145
310
-783
2494
3157
2105479
-68
144
347
-666
2517
3183
2106504
-45
141
345
-575
2539
3139
2107529
-76
125
336
-612
2467
3114
2108554
-70
119
323
-717
2457
3192
2109579
-26
86
303
-745
2472
3244
2110604
-58
25
265
-717
2474
3174
2111629
-67
-11
223
-689
2480
3112
2112654
-38
-19
207
-644
2454
3114
2113679
-68
-22
149
-592
2483
3124
2106496
-106
-25
91
-593
2498
3136
2107521
-87
-8
59
-598
2504
3189
2108546
-98
6
48
-591
2517
3172
2109571
-133
11
38
-650
2509
3166
2110596
-81
21
38
-680
2489
3193
2111621
-44
25
52
-708
2576
3218
2112646
-65
9
88
-724
2577
3259
2113671
-52
-5
130
-664
2520
3270
2114696
-40
-6
171
-594
2495
3233
2115721
-90
-2
196
-584
2474
3251
2116746
-79
21
212
-536
2411
3312
2117771
-29
52
206
-486
2443
3334
2118796
-51
67
189
-498
2479
3321
2119821
-73
75
161
-521
2421
3340
2120846
-18
93
119
-491
2387
3349
2121871
24
108
80
-502
2525
3310
2114687
-9
97
58
-549
2545
3293
2115712
-8
102
26
-519
2408
3319
2116737
55
117
-16
-484
2470
3367
2117762
43
80
-23
-522
2568
3343
2118787
7
14
1
-538
2500
3210
2119812
1
-37
33
-518
2530
3075
2120837
-65
-78
77
-553
2597
2992
2121862
-163
-124
135
-591
2516
2930
2122887
-231
-151
178
-537
2371
2815
2123912
-233
-123
251
-556
2390
2766
2124937
-309
-126
307
-601
2524
2674
2125962
-547
-146
453
-675
2515
2460
2126987
-886
-172
603
-674
2514
2258
2128012
-1222
-195
785
-779
2539
2327
2129037
-1577
-310
1016
-1054
2629
2528
2130062
-2087
-529
1391
-1329
2428
2399
2122880
-2739
-762
1721
-1337
2003
2051
2123905
-3310
-985
1955
-1278
1541
1851
2124930
-3534
-1161
2201
-1063
955
1952
2125955
-3365
-1297
2462
-1125
698
2015
2126980
-3512
-1564
2937
-572
178
1772
2128005
-3715
-1626
3133
-686
-186
1928
2129030
-3732
-1722
3364
-417
-1169
2413
2130055
-3593
-1786
3419
-334
-1579
2945
2131080
-3724
-1863
3521
-55
-2228
3119
2132105
-3687
-1785
3487
356
-3224
2997
2133130
-3473
-1505
3354
714
-3656
3014
2134155
-3145
-1129
3150
885
-3344
3330
2135180
-3004
-896
2976
1122
-3526
3814
2136205
-2719
-800
2834
1722
-4263
4048
2137230
-2370
-612
2890
2218
-4738
3960
2138255
-1936
-307
2753
1469
-4811
3879
2131072
-1641
-111
2645
985
-4670
3953
2132097
-1653
-51
2151
1473
-4671
4017
2133122
-1376
-193
1795
1976
-5108
3943
2134147
-667
-239
1811
1781
-5379
3641
2135172
-210
-150
1335
1216
-5119
3405
2136197
109
-113
931
991
-4274
3149
2137222
227
-82
764
1247
-3348
2823
2138247
-124
-29
626
526
-3032
2707
2139272
-361
-56
692
644
-3139
2392
2140297
-467
45
688
636
-3354
2214
2141322
-527
44
683
519
-3989
2195
2142347
-661
2
582
683
-4644
2345
2143372
-774
4
264
938
-5166
2398
2144397
-710
72
17
575
-5038
2415
2145422
-463
73
-13
504
-4573
2340
2146447
-187
106
-8
361
-4111
2131
2139265
112
158
87
123
-3635
2040
2140290
258
181
166
-41
-3470
2144
2141315
282
175
228
-197
-3556
2306
2142340
255
168
183
-302
-3692
2437
2143365
289
157
128
-338
-3765
2521
2144390
311
138
77
-333
-3662
2574
2145415
272
104
41
-277
-3507
2572
2146440
173
48
18
-210
-3445
2532
2147465
81
-8
3
-118
-3481
2505
2148490
12
-32
10
-62
-3559
2487
2149515
-18
-46
42
-58
-3620
2470
2150540
-16
-62
65
-36
-3625
2450
2151565
-9
-69
67
-42
-3629
2426
2152590
2
-62
62
-63
-3622
2419
2153615
10
-40
54
-78
-3613
2397
2154640
11
-13
48
-104
-3591
2397
2147456
22
2
46
-127
-3612
2420
2148481
30
16
38
-158
-3603
2432
2149506
40
14
36
-169
-3594
2439
2150531
52
7
40
-188
-3594
2441
2151556
55
0
49
-213
-3555
2436
2152581
60
-17
59
-226
-3565
2461
2153606
73
-30
69
-234
-3584
2496
2154631
89
-46
80
-252
-3587
2527
2155656
82
-65
91
-254
-3535
2521
2156681
54
-92
100
-250
-3501
2508
2157706
20
-114
105
-243
-3497
2499
2158731
-8
-139
108
-233
-3519
2516
2159756
-29
-162
115
-214
-3539
2501
2160781
-38
-182
124
-185
-3546
2476
2161806
-42
-199
133
-167
-3559
2458
2162831
-42
-206
139
-162
-3565
2446
2155648
-42
-208
146
-158
-3546
2426
2156673
-35
-213
153
-161
-3591
2452
2157698
-32
-215
151
-174
-3621
2493
2158723
-36
-208
146
-141
-3609
2489
2159748
-35
-199
142
-100
-3603
2448
2160773
-30
-181
136
-95
-3616
2417
2161798
-20
-161
124
-88
-3605
2411
2162823
-20
-142
111
-90
-3612
2417
2163848
-19
-124
100
-91
-3623
2421
2164873
-16
-107
94
-100
-3608
2420
2165898
-25
-102
86
-101
-3592
2434
2166923
-43
-104
78
-97
-3608
2434
2167948
-58
-110
72
-107
-3624
2423
2168973
-68
-118
70
-114
-3642
2418
2169998
-69
-125
68
-94
-3647
2401
2171023
-74
-126
62
-71
-3648
2373
2163839
-107
-122
51
-66
-3620
2353
2164864
-160
-115
38
-63
-3607
2350
2165889
-194
-100
30
-46
-3740
2349
2166914
-142
-66
27
20
-4014
2328
2167939
-10
20
25
115
-4057
2308
2168964
124
125
20
176
-3864
2324
2169989
182
194
-9
401
-3878
2319
2171014
188
267
-127
631
-4265
2511
2172039
270
273
-399
655
-4242
2703
2173064
407
358
-488
543
-4197
2891
2174089
373
318
-566
1087
-4943
2858
2175114
458
282
-1057
1223
-5983
2927
2176139
1147
360
-1613
737
-6324
3311
2177164
1480
414
-1980
1336
-5088
3590
2178189
1331
452
-1978
1686
-4907
3706
2179214
1285
357
-2346
1124
-5240
4003
2172032
1815
251
-2672
1049
-5790
4131
2173057
2300
274
-3174
761
-5537
4151
2174082
2667
366
-3520
858
-4456
3997
2175107
3090
463
-3702
854
-4592
4078
2176132
3543
606
-4084
201
-3997
4041
2177157
4033
668
-4145
66
-3115
3806
2178182
4191
715
-4097
506
-2375
3570
2179207
4334
814
-4085
172
-1554
3097
2180232
4388
863
-3849
-276
-805
2701
2181257
4357
972
-3731
194
-778
2815
2182282
4355
1173
-3761
49
-562
2879
2183307
4385
1269
-3534
-787
712
2925
2184332
4172
1027
-2753
-968
1280
2330
2185357
3678
935
-2726
-942
1217
1870
2186382
3083
925
-2615
-627
1171
1773
2187407
2661
989
-2378
-991
1461
1758
2180223
2364
964
-2093
-1216
1951
1760
2181248
1961
809
-1712
-1047
1870
1485
2182273
1646
793
-1538
-1240
1867
1366
2183298
1611
781
-1150
-1175
2078
1430
2184323
1437
703
-868
-1274
2608
1510
2185348
981
589
-649
-1246
2796
1568
2186373
633
532
-380
-1059
2680
1691
2187398
485
528
-192
-1183
2758
1846
2188423
326
545
-241
-1328
3246
2255
2189448
150
442
23
-943
3036
2338
2190473
93
367
167
-925
2940
2296
2191498
98
344
238
-1076
2982
2391
2192523
93
295
271
-1047
2936
2515
2193548
40
212
279
-919
3068
2491
2194573
-61
130
276
-912
3110
2402
2195598
-96
115
274
-951
2873
2461
2188608
-35
137
225
-987
2851
2596
2189633
-36
85
156
-899
2962
2697
2190658
-107
2
94
-828
2825
2728
2191683
-36
-31
40
-858
2732
2716
2192708
37
-39
-5
-880
2906
2678
2193733
-23
-49
-54
-904
3008
2660
2194758
-40
-53
-79
-931
2949
2682
2195783
-7
-47
-83
-951
2936
2661
2196808
-14
-35
-87
-1007
2982
2618
2197833
-19
-26
-89
-1019
3000
2620
2198858
-14
-27
-58
-1040
3000
2631
2199883
-39
-34
-29
-1033
3017
2566
2200908
-49
-13
-12
-1050
3032
2551
2201933
-22
14
22
-1026
3050
2603
2202958
-40
24
58
-977
3009
2612
2203983
-26
35
77
-948
2993
2642
2196608
-4
43
95
-907
3015
2617
2197633
-52
53
103
-904
3043
2626
2198658
-63
56
114
-905
2967
2654
2199683
-42
62
114
-876
2886
2647
2200708
-18
74
93
-903
2957
2674
2201733
-10
80
76
-934
2988
2750
2202758
-8
69
68
-918
2938
2753
2203783
-13
54
62
-917
2930
2703
2204808
-14
43
52
-949
2945
2689
2205833
3
33
38
-947
2953
2730
2206858
21
8
48
-918
2975
2711
2207883
-5
-27
58
-899
2930
2640
2208908
-16
-43
56
-916
2865
2596
2209933
-3
-54
46
-930
2917
2616
2210958
-11
-72
39
-957
2964
2641
2211983
-29
-81
31
-935
2897
2607
2204800
-20
-67
10
-914
2888
2549
2205825
-3
-39
-10
-933
2970
2582
2206850
-36
-29
-15
-924
2994
2595
2207875
-76
-25
-5
-913
2957
2543
2208900
-98
-16
17
-916
2964
2494
2209925
-152
-18
54
-944
2959
2461
2210950
-198
-38
106
-968
2946
2451
2211975
-229
-69
172
-968
2959
2409
2213000
-306
-105
249
-953
2982
2348
2214025
-441
-165
370
-976
3108
2325
2215050
-611
-283
534
-924
3138
2360
2216075
-772
-383
687
-752
2982
2254
2217100
-862
-401
830
-695
2927
2128
2218125
-997
-387
947
-808
2949
2002
2219150
-1235
-328
1028
-950
2999
2051
2220175
-1473
-273
1147
-768
3093
2355
2212992
-1799
-294
1412
-726
3008
2501
2214017
-2212
-407
1723
-811
2415
2345
2215042
-2547
-503
1766
-788
1783
2197
2216067
-2589
-621
1865
-873
1592
2368
2217092
-2808
-789
2006
-647
1522
2453
2218117
-3268
-924
2286
-565
864
2254
2219142
-3636
-1021
2392
-581
190
2132
2220167
-3755
-1048
2357
-687
-201
2501
2221192
-3612
-1267
2360
-653
-402
2964
2222217
-3477
-1444
2604
-357
-976
3118
2223242
-3272
-1459
2807
-64
-1361
2994
2224267
-3028
-1275
2865
146
-1329
2686
2225292
-2961
-1044
2879
194
-1257
2791
2226317
-3044
-950
2979
266
-1385
3037
2227342
-3496
-984
3189
160
-1733
3050
2228367
-3863
-916
3561
583
-3357
3077
2221184
-3285
-724
3419
895
-4485
3347
2222209
-2490
-537
3297
905
-4470
3594
2223234
-2150
-360
3152
586
-3952
3702
2224259
-2130
-357
3184
889
-4324
3706
2225284
-2006
-349
3185
1264
-4894
3614
2226309
-1764
-284
3228
1185
-5220
3393
2227334
-1415
-109
2815
526
-5318
3233
2228359
-995
-54
2412
454
-5365
3124
2229384
-429
22
2006
857
-5143
2989
2230409
34
-14
1670
745
-5762
3200
2231434
919
-439
1040
2065
-9024
4015
2232459
1259
-123
-335
2003
-6606
3671
2233484
872
151
-250
1348
-3353
3034
2234509
-33
131
-16
858
-2973
2772
2235534
-424
97
-169
699
-2849
2488
2236559
-219
168
-93
388
-3004
2365
2229375
89
301
-12
-78
-2973
2390
2230400
188
362
69
-233
-3081
2463
2231425
241
357
70
-373
-3424
2642
2232450
216
325
16
-487
-3764
2961
2233475
327
267
-39
-622
-3817
3120
2234500
313
180
-93
-657
-3420
3034
2235525
196
91
-85
-594
-3031
2877
2236550
19
8
-28
-457
-2779
2786
2237575
-205
-78
57
-258
-2927
2844
2238600
-338
-89
80
-296
-3470
2941
2239625
-295
-52
59
-323
-3710
2926
2240650
-148
-14
38
-258
-3684
2827
2241675
-33
38
2
-221
-3522
2732
2242700
8
79
-31
-245
-3367
2677
2243725
8
102
-51
-270
-3355
2681
2244750
23
112
-62
-289
-3421
2686
2237569
80
124
-64
-301
-3476
2714
2238594
140
135
-71
-327
-3439
2776
2239619
173
120
-64
-346
-3282
2805
2240644
153
96
-34
-340
-3194
2803
2241669
101
64
-14
-331
-3320
2817
2242694
70
48
-24
-351
-3314
2853
2243719
59
29
-8
-350
-3244
2868
2244744
42
4
3
-345
-3366
2873
2245769
43
0
-5
-348
-3311
2854
2246794
45
-13
17
-321
-3215
2816
2247819
9
-22
22
-303
-3311
2802
2248844
-16
-20
15
-301
-3334
2797
2249869
-15
-19
14
-286
-3358
2793
2250894
-8
-14
9
-287
-3360
2788
2251919
8
-9
6
-283
-3349
2783
2252944
20
0
8
-284
-3261
2787
2245760
11
-4
24
-284
-3306
2801
2246785
5
-4
6
-301
-3490
2854
2247810
23
8
-16
-320
-3291
2841
2248835
27
-5
-1
-287
-3281
2793
2249860
3
-1
-6
-274
-3299
2803
2250885
-15
12
6
-284
-3236
2824
2251910
-43
10
14
-281
-3312
2826
2252935
-52
13
-8
-277
-3463
2831
2253960
-50
26
-21
-299
-3157
2809
2254985
-78
-5
23
-276
-3305
2776
2256010
-78
-4
1
-318
-3594
2821
2257035
-29
15
-14
-360
-3243
2775
2258060
-5
-17
22
-302
-3375
2746
2259085
-2
2
-15
-328
-3403
2787
2260110
21
10
4
-320
-3252
2785
2261135
12
11
9
-305
-3363
2815
2253972
10
23
-2
-318
-3307
2833
2254997
13
18
13
-302
-3281
2829
2256022
-13
15
24
-271
-3400
2879
2257047
15
18
35
-178
-3811
2958
2258072
187
77
2
-129
-3734
3125
2259097
397
60
48
302
-3733
3178
2260122
427
17
-15
1427
-4799
2972
2261147
739
274
-272
1587
-5622
3718
2262172
1288
458
-620
620
-4860
4677
2263197
1357
283
-1044
-182
-4815
4705
2264222
1126
-138
-1718
502
-5487
4315
2265247
1494
-271
-2334
1087
-5986
4196
2266272
2015
-99
-2674
824
-5077
4011
2267297
2053
-62
-3007
671
-4317
4165
2268322
1842
-28
-3539
677
-4119
4394
2269347
1768
-8
-3853
611
-3748
4296
2262144
2014
41
-3926
558
-3483
4098
2263169
2452
149
-4074
402
-3328
4109
2264194
2835
257
-4144
113
-2658
3980
2265219
3220
366
-3969
13
-1994
3620
2266244
3520
432
-3885
4
-1467
3414
2267269
3738
442
-3741
49
-1269
3388
2268294
3824
451
-3582
-275
-1064
3191
2269319
3916
532
-3441
-452
-562
2786
2270344
3953
661
-3289
-449
223
2438
2271369
3820
693
-2947
-543
725
2409
2272394
3425
679
-2805
-455
939
2524
2273419
2816
657
-2734
-471
1210
2589
2274444
2309
623
-2371
-136
1197
2310
2275469
2241
768
-2271
-572
1267
2227
2276494
2433
755
-2120
-940
1896
2327
2277519
2249
588
-1678
-1028
2373
2029
2270336
1640
398
-1301
-927
2435
1525
2271361
1182
348
-1108
-1075
2429
1411
2272386
1157
403
-791
-1026
2590
1660
2273411
1109
388
-602
-902
2886
1888
2274436
794
320
-556
-1168
3112
1944
2275461
419
264
-243
-1034
2867
1833
2276486
275
269
-112
-984
2997
2030
2277511
220
237
46
-1014
3139
2219
2278536
25
216
127
-991
2925
2318
2279561
-90
219
149
-956
2743
2417
2280586
55
231
176
-883
2788
2611
2281611
147
205
190
-817
2927
2707
2282636
59
149
180
-813
2946
2634
2283661
-24
131
166
-760
2898
2614
2284686
16
142
159
-758
2876
2642
2285711
48
162
136
-748
3051
2780
2278528
2
140
157
-801
3143
2776
2279553
-73
79
182
-750
2954
2702
2280578
-92
78
176
-668
2921
2672
2281603
-67
76
170
-774
2991
2786
2282628
-75
46
165
-769
2936
2847
2283653
-44
35
152
-679
2868
2759
2284678
39
48
145
-658
2921
2708
2285703
49
61
136
-683
2972
2724
2286728
16
80
111
-683
2896
2758
2287753
36
95
95
-651
2867
2789
2288778
39
96
84
-684
2939
2804
2289803
17
89
87
-698
2887
2751
2290828
13
90
90
-694
2852
2729
2291853
16
85
90
-697
2903
2743
2292878
6
75
91
-715
2920
2754
2293903
17
61
104
-688
2951
2753
2286720
-10
31
128
-641
2934
2690
2287745
-91
13
131
-626
2938
2633
2288770
-98
12
127
-654
2922
2718
2289795
-43
0
115
-689
2918
2844
2290820
-32
-21
92
-661
3020
2822
2291845
-37
-27
93
-622
2903
2722
2292870
54
-1
90
-584
2877
2653
2293895
68
16
64
-593
2995
2697
2294920
-11
6
58
-645
2980
2807
2295945
-28
-26
66
-636
2925
2820
2296970
5
-40
69
-623
2895
2705
2297995
13
-31
64
-648
2970
2640
2299020
-26
-27
46
-639
2909
2687
2300045
-29
-20
30
-624
2838
2711
2301070
-34
-16
14
-592
2942
2663
2302095
-61
-9
-3
-601
2950
2671
2294913
-43
4
-22
-643
2991
2816
2295938
-21
-7
-22
-638
3062
2859
2296963
-29
-27
0
-608
2978
2708
2297988
-15
-13
13
-595
2905
2563
2299013
-16
16
17
-585
2940
2542
2300038
-97
23
38
-620
2904
2535
2301063
-175
8
70
-648
2828
2467
2302088
-215
-3
111
-673
2816
2344
2303113
-305
-15
168
-726
2799
2229
2304138
-465
-50
273
-829
2738
2034
2305163
-687
-133
463
-986
2723
1779
2306188
-1057
-258
744
-979
2655
1565
2307213
-1509
-365
1001
-746
2457
1548
2308238
-1821
-451
1233
-726
2553
1970
2309263
-2065
-688
1600
-1061
2907
2393
2310288
-2729
-1048
2195
-1261
2571
1731
2303105
-3601
-1066
2394
-916
1271
1399
2304130
-3587
-1125
1886
-645
898
2501
2305155
-3046
-1161
2182
-591
1077
3063
2306180
-3085
-1066
2742
-784
1189
2463
2307205
-4173
-1108
2873
-700
721
2002
2308230
-4507
-1046
2861
111
-570
2489
2309255
-4233
-1042
2931
15
-1115
3391
2310280
-3921
-1189
3226
-396
-1706
3586
2311305
-4153
-1270
3295
-537
-1955
3090
2312330
-3786
-1304
3246
-138
-2295
2819
2313355
-3008
-1302
3251
377
-2697
3024
2314380
-2538
-1157
3443
323
-2572
2970
2315405
-2571
-1012
3692
239
-2367
2601
2316430
-3036
-908
3859
952
-2507
2414
2317455
-3377
-722
3944
1392
-4171
2514
2318480
-2750
-434
3990
879
-6104
3088
2311296
-1663
-231
3985
264
-7045
3616
2312321
-864
-51
3543
546
-6675
3864
2313346
-1032
120
2780
1416
-5855
3932
2314371
-1640
131
2526
1898
-5587
3459
2315396
-1564
-218
2039
2446
-9454
3747
2316421
-702
-460
42
2221
-10554
4318
2317446
474
-216
-479
1731
-5444
3266
2318471
159
-219
-279
713
-3412
2550
2319496
-326
-370
-308
333
-2466
1834
2320521
-477
-274
-38
429
-2076
1193
2321546
-860
-13
93
73
-1909
1140
2322571
-851
70
366
-235
-2175
1197
2323596
-756
104
542
-319
-2580
1353
2324621
-743
86
670
-380
-3508
1678
2325646
-698
-18
463
-563
-5963
2431
2326671
-127
-139
84
-393
-6667
2737
2319487
518
-153
-165
-312
-4811
2356
2320512
322
-271
-155
-272
-3470
2052
2321537
-72
-372
-59
-5
-3198
1891
2322562
-367
-293
24
-43
-3418
1939
2323587
-439
-239
33
-95
-3679
2019
2324612
-388
-180
-4
49
-3997
2033
2325637
-269
-78
79
191
-4287
2071
2326662
-109
34
67
78
-4265
2094
2327687
-51
79
-1
-12
-4002
2042
2328712
-144
70
-35
-28
-3712
1912
2329737
-280
53
-21
-66
-3675
1798
2330762
-338
56
-1
-158
-3892
1756
2331787
-238
38
40
-221
-4112
1771
2332812
-94
15
36
-230
-4087
1786
2333837
-17
-9
29
-208
-4003
1792
2334862
5
-28
20
-199
-3940
1801
2327761
23
-32
7
-195
-3934
1825
2328786
50
-25
1
-174
-3900
1854
2329811
73
-20
7
-160
-3899
1874
2330836
64
-13
8
-135
-3868
1880
2331861
33
-18
17
-106
-3887
1871
2332886
-3
-24
18
-89
-3933
1855
2333911
-29
-28
14
-74
-3931
1824
2334936
-38
-31
22
-61
-3935
1798
2335961
-37
-23
27
-74
-3942
1795
2336986
-20
-9
27
-98
-3962
1799
2338011
3
6
20
-119
-3960
1801
2339036
25
19
14
-131
-3969
1813
2340061
41
33
11
-123
-3987
1808
2341086
53
52
12
-115
-4050
1819
2342111
58
85
3
-115
-4214
1816
2343136
114
131
-21
-38
-4623
1830
2335872
143
218
-137
14
-4423
1765
2336897
-60
228
-304
52
-4054
1619
2337922
162
195
-386
97
-4425
1478
2338947
229
230
-416
360
-4226
1610
2339972
-9
343
-446
780
-4522
1813
2340997
48
615
-683
899
-4988
1874
2342022
368
853
-864
822
-5333
2030
2343047
718
928
-1108
968
-6278
2305
2344072
1254
940
-1603
1227
-5970
2394
2345097
1625
893
-1981
1385
-5331
2725
2346122
1709
852
-2236
1569
-5152
2998
2347147
1683
884
-2555
1462
-5075
3090
2348172
1778
838
-2866
1211
-5228
3187
2349197
2157
794
-3117
1235
-4881
3085
2350222
2516
885
-3311
1146
-4106
3090
2351247
2502
888
-3420
840
-3832
3511
2344064
2579
903
-3533
895
-3888
3743
2345089
3033
929
-3704
691
-3438
3572
2346114
3306
843
-3637
507
-2536
3457
2347139
3452
852
-3471
750
-2232
3631
2348164
3685
865
-3514
395
-1696
3630
2349189
3808
883
-3285
587
-1722
3555
2350214
4027
1045
-3221
491
-1100
3304
2351239
4175
1041
-3026
134
-403
3142
2352264
4338
1096
-2641
455
-422
2706
2353289
4391
1271
-2645
-51
642
2447
2354314
3951
1252
-2464
-99
902
2563
2355339
3777
1266
-2117
-597
1294
2439
2356364
3110
1180
-2038
-715
1660
2323
2357389
2606
1169
-1921
-420
1372
2104
2358414
2408
1131
-1885
-873
1777
2144
2359439
1988
1041
-1649
-803
2161
2148
2352257
1695
1072
-1526
-792
2234
2022
2353282
1464
933
-1160
-1072
2247
1944
2354307
1230
896
-962
-910
2407
1970
2355332
1174
833
-888
-1067
2605
2119
2356357
1086
743
-712
-901
2757
1945
2357382
934
732
-564
-1354
3149
1915
2358407
591
573
-296
-1174
3134
2093
2359432
419
485
-115
-914
2879
2227
2360457
356
391
-24
-1128
3017
2248
2361482
176
270
122
-1146
3002
2242
2362507
107
196
196
-969
2922
2262
2363532
137
146
236
-944
3012
2290
2364557
88
88
265
-982
3032
2251
2365582
-3
48
253
-948
2956
2322
2366607
22
23
239
-910
2922
2434
2367632
39
-25
231
-896
2987
2481
2360448
-36
-85
205
-784
2954
2491
2361473
-66
-107
171
-815
2875
2462
2362498
-48
-101
102
-851
2990
2520
2363523
-53
-104
49
-822
3039
2600
2364548
-83
-121
24
-795
2956
2561
2365573
-54
-115
-8
-804
2970
2525
2366598
-6
-92
-38
-805
3086
2595
2367623
-16
-83
-41
-801
3097
2599
2368648
-34
-79
-32
-821
3063
2542
2369673
-27
-60
-21
-798
3041
2491
2370698
-15
-27
-11
-809
3088
2514
2371723
-35
-9
8
-818
3105
2552
2372748
-69
-6
28
-790
3011
2523
2373773
-55
12
37
-801
2998
2521
2374798
-21
32
36
-794
3064
2600
2375823
-35
37
48
-785
3075
2636
2368640
-59
29
62
-779
3048
2624
2369665
-54
27
63
-777
3013
2597
2370690
-39
40
57
-775
3015
2619
2371715
-31
42
51
-778
3080
2666
2372740
-25
33
52
-761
3065
2689
2373765
-29
23
57
-744
3009
2654
2374790
-41
11
54
-781
3047
2609
2375815
-40
7
40
-791
3058
2629
2376840
-4
7
36
-799
3022
2675
2377865
3
-6
38
-800
3012
2623
2378890
-4
-18
37
-785
3033
2554
2379915
-2
-23
46
-825
3068
2557
2380940
-26
-34
58
-824
3050
2577
2381965
-45
-47
68
-798
3004
2541
2382990
-37
-52
76
-803
3012
2494
2384015
-31
-39
77
-800
3024
2520
2376833
-35
-21
77
-775
3047
2543
2377858
-56
-11
80
-752
3063
2529
2378883
-75
1
83
-755
3055
2515
2379908
-91
10
100
-779
3042
2511
2380933
-125
13
118
-765
3005
2485
2381958
-145
18
134
-748
2962
2463
2382983
-167
20
169
-771
2991
2397
2384008
-254
3
240
-855
3022
2216
2385033
-434
-30
378
-955
3056
1897
2386058
-720
-104
651
-1014
3017
1562
2387083
-1083
-259
1015
-923
2652
1264
2388108
-1415
-403
1334
-801
2255
1116
2389133
-1560
-470
1485
-945
2114
1242
2390158
-1577
-524
1713
-1088
1967
1410
2391183
-1782
-630
2016
-1117
2024
1373
2392208
-2298
-758
2453
-968
2006
1157
2385024
-2949
-751
2911
-943
1522
1161
2386049
-3531
-805
2900
-1064
1285
1506
2387074
-4202
-1015
3135
-1100
810
2009
2388099
-5023
-1148
3292
-845
15
2376
2389124
-5900
-1423
3314
-1127
-1327
2633
2390149
-5642
-1540
3456
-377
-3639
3057
2391174
-4191
-1435
3183
12
-3193
3316
2392199
-2678
-1350
3636
578
-2018
3531
2393224
-2311
-1244
4066
1312
-2603
3594
2394249
-2654
-918
4060
1107
-2712
3687
2395274
-3312
-705
3941
664
-2546
3694
2396299
-3725
-672
3973
1754
-3820
3645
2397324
-3298
-550
3862
2966
-5542
3904
2398349
-2117
-85
3794
2453
-4997
4246
2399374
-1570
190
3635
1100
-4427
4417
2400399
-1832
250
3172
569
-5319
4493
2393216
-2070
363
2262
248
-5306
4112
2394241
-1653
113
2321
300
-5191
3778
2395266
-1369
102
2222
1879
-5565
3423
2396291
-1040
80
1131
1758
-7806
4222
2397316
-125
-152
-29
1533
-7694
3451
2398341
441
67
-243
2037
-4461
2286
2399366
373
127
-53
1255
-2887
2013
2400391
-13
60
24
797
-2922
1811
2401416
-486
143
-1
644
-3209
1820
2402441
-490
213
99
455
-3304
1921
2403466
-316
230
228
42
-3516
1976
2404491
-208
189
244
-123
-4133
2133
2405516
26
110
198
-168
-4500
2331
2406541
294
90
68
-277
-4342
2468
2407566
490
81
-15
-290
-3905
2508
2408591
543
82
-33
-216
-3528
2511
2401409
496
103
-37
-205
-3242
2565
2402434
397
111
-8
-163
-3224
2655
2403459
289
122
2
-137
-3363
2722
2404484
187
140
-28
-118
-3526
2755
2405509
95
157
-55
-129
-3529
2730
2406534
-25
131
-49
-148
-3475
2659
2407559
-141
81
-54
-154
-3454
2595
2408584
-199
41
-43
-166
-3484
2555
2409609
-189
9
-8
-193
-3524
2515
2410634
-148
-17
25
-203
-3557
2464
2411659
-109
-13
49
-131
-3559
2419
2412684
-94
30
59
-263
-3691
2447
2413709
3
-14
19
-308
-3644
2442
2414734
77
-16
7
-168
-3558
2453
2415759
96
15
1
-195
-3543
2470
2416784
158
36
6
-167
-3572
2485
2409600
225
72
1
-148
-3591
2546
2410625
237
99
-11
-218
-3487
2588
2411650
212
77
4
-205
-3488
2605
2412675
171
55
7
-159
-3492
2608
2413700
136
41
1
-183
-3459
2641
2414725
98
25
12
-185
-3441
2642
2415750
55
11
12
-187
-3419
2626
2416775
22
0
9
-197
-3452
2618
2417800
5
-2
7
-193
-3467
2608
2418825
-10
-1
6
-194
-3485
2600
2419850
-14
0
1
-207
-3527
2590
2420875
2
5
2
-199
-3542
2576
2421900
28
16
3
-176
-3511
2564
2422925
70
29
6
-135
-3544
2527
2423950
163
69
2
-103
-3632
2500
2424975
290
139
-14
-115
-3659
2576
2417793
388
183
-51
-262
-3504
2634
2418818
409
192
-46
-131
-3398
2658
2419843
318
227
-62
-237
-3398
2734
2420868
294
198
-57
-298
-3339
2813
2421893
272
154
-66
-289
-3343
2837
2422918
238
121
-66
-280
-3268
2837
2423943
203
94
-42
-217
-3338
2844
2424968
113
93
-79
-259
-3361
2849
2425993
105
92
-77
-234
-3479
2901
2427018
106
104
-148
-166
-3378
2927
2428043
94
57
-180
-186
-3424
2987
2429068
112
11
-213
-66
-3766
3131
2430093
90
-16
-278
305
-3669
3160
2431118
9
-72
-371
578
-3782
3250
2432143
155
-129
-538
513
-4460
3530
2433168
331
-207
-737
881
-4724
3597
2425984
451
-141
-886
1327
-4954
3475
2427009
631
-211
-1215
1090
-5622
3618
2428034
1231
-232
-1675
1130
-6037
3877
2429059
1833
-136
-2185
1482
-4992
3988
2430084
2073
-109
-2615
1527
-4249
4129
2431109
1994
-221
-3032
924
-3998
4379
2432134
1790
-312
-3129
1432
-4025
4191
2433159
2070
-103
-3624
1908
-3783
3812
2434184
2374
83
-3932
1384
-2926
4019
2435209
2561
285
-3929
1275
-3015
4052
2436234
2898
619
-4373
728
-2331
3984
2437259
3249
755
-4272
409
-1441
3610
2438284
3562
825
-3867
123
-1010
3365
2439309
3656
778
-3734
150
-968
3596
2440334
3443
688
-3723
408
-1136
3610
2441359
3360
860
-3742
181
-432
3100
2434175
3312
900
-3368
-165
368
2751
2435200
3285
1026
-3138
166
228
2781
2436225
3276
1120
-3249
-587
620
3125
2437250
3103
952
-2883
-596
786
3090
2438275
3039
954
-2770
-661
1101
2609
2439300
3109
978
-2782
-1295
1363
2193
2440325
3045
887
-2430
-1563
1904
2201
2441350
2532
698
-2035
-1448
2530
2038
2442375
1977
546
-1651
-1103
2573
1639
2443400
1670
503
-1327
-1159
2463
1390
2444425
1420
554
-1044
-1229
2768
1406
2445450
1113
559
-606
-1047
2862
1532
2446475
747
513
-394
-1020
2787
1591
2447500
477
474
-152
-1062
2651
1594
2448525
411
453
0
-1070
2771
1667
2449550
323
434
151
-1155
3203
1692
2442368
164
387
240
-1256
3175
1793
2443393
41
362
287
-1106
2784
1931
2444418
119
367
263
-1017
2879
2126
2445443
187
319
255
-1043
3226
2284
2446468
-9
205
285
-1106
3223
2325
2447493
-134
115
285
-1093
2884
2363
2448518
74
100
235
-942
3001
2364
2449543
208
80
207
-922
3422
2290
2450568
0
27
187
-956
3370
2254
2451593
-161
23
170
-953
3001
2342
2452618
-62
15
119
-977
2945
2514
2453643
60
-46
62
-977
3038
2618
2454668
99
-126
38
-965
3032
2496
2455693
119
-170
31
-934
3120
2298
2456718
57
-165
17
-946
3298
2160
2457743
-59
-136
19
-942
3234
2130
2450560
-87
-88
26
-968
3118
2190
2451585
-25
-50
24
-921
3095
2258
2452610
-24
-35
14
-888
3105
2260
2453635
-66
-23
5
-951
3143
2263
2454660
-87
-3
8
-955
3155
2300
2455685
-87
19
13
-927
3113
2293
2456710
-67
54
8
-942
3168
2310
2457735
-51
92
18
-927
3287
2403
2458760
-65
105
46
-880
3258
2454
2459785
-75
106
70
-876
3206
2446
2460810
-57
106
65
-882
3254
2490
2461835
-50
93
81
-901
3301
2581
2462860
-50
55
106
-895
3218
2567
2463885
-24
18
107
-867
3144
2506
2464910
15
-6
108
-853
3160
2440
2465935
29
-16
128
-873
3213
2348
2458752
18
-29
122
-899
3190
2268
2459777
-10
-26
104
-863
3097
2252
2460802
1
-11
87
-860
3085
2305
2461827
2
-19
74
-862
3098
2343
2462852
-33
-33
57
-844
3071
2339
2463877
-31
-34
39
-840
3118
2349
2464902
-43
-38
34
-864
3176
2362
2465927
-63
-41
31
-870
3155
2320
2466952
-62
-33
32
-872
3146
2293
2467977
-56
-13
30
-877
3188
2316
2469002
-52
2
28
-844
3212
2369
2470027
-76
11
44
-832
3205
2332
2471052
-113
32
47
-814
3174
2245
2472077
-127
80
45
-787
3218
2236
2473102
-171
134
80
-839
3287
2268
2474127
-267
141
115
-893
3250
2199
2466944
-356
147
173
-886
3130
2071
2467969
-384
182
234
-879
3185
2037
2468994
-423
201
316
-868
3247
2073
2470019
-542
195
435
-868
3206
2029
2471044
-719
150
597
-896
3183
1896
2472069
-973
67
855
-925
3049
1725
2473094
-1317
-80
1160
-987
2739
1542
2474119
-1733
-254
1445
-1055
2385
1484
2475144
-2098
-431
1722
-1098
2447
1468
2476169
-2587
-673
2139
-1139
2548
1516
2477194
-3341
-946
2611
-1221
2262
1368
2478219
-4334
-1153
2882
-1135
1546
1038
2479244
-4743
-1314
2870
-1024
522
1157
2480269
-4287
-1655
2634
-1086
23
1913
2481294
-3955
-2071
2742
-1129
-352
2094
2482319
-3925
-2125
3295
-987
-211
1716
2475137
-4305
-1984
3517
-216
-402
1721
2476162
-4526
-1904
3361
-55
-1578
2251
2477187
-4161
-1817
3529
42
-2864
2707
2478212
-3959
-1473
3595
575
-2803
2857
2479237
-4034
-1251
3446
1475
-3144
3064
2480262
-4059
-1030
3659
1640
-4291
3477
2481287
-3560
-782
3839
1096
-4687
3761
2482312
-2907
-698
3834
1372
-5384
3716
2483337
-2366
-516
3460
2172
-6121
3675
2484362
-1646
-236
3132
2159
-5781
3606
2485387
-878
-46
2904
1359
-5342
3753
2486412
-422
-1
2852
1017
-5016
3821
2487437
-353
29
2418
777
-4581
3769
2488462
-493
-198
2498
1078
-3890
3255
2489487
-900
-316
2363
2236
-3637
2859
2490512
-2195
-360
1751
1782
-4640
3401
2483329
-2591
-759
972
2599
-11907
3261
2484354
-1108
23
51
1805
-9045
1982
2485379
550
189
-409
1318
-2587
1466
2486404
-49
-53
-216
976
-2560
1361
2487429
-688
181
-20
434
-3344
1363
2488454
-733
385
113
-34
-2618
1280
2489479
-808
400
437
-272
-3007
1289
2490504
-863
379
537
-453
-4377
1556
2491529
-626
355
320
-625
-5306
1813
2492554
14
287
120
-527
-5146
1831
2493579
565
234
-40
-333
-4435
1819
2494604
707
169
-148
-436
-3777
1849
2495629
514
51
-255
-295
-3432
1762
2496654
345
-31
-288
-121
-3536
1764
2497679
262
-43
-220
-31
-3737
1855
2498704
186
-21
-160
40
-3909
1956
2491521
117
5
-129
117
-4046
2012
2492546
73
41
-108
159
-4045
2036
2493571
27
72
-90
140
-3909
2024
2494596
-42
85
-70
110
-3746
1992
2495621
-120
97
-29
113
-3713
1950
2496646
-159
129
10
46
-3810
1912
2497671
-156
137
23
-3
-3886
1875
2498696
-141
132
23
-25
-3939
1864
2499721
-149
121
7
-67
-3982
1873
2500746
-178
111
-25
-55
-3968
1816
2501771
-160
105
-56
-40
-3955
1778
2502796
-113
104
-68
-23
-3932
1761
2503821
-69
116
-69
2
-3955
1746
2504846
-19
133
-64
4
-3994
1769
2505871
8
151
-65
-2
-3965
1801
2506896
-1
165
-70
-11
-3892
1833
2499712
-28
178
-69
-31
-3867
1847
2500737
-47
179
-60
-73
-3904
1849
2501762
-65
164
-61
-91
-3897
1866
2502787
-109
150
-57
-93
-3904
1868
2503812
-144
135
-51
-123
-3954
1840
2504837
-134
128
-41
-136
-3973
1828
2505862
-102
127
-29
-153
-3973
1822
2506887
-80
124
-35
-153
-3965
1821
2507912
-78
119
-47
-145
-3972
1821
2508937
-90
123
-47
-136
-4024
1826
2509962
-102
143
-41
-61
-4023
1843
2510987
-128
176
-11
123
-4042
1862
2512012
-105
222
22
221
-4323
1775
2513037
186
294
0
53
-4643
1979
2514062
850
59
-62
501
-5002
2647
2515087
1309
-192
-288
733
-5076
2576
2507904
1087
-70
-854
973
-4726
2303
2508929
782
157
-1173
980
-5034
2583
2509954
869
207
-1223
1085
-5962
3009
2510979
1364
164
-1404
1160
-6053
3099
2512004
1730
138
-1813
1264
-5510
2946
2513029
1538
135
-2130
1251
-5442
3032
2514054
1567
51
-2677
1277
-5885
3185
2515079
2034
61
-3104
1424
-5316
3028
2516104
2218
135
-3260
1525
-4252
2974
2517129
2172
194
-3351
1403
-3796
3177
2518154
2090
252
-3410
1631
-4131
3285
2519179
2435
278
-3609
1472
-3696
3127
2520204
2628
298
-3460
1068
-3155
2477
2521229
2609
502
-3508
1981
-2699
2801
2522254
2935
791
-3572
2001
-1960
3702
2523279
3403
737
-3268
1067
-2150
3751
2516097
3687
542
-3083
952
-1554
2776
2517122
3439
621
-3130
324
-1093
2352
2518147
3221
751
-3334
-25
-571
2583
2519172
3039
812
-3139
-19
-89
2708
2520197
2929
818
-2851
191
186
2404
2521222
2970
912
-2805
199
505
2360
2522247
3242
972
-2510
183
513
2277
2523272
3531
1066
-2282
-355
1246
2039
2524297
3217
1001
-2300
-371
1865
1871
2525322
2665
1106
-2293
-70
1819
1619
2526347
2226
1205
-2264
-635
2218
1674
2527372
1710
1214
-1831
-531
2493
1769
2528397
1236
1251
-1846
-597
2663
1982
2529422
857
1195
-1618
-917
2644
2124
2530447
696
1110
-1326
-764
2550
2068
2531472
756
1131
-1275
-977
2896
2307
2524288
903
1048
-1117
-1023
3214
2473
2525313
774
832
-875
-1271
3496
2311
2526338
410
646
-538
-1223
3375
2034
2527363
259
566
-401
-1415
3469
2267
2528388
283
382
-82
-1418
3485
2618
2529413
160
146
217
-1247
3129
2445
2530438
95
8
356
-1176
2880
2193
2531463
210
12
379
-1012
3035
2155
2532488
231
7
400
-1014
3183
2366
2533513
46
-51
420
-974
2861
2406
2534538
16
-67
368
-826
2634
2316
2535563
119
-43
280
-657
2834
2324
2536588
60
-25
202
-648
3014
2427
2537613
-56
-40
147
-685
2973
2515
2538638
-63
-51
108
-638
2861
2493
2539663
-21
-41
58
-596
2888
2383
2532480
-27
-17
-2
-679
3089
2469
2533505
-27
-11
-18
-720
3123
2613
2534530
-39
-26
-18
-674
3097
2561
2535555
-53
-34
-14
-665
3088
2451
2536580
-56
-19
-7
-692
3112
2445
2537605
-64
1
7
-667
3123
2487
2538630
-78
13
14
-684
3146
2537
2539655
-78
15
29
-705
3106
2560
2540680
-78
18
42
-686
3087
2554
2541705
-62
32
47
-678
3111
2560
2542730
-55
38
59
-700
3166
2610
2543755
-78
32
75
-706
3136
2612
2544780
-80
39
80
-690
3093
2584
2545805
-64
50
81
-678
3102
2616
2546830
-55
48
82
-661
3067
2636
2547855
-33
49
78
-656
3035
2620
2540959
-11
58
70
-672
3060
2615
2541984
-19
59
64
-680
3060
2620
2543009
-24
54
67
-696
3022
2597
2544034
-18
42
65
-710
2999
2585
2545059
-7
35
58
-716
2967
2565
2546084
25
41
42
-704
3023
2584
2547109
39
40
37
-716
3103
2590
2548134
-6
28
45
-713
3109
2553
2549159
-81
24
48
-721
3100
2516
2550184
-101
26
52
-747
3039
2541
2551209
-83
14
63
-745
3037
2553
2552234
-76
-10
83
-731
3068
2488
2553259
-101
-27
114
-698
3089
2420
2554284
-160
-26
152
-661
3099
2384
2555309
-214
-28
196
-672
3088
2398
2556334
-273
-33
245
-683
3078
2358
2548865
-324
-32
313
-676
3063
2286
2549890
-378
-29
392
-692
2982
2202
2550915
-479
-29
509
-706
3125
1997
2551940
-733
-38
721
-683
3268
1668
2552965
-1071
-19
920
-797
2933
1484
2553990
-1277
31
1082
-993
2580
1517
2555015
-1332
59
1322
-1151
2543
1594
2556040
-1435
70
1714
-900
2644
1563
2557065
-1788
91
2039
-688
2498
1659
2558090
-2187
19
2101
-632
2225
1897
2559115
-2397
-104
2292
-715
1860
2184
2560140
-2599
-299
2558
-716
1626
2158
2561165
-2981
-400
2853
-698
1062
1894
2562190
-3439
-391
2912
-565
433
2152
2563215
-3811
-519
2839
-875
184
2813
2564240
-4087
-799
3062
-1135
-431
3061
2557056
-4150
-1035
3280
-726
-1549
3022
2558081
-3793
-1103
3301
114
-2706
2987
2559106
-3243
-774
3177
244
-2455
3359
2560131
-2969
-587
3161
-373
-1525
3582
2561156
-3300
-618
3308
91
-1771
3477
2562181
-3772
-563
3357
780
-2409
3333
2563206
-3966
-403
3322
709
-3331
3339
2564231
-3669
-273
2983
33
-3836
3741
2565256
-3275
-379
2966
609
-4322
4090
2566281
-2992
-341
2995
1429
-4178
3641
2567306
-3031
-165
3137
956
-3975
3242
2568331
-3240
95
3069
399
-4499
3058
2569356
-3296
263
2454
-229
-4756
3224
2570381
-3170
198
2271
-155
-4508
3061
2571406
-2634
179
2613
-93
-4695
3229
2572431
-1255
-814
2356
2256
-11902
4957
2565248
172
-626
57
3889
-15714
3495
2566273
2227
702
-1039
330
-5083
2060
2567298
2197
13
-513
508
-633
2011
2568323
31
-219
113
1531
-1622
1526
2569348
-886
93
-66
715
-2298
1357
2570373
-660
220
82
206
-2743
1636
2571398
-662
264
316
-59
-3283
1905
2572423
-1054
353
464
-300
-4447
2090
2573448
-798
280
322
-448
-5513
2254
2574473
90
181
51
-382
-4897
2206
2575498
527
136
-40
-463
-3988
2206
2576523
529
42
-67
-685
-3580
2163
2577548
353
-23
-78
-588
-3300
2071
2578573
182
-40
15
-472
-3238
2061
2579598
59
-65
68
-443
-3455
2186
2580623
-33
-86
75
-333
-3851
2279
2573439
-36
-55
28
-237
-4091
2302
2574464
16
-17
-5
-159
-4045
2244
2575489
19
24
-25
-161
-3824
2163
2576514
-9
38
-28
-223
-3643
2110
2577539
-23
33
-8
-251
-3624
2071
2578564
-10
37
13
-300
-3690
2086
2579589
31
47
38
-341
-3795
2141
2580614
81
53
47
-371
-3872
2188
2581639
121
50
23
-384
-3854
2194
2582664
150
43
15
-378
-3782
2197
2583689
121
38
-16
-399
-3665
2209
2584714
69
15
-5
-384
-3664
2219
2585739
16
9
-2
-377
-3681
2222
2586764
-12
6
4
-380
-3720
2234
2587789
-32
3
11
-384
-3729
2238
2588814
-68
-7
7
-375
-3687
2221
2581632
-116
-32
-11
-359
-3687
2188
2582657
-145
-56
-36
-339
-3705
2154
2583682
-142
-71
-56
-330
-3711
2153
2584707
-110
-83
-48
-353
-3793
2188
2585732
-64
-73
-25
-368
-3850
2212
2586757
-22
-60
-4
-340
-3801
2200
2587782
4
-53
24
-296
-3840
2178
2588807
18
-17
62
-293
-3940
2210
2589832
35
47
94
-292
-3827
2211
2590857
56
82
117
-270
-3682
2143
2591882
34
97
109
-266
-3657
2096
2592907
-20
112
73
-306
-3704
2089
2593932
-48
108
40
-355
-3725
2078
2594957
-45
78
17
-346
-3763
2082
2595982
-26
44
-3
-342
-3780
2081
2597007
-12
12
-16
-351
-3772
2089
2589824
-14
-17
-9
-375
-3773
2089
2590849
5
-44
3
-384
-3807
2109
2591874
30
-54
4
-407
-3802
2157
2592899
40
-50
5
-394
-3793
2186
2593924
35
-34
5
-375
-3763
2192
2594949
23
-15
8
-343
-3772
2186
2595974
10
10
2
-335
-3774
2191
2596999
1
30
-3
-341
-3739
2177
2598024
-5
38
-1
-342
-3738
2150
2599049
-3
37
0
-348
-3754
2140
2600074
8
31
-2
-361
-3755
2145
2601099
22
18
0
-372
-3741
2146
2602124
38
2
9
-379
-3734
2173
2603149
36
-11
26
-380
-3714
2179
2604174
7
-23
39
-370
-3727
2180
2605199
-18
-23
44
-348
-3816
2176
2598016
-10
0
46
-394
-3837
2196
2599041
-6
3
19
-371
-3848
2191
2600066
29
12
47
-273
-3996
2146
2601091
101
59
-9
-221
-3969
2146
2602116
173
115
-4
-84
-3938
2159
2603141
152
152
-43
141
-4319
2188
2604166
114
226
-215
307
-4827
2426
2605191
202
358
-462
169
-5016
2809
2606216
560
277
-478
531
-4192
2464
2607241
392
104
-365
1145
-3718
2278
2608266
-333
163
-504
776
-4997
2665
2609291
11
170
-1063
291
-6894
3162
2610316
1106
80
-1619
744
-6484
3086
2611341
1790
-61
-2000
1037
-5739
3097
2612366
1873
-81
-2247
876
-4981
3217
2613391
1868
-106
-2455
489
-5477
3467
2606208
2008
-110
-2984
489
-5486
3557
2607233
2027
-46
-3296
800
-4648
3447
2608258
2131
-34
-3439
319
-4643
3352
2609283
2478
112
-3818
383
-3929
3233
2610308
2653
377
-3871
791
-3321
3038
2611333
2694
590
-3899
525
-3193
3138
2612358
3059
815
-3878
-35
-3067
3217
2613383
3718
984
-3759
104
-2321
2587
2614408
4321
1196
-3746
734
-1578
2461
2615433
4543
1402
-3763
499
-994
3014
2616458
4853
1425
-3334
-419
36
3186
2617483
5039
1166
-2683
-599
885
2585
2618508
4259
1002
-2806
-244
1116
2243
2619533
3072
1086
-2978
73
1014
2118
2620558
2664
1295
-2546
-182
1325
2092
2621583
2697
1436
-2416
-446
1657
2755
2614401
2465
1358
-2424
-446
1498
3097
2615426
2155
1255
-2254
-414
1353
2788
2616451
2184
1240
-2050
-759
1807
2262
2617476
2060
1069
-1840
-1130
2384
2227
2618501
1612
818
-1642
-1107
2610
2085
2619526
1177
660
-1406
-1326
2681
2240
2620551
1098
476
-1062
-1631
2700
2392
2621576
1068
261
-783
-1450
2818
2253
2622601
947
173
-609
-1297
2894
1955
2623626
774
54
-358
-1529
3206
1643
2624651
488
-4
-17
-1252
3116
1622
2625676
298
18
133
-1028
2931
1900
2626701
225
19
245
-897
2902
2068
2627726
63
29
256
-1035
2956
2145
2628751
-13
85
251
-1034
2900
2239
2629776
24
107
287
-1000
2854
2416
2622592
26
89
287
-931
2851
2515
2623617
-34
59
238
-917
2823
2514
2624642
-63
61
186
-912
2914
2543
2625667
-41
57
163
-891
3039
2640
2626692
-71
20
160
-785
2808
2626
2627717
-47
0
109
-791
2752
2606
2628742
18
-12
61
-842
2914
2723
2629767
0
-48
54
-797
3005
2764
2630792
-76
-77
43
-808
2981
2649
2631817
-101
-71
33
-864
2960
2604
2632842
-76
-52
25
-859
2944
2666
2633867
-40
-38
19
-829
2898
2677
2634892
-28
-26
17
-835
2938
2644
2635917
-31
-4
16
-828
2958
2668
2636942
-22
23
17
-827
3000
2774
2637967
-34
25
34
-822
3020
2810
2630784
-57
22
59
-825
2969
2719
2631809
-49
38
65
-851
2983
2680
2632834
-16
55
71
-832
2988
2753
2633859
-9
44
83
-795
2972
2758
2634884
-26
30
86
-781
2899
2676
2635909
-13
37
70
-804
2890
2685
2636934
12
37
61
-814
2898
2747
2637959
6
7
50
-832
2927
2743
2638984
18
-26
42
-829
2892
2695
2640009
34
-39
40
-857
2949
2685
2641034
7
-47
31
-882
3033
2712
2642059
-17
-60
34
-878
2976
2758
2643084
-22
-82
45
-848
2918
2713
2644109
-17
-87
36
-821
2899
2640
2645134
18
-60
15
-813
2952
2683
2646159
39
-44
20
-788
3036
2711
2638975
-12
-47
27
-787
2982
2651
2640000
-38
-35
23
-809
2924
2611
2641025
-16
-14
16
-802
2970
2651
2642050
-8
-4
21
-814
2984
2681
2643075
-29
-13
34
-799
3001
2647
2644100
-51
-22
46
-804
2981
2636
2645125
-52
-24
53
-792
2923
2666
2646150
-44
-29
58
-798
2948
2658
2647175
-45
-26
56
-834
2968
2628
2648200
-44
-12
53
-826
2959
2630
2649225
-58
-2
59
-781
2998
2633
2650250
-99
4
80
-772
3013
2575
2651275
-116
26
117
-767
3040
2511
2652300
-163
45
168
-776
3090
2441
2653325
-258
59
247
-828
3113
2337
2654350
-356
71
354
-832
3125
2225
2647168
-454
92
501
-835
3181
2120
2648193
-600
84
700
-886
3191
2007
2649218
-819
48
987
-979
3003
1839
2650243
-1046
-52
1230
-867
2902
1691
2651268
-1140
-79
1434
-704
2625
1748
2652293
-1206
-123
1570
-879
2536
1748
2653318
-1474
-227
1895
-864
2120
1578
2654343
-1897
-310
2093
-882
1714
1518
2655368
-2305
-346
2186
-972
1386
1656
2656393
-2672
-412
2329
-875
1071
2158
2657418
-2923
-623
2419
-561
797
2732
2658443
-2813
-824
2627
-979
674
2887
2659468
-2952
-966
3101
-1243
13
2585
2660493
-3321
-973
3162
-888
-498
2725
2661518
-3504
-1121
3143
-949
54
2968
2662543
-3724
-1263
3635
-772
-313
2864
2655361
-3943
-1272
3903
-439
-831
2714
2656386
-3848
-1187
4089
337
-1190
2582
2657411
-3775
-905
4306
718
-1632
2584
2658436
-3919
-603
4360
441
-2007
2561
2659461
-4032
-417
4188
966
-2615
2999
2660486
-4195
-298
4160
1577
-4202
4121
2661511
-3864
29
4173
1133
-5914
4742
2662536
-2738
372
3883
652
-6148
4647
2663561
-1786
502
3314
243
-6112
4722
2664586
-923
463
2868
909
-5972
4400
2665611
-496
368
2688
995
-4829
3526
2666636
-899
482
2641
698
-4065
3054
2667661
-1719
-179
1601
1652
-8512
4679
2668686
-1653
-499
103
2364
-13069
4110
2669711
795
371
-818
670
-5286
2109
2670736
1388
133
-402
830
-1346
1921
2663551
-17
-114
-211
913
-2139
1782
2664576
-750
206
-77
280
-2363
1758
2665601
-823
287
76
-424
-2719
2095
2666626
-740
227
222
-503
-3638
2365
2667651
-455
244
279
-447
-4731
2475
2668676
262
283
120
-475
-5129
2517
2669701
1125
348
-76
-510
-4471
2590
2670726
1519
323
-150
-471
-3368
2703
2671751
1235
259
-130
-336
-2742
2690
2672776
866
227
-55
-394
-2902
2749
2673801
631
179
-136
-380
-2895
2747
2674826
564
156
-113
-179
-3001
2956
2675851
388
157
-63
-378
-3330
3279
2676876
200
96
-78
-372
-3222
3275
2677901
52
24
-79
-262
-3082
3118
2678926
-20
-11
-63
-252
-3110
2966
2671744
-19
-18
-39
-301
-3145
2937
2672769
-2
-19
-17
-341
-3177
2951
2673794
-9
-17
-3
-338
-3182
2933
2674819
-26
-14
4
-331
-3212
2937
2675844
-27
-15
3
-336
-3278
2967
2676869
-10
-10
2
-326
-3243
2945
2677894
5
-3
4
-296
-3176
2917
2678919
3
1
7
-287
-3139
2898
2679944
-6
-4
11
-304
-3163
2918
2680969
-14
-20
13
-316
-3223
2964
2681994
-20
-29
18
-298
-3211
2945
2683019
-35
-39
19
-279
-3207
2894
2684044
-59
-45
12
-257
-3250
2885
2685069
-67
-44
6
-250
-3301
2893
2686094
-45
-32
2
-239
-3288
2893
2687119
-22
-20
4
-231
-3266
2887
2680112
-10
-9
5
-245
-3266
2885
2681137
-4
-1
5
-262
-3270
2876
2682162
-13
5
-2
-266
-3269
2878
2683187
-22
2
-7
-259
-3264
2879
2684212
-18
2
-11
-253
-3285
2894
2685237
4
6
-8
-256
-3250
2889
2686262
20
5
-1
-254
-3238
2892
2687287
26
5
1
-260
-3229
2900
2688312
27
5
0
-263
-3236
2911
2689337
29
7
-1
-271
-3227
2920
2690362
26
6
-1
-271
-3228
2927
2691387
16
6
-1
-264
-3234
2938
2692412
7
3
-1
-298
-3201
2953
2693437
-2
-23
10
-324
-3183
2948
2694462
-19
-49
39
-286
-3234
2939
2695487
-37
-59
49
-278
-3207
2959
2688127
-67
-75
56
-238
-3252
2971
2689152
-96
-65
43
-187
-3293
2985
2690177
-132
-10
41
-64
-3290
3027
2691202
-217
61
61
5
-3432
3058
2692227
-214
121
64
-2
-3605
3051
2693252
-149
76
-24
254
-4059
3049
2694277
-199
6
-295
707
-4640
3172
2695302
-5
13
-513
512
-5375
3409
2696327
178
8
-428
599
-5068
3803
2697352
-181
38
-450
760
-4892
3529
2698377
-505
-8
-1513
223
-6196
3619
2699402
79
-291
-2296
906
-6359
3826
2700427
685
-245
-2755
1398
-5362
3871
2701452
709
-157
-3044
1170
-4996
3849
2702477
860
-46
-3301
1092
-4815
3698
2703502
1237
114
-3621
1156
-4392
3682
2696320
1646
228
-3897
1039
-4090
3701
2697345
2076
283
-3844
1023
-4220
3584
2698370
2611
478
-3905
1052
-3719
3322
2699395
3156
724
-3977
434
-3058
3206
2700420
3463
681
-3869
493
-2700
3228
2701445
3447
713
-3818
708
-2028
3126
2702470
3321
819
-3708
428
-1707
3029
2703495
3376
886
-3585
234
-1397
2809
2704520
3654
935
-3444
261
-1088
2589
2705545
3867
1009
-3325
45
-591
2318
2706570
3897
1033
-3046
21
-34
2301
2707595
3846
945
-2784
-90
362
2006
2708620
3766
993
-2883
-546
953
1901
2709645
3277
1003
-2619
-349
1330
1944
2710670
2818
1016
-2553
-377
1517
1986
2711695
2460
943
-2384
-686
1858
1907
2704513
2031
852
-2209
-668
2104
1609
2705538
1668
901
-2305
-982
2606
1722
2706563
1440
777
-1862
-876
2538
2046
2707588
1556
759
-1656
-1122
2750
2023
2708613
1313
611
-1390
-1429
3423
1953
2709638
806
519
-1066
-1027
3175
1839
2710663
678
485
-878
-1387
3322
1923
2711688
549
402
-551
-1381
3379
1955
2712713
263
274
-321
-1532
3188
1983
2713738
166
192
-62
-1300
2890
2078
2714763
260
187
9
-1367
2980
2242
2715788
224
121
88
-1400
3208
2315
2716813
62
35
168
-1237
3075
2290
2717838
-11
21
201
-1006
2869
2321
2718863
9
14
217
-984
3018
2411
2719888
-142
-34
233
-932
3070
2418
2712705
-303
-61
207
-725
2812
2436
2713730
-300
-27
145
-596
2710
2581
2714755
-312
-16
65
-611
2892
2691
2715780
-317
-34
5
-676
2768
2686
2716805
-155
-21
-54
-667
2689
2683
2717830
28
-5
-104
-674
2950
2706
2718855
-17
-34
-135
-746
3153
2716
2719880
-113
-72
-129
-809
3026
2720
2720905
-103
-93
-111
-854
3015
2751
2721930
-66
-141
-84
-885
3056
2789
2722955
-67
-204
-62
-888
3039
2773
2723980
-60
-251
-36
-815
3058
2721
2725005
-74
-265
-4
-769
3049
2688
2726030
-105
-265
19
-759
2967
2707
2727055
-107
-264
25
-682
2856
2755
2728080
-78
-264
12
-646
2817
2735
2720896
-58
-253
-10
-638
2826
2700
2721921
-62
-232
-37
-645
2855
2726
2722946
-85
-212
-58
-644
2834
2760
2723971
-115
-198
-83
-626
2808
2744
2724996
-128
-186
-113
-636
2796
2769
2726021
-132
-183
-126
-677
2777
2767
2727046
-123
-183
-135
-674
2798
2782
2728071
-102
-183
-138
-680
2865
2843
2729096
-137
-189
-130
-714
2914
2870
2730121
-197
-203
-132
-697
2861
2861
2731146
-181
-201
-139
-688
2794
2917
2732171
-101
-194
-151
-678
2890
2978
2733196
-63
-203
-151
-667
2951
2984
2734221
-86
-216
-140
-667
2942
2946
2735246
-103
-210
-131
-592
2887
2930
2736271
-66
-180
-130
-568
2889
2972
2729087
-50
-168
-119
-642
2924
3010
2730112
-96
-174
-99
-696
2852
2998
2731137
-88
-177
-79
-675
2754
2993
2732162
-31
-185
-60
-687
2748
2947
2733187
-33
-193
-38
-779
2808
2935
2734212
-71
-214
-12
-772
2802
2921
2735237
-105
-224
30
-740
2740
2866
2736262
-97
-221
57
-735
2739
2896
2737287
-78
-225
96
-750
2752
2911
2738312
-99
-217
148
-714
2771
2880
2739337
-104
-207
176
-721
2823
2874
2740362
-112
-183
220
-702
2835
2886
2741387
-160
-167
274
-694
2850
2832
2742412
-255
-174
366
-711
2832
2707
2743437
-419
-213
469
-666
2935
2533
2744462
-670
-218
662
-747
2980
2423
2737280
-998
-286
875
-899
3038
2362
2738305
-1410
-377
1176
-948
2599
2129
2739330
-1796
-535
1350
-1176
2498
1884
2740355
-2268
-754
1804
-1230
2079
1704
2741380
-2448
-932
2154
-1207
1807
1640
2742405
-2778
-1100
2387
-915
1752
1722
2743430
-3320
-1238
2504
-964
1162
1747
2744455
-3590
-1451
2714
-1346
790
1893
2745480
-4085
-1821
3084
-1572
360
1710
2746505
-4663
-1949
3286
-1018
-663
1729
2747530
-4600
-1917
3111
-777
-1687
2396
2748555
-4169
-2074
3123
-613
-2074
2945
2749580
-3843
-2180
3235
205
-2444
2952
2750605
-3597
-1934
3170
716
-2856
2823
2751630
-3475
-1703
3146
856
-2834
3066
2752655
-3383
-1626
3461
1199
-2911
3005
2745473
-3337
-1543
3660
1469
-3860
2326
2746498
-2613
-1184
3679
1513
-5220
2658
2747523
-1652
-862
3545
2273
-5391
3391
2748548
-1070
-811
3275
3019
-5567
3473
2749573
-637
-547
3237
3053
-4851
3084
2750598
-161
-111
3273
1915
-4215
2975
2751623
119
-45
3176
1405
-3950
2982
2752648
-46
221
2784
1560
-2752
2773
2753673
-570
469
2959
1161
-2454
2303
2754698
-1088
632
3078
328
-2519
1918
2755723
-1940
148
2795
-237
-5801
3697
2756748
-2717
-1151
861
3215
-19931
4129
2757773
-98
942
-1125
361
-9750
1082
2758798
3477
604
-491
-206
-512
1465
2759823
1739
-277
82
1138
-1642
1704
2760848
210
52
60
469
-2496
1647
2753664
238
191
9
-479
-2433
2313
2754689
217
-12
392
-520
-3005
2573
2755714
45
-123
633
-307
-3701
2520
2756739
33
-103
563
-311
-4446
2650
2757764
431
-63
352
-324
-4630
2642
2758789
803
-22
203
-432
-3648
2722
2759814
758
-150
188
-477
-2999
2928
2760839
268
-252
103
-365
-2992
2857
2761864
-144
-275
59
-326
-3180
2658
2762889
-237
-295
131
-201
-3237
2516
2763914
-206
-295
231
-161
-3386
2524
2764939
-178
-296
270
-170
-3634
2592
2765964
-134
-295
268
-158
-3796
2612
2766989
-62
-278
243
-189
-3744
2571
2768014
12
-274
221
-249
-3601
2537
2769039
46
-259
212
-288
-3439
2518
2761856
52
-250
221
-315
-3295
2535
2762881
23
-245
247
-319
-3281
2552
2763906
3
-246
268
-340
-3405
2620
2764931
18
-250
271
-333
-3606
2692
2765956
50
-241
254
-309
-3576
2687
2766981
73
-247
245
-303
-3493
2659
2768006
56
-260
247
-294
-3410
2620
2769031
19
-276
257
-313
-3398
2622
2770056
-14
-281
265
-326
-3460
2635
2771081
-24
-273
270
-310
-3470
2619
2772106
-43
-263
273
-281
-3446
2584
2773131
-79
-261
269
-238
-3519
2542
2774156
-111
-248
241
-202
-3605
2488
2775181
-133
-230
195
-179
-3585
2444
2776206
-146
-221
156
-142
-3565
2401
2777231
-140
-205
125
-107
-3582
2377
2770048
-109
-192
116
-103
-3626
2405
2771073
-56
-180
120
-102
-3688
2430
2772098
-4
-160
123
-84
-3722
2462
2773123
38
-130
110
-115
-3717
2478
2774148
66
-98
87
-157
-3646
2487
2775173
63
-64
64
-180
-3563
2498
2776198
38
-29
41
-194
-3532
2532
2777223
6
2
17
-193
-3521
2541
2778248
-6
26
-3
-190
-3525
2519
2779273
-31
48
-21
-178
-3562
2463
2780298
-43
60
-41
-199
-3606
2465
2781323
-22
59
-54
-199
-3632
2492
2782348
8
58
-65
-205
-3613
2501
2783373
53
62
-70
-203
-3584
2497
2784398
97
79
-69
-190
-3585
2500
2785423
120
118
-74
-196
-3580
2546
2778239
116
158
-73
-161
-3612
2534
2779264
253
237
-84
-53
-3866
2356
2780289
814
397
-159
-73
-4659
2721
2781314
1010
583
-300
-53
-4573
3092
2782339
878
578
-581
345
-4118
3347
2783364
711
537
-880
777
-4046
3486
2784389
656
505
-1011
931
-3540
3199
2785414
640
429
-973
970
-4759
3326
2786439
705
359
-1373
1420
-5918
3628
2787464
1273
535
-1892
1347
-5242
3588
2788489
1819
516
-2008
838
-4352
3482
2789514
1854
381
-2191
911
-4717
3870
2790539
1767
417
-2647
875
-4700
4286
2791564
2007
356
-2889
322
-4645
4318
2792589
2329
187
-3151
171
-4299
4114
2793614
2530
128
-3341
351
-3888
3978
2786432
2624
64
-3592
-20
-3470
3770
2787457
2743
68
-3829
-338
-3008
3810
2788482
2758
197
-3892
-395
-2226
3807
2789507
2866
237
-3634
-368
-1995
3679
2790532
3150
311
-3642
-609
-1609
3391
2791557
3496
448
-3740
-467
-968
3351
2792582
3487
580
-3669
-632
-391
3123
2793607
3333
740
-3369
-837
-8
2931
2794632
3184
780
-3066
-938
385
2925
2795657
2952
722
-2913
-686
905
3101
2796682
2692
699
-2707
-674
1077
3037
2797707
2399
812
-2738
-749
1500
2801
2798732
2056
899
-2483
-463
1436
2681
2799757
1881
1004
-2367
-625
1553
2559
2800782
1864
1045
-2163
-824
2032
2491
2801807
1789
1023
-1852
-889
2195
2340
2794624
1550
947
-1577
-1106
2133
2380
2795649
1415
866
-1294
-1199
2178
2463
2796674
1341
738
-1075
-1336
2673
2511
2797699
1011
518
-726
-1217
2806
2441
2798724
715
338
-397
-1148
2542
2389
2799749
565
225
-144
-1114
2378
2423
2800774
562
168
3
-1107
2496
2437
2801799
517
112
85
-1234
2695
2393
2802824
293
52
131
-1244
2639
2450
2803849
159
24
158
-1109
2410
2594
2804874
185
11
200
-1210
2486
2674
2805899
140
-13
194
-1177
2746
2786
2806924
-11
-48
240
-1029
2674
2858
2807949
-84
-78
243
-1019
2408
2853
2808974
-14
-74
173
-1075
2503
2788
2809999
41
-55
136
-1002
2667
2813
2802817
10
-42
113
-932
2670
2846
2803842
-23
-43
119
-892
2641
2904
2804867
-42
-45
123
-886
2634
2927
2805892
-56
-41
98
-852
2698
2928
2806917
-78
-29
87
-814
2679
2925
2807942
-70
-11
82
-840
2696
2953
2808967
-57
4
78
-801
2728
2973
2809992
-85
16
83
-767
2678
3002
2811017
-86
24
80
-801
2664
3039
2812042
-63
23
76
-800
2671
3071
2813067
-57
18
79
-784
2649
3067
2814092
-42
16
86
-801
2679
3028
2815117
-46
17
93
-804
2659
3018
2816142
-50
24
95
-800
2579
3086
2817167
-7
18
97
-786
2622
3150
2818192
10
-5
96
-802
2689
3140
2811008
-8
-26
91
-795
2695
3080
2812033
-22
-35
91
-780
2666
3057
2813058
-3
-40
79
-776
2601
3071
2814083
44
-42
55
-776
2635
3065
2815108
52
-42
38
-749
2728
3032
2816133
20
-42
32
-747
2672
3031
2817158
11
-35
14
-766
2618
3040
2818183
34
-40
-3
-771
2646
3038
2819208
35
-52
-6
-782
2635
2987
2820233
37
-58
-6
-779
2671
2966
2821258
18
-55
-7
-797
2699
3007
2822283
-5
-66
-8
-811
2646
3028
2823308
-8
-81
-9
-788
2583
3009
2824333
12
-81
-14
-794
2657
2993
2825358
11
-75
-25
-819
2717
3025
2826383
-5
-76
-21
-802
2704
3043
2819263
-7
-82
-12
-762
2670
3005
2820288
2
-78
-12
-754
2701
2966
2821313
-7
-67
-17
-769
2698
2994
2822338
1
-62
-14
-786
2719
3052
2823363
-1
-71
6
-786
2726
2999
2824388
-23
-79
24
-770
2701
2934
2825413
-37
-70
33
-783
2681
2938
2826438
-38
-63
47
-804
2700
2954
2827463
-67
-69
79
-788
2676
2879
2828488
-111
-69
113
-768
2666
2787
2829513
-158
-63
152
-785
2658
2776
2830538
-236
-68
223
-825
2657
2740
2831563
-355
-110
353
-905
2632
2585
2832588
-571
-195
566
-989
2583
2356
2833613
-854
-320
930
-1199
2458
2110
2834638
-1173
-500
1244
-1178
2438
1909
2827395
-1465
-619
1582
-1035
2332
1909
2828420
-1719
-724
1946
-1025
2195
1917
2829445
-2044
-816
2280
-1095
1957
1772
2830470
-2388
-884
2497
-1395
1846
1596
2831495
-2889
-946
2770
-1253
1686
1648
2832520
-3388
-1062
3083
-1096
1460
1825
2833545
-3719
-1116
3443
-1500
773
2053
2834570
-3922
-1241
3670
-1914
211
2060
2835595
-4584
-1468
3721
-1755
-467
2607
2836620
-4863
-1700
3784
-1226
-1801
3189
2837645
-4561
-1724
3931
-786
-2407
3072
2838670
-3917
-1548
4357
-853
-2126
2633
2839695
-3889
-1458
4693
-518
-1748
2141
2840720
-4568
-1465
4762
1228
-2287
1740
2841745
-5208
-1304
4735
1555
-4718
1811
2842770
-4562
-1058
4750
296
-7676
2810
2835584
-3216
-759
4413
983
-7527
3478
2836609
-2653
-577
3741
2186
-6793
3576
2837634
-2077
-512
3462
1959
-6103
2906
2838659
-1304
-551
3472
1206
-6280
2459
2839684
-1000
-319
2671
716
-6476
2464
2840709
-796
56
1864
658
-5682
2147
2841734
-280
244
1549
412
-5839
2296
2842759
522
-110
990
1690
-7792
2266
2843784
-52
58
-214
893
-8261
2061
2844809
20
194
-452
113
-5655
1813
2845834
547
7
-409
585
-3577
1283
2846859
460
42
-298
332
-3283
1159
2847884
299
110
-37
-199
-3093
1298
2848909
175
121
202
-335
-3257
1448
2849934
228
130
269
-451
-3772
1768
2850959
494
91
352
-490
-4236
2079
2843776
790
85
356
-608
-4435
2401
2844801
1067
51
296
-756
-4192
2595
2845826
1085
-43
133
-776
-3638
2682
2846851
903
-131
114
-707
-3304
2696
2847876
576
-166
81
-652
-3074
2700
2848901
170
-201
42
-593
-2942
2687
2849926
-102
-226
103
-488
-3108
2649
2850951
-294
-229
127
-425
-3423
2575
2851976
-342
-211
128
-403
-3694
2518
2853001
-321
-178
137
-381
-3706
2463
2854026
-346
-161
144
-406
-3651
2416
2855051
-367
-208
146
-406
-3714
2300
2856076
-334
-198
143
-395
-3758
2234
2857101
-248
-170
159
-475
-3731
2245
2858126
-156
-176
168
-498
-3668
2254
2859151
-92
-173
154
-466
-3650
2256
2851969
-29
-152
139
-468
-3701
2261
2852994
14
-117
113
-456
-3672
2286
2854019
-3
-94
98
-438
-3659
2300
2855044
-46
-86
85
-435
-3695
2297
2856069
-75
-82
70
-443
-3722
2286
2857094
-87
-80
64
-475
-3730
2268
2858119
-83
-82
64
-480
-3721
2234
2859144
-78
-87
70
-493
-3703
2222
2860169
-78
-95
67
-491
-3702
2222
2861194
-73
-92
48
-481
-3732
2204
2862219
-58
-83
28
-471
-3754
2203
2863244
-24
-70
20
-429
-3764
2213
2864269
4
-48
16
-405
-3754
2229
2865294
5
-28
10
-389
-3742
2234
2866319
-5
-12
0
-375
-3729
2245
2867344
-16
4
-6
-388
-3716
2241
2860160
-29
15
-5
-407
-3702
2230
2861185
-42
23
-4
-425
-3714
2225
2862210
-38
32
-7
-445
-3743
2226
2863235
-17
40
-13
-458
-3734
2228
2864260
6
44
-16
-481
-3720
2227
2865285
15
44
-17
-492
-3702
2239
2866310
19
39
-16
-490
-3693
2265
2867335
21
36
-13
-494
-3705
2258
2868360
22
35
-10
-491
-3700
2263
2869385
17
34
-8
-492
-3684
2270
2870410
-2
33
-8
-488
-3679
2264
2871435
-8
31
-5
-477
-3700
2219
2872460
70
49
-10
-457
-3756
2155
2873485
193
105
-28
-484
-3785
2302
2874510
187
127
-31
-581
-3568
2476
2875535
27
18
-18
-641
-3421
2490
2868351
-138
-139
40
-502
-3492
2366
2869376
-270
-177
59
-394
-3572
2345
2870401
-371
-168
95
-522
-3896
2459
2871426
-403
-249
47
-413
-3861
2528
2872451
-476
-306
-67
-4
-3718
2334
2873476
-601
-240
-111
49
-4168
2454
2874501
-488
-208
-165
196
-4513
2398
2875526
-169
-147
-277
297
-4707
2254
2876551
116
-80
-353
550
-4849
2107
2877576
232
115
-315
915
-4478
1941
2878601
441
358
-98
739
-4990
1702
2879626
485
487
-564
257
-6413
2203
2880651
664
438
-1354
176
-6849
2629
2881676
1295
387
-1747
632
-5829
2434
2882701
1551
296
-1987
794
-5277
2223
2883726
1510
357
-2358
834
-5664
2516
2876544
1832
442
-2844
492
-5431
3034
2877569
2447
233
-3131
419
-4777
3148
2878594
2858
127
-3239
655
-4518
2986
2879619
2877
247
-3526
403
-4109
3079
2880644
2632
300
-3678
695
-3868
3368
2881669
2571
458
-3881
656
-3674
3454
2882694
2616
490
-3858
553
-3386
3476
2883719
2781
627
-3876
917
-3336
3501
2884744
2936
812
-4144
680
-3019
3503
2885769
3166
984
-4007
296
-2193
3333
2886794
3528
1076
-3969
329
-1555
3258
2887819
3663
1069
-4167
326
-1228
3267
2888844
3657
1061
-4157
-381
-1142
3023
2889869
3766
1109
-3884
-728
-503
2495
2890894
3946
1055
-3653
-582
452
2376
2891919
3747
982
-3549
-775
1384
2510
2884736
3085
801
-3270
-971
1791
2414
2885761
2199
700
-3071
-1482
2017
2334
2886786
1642
635
-2554
-1166
1626
2164
2887811
1717
626
-2223
-1425
1798
2063
2888836
1823
508
-1898
-1727
2228
1871
2889861
1612
406
-1413
-1334
2246
1642
2890886
1361
423
-1216
-1288
2502
1728
2891911
1220
376
-868
-1401
2940
2041
2892936
926
262
-520
-1287
3127
2107
2893961
491
217
-328
-1044
2950
1903
2894986
265
272
-189
-1024
2778
2012
2896011
207
327
-51
-1057
2903
2347
2897036
135
282
73
-987
3027
2561
2898061
18
198
184
-1013
2845
2663
2899086
-2
157
248
-852
2704
2696
2900111
3
120
275
-810
2746
2740
2893054
-56
67
256
-815
2790
2804
2894079
-91
13
250
-742
2762
2859
2895104
-92
-52
240
-630
2687
2864
2896129
-88
-103
189
-623
2651
2903
2897154
-24
-124
115
-591
2753
2963
2898179
35
-142
76
-548
2841
2951
2899204
-10
-157
48
-586
2820
2883
2900229
-50
-146
-4
-618
2772
2879
2901254
-33
-120
-43
-647
2837
2943
2902279
-40
-108
-38
-644
2839
2928
2903304
-47
-96
-14
-611
2758
2851
2904329
-68
-78
9
-611
2712
2809
2905354
-161
-68
19
-607
2665
2840
2906379
-183
-50
18
-568
2621
2897
2907404
-128
-23
32
-579
2674
2926
2908429
-111
-7
40
-582
2740
2942
2901121
-132
9
48
-545
2705
2978
2902146
-124
24
55
-510
2751
3020
2903171
-114
38
64
-506
2761
3073
2904196
-108
50
73
-542
2748
3128
2905221
-97
57
77
-509
2746
3161
2906246
-77
57
79
-477
2748
3191
2907271
-50
56
85
-509
2760
3164
2908296
-60
53
91
-553
2726
3106
2909321
-67
48
94
-578
2693
3137
2910346
-25
38
94
-550
2659
3139
2911371
10
28
91
-572
2681
3098
2912396
-2
16
87
-593
2723
3045
2913421
-23
11
86
-604
2670
3021
2914446
-17
10
80
-621
2653
3028
2915471
-7
0
72
-644
2661
3014
2916496
-10
-9
72
-646
2660
3004
2909312
-6
-5
72
-621
2655
3001
2910337
-8
5
70
-598
2679
2976
2911362
-40
16
70
-606
2699
2964
2912387
-62
24
77
-587
2664
2969
2913412
-53
30
82
-561
2646
2957
2914437
-67
35
91
-584
2639
2908
2915462
-118
23
106
-595
2575
2860
2916487
-128
-2
110
-552
2455
2828
2917512
-96
-7
120
-567
2463
2754
2918537
-122
-17
164
-620
2612
2626
2919562
-306
-42
258
-685
2624
2434
2920587
-570
-54
396
-762
2484
2213
2921612
-791
-59
541
-827
2409
2033
2922637
-960
-51
712
-974
2447
2004
2923662
-1086
-25
952
-1132
2667
1998
2924687
-1212
4
1367
-1202
2731
2067
2917504
-1424
21
1732
-1244
2744
2182
2918529
-1706
-43
2102
-1385
2743
2195
2919554
-2066
-36
2483
-1348
2572
2208
2920579
-2372
-105
2654
-1259
1977
2422
2921604
-2616
-139
2761
-1230
1224
2551
2922629
-2852
-219
2976
-1670
1176
2596
2923654
-3094
-289
3338
-1374
838
2568
2924679
-3633
-540
3645
-1059
567
2375
2925704
-3789
-539
4013
-887
-774
2505
2926729
-3674
-714
4189
-1497
-1381
2937
2927754
-3736
-791
4355
-1289
-1950
3226
2928779
-4129
-950
4271
-816
-2031
2952
2929804
-4527
-1019
4530
-232
-2417
2712
2930829
-4367
-1222
4721
-871
-4157
2831
2931854
-3928
-1429
4518
-1199
-5994
3086
2932879
-3889
-1319
4232
-9
-6041
2897
2925696
-4108
-1062
3804
998
-4580
2144
2926721
-4344
-934
3411
531
-4671
1796
2927746
-3879
-916
3260
103
-6172
2433
2928771
-2911
-812
2959
539
-5638
2584
2929796
-2646
-729
2756
765
-4595
2212
2930821
-2399
-600
2897
892
-4658
1659
2931846
-1583
-592
2636
1311
-9717
3269
2932871
-466
-968
210
2785
-14041
2736
2933896
15
-37
-1123
1387
-8103
2096
2934921
409
81
-342
352
-3843
2006
2935946
-324
-67
-322
555
-2516
1616
2936971
-458
-39
199
840
-3119
1201
2937996
-230
187
327
236
-3178
1036
2939021
19
346
461
-355
-3193
1038
2940046
233
285
483
-559
-3988
1276
2941071
252
161
318
-827
-4583
1639
2933889
246
16
179
-1030
-4639
1900
2934914
250
-88
35
-1042
-4338
1848
2935939
98
-134
-28
-919
-3835
1596
2936964
-137
-162
-48
-848
-3460
1473
2937989
-407
-223
3
-595
-3464
1477
2939014
-618
-227
47
-450
-3777
1524
2940039
-581
-189
37
-373
-4089
1571
2941064
-415
-159
42
-264
-4297
1600
2942089
-224
-105
42
-167
-4409
1648
2943114
-118
-20
-15
-209
-4360
1647
2944139
-92
28
-26
-264
-4245
1563
2945164
-90
63
-12
-298
-4047
1477
2946189
-66
90
3
-364
-4037
1450
2947214
29
109
3
-461
-4049
1465
2948239
113
120
0
-568
-4002
1505
2949264
149
106
3
-614
-4017
1533
2942080
143
84
-8
-627
-4010
1560
2943105
114
49
-20
-620
-4001
1596
2944130
90
11
-25
-592
-3992
1625
2945155
77
-13
-27
-566
-3941
1657
2946180
67
-27
-17
-517
-3912
1651
2947205
42
-31
-6
-483
-3902
1628
2948230
-3
-34
-4
-469
-3953
1621
2949255
-42
-39
-4
-434
-4032
1612
2950280
-54
-37
-12
-413
-4059
1591
2951305
-44
-30
-14
-404
-4051
1564
2952330
-22
-18
-9
-383
-4035
1555
2953355
4
-4
-4
-390
-4046
1569
2954380
30
5
3
-411
-4057
1586
2955405
46
14
9
-427
-4043
1595
2956430
49
16
8
-453
-4025
1598
2957455
30
18
2
-462
-3995
1596
2950272
5
18
-4
-474
-3984
1598
2951297
-12
15
-8
-477
-3993
1589
2952322
-24
13
-5
-464
-4009
1564
2953347
-29
12
-2
-447
-4020
1563
2954372
-14
9
0
-434
-4041
1558
2955397
-4
14
-6
-443
-4051
1555
2956422
11
16
-10
-428
-4056
1568
2957447
32
16
-12
-426
-4050
1575
2958472
36
19
-10
-440
-4023
1570
2959497
4
27
2
-441
-3996
1574
2960522
-16
28
18
-399
-4080
1628
2961547
-11
28
25
-374
-4124
1615
2962572
-111
37
42
-394
-4122
1545
2963597
-120
42
31
-406
-4152
1500
2964622
-136
58
-10
-467
-4038
1559
2965647
-154
60
-21
-516
-3936
1532
2958463
-122
36
-35
-505
-3962
1423
2959488
13
40
-44
-485
-3966
1407
2960513
135
66
-35
-495
-3916
1479
2961538
160
77
-24
-527
-3959
1550
2962563
135
84
-32
-516
-4036
1613
2963588
123
90
-40
-494
-4082
1663
2964613
125
88
-45
-461
-4057
1682
2965638
104
84
-42
-401
-4055
1666
2966663
28
93
-40
-325
-4154
1679
2967688
-14
114
-38
-202
-4402
1694
2968713
-21
121
-62
64
-4656
1709
2969738
24
139
-102
408
-4834
1655
2970763
284
241
-159
689
-5523
1731
2971788
681
375
-386
883
-6297
1967
2972813
919
485
-778
1024
-6094
1892
2973838
1182
530
-1033
827
-5436
1920
2966657
1388
389
-1348
617
-6633
2354
2967682
1483
435
-2098
546
-6965
2601
2968707
1967
436
-2526
638
-6330
2359
2969732
2443
429
-2807
625
-6190
2177
2970757
2851
595
-3188
437
-6006
2250
2971782
3060
703
-3556
376
-5051
2504
2972807
3074
828
-3833
486
-4672
2759
2973832
3297
864
-4039
139
-4704
2775
2974857
3567
902
-4128
75
-4288
2753
2975882
3564
985
-4374
-75
-2993
2704
2976907
3588
1059
-4346
31
-2306
2363
2977932
3526
1122
-4246
78
-2380
2601
2978957
3528
1217
-4178
-248
-1764
3117
2979982
3631
1165
-4024
-582
-986
3188
2981007
3837
1078
-3745
-466
-510
2659
2982032
3929
1084
-3633
-628
334
2383
2974848
3633
938
-3284
-649
517
2824
2975873
3534
850
-2916
-924
697
2939
2976898
3400
733
-2773
-1181
1470
2638
2977923
2693
524
-2583
-767
1731
2490
2978948
2151
565
-2290
-785
1699
2287
2979973
1868
534
-2088
-1109
1834
2410
2980998
1825
531
-1940
-922
1771
2433
2982023
1890
520
-1804
-1076
2088
2336
2983048
1682
488
-1572
-1073
2443
2187
2984073
1475
449
-1266
-1059
2688
2238
2985098
1281
396
-1019
-1176
2971
2396
2986123
955
298
-763
-1024
3003
2255
2987148
629
259
-587
-983
2878
2142
2988173
468
260
-432
-1211
2981
2194
2989198
312
232
-291
-1207
3143
2346
2990223
84
211
-190
-977
2926
2443
2983040
12
194
-118
-944
2704
2480
2984065
77
162
-75
-877
2829
2543
2985090
133
115
-10
-832
2985
2639
2986115
80
58
94
-808
2882
2663
2987140
0
4
148
-789
2886
2674
2988165
-65
-51
174
-759
2794
2681
2989190
-111
-89
165
-812
2745
2754
2990215
-74
-127
162
-819
2726
2838
2991240
-14
-162
171
-769
2714
2802
2992265
-3
-184
155
-695
2755
2769
2993290
-35
-178
122
-658
2827
2835
2994315
-81
-172
106
-705
2799
2974
2995340
-73
-168
95
-672
2682
2987
2996365
18
-141
71
-593
2734
2910
2997390
26
-103
61
-591
2888
2886
2998415
-43
-74
62
-648
2912
2924
2991233
-68
-50
81
-602
2788
2955
2992258
-57
-23
90
-607
2752
2955
2993283
-20
-7
95
-603
2751
2975
2994308
0
-1
104
-569
2706
2970
2995333
-1
7
109
-564
2718
2934
2996358
-17
13
102
-550
2760
2928
2997383
-36
29
96
-543
2744
2910
2998408
-50
46
81
-538
2725
2952
2999433
-32
56
69
-545
2682
2980
3000458
-2
58
53
-588
2711
2988
3001483
-8
54
35
-567
2786
2961
3002508
-20
54
23
-556
2764
2961
3003533
-18
52
11
-575
2799
3027
3004558
-27
30
12
-593
2787
3017
3005583
-4
15
5
-572
2777
2968
3006608
32
21
0
-554
2844
2982
2999424
8
10
3
-588
2846
2999
3000449
-7
-10
5
-594
2781
2968
3001474
18
-22
11
-616
2775
2931
3002499
17
-35
11
-629
2794
2913
3003524
19
-43
10
-611
2768
2944
3004549
16
-52
11
-584
2792
2930
3005574
-1
-62
13
-610
2799
2897
3006599
-14
-63
7
-618
2757
2888
3007624
-9
-47
-10
-593
2742
2896
3008649
15
-35
-19
-603
2791
2928
3009674
10
-41
-8
-631
2828
2916
3010699
-16
-43
7
-628
2784
2872
3011724
-21
-30
22
-648
2805
2882
3012749
-40
-31
40
-652
2793
2884
3013774
-57
-36
59
-650
2750
2855
3014799
-48
-32
73
-622
2767
2853
3007616
-57
-21
91
-615
2821
2849
3008641
-98
-13
125
-594
2913
2813
3009666
-163
-5
182
-557
2932
2737
3010691
-235
8
246
-562
2862
2659
3011716
-309
25
307
-624
2830
2665
3012741
-373
19
398
-693
2885
2643
3013766
-489
-15
541
-722
2882
2488
3014791
-677
-40
698
-710
2899
2345
3015816
-878
-40
859
-747
2918
2281
3016841
-1096
-21
1081
-710
2941
2220
3017866
-1415
18
1451
-853
3044
2026
3018891
-1908
-13
1766
-997
2764
1918
3019916
-2329
-76
1871
-1130
2269
2050
3020941
-2518
-225
2047
-1207
1774
2108
3021966
-2556
-366
2311
-1103
1302
1993
3022991
-2480
-382
2491
-822
1093
2135
3015808
-2333
-421
2505
-749
1053
2480
3016833
-2412
-511
2713
-1150
957
2666
3017858
-2948
-749
3225
-1278
753
2431
3018883
-3677
-757
3479
-738
168
2192
3019908
-4166
-727
3367
-482
-980
2591
3020933
-3859
-945
3354
-822
-1958
3048
3021958
-3304
-1204
3690
-872
-2741
3053
3022983
-3148
-1283
3769
-245
-3147
2896
3024008
-3098
-1287
3730
316
-3541
2993
3025033
-2663
-1150
3890
19
-3405
3231
3026058
-2748
-1080
4068
-458
-2640
2914
3027083
-3730
-1148
4157
249
-2992
2482
3028108
-4902
-1006
3892
1102
-4154
2394
3029133
-4841
-873
3473
413
-4854
2707
3030158
-4143
-931
3396
316
-6070
2997
3031183
-3516
-814
3043
1007
-6889
2604
3024000
-2604
-580
2736
1286
-7271
2274
3025025
-1404
-147
2555
929
-6506
2095
3026050
-358
104
2178
480
-5565
2331
3027075
-33
36
1895
709
-6480
3236
3028100
190
-356
913
1343
-8752
3582
3029125
258
-391
-374
1808
-6917
2514
3030150
4
-73
-250
1376
-5438
1711
3031175
133
132
-338
499
-4186
1229
3032200
151
179
-208
223
-3426
970
3033225
-162
274
59
214
-3226
1098
3034250
-262
420
230
-141
-3146
1441
3035275
-160
393
323
-596
-3699
1733
3036300
-33
226
266
-733
-4338
1884
3037325
138
67
156
-742
-4593
1945
3038350
266
-16
66
-795
-4485
1912
3039375
242
-73
-11
-802
-4098
1809
3032207
129
-133
-52
-660
-3650
1783
3033232
45
-190
-7
-433
-3534
1792
3034257
-28
-154
36
-386
-3689
1837
3035282
-83
-93
19
-361
-3914
1917
3036307
6
-45
0
-240
-4045
1962
3037332
106
13
-27
-182
-4038
1999
3038357
81
71
-22
-203
-4026
2018
3039382
27
104
-32
-250
-4016
1971
3040407
-30
131
-43
-315
-3953
1922
3041432
-33
139
-37
-371
-3887
1889
3042457
12
131
-15
-457
-3850
1895
3043482
53
113
6
-538
-3828
1895
3044507
70
84
18
-562
-3835
1905
3045532
74
52
18
-552
-3865
1918
3046557
82
23
15
-543
-3917
1926
3047582
91
7
2
-512
-3897
1947
3040384
99
0
-4
-482
-3831
1956
3041409
78
4
-12
-459
-3771
1952
3042434
43
8
-17
-442
-3785
1970
3043459
20
7
-12
-454
-3849
1986
3044484
22
5
-5
-453
-3887
1997
3045509
32
-1
2
-447
-3894
1977
3046534
41
-3
2
-443
-3865
1974
3047559
41
-8
6
-442
-3838
1977
3048584
27
-10
12
-441
-3828
1973
3049609
10
-8
19
-444
-3838
1978
3050634
-4
-4
17
-456
-3836
1982
3051659
-19
-5
13
-456
-3833
1979
3052684
-42
-12
9
-452
-3828
1972
3053709
-63
-20
9
-442
-3838
1973
3054734
-78
-31
8
-435
-3852
1974
3055759
-80
-42
6
-429
-3867
1949
3048576
-74
-48
5
-418
-3870
1915
3049601
-69
-51
6
-414
-3884
1900
3050626
-51
-48
8
-415
-3921
1904
3051651
-25
-36
6
-409
-3924
1897
3052676
-6
-19
1
-410
-3916
1906
3053701
8
-1
-5
-411
-3898
1919
3054726
12
13
-8
-413
-3882
1925
3055751
10
22
-7
-418
-3876
1928
3056776
5
28
-7
-428
-3873
1928
3057801
-3
27
-7
-441
-3864
1933
3058826
-7
18
-4
-445
-3873
1930
3059851
-6
11
-3
-453
-3877
1927
3060876
-1
3
-2
-453
-3873
1926
3061901
4
-3
-2
-451
-3864
1930
3062926
11
-3
-4
-430
-3868
1932
3063951
16
-2
-4
-429
-3862
1936
3056769
15
-6
-2
-430
-3867
1943
3057794
16
-7
-1
-427
-3866
1932
3058819
13
-9
-1
-426
-3867
1950
3059844
1
-9
4
-422
-3903
1947
3060869
11
-1
11
-392
-3985
1931
3061894
60
25
15
-339
-4093
1933
3062919
121
74
29
-284
-4154
1958
3063944
156
123
31
-252
-4190
1963
3064969
159
144
-14
-131
-4352
1902
3065994
26
134
-182
152
-4473
1936
3067019
-99
198
-285
229
-4338
2136
3068044
-205
246
-296
112
-4502
2272
3069069
55
335
-287
215
-4194
2181
3070094
349
154
-271
569
-3927
1939
3071119
-134
-90
-578
370
-6391
1939
3072144
220
-1
-1270
210
-7437
1904
3064960
1184
118
-1718
532
-6388
1891
3065985
1365
263
-2093
832
-5911
2370
3067010
1242
353
-2598
613
-5704
2819
3068035
1233
278
-2969
549
-5870
2825
3069060
1424
275
-3367
742
-5979
2742
3070085
1869
402
-3721
934
-5746
2727
3071110
2324
541
-4116
654
-5182
2760
3072135
2671
639
-4349
730
-5068
2771
3073160
2964
762
-4720
850
-4527
2649
3074185
3210
909
-4848
694
-3153
2346
3075210
3167
1007
-4662
780
-2327
2508
3076235
3118
1126
-4581
670
-2160
2504
3077260
3260
1300
-4571
625
-2118
2388
3078285
3581
1543
-4489
484
-1011
2553
3079310
3757
1482
-4138
471
41
3048
3080335
3787
1327
-3579
703
-104
2770
3073151
3547
1369
-3894
23
538
2455
3074176
3157
1594
-3626
-423
638
2183
3075201
3243
1662
-3312
-1335
1305
2472
3076226
3176
1432
-2864
-1487
1889
2804
3077251
2554
1061
-2537
-1137
2012
2586
3078276
1945
897
-2394
-1191
1737
2325
3079301
1759
745
-2070
-1419
1948
2232
3080326
1917
598
-1702
-1278
2631
2338
3081351
1740
516
-1347
-1172
2942
2050
3082376
1216
430
-966
-1201
2755
1867
3083401
921
418
-661
-1307
2726
1916
3084426
862
392
-400
-1142
2814
2124
3085451
740
378
-227
-895
2688
2258
3086476
625
380
-127
-886
2687
2361
3087501
539
373
15
-922
2833
2513
3088526
394
354
94
-966
2853
2527
3081344
125
317
62
-865
2753
2540
3082369
-12
283
110
-645
2562
2465
3083394
71
281
96
-623
2712
2565
3084419
75
238
96
-604
2784
2636
3085444
15
168
94
-626
2752
2638
3086469
-10
107
78
-594
2804
2710
3087494
-71
43
62
-543
2867
2748
3088519
-137
-16
63
-584
2792
2741
3089544
-113
-48
52
-618
2766
2754
3090569
-67
-68
31
-596
2867
2800
3091594
-80
-84
16
-626
2952
2886
3092619
-116
-100
17
-615
2941
2920
3093644
-142
-113
22
-603
2875
2872
3094669
-102
-98
27
-606
2880
2880
3095694
-46
-89
35
-568
2956
2887
3096719
-76
-97
48
-579
3012
2833
3089536
-112
-96
72
-604
2944
2824
3090561
-103
-84
85
-579
2847
2827
3091586
-64
-67
85
-530
2835
2828
3092611
-11
-37
83
-503
2924
2842
3093636
3
-17
98
-496
2982
2873
3094661
-57
-12
110
-483
2901
2851
3095686
-68
10
97
-469
2796
2814
3096711
8
49
76
-482
2862
2871
3097736
33
59
78
-446
2928
2884
3098761
-2
47
85
-441
2792
2810
3099786
6
62
73
-487
2782
2824
3100811
28
79
56
-530
2824
2875
3101836
10
75
37
-537
2816
2943
3102861
-13
47
21
-560
2757
2931
3103886
-24
15
-5
-566
2779
2877
3104911
-11
6
-14
-576
2847
2892
3097728
12
-6
12
-539
2885
2915
3098753
8
11
36
-545
2911
2911
3099778
-19
0
27
-582
2851
2879
3100803
-29
-15
-5
-583
2856
2901
3101828
-23
-19
-14
-591
2874
2914
3102853
-10
-21
-10
-600
2910
2901
3103878
-16
-20
3
-600
2892
2859
3104903
-20
-12
16
-640
2908
2874
3105928
-31
-12
34
-640
2923
2892
3106953
-44
-24
61
-616
2868
2868
3107978
-31
-29
91
-599
2836
2790
3109003
-10
-18
113
-612
2897
2776
3110028
-16
-3
130
-620
2932
2802
3111053
-57
1
170
-618
2938
2779
3112078
-118
-4
212
-586
2881
2669
3113103
-151
14
258
-576
2883
2579
3105920
-168
47
316
-659
2960
2558
3106945
-236
78
413
-724
3006
2550
3107970
-334
92
513
-651
2948
2530
3108995
-419
114
623
-605
2863
2476
3110020
-478
144
753
-684
2909
2464
3111045
-565
160
884
-618
2949
2468
3112070
-684
198
1016
-502
2868
2504
3113095
-788
247
1156
-625
2816
2563
3114120
-954
268
1211
-694
2750
2597
3115145
-1170
244
1297
-651
2666
2582
3116170
-1338
229
1448
-754
2582
2607
3117195
-1528
175
1615
-775
2574
2664
3118220
-1859
63
1892
-648
2388
2567
3119245
-2176
3
2151
-741
1891
2341
3120270
-2445
-79
2222
-702
1958
2356
3121295
-2585
-199
2430
-496
1346
2651
3114112
-2497
-441
2605
-717
1258
2771
3115137
-2673
-622
3009
-841
958
2407
3116162
-3058
-650
3261
-582
660
2126
3117187
-3392
-682
3309
-204
26
2509
3118212
-3266
-827
3422
-265
-748
2817
3119237
-3020
-869
3527
-413
-1401
2848
3120262
-3173
-832
3610
-566
-1536
2925
3121287
-3302
-911
3734
-139
-2023
2892
3122312
-3124
-882
3719
5
-2189
2676
3123337
-3224
-870
3812
-788
-2119
2421
3124362
-3485
-1059
4075
-1250
-3744
2468
3125387
-3303
-1234
4031
-454
-5172
2588
3126412
-2915
-1205
3959
-365
-5123
2571
3127437
-2683
-1181
4202
-848
-4627
2024
3128462
-2780
-1101
4130
-919
-5431
1973
3129487
-2951
-789
3407
356
-6030
2373
3122303
-2835
-371
2501
1557
-5925
2640
3123328
-2280
120
2148
1989
-5603
2944
3124353
-1732
680
1972
1344
-5245
3200
3125378
-1223
861
1829
185
-4755
2768
3126403
-227
165
1804
1640
-8981
3738
3127428
759
-262
-290
2202
-12118
3581
3128453
683
323
-1313
1404
-6512
2593
3129478
550
356
-354
990
-3632
2133
3130503
-190
86
-313
683
-2174
1773
3131528
-881
8
33
713
-2846
1369
3132553
-1171
266
264
-64
-4090
1698
3133578
-597
329
386
-513
-4364
1720
3134603
-65
168
282
-667
-4246
1596
3135628
232
15
191
-664
-4020
1612
3136653
202
-10
69
-839
-3976
1782
3137678
28
-29
-16
-867
-3940
1796
3130496
-123
-14
-101
-813
-3879
1792
3131521
-147
-30
-123
-642
-3766
1780
3132546
-128
-49
-94
-454
-3669
1716
3133571
-202
-13
-83
-405
-3753
1784
3134596
-191
24
-58
-327
-3975
1898
3135621
-76
52
-63
-230
-4106
1977
3136646
16
79
-85
-202
-4120
2016
3137671
26
85
-81
-204
-4038
1978
3138696
-29
74
-60
-189
-3947
1887
3139721
-87
75
-35
-266
-3900
1838
3140746
-85
75
-9
-320
-3893
1832
3141771
-41
77
12
-395
-3891
1823
3142796
2
76
29
-456
-3928
1836
3143821
20
72
27
-480
-3957
1835
3144846
21
62
15
-487
-3945
1834
3145871
21
50
0
-470
-3908
1837
3138688
19
39
-6
-461
-3867
1852
3139713
15
29
-7
-453
-3829
1840
3140738
4
17
-5
-419
-3826
1825
3141763
-4
6
-5
-397
-3903
1824
3142788
6
-2
-13
-377
-3950
1823
3143813
12
-6
-22
-349
-3949
1814
3144838
4
-10
-26
-339
-3960
1819
3145863
9
-15
-23
-330
-3953
1813
3146888
5
-10
-21
-343
-3924
1801
3147913
2
-8
-12
-355
-3930
1810
3148938
3
-9
-2
-353
-3935
1813
3149963
1
-11
-4
-355
-3940
1800
3150988
-1
-14
-5
-341
-3939
1789
3152013
-11
-12
2
-322
-3958
1794
3153038
1
-7
16
-291
-3993
1796
3154063
28
2
21
-278
-3980
1789
3146880
49
13
21
-279
-3962
1795
3147905
64
23
19
-299
-3964
1800
3148930
76
30
17
-334
-3948
1811
3149955
103
30
23
-350
-3956
1822
3150980
140
28
27
-358
-3972
1830
3152005
175
32
37
-379
-4004
1832
3153030
212
45
44
-389
-3998
1843
3154055
266
56
47
-385
-4032
1806
3155080
387
73
52
-415
-4406
1742
3156105
500
128
-44
-364
-4359
1734
3157130
497
190
-102
-286
-3935
1729
3158155
517
266
-102
-239
-3966
1710
3159180
601
322
-176
-267
-3965
1668
3160205
604
404
-265
-243
-3812
1885
3161230
598
504
-298
-220
-3596
2139
3162255
524
545
-330
-292
-3458
2249
3155072
500
534
-333
-382
-3575
2286
3156097
620
506
-287
-489
-3544
2344
3157122
692
451
-208
-514
-3334
2390
3158147
668
367
-172
-549
-3313
2529
3159172
525
260
-209
-601
-3376
2674
3160197
415
146
-230
-523
-3517
2680
3161222
310
72
-255
-399
-3477
2578
3162247
200
30
-271
-343
-3501
2518
3163272
110
2
-300
-281
-3498
2444
3164297
27
10
-323
-228
-3576
2408
3165322
-2
66
-324
-200
-3641
2406
3166347
17
131
-337
-197
-3601
2398
3167372
15
191
-355
-190
-3647
2395
3168397
10
259
-392
-184
-3666
2423
3169422
23
315
-414
-177
-3612
2445
3170447
47
350
-412
-167
-3564
2485
3163263
84
378
-409
-158
-3519
2519
3164288
117
396
-398
-181
-3474
2565
3165313
118
397
-388
-220
-3493
2625
3166338
111
379
-387
-243
-3496
2661
3167363
108
351
-382
-254
-3449
2660
3168388
76
324
-379
-258
-3422
2657
3169413
40
293
-371
-240
-3403
2652
3170438
0
261
-348
-213
-3467
2651
3171463
-37
240
-341
-199
-3542
2643
3172488
-52
224
-332
-160
-3583
2606
3173513
-69
216
-327
-112
-3551
2572
3174538
-114
209
-327
-98
-3508
2524
3175563
-172
197
-331
-70
-3514
2483
3176588
-207
189
-345
-58
-3544
2461
3177613
-224
172
-348
-58
-3564
2437
3178638
-225
141
-347
-68
-3576
2412
3171456
-228
114
-348
-61
-3550
2396
3172481
-230
87
-332
-46
-3566
2384
3173506
-216
78
-300
-40
-3636
2405
3174531
-188
80
-266
-51
-3637
2412
3175556
-146
70
-220
-10
-3676
2400
3176581
-99
83
-197
-1
-3693
2430
3177606
-32
111
-191
0
-3643
2482
3178631
45
132
-178
22
-3588
2532
3179656
119
154
-151
59
-3565
2578
3180681
140
185
-119
67
-3448
2593
3181706
112
210
-86
78
-3467
2564
3182731
106
270
-111
50
-3516
2529
3183756
87
297
-105
8
-3408
2532
3184781
68
309
-91
-18
-3532
2538
3185806
44
296
-337
-588
-3639
2613
3186831
34
232
-717
69
-3382
2492
3179649
175
298
-265
279
-3518
2535
3180674
157
188
111
-154
-3660
2382
3181699
216
175
-259
-545
-3697
2626
3182724
190
-24
-426
427
-3154
2599
3183749
-11
76
-83
537
-2993
2637
3184774
-167
112
296
-114
-3556
2464
3185799
-230
64
-53
-5
-3415
2483
3186824
-348
27
-84
89
-3547
2492
3187849
-409
-24
-78
-101
-3763
2397
3188874
-318
-112
-275
-42
-3739
2481
3189899
-377
-96
-366
365
-3515
2349
3190924
-337
-65
-372
68
-4225
2439
3191949
-49
-207
-371
141
-3592
2369
3192974
262
-268
-125
160
-3512
2284
3193999
507
-133
-148
421
-3265
2429
3195024
296
-93
-166
355
-3313
2599
3187839
-78
-87
-164
382
-3665
2567
3188864
-117
-34
-263
260
-3814
2564
3189889
-114
-86
-277
340
-3749
2501
3190914
-50
-80
-102
264
-3655
2378
3191939
16
-51
-84
448
-3608
2251
3192964
-39
92
-324
399
-3760
2294
3193989
-29
139
-576
387
-3686
2335
3195014
176
79
-623
559
-3807
2264
3196039
347
140
-614
740
-3534
2229
3197064
482
216
-451
859
-3494
2297
3198089
621
268
-531
735
-3325
2496
3199114
474
227
-184
911
-3072
2560
3200139
99
301
239
521
-3292
2582
3201164
213
237
-311
-264
-3823
2650
3202189
314
177
-344
1073
-2623
2700
3203214
114
378
22
-315
-3616
2870
3196032
272
92
-253
269
-3314
2905
3197057
285
8
-182
452
-3226
2894
3198082
160
-26
-81
488
-3251
2857
3199107
7
-38
7
819
-3189
2791
3200132
-105
67
-45
741
-3327
2750
3201157
-109
132
15
588
-3465
2776
3202182
-53
87
-93
827
-3122
2796
3203207
-252
67
311
374
-3702
2600
3204232
-31
-18
-86
53
-3309
2621
3205257
137
-304
206
540
-3201
2488
3206282
272
-55
110
435
-3464
2703
3207307
341
83
-107
591
-3323
2865
3208332
308
150
-78
568
-3244
2846
3209357
196
112
-25
569
-3302
2721
3210382
147
51
-36
435
-3343
2660
3211407
63
39
-159
413
-3148
2780
3204225
-149
4
-153
565
-3226
2812
3205250
-191
-45
-24
375
-3311
2716
3206275
-204
-73
-36
537
-3142
2708
3207300
-339
-57
57
647
-3092
2836
3208325
-540
-30
199
703
-3205
2774
3209350
-638
49
294
897
-2997
2750
3210375
-802
267
550
951
-3076
2629
3211400
-857
684
605
475
-3775
2507
3212425
-779
617
112
353
-3701
2351
3213450
-459
479
-24
-22
-3964
2227
3214475
110
179
31
36
-3662
2193
3215500
439
-66
190
188
-3551
2398
3216525
437
-92
331
348
-3563
2423
3217550
352
-64
291
354
-3463
2486
3218575
265
18
223
157
-3607
2712
3219600
132
72
61
126
-3579
2806
3212416
139
6
84
78
-3582
2688
3213441
332
-112
39
283
-3583
2541
3214466
511
-120
150
346
-3403
2619
3215491
339
-36
-45
-311
-3529
2640
3216516
315
-313
-363
772
-2707
2625
3217541
111
-184
82
241
-3584
2725
3218566
2
-172
-69
-6
-3848
2751
3219591
17
-203
-271
433
-3499
2632
3220616
100
-195
-178
310
-3236
2586
3221641
157
-232
-173
524
-3369
2636
3222666
82
-111
-105
510
-3260
2802
3223691
-14
-99
-79
446
-3430
2678
3224716
147
-163
-70
521
-3396
2719
3225741
88
-122
-96
439
-3346
2716
3226766
46
-15
-202
577
-3233
2792
3227791
24
24
-162
393
-3209
2794
3220608
-29
-5
-167
535
-3255
2755
3221633
-61
38
-210
379
-3219
2788
3222658
-150
-43
-335
543
-3389
2772
3223683
-242
-133
-266
392
-3706
2672
3224708
-147
-79
-480
476
-2998
2613
3225733
-190
-83
-641
629
-3070
2684
3226758
-300
-75
-469
544
-3662
2762
3227783
-437
-184
-475
546
-3347
2738
3228808
-536
-291
-689
867
-3128
2576
3229833
-681
-484
-665
626
-3269
2485
3230858
-571
-520
-483
993
-3345
2424
3231883
-587
-481
-197
967
-3660
2395
3232908
-520
-402
-199
1140
-3405
2303
3233933
-352
-252
-117
1087
-3588
2281
3234958
-176
-221
5
1106
-3392
2240
3235983
-52
3
19
1087
-3333
2211
3228800
-114
-57
188
1066
-3518
2249
3229825
-149
-44
244
1075
-3466
2263
3230850
-164
58
272
1025
-3496
2255
3231875
-184
186
217
923
-3563
2288
3232900
-149
215
125
859
-3558
2256
3233925
-78
201
141
843
-3650
2255
3234950
10
173
174
801
-3606
2265
3235975
140
153
128
802
-3545
2280
3237000
252
195
50
932
-3546
2234
3238025
201
379
-70
774
-3642
2380
3239050
42
272
-10
560
-3168
2532
3240075
-91
108
252
894
-3388
2322
3241100
-213
134
179
758
-3557
2360
3242125
-235
137
160
696
-3546
2284
3243150
-172
178
171
633
-3621
2386
3244175
-255
149
235
796
-3331
2391
3236992
-406
234
353
706
-3860
2233
3238017
-345
271
142
532
-3627
2148
3239042
-225
80
96
511
-3596
2215
3240067
-248
-27
18
551
-3842
2318
3241092
-266
3
-163
567
-3905
2235
3242117
-111
-19
-247
600
-3460
2154
3243142
-25
-119
-107
760
-3373
2272
3244167
-370
-79
165
799
-3617
2337
3245192
-946
470
-166
1309
-4324
1409
3246217
-725
732
-370
-116
-3648
2251
3247242
178
-160
-7
739
-3308
1885
3248267
279
-275
-181
476
-4027
2304
3249292
46
-153
-346
526
-3607
2057
3250317
208
-272
-415
811
-3659
1892
3251342
365
-74
-454
733
-3861
2100
3252367
507
-138
-327
816
-3656
2162
3245404
524
-167
-171
1009
-3537
2172
3246429
373
-59
-73
986
-3491
2307
3247454
280
-58
93
934
-3542
2243
3248479
340
-70
185
912
-3681
2277
3249504
387
-37
140
851
-3605
2251
3250529
457
-52
150
776
-3386
2277
3251554
335
-225
180
815
-3534
2404
3252579
60
-307
109
918
-3455
2351
3253604
3
-213
173
931
-3679
2284
3254629
188
-42
190
858
-3889
2209
3255654
388
87
188
841
-3187
2259
3256679
336
49
345
756
-3565
2404
3257704
311
67
402
765
-3396
2323
3258729
377
80
456
828
-3492
2405
3259754
377
242
400
746
-3770
2448
3260779
535
420
353
662
-3637
2502
3253376
504
370
303
567
-3324
2582
3254401
361
364
251
557
-3313
2621
3255426
358
315
313
281
-3439
2651
3256451
343
105
275
423
-3293
2660
3257476
283
137
189
554
-3354
2710
3258501
267
275
152
392
-3365
2759
3259526
225
241
109
200
-3218
2782
3260551
