Device = VHR-0009
time_stamp = 1779946999341
sample_rate = 50
Data format = INT16
TYPE = 6-AXIS IMU RAW DATA
-12
-6
9
921
-3592
-1791
13899392
-9
-3
10
934
-3596
-1783
13900417
-2
1
12
938
-3599
-1773
13901442
-8
-2
15
934
-3597
-1773
13902467
-9
-4
14
920
-3602
-1785
13903492
-1
-8
14
912
-3606
-1783
13904517
-3
-8
15
922
-3602
-1766
13905542
-6
-6
13
927
-3609
-1783
13906567
-9
-7
10
934
-3618
-1814
13907592
-3
-8
8
923
-3627
-1783
13908617
2
-3
5
912
-3610
-1765
13909642
-7
-1
5
920
-3606
-1793
13910667
-5
-2
5
926
-3605
-1800
13911692
3
-3
3
935
-3604
-1778
13912717
-4
-2
2
932
-3609
-1771
13913742
-6
1
2
928
-3628
-1783
13914767
1
5
1
922
-3619
-1788
13907585
2
7
-1
929
-3614
-1786
13908610
-2
10
-3
934
-3615
-1773
13909635
-4
9
-5
932
-3613
-1790
13910660
-3
5
-9
922
-3603
-1788
13911685
5
4
-9
923
-3576
-1764
13912710
-5
0
-5
946
-3543
-1774
13913735
-27
-9
1
947
-3552
-1799
13914760
-20
-14
6
928
-3575
-1792
13915785
-1
-11
9
934
-3572
-1778
13916810
-8
-6
17
950
-3576
-1782
13917835
-22
-10
22
954
-3595
-1805
13918860
-14
-13
19
927
-3621
-1817
13919885
10
-9
14
911
-3635
-1820
13920910
16
1
12
923
-3629
-1801
13921935
-1
8
10
921
-3630
-1813
13922960
-3
11
-1
922
-3655
-1826
13915775
19
13
-9
927
-3636
-1795
13916800
26
21
-10
930
-3605
-1755
13917825
-1
23
-9
936
-3603
-1801
13918850
-16
22
-8
939
-3606
-1781
13919875
5
21
-9
943
-3588
-1779
13920900
15
19
-8
943
-3581
-1770
13921925
4
12
-1
918
-3579
-1743
13922950
-5
10
-1
915
-3613
-1754
13923975
2
6
-1
934
-3617
-1761
13925000
-1
0
-1
947
-3606
-1754
13926025
-3
-2
-5
957
-3634
-1744
13927050
8
1
-5
963
-3613
-1749
13928075
4
3
-8
952
-3581
-1775
13929100
7
-2
-7
940
-3589
-1772
13930125
15
-3
-2
935
-3588
-1767
13931150
6
-1
1
939
-3581
-1755
13923969
-2
-1
1
941
-3596
-1779
13924994
1
-7
1
945
-3609
-1794
13926019
9
-13
-4
945
-3600
-1785
13927044
13
-11
-8
959
-3588
-1778
13928069
4
-9
-6
959
-3579
-1784
13929094
-1
-8
-2
957
-3587
-1790
13930119
8
-3
-2
946
-3586
-1787
13931144
14
1
1
948
-3578
-1780
13932169
7
3
6
944
-3575
-1765
13933194
-3
1
11
953
-3588
-1766
13934219
2
-1
12
954
-3600
-1772
13935244
10
-5
12
939
-3590
-1756
13936269
4
-5
14
932
-3591
-1749
13937294
-9
-4
19
950
-3595
-1763
13938319
-10
-5
21
961
-3607
-1778
13939344
-8
-7
19
952
-3615
-1793
13932160
-9
-2
15
939
-3617
-1778
13933185
-12
8
15
948
-3627
-1754
13934210
-17
14
16
950
-3628
-1752
13935235
-18
10
11
947
-3632
-1768
13936260
-1
4
6
934
-3633
-1737
13937285
4
1
5
932
-3618
-1712
13938310
-12
-3
2
945
-3628
-1746
13939335
-7
-9
-1
957
-3627
-1760
13940360
7
-17
-5
948
-3606
-1759
13941385
5
-25
-13
928
-3600
-1792
13942410
7
-26
-16
917
-3589
-1813
13943435
14
-24
-15
940
-3556
-1789
13944460
8
-20
-8
966
-3530
-1759
13945485
0
-23
4
981
-3524
-1758
13946510
3
-31
18
965
-3520
-1753
13947535
7
-37
34
951
-3545
-1742
13940353
9
-37
44
933
-3578
-1712
13941378
5
-35
51
916
-3603
-1701
13942403
3
-35
59
914
-3606
-1657
13943428
0
-51
65
925
-3577
-1626
13944453
-12
-78
63
904
-3571
-1698
13945478
-33
-105
65
884
-3608
-1770
13946503
-39
-115
70
878
-3641
-1815
13947528
-37
-103
61
868
-3681
-1860
13948553
-36
-77
49
882
-3700
-1891
13949578
-39
-52
38
899
-3718
-1877
13950603
-35
-36
21
907
-3732
-1839
13951628
-13
-28
-2
889
-3712
-1820
13952653
7
-29
-25
858
-3674
-1818
13953678
15
-38
-38
836
-3648
-1798
13954703
14
-45
-43
849
-3608
-1793
13955728
11
-48
-45
885
-3575
-1797
13948544
19
-53
-39
908
-3533
-1834
13949569
25
-55
-26
904
-3507
-1852
13950594
22
-48
-7
898
-3497
-1837
13951619
21
-31
15
881
-3505
-1843
13952644
14
-18
38
880
-3548
-1812
13953669
15
-19
48
872
-3643
-1827
13954694
82
-23
41
859
-3760
-1861
13955719
254
-17
20
884
-3826
-1829
13956744
383
-5
-3
873
-3800
-1726
13957769
342
-8
-32
855
-3799
-1621
13958794
255
-24
-66
848
-3816
-1605
13959819
219
-38
-100
852
-3785
-1649
13960844
291
-57
-120
844
-3842
-1749
13961869
603
-50
-120
857
-3905
-1786
13962894
1002
2
-107
907
-3875
-1742
13963919
1197
64
-97
964
-3749
-1689
13956737
1188
101
-89
1018
-3760
-1691
13957762
1356
165
-66
1132
-4049
-1689
13958787
1986
280
-30
1092
-4280
-1647
13959812
2922
407
-11
1045
-4374
-1556
13960837
3928
562
34
940
-4474
-1600
13961862
5410
692
179
927
-5161
-1675
13962887
8317
916
382
925
-5868
-1083
13963912
11744
1181
367
750
-5352
-681
13964937
14451
1245
346
841
-4355
-559
13965962
16808
1120
369
790
-2498
-588
13966987
16830
610
244
-129
1603
580
13968012
11377
-111
-417
419
6424
4488
13969037
2376
-150
-1136
1188
6065
5483
13970062
-2013
455
-1316
613
-1364
3678
13971087
-276
415
-853
157
-4472
2157
13972112
1848
227
-459
322
2381
2773
13964929
1025
203
-471
694
3770
4700
13965954
-375
347
-422
185
394
5135
13966979
-105
280
-195
364
487
4348
13968004
106
290
61
285
1289
3962
13969029
-19
195
83
345
1019
4149
13970054
-66
141
68
397
845
4541
13971079
-217
145
130
339
542
4579
13972104
-142
114
195
243
158
4394
13973129
27
70
168
280
524
4285
13974154
-61
49
155
267
478
4247
13975179
-167
42
130
253
297
4327
13976204
-134
57
125
190
306
4304
13977229
-66
44
132
186
381
4154
13978254
-44
24
134
236
356
4101
13979279
-64
15
107
284
374
4270
13980304
-88
9
92
360
231
4313
13973120
-39
-2
85
396
225
4226
13974145
-50
-2
52
386
331
4248
13975170
-98
2
16
304
222
4280
13976195
-59
-25
-16
290
239
4241
13977220
-58
-42
-34
313
287
4208
13978245
-79
-26
-42
291
199
4205
13979270
-12
-22
-54
281
280
4200
13980295
1
-13
-55
289
367
4201
13981320
-50
-4
-40
293
333
4182
13982345
-53
0
-25
303
310
4181
13983370
-30
9
-16
309
295
4218
13984395
2
15
-7
302
284
4262
13985420
12
12
-6
292
376
4291
13986445
-26
6
-4
278
321
4282
13987470
-12
-12
2
289
318
4264
13988495
7
-23
5
295
401
4276
13981313
-39
-27
8
295
333
4244
13982338
-28
-31
20
299
239
4195
13983363
21
-38
22
323
334
4182
13984388
-3
-29
15
330
319
4185
13985413
-7
-20
9
311
249
4192
13986438
3
-17
3
321
308
4180
13987463
-23
-7
-3
315
344
4176
13988488
-47
-2
-11
328
311
4198
13989513
-19
2
1
332
247
4191
13990538
40
3
14
304
316
4227
13991563
20
3
4
293
349
4255
13992588
-6
0
-2
292
264
4243
13993613
7
-10
-9
342
325
4225
13994638
-19
1
-2
331
311
4215
13995663
-7
4
5
292
252
4217
13996688
17
-4
1
315
323
4215
13989658
-20
-2
-1
329
310
4210
13990683
-13
6
2
300
252
4218
13991708
13
3
-7
317
372
4215
13992733
-15
14
3
298
302
4186
13993758
3
4
3
312
334
4194
13994783
-26
11
1
321
376
4247
13995808
-41
20
16
285
249
4237
13996833
-13
8
17
313
385
4210
13997858
-81
14
17
305
326
4214
13998883
-59
15
24
287
224
4221
13999908
-35
4
19
318
469
4205
14000933
-223
17
16
291
484
4167
14001958
-614
31
-32
250
515
4241
14002983
-1388
38
-144
287
583
4296
14004008
-2309
18
-273
369
298
4302
14005033
-2983
-32
-342
362
-21
4258
13997696
-3486
-105
-363
366
-249
4066
13998721
-4327
-147
-428
420
-224
3807
13999746
-5341
-206
-436
455
-545
3541
14000771
-5790
-264
-406
388
-1459
3604
14001796
-5591
-304
-324
340
-2297
3624
14002821
-5088
-337
-195
279
-2711
3457
14003846
-5092
-438
-145
350
-2654
3152
14004871
-5580
-546
-171
374
-2965
2794
14005896
-6005
-676
-284
512
-3404
2254
14006921
-6364
-794
-415
724
-3455
1630
14007946
-6738
-832
-471
788
-3689
984
14008971
-6649
-837
-483
741
-4281
479
14009996
-6181
-923
-512
648
-4255
48
14011021
-5685
-1034
-492
783
-3918
-477
14012046
-5230
-1021
-471
824
-3780
-1026
14013071
-4709
-976
-453
830
-4079
-1701
14005889
-3679
-916
-394
914
-4391
-2126
14006914
-2293
-823
-337
1006
-4220
-2366
14007939
-1105
-674
-258
1044
-3842
-2323
14008964
-386
-495
-176
1074
-3471
-2179
14009989
-104
-331
-96
1085
-3333
-2217
14011014
-102
-207
-22
1030
-3293
-2338
14012039
-174
-118
34
993
-3356
-2329
14013064
-162
-46
62
948
-3451
-2221
14014089
-122
10
76
894
-3489
-2129
14015114
-102
40
100
859
-3502
-2022
14016139
-69
59
116
834
-3535
-1957
14017164
-89
64
102
818
-3454
-1944
14018189
-293
60
79
836
-3455
-1931
14019214
-378
40
86
875
-3649
-1976
14020239
-195
29
67
865
-3760
-2025
14021264
74
15
28
852
-3628
-2032
14014081
163
-3
10
838
-3488
-1954
14015106
55
-17
0
825
-3427
-1904
14016131
-114
-22
-13
828
-3466
-1938
14017156
-188
-21
-21
840
-3570
-2013
14018181
-122
-22
-21
865
-3581
-2065
14019206
-46
-21
-30
863
-3480
-2062
14020231
-54
-22
-33
881
-3481
-2059
14021256
-40
-22
-25
876
-3514
-2066
14022281
-3
-17
-25
862
-3459
-2024
14023306
11
-14
-23
860
-3414
-2028
14024331
-23
-11
-20
861
-3361
-2043
14025356
-102
-16
-9
864
-3370
-2048
14026381
-154
-14
2
868
-3452
-2062
14027406
-111
-8
3
864
-3494
-2048
14028431
-34
-6
0
866
-3443
-2057
14029456
-45
-11
-3
870
-3397
-2071
14022272
-142
-12
-5
862
-3414
-2058
14023297
-209
-6
-4
859
-3474
-2074
14024322
-158
-1
0
856
-3474
-2132
14025347
-67
-1
-3
859
-3450
-2170
14026372
-41
-9
-4
863
-3383
-2134
14027397
-140
-9
-7
856
-3318
-2081
14028422
-260
-1
-11
864
-3434
-2125
14029447
-241
6
-13
871
-3509
-2205
14030472
-114
6
-16
888
-3475
-2194
14031497
4
-4
-21
882
-3403
-2141
14032522
25
-9
-26
865
-3324
-2093
14033547
-28
-15
-25
857
-3323
-2103
14034572
-59
-21
-17
864
-3348
-2130
14035597
-49
-29
-12
865
-3375
-2166
14036622
-4
-40
-5
869
-3358
-2183
14037647
20
-44
0
874
-3313
-2165
14030463
-13
-40
4
866
-3320
-2153
14031488
-36
-36
12
879
-3372
-2212
14032513
-24
-32
17
877
-3368
-2232
14033538
-30
-25
15
882
-3353
-2197
14034563
-37
-19
17
879
-3396
-2199
14035588
-13
-13
17
864
-3412
-2223
14036613
1
-8
11
878
-3393
-2195
14037638
-16
-4
6
871
-3387
-2201
14038663
-45
2
0
850
-3399
-2187
14039688
-33
3
-1
858
-3424
-2208
14040713
9
4
-5
856
-3391
-2215
14041738
24
4
-8
865
-3337
-2179
14042763
24
1
-3
869
-3337
-2156
14043788
27
-4
4
867
-3316
-2161
14044813
5
-10
8
852
-3320
-2174
14045838
-13
-15
14
851
-3363
-2171
14038657
10
-19
17
866
-3368
-2184
14039682
43
-20
20
862
-3365
-2200
14040707
39
-23
18
860
-3387
-2216
14041732
32
-22
18
869
-3440
-2235
14042757
63
-12
9
873
-3454
-2214
14043782
112
0
3
881
-3450
-2226
14044807
186
4
5
853
-3507
-2342
14045832
424
7
11
833
-3750
-2513
14046857
1061
25
34
897
-4015
-2539
14047882
1968
95
43
1003
-4030
-2345
14048907
2692
218
50
1014
-3900
-1981
14049932
3107
348
100
985
-4031
-1692
14050957
3394
426
166
906
-4282
-1803
14051982
4084
486
270
857
-4784
-1855
14053007
5852
625
418
857
-5287
-1628
14054032
8615
849
547
767
-5425
-1437
14046848
11541
938
600
700
-4831
-1403
14047873
14293
928
610
746
-4083
-1830
14048898
17418
698
705
746
-2877
-1969
14049923
19406
251
565
192
1449
-201
14050948
13621
-34
-223
434
7961
5288
14051973
2347
182
-1090
1071
6592
5530
14052998
-2890
823
-1232
264
-1286
3080
14054023
-706
620
-959
-52
-4539
2598
14055048
1559
316
-511
-230
1451
4240
14056073
1019
11
-566
481
3554
5273
14057098
-309
48
-482
283
1408
5385
14058123
-531
42
-182
220
311
4620
14059148
-33
-23
64
172
512
4102
14060173
83
-81
31
232
958
4060
14061198
-135
-71
73
243
492
4104
14062223
-153
1
114
183
351
4176
14055040
-150
49
93
187
434
3983
14056065
-208
94
59
217
343
3943
14057090
-151
121
74
230
196
4007
14058115
-82
125
78
288
421
4180
14059140
-199
159
66
236
385
4328
14060165
-202
153
67
190
112
4408
14061190
-66
109
81
208
176
4386
14062215
-85
74
81
186
295
4388
14063240
-172
43
70
138
177
4396
14064265
-158
0
47
143
118
4405
14065290
-93
-35
48
145
92
4320
14066315
-74
-62
44
182
199
4256
14067340
-125
-62
31
196
176
4233
14068365
-100
-59
15
192
93
4271
14069390
-13
-65
15
220
122
4275
14070415
31
-62
26
246
222
4199
14063233
-10
-56
21
243
246
4182
14064258
-60
-54
11
234
162
4205
14065283
-39
-46
10
244
127
4224
14066308
10
-38
17
234
176
4215
14067333
-10
-26
16
216
260
4256
14068358
-66
-19
16
206
145
4232
14069383
-39
-26
13
231
112
4229
14070408
-20
-30
6
249
203
4252
14071433
-76
-20
3
247
187
4231
14072458
-116
-16
-2
253
155
4229
14073483
-91
-16
1
238
62
4228
14074508
-21
-26
2
259
127
4226
14075533
-19
-18
-4
264
152
4240
14076558
-16
-12
-8
252
68
4220
14077583
18
-14
-12
279
170
4225
14078608
-10
1
-4
253
158
4216
14071424
-10
1
-4
244
110
4221
14072449
19
0
-6
252
162
4255
14073474
-3
2
-3
245
161
4258
14074499
-21
-1
-3
247
144
4234
14075524
-9
2
-1
231
149
4262
14076549
6
1
0
226
155
4278
14077574
16
-5
9
245
155
4247
14078599
2
-10
17
265
179
4238
14079624
-20
-4
16
245
148
4258
14080649
-13
-6
11
223
138
4243
14081674
-35
-12
7
243
212
4226
14082699
-118
-7
6
242
221
4226
14083724
-223
-9
-4
245
240
4217
14084749
-399
-14
-19
242
283
4198
14085774
-743
-18
-52
235
340
4214
14086799
-1331
-14
-119
235
262
4268
14079615
-2012
-24
-207
277
114
4267
14080640
-2734
-52
-288
324
30
4214
14081665
-3695
-79
-367
332
-8
4153
14082690
-5049
-122
-435
323
-209
4041
14083715
-6162
-202
-439
297
-1100
3733
14084740
-6219
-357
-399
270
-2455
3478
14085765
-5384
-501
-327
323
-3423
3237
14086790
-4470
-574
-233
436
-3452
2954
14087815
-4024
-620
-186
575
-3174
2762
14088840
-3957
-593
-179
601
-3122
2734
14089865
-3879
-522
-188
577
-3454
2498
14090890
-3798
-447
-251
653
-3603
2093
14091915
-3944
-366
-318
735
-3572
1690
14092940
-4344
-320
-354
776
-3646
1260
14093965
-4414
-319
-321
809
-4132
845
14094990
-3865
-356
-297
829
-4361
546
14087808
-3251
-433
-315
801
-4021
503
14088833
-3234
-485
-345
833
-3790
313
14089858
-3341
-500
-297
898
-3920
58
14090883
-3161
-483
-246
907
-4010
-202
14091908
-2922
-496
-234
863
-3798
-480
14092933
-3000
-533
-242
894
-3603
-854
14093958
-2981
-529
-197
916
-4017
-1323
14094983
-2395
-537
-159
930
-4325
-1697
14096008
-1434
-544
-139
959
-4176
-1813
14097033
-685
-502
-144
990
-3826
-1789
14098058
-348
-438
-122
990
-3618
-1743
14099083
-332
-365
-83
979
-3547
-1754
14100108
-401
-281
-44
984
-3665
-1872
14101133
-348
-198
-10
974
-3709
-1976
14102158
-267
-118
7
965
-3681
-2010
14103183
-224
-50
11
958
-3668
-1976
14096000
-138
4
29
968
-3751
-1893
14097025
5
44
30
941
-3694
-1848
14098050
40
66
25
927
-3650
-1773
14099075
42
66
32
905
-3687
-1697
14100100
48
63
20
875
-3588
-1592
14101125
-39
51
1
865
-3605
-1618
14102150
-103
24
1
875
-3686
-1678
14103175
-51
1
7
887
-3713
-1685
14104200
21
-14
-5
876
-3653
-1667
14105225
1
-25
-14
887
-3585
-1679
14106250
-100
-26
-18
908
-3603
-1706
14107275
-152
-24
-16
931
-3700
-1772
14108300
-60
-19
-16
927
-3735
-1827
14109325
68
-15
-20
926
-3640
-1800
14110350
100
-9
-21
923
-3572
-1713
14111375
20
1
-19
904
-3553
-1700
14104193
-69
6
-9
900
-3601
-1765
14105218
-69
11
-4
920
-3654
-1771
14106243
0
15
-3
937
-3643
-1753
14107268
26
18
-1
929
-3596
-1700
14108293
-10
13
2
918
-3619
-1709
14109318
-48
6
-4
911
-3632
-1739
14110343
-76
7
-6
920
-3652
-1704
14111368
-65
8
-8
921
-3661
-1722
14112393
-35
4
-11
911
-3630
-1745
14113418
-65
-4
-20
909
-3583
-1744
14114443
-110
-9
-20
935
-3644
-1757
14115468
-79
-4
-21
942
-3661
-1773
14116493
-21
-3
-22
927
-3599
-1788
14117518
1
-3
-19
930
-3562
-1754
14118543
-25
-1
-16
940
-3539
-1733
14119568
-75
-4
-8
936
-3549
-1770
14112384
-87
-11
-1
931
-3589
-1848
14113409
-65
-9
5
928
-3583
-1827
14114434
-33
-1
12
939
-3590
-1789
14115459
-4
8
11
936
-3597
-1801
14116484
-16
11
11
937
-3576
-1781
14117509
-50
6
9
940
-3639
-1787
14118534
-31
0
6
931
-3654
-1796
14119559
21
-3
-1
930
-3634
-1764
14120584
46
-3
-10
938
-3588
-1739
14121609
2
-4
-12
931
-3567
-1747
14122634
-40
-10
-9
928
-3585
-1771
14123659
-23
-17
-8
931
-3611
-1783
14124684
33
-25
-3
951
-3597
-1807
14125709
78
-28
4
949
-3586
-1805
14126734
139
-30
16
934
-3636
-1777
14127759
271
-35
32
935
-3687
-1778
14120575
464
-50
45
932
-3674
-1766
14121600
557
-58
43
916
-3571
-1674
14122625
453
-63
44
899
-3582
-1607
14123650
322
-65
57
901
-3705
-1636
14124675
330
-56
64
906
-3773
-1691
14125700
435
-48
65
900
-3786
-1706
14126725
581
-37
66
880
-3884
-1673
14127750
827
0
63
903
-3980
-1630
14128775
1078
86
41
951
-3928
-1594
14129800
1151
165
35
977
-3947
-1554
14130825
1195
225
62
952
-4134
-1460
14131850
1493
296
90
964
-4265
-1406
14132875
2255
402
131
954
-4611
-1412
14133900
3470
546
164
971
-4882
-1224
14134925
4774
663
213
980
-4673
-947
14135950
5896
807
277
926
-4574
-810
14128817
7253
987
376
839
-4937
-588
14129842
9397
1083
509
796
-4984
-656
14130867
12691
1025
621
624
-4785
-815
14131892
17173
498
709
578
-3739
-1097
14132917
19120
193
649
542
1890
-389
14133942
12200
217
-114
782
9455
4529
14134967
1217
367
-681
615
5932
5074
14135992
-2966
654
-819
146
-1799
3711
14137017
-553
541
-661
32
-3123
3866
14138042
1345
260
-257
-256
1259
4560
14139067
741
-101
-327
486
2986
4940
14140092
-444
-52
-213
267
1074
5152
14141117
-451
-122
30
160
142
4679
14142142
-30
-208
153
227
580
4268
14143167
-96
-234
160
317
800
4090
14144192
-332
-191
191
365
283
3988
14136960
-184
-130
225
346
-148
3935
14137985
38
-92
193
413
124
3940
14139010
-98
-25
129
485
363
3962
14140035
-294
47
77
481
57
3999
14141060
-196
93
44
462
-133
4107
14142085
10
104
23
429
40
4203
14143110
2
105
-10
413
234
4265
14144135
-115
107
-29
356
188
4275
14145160
-126
95
-28
319
90
4312
14146185
-28
73
-13
271
114
4360
14147210
21
40
-13
274
242
4381
14148235
-15
17
-3
297
212
4328
14149260
-24
-7
14
327
159
4283
14150285
-2
-30
22
338
177
4289
14151310
-11
-43
18
338
193
4280
14152335
-26
-51
12
356
167
4222
14145151
-24
-50
13
372
153
4200
14146176
-24
-41
18
370
163
4203
14147201
-27
-28
14
362
144
4197
14148226
3
-13
15
353
104
4168
14149251
25
-8
15
369
195
4168
14150276
-29
3
8
371
181
4186
14151301
-36
16
-1
338
98
4231
14152326
2
9
-5
340
163
4247
14153351
-6
3
-3
349
200
4251
14154376
-33
-6
-8
365
165
4261
14155401
-49
-7
-12
380
153
4281
14156426
-12
-6
-2
347
88
4250
14157451
47
-19
0
346
159
4237
14158476
13
-25
-8
350
217
4213
14159501
-44
-21
-17
371
134
4182
14160526
-27
-11
-20
363
118
4207
14153345
4
-1
-18
359
173
4226
14154370
-9
6
-10
360
215
4206
14155395
-33
10
-2
359
176
4182
14156420
-24
11
-1
356
136
4234
14157445
11
12
-1
350
145
4279
14158470
19
4
-2
349
181
4252
14159495
-23
-4
0
368
158
4223
14160520
-18
-1
4
358
95
4230
14161545
26
-1
1
340
161
4259
14162570
14
-4
-1
345
199
4239
14163595
-11
-7
4
348
150
4213
14164620
4
-10
10
339
153
4244
14165645
1
-13
4
348
197
4249
14166670
-32
-9
4
345
170
4219
14167695
-49
-12
9
365
195
4190
14168720
-103
-5
12
368
245
4182
14161536
-196
10
8
357
246
4172
14162561
-315
18
3
357
291
4190
14163586
-528
30
0
338
291
4255
14164611
-852
49
-20
322
160
4271
14165636
-1294
83
-75
281
19
4299
14166661
-1818
67
-157
321
-126
4334
14167686
-2191
15
-229
366
-395
4375
14168711
-2328
-35
-255
383
-650
4324
14169736
-2518
-51
-276
415
-648
4236
14170761
-2849
-42
-257
396
-690
4073
14171786
-3029
-57
-232
365
-993
3871
14172811
-2857
-109
-194
340
-1471
3831
14173836
-2659
-159
-135
354
-1602
3884
14174861
-2668
-185
-56
418
-1754
3808
14175886
-2592
-185
33
417
-2223
3643
14176911
-2324
-165
105
434
-2416
3352
14169727
-2070
-181
126
438
-2434
3190
14170752
-2209
-226
72
510
-2380
3203
14171777
-2738
-218
28
581
-2435
3114
14172802
-3287
-182
6
561
-2820
2924
14173827
-3703
-160
-22
567
-3104
2673
14174852
-3958
-117
-31
554
-3333
2328
14175877
-3948
-99
-33
503
-3667
1935
14176902
-3813
-134
-99
523
-3764
1624
14177927
-3735
-151
-159
620
-3902
1425
14178952
-3389
-87
-119
580
-4586
1303
14179977
-2609
-39
-125
560
-5030
1036
14181002
-1716
-43
-184
638
-4832
768
14182027
-1156
-51
-199
655
-4479
722
14183052
-1011
-68
-212
676
-4269
759
14184077
-1012
-60
-226
699
-4213
745
14185102
-881
-34
-231
691
-4262
652
14177920
-588
-29
-227
680
-4276
555
14178945
-263
-47
-196
682
-4181
505
14179970
-75
-81
-153
701
-3995
526
14180995
-24
-103
-100
737
-3948
616
14182020
42
-110
-42
756
-4042
638
14183045
195
-118
2
757
-4086
597
14184070
306
-139
23
777
-4043
598
14185095
301
-154
46
792
-4036
636
14186120
261
-158
72
772
-4119
683
14187145
256
-160
78
739
-4221
695
14188170
289
-164
64
757
-4167
710
14189195
322
-159
49
800
-4037
708
14190220
340
-145
31
824
-4048
714
14191245
346
-134
19
829
-3973
695
14192270
271
-116
17
822
-3905
705
14193295
162
-88
30
769
-3935
767
14186112
51
-67
44
697
-3987
817
14187137
-2
-52
62
682
-4035
811
14188162
18
-42
72
672
-4093
798
14189187
80
-44
74
654
-4163
809
14190212
128
-56
74
687
-4142
851
14191237
98
-72
62
750
-4049
880
14192262
-7
-81
44
794
-4051
884
14193287
-60
-79
32
799
-4136
861
14194312
-6
-72
24
789
-4172
829
14195337
72
-72
19
797
-4087
779
14196362
53
-75
5
792
-4047
777
14197387
-32
-68
6
747
-4034
828
14198412
-87
-47
17
696
-4057
812
14199437
-83
-33
23
671
-4079
773
14200462
-56
-37
22
690
-4056
778
14201487
-79
-52
21
745
-3987
789
14194304
-147
-59
24
760
-4012
813
14195329
-215
-66
26
713
-4075
777
14196354
-275
-77
23
668
-4141
751
14197379
-307
-86
24
646
-4161
729
14198404
-300
-87
21
681
-4102
679
14199429
-293
-84
8
710
-4098
645
14200454
-338
-86
-2
664
-4121
634
14201479
-394
-96
6
615
-4182
602
14202504
-394
-116
3
586
-4242
516
14203529
-342
-142
-5
598
-4234
453
14204554
-280
-151
-7
655
-4177
445
14205579
-236
-124
-14
685
-4164
512
14206604
-252
-94
-22
725
-4139
498
14207629
-278
-74
-16
804
-4109
414
14208654
-252
-55
-6
867
-4131
332
14209679
-157
-34
2
919
-4122
289
14202609
-63
-13
2
933
-4041
309
14203634
-49
17
-1
922
-3991
342
14204659
-79
44
7
834
-4047
339
14205684
-62
55
25
730
-4100
320
14206709
32
54
43
680
-4087
302
14207734
110
70
20
694
-4228
272
14208759
196
79
34
705
-4285
265
14209784
389
86
78
692
-4323
326
14210809
694
118
82
704
-4397
369
14211834
1078
183
61
703
-4604
391
14212859
1594
247
61
741
-4635
397
14213884
2056
304
16
796
-4719
337
14214909
2888
398
61
812
-5112
269
14215934
4824
546
155
813
-5467
-79
14216959
8716
668
212
586
-6500
-366
14217984
14714
304
343
465
-6640
-752
14210688
18849
-161
438
284
-429
-1122
14211713
15893
-44
148
559
6486
2901
14212738
6836
-71
-474
776
7232
5668
14213763
-756
120
-778
197
2075
4172
14214788
-1963
181
-722
522
-1279
3289
14215813
-724
175
-516
131
-1616
3727
14216838
337
-95
-436
258
415
4130
14217863
246
-176
-387
831
2301
4528
14218888
-762
-46
-207
563
1257
4766
14219913
-1016
10
-112
320
-100
4524
14220938
-479
12
-16
355
-172
4307
14221963
-22
-16
96
376
122
4169
14222988
-5
-31
125
442
373
4123
14224013
-204
13
116
372
222
4159
14225038
-208
23
97
356
-190
4147
14226063
-23
10
70
456
-232
4141
14218880
50
21
32
496
-22
4185
14219905
-19
34
-12
531
2
4216
14220930
-29
53
-30
517
-124
4242
14221955
44
46
-45
487
-65
4312
14222980
57
25
-70
455
22
4326
14224005
1
-5
-83
444
66
4318
14225030
-39
-18
-68
403
32
4327
14226055
-33
-45
-50
383
94
4291
14227080
-74
-68
-47
400
125
4241
14228105
-145
-80
-53
447
105
4211
14229130
-144
-75
-49
496
43
4185
14230155
-71
-61
-32
518
39
4153
14231180
-68
-44
-25
525
94
4105
14232205
-129
-19
-25
512
26
4108
14233230
-102
5
-26
469
-112
4150
14234255
-42
6
-40
492
-23
4185
14227073
-70
21
-43
484
15
4172
14228098
-104
33
-39
480
-13
4185
14229123
-87
46
-37
463
-94
4211
14230148
-12
48
-31
447
-36
4243
14231173
-14
44
-26
443
17
4252
14232198
-42
41
-15
455
-41
4279
14233223
-16
30
2
442
-51
4320
14234248
8
16
12
434
-50
4322
14235273
26
0
20
411
-54
4340
14236298
39
-26
23
423
-7
4319
14237323
24
-45
30
452
28
4265
14238348
12
-52
39
453
-1
4253
14239373
21
-57
45
453
5
4266
14240398
9
-64
53
466
40
4221
14241423
-16
-54
61
456
-6
4175
14242448
9
-50
63
453
-38
4171
14235263
10
-44
55
479
9
4177
14236288
-24
-25
53
485
-70
4152
14237313
5
-13
53
498
-96
4184
14238338
23
-5
54
497
-42
4203
14239363
-35
1
46
485
-24
4160
14240388
-108
2
20
480
-93
4175
14241413
-143
1
-13
506
-102
4249
14242438
-133
8
-20
472
-108
4270
14243463
-174
-2
-34
464
1
4252
14244488
-394
-15
-63
420
40
4277
14245513
-753
-52
-113
456
-6
4320
14246538
-1127
-70
-162
491
-236
4334
14247563
-1291
-86
-184
496
-476
4295
14248588
-1234
-119
-198
570
-575
4238
14249613
-1306
-115
-210
577
-509
4215
14250638
-1784
-108
-247
555
-354
4190
14243457
-2807
-112
-346
579
-353
4188
14244482
-4003
-123
-432
575
-757
4083
14245507
-4675
-191
-501
563
-1581
3995
14246532
-4758
-282
-530
603
-2171
4009
14247557
-4354
-333
-473
656
-2530
3775
14248582
-3728
-363
-408
689
-2531
3396
14249607
-3581
-379
-371
802
-2220
3078
14250632
-3831
-364
-310
816
-2210
2927
14251657
-4141
-370
-255
798
-2528
2681
14252682
-4336
-405
-233
847
-2908
2397
14253707
-4467
-439
-183
939
-3204
2119
14254732
-4461
-459
-99
895
-3609
1710
14255757
-4127
-546
-42
871
-3861
1332
14256782
-3732
-672
0
935
-3667
1054
14257807
-3543
-684
-5
958
-3618
775
14258832
-3812
-687
-147
972
-3524
380
14251648
-4393
-647
-255
1115
-3546
-200
14252673
-4621
-583
-238
1159
-3938
-821
14253698
-4276
-577
-214
1131
-4330
-1254
14254723
-3552
-604
-257
1087
-4343
-1369
14255748
-2815
-645
-285
1099
-4142
-1429
14256773
-2072
-640
-273
1094
-4133
-1436
14257798
-1373
-623
-262
1096
-3908
-1473
14258823
-1002
-608
-235
1088
-3662
-1683
14259848
-824
-601
-175
1081
-3586
-1827
14260873
-720
-594
-150
1049
-3432
-1881
14261898
-619
-568
-144
1053
-3486
-2004
14262923
-442
-545
-112
1048
-3498
-2147
14263948
-333
-514
-89
1039
-3328
-2227
14264973
-284
-468
-57
1046
-3392
-2338
14265998
-95
-404
-15
1033
-3504
-2363
14267023
189
-334
31
1014
-3489
-2333
14259839
316
-261
60
984
-3320
-2304
14260864
244
-192
84
973
-3345
-2253
14261889
81
-117
85
969
-3357
-2158
14262914
-65
-53
97
982
-3488
-2123
14263939
-95
-5
88
974
-3615
-2125
14264964
-8
19
74
962
-3682
-2104
14265989
122
22
57
942
-3655
-2038
14267014
173
18
34
908
-3517
-1931
14268039
74
10
8
900
-3460
-1862
14269064
-5
-4
2
901
-3547
-1911
14270089
5
-19
-8
886
-3515
-1970
14271114
18
-32
-12
881
-3456
-1967
14272139
-5
-40
-8
906
-3468
-1924
14273164
-29
-41
-6
924
-3479
-1945
14274189
-33
-38
-3
949
-3458
-1994
14275214
-29
-36
1
949
-3472
-2033
14268032
-29
-29
6
940
-3487
-2023
14269057
-23
-19
14
923
-3508
-2015
14270082
-33
-9
13
914
-3464
-2015
14271107
-60
1
8
913
-3476
-2015
14272132
-72
8
5
900
-3507
-2010
14273157
-56
14
2
904
-3518
-2021
14274182
-26
17
0
902
-3496
-2019
14275207
-34
17
-3
912
-3497
-2004
14276232
-45
16
-5
930
-3503
-1998
14277257
-7
15
-6
923
-3476
-2005
14278282
7
18
-11
914
-3421
-1994
14279307
-39
17
-5
910
-3456
-1977
14280332
-53
14
0
919
-3502
-1977
14281357
-14
11
-1
922
-3478
-2001
14282382
9
6
-2
925
-3466
-1979
14283407
-14
-2
-3
918
-3442
-1978
14276225
-75
-6
-5
921
-3445
-1990
14277250
-101
-5
-8
929
-3486
-2027
14278275
-55
2
-4
929
-3508
-2056
14279300
-24
8
-9
921
-3433
-2049
14280325
-88
9
-17
924
-3409
-2017
14281350
-183
14
-20
939
-3490
-2059
14282375
-181
25
-23
948
-3527
-2114
14283400
-84
37
-29
954
-3500
-2114
14284425
-29
39
-34
943
-3442
-2099
14285450
-35
40
-37
946
-3450
-2082
14286475
-18
44
-37
957
-3462
-2074
14287500
38
47
-33
955
-3450
-2083
14288525
117
48
-27
946
-3477
-2086
14289550
293
55
-18
927
-3569
-2140
14290575
680
91
-7
954
-3807
-2241
14291600
1473
193
6
1064
-3960
-2297
14284417
1971
389
-41
1135
-3307
-1956
14285442
1366
514
-11
1172
-3200
-1770
14286467
807
599
57
1140
-3966
-1837
14287492
1340
735
60
1198
-4587
-1906
14288517
2599
836
81
1203
-4902
-2081
14289542
4178
902
151
1165
-5066
-1911
14290567
6089
980
210
1026
-5266
-1404
14291592
8334
1021
231
936
-5318
-1000
14292617
10147
990
216
891
-4184
-794
14293642
10336
923
139
975
-2418
155
14294667
9396
953
50
914
-2213
1419
14295692
8740
950
-90
991
-2322
1874
14296717
8787
874
-144
786
-1629
2212
14297742
8849
752
-6
574
-632
2927
14298767
8591
617
210
703
-728
3052
14299792
7454
345
256
473
2687
3065
14292608
3878
150
-66
625
4460
3880
14293633
430
258
-262
527
2016
4225
14294658
-277
211
-187
481
269
4748
14295683
202
119
-17
310
433
4920
14296708
367
-9
9
403
1108
4429
14297733
-88
-72
7
574
1218
4129
14298758
-562
-84
55
566
356
4221
14299783
-386
-109
83
588
-159
4300
14300808
-23
-100
66
591
180
4221
14301833
-77
-69
26
629
432
4030
14302858
-326
-17
3
648
233
4019
14303883
-284
20
1
599
-38
4086
14304908
-59
22
-16
625
243
4151
14305933
-79
47
-30
641
417
4153
14306958
-160
80
-6
592
292
4129
14307983
-133
63
0
606
333
4163
14300801
-136
71
4
559
199
4242
14301826
-87
44
9
563
212
4238
14302851
-88
27
13
600
316
4244
14303876
-117
43
32
521
137
4266
14304901
-72
13
21
548
107
4265
14305926
-64
9
7
571
188
4262
14306951
-94
1
11
561
156
4207
14307976
-106
-22
3
576
166
4210
14309001
-103
-17
-5
587
120
4242
14310026
-16
-23
8
573
130
4198
14311051
8
-36
1
585
253
4155
14312076
-108
-24
-13
567
255
4155
14313101
-175
-11
-13
580
136
4166
14314126
-99
-8
2
579
61
4206
14315151
-4
-7
17
586
149
4185
14316176
-18
-7
18
590
207
4169
14308993
-84
5
7
575
104
4174
14310018
-55
7
1
565
54
4195
14311043
-10
-2
-3
591
121
4209
14312068
-37
2
-6
592
134
4193
14313093
-49
2
-11
576
90
4208
14314118
-23
-3
-13
576
95
4222
14315143
1
-5
-9
580
128
4199
14316168
4
-3
-6
585
158
4169
14317193
-6
4
-9
588
151
4187
14318218
11
9
-3
561
121
4223
14319243
41
7
4
569
150
4234
14320268
40
0
11
562
155
4225
14321293
20
-12
12
569
177
4220
14322318
-14
-14
10
581
145
4203
14323343
-18
-14
8
575
111
4208
14324368
-5
-16
6
583
111
4193
14317184
15
-16
11
573
142
4205
14318209
9
-13
18
560
181
4217
14319234
-35
-21
18
575
206
4175
14320259
-95
-23
19
578
187
4158
14321284
-171
-27
15
588
188
4177
14322309
-309
-33
6
584
222
4168
14323334
-533
-36
-11
585
178
4182
14324359
-796
-37
-31
625
94
4158
14325384
-1113
-15
-59
610
89
4206
14326409
-1631
6
-115
585
99
4246
14327434
-2184
-21
-183
633
-89
4143
14328459
-2694
-42
-247
687
-212
4100
14329484
-3401
-35
-273
668
-343
4070
14330509
-4275
-64
-272
638
-702
4025
14331534
-4887
-129
-253
589
-1389
3989
14332559
-4648
-251
-198
508
-2355
3927
14325375
-3818
-363
-136
604
-2826
3702
14326400
-3118
-407
-47
700
-2626
3481
14327425
-2967
-420
20
720
-2549
3339
14328450
-3118
-405
44
727
-2538
3155
14329475
-3408
-403
35
795
-2472
2777
14330500
-3642
-423
6
856
-2787
2342
14331525
-3812
-464
-31
913
-3131
2056
14332550
-3922
-497
-62
926
-3436
1902
14333575
-3882
-506
-56
934
-3754
1620
14334600
-3534
-517
17
910
-4060
1337
14335625
-3090
-555
73
925
-3991
1105
14336650
-2925
-592
80
944
-3689
828
14337675
-3024
-610
85
908
-3530
651
14338700
-3382
-664
60
913
-3316
329
14339725
-3730
-674
38
933
-3637
-133
14340750
-3876
-655
-36
935
-3892
-496
14333568
-3889
-642
-95
992
-4063
-920
14334593
-3547
-629
-80
998
-4316
-1337
14335618
-2929
-612
-87
951
-4274
-1599
14336643
-2447
-577
-146
944
-3919
-1778
14337668
-2256
-536
-161
976
-3858
-2085
14338693
-2023
-472
-135
992
-4057
-2347
14339718
-1577
-410
-120
985
-4017
-2398
14340743
-1029
-334
-119
979
-3796
-2299
14341768
-610
-241
-121
978
-3593
-2184
14342793
-359
-149
-96
989
-3468
-2097
14343818
-263
-71
-65
962
-3404
-2155
14344843
-232
-10
-36
962
-3405
-2273
14345868
-152
33
-6
961
-3431
-2316
14346893
42
58
21
961
-3409
-2229
14347918
175
79
28
947
-3292
-2066
14348943
92
81
32
911
-3252
-1963
14341767
-49
58
58
911
-3402
-2011
14342792
-31
44
70
906
-3481
-2049
14343817
94
39
69
912
-3499
-2025
14344842
151
34
56
901
-3423
-1934
14345867
61
17
49
897
-3411
-1894
14346892
-33
-10
44
891
-3523
-2000
14347917
-15
-28
38
904
-3576
-2042
14348942
81
-36
24
917
-3508
-2043
14349967
79
-36
5
897
-3425
-1985
14350992
-19
-37
-4
899
-3464
-2008
14352017
-58
-30
-4
918
-3520
-2095
14353042
-11
-15
-9
939
-3514
-2135
14354067
49
-8
-12
931
-3447
-2108
14355092
58
-2
-13
920
-3409
-2036
14356117
25
2
-6
900
-3412
-2005
14357142
-8
6
0
902
-3430
-2025
14349952
-13
4
7
906
-3448
-2037
14350977
-4
-3
7
903
-3459
-2026
14352002
24
-13
9
918
-3463
-1998
14353027
28
-17
5
912
-3425
-1997
14354052
-24
-19
1
906
-3434
-2004
14355077
-38
-24
6
911
-3500
-2062
14356102
4
-22
8
910
-3468
-2055
14357127
32
-20
4
914
-3440
-2034
14358152
18
-22
2
908
-3447
-2038
14359177
-10
-23
5
911
-3457
-2039
14360202
-20
-17
2
909
-3479
-2039
14361227
-3
-13
-1
921
-3487
-2070
14362252
26
-14
-2
922
-3471
-2108
14363277
43
-15
-2
913
-3447
-2116
14364302
35
-7
3
909
-3457
-2111
14365327
57
7
13
920
-3469
-2129
14358145
168
16
25
914
-3562
-2288
14359170
518
21
41
932
-3727
-2459
14360195
934
81
34
939
-3459
-2175
14361220
807
141
38
931
-3270
-1856
14362245
404
163
83
916
-3437
-1832
14363270
319
195
102
909
-3835
-2103
14364295
884
259
99
907
-4161
-2349
14365320
1846
357
82
935
-4251
-2296
14366345
2677
468
54
970
-4200
-2138
14367370
3303
604
36
1018
-4362
-2034
14368395
4331
809
84
1030
-4978
-2057
14369420
6753
1107
267
1011
-5772
-1950
14370445
10453
1345
439
792
-5460
-1137
14371470
13271
1144
254
595
-3196
-588
14372495
14608
771
169
663
-1829
-196
14373520
15489
438
147
886
-975
355
14366336
14461
440
-23
671
1863
1925
14367361
9871
464
-277
608
4878
4545
14368386
3308
423
-738
931
4248
5335
14369411
-422
554
-690
518
848
3938
14370436
-623
675
-631
246
-670
3317
14371461
-7
600
-546
114
-899
3831
14372486
604
268
-255
313
625
4603
14373511
584
98
-39
409
1757
5241
14374536
14
61
19
257
1179
5264
14375561
-298
-22
81
217
258
4657
14376586
-96
-141
197
282
7
4194
14377611
101
-208
224
381
243
4150
14378636
-3
-190
177
424
320
4211
14379661
-160
-163
119
466
64
4112
14380686
-110
-131
64
543
-119
3995
14381711
-2
-76
14
601
136
4018
14374527
-39
-16
-4
584
197
3950
14375552
-80
21
-21
571
287
3991
14376577
-141
70
-42
510
248
4118
14377602
-120
84
-38
455
259
4153
14378627
-122
85
-34
461
209
4226
14379652
-34
93
8
409
95
4226
14380677
68
76
21
426
259
4290
14381702
30
73
20
390
301
4350
14382727
-79
44
10
401
284
4330
14383752
-105
21
20
422
75
4253
14384777
7
-7
29
430
129
4259
14385802
8
-17
17
449
224
4277
14386827
-23
-15
21
432
178
4220
14387852
-44
-22
12
450
193
4178
14388877
-87
-13
5
461
166
4171
14389902
-47
0
10
440
86
4176
14382721
17
8
3
436
207
4221
14383746
-33
19
1
436
253
4180
14384771
-89
24
7
436
192
4183
14385796
-94
27
6
430
153
4215
14386821
-86
28
4
427
140
4229
14387846
-53
31
9
417
65
4203
14388871
0
23
7
417
139
4252
14389896
-25
20
-4
427
154
4238
14390921
-32
18
-5
417
117
4250
14391946
-19
12
-8
409
132
4254
14392971
-24
3
-5
412
176
4254
14393996
-42
-2
1
407
113
4249
14395021
-15
-9
-1
421
127
4223
14396046
-7
-9
-4
419
136
4206
14397071
-16
-7
-6
414
124
4213
14398096
-10
-5
-7
408
125
4213
14390912
-2
-2
-8
409
162
4202
14391937
-22
4
-6
428
169
4198
14392962
-31
10
1
422
111
4199
14393987
-5
12
0
419
131
4229
14395012
1
15
-1
403
141
4240
14396037
-6
9
-1
409
116
4233
14397062
-1
7
4
410
104
4240
14398087
8
5
4
400
135
4241
14399112
-9
0
-5
407
140
4210
14400137
-22
2
-9
423
120
4224
14401162
-13
5
-2
415
119
4215
14402187
15
9
5
407
121
4213
14403212
21
11
5
399
138
4230
14404237
0
9
-4
401
140
4238
14405262
-13
6
-4
414
115
4224
14406287
-4
6
1
409
127
4226
14399105
2
7
0
386
130
4234
14400130
6
8
-1
384
93
4238
14401155
24
1
-2
400
106
4232
14402180
23
2
-5
404
141
4219
14403205
12
5
-6
393
136
4232
14404230
-1
3
-8
397
160
4226
14405255
-17
1
-7
408
177
4207
14406280
-27
8
4
395
154
4239
14407305
-28
17
11
367
131
4277
14408330
-54
18
9
348
142
4302
14409355
-134
-1
-8
392
152
4309
14410380
-238
-23
-35
406
138
4370
14411405
-348
-44
-54
377
110
4373
14412430
-463
-69
-65
339
130
4336
14413455
-665
-112
-96
361
204
4292
14414480
-944
-127
-130
404
81
4243
14407296
-1195
-133
-155
403
-90
4219
14408321
-1461
-150
-189
433
-188
4184
14409346
-1838
-169
-238
485
-252
4164
14410371
-2363
-171
-308
515
-383
4194
14411396
-2877
-181
-361
529
-673
4175
14412421
-3199
-205
-389
585
-1022
4062
14413446
-3335
-232
-388
586
-1268
3984
14414471
-3470
-280
-380
560
-1460
3965
14415496
-3581
-352
-374
556
-1774
3961
14416521
-3504
-418
-341
614
-2181
3797
14417546
-3262
-466
-288
657
-2411
3586
14418571
-3095
-509
-243
713
-2458
3373
14419596
-3066
-555
-209
767
-2509
3178
14420621
-3142
-598
-175
840
-2593
2944
14421646
-3195
-626
-140
895
-2767
2688
14422671
-3340
-665
-130
946
-2876
2445
14415558
-3645
-705
-120
1007
-2970
2114
14416583
-3959
-747
-115
1002
-3252
1803
14417608
-4181
-780
-129
1024
-3505
1422
14418633
-4252
-831
-168
1086
-3746
1035
14419658
-4218
-851
-222
1149
-3863
656
14420683
-4206
-841
-291
1157
-3894
320
14421708
-4397
-871
-362
1220
-3692
-83
14422733
-4529
-831
-361
1329
-3782
-551
14423758
-4392
-757
-362
1289
-3934
-974
14424783
-3963
-723
-364
1281
-4020
-1302
14425808
-3260
-706
-334
1275
-3975
-1510
14426833
-2416
-696
-295
1277
-3886
-1678
14427858
-1604
-679
-253
1298
-3753
-1765
14428883
-926
-645
-186
1306
-3482
-1619
14429908
-558
-608
-128
1286
-3221
-1516
14430933
-524
-591
-67
1250
-3139
-1640
14423679
-629
-592
-18
1222
-3222
-1962
14424704
-653
-604
18
1181
-3354
-2299
14425729
-585
-606
24
1134
-3333
-2543
14426754
-535
-570
18
1126
-3350
-2612
14427779
-433
-503
14
1130
-3421
-2557
14428804
-305
-413
13
1129
-3443
-2534
14429829
-211
-303
25
1128
-3446
-2573
14430854
-98
-190
43
1134
-3408
-2573
14431879
-24
-83
40
1120
-3332
-2535
14432904
16
3
38
1125
-3326
-2441
14433929
42
66
30
1117
-3301
-2328
14434954
58
99
34
1096
-3313
-2250
14435979
101
106
31
1062
-3254
-2155
14437004
48
96
27
1034
-3203
-2071
14438029
-12
67
29
1021
-3297
-2068
14439054
-40
38
24
1023
-3304
-2096
14431873
-48
11
23
1037
-3331
-2097
14432898
-22
-18
21
1047
-3308
-2125
14433923
11
-37
17
1050
-3280
-2140
14434948
2
-46
9
1061
-3277
-2178
14435973
-46
-47
11
1078
-3288
-2230
14436998
-76
-36
18
1075
-3277
-2234
14438023
-89
-20
16
1076
-3311
-2227
14439048
-59
-7
14
1072
-3350
-2251
14440073
-22
4
9
1077
-3314
-2245
14441098
-35
9
4
1060
-3279
-2195
14442123
-65
9
-2
1056
-3318
-2200
14443148
-48
6
-5
1050
-3337
-2214
14444173
14
0
-5
1051
-3308
-2213
14445198
52
-7
-9
1047
-3250
-2189
14446223
3
-12
-7
1058
-3239
-2169
14447248
-100
-12
-10
1051
-3225
-2181
14440065
-222
-16
-15
1058
-3260
-2209
14441090
-305
-18
-23
1061
-3304
-2270
14442115
-327
-18
-36
1069
-3314
-2327
14443140
-293
-17
-49
1075
-3298
-2359
14444165
-249
-11
-66
1076
-3271
-2371
14445190
-199
-2
-71
1087
-3266
-2383
14446215
-109
4
-67
1094
-3228
-2433
14447240
-8
12
-65
1088
-3148
-2427
14448265
57
21
-49
1105
-3105
-2399
14449290
125
29
-21
1095
-3154
-2464
14450315
284
48
5
1068
-3239
-2604
14451340
750
99
43
1091
-3508
-2733
14452365
1628
216
85
1167
-3608
-2711
14453390
2389
397
104
1239
-3439
-2680
14454415
2688
576
148
1257
-3422
-2534
14455440
3015
763
213
1258
-4071
-2234
14448256
4305
1008
334
1272
-5027
-1744
14449281
6441
1267
544
1273
-5336
-1352
14450306
8407
1399
639
1083
-4758
-1134
14451331
9125
1246
509
859
-3098
-549
14452356
8297
1026
266
802
-2042
501
14453381
7183
977
148
850
-2912
1616
14454406
7305
1019
151
1010
-3858
1967
14455431
8968
1020
191
924
-4215
1867
14456456
10977
856
187
734
-2225
1434
14457481
11181
876
110
764
-202
1588
14458506
9917
715
111
689
1673
2080
14459531
5857
592
-142
429
4463
3513
14460556
1254
539
-352
268
3191
4569
14461581
-387
501
-489
222
669
4811
14462606
-5
460
-511
295
166
5142
14463631
361
335
-168
112
636
4792
14456448
263
191
-41
160
1498
4595
14457473
-142
137
4
139
1045
4479
14458498
-312
69
60
131
556
4367
14459523
-216
-15
81
201
282
4320
14460548
-45
-43
102
244
325
4380
14461573
-64
-59
98
282
466
4356
14462598
-239
-61
56
320
313
4182
14463623
-261
-61
26
352
137
4110
14464648
-184
-51
-2
381
257
4198
14465673
-187
-38
-21
374
311
4210
14466698
-219
-24
-24
361
321
4174
14467723
-210
-6
-14
340
206
4177
14468748
-89
-3
-3
288
167
4256
14469773
-27
-17
-8
297
297
4309
14470798
-78
-22
4
313
247
4257
14471823
-113
-23
7
335
199
4216
14464639
-89
-26
8
349
118
4203
14465664
-45
-26
-4
364
154
4231
14466689
-40
-18
-17
382
239
4217
14467714
-63
-7
-16
357
237
4159
14468739
-70
1
-18
329
206
4189
14469764
-51
1
-22
330
167
4209
14470789
-31
2
-28
350
233
4226
14471814
-55
15
-30
350
257
4208
14472839
-72
22
-22
323
221
4204
14473864
-49
12
-12
327
216
4219
14474889
-9
11
-7
321
181
4240
14475914
16
10
-10
327
230
4265
14476939
1
7
-3
315
228
4272
14477964
-14
0
6
315
200
4270
14478989
-7
-12
4
331
192
4245
14480014
5
-18
-4
347
199
4233
14472832
3
-21
-6
346
249
4250
14473857
-19
-22
-1
333
253
4231
14474882
-27
-18
4
322
193
4214
14475907
-1
-24
5
330
201
4228
14476932
6
-20
4
346
200
4225
14477957
12
-15
8
341
202
4197
14478982
-1
-18
4
354
233
4183
14480007
-48
-13
1
354
220
4175
14481032
-70
1
-7
353
150
4208
14482057
-14
10
-7
342
144
4227
14483082
30
10
-1
342
208
4239
14484107
6
9
7
341
252
4215
14485132
-36
9
4
330
193
4224
14486157
-28
6
-2
329
147
4243
14487182
5
0
-2
343
188
4251
14488207
-16
3
0
341
232
4226
14481025
-49
7
-2
333
194
4203
14482050
-35
5
-5
321
170
4243
14483075
-20
0
-5
326
209
4251
14484100
-32
-2
4
330
226
4237
14485125
-37
-5
17
315
190
4233
14486150
-31
-10
20
338
213
4242
14487175
-51
-9
20
359
212
4217
14488200
-66
-2
22
337
173
4195
14489225
-46
-1
22
335
141
4207
14490250
-19
4
25
340
178
4258
14491275
-29
9
36
329
202
4214
14492300
-60
7
41
336
218
4180
14493325
-106
8
30
332
213
4247
14494350
-169
9
18
317
226
4287
14495375
-268
3
18
309
253
4228
14496400
-469
2
3
283
277
4239
14489216
-861
2
-51
273
179
4318
14490241
-1329
-12
-141
318
-23
4376
14491266
-1716
-47
-214
372
-215
4330
14492291
-2057
-70
-263
378
-295
4275
14493316
-2557
-84
-316
370
-350
4209
14494341
-3203
-116
-380
405
-412
4124
14495366
-3826
-160
-414
429
-704
4029
14496391
-4139
-213
-397
425
-1184
3915
14497416
-4150
-283
-348
397
-1551
3855
14498441
-4109
-382
-270
376
-1771
3720
14499466
-4296
-465
-212
427
-1932
3484
14500491
-4586
-528
-190
537
-2263
3102
14501516
-4456
-589
-152
588
-3010
2910
14502541
-4063
-663
-112
599
-3256
2750
14503566
-3965
-735
-77
685
-2988
2358
14504591
-4221
-790
-80
753
-2983
1941
14497408
-4596
-845
-122
745
-3362
1592
14498433
-4919
-876
-165
753
-3876
1108
14499458
-4885
-896
-175
844
-4184
652
14500483
-4619
-935
-195
858
-4085
373
14501508
-4708
-1002
-272
889
-3773
-4
14502533
-4888
-972
-286
953
-3747
-480
14503558
-4786
-905
-293
915
-3957
-1102
14504583
-4185
-843
-278
944
-4295
-1694
14505608
-3123
-777
-246
976
-4313
-2002
14506633
-2031
-697
-212
1022
-4042
-2157
14507658
-1273
-578
-164
1058
-3715
-2212
14508683
-932
-443
-120
1082
-3587
-2261
14509708
-750
-335
-70
1120
-3555
-2324
14510733
-664
-233
-40
1106
-3514
-2389
14511758
-599
-139
-19
1083
-3583
-2390
14512783
-463
-62
-2
1024
-3544
-2230
14505601
-329
2
-2
967
-3491
-2087
14506626
-239
51
-6
947
-3464
-2041
14507651
-286
80
-13
938
-3442
-2083
14508676
-291
83
3
937
-3574
-2126
14509701
-148
73
6
933
-3560
-2071
14510726
55
62
-4
951
-3539
-1949
14511751
103
51
-34
936
-3294
-1890
14512776
-100
28
-37
943
-3361
-1952
14513801
-190
3
-29
949
-3513
-1997
14514826
-119
-13
-34
947
-3478
-2039
14515851
23
-33
-28
953
-3455
-2012
14516876
125
-46
-28
962
-3336
-2003
14517901
68
-47
-23
966
-3271
-1993
14518926
-49
-47
-11
992
-3363
-2035
14519951
-79
-50
5
997
-3399
-2075
14520976
-42
-56
10
986
-3398
-2121
14513792
-31
-59
5
974
-3386
-2158
14514817
-26
-55
10
951
-3415
-2151
14515842
-2
-44
16
946
-3410
-2119
14516867
16
-29
9
938
-3426
-2092
14517892
33
-23
4
967
-3422
-2122
14518917
20
-20
-1
968
-3410
-2157
14519942
-34
-11
-7
963
-3408
-2124
14520967
-64
-1
-8
965
-3449
-2088
14521992
-28
5
-8
964
-3438
-2093
14523017
19
6
-9
959
-3398
-2089
14524042
31
0
-10
970
-3365
-2095
14525067
6
0
-8
972
-3369
-2081
14526092
6
3
0
974
-3421
-2068
14527117
85
0
12
968
-3452
-2093
14528142
233
-9
20
967
-3487
-2199
14529167
532
-43
27
949
-3611
-2376
14521986
969
-92
8
944
-3559
-2241
14523011
978
-100
-48
950
-3221
-1782
14524036
525
-105
-29
956
-3292
-1560
14525061
184
-97
3
950
-3570
-1619
14526086
106
-50
1
954
-3719
-1817
14527111
228
-9
-5
968
-3840
-2091
14528136
582
26
-23
930
-3989
-2294
14529161
1135
98
-54
999
-4024
-2104
14530186
1624
228
-84
1090
-3955
-1966
14531211
1993
380
-85
1070
-4096
-1921
14532236
2632
550
-41
1059
-4552
-1830
14533261
3994
762
38
1123
-4928
-1537
14534286
5805
983
112
1168
-4882
-1267
14535311
7768
1195
152
1020
-4962
-907
14536336
9497
1260
172
815
-4540
-333
14537361
10284
1103
71
793
-3821
255
14530177
11162
1061
14
1007
-3907
664
14531202
12811
1033
23
966
-3442
807
14532227
14304
896
-46
546
-1190
843
14533252
12319
621
-167
608
2637
2223
14534277
6210
320
-657
788
4759
3198
14535302
366
366
-822
358
2137
3329
14536327
-1125
266
-846
225
-239
4606
14537352
-176
-3
-837
561
-132
5516
14538377
620
-139
-491
583
1584
5270
14539402
4
-161
-284
377
1924
4504
14540427
-657
-229
-239
363
642
4174
14541452
-405
-287
-140
460
171
4357
14542477
18
-297
-20
583
484
4361
14543502
37
-236
52
645
651
4067
14544527
-186
-141
75
723
505
3749
14545552
-288
-37
97
669
269
3629
14538369
-199
3
69
696
118
3790
14539394
-86
50
39
734
196
3987
14540419
-87
94
28
751
330
4087
14541444
-189
124
26
766
251
4120
14542469
-178
155
43
692
54
4234
14543494
-29
131
45
608
55
4296
14544519
-13
86
13
608
178
4287
14545544
-145
58
-4
599
165
4277
14546569
-204
35
0
568
-15
4290
14547594
-104
2
3
585
-1
4293
14548619
-57
-16
0
606
166
4246
14549644
-167
-18
-10
606
183
4201
14550669
-244
-24
-7
617
73
4188
14551694
-212
-28
5
639
48
4188
14552719
-155
-22
20
628
89
4175
14553744
-145
-9
22
631
60
4179
14546560
-96
-1
30
632
-13
4136
14547585
-39
-6
30
660
38
4138
14548610
-60
6
31
654
62
4130
14549635
-111
17
21
649
18
4161
14550660
-112
41
16
636
-70
4164
14551685
-21
39
14
615
-81
4186
14552710
-1
34
7
625
30
4191
14553735
-78
37
-1
607
5
4220
14554760
-123
34
-10
596
-93
4240
14555785
-57
29
-8
602
-95
4237
14556810
12
19
-7
612
-5
4230
14557835
-6
19
-3
608
30
4203
14558860
-22
19
6
580
-24
4224
14559885
-11
13
10
586
-7
4219
14560910
-33
5
8
604
2
4197
14561935
-57
14
3
612
-73
4213
14554751
-3
17
12
583
-68
4226
14555776
19
10
14
583
21
4213
14556801
-41
7
10
597
-9
4195
14557826
-50
9
9
595
-86
4221
14558851
1
4
9
597
-47
4218
14559876
21
14
12
583
-17
4201
14560901
12
11
12
569
-2
4189
14561926
-18
1
7
582
-3
4210
14562951
-39
3
8
581
-49
4223
14563976
-16
0
11
586
-70
4229
14565001
8
-1
14
574
-25
4242
14566026
-5
-4
16
567
-12
4218
14567051
-25
-13
16
573
-25
4202
14568076
-48
-22
10
586
-10
4214
14569101
-89
-28
6
587
-9
4212
14570126
-141
-30
5
583
-35
4205
14562944
-161
-37
3
583
-78
4181
14563969
-156
-49
-5
593
-91
4188
14564994
-172
-55
-13
608
-71
4209
14566019
-204
-60
-15
607
-83
4232
14567044
-243
-64
-12
618
-81
4202
14568069
-300
-64
-11
624
-95
4199
14569094
-499
-48
-22
593
-61
4246
14570119
-850
-53
-47
593
-88
4255
14571144
-1285
-78
-110
672
-75
4297
14572169
-1982
-81
-174
680
-88
4298
14573194
-2690
-116
-213
654
-303
4195
14574219
-3399
-171
-261
658
-405
4152
14575244
-4215
-244
-281
651
-670
4064
14576269
-4753
-373
-236
641
-1279
3922
14577294
-4801
-535
-163
651
-1939
3815
14578319
-4660
-649
-119
693
-2371
3659
14571136
-4634
-730
-104
791
-2503
3335
14572161
-4723
-817
-98
877
-2658
2955
14573186
-4881
-893
-116
962
-2811
2478
14574211
-4971
-967
-136
1047
-3047
1998
14575236
-4937
-1031
-154
1066
-3380
1548
14576261
-4772
-1072
-163
1033
-3652
1184
14577286
-4584
-1139
-167
1097
-3607
833
14578311
-4593
-1152
-190
1177
-3596
476
14579336
-4761
-1126
-207
1207
-3690
44
14580361
-4840
-1090
-204
1338
-3713
-489
14581386
-4694
-1010
-184
1321
-3684
-1022
14582411
-4245
-942
-134
1310
-3893
-1514
14583436
-3343
-870
-92
1288
-3988
-1765
14584461
-2190
-769
-60
1287
-3957
-1830
14585486
-1070
-655
-3
1283
-3806
-1732
14586511
-248
-548
50
1268
-3545
-1684
14579327
19
-464
98
1229
-3312
-1724
14580352
-143
-412
175
1205
-3354
-1779
14581377
-308
-389
237
1133
-3502
-1824
14582402
-309
-386
251
1078
-3630
-1935
14583427
-152
-384
238
1047
-3699
-2054
14584452
32
-361
213
1020
-3710
-2029
14585477
86
-321
183
1005
-3693
-1977
14586502
30
-272
162
981
-3740
-1969
14587527
-11
-226
135
989
-3795
-2046
14588552
-7
-180
103
998
-3781
-2082
14589577
31
-135
72
989
-3736
-2033
14590602
67
-90
43
963
-3693
-1958
14591627
79
-49
21
949
-3620
-1907
14592652
62
-15
14
929
-3627
-1878
14593677
42
10
3
937
-3633
-1884
14594702
24
25
3
937
-3618
-1839
14587520
39
30
8
937
-3625
-1792
14588545
59
33
12
919
-3591
-1767
14589570
70
33
20
925
-3601
-1730
14590595
67
30
26
930
-3563
-1716
14591620
11
23
27
939
-3559
-1726
14592645
-49
12
35
934
-3625
-1739
14593670
-47
4
40
930
-3643
-1748
14594695
3
3
42
927
-3612
-1719
14595720
31
3
35
923
-3606
-1729
14596745
3
0
29
922
-3623
-1775
14597770
-45
-1
27
920
-3630
-1774
14598795
-76
0
20
928
-3659
-1774
14599820
-54
7
10
929
-3684
-1793
14600845
7
14
2
934
-3682
-1792
14601870
49
17
-3
934
-3621
-1772
14602895
25
18
-7
917
-3573
-1748
14595712
-18
17
-5
918
-3580
-1761
14596737
-30
19
-2
924
-3588
-1763
14597762
-23
23
3
932
-3603
-1754
14598787
-17
24
8
949
-3607
-1737
14599812
-5
21
12
936
-3625
-1738
14600837
7
17
14
926
-3632
-1737
14601862
5
12
16
931
-3621
-1731
14602887
-19
8
14
928
-3616
-1743
14603912
-60
9
7
938
-3636
-1749
14604937
-74
11
3
938
-3652
-1764
14605962
-78
16
-5
932
-3630
-1780
14606987
-90
20
-11
937
-3630
-1798
14608012
-94
25
-13
948
-3620
-1798
14609037
-138
29
-17
941
-3506
-1750
14610062
-325
32
-31
930
-3439
-1736
14611087
-562
27
-38
935
-3532
-1856
14603905
-684
31
-39
938
-3632
-1957
14604930
-579
37
-40
974
-3707
-2029
14605955
-330
46
-56
972
-3608
-2032
14606980
-159
51
-75
979
-3498
-2015
14608005
-112
60
-69
990
-3474
-2007
14609030
-76
84
-39
982
-3492
-1977
14610055
68
127
1
996
-3587
-1985
14611080
353
199
38
1049
-3539
-1995
14612105
569
277
63
1069
-3387
-1984
14613130
559
317
94
1041
-3383
-2057
14614155
694
372
140
1017
-3777
-2066
14615180
1259
502
183
1129
-4011
-2044
14616205
1827
640
229
1210
-4039
-2228
14617230
2340
732
276
1156
-4348
-2268
14618255
3340
825
328
1115
-4830
-2048
14619280
5048
962
425
1080
-5246
-1647
14612096
7177
1111
467
1052
-5395
-1323
14613121
9433
1219
478
942
-5262
-969
14614146
11075
1164
469
649
-4254
-625
14615171
11780
1024
318
687
-3232
-166
14616196
12338
851
187
805
-2397
500
14617221
12251
714
27
712
-130
1366
14618246
10503
684
82
497
1537
2949
14619271
7376
396
25
476
2361
3717
14620296
3836
192
-198
461
3238
4159
14621321
1024
199
-485
434
1949
4329
14622346
107
145
-596
383
576
4585
14623371
33
10
-380
383
770
4839
14624396
-214
-61
-124
334
948
4639
14625421
-412
-95
-72
339
643
4346
14626446
-393
-112
-55
406
327
4235
14627471
-245
-140
25
490
205
4134
14620288
-186
-124
76
560
93
4144
14621313
-99
-78
101
556
-39
4058
14622338
-39
-54
77
605
135
4052
14623363
-132
5
50
592
-33
4096
14624388
-50
36
38
580
-130
4046
14625413
50
25
0
603
84
4142
14626438
-72
39
-46
598
163
4287
14627463
-151
57
-50
556
15
4304
14628488
-22
32
-32
519
38
4292
14629513
53
18
-18
496
191
4239
14630538
4
7
0
472
224
4221
14631563
-71
-14
9
496
141
4248
14632588
-117
-15
15
504
73
4288
14633613
-116
-12
32
509
-9
4252
14634638
-51
-22
47
543
1
4186
14635663
-17
-25
43
574
81
4205
14628481
-29
-10
37
543
33
4269
14629506
16
-15
39
488
9
4278
14630531
28
-34
27
495
94
4233
14631556
-41
-38
13
522
123
4205
14632581
-69
-45
7
553
47
4198
14633606
-40
-51
12
580
14
4145
14634631
-38
-42
18
597
78
4113
14635656
-80
-16
16
566
66
4137
14636681
-115
-7
0
592
26
4089
14637706
-128
12
-12
628
18
4062
14638731
-125
36
-7
629
-15
4088
14639756
-97
64
0
594
-31
4137
14640781
-63
92
0
529
-51
4181
14641806
-41
96
-6
517
-6
4204
14642831
-40
94
-7
519
-5
4251
14643856
-42
86
-6
503
1
4309
14636673
-38
71
8
486
-42
4337
14637698
-8
47
26
460
-33
4327
14638723
-9
18
26
488
-5
4286
14639748
-40
2
15
515
-8
4253
14640773
-46
-3
10
522
-47
4222
14641798
-26
-2
15
539
-45
4165
14642823
-14
5
20
537
-35
4152
14643848
-29
24
14
527
-77
4154
14644873
-20
48
8
499
-107
4136
14645898
14
61
2
471
-94
4152
14646923
0
62
-14
487
-23
4186
14647948
-64
68
-35
494
-31
4230
14648973
-79
81
-41
483
-116
4235
14649998
-1
77
-26
456
-77
4236
14651023
46
76
-18
427
-41
4255
14652048
47
65
-21
412
5
4295
14644864
-5
50
-26
413
20
4294
14645889
-55
39
-21
437
-17
4259
14646914
-38
28
-10
437
-72
4280
14647939
-1
19
-8
429
-41
4299
14648964
-4
16
-8
414
-34
4276
14649989
-15
5
-8
423
-45
4234
14651014
-3
1
-2
435
-46
4224
14652039
7
1
-2
425
1
4232
14653064
-22
1
-7
421
14
4220
14654089
-61
-5
-10
430
-4
4206
14655114
-91
-10
-11
429
5
4230
14656139
-168
-9
-14
406
41
4247
14657164
-344
-10
-30
423
57
4237
14658189
-559
1
-52
404
-41
4288
14659214
-810
-18
-97
430
4
4316
14660239
-1177
-30
-148
435
-65
4330
14653056
-1494
-63
-174
415
-287
4285
14654081
-1720
-109
-200
456
-356
4234
14655106
-2069
-128
-223
469
-310
4167
14656131
-2659
-159
-268
505
-287
4112
14657156
-3394
-206
-291
546
-592
4005
14658181
-3894
-263
-263
543
-1121
3899
14659206
-4044
-346
-208
502
-1567
3871
14660231
-4081
-447
-147
484
-1943
3806
14661256
-4028
-532
-92
517
-2263
3571
14662281
-4150
-629
-84
624
-2350
3174
14663306
-4645
-713
-118
722
-2438
2718
14664331
-5221
-777
-155
852
-2599
2327
14665356
-5602
-810
-182
906
-3055
1886
14666381
-5784
-815
-221
889
-3683
1417
14667406
-5684
-831
-237
886
-4077
997
14668431
-5306
-854
-224
913
-4336
622
14661249
-4789
-830
-214
944
-4379
331
14662274
-4300
-811
-216
1075
-4320
-193
14663299
-3445
-701
-168
1171
-4490
-635
14664324
-2273
-604
-90
1123
-4451
-795
14665349
-1113
-550
-3
1112
-4255
-816
14666374
-171
-496
79
1067
-3933
-816
14667399
191
-440
112
1079
-3609
-859
14668424
-6
-366
159
1124
-3560
-845
14669449
-388
-293
212
1102
-3711
-876
14670474
-789
-233
206
1063
-3860
-967
14671499
-1040
-189
186
1055
-4079
-1071
14672524
-989
-148
160
1028
-4294
-1161
14673549
-670
-115
124
991
-4360
-1190
14674574
-310
-82
77
951
-4245
-1148
14675599
-101
-48
44
931
-4113
-1076
14676624
-112
-26
23
904
-3978
-1046
14669439
-238
-16
7
902
-3920
-1037
14670464
-332
-9
-12
925
-3960
-1064
14671489
-270
-9
-26
944
-4030
-1096
14672514
-91
-8
-27
947
-4042
-1106
14673539
102
-6
-20
942
-3929
-1084
14674564
130
-4
-22
938
-3755
-1087
14675589
-21
6
-19
942
-3768
-1096
14676614
-138
25
-7
962
-3933
-1088
14677639
-100
43
-1
963
-4003
-1125
14678664
30
49
-1
956
-3951
-1121
14679689
130
52
-4
959
-3918
-1088
14680714
159
54
-6
953
-3896
-1035
14681739
95
56
-13
952
-3905
-1005
14682764
25
56
-19
958
-3947
-1005
14683789
13
53
-24
948
-3967
-1008
14684814
54
49
-32
954
-3992
-994
14677633
89
45
-45
973
-3978
-981
14678658
92
41
-52
978
-3960
-954
14679683
59
36
-69
971
-3949
-962
14680708
15
33
-83
959
-3945
-948
14681733
4
33
-92
956
-3953
-964
14682758
24
29
-94
964
-3937
-972
14683783
31
24
-95
981
-3917
-984
14684808
4
18
-99
1027
-3903
-994
14685833
-25
16
-101
1098
-3885
-990
14686858
-27
20
-102
1129
-3872
-982
14687883
6
28
-110
1119
-3911
-1009
14688908
52
34
-106
1106
-3894
-1001
14689933
102
41
-89
1074
-3845
-954
14690958
121
44
-79
1034
-3773
-929
14691983
65
44
-66
1033
-3711
-947
14693008
-11
44
-38
1046
-3771
-942
14685825
-14
40
-9
1052
-3827
-929
14686850
6
35
3
1071
-3783
-947
14687875
-24
32
11
1118
-3763
-946
14688900
-75
25
22
1140
-3818
-955
14689925
-91
17
31
1125
-3877
-963
14690950
-78
12
29
1131
-3868
-964
14691975
-87
13
27
1126
-3840
-946
14693000
-109
12
29
1122
-3826
-921
14694025
-179
6
25
1078
-3796
-934
14695050
-285
-5
25
1041
-3870
-958
14696075
-317
-17
24
1027
-3957
-975
14697100
-256
-34
19
1026
-3932
-1039
14698125
-189
-53
7
1028
-3900
-1127
14699150
-168
-62
-5
1084
-3908
-1174
14700175
-125
-42
3
1115
-3964
-1158
14701200
65
3
19
1100
-4060
-1017
14694016
438
105
14
1155
-4161
-936
14695041
1003
313
13
1262
-4311
-1328
14696066
1343
508
54
1235
-4188
-1650
14697091
1430
655
111
1298
-4356
-1695
14698116
2272
820
173
1317
-5226
-1921
14699141
4364
995
219
1244
-5998
-1765
14700166
7092
1131
242
1141
-6093
-1345
14701191
9667
1214
305
979
-5241
-1311
14702216
11800
1142
483
779
-3718
-1079
14703241
13379
821
576
708
-2264
-361
14704266
14633
507
477
870
-557
351
14705291
14309
565
476
747
2076
1966
14706316
9677
457
241
616
4924
3648
14707341
3004
388
-342
662
4812
4116
14708366
-635
559
-534
451
1592
4040
14709391
-753
491
-422
390
-25
4726
14702208
-127
356
-215
185
69
4817
14703233
187
149
-60
375
1178
4464
14704258
-120
100
67
420
1379
4421
14705283
-516
103
158
350
620
4444
14706308
-420
61
187
335
-123
4310
14707333
-108
15
177
388
45
4197
14708358
-128
-6
172
472
251
4159
14709383
-305
22
156
443
-14
4233
14710408
-242
27
105
408
-291
4213
14711433
-105
3
25
461
-99
4246
14712458
-175
10
-33
495
91
4286
14713483
-286
21
-61
470
43
4293
14714508
-252
6
-68
460
-17
4234
14715533
-155
-2
-62
442
63
4235
14716558
-95
-8
-49
421
116
4242
14717583
-64
-16
-34
422
157
4258
14710401
-69
-12
-12
410
141
4240
14711426
-59
-12
9
406
46
4196
14712451
-34
-20
17
445
30
4210
14713476
-31
-17
20
463
13
4221
14714501
-41
-12
9
460
5
4225
14715526
-48
-10
-3
464
-10
4225
14716551
-45
-5
-4
446
-25
4235
14717576
-36
-10
-6
431
-23
4249
14718601
-38
-21
-18
450
-6
4250
14719626
-60
-25
-27
467
35
4241
14720651
-83
-25
-27
468
17
4238
14721676
-74
-25
-20
462
-11
4244
14722701
-37
-31
-11
462
-17
4256
14723726
-25
-35
-8
470
38
4228
14724751
-64
-37
-16
471
24
4235
14725776
-87
-36
-20
474
-77
4229
14718591
-35
-40
-11
488
-67
4215
14719616
-17
-40
-10
489
-18
4207
14720641
-52
-33
-23
503
2
4179
14721666
-58
-17
-33
492
-85
4164
14722691
-13
-14
-40
505
-50
4199
14723716
5
-4
-39
485
-3
4229
14724741
-15
0
-34
466
-4
4216
14725766
-27
-2
-28
448
-42
4232
14726791
-27
-8
-24
423
-63
4259
14727816
-28
-18
-21
427
-45
4257
14728841
-53
-24
-27
460
-20
4242
14729866
-61
-20
-28
481
-79
4222
14730891
-28
-25
-27
503
-68
4204
14731916
-17
-25
-26
529
-19
4206
14732941
-56
-19
-25
524
-13
4207
14733966
-72
-4
-24
507
-99
4203
14726784
-7
-6
-12
501
-45
4224
14727809
2
-5
-2
489
76
4206
14728834
-54
0
4
464
58
4198
14729859
-76
-5
9
478
7
4224
14730884
-56
-4
20
499
7
4237
14731909
-43
2
50
487
-31
4223
14732934
-34
3
81
487
-75
4234
14733959
-27
-3
86
497
-83
4239
14734984
-22
4
76
485
-133
4235
14736009
-2
2
65
465
-122
4226
14737034
-29
-8
49
470
-66
4201
14738059
-93
-14
23
486
-61
4201
14739084
-119
-4
5
496
-121
4231
14740109
-72
9
18
489
-135
4200
14741134
-11
3
40
502
-47
4140
14742159
-35
6
42
530
-3
4167
14734977
-100
21
27
520
-23
4181
14736002
-179
38
12
468
-35
4207
14737027
-308
27
10
428
-22
4253
14738052
-574
2
-4
458
36
4264
14739077
-923
-16
-26
466
-31
4233
14740102
-1300
-31
-66
493
-100
4198
14741127
-2029
-13
-128
504
32
4183
14742152
-3055
-29
-203
515
-112
4189
14743177
-3839
-78
-252
497
-718
4147
14744202
-4198
-141
-255
449
-1266
4061
14745227
-4107
-246
-193
416
-1990
3916
14746252
-3477
-398
-109
494
-2593
3769
14747277
-2665
-474
-16
591
-2873
3578
14748302
-2194
-474
24
642
-2635
3487
14749327
-2557
-481
-48
647
-2155
3475
14750352
-3708
-470
-177
739
-2091
3187
14743168
-4620
-432
-246
833
-2677
2731
14744193
-4912
-401
-323
931
-3268
2310
14745218
-5032
-374
-395
1009
-3385
1986
14746243
-5295
-350
-407
1044
-3264
1617
14747268
-5378
-337
-336
960
-3555
1158
14748293
-4852
-373
-272
900
-3976
801
14749318
-4069
-425
-275
908
-4095
455
14750343
-3535
-446
-333
1009
-4208
100
14751368
-3088
-410
-318
1177
-4265
-235
14752393
-2533
-339
-247
1191
-4344
-485
14753418
-1945
-319
-181
1182
-4252
-679
14754443
-1480
-306
-134
1179
-4062
-730
14755468
-1218
-285
-120
1172
-3923
-764
14756493
-1042
-254
-103
1153
-3977
-771
14757518
-831
-218
-75
1161
-4094
-880
14758543
-536
-192
-33
1178
-4137
-969
14751360
-206
-158
11
1177
-4066
-994
14752385
4
-124
20
1190
-3927
-964
14753410
71
-90
40
1177
-3805
-882
14754435
20
-62
45
1144
-3845
-872
14755460
-19
-36
38
1137
-3980
-919
14756485
48
-23
35
1123
-4041
-941
14757510
160
-11
36
1104
-4028
-905
14758535
202
0
31
1101
-3916
-819
14759560
171
14
26
1110
-3915
-737
14760585
91
24
16
1111
-3934
-727
14761610
25
20
15
1106
-3913
-708
14762635
-2
6
9
1116
-3858
-681
14763660
-14
-12
-1
1135
-3884
-718
14764685
-37
-36
-8
1145
-3947
-792
14765710
-49
-53
-11
1142
-3993
-798
14766735
-38
-61
-15
1129
-3981
-790
14759551
-73
-68
-27
1086
-3858
-803
14760576
-159
-63
-35
1073
-3862
-821
14761601
-177
-55
-25
1110
-3931
-809
14762626
-144
-59
-5
1116
-3867
-772
14763651
-157
-75
15
1126
-3732
-765
14764676
-204
-93
24
1145
-3689
-787
14765701
-248
-102
27
1172
-3775
-846
14766726
-247
-104
34
1173
-3863
-959
14767751
-207
-95
51
1141
-3876
-1022
14768776
-150
-85
67
1111
-3867
-1020
14769801
-94
-74
72
1087
-3899
-1025
14770826
-58
-57
68
1073
-3965
-1066
14771851
-46
-41
64
1053
-4004
-1069
14772876
-49
-29
52
1041
-3976
-1041
14773901
-58
-14
29
1047
-3995
-1001
14774926
-54
0
0
1065
-4017
-989
14767924
-50
6
-27
1092
-3996
-1009
14768949
-63
8
-46
1109
-3932
-1006
14769974
-81
8
-57
1116
-3904
-992
14770999
-47
6
-64
1103
-3927
-1005
14772024
20
5
-61
1100
-3876
-1007
14773049
43
2
-57
1089
-3808
-997
14774074
22
0
-46
1071
-3810
-981
14775099
26
2
-31
1076
-3868
-982
14776124
77
6
-23
1110
-3881
-1044
14777149
166
14
-18
1126
-3921
-1141
14778174
313
36
-13
1146
-4024
-1179
14779199
567
67
-22
1178
-4111
-1250
14780224
891
94
-44
1167
-4161
-1159
14781249
1230
112
-59
1163
-4219
-869
14782274
1592
145
-48
1141
-4228
-657
14783299
2247
209
13
1133
-4616
-665
14775937
3803
362
137
1194
-5219
-792
14776962
6236
545
287
1199
-5345
-926
14777987
8434
636
345
1049
-4647
-751
14779012
9851
646
346
985
-4231
-131
14780037
11854
764
472
1200
-4438
246
14781062
15460
688
553
1030
-4237
-140
14782087
16895
646
447
578
546
229
14783112
12138
500
-218
987
5704
3375
14784137
3570
428
-874
1178
5167
4513
14785162
-1360
699
-842
174
804
3596
14786187
-1115
524
-739
408
-575
3822
14787212
-216
521
-736
142
-150
4660
14788237
180
215
-650
300
661
4553
14789262
215
59
-467
486
1414
4501
14790287
-189
60
-305
444
1544
4739
14791312
-628
71
-239
243
687
4715
14784127
-471
18
-208
200
135
4329
14785152
-46
-77
-109
342
366
4104
14786177
13
-106
-14
421
671
4217
14787202
-198
-87
12
403
471
4255
14788227
-277
-68
-4
428
147
4165
14789252
-157
-52
-12
467
87
4163
14790277
-4
-46
-4
471
169
4173
14791302
18
-42
1
533
320
4150
14792327
-71
-22
10
524
314
4169
14793352
-125
-13
3
486
230
4216
14794377
-87
-15
3
448
166
4231
14795402
-27
-23
19
434
220
4249
14796427
-25
-35
33
440
263
4242
14797452
-74
-46
34
481
264
4239
14798477
-102
-47
36
497
152
4223
14799502
-37
-59
47
480
103
4220
14792321
-3
-70
47
526
182
4202
14793346
-38
-63
44
539
203
4164
14794371
-99
-54
34
540
143
4126
14795396
-109
-37
28
544
55
4171
14796421
-64
-27
24
544
42
4214
14797446
-34
-27
16
559
79
4151
14798471
-59
-21
2
551
130
4135
14799496
-93
-6
-14
526
104
4189
14800521
-81
-1
-18
509
106
4223
14801546
-64
1
-11
510
120
4215
14802571
-49
-4
-1
537
118
4199
14803596
-29
-3
6
524
116
4239
14804621
-15
-10
10
515
180
4250
14805646
-39
-15
18
518
178
4189
14806671
-56
-19
26
534
132
4187
14807696
-50
-11
35
514
49
4235
14800512
-13
-8
43
489
41
4214
14801537
-14
-15
35
522
73
4153
14802562
-42
-14
16
546
65
4184
14803587
-51
-7
3
542
44
4237
14804612
-24
-3
-1
530
30
4230
14805637
2
-7
0
541
108
4184
14806662
-21
-9
4
545
124
4182
14807687
-33
-4
0
524
99
4235
14808712
-43
-10
-6
534
90
4214
14809737
-44
-6
1
547
73
4175
14810762
-21
-1
9
532
71
4218
14811787
4
4
17
481
90
4262
14812812
-9
-3
23
490
113
4226
14813837
-27
-10
33
499
90
4225
14814862
-46
-20
33
520
58
4267
14815887
-37
-27
30
540
43
4260
14808703
-34
-36
23
558
80
4200
14809728
-52
-34
23
559
97
4175
14810753
-77
-34
17
546
139
4203
14811778
-124
-32
11
543
158
4191
14812803
-180
-32
23
556
154
4141
14813828
-270
-32
37
572
181
4128
14814853
-418
-18
46
544
204
4137
14815878
-698
3
34
509
179
4132
14816903
-1190
15
14
508
138
4108
14817928
-1697
-21
4
599
96
4125
14818953
-2003
-60
18
657
-118
4178
14819978
-2105
-58
71
603
-350
4154
14821003
-2258
-53
121
540
-322
4116
14822028
-3084
-61
106
510
-243
4114
14823053
-4184
-132
76
449
-781
4039
14824078
-4618
-283
48
432
-1881
3932
14816896
-4210
-468
29
531
-2805
3803
14817921
-3654
-579
42
647
-2811
3611
14818946
-3964
-638
-35
697
-2332
3372
14819971
-4780
-693
-127
691
-2400
2989
14820996
-5388
-758
-223
783
-2813
2558
14822021
-5770
-755
-340
892
-3274
2019
14823046
-5993
-726
-440
938
-3728
1435
14824071
-5997
-736
-500
956
-3961
990
14825096
-5815
-780
-546
1044
-3970
509
14826121
-5474
-795
-571
1058
-4036
96
14827146
-5136
-797
-583
1247
-4047
-444
14828171
-4371
-649
-523
1364
-4234
-927
14829196
-3286
-533
-436
1304
-4223
-1305
14830221
-2222
-467
-332
1279
-4106
-1520
14831246
-1286
-409
-239
1293
-3885
-1546
14832271
-491
-317
-153
1335
-3920
-1435
14825088
36
-206
-110
1415
-3798
-1398
14826113
203
-110
-46
1451
-3651
-1359
14827138
95
-40
-5
1424
-3593
-1314
14828163
-72
8
16
1410
-3677
-1233
14829188
-42
32
35
1385
-3697
-1200
14830213
72
48
33
1288
-3654
-1245
14831238
66
55
23
1257
-3643
-1232
14832263
-11
50
45
1281
-3648
-1175
14833288
-61
39
64
1262
-3641
-1163
14834313
-60
28
78
1243
-3694
-1130
14835338
-19
24
72
1271
-3798
-1114
14836363
-21
28
64
1267
-3785
-1091
14837388
-87
26
51
1258
-3780
-1085
14838413
-148
11
35
1269
-3825
-1104
14839438
-140
-7
30
1288
-3813
-1159
14840463
-71
-12
29
1336
-3688
-1196
14833281
-65
4
41
1402
-3564
-1133
14834306
-55
29
69
1361
-3699
-1085
14835331
-14
31
81
1240
-3776
-1189
14836356
40
15
77
1156
-3833
-1263
14837381
116
-4
66
1116
-3856
-1178
14838406
107
-16
54
1102
-3809
-1061
14839431
10
-18
46
1131
-3871
-1055
14840456
-59
-25
25
1196
-3972
-1125
14841481
-40
-40
-16
1265
-3986
-1197
14842506
-8
-50
-61
1348
-3888
-1189
14843531
-1
-47
-94
1412
-3812
-1152
14844556
9
-32
-113
1398
-3777
-1141
14845581
26
-17
-119
1329
-3729
-1155
14846606
27
-6
-113
1291
-3662
-1137
14847631
8
-1
-89
1280
-3610
-1100
14848656
-24
-6
-60
1247
-3540
-1098
14841472
-48
-16
-28
1258
-3569
-1101
14842497
-54
-29
-3
1285
-3614
-1137
14843522
-61
-43
21
1293
-3652
-1172
14844547
-55
-58
42
1293
-3665
-1165
14845572
-46
-64
46
1270
-3720
-1220
14846597
-46
-61
47
1239
-3778
-1242
14847622
-46
-55
48
1231
-3817
-1255
14848647
9
-45
46
1245
-3840
-1242
14849672
71
-34
34
1260
-3800
-1208
14850697
87
-31
25
1286
-3761
-1190
14851722
30
-36
11
1286
-3751
-1199
14852747
-43
-39
4
1285
-3770
-1171
14853772
-73
-36
-9
1276
-3760
-1185
14854797
-61
-31
-25
1270
-3715
-1258
14855822
-67
-29
-22
1273
-3692
-1250
14856847
-81
-25
-2
1263
-3720
-1244
14849664
-38
-19
16
1234
-3801
-1235
14850689
100
-25
39
1227
-3795
-1197
14851714
339
-21
57
1211
-3882
-1276
14852739
850
24
62
1221
-4383
-1643
14853764
1891
165
57
1328
-4846
-1851
14854789
3096
381
57
1476
-4942
-1661
14855814
4150
594
105
1493
-5020
-1282
14856839
5165
744
126
1399
-4786
-927
14857864
6516
855
188
1223
-4903
-593
14858889
8879
898
346
1068
-5259
-513
14859914
11891
801
491
975
-4954
-750
14860939
14892
568
489
981
-3938
-1050
14861964
17564
270
374
942
-1037
-1214
14862989
14823
421
1
1114
5613
2329
14864014
6321
279
-488
1371
6869
4867
14865039
-763
460
-739
645
1868
3860
14857856
-1339
284
-728
735
-1018
3821
14858881
-130
195
-638
671
-639
4859
14859906
693
-39
-445
533
468
4742
14860931
608
-229
-347
838
2404
4634
14861956
-501
-203
-155
740
1314
4399
14862981
-690
-257
-78
746
-161
3925
14864006
-233
-272
-112
874
257
3820
14865031
-245
-227
-82
933
629
3751
14866056
-513
-112
-53
961
311
3842
14867081
-354
12
-22
799
-120
3969
14868106
-74
30
-32
910
172
3951
14869131
2
91
13
973
222
3922
14870156
66
132
34
882
218
4114
14871181
29
118
-8
900
359
4260
14872206
-90
110
10
890
245
4269
14873231
-79
81
44
844
40
4230
14866048
34
40
47
854
157
4199
14867073
-12
26
36
846
236
4184
14868098
-116
22
23
857
123
4093
14869123
-105
29
20
855
92
4084
14870148
-49
43
21
846
119
4109
14871173
-32
53
21
859
151
4084
14872198
-32
61
23
871
139
4060
14873223
-31
69
15
871
127
4077
14874248
-56
76
1
853
158
4170
14875273
-94
77
2
826
93
4204
14876298
-48
75
20
792
20
4239
14877323
0
54
19
810
122
4202
14878348
-34
44
13
807
181
4159
14879373
-76
42
8
760
142
4254
14880398
-66
27
13
751
100
4256
14881423
-37
5
27
798
103
4177
14874239
-22
-2
40
809
74
4152
14875264
-18
-3
32
809
99
4144
14876289
-31
5
21
810
68
4116
14877314
-38
12
10
805
83
4114
14878339
-58
17
2
794
51
4144
14879364
-54
17
-7
811
45
4180
14880389
-28
16
-7
807
47
4174
14881414
-19
13
-1
800
102
4137
14882439
-42
15
3
801
51
4155
14883464
-22
15
7
785
20
4170
14884489
-4
14
1
792
52
4143
14885514
-37
15
-4
784
72
4159
14886539
-65
16
-4
761
25
4211
14887564
-21
10
-9
753
26
4244
14888589
29
-4
-9
757
101
4208
14889614
19
-18
2
770
147
4166
14882432
-10
-22
18
786
90
4177
14883457
8
-23
33
783
57
4179
14884482
5
-27
32
803
94
4134
14885507
-45
-20
24
810
89
4103
14886532
-80
-7
17
794
65
4121
14887557
-89
-1
16
780
98
4125
14888582
-139
2
10
781
173
4128
14889607
-267
4
3
783
242
4133
14890632
-480
1
-6
767
277
4132
14891657
-828
-2
-26
788
272
4135
14892682
-1302
7
-48
756
187
4163
14893707
-1755
-11
-68
769
60
4161
14894732
-2245
-29
-89
826
-50
4104
14895757
-2847
-43
-94
854
-218
4007
14896782
-3439
-65
-81
829
-472
3949
14897807
-3820
-118
-42
784
-976
3881
14890624
-3914
-198
4
743
-1421
3840
14891649
-3935
-307
44
735
-1752
3761
14892674
-4038
-425
71
775
-2156
3549
14893699
-4003
-506
101
805
-2536
3286
14894724
-4004
-584
90
915
-2657
3002
14895749
-4182
-623
85
990
-2885
2710
14896774
-4377
-629
80
1033
-3183
2378
14897799
-4468
-630
59
1068
-3463
2017
14898824
-4755
-635
-6
1146
-3498
1645
14899849
-5070
-609
-6
1112
-3733
1237
14900874
-5021
-621
25
1048
-4095
798
14901899
-4537
-664
33
1091
-4185
383
14902924
-3848
-667
26
1142
-4119
38
14903949
-3253
-661
-7
1167
-3991
-281
14904974
-2718
-571
1
1211
-4130
-575
14905999
-2072
-417
31
1228
-4304
-847
14898815
-1276
-242
49
1234
-4419
-1012
14899840
-532
-77
55
1225
-4424
-1079
14900865
3
28
57
1180
-4420
-960
14901890
298
73
53
1133
-4242
-708
14902915
289
95
15
1099
-4004
-504
14903940
94
99
-41
1100
-3961
-361
14904965
-62
88
-77
1094
-4052
-333
14905990
-83
58
-97
1064
-4094
-416
14907015
18
20
-102
1089
-4046
-401
14908040
128
-19
-110
1133
-3884
-359
14909065
112
-58
-103
1132
-3740
-297
14910090
-41
-98
-82
1157
-3678
-322
14911115
-254
-134
-59
1173
-3772
-412
14912140
-352
-160
-22
1211
-3913
-532
14913165
-303
-167
1
1221
-3958
-622
14914190
-155
-160
9
1236
-3930
-663
14907082
-71
-136
2
1222
-3826
-657
14908107
-101
-111
11
1196
-3862
-709
14909132
-138
-88
33
1177
-3937
-767
14910157
-58
-52
53
1188
-3994
-760
14911182
81
-16
55
1185
-3988
-718
14912207
153
5
57
1163
-3958
-655
14913232
115
12
52
1148
-3899
-582
14914257
20
8
50
1145
-3900
-582
14915282
-39
0
40
1128
-3974
-594
14916307
-29
-8
35
1136
-3998
-590
14917332
0
-11
31
1124
-3967
-592
14918357
-3
-12
25
1125
-3952
-570
14919382
0
-13
24
1130
-3980
-563
14920407
15
-19
29
1138
-3950
-563
14921432
28
-27
30
1139
-3917
-571
14922457
15
-34
27
1144
-3887
-595
14915200
-21
-36
32
1123
-3909
-589
14916225
-34
-31
46
1126
-3957
-605
14917250
-20
-22
55
1125
-3971
-641
14918275
-20
-13
47
1127
-3991
-638
14919300
-33
-7
41
1118
-4009
-611
14920325
-54
-6
32
1087
-3994
-608
14921350
-103
-6
16
1098
-3967
-627
14922375
-145
-6
8
1114
-3996
-641
14923400
-131
-10
7
1100
-4009
-654
14924425
-111
-12
-1
1097
-3984
-659
14925450
-129
-18
-11
1098
-3973
-663
14926475
-177
-23
-20
1092
-3969
-660
14927500
-229
-22
-29
1104
-4005
-681
14928525
-239
-22
-39
1114
-4031
-751
14929550
-181
-21
-46
1140
-4050
-793
14930575
-29
-12
-53
1153
-4108
-788
14923393
180
1
-55
1151
-4086
-786
14924418
532
21
-39
1107
-4247
-944
14925443
1164
79
-39
1121
-4383
-958
14926468
1860
166
-54
1176
-4384
-870
14927493
2658
268
-1
1232
-4540
-680
14928518
3756
415
44
1226
-4717
-569
14929543
5222
536
91
1152
-4982
-640
14930568
7405
594
273
1031
-5044
-220
14931593
9776
555
300
968
-4516
172
14932618
11744
533
207
1015
-4009
396
14933643
13949
409
132
1002
-3610
601
14934668
15060
361
4
793
-696
1016
14935693
12135
389
-271
972
3503
3365
14936718
5174
255
-792
1307
4856
4792
14937743
-212
343
-999
744
1209
3488
14938768
-772
343
-963
585
-230
3314
14931583
-307
297
-827
512
321
4508
14932608
-10
46
-680
559
760
4828
14933633
308
-92
-539
644
1290
4706
14934658
57
-112
-305
612
1476
4331
14935683
-336
-143
-150
653
753
3958
14936708
-142
-143
-111
637
487
3963
14937733
90
-135
-98
740
708
4036
14938758
17
-79
-9
805
623
4006
14939783
-55
-8
79
745
432
3998
14940808
-37
34
92
807
392
3853
14941833
4
92
77
805
427
3882
14942858
3
135
46
751
318
4066
14943883
35
141
14
737
278
4195
14944908
53
133
-2
708
395
4268
14945933
-31
115
-1
667
427
4252
14946958
-97
84
11
661
363
4269
14939776
-57
57
14
633
341
4323
14940801
-7
22
9
634
407
4263
14941826
-46
-14
22
709
463
4146
14942851
-104
-19
43
758
393
4108
14943876
-78
-4
45
707
279
4121
14944901
-30
0
28
720
291
4080
14945926
-41
14
16
731
321
4041
14946951
-75
35
2
721
279
4064
14947976
-78
51
-23
735
335
4112
14949001
-120
70
-30
719
328
4114
14950026
-138
79
-19
707
211
4113
14951051
-62
72
-15
699
207
4239
14952076
-28
72
-15
642
277
4288
14953101
-74
57
-22
629
314
4227
14954126
-100
34
-23
630
256
4188
14955151
-48
19
-19
615
213
4241
14947968
35
13
-8
593
228
4259
14948993
59
-1
0
609
331
4226
14950018
1
-14
3
643
297
4160
14951043
-14
-16
4
661
224
4138
14952068
23
-19
-6
684
279
4153
14953093
26
-7
-13
660
341
4185
14954118
9
-6
-9
643
309
4152
14955143
25
-10
3
652
347
4148
14956168
20
-11
12
656
374
4135
14957193
0
-2
16
656
313
4121
14958218
-3
5
19
649
298
4129
14959243
-7
12
19
663
308
4117
14960268
-21
24
18
669
308
4122
14961293
-52
36
9
655
298
4138
14962318
-44
43
8
644
218
4140
14963343
11
39
13
659
252
4155
14956160
10
42
14
655
314
4150
14957185
-42
47
10
644
304
4172
14958210
-69
53
11
601
231
4240
14959235
-36
39
10
599
233
4224
14960260
-4
24
15
639
308
4182
14961285
-33
21
21
626
399
4186
14962310
-124
22
18
602
397
4158
14963335
-193
23
21
617
360
4119
14964360
-253
34
35
609
430
4119
14965385
-429
55
37
564
491
4126
14966410
-766
45
12
586
553
4122
14967435
-1200
31
-22
649
551
4158
14968460
-1776
53
-46
612
502
4157
14969485
-2387
23
-48
601
276
4042
14970510
-2745
-32
-5
653
-57
3954
14971535
-3028
-41
62
612
-279
3993
14964351
-3399
-76
118
567
-481
4046
14965376
-4095
-139
134
524
-756
4042
14966401
-4776
-255
138
405
-1505
3890
14967426
-4751
-450
116
438
-2550
3816
14968451
-4286
-596
103
549
-2897
3704
14969476
-4287
-713
50
621
-2734
3362
14970501
-4973
-818
-77
741
-2658
2894
14971526
-5740
-886
-193
880
-2916
2298
14972551
-6284
-913
-323
972
-3225
1688
14973576
-6525
-926
-406
960
-3677
1124
14974601
-6353
-942
-426
1011
-3995
542
14975626
-5676
-899
-395
1002
-4143
115
14976651
-4903
-944
-379
1012
-4040
-394
14977676
-4134
-855
-349
1256
-4099
-916
14978701
-3272
-635
-311
1367
-4201
-1390
14979726
-2444
-462
-246
1427
-4202
-1721
14972544
-1716
-325
-152
1426
-4225
-1718
14973569
-944
-206
-64
1393
-4202
-1548
14974594
-144
-79
-7
1303
-3984
-1288
14975619
352
38
17
1290
-3733
-1174
14976644
372
125
49
1256
-3614
-1202
14977669
94
166
85
1210
-3660
-1142
14978694
-117
185
113
1206
-3851
-1018
14979719
-51
197
120
1197
-3980
-932
14980744
190
199
115
1203
-3997
-853
14981769
349
175
90
1189
-3808
-874
14982794
220
139
64
1180
-3791
-826
14983819
53
104
68
1190
-3891
-732
14984844
-20
73
56
1170
-3923
-704
14985869
-19
49
24
1172
-3927
-763
14986894
30
24
-1
1197
-3929
-801
14987919
60
-2
-10
1193
-3896
-812
14980737
9
-27
-14
1182
-3806
-822
14981762
-67
-36
-17
1202
-3847
-828
14982787
-99
-37
-24
1217
-3858
-863
14983812
-112
-35
-21
1195
-3820
-912
14984837
-113
-29
-14
1211
-3831
-931
14985862
-75
-21
-5
1227
-3880
-948
14986887
-10
-13
7
1234
-3884
-927
14987912
37
-10
20
1218
-3824
-929
14988937
17
-14
27
1200
-3719
-898
14989962
-40
-9
26
1202
-3823
-861
14990987
-49
-3
25
1209
-3901
-885
14992012
-15
-4
30
1194
-3896
-935
14993037
15
-10
30
1193
-3855
-937
14994062
19
-14
29
1199
-3838
-885
14995087
-12
-16
25
1198
-3860
-902
14996112
-39
-15
24
1198
-3872
-925
14988928
-30
-12
21
1209
-3890
-925
14989953
-21
-11
18
1183
-3864
-922
14990978
-42
-9
13
1181
-3843
-915
14992003
-63
-6
13
1204
-3856
-913
14993028
-45
-7
18
1191
-3865
-923
14994053
-18
-11
21
1173
-3839
-934
14995078
-16
-19
24
1178
-3849
-900
14996103
-32
-24
25
1173
-3862
-905
14997128
-59
-27
21
1174
-3846
-931
14998153
-92
-30
15
1188
-3864
-965
14999178
-84
-30
17
1190
-3882
-973
15000203
-37
-25
17
1184
-3890
-975
15001228
-1
-19
13
1176
-3856
-972
15002253
-23
-18
8
1181
-3827
-983
15003278
-61
-16
13
1175
-3855
-978
15004303
-58
-16
16
1158
-3870
-981
14997121
-21
-13
14
1167
-3863
-994
14998146
1
-10
11
1184
-3869
-1006
14999171
-6
-5
10
1193
-3853
-989
15000196
-22
0
9
1172
-3859
-983
15001221
-17
2
9
1157
-3857
-987
15002246
0
1
6
1157
-3869
-991
15003271
8
-4
6
1169
-3867
-986
15004296
-3
-5
7
1192
-3830
-973
15005321
-5
-1
10
1186
-3830
-953
15006346
37
2
18
1158
-3903
-952
15007371
142
2
22
1147
-4011
-1083
15008396
403
11
17
1189
-4269
-1268
15009421
857
50
2
1272
-4294
-1215
15010446
1140
111
-21
1256
-4024
-996
15011471
1025
153
-43
1199
-3860
-793
15012496
803
179
-54
1152
-3962
-673
15005312
814
208
-57
1120
-4162
-736
15006337
1226
245
-45
1134
-4493
-880
15007362
1976
310
-23
1186
-4536
-717
15008387
2619
414
-35
1260
-4314
-531
15009412
3160
525
-21
1304
-4430
-505
15010437
4201
656
69
1260
-4919
-520
15011462
6439
823
201
1182
-5487
-592
15012487
10658
901
407
1099
-6367
-828
15013512
15800
649
548
802
-5052
-1260
15014537
18363
-26
400
976
530
-1390
15015562
15479
209
-9
1382
5437
1765
15016587
8118
360
-315
1536
6617
4999
15017612
547
365
-537
872
2901
4619
15018637
-1661
448
-522
615
148
3610
15019662
-1016
564
-428
621
-372
3523
15020687
-355
584
-361
306
-154
4193
15013503
90
297
-271
666
417
4368
15014528
298
238
-28
667
1096
4619
15015553
-5
191
147
672
1071
4717
15016578
-340
126
240
557
243
4526
15017603
-206
59
209
525
-206
4351
15018628
108
-12
161
630
-135
4210
15019653
140
-39
130
691
98
4198
15020678
-74
-44
83
682
59
4228
15021703
-173
-44
10
683
-90
4217
15022728
-126
-35
-67
687
-58
4163
15023753
-71
-33
-110
698
101
4097
15024778
-86
-30
-118
728
219
4117
15025803
-117
-10
-109
672
221
4238
15026828
-122
-12
-101
640
243
4264
15027853
-88
-28
-77
668
209
4142
15028878
-51
-33
-50
671
245
4131
15021697
-95
-37
-38
682
251
4182
15022722
-122
-39
-33
698
158
4230
15023747
-93
-43
-23
709
96
4180
15024772
-61
-51
-14
741
113
4100
15025797
-67
-46
-14
759
114
4108
15026822
-86
-32
-25
743
92
4167
15027847
-98
-23
-37
722
46
4150
15028872
-73
-20
-37
730
31
4122
15029897
-44
-11
-35
722
92
4184
15030922
-54
-2
-38
702
88
4213
15031947
-32
-5
-39
707
41
4171
15032972
12
-13
-31
732
115
4164
15033997
5
-14
-18
731
146
4184
15035022
-30
-13
-13
727
130
4176
15036047
-56
-12
-12
722
89
4144
15037072
-49
-8
-11
728
53
4126
15029888
-23
-2
-15
729
51
4135
15030913
-9
1
-16
739
91
4127
15031938
-32
13
-20
726
87
4123
15032963
-45
29
-23
717
63
4166
15033988
-15
39
-15
689
66
4187
15035013
5
35
-9
695
113
4163
15036038
-10
35
-9
697
101
4175
15037063
-25
33
-9
684
79
4221
15038088
-14
27
-6
695
65
4218
15039113
9
22
1
683
72
4199
15040138
-9
14
4
695
100
4170
15041163
-46
11
3
691
67
4184
15042188
-45
18
0
688
36
4183
15043213
-30
22
0
696
85
4164
15044238
-41
32
5
674
95
4176
15045263
-103
34
4
658
100
4214
15038080
-152
26
-6
650
26
4223
15039105
-139
6
-14
674
58
4237
15040130
-167
-5
-10
679
125
4212
15041155
-258
-13
-1
665
137
4166
15042180
-432
-17
-7
658
151
4154
15043205
-768
-21
-32
634
205
4159
15044230
-1265
-42
-89
673
193
4171
15045255
-1761
-61
-139
731
28
4105
15046280
-2342
-66
-180
742
-64
4093
15047305
-3201
-75
-222
716
-112
4124
15048330
-4103
-129
-251
748
-487
4070
15049355
-4526
-209
-234
724
-1259
4012
15050380
-4240
-326
-155
660
-2105
3927
15051405
-3765
-439
-88
679
-2362
3768
15052430
-3636
-519
-47
756
-2167
3501
15053455
-3912
-593
-46
847
-2033
3192
15046272
-4566
-641
-77
932
-1963
2954
15047297
-5320
-598
-89
1037
-2338
2626
15048322
-5730
-503
-89
1034
-3065
2101
15049347
-5827
-453
-109
1030
-3268
1340
15050372
-5574
-477
-150
1003
-3841
527
15051397
-4765
-589
-245
1111
-4647
198
15052422
-3988
-665
-311
1211
-4537
142
15053447
-3743
-717
-319
1267
-4108
55
15054472
-3627
-644
-294
1309
-4126
-153
15055497
-3376
-552
-288
1243
-4138
-505
15056522
-3076
-498
-284
1255
-4138
-882
15057547
-2530
-438
-226
1262
-4245
-1092
15058572
-1748
-378
-177
1295
-4242
-1200
15059597
-943
-301
-126
1341
-4114
-1279
15060622
-356
-220
-58
1362
-3844
-1299
15061647
-100
-154
9
1371
-3582
-1248
15054464
-115
-98
53
1337
-3501
-1224
15055489
-246
-51
77
1296
-3617
-1256
15056514
-330
-19
96
1283
-3835
-1257
15057539
-212
-1
128
1264
-3971
-1205
15058564
-23
1
126
1219
-3831
-1148
15059589
33
3
102
1210
-3742
-1114
15060614
11
4
83
1222
-3828
-1073
15061639
-9
0
67
1205
-3897
-1088
15062664
-7
-11
39
1210
-3908
-1182
15063689
5
-18
15
1217
-3876
-1183
15064714
-3
-18
-4
1215
-3826
-1142
15065739
-28
-15
-16
1200
-3821
-1117
15066764
-3
-18
-17
1212
-3802
-1133
15067789
46
-18
-23
1228
-3790
-1168
15068814
67
-18
-27
1238
-3736
-1167
15069839
37
-15
-17
1234
-3723
-1138
15062657
14
-12
-4
1234
-3755
-1128
15063682
28
-11
5
1226
-3739
-1125
15064707
52
-10
11
1220
-3723
-1112
15065732
45
-12
17
1208
-3724
-1109
15066757
8
-18
23
1215
-3759
-1173
15067782
-22
-15
25
1228
-3805
-1145
15068807
-1
-7
24
1234
-3836
-1133
15069832
18
1
20
1217
-3818
-1141
15070857
15
2
15
1222
-3807
-1142
15071882
21
1
11
1226
-3814
-1131
15072907
19
0
8
1209
-3770
-1113
15073932
-12
0
3
1203
-3768
-1098
15074957
-17
1
0
1213
-3800
-1112
15075982
1
-3
4
1211
-3787
-1130
15077007
16
-8
6
1215
-3767
-1129
15078032
1
-14
6
1215
-3772
-1118
15070848
-22
-13
9
1219
-3788
-1125
15071873
-30
-8
7
1221
-3803
-1143
15072898
-12
-6
7
1217
-3799
-1145
15073923
-1
-4
6
1213
-3787
-1128
15074948
4
-5
7
1211
-3772
-1111
15075973
-6
-7
8
1213
-3785
-1128
15076998
-13
-9
9
1215
-3794
-1121
15078023
2
-10
8
1216
-3802
-1130
15079048
17
-10
7
1214
-3799
-1134
15080073
12
-9
9
1214
-3776
-1130
15081098
-3
-7
6
1211
-3794
-1125
15082123
-5
-5
8
1211
-3802
-1110
15083148
4
-4
5
1217
-3799
-1128
15084173
13
-5
5
1212
-3784
-1114
15085198
5
-8
2
1213
-3803
-1147
15086223
0
-10
0
1205
-3821
-1149
15079040
6
-6
0
1210
-3830
-1128
15080065
25
-2
-6
1222
-3829
-1146
15081090
51
0
-14
1225
-3870
-1254
15082115
105
12
-26
1204
-4001
-1411
15083140
349
59
-32
1239
-4289
-1521
15084165
1025
161
-41
1297
-4580
-1676
15085190
1943
326
-52
1383
-4537
-1637
15086215
2539
505
-67
1414
-4271
-1343
15087240
2787
650
-46
1344
-4340
-919
15088265
3324
782
14
1293
-4734
-812
15089290
4856
941
123
1258
-5311
-719
15090315
7168
1063
242
1126
-5250
-433
15091340
9363
1021
335
959
-4256
-121
15092365
10804
864
291
940
-3249
147
15093390
12359
703
257
1105
-2986
429
15094415
14188
424
239
1247
-1359
313
15087232
13079
524
210
1057
2807
1920
15088257
8616
410
95
1073
4349
3582
15089282
3023
389
-246
987
3944
4117
15090307
-100
500
-409
669
1746
4010
15091332
-260
460
-437
554
648
4250
15092357
-151
404
-362
491
683
4613
15093382
-145
233
-128
478
457
4404
15094407
73
99
16
596
1054
4570
15095432
-135
57
82
594
1006
4651
15096457
-354
-6
110
580
336
4381
15097482
-203
-66
109
629
11
4195
15098507
1
-116
96
726
124
4144
15099532
-9
-113
64
773
341
4142
15100557
-172
-97
7
743
309
4082
15101582
-244
-81
-60
759
118
4062
15102607
-111
-57
-85
765
193
4076
15095425
-14
-35
-87
749
412
4100
15096450
-37
-27
-83
769
456
4080
15097475
-77
-8
-65
755
463
4111
15098500
-85
1
-43
730
461
4136
15099525
-71
9
-15
723
410
4089
15100550
-41
15
15
719
393
4091
15101575
-54
21
30
738
348
4175
15102600
-56
27
40
741
271
4196
15103625
-33
24
37
737
240
4160
15104650
-20
16
24
752
216
4136
15105675
-20
15
2
739
250
4175
15106700
-37
10
-15
709
253
4183
15107725
-56
0
-30
731
284
4152
15108750
-76
1
-34
743
278
4127
15109775
-72
10
-32
722
261
4145
15110800
-45
18
-29
705
282
4172
15103616
-20
15
-19
702
307
4136
15104641
-9
13
-7
721
322
4105
15105666
-6
21
0
715
322
4149
15106691
-17
25
0
704
307
4178
15107716
-38
22
-1
710
286
4168
15108741
-48
19
1
703
254
4144
15109766
-44
17
-7
715
250
4151
15110791
-48
19
-20
705
267
4196
15111816
-72
22
-30
680
246
4205
15112841
-68
13
-29
692
209
4157
15113866
-26
-3
-33
713
288
4197
15114891
-49
-1
-33
695
325
4210
15115916
-77
-6
-27
696
285
4172
15116941
-59
-10
-13
694
271
4160
15117966
-37
-12
1
685
298
4152
15118991
-46
-7
11
698
290
4154
15111808
-36
1
21
681
179
4168
15112833
14
-5
24
710
194
4162
15113858
22
-6
22
731
238
4135
15114883
-1
4
16
704
224
4152
15115908
-14
2
5
692
223
4165
15116933
-29
-1
0
705
254
4163
15117958
-54
3
3
702
221
4147
15118983
-50
3
2
696
239
4167
15120008
-43
7
2
682
265
4198
15121033
-70
3
4
679
285
4172
15122058
-115
-2
11
710
252
4139
15123083
-112
-2
19
706
210
4171
15124108
-92
1
24
687
198
4204
15125133
-103
-3
23
690
221
4188
15126158
-168
-4
20
676
180
4181
15127183
-202
3
9
672
25
4231
15120033
-69
-3
4
670
-128
4276
15121058
157
-30
6
668
72
4286
15122083
121
-64
-6
703
355
4259
15123108
-165
-81
-30
726
368
4239
15124133
-410
-91
-56
694
245
4238
15125158
-559
-110
-80
691
202
4240
15126183
-716
-120
-96
708
227
4184
15127208
-904
-132
-114
711
242
4112
15128233
-1151
-146
-133
728
270
4051
15129258
-1479
-164
-142
795
298
4022
15130283
-1847
-160
-112
854
129
3920
15131308
-2169
-135
-52
900
-72
3833
15132333
-2459
-95
17
880
-288
3808
15133358
-2818
-74
66
807
-660
3881
15134383
-3114
-88
90
729
-1274
3996
15135408
-3211
-164
61
733
-1570
4037
15128191
-3523
-265
6
805
-1810
3863
15129216
-3748
-342
-26
919
-2338
3568
15130241
-3794
-378
-50
943
-2489
3415
15131266
-4356
-416
-134
964
-2257
3166
15132291
-5214
-432
-186
1069
-2327
2683
15133316
-5723
-431
-203
1078
-2744
2212
15134341
-5870
-432
-242
1064
-3266
1726
15135366
-5677
-442
-254
1042
-3973
1358
15136391
-5092
-486
-191
1055
-4379
1095
15137416
-4401
-550
-122
1099
-4261
770
15138441
-3827
-611
-70
1085
-4085
533
15139466
-3476
-683
-52
1105
-3924
326
15140491
-3137
-614
-63
1272
-3981
-57
15141516
-2815
-451
-133
1334
-4095
-511
15142541
-2518
-352
-134
1377
-4169
-940
15143566
-2099
-280
-73
1353
-4327
-1196
15136385
-1342
-215
-4
1316
-4449
-1203
15137410
-417
-150
36
1278
-4237
-1093
15138435
115
-100
41
1246
-3816
-994
15139460
137
-63
87
1254
-3627
-840
15140485
-49
-26
143
1222
-3684
-691
15141510
-162
10
161
1158
-3832
-677
15142535
-116
33
147
1160
-3951
-788
15143560
-3
40
126
1190
-4010
-830
15144585
45
30
114
1194
-3975
-780
15145610
15
15
100
1163
-3963
-729
15146635
-17
3
80
1145
-3937
-694
15147660
1
-2
61
1122
-3928
-659
15148685
55
-10
46
1122
-3929
-665
15149710
125
-29
42
1115
-3930
-704
15150735
147
-52
37
1115
-3892
-731
15151760
104
-73
43
1122
-3885
-696
15144576
45
-85
53
1113
-3899
-667
15145601
3
-86
52
1094
-3914
-728
15146626
-23
-82
42
1099
-3970
-810
15147651
-5
-73
38
1121
-4008
-838
15148676
38
-56
33
1101
-4023
-848
15149701
95
-34
28
1102
-4022
-843
15150726
140
-14
17
1118
-3971
-817
15151751
161
8
5
1133
-3919
-725
15152776
120
24
-7
1126
-3839
-675
15153801
-24
25
-11
1138
-3834
-677
15154826
-110
23
3
1125
-3929
-677
15155851
-85
22
9
1096
-3960
-683
15156876
-22
13
13
1085
-3953
-663
15157901
26
-1
18
1099
-3931
-631
15158926
26
-17
27
1102
-3901
-630
15159951
-32
-32
28
1083
-3910
-667
15152768
-64
-43
30
1085
-3967
-711
15153793
-11
-44
34
1096
-3992
-717
15154818
79
-44
39
1116
-3969
-731
15155843
152
-47
43
1102
-3938
-738
15156868
191
-53
47
1080
-3931
-719
15157893
202
-56
53
1083
-3916
-687
15158918
159
-55
53
1087
-3928
-678
15159943
61
-50
55
1079
-3948
-679
15160968
-9
-40
52
1067
-3988
-693
15161993
-10
-24
41
1055
-4038
-713
15163018
29
-13
33
1063
-4026
-706
15164043
63
-8
28
1083
-3963
-706
15165068
86
-5
25
1078
-3951
-705
15166093
123
-6
34
1047
-3978
-700
15167118
193
-11
41
1035
-3985
-736
15168143
325
-22
47
1055
-4016
-706
15160961
536
-30
65
1058
-4070
-645
15161986
799
-34
89
1036
-4094
-573
15163011
980
-35
104
1027
-4074
-486
15164036
1092
-27
127
1031
-4095
-411
15165061
1240
-1
140
1027
-4181
-324
15166086
1488
32
144
979
-4374
-311
15167111
2153
92
178
962
-4801
-419
15168136
3366
212
200
966
-5082
-398
15169161
4278
306
110
962
-4594
-91
15170186
4819
360
97
923
-4475
106
15171211
6245
443
187
882
-5122
145
15172236
9380
532
279
820
-5656
172
15173261
13556
482
198
684
-4832
85
15174286
16008
180
-48
708
-440
350
15175311
13053
160
-226
871
3944
3043
15176336
7271
113
-590
1109
4918
5773
15169152
1409
58
-902
830
2631
5733
15170177
-738
-104
-893
520
84
4157
15171202
-640
10
-955
750
-724
3062
15172227
-309
368
-1103
235
-961
3143
15173252
-6
185
-1009
444
-74
3480
15174277
142
-44
-555
766
1140
4330
15175302
-26
-90
-209
814
1562
4930
15176327
-356
-41
-139
607
1115
4835
15177352
-354
-58
-97
428
421
4304
15178377
-108
-138
-7
582
149
3886
15179402
75
-141
133
674
292
3988
15180427
26
-94
203
656
378
4154
15181452
-102
-64
181
719
245
4154
15182477
-105
-23
137
747
-21
4031
15183502
-9
6
84
785
-32
4012
15184527
-8
29
47
806
-5
4079
15177344
-61
51
29
780
49
4178
15178369
-129
54
5
717
-11
4183
15179394
-116
46
-28
692
-8
4198
15180419
-85
43
-51
660
80
4226
15181444
-79
23
-54
656
110
4203
15182469
-79
5
-46
681
142
4189
15183494
-96
3
-33
690
185
4217
15184519
-118
5
-17
669
136
4241
15185544
-79
-6
4
673
52
4176
15186569
-29
-11
18
682
88
4167
15187594
-60
-11
26
703
67
4134
15188619
-96
-6
21
722
51
4159
15189644
-140
12
7
695
-9
4167
15190669
-123
11
-7
701
-64
4105
15191694
-96
19
-22
714
-31
4128
15192719
-102
33
-25
703
5
4156
15185536
-120
42
-31
700
-35
4163
15186561
-64
46
-30
669
-99
4194
15187586
1
42
-32
677
0
4235
15188611
-3
39
-24
673
66
4214
15189636
-13
34
-11
649
60
4192
15190661
-15
23
-5
633
45
4206
15191686
-13
14
0
644
17
4224
15192711
-13
10
8
653
16
4208
15193736
-24
5
8
664
21
4153
15194761
-35
11
1
662
-18
4173
15195786
-22
20
0
651
-31
4195
15196811
-16
24
0
653
-29
4186
15197836
-23
24
-2
657
-4
4191
15198861
-18
27
-5
639
0
4221
15199886
2
19
-4
626
10
4233
15200911
9
8
0
633
53
4208
15193729
-3
3
9
635
22
4203
15194754
0
-1
19
646
-6
4205
15195779
13
1
26
629
-7
4208
15196804
5
0
25
633
-28
4191
15197829
-3
-5
21
658
-39
4190
15198854
-2
-2
17
648
-64
4214
15199879
7
-3
17
643
-32
4213
15200904
-6
-7
15
638
8
4184
15201929
-32
-8
12
630
-11
4187
15202954
-48
-11
7
638
16
4214
15203979
-69
-13
9
629
77
4213
15205004
-131
-18
12
623
100
4194
15206029
-280
-20
0
621
131
4206
15207054
-538
-20
-31
609
93
4280
15208079
-829
-41
-72
626
-30
4307
15209104
-1037
-72
-104
661
-196
4271
15201920
-1120
-92
-106
686
-346
4226
15202945
-1164
-87
-93
706
-424
4164
15203970
-1146
-80
-42
687
-473
4087
15204995
-1074
-90
21
680
-389
4031
15206020
-1279
-78
48
669
-212
4039
15207045
-1864
-79
41
665
-188
4042
15208070
-2589
-109
25
726
-476
4024
15209095
-3211
-148
46
747
-941
4057
15210120
-3490
-223
98
698
-1428
4068
15211145
-3533
-352
123
657
-1890
3935
15212170
-3287
-473
147
689
-2231
3724
15213195
-3105
-549
142
727
-2218
3587
15214220
-3362
-597
109
776
-2161
3379
15215245
-3796
-611
93
853
-2367
3061
15216270
-4048
-597
110
921
-2821
2681
15217295
-3715
-541
197
956
-3535
2199
15210112
-2823
-495
312
951
-3999
1885
15211137
-2301
-468
327
987
-3649
1716
15212162
-2633
-451
232
1004
-3164
1529
15213187
-3365
-458
142
1035
-3215
1398
15214212
-4160
-488
18
1055
-3538
1286
15215237
-4958
-534
-134
1120
-3788
999
15216262
-5503
-566
-261
1042
-4018
561
15217287
-5925
-639
-384
994
-3960
-117
15218312
-5873
-607
-379
1060
-4221
-932
15219337
-4960
-520
-350
1072
-4699
-1656
15220362
-3255
-439
-304
1120
-4858
-2032
15221387
-1384
-355
-247
1180
-4535
-2016
15222412
171
-275
-147
1238
-4100
-1476
15223437
1169
-199
-58
1229
-3520
-1078
15224462
1153
-129
-56
1250
-3112
-1163
15225487
457
-94
2
1286
-3198
-1262
15218305
-164
-62
105
1229
-3569
-1284
15219330
-335
2
153
1137
-3863
-1354
15220355
-104
77
160
1133
-3987
-1383
15221380
235
129
149
1155
-3927
-1338
15222405
396
150
137
1119
-3911
-1189
15223430
424
149
129
1066
-3965
-1024
15224455
450
141
114
1057
-4000
-944
15225480
488
131
88
1072
-3978
-905
15226505
465
118
57
1088
-3927
-856
15227530
361
99
29
1096
-3895
-816
15228555
196
76
4
1095
-3917
-812
15229580
94
54
-11
1094
-3956
-820
15230605
72
40
-34
1095
-3952
-843
15231630
86
33
-52
1105
-3929
-862
15232655
126
29
-56
1105
-3912
-847
15233680
172
25
-49
1109
-3876
-825
15226496
189
22
-37
1119
-3829
-819
15227521
184
17
-19
1132
-3847
-778
15228546
198
14
-3
1135
-3878
-747
15229571
187
10
1
1125
-3838
-768
15230596
111
4
4
1135
-3846
-747
15231621
44
0
10
1163
-3921
-727
15232646
33
-4
16
1141
-3970
-748
15233671
88
-6
14
1127
-3985
-759
15234696
200
-5
10
1136
-3974
-742
15235721
285
-4
7
1133
-3924
-698
15236746
250
-7
8
1158
-3906
-606
15237771
146
-14
14
1164
-3903
-584
15238796
54
-20
10
1114
-3914
-647
15239821
41
-25
3
1089
-3981
-693
15240846
101
-34
-1
1084
-4019
-694
15241871
191
-45
1
1087
-3956
-682
15234689
187
-50
-7
1087
-3867
-671
15235714
62
-51
-5
1103
-3836
-645
15236739
-44
-38
15
1134
-3906
-644
15237764
-45
-18
30
1136
-3990
-658
15238789
-13
-10
22
1138
-3981
-701
15239814
-11
-8
12
1158
-3972
-679
15240839
-4
-4
3
1131
-4015
-638
15241864
-5
-6
-8
1084
-4048
-639
15242889
-20
-11
-23
1099
-4032
-645
15243914
-7
-12
-38
1110
-4014
-647
15244939
19
-14
-52
1087
-3963
-646
15245964
19
-21
-58
1099
-3935
-659
15246989
2
-27
-53
1136
-3900
-667
15248014
-22
-24
-43
1172
-3867
-683
15249039
-29
-11
-29
1194
-3858
-683
15250064
-11
0
-14
1184
-3884
-707
15242880
28
8
0
1166
-3903
-690
15243905
57
12
11
1148
-3912
-687
15244930
85
15
22
1133
-3958
-694
15245955
149
21
27
1131
-3972
-737
15246980
273
31
35
1119
-4046
-779
15248005
834
59
78
1109
-4574
-1226
15249030
2804
218
193
1212
-5387
-1674
15250055
6041
556
324
1231
-5348
-1331
15251080
8792
751
273
1138
-4707
-575
15252105
10286
768
218
1088
-4210
34
15253130
11556
767
339
1041
-3811
653
15254155
12924
836
301
1128
-2936
1018
15255180
13331
889
152
882
-228
1421
15256205
11278
698
3
578
1833
2827
15257230
6954
493
-508
883
3663
4975
15258255
1555
503
-942
626
2126
5315
15251072
-674
491
-1056
308
54
3990
15252097
-410
496
-949
317
-382
3704
15253122
-266
471
-715
-28
334
4561
15254147
-408
48
-445
330
697
4702
15255172
-186
-110
-217
505
755
4641
15256197
-125
-101
-121
464
856
4605
15257222
-313
-118
-50
470
428
4309
15258247
-259
-93
13
426
131
4135
15259272
-129
-81
48
467
57
4006
15260297
-74
-37
87
496
129
3990
15261322
-134
10
103
490
131
4052
15262347
-225
36
69
570
-35
4115
15263372
-188
68
51
588
-215
4156
15264397
-81
86
48
578
-217
4181
15265422
-43
92
37
557
-94
4236
15266447
-109
96
18
504
-76
4287
15259264
-154
85
-2
447
-201
4286
15260289
-100
58
-17
425
-159
4287
15261314
-63
34
-23
425
-96
4270
15262339
-73
17
-33
431
-41
4286
15263364
-128
3
-45
477
-5
4279
15264389
-163
-2
-37
500
-96
4226
15265414
-102
-7
-16
505
-121
4227
15266439
-26
-11
0
505
-48
4262
15267464
-19
-13
10
504
-33
4292
15268489
-26
-5
45
445
-150
4269
15269514
46
-15
96
393
-214
4256
15270539
73
-37
122
404
-147
4224
15271564
-7
-53
108
482
-139
4224
15272589
-78
-43
73
545
-226
4212
15273614
-65
-29
40
543
-281
4153
15274639
-22
-20
19
530
-253
4140
15267456
-3
-9
7
507
-189
4199
15268481
-9
2
-7
469
-171
4252
15269506
-10
8
-23
441
-157
4259
15270531
16
2
-23
425
-130
4254
15271556
39
-11
-16
408
-70
4301
15272581
25
-32
-9
433
-25
4321
15273606
-6
-46
3
457
-45
4286
15274631
-20
-69
11
510
-117
4254
15275656
1
-81
32
540
-106
4257
15276681
-13
-82
48
535
-139
4217
15277706
-22
-75
42
535
-179
4157
15278731
-19
-66
24
546
-198
4121
15279756
-12
-50
16
552
-181
4130
15280781
-25
-29
13
557
-182
4125
15281806
-40
-12
2
556
-199
4117
15282831
-47
7
-15
551
-197
4157
15275648
-45
22
-23
555
-183
4176
15276673
-21
35
-22
535
-176
4219
15277698
12
38
-20
497
-163
4294
15278723
36
27
-9
482
-157
4312
15279748
42
5
-1
483
-124
4303
15280773
29
-18
1
485
-107
4311
15281798
24
-34
4
488
-134
4313
15282823
32
-54
13
505
-122
4283
15283848
24
-69
21
525
-110
4253
15284873
-3
-75
22
532
-117
4215
15285898
-56
-74
10
562
-90
4179
15286923
-101
-70
4
562
-66
4185
15287948
-132
-68
5
549
2
4226
15288973
-196
-77
16
546
54
4222
15289998
-336
-85
25
540
69
4227
15291023
-626
-77
13
524
33
4279
15283840
-1058
-90
-31
545
30
4240
15284865
-1661
-107
-118
655
71
4168
15285890
-2646
-92
-226
668
78
4091
15286915
-3665
-144
-316
677
-313
3933
15287940
-4273
-222
-364
696
-949
3808
15288965
-4602
-302
-360
672
-1477
3790
15289990
-4576
-427
-292
588
-2222
3760
15291015
-4004
-561
-192
645
-2701
3687
15292040
-3733
-653
-148
700
-2401
3548
15293065
-4247
-720
-174
747
-2229
3241
15294090
-4864
-788
-223
829
-2472
2819
15295115
-5413
-860
-322
918
-2818
2277
15296140
-5905
-934
-453
1060
-3128
1720
15297165
-6171
-981
-528
1183
-3600
1070
15298190
-6009
-1020
-566
1234
-4065
417
15299215
-5544
-1019
-591
1250
-4192
25
15292032
-5293
-1067
-627
1348
-3909
-372
15293057
-5004
-977
-589
1568
-3930
-983
15294082
-4326
-758
-546
1542
-4193
-1485
15295107
-3165
-614
-460
1573
-4285
-1754
15296132
-1922
-498
-358
1546
-4018
-1838
15297157
-961
-382
-266
1570
-3635
-1768
15298182
-395
-262
-169
1602
-3409
-1600
15299207
-110
-143
-72
1581
-3419
-1473
15300232
79
-36
16
1553
-3487
-1442
15301257
235
46
87
1542
-3530
-1530
15302282
314
97
127
1540
-3516
-1552
15303307
319
116
143
1491
-3556
-1420
15304332
295
119
148
1466
-3555
-1266
15305357
296
118
151
1430
-3608
-1139
15306382
308
110
129
1421
-3697
-1129
15307407
282
92
102
1435
-3747
-1130
15300224
260
58
83
1435
-3730
-1131
15301249
228
19
41
1437
-3738
-1155
15302274
151
-20
-11
1434
-3738
-1156
15303299
30
-44
-57
1448
-3791
-1113
15304324
-35
-56
-78
1452
-3828
-1014
15305349
0
-53
-89
1446
-3783
-1011
15306374
51
-45
-102
1442
-3690
-1130
15307399
30
-42
-97
1475
-3641
-1203
15308424
-11
-31
-71
1484
-3619
-1166
15309449
13
-15
-45
1484
-3632
-1104
15310474
105
-4
-28
1474
-3604
-1125
15311499
140
0
-15
1484
-3521
-1137
15312524
70
-3
9
1515
-3537
-1100
15313549
-6
-5
35
1504
-3581
-1100
15314574
-29
-7
48
1470
-3631
-1106
15315599
-2
-11
54
1465
-3658
-1108
15308415
33
-15
57
1458
-3679
-1115
15309440
34
-14
58
1460
-3676
-1112
15310465
-24
-13
57
1461
-3714
-1113
15311490
-64
-13
54
1462
-3743
-1098
15312515
-41
-9
40
1454
-3780
-1126
15313540
-1
-7
24
1446
-3752
-1140
15314565
9
-12
17
1456
-3717
-1138
15315590
1
-17
10
1453
-3704
-1143
15316615
-4
-21
7
1442
-3674
-1122
15317640
0
-24
4
1441
-3680
-1105
15318665
19
-32
-3
1461
-3673
-1127
15319690
15
-41
-2
1474
-3613
-1120
15320715
-33
-45
-3
1467
-3600
-1126
15321740
-86
-44
-5
1461
-3647
-1125
15322765
-77
-39
0
1461
-3707
-1139
15323790
-46
-31
8
1448
-3676
-1170
15316608
-70
-29
9
1435
-3675
-1175
15317633
-121
-28
12
1433
-3715
-1183
15318658
-119
-24
11
1430
-3743
-1212
15319683
-67
-19
2
1431
-3750
-1232
15320708
-32
-17
-6
1451
-3695
-1246
15321733
-25
-9
-11
1455
-3708
-1259
15322758
-39
8
-11
1459
-3691
-1280
15323783
-53
29
-14
1468
-3716
-1325
15324808
-37
54
-20
1457
-3760
-1407
15325833
19
100
-26
1464
-3811
-1389
15326858
173
172
-19
1485
-3967
-1379
15327883
589
300
13
1518
-4178
-1366
15328908
1433
498
73
1607
-4567
-1717
15329933
2771
729
124
1646
-4849
-1927
15330958
4079
950
144
1693
-4606
-1535
15331983
5377
1183
198
1617
-4888
-951
15324800
6974
1380
201
1465
-5164
-409
15325825
8652
1417
201
1220
-4664
-119
15326850
10511
1291
242
1190
-4459
-343
15327875
13013
1004
382
1183
-4157
-686
15328900
15860
508
427
1295
-1922
-1425
15329925
15215
638
392
1283
3608
345
15330950
9096
569
141
1306
7337
3718
15331975
899
584
-272
953
4674
4567
15333000
-2038
511
-509
801
145
4283
15334025
-879
441
-615
865
-881
4661
15335050
207
349
-327
493
24
4715
15336075
479
58
-41
657
1141
4360
15337100
-46
-29
28
872
1357
4320
15338125
-550
-39
63
801
321
4245
15339150
-469
-51
22
861
-51
4170
15340175
-226
-33
21
894
60
3997
15332991
-192
12
40
964
196
3893
15334016
-322
84
62
921
91
3993
15335041
-348
124
45
855
-122
4115
15336066
-191
120
23
899
-176
4117
15337091
-74
133
23
876
34
4176
15338116
-131
124
24
850
125
4202
15339141
-199
103
20
866
2
4177
15340166
-172
97
22
844
5
4228
15341191
-134
79
32
814
-46
4228
15342216
-65
62
53
791
-86
4207
15343241
-45
51
63
774
-12
4174
15344266
-108
43
55
787
-73
4133
15345291
-100
47
49
794
-207
4158
15346316
-14
52
38
794
-171
4216
15347341
19
49
16
796
-50
4198
15348366
-27
45
-7
808
2
4161
15341185
-80
40
-18
797
-89
4159
15342210
-56
28
-16
787
-103
4214
15343235
-26
21
-9
777
-46
4244
15344260
-40
13
-8
769
-50
4176
15345285
-82
0
-19
779
-38
4145
15346310
-129
3
-28
789
-40
4170
15347335
-123
10
-24
770
-127
4225
15348360
-56
12
-4
782
-162
4172
15349385
22
10
20
785
-78
4125
15350410
-22
3
21
803
-43
4120
15351435
-109
10
8
813
-132
4151
15352460
-115
24
3
800
-225
4154
15353485
-51
30
9
806
-178
4142
15354510
-12
34
22
791
-116
4155
15355535
0
39
24
758
-113
4210
15356560
1
30
22
734
-123
4228
15349377
-9
18
23
729
-93
4192
15350402
-39
3
22
752
-98
4158
15351427
-59
1
17
785
-130
4173
15352452
-35
12
23
772
-164
4174
15353477
-11
16
25
766
-160
4158
15354502
-1
22
29
783
-176
4138
15355527
2
28
29
772
-172
4131
15356552
-11
32
18
759
-144
4152
15357577
-46
38
7
752
-178
4150
15358602
-49
46
2
746
-189
4136
15359627
-31
47
2
740
-183
4170
15360652
-30
51
-1
741
-163
4183
15361677
-19
56
0
714
-186
4210
15362702
-4
48
0
717
-175
4213
15363727
-2
42
3
715
-146
4205
15364752
-11
36
3
710
-158
4202
15357567
-15
30
2
698
-178
4206
15358592
-5
33
0
700
-188
4210
15359617
16
31
6
702
-176
4200
15360642
20
20
10
712
-135
4215
15361667
-17
15
6
701
-131
4200
15362692
-49
10
-1
687
-179
4200
15363717
-51
5
-3
689
-150
4193
15364742
-79
3
0
694
-84
4166
15365767
-148
6
0
694
-67
4155
15366792
-240
9
-7
679
-88
4173
15367817
-385
7
-23
676
-117
4203
15368842
-633
8
-57
689
-95
4249
15369867
-1041
13
-114
682
-72
4296
15370892
-1549
-14
-177
708
-229
4258
15371917
-1922
-47
-219
745
-455
4182
15372942
-2263
-50
-245
715
-493
4142
15365760
-2856
-71
-277
708
-486
4107
15366785
-3476
-137
-307
751
-836
3990
15367810
-3898
-221
-311
744
-1417
3903
15368835
-4061
-324
-301
721
-2017
3909
15369860
-3871
-435
-292
786
-2612
3813
15370885
-3558
-506
-278
816
-2732
3579
15371910
-3543
-565
-294
821
-2636
3337
15372935
-3932
-617
-340
894
-2554
3106
15373960
-4361
-633
-347
1034
-2571
2636
15374985
-4513
-616
-346
1136
-2813
2168
15376010
-4498
-597
-366
1182
-3105
1921
15377035
-4359
-585
-318
1241
-3308
1601
15378060
-3927
-589
-208
1249
-3476
1288
15379085
-3426
-627
-141
1248
-3499
989
15380110
-3239
-658
-121
1329
-3376
608
15381135
-3156
-670
-60
1318
-3621
262
15373953
-3100
-733
-57
1294
-3908
-97
15374978
-3061
-785
-74
1381
-4032
-348
15376003
-2826
-786
-54
1389
-4129
-474
15377028
-2299
-787
-19
1333
-4149
-537
15378053
-1764
-784
-14
1282
-3985
-669
15379078
-1552
-776
-37
1290
-3861
-931
15380103
-1460
-756
6
1301
-3838
-1081
15381128
-1278
-726
57
1308
-3900
-1157
15382153
-954
-672
62
1287
-3925
-1271
15383178
-684
-605
51
1279
-3790
-1368
15384203
-549
-538
67
1305
-3689
-1418
15385228
-549
-472
78
1256
-3694
-1546
15386253
-605
-409
85
1220
-3785
-1686
15387278
-533
-343
101
1196
-3822
-1778
15388303
-335
-258
91
1174
-3838
-1862
15389328
-132
-171
70
1190
-3848
-1921
15382144
15
-90
64
1188
-3815
-1858
15383169
73
-18
63
1172
-3761
-1707
15384194
110
39
56
1172
-3739
-1604
15385219
128
76
43
1150
-3669
-1536
15386244
74
85
33
1125
-3628
-1482
15387269
-1
77
28
1114
-3671
-1455
15388294
-24
66
24
1107
-3703
-1436
15389319
0
54
26
1110
-3693
-1402
15390344
41
41
26
1118
-3690
-1384
15391369
76
26
26
1124
-3695
-1384
15392394
76
10
24
1125
-3662
-1400
15393419
39
-6
23
1131
-3680
-1415
15394444
16
-15
28
1126
-3710
-1424
15395469
10
-16
23
1121
-3715
-1473
15396494
8
-9
22
1131
-3706
-1460
15397519
0
-1
25
1137
-3706
-1444
15390336
5
8
20
1136
-3746
-1447
15391361
41
12
17
1129
-3736
-1455
15392386
75
14
12
1124
-3715
-1453
15393411
80
13
12
1106
-3704
-1413
15394436
42
7
12
1102
-3696
-1408
15395461
1
5
11
1116
-3694
-1413
15396486
-9
8
8
1128
-3724
-1420
15397511
6
7
8
1123
-3723
-1392
15398536
19
3
5
1126
-3720
-1396
15399561
27
-1
4
1130
-3700
-1400
15400586
24
-5
9
1120
-3708
-1412
15401611
37
-7
14
1109
-3740
-1415
15402636
113
-3
23
1112
-3800
-1419
15403661
301
14
29
1136
-3852
-1447
15404686
516
50
29
1165
-3801
-1437
15405711
637
86
40
1139
-3827
-1429
15398527
872
122
71
1118
-4163
-1477
15399552
1582
211
116
1169
-4523
-1523
15400577
2661
342
174
1222
-4622
-1550
15401602
3971
470
273
1185
-4801
-1458
15402627
5676
623
401
1104
-4942
-1175
15403652
7247
802
360
1047
-4619
-974
15404677
7914
917
179
1037
-4314
-421
15405702
8682
912
197
1043
-4211
619
15406727
10031
908
172
928
-4074
1244
15407752
11763
787
47
885
-3549
1212
15408777
13295
521
-50
844
-1206
924
15409802
12545
476
41
593
1682
2207
15410827
8355
130
-277
688
4440
3868
15411852
2067
140
-774
515
3512
4249
15412877
-1025
232
-766
478
636
3925
15413902
-595
125
-632
691
-990
4386
15406720
603
113
-379
261
281
4615
15407745
585
-54
-368
721
2472
4444
15408770
-518
-56
-234
633
1394
4402
15409795
-650
-40
-49
427
-39
4340
15410820
63
-122
61
494
432
4334
15411845
61
-165
100
633
844
4136
15412870
-308
-123
128
713
183
3955
15413895
-194
-73
131
685
-144
4068
15414920
-1
-48
81
747
33
4085
15415945
-22
-19
27
780
120
4036
15416970
-104
4
-30
778
142
4111
15417995
-108
19
-53
715
113
4197
15419020
-56
15
-67
678
182
4207
15420045
-53
4
-74
661
299
4228
15421070
-84
-2
-59
661
244
4222
15422095
-41
-6
-37
625
278
4275
15414912
-21
-23
-27
632
333
4264
15415937
-72
-46
-13
684
308
4206
15416962
-121
-54
8
703
251
4211
15417987
-141
-52
14
690
164
4238
15419012
-115
-61
10
712
126
4161
15420037
-147
-59
-4
730
204
4101
15421062
-277
-44
-28
741
174
4100
15422087
-319
-25
-39
738
6
4112
15423112
-167
-15
-29
717
-65
4116
15424137
-23
-18
-35
740
128
4116
15425162
-57
-1
-42
740
152
4127
15426187
-57
12
-32
721
20
4131
15427212
29
8
-22
729
101
4150
15428237
16
13
-22
708
212
4176
15429262
-42
14
-22
707
105
4168
15430287
-12
10
-14
703
81
4176
15423105
0
2
-13
724
172
4168
15424130
-65
6
-13
719
164
4158
15425155
-90
14
-8
704
52
4167
15426180
-17
13
-3
706
49
4202
15427205
29
14
1
706
142
4192
15428230
-8
12
2
696
153
4161
15429255
-37
8
1
695
102
4139
15430280
-17
13
6
701
139
4175
15431305
-12
17
19
701
159
4166
15432330
-52
23
35
712
150
4136
15433355
-107
27
49
692
118
4157
15434380
-139
31
47
693
25
4238
15435405
-68
30
51
689
-80
4243
15436430
24
9
53
703
56
4175
15437455
-70
2
37
702
157
4120
15438480
-234
5
12
668
34
4187
15431296
-267
11
-7
653
-133
4230
15432321
-185
1
-19
687
-98
4193
15433346
-190
-4
-36
701
13
4167
15434371
-312
-7
-54
686
37
4181
15435396
-417
-3
-70
695
-35
4190
15436421
-414
6
-61
707
-139
4168
15437446
-288
19
-31
690
-211
4159
15438471
-136
14
-4
678
-147
4208
15439496
-166
18
-3
661
-24
4210
15440521
-367
7
-19
654
-34
4196
15441546
-596
-13
-48
700
-148
4192
15442571
-858
3
-72
721
-198
4262
15443596
-1250
32
-91
752
-190
4277
15444621
-1745
71
-97
654
-219
4090
15445646
-2063
37
-126
622
-497
3951
15446671
-2467
-5
-217
810
-562
4032
15439488
-3136
25
-197
743
-647
4061
15440513
-3936
3
-153
667
-854
3995
15441538
-4634
-38
-90
672
-1399
3830
15442563
-4988
-110
-42
653
-1892
3548
15443588
-4976
-199
-52
576
-2491
3266
15444613
-4810
-307
-141
632
-3071
3093
15445638
-4774
-370
-189
828
-3197
2801
15446663
-4838
-373
-208
876
-3257
2368
15447688
-4936
-368
-230
896
-3364
1866
15448713
-4845
-362
-230
899
-3537
1525
15449738
-4540
-371
-212
879
-3859
1178
15450763
-4073
-410
-163
858
-4162
898
15451788
-3681
-464
-120
910
-4002
695
15452813
-3602
-517
-98
940
-3670
538
15453838
-3927
-538
-143
1003
-3382
72
15454863
-4213
-529
-138
1036
-3630
-438
15447679
-4108
-534
-138
1023
-4050
-907
15448704
-3357
-493
-130
1054
-4452
-1316
15449729
-2417
-414
-160
1057
-4246
-1523
15450754
-1790
-371
-121
1093
-4033
-1682
15451779
-1521
-363
-65
1038
-3897
-1753
15452804
-1334
-377
-31
1014
-3887
-1750
15453829
-1079
-342
-45
1004
-3816
-1701
15454854
-836
-289
-53
1018
-3657
-1649
15455879
-801
-273
-40
1000
-3543
-1733
15456904
-894
-266
-29
984
-3558
-1802
15457929
-989
-257
-33
949
-3540
-1920
15458954
-1025
-253
-37
947
-3618
-2099
15459979
-880
-238
-45
967
-3675
-2193
15461004
-655
-212
-74
953
-3568
-2215
15462029
-535
-186
-103
958
-3456
-2255
15463054
-466
-159
-118
956
-3432
-2296
15455872
-378
-128
-126
959
-3347
-2343
15456897
-295
-97
-119
961
-3279
-2401
15457922
-256
-66
-105
978
-3200
-2391
15458947
-238
-42
-73
991
-3190
-2376
15459972
-165
-15
-40
993
-3241
-2360
15460997
-41
15
-17
977
-3203
-2316
15462022
23
27
7
971
-3178
-2312
15463047
9
27
25
961
-3197
-2296
15464072
-15
25
37
953
-3217
-2220
15465097
-31
21
44
944
-3261
-2161
15466122
-32
6
47
950
-3322
-2188
15467147
-1
-9
37
949
-3332
-2231
15468172
22
-28
23
938
-3296
-2239
15469197
-16
-43
7
942
-3310
-2268
15470222
-15
-50
3
949
-3361
-2313
15471247
52
-41
-3
947
-3297
-2320
15464065
44
-29
-11
951
-3193
-2322
15465090
-35
-19
-10
960
-3252
-2347
15466115
-48
-5
-6
974
-3304
-2351
15467140
-5
7
0
953
-3264
-2336
15468165
-5
19
-5
953
-3267
-2336
15469190
-47
27
-12
946
-3232
-2368
15470215
-114
32
-13
947
-3260
-2427
15471240
-128
46
-17
965
-3296
-2571
15472265
-81
74
-22
993
-3251
-2712
15473290
-75
122
-22
1028
-3218
-2597
15474315
-117
177
-17
1034
-3269
-2385
15475340
-94
231
-11
1011
-3326
-2177
15476365
8
263
-8
985
-3271
-2042
15477390
89
246
-4
958
-3211
-2046
15478415
147
177
7
946
-3228
-2114
15479440
310
89
33
976
-3203
-2102
15472398
411
34
35
968
-3121
-2034
15473423
468
-10
69
980
-3382
-2126
15474448
1043
-9
122
1066
-3906
-2490
15475473
2390
101
157
1224
-4019
-2811
15476498
3498
269
166
1198
-3804
-2685
15477523
3920
407
264
1170
-4034
-1814
15478548
4424
600
440
1173
-4485
-1307
15479573
5271
852
598
1054
-4651
-1609
15480598
6055
969
580
857
-4338
-1631
15481623
6764
940
462
786
-4370
-1065
15482648
7840
917
360
829
-4350
-157
15483673
9222
839
319
755
-3781
447
15484698
10780
747
384
743
-3234
660
15485723
12679
664
469
764
-2260
922
15486748
13756
510
369
538
524
1852
15487773
11389
425
161
624
3449
3893
15480448
5965
432
-249
655
4306
4938
15481473
1234
467
-517
392
1328
4294
15482498
191
469
-589
100
-1104
4021
15483523
687
306
-380
126
-133
4436
15484548
499
105
-119
315
1592
4828
15485573
-167
39
-109
270
1294
5010
15486598
-385
-23
-63
86
291
4837
15487623
-226
-124
68
152
262
4466
15488648
-136
-199
165
287
259
4145
15489673
-131
-209
172
396
276
4137
15490698
-199
-162
161
448
174
4167
15491723
-191
-118
145
464
-51
4126
15492748
-123
-70
115
520
-7
4052
15493773
-126
-26
89
533
94
4009
15494798
-174
15
56
487
-1
4068
15495823
-138
33
22
452
-95
4169
15488640
-21
36
2
439
-49
4195
15489665
20
25
-14
428
120
4238
15490690
-68
17
-30
420
98
4266
15491715
-95
7
-37
420
21
4278
15492740
-38
-2
-31
417
107
4269
15493765
-41
-3
-25
422
160
4264
15494790
-44
-5
-11
404
112
4235
15495815
-31
-9
-2
417
151
4227
15496840
-42
-8
14
392
118
4207
15497865
-79
-20
7
439
110
4216
15498890
-126
-11
12
447
56
4178
15499915
-120
-3
11
458
33
4217
15500940
-82
18
20
419
-41
4220
15501965
-17
10
19
431
1
4203
15502990
-42
10
9
455
77
4207
15504015
-101
21
0
433
-16
4231
15496833
-78
18
-4
412
-54
4249
15497858
-33
12
-3
416
13
4269
15498883
-46
10
-6
416
25
4255
15499908
-40
5
-7
409
-28
4235
15500933
11
-6
-5
413
33
4248
15501958
-1
-6
-1
420
48
4242
15502983
-24
-9
0
423
0
4214
15504008
-14
-7
-5
418
6
4249
15505033
-10
-5
-4
404
10
4240
15506058
-19
-7
0
408
43
4207
15507083
-44
-2
-2
421
10
4227
15508108
-24
-2
0
420
-43
4252
15509133
7
-7
4
425
48
4218
15510158
-32
0
7
426
42
4188
15511183
-48
5
9
415
-19
4202
15512208
-28
10
6
411
-18
4239
15505026
-23
11
3
403
-1
4232
15506051
-58
11
-2
430
13
4198
15507076
-80
16
-6
420
-35
4235
15508101
-35
15
-2
407
-38
4268
15509126
7
12
10
396
10
4260
15510151
-19
6
15
393
51
4246
15511176
-84
-2
9
397
44
4252
15512201
-140
-6
6
401
-13
4245
15513226
-168
-15
8
409
-13
4243
15514251
-206
-14
14
395
-2
4270
15515276
-275
-17
10
380
-31
4292
15516301
-347
-37
-2
396
-117
4293
15517326
-358
-51
-12
407
-261
4291
15518351
-282
-74
-12
423
-288
4291
15519376
-214
-90
-12
434
-210
4273
15520401
-224
-101
-13
442
-164
4242
15513215
-283
-102
-17
446
-187
4237
15514240
-361
-100
-30
440
-233
4256
15515265
-502
-99
-50
465
-245
4261
15516290
-703
-98
-81
479
-261
4266
15517315
-1009
-101
-134
491
-208
4287
15518340
-1594
-94
-198
477
-172
4290
15519365
-2118
-117
-240
496
-624
4174
15520390
-2056
-164
-254
573
-1167
4084
15521415
-1619
-193
-204
578
-1152
4045
15522440
-1548
-200
-164
564
-840
4029
15523465
-1924
-200
-155
582
-865
3962
15524490
-2204
-218
-170
619
-1207
3850
15525515
-2298
-234
-151
653
-1384
3759
15526540
-2415
-257
-94
662
-1520
3728
15527565
-2594
-286
-45
693
-1803
3741
15528590
-2592
-293
11
673
-2132
3674
15521409
-2469
-325
46
642
-2278
3553
15522434
-2723
-385
39
693
-2170
3389
15523459
-3238
-442
32
749
-2488
3154
15524484
-3545
-520
-3
772
-2979
2928
15525509
-3671
-579
-21
819
-3293
2670
15526534
-3696
-619
-17
844
-3618
2366
15527559
-3566
-663
-21
897
-3743
2109
15528584
-3451
-680
-17
935
-3686
1816
15529609
-3437
-682
-16
952
-3698
1536
15530634
-3360
-664
7
998
-3748
1358
15531659
-3107
-602
58
1061
-3846
930
15532684
-2757
-512
34
1043
-3866
364
15533709
-2572
-495
-24
1076
-3799
115
15534734
-2653
-499
-22
1084
-3866
123
15535759
-2939
-517
1
1095
-3863
58
15536784
-3177
-490
25
1075
-3860
-128
15529600
-3081
-445
65
1027
-4075
-419
15530625
-2768
-394
46
989
-4025
-731
15531650
-2656
-385
0
981
-3764
-1100
15532675
-2816
-395
-49
1001
-3730
-1375
15533700
-2964
-402
-67
1000
-3916
-1669
15534725
-2754
-411
-57
986
-4230
-2006
15535750
-2049
-385
-60
1009
-4256
-2200
15536775
-1247
-305
-89
1018
-3867
-2137
15537800
-812
-215
-104
1027
-3542
-2062
15538825
-737
-129
-111
1035
-3445
-2088
15539850
-687
-63
-95
1033
-3517
-2222
15540875
-467
-12
-80
1011
-3493
-2315
15541900
-258
29
-78
991
-3294
-2259
15542925
-228
57
-61
1005
-3239
-2176
15543950
-215
69
-26
1009
-3302
-2165
15544975
-114
73
6
1008
-3334
-2165
15537791
-19
71
22
1010
-3251
-2133
15538816
-30
65
34
1011
-3264
-2083
15539841
-65
55
44
1016
-3338
-2040
15540866
-76
46
50
1007
-3334
-2045
15541891
-51
35
52
990
-3362
-2101
15542916
-13
19
48
986
-3388
-2110
15543941
9
-1
46
989
-3394
-2105
15544966
-4
-7
33
998
-3383
-2076
15545991
-44
-11
23
1000
-3395
-2082
15547016
-37
-16
17
1001
-3435
-2156
15548041
39
-19
9
1002
-3392
-2176
15549066
70
-21
-2
984
-3305
-2159
15550091
2
-19
-5
993
-3299
-2160
15551116
-34
-11
5
998
-3375
-2180
15552141
1
3
12
1008
-3360
-2160
15553166
21
10
13
1019
-3328
-2190
15545984
14
14
11
1016
-3338
-2160
15547009
-5
16
14
989
-3347
-2093
15548034
-16
16
16
984
-3371
-2095
15549059
-23
16
8
989
-3355
-2114
15550084
-63
11
-3
995
-3356
-2146
15551109
-107
6
-13
987
-3373
-2143
15552134
-117
8
-14
1009
-3387
-2146
15553159
-81
11
-14
1017
-3362
-2175
15554184
-57
12
-21
1008
-3320
-2190
15555209
-41
4
-12
1004
-3349
-2204
15556234
22
0
-4
1006
-3329
-2229
15557259
76
3
2
1016
-3246
-2174
15558284
18
11
8
1023
-3230
-2111
15559309
-62
14
21
1012
-3314
-2174
15560334
-46
20
25
1019
-3375
-2216
15561359
19
19
26
1020
-3363
-2164
15554176
47
15
23
1001
-3336
-2086
15555201
38
6
18
991
-3347
-2087
15556226
41
-6
15
1003
-3391
-2140
15557251
96
-17
15
995
-3419
-2225
15558276
243
-23
17
975
-3487
-2377
15559301
545
7
12
1016
-3477
-2380
15560326
762
101
-12
1112
-3277
-2182
15561351
743
191
9
1133
-3262
-2503
15562376
1029
264
22
1098
-3588
-2972
15563401
2135
282
-45
1095
-4126
-2676
15564426
3701
238
-138
1030
-4515
-1733
15565451
5134
233
-104
1049
-4362
-995
15566476
6293
372
29
1076
-4045
-687
15567501
7008
543
82
1012
-3827
-473
15568526
6545
585
-20
971
-3467
55
15569551
5120
553
-32
1056
-3426
933
15562367
4123
581
73
1130
-3769
1331
15563392
4421
683
130
1049
-4330
1288
15564417
6105
733
139
991
-4702
1278
15565442
8467
735
111
1015
-4080
1284
15566467
10418
699
46
1042
-2491
1434
15567492
11483
719
4
805
-940
2021
15568517
10744
631
18
659
954
3389
15569542
7483
469
-264
943
2703
4680
15570567
2698
587
-595
850
2339
4771
15571592
-93
756
-624
526
31
3678
15572617
-291
741
-530
221
-719
3329
15573642
-117
585
-419
316
660
3946
15574667
-413
400
-256
308
986
4646
15575692
-458
212
-168
331
337
4902
15576717
-201
137
-63
282
202
4804
15577742
-86
84
47
205
241
4613
15570559
-216
15
75
227
125
4376
15571584
-346
-39
42
321
-24
4228
15572609
-358
-70
8
382
-135
4328
15573634
-273
-74
11
403
-260
4355
15574659
-122
-75
19
463
-255
4216
15575684
-55
-58
11
463
-102
4121
15576709
-145
-37
-24
448
-47
4130
15577734
-210
-17
-58
429
-211
4158
15578759
-90
-15
-69
426
-227
4187
15579784
9
-8
-59
434
-12
4175
15580809
-69
11
-48
445
52
4171
15581834
-142
27
-34
430
-123
4223
15582859
-76
23
-20
427
-176
4268
15583884
-8
16
1
389
-116
4297
15584909
-32
12
10
355
-114
4329
15585934
-66
-6
10
362
-161
4305
15578752
-44
-33
5
402
-186
4294
15579777
-45
-52
2
426
-135
4286
15580802
-87
-53
0
435
-196
4240
15581827
-59
-53
1
431
-207
4228
15582852
-14
-53
2
437
-159
4226
15583877
-27
-50
-1
432
-151
4202
15584902
-82
-51
-7
437
-168
4190
15585927
-116
-46
-7
438
-215
4202
15586952
-101
-40
-9
461
-203
4196
15587977
-90
-28
-11
496
-197
4126
15589002
-105
-17
-8
510
-198
4092
15590027
-134
8
-3
485
-252
4143
15591052
-115
32
-10
465
-284
4209
15592077
-54
50
-18
462
-297
4200
15593102
-5
53
-18
456
-250
4203
15594127
-33
49
-17
455
-213
4242
15586945
-72
55
-10
421
-266
4261
15587970
-39
49
-5
387
-267
4282
15588995
-10
37
-4
408
-226
4272
15590020
-26
30
1
399
-221
4288
15591045
-33
18
3
393
-247
4286
15592070
-24
5
8
391
-227
4271
15593095
-31
-7
7
404
-226
4256
15594120
-43
-11
6
408
-259
4268
15595145
-43
-16
9
424
-253
4269
15596170
-29
-14
12
418
-283
4235
15597195
-6
-22
11
422
-256
4230
15598220
-28
-17
11
430
-254
4232
15599245
-23
-8
15
407
-315
4231
15600270
10
-11
15
421
-258
4215
15601295
-3
-11
15
419
-254
4221
15602320
-38
-14
13
431
-262
4232
15595136
-54
-10
14
432
-294
4214
15596161
-59
-3
13
415
-333
4201
15597186
-34
-1
4
438
-351
4211
15598211
3
0
2
446
-312
4246
15599236
-4
4
3
447
-280
4228
15600261
-28
8
9
416
-274
4205
15601286
-44
2
3
401
-261
4229
15602311
-83
-3
-10
403
-247
4272
15603336
-144
-4
-10
409
-270
4269
15604361
-257
-12
-13
402
-260
4258
15605386
-497
-31
-45
400
-260
4294
15606411
-839
-62
-108
447
-313
4301
15607436
-1188
-83
-165
461
-456
4280
15608461
-1566
-93
-221
463
-464
4276
15609486
-2161
-102
-280
462
-531
4225
15610511
-3087
-122
-369
440
-649
4205
15603327
-4140
-193
-477
447
-1006
4215
15604352
-4975
-303
-560
505
-1641
4068
15605377
-5086
-433
-570
561
-2444
3835
15606402
-4533
-514
-553
659
-2826
3556
15607427
-4138
-546
-488
677
-2587
3269
15608452
-4604
-585
-471
692
-2253
3148
15609477
-5629
-585
-484
871
-2256
2890
15610502
-6475
-515
-466
950
-2702
2244
15611527
-6675
-462
-452
866
-3072
1328
15612552
-6247
-587
-530
839
-3606
736
15613577
-5759
-782
-664
967
-3929
565
15614602
-5823
-965
-729
1036
-3452
222
15615627
-6184
-1066
-652
1204
-3402
-558
15616652
-5831
-954
-577
1301
-4260
-1433
15617677
-4402
-861
-545
1300
-4592
-2037
15618702
-2865
-782
-479
1296
-4178
-2413
15611556
-1646
-665
-365
1383
-3792
-2400
15612581
-908
-520
-283
1400
-3295
-2176
15613606
-677
-396
-188
1382
-3071
-2033
15614631
-693
-295
-104
1389
-3077
-2140
15615656
-659
-211
-37
1398
-3171
-2225
15616681
-443
-146
26
1334
-3250
-2182
15617706
-182
-97
67
1252
-3233
-2112
15618731
-38
-69
101
1240
-3231
-2079
15619756
-46
-55
115
1232
-3268
-2090
15620781
-111
-60
129
1224
-3367
-2078
15621806
-79
-65
129
1209
-3479
-2064
15622831
46
-64
115
1184
-3413
-2021
15623856
117
-68
100
1180
-3285
-2028
15624881
54
-68
78
1171
-3312
-2049
15625906
-62
-69
60
1182
-3386
-2086
15626931
-80
-61
47
1180
-3444
-2085
15619713
-32
-41
24
1181
-3416
-2094
15620738
-13
-23
8
1198
-3375
-2114
15621763
-12
-12
6
1187
-3356
-2099
15622788
-37
-4
1
1167
-3325
-2106
15623813
-31
1
10
1162
-3327
-2050
15624838
-12
7
13
1162
-3290
-2010
15625863
-19
4
18
1159
-3308
-2027
15626888
-11
-2
21
1157
-3328
-2031
15627913
-15
-13
22
1155
-3328
-2021
15628938
-32
-29
26
1147
-3324
-2054
15629963
-2
-36
29
1163
-3381
-2081
15630988
59
-33
27
1165
-3335
-2050
15632013
29
-25
23
1163
-3270
-2014
15633038
-53
-25
27
1165
-3347
-2060
15634063
-55
-26
29
1147
-3395
-2113
15635088
-7
-27
31
1142
-3355
-2094
15627904
18
-23
27
1141
-3340
-2053
15628929
-7
-18
18
1128
-3349
-2066
15629954
-35
-20
16
1127
-3403
-2093
15630979
14
-24
16
1134
-3410
-2099
15632004
88
-26
11
1136
-3356
-2096
15633029
138
-29
13
1143
-3330
-2076
15634054
193
-41
34
1143
-3346
-2075
15635079
353
-59
64
1126
-3447
-2207
15636104
843
-77
99
1116
-3686
-2486
15637129
1621
-68
127
1124
-3650
-2393
15638154
2026
-38
156
1154
-3374
-1990
15639179
1783
-2
201
1133
-3330
-1553
15640204
1474
61
250
1084
-3700
-1321
15641229
1647
174
259
1091
-4071
-1356
15642254
2205
288
242
1076
-4335
-1570
15643279
2961
354
250
1069
-4530
-1472
15636096
3763
389
262
1035
-4425
-1057
15637121
4232
412
228
954
-4131
-643
15638146
4597
440
225
944
-4324
-395
15639171
5419
551
233
946
-4605
-175
15640196
6827
659
255
900
-4727
-113
15641221
9017
721
348
860
-4714
-138
15642246
11958
646
412
854
-3979
-10
15643271
15009
426
427
956
-2246
357
15644296
16067
315
382
659
1402
1490
15645321
11938
132
120
747
5500
4804
15646346
3530
90
-661
1265
5974
6101
15647371
-2209
436
-838
837
443
4251
15648396
-1435
586
-651
-1
-3682
3167
15649421
777
431
-595
67
-1085
3342
15650446
543
279
-426
595
2182
3814
15651471
-657
160
-203
588
1137
4485
15644288
-523
89
-128
421
-141
5082
15645313
81
86
-35
313
422
5042
15646338
-39
50
98
270
434
4334
15647363
-283
-5
135
338
34
3934
15648388
-200
-46
98
437
-146
4148
15649413
-79
-61
54
442
-67
4436
15650438
-164
-66
1
550
-14
4321
15651463
-231
-36
-25
554
-206
4128
15652488
-108
-46
-43
538
-131
4124
15653513
-61
-29
-51
527
52
4202
15654538
-132
-3
-48
471
47
4200
15655563
-149
13
-37
453
4
4123
15656588
-73
19
-15
459
-10
4137
15657613
-56
37
-1
477
41
4190
15658638
-113
50
-5
508
-7
4193
15659663
-105
60
-7
496
-148
4203
15652479
-20
61
-4
465
-80
4262
15653504
-24
57
-4
437
-20
4249
15654529
-97
52
-16
430
-61
4217
15655554
-127
45
-30
440
-84
4266
15656579
-96
37
-32
422
-109
4321
15657604
-34
19
-23
412
-81
4315
15658629
-20
-1
-13
437
-14
4261
15659654
-50
-13
0
434
-35
4221
15660679
-62
-15
3
449
-92
4234
15661704
-40
-10
3
430
-113
4242
15662729
-26
-10
5
438
-100
4205
15663754
-37
-9
4
457
-102
4193
15664779
-65
-2
2
471
-119
4198
15665804
-56
14
-2
445
-179
4229
15666829
9
11
-7
429
-161
4238
15667854
16
3
-13
443
-44
4216
15660672
-61
3
-15
441
-68
4223
15661697
-84
9
-11
432
-134
4243
15662722
-25
3
-4
433
-121
4241
15663747
-5
7
1
440
-95
4214
15664772
-7
12
8
442
-135
4204
15665797
2
15
7
445
-100
4222
15666822
-8
24
5
427
-151
4229
15667847
-1
19
1
430
-138
4211
15668872
-12
18
-6
439
-103
4233
15669897
-36
29
-9
428
-162
4232
15670922
20
28
-4
407
-181
4246
15671947
48
18
-2
422
-57
4259
15672972
-22
17
-3
404
-84
4265
15673997
-43
11
-4
412
-181
4238
15675022
16
5
-2
417
-122
4259
15676047
18
-2
-5
410
-75
4260
15668864
-25
-3
-6
417
-118
4237
15669889
-8
-1
1
408
-134
4229
15670914
21
-3
5
417
-85
4226
15671939
11
2
13
406
-108
4236
15672964
3
1
13
411
-138
4236
15673989
15
1
12
420
-133
4221
15675014
13
-1
9
419
-96
4235
15676039
-15
0
7
414
-128
4258
15677064
9
2
11
419
-150
4242
15678089
38
-5
19
407
-58
4247
15679114
-21
-10
15
389
-53
4266
15680139
-76
-23
5
393
-91
4270
15681164
-128
-36
2
408
-6
4239
15682189
-356
-40
-16
393
47
4239
15683214
-852
-52
-76
404
38
4269
15684239
-1526
-83
-182
465
-68
4312
15677056
-2438
-92
-326
468
-47
4414
15678081
-3818
-119
-471
428
-254
4371
15679106
-4973
-213
-589
403
-1094
4181
15680131
-5193
-372
-663
441
-1940
4084
15681156
-4864
-527
-636
549
-2202
3944
15682181
-4519
-625
-561
602
-2253
3719
15683206
-4482
-667
-515
672
-2132
3453
15684231
-4615
-689
-472
754
-2387
3080
15685256
-4593
-709
-427
838
-2761
2730
15686281
-4463
-728
-342
901
-2905
2415
15687306
-4365
-755
-250
969
-3017
2082
15688331
-4384
-794
-175
1040
-2970
1674
15689356
-4521
-837
-112
1055
-2962
1362
15690381
-4620
-905
-47
1038
-3128
1069
15691406
-4592
-988
6
975
-3282
802
15692431
-4692
-1089
44
910
-3354
373
15685348
-4680
-1105
70
1030
-3738
-284
15686373
-4227
-988
48
1087
-3943
-1058
15687398
-3621
-879
43
1087
-4088
-1867
15688423
-2849
-774
82
1118
-4489
-2431
15689448
-1676
-642
92
1201
-4680
-2552
15690473
-509
-483
117
1216
-4415
-2340
15691498
32
-336
130
1167
-3798
-2018
15692523
-43
-226
144
1103
-3575
-1804
15693548
-369
-144
122
1022
-3572
-1733
15694573
-507
-83
118
981
-3804
-1705
15695598
-367
-39
88
920
-3875
-1697
15696623
-106
-15
76
954
-3947
-1662
15697648
110
-11
71
933
-3834
-1581
15698673
115
-22
70
940
-3723
-1499
15699698
82
-29
71
934
-3740
-1469
15700723
24
-40
43
905
-3586
-1448
15693441
-80
-53
42
920
-3672
-1449
15694466
-84
-60
31
922
-3823
-1540
15695491
-24
-67
18
888
-3741
-1566
15696516
-9
-69
22
912
-3747
-1564
15697541
-11
-57
19
920
-3738
-1590
15698566
-47
-37
17
929
-3677
-1588
15699591
-67
-19
24
932
-3738
-1583
15700616
-31
-10
26
913
-3754
-1598
15701641
15
-8
27
899
-3732
-1629
15702666
17
4
27
895
-3704
-1561
15703691
-25
15
33
898
-3691
-1520
15704716
-51
21
40
893
-3756
-1514
15705741
-6
23
33
891
-3784
-1555
15706766
49
19
20
898
-3757
-1567
15707791
83
10
24
894
-3782
-1517
15708816
117
11
23
883
-3778
-1474
15701633
105
19
6
878
-3699
-1470
15702658
12
19
-2
907
-3727
-1500
15703683
-51
12
-3
917
-3769
-1528
15704708
-46
7
-9
900
-3766
-1530
15705733
-16
7
-16
901
-3763
-1523
15706758
-4
6
-19
899
-3714
-1547
15707783
-63
3
-20
906
-3652
-1551
15708808
-147
4
-20
910
-3700
-1554
15709833
-154
11
-16
903
-3768
-1586
15710858
-52
18
-10
904
-3789
-1597
15711883
45
18
-6
910
-3663
-1540
15712908
4
9
-3
913
-3594
-1482
15713933
-85
-2
5
913
-3702
-1494
15714958
-63
-9
16
902
-3774
-1558
15715983
40
-14
21
908
-3750
-1576
15717008
65
-22
15
910
-3678
-1550
15709824
-49
-24
6
894
-3671
-1562
15710849
-157
-15
2
902
-3766
-1608
15711874
-138
4
-5
914
-3803
-1653
15712899
-49
19
-14
921
-3781
-1667
15713924
1
27
-23
932
-3743
-1649
15714949
6
31
-27
931
-3711
-1616
15715974
12
38
-30
922
-3697
-1598
15716999
65
42
-24
917
-3710
-1670
15718024
161
49
-15
933
-3750
-1759
15719049
311
65
3
940
-3866
-1871
15720074
612
105
13
998
-4008
-1867
15721099
1060
178
19
1081
-4058
-1795
15722124
1519
250
31
1023
-4156
-1865
15723149
2106
312
52
953
-4392
-1731
15724174
2952
383
72
984
-4538
-1286
15725199
3974
454
130
983
-4607
-968
15718017
5163
507
199
914
-4618
-937
15719042
6500
513
236
801
-4493
-777
15720067
7822
426
242
749
-4122
-244
15721092
9254
310
357
733
-3713
438
15722117
10823
226
476
837
-3044
835
15723142
12536
311
484
1017
-2138
1108
15724167
13882
343
390
752
-299
1811
15725192
12014
288
221
550
2798
3928
15726217
6851
153
-240
1031
4352
5801
15727242
992
247
-625
987
2124
5004
15728267
-864
381
-634
550
-1236
3554
15729292
39
440
-608
148
-1734
3226
15730317
230
333
-581
359
539
3654
15731342
-459
211
-352
473
1004
4217
15732367
-426
47
-216
453
289
4889
15733392
-17
34
-125
364
499
5172
15726208
-22
26
28
278
528
4666
15727233
-226
-24
122
285
192
4197
15728258
-215
-73
139
344
-59
4189
15729283
-85
-131
128
430
-32
4310
15730308
-173
-135
111
567
59
4282
15731333
-303
-80
113
582
-126
4170
15732358
-193
-43
115
524
-257
4110
15733383
-15
-44
80
546
-203
4132
15734408
-9
-20
44
548
-73
4146
15735433
-80
-12
18
532
-86
4134
15736458
-118
-2
2
519
-163
4193
15737483
-91
12
0
497
-169
4249
15738508
-51
13
0
491
-96
4228
15739533
-46
8
-11
503
-68
4221
15740558
-64
4
-19
526
-60
4255
15741583
-89
-5
-10
506
-29
4282
15734400
-119
-14
-7
513
-82
4266
15735425
-92
-26
-2
488
-162
4245
15736450
-48
-44
-1
513
-104
4224
15737475
-54
-53
-8
511
-95
4224
15738500
-88
-61
-27
526
-128
4252
15739525
-97
-52
-26
544
-178
4220
15740550
-29
-46
-8
533
-182
4179
15741575
8
-41
-1
543
-54
4155
15742600
-50
-26
-8
546
-65
4156
15743625
-91
-9
-10
556
-142
4185
15744650
-54
-3
3
540
-187
4187
15745675
-19
-5
0
548
-143
4179
15746700
-41
-2
-13
545
-133
4210
15747725
-85
-2
-23
565
-128
4205
15748750
-89
9
-13
547
-196
4191
15749775
-26
8
-1
543
-158
4209
15742591
-12
11
6
521
-131
4247
15743616
-34
11
10
515
-190
4238
15744641
-13
6
17
525
-202
4247
15745666
-9
-5
17
521
-168
4260
15746691
-49
-18
4
540
-188
4222
15747716
-67
-18
-3
548
-219
4201
15748741
-45
-16
-7
539
-213
4216
15749766
-34
-19
-11
534
-190
4213
15750791
-56
-18
-14
549
-217
4178
15751816
-37
-8
-7
545
-272
4186
15752841
26
-5
-10
542
-217
4219
15753866
33
0
-20
546
-160
4224
15754891
-2
7
-20
540
-175
4201
15755916
-1
8
-14
536
-184
4227
15756941
10
2
-11
536
-145
4266
15757966
-1
-5
-9
530
-138
4264
15750784
-4
-10
-2
529
-133
4259
15751809
8
-20
12
528
-134
4249
15752834
12
-26
24
520
-108
4251
15753859
-18
-33
26
521
-128
4237
15754884
-51
-41
28
547
-188
4198
15755909
-44
-39
32
559
-224
4183
15756934
-19
-34
31
552
-232
4200
15757959
-19
-30
27
546
-207
4179
15758984
-69
-27
16
561
-160
4176
15760009
-162
-24
8
547
-104
4201
15761034
-411
-25
-22
534
126
4249
15762059
-1144
-23
-79
510
242
4323
15763084
-1943
-48
-109
510
-359
4322
15764109
-1991
-111
-110
575
-912
4314
15765134
-1678
-158
-89
620
-730
4256
15766159
-1947
-190
-103
591
-428
4170
15758976
-2900
-237
-158
613
-501
4101
15760001
-3816
-309
-201
665
-1032
3997
15761026
-4341
-396
-201
660
-1550
3872
15762051
-4568
-495
-169
653
-2038
3742
15763076
-4526
-575
-172
724
-2516
3565
15764101
-4378
-614
-147
764
-2780
3239
15765126
-4349
-657
-116
822
-2930
2875
15766151
-4552
-686
-112
921
-2920
2583
15767176
-5054
-668
-116
1008
-2762
2094
15768201
-5698
-640
-169
1019
-2679
1300
15769226
-6172
-692
-289
1046
-3067
753
15770251
-6260
-750
-374
1167
-3772
449
15771276
-6049
-785
-418
1088
-4134
212
15772301
-5730
-880
-365
1141
-3841
-251
15773326
-5261
-827
-326
1170
-3762
-853
15774351
-4726
-731
-354
1271
-3977
-1755
15767167
-3817
-650
-265
1338
-4442
-2486
15768192
-2338
-590
-168
1321
-4455
-2528
15769217
-862
-489
-162
1274
-3880
-2169
15770242
-13
-313
-162
1335
-3401
-1789
15771267
185
-138
-102
1383
-3402
-1760
15772292
80
-22
6
1319
-3468
-1912
15773317
19
55
83
1228
-3482
-1962
15774342
112
94
99
1207
-3481
-1873
15775367
248
96
111
1190
-3466
-1731
15776392
266
92
121
1193
-3469
-1568
15777417
189
83
131
1183
-3554
-1502
15778442
69
66
126
1189
-3606
-1553
15779467
-22
43
117
1204
-3677
-1624
15780492
18
24
105
1199
-3692
-1584
15781517
80
22
78
1166
-3629
-1537
15782542
129
22
56
1160
-3698
-1536
15775360
147
14
39
1162
-3659
-1550
15776385
114
1
38
1169
-3596
-1527
15777410
63
-8
35
1184
-3595
-1510
15778435
87
-10
34
1178
-3646
-1526
15779460
157
-15
33
1165
-3621
-1563
15780485
125
-20
32
1151
-3543
-1562
15781510
-1
-22
40
1157
-3592
-1554
15782535
-71
-12
39
1148
-3690
-1556
15783560
-36
3
33
1161
-3748
-1567
15784585
51
9
29
1161
-3716
-1537
15785610
121
5
26
1154
-3666
-1514
15786635
131
-4
16
1130
-3584
-1486
15787660
24
-15
5
1125
-3579
-1477
15788685
-69
-17
14
1157
-3691
-1494
15789710
-38
-11
15
1158
-3699
-1514
15790735
19
-5
8
1155
-3630
-1501
15783552
2
-7
1
1155
-3631
-1497
15784577
-29
-17
6
1140
-3648
-1532
15785602
-40
-22
10
1130
-3658
-1530
15786627
-20
-23
10
1142
-3657
-1518
15787652
8
-22
2
1159
-3634
-1526
15788677
7
-21
5
1161
-3656
-1545
15789702
-3
-19
10
1146
-3649
-1543
15790727
-14
-15
11
1137
-3645
-1518
15791752
-10
-13
12
1151
-3647
-1530
15792777
3
-15
13
1137
-3657
-1535
15793802
10
-14
7
1123
-3665
-1534
15794827
17
-15
2
1132
-3674
-1555
15795852
29
-18
7
1147
-3685
-1541
15796877
72
-18
9
1142
-3688
-1526
15797902
167
-17
4
1141
-3735
-1554
15798927
282
-17
4
1143
-3735
-1567
15791744
344
-14
5
1143
-3707
-1524
15792769
331
-5
0
1126
-3695
-1449
15793794
346
15
-5
1127
-3804
-1470
15794819
509
41
-8
1144
-3957
-1574
15795844
873
80
-7
1166
-4096
-1620
15796869
1414
145
-4
1207
-4222
-1596
15797894
2100
237
17
1239
-4293
-1450
15798919
2777
330
50
1236
-4225
-1205
15799944
3189
406
57
1178
-4156
-929
15800969
3456
463
70
1159
-4236
-700
15801994
3961
521
93
1150
-4396
-573
15803019
4964
595
129
1086
-4698
-389
15804044
6696
665
213
1061
-4933
-210
15805069
9229
660
348
1012
-4672
-178
15806094
12281
537
473
1020
-3880
-296
15807119
15417
396
544
1195
-2284
-226
15799936
16509
377
447
919
1818
898
15800961
12099
288
109
1039
6113
4480
15801986
3314
287
-587
1348
5682
5796
15803011
-2375
614
-690
866
403
4268
15804036
-1488
753
-460
242
-2990
3331
15805061
774
559
-328
143
-1179
3507
15806086
668
365
-299
623
2134
4177
15807111
-657
222
-160
639
1166
4721
15808136
-677
83
-89
458
-456
5093
15809161
-36
16
-25
456
195
4980
15810186
-136
-41
80
410
308
4324
15811211
-274
-108
74
449
-232
3980
15812236
-45
-181
10
584
-108
4209
15813261
-27
-165
5
631
82
4335
15814286
-126
-133
13
680
-52
4147
15815311
-128
-82
-9
719
-27
4052
15808128
-86
-27
-23
695
46
3953
15809153
-40
-6
-36
679
48
4019
15810178
-82
37
-31
639
113
4177
15811203
-95
57
-14
576
10
4223
15812228
-55
52
-3
602
34
4203
15813253
-81
56
7
605
104
4240
15814278
-134
50
10
573
-12
4263
15815303
-106
14
1
599
-90
4276
15816328
-72
-9
-1
616
-61
4295
15817353
-79
-26
3
606
-72
4260
15818378
-79
-37
1
617
-75
4198
15819403
-100
-35
-7
619
-82
4186
15820428
-114
-27
-12
617
-164
4136
15821453
-63
-18
-17
649
-159
4126
15822478
-36
2
-23
654
-65
4138
15823503
-56
22
-29
631
-77
4121
15816320
-52
37
-27
628
-99
4144
15817345
-32
42
-22
614
-60
4193
15818370
-39
53
-17
598
-84
4219
15819395
5
51
-13
582
-113
4226
15820420
42
37
-12
591
-65
4256
15821445
26
31
-9
597
-71
4240
15822470
5
17
-8
584
-52
4221
15823495
-32
7
-12
579
-27
4241
15824520
-51
2
-16
591
-96
4255
15825545
2
2
-4
589
-108
4239
15826570
30
-6
8
586
-35
4215
15827595
-31
-11
8
578
-55
4207
15828620
-55
-6
5
597
-148
4183
15829645
4
1
5
606
-136
4148
15830670
12
5
-3
614
-70
4153
15831695
-42
17
-10
581
-100
4189
15824511
-52
20
-13
585
-123
4208
15825536
-30
28
-10
575
-125
4212
15826561
-8
23
-9
585
-130
4209
15827586
-3
23
-11
589
-97
4221
15828611
-5
21
-18
561
-88
4260
15829636
-1
13
-18
561
-63
4260
15830661
-7
3
-3
564
-45
4242
15831686
-24
-7
6
555
-54
4239
15832711
-47
-12
3
563
-90
4231
15833736
-36
-11
4
569
-143
4217
15834761
1
-14
11
586
-99
4193
15835786
-4
-9
14
584
-84
4187
15836811
-37
-6
10
576
-115
4186
15837836
-60
-5
6
587
-107
4178
15838861
-79
1
4
586
-114
4189
15839886
-76
5
4
580
-120
4203
15832705
-74
4
7
571
-85
4205
15833730
-120
-2
9
570
-42
4195
15834755
-231
-7
1
558
-60
4220
15835780
-541
-12
-30
534
6
4279
15836805
-1062
-33
-94
562
-85
4321
15837830
-1441
-74
-164
621
-438
4335
15838855
-1650
-96
-195
623
-536
4268
15839880
-1894
-125
-227
624
-544
4181
15840905
-2327
-160
-290
617
-581
4206
15841930
-2972
-185
-323
627
-664
4158
15842955
-3443
-237
-329
599
-1123
4097
15843980
-3811
-312
-334
660
-1342
4037
15845005
-3931
-395
-277
699
-1921
3912
15846030
-3488
-464
-234
732
-2484
3763
15847055
-3158
-500
-181
777
-2212
3582
15848080
-3443
-531
-132
817
-2026
3323
15840897
-4033
-569
-146
909
-2159
3046
15841922
-4741
-561
-142
1029
-2194
2545
15842947
-5230
-536
-126
1026
-2656
2049
15843972
-5209
-546
-149
1028
-3515
1660
15844997
-4807
-587
-142
1021
-3973
1274
15846022
-4512
-663
-128
1060
-3783
1074
15847047
-4422
-641
-108
1154
-3669
800
15848072
-4427
-588
-146
1072
-3666
363
15849097
-4632
-634
-231
1221
-3389
-286
15850122
-4826
-514
-232
1270
-3597
-1002
15851147
-4613
-418
-214
1236
-4270
-1668
15852172
-3673
-410
-212
1293
-4666
-1951
15853197
-2409
-414
-221
1329
-4473
-1962
15854222
-1433
-378
-227
1334
-4045
-1753
15855247
-942
-296
-228
1315
-3805
-1623
15856272
-731
-224
-201
1286
-3739
-1660
15849089
-599
-161
-155
1260
-3677
-1691
15850114
-416
-106
-112
1265
-3568
-1703
15851139
-288
-62
-90
1282
-3402
-1730
15852164
-274
-35
-51
1311
-3427
-1780
15853189
-229
-13
-20
1294
-3455
-1766
15854214
-142
-6
12
1306
-3503
-1746
15855239
88
0
57
1289
-3625
-1689
15856264
260
8
54
1231
-3287
-1604
15857289
-22
1
55
1227
-3204
-1550
15858314
-353
-3
64
1239
-3580
-1653
15859339
-321
-2
57
1258
-3806
-1771
15860364
-33
-4
51
1244
-3791
-1742
15861389
178
-9
28
1243
-3616
-1670
15862414
150
-19
5
1225
-3459
-1640
15863439
-35
-33
-9
1236
-3455
-1681
15864464
-124
-42
-7
1240
-3530
-1708
15857279
-76
-37
-16
1236
-3538
-1752
15858304
-43
-23
-23
1240
-3468
-1730
15859329
-118
-12
-17
1242
-3427
-1720
15860354
-229
-7
-10
1246
-3469
-1733
15861379
-250
-5
-8
1259
-3535
-1790
15862404
-177
-4
-9
1264
-3560
-1831
15863429
-79
-1
-6
1250
-3530
-1820
15864454
-36
-3
-4
1239
-3452
-1792
15865479
-44
-10
3
1241
-3410
-1787
15866504
-33
-13
11
1251
-3427
-1773
15867529
-9
-8
8
1250
-3441
-1761
15868554
-34
-7
10
1249
-3462
-1811
15869579
-45
-9
17
1249
-3512
-1818
15870604
19
-11
18
1238
-3495
-1789
15871629
52
-9
12
1233
-3438
-1761
15872654
-7
-10
8
1243
-3430
-1772
15865473
-62
-14
14
1247
-3472
-1815
15866498
-63
-13
11
1247
-3479
-1843
15867523
-44
-6
5
1251
-3485
-1843
15868548
-30
4
7
1244
-3498
-1843
15869573
-29
13
5
1231
-3442
-1808
15870598
-26
14
5
1241
-3462
-1813
15871623
3
7
11
1239
-3474
-1841
15872648
9
2
8
1233
-3450
-1822
15873673
-4
3
6
1244
-3484
-1814
15874698
-1
10
5
1243
-3471
-1812
15875723
-18
19
0
1248
-3495
-1837
15876748
31
22
-1
1237
-3582
-1968
15877773
207
29
-1
1248
-3595
-2022
15878798
459
30
-7
1273
-3636
-2014
15879823
1011
50
-6
1320
-3990
-1972
15880848
2055
165
-3
1384
-4157
-1956
15873664
2918
294
11
1376
-3929
-1961
15874689
3296
368
47
1317
-4030
-1606
15875714
3700
421
57
1253
-4252
-1221
15876739
4706
499
54
1251
-4814
-1054
15877764
6646
654
76
1267
-5338
-1010
15878789
9370
796
177
1159
-5187
-1062
15879814
12813
773
427
999
-4621
-1466
15880839
17031
569
622
1151
-3412
-2066
15881864
20427
328
532
1011
1341
-1377
15882889
16689
176
-89
1028
7822
4081
15883914
4785
-31
-1036
1795
6766
6673
15884939
-3651
467
-1057
1378
178
3849
15885964
-2252
658
-257
652
-3531
2442
15886989
1001
424
187
4
-531
3883
15888014
666
-20
-374
796
2538
4727
15889039
-799
-143
-439
1042
984
4680
15881856
-649
-82
-100
840
-274
4761
15882881
-55
-32
134
855
426
4639
15883906
-279
-20
161
743
154
4096
15884931
-389
-63
65
845
-236
3798
15885956
-130
-85
32
1006
-51
3996
15886981
-77
-53
38
977
82
4149
15888006
-195
-8
8
956
-153
4032
15889031
-160
14
-29
954
-195
4021
15890056
-26
11
-52
932
-63
4057
15891081
18
25
-58
966
45
4080
15892106
-12
56
-42
920
38
4155
15893131
-6
68
-22
870
14
4103
15894156
13
65
-25
870
48
4091
15895181
10
59
-29
858
34
4165
15896206
-5
45
-25
898
73
4176
15897231
-17
43
-12
879
-20
4234
15890048
13
34
0
877
-51
4206
15891073
41
15
-2
883
4
4144
15892098
14
1
-14
875
2
4129
15893123
-18
-6
-23
866
-10
4158
15894148
1
-5
-21
872
-49
4189
15895173
44
-5
-17
880
-10
4165
15896198
38
-19
-21
879
38
4151
15897223
-49
-28
-25
889
48
4145
15898248
-97
-20
-16
883
-12
4125
15899273
-36
-10
-6
874
-54
4106
15900298
20
-9
-21
892
3
4120
15901323
-26
-8
-36
903
33
4117
15902348
-78
-4
-34
905
16
4113
15903373
-80
2
-27
893
-9
4107
15904398
-51
12
-24
882
-26
4127
15905423
-23
17
-25
882
2
4111
15898241
-39
21
-28
886
38
4104
15899266
-71
28
-25
872
7
4114
15900291
-58
32
-18
865
-11
4143
15901316
-23
34
-11
858
-2
4183
15902341
-10
36
-6
852
-11
4167
15903366
-17
23
-8
861
-17
4166
15904391
-45
11
-11
874
-36
4170
15905416
-47
8
-8
873
-60
4149
15906441
-35
8
-10
862
-32
4144
15907466
-52
11
-14
849
-9
4152
15908491
-65
17
-11
847
-42
4131
15909516
-49
17
-6
852
-29
4146
15910541
-38
20
-2
865
-43
4148
15911566
-13
24
6
856
-67
4152
15912591
-14
20
11
847
-41
4161
15913616
-58
14
4
858
-82
4142
15906432
-66
16
-6
861
-118
4162
15907457
-32
18
-10
832
-111
4200
15908482
3
9
-12
838
-54
4175
15909507
-7
1
-7
821
-14
4173
15910532
-54
-11
-4
838
-18
4171
15911557
-83
-13
2
844
-60
4169
15912582
-69
-13
10
839
-77
4167
15913607
-71
-18
16
836
-60
4157
15914632
-117
-21
14
858
-86
4142
15915657
-148
-22
14
855
-95
4154
15916682
-175
-26
8
841
-110
4147
15917707
-264
-34
0
835
-87
4145
15918732
-503
-44
-19
839
-77
4158
15919757
-853
-55
-57
872
-138
4198
15920782
-1243
-56
-99
879
-237
4244
15921807
-1577
-72
-128
886
-402
4255
15914624
-1813
-109
-146
903
-554
4223
15915649
-2100
-143
-160
894
-617
4196
15916674
-2711
-175
-202
873
-558
4253
15917699
-3909
-209
-254
882
-646
4279
15918724
-4955
-274
-230
895
-1300
4134
15919749
-4834
-355
-157
920
-2221
3772
15920774
-4056
-411
-137
894
-2444
3529
15921799
-3890
-480
-159
985
-2202
3416
15922824
-4201
-514
-124
1101
-2293
3164
15923849
-4277
-504
-56
1158
-2579
2653
15924874
-4130
-509
-11
1176
-2671
2200
15925899
-4514
-521
-43
1231
-2496
1869
15926924
-5347
-483
-49
1298
-2697
1379
15927949
-5648
-429
-30
1262
-3542
886
15928974
-5143
-404
-29
1244
-4116
340
15929999
-4432
-410
-77
1274
-4141
-129
15922816
-4155
-402
-204
1370
-3780
-577
15923841
-4065
-312
-238
1540
-3867
-942
15924866
-3808
-226
-241
1534
-4251
-1251
15925891
-3225
-190
-242
1445
-4545
-1314
15926916
-2277
-155
-208
1342
-4457
-1131
15927941
-1355
-117
-185
1331
-4019
-1089
15928966
-853
-78
-140
1320
-3683
-1134
15929991
-786
-45
-109
1371
-3570
-1133
15931016
-742
-28
-47
1429
-3749
-1164
15932041
-441
-35
0
1389
-3861
-1198
15933066
-94
-64
-11
1381
-3515
-1317
15934091
-168
-88
-20
1485
-3328
-1359
15935116
-405
-82
12
1485
-3596
-1407
15936141
-348
-61
36
1394
-3801
-1446
15937166
-28
-51
48
1372
-3735
-1506
15938191
209
-46
47
1404
-3528
-1468
15931009
76
-38
48
1385
-3365
-1368
15932034
-211
-27
63
1371
-3591
-1349
15933059
-201
-17
71
1371
-3812
-1404
15934084
51
-22
62
1359
-3737
-1425
15935109
121
-43
43
1338
-3558
-1367
15936134
-12
-58
39
1337
-3626
-1327
15937159
-60
-70
40
1317
-3764
-1368
15938184
43
-88
33
1315
-3732
-1433
15939209
151
-103
23
1346
-3618
-1457
15940234
103
-105
14
1351
-3506
-1390
15941259
-72
-105
27
1357
-3492
-1366
15942284
-160
-108
52
1366
-3561
-1413
15943309
-92
-108
65
1373
-3520
-1435
15944334
-33
-98
71
1374
-3425
-1410
15945359
-93
-73
63
1367
-3554
-1455
15946384
-195
-53
63
1350
-3616
-1476
15939200
-255
-49
70
1282
-3687
-1502
15940225
-211
-57
72
1244
-3749
-1513
15941250
-75
-72
60
1210
-3726
-1516
15942275
-26
-84
28
1217
-3652
-1514
15943300
-121
-92
0
1232
-3701
-1538
15944325
-176
-89
-16
1238
-3771
-1545
15945350
-100
-82
-40
1247
-3746
-1543
15946375
-9
-78
-68
1285
-3677
-1576
15947400
24
-73
-90
1315
-3658
-1649
15948425
27
-66
-102
1311
-3645
-1623
15949450
47
-56
-106
1280
-3613
-1582
15950475
88
-38
-111
1264
-3569
-1583
15951500
94
-22
-102
1294
-3467
-1525
15952525
4
-12
-85
1323
-3424
-1498
15953550
-45
-14
-62
1327
-3486
-1513
15954575
4
-22
-45
1314
-3494
-1540
15947391
59
-35
-21
1320
-3449
-1557
15948416
99
-37
4
1339
-3481
-1555
15949441
112
-34
25
1328
-3456
-1489
15950466
32
-30
41
1321
-3459
-1483
15951491
-34
-31
54
1305
-3604
-1571
15952516
34
-31
53
1292
-3704
-1621
15953541
159
-29
46
1307
-3699
-1591
15954566
182
-19
26
1322
-3631
-1503
15955591
154
-5
13
1308
-3714
-1518
15956616
355
32
2
1311
-3995
-1720
15957641
1122
75
2
1309
-4379
-1990
15958666
2527
102
51
1366
-4899
-2294
15959691
4586
177
190
1404
-5213
-2007
15960716
6699
368
384
1400
-4772
-1350
15961741
7888
655
520
1280
-4079
-978
15962766
8185
771
546
1180
-3644
-578
15955585
8735
779
507
1109
-3556
-215
15956610
10513
703
469
940
-3941
27
15957635
13286
473
476
1129
-3154
284
15958660
15148
369
365
1045
-132
968
15959685
13323
398
136
814
3322
3086
15960710
7378
256
-466
1249
5804
5271
15961735
639
402
-873
1145
3328
4922
15962760
-1424
642
-900
431
-1760
3661
15963785
-70
547
-894
144
-2179
3331
15964810
835
302
-597
458
1808
4151
15965835
97
58
-272
711
2090
4825
15966860
-241
-36
-214
544
756
5204
15967885
-153
-39
-145
434
1025
4896
15968910
-298
-99
74
366
545
4167
15969935
-177
-193
159
500
195
3894
15970960
-54
-207
135
735
521
3964
15963776
-242
-127
122
717
395
4088
15964801
-363
-72
92
778
-69
4068
15965826
-178
-15
82
819
-126
4004
15966851
-28
30
63
801
219
3990
15967876
-165
63
8
777
310
4041
15968901
-317
86
-43
706
107
4174
15969926
-299
75
-56
652
69
4230
15970951
-274
56
-51
664
173
4197
15971976
-319
63
-48
645
134
4217
15973001
-250
53
-42
623
14
4257
15974026
-123
32
-34
681
93
4217
15975051
-99
32
-17
682
140
4176
15976076
-151
25
-19
676
133
4178
15977101
-192
24
-21
642
63
4214
15978126
-188
21
-21
632
-1
4234
15979151
-140
23
-13
626
-38
4223
15971969
-63
13
-7
634
-46
4197
15972994
-19
1
-12
649
29
4224
15974019
-65
-4
-26
654
46
4236
15975044
-112
-9
-30
665
-13
4197
15976069
-102
-15
-23
666
-5
4171
15977094
-68
-13
-17
641
7
4174
15978119
-41
-13
-20
660
43
4184
15979144
-48
-5
-15
656
51
4177
15980169
-65
-1
-6
664
1
4137
15981194
-24
7
9
653
-35
4175
15982219
14
10
12
637
21
4228
15983244
-10
15
14
639
5
4190
15984269
-20
13
17
650
1
4174
15985294
-14
11
18
657
26
4191
15986319
-12
15
26
646
66
4195
15987344
-21
15
46
626
80
4189
15980160
-48
11
62
645
53
4181
15981185
-60
11
69
670
-36
4180
15982210
-39
25
65
659
-88
4169
15983235
3
33
57
602
-118
4188
15984260
16
28
44
611
-96
4211
15985285
-15
21
26
639
-42
4234
15986310
-71
18
9
633
-92
4228
15987335
-56
12
4
611
-128
4241
15988360
-5
-2
12
616
-28
4240
15989385
-21
-12
20
620
48
4233
15990410
-86
-17
18
613
50
4226
15991435
-145
-26
22
610
24
4192
15992460
-200
-41
32
623
24
4174
15993485
-304
-44
29
639
19
4185
15994510
-523
-41
1
604
20
4237
15995535
-905
-59
-51
620
62
4250
15988352
-1277
-94
-85
695
-136
4162
15989377
-1510
-106
-50
714
-335
4052
15990402
-1693
-110
23
739
-265
3955
15991427
-1911
-117
90
746
-219
3867
15992452
-2369
-125
117
718
-97
3834
15993477
-3699
-133
77
719
195
3897
15994502
-5564
-190
16
683
-254
3897
15995527
-6602
-322
-14
574
-2068
3775
15996552
-6052
-490
24
577
-3308
3510
15997577
-5079
-611
136
636
-3099
3078
15998602
-4998
-733
157
626
-2978
2621
15999627
-5636
-819
68
727
-3229
2065
16000652
-6219
-854
-32
871
-3414
1520
16001677
-6414
-823
-61
924
-3763
845
16002702
-6036
-759
-115
1036
-4380
116
16003727
-5259
-685
-262
1079
-4551
-359
15996543
-4587
-614
-333
1165
-4219
-739
15997568
-3876
-464
-278
1261
-4206
-1081
15998593
-3047
-309
-236
1236
-4203
-1413
15999618
-2180
-196
-175
1184
-4192
-1457
16000643
-1570
-117
-125
1167
-3978
-1466
16001668
-1289
-50
-86
1161
-3886
-1403
16002693
-1085
1
-25
1156
-3982
-1299
16003718
-663
43
27
1155
-4058
-1255
16004743
-98
80
43
1130
-3975
-1187
16005768
259
88
40
1114
-3702
-1157
16006793
188
66
27
1107
-3561
-1179
16007818
-117
32
35
1110
-3725
-1147
16008843
-223
9
56
1125
-3961
-1140
16009868
-30
4
55
1086
-3953
-1155
16010893
159
-7
31
1084
-3743
-1173
16011918
123
-25
19
1107
-3689
-1190
16004736
-22
-41
30
1098
-3770
-1207
16005761
-144
-48
34
1097
-3815
-1227
16006786
-177
-53
44
1113
-3817
-1207
16007811
-108
-53
43
1100
-3803
-1217
16008836
0
-55
36
1093
-3778
-1201
16009861
35
-60
32
1092
-3761
-1177
16010886
0
-67
37
1092
-3766
-1174
16011911
-22
-73
42
1077
-3788
-1190
16012936
9
-78
42
1062
-3796
-1192
16013961
32
-78
27
1065
-3791
-1254
16014986
-4
-72
11
1074
-3828
-1304
16016011
-33
-62
14
1074
-3856
-1280
16017036
-22
-47
11
1068
-3845
-1266
16018061
14
-31
6
1060
-3837
-1261
16019086
48
-21
-3
1078
-3812
-1274
16020111
37
-15
-13
1087
-3771
-1278
16012928
-12
-11
-10
1076
-3774
-1235
16013953
-25
-4
-2
1059
-3812
-1229
16014978
22
0
0
1058
-3807
-1237
16016003
47
-1
-4
1062
-3746
-1218
16017028
-6
-9
-3
1081
-3754
-1197
16018053
-40
-15
5
1074
-3794
-1217
16019078
-33
-19
3
1056
-3807
-1254
16020103
-4
-23
2
1072
-3819
-1253
16021128
23
-21
-1
1067
-3794
-1250
16022153
-4
-21
0
1057
-3771
-1244
16023178
-60
-19
-4
1067
-3776
-1262
16024203
-100
-13
-6
1068
-3792
-1280
16025228
-111
-7
-3
1064
-3803
-1266
16026253
-124
-3
-11
1058
-3778
-1294
16027278
-128
-4
-10
1065
-3834
-1309
16028303
-43
-6
-6
1068
-3861
-1316
16021120
37
-8
-14
1062
-3775
-1312
16022145
12
-9
-21
1081
-3744
-1292
16023170
-29
-3
-17
1087
-3799
-1318
16024195
-15
5
-13
1067
-3855
-1349
16025220
91
15
-16
1065
-3914
-1387
16026245
384
31
-20
1061
-4115
-1542
16027270
1166
51
-18
1073
-4538
-1833
16028295
2615
195
-47
1168
-4889
-1839
16029320
4294
400
-79
1231
-5126
-1524
16030345
6116
562
-49
1193
-5296
-1238
16031370
8544
701
8
1050
-5474
-1086
16032395
11863
732
117
863
-5466
-1165
16033420
15763
583
250
887
-4531
-1576
16034445
19002
255
323
1048
-1105
-1563
16035470
17712
136
34
1027
4608
1140
16036495
9443
52
-689
1560
7770
5584
16029312
-1120
443
-1069
1355
3136
4564
16030337
-3298
767
-901
602
-3768
2631
16031362
440
513
-587
228
-3123
3134
16032387
1545
270
-600
745
2662
4440
16033412
-451
162
-551
876
2447
4726
16034437
-1063
127
-438
547
-419
4760
16035462
58
94
-219
506
40
4753
16036487
261
70
-11
568
1025
4365
16037512
-368
77
27
537
421
3898
16038537
-321
55
-18
635
-155
4068
16039562
108
49
10
693
76
4367
16040587
93
63
44
703
299
4237
16041612
-141
57
24
735
65
4117
16042637
-172
46
-5
707
-73
4241
16043662
-52
26
-10
672
-83
4289
16044687
33
11
-6
667
27
4228
16037711
5
5
-17
629
103
4198
16038736
-34
-8
-33
634
76
4198
16039761
-17
-8
-21
649
49
4205
16040786
4
-11
-10
664
102
4181
16041811
-15
-13
-8
701
97
4126
16042836
-30
-1
-5
695
71
4136
16043861
-33
14
-6
684
67
4157
16044886
-18
26
-4
660
17
4168
16045911
8
28
-5
655
33
4189
16046936
6
28
-7
666
71
4187
16047961
-12
29
-8
663
63
4168
16048986
-19
28
-10
657
39
4192
16050011
-9
24
-12
650
3
4208
16051036
-11
17
-17
664
63
4203
16052061
-38
22
-22
646
86
4217
16053086
-44
23
-20
617
72
4231
16045696
-41
7
-6
623
103
4228
16046721
-42
-2
5
644
33
4213
16047746
-3
-6
15
646
27
4198
16048771
16
-6
15
646
70
4184
16049796
-7
-5
10
631
42
4178
16050821
-33
-9
5
658
46
4173
16051846
-40
-4
5
659
-17
4174
16052871
-9
1
1
652
-15
4170
16053896
-7
2
-9
657
42
4167
16054921
-57
10
-18
650
29
4198
16055946
-51
14
-16
633
-5
4217
16056971
4
2
-11
631
54
4222
16057996
-16
-5
-6
634
90
4224
16059021
-31
-7
5
628
18
4217
16060046
23
-16
14
633
42
4227
16061071
28
-19
17
639
47
4205
16053889
1
-23
15
651
27
4185
16054914
-26
-27
9
668
31
4168
16055939
-46
-17
7
660
10
4140
16056964
-35
-3
5
644
-11
4153
16057989
-12
-3
1
657
-2
4157
16059014
-5
3
0
665
10
4154
16060039
-9
12
0
658
41
4156
16061064
-7
23
0
624
-5
4195
16062089
15
18
-1
631
8
4221
16063114
-3
6
-3
660
48
4230
16064139
-36
4
0
655
-19
4203
16065164
-3
-4
5
631
13
4194
16066189
-29
-9
2
632
121
4177
16067214
-139
-10
-4
637
110
4130
16068239
-253
-10
-4
634
106
4135
16069264
-442
-18
-15
630
189
4184
16062080
-749
-22
-34
645
131
4201
16063105
-1138
-12
-72
658
184
4212
16064130
-1918
6
-134
657
450
4230
16065155
-2922
-19
-152
657
86
4123
16066180
-3329
-87
-97
685
-584
3954
16067205
-3189
-143
8
694
-773
3904
16068230
-3263
-171
122
633
-619
3909
16069255
-3943
-247
182
542
-772
3883
16070280
-5137
-393
176
505
-1322
3779
16071305
-6089
-596
103
588
-2408
3546
16072330
-6391
-769
-7
678
-3396
3072
16073355
-6331
-948
-101
783
-3957
2485
16074380
-6423
-1115
-248
894
-3963
1944
16075405
-7026
-1224
-433
934
-3487
1491
16076430
-7662
-1269
-517
968
-3278
825
16077455
-7626
-1227
-553
990
-3523
89
16070272
-7022
-1157
-540
1103
-3581
-663
16071297
-5692
-899
-467
1235
-3885
-1438
16072322
-3983
-677
-384
1288
-3994
-2070
16073347
-2270
-591
-179
1389
-3857
-2332
16074372
-886
-539
32
1405
-3697
-2032
16075397
-15
-481
146
1340
-3293
-1685
16076422
198
-375
224
1356
-3148
-1693
16077447
138
-249
310
1306
-3474
-1885
16078472
69
-144
369
1174
-3811
-2017
16079497
55
-72
411
1080
-3946
-1868
16080522
174
-30
435
1053
-3780
-1580
16081547
207
29
394
1015
-3627
-1417
16082572
26
107
292
995
-3852
-1446
16083597
-60
134
229
999
-4205
-1517
16084622
90
121
193
943
-4298
-1475
16085647
253
96
127
902
-4019
-1379
16078464
130
68
51
938
-3723
-1302
16079489
-105
50
15
955
-3768
-1267
16080514
-181
41
-25
954
-3871
-1343
16081539
-88
36
-59
984
-3864
-1453
16082564
64
25
-56
991
-3793
-1501
16083589
143
13
-45
1001
-3684
-1471
16084614
87
17
-30
1001
-3539
-1356
16085639
-69
34
-14
1005
-3590
-1386
16086664
-111
54
12
1013
-3774
-1504
16087689
29
70
25
1033
-3822
-1544
16088714
143
76
26
1023
-3687
-1458
16089739
44
75
22
1005
-3673
-1402
16090764
-83
78
31
996
-3764
-1400
16091789
-64
93
29
983
-3889
-1434
16092814
61
101
22
986
-3868
-1388
16093839
159
99
13
998
-3801
-1326
16086655
138
89
1
996
-3705
-1295
16087680
-20
73
-11
1011
-3704
-1308
16088705
-139
59
-10
1019
-3808
-1346
16089730
-89
57
-12
1032
-3856
-1366
16090755
25
59
-15
1028
-3781
-1322
16091780
46
51
-20
1006
-3684
-1312
16092805
-60
35
-26
1013
-3687
-1380
16093830
-169
23
-16
1033
-3757
-1378
16094855
-176
29
-13
1043
-3817
-1405
16095880
-77
45
-23
1041
-3837
-1493
16096905
13
55
-27
1063
-3766
-1439
16097930
9
59
-23
1067
-3697
-1348
16098955
-49
60
-23
1052
-3718
-1329
16099980
-68
50
-23
1052
-3741
-1360
16101005
-24
36
-22
1049
-3773
-1349
16102030
23
18
-18
1047
-3723
-1313
16094848
-4
4
-19
1049
-3659
-1263
16095873
-63
-12
-20
1068
-3687
-1308
16096898
-77
-32
-11
1068
-3714
-1362
16097923
-62
-51
-5
1054
-3711
-1443
16098948
-30
-61
0
1064
-3760
-1458
16099973
34
-52
10
1074
-3753
-1428
16100998
53
-34
6
1070
-3752
-1468
16102023
59
-20
1
1066
-3839
-1545
16103048
150
-3
-10
1072
-3901
-1593
16104073
292
32
-40
1102
-3936
-1640
16105098
448
81
-66
1107
-4069
-1815
16106123
762
153
-75
1101
-4245
-1987
16107148
1272
246
-91
1134
-4337
-1926
16108173
1885
348
-136
1169
-4415
-1948
16109198
2796
472
-184
1187
-4694
-1952
16110223
4206
632
-206
1191
-4820
-1587
16103040
5855
792
-207
1131
-4609
-934
16104065
7680
873
-145
1046
-4411
-427
16105090
9735
823
-77
913
-3826
149
16106115
11207
605
-113
871
-2434
631
16107140
11679
428
-186
1176
-1278
1314
16108165
11090
477
-200
1335
-184
2311
16109190
9570
630
-150
1182
961
3391
16110215
7687
628
-70
1119
1042
3975
16111240
5254
598
-140
1115
1486
4013
16112265
2316
663
-261
1021
1897
3971
16113290
351
803
-247
728
857
3728
16114315
-17
788
-130
600
-188
3767
16115340
155
739
-22
441
99
4393
16116365
-103
642
15
454
335
4656
16117390
-223
467
52
466
-170
4719
16118415
23
276
46
446
-113
4836
16111232
36
130
33
505
196
4712
16112257
-153
28
61
453
46
4526
16113282
-167
-55
73
419
-66
4430
16114307
-86
-113
65
486
60
4314
16115332
-112
-120
66
542
53
4197
16116357
-97
-104
77
592
-99
4102
16117382
29
-83
76
644
-48
4115
16118407
41
-54
64
658
42
4088
16119432
-65
-27
35
664
8
4058
16120457
-140
5
12
647
-71
4108
16121482
-97
29
7
601
-161
4148
16122507
-1
30
-2
591
-56
4178
16123532
-56
36
-20
608
99
4177
16124557
-196
44
-30
586
10
4190
16125582
-216
48
-26
562
-100
4267
16126607
-97
33
-9
544
-117
4286
16119424
-11
9
3
576
-30
4252
16120449
-55
-5
4
585
17
4256
16121474
-128
-13
-1
564
-107
4256
16122499
-84
-25
6
556
-188
4247
16123524
-13
-42
11
589
-74
4214
16124549
-48
-41
5
589
-40
4165
16125574
-98
-33
-8
597
-126
4158
16126599
-52
-29
-4
605
-170
4176
16127624
2
-25
1
612
-62
4182
16128649
-34
-12
0
612
-54
4155
16129674
-71
3
-7
609
-110
4161
16130699
-31
7
-1
585
-144
4178
16131724
11
9
2
597
-87
4210
16132749
-2
8
-1
583
-95
4193
16133774
-24
4
-10
595
-108
4196
16134799
-23
1
-14
598
-113
4222
16127616
-24
4
-14
589
-108
4218
16128641
-15
3
-12
575
-114
4228
16129666
-9
-2
-6
584
-86
4211
16130691
-7
-5
1
579
-102
4211
16131716
0
-10
1
583
-118
4228
16132741
-6
-15
0
586
-107
4245
16133766
-18
-12
5
592
-132
4214
16134791
-3
-17
7
595
-114
4197
16135816
-22
-23
1
584
-74
4198
16136841
-68
-24
-3
591
-96
4191
16137866
-94
-25
-3
586
-90
4192
16138891
-123
-31
-6
601
-69
4178
16139916
-208
-34
-9
620
-33
4182
16140941
-394
-24
-15
576
-63
4226
16141966
-655
-45
-47
573
-102
4263
16142991
-945
-77
-98
617
-199
4279
16135808
-1276
-92
-137
623
-259
4271
16136833
-1600
-118
-165
646
-407
4230
16137858
-1987
-139
-192
641
-366
4235
16138883
-2743
-170
-236
640
-193
4201
16139908
-3892
-234
-300
663
-367
4097
16140933
-4897
-330
-325
684
-1050
3952
16141958
-5004
-457
-277
685
-1990
3830
16142983
-4377
-580
-195
705
-2458
3627
16144008
-4096
-673
-127
754
-2171
3406
16145033
-4568
-760
-125
804
-2223
3121
16146058
-4989
-865
-174
900
-2865
2753
16147083
-5098
-945
-237
1057
-3241
2169
16148108
-5359
-998
-293
1155
-3341
1690
16149133
-5687
-1008
-331
1199
-3510
1357
16150158
-5665
-986
-378
1200
-3886
722
16151183
-5284
-965
-486
1297
-3901
103
16144000
-5088
-953
-537
1357
-3661
-418
16145025
-4854
-817
-458
1533
-4083
-1220
16146050
-3800
-588
-363
1556
-4625
-1587
16147075
-2126
-358
-295
1621
-4343
-1617
16148100
-1044
-78
-241
1624
-3679
-1697
16149125
-772
154
-129
1628
-3545
-1566
16150150
-622
283
-33
1559
-3825
-1397
16151175
-368
322
-6
1511
-3733
-1123
16152200
-169
315
18
1449
-3737
-861
16153225
51
267
36
1407
-3731
-666
16154250
142
186
25
1394
-3523
-655
16155275
-80
101
23
1437
-3561
-678
16156300
-244
38
39
1469
-3817
-717
16157325
-99
5
35
1487
-3852
-825
16158350
83
-12
23
1511
-3727
-960
16159375
127
-23
26
1503
-3703
-1066
16152191
107
-35
24
1519
-3695
-1075
16153216
37
-31
17
1529
-3681
-1050
16154241
-15
-6
14
1513
-3767
-1042
16155266
82
24
10
1495
-3831
-1049
16156291
243
31
2
1490
-3750
-1009
16157316
254
25
1
1495
-3704
-894
16158341
155
19
1
1511
-3704
-827
16159366
79
11
-1
1496
-3738
-829
16160391
94
-1
-10
1466
-3748
-887
16161416
112
-15
-20
1485
-3720
-903
16162441
117
-22
-10
1486
-3739
-897
16163466
109
-21
-12
1508
-3698
-912
16164491
63
-11
-9
1533
-3724
-905
16165516
90
-3
1
1533
-3766
-921
16166541
189
-3
6
1510
-3726
-887
16167566
202
-13
1
1488
-3614
-854
16160384
48
-21
2
1493
-3608
-831
16161409
-88
-19
9
1514
-3779
-854
16162434
-39
-17
16
1508
-3796
-862
16163459
47
-20
16
1504
-3714
-838
16164484
36
-25
12
1518
-3705
-844
16165509
-60
-26
18
1519
-3672
-832
16166534
-132
-23
32
1505
-3718
-802
16167559
-94
-27
34
1488
-3778
-832
16168584
-9
-40
37
1484
-3742
-867
16169609
-3
-55
46
1471
-3673
-872
16170634
-120
-67
47
1447
-3679
-883
16171659
-185
-69
51
1460
-3781
-880
16172684
-76
-58
45
1487
-3858
-926
16173709
46
-53
37
1490
-3779
-932
16174734
31
-50
34
1475
-3724
-929
16175759
-22
-48
32
1460
-3763
-923
16168576
-22
-42
31
1460
-3769
-913
16169601
4
-35
19
1464
-3757
-954
16170626
-14
-32
19
1455
-3732
-965
16171651
-52
-25
27
1452
-3760
-950
16172676
-42
-13
30
1459
-3770
-935
16173701
13
-2
28
1466
-3757
-944
16174726
34
-4
24
1452
-3698
-956
16175751
-21
-10
21
1449
-3723
-924
16176776
-57
-11
28
1433
-3785
-905
16177801
-28
-13
30
1419
-3794
-905
16178826
15
-13
22
1427
-3783
-927
16179851
20
-20
16
1435
-3733
-957
16180876
-35
-26
12
1447
-3745
-952
16181901
-107
-23
6
1450
-3725
-942
16182926
-234
-20
-7
1443
-3733
-1008
16183951
-350
-12
-21
1457
-3839
-1085
16176870
-316
5
-30
1448
-3928
-1144
16177895
-176
37
-45
1446
-3915
-1162
16178920
-37
71
-62
1466
-3794
-1181
16179945
14
94
-72
1480
-3727
-1174
16180970
40
123
-64
1470
-3799
-1188
16181995
301
176
-49
1485
-4022
-1240
16183020
1038
257
-31
1524
-4348
-1402
16184045
2484
396
-6
1566
-4904
-1637
16185070
4541
591
15
1635
-5112
-1464
16186095
6658
794
91
1574
-4863
-817
16187120
8503
903
150
1338
-4282
-478
16188145
10763
867
233
1201
-4262
-355
16189170
13904
733
313
1226
-3762
-493
16190195
16886
521
267
1430
-1298
-382
16191220
16485
593
3
1319
3306
1663
16192245
9921
482
-341
1633
6020
4844
16184960
794
620
-657
1580
3406
4450
16185985
-2721
934
-425
957
-1455
2962
16187010
-460
855
-48
510
-2139
3414
16188035
1078
527
-176
706
1261
4555
16189060
-31
340
-304
917
1749
4727
16190085
-778
269
-175
745
-179
4710
16191110
-169
164
16
740
-154
4807
16192135
42
80
111
735
306
4494
16193160
-261
-9
46
714
-28
4140
16194185
-310
-88
-53
904
-229
4207
16195210
-127
-100
-32
951
-56
4338
16196235
-127
-82
7
906
126
4129
16197260
-261
-61
-16
906
-47
3937
16198285
-263
-38
-41
918
-91
3996
16199310
-162
-22
-30
923
-3
4100
16200335
-143
8
-10
931
33
4090
16193153
-213
44
12
893
-50
4046
16194178
-239
55
15
900
-138
4051
16195203
-194
60
4
920
-186
4143
16196228
-101
59
-3
883
-219
4244
16197253
-8
45
-1
881
-202
4213
16198278
8
30
1
893
-131
4165
16199303
-52
20
2
875
-179
4123
16200328
-58
10
-13
866
-221
4175
16201353
-4
5
-27
854
-200
4211
16202378
0
-3
-35
873
-81
4129
16203403
-71
2
-36
878
-80
4109
16204428
-83
8
-25
872
-145
4156
16205453
-7
6
-5
870
-143
4168
16206478
10
-3
5
867
-79
4147
16207503
-82
-9
5
879
-92
4108
16208528
-149
0
0
878
-208
4131
16201343
-61
12
3
875
-301
4139
16202368
76
6
6
886
-194
4142
16203393
41
6
5
877
-101
4128
16204418
-65
9
-2
870
-199
4127
16205443
-47
12
-7
866
-267
4163
16206468
37
8
-13
872
-192
4169
16207493
35
0
-17
865
-111
4154
16208518
-37
-6
-19
880
-132
4147
16209543
-47
-11
-14
870
-186
4164
16210568
-11
-8
-4
863
-171
4163
16211593
11
-1
7
867
-171
4122
16212618
15
-1
9
869
-142
4112
16213643
-8
-1
6
882
-146
4117
16214668
-25
6
5
880
-179
4126
16215693
-6
18
7
858
-189
4145
16216718
8
16
7
872
-182
4141
16209536
-1
20
6
872
-193
4138
16210561
-3
16
0
867
-184
4156
16211586
-3
12
-4
862
-167
4147
16212611
-11
14
-2
854
-160
4130
16213636
-15
17
0
855
-176
4144
16214661
6
20
-1
849
-199
4158
16215686
25
23
-1
850
-175
4154
16216711
16
23
5
843
-168
4144
16217736
2
19
6
851
-187
4152
16218761
8
19
6
840
-197
4174
16219786
14
17
3
853
-171
4153
16220811
20
19
4
842
-202
4156
16221836
31
11
4
838
-145
4189
16222861
4
9
2
833
-155
4181
16223886
0
6
3
836
-160
4167
16224911
4
-2
7
822
-150
4162
16217728
-14
-6
4
838
-160
4155
16218753
-22
-2
3
844
-202
4156
16219778
-1
-1
6
840
-178
4151
16220803
5
-4
8
827
-136
4149
16221828
-37
-10
3
830
-103
4151
16222853
-99
-13
1
825
-115
4175
16223878
-216
-18
-4
803
-75
4184
16224903
-617
-35
-54
811
112
4224
16225928
-1512
-77
-154
839
143
4320
16226953
-2705
-135
-279
886
-32
4357
16227978
-3930
-199
-366
870
-294
4296
16229003
-4687
-305
-385
869
-1025
4120
16230028
-4669
-432
-342
862
-1615
3957
16231053
-4277
-568
-249
917
-1782
3750
16232078
-4011
-641
-170
991
-1813
3493
16233103
-3966
-655
-96
1054
-1950
3241
16225920
-3947
-659
-9
1073
-2285
3003
16226945
-4087
-666
60
1165
-2514
2727
16227970
-4272
-654
140
1237
-2831
2403
16228995
-4401
-660
170
1261
-2943
2073
16230020
-4716
-651
165
1295
-2945
1756
16231045
-4910
-604
178
1262
-3432
1252
16232070
-4489
-601
143
1196
-3952
755
16233095
-3931
-646
39
1247
-3919
428
16234120
-3822
-631
-18
1305
-3818
237
16235145
-3886
-617
1
1337
-3877
-61
16236170
-3621
-568
14
1332
-3994
-386
16237195
-3264
-531
12
1282
-4005
-782
16238220
-2869
-501
46
1257
-3989
-1074
16239245
-2400
-465
50
1268
-3944
-1335
16240270
-1877
-420
34
1303
-4037
-1498
16241295
-1384
-384
29
1309
-4011
-1561
16234112
-993
-337
36
1298
-3928
-1548
16235137
-739
-287
47
1298
-3781
-1545
16236162
-607
-233
53
1252
-3672
-1574
16237187
-580
-189
39
1227
-3634
-1615
16238212
-531
-164
45
1204
-3703
-1640
16239237
-421
-146
42
1178
-3660
-1640
16240262
-349
-138
35
1184
-3634
-1681
16241287
-321
-129
30
1186
-3640
-1750
16242312
-285
-116
26
1199
-3668
-1806
16243337
-221
-91
22
1200
-3699
-1771
16244362
-117
-62
14
1190
-3603
-1689
16245387
-96
-39
5
1180
-3504
-1673
16246412
-164
-28
7
1174
-3555
-1700
16247437
-150
-26
16
1165
-3645
-1708
16248462
1
-31
23
1146
-3647
-1700
16249487
149
-45
25
1138
-3545
-1657
16242303
148
-61
24
1143
-3427
-1591
16243328
-30
-73
27
1146
-3466
-1546
16244353
-170
-79
24
1138
-3585
-1645
16245378
-161
-86
16
1144
-3631
-1748
16246403
-94
-93
11
1150
-3602
-1812
16247428
-60
-89
6
1149
-3565
-1820
16248453
-54
-70
4
1154
-3534
-1811
16249478
-58
-43
5
1158
-3540
-1818
16250503
-69
-18
5
1165
-3548
-1870
16251528
-60
-3
11
1156
-3583
-1863
16252553
-13
10
12
1133
-3539
-1789
16253578
-12
19
9
1132
-3494
-1702
16254603
-48
18
12
1117
-3541
-1731
16255628
-88
7
6
1101
-3534
-1778
16256653
-116
1
-2
1125
-3563
-1739
16257678
-93
2
-4
1149
-3605
-1743
16250496
-24
0
-4
1137
-3582
-1763
16251521
28
-6
-8
1136
-3483
-1751
16252546
-16
-13
-14
1130
-3457
-1762
16253571
-103
-20
-7
1133
-3494
-1761
16254596
-105
-16
2
1139
-3544
-1764
16255621
-27
-14
4
1138
-3509
-1803
16256646
-14
-21
4
1133
-3443
-1816
16257671
-78
-29
8
1133
-3487
-1820
16258696
-80
-24
16
1130
-3577
-1839
16259721
14
-16
17
1135
-3556
-1824
16260746
63
-12
12
1141
-3535
-1874
16261771
136
5
8
1149
-3845
-2119
16262796
629
50
-34
1081
-4343
-2434
16263821
1616
45
-154
1112
-4732
-2332
16264846
2797
28
-299
1192
-4932
-2125
16265871
3915
114
-370
1150
-4990
-2012
16258688
5457
287
-346
1170
-5500
-1999
16259713
8162
503
-252
1172
-5814
-2111
16260738
11939
640
-102
952
-5591
-2390
16261763
16518
468
126
639
-4988
-2821
16262788
19960
-11
-81
1003
-1300
-2527
16263813
19494
-127
-546
1110
4017
901
16264838
12472
-420
-828
1635
6192
6172
16265863
1596
-550
-1343
2219
3879
5680
16266888
-3229
-56
-1280
1547
-1122
2282
16267913
-670
161
-675
755
-3178
1290
16268938
1574
51
-735
656
948
2742
16269963
432
-206
-1105
1383
3116
3909
16270988
-854
-209
-829
1510
1000
4408
16272013
-315
-30
-354
1133
777
4721
16273038
-60
90
-132
1047
1198
4109
16274063
-214
69
-52
964
669
3520
16266881
-130
-23
-42
1288
754
3699
16267906
-229
14
43
1337
631
4107
16268931
-319
75
136
1215
155
4123
16269956
-133
113
154
1249
-106
3953
16270981
51
97
110
1250
179
3929
16272006
-99
81
32
1284
247
3981
16273031
-219
77
1
1262
-92
4036
16274056
-101
65
-16
1216
43
4139
16275081
-22
46
-38
1174
187
4065
16276106
-37
17
-56
1206
356
4043
16277131
-144
18
-43
1187
312
4017
16278156
-130
20
-7
1160
191
4003
16279181
-58
21
8
1180
245
4058
16280206
-65
35
12
1163
216
4083
16281231
-78
35
13
1215
163
4003
16282256
-76
41
23
1219
135
3958
16275072
-101
40
9
1200
115
3965
16276097
-146
42
-20
1204
109
4043
16277122
-161
52
-28
1202
84
4056
16278147
-126
62
-19
1178
82
4031
16279172
-65
69
-14
1145
66
4049
16280197
-14
58
-19
1136
142
4106
16281222
-29
53
-15
1150
167
4088
16282247
-31
50
4
1149
108
4044
16283272
8
41
5
1133
115
4120
16284297
9
28
-5
1140
115
4130
16285322
1
18
-4
1144
104
4094
16286347
11
6
2
1140
123
4094
16287372
-16
-3
3
1143
143
4077
16288397
-45
2
-1
1133
94
4040
16289422
7
10
3
1131
86
4020
16290447
42
12
-1
1141
185
4033
16283264
-11
19
0
1137
129
4035
16284289
-6
21
6
1151
89
4029
16285314
23
19
3
1143
122
4074
16286339
6
21
-5
1139
108
4081
16287364
0
22
-4
1121
100
4071
16288389
13
16
-4
1118
117
4064
16289414
19
14
-8
1120
128
4060
16290439
35
13
-6
1110
127
4097
16291464
40
4
-4
1118
189
4095
16292489
-14
2
5
1116
158
4066
16293514
-13
-1
11
1118
123
4052
16294539
8
-5
11
1133
211
4047
16295564
-39
-2
16
1117
193
4040
16296589
-75
-1
29
1112
198
4051
16297614
-123
-3
37
1121
220
4040
16298639
-155
2
47
1131
154
4031
16291455
-132
10
66
1123
169
4056
16292480
-201
10
74
1104
244
4055
16293505
-642
23
42
1088
370
4116
16294530
-1460
10
-25
1145
389
4142
16295555
-2249
10
-64
1191
145
4156
16296580
-3124
64
-68
1168
161
4273
16297605
-4235
129
6
1121
63
4237
16298630
-5106
187
135
1070
-401
3978
16299655
-5848
189
257
982
-553
3593
16300680
-6980
139
303
973
-492
2677
16301705
-7646
8
167
847
-1588
1979
16302730
-7300
-256
-133
932
-3500
1933
16303755
-6606
-472
-291
1249
-4399
1637
16304780
-5745
-524
-152
1142
-5079
1252
16305805
-4223
-576
-25
1051
-5495
962
16306830
-2394
-653
-34
1102
-5062
749
16299648
-1407
-639
-203
1205
-4085
601
16300673
-1716
-540
-382
1389
-3507
588
16301698
-2345
-366
-428
1456
-3947
591
16302723
-2314
-308
-436
1438
-4387
443
16303748
-1911
-356
-419
1366
-4095
285
16304773
-1840
-404
-362
1427
-3654
234
16305798
-1861
-403
-269
1422
-3695
238
16306823
-1537
-370
-203
1421
-3986
52
16307848
-780
-303
-128
1473
-4201
-185
16308873
159
-229
-39
1502
-4109
-339
16309898
792
-173
36
1523
-3822
-421
16310923
904
-138
97
1543
-3599
-376
16311948
726
-109
154
1529
-3559
-166
16312973
548
-71
184
1493
-3610
-24
16313998
426
-13
168
1475
-3782
12
16315023
324
31
148
1450
-3926
13
16307840
313
58
151
1421
-4015
19
16308865
440
76
160
1383
-4077
108
16309890
576
68
155
1365
-3899
241
16310915
413
51
109
1348
-3751
292
16311940
16
48
68
1351
-3963
301
16312965
-169
51
74
1367
-4102
284
16313990
-37
56
73
1356
-4116
240
16315015
206
48
57
1345
-4073
245
16316040
388
31
51
1354
-3966
284
16317065
436
17
57
1347
-3898
340
16318090
320
5
61
1340
-3805
366
16319115
86
-2
70
1313
-3792
418
16320140
-86
-1
82
1300
-3891
411
16321165
-73
9
82
1296
-3989
352
16322190
25
13
68
1316
-3983
314
16323215
75
13
62
1330
-3945
374
16316032
100
14
70
1323
-3962
403
16317057
129
15
75
1293
-3950
415
16318082
102
4
71
1292
-3906
470
16319107
33
-5
68
1285
-3920
484
16320132
-15
-12
62
1256
-3982
459
16321157
7
-22
66
1233
-4023
456
16322182
58
-33
66
1228
-4012
426
16323207
64
-45
59
1234
-3976
409
16324232
12
-51
51
1267
-3968
392
16325257
-27
-47
48
1277
-3996
369
16326282
-41
-37
37
1277
-4033
325
16327307
-32
-24
26
1291
-4020
325
16328332
-7
-9
19
1280
-3966
347
16329357
11
5
21
1245
-3946
400
16330382
21
7
27
1226
-3977
439
16331407
19
-5
27
1233
-3989
419
16324224
5
-24
26
1242
-3957
425
16325249
-23
-34
21
1242
-3980
438
16326274
-26
-34
24
1249
-3962
420
16327299
-2
-29
25
1244
-3961
368
16328324
9
-27
25
1256
-3954
341
16329349
-6
-24
26
1268
-3981
353
16330374
-20
-13
25
1262
-4012
371
16331399
-31
0
18
1235
-4004
361
16332424
-30
12
13
1215
-4001
363
16333449
2
19
13
1217
-3961
365
16334474
10
20
15
1226
-3951
376
16335499
-11
15
27
1229
-3946
405
16336524
-21
15
32
1228
-3983
390
16337549
-10
12
35
1222
-3983
410
16338574
-7
8
30
1216
-4026
419
16339599
-19
2
21
1227
-4054
435
16332416
-30
-4
11
1227
-4054
427
16333441
-33
-7
-3
1217
-4054
403
16334466
-32
-11
-20
1205
-4030
383
16335491
-31
-10
-28
1221
-4020
373
16336516
-6
-6
-26
1239
-3987
351
16337541
4
-7
-26
1235
-3954
358
16338566
0
-8
-21
1238
-3950
350
16339591
4
-8
-14
1233
-3946
351
16340616
8
-8
-7
1233
-3954
363
16341641
-3
-8
-5
1240
-3967
367
16342666
-16
-7
-5
1238
-3975
360
16343691
-6
-3
-2
1240
-3986
365
16344716
2
0
-1
1239
-3968
383
16345741
-7
0
-1
1236
-3967
387
16346766
-11
-4
-1
1229
-4002
372
16347791
-17
-8
-3
1230
-3977
394
16340609
-58
-6
-8
1248
-3958
395
16341634
-96
-1
-11
1253
-3997
363
16342659
-56
-1
-6
1233
-4012
330
16343684
28
-9
-1
1230
-3968
329
16344709
35
-14
0
1253
-3906
348
16345734
-17
-8
11
1278
-3894
329
16346759
-38
6
23
1261
-3946
300
16347784
-28
13
29
1242
-3950
305
16348809
-18
18
37
1243
-3964
325
16349834
-16
26
37
1256
-4014
317
16350859
-24
30
36
1243
-4012
395
16351884
-51
35
31
1207
-4016
414
16352909
-95
26
11
1202
-4084
379
16353934
-73
10
-2
1213
-4116
380
16354959
10
-2
-14
1197
-4091
402
16355984
56
-14
-29
1201
-4022
421
16348801
41
-26
-37
1221
-3986
411
16349826
9
-38
-42
1230
-3988
355
16350851
-6
-47
-42
1249
-3967
332
16351876
-11
-42
-39
1265
-3937
314
16352901
-25
-25
-34
1277
-3936
279
16353926
-17
-7
-22
1275
-3937
264
16354951
8
1
-12
1265
-3905
256
16355976
9
5
2
1244
-3877
288
16357001
0
18
23
1260
-3869
338
16358026
-17
33
41
1297
-3886
360
16359051
-46
36
55
1311
-3927
388
16360076
-41
26
59
1251
-3994
333
16361101
-29
3
52
1196
-4016
308
16362126
-49
-9
41
1191
-4085
339
16363151
-39
-1
29
1205
-4142
342
16364176
0
11
8
1232
-4146
362
16356992
40
10
-16
1237
-4090
378
16358017
55
-6
-35
1200
-4013
389
16359042
33
-26
-45
1208
-3970
391
16360067
10
-33
-42
1261
-3933
368
16361092
8
-34
-31
1278
-3907
331
16362117
17
-32
-18
1265
-3886
297
16363142
28
-30
-2
1257
-3886
269
16364167
10
-22
13
1263
-3901
278
16365192
-22
-4
27
1272
-3931
270
16366217
-27
17
37
1253
-3969
260
16367242
-20
30
41
1232
-3988
311
16368267
-7
37
41
1245
-4008
354
16369292
-6
34
35
1232
-4011
365
16370317
-13
24
28
1227
-4028
385
16371342
0
12
20
1222
-4056
383
16372367
5
0
13
1206
-4007
391
16365184
-6
-8
4
1220
-4006
374
16366209
6
-13
2
1232
-3996
326
16367234
12
-14
4
1241
-3958
317
16368259
-7
-8
7
1246
-3962
307
16369284
-8
4
11
1255
-3965
283
16370309
4
13
17
1244
-3954
314
16371334
3
19
22
1226
-3981
352
16372359
12
18
26
1215
-3999
360
16373384
18
10
24
1211
-3988
372
16374409
4
3
20
1213
-4011
367
16375434
-8
-1
14
1211
-4056
368
16376459
0
-4
6
1225
-4050
376
16377484
11
-6
0
1221
-4001
362
16378509
6
-10
-8
1212
-3977
351
16379534
5
-13
-9
1232
-3964
344
16380559
