Device = VHR-0009
time_stamp = 1780036249697
sample_rate = 50
Data format = INT16
TYPE = 6-AXIS IMU RAW DATA
12
-9
-2
3438
-1867
1160
7595348
12
-3
-7
3403
-1849
1181
7596373
27
3
-12
3312
-1809
1179
7597398
11
-3
-18
3403
-1824
1203
7598423
-48
-5
-16
3491
-1876
1151
7599448
-58
-3
-17
3447
-1963
1100
7600473
1
-11
-18
3463
-2003
1138
7601498
58
-12
-13
3429
-1877
1179
7602523
59
-19
-8
3366
-1827
1183
7603548
46
-26
-10
3361
-1839
1170
7604573
33
-20
-16
3382
-1799
1181
7605598
-6
-16
-15
3441
-1826
1164
7606623
-24
-14
-10
3470
-1890
1118
7607648
-3
-13
-5
3483
-1915
1124
7608673
16
-14
2
3451
-1892
1146
7609698
22
-16
8
3409
-1885
1160
7610723
32
-15
5
3409
-1861
1173
7603329
25
-10
-6
3410
-1804
1164
7604354
-7
-9
-10
3418
-1822
1156
7605379
-25
-9
-10
3442
-1873
1138
7606404
-11
-9
-8
3457
-1903
1148
7607429
12
-7
-4
3420
-1876
1171
7608454
16
-13
1
3410
-1840
1169
7609479
9
-16
0
3432
-1851
1153
7610504
8
-11
-7
3442
-1843
1155
7611529
4
-9
-11
3431
-1844
1154
7612554
-4
-9
-5
3437
-1872
1147
7613579
5
-11
-2
3429
-1878
1148
7614604
16
-11
-2
3424
-1859
1147
7615629
17
-11
0
3428
-1847
1157
7616654
12
-9
0
3430
-1835
1151
7617679
6
-7
-1
3442
-1824
1143
7618704
-3
-6
-1
3455
-1825
1152
7611520
-6
-3
2
3428
-1838
1158
7612545
-8
-5
3
3435
-1843
1151
7613570
-8
-5
3
3441
-1857
1152
7614595
-4
-3
0
3425
-1867
1147
7615620
-2
-3
1
3419
-1857
1151
7616645
-2
-2
4
3422
-1844
1152
7617670
-2
-1
6
3430
-1841
1152
7618695
-3
-1
6
3429
-1832
1157
7619720
-9
0
7
3430
-1836
1159
7620745
-16
-2
9
3428
-1859
1154
7621770
-12
-2
10
3438
-1869
1148
7622795
-6
-2
10
3430
-1857
1147
7623820
-9
-3
12
3431
-1850
1151
7624845
-8
-3
12
3432
-1850
1161
7625870
-6
-2
12
3429
-1840
1159
7626895
-13
-2
11
3443
-1849
1153
7619712
-13
-1
9
3436
-1856
1148
7620737
-13
-1
10
3424
-1866
1152
7621762
-12
0
11
3436
-1862
1145
7622787
-8
0
12
3427
-1864
1153
7623812
-5
2
15
3404
-1844
1164
7624837
-15
0
18
3411
-1838
1155
7625862
-25
-2
19
3447
-1874
1148
7626887
-17
-1
13
3447
-1875
1147
7627912
-16
2
11
3434
-1879
1151
7628937
-19
1
12
3419
-1898
1146
7629962
-9
-1
11
3431
-1898
1145
7630987
3
0
8
3432
-1872
1150
7632012
0
0
8
3424
-1844
1159
7633037
-10
-1
11
3415
-1855
1150
7634062
-10
1
12
3422
-1858
1146
7635087
-13
1
13
3432
-1860
1149
7627904
-19
2
15
3435
-1866
1148
7628929
-22
2
18
3435
-1877
1148
7629954
-17
2
19
3444
-1885
1147
7630979
-12
3
17
3429
-1869
1154
7632004
-17
3
16
3420
-1869
1155
7633029
-22
3
17
3420
-1879
1152
7634054
-21
5
18
3420
-1884
1146
7635079
-19
6
17
3422
-1888
1141
7636104
-9
5
14
3424
-1907
1137
7637129
7
5
8
3410
-1911
1147
7638154
17
7
5
3399
-1908
1176
7639179
-1
13
1
3395
-1859
1209
7640204
-75
27
-1
3390
-1802
1168
7641229
-176
46
-14
3400
-1803
1143
7642254
-268
58
-39
3424
-1861
1118
7643279
-293
60
-65
3440
-2009
1105
7636096
-199
55
-100
3394
-2205
1148
7637121
-22
50
-166
3332
-2260
1279
7638146
50
49
-256
3410
-2023
1346
7639171
-74
67
-345
3517
-1949
1245
7640196
-207
114
-453
3470
-2123
1246
7641221
-192
174
-584
3445
-2142
1312
7642246
-146
238
-666
3574
-2279
1413
7643271
-26
348
-647
3836
-2711
1546
7644296
71
462
-568
4127
-2985
1389
7645321
44
544
-371
4195
-3134
1264
7646346
59
562
-28
3924
-3098
1312
7647371
138
497
421
3958
-2947
1502
7648396
166
374
922
4186
-2818
1697
7649421
240
279
1338
4129
-2711
1583
7650446
410
184
1626
4171
-2818
1333
7651471
748
105
1790
4122
-2799
1182
7644288
1286
34
1881
4002
-2789
949
7645313
2100
-5
1906
3932
-2738
1000
7646338
3179
-14
1622
4066
-1631
1283
7647363
3760
-190
1675
4599
-1981
1292
7648388
4752
-147
1823
4264
-2270
1081
7649413
6296
149
1516
3855
-117
976
7650438
5991
316
1681
4210
193
2213
7651463
4493
285
2628
4201
-2531
2288
7652488
4110
272
3059
4206
-3504
2547
7653513
4298
296
3459
4251
-3547
2568
7654538
4438
474
3734
3647
-2712
2539
7655563
4447
758
3842
3185
-2360
2928
7656588
4334
1084
3993
2878
-1803
3813
7657613
3931
1438
4059
2235
-1161
4120
7658638
3430
1704
3958
1622
-1272
3704
7659663
3387
1832
3730
1593
-1119
3330
7652480
3618
2019
3478
1954
-1106
3241
7653505
3751
2266
3286
1778
-292
2906
7654530
3837
2452
3028
1189
423
2759
7655555
3874
2569
2709
1222
-82
2374
7656580
4060
2509
2476
1069
986
1893
7657605
3609
2277
2300
409
2423
1775
7658630
2649
1983
2064
154
2073
1760
7659655
2184
1602
1783
257
1981
1879
7660680
1918
1259
1502
88
2263
2032
7661705
1531
941
1206
15
2288
2262
7662730
1223
648
913
9
2213
2442
7663755
924
375
663
-119
2185
2610
7664780
527
140
459
-137
1951
2820
7665805
290
6
283
-35
1638
2979
7666830
312
-71
162
-59
1597
3226
7667855
289
-104
82
-34
1597
3388
7660672
164
-108
45
-149
1628
3422
7661697
27
-114
5
-147
1564
3535
7662722
-8
-106
-8
-72
1402
3709
7663747
29
-74
20
-124
1400
3841
7664772
50
-22
44
-231
1535
3852
7665797
15
10
71
-235
1626
3794
7666822
4
17
101
-254
1680
3722
7667847
-12
8
118
-220
1685
3836
7668872
-66
20
127
-257
1738
3879
7669897
-79
44
111
-265
1713
3850
7670922
-4
44
117
-242
1729
3799
7671947
40
16
130
-266
1827
3805
7672972
-29
-2
115
-237
1817
3803
7673997
-81
-1
90
-203
1740
3784
7675022
-19
0
68
-216
1688
3805
7676047
60
-11
55
-198
1767
3828
7668865
22
-18
52
-186
1840
3841
7669890
-54
-9
40
-139
1678
3863
7670915
0
5
36
-126
1583
3868
7671940
68
23
35
-199
1677
3815
7672965
-2
34
39
-254
1741
3791
7673990
-104
37
48
-213
1627
3813
7675015
-50
41
62
-182
1572
3831
7676040
61
48
69
-219
1696
3797
7677065
67
41
61
-217
1794
3824
7678090
-27
33
59
-188
1721
3835
7679115
-34
38
49
-190
1637
3824
7680140
26
45
35
-157
1645
3816
7681165
23
56
20
-188
1716
3762
7682190
-59
60
1
-212
1704
3730
7683215
-85
60
-7
-219
1587
3751
7684240
-11
57
-10
-206
1558
3807
7677055
41
48
-1
-217
1689
3777
7678080
-5
28
14
-239
1731
3703
7679105
-65
-8
39
-256
1667
3686
7680130
-81
-48
48
-248
1668
3759
7681155
-46
-67
37
-192
1631
3795
7682180
-38
-84
36
-204
1789
3743
7683205
-176
-110
9
-191
1843
3675
7684230
-342
-136
-49
-117
1757
3651
7685255
-439
-158
-150
-68
1751
3499
7686280
-612
-202
-302
-60
1846
3160
7687305
-1035
-302
-515
-14
2135
2798
7688330
-1776
-461
-796
132
2613
2722
7689355
-2855
-604
-1153
414
2611
2785
7690380
-4020
-637
-1537
732
2052
2717
7691405
-4852
-495
-1932
769
1328
2498
7692430
-5050
-233
-2323
629
759
2827
7685247
-4983
28
-2735
708
241
2999
7686272
-5037
259
-3083
891
-299
2844
7687297
-5342
484
-3254
957
-691
2748
7688322
-5693
750
-3317
830
-1154
2860
7689347
-5805
1018
-3384
844
-2143
2751
7690372
-5582
1273
-3439
1041
-2885
2225
7691397
-5088
1476
-3402
1036
-2885
1644
7692422
-4793
1596
-3250
800
-2808
1591
7693447
-4936
1646
-3133
634
-2840
1755
7694472
-4852
1652
-3185
926
-3193
1677
7695497
-4030
1721
-3375
1523
-3723
1478
7696522
-2838
1767
-3535
1736
-3781
1069
7697547
-1925
1689
-3697
1664
-3554
817
7698572
-1735
1447
-3879
2035
-3386
1145
7699597
-1653
1200
-4186
2964
-3583
1260
7700622
-904
1107
-4429
3698
-3722
1238
7693440
-447
972
-4391
4153
-3341
1386
7694465
-1024
716
-4124
4763
-3287
1455
7695490
-1859
617
-3678
5000
-3659
1358
7696515
-2338
669
-3093
4437
-3644
1064
7697540
-2523
633
-2555
4081
-3523
853
7698565
-2245
529
-2068
4020
-3873
656
7699590
-1478
414
-1621
3643
-3784
587
7700615
-784
208
-1206
3263
-3429
654
7701640
-242
30
-872
3537
-3235
760
7702665
219
-26
-709
3858
-3183
764
7703690
492
-9
-656
3539
-3020
868
7704715
425
-31
-615
3201
-2729
844
7705740
138
-137
-533
3062
-2583
664
7706765
80
-250
-453
3040
-2390
604
7707790
258
-329
-370
3080
-2161
621
7708815
398
-415
-278
3060
-2031
550
7701632
487
-531
-212
3081
-1946
482
7702657
589
-655
-198
3177
-1727
479
7703682
543
-736
-195
3652
-1596
1282
7704707
-435
-562
151
5264
-2812
3847
7705732
-1256
-222
828
4407
-4315
2389
7706757
-268
-173
504
3469
-2672
895
7707782
251
-364
392
3723
-2099
846
7708807
354
-394
360
3382
-2282
673
7709832
661
-327
67
3356
-2024
441
7710857
984
-196
-212
3455
-1909
263
7711882
938
-73
-244
3420
-2108
216
7712907
634
-5
-161
3547
-1800
416
7713932
95
-12
-17
3593
-1722
692
7714957
-261
-47
65
3463
-2224
938
7715982
-100
-41
61
3389
-2512
1154
7717007
304
-18
16
3379
-2137
1261
7709824
504
-27
-22
3405
-1771
1311
7710849
415
-41
-43
3461
-1663
1198
7711874
217
-39
-48
3460
-1678
959
7712899
81
-30
-46
3464
-1793
794
7713924
30
-13
-45
3473
-1916
791
7714949
4
6
-30
3464
-1988
872
7715974
8
20
-13
3456
-1993
954
7716999
30
22
-15
3452
-1982
1012
7718024
52
21
-27
3464
-1932
1030
7719049
41
19
-34
3467
-1862
1016
7720074
27
13
-37
3472
-1874
995
7721099
43
11
-44
3473
-1884
989
7722124
58
12
-50
3472
-1889
1001
7723149
47
23
-43
3458
-1837
1036
7724174
-20
41
-26
3450
-1760
1011
7725199
-129
51
-11
3455
-1767
999
7718016
-236
57
-2
3461
-1859
1025
7719041
-266
72
-4
3475
-1905
1013
7720066
-241
82
-18
3508
-1946
1013
7721091
-190
89
-57
3495
-2058
1086
7722116
-123
114
-147
3421
-2259
1191
7723141
-86
154
-307
3456
-2593
1477
7724166
-158
235
-466
3492
-2736
1767
7725191
-317
372
-534
3604
-3015
1505
7726216
-347
561
-488
3917
-3976
1168
7727241
-135
789
-264
4275
-4717
1220
7728266
146
948
63
4157
-4345
1203
7729291
34
843
557
3985
-3611
1256
7730316
-406
550
1234
4237
-3595
1418
7731341
-236
313
1790
4534
-3902
1169
7732366
765
118
2129
4505
-4141
601
7733391
2243
-144
2303
4480
-4224
641
7726208
3825
-338
2434
4740
-3665
356
7727233
5350
-399
2562
4858
-2883
-407
7728258
6641
-499
2765
4895
-2664
-739
7729283
7441
-621
3175
5326
-2427
-654
7730308
7674
-562
3787
5949
-1850
-14
7731333
6987
-262
4495
5956
-1060
1090
7732358
5703
74
5053
4903
-1387
1528
7733383
5050
420
5191
3682
-2998
2089
7734408
5237
745
4989
3027
-2929
2169
7735433
5651
1240
4690
2501
-1368
2044
7736458
5732
1727
4466
1979
-795
2135
7737483
5764
2050
4187
2028
-577
2127
7738508
5854
2378
3810
2106
248
2236
7739533
5437
2630
3508
1695
1367
2302
7740558
4266
2671
3255
1026
2169
2230
7741583
2754
2470
2981
709
2302
2137
7734401
1635
2140
2689
775
1986
2134
7735426
1172
1779
2445
731
1721
2098
7736451
1334
1436
2123
484
1810
2164
7737476
1464
1112
1707
248
2366
2413
7738501
1047
810
1342
19
2460
2581
7739526
537
508
1025
-45
2213
2772
7740551
207
250
743
53
1958
3083
7741576
123
85
488
213
1418
3294
7742601
285
-27
346
130
1327
3449
7743626
354
-100
221
71
1447
3651
7744651
223
-125
131
112
1401
3733
7745676
117
-131
88
11
1297
3780
7746701
100
-142
68
67
1178
3867
7747726
119
-138
75
28
1285
3889
7748751
61
-125
60
-45
1405
3902
7749776
-65
-107
27
-18
1315
3959
7742592
-91
-67
-7
12
1142
4085
7743617
-2
-12
-18
-31
1122
4044
7744642
69
16
-15
-96
1286
3975
7745667
-12
17
0
-90
1303
3972
7746692
-93
17
15
-66
1248
4014
7747717
-76
26
17
-99
1221
4005
7748742
-21
30
8
-114
1205
3958
7749767
18
32
2
-133
1282
3948
7750792
-13
29
2
-89
1303
3949
7751817
-60
21
16
-85
1270
3951
7752842
-56
12
20
-84
1212
3982
7753867
-16
17
19
-100
1239
4004
7754892
-4
20
24
-156
1311
4004
7755917
-38
14
23
-149
1311
3982
7756942
-58
13
16
-140
1244
4003
7757967
-43
15
9
-123
1184
4052
7750784
-19
26
10
-160
1224
4026
7751809
-23
34
12
-121
1230
4035
7752834
-36
39
27
-100
1170
4045
7753859
-19
43
36
-134
1218
4022
7754884
-41
48
32
-130
1231
4035
7755909
-63
48
28
-99
1181
4029
7756934
-43
55
32
-119
1168
4010
7757959
-25
57
33
-167
1225
3979
7758984
-31
51
26
-124
1244
3997
7760009
-69
52
18
-138
1246
3945
7761034
-82
47
-7
-147
1231
3898
7762059
-72
38
-35
-146
1278
3882
7763084
-81
28
-61
-118
1205
3923
7764109
-83
13
-71
-141
1181
3893
7765134
-88
-9
-76
-188
1203
3895
7766159
-137
-44
-70
-176
1205
3896
7758977
-159
-79
-64
-151
1158
3939
7760002
-129
-106
-63
-122
1134
3952
7761027
-102
-133
-73
-135
1245
3909
7762052
-184
-175
-105
-134
1334
3782
7763077
-354
-236
-159
-158
1450
3561
7764102
-619
-321
-275
-173
1539
3286
7765127
-985
-423
-479
-87
1546
2962
7766152
-1395
-516
-775
84
1582
2774
7767177
-1767
-556
-1141
357
1627
2837
7768202
-2114
-522
-1562
597
1597
2838
7769227
-2470
-448
-2004
746
1557
2781
7770252
-2875
-342
-2450
858
1476
2776
7771277
-3266
-166
-2911
925
1179
2785
7772302
-3464
2
-3352
1050
752
2829
7773327
-3480
116
-3747
1270
387
3024
7774352
-3566
211
-4092
1611
115
3278
7767168
-3911
316
-4365
1907
-100
3311
7768193
-4401
431
-4480
2108
-708
3037
7769218
-4751
494
-4480
2202
-1626
2791
7770243
-4726
543
-4467
2021
-2135
2836
7771268
-4507
562
-4494
1991
-2632
2860
7772293
-4603
548
-4437
2540
-3323
2691
7773318
-4900
507
-4285
3095
-3383
2315
7774343
-5306
544
-4012
3327
-3458
1795
7775368
-5429
687
-3670
3150
-4136
1337
7776393
-4504
832
-3564
3054
-4401
1154
7777418
-3083
843
-3695
3082
-3617
888
7778443
-2343
670
-3697
3241
-3122
723
7779468
-2275
465
-3640
3609
-3374
720
7780493
-2070
391
-3573
3947
-3504
711
7781518
-1681
418
-3428
3967
-3251
485
7782543
-1465
375
-3220
3915
-3116
315
7775359
-1285
242
-3004
4083
-3367
494
7776384
-823
167
-2745
4179
-3430
718
7777409
-414
121
-2361
3889
-3055
688
7778434
-487
-20
-1893
3650
-2687
667
7779459
-796
-202
-1430
3806
-2873
511
7780484
-670
-299
-1064
3911
-3224
555
7781509
-233
-327
-790
3681
-3020
638
7782534
-13
-386
-600
3492
-2817
754
7783559
34
-453
-459
3385
-2764
856
7784584
114
-497
-354
3364
-2453
989
7785609
-245
-463
-188
3875
-2608
2474
7786634
-1131
-356
333
4251
-3851
2887
7787659
-168
-226
472
3495
-3780
1416
7788684
1287
-239
227
3624
-1909
1250
7789709
1524
-355
304
3816
-1538
1198
7790734
1565
-345
284
3503
-1569
941
7783552
1784
-339
94
3672
-1355
782
7784577
1753
-288
-20
3862
-1082
593
7785602
1331
-205
-29
3740
-811
495
7786627
610
-165
-22
3655
-834
644
7787652
-75
-135
-12
3705
-1103
953
7788677
-561
-94
20
3695
-1499
1198
7789702
-703
-55
31
3640
-1908
1242
7790727
-482
-26
18
3609
-2100
1252
7791752
-108
-15
19
3595
-2006
1216
7792777
192
-9
24
3586
-1713
1122
7793802
287
-14
38
3565
-1534
994
7794827
273
-19
41
3526
-1480
981
7795852
222
-14
29
3552
-1389
1049
7796877
130
0
13
3569
-1346
1106
7797902
19
10
5
3578
-1389
1127
7798927
-61
12
5
3606
-1488
1121
7791744
-100
7
5
3625
-1616
1118
7792769
-87
0
0
3630
-1676
1086
7793794
-27
1
3
3612
-1649
1058
7794819
21
6
7
3597
-1586
1081
7795844
1
21
16
3573
-1514
1099
7796869
-74
34
18
3577
-1478
1121
7797894
-164
51
20
3550
-1519
1164
7798919
-234
76
23
3492
-1547
1128
7799944
-252
82
9
3534
-1644
1098
7800969
-223
75
-32
3656
-1793
1186
7801994
-158
101
-90
3695
-1848
1381
7803019
-148
171
-140
3550
-1913
1607
7804044
-188
229
-229
3574
-2174
1432
7805069
-98
259
-342
3920
-2930
1032
7806094
132
415
-282
3991
-3939
1365
7807119
376
607
-90
3697
-3844
1527
7799936
408
682
235
3810
-3067
1562
7800961
-251
560
853
4058
-2895
1673
7801986
-1151
301
1589
4205
-3370
1543
7803011
-1343
52
2228
4402
-3815
1193
7804036
-630
-81
2598
4380
-4107
801
7805061
430
-151
2753
4165
-4084
552
7806086
1537
-231
2855
4185
-3825
327
7807111
2711
-279
2925
4392
-3508
402
7808136
3707
-269
3028
4488
-3113
550
7809161
4247
-276
3186
4513
-2877
559
7810186
4625
-337
3284
4479
-2879
391
7811211
5238
-398
3384
4287
-3087
199
7812236
6034
-503
3550
4282
-3259
109
7813261
6956
-491
3748
4678
-3273
781
7814286
7653
-132
4024
4961
-2372
1585
7815311
7673
570
4378
4430
-1298
2119
7808300
6619
1175
4652
3228
-763
2532
7809325
4799
1433
4775
2354
-769
2760
7810350
3253
1484
4724
2095
-888
2741
7811375
2710
1559
4554
1859
-798
2721
7812400
2926
1631
4262
1417
-193
2816
7813425
3148
1634
3973
964
634
2842
7814450
2950
1588
3665
650
1372
2780
7815475
2488
1497
3321
360
1671
2503
7816500
2176
1346
2884
202
1860
2321
7817525
1894
1129
2433
130
2186
2486
7818550
1433
870
2025
17
2233
2550
7819575
1036
565
1640
-283
2179
2628
7820600
794
274
1179
-143
1887
2881
7821625
648
78
838
-34
1568
3239
7822650
521
-42
587
-234
1371
3446
7823675
396
-129
321
-205
1242
3484
7816321
333
-208
162
-136
1207
3561
7817346
278
-239
66
-88
985
3827
7818371
286
-215
-13
-47
796
4028
7819396
292
-181
-45
-75
821
4029
7820421
219
-154
-40
-65
866
4050
7821446
78
-117
-30
-62
815
4054
7822471
-2
-78
-32
-109
841
4058
7823496
-26
-36
-39
-93
827
4098
7824521
-22
-7
-16
-116
824
4083
7825546
-8
-3
-8
-144
855
4053
7826571
-36
0
-1
-103
861
4099
7827596
-90
4
28
-109
864
4123
7828621
-107
1
54
-139
875
4091
7829646
-74
-11
62
-139
858
4107
7830671
-41
-17
67
-168
884
4121
7831696
-17
-20
52
-188
904
4148
7824511
-15
-18
41
-165
884
4143
7825536
-18
-18
38
-147
934
4094
7826561
-58
-21
39
-123
918
4072
7827586
-98
-27
41
-117
879
4099
7828611
-80
-25
35
-99
756
4135
7829636
24
-8
14
-101
784
4110
7830661
50
-4
6
-153
908
4059
7831686
-51
-10
3
-160
919
4061
7832711
-133
-20
10
-174
806
4133
7833736
-72
-21
5
-165
755
4131
7834761
6
-13
10
-162
832
4152
7835786
-22
-14
22
-184
884
4146
7836811
-78
-18
20
-177
852
4168
7837836
-71
-12
20
-139
783
4183
7838861
-22
0
26
-139
792
4194
7839886
7
8
25
-155
844
4171
7832705
-14
5
29
-152
835
4178
7833730
-29
14
31
-159
786
4145
7834755
-10
20
26
-186
803
4121
7835780
-21
16
22
-148
791
4119
7836805
-23
14
30
-149
769
4104
7837830
6
13
29
-139
775
4132
7838855
11
8
27
-151
835
4145
7839880
-18
2
23
-140
815
4141
7840905
-26
-10
29
-111
806
4127
7841930
-1
-18
27
-114
816
4153
7842955
12
-18
21
-116
831
4143
7843980
13
-29
18
-146
860
4126
7845005
5
-44
12
-129
819
4159
7846030
24
-47
6
-118
795
4182
7847055
50
-40
0
-96
811
4178
7848080
44
-35
4
-120
833
4156
7840896
7
-31
13
-132
853
4163
7841921
-33
-17
14
-119
796
4163
7842946
-10
1
10
-124
777
4137
7843971
28
13
9
-143
833
4106
7844996
2
18
6
-148
865
4068
7846021
-29
15
-8
-149
875
4015
7847046
-58
10
-34
-151
921
3957
7848071
-119
-2
-68
-148
963
3887
7849096
-203
-35
-117
-135
1008
3793
7850121
-330
-84
-183
-170
1157
3645
7851146
-577
-176
-300
-254
1550
3368
7852171
-984
-305
-517
-243
1808
3158
7853196
-1443
-436
-804
-113
1696
3050
7854221
-1694
-548
-1148
62
1478
3006
7855246
-1693
-643
-1528
271
1274
3015
7856271
-1488
-737
-1887
470
1132
3071
7849089
-1189
-832
-2234
647
1044
3170
7850114
-942
-948
-2560
802
1113
3230
7851139
-942
-1091
-2872
933
1308
3248
7852164
-1301
-1232
-3159
1129
1240
3251
7853189
-1895
-1344
-3386
1352
876
3284
7854214
-2524
-1394
-3589
1593
459
3324
7855239
-2954
-1355
-3776
1843
-36
3538
7856264
-3075
-1209
-3930
2039
-706
3609
7857289
-2847
-1051
-4048
2080
-1321
3511
7858314
-2991
-975
-4043
2451
-1374
3687
7859339
-4101
-866
-3803
2889
-922
3546
7860364
-5510
-584
-3546
2957
-1189
2744
7861389
-6295
-209
-3453
2952
-1891
2076
7862414
-6362
134
-3477
3158
-2121
1758
7863439
-6101
412
-3410
3418
-2082
1376
7864464
-5669
610
-3339
3653
-2298
815
7857280
-5008
665
-3355
3925
-2464
305
7858305
-4262
558
-3373
4025
-2514
259
7859330
-3566
371
-3333
4038
-2686
699
7860355
-2938
211
-3132
4125
-2805
980
7861380
-2493
93
-2785
4058
-2448
831
7862405
-2381
-74
-2464
3825
-2530
853
7863430
-2270
-235
-2108
3672
-3223
1106
7864455
-1706
-316
-1725
3724
-3369
1199
7865480
-952
-341
-1434
3796
-3112
1211
7866505
-395
-370
-1298
3935
-3267
957
7867530
38
-390
-1276
3955
-3478
1058
7868555
259
-353
-1227
3690
-2912
1131
7869580
0
-369
-1109
3549
-2425
1166
7870605
-432
-435
-937
3517
-2648
1170
7871630
-452
-478
-768
3444
-2893
1060
7872655
-25
-531
-637
3499
-2829
883
7865471
537
-602
-537
3825
-2604
1195
7866496
63
-500
-175
4884
-2899
3740
7867521
-1397
-331
763
4483
-4401
3013
7868546
-213
-223
641
3274
-3563
1265
7869571
1196
-356
390
3668
-2054
1286
7870596
1426
-389
535
3575
-1973
1185
7871621
1401
-345
391
3315
-1621
902
7872646
1508
-323
138
3457
-1261
667
7873671
1374
-287
56
3443
-1193
515
7874696
1006
-259
15
3491
-1055
592
7875721
598
-216
-48
3772
-1019
830
7876746
191
-115
-59
3694
-1221
1066
7877771
-237
-44
-46
3499
-1555
1220
7878796
-568
-36
-5
3577
-1889
1240
7879821
-532
-12
34
3636
-2057
1196
7880846
-239
5
37
3622
-2033
1162
7873664
39
2
35
3616
-1865
1119
7874689
225
-3
37
3601
-1643
1092
7875714
276
-3
33
3571
-1480
1096
7876739
156
-6
30
3520
-1434
1100
7877764
19
-12
24
3502
-1525
1094
7878789
-39
-2
19
3502
-1572
1075
7879814
-71
8
17
3501
-1619
1076
7880839
-97
6
20
3523
-1707
1105
7881864
-95
4
24
3538
-1729
1153
7882889
-85
2
24
3530
-1710
1133
7883914
-40
-2
12
3545
-1728
1106
7884939
28
1
-1
3545
-1709
1098
7885964
54
6
-7
3537
-1650
1096
7886989
34
7
-1
3523
-1623
1082
7888014
11
6
2
3526
-1620
1086
7889039
-12
10
9
3541
-1573
1124
7881856
-73
20
26
3538
-1521
1148
7882881
-159
28
43
3533
-1531
1129
7883906
-243
30
46
3550
-1633
1126
7884931
-262
35
27
3538
-1767
1126
7885956
-203
37
-10
3526
-1890
1175
7886981
-104
39
-66
3535
-2111
1309
7888006
19
60
-139
3551
-2359
1465
7889031
77
87
-208
3639
-2547
1558
7890056
30
159
-225
3759
-2796
1607
7891081
-61
329
-78
3780
-3344
1500
7892106
-127
480
325
3713
-3997
1113
7893131
40
460
788
3953
-3968
1161
7894156
-63
306
1378
4220
-3481
1341
7895181
-238
84
1951
4233
-3687
1031
7896206
237
-113
2413
4181
-4111
328
7897231
1060
-264
2911
4454
-4540
172
7890047
2013
-319
3417
4885
-4759
412
7891072
3273
-252
3666
5023
-4132
586
7892097
4165
-111
3778
4705
-3311
624
7893122
4418
-39
3895
4428
-3313
562
7894147
4747
12
3966
4445
-3657
880
7895172
5319
101
4053
4391
-3696
1065
7896197
5684
242
4153
3873
-3061
1244
7897222
5595
322
4242
3136
-2385
1599
7898247
5197
320
4289
2567
-1636
1833
7899272
5127
475
4250
2036
-1277
2245
7900297
5444
766
4179
1607
-2272
2944
7901322
5703
949
4012
1700
-1796
2899
7902347
5694
1166
3726
1271
203
2743
7903372
4720
1348
3469
696
973
2886
7904397
3474
1372
3215
898
438
2798
7905422
2893
1289
3001
871
817
2723
7898240
2572
1213
2712
486
1147
2883
7899265
2131
1113
2403
409
1115
2827
7900290
1818
980
2167
235
1280
2761
7901315
1529
816
1931
90
1419
2735
7902340
1266
639
1674
8
1387
2703
7903365
1073
432
1453
-23
1438
2868
7904390
825
263
1244
107
1368
3094
7905415
623
156
1088
100
1221
3231
7906440
493
65
945
-23
1366
3274
7907465
339
-17
776
-44
1390
3288
7908490
249
-83
650
39
1149
3512
7909515
306
-95
549
64
1080
3743
7910540
315
-62
442
-11
1331
3843
7911565
116
-27
354
-127
1455
3786
7912590
-43
-38
296
-144
1350
3825
7913615
-39
-54
245
-62
1217
3981
7906433
33
-33
197
-63
1224
4076
7907458
31
-3
147
-119
1376
4048
7908483
-70
12
107
-181
1433
3945
7909508
-184
5
70
-153
1293
3924
7910533
-156
2
31
-132
1064
4035
7911558
-18
15
7
-132
1054
4097
7912583
73
32
-5
-166
1197
4052
7913608
-18
28
1
-182
1248
3970
7914633
-126
9
15
-198
1147
3967
7915658
-124
-10
35
-163
1028
4088
7916683
-12
0
48
-186
969
4086
7917708
96
9
54
-241
1190
4058
7918733
14
6
58
-244
1265
4020
7919758
-73
3
61
-232
1175
4002
7920783
-50
1
46
-201
1149
4025
7921808
-5
14
26
-175
1152
4035
7914623
15
28
10
-210
1154
4013
7915648
43
27
4
-229
1131
4018
7916673
51
12
12
-200
1169
4040
7917698
-12
7
22
-161
1161
4047
7918723
-57
17
24
-154
1073
4044
7919748
-17
31
27
-159
1045
4064
7920773
37
38
34
-178
1105
4078
7921798
27
42
34
-158
1141
4077
7922823
-18
46
41
-150
1160
4033
7923848
-46
45
42
-163
1162
4015
7924873
-42
38
37
-146
1118
4029
7925898
-4
33
30
-198
1147
4010
7926923
-4
25
14
-222
1196
3991
7927948
-42
10
11
-245
1206
3980
7928973
-62
-6
5
-236
1108
4020
7929998
-4
-9
-4
-187
1042
4052
7922817
47
-3
-4
-205
1129
4034
7923842
-6
-1
-1
-224
1161
4025
7924867
-62
-5
9
-187
1057
4069
7925892
-14
-3
17
-182
1039
4102
7926917
41
5
15
-196
1127
4099
7927942
6
11
13
-223
1181
4048
7928967
-48
12
7
-211
1126
4046
7929992
-43
8
4
-201
1092
4035
7931017
-18
-4
4
-245
1164
3980
7932042
-50
-24
-9
-233
1189
3912
7933067
-96
-49
-32
-213
1174
3871
7934092
-114
-74
-68
-190
1174
3818
7935117
-133
-103
-112
-189
1275
3711
7936142
-228
-146
-184
-206
1413
3590
7937167
-412
-206
-303
-228
1487
3432
7938192
-569
-279
-490
-195
1526
3232
7931007
-699
-371
-731
-81
1703
3084
7932032
-954
-484
-1006
64
1928
2967
7933057
-1402
-617
-1305
248
2073
2911
7934082
-1918
-721
-1644
468
1880
2944
7935107
-2265
-758
-1997
607
1469
2998
7936132
-2336
-746
-2366
640
1183
3039
7937157
-2289
-750
-2760
776
1092
3090
7938182
-2294
-767
-3133
1028
933
3100
7939207
-2395
-776
-3410
1193
636
3311
7940232
-2772
-786
-3570
1245
266
3488
7941257
-3330
-797
-3669
1467
-328
3426
7942282
-3656
-708
-3777
1951
-1025
3472
7943307
-3671
-519
-3811
2347
-1724
3395
7944332
-3451
-321
-3741
2294
-2082
3121
7945357
-3244
-242
-3680
2151
-2048
2823
7946382
-3404
-258
-3610
2302
-1994
2778
7939200
-4086
-272
-3447
2570
-2044
2625
7940225
-4900
-223
-3256
2739
-2337
2356
7941250
-5365
-73
-3148
2831
-2634
2178
7942275
-5447
141
-3120
2991
-2851
1945
7943300
-5293
352
-3057
3151
-2978
1541
7944325
-5042
473
-2977
3310
-2961
1256
7945350
-4448
512
-2980
3415
-3082
980
7946375
-3436
497
-3028
3383
-3429
862
7947400
-2214
396
-3123
3488
-3646
882
7948425
-1067
284
-3223
3707
-3617
1111
7949450
-250
210
-3226
3830
-3288
1129
7950475
7
124
-3046
3839
-3070
1144
7951500
-281
0
-2707
3834
-2937
1313
7952525
-808
-85
-2268
3832
-2710
1403
7953550
-1332
-154
-1762
3816
-2801
1343
7954575
-1517
-204
-1305
3719
-3127
1297
7947460
-1166
-215
-1018
3585
-3007
1259
7948485
-598
-238
-856
3689
-2828
1173
7949510
-92
-261
-723
3820
-2867
1127
7950535
236
-259
-603
3621
-2711
1113
7951560
295
-289
-560
3482
-2402
1094
7952585
140
-348
-534
3429
-2262
949
7953610
197
-447
-468
3376
-2467
715
7954635
695
-579
-398
3465
-2690
707
7955660
1270
-639
-326
3896
-2359
1396
7956685
482
-426
25
4302
-1453
2951
7957710
-946
-294
343
4098
-1870
2505
7958735
-407
-247
471
3555
-2861
1423
7959760
390
-189
327
3455
-2086
1529
7960785
637
-255
261
3706
-1920
1462
7961810
844
-210
195
3542
-1844
1178
7962835
1090
-147
6
3528
-1281
771
7955584
1034
-101
-35
3491
-1041
589
7956609
684
-112
13
3507
-1058
631
7957634
343
-104
32
3565
-1074
793
7958659
88
-78
20
3562
-1204
1126
7959684
-55
-59
-2
3559
-1418
1397
7960709
-83
-41
-10
3625
-1464
1515
7961734
-104
-26
1
3712
-1466
1478
7962759
-85
-18
19
3694
-1535
1353
7963784
-7
-20
27
3658
-1580
1226
7964809
53
-21
27
3615
-1516
1119
7965834
52
-21
23
3607
-1431
1060
7966859
4
-4
28
3574
-1362
1050
7967884
-70
7
28
3541
-1356
1078
7968909
-122
0
15
3567
-1483
1166
7969934
-91
1
-2
3621
-1522
1239
7970959
-52
5
0
3616
-1456
1233
7963777
-39
-2
8
3602
-1492
1205
7964802
-14
-9
7
3621
-1540
1185
7965827
12
6
8
3623
-1424
1177
7966852
-70
21
24
3577
-1316
1118
7967877
-184
20
23
3548
-1420
1071
7968902
-199
17
-1
3549
-1575
1123
7969927
-123
24
-24
3583
-1533
1195
7970952
-77
25
-30
3598
-1477
1225
7971977
-59
26
-27
3579
-1497
1197
7973002
-40
24
-27
3583
-1485
1180
7974027
-40
15
-30
3637
-1478
1146
7975052
-45
5
-34
3680
-1523
1153
7976077
-47
4
-56
3677
-1691
1247
7977102
-47
33
-92
3653
-1835
1397
7978127
-124
92
-114
3704
-1883
1284
7979152
-246
157
-94
3838
-2340
1213
7971968
-349
253
33
3745
-2927
1280
7972993
-493
357
255
3378
-3209
1391
7974018
-754
313
496
3516
-3299
1626
7975043
-1070
225
925
3898
-3476
1772
7976068
-1208
212
1426
4024
-3673
1787
7977093
-953
202
1772
4040
-3668
1457
7978118
-567
156
2021
4019
-3751
1165
7979143
-272
52
2299
4102
-3956
920
7980168
163
-49
2533
4209
-3778
583
7981193
1041
-136
2637
4151
-3734
318
7982218
2279
-180
2659
4109
-3627
167
7983243
3410
-201
2658
4068
-3495
118
7984268
4033
-293
2779
4093
-3763
163
7985293
4222
-458
3075
4264
-3791
192
7986318
4356
-646
3393
4233
-3246
130
7987343
4264
-859
3750
3972
-2972
567
7980159
3625
-1010
4153
3858
-3087
1720
7981184
2969
-866
4342
3695
-3122
2508
7982209
3042
-519
4318
2784
-3140
2055
7983234
3371
-398
4277
1630
-2913
817
7984259
3841
-463
4225
1659
-3343
831
7985284
4576
-400
4143
2270
-3387
1536
7986309
5298
-102
3904
2123
-2031
2047
7987334
5552
221
3636
1665
-815
2331
7988359
5566
502
3452
1533
-348
2374
7989384
5595
714
3213
1276
505
2103
7990409
5366
880
2924
960
1214
2479
7991434
4486
862
2698
710
1434
2735
7992459
3666
770
2448
647
1039
2788
7993484
3392
636
2162
582
1038
2775
7994509
3112
437
1919
570
1848
2925
7995534
2196
322
1700
345
2321
3009
7988352
1208
234
1405
179
2038
3133
7989377
640
113
1137
196
1736
3211
7990402
489
14
897
221
1560
3371
7991427
518
-54
688
196
1526
3547
7992452
392
-91
528
87
1786
3678
7993477
12
-87
357
3
1660
3754
7994502
-212
-62
207
135
1213
3916
7995527
-177
-8
141
141
1096
4039
7996552
-114
51
90
-107
1187
3879
7997577
-70
58
24
-221
1252
3840
7998602
-68
41
5
-124
1129
3994
7999627
-7
38
20
-99
1118
4080
8000652
-2
41
21
-204
1259
4059
8001677
-41
47
-11
-184
1163
3969
8002702
-5
18
2
-173
1268
4001
8003727
-46
-8
20
-198
1203
4056
7996544
-70
-20
25
-169
1093
4103
7997569
-39
-14
29
-151
1082
4058
7998594
24
-8
23
-136
1154
4003
7999619
-3
-11
32
-116
1134
4023
8000644
-33
-1
41
-84
1014
4046
8001669
31
23
27
-66
1040
4042
8002694
28
48
19
-42
1139
4000
8003719
-73
63
28
-120
1137
3955
8004744
-99
63
15
-114
1009
3954
8005769
-20
52
5
-84
1033
4020
8006794
7
51
2
-94
1071
4033
8007819
-18
43
9
-145
1121
4017
8008844
-61
22
18
-116
1064
4056
8009869
-45
0
37
-126
1076
4115
8010894
-18
-3
32
-98
1036
4138
8011919
22
7
32
-87
1071
4132
8004735
32
14
32
-112
1135
4132
8005760
-26
11
35
-131
1185
4119
8006785
-101
4
36
-126
1141
4130
8007810
-132
-3
42
-134
1092
4146
8008835
-95
9
25
-115
1001
4122
8009860
-5
17
15
-120
1065
4095
8010885
-1
16
17
-145
1127
4073
8011910
-55
17
13
-121
1052
4060
8012935
-44
30
2
-100
933
4040
8013960
48
39
-13
-119
971
4027
8014985
82
39
-19
-131
1075
3997
8016010
17
31
-12
-135
1081
3993
8017035
-31
29
-14
-112
956
3994
8018060
-2
26
-16
-124
1010
3946
8019085
-21
13
-24
-121
1091
3893
8020110
-90
-5
-36
-105
1093
3826
8012928
-150
-30
-64
-100
1113
3738
8013953
-230
-71
-123
-117
1272
3586
8014978
-378
-132
-236
-73
1452
3471
8016003
-536
-200
-414
95
1478
3270
8017028
-663
-286
-652
147
1643
3030
8018053
-852
-386
-944
218
1689
2913
8019078
-1014
-492
-1249
292
1555
2864
8020103
-1083
-646
-1525
264
1512
2914
8021128
-1171
-822
-1801
285
1416
2992
8022153
-1254
-995
-2087
463
1345
3114
8023178
-1447
-1131
-2345
605
1359
3313
8024203
-1871
-1222
-2558
719
1209
3498
8025228
-2433
-1271
-2735
895
916
3693
8026253
-2968
-1260
-2870
1021
423
3761
8027278
-3191
-1191
-3000
1096
-252
3702
8028303
-2950
-1111
-3169
1200
-559
3786
8021253
-2883
-1050
-3357
1533
-311
3882
8022278
-3754
-961
-3418
2012
-67
3734
8023303
-5118
-708
-3373
2333
-428
3233
8024328
-6148
-360
-3324
2472
-1127
2525
8025353
-6537
37
-3318
2793
-2063
1985
8026378
-6422
435
-3202
2992
-2880
1613
8027403
-6095
691
-3054
2973
-3029
1466
8028428
-5815
812
-2983
2960
-2800
1355
8029453
-5571
892
-2944
2980
-2669
1041
8030478
-5192
915
-2940
3126
-2657
641
8031503
-4718
861
-3023
3424
-2739
359
8032528
-4020
749
-3149
3792
-3313
204
8033553
-2821
705
-3241
3896
-4017
196
8034578
-1368
715
-3262
3745
-3749
273
8035603
-357
609
-3170
3712
-3084
296
8036628
-68
374
-2944
3837
-2816
463
8029311
-242
146
-2567
3833
-2902
650
8030336
-443
-35
-2176
3761
-2912
676
8031361
-477
-196
-1832
3830
-3029
790
8032386
-363
-301
-1523
3799
-3060
1049
8033411
-257
-350
-1254
3714
-2893
1206
8034436
-230
-391
-1050
3722
-2746
1263
8035461
-224
-416
-890
3770
-2797
1311
8036486
-134
-412
-776
3800
-2762
1271
8037511
-94
-372
-669
3999
-2451
1618
8038536
-1019
-275
-249
4261
-3031
2308
8039561
-1478
-332
172
4099
-4892
1716
8040586
15
-218
279
3609
-4205
1205
8041611
1156
-222
198
3548
-2454
1118
8042636
1300
-332
279
3558
-2116
990
8043661
1301
-368
293
3471
-2063
802
8044686
1296
-346
193
3473
-1558
606
8037505
1122
-306
97
3492
-1234
396
8038530
831
-243
28
3386
-1326
374
8039555
542
-188
-58
3385
-1370
630
8040580
217
-148
-122
3531
-1431
1082
8041605
-125
-102
-116
3664
-1673
1425
8042630
-236
-40
-103
3720
-1925
1453
8043655
-78
11
-107
3683
-1858
1322
8044680
103
2
-85
3651
-1693
1197
8045705
219
-29
-55
3667
-1571
1055
8046730
301
-49
-30
3660
-1440
933
8047755
355
-48
-13
3643
-1352
891
8048780
337
-30
7
3641
-1257
915
8049805
179
-11
40
3614
-1200
967
8050830
-81
-3
62
3575
-1325
1003
8051855
-245
-7
52
3558
-1604
1071
8052880
-231
-5
32
3590
-1744
1124
8045699
-144
6
30
3591
-1742
1141
8046724
-77
10
36
3588
-1704
1088
8047749
-36
6
31
3577
-1682
1022
8048774
4
4
17
3578
-1622
1009
8049799
13
12
10
3583
-1522
1006
8050824
-27
15
11
3586
-1511
1017
8051849
-69
21
9
3587
-1550
1083
8052874
-102
35
12
3594
-1520
1169
8053899
-206
59
39
3602
-1434
1133
8054924
-363
69
61
3581
-1497
1019
8055949
-434
53
40
3603
-1807
1089
8056974
-337
57
-19
3619
-2110
1261
8057999
-235
94
-72
3623
-2307
1457
8059024
-343
132
-89
3727
-2589
1631
8060049
-668
244
-28
3848
-3244
1719
8061074
-1048
459
248
3705
-3888
1486
8053889
-1102
610
647
3819
-4298
1282
8054914
-1079
598
1188
4063
-4436
1237
8055939
-1187
383
1751
4287
-4082
1054
8056964
-1107
76
2292
4477
-4141
758
8057989
-417
-184
2769
4371
-4594
-25
8059014
793
-426
3106
4336
-4734
-730
8060039
1962
-686
3397
4599
-4695
-890
8061064
2839
-900
3739
4898
-4474
-733
8062089
3583
-1003
4026
5038
-4190
-786
8063114
4208
-1026
4339
5037
-3823
-880
8064139
4398
-1003
4705
4862
-3530
-365
8065164
4178
-938
5007
4206
-3694
361
8066189
4216
-853
5102
3265
-3511
903
8067214
4655
-750
4938
2286
-2881
1373
8068239
5266
-596
4695
1590
-2750
1889
8069264
5756
-436
4484
1393
-2654
1955
8062080
6139
-214
4249
1379
-2282
1941
8063105
6374
2
4008
1327
-1624
1853
8064130
6362
201
3774
1173
-749
1794
8065155
6075
377
3634
942
-458
2109
8066180
5666
458
3456
990
-350
2261
8067205
5142
508
3255
1077
396
2282
8068230
4365
492
3137
904
1240
2358
8069255
3374
427
2993
745
1385
2242
8070280
2629
318
2780
634
1359
2241
8071305
2163
163
2540
679
1761
2510
8072330
1698
81
2221
747
2249
2822
8073355
1194
64
1893
687
2317
2965
8074380
865
47
1546
549
2241
2929
8075405
622
8
1178
510
2332
3020
8076430
297
-10
854
386
2280
3221
8077455
55
-17
577
312
2032
3479
8070271
14
-3
333
282
1893
3693
8071296
-19
40
138
251
1768
3775
8072321
-112
60
33
44
1766
3754
8073346
-227
44
-43
-51
1651
3804
8074371
-220
30
-98
-48
1475
3900
8075396
-134
33
-132
-81
1438
3905
8076421
-105
32
-136
-161
1431
3904
8077446
-102
18
-125
-159
1282
3933
8078471
-50
-14
-69
-237
1384
3948
8079496
-59
-50
-35
-206
1423
3953
8080521
-33
-67
-24
-119
1346
3911
8081546
53
-78
-12
-98
1396
3944
8082571
48
-81
-5
-90
1484
3926
8083596
-21
-75
-12
-77
1475
3909
8084621
-47
-70
-20
-77
1352
3911
8085646
8
-66
-19
-119
1340
3964
8078464
40
-55
-18
-131
1356
3990
8079489
19
-39
-11
-126
1360
3999
8080514
-35
-23
7
-138
1368
3977
8081539
-51
-15
21
-137
1329
3961
8082564
-22
-11
34
-107
1326
4004
8083589
5
5
29
-88
1351
4009
8084614
10
33
17
-109
1368
3951
8085639
-12
40
22
-103
1411
3907
8086664
-63
32
24
-78
1376
3901
8087689
-68
30
17
-89
1329
3902
8088714
-34
30
7
-117
1344
3903
8089739
-26
22
8
-84
1352
3890
8090764
-10
6
11
-78
1369
3896
8091789
-14
-8
11
-66
1346
3933
8092814
-35
-21
11
-64
1376
3973
8093839
-61
-24
7
-49
1310
4008
8086656
-26
-20
8
-49
1308
4017
8087681
2
-14
8
-74
1345
4019
8088706
-10
-5
10
-66
1354
4013
8089731
-24
-3
22
-116
1335
4012
8090756
-6
-7
30
-109
1293
4033
8091781
46
0
26
-72
1342
4026
8092806
52
17
20
-85
1400
3971
8093831
1
18
21
-137
1412
3914
8094856
-32
3
17
-134
1375
3912
8095881
-5
-10
0
-78
1382
3923
8096906
30
-12
-18
-32
1369
3930
8097931
38
-11
-31
-62
1394
3884
8098956
-14
-25
-36
-103
1443
3858
8099981
-93
-40
-40
-58
1404
3865
8101006
-101
-38
-57
-38
1316
3857
8102031
-48
-37
-83
-45
1333
3859
8094848
-66
-49
-92
-103
1383
3870
8095873
-151
-64
-104
-111
1380
3858
8096898
-217
-76
-123
-76
1292
3829
8097923
-177
-91
-156
-67
1295
3737
8098948
-165
-126
-196
-75
1479
3633
8099973
-336
-177
-269
-79
1603
3450
8100998
-624
-242
-397
-20
1651
3204
8102023
-1011
-330
-577
126
1661
2956
8103048
-1488
-421
-799
326
1652
2787
8104073
-1943
-494
-1057
520
1554
2729
8105098
-2302
-558
-1321
619
1388
2680
8106123
-2606
-639
-1582
611
1280
2672
8107148
-2797
-711
-1867
676
1105
2861
8108173
-2685
-732
-2200
864
787
3168
8109198
-2324
-725
-2565
1033
649
3433
8110223
-2056
-731
-2894
1043
655
3489
8103040
-2163
-789
-3181
1078
531
3407
8104065
-2591
-870
-3433
1314
254
3475
8105090
-3101
-903
-3626
1701
-139
3561
8106115
-3433
-821
-3789
2075
-662
3519
8107140
-3505
-676
-3918
2262
-1034
3356
8108165
-3663
-558
-3952
2405
-1459
3049
8109190
-4176
-479
-3858
2515
-1855
2729
8110215
-4911
-426
-3695
2634
-2058
2473
8111240
-5441
-299
-3590
2718
-2352
2237
8112265
-5518
-105
-3587
2915
-2834
1994
8113290
-5214
91
-3584
3287
-3177
1708
8114315
-4788
260
-3490
3454
-2921
1338
8115340
-4520
348
-3375
3485
-2711
1213
8116365
-4384
307
-3328
3781
-2817
1061
8117390
-3960
269
-3318
4057
-3117
788
8118415
-3091
243
-3323
4103
-3496
612
8111233
-1906
184
-3269
4114
-3650
533
8112258
-688
87
-3127
4186
-3681
802
8113283
112
-21
-2850
4108
-3229
1239
8114308
50
-130
-2413
3885
-2487
1317
8115333
-701
-269
-1939
3860
-2370
1240
8116358
-1320
-372
-1502
3931
-2828
1202
8117383
-1352
-405
-1098
3721
-3167
1148
8118408
-975
-438
-814
3587
-3112
1187
8119433
-560
-469
-602
3607
-3048
1255
8120458
-241
-470
-414
3603
-2802
1306
8121483
-111
-463
-282
3702
-2323
1467
8122508
-639
-380
-65
4000
-2030
2092
8123533
-1843
-345
312
4084
-3200
1943
8124558
-1160
-318
433
3915
-4559
1428
8125583
388
-156
348
3476
-3342
1261
8126608
1063
-180
179
3494
-1972
1287
8119423
940
-216
195
3429
-1583
1185
8120448
797
-193
121
3432
-1221
1002
8121473
589
-167
44
3596
-1016
828
8122498
257
-156
45
3601
-1173
751
8123523
106
-157
-1
3633
-1342
840
8124548
135
-125
-67
3659
-1313
986
8125573
74
-97
-84
3625
-1366
1122
8126598
-57
-102
-63
3634
-1622
1190
8127623
-72
-92
-33
3667
-1771
1202
8128648
-16
-68
13
3648
-1704
1122
8129673
22
-66
66
3613
-1678
1018
8130698
66
-71
95
3619
-1673
983
8131723
112
-50
98
3624
-1542
1010
8132748
65
-26
98
3595
-1415
960
8133773
-45
-18
97
3577
-1500
945
8134798
-97
-12
81
3575
-1662
1007
8127617
-85
1
61
3576
-1709
1078
8128642
-94
9
54
3563
-1721
1118
8129667
-113
11
53
3527
-1743
1104
8130692
-99
6
43
3538
-1775
1100
8131717
-78
21
30
3568
-1742
1253
8132742
-186
86
57
3509
-1570
1359
8133767
-416
152
80
3341
-1492
1045
8134792
-562
111
14
3456
-1928
1038
8135817
-410
111
-97
3618
-2385
1298
8136842
-104
230
-170
3480
-2177
1356
8137867
-163
290
-186
3509
-2323
1415
8138892
-356
337
-176
3782
-3171
1395
8139917
-469
493
14
3926
-3793
1527
8140942
-716
597
418
4063
-3703
1567
8141967
-1063
555
954
4071
-4045
1424
8142992
-1353
368
1570
4157
-4116
1151
8135808
-1394
89
2237
4335
-4063
675
8136833
-804
-167
2801
4381
-4436
178
8137858
293
-313
3145
4359
-4525
-232
8138883
1209
-477
3347
4229
-4409
-516
8139908
1930
-718
3534
4356
-4576
-602
8140933
2931
-892
3839
4779
-4888
-709
8141958
4168
-905
4227
5186
-4542
-621
8142983
4901
-714
4641
4992
-3467
-162
8144008
4668
-527
4968
3931
-3141
347
8145033
4369
-493
5048
2866
-3606
863
8146058
4551
-603
4928
2293
-3313
1482
8147083
5117
-572
4700
1817
-2660
1922
8148108
5720
-392
4533
1373
-2570
1977
8149133
6019
-242
4426
1336
-2264
1862
8150158
6145
-80
4282
1338
-1747
1914
8151183
6170
82
4059
1322
-1134
2105
8144000
5791
242
3880
1193
-178
2222
8145025
5071
356
3742
774
355
2132
8146050
4449
323
3554
493
587
2227
8147075
3973
213
3208
700
1179
2582
8148100
3274
201
2897
826
1601
2793
8149125
2470
199
2629
555
1750
2613
8150150
1950
108
2255
441
1814
2609
8151175
1551
26
1843
612
1975
2851
8152200
1179
-4
1516
501
1965
3122
8153225
892
-35
1188
400
1839
3307
8154250
696
-47
878
431
1682
3340
8155275
583
-57
648
329
1707
3464
8156300
319
-70
462
202
1710
3580
8157325
25
-75
302
128
1549
3563
8158350
-53
-90
164
138
1383
3628
8159375
5
-110
72
91
1333
3732
8152192
40
-141
21
57
1310
3878
8153217
24
-161
2
61
1395
3979
8154242
-44
-160
13
25
1333
4036
8155267
-30
-145
23
-43
1246
3979
8156292
68
-139
26
-109
1381
3964
8157317
26
-136
35
-66
1407
4044
8158342
-42
-107
25
-82
1406
4028
8159367
-66
-74
-12
-72
1294
3991
8160392
-23
-52
-18
-82
1241
3931
8161417
21
-56
-9
-83
1255
3970
8162442
-15
-60
14
-59
1281
4002
8163467
-61
-55
40
-64
1243
3952
8164492
-19
-62
59
-57
1236
3943
8165517
8
-68
74
-29
1250
3969
8166542
51
-64
66
42
1285
3976
8167567
59
-50
58
56
1375
4012
8160412
-22
-33
58
26
1368
3982
8161437
-74
-17
39
14
1288
3969
8162462
-27
-8
20
72
1232
4017
8163487
26
-5
24
59
1312
4044
8164512
-29
-1
38
2
1341
4021
8165537
-87
2
42
36
1295
4024
8166562
-60
11
42
66
1245
4041
8167587
8
21
48
23
1272
4012
8168612
26
27
45
10
1309
3988
8169637
0
22
40
7
1336
3973
8170662
-32
16
33
41
1275
3995
8171687
-6
15
34
68
1243
3970
8172712
36
6
38
53
1281
3959
8173737
26
-10
39
37
1322
3930
8174762
-3
-22
36
51
1291
3971
8175787
16
-21
30
58
1243
3987
8168577
53
-18
27
54
1267
3982
8169602
54
-19
29
36
1305
3986
8170627
17
-23
26
24
1326
3978
8171652
-19
-24
19
36
1280
3982
8172677
3
-19
4
52
1253
3994
8173702
30
-15
2
57
1268
4000
8174727
23
-13
14
33
1272
3974
8175752
5
-20
30
19
1266
3958
8176777
-9
-27
43
46
1247
3931
8177802
0
-32
49
74
1249
3940
8178827
-2
-39
48
63
1278
3927
8179852
-25
-41
38
56
1303
3884
8180877
-36
-42
15
96
1326
3833
8181902
-68
-54
-15
116
1413
3766
8182927
-167
-71
-68
144
1468
3691
8183952
-326
-100
-140
119
1560
3492
8176769
-593
-163
-269
27
1855
3174
8177794
-1108
-293
-495
4
2232
2810
8178819
-1927
-445
-792
229
2248
2619
8179844
-2669
-510
-1156
543
1786
2567
8180869
-2983
-524
-1513
750
1294
2591
8181894
-2777
-503
-1878
923
903
2697
8182919
-2292
-495
-2246
1087
865
2896
8183944
-1948
-536
-2565
1052
940
3012
8184969
-1905
-630
-2844
914
862
3216
8185994
-2215
-778
-3134
1243
651
3508
8187019
-2801
-832
-3364
1798
421
3781
8188044
-3413
-741
-3473
2141
-29
3799
8189069
-3665
-565
-3547
2126
-968
3409
8190094
-3257
-430
-3666
1778
-1597
3331
8191119
-2931
-425
-3776
1715
-1509
3390
8192144
-3364
-450
-3814
2253
-1510
3282
8184960
-4311
-388
-3659
2788
-1781
2983
8185985
-5253
-220
-3417
2791
-2105
2435
8187010
-5921
-50
-3212
2566
-2626
1833
8188035
-6003
105
-3039
2495
-3190
1667
8189060
-5582
235
-2975
2596
-3231
1526
8190085
-5056
330
-3023
2747
-2873
1128
8191110
-4580
372
-3151
3013
-2684
763
8192135
-4018
371
-3289
3335
-2934
601
8193160
-3160
362
-3408
3679
-3381
631
8194185
-2111
343
-3468
3952
-3480
630
8195210
-1223
292
-3428
4094
-3164
712
8196235
-729
184
-3286
4212
-2865
901
8197260
-624
82
-2979
4330
-2807
1092
8198285
-836
-9
-2510
4219
-2769
1021
8199310
-1154
-135
-2032
4108
-2793
1001
8200335
-1321
-257
-1584
4076
-2943
1007
8193153
-1183
-327
-1148
3952
-3047
1067
8194178
-947
-372
-801
3799
-2998
1141
8195203
-743
-405
-637
3706
-2966
1237
8196228
-509
-402
-561
3614
-3004
1308
8197253
-256
-373
-505
3537
-2786
1342
8198278
-230
-305
-445
3736
-2375
1755
8199303
-1017
-224
-90
3931
-3108
1913
8200328
-954
-283
218
3704
-4833
1305
8201353
436
-209
322
3585
-3888
1106
8202378
1259
-209
284
3683
-2220
1144
8203403
1235
-226
338
3643
-1630
1120
8204428
1007
-174
322
3531
-1238
928
8205453
726
-159
227
3562
-1103
713
8206478
458
-157
166
3513
-1347
644
8207503
382
-144
108
3489
-1503
724
8208528
462
-110
20
3552
-1216
828
8201345
401
-79
-46
3611
-952
1056
8202370
109
-93
-46
3646
-1221
1208
8203395
-17
-84
-47
3701
-1518
1304
8204420
-1
-43
-31
3708
-1538
1286
8205445
-21
-24
1
3649
-1597
1209
8206470
-67
-34
33
3601
-1769
1127
8207495
-37
-37
47
3580
-1806
1060
8208520
27
-33
61
3569
-1731
1009
8209545
63
-19
73
3542
-1608
949
8210570
44
-14
78
3517
-1570
944
8211595
20
-15
61
3524
-1625
994
8212620
21
-9
33
3559
-1647
1089
8213645
8
3
18
3559
-1640
1123
8214670
-21
6
12
3553
-1668
1110
8215695
-32
-1
10
3555
-1726
1130
8216720
-10
-3
12
3560
-1703
1120
8209535
26
-4
13
3580
-1652
1078
8210560
47
-1
12
3585
-1609
1041
8211585
40
-1
9
3566
-1581
1059
8212610
0
2
10
3569
-1570
1103
8213635
-64
14
22
3560
-1544
1136
8214660
-163
33
45
3510
-1521
1102
8215685
-259
32
51
3471
-1633
1082
8216710
-268
28
40
3484
-1795
1121
8217735
-171
44
28
3510
-1826
1162
8218760
-117
69
19
3587
-1735
1231
8219785
-198
97
14
3575
-1847
1298
8220810
-338
106
2
3583
-2201
1390
8221835
-487
163
15
3661
-2813
1552
8222860
-688
280
156
3693
-3194
1434
8223885
-946
354
468
3715
-3326
989
8224910
-1284
296
914
3931
-3687
961
8217728
-1557
204
1390
3866
-3925
939
8218753
-1525
78
1817
3724
-4008
619
8219778
-1271
-131
2237
3699
-4080
166
8220803
-711
-402
2574
3758
-4379
-124
8221828
330
-626
2809
3922
-4470
-244
8222853
1533
-740
2974
4052
-4142
-283
8223878
2451
-795
3062
4086
-3865
-292
8224903
3181
-826
3136
4122
-3872
-260
8225928
3918
-802
3212
4158
-3753
-186
8226953
4441
-724
3374
4065
-3599
81
8227978
4684
-678
3578
3926
-3673
430
8229003
4917
-676
3758
3585
-3785
610
8230028
5187
-688
3918
3234
-3699
1094
8231053
5299
-617
4031
2734
-3153
1602
8232078
5120
-482
4079
1893
-2399
1892
8233103
4781
-346
4142
1350
-2034
2405
8225920
4676
-169
4148
1264
-2267
2819
8226945
4920
35
4046
1399
-2285
2733
8227970
5206
234
3903
1239
-1234
2612
8228995
5192
401
3701
819
-302
2759
8230020
4675
528
3479
793
-247
3053
8231045
4105
630
3280
908
161
2948
8232070
3725
692
3054
561
1012
2904
8233095
3040
667
2781
221
942
2984
8234120
2392
509
2561
180
815
2904
8235145
2056
376
2306
131
1026
2951
8236170
1735
258
2010
116
1337
2959
8237195
1359
146
1746
162
1492
3153
8238220
1009
76
1482
227
1279
3279
8239245
835
17
1234
200
1345
3331
8240270
615
-32
1004
115
1415
3374
8241295
336
-88
823
67
1373
3474
8234111
155
-116
635
94
1130
3664
8235136
194
-101
464
110
986
3788
8236161
254
-89
350
18
1143
3838
8237186
166
-94
264
-81
1326
3852
8238211
-1
-102
195
-108
1257
4019
8239236
-99
-80
118
1
1011
4077
8240261
-16
-42
71
-57
992
4047
8241286
62
-29
48
-205
1176
3993
8242311
9
-42
23
-181
1134
4009
8243336
-44
-55
14
-162
1089
4062
8244361
-19
-48
1
-110
937
4141
8245386
86
-36
20
-105
870
4177
8246411
181
-33
45
-116
1016
4120
8247436
119
-36
56
-157
1189
4078
8248461
-49
-38
59
-178
1067
4080
8249486
-74
-35
59
-158
895
4111
8242304
29
-19
54
-128
960
4123
8243329
68
15
40
-168
1142
4037
8244354
-14
26
25
-184
1124
3980
8245379
-40
17
13
-149
1064
3987
8246404
-11
18
-1
-115
1032
4035
8247429
25
26
-5
-137
1034
3989
8248454
40
6
-7
-160
1098
4000
8249479
-27
-15
-2
-125
1086
4003
8250504
-72
-20
-2
-116
968
4058
8251529
-41
-24
-2
-97
916
4109
8252554
-8
-22
10
-137
980
4109
8253579
-15
-10
12
-149
1011
4092
8254604
-25
-7
21
-139
975
4089
8255629
6
-10
35
-151
997
4111
8256654
16
-13
44
-157
1059
4122
8257679
0
-4
39
-134
1021
4104
8250497
36
11
34
-117
1004
4073
8251522
85
17
37
-121
1039
4087
8252547
84
22
39
-125
1026
4092
8253572
83
28
32
-141
1008
4081
8254597
94
29
32
-149
1056
4074
8255622
54
27
34
-141
1106
4053
8256647
-27
24
28
-117
1099
4017
8257672
-86
32
13
-117
1077
3978
8258697
-88
43
-17
-112
1068
3952
8259722
-81
43
-55
-137
1146
3875
8260747
-133
32
-114
-158
1220
3788
8261772
-224
7
-192
-124
1216
3709
8262797
-247
-13
-299
-35
1135
3621
8263822
-181
-21
-458
95
1225
3552
8264847
-211
-23
-684
205
1480
3464
8265872
-485
-29
-936
117
1644
3371
8258688
-838
-68
-1167
-112
1480
3359
8259713
-971
-158
-1393
-118
1314
3433
8260738
-978
-238
-1615
-51
1314
3465
8261763
-1091
-313
-1842
-50
1389
3431
8262788
-1294
-420
-2057
-33
1318
3332
8263813
-1515
-574
-2246
79
1233
3302
8264838
-1801
-712
-2450
213
1275
3378
8265863
-2240
-771
-2720
482
1135
3447
8266888
-2775
-751
-2981
755
819
3441
8267913
-3251
-700
-3187
818
319
3240
8268938
-3472
-668
-3394
810
-114
2989
8269963
-3542
-644
-3641
1188
-517
3039
8270988
-3834
-552
-3790
1728
-1026
3225
8272013
-4407
-422
-3787
1773
-1159
3076
8273038
-5021
-277
-3777
1788
-1494
2667
8274063
-5381
-130
-3782
2100
-2191
2281
8266881
-5405
22
-3727
2471
-2867
2056
8267906
-5435
105
-3562
2842
-3192
1836
8268931
-5634
112
-3286
3070
-3230
1347
8269956
-5309
183
-3071
3176
-3809
885
8270981
-3629
303
-3086
3098
-4684
716
8272006
-1263
219
-3125
2964
-4590
853
8273031
-40
-80
-2994
3046
-3702
1403
8274056
-419
-291
-2766
3172
-2871
1779
8275081
-1480
-311
-2518
3204
-2656
1599
8276106
-2157
-251
-2347
3234
-3344
1134
8277131
-1670
-179
-2397
3321
-3957
1233
8278156
-561
-157
-2460
3307
-3801
1403
8279181
249
-208
-2396
3332
-3223
1510
8280206
327
-318
-2234
3539
-2594
1737
8281231
-165
-383
-1968
3712
-2289
1833
8282256
-860
-378
-1609
3760
-2343
1626
8275072
-1337
-374
-1298
3798
-2620
1372
8276097
-1284
-387
-1123
3756
-2769
1137
8277122
-762
-410
-1042
3737
-2655
983
8278147
-200
-420
-922
3890
-2533
1375
8279172
-871
-341
-362
4411
-2739
2693
8280197
-2453
-250
353
4246
-4164
2136
8281222
-1441
-195
379
3630
-4590
958
8282247
491
-169
232
3424
-3234
819
8283272
1220
-237
324
3455
-2555
1047
8284297
1236
-244
326
3346
-2083
1036
8285322
1178
-190
201
3400
-1515
976
8286347
850
-99
185
3341
-1106
719
8287372
295
-83
225
3126
-1098
521
8288397
-43
-151
173
3108
-1393
559
8289422
-15
-178
40
3248
-1619
822
8290447
95
-144
-69
3480
-1499
1144
8283264
-60
-90
-84
3584
-1391
1208
8284289
-276
-59
-88
3618
-1634
1213
8285314
-292
-32
-91
3672
-1951
1284
8286339
-160
-3
-61
3687
-2063
1302
8287364
-50
5
-4
3633
-2009
1264
8288389
-30
-4
44
3565
-1873
1152
8289414
-39
-15
54
3515
-1797
1013
8290439
-42
-10
59
3493
-1763
922
8291464
-31
9
61
3455
-1716
851
8292489
-32
12
53
3410
-1752
844
8293514
-17
6
23
3417
-1836
935
8294539
-8
6
1
3454
-1862
1031
8295564
-29
5
2
3490
-1902
1089
8296589
-47
8
7
3489
-1935
1143
8297614
-38
11
2
3497
-1959
1160
8298639
-4
21
-7
3505
-1906
1139
8291456
23
31
-17
3490
-1821
1103
8292481
15
32
-24
3486
-1807
1048
8293506
18
32
-32
3481
-1836
1001
8294531
51
33
-42
3505
-1781
1029
8295556
45
38
-43
3486
-1751
1014
8296581
64
34
-71
3432
-1771
1036
8297606
114
8
-96
3455
-1963
1147
8298631
156
0
-136
3558
-2145
1396
8299656
75
48
-149
3556
-2126
1520
8300681
-106
108
-106
3483
-2355
1300
8301706
-187
175
-17
3652
-2853
1142
8302731
-360
278
299
3850
-3271
1510
8303756
-776
387
802
3849
-3239
1607
8304781
-1359
381
1360
3797
-3587
1175
8305806
-1358
196
1803
3839
-4479
547
8306831
-142
22
2083
3927
-5048
517
8299647
1412
-72
2382
4059
-4741
494
8300672
2477
-72
2645
4017
-4091
360
8301697
3058
-57
2807
3990
-3819
263
8302722
3634
-17
2930
3929
-3976
362
8303747
4175
16
3100
3862
-3951
637
8304772
4298
31
3325
3841
-3633
933
8305797
4092
63
3593
3648
-3617
1044
8306822
4091
-19
3839
3353
-3795
1222
8307847
4379
-136
4044
3095
-3523
1645
8308872
4696
-144
4114
2811
-2812
1879
8309897
4704
-75
4168
2433
-2300
1941
8310922
4510
-28
4241
2125
-2375
2003
8311947
4523
-34
4210
1956
-2240
2053
8312972
4739
19
3923
1894
-1114
2461
8313997
4459
106
3625
1817
-177
3014
8315022
3781
224
3511
1717
-367
3207
8307840
3498
338
3380
1492
-706
2737
8308865
3776
416
3116
1106
-229
2614
8309890
3817
425
2858
975
599
2941
8310915
3383
450
2625
1136
737
3212
8311940
2824
445
2477
941
1059
3126
8312965
2409
427
2224
495
1223
2970
8313990
2046
333
1928
381
1342
3009
8315015
1584
191
1699
450
1431
3260
8316040
1212
82
1485
456
1416
3413
8317065
979
37
1217
437
1355
3501
8318090
742
16
980
372
1169
3407
8319115
605
-46
820
361
1250
3524
8320140
444
-93
675
434
1240
3716
8321165
306
-93
549
352
1165
3854
8322190
231
-66
402
271
1137
3874
8323215
199
-55
300
326
1133
3884
8316031
145
-54
241
322
1174
3893
8317056
86
-40
176
300
1110
3930
8318081
70
-29
124
300
1024
3945
8319106
55
-19
88
315
1050
3928
8320131
-26
-5
57
301
1081
3918
8321156
-106
12
32
271
977
3946
8322181
-70
12
26
212
932
3966
8323206
21
-2
16
232
970
4019
8324231
28
-7
16
289
1016
4063
8325256
-73
-12
25
224
1066
4046
8326281
-142
-17
17
236
877
3995
8327306
-23
-30
18
271
878
4068
8328331
61
-23
12
326
957
4151
8329356
-4
-1
10
262
1079
4131
8330381
-114
16
4
197
967
4075
8331406
-93
20
-6
237
967
4082
8324223
-62
32
-13
251
919
4103
8325248
-22
41
-22
256
931
4100
8326273
-5
52
-30
263
1008
4093
8327298
-24
61
-35
245
1010
4068
8328323
-41
53
-36
268
950
4091
8329348
-22
43
-31
291
935
4102
8330373
12
37
-29
231
946
4087
8331398
24
20
-28
214
966
4074
8332423
15
-6
-22
229
1011
4089
8333448
-12
-21
-21
258
923
4096
8334473
26
-26
-15
230
878
4064
8335498
65
-37
-13
214
945
4033
8336523
15
-51
-10
186
996
4016
8337548
-41
-58
-21
174
928
4012
8338573
-11
-55
-35
217
863
4056
8339598
12
-47
-31
256
963
4056
8332417
-47
-33
-30
243
977
4001
8333442
-65
-27
-37
276
902
4006
8334467
-22
-27
-47
264
991
4035
8335492
-40
-29
-72
248
1055
4008
8336517
-101
-35
-110
254
1073
3948
8337542
-156
-55
-153
240
1120
3879
8338567
-208
-88
-214
229
1119
3811
8339592
-239
-135
-286
192
1200
3751
8340617
-305
-201
-383
183
1329
3666
8341642
-448
-289
-502
215
1463
3562
8342667
-685
-400
-646
262
1585
3454
8343692
-994
-508
-841
363
1580
3328
8344717
-1244
-594
-1078
511
1439
3278
8345742
-1389
-664
-1306
665
1203
3361
8346767
-1473
-719
-1516
806
1067
3406
8347792
-1552
-763
-1716
920
1021
3411
8340608
-1684
-785
-1935
1087
975
3458
8341633
-2056
-808
-2123
1206
977
3536
8342658
-2672
-782
-2286
1200
738
3555
8343683
-3145
-714
-2477
1302
322
3547
8344708
-3328
-590
-2680
1586
7
3553
8345733
-3428
-400
-2846
1792
-100
3470
8346758
-3635
-174
-3020
1825
-110
3272
8347783
-4043
79
-3194
1934
-390
2909
8348808
-4490
313
-3302
2091
-956
2532
8349833
-4860
492
-3348
2309
-1471
2309
8350858
-5108
641
-3350
2692
-1974
2239
8351883
-5218
772
-3292
2965
-2219
2037
8352908
-5245
884
-3182
2956
-2483
1601
8353933
-5110
921
-3104
2845
-2984
1210
8354958
-4889
825
-3043
2852
-3144
974
8355983
-4525
708
-3030
2910
-3169
867
8348800
-3934
586
-3110
2988
-3133
937
8349825
-3243
444
-3226
3233
-2949
895
8350850
-2670
323
-3310
3633
-3023
710
8351875
-2335
180
-3215
3941
-3298
631
8352900
-1981
62
-3033
3963
-3321
579
8353925
-1483
-6
-2843
3960
-3413
701
8354950
-918
-18
-2613
3889
-3564
968
8355975
-477
-46
-2356
3699
-3412
1114
8357000
-376
-158
-2065
3685
-3137
1321
8358025
-497
-236
-1769
3872
-2991
1521
8359050
-628
-222
-1518
3908
-2891
1452
8360075
-697
-191
-1336
3756
-2934
1374
8361100
-670
-187
-1190
3671
-3033
1317
8362125
-499
-177
-1033
3618
-3027
1248
8363150
-251
-183
-878
3599
-2856
1126
8364175
-165
-198
-701
3840
-2833
1466
8356992
-657
-199
-277
3909
-3261
1546
8358017
-391
-189
-98
3737
-3509
1374
8359042
430
-149
97
3622
-3007
1253
8360067
716
-190
304
3505
-2626
983
8361092
636
-258
354
3430
-2204
910
8362117
512
-291
286
3357
-1864
898
8363142
481
-271
150
3512
-1685
1034
8364167
340
-162
87
3705
-1311
1078
8365192
16
-33
78
3572
-943
872
8366217
-356
-21
41
3431
-1233
824
8367242
-488
-63
-7
3521
-1722
918
8368267
-261
-55
-33
3632
-1757
1064
8369292
-14
-41
-17
3692
-1669
1165
8370317
125
-40
13
3687
-1686
1158
8371342
194
-39
32
3631
-1669
1166
8372367
178
-38
42
3600
-1587
1143
8365184
70
-30
56
3566
-1510
1045
8366209
-36
-27
57
3521
-1613
947
8367234
-47
-20
39
3506
-1698
921
8368259
0
-8
19
3518
-1728
963
8369284
42
-1
15
3528
-1693
1001
8370309
58
0
9
3544
-1667
1060
8371334
43
-7
4
3561
-1682
1124
8372359
35
-7
-5
3571
-1666
1130
8373384
31
-8
-8
3586
-1652
1090
8374409
39
-4
-12
3584
-1637
1037
8375434
36
0
-16
3581
-1613
995
8376459
26
-1
-18
3556
-1632
993
8377484
36
-1
-16
3543
-1631
1035
8378509
30
3
-6
3550
-1558
1066
8379534
-9
-1
0
3575
-1558
1052
8380559
-18
-5
-3
3580
-1630
1059
8373622
9
-1
-3
3565
-1626
1081
8374647
-5
-3
6
3556
-1590
1082
8375672
-38
-6
15
3561
-1618
1049
8376697
-37
-8
14
3557
-1656
1059
8377722
-29
-4
8
3573
-1683
1170
8378747
-61
18
8
3538
-1775
1286
8379772
-129
42
-9
3588
-1889
1243
8380797
-181
65
-60
3680
-2113
1286
8381822
-227
117
-91
3601
-2694
1436
8382847
-200
182
-38
3553
-3268
1287
8383872
-104
248
128
3654
-3401
1024
8384897
13
278
409
3785
-3576
1019
8385922
67
290
801
3802
-3746
1159
8386947
-3
244
1232
3813
-3599
1152
8387972
-96
117
1612
3915
-3559
999
8388997
-33
-53
1966
4035
-3713
735
8381568
384
-205
2304
4036
-3813
489
8382593
1167
-311
2559
4021
-3817
343
8383618
2026
-385
2719
4062
-3571
231
8384643
2811
-438
2840
4136
-3470
104
8385668
3643
-458
2942
4243
-3541
184
8386693
4379
-412
3076
4222
-3300
355
8387718
4754
-350
3259
4009
-3101
667
8388743
4830
-334
3472
3954
-3265
1150
8389768
4918
-322
3682
4112
-3419
1486
8390793
5038
-235
3894
3945
-3100
1368
8391818
5204
-77
4025
3367
-2560
1568
8392843
5276
136
4078
2662
-2190
2274
8393868
5171
364
4071
2087
-1950
2796
8394893
4997
557
3890
1782
-1577
2871
8395918
4914
822
3602
1857
-1367
2817
8396943
4688
968
3411
1729
-329
2506
8389760
4364
1041
3187
1081
643
2748
8390785
3681
1068
2938
919
221
2977
8391810
3161
1046
2754
1038
56
2812
8392835
3064
965
2575
599
670
2698
8393860
2810
842
2291
332
933
2856
8394885
2409
721
2030
533
970
3015
8395910
2053
624
1852
496
1148
3023
8396935
1706
508
1665
247
1342
3133
8397960
1325
395
1427
276
1218
3162
8398985
1078
285
1240
266
1304
3150
8400010
883
168
1055
231
1411
3346
8401035
622
81
879
252
1324
3552
8402060
448
34
736
168
1278
3647
8403085
433
16
564
258
1262
3719
8404110
437
3
443
247
1353
3718
8405135
291
-26
349
124
1436
3771
8397952
58
-48
249
119
1291
3861
8398977
-6
-42
175
122
1083
3972
8400002
90
-31
109
97
1105
4000
8401027
91
-23
57
67
1184
3961
8402052
-3
-27
29
26
1203
3940
8403077
-38
-21
6
103
998
4052
8404102
57
-12
13
107
1042
4090
8405127
94
-8
10
58
1167
4038
8406152
40
-11
1
67
1264
3951
8407177
-49
-8
-6
52
1170
3985
8408202
-23
-11
-18
58
1071
4067
8409227
49
-14
-30
47
1096
4061
8410252
83
-18
-38
-47
1209
3961
8411277
22
-37
-38
-29
1219
4001
8412302
-33
-50
-13
16
1082
4022
8413327
34
-55
0
20
1027
4044
8406144
95
-50
6
31
1117
4063
8407169
35
-33
16
40
1182
4045
8408194
-33
-18
26
50
1108
4013
8409219
-8
-10
36
46
1096
3988
8410244
29
-5
33
29
1139
4027
8411269
-20
-3
28
37
1143
4045
8412294
-64
6
20
51
1111
4007
8413319
-5
11
16
70
1083
4006
8414344
52
0
23
49
1182
4011
8415369
8
-11
18
35
1219
4008
8416394
-32
-14
4
37
1149
4044
8417419
-17
-18
1
15
1126
4063
8418444
1
-21
-7
24
1102
4083
8419469
16
-16
-10
30
1089
4076
8420494
45
-9
-5
61
1103
4111
8421519
44
-1
7
90
1130
4094
8414335
25
6
13
77
1124
4067
8415360
23
13
16
101
1112
4067
8416385
33
21
18
77
1168
4038
8417410
15
20
16
67
1157
4013
8418435
14
11
14
60
1146
4009
8419460
22
-3
11
49
1154
4022
8420485
35
-10
9
60
1150
4009
8421510
50
-21
9
70
1167
4029
8422535
40
-25
8
91
1135
4049
8423560
39
-18
13
61
1128
4048
8424585
44
-8
17
51
1142
4029
8425610
36
0
24
67
1145
4033
8426635
32
10
29
61
1127
4051
8427660
23
26
33
49
1095
4062
8428685
26
43
43
69
1056
4090
8429710
44
66
74
153
987
4140
8422528
34
93
135
222
983
4217
8423553
-45
140
192
144
1039
4175
8424578
-145
190
231
45
999
4059
8425603
-132
204
255
21
1017
3952
8426628
-55
196
271
-72
1226
3919
8427653
-56
178
246
-153
1326
3852
8428678
-65
142
204
-154
1321
3888
8429703
-43
97
171
-97
1323
3925
8430728
-5
55
136
-56
1332
3935
8431753
9
18
105
-31
1319
4017
8432778
-12
-4
83
-6
1234
4062
8433803
-13
-13
60
17
1227
4041
8434828
-28
-19
31
41
1258
4005
8435853
-65
-24
-4
51
1255
3921
8436878
-110
-42
-49
33
1351
3838
8437903
-245
-81
-114
26
1477
3725
8430720
-464
-138
-221
1
1621
3566
8431745
-727
-221
-380
-19
1729
3352
8432770
-1009
-337
-583
-14
1898
3091
8433795
-1364
-484
-859
122
2104
2936
8434820
-1863
-632
-1205
372
2244
2899
8435845
-2519
-698
-1609
670
2019
2854
8436870
-2970
-652
-2062
940
1544
2847
8437895
-3057
-547
-2528
1157
1185
2863
8438920
-2939
-441
-2960
1328
904
2860
8439945
-2766
-350
-3349
1474
566
2850
8440970
-2618
-285
-3703
1618
228
2866
8441995
-2739
-243
-3998
1747
-45
2929
8443020
-3329
-204
-4180
1821
-357
3068
8444045
-4254
-166
-4235
1974
-900
2940
8445070
-4876
-72
-4249
2128
-1656
2458
8446095
-4914
28
-4277
2294
-2148
2085
8438913
-4795
105
-4184
2757
-2745
1977
8439938
-4951
148
-3872
3269
-3399
1923
8440963
-5250
186
-3499
3232
-3391
1729
8441988
-5552
269
-3230
2934
-3077
1708
8443013
-5657
373
-3036
3016
-3274
1530
8444038
-5065
481
-2905
3166
-3768
1077
8445063
-4062
469
-2872
3124
-3800
803
8446088
-3172
348
-2865
3141
-3732
738
8447113
-2331
278
-2863
3313
-3715
784
8448138
-1579
274
-2891
3521
-3385
874
8449163
-1220
265
-2863
3662
-3050
867
8450188
-1246
242
-2759
3700
-3025
860
8451213
-1268
206
-2627
3781
-3233
906
8452238
-1097
191
-2496
3880
-3246
977
8453263
-950
182
-2324
3911
-3096
984
8454288
-938
126
-2080
3901
-3025
936
8447105
-936
33
-1791
3896
-3051
848
8448130
-846
-54
-1480
3816
-2982
861
8449155
-751
-133
-1140
3722
-2780
901
8450180
-714
-209
-818
3662
-2676
914
8451205
-606
-274
-602
3616
-2808
867
8452230
-314
-307
-495
3673
-2888
850
8453255
-148
-277
-396
3956
-2931
1546
8454280
-699
-200
-42
4061
-3398
1902
8455305
-806
-150
199
3583
-4074
1297
8456330
58
-159
202
3430
-3322
744
8457355
608
-227
279
3594
-2482
705
8458380
721
-233
315
3591
-1966
725
8459405
650
-188
264
3546
-1345
606
8460430
419
-145
225
3482
-1071
483
8461455
104
-155
245
3443
-1395
476
8462480
103
-157
181
3429
-1662
636
8455297
381
-108
16
3568
-1417
1001
8456322
353
-49
-70
3697
-1257
1277
8457347
72
-19
-68
3698
-1460
1298
8458372
-46
-4
-67
3677
-1707
1196
8459397
-52
-2
-40
3661
-1807
1052
8460422
-58
-13
11
3612
-1841
840
8461447
-23
-28
55
3569
-1806
729
8462472
16
-33
80
3549
-1769
720
8463497
72
-26
82
3516
-1766
787
8464522
108
-9
75
3497
-1688
852
8465547
79
1
61
3495
-1686
921
8466572
18
-1
42
3516
-1788
986
8467597
3
4
16
3548
-1836
1026
8468622
-2
14
11
3551
-1842
983
8469647
-4
17
13
3529
-1795
902
8470672
3
7
18
3518
-1820
872
8463487
54
4
16
3534
-1790
891
8464512
82
6
18
3554
-1715
926
8465537
62
11
22
3534
-1654
935
8466562
20
7
26
3529
-1696
972
8467587
6
9
23
3505
-1767
1060
8468612
-16
29
23
3454
-1818
1199
8469637
-77
63
21
3423
-1943
1087
8470662
-140
63
-6
3574
-2236
988
8471687
-126
64
-46
3594
-2653
1244
8472712
-22
122
-62
3518
-2819
1328
8473737
-95
175
102
3622
-2999
919
8474762
-305
169
475
3913
-3479
711
8475787
-311
166
872
3969
-3921
848
8476812
-245
121
1288
3811
-4059
932
8477837
-245
-24
1762
3841
-3974
941
8478862
-134
-204
2168
3942
-3873
670
8471680
224
-382
2469
3965
-4143
181
8472705
1033
-543
2693
4038
-4377
-212
8473730
2253
-616
2822
4166
-4295
-272
8474755
3445
-583
2932
4207
-4049
-82
8475780
4219
-504
3055
4132
-3702
268
8476805
4701
-436
3183
4013
-3721
284
8477830
5160
-355
3312
3924
-3827
437
8478855
5405
-300
3504
3822
-3647
714
8479880
5286
-269
3740
3695
-3550
1241
8480905
4989
-221
4012
3803
-3404
1910
8481930
4773
-72
4273
3387
-3067
1920
8482955
4480
55
4457
2475
-2224
1903
8483980
3958
90
4553
1807
-1471
2474
8485005
3469
188
4634
1496
-1964
3281
8486030
3400
281
4568
1534
-2537
3390
8487055
3739
470
4363
1431
-1937
3145
8479872
4086
683
4116
1245
-1030
2873
8480897
4268
901
3862
1175
-763
2594
8481922
4477
1071
3549
981
-10
2538
8482947
4281
1168
3183
721
1169
2806
8483972
3382
1184
2873
417
1567
2806
8484997
2588
1116
2516
279
1226
2609
8486022
2188
915
2210
129
1315
2428
8487047
1898
674
1920
-40
1507
2449
8488072
1463
455
1617
-119
1544
2588
8489097
1055
244
1365
-106
1429
2749
8490122
826
58
1104
-74
1455
2902
8491147
573
-91
886
-156
1523
3035
8492172
304
-196
687
-189
1354
3265
8493197
188
-248
493
-147
1229
3563
8494222
73
-246
340
-199
1270
3649
8495247
-73
-237
217
-366
1421
3753
8488065
-222
-217
98
-265
1127
3906
8489090
-79
-182
45
-306
1055
4008
8490115
41
-165
-9
-467
1293
4100
8491140
-84
-146
-74
-508
1380
4166
8492165
-277
-101
-130
-404
1159
4226
8493190
-244
-34
-151
-398
867
4200
8494215
-37
8
-144
-490
940
4190
8495240
16
34
-129
-538
1113
4113
8496265
-74
37
-103
-504
1088
4146
8497290
-170
43
-63
-462
893
4176
8498315
-78
63
-26
-488
767
4114
8499340
70
63
2
-537
994
4098
8500365
24
52
16
-486
1065
4037
8501390
-44
41
43
-515
1039
4003
8502415
-45
20
47
-534
959
3976
8503440
-9
-1
45
-550
1058
3991
8496256
-44
-9
26
-511
1022
3979
8497281
-29
-6
11
-481
968
4011
8498306
6
-6
5
-486
985
4025
8499331
11
-12
0
-510
1061
4015
8500356
-44
-15
-8
-459
1011
4065
8501381
-65
-5
-5
-436
927
4093
8502406
-37
7
-10
-509
924
4106
8503431
-16
15
-21
-499
923
4083
8504456
-19
19
-12
-518
992
4100
8505481
-47
16
-9
-493
911
4067
8506506
-5
13
-5
-488
913
4088
8507531
2
15
-3
-507
972
4142
8508556
-52
23
-6
-496
967
4125
8509581
-66
29
-4
-475
896
4117
8510606
-16
32
2
-490
908
4112
8511631
20
25
7
-522
965
4108
8504447
-7
14
13
-513
927
4122
8505472
-7
17
19
-523
895
4111
8506497
30
15
17
-536
943
4074
8507522
33
2
16
-525
1028
4044
8508547
-32
-6
8
-518
1050
4050
8509572
-87
-10
-9
-525
974
4022
8510597
-48
-24
-34
-532
946
3951
8511622
13
-57
-54
-518
1122
3921
8512647
-13
-99
-90
-510
1262
3940
8513672
-57
-130
-154
-412
1031
4060
8514697
29
-131
-183
-387
827
4128
8515722
146
-122
-180
-501
890
4205
8516747
139
-98
-165
-402
744
4314
8517772
127
-51
-78
-424
648
4363
8518797
108
-6
15
-579
716
4333
8519822
39
32
81
-554
790
4293
8512782
-33
84
142
-524
836
4238
8513807
-42
126
177
-534
883
4122
8514832
-4
143
177
-518
1014
4006
8515857
-19
140
166
-513
1125
3930
8516882
-50
122
133
-485
1154
3873
8517907
-46
83
82
-448
1223
3823
8518932
-75
34
7
-427
1359
3733
8519957
-179
-25
-98
-392
1404
3685
8520982
-304
-90
-222
-304
1361
3659
8522007
-414
-145
-371
-163
1333
3630
8523032
-563
-193
-543
-43
1403
3516
8524057
-796
-263
-739
-50
1520
3371
8525082
-1119
-361
-985
-64
1513
3258
8526107
-1456
-444
-1277
-45
1359
3103
8527132
-1716
-511
-1605
5
1168
2960
8528157
-1865
-577
-1951
102
1011
2939
8520833
-1959
-658
-2260
124
838
2937
8521858
-2085
-758
-2559
302
739
3030
8522883
-2267
-818
-2862
659
522
3132
8523908
-2520
-827
-3087
915
116
3238
8524933
-2895
-830
-3227
953
-176
3338
8525958
-3352
-810
-3328
985
-421
3473
8526983
-3703
-711
-3381
1097
-1044
3518
8528008
-3522
-538
-3432
1199
-2025
3439
8529033
-2784
-366
-3596
1325
-2551
3398
8530058
-2333
-274
-3705
1450
-2161
3505
8531083
-2738
-246
-3628
1493
-1554
3409
8532108
-3544
-171
-3536
1664
-1729
2906
8533133
-4074
-43
-3504
2100
-2599
2389
8534158
-4253
84
-3379
2583
-3392
2138
8535183
-4483
151
-3110
2895
-3482
2070
8536208
-4712
222
-2869
2828
-3222
1852
8529023
-4722
363
-2740
2659
-3111
1613
8530048
-4261
539
-2690
2692
-3096
1391
8531073
-3552
657
-2757
2883
-2956
1191
8532098
-2999
659
-2785
3176
-3306
1011
8533123
-2602
614
-2681
3434
-3570
790
8534148
-2268
552
-2556
3477
-3281
650
8535173
-2083
429
-2447
3376
-3100
744
8536198
-1834
309
-2307
3373
-3375
930
8537223
-1244
248
-2164
3513
-3595
997
8538248
-531
203
-2103
3716
-3368
935
8539273
-51
144
-2101
3776
-3290
1056
8540298
147
90
-2059
3600
-3180
1172
8541323
143
9
-1926
3499
-2922
1183
8542348
38
-100
-1669
3538
-2784
1169
8543373
-19
-200
-1350
3626
-2752
1147
8544398
43
-283
-991
3622
-2667
1037
8537217
197
-357
-692
3537
-2355
972
8538242
236
-457
-479
3616
-2253
987
8539267
234
-516
-325
3906
-2212
1256
8540292
-442
-426
-32
4055
-2014
1768
8541317
-1473
-425
204
3938
-2935
1872
8542342
-1197
-354
359
4036
-3911
2044
8543367
-125
-161
432
3554
-3528
1466
8544392
698
-134
277
3435
-2307
1148
8545417
799
-154
204
3514
-1932
1221
8546442
672
-99
116
3471
-1699
1097
8547467
428
-26
25
3388
-1275
723
8548492
137
-27
20
3308
-1394
476
8549517
61
-61
8
3296
-1671
496
8550542
211
-78
-48
3367
-1632
749
8551567
251
-82
-78
3513
-1452
1027
8552592
95
-76
-65
3604
-1432
1185
8545408
-60
-69
-41
3663
-1628
1316
8546433
-90
-42
-21
3696
-1782
1377
8547458
-53
-14
7
3695
-1773
1296
8548483
-20
-5
28
3635
-1752
1155
8549508
-27
-10
35
3586
-1723
1021
8550533
-43
-18
37
3558
-1765
920
8551558
-21
-11
47
3506
-1736
884
8552583
-11
-1
59
3446
-1667
890
8553608
-40
-9
62
3450
-1743
961
8554633
-37
-10
34
3484
-1780
1077
8555658
-67
-1
15
3493
-1736
1137
8556683
-129
2
12
3479
-1794
1130
8557708
-143
1
5
3488
-1890
1122
8558733
-76
1
-16
3498
-1981
1134
8559758
39
14
-52
3481
-2052
1159
8560783
124
40
-96
3484
-2103
1288
8553599
102
82
-133
3454
-2204
1437
8554624
43
126
-176
3457
-2442
1426
8555649
75
167
-211
3630
-2754
1405
8556674
190
242
-139
3684
-3002
1505
8557699
383
349
38
3684
-3038
1464
8558724
496
419
249
3816
-2875
1293
8559749
272
424
475
3946
-2799
1313
8560774
-95
416
777
3856
-3105
1475
8561799
-119
406
1091
3774
-3370
1467
8562824
79
368
1354
3817
-3462
1359
8563849
246
296
1636
3977
-3443
1288
8564874
407
236
1920
4093
-3278
1043
8565899
491
188
2157
3899
-3254
834
8566924
630
85
2345
3712
-3564
573
8567949
1204
-56
2497
3717
-3805
436
8568974
2002
-188
2694
3815
-3680
384
8561792
2691
-317
2937
3926
-3560
412
8562817
3289
-453
3213
4123
-3739
359
8563842
3809
-576
3540
4347
-3800
256
8564867
4432
-684
3871
4484
-3807
128
8565892
5034
-759
4212
4631
-3864
461
8566917
5370
-662
4487
4555
-3169
1163
8567942
5357
-387
4662
3608
-2251
1556
8568967
5027
-136
4778
2638
-2033
2064
8569992
4472
19
4788
2220
-1637
2473
8571017
4063
236
4705
1901
-1315
2850
8572042
4028
451
4513
1556
-1413
2930
8573067
4372
631
4271
1392
-1135
2673
8574092
4805
862
3962
1205
-7
2645
8575117
4947
1145
3639
880
622
2755
8576142
4744
1329
3275
531
1191
2685
8577167
4265
1363
2870
280
1885
2830
8569985
3299
1269
2509
265
1981
2839
8571010
2322
1075
2240
261
1877
2703
8572035
1689
808
2020
-57
1887
2584
8573060
1299
550
1680
-174
1852
2738
8574085
910
335
1366
-61
1773
2982
8575110
531
158
1131
-63
1751
3142
8576135
274
15
880
-141
1705
3302
8577160
164
-55
620
-100
1404
3380
8578185
213
-99
433
-159
1328
3576
8579210
173
-125
282
-203
1395
3697
8580235
50
-131
167
-237
1382
3821
8581260
-33
-124
79
-206
1258
3969
8582285
-58
-84
20
-190
1093
4134
8583310
26
-19
-21
-269
1023
4052
8584335
79
4
-28
-327
1175
4074
8585360
11
17
-10
-317
1100
4031
8578176
30
13
17
-436
1201
4031
8579201
-26
-6
25
-481
1203
4049
8580226
-62
-10
13
-447
1084
4033
8581251
14
-19
14
-419
1168
4028
8582276
9
-30
14
-397
1206
4038
8583301
-26
-30
10
-414
1156
3967
8584326
-18
-37
7
-412
1208
4045
8585351
-65
-25
5
-307
1097
4027
8586376
-39
-2
0
-331
1120
3985
8587401
-49
14
-17
-351
1132
4003
8588426
-88
33
-23
-361
1066
4012
8589451
-56
43
-25
-413
1081
4021
8590476
-45
46
-26
-430
1083
3962
8591501
-65
37
-21
-481
1132
3947
8592526
-103
22
-20
-443
1077
4017
8593551
-84
20
-13
-418
1002
4036
8586369
-13
19
-8
-446
1057
4046
8587394
-28
11
-2
-452
1118
4015
8588419
-74
3
4
-449
1084
4022
8589444
-39
-11
15
-406
1002
4102
8590469
32
-15
29
-416
1052
4129
8591494
23
-12
31
-445
1167
4090
8592519
-33
-11
28
-396
1108
4081
8593544
-13
-7
33
-368
1029
4097
8594569
42
-5
35
-395
1071
4109
8595594
32
4
26
-397
1146
4079
8596619
-26
20
15
-385
1090
4040
8597644
-29
29
6
-387
1034
4001
8598669
8
24
-4
-404
1088
3999
8599694
-1
18
-10
-364
1097
4036
8600719
-20
19
-12
-378
1080
4047
8601744
-5
15
-21
-407
1065
4019
8594560
8
-2
-25
-411
1117
4008
8595585
-23
-17
-27
-406
1093
4021
8596610
-32
-23
-29
-389
1034
4030
8597635
-4
-25
-22
-433
1006
4031
8598660
28
-28
-14
-448
1025
4060
8599685
23
-28
7
-445
1051
4089
8600710
1
-22
22
-439
1032
4096
8601735
-8
-9
42
-446
1030
4096
8602760
-6
3
54
-458
1073
4112
8603785
-8
16
56
-432
1076
4094
8604810
11
29
58
-440
1103
4076
8605835
17
41
52
-423
1113
4069
8606860
18
49
45
-397
1079
4040
8607885
32
46
39
-430
1128
3979
8608910
2
34
23
-398
1176
3945
8609935
-34
24
-2
-347
1157
3923
8602752
21
15
-45
-300
1166
3846
8603777
102
-6
-108
-288
1309
3818
8604802
22
-47
-180
-274
1404
3806
8605827
-143
-84
-289
-236
1420
3735
8606852
-307
-118
-446
-165
1499
3570
8607877
-490
-160
-653
-70
1549
3354
8608902
-656
-221
-904
55
1512
3185
8609927
-835
-326
-1141
116
1554
3082
8610952
-1104
-460
-1360
130
1524
3045
8611977
-1440
-617
-1568
191
1397
2982
8613002
-1750
-769
-1765
334
1163
3065
8614027
-1901
-885
-1965
428
844
3274
8615052
-1982
-993
-2135
402
660
3558
8616077
-2239
-1103
-2271
425
541
3688
8617102
-2664
-1167
-2380
503
253
3674
8618127
-2864
-1163
-2509
664
-241
3762
8610944
-2704
-1098
-2651
724
-622
3814
8611969
-2473
-1033
-2791
659
-849
3764
8612994
-2756
-1024
-2845
539
-828
3793
8614019
-3461
-993
-2877
589
-954
3698
8615044
-3762
-843
-3023
916
-1586
3226
8616069
-3279
-583
-3195
1198
-2330
3104
8617094
-2751
-405
-3277
1282
-2354
3171
8618119
-2757
-352
-3256
1423
-1883
3108
8619144
-3169
-284
-3252
1822
-1733
2930
8620169
-3479
-135
-3283
2309
-1998
2567
8621194
-3538
61
-3241
2710
-2316
2303
8622219
-3772
181
-3116
3024
-2384
2124
8623244
-4276
234
-2965
3343
-2356
1896
8624269
-4623
323
-2834
3580
-2525
1509
8625294
-4494
470
-2709
3549
-2660
1172
8626319
-4111
502
-2615
3441
-2672
1006
8619135
-3722
392
-2557
3550
-2834
1078
8620160
-3135
304
-2516
3661
-2986
1079
8621185
-2306
272
-2450
3641
-3013
1051
8622210
-1522
220
-2365
3654
-3098
968
8623235
-999
164
-2241
3677
-3142
1010
8624260
-759
106
-2049
3631
-2967
1189
8625285
-792
20
-1826
3597
-2706
1309
8626310
-931
-79
-1579
3629
-2800
1300
8627335
-868
-154
-1360
3679
-2897
1227
8628360
-619
-217
-1190
3759
-2932
1240
8629385
-341
-245
-1036
3934
-2904
1281
8630410
-128
-256
-928
4064
-2813
1307
8631435
-64
-219
-838
3764
-2736
1397
8632460
-163
-186
-758
3588
-2496
1407
8633485
-372
-175
-648
3586
-2427
1287
8634510
-478
-172
-534
3532
-2520
1184
8627329
-421
-183
-445
3481
-2561
1071
8628354
-239
-223
-338
3483
-2527
971
8629379
-25
-262
-209
3549
-2274
1032
8630404
-186
-292
2
3559
-2077
1160
8631429
-433
-344
185
3420
-2351
1125
8632454
-58
-346
268
3449
-2325
1239
8633479
288
-275
322
3406
-1871
1383
8634504
328
-244
296
3509
-1651
1360
8635529
366
-210
173
3783
-1677
1311
8636554
408
-121
16
3923
-1623
1196
8637579
249
-32
-90
3761
-1486
989
8638604
-3
-24
-110
3683
-1610
734
8639629
-73
-42
-74
3662
-1812
644
8640654
70
-62
-32
3609
-1870
715
8641679
319
-76
-10
3596
-1734
876
8642704
469
-72
15
3606
-1465
1098
8635521
362
-63
53
3573
-1255
1163
8636546
146
-65
77
3536
-1308
1097
8637571
0
-77
76
3536
-1559
1047
8638596
-8
-68
55
3553
-1659
1070
8639621
-20
-51
56
3557
-1651
1003
8640646
-48
-43
62
3562
-1705
911
8641671
-55
-43
60
3569
-1766
906
8642696
-28
-41
48
3566
-1796
935
8643721
34
-35
29
3589
-1764
969
8644746
77
-25
14
3599
-1701
984
8645771
76
-14
2
3573
-1637
994
8646796
34
-13
0
3552
-1635
981
8647821
23
-11
-6
3548
-1661
956
8648846
51
-9
-17
3556
-1664
949
8649871
86
-4
-25
3569
-1657
975
8650896
78
3
-24
3566
-1617
977
8643711
29
6
-16
3554
-1595
970
8644736
-10
4
-12
3575
-1621
961
8645761
-9
5
-8
3601
-1634
965
8646786
2
8
-8
3590
-1616
985
8647811
5
10
-5
3577
-1588
999
8648836
-10
9
3
3587
-1589
988
8649861
-27
6
5
3605
-1608
995
8650886
-33
7
2
3573
-1623
1004
8651911
-38
3
1
3546
-1642
1013
8652936
-39
4
4
3569
-1655
1010
8653961
-33
9
5
3600
-1641
978
8654986
-40
11
5
3571
-1664
1003
8656011
-40
9
4
3542
-1692
1067
8657036
-33
12
6
3549
-1695
1079
8658061
-23
20
9
3586
-1684
1049
8659086
-21
26
5
3620
-1692
1053
8651942
-18
38
-8
3584
-1810
1163
8652967
31
62
-39
3541
-2118
1326
8653992
133
101
-71
3619
-2503
1498
8655017
119
148
-48
3660
-2912
1400
8656042
71
222
37
3686
-3037
1093
8657067
-15
323
283
3704
-3324
1008
8658092
-268
356
682
3806
-3681
1175
8659117
-411
309
1155
4027
-3595
1238
8660142
-273
222
1674
4074
-3929
1021
8661167
292
95
2087
4159
-4255
745
8662192
1203
-44
2379
4355
-4087
570
8663217
1988
-104
2612
4437
-3723
634
8664242
2517
-121
2797
4523
-3509
623
8665267
3085
-126
2943
4646
-3443
506
8666292
3700
-108
2991
4795
-3213
528
8667317
4090
-88
3034
4834
-2981
862
8660096
3957
-24
3247
4407
-2688
1133
8661121
3321
-3
3601
4075
-2775
1312
8662146
2834
-30
4018
3835
-3537
1358
8663171
3015
-121
4277
3380
-3715
1345
8664196
3474
-211
4417
2796
-3403
1470
8665221
3834
-205
4444
2310
-2823
1653
8666246
4077
-86
4440
2033
-2185
2041
8667271
4125
123
4475
1415
-1617
2334
8668296
4196
299
4397
778
-1700
2809
8669321
4286
402
4202
602
-1820
2988
8670346
4446
513
3862
721
-1051
2740
8671371
4485
661
3544
562
-52
2394
8672396
4346
769
3215
306
391
2418
8673421
4142
819
2827
377
323
2566
8674446
3947
755
2501
423
823
2957
8675471
3320
642
2260
349
1451
3098
8668287
2446
527
2026
187
1520
2946
8669312
1789
360
1772
104
1281
2839
8670337
1477
167
1516
70
1137
2844
8671362
1400
-3
1274
64
1196
3120
8672387
1201
-106
1023
133
1398
3329
8673412
856
-160
807
79
1539
3390
8674437
528
-198
617
-26
1305
3358
8675462
444
-238
450
-12
1157
3493
8676487
384
-255
338
25
1223
3741
8677512
208
-231
258
11
1239
3902
8678537
57
-187
174
22
1192
3925
8679562
31
-138
117
23
1081
3932
8680587
116
-99
82
-72
1200
3991
8681612
149
-85
51
-124
1345
4063
8682637
18
-87
41
-111
1341
4105
8683662
-98
-71
34
-125
1168
4089
8676480
-69
-57
28
-170
1166
4070
8677505
-32
-39
8
-166
1128
4004
8678530
36
-45
9
-137
1133
4035
8679555
50
-41
17
-99
1127
4143
8680580
21
-15
18
-139
1164
4068
8681605
-13
0
14
-149
1168
4067
8682630
-11
4
24
-138
1138
4051
8683655
12
3
34
-155
1140
4040
8684680
42
8
31
-154
1116
4029
8685705
83
10
30
-193
1173
4010
8686730
48
7
23
-188
1211
3982
8687755
-36
6
24
-201
1206
3941
8688780
-63
2
15
-187
1080
3972
8689805
16
-2
19
-158
1057
4031
8690830
68
-6
21
-167
1156
4019
8691855
10
-7
21
-158
1210
3990
8684672
-62
-11
30
-173
1178
4012
8685697
-50
-24
30
-129
1060
4086
8686722
35
-31
32
-115
1081
4048
8687747
59
-30
37
-168
1198
4037
8688772
-11
-35
36
-182
1212
4040
8689797
-51
-46
40
-149
1100
4028
8690822
13
-61
46
-118
1122
4023
8691847
23
-62
39
-122
1201
4020
8692872
-43
-50
18
-127
1179
4030
8693897
-67
-31
-1
-124
1108
4002
8694922
-10
-25
-7
-126
1137
4010
8695947
-2
-22
-12
-106
1156
4031
8696972
-43
-14
-11
-153
1147
4054
8697997
-52
-6
-18
-173
1084
4072
8699022
-6
2
-19
-164
1053
4053
8700047
43
7
-12
-166
1103
4040
8692864
37
9
-1
-176
1143
4032
8693889
5
3
12
-182
1143
4059
8694914
-4
-2
19
-161
1116
4068
8695939
23
7
16
-140
1129
4077
8696964
43
14
12
-152
1210
4070
8697989
4
6
17
-160
1222
4078
8699014
-40
2
21
-125
1150
4083
8700039
-15
5
21
-117
1130
4101
8701064
42
3
17
-93
1138
4107
8702089
83
4
21
-89
1149
4090
8703114
67
5
30
-114
1196
4066
8704139
28
8
26
-115
1170
4037
8705164
19
14
20
-123
1111
4016
8706189
33
16
13
-144
1136
3978
8707214
33
16
-8
-147
1192
3914
8708239
6
8
-25
-136
1233
3868
8701057
-57
-8
-43
-136
1244
3817
8702082
-116
-25
-73
-122
1207
3748
8703107
-144
-46
-114
-118
1221
3663
8704132
-221
-82
-160
-146
1297
3564
8705157
-398
-139
-241
-155
1359
3369
8706182
-616
-212
-382
-108
1398
3133
8707207
-801
-297
-586
-13
1430
2912
8708232
-941
-415
-802
101
1510
2838
8709257
-1124
-576
-1019
221
1536
2809
8710282
-1359
-775
-1234
304
1562
2837
8711307
-1624
-985
-1466
433
1623
2947
8712332
-1891
-1145
-1741
678
1436
3078
8713357
-1996
-1218
-2044
872
1047
3252
8714382
-1940
-1234
-2350
926
866
3562
8715407
-2091
-1260
-2641
1036
930
3748
8716432
-2803
-1270
-2873
1142
895
3621
8709247
-3691
-1177
-3079
1242
430
3317
8710272
-4090
-967
-3292
1428
-437
3169
8711297
-3931
-716
-3511
1827
-1293
3276
8712322
-3820
-478
-3653
2234
-1612
3311
8713347
-4153
-277
-3603
2336
-1456
3118
8714372
-4783
-131
-3488
2231
-1490
2566
8715397
-5259
12
-3446
2333
-2000
2013
8716422
-5521
127
-3285
2703
-2669
1895
8717447
-5912
183
-3007
3047
-2626
1800
8718472
-6370
242
-2824
3158
-2421
1391
8719497
-6539
323
-2736
3219
-2824
1121
8720522
-5922
432
-2746
3306
-3331
909
8721547
-4734
529
-2868
3444
-3307
528
8722572
-3595
521
-3007
3565
-3554
88
8723597
-2477
442
-3165
3756
-4247
390
8724622
-1022
432
-3354
3795
-4256
891
8717440
-12
410
-3329
3887
-3404
1073
8718465
173
374
-2943
4022
-2845
1052
8719490
-269
294
-2516
4018
-2791
1344
8720515
-922
173
-2030
3844
-3172
1527
8721540
-1234
58
-1525
3668
-3245
1488
8722565
-1225
-68
-1165
3838
-3068
1333
8723590
-1085
-147
-877
3825
-3216
1128
8724615
-826
-156
-649
3555
-3145
1033
8725640
-610
-173
-470
3487
-2970
1083
8726665
-441
-194
-320
3650
-2706
1067
8727690
-320
-188
-217
3668
-2427
992
8728715
-306
-196
-159
3557
-2389
973
8729740
-330
-203
-106
3591
-2528
1062
8730765
-492
-175
22
3589
-2658
1103
8731790
-505
-170
85
3575
-2793
948
8732815
-177
-162
125
3552
-2793
895
8725736
70
-172
190
3492
-2600
863
8726761
194
-195
219
3494
-2267
834
8727786
300
-185
192
3507
-1887
756
8728811
314
-166
147
3526
-1715
722
8729836
237
-145
90
3508
-1681
768
8730861
188
-102
22
3529
-1620
894
8731886
117
-55
-6
3526
-1564
879
8732911
-4
-48
1
3528
-1680
872
8733936
-86
-72
8
3628
-1943
969
8734961
-48
-63
11
3671
-2012
1038
8735986
-17
-39
26
3560
-1897
994
8737011
-54
-47
43
3498
-1885
924
8738036
-33
-62
36
3568
-1950
880
8739061
52
-43
20
3515
-1917
863
8740086
71
-31
19
3444
-1824
835
8741111
17
-30
33
3443
-1780
764
8733824
0
-37
31
3475
-1857
720
8734849
70
-35
9
3453
-1938
761
8735874
132
-28
-6
3417
-1927
869
8736899
120
-23
-12
3430
-1875
912
8737924
70
-24
-3
3470
-1885
898
8738949
50
-29
6
3454
-1898
895
8739974
73
-35
9
3447
-1857
933
8740999
58
-36
28
3507
-1777
934
8742024
-1
-33
43
3506
-1749
874
8743049
-50
-40
42
3493
-1825
863
8744074
-49
-42
36
3505
-1893
891
8745099
-37
-43
44
3497
-1897
897
8746124
-36
-51
54
3490
-1885
874
8747149
-7
-57
61
3499
-1901
839
8748174
44
-60
50
3547
-1927
812
8749199
91
-47
24
3535
-1918
821
8742017
77
-35
7
3466
-1904
796
8743042
39
-40
3
3464
-1947
775
8744067
56
-44
-11
3566
-2025
830
8745092
76
-26
-26
3536
-2024
953
8746117
-15
-25
-48
3441
-2176
1128
8747142
-186
-20
-92
3530
-2465
1224
8748167
-363
60
-128
3720
-2840
1446
8749192
-597
233
9
3512
-3385
1291
8750217
-920
342
436
3495
-3975
752
8751242
-906
301
930
4073
-4587
501
8752267
-367
179
1471
4092
-5095
116
8753292
501
-25
1974
4085
-4958
-9
8754317
1228
-183
2424
4289
-4607
-56
8755342
1714
-263
2772
4252
-4714
-105
8756367
2394
-352
3075
4346
-4864
16
8757392
3386
-430
3296
4585
-4590
19
8750208
4405
-470
3448
4806
-4156
-55
8751233
5046
-446
3674
4791
-3677
-66
8752258
5142
-402
4044
4620
-3683
-32
8753283
5147
-416
4335
4278
-3493
65
8754308
5209
-458
4585
3579
-3287
733
8755333
5447
-413
4762
3087
-3177
1660
8756358
6015
-103
4702
2576
-2336
2108
8757383
6551
396
4580
1743
-2007
2006
8758408
6980
713
4422
1374
-2049
2022
8759433
6841
832
4195
1732
-584
2029
8760458
6002
1083
3951
1297
810
2341
8761483
4859
1247
3706
807
642
2667
8762508
3896
1186
3406
823
853
2541
8763533
3264
1100
3084
623
1127
2526
8764558
2743
960
2732
535
1231
2516
8765583
2253
791
2406
472
1532
2541
8758399
1755
618
2104
367
1718
2768
8759424
1250
454
1817
476
1493
2963
8760449
988
295
1585
447
1482
2984
8761474
800
132
1353
257
1669
3074
8762499
528
-9
1127
312
1557
3285
8763524
396
-101
931
343
1426
3402
8764549
428
-167
742
247
1398
3560
8765574
447
-206
570
227
1346
3622
8766599
413
-237
436
229
1393
3702
8767624
281
-251
338
225
1336
3758
8768649
188
-254
270
171
1256
3739
8769674
144
-261
238
153
1179
3901
8770699
136
-234
213
159
1155
4012
8771724
133
-174
180
74
1202
4033
8772749
96
-116
149
-27
1262
3944
8773774
55
-83
138
-105
1312
3923
8766592
9
-64
134
-38
1237
3974
8767617
14
-30
130
-47
1303
3980
8768642
-12
10
98
-66
1383
3928
8769667
-84
37
75
-8
1375
3869
8770692
-106
47
66
21
1325
3864
8771717
-81
46
52
47
1298
3915
8772742
-74
43
49
68
1315
3949
8773767
-100
32
57
15
1366
3923
8774792
-115
10
55
32
1292
3946
8775817
-59
-10
53
97
1209
3969
8776842
2
-22
57
25
1323
3976
8777867
-30
-32
41
14
1342
3974
8778892
-45
-33
14
107
1241
3998
8779917
-12
-28
2
134
1248
3971
8780942
-3
-27
-10
120
1272
3969
8781967
-40
-34
-14
139
1245
3987
8774784
-49
-37
-21
124
1259
3997
8775809
-38
-42
-45
111
1236
3953
8776834
8
-62
-56
82
1226
3917
8777859
36
-93
-48
25
1271
3889
8778884
21
-133
-39
7
1221
3894
8779909
21
-163
-30
76
1187
3969
8780934
29
-169
-26
84
1213
3996
8781959
32
-163
-27
128
1157
4010
8782984
39
-152
-13
133
1171
4020
8784009
8
-130
-5
150
1210
4039
8785034
-26
-97
-4
215
1172
4064
8786059
-41
-59
4
204
1170
4060
8787084
-50
-33
-2
185
1223
4011
8788109
-65
-16
-16
223
1273
4002
8789134
-96
-3
-19
193
1279
3984
8790159
-100
-7
-27
136
1286
3966
8782976
-79
-26
-45
128
1268
3956
8784001
-39
-47
-49
94
1259
3995
8785026
-6
-70
-59
111
1257
4000
8786051
7
-86
-63
132
1244
3998
8787076
10
-93
-61
162
1191
4052
8788101
13
-85
-57
194
1150
4097
8789126
25
-65
-46
178
1144
4062
8790151
25
-50
-28
194
1160
4047
8791176
-7
-39
-10
201
1217
4040
8792201
-52
-24
-11
185
1223
4014
8793226
-65
-14
-9
172
1220
3988
8794251
-56
-20
-6
169
1233
3980
8795276
-42
-24
-17
221
1212
3990
8796301
-15
-29
-23
201
1213
3996
8797326
-26
-30
-26
196
1180
4014
8798351
-53
-34
-9
184
1194
4000
8791169
-65
-34
-3
196
1159
3997
8792194
-35
-33
-3
227
1139
4003
8793219
-18
-33
-7
208
1216
3986
8794244
-63
-25
-27
243
1231
3950
8795269
-98
-16
-49
265
1216
3929
8796294
-118
-16
-76
274
1242
3873
8797319
-154
-26
-108
222
1311
3774
8798344
-234
-46
-148
151
1316
3708
8799369
-305
-81
-200
118
1270
3688
8800394
-347
-120
-276
193
1212
3684
8801419
-373
-149
-345
278
1164
3705
8802444
-464
-174
-391
291
1134
3742
8803469
-649
-219
-418
242
1131
3733
8804494
-869
-288
-437
204
1058
3703
8805519
-971
-362
-486
203
969
3663
8806544
-968
-429
-590
225
977
3556
8799361
-995
-488
-734
254
1035
3409
8800386
-1164
-554
-919
298
1078
3274
8801411
-1486
-635
-1110
397
1072
3220
8802436
-1922
-702
-1317
592
902
3099
8803461
-2350
-740
-1516
665
660
3047
8804486
-2658
-772
-1693
673
545
3262
8805511
-2835
-778
-1890
837
313
3369
8806536
-2797
-752
-2099
1015
-99
3299
8807561
-2584
-738
-2306
1184
-220
3297
8808586
-2528
-717
-2514
1333
-160
3308
8809611
-2649
-699
-2690
1547
-351
3375
8810636
-2878
-721
-2845
1911
-461
3443
8811661
-3417
-706
-2903
2335
-475
3422
8812686
-3889
-539
-2929
2563
-1007
3152
8813711
-3765
-354
-3018
2563
-1581
2964
8814736
-3414
-282
-3106
2637
-1756
3124
8807553
-3464
-280
-3117
2872
-1558
3288
8808578
-4063
-213
-3072
3155
-1458
3109
8809603
-4726
8
-2977
3356
-1869
2682
8810628
-4941
292
-2846
3230
-2516
2130
8811653
-4785
473
-2773
3200
-2931
1863
8812678
-4670
523
-2680
3396
-2568
1840
8813703
-4883
493
-2532
3405
-2306
1516
8814728
-5004
469
-2413
3317
-2772
1030
8815753
-4320
459
-2464
3398
-3314
599
8816778
-2981
416
-2611
3567
-3401
488
8817803
-1660
363
-2708
3651
-3409
495
8818828
-640
283
-2675
3800
-3410
657
8819853
-5
166
-2509
3966
-2870
795
8820878
-86
40
-2215
3735
-2329
752
8821903
-655
-121
-1839
3612
-2332
734
8822928
-1001
-237
-1500
3841
-2659
737
8815745
-830
-242
-1231
3796
-2826
770
8816770
-568
-255
-1025
3519
-2669
824
8817795
-482
-335
-851
3474
-2590
984
8818820
-463
-360
-621
3751
-2436
1401
8819845
-1286
-252
-184
3824
-2214
1849
8820870
-2294
-305
168
4030
-3380
1581
8821895
-1801
-271
362
3990
-4873
1506
8822920
-336
-171
461
3497
-4470
1178
8823945
851
-188
316
3421
-2664
1055
8824970
1187
-206
263
3460
-1696
1134
8825995
983
-167
239
3284
-1249
971
8827020
714
-174
177
3231
-1223
710
8828045
540
-188
151
3208
-1401
716
8829070
556
-198
112
3350
-1355
861
8830095
544
-186
83
3564
-1213
1069
8831120
327
-167
103
3700
-1261
1294
8823936
-37
-154
167
3795
-1446
1373
8824961
-312
-143
221
3791
-1683
1210
8825986
-343
-143
220
3793
-1965
929
8827011
-157
-125
174
3740
-2163
717
8828036
112
-88
104
3677
-2222
616
8829061
254
-49
56
3608
-2195
630
8830086
236
-17
-8
3590
-2022
778
8831111
117
14
-60
3528
-1846
964
8832136
-23
21
-63
3434
-1865
1068
8833161
-19
22
-66
3453
-1897
1087
8834186
100
31
-71
3510
-1746
1089
8835211
161
35
-64
3520
-1600
1061
8836236
96
25
-37
3498
-1570
1008
8837261
13
10
-6
3496
-1674
982
8838286
-8
5
10
3503
-1759
995
8839311
2
11
12
3504
-1841
1001
8832129
31
15
3
3511
-1884
1021
8833154
43
18
-10
3503
-1905
1068
8834179
65
21
-29
3452
-1968
1152
8835204
117
26
-57
3435
-2010
1189
8836229
160
42
-92
3532
-2009
1252
8837254
140
67
-123
3545
-2182
1456
8838279
87
98
-171
3628
-2470
1680
8839304
61
182
-148
3794
-2832
1802
8840329
-61
321
79
3782
-3080
1462
8841354
-312
383
445
3848
-3110
883
8842379
-414
340
918
4134
-3692
821
8843404
-426
303
1474
4064
-4084
1064
8844429
-571
169
1968
4005
-3700
870
8845454
-499
-63
2402
4065
-3818
373
8846479
252
-251
2767
4099
-4336
62
8847504
1495
-348
2954
4175
-4381
89
8840320
2785
-376
2983
4149
-4043
304
8841345
3792
-382
2986
4091
-3700
532
8842370
4484
-369
3099
4221
-3941
850
8843395
5234
-294
3331
4462
-4148
796
8844420
6074
-70
3620
4402
-3708
778
8845445
6292
157
3934
3758
-3232
996
8846470
5882
186
4192
3332
-2985
1283
8847495
5257
165
4310
3078
-1791
1646
8848520
4605
345
4443
2349
-1372
2328
8849545
4305
529
4526
1632
-2080
2850
8850570
4374
629
4490
1634
-2150
2782
8851595
4490
822
4327
1549
-1307
2528
8852620
4513
1012
4068
1146
-368
2464
8853645
4234
1128
3813
1009
128
2585
8854670
3659
1192
3609
871
742
2621
8855695
2926
1158
3362
425
1432
2660
8848511
2098
1027
3028
146
1540
2724
8849536
1503
836
2660
220
1228
2780
8850561
1298
621
2326
235
1223
2876
8851586
1184
439
1979
77
1293
3143
8852611
960
294
1611
50
1352
3265
8853636
665
168
1268
27
1577
3308
8854661
380
66
959
20
1258
3435
8855686
384
-17
709
65
772
3721
8856711
504
-51
512
85
826
3913
8857736
348
-54
356
-79
1203
3884
8858761
-10
-68
239
-139
968
3971
8859786
-131
-90
167
0
502
4130
8860811
43
-61
118
-38
424
4131
8861836
195
-25
59
-175
663
4054
8862861
104
-32
28
-206
800
3975
8863886
-50
-65
25
-188
746
4008
8856704
-166
-75
22
-118
440
4140
8857729
-58
-47
28
-219
335
4079
8858754
88
-37
13
-319
642
4062
8859779
-19
-33
7
-236
671
4067
8860804
-138
-27
19
-194
598
4084
8861829
-212
-25
22
-262
642
4110
8862854
-256
-16
11
-276
478
4102
8863879
-116
-1
2
-270
402
4147
8864904
11
-1
16
-305
561
4197
8865929
-21
-6
25
-327
680
4199
8866954
-124
-13
21
-266
561
4215
8867979
-145
-15
33
-246
523
4218
8869004
-115
-3
35
-281
501
4234
8870029
-47
4
22
-263
488
4247
8871054
4
5
25
-271
585
4247
8872079
-7
9
19
-271
611
4251
8864897
-34
13
7
-227
553
4235
8865922
-45
25
5
-233
524
4232
8866947
-51
33
6
-229
522
4199
8867972
-60
32
13
-222
484
4197
8868997
-72
30
30
-273
480
4189
8870022
-80
23
37
-310
497
4159
8871047
-97
11
39
-297
454
4184
8872072
-66
9
37
-277
392
4124
8873097
32
6
32
-276
448
4138
8874122
37
-4
30
-290
561
4121
8875147
-27
-17
23
-295
532
4155
8876172
-37
-22
11
-216
445
4172
8877197
-3
-11
8
-239
482
4210
8878222
-22
2
-1
-253
524
4203
8879247
-51
15
-7
-244
483
4217
8880272
-41
16
5
-283
441
4251
8873088
-1
9
10
-274
433
4261
8874113
11
19
14
-286
513
4248
8875138
-37
29
15
-306
517
4211
8876163
-55
24
19
-324
472
4198
8877188
-21
16
16
-305
423
4213
8878213
22
19
16
-300
470
4201
8879238
16
20
11
-318
517
4188
8880263
-16
12
10
-297
456
4172
8881288
-9
10
14
-281
412
4155
8882313
16
16
19
-286
415
4160
8883338
19
18
23
-305
469
4164
8884363
-13
20
26
-308
471
4150
8885388
-25
16
25
-302
498
4132
8886413
-43
7
16
-309
548
4121
8887438
-88
-4
-11
-287
580
4080
8888463
-126
-14
-54
-281
616
4023
8881280
-180
-35
-112
-290
658
3943
8882305
-272
-76
-197
-315
753
3804
8883330
-424
-125
-335
-378
925
3568
8884355
-615
-185
-559
-427
1012
3144
8885380
-783
-266
-821
-426
1045
2883
8886405
-956
-415
-1080
-335
1123
2857
8887430
-1131
-576
-1355
-141
1132
2958
8888455
-1312
-720
-1624
64
1077
3023
8889480
-1490
-833
-1911
251
1006
3075
8890505
-1642
-891
-2261
488
846
3196
8891530
-1685
-880
-2648
825
635
3359
8892555
-1668
-828
-3020
1147
476
3543
8893580
-1891
-775
-3318
1469
381
3716
8894605
-2445
-705
-3528
1839
-30
3746
8895630
-3043
-614
-3616
1979
-402
3592
8896655
-3361
-504
-3707
2069
-714
3603
8889473
-3546
-305
-3834
2540
-1213
3617
8890498
-3823
-96
-3847
2702
-1443
3205
8891523
-4191
50
-3789
2501
-1551
2789
8892548
-4747
144
-3717
2794
-1994
2710
8893573
-5285
294
-3531
3052
-2511
2555
8894598
-5639
470
-3314
2986
-2663
2284
8895623
-5917
599
-3160
3103
-2716
1955
8896648
-5867
729
-3054
3092
-3040
1281
8897673
-5252
793
-3016
2864
-3490
845
8898698
-4223
716
-3138
2861
-3568
702
8899723
-2998
593
-3363
3129
-3555
676
8900748
-1758
476
-3561
3513
-3574
577
8901773
-729
350
-3650
3821
-3294
483
8902798
-125
182
-3619
4044
-3021
426
8903823
113
13
-3438
4237
-3119
697
8904848
205
-67
-3088
4239
-3185
975
8897664
81
-103
-2624
3992
-2822
1038
8898689
-485
-192
-2110
3841
-2320
1101
8899714
-1295
-280
-1608
3856
-2428
1105
8900739
-1623
-316
-1146
3818
-2928
992
8901764
-1231
-332
-792
3719
-3072
1025
8902789
-606
-347
-577
3738
-2915
1070
8903814
-137
-356
-429
3801
-2915
1268
8904839
-369
-320
-165
3950
-2695
1918
8905864
-1415
-274
144
3945
-2630
1913
8906889
-1416
-241
216
3795
-3546
1673
8907914
-429
-181
381
3405
-3825
1354
8908939
596
-173
327
3417
-2725
1204
8909964
1026
-173
280
3506
-1920
1168
8910989
1063
-153
245
3380
-1574
901
8912014
969
-141
155
3227
-1240
729
8913039
760
-174
117
3252
-1203
739
8905856
693
-202
52
3444
-1267
865
8906881
763
-200
-40
3657
-1257
1097
8907906
719
-171
-81
3790
-1209
1386
8908931
465
-138
-56
3887
-1226
1473
8909956
169
-116
-13
3903
-1397
1318
8910981
-7
-103
31
3758
-1613
1135
8912006
-40
-103
64
3592
-1759
1020
8913031
61
-103
70
3567
-1802
982
8914056
217
-70
67
3567
-1678
1035
8915081
249
-25
69
3520
-1483
1099
8916106
131
-6
65
3469
-1433
1131
8917131
0
-4
49
3471
-1525
1190
8918156
-53
-1
22
3513
-1590
1253
8919181
-52
6
8
3560
-1593
1266
8920206
-42
9
6
3562
-1592
1213
8921231
-22
2
1
3570
-1641
1162
8914048
22
0
-5
3586
-1610
1133
8915073
40
4
-4
3573
-1542
1138
8916098
17
9
1
3556
-1520
1144
8917123
-23
10
0
3549
-1534
1171
8918148
-48
15
-3
3559
-1562
1213
8919173
-61
27
4
3535
-1539
1222
8920198
-91
32
14
3521
-1537
1185
8921223
-111
30
19
3539
-1593
1151
8922248
-92
26
13
3556
-1632
1145
8923273
-48
17
11
3555
-1626
1168
8924298
12
12
-2
3555
-1625
1196
8925323
55
22
-19
3574
-1554
1204
8926348
27
18
-51
3590
-1555
1177
8927373
35
9
-87
3610
-1828
1156
8928398
160
20
-117
3697
-2007
1125
8929423
318
71
-163
3695
-1729
1242
8922240
413
99
-209
3595
-1714
1364
8923265
558
111
-158
3564
-2343
1554
8924290
858
140
-11
3654
-2815
1879
8925315
911
190
316
3899
-2870
2037
8926340
533
308
761
4027
-2648
1910
8927365
-91
489
1190
3962
-2847
2018
8928390
-1027
541
1675
3957
-3488
1941
8929415
-1590
457
2125
3964
-3980
1339
8930440
-1175
329
2426
3916
-4196
955
8931465
-81
186
2612
3878
-4195
665
8932490
1187
41
2711
3873
-4066
602
8933515
2303
-76
2809
3913
-3880
613
8934540
3109
-156
2931
3992
-3625
602
8935565
3620
-216
3084
4134
-3376
441
8936590
4067
-230
3278
4080
-3504
300
8937615
4369
-304
3509
3893
-3265
503
8930432
4300
-442
3742
3610
-2885
1130
8931457
4121
-515
3943
3295
-2953
1608
8932482
4233
-486
4095
3057
-3071
1925
8933507
4664
-287
4131
2607
-2953
2067
8934532
4943
-46
4091
2023
-2594
2217
8935557
5073
196
3945
1844
-1999
2579
8936582
5027
484
3782
1972
-1432
2939
8937607
4772
776
3677
1964
-961
3006
8938632
4330
970
3572
1528
-338
2698
8939657
3789
1033
3408
1057
-56
2651
8940682
3311
991
3230
927
105
2701
8941707
2922
899
3002
819
829
2850
8942732
2323
819
2748
644
1202
3031
8943757
1793
751
2478
508
1103
3030
8944782
1557
639
2147
425
1070
2907
8945807
1370
475
1838
292
999
2841
8938689
1229
276
1579
238
1139
3147
8939714
949
145
1313
341
1164
3485
8940739
646
92
1070
317
1038
3568
8941764
423
48
862
198
1029
3541
8942789
260
-9
693
95
961
3653
8943814
169
-67
542
161
736
3804
8944839
182
-89
424
146
747
3889
8945864
138
-89
317
81
815
4068
8946889
16
-72
235
73
802
4137
8947914
-92
-54
165
12
825
4103
8948939
-183
-42
90
29
697
4107
8949964
-101
-18
30
104
444
4185
8950989
44
1
24
110
430
4326
8952014
19
20
47
13
637
4245
8953039
-161
27
58
-38
705
4206
8954064
-385
9
89
-33
547
4255
8946816
-481
-8
121
-90
403
4276
8947841
-354
9
89
-44
212
4204
8948866
-23
37
59
-79
294
4148
8949891
159
29
57
-153
532
4154
8950916
81
-7
63
-150
641
4169
8951941
-42
-23
53
-61
518
4205
8952966
-19
-12
33
-34
382
4213
8953991
84
-5
22
-98
422
4190
8955016
108
-13
18
-88
504
4212
8956041
40
-17
21
-36
500
4207
8957066
-6
-4
20
-43
424
4201
8958091
15
6
16
-102
371
4206
8959116
72
9
13
-61
419
4225
8960141
71
23
21
-12
448
4208
8961166
39
37
36
-65
491
4163
8962191
-22
30
32
-98
519
4144
8955007
-62
19
24
-83
491
4147
8956032
-41
14
12
-50
415
4170
8957057
22
8
1
-50
464
4137
8958082
30
-6
-9
-98
542
4128
8959107
-27
-21
-15
-93
526
4138
8960132
-52
-34
-14
-76
495
4164
8961157
-31
-41
-24
-46
428
4246
8962182
16
-41
-28
-44
427
4249
8963207
50
-33
-31
-44
481
4233
8964232
6
-26
-19
-63
490
4223
8965257
-31
-18
-17
-54
404
4270
8966282
-5
0
-13
-59
390
4280
8967307
36
17
-2
-89
447
4239
8968332
34
22
8
-101
507
4224
8969357
15
23
16
-87
504
4222
8970382
12
24
25
-111
474
4206
8963199
35
19
18
-112
492
4201
8964224
45
12
12
-108
513
4199
8965249
27
8
17
-105
541
4176
8966274
-2
-2
16
-89
538
4197
8967299
-14
-15
11
-73
481
4191
8968324
19
-13
3
-84
484
4182
8969349
31
-11
-1
-72
525
4198
8970374
-10
-12
1
-28
471
4216
8971399
-20
-13
7
-25
397
4189
8972424
33
-3
10
-56
429
4197
8973449
48
2
16
-73
517
4191
8974474
-7
-2
23
-80
529
4192
8975499
-38
-3
21
-82
475
4181
8976524
6
-5
11
-84
481
4176
8977549
43
-5
3
-108
566
4176
8978574
24
-6
-8
-105
580
4164
8971392
-9
-11
-21
-110
577
4170
8972417
-17
-5
-35
-98
517
4177
8973442
20
6
-39
-101
492
4171
8974467
59
0
-39
-105
549
4178
8975492
22
-6
-44
-61
560
4191
8976517
-42
-2
-41
-29
506
4164
8977542
-59
2
-52
-30
506
4122
8978567
-69
2
-80
-33
576
4081
8979592
-120
-4
-124
-36
650
4005
8980617
-201
-12
-194
-47
721
3891
8981642
-284
-36
-305
-50
808
3719
8982667
-354
-64
-491
-21
962
3527
8983692
-483
-104
-747
61
1135
3350
8984717
-720
-175
-1045
196
1293
3249
8985742
-1026
-267
-1364
394
1347
3223
8986767
-1325
-359
-1671
506
1323
3221
8979584
-1601
-441
-1987
603
1201
3187
8980609
-1828
-486
-2313
690
1017
3201
8981634
-2015
-473
-2665
824
725
3270
8982659
-2229
-420
-2999
946
347
3335
8983684
-2538
-379
-3258
1019
146
3306
8984709
-2921
-339
-3455
1185
-188
3257
8985734
-3359
-291
-3579
1512
-612
3152
8986759
-3804
-213
-3629
1670
-954
3033
8987784
-4146
-114
-3670
1935
-1645
2971
8988809
-4299
-32
-3651
2148
-2134
2786
8989834
-4321
6
-3566
2056
-2218
2614
8990859
-4375
-11
-3505
2007
-2420
2386
8991884
-4448
-51
-3462
2359
-2950
2327
8992909
-4516
-77
-3356
2741
-2991
2221
8993934
-4665
-43
-3218
2925
-2874
2064
8994959
-4866
70
-3068
3067
-3180
1662
8987776
-4764
257
-2913
3170
-3612
1286
8988801
-4315
420
-2808
3245
-3937
929
8989826
-3633
530
-2762
3190
-3993
629
8990851
-2822
581
-2759
3120
-3800
579
8991876
-2111
532
-2757
3229
-3675
580
8992901
-1540
431
-2731
3413
-3683
635
8993926
-1126
339
-2674
3619
-3556
798
8994951
-991
314
-2500
3715
-3351
776
8995976
-1101
300
-2233
3632
-3217
568
8997001
-1185
217
-2000
3586
-3115
383
8998026
-961
126
-1782
3605
-3285
508
8999051
-487
69
-1504
3569
-3320
688
9000076
-147
21
-1223
3445
-3013
667
9001101
-99
-84
-1027
3474
-2877
691
9002126
-109
-173
-851
3538
-2923
722
9003151
-5
-226
-689
3548
-2830
733
8995968
59
-282
-556
3617
-2593
784
8996993
-76
-318
-408
3771
-2444
1062
8998018
-610
-288
-83
3882
-2754
1479
8999043
-613
-261
107
3787
-3483
1436
9000068
171
-145
203
3581
-2852
1396
9001093
576
-137
186
3547
-2014
1290
9002118
597
-178
142
3601
-1814
1156
9003143
684
-150
38
3594
-1589
1039
9004168
634
-100
-49
3653
-1254
843
9005193
390
-59
-21
3590
-1223
623
9006218
259
-56
-9
3517
-1372
553
9007243
252
-68
-28
3519
-1513
661
9008268
228
-70
-24
3550
-1539
857
9009293
145
-71
-6
3606
-1528
989
9010318
42
-66
19
3628
-1633
1101
9011343
-34
-56
46
3633
-1783
1163
9004160
-41
-41
70
3606
-1818
1130
9005185
-11
-32
82
3573
-1771
1042
9006210
0
-32
79
3556
-1723
961
9007235
-14
-33
71
3553
-1728
906
9008260
-22
-20
68
3543
-1751
895
9009285
-60
11
77
3508
-1683
912
9010310
-137
29
78
3481
-1701
878
9011335
-208
36
70
3505
-1787
919
9012360
-272
45
67
3512
-1803
927
9013385
-268
43
52
3515
-1819
897
9014410
-200
33
39
3532
-1884
903
9015435
-95
27
29
3523
-1862
902
9016460
-2
15
12
3544
-1797
908
9017485
50
4
4
3560
-1790
931
9018510
54
9
11
3552
-1707
957
9019535
-10
15
22
3511
-1683
925
9012351
-63
10
18
3512
-1771
874
9013376
-45
6
7
3520
-1816
861
9014401
-13
8
6
3541
-1780
940
9015426
-51
20
21
3526
-1708
959
9016451
-123
21
25
3528
-1727
870
9017476
-136
11
18
3555
-1847
876
9018501
-87
16
8
3572
-1952
950
9019526
-41
25
2
3617
-2157
1018
9020551
-36
54
-4
3549
-2440
1260
9021576
-151
73
34
3479
-2750
1409
9022601
-506
87
272
3605
-3201
1301
9023626
-1001
153
756
3735
-3533
1096
9024651
-1317
188
1207
3904
-3703
1064
9025676
-1638
163
1692
3736
-4153
657
9026701
-1544
12
2062
3744
-4520
281
9027726
-913
-183
2290
3781
-4372
91
9020544
-144
-380
2464
3662
-4244
-243
9021569
603
-580
2601
3601
-4185
-521
9022594
1416
-766
2690
3664
-4096
-705
9023619
2480
-901
2717
3682
-4092
-806
9024644
3639
-971
2736
3644
-3897
-877
9025669
4466
-1059
2806
3558
-3670
-687
9026694
4807
-1187
2896
3431
-3428
-200
9027719
4822
-1312
3037
3279
-3420
391
9028744
4783
-1365
3203
3100
-3671
983
9029769
4865
-1299
3296
2869
-3536
1414
9030794
4718
-1177
3404
2598
-3087
1431
9031819
4359
-1036
3562
2379
-3118
1438
9032844
4168
-855
3651
2294
-3221
1793
9033869
4422
-627
3623
2232
-3005
2186
9034894
4930
-337
3528
2193
-2534
2408
9035919
5212
-43
3460
2068
-1771
2430
9028738
5176
219
3369
1758
-875
2501
9029763
4885
466
3231
1548
-515
2781
9030788
4410
645
3122
1330
-319
2968
9031813
3904
722
2988
974
260
2927
9032838
3331
729
2747
646
729
2946
9033863
2701
690
2517
486
725
2942
9034888
2225
583
2315
373
664
3005
9035913
1876
420
2104
345
804
3050
9036938
1622
290
1836
320
1068
3059
9037963
1367
184
1558
232
1304
3261
9038988
1041
114
1299
198
1207
3577
9040013
735
78
1058
215
1110
3667
9041038
551
42
842
35
1240
3683
9042063
421
-3
634
39
1117
3787
9043088
350
-7
480
89
880
3974
9044113
319
4
367
-35
909
4007
9036929
227
-6
254
-129
1047
3962
9037954
61
-19
167
-55
907
4099
9038979
7
3
139
-69
587
4189
9040004
146
32
111
-214
678
4175
9041029
163
39
64
-251
880
4096
9042054
40
30
55
-245
897
4122
9043079
-68
23
48
-190
697
4149
9044104
-22
36
42
-205
577
4093
9045129
95
32
35
-282
732
4038
9046154
87
-1
40
-256
840
4069
9047179
-17
-27
53
-203
731
4078
9048204
-44
-36
52
-178
628
4106
9049229
-1
-32
44
-177
677
4092
9050254
-5
-37
43
-166
716
4113
9051279
-60
-41
54
-136
658
4135
9052304
-68
-40
54
-188
643
4132
9045120
-20
-34
39
-162
628
4161
9046145
29
-33
54
-145
649
4222
9047170
46
-37
68
-149
737
4227
9048195
10
-38
64
-134
802
4166
9049220
-61
-40
57
-164
806
4122
9050245
-96
-42
32
-128
722
4210
9051270
-66
-19
15
-85
571
4210
9052295
73
2
9
-153
644
4154
9053320
79
1
1
-149
795
4128
9054345
-63
6
6
-140
711
4145
9055370
-112
9
12
-152
558
4113
9056395
-15
3
15
-150
548
4167
9057420
27
2
24
-147
677
4175
9058445
-16
8
20
-140
705
4146
9059470
-56
8
23
-141
653
4137
9060495
-23
3
27
-157
675
4174
9053311
7
-11
21
-140
678
4205
9054336
10
-21
19
-143
704
4189
9055361
19
-17
3
-122
675
4192
9056386
51
-14
0
-111
670
4217
9057411
52
-15
2
-137
725
4227
9058436
-2
-12
-1
-122
719
4193
9059461
-40
2
-6
-104
640
4205
9060486
-11
13
-3
-100
565
4190
9061511
57
22
1
-134
630
4152
9062536
53
22
5
-159
729
4140
9063561
-10
19
10
-151
734
4137
9064586
-42
20
8
-174
681
4119
9065611
-11
16
-2
-166
667
4117
9066636
11
6
-4
-189
742
4124
9067661
-4
-7
-4
-180
740
4143
9068686
-27
-23
4
-166
704
4158
9061504
-31
-34
6
-161
699
4166
9062529
-12
-33
-1
-122
629
4202
9063554
37
-20
3
-91
638
4221
9064579
58
-8
7
-109
719
4203
9065604
4
-6
11
-129
727
4195
9066629
-48
1
10
-131
650
4171
9067654
-22
13
7
-145
623
4177
9068679
9
17
7
-174
695
4156
9069704
-6
11
6
-176
728
4115
9070729
-29
5
4
-168
703
4076
9071754
-15
1
-5
-159
678
4059
9072779
43
3
-29
-138
604
4024
9073804
162
8
-55
-151
648
3978
9074829
174
-7
-90
-165
917
3992
9075854
-52
-20
-139
-132
987
3983
9076879
-294
-18
-218
-118
849
3862
9069696
-342
-13
-338
-152
871
3699
9070721
-396
-20
-501
-188
1109
3557
9071746
-621
-38
-726
-153
1287
3401
9072771
-917
-60
-1002
-73
1330
3234
9073796
-1162
-82
-1320
65
1287
3098
9074821
-1323
-104
-1672
244
1239
3041
9075846
-1487
-131
-2030
400
1227
3114
9076871
-1746
-137
-2390
642
1064
3302
9077896
-2114
-68
-2759
889
877
3425
9078921
-2658
36
-3040
891
580
3458
9079946
-3266
81
-3188
827
-56
3398
9080971
-3651
78
-3281
817
-543
3415
9081996
-3802
104
-3360
1063
-1049
3440
9083021
-3736
178
-3444
1222
-1391
3268
9084046
-3390
247
-3570
1219
-1550
3209
9085071
-2979
255
-3719
1340
-1763
3349
9077888
-2785
202
-3826
1524
-1970
3191
9078913
-2792
95
-3859
1635
-2185
2790
9079938
-2815
-49
-3860
1800
-2295
2794
9080963
-3075
-155
-3783
2120
-2542
3031
9081988
-3640
-170
-3606
2473
-3070
2700
9083013
-4035
-111
-3402
2777
-3461
2273
9084038
-4166
9
-3201
2901
-3304
2140
9085063
-4301
209
-3045
2883
-3205
1672
9086088
-4196
428
-2871
2978
-3898
1205
9087113
-3467
513
-2766
3055
-4463
902
9088138
-2365
477
-2782
2923
-4028
869
9089163
-1519
358
-2839
2895
-3386
874
9090188
-1135
197
-2832
3115
-3365
796
9091213
-960
55
-2747
3369
-3493
787
9092238
-804
-40
-2659
3548
-3214
926
9093263
-723
-54
-2511
3679
-2973
1090
9086081
-754
-12
-2272
3720
-2966
1057
9087106
-829
-1
-2023
3659
-3042
982
9088131
-860
-49
-1834
3643
-2943
1033
9089156
-789
-92
-1638
3650
-2777
1083
9090181
-696
-125
-1406
3609
-2705
978
9091206
-551
-180
-1162
3562
-2809
850
9092231
-257
-259
-933
3558
-2903
795
9093256
129
-319
-731
3644
-2771
1114
9094281
297
-296
-496
3591
-2253
1129
9095306
105
-297
-276
3446
-2017
1034
9096331
-379
-344
-104
3592
-2393
1330
9097356
-1049
-343
113
3702
-2721
1483
9098381
-862
-313
128
3772
-2901
1300
9099406
115
-195
108
3682
-2616
1288
9100431
650
-145
80
3591
-2092
1385
9101456
629
-136
42
3661
-1620
1374
9094273
423
-79
-18
3655
-1219
1047
9095298
122
-65
-47
3581
-1217
770
9096323
-89
-100
-55
3540
-1499
723
9097348
33
-91
-72
3565
-1573
878
9098373
210
-45
-64
3639
-1391
974
9099398
206
-12
-38
3629
-1283
989
9100423
84
-21
-20
3588
-1466
1091
9101448
17
-28
-19
3616
-1600
1150
9102473
5
-16
-3
3630
-1565
1119
9103498
-25
-10
24
3624
-1573
1010
9104523
-17
-11
37
3594
-1631
952
9105548
42
-15
30
3593
-1627
948
9106573
79
-13
30
3624
-1557
992
9107598
53
-5
35
3599
-1487
956
9108623
-6
-10
31
3586
-1570
970
9109648
-21
-16
14
3592
-1693
1021
9102463
20
-9
3
3601
-1669
1063
9103488
47
0
-1
3592
-1603
1052
9104513
42
-1
-1
3580
-1604
1026
9105538
24
-10
3
3571
-1628
1019
9106563
54
-14
-2
3582
-1588
1028
9107588
75
-8
4
3591
-1512
1037
9108613
27
-3
11
3600
-1483
1032
9109638
-45
-5
7
3570
-1568
1009
9110663
-59
-11
-5
3556
-1598
1012
9111688
-78
-15
1
3603
-1581
1059
9112713
-93
-7
13
3629
-1571
1030
9113738
-77
-5
5
3618
-1665
1045
9114763
-54
-6
-20
3605
-1845
1232
9115788
-76
23
-23
3562
-2049
1455
9116813
-186
66
38
3646
-2252
1401
9117838
-429
132
249
3607
-2840
1307
9110657
-554
165
517
3574
-3300
1108
9111682
-451
183
801
3738
-3575
987
9112707
-356
165
1167
3903
-3689
1061
9113732
-377
108
1600
3956
-3690
963
9114757
-270
28
1977
3966
-3707
603
9115782
16
-67
2274
3894
-3874
307
9116807
556
-188
2461
3838
-4049
138
9117832
1379
-287
2579
3896
-3920
263
9118857
2164
-313
2668
3993
-3648
371
9119882
2788
-285
2763
3959
-3632
344
9120907
3348
-268
2878
3941
-3634
250
9121932
3845
-234
3024
3995
-3567
363
9122957
4048
-220
3255
3943
-3423
744
9123982
3903
-215
3492
3651
-3266
1159
9125007
3619
-226
3677
3226
-3254
1479
9126032
3407
-324
3839
2695
-3085
1391
9118848
3414
-410
3912
2268
-3046
1793
9119873
3512
-383
3964
1988
-3202
2573
9120898
3678
-266
3924
1632
-3035
2755
9121923
3826
-123
3820
1351
-2576
2705
9122948
3891
0
3656
1287
-1909
2662
9123973
3710
77
3518
1185
-1524
2732
9124998
3445
109
3412
1004
-1384
2863
9126023
3317
136
3246
879
-1263
3012
9127048
3131
141
3089
824
-1019
2905
9128073
3015
164
2948
774
-702
2971
9129098
2989
217
2770
735
-577
3106
9130123
2941
266
2602
520
-140
3099
9131148
2822
257
2408
305
197
2974
9132173
2664
219
2167
252
423
3003
9133198
2451
155
1940
225
702
3197
9134223
1995
52
1768
67
1025
3246
9127040
1482
-46
1546
-1
1134
3299
9128065
1114
-146
1292
104
1044
3485
9129090
948
-200
1087
228
930
3716
9130115
876
-197
882
159
968
3762
9131140
766
-178
669
135
1059
3719
9132165
560
-179
496
87
1280
3735
9133190
312
-163
337
76
1091
3796
9134215
231
-142
211
132
795
3998
9135240
231
-124
153
23
969
4018
9136265
105
-111
77
-91
1104
4085
9137290
-57
-82
14
-18
820
4014
9138315
-43
-66
-5
-163
887
4024
9139340
-51
-65
-43
-166
709
4101
9140365
45
-68
-48
-168
817
4077
9141390
28
-73
-52
-218
960
4125
9142415
-74
-68
-57
-106
743
4156
9135232
-49
-61
-34
-156
791
4185
9136257
-56
-64
-36
-166
768
4185
9137282
-58
-49
-36
-75
690
4191
9138307
-49
-16
-14
-126
679
4205
9139332
-48
4
0
-150
660
4219
9140357
-35
20
11
-77
670
4207
9141382
-39
43
30
-75
718
4182
9142407
-64
55
43
-114
712
4114
9143432
-77
50
52
-142
741
4154
9144457
-94
41
46
-121
717
4175
9145482
-61
34
42
-124
681
4158
9146507
-2
30
41
-122
695
4149
9147532
42
20
40
-147
808
4145
9148557
-8
9
32
-135
797
4163
9149582
-44
6
22
-106
716
4193
9150607
-17
9
7
-126
708
4189
9143423
20
15
-5
-171
743
4178
9144448
4
11
-11
-159
735
4147
9145473
-16
8
-11
-159
724
4153
9146498
-22
9
-13
-157
647
4162
9147523
16
15
-8
-168
627
4158
9148548
42
18
-2
-192
684
4146
9149573
22
20
2
-159
683
4150
9150598
-13
21
19
-146
676
4123
9151623
-12
24
24
-149
687
4130
9152648
-23
23
23
-140
725
4112
9153673
-48
15
18
-180
744
4123
9154698
-48
0
6
-148
674
4126
9155723
3
-8
5
-124
716
4163
9156748
11
-18
5
-122
768
4135
9157773
-6
-32
-3
-154
773
4159
9158798
-11
-43
-8
-134
686
4192
9151900
28
-45
-12
-138
704
4244
9152925
35
-39
-18
-113
688
4219
9153950
44
-30
-14
-136
739
4195
9154975
9
-30
-11
-141
749
4196
9156000
-21
-24
-13
-116
684
4194
9157025
-10
-7
-22
-100
697
4161
9158050
-8
6
-34
-112
732
4100
9159075
-23
9
-45
-123
757
4060
9160100
-57
6
-66
-122
796
4039
9161125
-115
3
-106
-96
845
3998
9162150
-203
-3
-169
-76
921
3913
9163175
-321
-17
-269
-34
986
3805
9164200
-469
-29
-409
11
1086
3667
9165225
-654
-39
-601
44
1224
3515
9166250
-892
-57
-838
29
1310
3405
9167275
-1125
-99
-1110
53
1199
3249
9159809
-1195
-142
-1419
150
1017
3127
9160834
-1134
-200
-1711
211
1021
3174
9161859
-1153
-275
-1998
292
1026
3254
9162884
-1318
-346
-2260
338
841
3297
9163909
-1534
-393
-2515
418
529
3330
9164934
-1641
-423
-2742
497
275
3462
9165959
-1745
-419
-2970
596
-12
3528
9166984
-1868
-426
-3131
563
-159
3626
9168009
-2069
-455
-3276
621
-275
3644
9169034
-2335
-470
-3412
760
-492
3516
9170059
-2534
-470
-3540
1011
-939
3414
9171084
-2670
-495
-3580
1324
-1238
3368
9172109
-2963
-566
-3538
1461
-1116
3215
9173134
-3475
-648
-3444
1638
-1430
3083
9174159
-3807
-655
-3360
2078
-2139
3158
9175184
-3920
-651
-3240
2341
-2268
3004
9167999
-4183
-631
-3045
2307
-2174
2834
9169024
-4582
-552
-2917
2460
-2460
2604
9170049
-4789
-425
-2842
2934
-2894
2404
9171074
-4766
-244
-2676
3099
-3085
2064
9172099
-4599
-86
-2545
3003
-3140
1581
9173124
-4261
13
-2487
2936
-3233
1152
9174149
-3693
43
-2497
3062
-3435
958
9175174
-2865
60
-2588
3286
-3561
859
9176199
-1946
73
-2657
3440
-3457
808
9177224
-1289
24
-2628
3488
-3269
819
9178249
-910
-74
-2508
3589
-3274
886
9179274
-592
-131
-2318
3730
-3238
1104
9180299
-465
-116
-2056
3670
-3004
1099
9181324
-649
-118
-1761
3539
-2819
1068
9182349
-908
-171
-1509
3546
-2893
1126
9183374
-894
-199
-1299
3467
-2988
1197
9176192
-714
-214
-1119
3372
-2851
1229
9177217
-619
-248
-966
3530
-2705
1153
9178242
-511
-252
-848
3675
-2773
991
9179267
-270
-234
-779
3653
-2749
847
9180292
-162
-235
-723
3985
-2769
1349
9181317
-892
-169
-314
4333
-3277
1986
9182342
-1435
-62
115
3717
-4145
1312
9183367
-337
-56
27
3308
-3559
760
9184392
594
-157
115
3468
-2853
767
9185417
694
-205
243
3390
-2426
740
9186442
714
-202
162
3325
-1845
610
9187467
761
-172
66
3412
-1529
586
9188492
626
-127
30
3490
-1382
682
9189517
398
-81
1
3446
-1259
813
9190542
221
-57
-50
3418
-1383
984
9191567
107
-51
-93
3516
-1628
1167
9184384
41
-41
-96
3635
-1768
1240
9185409
7
-25
-67
3682
-1825
1226
9186434
-7
-12
-24
3642
-1842
1067
9187459
-5
-16
18
3587
-1785
943
9188484
-4
-31
59
3547
-1795
867
9189509
59
-27
62
3526
-1688
861
9190534
64
-22
61
3517
-1629
881
9191559
25
-11
60
3478
-1685
942
9192584
-16
-4
51
3461
-1786
987
9193609
-38
0
40
3482
-1849
1028
9194634
-46
1
32
3509
-1907
1030
9195659
-34
6
27
3522
-1897
1014
9196684
-35
8
22
3510
-1870
979
9197709
-26
5
14
3498
-1879
956
9198734
21
7
2
3520
-1838
945
9199759
53
16
0
3531
-1778
962
9192575
40
20
2
3497
-1779
1006
9193600
24
24
-7
3469
-1810
1031
9194625
29
28
-13
3535
-1826
1032
9195650
36
39
-13
3558
-1851
1069
9196675
48
52
-24
3495
-1949
1128
9197700
81
56
-39
3435
-2082
1260
9198725
100
56
-33
3475
-2223
1449
9199750
54
90
28
3636
-2385
1377
9200775
-98
138
205
3746
-2870
1228
9201800
-312
191
455
3741
-3562
1303
9202825
-366
265
704
3803
-3822
1397
9203850
-503
321
1096
3761
-3778
1177
9204875
-767
231
1604
3780
-3981
920
9205900
-691
68
2083
3937
-4234
693
9206925
-86
-78
2451
4062
-4463
368
9207950
883
-192
2724
4127
-4576
105
9200768
1901
-258
2938
4163
-4416
164
9201793
2623
-300
3123
4089
-3993
249
9202818
3035
-338
3307
4017
-3860
259
9203843
3418
-384
3505
4084
-4052
302
9204868
3644
-468
3825
4304
-4246
545
9205893
3629
-539
4255
4501
-4644
996
9206918
3658
-511
4686
4309
-4619
1315
9207943
4022
-411
4880
3020
-3385
1170
9208968
4315
-342
4842
1532
-2271
1261
9209993
4591
-240
4725
871
-2471
1927
9211018
5017
-219
4494
1171
-2791
2274
9212043
5528
-11
4211
1269
-2253
2285
9213068
5927
261
3931
1088
-1377
2291
9214093
5920
462
3635
951
-401
2237
9215118
5451
607
3404
692
261
2303
9216143
4610
655
3218
370
756
2563
9208961
3652
619
2977
226
1001
2830
9209986
2859
546
2684
267
905
2843
9211011
2392
470
2404
161
903
2575
9212036
2216
311
2130
-49
1042
2500
9213061
2003
113
1857
-38
1217
2731
9214086
1652
-21
1580
115
1387
2967
9215111
1219
-117
1328
25
1655
3119
9216136
783
-192
1076
-2
1553
3234
9217161
583
-238
850
26
1206
3285
9218186
581
-308
706
-31
1275
3486
9219211
478
-332
565
-28
1401
3782
9220236
260
-300
445
-79
1404
3836
9221261
79
-267
350
-177
1369
3849
9222286
-23
-242
255
-217
1243
3831
9223311
27
-237
186
-211
1139
3909
9224336
119
-241
151
-187
1272
4009
9217152
99
-224
119
-217
1413
4088
9218177
-24
-190
80
-176
1309
4095
9219202
-46
-146
50
-122
1188
4129
9220227
21
-104
33
-83
1122
4155
9221252
80
-71
33
-91
1181
4116
9222277
51
-39
41
-80
1249
4103
9223302
-38
-7
55
-127
1225
4114
9224327
-64
26
53
-165
1089
4069
9225352
38
45
43
-194
1142
4028
9226377
102
44
35
-216
1292
3960
9227402
56
27
34
-212
1316
3934
9228427
18
8
32
-174
1220
4006
9229452
44
-4
33
-176
1230
4029
9230477
60
-6
26
-164
1270
4004
9231502
47
-6
21
-158
1262
3966
9232527
57
-14
26
-142
1260
4016
9225345
53
-16
32
-123
1277
4030
9226370
14
-10
30
-168
1255
3999
9227395
-14
-8
19
-167
1233
3962
9228420
4
-15
15
-147
1213
3975
9229445
37
-13
22
-132
1179
4003
9230470
61
-11
19
-160
1224
3991
9231495
30
-11
10
-159
1309
3961
9232520
-53
-14
13
-154
1306
3961
9233545
-81
-19
12
-160
1216
3988
9234570
-21
-21
1
-138
1194
4004
9235595
24
-17
-6
-129
1246
3997
9236620
-19
-17
-8
-159
1308
3968
9237645
-90
-26
-6
-140
1249
3965
9238670
-90
-30
-2
-117
1162
4026
9239695
-4
-27
-4
-114
1144
4033
9240720
39
-25
-1
-147
1277
4029
9233536
-26
-25
2
-133
1235
4003
9234561
-46
-33
8
-162
1212
4042
9235586
-2
-34
0
-154
1203
4048
9236611
37
-33
-6
-139
1288
4035
9237636
-11
-30
-10
-122
1279
4021
9238661
-41
-20
-15
-134
1220
4040
9239686
-16
-15
-20
-118
1175
4056
9240711
10
-16
-11
-134
1214
4024
9241736
-3
-13
-12
-134
1244
4003
9242761
-21
-10
-13
-108
1221
4011
9243786
-5
-9
-7
-129
1171
4028
9244811
23
-16
0
-151
1229
4047
9245836
-11
-21
2
-151
1274
4036
9246861
-44
-17
1
-108
1169
4007
9247886
11
-18
9
-109
1178
4028
9248911
41
-23
19
-140
1241
4031
9241728
15
-20
17
-139
1258
4000
9242753
-7
-15
11
-139
1237
3995
9243778
-10
-12
6
-128
1192
4000
9244803
11
-7
2
-120
1202
3985
9245828
16
-10
-1
-135
1244
3940
9246853
-20
-10
-12
-110
1254
3912
9247878
-57
-6
-33
-94
1210
3892
9248903
-42
-14
-56
-84
1245
3861
9249928
-69
-28
-90
-76
1323
3825
9250953
-170
-35
-150
-64
1352
3737
9251978
-274
-42
-248
-36
1365
3610
9253003
-369
-54
-406
0
1444
3423
9254028
-553
-86
-595
-9
1573
3230
9255053
-811
-166
-779
20
1628
3157
9256078
-1070
-274
-987
136
1625
3116
9257103
-1354
-382
-1208
181
1606
3002
9249921
-1632
-476
-1465
195
1511
3000
9250946
-1826
-567
-1732
210
1343
3083
9251971
-1932
-667
-2020
271
1218
3159
9252996
-2103
-746
-2339
430
1096
3210
9254021
-2467
-771
-2641
486
935
3256
9255046
-3070
-782
-2870
499
597
3334
9256071
-3613
-748
-3063
629
-71
3330
9257096
-3679
-613
-3303
1046
-838
3292
9258121
-3295
-439
-3505
1334
-1048
3315
9259146
-3091
-348
-3603
1273
-923
3014
9260171
-3302
-385
-3653
1266
-1021
2942
9261196
-4018
-488
-3656
1917
-1186
3086
9262221
-5140
-469
-3500
2692
-1475
2805
9263246
-5874
-262
-3304
2963
-2244
2256
9264271
-5768
-26
-3217
2848
-2996
2014
9265296
-5155
100
-3227
2773
-3083
2060
9258111
-4696
114
-3211
2969
-2719
2000
9259136
-4637
101
-3119
3350
-2737
1486
9260161
-4209
162
-3076
3471
-3395
906
9261186
-3119
200
-3142
3292
-3936
806
9262211
-1952
131
-3234
3355
-3741
975
9263236
-1374
31
-3225
3654
-3431
1211
9264261
-1306
4
-3081
3839
-3396
1152
9265286
-1129
24
-2863
3809
-3443
1002
9266311
-749
-2
-2641
3852
-3568
1002
9267336
-353
-55
-2418
3948
-3719
1134
9268361
-54
-85
-2177
3943
-3422
1295
9269386
-121
-103
-1875
3798
-2927
1349
9270411
-592
-165
-1519
3717
-2861
1418
9271436
-965
-217
-1170
3667
-3054
1352
9272461
-952
-257
-882
3551
-2951
1208
9273486
-727
-325
-656
3444
-2820
982
9266304
-328
-407
-473
3304
-2834
738
9267329
236
-480
-331
3378
-2633
988
9268354
-77
-462
3
3853
-2350
2097
9269379
-1225
-354
486
4006
-2999
2047
9270404
-486
-261
516
3644
-3763
1106
9271429
872
-214
387
3431
-2838
1073
9272454
1206
-271
289
3539
-1945
1304
9273479
988
-257
224
3616
-1433
1253
9274504
738
-158
119
3685
-1102
791
9275529
397
-63
59
3515
-1230
490
9276554
18
-59
13
3396
-1496
579
9277579
-149
-54
-51
3396
-1704
869
9278604
-166
-50
-53
3476
-1944
1166
9279629
-76
-37
-32
3581
-2007
1334
9280654
42
-16
-2
3656
-1864
1295
9281679
111
1
15
3614
-1710
1164
9274496
109
-4
21
3531
-1683
1088
9275521
84
-12
7
3545
-1663
993
9276546
62
-3
0
3540
-1595
921
9277571
7
7
1
3530
-1577
920
9278596
-56
5
10
3505
-1709
1014
9279621
-59
1
4
3521
-1800
1111
9280646
-14
5
-4
3538
-1791
1156
9281671
4
10
-3
3528
-1716
1143
9282696
-13
5
-1
3518
-1735
1091
9283721
-26
0
-4
3505
-1733
1065
9284746
-33
1
-11
3514
-1735
1092
9285771
-31
17
-13
3486
-1749
1129
9286796
-43
35
-19
3462
-1736
1112
9287821
-69
28
-36
3516
-1834
1097
9288846
-43
24
-65
3553
-1941
1242
9289871
23
76
-88
3503
-1982
1544
9282688
25
165
-73
3416
-2245
1731
9283713
-9
227
-11
3549
-2833
1468
9284738
-126
302
144
3844
-3385
1660
9285763
-311
423
480
3824
-3521
1521
9286788
-491
475
919
3655
-3953
1196
9287813
-637
398
1394
3802
-4130
1167
9288838
-502
278
1765
3978
-3855
975
9289863
-101
158
2046
3905
-3911
733
9290888
499
21
2288
3849
-3954
508
9291913
1112
-109
2490
3832
-3833
447
9292938
1629
-222
2638
3855
-3485
409
9293963
2092
-297
2791
3874
-3388
369
9294988
2517
-352
2994
3885
-3504
291
9296013
2930
-415
3175
3905
-3462
262
9297038
3258
-486
3330
3819
-3368
465
9298063
3529
-520
3452
3589
-3371
772
9291062
3777
-518
3586
3272
-3372
1233
9292087
3920
-488
3697
2988
-3320
1604
9293112
3954
-421
3744
2659
-3103
1898
9294137
3888
-335
3734
2251
-2742
2013
9295162
3818
-231
3647
1801
-2371
2090
9296187
3873
-121
3520
1629
-2085
2410
9297212
4019
7
3394
1544
-1769
2683
9298237
4191
134
3262
1311
-1505
2892
9299262
4256
242
3127
1062
-1214
2962
9300287
4197
309
2988
891
-878
3028
9301312
4015
343
2823
893
-223
3246
9302337
3624
433
2670
890
117
3476
9303362
3100
501
2550
643
199
3321
9304387
2750
515
2401
194
92
3174
9305412
2527
373
2250
75
68
3095
9306437
2486
221
2046
289
604
3201
9299073
2300
152
1823
278
1252
3415
9300098
1866
124
1618
203
1274
3582
9301123
1459
100
1391
184
1036
3483
9302148
1185
45
1193
175
1027
3407
9303173
926
-16
1010
157
1176
3442
9304198
682
-64
829
177
1176
3587
9305223
525
-86
679
178
1075
3712
9306248
439
-92
557
139
1107
3834
9307273
278
-81
440
96
1135
3852
9308298
72
-80
342
-24
1111
3804
9309323
-63
-90
243
-45
1067
3902
9310348
-107
-71
159
51
931
3996
9311373
-88
-41
113
27
881
3993
9312398
-43
-20
54
-4
952
3898
9313423
-53
-12
4
95
890
4024
9314448
-81
0
18
101
829
4055
9307265
-74
-2
23
7
913
4139
9308290
-102
-9
25
12
807
4145
9309315
-40
-18
35
-37
868
4125
9310340
-55
-28
32
-33
901
4205
9311365
-61
-19
31
-32
805
4202
9312390
33
-17
22
-56
863
4185
9313415
49
-21
26
-35
886
4174
9314440
36
-13
24
-57
898
4143
9315465
53
-17
15
-18
948
4190
9316490
-2
-20
27
-26
919
4182
9317515
-35
-8
19
-23
843
4142
9318540
8
9
9
-14
832
4147
9319565
26
19
15
-34
845
4131
9320590
3
19
19
-29
819
4101
9321615
-3
18
23
-51
837
4091
9322640
12
18
23
-24
818
4124
9315456
16
19
26
-10
840
4091
9316481
-6
9
35
-47
857
4077
9317506
-12
-8
35
-24
828
4102
9318531
17
-13
33
-8
819
4106
9319556
33
-15
24
-32
886
4098
9320581
-6
-12
10
-19
865
4066
9321606
-18
-12
4
-22
841
4094
9322631
-6
-12
0
-13
798
4147
9323656
11
-8
-1
21
807
4142
9324681
-5
1
5
-4
845
4128
9325706
-44
6
7
-12
821
4118
9326731
-38
4
12
-4
806
4121
9327756
-3
1
12
-24
826
4132
9328781
13
-5
4
-29
878
4138
9329806
-9
-11
3
-23
877
4147
9330831
-29
-19
6
-10
841
4127
9323648
-6
-24
5
16
824
4126
9324673
27
-25
4
-7
868
4162
9325698
23
-24
-1
8
881
4165
9326723
4
-21
-5
-1
884
4137
9327748
-5
-19
-15
-8
870
4120
9328773
0
-16
-22
10
824
4148
9329798
26
-14
-15
15
798
4134
9330823
53
-14
-11
17
828
4115
9331848
28
-16
-1
-10
874
4118
9332873
-24
-19
1
-10
853
4121
9333898
-28
-14
1
19
789
4133
9334923
31
-6
3
-15
812
4108
9335948
63
-8
3
-19
886
4112
9336973
12
-11
9
-4
898
4104
9337998
-31
-9
11
-29
850
4110
9339023
-12
-7
3
-1
816
4131
9331840
13
-9
9
-38
890
4117
9332865
-5
-11
4
-33
881
4099
9333890
-4
-16
9
-6
828
4111
9334915
26
-15
8
-3
849
4119
9335940
35
-10
5
12
859
4128
9336965
16
-5
19
5
857
4116
9337990
8
-3
24
-5
852
4112
9339015
21
-1
14
15
862
4104
9340040
40
-1
8
-3
924
4092
9341065
11
-9
0
-2
959
4095
9342090
-35
-18
-8
7
923
4094
9343115
-18
-22
-25
27
880
4070
9344140
42
-25
-43
29
876
4073
9345165
51
-38
-60
17
945
4039
9346190
-29
-52
-79
44
944
3989
9347215
-99
-67
-100
43
919
3942
9340032
-116
-86
-140
32
973
3857
9341057
-146
-116
-210
-3
1128
3698
9342082
-227
-163
-331
-6
1243
3519
9343107
-323
-222
-513
52
1276
3330
9344132
-424
-298
-738
161
1402
3200
9345157
-595
-385
-981
272
1546
3114
9346182
-821
-496
-1223
349
1588
3082
9347207
-1038
-631
-1467
411
1595
3086
9348232
-1234
-756
-1742
510
1535
3191
9349257
-1442
-826
-2048
776
1321
3426
9350282
-1711
-835
-2347
831
1348
3393
9351307
-2092
-837
-2662
774
1330
3331
9352332
-2501
-794
-2995
1085
710
3518
9353357
-2674
-642
-3262
1616
-47
3886
9354382
-2717
-432
-3433
1810
-291
3781
9355407
-2885
-297
-3517
1609
-196
3283
9348223
-3258
-256
-3588
1630
-337
3180
9349248
-3903
-234
-3621
1994
-741
3283
9350273
-4685
-176
-3548
2318
-1227
3149
9351298
-5536
-108
-3332
2523
-1660
2771
9352323
-6207
-9
-3074
2645
-2104
2318
9353348
-6511
129
-2843
2624
-2777
1920
9354373
-6318
286
-2700
2509
-3236
1749
9355398
-5687
417
-2667
2488
-3342
1477
9356423
-4896
464
-2675
2480
-3463
994
9357448
-4144
402
-2689
2510
-3554
712
9358473
-3468
279
-2728
2716
-3489
649
9359498
-2765
193
-2803
2906
-3642
557
9360523
-1880
155
-2876
2956
-3836
477
9361548
-966
97
-2941
3054
-3667
510
9362573
-379
14
-2952
3253
-3385
718
9363598
-151
-56
-2870
3471
-3368
954
9356416
-110
-77
-2732
3573
-3318
1166
9357441
-275
-103
-2554
3685
-3075
1389
9358466
-705
-111
-2295
3840
-2992
1550
9359491
-1129
-70
-1988
3859
-3068
1447
9360516
-1323
-38
-1702
3823
-3038
1280
9361541
-1373
-44
-1438
3790
-3025
1183
9362566
-1308
-63
-1189
3745
-3048
1076
9363591
-1056
-80
-947
3717
-3052
968
9364616
-699
-106
-724
3728
-2986
868
9365641
-401
-134
-545
3689
-2857
856
9366666
-259
-154
-376
3719
-2728
1177
9367691
-574
-162
-107
3797
-2706
1382
9368716
-885
-165
122
3688
-3008
1132
9369741
-433
-185
195
3587
-3299
879
9370766
371
-185
245
3513
-2967
823
9371791
888
-167
208
3536
-2148
832
9364608
988
-143
145
3529
-1641
749
9365633
872
-125
91
3525
-1445
712
9366658
633
-111
50
3499
-1406
777
9367683
432
-90
0
3469
-1375
922
9368708
303
-70
-49
3507
-1358
1056
9369733
196
-62
-76
3558
-1454
1148
9370758
116
-50
-78
3633
-1556
1219
9371783
65
-24
-48
3652
-1525
1166
9372808
4
-18
-9
3601
-1586
1004
9373833
-12
-31
12
3573
-1756
939
9374858
53
-31
14
3583
-1761
954
9375883
70
-17
25
3564
-1639
914
9376908
19
-12
39
3525
-1648
913
9377933
-13
-17
29
3512
-1755
960
9378958
11
-13
7
3527
-1750
1031
9379983
24
-6
1
3558
-1704
1082
9372801
10
1
6
3544
-1696
1045
9373826
-5
-6
7
3531
-1751
1009
9374851
26
-9
-3
3551
-1760
1030
9375876
61
-5
-14
3550
-1742
1081
9376901
77
10
-37
3531
-1823
1123
9377926
116
31
-82
3573
-1939
1104
9378951
198
51
-137
3603
-2051
1128
9379976
338
68
-196
3549
-2281
1259
9381001
491
97
-204
3613
-2345
1505
9382026
445
153
-101
3744
-2329
1635
9383051
141
228
145
3662
-2796
1485
9384076
37
271
377
3701
-3237
1288
9385101
122
318
632
3934
-3219
1351
9386126
-75
354
1031
3891
-3014
1430
9387151
-417
295
1459
3786
-3027
968
9388176
-470
170
1810
3797
-3577
737
9380993
-195
75
2114
3925
-3884
781
9382018
241
5
2391
3890
-3602
682
9383043
468
-143
2663
3814
-3371
665
9384068
512
-347
2894
3837
-3554
601
9385093
955
-513
3049
3818
-3888
456
9386118
1817
-622
3160
3800
-4144
421
9387143
2655
-720
3300
3916
-4253
468
9388168
3277
-767
3458
3934
-3995
484
9389193
3790
-741
3583
3668
-3866
607
9390218
4192
-752
3705
3392
-3891
738
9391243
4455
-759
3770
3026
-3482
1041
9392268
4626
-688
3728
2580
-3043
1306
9393293
4819
-574
3688
2125
-3039
1494
9394318
5029
-488
3643
1908
-2775
1687
9395343
5151
-332
3504
1882
-1989
1992
9396368
5100
-109
3382
1651
-1641
2356
9389184
4988
47
3312
1326
-1427
2423
9390209
4909
154
3154
1143
-825
2620
9391234
4617
282
3054
1076
-409
2927
9392259
4181
407
2950
957
-307
2964
9393284
3874
515
2755
809
35
2883
9394309
3560
579
2552
598
583
3021
9395334
2943
532
2398
427
981
3126
9396359
2258
452
2210
382
923
3102
9397384
1940
388
1971
496
708
3064
9398409
1890
271
1761
437
1352
3183
9399434
1477
194
1561
301
1573
3412
9400459
941
143
1366
282
1313
3471
9401484
727
97
1163
307
1212
3523
9402509
659
61
981
302
1254
3573
9403534
602
24
822
226
1382
3621
9404559
468
-6
678
185
1371
3787
9397375
318
-15
550
220
1302
3900
9398400
201
-1
447
188
1255
3918
9399425
155
-3
372
115
1247
3915
9400450
136
-17
305
150
1150
4007
9401475
138
-28
273
160
1136
4087
9402500
123
-21
240
134
1164
4108
9403525
85
1
191
112
1143
4081
9404550
60
14
158
111
1116
4045
9405575
81
16
145
118
1117
4082
9406600
112
29
118
138
1126
4076
9407625
90
47
92
114
1118
4031
9408650
36
58
72
76
1155
3965
9409675
-13
54
63
30
1122
3955
9410700
-31
43
59
60
997
3986
9411725
5
47
50
30
1019
3959
9412750
13
46
37
-17
1104
3935
9405568
-48
27
38
-15
1122
3957
9406593
-101
9
40
55
1024
4029
9407618
-76
10
40
49
1003
4032
9408643
-32
14
27
14
1048
4006
9409668
-32
7
16
38
1108
3998
9410693
-68
-2
4
86
1072
4037
9411718
-75
1
-10
113
987
4084
9412743
-35
14
-17
46
983
4057
9413768
15
9
-17
17
1048
4085
9414793
3
-2
-9
28
1067
4082
9415818
-23
-8
-3
27
1050
4113
9416843
-10
-6
-4
65
991
4122
9417868
37
-2
4
41
1052
4131
9418893
12
0
8
46
1051
4089
9419918
-26
-3
15
15
1040
4078
9420943
-37
2
15
28
1003
4075
9413760
-8
3
18
18
1010
4097
9414785
15
-4
23
22
1069
4071
9415810
-1
-9
15
14
1065
4057
9416835
9
-3
-3
74
1019
4041
9417860
28
-9
2
9
1098
4079
9418885
-25
-18
-7
42
1053
4059
9419910
-51
-19
-6
38
1021
4068
9420935
-17
-14
-16
57
937
4066
9421960
34
-17
-6
28
1043
4118
9422985
-4
-17
0
55
1004
4093
9424010
-15
-16
14
38
1034
4078
9425035
-29
-17
20
17
1026
4065
9426060
-25
-18
17
55
1007
4105
9427085
14
-7
13
46
994
4105
9428110
63
-7
12
31
1055
4086
9429135
26
-13
18
22
1108
4057
9421952
-46
-13
16
35
1042
4063
9422977
-34
-10
10
39
997
4084
9424002
22
-6
5
52
1022
4078
9425027
26
-4
2
50
1066
4053
9426052
-7
-6
-1
57
1063
4055
9427077
-17
-8
-3
69
1033
4056
9428102
-13
-14
-1
48
1039
4037
9429127
-10
-22
-8
64
1043
4040
9430152
-8
-24
-17
78
1042
4023
9431177
3
-27
-24
63
1062
4020
9432202
6
-41
-33
32
1078
4028
9433227
-14
-59
-46
37
1108
3998
9434252
-34
-72
-61
43
1102
4007
9435277
-41
-78
-79
89
1040
4011
9436302
-19
-83
-95
78
1077
3981
9437327
-28
-97
-111
74
1107
3956
9430223
-78
-115
-134
73
1150
3906
9431248
-132
-138
-177
40
1204
3820
9432273
-191
-179
-246
51
1288
3737
9433298
-294
-240
-335
75
1400
3603
9434323
-463
-313
-461
113
1517
3462
9435348
-714
-398
-630
202
1594
3335
9436373
-1045
-494
-823
271
1606
3239
9437398
-1388
-593
-1036
369
1439
3192
9438423
-1590
-690
-1265
529
1217
3209
9439448
-1670
-783
-1494
690
1279
3352
9440473
-1962
-843
-1718
881
1268
3536
9441498
-2550
-816
-1910
1111
906
3649
9442523
-3075
-718
-2075
1232
498
3743
9443548
-3352
-585
-2226
1319
25
3765
9444573
-3408
-415
-2343
1360
-482
3706
9445598
-3278
-245
-2435
1288
-738
3695
9438336
-2993
-70
-2588
1225
-908
3704
9439361
-2570
113
-2800
1255
-1071
3535
9440386
-2233
239
-3013
1303
-985
3293
9441411
-2408
252
-3123
1389
-762
3099
9442436
-3110
228
-3142
1546
-656
2900
9443461
-3878
282
-3165
1807
-1191
2669
9444486
-4227
402
-3207
2080
-1931
2371
9445511
-4194
503
-3272
2359
-2236
2223
9446536
-4166
565
-3283
2557
-2231
2080
9447561
-4325
550
-3236
2744
-2308
1785
9448586
-4573
489
-3109
2944
-2564
1572
9449611
-4755
430
-2972
3128
-2832
1360
9450636
-4663
391
-2860
3220
-3087
1052
9451661
-4134
369
-2804
3105
-3350
794
9452686
-3226
312
-2858
3169
-3665
724
9453711
-2135
237
-2957
3368
-3746
819
9446529
-1160
160
-2997
3437
-3462
971
9447554
-568
75
-2914
3524
-3109
1131
9448579
-480
-19
-2730
3742
-2857
1297
9449604
-837
-56
-2466
3872
-2871
1294
9450629
-1226
-73
-2177
3867
-3047
1224
9451654
-1371
-98
-1873
3759
-3085
1200
9452679
-1331
-135
-1567
3678
-2972
1116
9453704
-1184
-200
-1279
3708
-2963
1050
9454729
-922
-256
-1033
3717
-3000
1037
9455754
-626
-274
-872
3704
-2773
1048
9456779
-517
-298
-768
3765
-2582
997
9457804
-508
-317
-687
3674
-2692
926
9458829
-379
-332
-639
3551
-2777
918
9459854
-164
-355
-621
3611
-2558
1003
9460879
-295
-336
-485
3942
-2501
1811
9461904
-1159
-253
26
3983
-3392
2097
9454720
-950
-182
274
3497
-4128
1507
9455745
118
-153
312
3383
-3118
1026
9456770
443
-206
344
3509
-2368
887
9457795
419
-213
279
3519
-1982
805
9458820
406
-134
141
3547
-1411
529
9459845
262
-77
30
3501
-1327
317
9460870
158
-61
-38
3368
-1615
377
9461895
308
-44
-119
3454
-1548
691
9462920
310
-17
-131
3581
-1410
1001
9463945
121
-20
-100
3614
-1595
1217
9464970
44
-26
-72
3666
-1761
1326
9465995
51
-18
-23
3678
-1702
1262
9467020
48
-13
21
3622
-1609
1059
9468045
34
-28
43
3594
-1657
917
9469070
12
-31
43
3552
-1678
834
9470095
-8
-23
40
3549
-1650
772
9462915
-33
-14
52
3516
-1645
730
9463940
-42
-14
50
3510
-1737
813
9464965
-34
-17
36
3550
-1844
940
9465990
-17
-2
25
3588
-1779
1053
9467015
-84
11
38
3564
-1727
1002
9468040
-126
7
38
3538
-1781
940
9469065
-97
-1
17
3565
-1842
965
9470090
-80
10
12
3586
-1765
955
9471115
-119
21
18
3563
-1710
881
9472140
-100
15
1
3514
-1912
925
9473165
43
15
-37
3499
-2063
994
9474190
182
25
-64
3549
-2069
1134
9475215
200
43
-70
3597
-2090
1253
9476240
120
86
-45
3611
-2435
1346
9477265
-13
155
46
3650
-2910
1365
9478290
-106
243
204
3603
-3213
1228
9471104
-93
302
392
3696
-3319
1049
9472129
-89
314
661
3837
-3492
908
9473154
-101
245
1001
3878
-3718
1011
9474179
15
167
1367
3840
-3597
954
9475204
122
75
1757
3772
-3414
601
9476229
149
-98
2147
3903
-3554
327
9477254
414
-231
2480
3998
-3823
258
9478279
1118
-293
2700
3964
-3823
318
9479304
1924
-330
2802
3946
-3578
425
9480329
2452
-373
2896
3929
-3350
439
9481354
2755
-430
2994
3936
-3235
407
9482379
3096
-447
3112
3817
-3222
408
9483404
3396
-478
3235
3637
-3264
505
9484429
3431
-558
3379
3657
-3222
697
9485454
3395
-622
3518
3704
-3262
910
9486479
3486
-646
3673
3516
-3398
1232
9479297
3628
-648
3829
2945
-3094
1488
9480322
3707
-595
3871
2254
-2722
1901
9481347
3747
-481
3842
1557
-2848
2382
9482372
3803
-361
3813
1192
-2999
2765
9483397
3869
-240
3733
1145
-2566
2725
9484422
3923
-81
3624
980
-2009
2879
9485447
3874
47
3566
850
-1798
3108
9486472
3859
148
3493
940
-1572
3224
9487497
3775
259
3424
829
-812
3088
9488522
3634
370
3295
516
-447
3115
9489547
3476
412
3180
414
-539
2976
9490572
3436
392
3038
109
27
2776
9491597
3388
331
2781
-45
538
2840
9492622
3086
246
2513
158
861
2894
9493647
2662
164
2295
128
1289
2805
9494672
2165
53
2042
-23
1468
2848
9487487
1671
-59
1726
146
1236
3093
9488512
1281
-152
1483
183
1382
3246
9489537
947
-213
1226
2
1580
3408
9490562
672
-252
956
106
1401
3579
9491587
516
-258
758
179
1378
3790
9492612
301
-232
585
9
1382
3864
9493637
157
-191
385
15
1116
3913
9494662
175
-161
267
73
1025
3990
9495687
185
-128
195
0
1189
4092
9496712
77
-88
110
-67
1284
4125
9497737
-61
-47
32
-76
1124
4154
9498762
-27
-3
-10
-74
882
4092
9499787
116
23
-41
-191
1048
4151
9500812
53
29
-54
-176
1131
4084
9501837
-88
14
-26
-240
1099
4114
9502862
-116
17
-12
-111
642
4159
9495680
166
36
25
-158
766
4168
9496705
260
36
53
-220
1092
4095
9497730
80
10
82
-243
1186
4049
9498755
-107
-12
96
-222
981
4047
9499780
-25
-8
83
-145
808
4092
9500805
156
6
71
-141
992
4065
9501830
171
11
54
-178
1156
4012
9502855
48
0
38
-201
1177
3972
9503880
-54
-9
27
-158
1017
4027
9504905
-46
-9
24
-127
1008
4057
9505930
-13
-1
13
-151
1006
4022
9506955
-10
-3
8
-195
1064
4029
9507980
-49
-3
-1
-162
1042
4081
9509005
-67
9
-9
-153
964
4071
9510030
-17
13
-21
-181
978
4039
9511055
-23
2
-25
-226
1086
4032
9504017
-96
-9
-29
-204
1001
4078
9505042
-77
-4
-26
-134
849
4122
9506067
29
5
-2
-177
927
4106
9507092
27
0
15
-217
1034
4092
9508117
-56
-7
32
-203
985
4102
9509142
-64
-7
43
-162
903
4130
9510167
-7
5
43
-138
963
4142
9511192
-5
16
36
-173
1066
4067
9512217
-47
14
28
-199
1039
4061
9513242
-48
6
13
-181
1014
4083
9514267
-21
6
-4
-164
1018
4083
9515292
-6
3
-11
-197
1020
4050
9516317
7
-17
-11
-202
1041
4071
9517342
-6
-35
-12
-181
1037
4108
9518367
-28
-33
-16
-177
957
4120
9519392
20
-24
-18
-180
936
4133
9512063
54
-21
-10
-180
965
4141
9513088
35
-13
-2
-157
951
4129
9514113
19
-1
12
-178
959
4105
9515138
-4
5
24
-187
971
4118
9516163
-32
7
30
-165
966
4068
9517188
-17
14
27
-166
917
4063
9518213
36
18
23
-178
1005
4045
9519238
12
12
27
-208
1079
4049
9520263
-52
-3
25
-206
1024
4039
9521288
-27
-17
15
-178
974
4048
9522313
21
-24
3
-164
1034
4094
9523338
14
-19
-8
-135
985
4085
9524363
11
-14
-7
-166
981
4098
9525388
-10
-7
-6
-183
976
4082
9526413
-36
-2
2
-192
961
4084
9527438
-23
4
13
-174
885
4120
9520256
39
9
25
-175
899
4122
9521281
67
10
36
-224
1003
4105
9522306
24
9
48
-215
1030
4106
9523331
10
8
58
-176
999
4116
9524356
45
8
55
-173
1043
4112
9525381
18
6
42
-216
1108
4090
9526406
-16
13
23
-180
996
4100
9527431
33
19
23
-149
962
4148
9528456
32
16
32
-194
1051
4124
9529481
-42
13
33
-166
980
4110
9530506
-36
13
46
-102
874
4151
9531531
35
27
61
-128
926
4139
9532556
49
48
70
-179
990
4090
9533581
26
57
70
-205
1045
4057
9534606
-9
60
68
-188
1018
4044
9535631
0
65
59
-190
1031
3996
9528449
15
60
38
-226
1115
3936
9529474
-26
40
16
-247
1142
3930
9530499
-63
23
-17
-188
1026
3968
9531524
-26
15
-38
-196
998
3976
9532549
6
-1
-54
-214
1006
4006
9533574
0
-20
-59
-204
1012
4038
9534599
-27
-26
-57
-167
948
4122
9535624
-54
-16
-47
-119
890
4173
9536649
-97
6
-23
-152
906
4161
9537674
-161
20
8
-193
897
4151
9538699
-165
31
30
-174
837
4217
9539724
-114
51
52
-208
881
4192
9540749
-65
65
54
-246
993
4140
9541774
-75
62
51
-238
1057
4114
9542799
-71
53
31
-231
1037
4037
9543824
-22
41
-8
-226
1094
3962
9536640
-50
18
-70
-253
1263
3815
9537665
-175
-27
-173
-262
1393
3637
9538690
-354
-99
-312
-147
1397
3536
9539715
-584
-173
-507
-34
1503
3244
9540740
-998
-291
-789
-69
1950
2701
9541765
-1689
-496
-1147
-46
2251
2521
9542790
-2516
-710
-1494
68
1938
2673
9543815
-3116
-867
-1828
245
1345
2877
9544840
-3344
-939
-2180
577
848
3001
9545865
-3315
-901
-2535
934
450
3019
9546890
-3063
-780
-2867
1113
146
2984
9547915
-2730
-653
-3201
1274
-78
3018
9548940
-2581
-556
-3469
1523
-438
3185
9549965
-2626
-448
-3657
1659
-614
3346
9550990
-2780
-296
-3827
1575
-903
3328
9552015
-3006
-175
-3998
1757
-1286
3163
9544832
-3386
-55
-4091
2362
-1569
3099
9545857
-4106
131
-3986
2652
-1711
3062
9546882
-5036
353
-3800
2527
-1885
2693
9547907
-5817
604
-3650
2638
-2425
2303
9548932
-6048
865
-3578
2962
-2917
1901
9549957
-5830
1095
-3530
3230
-3012
1446
9550982
-5701
1165
-3387
3359
-3005
886
9552007
-5590
1085
-3250
3301
-3087
466
9553032
-4937
948
-3222
3295
-3755
203
9554057
-3278
766
-3377
3405
-4502
195
9555082
-1130
533
-3588
3565
-4349
481
9556107
329
296
-3610
3768
-3731
690
9557132
704
112
-3416
3993
-3283
991
9558157
160
-1
-3049
4011
-2924
1148
9559182
-815
-82
-2580
3871
-2705
1165
9560207
-1681
-156
-2069
3859
-2756
1095
9553024
-2085
-185
-1565
3890
-3132
969
9554049
-1945
-207
-1164
3914
-3539
933
9555074
-1406
-210
-925
3753
-3443
1118
9556099
-928
-222
-787
3612
-2976
1266
9557124
-788
-253
-607
3565
-2924
1310
9558149
-775
-257
-429
3570
-2933
1219
9559174
-642
-239
-372
3609
-2848
964
9560199
-465
-238
-369
3523
-2776
716
9561224
-224
-258
-356
3423
-2669
575
9562249
59
-290
-294
3532
-2571
821
9563274
-80
-287
-43
3784
-2594
1234
9564299
-344
-245
194
3737
-2907
1238
9565324
3
-185
175
3526
-2661
1172
9566349
331
-155
111
3468
-2076
1178
9567374
336
-151
64
3398
-1826
1079
9568399
417
-145
-44
3377
-1689
894
9561216
580
-140
-124
3467
-1583
871
9562241
583
-109
-85
3506
-1294
808
9563266
417
-104
4
3396
-1196
738
9564291
243
-151
73
3370
-1444
812
9565316
189
-189
122
3474
-1573
957
9566341
182
-211
183
3624
-1627
1078
9567366
185
-221
239
3739
-1738
1136
9568391
167
-217
281
3810
-1765
1089
9569416
82
-207
308
3793
-1795
931
9570441
9
-195
285
3720
-1852
718
9571466
-4
-173
218
3667
-1980
543
9572491
11
-135
129
3562
-2223
445
9573516
105
-77
28
3359
-2337
496
9574541
165
-35
-18
3328
-2140
635
9575566
119
-15
-4
3407
-2061
793
9576591
103
17
-2
3452
-1936
894
9569408
90
35
-15
3430
-1810
927
9570433
96
28
-34
3457
-1748
985
9571458
119
24
-44
3511
-1702
1009
9572483
103
16
-37
3552
-1698
948
9573508
77
7
-28
3598
-1725
850
9574533
31
1
-8
3583
-1770
785
9575558
-6
-8
6
3531
-1831
773
9576583
-13
-11
15
3514
-1895
784
9577608
18
-5
18
3507
-1886
803
9578633
30
2
20
3496
-1841
841
9579658
7
3
18
3503
-1825
864
9580683
-29
4
17
3497
-1837
874
9581708
-38
5
15
3494
-1848
860
9582733
-37
5
18
3490
-1856
851
9583758
-32
6
16
3500
-1858
827
9584783
-26
7
11
3510
-1879
823
9577600
-28
9
10
3508
-1877
853
9578625
-57
14
14
3529
-1843
871
9579650
-93
22
18
3526
-1852
827
9580675
-102
24
6
3514
-1899
833
9581700
-70
29
-12
3491
-1972
865
9582725
-20
40
-19
3465
-1974
888
9583750
0
44
-19
3479
-1926
884
9584775
-11
35
-17
3535
-1900
883
9585800
-15
28
-14
3540
-1938
913
9586825
-1
30
-9
3484
-1912
949
9587850
4
34
-6
3505
-1829
904
9588875
-3
37
12
3524
-1831
811
9589900
37
40
38
3489
-1853
750
9590925
103
29
50
3462
-1790
725
9591950
121
7
52
3424
-1700
753
9592975
85
-20
54
3447
-1651
838
9585792
14
-36
50
3507
-1613
876
9586817
-50
-39
29
3565
-1664
916
9587842
-103
-34
27
3563
-1839
935
9588867
-108
-25
24
3543
-1930
905
9589892
-71
-26
11
3567
-2044
905
9590917
-11
-34
-6
3556
-2221
969
9591942
-17
-50
-26
3562
-2482
1142
9592967
-131
-3
4
3612
-3069
1629
9593992
-373
205
186
3512
-3203
1469
9595017
-970
323
610
3645
-3936
794
9596042
-928
301
1098
3961
-5043
544
9597067
204
224
1541
3883
-5384
276
9598092
1627
51
1914
4119
-5017
233
9599117
2505
-120
2272
4426
-4270
162
9600142
2637
-225
2638
4271
-3936
-66
9601167
2750
-331
2968
4212
-4171
-116
9593985
3229
-430
3223
4287
-4257
69
9595010
3746
-503
3415
4304
-4335
310
9596035
3988
-529
3676
4522
-4391
586
9597060
3968
-452
4021
4572
-4062
771
9598085
3918
-332
4332
4001
-3226
1142
9599110
3582
-336
4566
3177
-2998
1424
9600135
3439
-354
4908
2803
-4352
1701
9601160
4010
-243
4969
2791
-4510
1853
9602185
4633
35
4725
2482
-2541
2080
9603210
4582
389
4486
1592
-808
2424
9604235
4132
543
4286
1077
-749
2659
9605260
3707
577
4121
1140
-1185
2751
9606285
3585
593
3859
1043
-661
2686
9607310
3548
599
3518
783
-120
2596
9608335
3258
582
3255
603
-172
2685
9609360
3081
539
3032
412
-377
2642
9602175
3136
478
2744
147
-79
2554
9603200
3114
373
2432
3
313
2666
9604225
2870
287
2122
127
512
2822
9605250
2520
241
1848
168
732
2978
9606275
2092
197
1627
-50
855
2955
9607300
1619
64
1436
-290
1104
2906
9608325
1131
-92
1196
-249
1196
2914
9609350
741
-227
990
-179
1170
3171
9610375
544
-292
802
-171
1032
3429
9611400
556
-322
624
-318
1111
3661
9612425
482
-334
446
-480
1399
3628
9613450
290
-346
271
-480
1571
3762
9614475
-30
-343
140
-318
1182
3998
9615500
-93
-295
75
-297
835
4069
9616525
123
-220
18
-420
827
4269
9617550
227
-148
-24
-487
1017
4199
9610369
143
-96
-40
-535
1254
4195
9611394
-152
-54
-34
-495
1063
4186
9612419
-241
-19
-13
-548
854
4193
9613444
-130
10
-20
-529
750
4197
9614469
29
37
-4
-574
892
4136
9615494
77
39
11
-596
1030
4080
9616519
18
14
28
-527
1036
4054
9617544
-38
0
43
-475
940
4096
9618569
-39
-5
46
-479
900
4081
9619594
4
-6
31
-518
932
4040
9620619
33
-13
14
-503
965
3998
9621644
22
-16
18
-458
915
4087
9622669
7
-12
24
-491
929
4097
9623694
-14
-6
5
-500
914
4046
9624719
-7
-10
-5
-508
947
4003
9625744
-15
-19
-7
-484
878
4090
9618560
-10
-19
-5
-447
835
4110
9619585
17
-5
-1
-474
860
4136
9620610
9
-3
8
-538
935
4052
9621635
-17
-9
5
-530
943
4068
9622660
-50
-17
10
-472
821
4151
9623685
16
-9
11
-476
839
4122
9624710
59
5
3
-490
926
4108
9625735
-5
7
9
-508
971
4079
9626760
-87
8
-3
-470
837
4058
9627785
-58
14
-3
-465
796
4055
9628810
-6
17
-3
-468
846
4069
9629835
-17
22
-1
-485
904
4021
9630860
-66
18
11
-528
910
4052
9631885
-97
8
15
-516
873
4082
9632910
-74
-1
10
-503
872
4084
9633935
-30
-9
7
-493
867
4110
9626752
-14
-13
15
-512
903
4148
9627777
-23
-13
16
-506
901
4161
9628802
-30
-14
18
-503
895
4146
9629827
-27
-14
15
-508
886
4154
9630852
-27
-14
16
-489
886
4197
9631877
-17
-7
12
-466
841
4198
9632902
23
10
7
-460
872
4159
9633927
50
18
5
-483
893
4183
9634952
41
9
3
-496
883
4175
9635977
23
12
2
-475
842
4174
9637002
49
15
8
-472
845
4175
9638027
78
3
21
-481
883
4150
9639052
77
-11
31
-470
908
4121
9640077
55
-14
40
-462
925
4107
9641102
46
-12
41
-457
903
4090
9642127
65
-11
40
-462
888
4050
9634944
83
-4
39
-490
948
4042
9635969
55
1
37
-510
962
4031
9636994
12
4
35
-511
940
4004
9638019
-5
2
23
-538
961
3978
9639044
-17
-10
6
-544
963
3974
9640069
-35
-13
-9
-514
937
3993
9641094
-34
-11
-24
-499
911
3975
9642119
-28
-13
-32
-506
954
3964
9643144
-58
-28
-43
-483
931
3999
9644169
-92
-40
-56
-450
896
4011
9645194
-105
-45
-76
-425
875
3998
9646219
-126
-56
-110
-381
932
3939
9647244
-204
-65
-162
-355
1004
3847
9648269
-342
-81
-248
-312
1055
3702
9649294
-546
-112
-389
-222
1209
3505
9650319
-864
-145
-613
-54
1341
3282
9643178
-1263
-175
-902
109
1353
3041
9644203
-1642
-225
-1196
159
1273
2881
9645228
-1871
-292
-1469
123
1133
2937
9646253
-1871
-366
-1743
123
965
3142
9647278
-1761
-434
-2070
221
872
3221
9648303
-1743
-483
-2385
220
906
3248
9649328
-1915
-522
-2681
239
816
3379
9650353
-2289
-543
-2963
514
449
3541
9651378
-2766
-527
-3152
776
-31
3646
9652403
-3195
-454
-3275
835
-581
3647
9653428
-3260
-344
-3421
880
-1289
3545
9654453
-2838
-233
-3616
938
-1659
3456
9655478
-2283
-159
-3825
1106
-1637
3369
9656503
-2155
-159
-3944
1376
-1653
3247
9657528
-2729
-201
-3915
1634
-1788
3335
9658553
-3725
-227
-3796
1806
-1855
2977
9651327
-4589
-180
-3625
2048
-2492
2474
9652352
-4888
-40
-3426
2248
-3357
2202
9653377
-4549
142
-3305
2320
-3548
2275
9654402
-3981
297
-3328
2338
-3175
2183
9655427
-3540
356
-3391
2496
-2862
1879
9656452
-3451
312
-3349
3032
-2945
1763
9657477
-3578
260
-3260
3476
-3079
1344
9658502
-3530
274
-3173
3556
-3365
969
9659527
-3115
282
-3110
3628
-3630
785
9660552
-2394
290
-3072
3748
-3572
777
9661577
-1715
304
-2960
3745
-3302
776
9662602
-1202
256
-2789
3821
-3185
720
9663627
-784
167
-2618
3927
-3247
792
9664652
-502
95
-2417
3908
-3079
1073
9665677
-572
46
-2109
3831
-2853
1172
9666702
-879
-16
-1729
3748
-2791
1150
9659520
-1105
-114
-1376
3732
-2788
1158
9660545
-1105
-179
-1042
3767
-2738
1131
9661570
-940
-204
-715
3817
-2712
1037
9662595
-699
-218
-508
3846
-2803
987
9663620
-355
-212
-470
3790
-2879
980
9664645
21
-188
-484
3663
-2714
1078
9665670
169
-174
-449
3550
-2434
1083
9666695
105
-197
-386
3522
-2329
999
9667720
91
-238
-327
3554
-2380
990
9668745
76
-258
-203
3649
-2320
1242
9669770
-229
-238
37
3645
-2202
1270
9670795
-363
-228
199
3526
-2319
1064
9671820
-48
-216
236
3489
-2409
1058
9672845
278
-179
211
3522
-2150
1226
9673870
377
-105
163
3493
-1737
1213
9674895
303
-38
95
3421
-1499
1049
9667713
107
-21
21
3440
-1572
922
9668738
-23
-23
-44
3515
-1705
878
9669763
10
-13
-79
3577
-1634
941
9670788
61
-2
-66
3703
-1514
960
9671813
69
2
-31
3745
-1493
986
9672838
80
-2
-15
3685
-1543
1093
9673863
86
-5
-2
3653
-1507
1155
9674888
30
-4
31
3604
-1457
1120
9675913
-80
-16
63
3559
-1583
1047
9676938
-97
-21
63
3557
-1686
974
9677963
-69
-13
69
3553
-1660
913
9678988
-66
-4
79
3525
-1659
890
9680013
-63
-1
77
3497
-1712
905
9681038
-49
0
64
3502
-1765
958
9682063
-24
-1
54
3561
-1764
1007
9683088
-4
5
47
3574
-1743
1008
9675905
1
8
38
3561
-1734
1025
9676930
-4
4
27
3558
-1776
1016
9677955
19
5
18
3564
-1741
1011
9678980
12
8
18
3537
-1673
979
9680005
-15
1
19
3519
-1710
961
9681030
-3
-2
17
3522
-1725
966
9682055
26
-1
18
3534
-1678
999
9683080
12
-3
27
3535
-1658
1009
9684105
-20
-4
33
3537
-1663
1009
9685130
-43
-6
31
3533
-1681
995
9686155
-49
-7
30
3543
-1728
996
9687180
-44
-5
31
3541
-1734
981
9688205
-35
-6
32
3530
-1732
962
9689230
-28
-8
32
3527
-1750
966
9690255
-25
-6
28
3530
-1742
979
9691280
-29
-4
23
3521
-1747
982
9684096
-30
-2
22
3515
-1741
964
9685121
-26
-6
22
3528
-1741
973
9686146
-17
-6
18
3535
-1764
991
9687171
-7
-4
16
3545
-1740
987
9688196
-12
-3
15
3537
-1731
971
9689221
-15
-5
15
3527
-1744
977
9690246
-10
-7
13
3540
-1748
984
9691271
-7
-6
13
3536
-1733
981
9692296
-19
-6
15
3523
-1746
961
9693321
-19
-9
13
3527
-1754
962
9694346
-7
-10
13
3530
-1761
985
9695371
-1
-7
15
3534
-1720
982
9696396
-13
-7
18
3522
-1730
974
9697421
-9
-9
14
3532
-1756
976
9698446
1
-10
13
3546
-1769
991
9699471
-9
-6
18
3529
-1723
1006
9692287
-36
-2
21
3512
-1692
977
9693312
-59
-5
27
3528
-1766
927
9694337
-39
-7
19
3549
-1817
948
9695362
-11
1
8
3560
-1753
961
9696387
-21
7
9
3540
-1731
934
9697412
-37
1
13
3528
-1802
932
9698437
-5
-2
8
3541
-1820
944
9699462
37
3
6
3549
-1752
968
9700487
23
7
11
3521
-1718
962
9701512
0
3
13
3504
-1741
950
9702537
2
-1
14
3514
-1763
956
9703562
23
1
15
3532
-1735
976
9704587
17
5
17
3525
-1706
975
9705612
-9
1
16
3504
-1753
973
9706637
-8
-4
12
3521
-1799
987
9707662
7
-2
12
3553
-1753
1005
9700480
-9
2
15
3496
-1788
1004
9701505
14
-6
1
3406
-1981
1043
9702530
168
-33
-42
3545
-2208
1169
9703555
291
-28
-37
3713
-2035
1398
9704580
78
41
79
3677
-1866
1280
9705605
-280
98
305
3737
-2700
919
9706630
-507
75
693
3799
-3782
668
9707655
-385
55
1102
3986
-3934
1120
9708680
-218
45
1708
4088
-4062
1209
9709705
40
-25
2309
4020
-4388
858
9710730
510
-119
2698
4084
-4635
469
9711755
1234
-179
3034
4239
-4852
57
9712780
1909
-192
3387
4277
-4666
-58
9713805
2137
-239
3698
4174
-4472
50
9714830
2187
-354
3985
4020
-4522
222
9715855
2473
-479
4250
3865
-4912
487
9708672
3008
-602
4430
3743
-4799
544
9709697
3644
-584
4489
3240
-4137
568
9710722
3863
-522
4542
2505
-3547
1022
9711747
3769
-486
4545
1507
-2986
1622
9712772
3583
-548
4437
787
-2915
2243
9713797
3515
-659
4321
955
-2982
2740
9714822
3643
-584
4159
1002
-2579
2742
9715847
3701
-451
3992
527
-2086
2372
9716872
3620
-406
3785
269
-1961
2155
9717897
3533
-437
3557
506
-2217
2238
9718922
3524
-459
3388
735
-2084
2406
9719947
3440
-443
3243
632
-1442
2565
9720972
3275
-405
3076
477
-949
2618
9721997
3180
-362
2869
437
-778
2703
9723022
3109
-327
2701
421
-515
2953
9724047
3061
-261
2511
316
-220
3075
9716972
3060
-196
2252
220
107
3008
9717997
2977
-131
1991
225
559
3001
9719022
2625
-136
1781
205
1026
3140
9720047
1960
-176
1580
224
1086
3247
9721072
1354
-210
1355
167
1105
3323
9722097
1006
-231
1114
134
1113
3494
9723122
880
-227
886
159
1061
3662
9724147
791
-239
727
6
1216
3726
9725172
586
-266
599
-101
1292
3869
9726197
332
-266
460
-83
1263
3933
9727222
189
-232
324
-132
1205
3998
9728247
121
-184
202
-205
1113
4032
9729272
133
-146
111
-231
1082
4083
9730297
144
-120
54
-297
1177
4120
9731322
96
-87
5
-322
1072
4117
9732347
82
-62
-11
-391
1057
4092
9725056
58
-49
-21
-383
1027
4139
9726081
27
-29
-19
-349
936
4077
9727106
60
-14
-4
-410
940
4069
9728131
52
-10
9
-448
1059
4030
9729156
-10
-15
20
-440
1048
4036
9730181
-68
-30
39
-389
970
4081
9731206
-42
-26
34
-329
882
4057
9732231
37
-2
35
-311
931
4059
9733256
28
8
45
-344
1027
4031
9734281
-54
0
49
-338
1027
4013
9735306
-114
-4
43
-338
976
4021
9736331
-70
3
16
-304
876
4053
9737356
16
4
8
-319
964
4055
9738381
3
-8
7
-381
1080
4044
9739406
-62
-24
-6
-333
974
4045
9740431
-38
-29
-8
-297
930
4078
9733248
-10
-23
-13
-311
959
4095
9734273
-30
-20
-14
-303
946
4090
9735298
-41
-19
-6
-275
878
4095
9736323
-12
-17
6
-301
902
4103
9737348
-23
-13
15
-350
955
4093
9738373
-62
-11
15
-357
923
4090
9739398
-46
-10
14
-343
881
4092
9740423
0
-13
20
-354
907
4100
9741448
15
-23
15
-323
939
4123
9742473
-3
-20
9
-280
935
4173
9743498
-6
-9
10
-273
907
4202
9744523
26
3
5
-276
951
4171
9745548
34
7
7
-302
997
4114
9746573
8
-2
7
-314
993
4108
9747598
-11
-12
0
-303
949
4105
9748623
19
-10
-7
-276
902
4109
9741439
49
-9
0
-329
958
4086
9742464
33
-20
5
-346
968
4087
9743489
23
-29
9
-296
948
4113
9744514
36
-20
9
-314
953
4120
9745539
46
-10
-3
-322
957
4081
9746564
40
-3
-7
-311
943
4104
9747589
23
3
-6
-303
929
4107
9748614
9
19
-4
-313
926
4100
9749639
-6
34
-9
-341
924
4087
9750664
-13
44
-19
-324
930
4063
9751689
-11
47
-21
-318
950
4059
9752714
-10
48
-16
-323
949
4059
9753739
-5
47
-14
-361
980
4035
9754764
-11
36
-21
-377
1008
4002
9755789
-33
21
-32
-349
1021
3993
9756814
-65
6
-48
-326
1030
4000
9749633
-85
-7
-62
-311
970
3988
9750658
-67
-27
-68
-370
958
3987
9751683
-42
-46
-80
-320
884
4062
9752708
-12
-44
-74
-256
862
4128
9753733
36
-29
-58
-307
833
4142
9754758
80
-29
-25
-345
903
4176
9755783
34
-31
16
-317
943
4279
9756808
-33
-11
44
-334
934
4249
9757833
-20
11
58
-397
926
4220
9758858
24
17
67
-395
969
4221
9759883
33
21
77
-393
1026
4197
9760908
16
24
68
-361
1015
4128
9761933
-5
29
54
-332
1055
4034
9762958
-46
27
30
-313
1047
3940
9763983
-95
10
-7
-300
1050
3829
9765008
-177
-28
-64
-312
1188
3661
9757824
-345
-98
-148
-261
1213
3506
9758849
-538
-196
-256
-143
1149
3347
9759874
-636
-325
-401
2
1166
3164
9760899
-691
-468
-596
156
1322
3004
9761924
-849
-632
-824
314
1468
2912
9762949
-1118
-826
-1057
456
1552
2943
9763974
-1430
-1027
-1301
627
1513
3048
9764999
-1687
-1176
-1590
894
1354
3141
9766024
-1845
-1271
-1890
1037
1226
3216
9767049
-2105
-1354
-2170
1084
1100
3373
9768074
-2531
-1392
-2463
1302
685
3484
9769099
-2975
-1353
-2681
1349
36
3351
9770124
-3212
-1333
-2817
1014
-407
3315
9771149
-3442
-1386
-3018
799
-403
3415
9772174
-4130
-1363
-3211
821
-550
3398
9773199
-4999
-1153
-3340
1286
-1419
3304
9766016
-5517
-800
-3366
1846
-2050
3161
9767041
-5530
-270
-3396
2022
-2224
3155
9768066
-5428
310
-3419
2214
-2365
2879
9769091
-5380
856
-3342
2504
-2473
2106
9770116
-5382
1231
-3174
2762
-2411
1475
9771141
-5346
1412
-3111
3131
-2374
1184
9772166
-4993
1535
-3182
3542
-2473
862
9773191
-4341
1562
-3245
3709
-2602
518
9774216
-3664
1440
-3315
3719
-2726
368
9775241
-3077
1227
-3359
3719
-2716
334
9776266
-2533
916
-3356
3855
-2635
473
9777291
-2044
598
-3282
4280
-2793
836
9778316
-1638
431
-3015
4406
-2879
829
9779341
-1360
296
-2680
4163
-3051
654
9780366
-1215
96
-2392
4094
-3238
707
9781391
-1099
-86
-2063
4212
-3175
919
9774208
-1048
-195
-1636
3962
-3068
1070
9775233
-1045
-307
-1232
3698
-3220
1120
9776258
-866
-397
-964
3782
-3428
1176
9777283
-445
-406
-852
3922
-3494
1164
9778308
12
-368
-797
3756
-3223
1310
9779333
168
-325
-722
3581
-2650
1362
9780358
-1
-310
-613
3541
-2481
1305
9781383
-103
-321
-503
3591
-2703
1216
9782408
66
-336
-389
3615
-2860
1186
9783433
191
-318
-246
3773
-2525
1596
9784458
-420
-275
76
3823
-2574
1583
9785483
-499
-295
174
3719
-3299
1274
9786508
459
-252
190
3690
-3157
1299
9787533
1019
-171
245
3528
-2232
1241
9788558
995
-164
249
3421
-1615
1119
9789583
822
-157
242
3314
-1395
1040
9782399
576
-149
228
3281
-1284
933
9783424
326
-154
219
3456
-1253
800
9784449
205
-148
151
3795
-1321
702
9785474
174
-93
22
3869
-1317
778
9786499
12
-39
-70
3684
-1414
969
9787524
-203
-20
-93
3614
-1657
1044
9788549
-248
-4
-73
3590
-1790
1102
9789574
-218
-6
-55
3611
-1890
1184
9790599
-151
-3
-34
3650
-1973
1231
9791624
-24
21
-7
3611
-1840
1174
9792649
53
33
6
3534
-1680
1076
9793674
48
21
9
3498
-1627
1030
9794699
27
16
10
3476
-1592
1008
9795724
14
15
14
3455
-1539
993
9796749
-23
10
20
3441
-1537
979
9797774
-51
1
17
3487
-1605
1000
9790592
-57
-3
11
3543
-1649
1041
9791617
-55
1
10
3580
-1659
1080
9792642
-79
5
18
3573
-1673
1079
9793667
-108
4
21
3565
-1699
1057
9794692
-97
-1
17
3572
-1738
1060
9795717
-47
4
16
3577
-1713
1070
9796742
-28
15
21
3553
-1663
1051
9797767
-45
20
24
3524
-1687
1023
9798792
-52
16
19
3514
-1743
1050
9799817
-20
15
14
3507
-1781
1122
9800842
15
24
14
3506
-1802
1197
9801867
30
41
6
3516
-1875
1300
9802892
39
58
-13
3611
-2117
1494
9803917
47
107
-19
3618
-2428
1652
9804942
-14
178
61
3720
-2769
1411
9805967
-159
268
260
3759
-3299
1208
9798784
-9
330
459
3839
-3505
1279
9799809
221
335
799
3947
-3608
1265
9800834
498
255
1236
4023
-3717
1181
9801859
865
131
1643
4125
-3560
1029
9802884
1255
27
2018
4195
-3511
620
9803909
1744
-30
2324
4215
-3595
329
9804934
2161
-72
2560
4188
-3241
309
9805959
2347
-121
2758
4149
-2935
392
9806984
2436
-177
2968
4104
-3194
676
9808009
2710
-240
3196
4144
-3542
882
9809034
3166
-243
3411
4222
-3401
822
9810059
3398
-168
3684
4082
-3256
984
9811084
3292
-77
3956
3625
-3224
1420
9812109
3133
-22
4080
2975
-3189
1955
9813134
3207
24
4040
2299
-3265
2496
9814159
3461
91
3971
1805
-2863
2813
9806975
3686
217
3840
1370
-2257
2769
9808000
3750
320
3712
1109
-2370
2928
9809025
3717
348
3589
1173
-2287
3002
9810050
3684
401
3434
1111
-1807
3013
9811075
3439
427
3305
900
-1411
2906
9812100
3234
439
3153
702
-1396
2921
9813125
3196
386
3042
724
-1420
2915
9814150
3177
346
2925
671
-907
2894
9815175
2949
331
2817
534
-625
2931
9816200
2725
313
2717
408
-460
2966
9817225
2693
294
2523
282
-42
3063
9818250
2576
294
2308
273
145
3095
9819275
2381
295
2130
172
404
3034
9820300
2154
230
1928
-1
883
2977
9821325
1694
135
1696
21
1082
3087
9822350
1209
66
1468
160
951
3283
9815169
964
23
1250
117
959
3465
9816194
807
3
1017
1
1104
3605
9817219
620
-15
808
-5
1127
3659
9818244
435
-34
640
-12
1127
3686
9819269
262
-60
489
-87
1147
3802
9820294
100
-92
344
-68
972
3921
9821319
39
-88
215
-24
853
4053
9822344
50
-41
116
-8
776
4111
9823369
77
1
54
-139
891
4098
9824394
-6
7
20
-227
902
4083
9825419
-120
0
14
-243
761
4150
9826444
-129
8
2
-255
682
4180
9827469
-53
16
-15
-346
717
4163
9828494
13
6
-22
-393
786
4119
9829519
-1
-11
-15
-421
805
4127
9830544
-28
-21
-19
-343
710
4148
9823360
-4
-14
-21
-306
623
4200
9824385
50
-8
-8
-317
657
4149
9825410
67
-7
20
-325
726
4176
9826435
15
-4
44
-313
760
4138
9827460
-29
5
44
-319
708
4159
9828485
-30
6
44
-346
693
4120
9829510
14
9
25
-305
714
4156
9830535
19
23
16
-257
700
4143
9831560
11
27
16
-355
793
4084
9832585
-37
14
-3
-323
744
4100
9833610
-38
5
-10
-330
744
4110
9834635
-19
5
-34
-279
658
4124
9835660
-1
11
-37
-260
653
4164
9836685
6
15
-26
-329
678
4137
9837710
-25
7
-15
-331
704
4111
9838735
-70
1
-3
-310
647
4139
9831551
-53
9
-5
-311
594
4178
9832576
8
9
-7
-362
684
4156
9833601
-11
3
-9
-372
711
4142
9834626
-38
-5
-6
-363
720
4133
9835651
-16
-10
-13
-350
677
4210
9836676
22
-13
-8
-311
614
4225
9837701
67
-9
-1
-335
706
4208
9838726
44
-4
0
-324
728
4191
9839751
10
-1
9
-315
720
4189
9840776
-8
0
15
-319
698
4191
9841801
3
2
11
-296
670
4199
9842826
25
10
12
-326
715
4150
9843851
23
13
8
-359
755
4157
9844876
-3
13
3
-322
663
4169
9845901
12
14
8
-345
665
4167
9846926
31
14
8
-354
688
4148
9839744
36
9
14
-353
704
4143
9840769
26
2
20
-334
697
4160
9841794
22
9
21
-335
681
4126
9842819
34
10
25
-363
698
4134
9843844
28
5
26
-329
731
4153
9844869
26
8
26
-319
737
4141
9845894
24
13
22
-347
727
4155
9846919
24
13
19
-352
724
4166
9847944
23
13
20
-355
729
4155
9848969
34
10
27
-359
725
4173
9849994
52
13
32
-339
734
4183
9851019
66
16
33
-316
755
4188
9852044
59
22
26
-325
799
4149
9853069
20
31
18
-317
770
4150
9854094
6
35
13
-336
753
4138
9855119
23
38
0
-335
731
4116
9847936
37
33
0
-344
766
4096
9848961
7
27
1
-358
761
4107
9849986
-13
22
0
-330
701
4109
9851011
22
16
4
-364
735
4090
9852036
36
4
9
-381
784
4088
9853061
3
-9
11
-375
803
4087
9854086
-26
-15
1
-352
769
4088
9855111
-7
-11
-14
-347
772
4083
9856136
-2
-13
-24
-381
811
4081
9857161
-34
-24
-37
-347
803
4084
9858186
-66
-30
-50
-338
831
4061
9859211
-96
-28
-75
-330
829
4022
9860236
-120
-30
-114
-308
853
3986
9861261
-173
-43
-167
-246
892
3923
9862286
-284
-70
-243
-171
967
3782
9863311
-497
-124
-356
-93
1150
3584
9856134
-878
-193
-532
33
1305
3405
9857159
-1342
-259
-768
190
1314
3278
9858184
-1711
-307
-1043
335
1130
3159
9859209
-1847
-359
-1344
425
897
3080
9860234
-1887
-456
-1643
509
852
3018
9861259
-2012
-557
-1948
649
816
3005
9862284
-2183
-635
-2248
828
608
3118
9863309
-2293
-666
-2525
1034
41
3300
9864334
-2305
-642
-2746
1213
-529
3502
9865359
-2319
-656
-2868
1023
-578
3568
9866384
-2510
-687
-2989
935
-761
3529
9867409
-2805
-688
-3070
822
-1103
3393
9868434
-3041
-661
-3137
627
-1479
3261
9869459
-3123
-616
-3290
781
-1823
3235
9870484
-3025
-530
-3461
1157
-2172
3148
9871509
-2991
-433
-3516
1300
-2285
2987
9864320
-3272
-374
-3474
1381
-2368
2793
9865345
-3583
-296
-3422
1584
-2759
2666
9866370
-3641
-141
-3405
1913
-3235
2606
9867395
-3704
-33
-3333
2328
-3214
2404
9868420
-3948
69
-3175
2582
-2867
2177
9869445
-4218
221
-3059
2788
-2779
2066
9870470
-4199
384
-3020
3096
-2840
1807
9871495
-3911
494
-3006
3359
-2833
1385
9872520
-3661
492
-2973
3591
-3095
1121
9873545
-3268
452
-2906
3797
-3299
1084
9874570
-2613
425
-2841
3941
-3234
1108
9875595
-1952
387
-2691
3965
-3125
1037
9876620
-1460
331
-2425
3823
-3043
972
9877645
-1120
225
-2131
3856
-2857
1107
9878670
-902
100
-1847
3958
-2823
1218
9879695
-811
23
-1529
3754
-2802
1295
9872512
-847
-76
-1229
3577
-2701
1340
9873537
-866
-191
-961
3703
-2819
1285
9874562
-717
-249
-744
3757
-2822
1170
9875587
-481
-267
-609
3636
-2693
1197
9876612
-287
-274
-490
3532
-2547
1236
9877637
-192
-279
-387
3485
-2417
1216
9878662
-118
-289
-336
3439
-2466
1183
9879687
97
-309
-339
3441
-2513
1075
9880712
441
-335
-380
3475
-2452
1018
9881737
731
-361
-400
3484
-2324
1008
9882762
834
-373
-378
3523
-2099
1086
9883787
365
-307
-215
3637
-1777
1585
9884812
-672
-288
-7
3575
-2054
1430
9885837
-756
-259
41
3726
-2501
1463
9886862
-229
-130
87
3695
-2472
1599
9887887
111
-62
114
3632
-2148
1463
9880704
315
-39
90
3569
-1820
1286
9881729
419
-34
50
3613
-1543
1200
9882754
278
-30
72
3648
-1375
1019
9883779
60
-38
108
3577
-1404
774
9884804
-5
-48
102
3532
-1481
726
9885829
35
-54
73
3538
-1522
772
9886854
61
-50
52
3527
-1481
856
9887879
-2
-39
43
3538
-1471
980
9888904
-137
-35
40
3574
-1581
1055
9889929
-227
-31
37
3583
-1775
1084
9890954
-198
-17
27
3578
-1875
1107
9891979
-118
-1
22
3571
-1895
1127
9893004
-60
14
24
3561
-1844
1094
9894029
-46
19
28
3535
-1813
1009
9895054
-12
15
21
3510
-1778
967
9896079
32
12
13
3520
-1695
986
9888897
19
11
14
3512
-1670
974
9889922
8
10
7
3503
-1686
980
9890947
20
7
-2
3494
-1721
1018
9891972
22
5
0
3510
-1700
1051
9892997
6
2
6
3527
-1712
1055
9894022
8
0
6
3531
-1710
1060
9895047
-2
-1
10
3532
-1706
1065
9896072
-17
0
15
3533
-1686
1038
9897097
-33
2
21
3525
-1674
993
9898122
-44
3
22
3521
-1676
989
9899147
-47
-4
22
3535
-1734
1001
9900172
-27
-4
22
3526
-1753
1024
9901197
-19
1
31
3512
-1688
1032
9902222
-51
-5
41
3530
-1690
1008
9903247
-54
-11
38
3547
-1780
1025
9904272
-10
-10
24
3562
-1776
1051
9897087
-2
-6
20
3556
-1742
1039
9898112
-31
-3
24
3527
-1742
1013
9899137
-53
-4
21
3510
-1774
997
9900162
-40
-6
14
3511
-1796
1008
9901187
-33
-3
14
3511
-1775
1025
9902212
-39
2
15
3481
-1773
1055
9903237
-24
3
9
3478
-1829
1062
9904262
14
2
-6
3522
-1935
1140
9905287
60
8
-28
3525
-2099
1331
9906312
50
44
-31
3569
-2197
1577
9907337
-97
122
14
3657
-2401
1653
9908362
-313
220
144
3668
-3016
1576
9909387
-394
307
355
3727
-3480
1532
9910412
-335
381
632
3945
-3425
1494
9911437
-473
405
1050
3998
-3520
1432
9912462
-590
344
1470
4003
-3791
1168
9905280
-439
269
1866
3980
-3763
639
9906305
-195
142
2240
3940
-3799
42
9907330
121
-13
2561
3928
-3819
-50
9908355
313
-183
2833
3922
-3657
137
9909380
298
-398
3078
3829
-3557
233
9910405
296
-679
3328
3842
-3809
84
9911430
773
-938
3561
4108
-4343
-194
9912455
1869
-1020
3781
4506
-4818
21
9913480
2969
-877
4016
4243
-4195
464
9914505
3165
-763
4298
3366
-3866
800
9915530
2995
-755
4401
2545
-4245
1018
9916555
3411
-727
4244
1576
-4090
1466
9917580
4000
-730
4093
750
-3884
1761
9918605
4368
-806
3979
688
-3513
1827
9919630
4517
-812
3839
723
-2778
1780
9920655
4588
-807
3652
358
-2418
1794
9913472
4630
-914
3538
365
-2416
1877
9914497
4768
-895
3405
440
-2120
1947
9915522
4898
-812
3219
314
-1444
2135
9916547
4743
-738
3091
477
-1239
2465
9917572
4554
-596
3021
761
-1323
2517
9918597
4487
-411
2905
636
-163
2557
9919622
4157
-244
2739
275
637
2767
9920647
3635
-108
2510
281
287
2832
9921672
3399
-42
2249
378
460
2702
9922697
3106
-79
2084
275
1294
2910
9923722
2311
-136
1864
277
1761
3053
9924747
1448
-150
1600
362
1606
3230
9925772
901
-162
1374
438
1264
3339
9926797
757
-179
1164
337
1240
3392
9927822
760
-191
955
258
1409
3542
9928847
705
-190
751
331
1509
3700
9921663
546
-167
618
263
1578
3807
9922688
310
-150
498
64
1577
3809
9923713
116
-150
354
102
1490
3944
9924738
23
-122
262
171
1362
4020
9925763
68
-69
203
79
1248
4052
9926788
99
-41
155
-66
1332
4013
9927813
4
-34
109
-143
1420
3957
9928838
-115
-38
87
-114
1298
4041
9929863
-113
-36
85
-91
1089
4117
9930888
26
-13
64
-179
1162
4047
9931913
93
-10
29
-172
1287
3965
9932938
11
-31
35
-113
1335
3961
9933963
-81
-38
37
-38
1151
4100
9934988
-23
-14
12
1
1072
4061
9936013
71
-4
-11
-63
1222
3991
9937038
3
-21
-24
-27
1267
3948
9929857
-74
-31
-18
-11
1174
4011
9930882
-51
-29
-22
9
1058
4088
9931907
20
-24
-22
-52
1158
4019
9932932
-15
-29
-29
-104
1222
3987
9933957
-89
-41
-36
-91
1207
3972
9934982
-90
-29
-48
-76
1110
4064
9936007
-17
-19
-55
-33
1026
4083
9937032
68
-2
-44
-90
1104
4081
9938057
41
14
-25
-108
1135
4059
9939082
-36
15
3
-127
1138
4044
9940107
-73
10
24
-114
1069
4069
9941132
-17
13
35
-94
1081
4065
9942157
45
21
36
-111
1125
4057
9943182
49
18
36
-111
1194
4026
9944207
11
8
37
-108
1248
4029
9945232
-38
-1
30
-53
1206
4032
9938049
-43
-4
20
-26
1154
4061
9939074
-8
-7
14
-5
1122
4074
9940099
47
-9
13
-33
1166
4063
9941124
43
-11
18
-32
1192
4063
9942149
6
-12
22
-35
1196
4039
9943174
-24
-5
16
-59
1161
4048
9944199
-13
-2
6
-62
1131
4049
9945224
23
-1
1
-92
1155
4040
9946249
38
-11
-1
-81
1197
4007
9947274
30
-16
0
-82
1206
4004
9948299
6
-18
1
-68
1184
4028
9949324
2
-14
-5
-54
1145
4046
9950349
22
-11
-9
-61
1137
4033
9951374
31
-5
-6
-66
1168
4021
9952399
12
3
-6
-49
1143
4014
9953424
17
7
-3
-70
1127
4020
9946239
27
11
2
-78
1147
4022
9947264
9
14
6
-65
1201
3998
9948289
-29
14
11
-67
1176
3980
9949314
-32
7
15
-91
1170
3993
9950339
-23
3
11
-79
1169
4001
9951364
-17
3
10
-84
1220
3969
9952389
-49
2
3
-90
1200
3953
9953414
-85
0
-5
-64
1129
3995
9954439
-86
4
-7
-85
1110
4024
9955464
-64
6
-3
-100
1142
4046
9956489
-50
9
-5
-74
1151
4070
9957514
-32
11
-8
-66
1134
4097
9958539
-18
18
-10
-38
1137
4119
9959564
-11
17
-1
-61
1174
4103
9960589
-9
9
3
-67
1144
4094
9961614
12
3
7
-58
1142
4095
9954433
22
0
7
-42
1168
4095
9955458
-20
-3
13
-55
1205
4094
9956483
-60
-10
16
-77
1137
4084
9957508
-25
-11
12
-73
1100
4067
9958533
32
-16
12
-91
1172
4036
9959558
28
-18
1
-59
1171
4007
9960583
-5
-10
-8
-60
1177
3963
9961608
-41
-4
-36
-61
1188
3894
9962633
-96
-6
-68
-76
1242
3809
9963658
-195
-19
-114
-99
1303
3715
9964683
-363
-48
-175
-127
1379
3587
9965708
-606
-104
-265
-149
1475
3419
9966733
-931
-179
-417
-89
1574
3289
9967758
-1327
-250
-636
136
1578
3221
9968783
-1699
-295
-888
317
1429
3178
9969808
-1978
-318
-1159
433
1249
3185
9962625
-2225
-336
-1424
520
1211
3193
9963650
-2607
-363
-1649
493
1217
3143
9964675
-3111
-397
-1827
475
907
3162
9965700
-3434
-379
-2018
592
236
3299
9966725
-3311
-266
-2264
741
-333
3408
9967750
-2955
-106
-2521
810
-559
3457
9968775
-2759
7
-2743
809
-399
3328
9969800
-2889
52
-2916
816
-373
3124
9970825
-3190
85
-3049
1048
-887
2992
9971850
-3304
172
-3190
1373
-1479
2984
9972875
-3270
247
-3309
1538
-1687
2925
9973900
-3493
291
-3357
1652
-1888
2851
9974925
-3964
335
-3343
1949
-2182
2760
9975950
-4485
418
-3291
2318
-2255
2533
9976975
-4963
565
-3156
2366
-2523
2014
9978000
-5117
733
-3065
2297
-3169
1639
9970816
-4889
829
-3058
2505
-3538
1337
9971841
-4468
862
-3064
2800
-3584
1096
9972866
-4043
834
-3051
2974
-3627
918
9973891
-3635
757
-3021
3154
-3825
692
9974916
-3180
671
-2969
3380
-4069
659
9975941
-2466
622
-2960
3457
-4229
600
9976966
-1604
570
-2916
3345
-4287
551
9977991
-853
489
-2811
3291
-4021
717
9979016
-428
398
-2654
3425
-3627
905
9980041
-374
327
-2430
3542
-3409
1003
9981066
-606
272
-2166
3514
-3380
1017
9982091
-828
233
-1954
3460
-3274
966
9983116
-861
187
-1786
3450
-3285
933
9984141
-689
133
-1619
3497
-3348
969
9985166
-403
93
-1451
3575
-3265
1021
9986191
-114
59
-1301
3623
-3084
1036
9979009
60
12
-1128
3579
-2911
1073
9980034
87
-34
-911
3584
-2761
1135
9981059
3
-73
-673
3560
-2613
1107
9982084
-105
-126
-466
3561
-2520
1044
9983109
-128
-184
-305
3537
-2506
943
9984134
-24
-237
-185
3457
-2434
840
9985159
144
-291
-111
3426
-2307
783
9986184
301
-337
-49
3368
-2168
728
9987209
384
-390
-3
3319
-1968
702
9988234
308
-414
21
3538
-1782
1171
9989259
-265
-339
92
3934
-1550
1483
9990284
-683
-200
82
3786
-1934
1399
9991309
-509
-62
7
3533
-2235
1501
9992334
-323
-1
-6
3587
-2359
1459
9993359
-102
33
9
3653
-2145
1263
9994384
62
40
9
3628
-1820
991
9987199
17
15
28
3596
-1616
762
9988224
-54
-10
49
3547
-1630
625
9989249
30
-14
43
3510
-1639
641
9990274
115
-5
34
3514
-1546
732
9991299
84
-4
31
3517
-1561
842
9992324
-17
-14
30
3531
-1652
959
9993349
-83
-20
27
3570
-1785
1032
9994374
-75
-11
34
3611
-1864
1078
9995399
-41
4
42
3596
-1874
1045
9996424
-6
7
42
3569
-1864
978
9997449
13
7
37
3532
-1832
916
9998474
19
4
28
3525
-1780
865
9999499
4
6
21
3522
-1763
870
10000524
-11
12
17
3480
-1791
865
10001549
4
9
6
3476
-1821
897
10002574
24
10
-1
3494
-1811
959
9995392
18
13
3
3508
-1790
980
9996417
3
11
8
3528
-1806
977
9997442
-1
13
6
3542
-1817
984
9998467
3
17
6
3526
-1784
983
9999492
-4
14
15
3511
-1796
979
10000517
3
12
17
3495
-1829
985
10001542
33
17
7
3511
-1851
996
10002567
56
29
-5
3510
-1899
1061
10003592
53
39
-11
3489
-2077
1243
10004617
-1
65
-5
3460
-2351
1485
10005642
-71
108
3
3601
-2692
1399
10006667
-135
188
52
3747
-3298
1199
10007692
-110
266
206
3728
-3815
1331
10008717
-171
331
481
3759
-3632
1388
10009742
-404
293
948
3915
-3921
1083
10010767
-431
171
1474
4067
-4164
801
10003585
-363
17
1989
4128
-4135
683
10004610
-241
-126
2452
4061
-4127
395
10005635
87
-287
2835
4031
-4227
107
10006660
430
-529
3199
4308
-4119
0
10007685
843
-755
3567
4579
-4327
-115
10008710
1554
-917
3946
4691
-4769
-280
10009735
2477
-1021
4276
4908
-4713
-354
10010760
3157
-1025
4584
4896
-4487
-280
10011785
3353
-1014
4895
4237
-4481
-122
10012810
3507
-1005
4995
3045
-4284
294
10013835
4012
-962
4808
1922
-3746
841
10014860
4630
-886
4561
1206
-3204
1290
10015885
5016
-831
4345
985
-2709
1483
10016910
5126
-781
4175
1013
-2473
1610
10017935
5179
-678
3997
989
-2114
1660
10018960
5264
-585
3747
772
-1516
1771
10011779
5101
-532
3594
576
-1247
1926
10012804
4887
-495
3458
539
-917
2043
10013829
4785
-411
3225
569
-273
2383
10014854
4564
-256
3005
601
-23
2710
10015879
4268
-107
2805
545
143
2597
10016904
3997
-24
2570
343
614
2515
10017929
3447
-39
2358
240
962
2706
10018954
2708
-69
2115
332
1243
2885
10019979
1965
-121
1898
320
1597
2992
10021004
1269
-158
1659
317
1610
3131
10022029
867
-166
1424
305
1363
3381
10023054
814
-171
1180
255
1299
3506
10024079
902
-158
921
228
1365
3582
10025104
886
-152
731
162
1520
3677
10026129
705
-142
593
18
1633
3808
10027154
474
-132
458
-56
1583
3937
10019968
256
-123
338
-98
1584
4000
10020993
53
-101
246
-148
1473
4000
10022018
-19
-91
191
-188
1349
3972
10023043
20
-95
155
-223
1437
3944
10024068
54
-93
120
-186
1385
4046
10025093
44
-79
112
-193
1345
4014
10026118
28
-67
93
-300
1402
3945
10027143
25
-75
62
-267
1384
3930
10028168
34
-80
47
-175
1284
4019
10029193
60
-63
42
-183
1298
3949
10030218
66
-49
17
-248
1400
3905
10031243
15
-56
1
-150
1329
3899
10032268
28
-52
3
-86
1232
3985
10033293
38
-28
-2
-125
1264
3998
10034318
18
-8
-24
-162
1271
3948
10035343
-1
-1
-26
-118
1274
3947
10028161
-35
-3
-5
-140
1249
3999
10029186
-38
-1
-4
-137
1153
4002
10030211
41
5
-2
-172
1206
3986
10031236
48
0
17
-202
1348
3970
10032261
-42
-3
31
-161
1307
4010
10033286
-32
16
34
-123
1114
4009
10034311
169
24
37
-197
1211
3986
10035336
229
9
41
-242
1471
3948
10036361
24
-9
38
-235
1546
3963
10037386
-141
-15
22
-164
1316
3971
10038411
-48
-11
19
-129
1205
4008
10039436
61
-12
18
-180
1370
3971
10040461
3
-18
7
-196
1414
3958
10041486
-69
-16
-3
-151
1291
3984
10042511
-39
-6
-6
-124
1231
4028
10043536
6
-3
-3
-160
1285
3974
10036351
7
-19
-2
-173
1318
3944
10037376
-15
-35
0
-147
1308
3989
10038401
-14
-34
-3
-118
1235
4023
10039426
24
-30
1
-131
1241
4013
10040451
47
-31
5
-141
1265
3995
10041476
27
-34
19
-151
1305
3987
10042501
-2
-29
24
-144
1284
4010
10043526
3
-13
23
-125
1268
3999
10044551
54
0
22
-162
1276
3974
10045576
88
-1
14
-176
1332
3957
10046601
49
-10
10
-173
1423
3965
10047626
-49
-9
1
-152
1358
3987
10048651
-67
0
-4
-141
1263
3981
10049676
9
-5
-7
-140
1240
3979
10050701
59
-9
3
-161
1327
3998
10051726
24
-8
11
-162
1336
4017
10044544
-12
-5
13
-140
1307
3977
10045569
14
-3
9
-137
1319
3969
10046594
35
-9
7
-133
1353
3988
10047619
14
-10
8
-123
1358
3980
10048644
-3
-9
6
-133
1332
3977
10049669
2
-6
2
-128
1311
3968
10050694
18
-7
3
-149
1331
3938
10051719
31
-7
0
-124
1331
3945
10052744
19
-4
4
-133
1348
3950
10053769
-22
-2
4
-156
1341
3923
10054794
-40
-1
-1
-154
1290
3919
10055819
-15
-1
1
-161
1312
3918
10056844
-8
-6
-5
-153
1344
3906
10057869
-15
-12
-4
-159
1345
3904
10058894
-4
-20
-9
-160
1337
3923
10059919
-3
-29
-18
-154
1355
3918
10052736
-34
-40
-34
-158
1394
3865
10053761
-82
-50
-60
-116
1404
3832
10054786
-121
-55
-87
-110
1392
3807
10055811
-149
-72
-131
-136
1399
3734
10056836
-186
-101
-208
-132
1458
3580
10057861
-251
-129
-311
-121
1495
3331
10058886
-389
-155
-460
-91
1518
3010
10059911
-694
-229
-650
-36
1511
2635
10060936
-1140
-358
-849
78
1527
2463
10061961
-1536
-530
-1016
377
1556
2650
10062986
-1841
-668
-1179
589
1425
2815
10064011
-1989
-789
-1369
590
1268
2827
10065036
-1982
-920
-1628
505
1256
2885
10066061
-1873
-1051
-1948
528
1243
3188
10067086
-1746
-1169
-2290
738
1127
3496
10068111
-1733
-1250
-2598
1010
1079
3686
10060928
-2023
-1267
-2874
1138
1066
3753
10061953
-2577
-1216
-3119
1164
715
3744
10062978
-2979
-1156
-3331
1273
36
3615
10064003
-3065
-1096
-3511
1496
-555
3485
10065028
-3163
-1032
-3644
1713
-647
3199
10066053
-3455
-976
-3760
1955
-823
2627
10067078
-3722
-933
-3805
2469
-1742
2375
10068103
-3754
-873
-3691
2946
-2399
2838
10069128
-3927
-800
-3473
2938
-2186
2885
10070153
-4229
-695
-3333
2784
-1957
2429
10071178
-4559
-643
-3249
2975
-2174
2151
10072203
-4899
-629
-3126
3459
-2613
2097
10073228
-5096
-567
-3009
3686
-2753
2019
10074253
-5029
-475
-2944
3700
-2733
1872
10075278
-4596
-361
-2930
3846
-2832
1675
10076303
-3890
-237
-2889
3949
-2983
1479
10069345
-3089
-170
-2810
4015
-3083
1378
10070370
-2252
-142
-2700
4089
-3145
1420
10071395
-1510
-131
-2565
4105
-3184
1539
10072420
-1047
-145
-2348
4016
-3116
1606
10073445
-921
-175
-2053
3836
-2847
1458
10074470
-1052
-238
-1707
3851
-2796
1373
10075495
-1107
-282
-1333
3890
-2996
1409
10076520
-898
-289
-1019
3758
-3025
1499
10077545
-639
-304
-779
3675
-2874
1495
10078570
-442
-326
-605
3664
-2745
1440
10079595
-306
-337
-490
3602
-2681
1474
10080620
-207
-331
-403
3539
-2571
1470
10081645
-131
-322
-321
3429
-2421
1422
10082670
-72
-332
-256
3378
-2307
1391
10083695
-126
-320
-163
3420
-2176
1624
10084720
-693
-291
84
3438
-2102
1714
10077312
-1072
-289
264
3392
-2456
1548
10078337
-543
-253
316
3479
-2710
1438
10079362
254
-195
318
3580
-2461
1275
10080387
769
-159
262
3570
-2038
1183
10081412
980
-134
176
3493
-1692
1150
10082437
1012
-104
56
3514
-1353
1105
10083462
775
-100
0
3679
-1287
972
10084487
465
-114
-4
3844
-1352
891
10085512
245
-138
-7
3962
-1339
925
10086537
37
-138
28
3842
-1371
1061
10087562
-105
-129
62
3647
-1543
1178
10088587
-97
-114
66
3621
-1764
1159
10089612
30
-70
50
3576
-1831
1128
10090637
117
-36
18
3481
-1791
1149
10091662
134
-22
-4
3425
-1777
1231
10092687
137
-3
-13
3408
-1681
1299
10085504
113
16
-15
3439
-1552
1299
10086529
81
24
-16
3484
-1506
1237
10087554
71
30
-20
3523
-1499
1169
10088579
61
31
-23
3562
-1492
1147
10089604
48
26
-16
3585
-1496
1150
10090629
20
16
-4
3601
-1507
1166
10091654
-15
6
13
3598
-1545
1174
10092679
-26
2
24
3589
-1586
1172
10093704
-17
3
24
3563
-1616
1170
10094729
-9
2
15
3551
-1621
1173
10095754
-6
4
3
3553
-1649
1169
10096779
4
8
-2
3545
-1623
1188
10097804
-4
12
-1
3535
-1568
1193
10098829
-27
12
2
3526
-1566
1188
10099854
-24
12
3
3538
-1578
1203
10100879
-15
18
2
3548
-1545
1233
10093696
-50
29
7
3552
-1510
1265
10094721
-127
45
18
3533
-1504
1234
10095746
-218
53
23
3535
-1559
1225
10096771
-257
55
10
3505
-1721
1256
10097796
-202
63
-21
3501
-1818
1380
10098821
-174
72
-49
3585
-1784
1461
10099846
-240
104
-65
3714
-1904
1581
10100871
-341
193
-17
3718
-2563
1726
10101896
-451
356
125
3577
-3259
1849
10102921
-696
445
328
3534
-3263
1429
10103946
-984
409
690
3854
-3247
1064
10104971
-1294
330
1437
4181
-4148
1065
10105996
-1410
175
2333
4270
-5120
948
10107021
-979
-65
3051
4330
-4640
472
10108046
-154
-278
3457
4175
-4095
30
10109071
740
-454
3735
4249
-4921
-17
10101888
1710
-589
3995
4529
-5390
170
10102913
2590
-679
4280
4494
-5164
416
10103938
3110
-765
4513
4139
-4864
623
10104963
3201
-825
4627
3732
-4567
866
10105988
3253
-758
4647
3082
-4196
1307
10107013
3378
-646
4631
2444
-3780
1622
10108038
3471
-558
4519
1942
-3416
1551
10109063
3685
-509
4334
1566
-3235
1498
10110088
3945
-523
4154
1315
-3045
1613
10111113
4264
-524
3940
1163
-2869
1705
10112138
4614
-484
3706
1066
-2655
1808
10113163
4791
-438
3448
981
-1819
1831
10114188
4590
-393
3244
791
-1255
2007
10115213
4153
-399
3171
656
-1318
2289
10116238
3953
-421
3040
708
-1264
2416
10117263
4006
-391
2839
664
-747
2390
10110080
4069
-322
2649
453
-249
2504
10111105
4032
-269
2483
272
66
2685
10112130
3955
-246
2263
222
480
2696
10113155
3701
-194
2019
301
932
2729
10114180
3148
-173
1846
254
1357
2806
10115205
2414
-204
1695
131
1505
2772
10116230
1798
-280
1472
180
1698
2809
10117255
1346
-315
1201
356
2015
3155
10118280
947
-257
975
400
1858
3433
10119305
736
-205
792
173
1709
3481
10120330
640
-199
576
63
1758
3537
10121355
511
-190
386
152
1766
3659
10122380
337
-166
267
113
1849
3785
10123405
94
-125
166
-44
1789
3852
10124430
-100
-104
65
-36
1606
3867
10125455
-117
-91
3
40
1432
3913
10118273
10
-77
-5
43
1390
4019
10119298
56
-57
5
-26
1404
4028
10120323
-10
-43
12
-100
1472
3944
10121348
-107
-41
9
-64
1374
3931
10122373
-84
-28
27
-26
1293
3897
10123398
-16
-29
45
-111
1393
3920
10124423
-14
-35
28
-98
1341
3887
10125448
38
-31
12
-40
1352
3928
10126473
44
-24
13
-29
1437
3923
10127498
-9
-21
19
-68
1459
3877
10128523
-93
-25
23
-64
1404
3926
10129548
-110
-30
23
-19
1289
3950
10130573
-21
-19
18
-50
1303
3927
10131598
34
-13
16
-155
1431
3904
10132623
-26
-24
16
-148
1447
3923
10133648
-81
-28
14
-62
1353
3956
10126463
-28
-22
21
-58
1350
3991
10127488
48
-22
15
-90
1419
3989
10128513
54
-24
11
-95
1488
3962
10129538
-2
-25
9
-82
1465
3984
10130563
-30
-20
5
-73
1362
4021
10131588
15
-10
0
-51
1329
4001
10132613
51
4
4
-80
1385
3971
10133638
17
7
7
-77
1405
3958
10134663
-29
7
17
-90
1356
3978
10135688
-25
18
19
-55
1301
3971
10136713
13
29
26
-75
1348
3957
10137738
-2
26
29
-100
1397
3908
10138763
-44
18
34
-99
1410
3902
10139788
-49
10
37
-60
1367
3949
10140813
-1
2
37
-29
1374
3944
10141838
29
-6
35
-50
1420
3958
10134656
12
-19
28
-47
1416
3950
10135681
9
-28
20
-42
1439
3958
10136706
10
-32
10
-14
1423
3959
10137731
12
-37
-1
-22
1427
3972
10138756
10
-41
-19
-30
1413
3950
10139781
18
-34
-30
-19
1400
3950
10140806
22
-26
-35
-19
1408
3958
10141831
8
-18
-36
-36
1392
3966
10142856
-10
-15
-36
-69
1402
3932
10143881
-21
-11
-38
-88
1365
3943
10144906
-3
-10
-38
-60
1327
3953
10145931
29
-8
-21
-55
1365
3964
10146956
20
-9
0
-67
1349
3958
10147981
11
-14
13
-66
1364
3940
10149006
9
-14
17
-63
1386
3936
10150031
13
-12
16
-60
1384
3934
10142849
18
-17
19
-62
1426
3918
10143874
9
-26
22
-59
1438
3894
10144899
16
-37
21
-51
1431
3900
10145924
30
-48
15
-46
1441
3921
10146949
20
-54
-2
-5
1433
3926
10147974
9
-40
-20
15
1417
3922
10148999
16
-34
-21
-19
1401
3931
10150024
19
-40
-19
-26
1405
3938
10151049
-7
-44
-13
-27
1414
3942
10152074
-34
-44
-7
-39
1365
3930
10153099
-35
-47
5
-32
1350
3946
10154124
-16
-45
10
17
1352
3967
10155149
16
-41
17
-4
1362
3946
10156174
31
-43
22
-38
1447
3936
10157199
-11
-39
21
-14
1475
3954
10158224
-34
-30
13
11
1401
3961
10151039
0
-29
6
-13
1432
3935
10152064
6
-37
0
-64
1459
3932
10153089
-7
-45
-6
7
1404
3967
10154114
17
-42
-6
58
1389
3977
10155139
27
-33
-13
55
1440
3944
10156164
-16
-24
-23
57
1426
3896
10157189
-49
-23
-34
47
1371
3853
10158214
-46
-31
-49
56
1373
3802
10159239
-67
-47
-67
82
1416
3736
10160264
-140
-68
-84
100
1448
3643
10161289
-246
-109
-112
149
1461
3554
10162314
-375
-164
-157
268
1498
3477
10163339
-529
-205
-236
385
1488
3353
10164364
-666
-236
-340
415
1431
3250
10165389
-771
-286
-456
435
1382
3228
10166414
-854
-371
-547
460
1375
3286
10159232
-970
-480
-640
523
1350
3329
10160257
-1149
-587
-750
591
1325
3315
10161282
-1364
-686
-880
581
1320
3375
10162307
-1536
-771
-1034
468
1151
3474
10163332
-1539
-852
-1212
369
943
3534
10164357
-1424
-938
-1433
388
965
3489
10165382
-1337
-1028
-1650
418
1084
3520
10166407
-1379
-1109
-1851
493
1030
3663
10167432
-1491
-1148
-2039
577
898
3873
10168457
-1549
-1135
-2218
569
692
3967
10169482
-1474
-1099
-2416
568
490
3968
10170507
-1346
-1072
-2644
741
442
3919
10171532
-1471
-1052
-2804
1004
421
3984
10172557
-2027
-1024
-2872
1289
260
4045
10173582
-2734
-933
-2890
1533
-49
3865
10174607
-3148
-773
-2932
1772
-522
3487
10167424
-3175
-600
-2983
2048
-1006
3261
10168449
-3135
-452
-2990
2247
-1170
3061
10169474
-3427
-372
-2902
2365
-1038
2888
10170499
-4018
-312
-2778
2569
-1094
2668
10171524
-4349
-203
-2686
2776
-1664
2329
10172549
-4241
-122
-2627
2909
-2033
2186
10173574
-4227
-120
-2521
3009
-1975
2176
10174599
-4651
-176
-2285
2844
-2003
2119
10175624
-5204
-249
-2094
2864
-2302
2125
10176649
-5411
-234
-2007
3043
-2613
1892
10177674
-5053
-138
-1970
3031
-2930
1632
10178699
-4358
-90
-2014
2940
-3090
1496
10179724
-3491
-93
-2112
3047
-3198
1466
10180749
-2540
-81
-2228
3215
-3143
1396
10181774
-1755
-75
-2320
3314
-2854
1325
10182799
-1351
-108
-2347
3393
-2752
1258
10175616
-1160
-151
-2313
3581
-2920
1215
10176641
-925
-171
-2209
3726
-3015
1232
10177666
-702
-162
-2047
3786
-2813
1269
10178691
-711
-184
-1857
3846
-2614
1216
10179716
-863
-232
-1657
3842
-2762
1187
10180741
-870
-273
-1454
3735
-2936
1204
10181766
-673
-308
-1241
3734
-2902
1210
10182791
-422
-331
-1042
3773
-2838
1210
10183816
-171
-345
-888
3745
-2922
1226
10184841
152
-357
-770
3667
-2926
1256
10185866
297
-320
-590
3958
-2589
1956
10186891
-739
-225
-188
3977
-2607
2171
10187916
-1197
-229
55
3838
-3645
1643
10188941
-286
-137
164
3557
-3748
1409
10189966
569
-96
201
3529
-2890
1279
10190991
783
-97
261
3488
-2294
1155
10183808
807
-76
240
3381
-1777
959
10184833
752
-63
202
3343
-1407
756
10185858
507
-87
236
3351
-1430
706
10186883
289
-120
283
3421
-1524
646
10187908
278
-151
249
3530
-1573
636
10188933
399
-154
147
3539
-1519
837
10189958
461
-137
59
3572
-1370
1161
10190983
436
-92
-6
3681
-1111
1325
10192008
344
-30
-48
3724
-924
1451
10193033
101
-12
-55
3712
-1132
1537
10194058
-123
-9
-17
3672
-1496
1486
10195083
-172
1
23
3594
-1598
1336
10196108
-149
-4
44
3557
-1637
1195
10197133
-157
-14
73
3530
-1737
1092
10198158
-146
-9
95
3503
-1765
1016
10199183
-103
2
93
3458
-1719
958
10192000
-69
-1
77
3440
-1736
994
10193025
-58
-5
56
3465
-1773
1074
10194050
-43
-1
35
3485
-1785
1145
10195075
-33
5
20
3504
-1770
1170
10196100
-40
6
10
3532
-1757
1198
10197125
-39
4
6
3541
-1750
1201
10198150
-1
7
1
3520
-1682
1178
10199175
2
7
7
3520
-1611
1151
10200200
-27
4
12
3529
-1614
1126
10201225
-35
2
15
3523
-1644
1124
10202250
-28
2
16
3530
-1665
1133
10203275
-25
4
21
3518
-1682
1131
10204300
-22
2
22
3510
-1725
1128
10205325
21
-5
10
3449
-1857
1193
10206350
130
-5
-13
3450
-1969
1351
10207375
208
23
-26
3562
-1793
1328
10200192
170
49
-23
3606
-1727
1276
10201217
120
42
-37
3572
-2015
1424
10202242
221
79
-61
3573
-2242
1746
10203267
214
179
3
3661
-2412
1893
10204292
-31
261
179
3646
-2556
1502
10205317
-259
270
370
3722
-2830
1373
10206342
-432
272
653
3895
-3244
1648
10207367
-706
332
1086
3824
-3271
1648
10208392
-1083
339
1523
3737
-3052
1309
10209417
-1249
210
1832
3846
-3565
899
10210442
-908
85
2064
3783
-4068
506
10211467
-289
-19
2262
3638
-3913
330
10212492
122
-157
2470
3629
-3708
320
10213517
296
-343
2731
3716
-3832
351
10214542
527
-531
3003
3838
-4039
244
10215567
1044
-704
3260
3961
-4354
80
10208506
1851
-826
3487
4078
-4469
17
10209531
2590
-815
3721
3901
-4200
213
10210556
2718
-798
3958
3458
-3946
650
10211581
2464
-797
4073
2870
-3853
1005
10212606
2245
-782
4092
2173
-3913
1314
10213631
2248
-766
4053
1620
-4063
1479
10214656
2518
-785
3974
1395
-4154
1351
10215681
2916
-837
3851
1141
-3574
1272
10216706
3190
-924
3719
790
-3146
1395
10217731
3324
-1054
3681
932
-3283
1649
10218756
3615
-1075
3548
1172
-2806
1912
10219781
3898
-961
3362
902
-2107
2065
10220806
3946
-879
3288
619
-1897
2130
10221831
3878
-851
3265
449
-1728
2222
10222856
3924
-802
3174
400
-1631
2440
10223881
4050
-708
2997
436
-1109
2588
10216576
4047
-577
2838
317
-372
2751
10217601
3881
-447
2716
135
-5
2969
10218626
3786
-313
2517
118
-50
3055
10219651
3687
-211
2323
163
269
3007
10220676
3388
-159
2175
-97
1205
3004
10221701
2718
-155
1944
-240
1741
3268
10222726
1892
-167
1640
-5
1538
3461
10223751
1262
-181
1456
-40
1540
3495
10224776
848
-210
1267
-274
1543
3548
10225801
669
-244
967
-116
1292
3635
10226826
641
-247
770
11
1198
3793
10227851
564
-217
665
-177
1308
3989
10228876
435
-187
493
-180
1393
4012
10229901
280
-145
349
-160
1393
4012
10230926
111
-105
263
-223
1264
3992
10231951
46
-90
180
-288
1252
3994
10224769
-2
-83
98
-336
1277
4062
10225794
-81
-60
28
-312
1091
4112
10226819
-25
-28
4
-338
1020
4104
10227844
50
-3
-20
-399
1139
4066
10228869
20
0
-37
-434
1151
4009
10229894
-31
-23
-42
-448
1104
4051
10230919
-29
-26
-50
-333
958
4094
10231944
17
-7
-40
-327
1007
4120
10232969
-12
13
-46
-395
1040
4036
10233994
-61
2
-44
-418
1008
3981
10235019
-64
-17
-27
-387
956
4032
10236044
-32
-27
-8
-340
918
4091
10237069
-4
-21
3
-384
960
4112
10238094
-9
-10
-1
-379
1025
4091
10239119
-41
-2
4
-390
1022
4071
10240144
-54
-2
12
-382
995
4086
10232960
-36
-4
13
-384
1041
4135
10233985
-41
12
2
-440
1034
4091
10235010
-1
16
-12
-452
1021
4066
10236035
34
14
-18
-411
1025
4102
10237060
26
14
-18
-423
1016
4093
10238085
16
9
-24
-422
998
4036
10239110
5
0
-15
-400
967
4048
10240135
8
-6
-2
-367
960
4099
10241160
2
-5
5
-378
950
4096
10242185
7
-2
9
-432
975
4038
10243210
19
-12
9
-398
1018
4025
10244235
-4
-17
15
-385
1035
4075
10245260
-28
-10
2
-372
950
4070
10246285
-20
-3
-4
-400
983
4032
10247310
-27
-8
-7
-408
1006
4038
10248335
-41
-17
-5
-372
985
4076
10241151
-14
-17
-4
-375
947
4068
10242176
31
-13
-8
-399
1026
4069
10243201
6
-21
-8
-425
1052
4086
10244226
-28
-27
-10
-392
989
4146
10245251
-20
-18
1
-391
927
4148
10246276
28
-11
9
-434
992
4120
10247301
40
-11
3
-413
1014
4106
10248326
25
-3
9
-388
1021
4135
10249351
17
7
9
-378
977
4130
10250376
51
16
3
-372
1002
4104
10251401
53
17
3
-397
1060
4056
10252426
25
12
-3
-383
1061
4048
10253451
12
9
-5
-350
1009
4078
10254476
27
14
-7
-354
981
4060
10255501
52
15
-6
-428
1052
4011
10256526
35
-1
-11
-411
1052
4025
10249344
13
-12
-4
-384
1008
4030
10250369
12
-12
0
-399
1012
4009
10251394
12
-20
0
-433
1039
4010
10252419
6
-29
0
-421
1020
4019
10253444
18
-34
-3
-393
1058
4038
10254469
8
-34
-11
-376
1104
4014
10255494
-31
-36
-24
-379
1097
3995
10256519
-48
-42
-42
-379
1062
3963
10257544
-32
-54
-65
-372
1096
3950
10258569
-61
-64
-97
-371
1157
3904
10259594
-133
-82
-141
-367
1184
3816
10260619
-208
-117
-211
-367
1248
3671
10261644
-304
-175
-317
-347
1382
3503
10262669
-488
-252
-476
-252
1517
3337
10263694
-773
-325
-699
-105
1587
3154
10264719
-1149
-396
-966
23
1622
2985
10257536
-1558
-463
-1260
137
1546
2925
10258561
-1853
-515
-1551
315
1312
2993
10259586
-1958
-543
-1843
484
1000
3059
10260611
-1935
-557
-2135
567
790
3115
10261636
-1941
-576
-2434
604
791
3229
10262661
-2256
-618
-2666
557
733
3392
10263686
-2874
-671
-2801
451
435
3569
10264711
-3470
-680
-2946
520
-7
3653
10265736
-3750
-584
-3113
820
-602
3623
10266761
-3638
-391
-3275
1193
-1264
3537
10267786
-3531
-202
-3355
1284
-1395
3319
10268811
-3616
-61
-3382
1196
-1427
3101
10269836
-3972
39
-3392
1390
-1824
2944
10270861
-4316
194
-3401
1892
-2347
2692
10271886
-4276
399
-3371
2218
-2936
2253
10272911
-4122
550
-3227
2300
-3243
2114
10265728
-4192
605
-3029
2305
-2933
2075
10266753
-4502
633
-2875
2330
-2745
1771
10267778
-4579
671
-2816
2460
-3153
1266
10268803
-4096
684
-2816
2648
-3623
884
10269828
-3402
636
-2847
2900
-3916
910
10270853
-2551
594
-2984
3080
-3787
1159
10271878
-1680
570
-3096
3082
-3618
1220
10272903
-1075
462
-3105
3211
-3486
1242
10273928
-963
286
-3063
3590
-3224
1367
10274953
-1173
195
-2961
3778
-3126
1359
10275978
-1347
190
-2770
3724
-3104
1220
10277003
-1419
182
-2542
3728
-3040
1043
10278028
-1493
151
-2293
3906
-3288
985
10279053
-1341
147
-2084
3969
-3478
1040
10280078
-958
152
-1875
3801
-3278
1069
10281103
-680
98
-1601
3706
-3069
1039
10273920
-575
22
-1306
3691
-2981
1079
10274945
-509
-60
-1055
3767
-2969
1059
10275970
-376
-118
-860
3789
-2963
948
10276995
-203
-150
-708
3662
-2802
931
10278020
-125
-192
-581
3512
-2560
839
10279045
-75
-250
-473
3454
-2597
750
10280070
110
-296
-363
3464
-2771
815
10281095
361
-310
-252
3479
-2502
1025
10282120
163
-290
-66
3555
-2092
1386
10283145
-477
-286
155
3443
-2327
1301
10284170
-519
-302
189
3478
-2697
1266
10285195
-94
-223
189
3492
-2499
1349
10286220
206
-153
163
3460
-2147
1264
10287245
433
-121
95
3570
-1985
1156
10288270
623
-78
12
3726
-1818
1109
10289295
606
-15
-20
3681
-1532
1019
10282300
377
-2
-10
3613
-1424
868
10283325
174
-28
-6
3638
-1613
806
10284350
155
-24
-18
3580
-1606
869
10285375
151
-23
-23
3518
-1505
954
10286400
101
-34
-15
3522
-1515
1029
10287425
77
-30
-15
3532
-1527
1090
10288450
51
-20
-17
3550
-1525
1155
10289475
-30
-12
-9
3554
-1598
1115
10290500
-74
-8
-3
3527
-1705
1073
10291525
-55
-6
-2
3536
-1744
1027
10292550
-18
-2
1
3562
-1727
1009
10293575
-32
1
19
3557
-1693
991
10294600
-53
-2
21
3557
-1675
978
10295625
-37
-1
11
3547
-1700
998
10296650
-11
-1
0
3549
-1685
1043
10297675
-5
0
2
3538
-1684
1077
10290303
-2
3
5
3544
-1666
1065
10291328
-11
2
7
3532
-1664
1046
10292353
-27
-2
9
3517
-1682
1049
10293378
-30
0
11
3513
-1666
1041
10294403
-38
2
16
3508
-1646
1030
10295428
-50
-4
12
3570
-1705
1028
10296453
-13
-2
-8
3628
-1722
1055
10297478
15
14
-24
3590
-1681
1078
10298503
-1
21
-31
3548
-1683
1061
10299528
-4
29
-35
3517
-1702
1052
10300553
21
30
-49
3543
-1749
1058
10301578
55
40
-55
3597
-1712
1060
10302603
45
52
-38
3554
-1615
990
10303628
17
43
-29
3497
-1600
996
10304653
32
34
-44
3552
-1658
1026
10305678
40
43
-46
3585
-1581
1029
10298496
-38
40
-27
3534
-1546
974
10299521
-84
12
-1
3540
-1667
958
10300546
-35
-9
24
3561
-1673
980
10301571
15
-18
44
3559
-1604
1048
10302596
9
-20
51
3548
-1586
1095
10303621
-13
-15
39
3560
-1562
1120
10304646
-49
-6
26
3537
-1635
1111
10305671
-53
-4
21
3533
-1704
1086
10306696
-45
-1
15
3543
-1664
1070
10307721
-62
0
14
3534
-1664
1046
10308746
-68
-1
13
3527
-1701
1032
10309771
-49
-2
1
3522
-1744
1060
10310796
-14
-5
-14
3502
-1863
1176
10311821
73
-12
-35
3463
-2162
1434
10312846
224
12
-59
3540
-2379
1801
10313871
387
113
-65
3621
-2547
1956
10306689
564
232
-61
3652
-3028
1910
10307714
784
379
6
3708
-3393
1816
10308739
879
494
176
4099
-3329
1649
10309764
704
553
522
4207
-3416
1382
10310789
583
539
949
4042
-3532
1082
10311814
628
485
1370
3902
-3327
726
10312839
475
356
1792
3794
-3183
475
10313864
188
142
2164
3853
-3526
580
10314889
301
-81
2468
3983
-3853
753
10315914
938
-276
2708
4139
-3881
894
10316939
1732
-417
2951
4381
-3819
955
10317964
2428
-490
3274
4679
-3701
668
10318989
2974
-514
3669
4981
-3543
549
10320014
3328
-528
4051
4963
-3601
663
10321039
3771
-529
4306
4666
-3950
892
10322064
4354
-452
4415
4218
-3924
1162
10314880
4893
-311
4402
3564
-3409
1519
10315905
5147
-156
4333
2884
-2738
1879
10316930
5077
27
4246
2329
-2025
2233
10317955
4742
206
4136
1904
-1477
2490
10318980
4256
314
4042
1655
-1575
2521
10320005
3991
387
3920
1436
-1719
2480
10321030
4050
439
3736
1195
-1408
2406
10322055
4175
506
3529
964
-689
2524
10323080
4126
602
3302
914
-187
2685
10324105
3877
681
3141
722
171
2613
10325130
3608
709
2967
449
232
2618
10326155
3409
662
2733
387
166
2563
10327180
3343
614
2429
481
683
2574
10328205
3113
585
2154
453
1290
2741
10329230
2704
534
1911
370
1613
2831
10330255
2238
459
1650
274
1842
2904
10323072
1732
366
1395
285
1835
3124
10324097
1237
297
1164
296
1724
3178
10325122
984
232
929
159
1718
3179
10326147
832
157
698
50
1775
3298
10327172
729
97
515
70
1747
3498
10328197
570
46
402
-10
1749
3636
10329222
373
1
307
-147
1740
3631
10330247
223
-41
209
-128
1683
3655
10331272
135
-58
136
-27
1540
3730
10332297
121
-61
117
-119
1524
3780
10333322
122
-73
80
-186
1643
3776
10334347
53
-84
52
-146
1703
3789
10335372
-23
-80
35
-108
1631
3862
10336397
-23
-63
4
-98
1461
3929
10337422
40
-44
-1
-188
1534
3880
10338447
15
-42
-11
-210
1605
3842
10331263
-66
-37
-11
-143
1533
3816
10332288
-79
-16
-4
-199
1446
3879
10333313
-34
0
-5
-188
1357
3916
10334338
30
11
3
-207
1463
3867
10335363
14
18
2
-233
1513
3854
10336388
-37
18
8
-226
1492
3875
10337413
-44
17
13
-202
1470
3891
10338438
-15
17
11
-180
1478
3872
10339463
19
22
8
-198
1520
3889
10340488
-6
19
6
-230
1559
3893
10341513
-51
1
9
-221
1510
3878
10342538
-40
-13
13
-205
1503
3905
10343563
-4
-22
8
-189
1483
3921
10344588
16
-33
4
-205
1502
3909
10345613
-1
-42
5
-208
1567
3886
10346638
-34
-53
10
-155
1494
3936
10339456
-35
-50
20
-122
1424
3935
10340481
2
-34
23
-183
1457
3899
10341506
17
-29
23
-200
1492
3916
10342531
9
-32
24
-205
1508
3922
10343556
-7
-30
22
-164
1496
3904
10344581
0
-16
14
-180
1519
3925
10345606
-10
-2
1
-170
1491
3911
10346631
-6
2
1
-167
1504
3885
10347656
-14
2
-5
-183
1478
3897
10348681
2
4
-8
-163
1434
3938
10349706
16
3
6
-163
1488
3934
10350731
-19
0
18
-153
1458
3891
10351756
-18
-7
24
-145
1431
3887
10352781
10
-11
34
-157
1454
3934
10353806
14
-10
40
-164
1469
3924
10354831
0
-10
49
-167
1463
3886
10347668
2
-17
54
-181
1497
3902
10348693
-4
-20
40
-138
1512
3920
10349718
-6
-13
36
-171
1477
3929
10350743
4
-15
38
-192
1475
3910
10351768
22
-18
31
-142
1520
3913
10352793
20
-12
30
-116
1518
3925
10353818
5
-4
35
-131
1519
3908
10354843
-2
0
37
-146
1498
3888
10355868
4
-4
35
-150
1499
3884
10356893
12
-6
23
-136
1502
3910
10357918
22
0
13
-126
1503
3900
10358943
21
0
16
-142
1520
3890
10359968
14
-10
15
-121
1489
3898
10360993
15
-12
17
-114
1480
3921
10362018
13
-6
18
-155
1506
3903
10363043
2
-6
19
-124
1523
3894
10355839
-8
-5
18
-103
1506
3839
10356864
-1
-2
-1
-116
1547
3778
10357889
-43
-1
-39
-113
1636
3678
10358914
-164
-5
-91
-120
1698
3553
10359939
-346
-31
-158
-98
1713
3432
10360964
-598
-81
-253
-89
1806
3247
10361989
-938
-142
-419
-70
1890
2983
10363014
-1343
-216
-655
3
1902
2765
10364039
-1854
-313
-910
63
1900
2640
10365064
-2391
-406
-1155
39
1710
2622
10366089
-2680
-508
-1391
48
1358
2706
10367114
-2634
-589
-1683
235
970
2772
10368139
-2391
-616
-1982
432
653
2859
10369164
-2206
-625
-2240
515
464
3036
10370189
-2238
-663
-2433
473
343
3308
10371214
-2435
-732
-2582
546
42
3526
10364033
-2517
-734
-2714
942
-720
3724
10365058
-2345
-706
-2761
1123
-976
3745
10366083
-2131
-702
-2820
1131
-782
3799
10367108
-2245
-685
-2893
1164
-686
3867
10368133
-2451
-642
-2958
1165
-980
3827
10369158
-2489
-624
-3052
1316
-1162
3776
10370183
-2570
-583
-3165
1639
-1034
3732
10371208
-2835
-479
-3236
2056
-1129
3578
10372233
-3332
-347
-3206
2490
-1442
3326
10373258
-3765
-200
-3079
2650
-1947
3043
10374283
-3930
-48
-2978
2638
-2447
2876
10375308
-3954
39
-2906
2522
-2639
2640
10376333
-4020
24
-2819
2680
-2616
2351
10377358
-4280
44
-2663
2956
-2614
2399
10378383
-4609
115
-2505
3001
-2645
2247
10379408
-4894
167
-2396
2912
-2823
1669
10372225
-4885
179
-2310
2879
-3183
1171
10373250
-4415
186
-2330
2924
-3453
963
10374275
-3497
212
-2457
3010
-3615
887
10375300
-2347
241
-2572
3113
-3756
839
10376325
-1277
255
-2616
3260
-3569
885
10377350
-609
214
-2577
3521
-3298
929
10378375
-389
167
-2434
3635
-3080
952
10379400
-471
124
-2242
3627
-2900
977
10380425
-731
63
-2017
3658
-2857
886
10381450
-872
2
-1792
3756
-2947
842
10382475
-761
-36
-1573
3793
-3041
870
10383500
-600
-70
-1309
3689
-2958
966
10384525
-611
-135
-1051
3683
-2762
997
10385550
-686
-201
-826
3759
-2855
961
10386575
-571
-226
-642
3735
-2834
959
10387600
-489
-246
-466
3670
-2596
1017
10380415
-923
-234
-130
3723
-2758
1510
10381440
-1224
-238
169
3651
-3898
1452
10382465
-148
-136
284
3503
-3839
1512
10383490
722
-82
255
3426
-2441
1367
10384515
842
-144
223
3437
-1936
1155
10385540
863
-157
124
3408
-1578
975
10386565
835
-152
-12
3419
-1266
790
10387590
700
-162
-57
3406
-1451
743
10388615
683
-166
-75
3452
-1538
804
10389640
658
-160
-98
3696
-1440
969
10390665
460
-148
-92
3958
-1587
1115
10391690
231
-101
-52
3745
-1746
1176
10392715
69
-92
-24
3503
-1814
1168
10393740
50
-115
3
3515
-1883
1180
10394765
138
-111
15
3528
-1762
1175
10395790
194
-104
5
3499
-1686
1150
10388608
250
-92
-14
3491
-1622
1135
10389633
245
-75
-32
3504
-1541
1105
10390658
139
-66
-34
3501
-1564
1061
10391683
53
-57
-31
3512
-1649
1047
10392708
24
-43
-22
3512
-1670
1063
10393733
-10
-37
-11
3540
-1684
1052
10394758
10
-31
-11
3574
-1685
1047
10395783
42
-25
-12
3590
-1632
1045
10396808
37
-25
-12
3601
-1638
1056
10397833
52
-20
-12
3589
-1644
1075
10398858
62
-19
-7
3568
-1627
1080
10399883
52
-20
0
3554
-1631
1065
10400908
55
-21
3
3551
-1634
1048
10401933
66
-20
3
3544
-1629
1076
10402958
57
-19
4
3550
-1629
1081
10403983
43
-15
3
3549
-1651
1077
10396800
47
-12
-1
3558
-1679
1066
10397825
65
-7
-6
3560
-1661
1070
10398850
72
-7
-6
3567
-1662
1070
10399875
81
-1
-9
3549
-1633
1083
10400900
71
-1
-4
3548
-1602
1081
10401925
54
-3
-3
3541
-1608
1064
10402950
57
-2
-8
3557
-1625
1070
10403975
73
-1
-9
3564
-1626
1088
10405000
71
0
-9
3549
-1623
1091
10406025
53
-2
-8
3538
-1636
1103
10407050
40
-2
-7
3525
-1620
1110
10408075
34
-3
-5
3529
-1611
1114
10409100
36
-5
-2
3534
-1600
1115
10410125
35
-8
-2
3554
-1591
1101
10411150
31
-8
-1
3563
-1582
1099
10412175
24
-6
3
3555
-1594
1110
10404992
16
-8
3
3558
-1600
1103
10406017
10
-9
5
3556
-1623
1105
10407042
17
-7
1
3555
-1611
1096
10408067
12
-7
1
3549
-1608
1104
10409092
5
-8
4
3541
-1622
1105
10410117
11
-7
2
3541
-1608
1103
10411142
5
-5
3
3538
-1602
1099
10412167
0
-5
3
3547
-1607
1108
10413192
5
-5
3
3550
-1621
1104
10414217
11
-5
3
3555
-1613
1108
10415242
2
-7
4
3557
-1601
1110
10416267
-4
-10
7
3551
-1604
1107
10417292
-5
-11
8
3556
-1607
1106
10418317
-1
-11
9
3551
-1612
1111
10419342
0
-9
9
3553
-1594
1106
10420367
-11
-11
11
3548
-1612
1094
10413184
-9
-9
12
3562
-1616
1090
10414209
-7
-5
15
3560
-1607
1081
10415234
-13
-5
17
3561
-1608
1085
10416259
-16
-7
18
3562
-1610
1094
10417284
-14
-4
20
3550
-1602
1114
10418309
-24
-3
27
3538
-1583
1104
10419334
-31
-4
32
3559
-1610
1082
10420359
-18
-4
29
3569
-1632
1081
10421384
-4
-2
27
3582
-1630
1082
10422409
-8
0
30
3558
-1640
1093
10423434
-10
-2
31
3542
-1654
1090
10424459
0
-3
30
3544
-1651
1090
10425484
11
-1
28
3539
-1630
1100
10426509
10
-1
26
3540
-1626
1104
10427534
8
-2
26
3549
-1627
1098
10428559
-2
-4
27
3552
-1630
1101
10421461
-10
-4
25
3545
-1645
1109
10422486
-13
-5
23
3530
-1652
1103
10423511
-12
-7
23
3536
-1658
1102
10424536
-2
-7
21
3543
-1659
1098
10425561
2
-5
16
3541
-1645
1103
10426586
-10
-7
14
3534
-1654
1099
10427611
-8
-6
14
3534
-1656
1092
10428636
-5
-5
13
3529
-1658
1091
10429661
-5
-4
11
3534
-1641
1092
10430686
-10
-6
12
3542
-1651
1097
10431711
-5
-6
12
3548
-1652
1095
10432736
1
-6
14
3551
-1647
1103
10433761
5
-6
16
3553
-1649
1092
10434786
5
-6
17
3544
-1656
1089
10435811
-1
-7
18
3544
-1663
1089
10436836
1
-8
16
3544
-1660
1086
10429568
1
-6
14
3538
-1668
1092
10430593
5
-5
13
3534
-1684
1091
10431618
15
-3
11
3530
-1672
1089
10432643
18
-1
10
3538
-1655
1085
10433668
12
0
13
3543
-1654
1085
10434693
10
0
13
3554
-1644
1084
10435718
5
0
12
3544
-1656
1108
10436743
1
2
16
3525
-1654
1117
10437768
-6
0
19
3535
-1652
1097
10438793
-9
-2
16
3544
-1680
1101
10439818
-2
-1
9
3546
-1679
1108
10440843
-5
0
9
3532
-1679
1095
10441868
-5
1
10
3524
-1683
1095
10442893
-1
-1
8
3530
-1684
1110
10443918
5
0
7
3530
-1664
1106
10444943
3
-1
9
3523
-1648
1105
10437761
-4
-3
10
3532
-1645
1105
10438786
-7
-4
14
3537
-1655
1105
10439811
-4
-3
14
3540
-1663
1102
10440836
-6
-2
15
3531
-1669
1092
10441861
-11
-5
16
3534
-1676
1106
10442886
-8
-5
15
3539
-1687
1103
10443911
0
-4
11
3542
-1694
1092
10444936
6
-2
5
3526
-1684
1099
10445961
7
-2
3
3510
-1684
1105
10446986
5
-2
3
3518
-1679
1101
10448011
5
0
1
3532
-1661
1100
10449036
1
-1
0
3530
-1654
1100
10450061
-4
-3
1
3526
-1670
1105
10451086
5
-3
3
3542
-1663
1110
10452111
5
-3
4
3540
-1662
1100
10453136
-1
-5
5
3530
-1674
1102
10445953
1
-5
3
3522
-1680
1101
10446978
2
-4
3
3525
-1671
1103
10448003
-4
-3
5
3522
-1661
1110
10449028
-6
-4
5
3533
-1668
1106
10450053
-1
-5
5
3545
-1668
1105
10451078
1
-5
5
3529
-1669
1108
10452103
-1
-4
6
3532
-1672
1107
10453128
-3
-2
7
3536
-1672
1104
10454153
-7
-3
7
3532
-1670
1095
10455178
-4
-4
7
3529
-1675
1100
10456203
2
-5
7
3519
-1670
1125
10457228
-3
-4
9
3514
-1647
1117
10458253
-14
-7
10
3533
-1676
1095
10459278
-7
-6
6
3538
-1702
1102
10460303
3
-2
5
3533
-1682
1095
10461328
-5
-1
10
3517
-1679
1093
10454144
-9
-3
12
3525
-1670
1109
10455169
-4
-5
12
3531
-1647
1110
10456194
5
-6
12
3533
-1665
1122
10457219
13
-4
10
3531
-1679
1127
10458244
2
-7
11
3521
-1686
1093
10459269
-5
-9
10
3524
-1695
1085
10460294
3
-6
7
3522
-1703
1086
10461319
7
-4
3
3533
-1681
1094
10462344
7
-2
-1
3541
-1687
1097
10463369
5
-1
-3
3532
-1691
1106
10464394
7
-2
-4
3527
-1688
1120
10465419
11
-1
-4
3513
-1680
1113
10466444
12
-3
-3
3525
-1658
1104
10467469
8
-2
-2
3525
-1647
1100
10468494
4
-2
-2
3538
-1661
1095
10469519
4
-3
-2
3546
-1682
1099
10462336
13
-4
-3
3536
-1690
1118
10463361
25
-5
-4
3541
-1670
1120
10464386
23
-6
-4
3542
-1659
1106
10465411
16
-8
-6
3528
-1660
1105
10466436
16
-8
-6
3529
-1669
1106
10467461
19
-7
-7
3524
-1664
1105
10468486
20
-8
-5
3525
-1661
1114
10469511
19
-9
-6
3532
-1665
1122
10470536
18
-9
-8
3533
-1666
1124
10471561
16
-9
-8
3531
-1665
1110
10472586
18
-8
-7
3535
-1658
1101
10473611
19
-7
-6
3531
-1654
1098
10474636
17
-8
-6
3542
-1641
1102
10475661
15
-8
-7
3543
-1657
1121
10476686
18
-7
-6
3517
-1646
1138
10477711
