Device = VHR-0009
time_stamp = 1779872250073
sample_rate = 50
Data format = INT16
TYPE = 6-AXIS IMU RAW DATA
-2
-4
8
3535
-1641
954
623744
-1
-4
4
3540
-1636
953
624769
-4
-3
-1
3541
-1637
958
625794
-4
-3
1
3554
-1633
956
626819
1
-3
6
3551
-1634
962
627844
2
-3
10
3553
-1630
966
628869
0
-1
12
3546
-1624
964
629894
-6
0
10
3549
-1624
950
630919
-10
2
6
3561
-1626
955
631944
-11
3
3
3559
-1623
962
632969
-9
1
2
3557
-1630
957
633994
-8
-1
4
3549
-1634
950
635019
-6
-4
5
3551
-1632
961
636044
-4
-3
5
3539
-1635
957
637069
-4
-4
4
3533
-1648
959
638094
-6
-3
4
3540
-1645
964
639119
-5
-2
5
3544
-1651
968
631936
-3
-1
7
3538
-1645
966
632961
-1
-1
9
3547
-1638
959
633986
-2
0
8
3552
-1638
952
635011
-4
-1
7
3549
-1629
953
636036
-5
-2
5
3551
-1640
954
637061
-2
-4
5
3551
-1628
956
638086
2
-4
5
3553
-1623
953
639111
0
-4
5
3553
-1626
970
640136
-8
-3
2
3557
-1628
964
641161
-14
-1
3
3554
-1628
953
642186
-16
-2
4
3547
-1641
961
643211
-10
-3
3
3538
-1643
967
644236
-5
-3
2
3537
-1637
959
645261
-6
-4
1
3540
-1637
947
646286
-10
-4
3
3547
-1643
954
647311
-9
-4
3
3559
-1639
967
640129
-4
-5
5
3550
-1640
958
641154
-3
-5
3
3547
-1639
954
642179
-7
-5
2
3552
-1643
961
643204
-7
-4
1
3550
-1641
956
644229
-5
-4
2
3549
-1640
946
645254
-7
-4
2
3545
-1643
949
646279
-9
-3
2
3542
-1642
952
647304
-8
-4
4
3545
-1638
950
648329
-5
-4
6
3541
-1638
951
649354
-5
-3
5
3545
-1633
951
650379
-7
-3
4
3559
-1637
952
651404
-10
-1
3
3554
-1631
954
652429
-10
-2
1
3550
-1623
948
653454
-8
-3
-2
3555
-1635
948
654479
-6
-5
-2
3551
-1633
951
655504
-8
-4
4
3545
-1638
950
648329
-5
-4
6
3541
-1638
951
649354
-5
-3
5
3545
-1633
951
650379
-7
-3
4
3559
-1637
952
651404
-10
-1
3
3554
-1631
954
652429
-10
-2
1
3550
-1623
948
653454
-8
-3
-2
3555
-1635
948
654479
-6
-5
-2
3551
-1633
951
655504
-5
-7
-2
3555
-1640
950
648321
-8
-5
0
3553
-1640
952
649346
-13
-2
3
3550
-1642
955
650371
-13
-2
4
3548
-1652
961
651396
-6
-2
4
3542
-1657
948
652421
0
-2
4
3543
-1651
953
653446
4
-2
4
3546
-1647
952
654471
4
-2
5
3547
-1633
951
655496
-1
-2
5
3543
-1629
950
656521
-4
-3
4
3555
-1639
955
657546
-2
-4
5
3552
-1630
949
658571
-1
-4
5
3545
-1627
950
659596
-5
-4
4
3546
-1631
948
660621
-11
-2
2
3556
-1634
968
661646
-18
0
2
3545
-1635
962
662671
-19
0
6
3547
-1646
933
663696
-17
0
8
3556
-1655
946
656513
-15
0
10
3546
-1648
946
657538
-9
-3
9
3542
-1652
930
658563
1
-5
6
3554
-1657
943
659588
11
-9
5
3574
-1643
959
660613
12
-11
8
3578
-1629
962
661638
-27
-13
14
3599
-1600
983
662663
-102
-16
23
3640
-1679
990
663688
-182
-37
51
3652
-1709
1259
664713
-297
-36
95
3773
-1706
1556
665738
-428
34
177
3911
-1797
1351
666763
-410
132
297
3974
-2477
1569
667788
-328
153
437
3995
-3651
1896
668813
255
109
510
3897
-4205
2184
669838
1408
96
647
4231
-3713
2618
670863
2172
186
1054
4755
-3777
2794
671888
2318
394
1483
4646
-3779
2598
664705
2333
598
1799
4669
-4007
2272
665730
2540
824
1938
4796
-4000
2094
666755
2960
1088
2011
4810
-3344
2078
667780
3365
1336
2220
4792
-3416
2220
668805
3573
1541
2354
4730
-3295
2145
669830
3980
1737
2494
4607
-3579
1885
670855
4590
1909
2672
4622
-4320
1778
671880
5415
2131
2770
4585
-4900
1759
672905
6245
2375
2826
4212
-4625
1562
673930
6719
2544
2920
3243
-3845
1452
674955
6615
2638
3002
1959
-2515
1632
675980
5752
2642
3144
779
-1126
1753
677005
4416
2540
3354
-80
-770
2174
678030
3248
2354
3523
-157
-907
2457
679055
2648
2160
3586
-156
-769
2208
680080
2523
1964
3646
-136
-358
2242
672896
2482
1774
3692
91
253
2602
673921
2317
1618
3626
270
662
2604
674946
2202
1502
3432
670
1111
2684
675971
1959
1449
3157
865
1641
2403
676996
1672
1379
2842
865
1747
2382
678021
1550
1262
2466
1028
1741
2384
679046
1393
1161
2097
1096
1850
2528
680071
1140
1039
1764
1073
1548
2707
681096
927
915
1428
989
1601
2633
682121
696
777
1140
810
1830
2602
683146
391
607
903
654
1650
2733
684171
193
455
687
553
1397
2997
685196
194
338
499
394
1407
3283
686221
168
246
362
235
1558
3461
687246
30
156
266
167
1627
3365
688271
-64
77
207
95
1511
3449
681266
-104
8
179
33
1492
3681
682291
-135
-33
172
-64
1543
3958
683316
-125
-60
165
-93
1516
4095
684341
-109
-62
159
-96
1650
4003
685366
-178
-54
158
-138
1798
3875
686391
-285
-63
151
-176
1744
3867
687416
-297
-76
113
-160
1487
3872
688441
-185
-70
61
-119
1496
3873
689466
-96
-63
31
-92
1635
3859
690491
-96
-63
31
-52
1640
3896
691516
-111
-47
26
-109
1567
3954
692541
-100
-39
9
-168
1565
3963
693566
-88
-42
-1
-122
1500
3996
694591
-61
-20
-2
-97
1477
4075
695616
-9
9
9
-142
1464
4070
696641
32
32
4
-115
1524
3986
689281
25
57
-2
-107
1556
3940
690306
-23
78
-16
-114
1517
3954
691331
-41
87
-31
-140
1418
3941
692356
-2
93
-41
-122
1328
3885
693381
55
109
-45
-129
1433
3849
694406
58
108
-27
-156
1487
3884
695431
12
99
-10
-161
1498
3882
696456
-39
93
0
-194
1449
3858
697481
-31
73
7
-214
1355
3833
698506
10
61
11
-199
1425
3873
699531
-15
61
19
-234
1477
3861
700556
-50
48
16
-278
1517
3815
701581
-97
28
4
-235
1535
3826
702606
-130
17
-10
-238
1438
3855
703631
-86
10
-25
-254
1449
3865
704656
-42
-1
-33
-246
1566
3935
697473
-80
-12
-43
-159
1464
4045
698498
-128
6
-64
-185
1414
3993
699523
-118
25
-81
-230
1467
3925
700548
-120
24
-82
-249
1425
3906
701573
-115
20
-91
-248
1409
3906
702598
-113
9
-106
-249
1430
3895
703623
-154
-11
-136
-198
1433
3817
704648
-206
-43
-174
-87
1488
3685
705673
-283
-89
-223
66
1511
3572
706698
-383
-138
-313
235
1535
3467
707723
-513
-197
-446
377
1653
3334
708748
-721
-270
-614
513
1757
3196
709773
-999
-335
-831
602
1742
3076
710798
-1364
-387
-1123
653
1860
2914
711823
-1842
-459
-1471
741
1927
2647
712848
-2179
-557
-1857
829
1413
2211
705664
-2213
-621
-2293
864
1007
1954
706689
-2032
-694
-2722
793
814
1782
707714
-1915
-852
-3104
869
837
1791
708739
-2189
-1041
-3369
1142
630
2021
709764
-3113
-1135
-3571
1228
610
2203
710789
-4377
-1218
-3665
1495
53
2263
711814
-5354
-1180
-3645
2009
-1450
2528
712839
-6073
-1065
-3655
1946
-2280
2586
713864
-6403
-978
-3766
1579
-2454
2382
714889
-6394
-892
-3965
1687
-2577
2008
715914
-6155
-816
-4274
1872
-2565
1721
716939
-6106
-779
-4561
2253
-2654
1693
717964
-6995
-582
-4796
2980
-2963
1417
718989
-7861
-207
-5152
3496
-3204
729
720014
-7473
274
-5605
4038
-3665
-155
721039
-5208
640
-5882
4689
-4283
-642
713856
-1706
800
-5642
5464
-4625
-1358
714881
1723
709
-5159
5951
-5066
-894
715906
3317
496
-4611
5690
-4932
-127
716931
3657
106
-3898
5492
-4156
-354
717956
3431
-342
-3099
4911
-3214
31
718981
2382
-733
-1993
4602
-1741
1858
720006
110
-855
-927
4509
-740
2784
721031
-1344
-766
-125
4018
-1044
2396
722056
-1600
-709
380
4086
-1691
1630
723081
-1563
-680
615
4742
-2686
1199
724106
-1436
-692
536
4993
-2760
934
725131
-923
-622
289
4376
-1632
1325
726156
-307
-555
187
4174
-1150
1940
727181
36
-471
251
4043
-1471
2158
728206
196
-381
316
4039
-1237
2152
729231
-92
-267
374
4071
-736
2069
722047
-710
-138
440
4102
-718
1808
723072
-1023
-37
478
4206
-971
1532
724097
-847
23
494
4087
-1243
1455
725122
-371
35
484
3872
-1347
1521
726147
93
29
447
3865
-834
1701
727172
250
63
409
3930
-594
1715
728197
151
106
346
3956
-913
1397
729222
78
134
246
3910
-1054
1087
730247
103
156
189
3783
-901
997
731272
191
181
169
3707
-696
978
732297
223
191
174
3680
-1014
873
733322
272
179
139
3646
-1279
689
734347
413
146
107
3682
-1252
746
735372
494
122
108
3633
-1039
843
736397
501
106
128
3555
-1144
865
737422
518
98
119
3501
-1153
832
730240
494
79
98
3515
-1127
765
731265
362
56
72
3539
-1099
825
732290
23
39
27
3575
-1030
866
733315
-231
38
-22
3560
-1281
859
734340
-266
26
-48
3526
-1406
834
735365
-225
10
-48
3541
-1374
879
736390
-251
0
-26
3580
-1336
869
737415
-282
-11
3
3588
-1418
881
738440
-247
-26
29
3565
-1472
939
739465
-194
-53
54
3559
-1441
978
740490
-170
-81
80
3604
-1412
1050
741515
-143
-97
107
3588
-1411
1159
742540
-100
-108
135
3592
-1396
1227
743565
-78
-110
157
3642
-1360
1270
744590
-78
-100
172
3685
-1353
1273
745615
-51
-85
176
3701
-1326
1305
738432
21
-67
175
3709
-1365
1381
739457
88
-49
163
3736
-1307
1404
740482
89
-21
150
3761
-1283
1343
741507
73
12
135
3760
-1332
1263
742532
55
43
113
3738
-1254
1195
743557
-27
75
90
3748
-1260
1126
744582
-118
101
70
3739
-1395
1067
745607
-156
106
49
3703
-1415
1043
746632
-152
93
48
3739
-1458
1143
747657
-108
85
68
3783
-1553
1243
748682
-42
85
105
3780
-1534
1297
749707
-64
83
157
3881
-1498
1333
750732
-112
112
223
3947
-1711
1585
751757
-138
188
301
3839
-1916
1881
752782
-173
263
360
3826
-1941
1948
753807
-166
352
423
3818
-2237
2098
746633
-155
430
490
3803
-2618
2244
747658
13
492
561
3897
-2849
2081
748683
675
566
704
3984
-3513
2106
749708
1381
625
944
4169
-4056
2414
750733
1809
720
1203
4574
-3846
2769
751758
2177
919
1488
4769
-3396
2645
752783
2546
1143
1879
4811
-3443
2610
753808
2838
1316
2307
4869
-4059
2681
754833
3178
1464
2603
4919
-4228
2521
755858
3706
1630
2740
4975
-3773
2330
756883
4092
1829
2961
4884
-3768
2403
757908
4167
1966
3270
4631
-4323
2455
758933
4495
1961
3574
4128
-5281
1854
759958
5057
1899
3691
3397
-5130
1124
760983
5366
1858
3686
2911
-4658
1123
762008
5286
1861
3825
2438
-2599
1244
754816
4868
1791
4539
1384
-3423
1737
755841
5010
1742
4592
1547
-3637
2602
756866
5038
1956
4148
2090
-844
2467
757891
4427
2260
4170
1410
921
2020
758916
3721
2297
4284
1046
629
1604
759941
3429
2281
4059
1047
882
1865
760966
3103
2210
3778
1462
1339
2277
761991
2430
2179
3559
1387
1771
2222
763016
1712
2119
3212
1064
1994
1911
764041
1458
1947
2758
944
2025
1411
765066
1455
1731
2311
1000
2304
1402
766091
1311
1496
1942
961
2570
1653
767116
948
1247
1600
721
2563
1848
768141
497
949
1224
659
2297
2018
769166
180
724
837
576
2142
2117
770191
79
542
556
362
1890
2345
763008
62
359
335
142
1927
2613
764033
17
201
155
-13
2141
2841
765058
-232
95
54
-289
2161
2963
766083
-464
-17
-23
-550
1883
3256
767108
-507
-140
-126
-611
1665
3535
768133
-420
-234
-187
-621
1658
3591
769158
-344
-314
-176
-577
1623
3661
770183
-357
-359
-139
-585
1603
3803
771208
-404
-402
-122
-558
1645
3917
772233
-447
-442
-111
-434
1620
3966
773258
-444
-429
-48
-478
1467
4113
774283
-415
-407
3
-507
1419
4138
775308
-364
-379
46
-433
1511
4115
776333
-371
-333
101
-403
1563
4073
777358
-409
-279
125
-431
1530
4089
778383
-439
-235
90
-327
1468
4050
771200
-406
-194
48
-233
1407
4016
772225
-312
-197
9
-75
1284
4032
773250
-165
-205
-20
56
1423
4172
774275
-79
-228
-4
2
1403
4372
775300
-49
-279
-4
96
1282
4475
776325
8
-293
-14
322
1120
4429
777350
74
-218
-15
379
985
4380
778375
134
-136
7
383
1068
4240
779400
106
-77
41
377
1102
4212
780425
54
2
40
394
948
4212
781450
65
119
21
277
968
4119
782475
55
197
19
283
869
3960
783500
78
263
69
185
848
3832
784525
86
310
102
-65
809
3848
785550
81
337
64
-181
797
3792
786575
88
340
33
-381
916
3705
779392
101
248
32
-274
905
3687
780417
176
171
91
-41
1166
3755
781442
174
151
178
-59
1458
3797
782467
122
126
206
-165
1487
3730
783492
169
72
188
-128
1466
3723
784517
240
44
133
40
1416
3779
785542
320
73
54
108
1500
3914
786567
336
114
-27
73
1660
4059
787592
255
139
-81
64
1533
4256
788617
191
181
-143
95
1416
4414
789642
95
248
-188
11
1528
4435
790667
-119
290
-199
-60
1632
4273
791692
-354
312
-163
-125
1704
4149
792717
-498
296
-80
-331
1532
4145
793742
-490
232
-42
-490
1382
4103
794767
-389
166
-42
-457
1486
3921
787585
-327
116
-29
-442
1490
3695
788610
-309
80
-62
-475
1405
3559
789635
-296
47
-130
-397
1387
3442
790660
-343
25
-223
-318
1436
3331
791685
-456
-16
-389
-80
1412
3166
792710
-584
-42
-620
296
1451
2981
793735
-807
-51
-875
586
1631
2867
794760
-1259
-80
-1199
883
1876
2699
795785
-1993
-94
-1611
1068
2024
2302
796810
-2888
-127
-2087
1159
1823
1839
797835
-3685
-192
-2593
1250
1380
1479
798860
-4396
-237
-3106
1342
1050
1296
799885
-5060
-218
-3610
1589
623
1251
800910
-5526
-58
-4123
1868
302
1377
801935
-6076
220
-4570
2082
33
991
802960
-6902
605
-4891
2154
-646
369
795778
-8037
1080
-5097
2033
-1894
-154
796803
-9216
1613
-5385
1703
-2409
-669
797828
-9450
2161
-5714
1901
-2935
-1355
798853
-7872
2557
-6011
2136
-4374
-1192
799878
-5150
2559
-6518
2352
-4356
86
800903
-3420
2375
-7013
3417
-3134
45
801928
-2057
2207
-7457
4584
-2720
-965
802953
-261
1788
-8059
7023
-2591
-1622
803978
728
1072
-8355
12418
-4400
-2059
805003
-158
850
-7866
13782
-7089
-1848
806028
-1093
732
-6350
7164
-7658
-2837
807053
-1351
-253
-3333
4709
-6015
-2216
808078
-794
-1086
-371
5711
-1931
1934
809103
207
-1436
986
5504
-2504
3401
810128
-295
-1377
1299
4412
-4452
2288
811153
-504
-1293
1117
4378
-4141
717
803968
-582
-1206
665
4228
-2693
-476
804993
-31
-1002
302
3763
-2631
-165
806018
745
-750
115
3265
-2802
998
807043
878
-627
-51
3320
-2280
1374
808068
531
-492
-225
3644
-1853
1501
809093
94
-370
-268
4055
-1886
1332
810118
-175
-262
-145
4134
-1915
1202
811143
-475
-192
-21
4054
-1515
1278
812168
-675
-207
179
3978
-1822
1267
813193
-99
-234
379
3743
-1860
1229
814218
621
-294
515
3709
-1421
1093
815243
970
-294
678
3629
-1176
967
816268
954
-244
765
3512
-1001
853
817293
835
-173
767
3413
-1078
672
818318
773
-116
712
3418
-1045
464
819343
609
-44
603
3506
-1118
345
812159
375
38
477
3592
-1330
279
813184
185
104
361
3704
-1316
230
814209
35
160
295
3742
-1147
190
815234
-160
197
273
3724
-1150
105
816259
-319
197
260
3679
-1217
79
817284
-413
173
208
3716
-1240
75
818309
-446
139
137
3741
-1350
113
819334
-458
88
46
3794
-1480
101
820359
-413
31
-61
3832
-1701
54
821384
-195
-45
-164
3880
-1768
65
822409
83
-116
-232
3931
-1655
170
823434
302
-162
-244
3900
-1605
357
824459
444
-193
-238
3907
-1592
411
825484
518
-200
-215
3794
-1578
424
826509
551
-199
-209
3807
-1495
509
827534
510
-167
-165
3736
-1414
624
820426
390
-116
-108
3617
-1437
637
821451
280
-66
-72
3558
-1454
615
822476
185
-27
-55
3527
-1445
556
823501
104
15
-46
3440
-1455
516
824526
14
43
-55
3432
-1413
523
825551
-105
74
-61
3462
-1431
537
826576
-205
108
-65
3511
-1389
552
827601
-394
140
-72
3557
-1342
485
828626
-554
164
-76
3585
-1495
369
829651
-602
179
-76
3644
-1509
325
830676
-700
203
-70
3674
-1496
306
831701
-808
228
-62
3648
-1646
310
832726
-867
227
-74
3686
-1713
371
833751
-929
234
-77
3694
-1793
470
834776
-961
240
-78
3690
-1893
488
835801
-893
255
-66
3653
-2033
459
828544
-763
260
-47
3640
-2142
478
829569
-582
262
-11
3666
-2272
597
830594
-388
264
67
3715
-2408
613
831619
19
253
174
3738
-2709
600
832644
684
225
273
3827
-2649
846
833669
1175
251
409
3918
-2299
1075
834694
970
290
591
3886
-2108
1011
835719
513
307
738
3892
-2590
897
836744
663
309
917
4041
-3225
1315
837769
1164
357
1182
4133
-3586
1690
838794
1476
438
1467
4204
-4045
1934
839819
1739
543
1664
4337
-4502
1831
840844
2396
688
1874
4570
-4248
1932
841869
2675
914
2249
4685
-3899
2152
842894
2434
1168
2671
4588
-4291
2057
843919
2394
1372
2951
4496
-4605
1927
836735
2487
1561
3138
4355
-4595
1797
837760
2470
1707
3305
4024
-4633
1517
838785
2784
1748
3527
3696
-5562
1369
839810
3383
1744
3629
3453
-6030
1289
840835
3946
1671
3773
2731
-5547
920
841860
4337
1431
4067
2317
-5203
1081
842885
5099
1179
4473
2465
-5240
1113
843910
6042
1065
4838
2166
-4035
1281
844935
6260
1086
5179
2043
-3155
1813
845960
5738
1261
5230
1617
-2286
1856
846985
5425
1408
5154
1344
-2349
2021
848010
5465
1524
4924
1786
-2330
2202
849035
5513
1766
4660
1815
-586
1695
850060
5346
1931
4574
1354
940
1356
851085
4517
1953
4404
1452
1590
1513
852110
3239
1958
4054
1645
2427
1690
844928
1990
1929
3717
1311
3001
1996
845953
1045
1777
3332
1083
2760
2141
846978
684
1547
2883
1050
2208
2007
848003
816
1262
2370
1123
1578
1735
849028
1002
1021
1755
1072
2344
1422
850053
837
793
1257
640
3197
1465
851078
423
489
898
405
2976
1926
852103
66
246
591
183
2394
2464
853128
-134
100
325
-226
1911
3015
854153
-144
-3
101
-525
1896
3271
855178
-53
-79
-9
-580
2012
3375
856203
-75
-99
-33
-587
1931
3423
857228
-54
-81
-32
-687
1887
3482
858253
13
-88
-55
-534
2045
3600
859278
-31
-50
-51
-477
2190
3717
860303
-141
-10
-60
-508
2177
3648
853120
-205
10
-84
-517
2244
3460
854145
-215
14
-82
-611
2110
3475
855170
-152
-21
-87
-565
1895
3546
856195
-51
-13
-127
-597
2052
3499
857220
-36
-2
-139
-637
2088
3435
858245
-78
-5
-98
-735
2155
3457
859270
-174
-36
-69
-748
2068
3499
860295
-213
-54
-54
-753
1957
3548
861320
-184
-66
-26
-775
1956
3641
862345
-162
-85
19
-689
1958
3704
863370
-163
-71
73
-665
1909
3735
864395
-173
-59
105
-644
1943
3672
865420
-235
-65
123
-555
2099
3601
866445
-388
-56
166
-510
2048
3612
867470
-410
-27
167
-512
1645
3761
868495
-233
7
94
-516
1552
3792
861312
-69
37
37
-499
1875
3689
862337
-52
53
44
-511
1837
3645
863362
-36
68
17
-596
1842
3688
864387
-70
67
-23
-635
2043
3698
865412
-187
69
-33
-673
1943
3687
866437
-204
64
-32
-730
1707
3684
867462
-110
50
-44
-763
1831
3686
868487
-34
24
-32
-770
1955
3684
869512
-42
8
-14
-764
1926
3635
870537
-77
-2
-11
-773
1909
3614
871562
-86
-16
-7
-722
1877
3629
872587
-80
-13
10
-716
1865
3730
873612
-100
-8
16
-778
1878
3746
874637
-103
-22
13
-814
1808
3687
875662
-77
-49
11
-799
1716
3741
876687
-12
-71
3
-736
1715
3824
869504
50
-78
8
-640
1773
3842
870529
48
-58
21
-588
1783
3828
871554
9
-22
23
-564
1727
3781
872579
-5
16
15
-579
1719
3796
873604
-9
43
5
-590
1705
3804
874629
-7
68
5
-638
1706
3759
875654
-11
75
3
-642
1738
3730
876679
-40
77
3
-652
1782
3727
877704
-57
71
10
-673
1726
3744
878729
-29
63
10
-683
1719
3742
879754
-11
54
11
-661
1799
3685
880779
-31
46
25
-658
1852
3699
881804
-59
37
41
-689
1811
3739
882829
-51
21
44
-708
1744
3735
883854
-1
1
50
-686
1694
3712
884879
19
-9
58
-682
1706
3753
877697
3
-7
45
-720
1803
3740
878722
-15
-16
33
-719
1788
3699
879747
-36
-25
26
-658
1682
3718
880772
-11
-17
17
-650
1684
3798
881797
23
-5
0
-610
1763
3817
882822
-6
20
-22
-607
1836
3737
883847
-60
24
-51
-542
1855
3648
884872
-106
-7
-98
-317
1952
3589
885897
-170
-61
-154
-98
2055
3446
886922
-296
-145
-266
157
2152
3198
887947
-486
-264
-443
478
2168
2967
888972
-720
-415
-674
825
2170
2808
889997
-1002
-548
-928
933
2113
2681
891022
-1387
-668
-1220
815
2066
2531
892047
-1962
-801
-1572
711
2047
2325
893072
-2765
-903
-2000
794
1792
1994
885888
-3611
-920
-2507
887
1354
1630
886913
-4415
-870
-3011
1001
1091
1399
887938
-5342
-743
-3477
1199
798
1151
888963
-6281
-529
-3895
1457
184
948
889988
-7038
-241
-4322
1736
-543
588
891013
-7428
79
-4723
1999
-1080
185
892038
-7507
414
-5036
2337
-1565
36
893063
-7761
794
-5194
2769
-2262
-91
894088
-8356
1276
-5319
2965
-2934
-301
895113
-8592
1818
-5585
3107
-3123
-200
896138
-7775
2320
-5852
3495
-3808
-225
897163
-6075
2633
-6061
4145
-4532
-362
898188
-5606
2730
-6008
5338
-4630
-1069
899213
-5527
2919
-6103
5673
-4541
-1451
900238
-3188
2986
-6172
6466
-5244
-1129
901263
582
2766
-6081
7402
-5544
-280
894081
2616
2373
-5842
8174
-5016
-204
895106
2499
1871
-5305
8168
-4873
-1817
896131
2055
1194
-4567
6430
-5468
-2242
897156
1756
400
-3471
4540
-5766
364
898181
-73
-187
-1913
4465
-2897
2538
899206
-1806
-343
-557
5214
-395
2725
900231
-2065
-374
493
4478
-1957
2146
901256
-1600
-421
868
3750
-3438
1169
902281
-1212
-425
939
3502
-4407
730
903306
-672
-465
737
3592
-3207
585
904331
-87
-490
699
3608
-2358
628
905356
188
-459
742
3493
-2375
761
906381
436
-415
730
3376
-2199
953
907406
556
-388
680
3285
-1708
1117
908431
436
-354
620
3317
-1359
1331
909456
202
-304
556
3420
-1282
1547
902272
-107
-257
497
3568
-1195
1533
903297
-443
-234
466
3672
-1393
1425
904322
-573
-205
420
3743
-1679
1384
905347
-480
-182
350
3716
-1589
1297
906372
-325
-171
295
3764
-1553
1302
907397
-229
-156
249
3734
-1629
1308
908422
-246
-127
181
3589
-1392
1228
909447
-306
-94
133
3535
-1170
1201
910472
-293
-74
123
3530
-1350
1249
911497
-203
-66
100
3471
-1404
1205
912522
-104
-73
68
3524
-1495
1141
913547
-25
-72
27
3602
-1524
1031
914572
49
-67
-7
3649
-1544
877
915597
106
-58
-30
3623
-1559
818
916622
121
-43
-46
3544
-1475
959
917647
39
-32
-41
3567
-1421
947
910465
-69
-16
-27
3593
-1516
782
911490
-136
2
-29
3605
-1583
722
912515
-163
11
-46
3658
-1683
741
913540
-117
15
-54
3659
-1728
744
914565
-9
8
-62
3697
-1595
755
915590
26
18
-50
3677
-1485
839
916615
-42
31
-21
3614
-1476
856
917640
-135
37
-3
3576
-1487
845
918665
-206
40
8
3616
-1579
844
919690
-209
46
5
3616
-1607
844
920715
-177
51
4
3573
-1605
821
921740
-135
49
-5
3601
-1622
821
922765
-91
50
-21
3626
-1639
842
923790
-46
50
-43
3620
-1589
882
924815
-43
49
-69
3609
-1547
885
925840
-16
50
-87
3582
-1666
905
918656
63
45
-107
3574
-1656
944
919681
135
50
-119
3600
-1557
965
920706
159
62
-115
3681
-1584
1003
921731
130
85
-120
3697
-1598
1028
922756
68
115
-118
3510
-1532
951
923781
-2
119
-101
3421
-1488
886
924806
-24
110
-82
3519
-1602
932
925831
15
105
-88
3587
-1603
988
926856
75
100
-99
3588
-1586
994
927881
118
98
-105
3564
-1580
962
928906
134
101
-103
3524
-1523
887
929931
117
102
-93
3535
-1536
853
930956
67
102
-84
3532
-1521
872
931981
2
98
-73
3486
-1466
863
933006
-46
79
-52
3481
-1521
815
934031
-52
49
-36
3515
-1616
801
926847
-8
16
-14
3570
-1605
782
927872
29
-16
32
3618
-1542
755
928897
63
-33
103
3649
-1652
844
929922
94
-3
186
3648
-2018
1195
930947
27
15
267
3739
-2464
1432
931972
-56
7
397
3818
-2888
1595
932997
116
25
685
4006
-3295
1801
934022
386
95
1130
4158
-3677
1925
935047
635
139
1633
4307
-4242
1925
936072
1094
167
2137
4521
-4779
1871
937097
1904
223
2564
4706
-4567
1846
938122
2485
324
2995
4835
-4212
1904
939147
2662
416
3524
4801
-4943
1725
940172
2974
443
3847
4828
-5492
1228
941197
3401
452
4114
4684
-5352
1146
942222
3382
458
4359
4140
-4971
1103
935040
3509
420
4635
3771
-5704
977
936065
3946
361
4849
3277
-5604
925
937090
4000
334
4978
2466
-4854
1204
938115
3846
254
5213
1930
-5174
1340
939140
4221
124
5401
1879
-5201
1226
940165
4839
84
5529
1898
-4441
1313
941190
5241
146
5780
1964
-4500
1550
942215
5792
278
5785
2275
-3594
1639
943240
6106
546
5725
2351
-2009
1597
944265
5638
864
5660
1838
-577
1380
945290
4784
1061
5469
1578
232
1576
946315
4035
1089
5209
1732
371
1889
947340
3475
1121
4811
1582
807
1916
948365
3075
1119
4407
1363
1114
1959
949390
2655
1048
3865
1264
1764
1706
950415
2142
952
3302
1235
2276
1695
943232
1437
839
2788
1129
2368
2062
944257
794
705
2260
970
2134
2422
945282
395
544
1739
839
1803
2359
946307
264
402
1279
679
1791
2446
947332
226
276
963
530
1597
2856
948357
184
202
718
212
1342
3157
949382
172
101
489
69
1330
3153
950407
169
-2
363
-26
1620
3173
951432
110
-55
304
-227
1782
3543
952457
-29
-94
235
-348
1683
3738
953482
-118
-98
156
-438
1665
3724
954507
-133
-105
104
-457
1633
3734
955532
-151
-96
60
-441
1693
3796
956557
-191
-66
35
-503
1705
3836
957582
-190
-63
-3
-487
1629
3867
958607
-170
-44
-37
-476
1763
3938
951423
-199
-15
-43
-495
1656
4036
952448
-175
12
-41
-622
1566
4031
953473
-90
5
-38
-636
1641
3948
954498
-75
1
-19
-593
1714
3908
955523
-90
0
10
-601
1631
3903
956548
-88
0
23
-601
1600
3902
957573
-98
4
22
-606
1630
3866
958598
-88
1
14
-557
1587
3832
959623
-68
8
17
-516
1567
3844
960648
-61
25
31
-553
1563
3860
961673
-66
40
37
-572
1573
3882
962698
-107
61
37
-552
1574
3841
963723
-166
88
40
-604
1488
3783
964748
-147
92
39
-651
1388
3806
965773
-67
78
44
-594
1380
3873
966798
1
72
68
-529
1450
3940
959616
-9
91
88
-514
1549
3940
960641
-92
113
90
-549
1561
3914
961666
-145
117
85
-556
1434
3893
962691
-118
114
89
-606
1414
3915
963716
-67
101
99
-673
1448
3935
964741
-57
85
103
-674
1511
3913
965766
-74
70
115
-670
1492
3934
966791
-68
53
123
-657
1486
3953
967816
-57
47
130
-658
1517
3943
968841
-47
37
135
-645
1473
3912
969866
-11
27
126
-617
1473
3924
970891
6
26
117
-620
1494
3894
971916
10
23
106
-609
1515
3859
972941
39
10
112
-662
1582
3940
973966
46
-15
109
-697
1598
3968
974991
45
-33
86
-688
1526
3870
967809
85
-38
62
-616
1421
3816
968834
119
-38
57
-571
1408
3865
969859
109
-29
48
-536
1438
3887
970884
82
-14
40
-524
1441
3874
971909
35
-5
33
-499
1413
3855
972934
-9
9
32
-504
1439
3840
973959
-36
18
35
-543
1483
3846
974984
-57
13
34
-544
1505
3845
976009
-64
11
28
-577
1505
3867
977034
-37
1
12
-556
1507
3874
978059
-10
-3
4
-562
1583
3858
979084
-11
-7
4
-556
1573
3859
980109
-32
-7
-5
-575
1519
3908
981134
-44
-16
-38
-539
1497
3940
982159
-41
-11
-77
-502
1541
3880
983184
-30
-3
-98
-526
1486
3822
975999
-1
-1
-120
-528
1464
3831
977024
7
-1
-143
-485
1545
3812
978049
-47
-7
-159
-439
1556
3734
979074
-107
-30
-186
-371
1494
3628
980099
-120
-56
-237
-298
1497
3595
981124
-116
-87
-311
-178
1559
3569
982149
-124
-114
-421
65
1530
3432
983174
-153
-121
-565
359
1477
3331
984199
-274
-121
-768
567
1695
3326
985224
-548
-142
-1008
738
1875
3320
986249
-1071
-171
-1262
813
1950
3278
987274
-1930
-218
-1559
966
2083
3100
988299
-3036
-225
-1846
1146
1624
2674
989324
-4068
-189
-2150
1188
1028
2307
990349
-4974
-142
-2498
1192
596
2001
991374
-5645
-38
-2849
1320
-163
1826
984192
-6079
184
-3262
1476
-629
1921
985217
-6600
507
-3684
1730
-897
1821
986242
-7059
960
-3983
2008
-1522
1259
987267
-7383
1497
-4184
1945
-2010
436
988292
-7526
1995
-4217
1677
-2725
-589
989317
-7060
2433
-4314
1210
-3469
-930
990342
-5981
2637
-4536
1010
-3908
-801
991367
-4412
2648
-4728
1423
-4553
-854
992392
-2867
2590
-4832
1942
-5072
-799
993417
-1991
2572
-5068
1584
-3943
-383
994442
-2053
2487
-5382
1966
-3239
-64
995467
-2507
2451
-5775
2946
-3438
150
996492
-2696
2454
-6203
3835
-3669
65
997517
-3253
2366
-6528
5506
-4449
-729
998542
-4371
2229
-6594
6671
-5557
-1527
999567
-3982
2085
-6612
6616
-5281
-1774
992385
-1595
1851
-6243
7340
-4164
-1869
993410
1201
1387
-5419
7807
-4451
-1688
994435
2465
705
-4359
6637
-4918
-989
995460
1108
23
-2768
5143
-4325
-585
996485
-675
-446
-1284
5053
-3196
900
997510
-1275
-685
-197
5108
-2422
2119
998535
-1160
-783
490
4432
-2880
1854
999560
-783
-788
787
3862
-3624
1211
1000585
-330
-764
802
3470
-4110
603
1001610
376
-745
620
3217
-3589
508
1002635
1250
-705
472
3556
-2079
1019
1003660
1638
-577
542
3983
-884
1358
1004685
1270
-392
694
3737
-757
1526
1005710
655
-271
727
3434
-842
1556
1006735
304
-217
660
3471
-588
1422
1007760
119
-171
613
3649
-675
1258
1000576
-39
-122
570
3824
-1022
1032
1001601
-98
-93
539
3930
-1398
694
1002626
-34
-72
482
3879
-1287
543
1003651
109
-51
397
3941
-1018
602
1004676
195
-37
336
4047
-1198
591
1005701
225
-26
290
3922
-1428
582
1006726
225
-37
236
3872
-1282
583
1007751
199
-42
222
3877
-994
586
1008776
186
-38
249
3890
-960
665
1009801
172
-27
271
3807
-1140
742
1010826
116
-19
252
3628
-1200
721
1011851
95
-25
209
3578
-1274
657
1012876
98
-30
166
3595
-1354
644
1013901
104
-28
109
3604
-1284
639
1014926
95
-15
51
3586
-1290
618
1015951
104
-3
2
3567
-1390
579
1008768
104
4
-38
3584
-1388
536
1009793
80
5
-62
3656
-1385
540
1010818
52
8
-63
3715
-1466
571
1011843
28
12
-57
3712
-1436
570
1012868
11
15
-37
3673
-1461
541
1013893
13
9
-11
3669
-1507
549
1014918
23
1
10
3670
-1497
578
1015943
9
-3
25
3643
-1427
616
1016968
-23
-6
30
3648
-1484
624
1017993
-25
-7
23
3639
-1508
635
1019018
-20
-6
6
3623
-1488
650
1020043
-21
-6
-12
3619
-1500
648
1021068
-4
-4
-25
3640
-1518
665
1022093
13
-1
-26
3662
-1559
713
1023118
37
-2
-30
3633
-1617
702
1024143
96
-17
-27
3612
-1632
682
1016959
144
-41
-11
3621
-1595
677
1017984
181
-53
1
3627
-1574
705
1019009
198
-50
11
3642
-1550
727
1020034
132
-32
23
3629
-1494
696
1021059
37
-11
27
3602
-1470
637
1022084
-9
-3
33
3625
-1541
616
1023109
-4
2
33
3675
-1561
659
1024134
3
3
37
3661
-1483
677
1025159
0
0
45
3636
-1452
679
1026184
11
-9
42
3640
-1527
661
1027209
47
-19
30
3636
-1524
601
1028234
106
-32
27
3610
-1533
551
1029259
202
-47
31
3599
-1622
541
1030284
347
-71
35
3610
-1632
612
1031309
444
-104
51
3700
-1513
724
1032334
401
-81
103
3744
-1497
824
1025152
292
-34
177
3791
-1642
918
1026177
205
21
258
3804
-1971
1187
1027202
144
88
373
3765
-2353
1649
1028227
-53
169
511
3709
-2419
2019
1029252
-188
250
715
3844
-2870
2043
1030277
-72
354
989
4000
-3667
2067
1031302
242
449
1268
4082
-4120
1887
1032327
758
513
1555
4181
-4585
1662
1033352
1575
545
1868
4447
-4931
1503
1034377
2499
640
2170
4707
-4830
1432
1035402
3079
816
2505
4768
-4546
1517
1036427
3263
1000
2898
4840
-4509
1592
1037452
3557
1145
3346
4809
-5773
1286
1038477
4361
1229
3633
4949
-5849
1196
1039502
4420
1331
3924
4755
-4834
1479
1040527
3993
1423
4315
4235
-5186
1560
1033380
4163
1372
4638
3644
-5383
1200
1034405
4336
1276
4909
2901
-4565
1029
1035430
4190
1179
5171
2221
-4393
1378
1036455
4069
1023
5296
2001
-4388
1527
1037480
4024
932
5303
1662
-3206
1598
1038505
3945
921
5440
1224
-2783
2126
1039530
4041
894
5485
1238
-3027
2101
1040555
4364
967
5253
1243
-2014
1854
1041580
4927
1068
5027
1013
-1791
1608
1042605
5572
1152
4750
1217
-1545
1325
1043630
5905
1293
4424
1386
209
1221
1044655
5277
1475
4226
1235
1906
1691
1045680
3893
1467
4111
1217
1824
1846
1046705
2581
1387
3799
1246
1954
1995
1047730
1573
1302
3410
1156
2450
2259
1048755
836
1152
2994
1145
2583
2185
1041536
441
1018
2528
1007
2327
2116
1042561
331
870
2037
866
1807
2277
1043586
384
737
1569
760
1969
2343
1044611
399
611
1176
616
2374
2412
1045636
207
487
857
447
2324
2621
1046661
-35
370
593
260
2078
2837
1047686
-174
266
392
2
2125
3047
1048711
-285
158
252
-194
1971
3268
1049736
-340
65
148
-353
1909
3370
1050761
-338
-18
71
-430
2043
3549
1051786
-395
-74
29
-449
2039
3710
1052811
-456
-98
-11
-510
1944
3678
1053836
-440
-117
-60
-550
1927
3586
1054861
-355
-142
-83
-553
1838
3595
1055886
-245
-160
-94
-515
1781
3714
1056911
-158
-151
-102
-516
1781
3778
1049728
-94
-131
-105
-558
1842
3793
1050753
-116
-111
-91
-563
1926
3836
1051778
-218
-93
-67
-531
1896
3833
1052803
-299
-72
-49
-549
1789
3748
1053828
-296
-78
-50
-533
1604
3614
1054853
-203
-84
-56
-596
1561
3572
1055878
-94
-119
-43
-585
1581
3641
1056903
-25
-146
-20
-553
1647
3757
1057928
-21
-155
14
-530
1692
3867
1058953
-75
-148
34
-486
1742
3917
1059978
-149
-128
43
-457
1715
3864
1061003
-175
-105
58
-479
1756
3866
1062028
-199
-97
66
-474
1717
3898
1063053
-205
-84
60
-464
1642
3889
1064078
-132
-74
59
-459
1624
3944
1065103
-90
-63
62
-431
1732
3986
1057920
-122
-45
64
-436
1735
3949
1058945
-141
-35
59
-444
1679
3870
1059970
-115
-31
53
-430
1626
3892
1060995
-60
-31
58
-426
1578
3938
1062020
16
-33
67
-458
1608
3947
1063045
58
-48
78
-414
1672
3948
1064070
46
-60
95
-379
1638
3975
1065095
53
-67
104
-307
1599
3985
1066120
74
-49
100
-300
1691
3935
1067145
49
-26
73
-335
1723
3833
1068170
22
-9
36
-363
1670
3771
1069195
28
1
0
-377
1629
3771
1070220
51
6
-27
-370
1627
3762
1071245
47
17
-47
-396
1689
3740
1072270
17
13
-54
-421
1713
3736
1073295
-26
1
-55
-399
1655
3750
1066111
-26
-2
-58
-415
1617
3771
1067136
6
-10
-64
-421
1651
3785
1068161
24
-17
-59
-420
1650
3832
1069186
14
-17
-61
-429
1697
3830
1070211
-29
-17
-64
-430
1680
3786
1071236
-45
-23
-62
-418
1558
3811
1072261
6
-36
-60
-384
1491
3868
1073286
51
-37
-54
-317
1636
3900
1074311
4
-18
-55
-295
1751
3833
1075336
-60
-2
-61
-335
1684
3772
1076361
-62
-2
-71
-400
1629
3772
1077386
-41
-15
-88
-429
1680
3805
1078411
-35
-28
-97
-418
1685
3838
1079436
-39
-34
-101
-439
1691
3822
1080461
-54
-50
-103
-454
1665
3782
1081486
-48
-77
-100
-419
1580
3802
1074304
-15
-90
-99
-378
1623
3886
1075329
-25
-85
-119
-320
1730
3867
1076354
-97
-75
-157
-282
1805
3754
1077379
-209
-90
-204
-159
1788
3668
1078404
-330
-110
-262
40
1728
3592
1079429
-487
-109
-365
159
1723
3475
1080454
-699
-107
-523
218
1727
3350
1081479
-963
-123
-724
343
1675
3220
1082504
-1220
-137
-930
498
1431
3160
1083529
-1402
-124
-1158
585
1271
3081
1084554
-1515
-114
-1403
619
1331
2995
1085579
-1718
-111
-1638
615
1229
3130
1086604
-2148
-94
-1952
659
1152
3309
1087629
-2555
-51
-2276
808
646
3327
1088654
-2828
13
-2592
810
287
3153
1089679
-3118
43
-2877
761
204
2839
1082496
-3496
33
-3117
801
-115
2427
1083521
-3785
2
-3334
915
-645
2213
1084546
-3863
-40
-3532
988
-1323
2305
1085571
-3923
-109
-3754
979
-1338
2444
1086596
-4137
-178
-3961
1065
-955
2274
1087621
-4340
-195
-4083
1352
-1346
1743
1088646
-4404
-105
-4222
1567
-2377
1651
1089671
-4652
83
-4509
1738
-2753
1759
1090696
-5208
346
-4782
1861
-2226
1462
1091721
-5663
655
-4912
2002
-2314
976
1092746
-5712
968
-5071
2265
-2989
488
1093771
-5169
1222
-5344
2628
-3676
73
1094796
-4290
1291
-5465
3355
-4813
73
1095821
-3826
1304
-5709
3620
-3959
273
1096846
-3498
1315
-5941
3876
-3380
-306
1097871
-2597
1204
-5961
4681
-3535
-701
1090721
-1257
1036
-5974
5779
-3246
-288
1091746
-421
827
-6005
7351
-3324
355
1092771
-755
736
-5822
8388
-4038
72
1093796
-1736
699
-5175
7776
-4587
-1363
1094821
-2739
504
-4123
6451
-4984
-1445
1095846
-3639
215
-2593
4959
-5067
675
1096871
-3686
-144
-1061
4851
-2331
2301
1097896
-2695
-477
213
4729
-1404
2177
1098921
-1743
-662
886
3925
-3088
1370
1099946
-774
-748
1037
3783
-5310
845
1100971
-39
-774
707
3694
-4286
488
1101996
714
-643
266
3648
-1640
828
1103021
984
-434
227
3367
-1518
1379
1104046
736
-270
247
3246
-1945
1627
1105071
330
-180
153
3402
-1931
1640
1106096
-71
-108
169
3449
-1429
1610
1098880
-343
-77
299
3588
-1553
1561
1099905
-279
-81
402
3719
-1823
1435
1100930
-66
-85
485
3773
-1616
1360
1101955
104
-86
579
3903
-1526
1261
1102980
245
-74
609
3918
-1380
1064
1104005
361
-42
578
3792
-1173
1081
1105030
344
-12
520
3774
-1184
1185
1106055
243
7
443
3766
-1328
1163
1107080
160
17
375
3718
-1337
1038
1108105
162
27
339
3621
-1219
985
1109130
199
29
329
3579
-1146
964
1110155
230
15
337
3630
-1244
888
1111180
344
12
349
3691
-1361
862
1112205
473
23
370
3636
-1376
910
1113230
556
38
373
3524
-1216
993
1114255
508
39
360
3509
-1179
1080
1107072
297
36
318
3520
-1274
1024
1108097
97
28
246
3528
-1412
908
1109122
-4
21
165
3466
-1383
859
1110147
-9
18
99
3439
-1355
892
1111172
-16
7
49
3479
-1497
878
1112197
-32
4
-1
3458
-1555
855
1113222
-56
-8
-49
3491
-1517
895
1114247
-55
-24
-67
3556
-1552
940
1115272
-27
-39
-66
3557
-1616
965
1116297
-11
-59
-63
3540
-1598
970
1117322
-29
-69
-57
3535
-1593
1008
1118347
-55
-75
-59
3529
-1656
1050
1119372
-48
-76
-80
3511
-1721
1055
1120397
-22
-76
-95
3492
-1684
1051
1121422
-16
-75
-94
3492
-1716
1100
1122447
6
-73
-101
3515
-1761
1135
1115264
35
-66
-97
3536
-1721
1135
1116289
28
-55
-82
3544
-1752
1113
1117314
35
-45
-71
3543
-1812
1139
1118339
56
-32
-48
3605
-1780
1200
1119364
87
1
-6
3730
-1784
1272
1120389
98
56
30
3817
-1731
1184
1121414
91
133
73
3723
-1590
1190
1122439
47
166
158
3697
-1681
1302
1123464
-22
170
258
3648
-1950
1437
1124489
-83
142
375
3595
-2486
1396
1125514
25
98
452
3591
-2881
1417
1126539
347
67
513
3527
-3069
1570
1127564
733
63
629
3564
-3240
1812
1128589
1124
92
851
3715
-3664
1893
1129614
1470
168
1132
3779
-3850
1807
1130639
1753
257
1474
3946
-4050
1926
1123457
1891
338
1854
4172
-4085
2064
1124482
1841
443
2250
4424
-4132
2271
1125507
1409
567
2741
4553
-4192
2061
1126532
1105
638
3292
4378
-5163
1501
1127557
1753
595
3624
4327
-5857
1085
1128582
3061
546
3883
4090
-5500
1262
1129607
3640
533
4127
3636
-4872
1452
1130632
3740
525
4327
3297
-4908
1369
1131657
4000
532
4491
2936
-4665
1211
1132682
4034
565
4644
2564
-4352
1450
1133707
3932
576
4761
2288
-4397
1640
1134732
4496
602
4874
2177
-4552
2108
1135757
5188
721
4948
2114
-3723
2521
1136782
5678
929
4968
2279
-2850
2522
1137807
6237
1361
4991
2299
-2084
2111
1138832
6116
1881
4855
1706
-1022
1927
1131648
5221
2152
4429
1063
144
1980
1132673
4242
2190
4078
778
982
2542
1133698
3287
2140
3889
359
901
2707
1134723
2687
2010
3743
-234
588
2708
1135748
2511
1724
3586
-99
25
2534
1136773
2337
1503
3384
-21
699
2237
1137798
2085
1324
3244
-208
1048
2383
1138823
1747
1128
3051
-25
967
2582
1139848
1471
973
2849
339
1274
2288
1140873
1320
857
2701
438
1726
2115
1141898
966
723
2524
385
2202
2192
1142923
376
572
2241
360
2519
2302
1143948
-116
397
1820
599
2400
2377
1144973
-252
294
1405
472
2259
2475
1145998
-74
206
1033
239
2356
2646
1147023
89
129
696
170
2789
2835
1139841
-82
97
430
-100
2733
2900
1140866
-279
45
146
-363
2253
2925
1141891
-147
-48
-88
-318
2044
3157
1142916
24
-76
-181
-403
2261
3483
1143941
-19
-60
-186
-618
2192
3611
1144966
-71
-58
-182
-684
2002
3552
1145991
-72
-71
-182
-643
2057
3499
1147016
-127
-69
-158
-584
2044
3570
1148041
-192
-28
-121
-746
2062
3631
1149066
-193
-24
-100
-789
2018
3626
1150091
-161
-30
-86
-712
2100
3546
1151116
-109
-29
-37
-725
2094
3520
1152141
-48
-41
6
-744
2054
3624
1153166
-33
-39
34
-784
2073
3640
1154191
-24
-46
50
-745
2114
3577
1155216
-35
-47
66
-661
2158
3545
1148032
-70
-28
86
-686
2015
3538
1149057
-35
-16
74
-706
2036
3562
1150082
-12
-3
52
-669
2184
3569
1151107
-80
24
40
-661
2147
3505
1152132
-130
41
31
-702
2037
3469
1153157
-114
34
24
-727
2055
3533
1154182
-111
26
35
-740
2017
3583
1155207
-92
22
49
-760
1976
3600
1156232
-48
21
62
-732
2049
3604
1157257
-60
33
88
-724
2153
3592
1158282
-125
46
104
-709
2114
3588
1159307
-141
60
95
-719
2000
3616
1160332
-77
71
76
-745
1962
3659
1161357
-1
82
63
-732
2036
3648
1162382
25
95
67
-737
2059
3667
1163407
-3
104
66
-726
2066
3692
1156223
-63
114
74
-769
2064
3645
1157248
-111
103
84
-744
1993
3618
1158273
-149
93
100
-694
1949
3625
1159298
-122
88
124
-730
1860
3602
1160323
-23
76
120
-726
1880
3512
1161348
43
62
100
-694
2062
3468
1162373
14
49
83
-658
2107
3478
1163398
-38
46
67
-713
2096
3476
1164423
-63
25
47
-770
2053
3452
1165448
-56
-4
22
-763
2072
3467
1166473
-26
-33
0
-733
2059
3504
1167498
9
-52
-22
-738
2034
3564
1168523
24
-58
-40
-766
2013
3548
1169548
2
-69
-67
-745
2065
3508
1170573
-36
-85
-79
-695
1983
3570
1171598
-24
-85
-75
-673
1955
3645
1164416
-15
-79
-88
-649
2009
3592
1165441
-51
-82
-138
-569
2038
3519
1166466
-99
-96
-229
-375
2041
3530
1167491
-141
-95
-339
-145
2139
3548
1168516
-237
-75
-497
26
2252
3359
1169541
-442
-64
-741
231
2347
3066
1170566
-765
-74
-1053
459
2333
2818
1171591
-1132
-104
-1381
636
2264
2677
1172616
-1543
-127
-1700
693
2332
2668
1173641
-2004
-156
-2026
724
2421
2798
1174666
-2649
-207
-2389
898
2553
2957
1175691
-3785
-155
-2773
1029
2623
2836
1176716
-4843
11
-3184
1185
1381
2443
1177741
-4981
178
-3547
1506
-534
2021
1178766
-4602
388
-3846
1257
-1141
1701
1179791
-4472
572
-4120
841
-1198
1465
1172608
-4802
576
-4288
932
-1392
1168
1173633
-5142
651
-4458
1222
-2239
911
1174658
-5003
775
-4646
1266
-3252
508
1175683
-4397
868
-4944
1014
-2771
608
1176708
-4422
881
-5215
1259
-1979
634
1177733
-5313
1031
-5428
1572
-1940
-83
1178758
-5983
1293
-5567
1742
-3241
-1271
1179783
-4712
1470
-5692
1874
-6379
-1510
1180808
-2448
1326
-5873
1304
-6466
81
1181833
-1963
990
-6262
1525
-2947
1108
1182858
-2615
902
-6250
2919
-2864
686
1183883
-1916
1006
-6221
4146
-5132
377
1184908
-413
873
-6503
5639
-5547
1054
1185933
-793
628
-6610
7671
-4395
693
1186958
-2038
653
-6351
8608
-3975
-886
1187983
-2366
674
-5641
8246
-4136
-1003
1180800
-2399
473
-4351
6900
-4934
-41
1181825
-2277
24
-2535
5205
-5641
1153
1182850
-1823
-471
-887
4577
-3490
2126
1183875
-1178
-749
131
4506
-2022
2221
1184900
-832
-777
611
4155
-3173
1558
1185925
-311
-697
726
4079
-4796
1057
1186950
-9
-622
386
3937
-3839
685
1187975
452
-510
143
3592
-2593
656
1189000
637
-435
118
3266
-2209
1054
1190025
434
-320
59
3271
-1910
1483
1191050
129
-200
82
3306
-2024
1508
1192075
-2
-128
114
3370
-1998
1377
1193100
69
-99
159
3506
-2099
1431
1194125
172
-77
227
3654
-1941
1433
1195150
196
-47
324
3755
-1686
1166
1196175
205
-18
411
3820
-1651
979
1188992
222
6
444
3841
-1573
935
1190017
218
32
433
3797
-1457
905
1191042
114
61
409
3724
-1503
892
1192067
-23
77
366
3643
-1610
809
1193092
-35
72
319
3615
-1604
786
1194117
44
60
302
3552
-1540
855
1195142
82
51
309
3538
-1456
848
1196167
57
56
307
3509
-1356
749
1197192
29
60
286
3475
-1294
739
1198217
-3
69
263
3471
-1339
828
1199242
-26
63
241
3462
-1496
828
1200267
8
48
189
3475
-1598
815
1201292
55
38
123
3514
-1574
836
1202317
69
29
69
3554
-1578
821
1203342
73
26
17
3541
-1552
831
1204367
74
25
-21
3570
-1505
879
1197184
54
30
-26
3594
-1508
883
1198209
-8
37
-27
3570
-1519
817
1199234
-71
40
-46
3539
-1539
816
1200259
-85
37
-67
3558
-1629
904
1201284
-56
37
-84
3539
-1631
923
1202309
-39
34
-94
3542
-1601
905
1203334
-79
32
-106
3544
-1616
866
1204359
-89
29
-120
3564
-1668
917
1205384
-59
29
-124
3567
-1701
963
1206409
-52
26
-119
3566
-1689
894
1207434
-49
22
-119
3542
-1737
848
1208459
-8
14
-121
3520
-1759
921
1209484
41
6
-114
3524
-1731
983
1210509
33
4
-96
3503
-1723
915
1211534
5
7
-81
3499
-1748
873
1212559
-8
9
-68
3511
-1782
873
1205376
11
7
-49
3533
-1778
895
1206401
30
6
-23
3530
-1766
901
1207426
8
0
-2
3528
-1754
874
1208451
-14
-1
11
3523
-1769
870
1209476
-1
-7
22
3537
-1817
880
1210501
38
-19
34
3565
-1839
913
1211526
65
-21
48
3554
-1805
960
1212551
55
-20
73
3529
-1820
966
1213576
34
-21
101
3575
-1918
1009
1214601
-6
-23
153
3666
-2184
1092
1215626
-68
-29
266
3709
-2566
1187
1216651
15
-37
450
3704
-2918
1320
1217676
195
-27
733
3818
-3370
1325
1218701
542
5
1107
4067
-3946
1434
1219726
923
59
1551
4198
-4375
1624
1220751
1252
89
2015
4204
-4789
1453
1213568
1786
63
2346
4372
-4596
1369
1214593
2427
162
2732
4541
-4518
1495
1215618
3016
378
3092
4328
-4782
1744
1216643
3275
468
3369
4202
-5068
1810
1217668
3595
433
3587
4201
-5320
1560
1218693
4120
386
3879
4240
-5618
1460
1219718
4485
380
4161
4106
-5560
1325
1220743
4834
417
4553
3999
-6077
1365
1221768
4846
517
4783
3362
-5128
1289
1222793
4589
610
4983
2418
-4135
1475
1223818
4336
597
5372
2014
-4593
1755
1224843
4375
569
5504
1875
-3930
1767
1225868
4596
665
5713
1439
-3375
1841
1226893
4650
780
5742
1061
-2531
1803
1227918
4940
838
5624
1264
-2204
1989
1228943
5567
1036
5374
1326
-1829
2126
1221761
6269
1356
4992
1011
-651
2431
1222786
6357
1598
4621
1153
252
2477
1223811
5313
1836
4292
1069
1313
2434
1224836
3703
1936
4061
593
1787
2045
1225861
2497
1762
3769
477
880
1638
1226886
2015
1495
3427
852
731
1873
1227911
1621
1372
3152
891
1083
2189
1228936
1041
1266
2878
707
1116
1722
1229961
656
1049
2523
432
1490
1203
1230986
429
764
2142
283
2416
1436
1232011
24
484
1768
324
2490
1896
1233036
-149
260
1337
445
2198
2231
1234061
-5
96
939
589
2150
2566
1235086
102
13
657
505
2208
2858
1236111
196
-58
396
531
2263
3199
1237136
134
-76
161
473
2452
3400
1229954
-115
-65
29
182
2480
3525
1230979
-315
-70
-47
22
2180
3715
1232004
-416
-51
-87
-163
2031
3811
1233029
-383
-42
-96
-366
1937
3885
1234054
-264
-57
-68
-430
1843
4011
1235079
-140
-53
-29
-458
1818
3893
1236104
62
-42
18
-485
1875
3732
1237129
192
-44
67
-515
2156
3726
1238154
180
-30
98
-463
2144
3775
1239179
145
9
117
-436
2007
3687
1240204
165
40
142
-456
2163
3614
1241229
81
49
162
-353
2351
3569
1242254
-112
76
165
-354
2350
3475
1243279
-180
85
156
-475
2113
3417
1244304
-65
60
125
-470
2004
3446
1245329
45
44
107
-393
2082
3500
1238144
44
53
97
-404
2163
3506
1239169
-44
56
92
-478
2212
3493
1240194
-132
40
87
-460
2117
3510
1241219
-132
24
90
-428
2004
3573
1242244
-59
20
85
-457
1979
3594
1243269
-10
23
75
-473
2094
3607
1244294
-54
27
61
-452
2225
3599
1245319
-137
31
49
-421
2115
3607
1246344
-144
35
29
-409
1997
3618
1247369
-55
42
11
-422
2059
3618
1248394
2
34
5
-438
2136
3600
1249419
8
19
-3
-458
2114
3558
1250444
14
-1
-8
-484
2140
3528
1251469
-9
-21
-16
-494
2168
3562
1252494
-23
-41
-9
-446
2008
3586
1253519
32
-40
-15
-432
2047
3613
1246587
60
-28
-15
-495
2106
3598
1247612
33
-23
-26
-485
2156
3557
1248637
-25
-15
-30
-479
2108
3572
1249662
-44
-7
-25
-482
2014
3603
1250687
-13
1
-19
-471
2031
3574
1251712
-10
4
-15
-479
2083
3532
1252737
-25
-1
-11
-503
2051
3550
1253762
-18
-5
-1
-477
2027
3610
1254787
-29
3
19
-472
2080
3618
1255812
-58
7
31
-507
2052
3588
1256837
-58
2
38
-532
2066
3553
1257862
-39
-8
46
-504
2040
3603
1258887
-15
-6
44
-462
2042
3670
1259912
-6
16
32
-454
2022
3668
1260937
-8
35
17
-387
1981
3600
1261962
22
48
18
-333
1963
3561
1254528
41
62
20
-333
2083
3545
1255553
-24
69
14
-349
2097
3538
1256578
-87
72
-18
-323
2059
3529
1257603
-86
77
-67
-273
2098
3564
1258628
-86
82
-118
-221
2100
3555
1259653
-76
88
-179
-176
2192
3540
1260678
-133
95
-267
-83
2301
3529
1261703
-277
92
-395
117
2270
3465
1262728
-421
88
-536
326
2192
3401
1263753
-585
90
-703
475
2190
3361
1264778
-824
109
-923
631
2189
3326
1265803
-1143
166
-1171
743
1972
3238
1266828
-1515
227
-1428
732
1617
3051
1267853
-1832
246
-1736
837
1301
2886
1268878
-2265
290
-2015
877
1063
2800
1269903
-3001
379
-2298
761
635
2515
1262720
-3785
440
-2576
585
294
2120
1263745
-4321
430
-2796
407
89
2053
1264770
-4608
373
-2963
257
-315
2175
1265795
-4658
328
-3201
161
-825
2017
1266820
-4424
342
-3472
84
-1523
1943
1267845
-4276
381
-3893
-27
-1251
1614
1268870
-4155
453
-4283
165
-1003
1317
1269895
-4065
629
-4612
578
-1749
1486
1270920
-4320
838
-5122
784
-2488
1330
1271945
-4538
1010
-5615
1188
-3633
981
1272970
-4698
1230
-6023
1271
-3164
662
1273995
-4783
1411
-6246
1674
-2983
567
1275020
-5030
1616
-6437
2294
-3606
6
1276045
-5324
1712
-6517
3006
-5348
-531
1277070
-5936
1837
-6671
3392
-5475
-293
1278095
-6207
2023
-6980
3311
-4776
-337
1270912
-5047
2002
-7183
4085
-4142
-242
1271937
-2228
1880
-6982
5507
-3714
-274
1272962
178
1488
-6540
7477
-4381
-736
1273987
460
935
-6149
8762
-5096
-1384
1275012
425
681
-5655
8112
-5333
-785
1276037
649
526
-4398
6636
-4757
-474
1277062
178
214
-2900
5477
-3275
-804
1278087
-588
-78
-1508
5025
-3059
531
1279112
-966
-257
-315
4596
-3450
1880
1280137
-986
-391
414
4461
-2790
1971
1281162
-1047
-398
775
4241
-2356
1574
1282187
-1068
-311
900
3751
-3205
1371
1283212
-575
-206
710
2758
-3918
1130
1284237
422
-255
330
2609
-4250
1092
1285262
1436
-381
37
3606
-2448
1101
1286287
1650
-260
178
3902
-421
1318
1279104
996
-91
542
3596
-718
1583
1280129
489
-27
760
3581
-1258
1465
1281154
418
7
780
3756
-945
1237
1282179
238
72
732
3775
-587
1122
1283204
61
123
699
3780
-675
1042
1284229
-64
134
661
3904
-1186
964
1285254
-87
124
593
3939
-1482
883
1286279
-1
99
489
3823
-1236
828
1287304
142
70
384
3694
-884
846
1288329
226
40
317
3678
-976
809
1289354
203
12
246
3643
-1052
713
1290379
148
-8
165
3592
-984
777
1291404
127
-16
108
3547
-985
842
1292429
146
-28
79
3594
-1103
825
1293454
133
-29
57
3617
-1113
770
1294479
67
-24
37
3603
-1031
770
1287296
18
-19
23
3593
-1026
849
1288321
-21
-15
8
3643
-1176
918
1289346
-59
-14
-19
3674
-1277
907
1290371
-88
-15
-45
3666
-1309
885
1291396
-87
-16
-56
3655
-1324
953
1292421
-69
-21
-56
3658
-1388
981
1293446
-52
-20
-65
3638
-1414
982
1294471
-62
-12
-78
3622
-1439
993
1295496
-120
2
-90
3615
-1473
1015
1296521
-231
27
-99
3607
-1468
1001
1297546
-346
58
-100
3576
-1491
954
1298571
-394
79
-102
3571
-1584
934
1299596
-378
85
-102
3578
-1667
926
1300621
-341
77
-89
3594
-1704
929
1301646
-284
63
-65
3618
-1711
941
1302671
-204
50
-34
3649
-1717
994
1295488
-121
43
9
3666
-1750
1014
1296513
-50
38
61
3709
-1795
1008
1297538
9
45
115
3804
-1868
1078
1298563
7
72
173
3860
-1756
1172
1299588
-50
110
226
3875
-1593
1245
1300613
-91
158
277
3704
-1643
1324
1301638
-65
179
308
3592
-1895
1380
1302663
-24
181
321
3641
-2138
1425
1303688
37
180
360
3714
-2183
1491
1304713
153
190
452
3734
-2265
1477
1305738
337
201
611
3630
-2651
1525
1306763
573
187
832
3699
-3168
1582
1307788
774
173
1106
3910
-3545
1543
1308813
1050
230
1368
3842
-3445
1536
1309838
1318
311
1657
3836
-3796
1474
1310863
1577
390
1912
4027
-4160
1573
1303680
1815
519
2171
4163
-3837
1844
1304705
1991
654
2563
4145
-4353
1890
1305730
1981
775
2840
4212
-4053
1863
1306755
1549
859
3173
4290
-4150
1692
1307780
1379
862
3695
4397
-5552
1544
1308805
1913
800
4074
4524
-5990
1443
1309830
2718
756
4419
4321
-5644
1462
1310855
2928
741
4805
3692
-5280
1219
1311880
2855
622
5161
3289
-5559
1112
1312905
3091
435
5353
2923
-4896
1209
1313930
3273
319
5555
2229
-3804
1261
1314955
3150
230
5699
1600
-3221
1344
1315980
2907
117
5750
1244
-3204
1346
1317005
2915
2
5559
933
-2193
1374
1318030
3075
-65
5491
729
-1593
1931
1319055
2665
-61
5390
689
-1612
2338
1311872
2233
12
5123
514
-1519
2058
1312897
2367
55
4859
28
-985
1601
1313922
2642
15
4748
-147
-954
1832
1314947
2565
-32
4605
-209
-434
2117
1315972
2304
-45
4368
-454
549
2568
1316997
2153
-142
4120
-569
-94
2661
1318022
2840
-265
3713
-154
-712
2584
1319047
3763
-238
3359
114
555
2593
1320072
3932
-160
3092
9
2136
2414
1321097
3347
-202
2736
60
2230
2127
1322122
2541
-335
2218
455
2178
2111
1323147
1875
-449
1801
746
2727
2712
1324172
1234
-500
1477
816
2720
3348
1325197
633
-505
1169
784
2226
3607
1326222
137
-464
794
892
2214
3674
1327247
-437
-361
435
736
2332
3519
1320064
-583
-306
147
531
1643
3379
1321089
-201
-268
-51
437
1448
3607
1322114
90
-190
-138
143
1565
3885
1323139
188
-131
-165
-137
1612
3871
1324164
127
-97
-178
-264
1975
3759
1325189
-165
-69
-188
-402
2057
3691
1326214
-364
-69
-189
-543
1675
3658
1327239
-236
-78
-189
-663
1591
3729
1328264
-35
-111
-180
-699
1687
3752
1329289
66
-137
-182
-649
1843
3708
1330314
70
-137
-169
-660
1953
3721
1331339
9
-136
-133
-672
1905
3790
1332364
-35
-133
-90
-653
1887
3834
1333389
-52
-127
-50
-636
1871
3872
1334414
-37
-127
-23
-577
1806
3810
1335439
-14
-99
-10
-543
1846
3760
1328257
-9
-61
3
-527
1770
3752
1329282
-7
-28
-1
-484
1763
3718
1330307
-32
13
-3
-525
1824
3696
1331332
-64
35
-5
-561
1770
3691
1332357
-59
39
-1
-541
1708
3710
1333382
-24
45
20
-548
1793
3722
1334407
-19
38
42
-500
1781
3732
1335432
-17
43
59
-487
1807
3714
1336457
-33
59
68
-520
1902
3721
1337482
-75
60
73
-540
1851
3709
1338507
-81
55
62
-544
1857
3701
1339532
-78
44
50
-494
1866
3722
1340557
-63
33
39
-441
1859
3757
1341582
-54
38
15
-428
1855
3751
1342607
-55
46
-9
-458
1819
3725
1343632
-69
47
-29
-525
1826
3760
1336448
-73
42
-53
-566
1745
3792
1337473
-16
33
-70
-587
1684
3783
1338498
46
25
-73
-603
1728
3763
1339523
49
18
-71
-606
1777
3759
1340548
2
19
-70
-626
1760
3758
1341573
-35
22
-58
-671
1713
3765
1342598
-39
7
-45
-662
1697
3775
1343623
-23
-11
-29
-643
1704
3768
1344648
3
-23
-9
-650
1738
3785
1345673
16
-32
3
-629
1803
3803
1346698
-3
-36
7
-597
1794
3789
1347723
12
-44
-1
-602
1775
3791
1348748
65
-54
-22
-530
1807
3800
1349773
87
-27
-43
-495
1948
3809
1350798
34
3
-63
-515
1912
3779
1351823
0
22
-91
-528
1861
3718
1344641
13
38
-109
-539
1814
3698
1345666
29
59
-110
-602
1805
3670
1346691
30
58
-113
-665
1804
3657
1347716
8
48
-121
-651
1836
3644
1348741
-40
44
-124
-650
1828
3648
1349766
-67
42
-123
-674
1756
3649
1350791
-39
22
-124
-667
1746
3629
1351816
-10
2
-119
-642
1803
3633
1352841
-22
-11
-122
-612
1840
3652
1353866
-66
-20
-141
-559
1851
3666
1354891
-105
-26
-169
-545
1816
3640
1355916
-125
-36
-223
-495
1722
3578
1356941
-116
-48
-284
-410
1699
3585
1357966
-122
-52
-356
-268
1817
3668
1358991
-274
-33
-442
-74
1962
3635
1360016
-573
11
-561
68
2045
3510
1352833
-917
53
-711
214
1923
3472
1353858
-1263
110
-911
429
1874
3505
1354883
-1696
209
-1142
572
1824
3373
1355908
-2115
304
-1394
619
1511
3131
1356933
-2373
357
-1669
649
1037
2897
1357958
-2467
386
-1937
628
727
2785
1358983
-2551
390
-2199
521
575
2735
1360008
-2747
340
-2482
441
402
2549
1361033
-3061
234
-2775
536
149
2372
1362058
-3374
160
-3033
552
-241
2283
1363083
-3530
110
-3318
502
-646
2119
1364108
-3521
38
-3624
617
-1129
1946
1365133
-3649
-9
-3941
655
-1335
1764
1366158
-4025
-46
-4242
785
-1320
1587
1367183
-4619
-24
-4477
895
-1414
1411
1368208
-5137
56
-4708
979
-1846
1130
1361023
-5312
201
-4999
1144
-2451
834
1362048
-5134
425
-5404
1307
-2858
576
1363073
-4675
576
-5820
1897
-3571
198
1364098
-4168
704
-6169
2591
-4499
-50
1365123
-4062
834
-6495
3087
-4734
188
1366148
-4233
981
-6726
3768
-4958
423
1367173
-4129
1191
-6803
4070
-4736
231
1368198
-3255
1323
-6753
4573
-3749
310
1369223
-2283
1412
-6518
6149
-2662
314
1370248
-1733
1363
-6367
8571
-3352
-388
1371273
-1261
1279
-6199
9768
-5202
-1151
1372298
-1248
1043
-5575
8084
-5496
-1348
1373323
-2254
506
-4200
5475
-5425
-1097
1374348
-3218
-31
-2252
4282
-4861
236
1375373
-2597
-413
-726
5460
-1880
1994
1376398
-1020
-663
320
5237
-1895
2342
1369216
-338
-721
823
4051
-3262
1765
1370241
76
-731
987
3987
-4582
1074
1371266
337
-727
828
3707
-4595
531
1372291
963
-680
390
3475
-2500
513
1373316
1711
-579
288
3524
-2023
1300
1374341
1906
-413
358
3571
-1711
1627
1375366
1497
-242
465
3384
-1177
1484
1376391
744
-113
478
3302
-1011
1445
1377416
87
-36
482
3460
-1202
1493
1378441
-268
23
502
3622
-1246
1475
1379466
-424
70
560
3749
-1364
1357
1380491
-376
90
617
3800
-1454
1132
1381516
-174
82
630
3834
-1532
932
1382541
50
67
600
3813
-1547
888
1383566
224
43
541
3797
-1392
937
1384591
313
30
478
3774
-1175
962
1377408
315
28
433
3706
-1196
922
1378433
273
20
393
3619
-1274
842
1379458
269
10
346
3588
-1223
800
1380483
323
-5
322
3592
-1203
857
1381508
327
-9
313
3555
-1175
869
1382533
258
-7
280
3521
-1059
822
1383558
162
-8
231
3535
-1163
782
1384583
112
-13
171
3539
-1274
787
1385608
116
-23
102
3560
-1227
832
1386633
118
-25
42
3547
-1197
855
1387658
88
-32
-11
3573
-1281
867
1388683
30
-37
-75
3594
-1333
877
1389708
-13
-34
-131
3602
-1314
929
1390733
-36
-34
-148
3605
-1401
890
1391758
-32
-46
-154
3596
-1420
832
1392783
-12
-60
-147
3621
-1383
855
1385749
24
-45
-104
3635
-1520
987
1386774
12
-21
-91
3561
-1503
1090
1387799
-40
-14
-104
3595
-1477
1137
1388824
-119
-5
-112
3623
-1601
1161
1389849
-140
4
-127
3603
-1647
1124
1390874
-108
1
-143
3596
-1623
1082
1391899
-72
0
-142
3608
-1611
1084
1392924
-58
4
-138
3590
-1629
1067
1393949
-47
8
-139
3584
-1641
1042
1394974
-33
14
-135
3589
-1649
1038
1395999
-27
26
-124
3584
-1606
1099
1397024
-121
49
-100
3587
-1494
1076
1398049
-261
71
-73
3590
-1547
1010
1399074
-317
80
-33
3558
-1730
988
1400099
-273
74
-13
3539
-1726
986
1401124
-166
64
10
3538
-1661
991
1393792
-76
56
31
3531
-1658
980
1394817
-48
49
21
3539
-1600
943
1395842
-45
46
6
3535
-1589
925
1396867
-25
38
7
3548
-1624
918
1397892
2
27
18
3571
-1602
900
1398917
23
16
27
3588
-1563
882
1399942
29
8
32
3580
-1565
900
1400967
20
0
31
3583
-1565
916
1401992
-2
-3
34
3586
-1552
895
1403017
-16
-8
42
3592
-1553
892
1404042
-12
-16
44
3591
-1554
933
1405067
10
-23
44
3581
-1574
960
1406092
39
-28
46
3573
-1557
983
1407117
42
-26
50
3560
-1523
994
1408142
18
-21
51
3570
-1493
1005
1409167
-6
-15
44
3573
-1540
1028
1401985
-16
-7
33
3572
-1550
1028
1403010
-12
-1
31
3594
-1532
1025
1404035
8
3
37
3616
-1587
1062
1405060
61
10
37
3625
-1675
1170
1406085
129
31
35
3645
-1694
1190
1407110
287
54
6
3687
-1467
1267
1408135
606
87
16
3644
-1461
1949
1409160
875
122
222
3574
-2778
2516
1410185
1053
113
360
3746
-4027
2475
1411210
1211
125
377
3923
-3625
2181
1412235
1530
238
626
4036
-3497
2233
1413260
1829
344
1115
4192
-4419
2468
1414285
2147
454
1614
4408
-4437
2394
1415310
2437
572
2106
4648
-4598
2004
1416335
2752
699
2491
4685
-4516
1774
1417360
3152
821
2818
4777
-4299
1943
1410175
3328
990
3190
4813
-4613
1837
1411200
3659
1140
3525
4822
-5147
1503
1412225
3856
1298
3718
4683
-4503
1551
1413250
3944
1393
4029
4501
-4582
1849
1414275
4234
1421
4520
4469
-5584
2085
1415300
4644
1472
4905
4285
-5853
1867
1416325
4839
1598
5015
3651
-4113
1515
1417350
4543
1737
5172
2707
-2453
1717
1418375
3888
1743
5386
1979
-2330
1984
1419400
3340
1652
5396
1512
-2171
1866
1420425
3416
1550
5393
1218
-2237
1610
1421450
3657
1471
5215
835
-1357
1840
1422475
3920
1335
5068
818
-1054
2314
1423500
3987
1297
4836
831
-505
2531
1424525
4046
1316
4616
789
-196
2617
1425550
3969
1343
4303
808
-62
2297
1418369
3764
1359
3944
753
295
1932
1419394
3654
1323
3632
760
664
1846
1420419
3317
1271
3342
1013
1483
1985
1421444
2591
1229
3106
922
1825
2123
1422469
1868
1140
2814
855
2363
2293
1423494
1103
987
2466
947
2489
2253
1424519
335
769
2090
1168
1777
2489
1425544
191
601
1638
1226
1520
2755
1426569
563
502
1190
1132
2045
2861
1427594
754
418
872
997
2699
2916
1428619
527
348
629
731
2651
3091
1429644
228
269
388
480
2278
3173
1430669
109
196
188
205
2377
3071
1431694
54
121
69
-27
2440
3132
1432719
-13
52
0
-228
2187
3329
1433744
10
-8
-47
-385
1984
3456
1426560
92
-61
-94
-336
2152
3491
1427585
1
-65
-95
-325
2274
3504
1428610
-166
-56
-87
-393
2226
3506
1429635
-254
-50
-68
-501
2138
3503
1430660
-259
-51
-66
-475
2052
3438
1431685
-165
-43
-48
-458
2098
3402
1432710
-117
-28
-29
-518
2197
3457
1433735
-149
-24
-23
-510
2166
3509
1434760
-130
-12
-12
-519
2123
3532
1435785
-93
3
0
-527
2108
3524
1436810
-91
23
10
-487
2122
3531
1437835
-147
64
16
-520
2183
3521
1438860
-232
93
13
-545
2136
3490
1439885
-278
108
14
-566
2095
3490
1440910
-250
103
29
-549
2009
3516
1441935
-174
93
43
-499
2066
3592
1434752
-141
94
58
-485
2069
3619
1435777
-143
98
65
-504
2167
3606
1436802
-191
86
57
-487
2118
3592
1437827
-200
78
40
-453
2076
3629
1438852
-156
75
34
-520
2064
3657
1439877
-92
57
29
-545
2001
3672
1440902
-33
43
14
-500
2086
3668
1441927
-39
44
11
-555
2070
3642
1442952
-30
33
1
-562
1979
3624
1443977
15
27
0
-533
1988
3681
1445002
30
32
7
-523
2018
3697
1446027
8
40
7
-506
2035
3636
1447052
-29
54
9
-497
2057
3618
1448077
-98
67
8
-472
2101
3656
1449102
-172
88
7
-513
2006
3647
1450127
-165
103
4
-613
1916
3582
1442945
-103
95
-6
-639
1878
3527
1443970
-53
75
-7
-638
1825
3530
1444995
-32
54
-26
-618
1872
3555
1446020
-3
45
-47
-614
1993
3574
1447045
-11
28
-46
-618
2002
3605
1448070
-40
12
-34
-621
1962
3642
1449095
-52
-4
-29
-620
1996
3638
1450120
-52
-16
-23
-606
1944
3646
1451145
-15
-23
-20
-612
1902
3681
1452170
21
-26
-16
-617
1943
3665
1453195
22
-26
-12
-615
2003
3659
1454220
-8
-24
-6
-585
1988
3680
1455245
-35
-16
1
-574
1916
3710
1456270
-26
-4
9
-566
1912
3695
1457295
-11
12
16
-582
1956
3648
1458320
-40
25
14
-595
1970
3628
1451135
-69
31
11
-617
1970
3621
1452160
-71
27
10
-618
1928
3616
1453185
-40
21
10
-607
1940
3615
1454210
-17
16
7
-607
1968
3609
1455235
-21
11
1
-628
1955
3595
1456260
-20
2
-12
-602
1940
3615
1457285
-23
-6
-17
-569
1929
3646
1458310
-30
-5
-25
-553
1887
3650
1459335
-28
-1
-47
-556
1894
3635
1460360
-42
2
-71
-519
1922
3615
1461385
-88
5
-87
-505
1920
3610
1462410
-138
3
-119
-480
1920
3558
1463435
-218
0
-164
-437
1956
3486
1464460
-329
-1
-225
-412
1944
3454
1465485
-469
-6
-322
-302
1958
3401
1466510
-708
10
-466
-124
1996
3329
1459328
-1032
37
-662
116
1976
3174
1460353
-1354
48
-879
308
1983
3126
1461378
-1807
55
-1106
448
2017
3193
1462403
-2317
85
-1369
603
1856
3257
1463428
-2648
140
-1659
676
1405
3263
1464453
-2710
180
-1964
743
772
3241
1465478
-2561
222
-2274
767
427
3194
1466503
-2511
268
-2567
723
283
3118
1467528
-2567
307
-2843
782
-118
3149
1468553
-2625
381
-3090
788
-625
3096
1469578
-2585
467
-3325
661
-933
2962
1470603
-2484
493
-3567
609
-1265
2876
1471628
-2615
501
-3812
665
-1626
2850
1472653
-3169
523
-4023
710
-1775
2505
1473678
-4001
555
-4130
572
-2121
1732
1474703
-4754
579
-4196
222
-2540
1247
1467521
-5206
542
-4379
75
-2652
1215
1468546
-5251
521
-4676
272
-2555
1308
1469571
-4858
605
-5026
666
-2629
1244
1470596
-4121
724
-5337
1022
-3124
805
1471621
-3487
770
-5633
1225
-3211
260
1472646
-3352
765
-5967
1632
-2627
60
1473671
-3549
792
-6230
2539
-2844
-11
1474696
-3847
881
-6397
3586
-3732
-6
1475721
-3672
983
-6609
4303
-4578
97
1476746
-2888
965
-6657
4940
-5101
182
1477771
-1557
854
-6661
5374
-3793
-10
1478796
-207
591
-6429
6700
-2321
-490
1479821
580
351
-5928
8447
-3137
-368
1480846
536
236
-5210
8310
-4889
-339
1481871
-731
-21
-4275
6784
-4897
-590
1482896
-2476
-194
-2994
5684
-4622
756
1475711
-3029
-327
-1551
5377
-2615
1627
1476736
-1983
-545
-87
5435
-1214
1587
1477761
-1024
-597
907
4369
-2617
1819
1478786
-472
-588
1074
3950
-3229
1848
1479811
-389
-514
1247
3742
-5114
1503
1480836
-77
-474
694
3289
-3953
997
1481861
909
-443
134
3192
-2042
1165
1482886
1651
-392
57
3624
-1935
1471
1483911
2012
-266
229
3881
-1729
1785
1484936
2065
-96
434
3656
-413
2169
1485961
1190
-9
584
3661
-31
1607
1486986
263
58
726
3853
-945
1203
1488011
-144
148
766
3862
-584
1188
1489036
-490
223
786
3805
-383
1108
1490061
-721
254
777
3884
-1114
971
1491086
-687
233
690
3864
-1614
777
1483904
-488
181
580
3738
-1612
708
1484929
-195
122
476
3670
-1273
778
1485954
156
60
429
3667
-1107
855
1486979
351
15
400
3607
-1156
905
1488004
375
-18
338
3548
-1125
879
1489029
347
-32
265
3555
-974
852
1490054
317
-32
225
3574
-996
810
1491079
276
-30
190
3550
-1121
797
1492104
206
-36
126
3572
-1137
848
1493129
149
-34
62
3650
-1129
956
1494154
131
-28
28
3667
-1181
918
1495179
122
-27
5
3624
-1206
873
1496204
103
-37
-24
3683
-1276
932
1497229
114
-40
-44
3732
-1337
954
1498254
133
-46
-41
3720
-1329
916
1499279
117
-50
-34
3668
-1362
929
1492097
100
-58
-31
3632
-1406
977
1493122
134
-67
-24
3686
-1406
1082
1494147
139
-54
-3
3652
-1386
1097
1495172
52
-36
11
3558
-1348
1013
1496197
-43
-20
6
3529
-1357
1010
1497222
-79
-10
2
3558
-1519
1072
1498247
-42
-9
-7
3602
-1569
1117
1499272
14
-8
-7
3587
-1524
1123
1500297
43
-13
5
3563
-1469
1080
1501322
47
-19
20
3582
-1508
1084
1502347
40
-21
20
3615
-1553
1078
1503372
58
-17
18
3626
-1548
1097
1504397
78
-9
35
3574
-1552
1112
1505422
71
-9
51
3601
-1495
1101
1506447
10
3
80
3649
-1570
1129
1507472
-114
23
107
3701
-1708
1229
1500287
-282
53
159
3695
-2030
1314
1501312
-360
97
268
3666
-2710
1308
1502337
-319
127
330
3736
-2375
1197
1503362
-95
177
519
3860
-2323
1429
1504387
78
256
834
3973
-2876
1902
1505412
92
366
1110
3856
-3079
2014
1506437
67
445
1338
3801
-3393
1830
1507462
195
496
1507
3984
-3304
1685
1508487
483
564
1757
3930
-3382
1789
1509512
808
615
2033
3741
-3699
1736
1510537
1126
621
2262
3798
-3867
1589
1511562
1185
644
2446
3887
-3949
1463
1512587
1366
670
2652
3756
-4256
1449
1513612
1774
705
2774
3613
-4047
1255
1514637
2292
703
2997
3516
-4573
1024
1515662
2852
607
3225
3612
-5056
1193
1508481
3370
521
3402
3802
-4831
1519
1509506
3713
486
3689
3612
-4780
1627
1510531
4159
462
4024
3353
-5024
1550
1511556
4494
519
4295
3323
-4628
1928
1512581
4773
697
4598
3217
-4093
2648
1513606
5457
863
5007
2723
-5002
3248
1514631
6184
997
5454
2168
-5887
2619
1515656
6344
1376
5274
1589
-2285
1549
1516681
5266
1677
5146
952
884
1441
1517706
3778
1744
5195
231
668
2127
1518731
2859
1646
4984
-72
304
2431
1519756
2635
1463
4794
-37
129
2600
1520781
2471
1302
4649
-130
179
2794
1521806
2346
1087
4494
67
-59
3091
1522831
2334
896
4320
341
-390
3122
1523856
2487
829
4140
390
-39
2932
1516672
2408
801
3944
496
856
2527
1517697
1897
743
3773
558
1451
2287
1518722
1400
650
3569
483
1415
2572
1519747
1093
538
3199
544
1607
2729
1520772
888
448
2761
653
1952
2576
1521797
747
357
2348
664
2344
2478
1522822
652
222
1948
675
2281
2650
1523847
584
76
1521
823
2038
2760
1524872
584
21
1086
839
2163
2859
1525897
546
2
708
734
2273
3036
1526922
451
-14
398
647
2118
3192
1527947
403
-10
159
538
1843
3246
1528972
421
-1
-20
451
1932
3214
1529997
332
11
-117
252
2187
3209
1531022
133
-12
-151
20
2048
3186
1532047
56
-58
-160
-111
1907
3211
1524910
58
-102
-159
-201
2054
3393
1525935
17
-149
-145
-231
2111
3550
1526960
-52
-162
-130
-298
2235
3500
1527985
-141
-184
-118
-306
2278
3346
1529010
-175
-212
-114
-261
2251
3350
1530035
-154
-227
-97
-216
2074
3586
1531060
-72
-201
-58
-287
2003
3799
1532085
-31
-164
-35
-284
2182
3807
1533110
-121
-136
-26
-167
2222
3695
1534135
-205
-96
-9
-116
2175
3677
1535160
-210
-64
10
-104
2020
3752
1536185
-152
-21
13
-130
2050
3719
1537210
-103
12
4
-144
2134
3621
1538235
-98
24
-10
-115
2117
3581
1539260
-68
28
-7
-146
2048
3667
1540285
-6
24
-6
-171
2076
3638
1533056
31
9
-11
-170
2168
3507
1534081
-16
-8
-23
-152
2190
3402
1535106
-62
-28
-35
-197
2151
3438
1536131
-50
-71
-38
-189
2089
3489
1537156
-3
-101
-40
-166
2106
3544
1538181
11
-117
-46
-115
2081
3653
1539206
8
-108
-51
-115
2044
3711
1540231
13
-85
-51
-129
2060
3670
1541256
2
-59
-47
-148
2143
3637
1542281
-47
-41
-46
-140
2113
3630
1543306
-88
-16
-51
-181
2062
3649
1544331
-86
2
-48
-230
2048
3638
1545356
-55
5
-45
-207
2015
3622
1546381
-21
18
-45
-205
2021
3593
1547406
-7
26
-42
-238
2054
3585
1548431
-20
24
-37
-227
2015
3600
1541248
-36
26
-29
-209
1984
3582
1542273
-36
26
-15
-196
1983
3581
1543298
-42
22
-1
-203
1990
3591
1544323
-43
22
11
-237
1993
3602
1545348
-13
10
24
-223
1950
3588
1546373
56
6
43
-207
2037
3636
1547398
72
12
49
-237
2144
3698
1548423
50
9
34
-200
2101
3626
1549448
69
23
15
-172
2149
3603
1550473
56
31
5
-165
2206
3625
1551498
1
36
0
-159
2138
3638
1552523
-19
43
-6
-181
2058
3629
1553548
-1
44
-7
-169
2087
3598
1554573
-14
52
-2
-193
2133
3576
1555598
-45
48
-9
-224
2043
3547
1556623
-21
38
-18
-217
2023
3570
1549440
3
36
-15
-219
2066
3586
1550465
-7
33
-19
-197
2035
3541
1551490
-19
36
-32
-186
2111
3530
1552515
-78
39
-46
-188
2142
3554
1553540
-133
38
-63
-194
2061
3539
1554565
-128
33
-85
-182
2050
3541
1555590
-110
25
-116
-134
2084
3522
1556615
-127
26
-169
-75
2173
3485
1557640
-220
23
-244
46
2254
3375
1558665
-349
19
-338
178
2240
3311
1559690
-434
13
-462
255
2127
3279
1560715
-405
-28
-648
512
2117
3172
1561740
-372
-47
-833
630
2237
3121
1562765
-458
-67
-1035
560
2187
3056
1563790
-648
-113
-1305
603
2092
2935
1564815
-941
-162
-1579
750
1980
2796
1557632
-1398
-215
-1788
875
1702
2777
1558657
-1954
-255
-1984
923
1303
2846
1559682
-2437
-249
-2232
890
1015
2839
1560707
-2826
-215
-2466
913
715
2767
1561732
-3231
-196
-2632
940
228
2555
1562757
-3423
-215
-2769
761
-429
2436
1563782
-3317
-252
-2940
549
-938
2418
1564807
-3200
-296
-3170
381
-477
2477
1565832
-3257
-381
-3355
495
-612
2461
1566857
-3448
-435
-3652
540
-1371
2153
1567882
-3497
-481
-4096
441
-1334
1954
1568907
-3652
-560
-4477
651
-1074
1945
1569932
-4315
-571
-4771
983
-1276
1762
1570957
-5056
-514
-5084
1136
-1895
1545
1571982
-5354
-506
-5450
1527
-2613
1552
1573007
-5228
-431
-5871
2341
-3128
1901
1565823
-5261
-250
-6126
3250
-3640
2095
1566848
-5914
112
-6348
3326
-3518
1487
1567873
-6443
447
-6555
3497
-3622
197
1568898
-6042
689
-6678
4096
-3135
-411
1569923
-4602
846
-6589
5429
-2727
-194
1570948
-2940
895
-6373
7052
-3458
292
1571973
-1503
890
-6422
8420
-4395
465
1572998
-1034
757
-6225
9597
-4549
-1081
1574023
-1795
470
-5408
8618
-5921
-2365
1575048
-2823
232
-4018
5228
-9345
1141
1576073
-3595
17
-2544
4252
-3725
2588
1577098
-1233
-355
-307
5412
688
1712
1578123
395
-602
1352
3964
-2447
1312
1579148
1195
-706
1527
3676
-2952
1459
1580173
1097
-605
1537
4175
-5020
1602
1581198
1070
-623
1242
3847
-5311
918
1574016
1884
-626
716
3282
-2560
591
1575041
2431
-624
452
3049
-1421
748
1576066
2816
-534
422
3094
-1251
1525
1577091
2686
-358
482
3039
-947
1825
1578116
1858
-275
507
3145
-338
1801
1579141
690
-190
447
3405
-417
1969
1580166
-250
-81
313
3759
-881
2013
1581191
-710
-27
266
3975
-1132
1795
1582216
-733
27
280
3964
-1299
1606
1583241
-372
21
340
3961
-1425
1493
1584266
129
7
387
3949
-1341
1479
1585291
473
23
375
3939
-1132
1445
1586316
493
61
344
3829
-1002
1413
1587341
319
96
300
3635
-1038
1422
1588366
158
115
237
3451
-1071
1369
1589391
106
111
194
3430
-1119
1300
1582208
100
119
156
3500
-1177
1238
1583233
41
137
125
3468
-1150
1101
1584258
-63
143
88
3368
-1200
1030
1585283
-124
121
49
3395
-1304
1042
1586308
-131
92
25
3477
-1306
1012
1587333
-148
69
18
3527
-1309
983
1588358
-153
42
11
3561
-1360
982
1589383
-127
17
4
3578
-1361
976
1590408
-82
-15
4
3583
-1385
955
1591433
-29
-48
3
3603
-1387
1006
1592458
28
-73
-3
3585
-1355
1133
1593483
48
-94
-6
3566
-1282
1181
1594508
-13
-107
-7
3575
-1263
1225
1595533
-157
-101
-19
3581
-1234
1321
1596558
-315
-77
-24
3580
-1216
1359
1597583
-450
-49
-19
3537
-1255
1328
1590399
-538
-27
-38
3531
-1381
1310
1591424
-532
-17
-55
3562
-1512
1320
1592449
-448
-5
-75
3575
-1513
1337
1593474
-370
4
-90
3561
-1494
1367
1594499
-329
17
-107
3539
-1486
1331
1595524
-305
25
-130
3531
-1507
1282
1596549
-267
31
-153
3544
-1602
1239
1597574
-183
32
-159
3506
-1604
1213
1598599
-127
28
-146
3488
-1539
1253
1599624
-114
32
-133
3459
-1534
1315
1600649
-128
30
-125
3502
-1547
1335
1601674
-178
41
-115
3556
-1595
1326
1602699
-203
68
-96
3569
-1710
1413
1603724
-240
101
-51
3525
-1858
1519
1604749
-329
119
-7
3564
-2057
1643
1605774
-380
145
69
3758
-2395
1817
1598704
-400
215
234
3855
-2892
1800
1599729
-265
287
509
3836
-3401
1797
1600754
-12
340
835
3972
-3702
1803
1601779
307
411
1162
4061
-3537
1828
1602804
564
489
1474
4124
-3364
1880
1603829
685
571
1783
4158
-3432
1849
1604854
934
629
2087
4217
-3990
1653
1605879
1522
702
2279
4316
-3763
1606
1606904
1869
786
2539
4204
-3292
1819
1607929
1625
808
2822
3832
-3264
1899
1608954
1006
776
2944
3222
-2642
1839
1609979
370
622
3065
2989
-3203
1469
1611004
588
350
3156
3259
-4705
1181
1612029
1595
79
3142
3436
-4951
994
1613054
2561
-153
3266
3448
-4668
834
1614079
3064
-306
3444
3488
-4340
997
1606784
3513
-390
3680
3535
-4745
1324
1607809
3889
-427
3917
3328
-4685
1329
1608834
3898
-453
4096
2825
-3766
1254
1609859
3380
-465
4287
2239
-3397
1336
1610884
2976
-469
4359
1712
-3213
1659
1611909
2849
-496
4471
1407
-3384
1906
1612934
2946
-482
4522
1181
-2981
2148
1613959
3224
-396
4611
929
-2642
2518
1614984
3395
-321
4668
947
-2618
2669
1616009
3899
-170
4655
1092
-2601
2801
1617034
4456
47
4530
1123
-1603
2775
1618059
4579
327
4298
924
-233
2705
1619084
4344
569
4116
831
41
2732
1620109
4124
753
3864
826
114
2794
1621134
3988
902
3609
731
672
2752
1622159
3523
1010
3336
500
1836
2801
1614976
2716
1040
3135
376
1959
3216
1616001
1947
988
2932
412
815
3400
1617026
1626
946
2670
490
783
3225
1618051
1505
869
2417
496
1867
2822
1619076
1108
722
2237
539
2288
2539
1620101
408
560
2031
542
2059
2485
1621126
-79
408
1712
520
1397
2774
1622151
146
313
1273
497
1260
3129
1623176
617
261
931
400
2006
3296
1624201
641
190
710
355
2544
3214
1625226
345
125
501
239
2440
3209
1626251
174
34
285
144
1984
3403
1627276
135
1
54
32
1802
3614
1628301
143
9
-91
-169
1772
3605
1629326
152
-18
-160
-231
1817
3484
1630351
103
-31
-167
-356
1737
3452
1623168
106
-46
-166
-504
1446
3614
1624193
166
-68
-194
-510
1467
3656
1625218
199
-68
-172
-526
1784
3651
1626243
68
-69
-110
-529
2046
3686
1627268
-185
-71
-59
-574
1971
3721
1628293
-309
-89
-33
-627
1685
3721
1629318
-262
-108
-31
-579
1765
3736
1630343
-209
-113
-8
-523
1863
3779
1631368
-190
-106
15
-532
1915
3815
1632393
-212
-106
7
-513
1928
3831
1633418
-249
-110
-21
-451
1817
3795
1634443
-220
-100
-45
-467
1726
3740
1635468
-98
-100
-56
-469
1565
3752
1636493
38
-83
-79
-460
1593
3826
1637518
110
-54
-94
-468
1689
3891
1638543
116
-37
-96
-477
1684
3865
1631360
67
-21
-96
-474
1737
3794
1632385
-2
-9
-76
-503
1703
3779
1633410
-27
-11
-54
-515
1570
3820
1634435
2
-1
-30
-545
1566
3864
1635460
28
-1
-5
-554
1665
3828
1636485
4
3
17
-520
1786
3790
1637510
-79
13
28
-530
1833
3804
1638535
-145
9
25
-503
1707
3789
1639560
-125
20
16
-540
1723
3819
1640585
-87
10
4
-532
1736
3831
1641610
-44
1
-11
-474
1682
3829
1642635
22
5
-24
-487
1634
3814
1643660
68
1
-39
-483
1721
3744
1644685
58
-5
-47
-484
1788
3733
1645710
-7
-8
-44
-522
1785
3779
1646735
-49
-21
-40
-519
1652
3847
1639553
-34
-25
-41
-511
1569
3867
1640578
7
-22
-36
-535
1602
3816
1641603
38
-27
-17
-518
1679
3771
1642628
20
-31
1
-509
1737
3802
1643653
-35
-22
5
-498
1701
3852
1644678
-55
-5
4
-528
1641
3887
1645703
-33
3
-2
-507
1621
3871
1646728
-14
18
-1
-504
1673
3833
1647753
-9
30
-3
-529
1711
3796
1648778
-27
29
-12
-503
1691
3764
1649803
-22
30
-12
-515
1692
3785
1650828
-13
28
-7
-530
1667
3800
1651853
-14
28
-8
-535
1685
3792
1652878
-25
22
-14
-522
1726
3771
1653903
-48
21
-16
-529
1734
3768
1654928
-84
10
-24
-537
1638
3757
1647745
-74
-7
-32
-529
1589
3746
1648770
-25
-15
-37
-501
1636
3788
1649795
-22
-14
-42
-484
1639
3783
1650820
-37
-11
-48
-475
1662
3758
1651845
-67
-8
-65
-454
1721
3739
1652870
-133
-4
-90
-428
1687
3688
1653895
-184
1
-128
-418
1666
3634
1654920
-215
-3
-180
-337
1665
3609
1655945
-269
-12
-257
-165
1704
3523
1656970
-392
-1
-367
34
1776
3363
1657995
-615
32
-532
190
1836
3220
1659020
-975
91
-755
242
1802
3106
1660045
-1420
182
-1032
222
1683
2961
1661070
-1862
284
-1358
256
1538
2799
1662095
-2275
381
-1718
409
1448
2603
1663120
-2706
487
-2082
544
1252
2372
1655935
-3172
595
-2463
628
951
2179
1656960
-3494
702
-2861
758
629
2269
1657985
-3553
836
-3259
845
155
2581
1659010
-3270
962
-3656
967
-374
2806
1660035
-2794
1071
-4016
1164
-545
2956
1661060
-2897
1201
-4387
1309
-456
2811
1662085
-3280
1432
-4639
1469
-1896
2696
1663110
-3225
1656
-5294
1516
-2455
2824
1664135
-2422
1590
-5628
2686
-4767
3532
1665160
-1033
1662
-5415
3820
-6724
4890
1666185
-1006
2211
-5306
3032
-5542
4757
1667210
-2536
2646
-4861
1402
-4679
1773
1668235
-3480
2795
-4613
-997
-4795
428
1669260
-3106
2080
-4568
-1908
-4614
1225
1670285
-2731
1355
-4666
-1283
-3133
1848
1671310
-3054
1035
-4611
-845
-2923
1864
1664128
-3140
978
-4711
-1136
-3336
1818
1665153
-2789
1087
-5018
-1737
-3309
838
1666178
-2615
716
-5556
-245
-2726
-608
1667203
-2588
228
-5874
1993
-2421
-870
1668228
-2569
34
-6074
3575
-2406
-30
1669253
-2426
-42
-6330
5312
-2464
719
1670278
-1955
-65
-6628
7443
-2795
1064
1671303
-846
68
-6812
9295
-3961
1084
1672328
1045
269
-6460
9809
-5412
402
1673353
2773
218
-5302
7313
-6101
-473
1674378
2695
-172
-3532
4427
-6478
688
1675403
796
-108
-1972
3953
-2155
1478
1676428
601
56
-481
4826
1927
1878
1677453
792
39
1018
4246
-1236
2371
1678478
196
-44
1194
3850
-2068
2366
1679503
-478
-15
1177
3927
-4521
2311
1672321
-489
-21
465
3244
-4199
1322
1673346
496
-127
-13
2853
-2034
753
1674371
1215
-192
-169
3039
-1848
911
1675396
1581
-154
-73
3144
-1740
1092
1676421
1421
-117
34
3256
-1304
1051
1677446
966
-67
111
3310
-982
1109
1678471
420
-29
229
3390
-1087
1210
1679496
-15
-28
359
3555
-1238
1156
1680521
-182
-35
467
3741
-1190
1202
1681546
-128
-48
566
3761
-1188
1224
1682571
16
-78
619
3660
-1129
1175
1683596
150
-130
603
3689
-1302
1148
1684621
256
-174
535
3728
-1333
1173
1685646
396
-205
466
3726
-1051
1236
1686671
554
-218
458
3659
-921
1320
1687696
673
-227
472
3614
-904
1322
1680512
714
-221
462
3614
-906
1303
1681537
664
-210
423
3639
-901
1292
1682562
577
-197
374
3645
-776
1348
1683587
470
-177
326
3605
-725
1416
1684612
374
-162
255
3639
-752
1454
1685637
261
-162
177
3789
-903
1367
1686662
152
-164
88
3955
-1038
1311
1687687
125
-161
0
4061
-1028
1288
1688712
162
-163
-39
4057
-985
1265
1689737
207
-165
-48
4006
-1024
1288
1690762
217
-159
-52
3826
-1044
1300
1691787
231
-165
-54
3636
-950
1293
1692812
229
-167
-51
3464
-903
1271
1693837
225
-165
-52
3332
-970
1290
1694862
229
-160
-66
3255
-947
1263
1695887
200
-141
-69
3160
-893
1229
1688704
106
-123
-82
3112
-819
1218
1689729
-1
-107
-110
3191
-925
1266
1690754
-85
-80
-143
3315
-1028
1258
1691779
-167
-55
-163
3399
-995
1192
1692804
-288
-38
-158
3467
-1055
1189
1693829
-434
-41
-149
3626
-1125
1211
1694854
-565
-47
-155
3815
-1180
1201
1695879
-656
-45
-163
3885
-1280
1164
1696904
-708
-45
-173
3772
-1342
1181
1697929
-680
-65
-186
3735
-1423
1278
1698954
-560
-80
-175
3764
-1548
1332
1699979
-373
-63
-160
3720
-1600
1526
1701004
-179
15
-129
3584
-1413
1787
1702029
-273
115
-11
3357
-1338
1492
1703054
-606
173
92
3309
-1792
1578
1704079
-786
212
167
3553
-2280
2095
1696897
-714
244
349
3780
-2623
2039
1697922
-298
256
679
4056
-3560
1735
1698947
314
266
1020
4205
-3868
1636
1699972
872
299
1342
4271
-3264
1752
1700997
1293
378
1756
4508
-3844
1679
1702022
1865
513
2161
4808
-4420
1818
1703047
2209
722
2482
4842
-3770
1848
1704072
2077
914
2849
4651
-3605
1901
1705097
1881
1009
3226
4534
-4000
2285
1706122
1639
986
3465
4462
-3772
2134
1707147
1519
896
3756
4119
-4098
1548
1708172
1732
677
4057
3961
-4868
1447
1709197
2322
419
4183
4057
-4972
1379
1710222
3093
211
4377
3934
-5020
979
1711247
3909
66
4635
3977
-4949
1232
1712272
4368
123
4970
3925
-4732
1712
1705087
4505
277
5252
3271
-4388
1393
1706112
4668
429
5410
2565
-3624
1198
1707137
4655
597
5516
2126
-3254
1852
1708162
4235
762
5459
1773
-2884
2052
1709187
4138
860
5354
1383
-2361
1965
1710212
4246
973
5375
1187
-1869
2134
1711237
4011
1107
5283
919
-729
2250
1712262
3668
1159
5208
790
-824
2510
1713287
3389
1202
4961
887
-522
2495
1714312
2909
1288
4663
737
1335
1856
1715337
2086
1249
4553
351
1804
1718
1716362
1452
1010
4278
427
1038
2573
1717387
1148
789
3789
733
1503
3338
1718412
636
723
3325
519
2455
3458
1719437
-210
605
2933
406
2222
3213
1720462
-427
425
2471
383
990
3107
1713281
165
282
1922
400
694
3257
1714306
627
254
1435
211
1651
3307
1715331
512
236
1030
-145
2032
3137
1716356
150
146
637
-215
1402
3064
1717381
145
46
255
-338
700
3218
1718406
451
-59
-44
-556
764
3331
1719431
544
-135
-252
-651
1435
3386
1720456
297
-181
-350
-722
1398
3478
1721481
68
-237
-443
-882
1090
3689
1722506
60
-323
-542
-826
824
3910
1723531
128
-327
-606
-883
980
3918
1724556
170
-327
-621
-946
1218
3833
1725581
90
-359
-625
-915
1308
3763
1726606
-25
-387
-633
-828
1081
3820
1727631
-111
-378
-629
-868
1191
3961
1728656
-221
-370
-594
-919
1261
4075
1721472
-276
-362
-521
-916
1004
4031
1722497
-196
-356
-454
-977
954
3998
1723522
-51
-379
-413
-886
809
4091
1724547
78
-370
-386
-864
915
4123
1725572
181
-356
-345
-841
1204
4048
1726597
177
-350
-273
-751
1290
4043
1727622
93
-331
-213
-803
1227
4030
1728647
72
-329
-185
-752
1174
4031
1729672
128
-311
-139
-720
1199
4109
1730697
167
-292
-97
-784
1308
4132
1731722
97
-300
-80
-791
1492
4098
1732747
-87
-310
-88
-692
1594
4129
1733772
-212
-285
-83
-552
1232
4181
1734797
-169
-218
-70
-557
1072
4053
1735822
-10
-176
-46
-605
1186
3902
1736847
40
-135
-20
-686
1288
3949
1729665
-36
-95
-48
-721
1077
4067
1730690
-19
-49
-112
-635
840
4084
1731715
96
16
-132
-512
912
3980
1732740
126
95
-96
-437
1062
3879
1733765
51
168
-67
-424
1100
3884
1734790
-39
215
-59
-511
967
3930
1735815
-62
218
-68
-567
881
3982
1736840
-27
186
-72
-538
956
4038
1737865
-16
146
-73
-493
1032
4090
1738890
-28
104
-97
-469
1082
4060
1739915
-35
72
-125
-392
1129
4047
1740940
-39
58
-146
-280
1148
4025
1741965
-85
68
-197
-185
1211
3952
1742990
-187
103
-277
-227
1165
3848
1744015
-274
134
-387
-279
1126
3762
1745040
-325
136
-500
-230
1058
3732
1737865
-369
122
-623
-176
1028
3658
1738890
-447
111
-769
-120
1099
3563
1739915
-598
104
-971
28
1208
3505
1740940
-820
106
-1239
204
1163
3354
1741965
-1041
107
-1543
272
1065
3106
1742990
-1232
81
-1905
412
1116
2923
1744015
-1433
67
-2319
589
1422
2915
1745040
-1808
62
-2750
648
1443
2698
1746065
-2271
41
-3247
728
1190
2351
1747090
-2603
-4
-3771
989
737
2108
1748115
-2778
-32
-4274
1185
334
2021
1749140
-2750
-54
-4723
1393
-338
2113
1750165
-2663
-81
-5149
1641
-672
1908
1751190
-2644
-137
-5518
1922
-540
1554
1752215
-2693
-172
-5740
2328
-1668
1795
1753240
-2796
-210
-5933
2456
-3449
2039
1746049
-3158
-224
-6291
2126
-2929
2083
1747074
-4005
-248
-6501
2522
-2015
1718
1748099
-5294
-61
-6549
3208
-2296
1034
1749124
-6004
237
-6392
4066
-4770
454
1750149
-5477
467
-6230
4231
-6222
935
1751174
-4966
554
-6450
3466
-4032
870
1752199
-4554
275
-6349
4057
-3142
40
1753224
-4033
-60
-6092
5080
-2925
-499
1754249
-3666
-448
-5942
6828
-3454
-265
1755274
-3839
-609
-6007
8413
-4414
-97
1756299
-3189
-515
-6008
8466
-5754
42
1757324
-992
-458
-5542
7850
-6220
342
1758349
1552
-508
-4406
6406
-5917
102
1759374
2585
-671
-2978
5085
-4474
253
1760399
1974
-724
-1652
4607
-2760
1080
1761424
1018
-575
-600
4251
-1841
2029
1754240
320
-425
184
4115
-2046
2387
1755265
-472
-279
594
3864
-2101
2515
1756290
-1492
-138
735
3705
-3061
2194
1757315
-1468
-75
684
3563
-4003
1756
1758340
386
-82
737
3349
-3439
1647
1759365
1532
-200
786
3639
-1477
1269
1760390
896
-198
752
3703
-1971
844
1761415
769
-134
755
3548
-2002
724
1762440
967
-119
728
3641
-938
847
1763465
949
-35
750
3773
-435
1060
1764490
764
39
816
3905
-467
1104
1765515
360
82
872
3926
-847
954
1766540
63
87
836
4102
-1169
967
1767565
35
52
749
4435
-998
1122
1768590
300
76
687
4416
-1128
1320
1769615
544
102
689
3970
-1348
1252
1762433
758
85
630
3747
-1294
1095
1763458
861
67
604
3664
-1087
875
1764483
931
85
577
3460
-943
778
1765508
877
79
523
3396
-878
818
1766533
649
92
435
3405
-985
880
1767558
361
105
325
3452
-1005
830
1768583
139
113
222
3460
-997
793
1769608
37
109
141
3482
-1117
857
1770633
11
95
68
3485
-1271
934
1771658
-21
80
6
3410
-1242
919
1772683
-35
52
-32
3366
-1198
913
1773708
16
11
-46
3434
-1340
999
1774733
96
-22
-63
3507
-1377
1042
1775758
144
-39
-78
3507
-1323
1072
1776783
156
-48
-79
3468
-1299
1111
1777808
129
-60
-79
3494
-1276
1135
1770624
48
-69
-86
3573
-1331
1150
1771649
-28
-70
-103
3592
-1407
1196
1772674
-50
-71
-113
3544
-1417
1239
1773699
-49
-81
-112
3521
-1419
1229
1774724
-65
-95
-122
3556
-1468
1246
1775749
-34
-103
-136
3586
-1558
1313
1776774
29
-101
-148
3515
-1513
1354
1777799
62
-94
-141
3438
-1448
1359
1778824
66
-95
-134
3542
-1514
1354
1779849
85
-77
-136
3628
-1548
1365
1780874
97
-45
-130
3615
-1473
1401
1781899
93
-16
-111
3666
-1468
1415
1782924
84
26
-78
3671
-1491
1408
1783949
82
61
-34
3671
-1402
1389
1784974
30
93
6
3723
-1403
1351
1785999
-14
128
34
3738
-1453
1300
1778817
-8
166
48
3670
-1392
1257
1779842
22
167
49
3701
-1358
1340
1780867
10
173
49
3672
-1423
1356
1781892
-34
183
47
3606
-1418
1277
1782917
-101
181
66
3572
-1551
1318
1783942
-225
184
122
3536
-1744
1663
1784967
-279
180
182
3654
-2114
1932
1785992
-63
211
318
3746
-2722
2244
1787017
154
293
550
3696
-3225
2414
1788042
416
382
854
3854
-3411
2412
1789067
595
563
1163
4143
-3234
2543
1790092
583
776
1576
4328
-3659
2742
1791117
561
960
1988
4341
-4302
2575
1792142
927
1084
2285
4394
-4374
2433
1793167
1190
1201
2607
4361
-4177
2312
1794192
1373
1306
2899
4236
-4736
2014
1787008
2012
1320
3162
4201
-5036
1631
1788033
2666
1256
3362
3925
-4631
1510
1789058
3020
1111
3630
3788
-4916
1818
1790083
3481
915
3940
3858
-5527
1832
1791108
4309
711
4161
3759
-5218
1593
1792133
4685
540
4461
3493
-4218
1489
1793158
4480
445
4785
2983
-3579
1411
1794183
4548
346
5057
2841
-4122
1465
1795208
4973
295
5165
2941
-4229
1710
1796233
5242
386
5103
2670
-2557
1567
1797258
5440
508
5273
2289
-2226
1679
1798283
5758
585
5312
2199
-2148
1502
1799308
6089
771
5086
2038
-1259
1198
1800333
6642
1108
4989
2138
-1010
1239
1801358
6551
1515
4808
2024
700
1488
1802383
5240
1897
4661
1815
2076
2142
1795199
3165
2072
4397
1650
2547
1677
1796224
1987
2031
4154
1197
3138
1311
1797249
1153
1832
3794
1069
3086
1798
1798274
340
1621
3297
1084
2531
2199
1799299
51
1400
2746
1135
1877
2507
1800324
323
1235
2164
1385
1391
2702
1801349
779
1214
1584
1262
1889
2436
1802374
963
1132
1094
1066
2487
2282
1803399
738
955
766
1006
2523
2659
1804424
371
781
529
779
2225
3004
1805449
147
604
311
517
1912
3084
1806474
6
399
128
522
1888
3125
1807499
-80
258
33
379
2043
3265
1808524
-126
146
-10
110
1867
3394
1809549
-25
13
-57
13
1700
3374
1810574
141
-107
-118
77
1805
3430
1803392
123
-164
-133
50
1895
3521
1804417
90
-171
-141
-139
2031
3596
1805442
81
-201
-141
-95
2041
3692
1806467
-44
-190
-129
-55
2184
3701
1807492
-227
-151
-140
-157
2187
3650
1808517
-297
-141
-179
-183
1778
3652
1809542
-120
-116
-217
-212
1780
3696
1810567
27
-94
-225
-179
2055
3721
1811592
-31
-67
-205
-146
2075
3722
1812617
-125
-42
-188
-191
1971
3748
1813642
-155
-29
-185
-192
1878
3830
1814667
-133
-8
-164
-178
1853
3862
1815692
-87
17
-128
-177
1883
3792
1816717
-54
32
-95
-186
1922
3723
1817742
-60
44
-71
-228
1998
3750
1818767
-125
42
-62
-207
1972
3792
1811914
-173
44
-62
-168
1884
3789
1812939
-145
59
-49
-158
1832
3725
1813964
-110
69
-33
-176
1861
3666
1814989
-112
68
-28
-154
1839
3675
1816014
-124
66
-29
-187
1800
3699
1817039
-132
55
-33
-257
1799
3679
1818064
-108
26
-33
-255
1759
3624
1819089
-61
0
-8
-260
1818
3674
1820114
-51
-20
20
-269
1857
3755
1821139
-61
-30
33
-277
1849
3728
1822164
-54
-29
32
-289
1871
3715
1823189
-53
-29
29
-294
1893
3735
1824214
-79
-29
21
-288
1882
3734
1825239
-105
-25
11
-266
1846
3686
1826264
-149
-23
-2
-268
1909
3664
1827289
-206
-31
-9
-283
1798
3695
1819776
-181
-47
-12
-245
1649
3751
1820801
-98
-53
-23
-237
1748
3730
1821826
-60
-61
-32
-195
1788
3729
1822851
-81
-54
-47
-192
1814
3784
1823876
-126
-47
-67
-213
1823
3767
1824901
-159
-48
-77
-222
1791
3716
1825926
-175
-52
-82
-209
1721
3741
1826951
-156
-56
-92
-199
1682
3810
1827976
-110
-57
-101
-197
1663
3825
1829001
-90
-52
-107
-222
1716
3807
1830026
-117
-56
-121
-164
1781
3793
1831051
-191
-64
-144
-67
1807
3777
1832076
-272
-70
-196
92
1791
3669
1833101
-364
-79
-292
317
1855
3507
1834126
-519
-95
-448
556
1977
3395
1835151
-747
-106
-688
728
1936
3304
1827968
-977
-99
-991
761
1720
3089
1828993
-1159
-90
-1380
830
1697
2781
1830018
-1436
-106
-1774
990
1650
2551
1831043
-1809
-135
-2118
1096
1566
2525
1832068
-2196
-178
-2432
1150
1137
2646
1833093
-2378
-228
-2748
1209
569
2725
1834118
-2364
-255
-3100
1102
478
2776
1835143
-2413
-313
-3480
1135
434
2737
1836168
-2607
-338
-3848
1215
265
2461
1837193
-2952
-308
-4215
1163
220
2146
1838218
-3508
-290
-4573
1301
48
1851
1839243
-4296
-240
-4921
1539
-297
1601
1840268
-5046
-141
-5248
1806
-919
1386
1841293
-5510
15
-5581
1995
-1353
1224
1842318
-5707
193
-5953
2238
-1530
1064
1843343
-5859
339
-6295
2726
-1947
724
1836160
-5727
522
-6603
3411
-3103
309
1837185
-4164
622
-6873
3916
-4839
608
1838210
-2433
401
-7235
3713
-3842
435
1839235
-2184
-179
-7346
4198
-2259
-18
1840260
-3128
-811
-7116
6046
-2582
269
1841285
-4720
-1119
-6984
7968
-2644
594
1842310
-6030
-1005
-6858
9248
-2876
337
1843335
-5947
-632
-6517
9764
-4410
-129
1844360
-3990
-274
-5833
8918
-6749
41
1845385
-1177
-234
-4479
6609
-8123
545
1846410
318
-385
-2550
5123
-5348
536
1847435
882
-536
-1028
5519
-850
746
1848460
1203
-441
106
4814
-1981
1830
1849485
915
-361
408
3988
-3227
2243
1850510
176
-349
315
4233
-3268
2142
1851535
-575
-255
65
3975
-3033
1895
1844353
-725
-202
-4
3465
-3296
1627
1845378
-337
-205
-40
3420
-3125
1251
1846403
308
-170
99
3482
-2699
1357
1847428
709
-99
286
3542
-2282
1708
1848453
1130
-24
473
3400
-1581
1658
1849478
1451
-44
535
3619
-611
1612
1850503
702
-6
618
3629
-1018
1499
1851528
84
43
691
3636
-1721
1306
1852553
113
28
784
3855
-1631
1225
1853578
270
36
943
3842
-1462
1146
1854603
317
38
1050
3700
-1243
1117
1855628
200
33
1086
3508
-1170
1251
1856653
38
0
1052
3467
-1269
1273
1857678
11
-54
948
3595
-1496
1204
1858703
165
-75
831
3600
-1467
1203
1859728
364
-86
686
3594
-1314
1156
1852544
516
-124
610
3593
-1308
1124
1853569
719
-147
539
3570
-1387
1136
1854594
870
-152
433
3603
-1135
1140
1855619
916
-144
362
3599
-1013
1132
1856644
821
-118
307
3563
-786
1156
1857669
570
-104
262
3574
-877
1167
1858694
353
-80
193
3644
-1005
1175
1859719
238
-41
150
3650
-1000
1143
1860744
146
-7
125
3646
-1037
1067
1861769
56
28
103
3580
-1082
1040
1862794
-55
48
66
3506
-1062
1077
1863819
-163
48
30
3525
-1104
1096
1864844
-261
44
-11
3522
-1193
1108
1865869
-279
28
-53
3503
-1284
1182
1866894
-218
7
-88
3545
-1382
1259
1867919
-153
5
-114
3569
-1390
1246
1860736
-183
7
-142
3548
-1370
1154
1861761
-276
8
-179
3484
-1445
1152
1862786
-347
-9
-212
3468
-1489
1252
1863811
-412
-40
-223
3537
-1473
1318
1864836
-436
-73
-213
3573
-1603
1274
1865861
-255
-96
-200
3531
-1829
1419
1866886
-15
-111
-191
3507
-1857
1540
1867911
-73
-98
-165
3579
-1770
1540
1868936
-338
-41
-126
3605
-2248
1464
1869961
-208
10
-75
3547
-2710
1567
1870986
245
25
62
3597
-2772
1870
1872011
638
69
280
3688
-2830
2120
1873036
852
164
512
3728
-3274
2257
1874061
974
285
754
3728
-3655
2423
1875086
1018
416
991
3903
-3531
2614
1876111
1087
578
1265
4032
-3581
2440
1868928
1544
677
1694
4251
-4183
2241
1869953
1967
762
2130
4410
-4685
2363
1870978
2250
928
2153
4503
-3389
1926
1872003
2447
1138
2371
4389
-2864
1858
1873028
2488
1229
2786
4250
-3999
2112
1874053
2626
1275
2939
4005
-4240
2022
1875078
3018
1318
2875
3800
-3367
1664
1876103
3446
1230
3182
3765
-3766
1727
1877128
3614
1116
3471
3607
-3890
2024
1878153
3546
1048
3654
3394
-3743
2181
1879178
3706
981
3839
3253
-4186
2171
1880203
4214
944
3993
3320
-4115
2324
1881228
4459
1007
4198
3236
-3319
2568
1882253
4334
1133
4488
2807
-2657
2749
1883278
4106
1246
4618
2314
-2636
2996
1884303
3960
1361
4509
2185
-2223
3059
1877120
3957
1476
4430
2049
-1437
3013
1878145
3919
1580
4460
1808
-815
2732
1879170
3620
1719
4377
1398
-53
2737
1880195
3131
1730
4288
1154
73
2804
1881220
2705
1703
4122
958
251
2890
1882245
2501
1709
3939
968
406
3176
1883270
2537
1744
3868
635
705
3106
1884295
2664
1625
3856
109
973
2368
1885320
2258
1298
3771
208
1092
1792
1886345
1321
978
3526
559
873
1758
1887370
1056
840
3102
500
898
1750
1888395
1565
692
2728
707
1471
1706
1889420
1796
606
2407
1008
2492
1882
1890445
1481
585
2100
941
3098
2256
1891470
958
511
1712
782
3051
2426
1892495
404
415
1254
669
2925
2483
1885312
9
314
813
640
2690
2578
1886337
-61
215
482
655
1936
2921
1887362
68
171
212
536
1721
3164
1888387
218
126
24
331
1995
3161
1889412
182
34
-108
294
2245
3118
1890437
29
-32
-179
228
2064
3442
1891462
-65
-87
-207
199
1606
3821
1892487
-2
-84
-201
47
1679
4004
1893512
-16
-82
-158
-86
2070
4011
1894537
-215
-88
-104
-98
2141
3959
1895562
-381
-62
-49
-228
1904
3944
1896587
-345
-58
-19
-292
1793
3908
1897612
-233
-51
4
-261
1964
3822
1898637
-221
-24
26
-241
2062
3740
1899662
-241
4
31
-277
1965
3702
1900687
-165
18
21
-307
1830
3698
1893505
-36
32
8
-306
1959
3701
1894530
2
38
0
-273
2080
3648
1895555
-29
45
-6
-231
1932
3630
1896580
12
55
-9
-255
1859
3648
1897605
61
50
-16
-230
1937
3685
1898630
24
54
-15
-256
1949
3653
1899655
-7
41
-10
-284
1907
3599
1900680
7
11
6
-245
1870
3643
1901705
28
-9
24
-207
1874
3723
1902730
21
-14
41
-206
1904
3720
1903755
-16
-15
49
-221
1931
3661
1904780
-47
-21
51
-225
1981
3667
1905805
-64
-33
47
-205
1946
3708
1906830
-56
-33
40
-197
1908
3713
1907855
-24
-29
30
-235
1937
3676
1908880
-4
-29
11
-217
2036
3639
1901696
-34
-22
-5
-208
2061
3623
1902721
-75
-17
-16
-262
1910
3643
1903746
-43
-16
-34
-299
1881
3642
1904771
1
-18
-49
-299
1967
3647
1905796
-24
-23
-54
-276
1994
3655
1906821
-108
-16
-56
-267
1966
3691
1907846
-152
-18
-57
-271
1757
3719
1908871
-71
-13
-55
-278
1745
3728
1909896
11
-8
-43
-239
1885
3744
1910921
-9
3
-24
-225
1954
3740
1911946
-67
16
-13
-255
1903
3732
1912971
-96
12
-16
-228
1851
3713
1913996
-89
10
-11
-195
1803
3710
1915021
-54
19
-7
-216
1851
3718
1916046
-45
23
-8
-281
1884
3712
1917071
-42
7
-3
-285
1819
3702
1909887
-23
-3
1
-266
1847
3718
1910912
-25
-8
12
-277
1878
3751
1911937
-39
-14
18
-278
1854
3731
1912962
-50
-16
14
-235
1860
3718
1913987
-67
-7
16
-221
1788
3731
1915012
-69
8
12
-216
1790
3756
1916037
-95
27
3
-214
1842
3748
1917062
-146
46
-1
-227
1797
3747
1918087
-146
55
-2
-221
1675
3751
1919112
-90
66
-5
-227
1755
3734
1920137
-76
72
-15
-197
1861
3685
1921162
-125
80
-38
-170
1930
3650
1922187
-220
72
-87
-124
1916
3616
1923212
-315
48
-156
12
1897
3504
1924237
-403
25
-252
178
1895
3349
1925262
-513
2
-397
376
1926
3192
1918080
-683
-6
-589
505
1927
3066
1919105
-922
-13
-817
555
1866
2972
1920130
-1221
-41
-1094
715
1849
2921
1921155
-1565
-49
-1378
829
1674
2850
1922180
-1852
-39
-1687
844
1419
2756
1923205
-2127
-24
-2045
848
1486
2732
1924230
-2559
-14
-2401
916
1465
2662
1925255
-3083
18
-2757
1001
1069
2471
1926280
-3538
100
-3157
1039
695
2335
1927305
-3800
202
-3567
1205
166
2411
1928330
-3699
327
-3910
1386
-738
2308
1929355
-3279
466
-4255
1173
-878
1980
1930380
-2987
461
-4637
1026
-398
1314
1931405
-2955
331
-5002
1308
-1175
894
1932430
-2450
123
-5238
1707
-3785
1324
1933455
-1539
-124
-5499
1141
-3637
2323
1926272
-920
-542
-5629
876
-1442
3336
1927297
-1379
-1023
-5521
1902
-1415
3526
1928322
-2321
-1213
-5556
2716
-2300
3033
1929347
-3036
-1259
-5759
2983
-3040
2177
1930372
-3786
-1362
-6046
3288
-2876
1515
1931397
-4840
-1435
-6269
3941
-2501
1004
1932422
-5827
-1466
-6308
4887
-3341
395
1933447
-6243
-1476
-6222
6215
-3853
725
1934472
-6617
-1272
-6116
6807
-3515
855
1935497
-5971
-997
-6015
7401
-4121
469
1936522
-3804
-785
-5664
7477
-4425
181
1937547
-1266
-720
-5099
7166
-4897
35
1938572
710
-805
-4094
6905
-5490
377
1939597
1469
-867
-2867
5843
-4896
919
1940622
1179
-875
-1720
4837
-3022
1413
1941647
453
-789
-774
4727
-1548
1931
1934465
-86
-619
-50
4600
-2230
2420
1935490
-345
-463
299
4562
-2918
2696
1936515
-847
-126
354
4396
-2761
4537
1937540
-2541
399
621
3312
-4079
3231
1938565
-1677
226
588
3435
-2740
464
1939590
771
-4
589
4195
-2154
1024
1940615
1020
187
596
3500
-1815
1221
1941640
247
306
636
3279
-1829
928
1942665
344
269
675
3382
-1198
951
1943690
444
240
620
3349
-272
1095
1944715
194
239
594
3423
-632
1255
1945740
-27
210
574
3479
-1048
1245
1946765
-177
137
524
3489
-862
1076
1947790
-254
72
429
3518
-660
912
1948815
-131
7
341
3720
-1062
915
1949840
114
-42
281
3745
-1281
853
1942656
330
-92
231
3664
-1062
831
1943681
450
-132
214
3650
-854
888
1944706
584
-152
215
3697
-817
1038
1945731
627
-155
213
3723
-927
1128
1946756
607
-156
190
3706
-1076
1171
1947781
654
-170
189
3715
-1249
1174
1948806
785
-177
212
3697
-1130
1171
1949831
874
-166
235
3656
-868
1215
1950856
812
-142
242
3646
-870
1259
1951881
582
-118
202
3649
-980
1236
1952906
338
-93
131
3614
-1044
1191
1953931
178
-75
68
3594
-988
1187
1954956
91
-59
36
3643
-1016
1258
1955981
30
-40
26
3660
-1095
1276
1957006
-7
-25
20
3641
-1097
1238
1958031
-37
-22
15
3634
-1102
1230
1951075
-46
-25
7
3642
-1142
1266
1952100
-25
-28
0
3642
-1213
1310
1953125
9
-31
-8
3633
-1235
1290
1954150
26
-32
-16
3631
-1204
1250
1955175
15
-31
-21
3631
-1231
1227
1956200
7
-27
-25
3604
-1230
1247
1957225
11
-21
-28
3589
-1247
1288
1958250
16
-15
-21
3608
-1302
1280
1959275
22
-9
-11
3603
-1289
1235
1960300
26
-5
6
3614
-1300
1238
1961325
56
-3
31
3609
-1321
1298
1962350
97
-9
48
3636
-1343
1352
1963375
133
-2
73
3631
-1372
1382
1964400
95
20
107
3633
-1446
1496
1965425
-33
57
131
3626
-1506
1643
1966450
-191
97
170
3651
-1661
1640
1959039
-377
121
250
3633
-2189
1352
1960064
48
93
410
3679
-3013
1402
1961089
727
106
671
3801
-2792
2038
1962114
871
236
990
3848
-2223
2604
1963139
396
445
1298
3796
-2460
2585
1964164
-83
622
1477
3753
-2990
2050
1965189
-12
739
1551
3679
-3579
1768
1966214
446
793
1680
3965
-3462
2136
1967239
659
899
2061
3900
-3314
2304
1968264
762
995
2122
3842
-3683
2286
1969289
1123
999
2391
4129
-3837
2177
1970314
1418
1052
2671
3893
-4079
1910
1971339
1762
1049
2786
3820
-4213
1797
1972364
2216
1063
2985
3794
-4389
1920
1973389
2523
1068
3226
3651
-4499
1948
1974414
2860
1038
3429
3423
-4454
2048
1967232
3357
990
3657
3141
-4500
2287
1968257
3848
932
3900
3013
-4469
2408
1969282
3743
946
4092
2822
-3838
2293
1970307
3384
963
4264
2409
-3649
2416
1971332
3223
900
4404
2167
-3728
2484
1972357
3337
829
4518
2074
-3486
2507
1973382
3434
817
4626
1913
-2912
2737
1974407
3709
842
4824
1775
-3237
2809
1975432
4215
912
4794
1662
-2377
2546
1976457
4529
1021
4703
1291
-419
2550
1977482
4309
1106
4753
1078
-23
2723
1978507
4004
1153
4668
894
-546
2592
1979532
3540
1127
4387
631
158
2363
1980557
2920
1070
4134
529
1150
2544
1981582
2296
1012
3865
510
1347
2726
1982607
1853
915
3630
329
1283
2634
1975424
1710
812
3413
248
1665
2654
1976449
1538
727
3122
330
1973
2614
1977474
1230
668
2801
386
1523
2460
1978499
1177
590
2377
430
1420
2226
1979524
1291
503
1884
510
2251
2144
1980549
1139
408
1523
508
2756
2220
1981574
831
275
1231
561
2231
2462
1982599
825
193
994
411
1841
2576
1983624
969
77
746
261
2180
2698
1984649
858
-69
492
398
2525
2847
1985674
478
-117
303
382
2390
3082
1986699
187
-132
140
297
2073
3336
1987724
90
-120
-6
188
2046
3401
1988749
-3
-103
-113
101
2180
3301
1989774
-92
-108
-157
12
2201
3328
1990799
-184
-120
-170
-102
2149
3496
1983615
-229
-138
-168
-169
2054
3658
1984640
-217
-129
-148
-262
2175
3705
1985665
-246
-120
-123
-302
2182
3662
1986690
-257
-111
-93
-278
2081
3614
1987715
-234
-91
-48
-343
2068
3667
1988740
-222
-88
-27
-410
2057
3724
1989765
-195
-76
-23
-374
2036
3742
1990790
-170
-39
-5
-399
2102
3746
1991815
-175
-19
12
-392
2017
3735
1992840
-141
-5
22
-366
2042
3689
1993865
-82
10
25
-296
2051
3639
1994890
-50
44
36
-327
2067
3663
1995915
-85
57
46
-364
2110
3678
1996940
-185
48
45
-294
2162
3643
1997965
-202
58
66
-248
1933
3614
1998990
-65
65
65
-290
1930
3607
1991808
-10
56
36
-328
2033
3625
1992833
-28
42
4
-289
2009
3590
1993858
-39
40
-25
-330
2026
3547
1994883
-39
22
-37
-366
1964
3503
1995908
11
-8
-29
-329
1909
3577
1996933
45
-18
-10
-295
2008
3652
1997958
5
-7
7
-332
2097
3682
1998983
-64
-5
15
-340
2016
3642
2000008
-65
-3
12
-340
1957
3623
2001033
-26
-3
4
-320
2002
3634
2002058
-12
8
3
-338
2045
3646
2003083
-28
18
2
-363
2044
3638
2004108
-53
22
0
-387
2051
3625
2005133
-70
13
-8
-370
2041
3632
2006158
-65
12
-12
-355
1999
3632
2007183
-46
19
-11
-400
1977
3611
1999999
-39
8
-20
-380
2013
3585
2001024
-50
-2
-25
-352
2009
3611
2002049
-50
-9
-19
-341
1924
3649
2003074
-17
-19
-15
-293
1923
3621
2004099
10
-34
-7
-234
2021
3613
2005124
-7
-44
0
-213
2091
3722
2006149
-56
-29
-20
-218
2127
3794
2007174
-93
-12
-56
-201
2000
3771
2008199
-59
8
-91
-220
1929
3706
2009224
-5
23
-126
-250
2018
3674
2010249
-19
35
-152
-271
2046
3647
2011274
-75
44
-169
-329
2011
3620
2012299
-127
36
-187
-340
1908
3597
2013324
-126
27
-199
-328
1844
3605
2014349
-108
22
-222
-283
1885
3603
2015374
-100
28
-250
-246
1925
3549
2008192
-126
27
-294
-190
1925
3488
2009217
-178
15
-350
-96
1947
3492
2010242
-280
-2
-421
25
1985
3419
2011267
-445
-19
-526
208
2001
3256
2012292
-657
-30
-674
376
1955
3098
2013317
-914
-29
-871
483
1871
3033
2014342
-1171
-10
-1127
547
1753
3035
2015367
-1409
22
-1442
594
1549
2961
2016392
-1605
57
-1797
627
1191
2735
2017417
-1718
93
-2174
654
948
2667
2018442
-1968
144
-2538
588
867
2788
2019467
-2502
201
-2943
687
628
2616
2020492
-3049
301
-3312
772
298
2245
2021517
-3338
404
-3590
594
-53
2269
2022542
-3353
424
-3841
646
-692
2684
2023567
-3317
471
-4141
667
-1048
2734
2016384
-3301
541
-4455
468
-1158
2464
2017409
-3265
527
-4735
446
-1266
2271
2018434
-3490
495
-4996
559
-1332
2156
2019459
-3860
487
-5254
820
-1812
1998
2020484
-4035
519
-5482
1091
-2678
1908
2021509
-4064
548
-5678
1291
-3270
1855
2022534
-4087
576
-5930
1425
-3102
1666
2023559
-4049
570
-6102
1714
-3411
1335
2024584
-3849
475
-6015
2510
-5374
1441
2025609
-4019
403
-5908
2905
-5890
1702
2026634
-4368
421
-6006
2561
-4483
1547
2027659
-4285
431
-6193
2703
-3126
1072
2028684
-3409
309
-6097
3727
-2197
974
2029709
-2138
107
-5660
5100
-3204
875
2030734
-1081
-137
-5452
6341
-4761
542
2031759
-336
-365
-5670
7397
-4574
290
2024575
257
-483
-5503
7663
-5304
385
2025600
1078
-525
-4944
6858
-5416
490
2026625
1825
-638
-4059
5765
-4574
584
2027650
1973
-695
-2829
4907
-3759
1199
2028675
1558
-611
-1569
4551
-2537
1772
2029700
1071
-468
-424
4391
-1395
2105
2030725
394
-303
428
4190
-1161
2279
2031750
-655
-118
795
3865
-1474
2416
2032775
-1800
173
941
3586
-2850
3252
2033800
-1927
325
891
3247
-3233
2061
2034825
-433
138
823
3379
-2303
1208
2035850
27
59
736
3463
-2231
1245
2036875
-87
106
689
3354
-2827
1091
2037900
531
23
686
3559
-2333
912
2038925
1206
-26
710
3546
-1285
960
2039950
1334
-35
783
3426
-897
1117
2032768
1144
-42
813
3511
-847
1400
2033793
918
-40
828
3674
-790
1456
2034818
599
-23
841
3629
-823
1308
2035843
320
-5
785
3506
-906
1231
2036868
158
-17
675
3574
-1065
1155
2037893
154
-42
582
3739
-1204
1070
2038918
278
-43
523
3697
-1117
1060
2039943
385
-39
452
3589
-896
1126
2040968
461
-46
381
3653
-951
1193
2041993
500
-40
322
3676
-986
1195
2043018
461
-30
254
3609
-809
1225
2044043
354
-24
184
3598
-749
1337
2045068
266
-20
131
3625
-894
1339
2046093
183
-14
69
3597
-937
1245
2047118
78
-13
-10
3615
-967
1235
2048143
26
-18
-75
3639
-1069
1276
2040961
43
-22
-110
3605
-1100
1310
2041986
38
-25
-141
3553
-1159
1303
2043011
12
-35
-171
3540
-1221
1290
2044036
-25
-44
-192
3554
-1275
1324
2045061
-45
-47
-206
3559
-1323
1393
2046086
-45
-35
-209
3554
-1329
1402
2047111
-95
-21
-210
3550
-1323
1321
2048136
-177
-16
-214
3526
-1415
1312
2049161
-184
-24
-215
3547
-1502
1412
2050186
-127
-26
-189
3571
-1476
1488
2051211
-86
-21
-142
3536
-1405
1455
2052236
-95
-12
-103
3504
-1418
1427
2053261
-132
-4
-75
3524
-1481
1454
2054286
-203
18
-40
3532
-1423
1567
2055311
-449
56
5
3507
-1455
1581
2056336
-774
103
45
3474
-1772
1630
2049151
-922
151
72
3484
-2089
1633
2050176
-777
188
124
3558
-2236
1802
2051201
-499
199
265
3676
-2599
2104
2052226
-135
223
496
3669
-3091
1948
2053251
548
285
712
3858
-3503
1936
2054276
1147
365
1043
3996
-3621
2312
2055301
1434
457
1457
3965
-3848
2283
2056326
1716
597
1651
4029
-3385
2269
2057351
1863
775
1900
4093
-3263
2482
2058376
1761
915
2254
4063
-4009
2525
2059401
1411
1101
2229
3777
-3593
2436
2060426
1230
1226
2210
3951
-2686
2469
2061451
1044
1245
2605
3747
-3420
2442
2062476
884
1197
2767
3487
-3655
2114
2063501
1165
1069
2933
3657
-3685
1860
2064526
1532
888
3330
3851
-4182
1957
2057345
1640
723
3679
3628
-4423
1831
2058370
2012
522
3967
3350
-4669
1460
2059395
2804
292
4313
3259
-4878
1498
2060420
3095
161
4580
3078
-4396
1824
2061445
2927
111
4784
2738
-3969
2105
2062470
2802
69
4977
2391
-4257
2142
2063495
3187
73
5032
2060
-4209
2236
2064520
3699
120
5055
1895
-3246
2235
2065545
4048
225
5140
1768
-2808
2414
2066570
4304
380
5124
1568
-2334
2338
2067595
4584
568
4965
1142
-1011
2171
2068620
4559
732
4797
905
12
2266
2069645
4222
869
4591
748
268
2655
2070670
3985
1003
4308
572
313
2798
2071695
3657
1094
3958
335
1297
2481
2072720
3100
1100
3669
250
1675
2476
2065537
2490
1037
3408
340
1338
2655
2066562
1960
1006
3083
193
1762
2660
2067587
1637
886
2791
118
1530
2500
2068612
1544
726
2494
262
1412
2565
2069637
1359
619
2189
359
1971
2752
2070662
1062
523
1890
298
2176
2602
2071687
738
397
1558
218
2342
2311
2072712
505
224
1258
281
2185
2321
2073737
325
73
991
424
2010
2741
2074762
218
-4
715
307
1908
3145
2075787
328
-96
453
323
1795
3254
2076812
431
-120
288
336
1984
3348
2077837
341
-108
203
160
2085
3547
2078862
104
-102
103
-3
2132
3539
2079887
-102
-91
11
-159
2192
3474
2080912
-250
-96
-45
-267
1969
3511
2073728
-275
-98
-76
-383
1751
3562
2074753
-171
-99
-83
-468
1847
3596
2075778
-132
-105
-73
-475
1969
3658
2076803
-182
-91
-73
-538
1993
3624
2077828
-199
-88
-80
-624
2021
3573
2078853
-201
-110
-75
-565
2034
3644
2079878
-195
-119
-43
-508
1887
3779
2080903
-135
-108
-15
-496
1890
3823
2081928
-90
-91
-4
-508
2091
3767
2082953
-154
-79
1
-520
2114
3708
2083978
-216
-77
-15
-494
1963
3680
2085003
-182
-72
-37
-486
1932
3676
2086028
-115
-72
-55
-457
1955
3675
2087053
-69
-63
-64
-398
1851
3769
2088078
-25
-38
-67
-409
1795
3850
2089103
3
-21
-65
-427
1881
3795
2081921
-42
-20
-44
-406
1931
3718
2082946
-116
-16
-25
-409
1903
3688
2083971
-168
-16
-10
-414
1930
3748
2084996
-228
-25
10
-386
1956
3764
2086021
-264
-20
23
-429
1823
3728
2087046
-187
-16
6
-485
1670
3690
2088071
-38
-15
-27
-470
1775
3758
2089096
21
-4
-42
-459
1815
3809
2090121
26
13
-38
-532
1796
3827
2091146
43
3
-39
-490
1699
3802
2092171
63
13
-35
-459
1795
3785
2093196
28
23
-14
-475
1827
3739
2094221
3
22
7
-473
1748
3708
2095246
19
21
18
-473
1797
3722
2096271
16
20
31
-473
1839
3728
2097296
-5
24
38
-474
1845
3724
2090111
-25
25
35
-476
1857
3701
2091136
-27
24
36
-479
1837
3667
2092161
-17
27
22
-459
1856
3662
2093186
-8
35
11
-468
1819
3680
2094211
9
37
1
-474
1796
3702
2095236
13
35
-5
-494
1832
3680
2096261
-3
29
-7
-484
1830
3694
2097286
-21
28
-10
-465
1861
3748
2098311
-41
31
-11
-496
1820
3737
2099336
-22
21
-18
-496
1762
3714
2100361
16
11
-16
-487
1844
3742
2101386
0
3
-6
-461
1866
3766
2102411
-43
1
-4
-503
1832
3740
2103436
-48
-17
-1
-531
1806
3705
2104461
-37
-39
6
-491
1832
3732
2105486
-33
-47
5
-455
1763
3727
2098304
-4
-36
-1
-502
1821
3718
2099329
-4
-47
0
-476
1905
3697
2100354
-50
-48
6
-429
1810
3708
2101379
-42
-30
-9
-457
1770
3745
2102404
-19
-17
-38
-467
1828
3751
2103429
-36
-6
-66
-449
1808
3694
2104454
-52
0
-97
-412
1795
3648
2105479
-70
0
-132
-320
1833
3618
2106504
-137
8
-178
-258
1853
3546
2107529
-236
8
-256
-159
1850
3423
2108554
-362
2
-368
17
1866
3311
2109579
-505
3
-510
102
1800
3228
2110604
-646
-3
-692
157
1747
3149
2111629
-832
-14
-916
251
1802
3084
2112654
-1139
-16
-1169
316
1869
3044
2113679
-1629
-4
-1481
406
2003
3024
2106496
-2294
22
-1835
619
1876
2931
2107521
-2876
75
-2182
928
1320
2732
2108546
-3124
146
-2464
1106
677
2694
2109571
-3134
206
-2708
1136
277
2790
2110596
-3089
262
-2961
1143
112
2920
2111621
-3218
337
-3229
1131
-20
2863
2112646
-3492
439
-3551
1185
-401
2661
2113671
-3653
573
-3854
1298
-1370
2327
2114696
-3612
773
-4254
1157
-1723
1935
2115721
-3434
884
-4658
1181
-1923
1634
2116746
-3290
941
-4955
1503
-2616
1404
2117771
-3209
1048
-5230
1560
-2756
1225
2118796
-3365
1120
-5468
1665
-2541
925
2119821
-3646
1243
-5655
1825
-3382
754
2120846
-3428
1345
-5994
1541
-4580
835
2121871
-2738
1197
-6378
990
-3896
1608
2114688
-2486
748
-6525
1250
-2840
1917
2115713
-2768
207
-6335
2386
-4523
1741
2116738
-2901
-296
-6116
3590
-6363
1330
2117763
-2175
-764
-6044
3596
-5796
1076
2118788
-1249
-1313
-5850
4028
-4138
886
2119813
-791
-1811
-5405
5314
-2831
937
2120838
-94
-1998
-4898
6485
-3592
1615
2121863
516
-2014
-4670
7218
-4054
2171
2122888
507
-1830
-4345
7126
-3927
2089
2123913
-187
-1473
-3780
6405
-4036
1601
2124938
-809
-1119
-3141
5586
-4027
1471
2125963
-1019
-868
-2334
5109
-3439
1609
2126988
-963
-628
-1427
4808
-2744
1869
2128013
-1340
-177
-601
4750
-1872
5225
2129038
-4860
592
210
3458
-2552
3512
2130063
-4432
301
508
3645
-2891
-79
2122880
-1041
105
727
3907
-3222
599
2123905
1056
56
886
3463
-3421
1121
2124930
1409
182
944
3405
-2557
1147
2125955
1227
233
856
3320
-2178
973
2126980
1084
172
630
3182
-1139
980
2128005
774
118
469
3495
-701
1076
2129030
283
110
428
3589
-889
1182
2130055
-85
88
444
3426
-912
1089
2131080
-171
21
476
3468
-1002
844
2132105
41
-36
487
3637
-1085
827
2133130
362
-76
452
3810
-1065
1035
2134155
566
-94
418
3827
-1091
1153
2135180
645
-104
388
3702
-963
1115
2136205
661
-120
341
3689
-809
1119
2137230
639
-125
288
3774
-836
1183
2138255
573
-113
242
3754
-789
1236
2131072
491
-96
216
3666
-844
1236
2132097
408
-87
185
3627
-934
1205
2133122
341
-79
143
3664
-964
1244
2134147
271
-63
112
3678
-865
1279
2135172
80
-54
92
3628
-835
1219
2136197
-185
-54
52
3625
-991
1240
2137222
-290
-49
2
3644
-1148
1281
2138247
-200
-49
-15
3662
-1172
1206
2139272
-88
-40
-16
3593
-1208
1146
2140297
-13
-45
-30
3553
-1257
1147
2141322
32
-55
-50
3580
-1216
1195
2142347
35
-57
-67
3603
-1219
1217
2143372
18
-56
-76
3587
-1265
1211
2144397
-2
-62
-79
3577
-1289
1212
2145422
-5
-66
-77
3580
-1304
1236
2146447
5
-64
-72
3571
-1340
1235
2139263
21
-66
-65
3586
-1386
1236
2140288
46
-68
-56
3611
-1380
1266
2141313
67
-67
-36
3610
-1353
1286
2142338
72
-63
-14
3627
-1338
1279
2143363
57
-53
2
3626
-1369
1273
2144388
49
-44
16
3620
-1382
1294
2145413
46
-37
31
3619
-1396
1325
2146438
75
-30
53
3583
-1421
1354
2147463
79
-29
73
3610
-1386
1343
2148488
-15
-20
94
3654
-1398
1346
2149513
-174
-1
115
3615
-1527
1444
2150538
-281
29
158
3553
-1887
1723
2151563
-318
55
208
3603
-2282
1948
2152588
-336
117
262
3698
-2228
2067
2153613
-387
251
417
3700
-2385
2299
2154638
-439
399
645
3653
-2961
2207
2147456
-436
502
865
3725
-3391
1874
2148481
-236
579
1121
3862
-3907
2071
2149506
-34
638
1397
3908
-3975
1935
2150531
285
670
1696
4066
-3921
1514
2151556
801
681
2083
4306
-4541
1452
2152581
1365
710
2462
4438
-4528
1582
2153606
1480
791
2641
4237
-3960
1375
2154631
1725
796
2904
4256
-4007
1234
2155656
2274
751
3289
4334
-4477
1330
2156681
2717
697
3616
4158
-4609
1057
2157706
3152
615
3835
4044
-4703
1045
2158731
3516
527
4028
3988
-4405
1410
2159756
3614
460
4248
3750
-4186
1455
2160781
3817
373
4551
3638
-5083
1325
2161806
4520
286
4733
3544
-4939
1549
2162831
5106
254
4942
3233
-4159
1848
2155648
5494
293
5196
2936
-3991
1622
2156673
6025
324
5316
2512
-4079
1317
2157698
6704
413
5207
2662
-2970
1912
2158723
6399
685
5030
2626
-685
1833
2159748
5672
1012
5101
2050
-162
1916
2160773
5084
1124
5071
1837
-113
2056
2161798
4471
1211
4711
1737
1501
2309
2162823
3398
1278
4389
1407
2098
2344
2163848
2514
1198
4121
1225
1518
2165
2164873
2262
1089
3849
1194
1341
2244
2165898
2118
1029
3555
1138
1853
2815
2166923
1776
991
3215
997
1917
3108
2167948
1473
958
2848
892
1862
2850
2168973
1353
913
2491
928
1934
2602
2169998
1201
886
2158
926
2256
2497
2171023
956
847
1813
832
2350
2698
2164031
767
782
1446
903
2210
2766
2165056
734
780
1117
779
2130
2763
2166081
712
729
809
674
2211
2576
2167106
620
643
537
671
2321
2483
2168131
435
587
308
442
2228
2514
2169156
358
492
100
367
1826
2691
2170181
382
404
-44
391
1780
2875
2171206
322
357
-113
193
2241
2936
2172231
122
254
-138
172
2178
2876
2173256
-63
192
-154
110
1855
2971
2174281
-75
140
-168
126
1670
3342
2175306
23
141
-153
55
1911
3688
2176331
-51
176
-118
-138
2270
3719
2177356
-257
172
-77
-275
2255
3541
2178381
-371
126
-58
-345
2151
3423
2179406
-330
60
-50
-365
2147
3447
2172032
-240
6
-19
-408
2190
3512
2173057
-164
-54
15
-359
2191
3578
2174082
-137
-88
31
-327
2244
3638
2175107
-142
-102
33
-347
2315
3740
2176132
-175
-103
3
-309
2270
3759
2177157
-161
-93
-27
-233
2028
3755
2178182
-33
-64
-40
-187
1918
3774
2179207
73
-13
-41
-230
2110
3719
2180232
42
18
-41
-268
2216
3601
2181257
-54
38
-56
-283
2177
3511
2182282
-109
52
-60
-356
2010
3458
2183307
-73
41
-63
-334
2020
3453
2184332
-49
32
-53
-357
2110
3470
2185357
-48
9
-39
-388
2009
3557
2186382
-6
-18
-40
-329
1907
3681
2187407
33
-17
-17
-331
1988
3727
2180224
2
-16
6
-307
2064
3670
2181249
-80
-11
22
-280
2013
3629
2182274
-127
-6
48
-324
1962
3591
2183299
-106
-14
69
-289
1961
3574
2184324
-79
-11
81
-261
2045
3601
2185349
-92
-8
85
-280
2077
3628
2186374
-108
-10
71
-274
2127
3640
2187399
-116
-12
58
-231
2059
3637
2188424
-76
-1
44
-260
2009
3627
2189449
-18
4
31
-305
2044
3625
2190474
-3
-2
18
-305
2093
3626
2191499
-16
-5
5
-299
2057
3619
2192524
-11
-5
0
-280
1975
3628
2193549
1
5
-3
-306
2030
3635
2194574
-24
1
-13
-260
2027
3595
2195599
-47
12
-18
-281
1950
3580
2188417
-44
14
-17
-288
1961
3582
2189442
-43
5
-4
-291
2012
3609
2190467
-57
-3
6
-293
1994
3641
2191492
-71
0
3
-324
2010
3636
2192517
-73
-15
1
-314
2002
3601
2193542
-45
-35
4
-251
1974
3615
2194567
-28
-27
-2
-263
2009
3647
2195592
-42
-21
-21
-273
2017
3605
2196617
-51
-22
-43
-260
1982
3617
2197642
-24
-30
-50
-228
1918
3680
2198667
22
-34
-46
-210
1943
3692
2199692
34
-32
-35
-252
2016
3658
2200717
8
-45
-26
-260
2028
3685
2201742
-24
-56
-16
-289
1953
3730
2202767
-14
-63
-10
-292
1917
3723
2203792
10
-63
-5
-276
1933
3696
2196608
8
-54
-7
-228
1953
3676
2197633
-13
-32
-8
-234
1937
3662
2198658
-20
-12
-10
-272
1902
3659
2199683
-12
-4
-13
-260
1939
3666
2200708
-20
-4
-2
-223
1962
3635
2201733
-8
-9
23
-216
1959
3630
2202758
11
-24
42
-194
2055
3659
2203783
-14
-38
36
-172
2119
3640
2204808
-51
-44
8
-197
2114
3570
2205833
-82
-63
-52
-153
2151
3506
2206858
-133
-85
-115
-95
2132
3411
2207883
-170
-119
-195
4
2126
3299
2208908
-250
-164
-316
174
2306
3155
2209933
-480
-219
-479
425
2428
2953
2210958
-863
-268
-701
800
2354
2782
2211983
-1350
-251
-955
958
2182
2723
2204800
-1855
-223
-1261
1042
1866
2693
2205825
-2317
-166
-1616
1160
1429
2652
2206850
-2638
-71
-1993
1217
885
2474
2207875
-2684
12
-2361
1216
281
2345
2208900
-2329
23
-2677
1171
-90
2410
2209925
-1907
-27
-2975
969
288
2545
2210950
-1890
-132
-3254
870
606
2676
2211975
-2198
-238
-3535
956
111
2681
2213000
-2517
-272
-3868
798
4
2730
2214025
-2882
-359
-4154
782
-8
2760
2215050
-3251
-435
-4367
1130
-625
2643
2216075
-3251
-430
-4563
1408
-1612
2495
2217100
-2939
-434
-4834
1419
-2006
2435
2218125
-2580
-525
-5143
1522
-1768
2520
2219150
-2506
-654
-5362
2011
-1935
2635
2220175
-2796
-676
-5553
2380
-2183
2274
2212994
-3279
-656
-5747
2252
-2022
1630
2214019
-3746
-768
-5848
2504
-2475
1513
2215044
-3738
-951
-5881
3553
-3751
1801
2216069
-3207
-1048
-5935
3916
-3820
2003
2217094
-3034
-1275
-5863
3456
-2590
1557
2218119
-3645
-1731
-5632
3832
-2247
1039
2219144
-4703
-2219
-5409
5292
-2467
1011
2220169
-5940
-2357
-5458
7121
-2365
1130
2221194
-6491
-2001
-5692
8740
-3067
994
2222219
-5637
-1317
-5805
9610
-5125
541
2223244
-2795
-679
-5340
8364
-7727
180
2224269
857
-606
-4092
5815
-7764
-63
2225294
2819
-914
-2387
4883
-4274
502
2226319
2638
-1001
-949
4901
-1134
1609
2227344
1784
-782
70
4582
-1129
2435
2228369
920
-544
622
4304
-1980
2689
2221184
-90
-347
796
4112
-1981
2468
2222209
-1009
-151
745
3883
-1796
2829
2223234
-2429
265
614
3508
-1675
4101
2224259
-3311
490
369
2661
-1594
1174
2225284
-1514
286
212
3461
-2283
544
2226309
-172
176
370
3879
-2276
1351
2227334
145
173
339
3656
-1970
1206
2228359
177
253
258
3484
-1526
886
2229384
438
224
356
3485
-866
979
2230409
437
179
361
3634
-456
1171
2231434
-5
170
371
3665
-679
1235
2232459
-352
146
364
3665
-838
1208
2233484
-493
86
344
3748
-856
1076
2234509
-456
32
315
3726
-977
904
2235534
-200
-28
263
3713
-1112
897
2236559
157
-80
223
3719
-1104
936
2229375
446
-117
212
3669
-880
914
2230400
633
-144
195
3668
-810
959
2231425
724
-151
162
3670
-754
1053
2232450
715
-144
119
3681
-641
1139
2233475
652
-137
85
3752
-746
1177
2234500
577
-117
53
3774
-817
1151
2235525
482
-94
18
3780
-789
1128
2236550
364
-70
-16
3768
-748
1129
2237575
258
-49
-40
3748
-896
1201
2238600
187
-28
-70
3744
-924
1231
2239625
118
-8
-77
3703
-887
1180
2240650
30
7
-56
3641
-957
1149
2241675
-5
9
-40
3645
-1032
1166
2242700
33
4
-35
3721
-1110
1212
2243725
81
3
-30
3745
-1192
1256
2244750
79
11
-25
3654
-1146
1248
2237569
45
13
-8
3605
-1189
1232
2238594
81
14
24
3594
-1272
1307
2239619
175
11
61
3671
-1257
1408
2240644
197
25
102
3713
-1257
1465
2241669
95
59
134
3658
-1336
1465
2242694
-9
85
152
3647
-1574
1487
2243719
-20
113
183
3633
-1737
1611
2244744
-189
142
227
3586
-1606
1635
2245769
-617
173
261
3546
-1522
1607
2246794
-905
204
288
3696
-1759
1715
2247819
-805
258
351
3775
-2227
1767
2248844
-533
293
484
3736
-2924
1646
2249869
-193
286
603
3781
-2951
1453
2250894
245
285
823
3974
-2837
1774
2251919
550
357
1114
4069
-2994
2058
2252944
613
463
1416
4187
-2661
1932
2245761
382
546
1797
4296
-2983
1868
2246786
335
605
2114
4340
-3803
1995
2247811
587
636
2354
4442
-3624
1861
2248836
681
639
2682
4495
-3239
1504
2249861
703
580
3063
4286
-3649
1124
2250886
1013
398
3399
4248
-4584
906
2251911
1674
126
3652
4492
-5004
739
2252936
2470
-170
3837
4515
-4417
568
2253961
3192
-408
4137
4259
-4716
440
2254986
3950
-566
4372
4155
-5277
344
2256011
4684
-640
4426
3904
-4821
568
2257036
4854
-606
4607
3764
-4668
1384
2258061
4596
-487
4800
3572
-4569
1886
2259086
4565
-314
4871
3177
-3802
1854
2260111
4787
-121
5012
2766
-3569
1837
2261136
5053
82
5084
2597
-3349
1978
2253951
5339
328
5020
2522
-2719
1929
2254976
5845
630
4821
2270
-1966
1946
2256001
6226
929
4599
1928
-858
1900
2257026
5991
1197
4263
1412
910
1838
2258051
5625
1369
4081
1217
778
1776
2259076
5072
1557
3744
1032
756
1755
2260101
4378
1632
3298
865
1462
2015
2261126
3569
1576
2904
781
2014
2147
2262151
2718
1471
2596
599
2313
1936
2263176
1954
1322
2347
439
2579
1827
2264201
1312
1103
2093
419
2017
1948
2265226
1000
895
1783
406
1505
1962
2266251
1036
727
1479
378
2083
2055
2267276
957
565
1245
414
2542
2141
2268301
561
441
1006
344
2446
2345
2269326
233
320
740
339
2269
2618
2262144
139
220
535
295
2264
2827
2263169
122
124
393
248
2242
2859
2264194
139
61
270
196
2030
3039
2265219
154
37
171
46
2010
3376
2266244
143
28
71
-65
2250
3545
2267269
36
27
17
-132
2374
3559
2268294
-107
25
9
-234
2232
3516
2269319
-167
4
-18
-198
2194
3534
2270344
-193
18
-27
-228
2156
3560
2271369
-196
44
-35
-347
2138
3531
2272394
-175
39
-45
-384
2184
3470
2273419
-168
25
-20
-415
2282
3494
2274444
-207
0
-4
-418
2313
3550
2275469
-234
-8
10
-459
2214
3550
2276494
-179
-14
10
-517
2186
3550
2277519
-147
-29
-22
-438
2244
3572
2270336
-168
-24
-28
-443
2062
3537
2271361
-108
-21
-41
-447
2032
3498
2272386
-54
-19
-51
-441
2109
3498
2273411
-42
-25
-34
-431
2119
3498
2274436
-46
-20
-11
-491
2169
3549
2275461
-83
-38
-6
-519
2056
3596
2276486
-83
-64
-17
-467
2028
3554
2277511
-22
-72
-5
-454
2088
3570
2278536
15
-66
9
-441
2064
3653
2279561
10
-49
8
-471
2029
3675
2280586
13
-43
-4
-371
2071
3631
2281611
-2
-21
2
-302
2131
3596
2282636
-70
19
0
-374
2089
3584
2283661
-105
38
-17
-442
1993
3559
2284686
-91
35
-20
-464
2031
3528
2285711
-71
18
-1
-451
2072
3549
2278528
-63
4
5
-431
2039
3611
2279553
-64
15
8
-496
2061
3592
2280578
-60
4
10
-525
2072
3534
2281603
-69
-19
11
-452
2079
3557
2282628
-79
-22
19
-453
2089
3620
2283653
-68
-24
25
-481
2015
3663
2284678
-28
-26
24
-473
2005
3653
2285703
-3
-24
22
-449
2074
3619
2286728
-23
-19
19
-403
2106
3622
2287753
-54
-8
19
-420
2058
3651
2288778
-53
-3
14
-396
1944
3652
2289803
-10
6
8
-375
1949
3621
2290828
8
15
7
-403
2020
3616
2291853
-27
19
4
-400
2075
3588
2292878
-73
14
0
-422
2018
3557
2293903
-80
0
-4
-412
1951
3556
2286720
-50
-9
-3
-398
1972
3609
2287745
-41
-13
0
-417
1988
3633
2288770
-36
-16
-6
-408
1996
3655
2289795
-59
-8
-12
-404
2027
3627
2290820
-98
3
-22
-412
1986
3567
2291845
-99
9
-37
-392
1966
3569
2292870
-82
15
-44
-387
1960
3618
2293895
-74
26
-59
-368
2013
3640
2294920
-121
46
-95
-358
2058
3589
2295945
-218
57
-153
-268
2042
3482
2296970
-277
65
-208
-191
1984
3433
2297995
-297
55
-282
4
1959
3361
2299020
-354
50
-399
283
2154
3226
2300045
-563
62
-557
386
2209
3019
2301070
-848
46
-774
462
2048
2884
2302095
-1155
34
-1045
550
2000
2829
2294911
-1577
25
-1324
634
1936
2736
2295936
-2086
9
-1628
701
1694
2647
2296961
-2626
18
-1967
767
1604
2623
2297986
-3293
69
-2318
783
1550
2490
2299011
-4054
145
-2676
892
1375
2409
2300036
-4810
285
-3044
1234
813
2422
2301061
-5340
582
-3398
1417
-31
2395
2302086
-5559
972
-3781
1397
-461
2192
2303111
-5664
1343
-4144
1520
-701
1806
2304136
-5693
1727
-4444
1784
-2021
1520
2305161
-5427
2138
-4728
2056
-3573
1209
2306186
-4868
2544
-4956
1914
-3791
1128
2307211
-4458
2814
-5056
1746
-3777
732
2308236
-4277
2952
-5139
1546
-3582
92
2309261
-3945
2919
-5206
1278
-3301
-218
2310286
-3319
2706
-5247
1615
-3804
-206
2303193
-2456
2437
-5515
2067
-4161
-29
2304218
-1885
2088
-5963
2304
-3580
-36
2305243
-2222
1654
-6244
3225
-3495
-377
2306268
-3128
1300
-6264
4690
-4735
-549
2307293
-3183
1150
-6274
5101
-6330
-939
2308318
-1825
846
-6391
4822
-5175
-799
2309343
-225
292
-6239
5690
-3242
-346
2310368
811
-162
-5955
7064
-3501
313
2311393
895
-337
-5844
8112
-4576
710
2312418
852
-271
-5525
7994
-5325
792
2313443
1101
-213
-4841
6502
-5308
415
2314468
1187
-378
-3777
5025
-4773
68
2315493
1070
-538
-2397
4446
-4034
1151
2316518
782
-559
-1098
4330
-2344
2242
2317543
-1256
-195
-83
4859
532
5294
2318568
-5566
494
602
3683
-4067
3440
2311296
-3497
106
979
3618
-4523
68
2312321
-164
-66
972
3734
-2631
461
2313346
980
-106
1063
3372
-3075
821
2314371
1187
-54
1081
3670
-2653
585
2315396
1098
104
992
3526
-1845
539
2316421
1053
125
867
3211
-1322
841
2317446
717
63
672
3432
-647
1165
2318471
312
45
638
3648
-666
1299
2319496
72
42
642
3567
-622
1296
2320521
-116
-10
632
3565
-667
1153
2321546
-238
-66
581
3742
-766
966
2322571
-89
-114
511
3905
-869
836
2323596
185
-148
460
3819
-1038
843
2324621
416
-184
397
3656
-982
865
2325646
573
-221
298
3725
-819
901
2326671
628
-225
182
3851
-784
919
2319488
578
-198
97
3709
-853
935
2320513
471
-180
19
3571
-912
967
2321538
398
-175
-29
3620
-968
1062
2322563
423
-162
-16
3724
-1041
1220
2323588
432
-143
22
3789
-1001
1239
2324613
333
-106
55
3730
-958
1177
2325638
200
-66
70
3683
-1044
1155
2326663
119
-34
59
3704
-1187
1180
2327688
95
-9
41
3677
-1311
1169
2328713
97
8
15
3655
-1280
1191
2329738
73
19
2
3681
-1272
1173
2330763
53
34
4
3691
-1314
1172
2331788
36
44
8
3670
-1311
1154
2332813
8
50
21
3652
-1311
1129
2333838
-34
51
44
3648
-1329
1142
2334863
-42
56
66
3637
-1393
1190
2327680
-15
59
92
3620
-1423
1224
2328705
-21
65
132
3586
-1475
1213
2329730
-30
82
179
3601
-1812
1391
2330755
-19
107
240
3610
-2178
1561
2331780
90
120
348
3701
-2385
1533
2332805
277
158
517
3740
-2555
1636
2333830
480
221
717
3766
-2787
1885
2334855
496
298
939
3830
-2984
1890
2335880
496
377
1205
3828
-3502
1705
2336905
718
430
1459
3923
-3823
1844
2337930
987
528
1656
3996
-3419
2054
2338955
1158
639
1898
3883
-3732
1477
2339980
1830
628
2243
3950
-5077
1322
2341005
2715
619
2413
4262
-4753
2175
2342030
2605
884
2552
4371
-3222
2581
2343055
1867
1175
2800
4056
-3398
1621
2335872
1865
1210
3115
3877
-3962
1763
2336897
2255
1112
3428
3972
-4185
2353
2337922
2663
1019
3824
4021
-5037
2245
2338947
3000
877
4198
4174
-5896
1851
2339972
3666
724
4524
4490
-6054
1746
2340997
4593
648
4840
4094
-4654
1870
2342022
5023
717
5230
3384
-3660
2225
2343047
4994
928
5462
2937
-3846
2551
2344072
5449
1155
5375
2906
-3971
2521
2345097
6071
1487
5143
2835
-2249
2241
2346122
6048
1907
5003
2292
-350
2661
2347147
5429
2060
4938
1920
-677
2792
2348172
4691
2193
4581
1691
-284
2050
2349197
4131
2359
4208
1027
1689
1568
2350222
3243
2265
4018
588
2379
1894
2351247
2212
2038
3850
113
1860
2444
2344063
1686
1736
3609
48
931
2772
2345088
1482
1504
3306
171
507
2562
2346113
1388
1328
3121
24
478
2054
2347138
1564
1124
2948
71
1006
1886
2348163
1553
951
2736
209
1677
1870
2349188
1236
840
2535
270
1803
1886
2350213
880
720
2290
259
2129
1898
2351238
438
591
2003
292
2717
1958
2352263
-136
467
1750
274
2912
1992
2353288
-388
308
1486
324
2327
2110
2354313
-173
186
1168
658
2214
2523
2355338
98
197
933
638
2720
2921
2356363
8
177
722
415
2230
3216
2357388
57
124
372
362
1603
3407
2358413
319
145
58
71
1985
3524
2359438
416
124
-115
-74
2398
3509
2352256
304
105
-152
-142
2511
3400
2353281
32
102
-136
-380
2407
3398
2354306
-200
51
-142
-473
2220
3376
2355331
-345
18
-145
-489
2295
3364
2356356
-484
-13
-109
-524
2250
3420
2357381
-545
-50
-75
-535
2087
3469
2358406
-489
-76
-55
-577
1923
3492
2359431
-327
-108
-49
-557
1889
3501
2360456
-143
-129
-43
-536
2073
3563
2361481
-74
-134
-11
-577
2237
3642
2362506
-131
-144
2
-529
2304
3651
2363531
-253
-132
-1
-552
2317
3658
2364556
-327
-125
-14
-556
2068
3727
2365581
-270
-120
-31
-483
1999
3721
2366606
-179
-97
-25
-468
2047
3659
2367631
-141
-75
-37
-489
1995
3592
2360448
-118
-62
-73
-452
2076
3563
2361473
-122
-44
-87
-447
1989
3612
2362498
-91
-24
-91
-476
1890
3665
2363523
-35
-10
-100
-501
1941
3725
2364548
-28
-12
-115
-466
1919
3668
2365573
-40
9
-115
-525
1998
3615
2366598
-50
-5
-87
-547
1952
3626
2367623
-52
-26
-53
-523
1954
3689
2368648
-50
-27
-4
-589
1878
3778
2369673
-6
-43
18
-595
1919
3763
2370698
11
-49
35
-555
2052
3739
2371723
-35
-46
51
-507
2035
3681
2372748
-47
-46
77
-473
2023
3652
2373773
29
-60
124
-447
1896
3674
2374798
97
-27
110
-437
1993
3746
2375823
20
15
64
-448
2003
3710
2368640
-49
31
34
-471
1930
3617
2369665
-37
37
11
-465
1928
3588
2370690
-19
41
-3
-463
1930
3606
2371715
-7
47
-17
-458
1946
3629
2372740
-14
47
-25
-470
1965
3625
2373765
-10
37
-29
-482
1954
3603
2374790
-12
26
-31
-470
1971
3618
2375815
-22
18
-31
-480
1968
3620
2376840
-25
7
-36
-499
1973
3605
2377865
-34
-4
-42
-489
1985
3603
2378890
-50
-20
-43
-469
1985
3587
2379915
-66
-31
-41
-469
1989
3605
2380940
-82
-38
-56
-468
1981
3613
2381965
-87
-38
-71
-480
1963
3623
2382990
-79
-40
-86
-465
1898
3616
2384015
-54
-28
-101
-486
1937
3630
2376987
-51
-20
-113
-521
1906
3623
2378012
-76
-11
-132
-521
1948
3582
2379037
-152
-2
-149
-489
1982
3521
2380062
-265
4
-181
-424
1943
3470
2381087
-379
14
-246
-296
1893
3391
2382112
-466
25
-326
-186
1787
3278
2383137
-514
22
-426
-49
1843
3215
2384162
-658
18
-556
97
2039
3170
2385187
-978
17
-735
249
2067
3035
2386212
-1331
5
-960
413
1854
2850
2387237
-1559
-16
-1203
490
1591
2754
2388262
-1581
-89
-1450
617
1151
2771
2389287
-1423
-142
-1703
735
916
2870
2390312
-1383
-165
-1975
691
1199
2973
2391337
-1700
-217
-2273
717
1409
2908
2392362
-2262
-225
-2619
845
1322
2925
2385024
-2813
-161
-3008
1040
738
2958
2386049
-3138
-26
-3416
1143
5
2710
2387074
-3187
105
-3811
1147
-591
2366
2388099
-3128
174
-4163
1079
-1014
2021
2389124
-3023
175
-4488
1015
-1197
2023
2390149
-3027
125
-4801
1173
-1544
2127
2391174
-3220
90
-5120
1165
-1691
2078
2392199
-3488
18
-5364
1086
-2078
2318
2393224
-3755
-66
-5527
1332
-3597
2687
2394249
-4015
-24
-5754
1382
-4127
2306
2395274
-4109
-16
-5952
1260
-3011
1495
2396299
-4434
-115
-5945
1606
-2565
823
2397324
-4866
-185
-5845
2564
-3542
989
2398349
-5015
-214
-5472
4274
-6256
1987
2399374
-5577
26
-5438
4390
-5607
1744
2400399
-5576
157
-5537
3538
-4014
807
2393217
-4967
-39
-5350
4478
-3559
418
2394242
-3550
-222
-4774
4949
-3950
274
2395267
-1563
-420
-4452
5394
-4068
489
2396292
-68
-617
-4569
6251
-4398
753
2397317
901
-675
-4426
6421
-5703
799
2398342
1682
-705
-4091
5859
-5394
392
2399367
2283
-779
-3554
5214
-4152
-24
2400392
2652
-840
-2774
4872
-3268
489
2401417
2366
-763
-1887
4734
-2663
1928
2402442
189
-115
-1108
4817
-1988
6315
2403467
-4299
627
5
3439
-4432
3359
2404492
-2903
183
642
3964
-1914
-91
2405517
-587
62
960
3921
-1842
351
2406542
327
-2
1174
3674
-3404
806
2407567
431
191
1290
3630
-2634
779
2408592
259
375
1251
3266
-1918
639
2401408
281
304
1022
3097
-1408
817
2402433
113
211
702
3334
-1194
1163
2403458
-41
161
542
3428
-1338
1256
2404483
-3
74
411
3341
-901
1064
2405508
59
-29
348
3383
-833
867
2406533
216
-99
313
3593
-1206
939
2407558
544
-131
277
3738
-1232
951
2408583
734
-155
285
3786
-1148
872
2409608
547
-162
302
3752
-1114
864
2410633
352
-158
282
3738
-1166
1010
2411658
277
-154
272
3798
-1196
1129
2412683
232
-114
268
3665
-1044
1158
2413708
187
-89
256
3630
-1172
1178
2414733
137
-77
211
3644
-1374
1174
2415758
164
-63
144
3605
-1314
1187
2416783
223
-47
88
3566
-1170
1180
2409600
253
-29
57
3546
-1154
1166
2410625
222
-15
18
3534
-1246
1141
2411650
163
-5
-39
3532
-1252
1110
2412675
96
2
-80
3547
-1249
1080
2413700
68
2
-97
3545
-1346
1078
2414725
79
-8
-113
3567
-1440
1080
2415750
97
-18
-134
3560
-1439
1094
2416775
129
-32
-142
3586
-1454
1099
2417800
165
-41
-134
3593
-1502
1115
2418825
192
-51
-119
3593
-1504
1132
2419850
198
-57
-99
3627
-1509
1164
2420875
188
-57
-67
3636
-1486
1185
2421900
163
-51
-32
3597
-1481
1181
2422925
123
-49
-1
3573
-1513
1163
2423950
91
-49
32
3551
-1557
1163
2424975
101
-55
65
3552
-1568
1192
2417792
121
-54
96
3549
-1545
1178
2418817
126
-54
118
3553
-1549
1146
2419842
130
-52
126
3543
-1552
1136
2420867
143
-51
132
3567
-1497
1169
2421892
138
-37
138
3573
-1433
1212
2422917
79
-20
139
3577
-1384
1191
2423942
-9
-4
126
3586
-1411
1176
2424967
-108
3
119
3611
-1404
1268
2425992
-267
17
117
3635
-1368
1353
2427017
-455
52
143
3621
-1540
1440
2428042
-665
99
176
3613
-1778
1528
2429067
-904
152
243
3640
-2094
1735
2430092
-1051
245
324
3586
-2441
1844
2431117
-879
340
407
3548
-2667
1890
2432142
-650
432
568
3606
-3066
2111
2433167
-561
529
778
3646
-3572
2336
2425984
-583
624
1033
3711
-3716
2210
2427009
-449
722
1250
3771
-4128
1851
2428034
272
745
1609
4042
-5034
1881
2429059
1151
732
2039
4155
-5045
2047
2430084
1872
802
2181
4045
-4140
2232
2431109
2780
694
2603
3982
-5538
1459
2432134
4586
423
3074
4105
-6932
1134
2433159
6252
344
3102
4740
-4973
1550
2434184
6524
659
3320
4590
-3379
1833
2435209
5747
997
3614
3833
-4019
1749
2436234
5229
1112
3669
3608
-4430
1875
2437259
5094
1160
3817
3662
-4123
2411
2438284
4719
1280
4152
3455
-4215
2766
2439309
4379
1431
4419
3210
-4426
2749
2440334
4399
1555
4560
2939
-3964
2693
2441359
4381
1674
4688
2615
-2986
2823
2434175
4126
1791
4861
2351
-2674
2751
2435200
4143
1905
4874
2105
-2659
2693
2436225
4381
2023
4751
1926
-1840
2384
2437250
4434
2162
4624
1456
-719
2166
2438275
4422
2166
4544
1450
-640
2120
2439300
4416
2213
4275
1519
-352
2206
2440325
4180
2310
3929
1551
815
1889
2441350
3510
2376
3680
1125
2117
1444
2442375
2606
2233
3435
896
2294
1375
2443400
1760
2001
3134
760
2369
1369
2444425
1185
1746
2803
630
2452
1622
2445450
786
1422
2444
782
2350
1794
2446475
495
1186
2060
708
2469
1935
2447500
339
930
1672
852
2273
1975
2448525
376
762
1297
929
2310
1970
2449550
395
640
989
690
2585
2098
2442368
259
441
698
728
2491
2283
2443393
113
310
466
709
2248
2565
2444418
58
254
279
449
2298
2942
2445443
23
158
113
345
2345
3111
2446468
-58
104
0
156
2345
3051
2447493
-117
56
-58
-24
2255
3051
2448518
-131
-9
-85
-115
2159
3149
2449543
-127
-63
-85
-266
2149
3243
2450568
-124
-119
-67
-386
2264
3342
2451593
-165
-164
-48
-390
2311
3469
2452618
-186
-187
-23
-416
2155
3563
2453643
-95
-197
2
-393
2105
3613
2454668
-28
-170
25
-419
2384
3625
2455693
-116
-148
38
-442
2499
3602
2456718
-249
-136
28
-377
2402
3533
2457743
-322
-107
23
-382
2299
3558
2450560
-282
-94
11
-321
2051
3549
2451585
-112
-52
5
-380
2071
3583
2452610
33
-35
0
-397
2220
3595
2453635
62
-29
10
-327
2374
3569
2454660
-26
-9
20
-363
2401
3527
2455685
-132
-8
-2
-353
2399
3502
2456710
-203
-10
-21
-329
2312
3515
2457735
-207
0
-30
-403
2141
3482
2458760
-109
-11
-45
-402
2111
3469
2459785
-6
-14
-59
-418
2129
3470
2460810
41
-23
-61
-437
2192
3485
2461835
52
-45
-48
-391
2219
3524
2462860
15
-42
-37
-364
2266
3576
2463885
-59
-31
-29
-389
2197
3572
2464910
-104
-27
-36
-374
2178
3502
2465935
-110
-17
-33
-391
2143
3469
2458751
-79
-9
-41
-445
2112
3448
2459776
-43
-11
-61
-432
2095
3458
2460801
-18
-13
-68
-400
2057
3452
2461826
6
-8
-69
-383
2191
3466
2462851
-34
-7
-60
-410
2240
3510
2463876
-93
-7
-53
-441
2127
3538
2464901
-90
-11
-54
-461
2120
3561
2465926
-74
-29
-50
-426
2113
3557
2466951
-56
-31
-34
-426
2141
3540
2467976
-56
-31
-21
-457
2172
3551
2469001
-74
-34
-13
-460
2128
3584
2470026
-69
-32
-4
-452
2101
3621
2471051
-54
-36
-3
-406
2113
3607
2472076
-50
-32
-2
-366
2123
3579
2473101
-50
-18
2
-362
2076
3581
2474126
-27
-3
-3
-369
2065
3600
2466944
-12
8
-8
-369
2118
3598
2467969
-40
21
-7
-377
2093
3575
2468994
-53
30
-10
-382
2090
3569
2470019
-56
38
-11
-373
2074
3579
2471044
-63
51
-10
-408
2057
3572
2472069
-60
49
-16
-379
2019
3554
2473094
-40
53
-19
-366
2013
3569
2474119
-42
58
-24
-362
2005
3560
2475144
-62
68
-25
-404
2023
3551
2476169
-90
60
-24
-389
1998
3541
2477194
-123
62
-15
-421
2065
3538
2478219
-149
54
10
-557
2032
3548
2479244
-150
19
17
-556
2013
3541
2480269
-129
-6
38
-576
2082
3561
2481294
-129
-38
49
-521
2111
3587
2482319
-142
-48
52
-499
2146
3608
2475137
-153
-53
39
-488
2145
3628
2476162
-138
-57
25
-448
2027
3633
2477187
-76
-41
10
-447
2041
3654
2478212
-39
-26
-5
-440
2104
3675
2479237
-52
-16
-21
-454
2083
3668
2480262
-68
-14
-38
-451
2016
3645
2481287
-49
-11
-47
-430
1932
3654
2482312
-15
-4
-51
-418
1943
3667
2483337
-3
3
-52
-399
1971
3679
2484362
-32
14
-57
-393
1975
3682
2485387
-53
19
-57
-440
1902
3664
2486412
-37
17
-58
-443
1923
3657
2487437
-49
15
-59
-413
2026
3649
2488462
-101
17
-66
-387
2029
3625
2489487
-149
21
-86
-391
2000
3617
2490512
-205
17
-132
-295
2103
3594
2483328
-321
22
-215
-72
2242
3549
2484353
-567
49
-343
188
2332
3392
2485378
-957
102
-528
408
2399
3208
2486403
-1461
170
-755
558
2293
3123
2487428
-1940
223
-1029
797
1956
3075
2488453
-2271
325
-1330
918
1471
2980
2489478
-2417
465
-1659
815
1087
2778
2490503
-2442
555
-2009
719
710
2432
2491528
-2337
581
-2329
698
328
2170
2492553
-2141
569
-2606
561
169
2227
2493578
-2056
478
-2901
498
289
2391
2494603
-2192
354
-3173
554
168
2458
2495628
-2450
269
-3456
703
-118
2441
2496653
-2715
267
-3862
755
-143
2341
2497678
-2847
241
-4284
956
-352
2112
2498703
-2930
239
-4661
1136
-607
1693
2491521
-3044
229
-5057
1399
-753
1375
2492546
-3374
209
-5541
1968
-1056
1110
2493571
-4024
275
-6009
2487
-1905
641
2494596
-4825
499
-6418
2451
-2823
306
2495621
-5373
582
-6736
2521
-4308
381
2496646
-5442
416
-6914
3227
-5822
904
2497671
-5230
434
-7028
3339
-5472
1483
2498696
-4243
445
-7158
3320
-4712
1353
2499721
-3054
199
-7140
4112
-4048
927
2500746
-2365
-197
-6905
5696
-4335
1117
2501771
-2813
-455
-6998
7851
-4303
1228
2502796
-2716
-363
-7270
9347
-4421
843
2503821
-1665
-211
-6727
9748
-5716
57
2504846
-44
-127
-5763
7861
-7090
25
2505871
1319
-414
-4442
5214
-7010
795
2506896
1662
-661
-2805
4199
-4973
1358
2499712
1961
-693
-1361
4435
-1495
1264
2500737
2435
-625
17
4326
-1207
1757
2501762
1689
-489
690
3884
-1701
2057
2502787
325
-296
799
3907
-1462
2330
2503812
-1144
-82
861
3908
-2360
2024
2504837
-1920
45
657
3569
-2557
1299
2505862
-2124
157
468
3193
-2151
1815
2506887
-2373
311
209
3313
-1526
2358
2507912
-1820
333
83
3360
-1218
1514
2508937
-740
259
109
3362
-1613
1207
2509962
92
127
134
3513
-1813
1463
2510987
510
37
109
3756
-1066
1586
2512012
128
58
96
3880
-851
1349
2513037
-178
94
141
3709
-899
1118
2514062
-303
66
191
3591
-907
978
2515087
-414
18
192
3617
-950
864
2507904
-377
-30
185
3630
-974
927
2508929
-161
-64
202
3559
-1138
944
2509954
167
-100
186
3569
-1086
930
2510979
444
-127
138
3608
-959
1014
2512004
732
-158
86
3652
-1045
1181
2513029
892
-178
39
3712
-935
1356
2514054
800
-160
10
3838
-714
1379
2515079
521
-106
3
3843
-488
1292
2516104
203
-47
9
3789
-557
1208
2517129
-17
-8
5
3772
-837
1156
2518154
-83
20
-13
3784
-931
1126
2519179
-96
34
-29
3756
-853
1133
2520204
-131
38
-38
3716
-898
1167
2521229
-169
37
-46
3664
-950
1146
2522254
-178
26
-51
3653
-1000
1141
2523279
-158
14
-52
3643
-970
1167
2516149
-121
2
-39
3687
-1023
1181
2517174
-95
4
-20
3692
-1051
1145
2518199
-77
14
-5
3653
-948
1134
2519224
-87
15
5
3663
-997
1172
2520249
-66
10
10
3721
-1103
1194
2521274
-8
6
8
3687
-992
1178
2522299
32
-4
12
3684
-990
1184
2523324
66
-11
13
3687
-1118
1183
2524349
135
-18
9
3720
-1067
1172
2525374
192
-15
26
3736
-1019
1160
2526399
258
-13
53
3694
-1143
1204
2527424
391
-24
56
3653
-1221
1298
2528449
546
-51
46
3758
-1203
1431
2529474
447
-36
54
3755
-1381
1630
2530499
305
10
97
3596
-1624
1806
2531524
245
60
173
3574
-1774
2039
2524288
206
136
299
3671
-2233
2193
2525313
170
234
471
3752
-2712
2254
2526338
30
339
693
3881
-3047
2330
2527363
-77
461
969
3917
-3170
2449
2528388
-254
584
1311
4014
-3196
2420
2529413
-723
668
1740
4103
-3730
1980
2530438
-982
697
2182
4252
-4300
1843
2531463
-991
709
2556
4430
-3950
1801
2532488
-897
704
2955
4500
-3937
1452
2533513
-648
593
3383
4597
-4568
1127
2534538
40
384
3644
4617
-4857
862
2535563
1030
70
3924
4738
-5122
521
2536588
1998
-246
4216
4762
-5234
-62
2537613
2726
-529
4508
4790
-5234
-384
2538638
3210
-716
4702
4414
-4644
-234
2539663
3344
-856
4811
3770
-4170
-106
2532481
3413
-985
4866
3314
-4391
89
2533506
3574
-1107
4941
3202
-5045
273
2534531
4091
-1194
4967
2870
-5312
487
2535556
4968
-1215
4987
2564
-4591
831
2536581
5918
-1095
5137
2884
-4582
1207
2537606
6825
-758
5297
2876
-4602
1149
2538631
7559
-251
5282
2541
-3047
1350
2539656
7485
293
5298
2184
-1283
1774
2540681
6788
773
5171
1830
327
1990
2541706
5742
1160
4981
1303
865
1842
2542731
4500
1410
4640
708
1154
2032
2543756
3472
1373
4235
905
985
2152
2544781
2877
1379
3763
1071
993
2041
2545806
2569
1381
3319
883
1091
1789
2546831
2404
1228
2867
1131
1766
1541
2547856
2057
1121
2514
1273
2655
1722
2540672
1471
994
2177
1064
2429
2011
2541697
1077
779
1709
1157
2275
2220
2542722
833
631
1269
1018
2693
2296
2543747
472
484
920
664
2747
2521
2544772
143
282
603
702
2091
2711
2545797
74
166
378
542
2080
2715
2546822
130
51
271
223
2068
3043
2547847
122
-53
159
90
2104
3330
2548872
-24
-72
77
-240
2424
3356
2549897
-262
-129
11
-413
2105
3397
2550922
-336
-191
-38
-380
1851
3469
2551947
-278
-194
-50
-431
1952
3518
2552972
-231
-196
-26
-406
1986
3636
2553997
-186
-171
8
-466
1804
3824
2555022
-97
-134
19
-525
1871
3883
2556047
-34
-94
20
-528
2180
3832
2548863
-101
-41
21
-559
2225
3777
2549888
-176
2
9
-619
2050
3744
2550913
-132
16
1
-587
1902
3718
2551938
-7
31
18
-593
1992
3706
2552963
43
32
29
-528
2088
3668
2553988
-9
43
31
-505
2069
3662
2555013
-21
43
37
-530
1925
3626
2556038
19
31
32
-453
2008
3604
2557063
-8
35
42
-435
2061
3592
2558088
-87
38
32
-455
2070
3537
2559113
-129
29
15
-431
1986
3467
2560138
-118
27
18
-461
2004
3508
2561163
-139
16
15
-476
1902
3530
2562188
-140
8
-13
-497
1903
3505
2563213
-73
-3
-29
-571
1948
3568
2564238
-16
-27
-34
-584
1997
3604
2557056
-3
-47
-27
-585
2044
3633
2558081
-39
-69
-16
-581
2019
3666
2559106
-72
-81
-7
-571
1979
3747
2560131
-82
-73
-3
-626
1897
3735
2561156
-36
-73
-5
-637
1911
3697
2562181
-13
-76
5
-564
1959
3722
2563206
-48
-57
21
-543
1947
3732
2564231
-62
-37
21
-523
1885
3730
2565256
-44
-17
13
-506
1871
3751
2566281
-16
4
8
-466
1839
3707
2567306
24
29
4
-425
1899
3675
2568331
4
54
-1
-423
1957
3659
2569356
-63
74
-14
-451
1937
3644
2570381
-84
77
-27
-488
1874
3632
2571406
-72
64
-31
-492
1879
3616
2572431
-62
54
-32
-509
1902
3603
2565248
-71
35
-51
-465
1934
3620
2566273
-105
21
-72
-415
1949
3607
2567298
-146
10
-99
-350
1912
3557
2568323
-178
-1
-143
-207
1887
3487
2569348
-243
8
-209
-114
1925
3407
2570373
-377
0
-313
49
1906
3260
2571398
-579
-1
-467
271
1850
3108
2572423
-854
38
-680
421
1775
2947
2573448
-1190
97
-964
564
1649
2782
2574473
-1553
157
-1295
715
1485
2644
2575498
-1873
208
-1609
763
1274
2565
2576523
-2075
219
-1901
780
1146
2648
2577548
-2233
213
-2209
798
1081
2851
2578573
-2418
215
-2570
816
1025
2989
2579598
-2710
231
-2982
865
901
2893
2580623
-3075
277
-3407
896
660
2577
2573440
-3353
311
-3781
914
169
2155
2574465
-3433
299
-4103
972
-428
1959
2575490
-3302
250
-4394
954
-1195
2015
2576515
-2977
134
-4722
945
-1818
2046
2577540
-2714
-18
-5002
702
-1977
1868
2578565
-2709
-284
-5217
553
-1954
1668
2579590
-2882
-644
-5431
967
-2215
1767
2580615
-3094
-942
-5577
1995
-3211
2343
2581640
-3551
-977
-5676
2121
-4134
2419
2582665
-4010
-935
-5938
1671
-3756
1878
2583690
-4252
-994
-6218
2182
-3427
1268
2584715
-3995
-1116
-6094
4131
-5862
1524
2585740
-3926
-1029
-5689
5196
-7244
1725
2586765
-3742
-759
-5621
3624
-5336
1244
2587790
-3254
-866
-5470
3754
-3076
1122
2588815
-2771
-996
-4920
5149
-2364
1141
2581633
-2381
-942
-4532
5869
-2524
1363
2582658
-2893
-774
-4551
6678
-3175
869
2583683
-2888
-424
-4378
7026
-5392
395
2584708
-1735
-172
-4102
6293
-5955
265
2585733
-328
-204
-3508
5255
-5156
394
2586758
639
-394
-2624
4539
-3889
811
2587783
1156
-567
-1612
4363
-2807
1457
2588808
1195
-588
-740
4553
-1735
2611
2589833
-387
-13
-89
4813
-1206
6556
2590858
-4105
386
469
3411
-1436
2271
2591883
-3097
207
580
3743
-1808
-132
2592908
-765
161
860
3695
-3412
587
2593933
400
205
931
3461
-3093
782
2594958
347
283
850
3414
-2365
401
2595983
544
256
693
3134
-1441
471
2597008
532
139
442
3255
-858
845
2589825
354
60
328
3475
-1242
1011
2590850
270
3
260
3459
-917
1187
2591875
118
-81
251
3499
-653
1171
2592900
26
-151
300
3558
-821
930
2593925
164
-200
300
3656
-1025
784
2594950
337
-230
258
3738
-1163
890
2595975
439
-238
227
3786
-1159
1020
2597000
477
-227
207
3763
-985
1004
2598025
538
-221
195
3809
-1036
997
2599050
636
-204
183
3842
-913
1101
2600075
698
-177
169
3821
-797
1212
2601100
720
-147
146
3787
-812
1290
2602125
720
-128
107
3759
-795
1331
2603150
576
-103
51
3723
-741
1289
2604175
331
-72
-1
3736
-858
1244
2605200
121
-32
-36
3727
-891
1179
2598015
-47
2
-47
3670
-1013
1126
2599040
-156
24
-51
3626
-1202
1064
2600065
-166
27
-55
3639
-1290
1025
2601090
-129
22
-46
3648
-1337
1034
2602115
-77
10
-23
3625
-1340
1046
2603140
-7
-10
1
3614
-1312
1055
2604165
78
-31
18
3618
-1270
1080
2605190
149
-47
27
3619
-1290
1101
2606215
210
-61
27
3632
-1309
1104
2607240
283
-72
20
3654
-1253
1118
2608265
334
-75
23
3668
-1156
1141
2609290
323
-69
24
3657
-1032
1157
2610315
266
-60
20
3699
-1059
1157
2611340
206
-46
13
3717
-1099
1128
2612365
180
-32
7
3700
-1018
1097
2613390
153
-21
12
3685
-988
1104
2606209
98
-13
20
3667
-1040
1101
2607234
36
-8
11
3677
-1009
1067
2608259
-19
-5
4
3711
-1036
1053
2609284
-39
-2
7
3724
-1139
1068
2610309
-28
-6
6
3718
-1164
1083
2611334
-19
-6
7
3684
-1128
1127
2612359
-19
-6
14
3663
-1170
1160
2613384
-10
-7
14
3681
-1223
1155
2614409
18
-3
16
3667
-1220
1130
2615434
47
0
24
3676
-1180
1147
2616459
62
7
36
3657
-1208
1215
2617484
82
13
44
3655
-1212
1269
2618509
74
23
64
3651
-1261
1242
2619534
-11
36
92
3603
-1430
1500
2620559
-203
44
136
3643
-1785
1838
2621584
-74
86
240
3712
-2030
2059
2614400
-12
163
404
3779
-2481
2150
2615425
-46
243
569
3785
-2926
2122
2616450
156
307
766
3861
-3313
2072
2617475
476
357
1045
4072
-3784
2101
2618500
775
439
1358
4212
-3604
2280
2619525
1175
572
1682
4290
-3945
2096
2620550
2035
749
2090
4465
-5117
1994
2621575
2520
973
2232
4621
-3645
1919
2622600
2322
1255
2625
4321
-2885
1777
2623625
2023
1529
2828
3915
-4319
1367
2624650
2386
1535
3041
4027
-4445
1516
2625675
2389
1525
3110
4143
-4129
1932
2626700
2862
1443
3484
4130
-4877
1957
2627725
3864
1329
3846
4400
-5152
2076
2628750
4741
1335
4240
4551
-4959
2379
2629775
4955
1437
4689
4240
-4457
2594
2622592
4598
1533
5118
3794
-4496
2650
2623617
4525
1570
5345
3493
-4247
2890
2624642
4502
1663
5453
3353
-3024
2873
2625667
3940
1765
5527
2779
-1762
2304
2626692
3281
1766
5593
2277
-1828
2051
2627717
3321
1712
5515
2202
-1889
2533
2628742
3908
1692
5444
2282
-1020
2500
2629767
4266
1905
5313
1625
355
2263
2630792
3843
1963
5167
868
46
2195
2631817
3061
1792
4747
929
251
1835
2632842
2769
1635
4255
789
942
1666
2633867
2705
1443
3724
772
1122
1473
2634892
2747
1313
3230
787
2053
1487
2635917
2356
1203
2824
546
2975
1640
2636942
1609
991
2413
377
2877
1592
2637967
1028
753
2011
258
2569
1870
2630784
665
509
1628
273
2163
2307
2631809
530
323
1267
277
2013
2461
2632834
574
187
955
183
2136
2540
2633859
501
61
690
266
2419
2639
2634884
262
-31
502
228
2201
2828
2635909
113
-109
336
193
1901
3153
2636934
90
-135
212
90
2066
3422
2637959
20
-135
124
21
2123
3512
2638984
-98
-119
61
-57
2100
3484
2640009
-143
-94
26
-207
2039
3537
2641034
-136
-79
-9
-278
2047
3575
2642059
-135
-51
-35
-393
2192
3534
2643084
-183
-50
-47
-451
2216
3493
2644109
-217
-59
-39
-463
2196
3535
2645134
-239
-55
-26
-544
2115
3536
2646159
-199
-64
-39
-554
2021
3486
2638975
-111
-68
-44
-549
2064
3520
2640000
-76
-55
-34
-649
2200
3538
2641025
-122
-65
-22
-678
2230
3502
2642050
-179
-89
-14
-575
2182
3535
2643075
-205
-80
-1
-544
2118
3581
2644100
-176
-65
-4
-561
1990
3616
2645125
-84
-58
-17
-527
1966
3624
2646150
-3
-40
-16
-529
2193
3658
2647175
-22
-27
-12
-513
2160
3715
2648200
-49
-6
-20
-515
2017
3679
2649225
-31
14
-36
-470
2118
3591
2650250
-82
27
-36
-413
2244
3517
2651275
-200
33
-32
-429
2178
3521
2652300
-270
43
-30
-468
2043
3562
2653325
-253
48
-25
-558
1909
3595
2654350
-164
26
-38
-558
1826
3610
2647168
-55
18
-46
-630
1919
3644
2648193
-6
-8
-61
-580
1935
3666
2649218
15
-17
-57
-521
1993
3686
2650243
5
-13
-29
-544
2056
3686
2651268
-27
-10
-20
-529
2053
3627
2652293
-40
-6
-21
-531
1948
3627
2653318
17
-5
-30
-513
1947
3706
2654343
60
5
-30
-484
2047
3732
2655368
31
27
-29
-512
2058
3647
2656393
-9
34
-34
-526
2045
3587
2657418
-46
36
-32
-556
2035
3587
2658443
-47
29
-34
-562
1972
3552
2659468
-20
18
-40
-590
1918
3538
2660493
14
-4
-47
-559
1949
3535
2661518
29
-15
-46
-496
2045
3577
2662543
-37
-7
-57
-446
2040
3553
2655360
-118
0
-88
-397
1967
3436
2656385
-127
-6
-112
-383
1936
3388
2657410
-137
-35
-163
-205
2017
3392
2658435
-276
-48
-263
50
2094
3291
2659460
-493
-47
-379
190
2064
3130
2660485
-737
-65
-547
318
2069
3069
2661510
-1099
-62
-777
441
2017
3034
2662535
-1550
-35
-1071
513
1828
2944
2663560
-1962
-3
-1406
591
1531
2780
2664585
-2278
28
-1744
664
1227
2663
2665610
-2542
68
-2094
671
1074
2575
2666635
-2884
93
-2464
650
991
2331
2667660
-3294
80
-2847
695
826
2046
2668685
-3622
65
-3221
764
681
1996
2669710
-4097
59
-3613
855
311
1823
2670735
-4485
56
-4115
1001
-686
1395
2663552
-3971
50
-4649
1046
-1638
1441
2664577
-3031
-39
-5114
880
-1546
1805
2665602
-2607
-284
-5453
1012
-843
1958
2666627
-3038
-492
-5659
1851
-1131
2184
2667652
-4067
-412
-5813
2715
-2384
1888
2668677
-4814
-157
-5965
2637
-2936
1517
2669702
-5263
-5
-6022
2754
-3023
1285
2670727
-5571
236
-6114
2900
-3322
784
2671752
-5346
433
-6204
2760
-3855
468
2672777
-4871
449
-6255
3554
-4719
803
2673802
-4612
475
-6397
4576
-5162
1031
2674827
-3893
455
-6595
4358
-4389
574
2675852
-2714
168
-6687
5302
-3259
111
2676877
-1761
-240
-6433
7196
-2691
-751
2677902
-1357
-550
-6102
9582
-3449
-1163
2678927
-1234
-644
-5689
10482
-6105
422
2671744
-722
-621
-4952
7748
-7940
2029
2672769
-300
-640
-3373
4947
-6978
1433
2673794
-360
-625
-1554
4535
-1712
815
2674819
350
-585
15
4631
51
1776
2675844
794
-389
1103
3909
-2821
2526
2676869
607
-288
1354
4026
-3857
2575
2677894
52
-227
943
3899
-2764
1872
2678919
139
-164
541
3284
-1584
1417
2679944
444
-197
338
3273
-2141
1393
2680969
745
-210
285
3397
-2030
1269
2681994
872
-168
258
3405
-1032
1031
2683019
745
-106
258
3507
-606
999
2684044
432
-44
264
3662
-769
1068
2685069
63
15
232
3729
-786
1034
2686094
-219
46
224
3788
-803
953
2687119
-342
37
228
3917
-962
892
2679937
-270
9
232
3979
-1130
930
2680962
-54
-27
231
3942
-1122
972
2681987
195
-67
239
3899
-1010
998
2683012
397
-103
258
3867
-977
985
2684037
498
-118
270
3792
-875
983
2685062
552
-113
276
3790
-776
1004
2686087
495
-85
291
3751
-771
923
2687112
395
-50
280
3697
-706
881
2688137
180
-26
241
3688
-624
862
2689162
-4
4
199
3672
-810
904
2690187
-77
19
131
3682
-949
937
2691212
-73
21
71
3713
-896
946
2692237
-47
21
24
3730
-894
970
2693262
-39
22
-21
3724
-979
1021
2694287
-10
11
-54
3785
-1064
1049
2695312
31
11
-72
3818
-1025
1024
2688127
46
24
-66
3702
-938
1032
2689152
12
31
-62
3688
-968
1085
2690177
-49
47
-61
3724
-1096
1096
2691202
-111
71
-73
3706
-1082
1032
2692227
-158
90
-74
3673
-1072
1037
2693252
-184
106
-63
3663
-1156
1151
2694277
-175
122
-43
3670
-1219
1212
2695302
-174
142
-7
3666
-1235
1176
2696327
-212
157
27
3715
-1182
1175
2697352
-265
187
74
3710
-1183
1218
2698377
-319
221
125
3670
-1383
1286
2699402
-296
241
155
3666
-1618
1522
2700427
-169
262
211
3783
-2215
1768
2701452
78
313
326
3796
-2569
1915
2702477
428
397
487
3666
-2476
2323
2703502
604
457
726
3846
-3305
2424
2696320
600
554
902
4130
-3291
2295
2697345
594
735
1052
4404
-2572
2274
2698370
479
926
1373
4548
-2540
2202
2699395
371
1046
1872
4353
-3309
2059
2700420
858
1037
2212
4384
-4132
1743
2701445
1851
988
2502
4648
-4306
1912
2702470
2451
1009
2753
4652
-3585
2138
2703495
2577
1100
3019
4420
-3597
2072
2704520
3000
1165
3247
4212
-4260
1561
2705545
3532
1148
3381
4109
-4119
1494
2706570
3592
1109
3582
4022
-3942
1988
2707595
3341
1044
3805
3736
-4005
2015
2708620
3345
914
4011
3510
-4288
1879
2709645
3683
763
4213
3471
-4206
2074
2710670
3758
676
4430
3325
-3748
2452
2711695
3531
626
4654
2925
-3169
2392
2704512
3466
578
4884
2539
-3253
2554
2705537
3704
588
4972
2333
-3341
2740
2706562
4034
673
4933
2148
-2431
2516
2707587
4072
791
4903
1923
-1563
2232
2708612
4057
907
4835
1649
-1150
2277
2709637
4184
986
4725
1552
-1294
2359
2710662
4362
1093
4465
1358
-562
2177
2711687
4623
1140
4261
1546
68
2233
2712712
4415
1284
4039
1510
1274
2466
2713737
3951
1493
3929
996
2301
2583
2714762
3201
1565
3720
651
1933
2569
2715787
2006
1569
3286
224
1920
1974
2716812
1156
1335
2858
162
1982
1479
2717837
945
997
2439
739
2044
1423
2718862
868
889
2096
570
2054
1957
2719887
743
703
1685
614
1549
2284
2712704
820
567
1221
765
1735
2395
2713729
809
503
842
593
2243
2604
2714754
595
405
540
424
2398
2807
2715779
346
283
301
357
2113
3060
2716804
211
174
115
358
1658
3326
2717829
263
140
3
145
1582
3575
2718854
326
89
-52
68
1828
3626
2719879
220
65
-46
-9
2140
3548
2720904
-14
47
-11
-204
2169
3535
2721929
-216
-3
-4
-211
1893
3679
2722954
-264
-18
-20
-145
1746
3736
2723979
-176
20
-9
-272
1904
3764
2725004
-200
27
-1
-347
2120
3667
2726029
-322
4
9
-288
2100
3622
2727054
-325
-27
37
-149
1874
3663
2728079
-204
-6
53
-158
1968
3690
2720896
-149
26
35
-275
1995
3703
2721921
-120
36
-5
-282
1809
3736
2722946
-23
59
-31
-341
1779
3786
2723971
58
59
-45
-308
1907
3758
2724996
60
59
-28
-270
1962
3711
2726021
16
64
-12
-333
1885
3754
2727046
-5
63
-14
-371
1821
3800
2728071
-13
69
-13
-450
1885
3760
2729096
-51
47
-8
-414
1895
3628
2730121
-68
36
2
-398
1896
3605
2731146
-57
29
12
-466
1883
3675
2732171
-31
-3
15
-438
1855
3679
2733196
0
-14
20
-395
1886
3688
2734221
-1
-7
25
-448
1934
3674
2735246
-23
-15
12
-392
1946
3659
2736271
-47
-6
7
-391
1896
3630
2729104
-44
3
1
-390
1878
3635
2730129
-26
11
-13
-351
1842
3675
2731154
-16
37
-21
-428
1885
3704
2732179
-18
32
-38
-405
1869
3718
2733204
-27
35
-43
-374
1821
3739
2734229
-24
43
-40
-398
1783
3783
2735254
4
45
-27
-418
1782
3771
2736279
24
47
-8
-418
1866
3743
2737304
-12
44
9
-407
1958
3717
2738329
-78
42
30
-479
1914
3718
2739354
-95
30
35
-529
1881
3718
2740379
-60
2
37
-453
1863
3728
2741404
-20
-7
41
-398
1920
3722
2742429
-9
-6
39
-435
1976
3723
2743454
-22
-10
23
-488
2010
3712
2744479
-38
-26
3
-443
1944
3654
2737280
-13
-23
-13
-442
1900
3709
2738305
25
-19
-30
-481
1855
3721
2739330
54
-27
-46
-478
1887
3680
2740355
42
-35
-47
-417
1879
3627
2741380
6
-33
-37
-417
1883
3622
2742405
-36
-39
-32
-428
1836
3637
2743430
-58
-45
-32
-421
1721
3635
2744455
-36
-46
-35
-426
1795
3648
2745480
-47
-55
-37
-411
1884
3663
2746505
-87
-59
-47
-409
1872
3656
2747530
-96
-67
-64
-351
1795
3654
2748555
-68
-63
-75
-343
1800
3686
2749580
-52
-58
-86
-386
1876
3722
2750605
-76
-63
-106
-394
1938
3712
2751630
-112
-74
-123
-359
1856
3703
2752655
-107
-68
-125
-407
1774
3731
2745473
-77
-60
-118
-513
1803
3750
2746498
-69
-80
-128
-473
1832
3701
2747523
-76
-94
-140
-377
1829
3694
2748548
-110
-88
-156
-315
1825
3705
2749573
-149
-83
-199
-222
1791
3671
2750598
-194
-77
-276
-88
1813
3570
2751623
-258
-77
-382
61
1877
3427
2752648
-373
-94
-538
293
2033
3309
2753673
-618
-125
-772
621
2269
3179
2754698
-963
-186
-1014
913
2247
3029
2755723
-1268
-260
-1239
1135
2219
3106
2756748
-1641
-326
-1480
1250
2224
3121
2757773
-2143
-400
-1792
1380
1949
2918
2758798
-2628
-438
-2165
1412
1388
2659
2759823
-3065
-444
-2591
1382
886
2463
2760848
-4002
-439
-3032
1534
553
2117
2753663
-5184
-352
-3509
1612
-178
1553
2754688
-5513
-160
-3993
1620
-796
1266
2755713
-5337
-16
-4239
1619
-1489
1068
2756738
-5137
99
-4484
1366
-1809
818
2757763
-4726
109
-4764
1254
-2065
713
2758788
-4195
52
-5076
1452
-2400
839
2759813
-4062
-1
-5292
1953
-2823
1118
2760838
-4697
96
-5517
1996
-2289
906
2761863
-5169
271
-5813
2131
-1761
623
2762888
-5427
436
-6020
3033
-2355
171
2763913
-5391
620
-5915
4506
-5032
-213
2764938
-5948
923
-5868
5016
-5538
-288
2765963
-6274
1259
-6148
4511
-3478
-387
2766988
-5625
1376
-5956
5094
-4125
-644
2768013
-3911
1372
-5715
5819
-4733
-314
2769038
-1931
1222
-5614
6762
-4522
119
2761856
-651
1028
-5692
7809
-4730
28
2762881
-51
823
-5569
7999
-5292
-552
2763906
115
511
-5028
6968
-5584
-663
2764931
131
77
-4195
5711
-5214
473
2765956
67
-329
-2904
5097
-4338
1949
2766981
260
-606
-1441
4972
-2533
2468
2768006
616
-733
-88
5057
-1270
2548
2769031
427
-625
724
4391
-1373
2448
2770056
-264
-391
1078
3699
-2747
2221
2771081
-875
-283
1063
3440
-3599
1592
2772106
-615
-223
747
3287
-2489
1304
2773131
-19
-189
593
3188
-1675
1318
2774156
393
-132
574
3161
-1554
1469
2775181
459
-84
546
3255
-1659
1582
2776206
439
-53
505
3379
-1380
1556
2777231
458
-33
490
3537
-1020
1488
2770048
452
-9
521
3721
-984
1569
2771073
385
24
566
3916
-1051
1597
2772098
244
64
621
3971
-1059
1395
2773123
134
88
657
3915
-941
1215
2774148
133
84
672
3955
-913
1186
2775173
174
75
681
4020
-993
1167
2776198
171
82
682
3917
-909
1124
2777223
124
87
668
3780
-722
1116
2778248
108
80
643
3754
-801
1096
2779273
149
64
618
3772
-1012
1077
2780298
210
52
584
3749
-951
1055
2781323
212
52
542
3671
-724
1096
2782348
198
54
503
3621
-759
1142
2783373
154
58
448
3570
-888
1106
2784398
91
56
364
3537
-953
1062
2785423
58
50
264
3536
-967
1038
2778240
112
42
188
3557
-1134
1102
2779265
190
31
124
3549
-1178
1131
2780290
196
15
63
3578
-1107
1130
2781315
113
12
20
3606
-1131
1196
2782340
40
21
-8
3532
-1200
1275
2783365
5
24
-27
3439
-1306
1283
2784390
7
12
-45
3458
-1491
1279
2785415
34
-5
-62
3532
-1545
1345
2786440
73
-6
-48
3602
-1629
1485
2787465
113
15
-20
3639
-1798
1648
2788490
105
49
4
3640
-1849
1701
2789515
0
92
60
3603
-1926
1713
2790540
-115
122
152
3590
-2101
1859
2791565
-72
163
269
3548
-2319
1998
2792590
109
216
365
3486
-2359
1976
2793615
432
246
496
3503
-2767
1912
2786432
1010
235
641
3597
-3320
1876
2787457
1925
230
809
3631
-3426
2091
2788482
2884
250
951
3601
-3243
2167
2789507
3679
300
1101
3763
-3118
2287
2790532
3865
408
1250
3890
-2544
2449
2791557
3337
585
1430
3853
-2163
2541
2792582
2558
771
1622
3877
-2581
2592
2793607
1968
919
1818
4018
-2838
2635
2794632
1455
1061
2063
4002
-2759
2475
2795657
1036
1173
2345
3902
-2955
2148
2796682
887
1228
2666
3778
-3463
2163
2797707
925
1213
2944
3553
-3527
2298
2798732
1199
1132
3130
3308
-3442
2387
2799757
1471
1015
3303
3148
-3479
2353
2800782
1612
884
3462
2953
-3402
2184
2801807
1821
756
3591
2625
-3272
2289
2794624
2094
628
3694
2351
-3223
2540
2795649
2281
524
3781
2212
-3290
2669
2796674
2568
453
3803
2067
-3174
2677
2797699
3023
399
3890
1973
-3542
2809
2798724
3768
397
3975
1843
-4221
3078
2799749
4567
489
3939
1713
-3341
3160
2800774
5074
562
4006
1612
-2379
3210
2801799
5433
715
4227
1449
-2643
3391
2802824
5716
938
4286
1534
-2080
3089
2803849
5600
1300
4291
1166
-104
2618
2804874
4799
1584
4386
683
943
2895
2805899
3472
1656
4392
746
864
2881
2806924
2533
1657
4298
638
861
2492
2807949
2011
1591
4202
363
928
2198
2808974
1682
1374
4039
455
972
1916
2809999
1663
1139
3769
818
1325
1698
2802817
1695
987
3411
965
1982
1857
2803842
1465
836
2971
1146
2443
2192
2804867
1083
727
2511
1258
2455
2382
2805892
753
640
2037
1282
2131
2576
2806917
518
532
1538
1357
2067
2686
2807942
428
468
1043
1245
2375
2685
2808967
407
377
597
1267
2182
2859
2809992
383
314
220
1186
2087
3224
2811017
381
283
-59
881
1921
3631
2812042
294
233
-281
734
1935
3603
2813067
151
195
-374
573
1868
3583
2814092
-4
167
-376
280
1725
3647
2815117
-96
121
-345
81
1613
3758
2816142
-146
90
-305
-35
1658
3709
2817167
-181
62
-232
-85
1640
3663
2818192
-225
45
-166
-132
1762
3640
2811008
-269
26
-100
-207
1830
3627
2812033
-320
0
-52
-261
1873
3561
2813058
-339
-40
-9
-269
1836
3591
2814083
-290
-68
25
-301
1799
3691
2815108
-202
-80
37
-326
1846
3657
2816133
-146
-89
29
-283
1978
3618
2817158
-148
-92
20
-233
1884
3698
2818183
-112
-79
9
-213
1858
3793
2819208
-79
-57
0
-193
1973
3830
2820233
-129
-28
-13
-225
1963
3793
2821258
-207
-15
-34
-206
1893
3818
2822283
-273
7
-36
-214
1876
3873
2823308
-272
19
-15
-228
1697
3866
2824333
-172
18
-2
-226
1640
3793
2825358
-67
17
6
-236
1758
3812
2826383
-57
14
6
-233
1795
3824
2819200
-80
14
-2
-244
1810
3822
2820225
-101
-1
-11
-212
1801
3787
2821250
-96
-12
-10
-177
1696
3735
2822275
-30
-12
-20
-199
1733
3717
2823300
13
-21
-33
-204
1783
3740
2824325
-3
-24
-41
-215
1795
3773
2825350
-38
-27
-45
-198
1748
3770
2826375
-61
-28
-42
-184
1676
3776
2827400
-53
-20
-34
-192
1648
3814
2828425
-43
-8
-22
-224
1720
3822
2829450
-84
2
-15
-234
1739
3813
2830475
-138
16
-15
-234
1731
3802
2831500
-163
31
-13
-249
1676
3831
2832525
-140
41
-10
-258
1632
3830
2833550
-79
42
-12
-259
1618
3811
2834575
-10
33
-12
-205
1645
3857
2827393
7
33
-5
-193
1735
3877
2828418
-31
34
0
-211
1759
3846
2829443
-76
30
10
-236
1661
3830
2830468
-60
17
17
-226
1614
3836
2831493
-4
5
25
-230
1640
3877
2832518
17
-7
28
-221
1686
3877
2833543
4
-14
31
-214
1730
3875
2834568
-27
-15
31
-211
1683
3862
2835593
-25
-13
28
-216
1619
3852
2836618
22
-18
36
-212
1605
3869
2837643
50
-14
38
-199
1706
3889
2838668
28
-7
36
-204
1668
3860
2839693
27
-1
30
-197
1613
3834
2840718
64
2
36
-181
1609
3834
2841743
97
9
44
-193
1665
3839
2842768
64
18
39
-202
1793
3818
2835584
-30
21
23
-186
1750
3765
2836609
-79
23
13
-181
1662
3745
2837634
-43
14
-1
-126
1634
3757
2838659
3
23
-29
-83
1762
3772
2839684
-45
46
-80
-68
1822
3764
2840709
-135
67
-177
27
1879
3686
2841734
-233
82
-306
297
1983
3578
2842759
-409
124
-492
610
2093
3407
2843784
-678
206
-732
686
1955
3125
2844809
-937
243
-1054
821
1783
2863
2845834
-1170
213
-1404
1203
1579
2688
2846859
-1466
198
-1711
1403
1427
2671
2847884
-1832
204
-1992
1296
1221
2805
2848909
-2193
187
-2326
1259
919
2720
2849934
-2406
154
-2589
1172
422
2531
2850959
-2540
73
-2821
1070
2
2585
2843775
-2669
-22
-3116
1074
-212
2738
2844800
-2805
-59
-3436
1014
-472
2575
2845825
-2973
-79
-3785
924
-669
2236
2846850
-3205
-101
-4176
924
-976
2007
2847875
-3308
-122
-4587
998
-1339
1996
2848900
-2897
-155
-4839
1145
-2195
2351
2849925
-2439
-180
-5046
989
-2284
2566
2850950
-2418
-284
-5322
959
-1736
2287
2851975
-3019
-361
-5613
1059
-1821
1732
2853000
-3730
-478
-5898
1282
-2788
1718
2854025
-4115
-625
-6118
2139
-3711
2015
2855050
-4431
-506
-6344
2370
-3256
1919
2856075
-4679
-387
-6548
2358
-3066
1075
2857100
-4492
-481
-6634
3531
-4087
746
2858125
-4790
-544
-6269
5718
-5599
1614
2859150
-5814
-199
-5925
4932
-5765
869
2851968
-5723
-124
-5878
4616
-3792
373
2852993
-4797
-170
-5499
6054
-2612
408
2854018
-3305
-105
-4989
6744
-3769
360
2855043
-2177
-250
-4765
6895
-4470
-103
2856068
-1558
-445
-4290
6903
-4798
99
2857093
-815
-569
-3718
6584
-4998
1115
2858118
88
-717
-2911
5786
-4156
1204
2859143
853
-781
-1792
4453
-2929
1053
2860168
1339
-706
-692
3603
-1886
1812
2861193
1148
-599
141
3878
-1699
2452
2862218
386
-382
502
4481
-1828
3505
2863243
-1235
117
549
4180
-2982
4315
2864268
-1978
240
760
3107
-3343
1422
2865293
-301
7
556
3458
-1826
366
2866318
798
-22
501
3682
-2188
839
2867343
755
62
365
3584
-1726
889
2860160
480
113
390
3475
-1176
610
2861185
644
113
374
3443
-408
651
2862210
475
114
305
3534
-257
816
2863235
27
107
281
3672
-855
938
2864260
-174
57
265
3804
-878
1018
2865285
-228
1
262
3796
-517
845
2866310
-143
-49
256
3792
-672
765
2867335
73
-98
252
3763
-1092
933
2868360
278
-126
215
3740
-886
1050
2869385
352
-125
181
3750
-654
1035
2870410
335
-108
163
3754
-778
1082
2871435
274
-92
119
3730
-835
1142
2872460
200
-76
72
3729
-737
1183
2873485
137
-58
54
3751
-767
1166
2874510
89
-42
41
3742
-823
1089
2875535
52
-16
11
3777
-872
1115
2868351
-9
9
-26
3777
-962
1173
2869376
-63
26
-53
3697
-1016
1142
2870401
-79
29
-68
3678
-1083
1078
2871426
-76
24
-69
3688
-1080
1043
2872451
-54
18
-53
3717
-1149
1090
2873476
-51
22
-31
3688
-1223
1083
2874501
-61
20
-15
3689
-1167
1021
2875526
-81
21
8
3696
-1197
1029
2876551
-42
14
33
3707
-1260
1102
2877576
20
11
61
3686
-1176
1131
2878601
-2
20
90
3689
-1177
1086
2879626
-59
29
106
3703
-1229
1087
2880651
-52
36
116
3713
-1161
1178
2881676
-17
48
127
3700
-1017
1223
2882701
-25
64
134
3727
-1083
1143
2883726
-65
84
130
3748
-1227
1134
2876545
-60
104
133
3775
-1332
1274
2877570
-62
118
173
3739
-1418
1409
2878595
-73
135
237
3728
-1529
1544
2879620
-218
173
300
3728
-1938
1715
2880645
-338
211
373
3680
-2372
1835
2881670
-252
251
495
3639
-2748
1887
2882695
43
289
694
3683
-3298
1857
2883720
401
313
930
3868
-3554
1883
2884745
588
358
1211
4052
-3643
1856
2885770
591
419
1530
4057
-3606
1740
2886795
666
482
1858
4045
-3541
1697
2887820
752
519
2206
4156
-3839
1531
2888845
913
496
2594
4442
-4536
1296
2889870
1168
459
2927
4628
-4754
1187
2890895
1686
475
3154
4514
-4447
1023
2891920
2570
456
3463
4495
-4824
549
2884736
3362
389
3821
4812
-4866
731
2885761
3744
342
4159
4737
-4778
968
2886786
3963
282
4454
4186
-4738
988
2887811
4404
153
4859
3850
-5783
1472
2888836
4575
25
5228
4075
-5693
2044
2889861
4398
20
5455
3724
-4483
1803
2890886
4384
36
5791
2993
-4820
1232
2891911
4825
-22
5888
3229
-4770
1302
2892936
4857
64
5854
3439
-3379
1559
2893961
4761
305
5860
2471
-2353
1822
2894986
4776
389
5814
2203
-2162
1849
2896011
4763
512
5612
2492
-1316
1607
2897036
4448
766
5398
1975
148
1308
2898061
3697
886
5120
1198
1445
1416
2899086
2810
765
4779
1047
1415
1673
2900111
2114
658
4253
1204
1517
1939
2892928
1590
638
3707
1031
1594
2111
2893953
1246
558
3169
873
1293
2030
2894978
1122
452
2618
810
1354
2019
2896003
1044
343
2151
886
1486
2258
2897028
952
268
1768
908
1289
2637
2898053
808
245
1373
802
1351
2903
2899078
558
221
1020
610
1345
3010
2900103
382
154
746
496
1118
3193
2901128
374
72
574
389
858
3433
2902153
549
-4
497
149
838
3686
2903178
677
-91
430
-66
1142
3964
2904203
703
-161
383
-149
1151
4120
2905228
751
-193
354
-152
1040
4148
2906253
954
-212
376
-17
881
4081
2907278
1056
-161
365
-27
1594
3976
2908303
843
-136
406
-63
1969
3909
2901120
477
-117
423
8
2133
3895
2902145
74
-67
368
17
2284
3946
2903170
-299
-33
275
-30
1935
3834
2904195
-391
-14
181
-33
1613
3718
2905220
-266
-1
109
-19
1534
3732
2906245
-80
17
49
-75
1505
3768
2907270
56
39
-20
-162
1585
3779
2908295
88
37
-69
-206
1612
3767
2909320
78
20
-86
-170
1582
3800
2910345
50
23
-77
-238
1551
3898
2911370
23
15
-60
-284
1560
3954
2912395
-3
-2
-41
-236
1602
3927
2913420
-58
11
-20
-261
1637
3922
2914445
-118
19
-25
-260
1613
3916
2915470
-129
18
-35
-254
1499
3879
2916495
-67
19
-41
-254
1513
3868
2909313
-15
13
-35
-275
1605
3890
2910338
-25
2
-32
-260
1623
3865
2911363
-49
-8
-37
-218
1618
3843
2912388
-45
-16
-24
-255
1528
3890
2913413
-12
-30
-18
-252
1552
3931
2914438
-9
-30
-20
-244
1577
3935
2915463
-17
-23
-25
-286
1512
3879
2916488
8
-20
-28
-311
1519
3863
2917513
30
-19
-18
-303
1588
3899
2918538
21
-22
-9
-281
1512
3907
2919563
38
-13
-3
-275
1457
3897
2920588
87
-4
10
-297
1519
3901
2921613
81
-4
19
-272
1638
3911
2922638
21
1
29
-257
1622
3930
2923663
-25
11
31
-277
1595
3920
2924688
-35
13
31
-272
1570
3882
2917504
-28
15
24
-237
1537
3858
2918529
-1
27
16
-233
1579
3868
2919554
6
30
6
-263
1587
3864
2920579
0
24
-5
-235
1547
3827
2921604
4
22
-11
-216
1596
3826
2922629
-27
22
-22
-210
1658
3850
2923654
-95
23
-50
-166
1616
3805
2924679
-110
23
-82
-164
1502
3729
2925704
-77
17
-126
-126
1556
3701
2926729
-89
5
-174
-48
1615
3659
2927754
-144
-18
-246
142
1601
3543
2928779
-220
-26
-343
280
1626
3441
2929804
-316
-42
-455
358
1520
3392
2930829
-422
-82
-607
574
1522
3303
2931854
-562
-103
-780
754
1448
3255
2932879
-725
-115
-1001
882
1361
3192
2925696
-896
-123
-1267
952
1278
3112
2926721
-1082
-134
-1558
1000
1162
3048
2927746
-1276
-163
-1851
1079
1184
3021
2928771
-1526
-189
-2114
1058
1082
3122
2929796
-1856
-198
-2423
947
848
3109
2930821
-2152
-206
-2813
944
741
2941
2931846
-2395
-202
-3190
987
530
2801
2932871
-2679
-185
-3513
968
95
2758
2933896
-3048
-157
-3837
850
-149
2504
2934921
-3459
-150
-4125
732
-478
2074
2935946
-3854
-160
-4386
646
-907
1829
2936971
-4138
-223
-4624
628
-1422
1769
2937996
-4254
-302
-4936
779
-1755
1872
2939021
-4288
-334
-5231
1119
-1810
1919
2940046
-4504
-302
-5471
1332
-1771
1875
2941071
-4677
-263
-5638
1736
-2349
1640
2933887
-4647
-197
-5845
2223
-2645
1275
2934912
-4685
-93
-6009
2845
-2872
895
2935937
-4832
34
-6107
3333
-3363
532
2936962
-4968
101
-6209
3963
-3391
424
2937987
-4940
94
-6191
5050
-3758
601
2939012
-4512
93
-6239
6168
-4009
675
2940037
-3396
66
-6400
6794
-3776
400
2941062
-2133
-85
-6325
7858
-3686
415
2942087
-1575
-160
-5937
8724
-4006
423
2943112
-1445
-113
-5172
7928
-5181
-28
2944137
-1527
-177
-3927
5889
-6170
114
2945162
-1648
-336
-2302
4694
-5011
941
2946187
-873
-572
-862
5099
-1397
1391
2947212
267
-691
367
4728
-1796
1899
2948237
476
-638
872
4093
-3340
2001
2949262
195
-565
849
4085
-3745
1581
2942317
-96
-479
565
3717
-2751
1068
2943342
38
-444
334
3435
-1928
949
2944367
376
-387
268
3408
-1848
1283
2945392
484
-287
301
3366
-1689
1506
2946417
262
-202
305
3408
-1325
1620
2947442
-49
-147
310
3470
-1190
1712
2948467
-25
-113
314
3687
-1353
2021
2949492
409
-75
333
3782
-1314
2260
2950517
492
-61
367
3701
-745
1790
2951542
112
-61
313
3861
-1045
1363
2952567
6
-27
229
3955
-1247
1213
2953592
128
18
183
3906
-1029
1101
2954617
138
51
141
3867
-991
1023
2955642
107
70
129
3786
-1028
1040
2956667
94
84
134
3691
-880
1028
2957692
46
91
154
3647
-798
1001
2950272
-36
88
170
3674
-971
992
2951297
-90
77
159
3673
-1114
916
2952322
-84
62
136
3615
-1016
846
2953347
-59
49
119
3589
-994
883
2954372
-41
34
96
3607
-1125
922
2955397
-33
20
58
3617
-1123
872
2956422
-29
-1
27
3654
-1100
848
2957447
-6
-17
13
3665
-1093
933
2958472
27
-30
6
3669
-1146
1063
2959497
16
-39
-12
3643
-1166
1080
2960522
6
-46
-23
3666
-1160
1058
2961547
5
-43
-23
3668
-1168
1091
2962572
10
-39
-21
3677
-1187
1151
2963597
3
-33
-21
3687
-1243
1163
2964622
4
-23
-20
3674
-1238
1168
2965647
-3
-12
-11
3662
-1178
1161
2958464
-17
-1
6
3666
-1243
1155
2959489
-22
9
12
3642
-1299
1138
2960514
-11
11
9
3636
-1239
1105
2961539
2
11
16
3655
-1258
1080
2962564
19
10
19
3667
-1316
1068
2963589
48
5
24
3664
-1252
1062
2964614
50
1
43
3676
-1191
1054
2965639
27
1
58
3676
-1192
1060
2966664
6
1
59
3671
-1239
1057
2967689
19
3
55
3658
-1230
1075
2968714
37
3
60
3639
-1176
1112
2969739
35
7
62
3609
-1169
1183
2970764
41
14
55
3601
-1334
1285
2971789
124
26
38
3617
-1458
1406
2972814
219
41
34
3642
-1477
1485
2973839
228
74
69
3725
-1607
1704
2966657
131
144
130
3653
-1864
1867
2967682
37
210
163
3610
-1978
1932
2968707
-6
275
214
3710
-2261
1984
2969732
172
340
290
3782
-2850
1990
2970757
626
395
465
3763
-3331
2002
2971782
1060
425
745
3973
-3649
2143
2972807
1290
479
1085
4154
-3492
2381
2973832
1371
574
1438
4338
-3376
2328
2974857
1499
712
1729
4534
-3562
2010
2975882
1798
865
2024
4573
-3667
1987
2976907
2052
996
2396
4678
-3931
2276
2977932
2030
1154
2722
4800
-3959
2370
2978957
2182
1338
2926
4825
-4086
1979
2979982
2786
1477
3123
4847
-3910
1824
2981007
3097
1566
3490
4582
-4008
2199
2982032
2897
1568
3851
4505
-4707
2266
2974848
3354
1491
4070
4468
-5164
1576
2975873
4305
1420
4388
4295
-5072
1612
2976898
4561
1435
4680
4078
-4335
2010
2977923
4219
1508
4904
3594
-3689
2065
2978948
4044
1518
5052
3054
-3280
2165
2979973
4026
1457
5234
2953
-3121
2127
2980998
3888
1470
5299
2562
-2090
1987
2982023
3413
1486
5326
1915
-946
1964
2983048
2891
1409
5334
1488
-919
1911
2984073
2760
1296
5180
1187
-708
1978
2985098
2659
1158
4935
936
269
2154
2986123
2308
995
4742
583
1144
2170
2987148
1922
809
4478
448
1261
2295
2988173
1621
641
4111
417
1044
2293
2989198
1451
516
3651
174
1264
2298
2990223
1323
322
3242
173
1309
2207
2983039
1273
129
2836
497
1518
2104
2984064
1181
35
2497
592
1451
2217
2985089
1043
-46
2144
586
1561
2474
2986114
843
-112
1754
688
1712
2740
2987139
586
-161
1397
854
1352
2912
2988164
620
-187
1119
979
672
3139
2989189
960
-141
863
930
822
3569
2990214
1130
-95
666
877
1396
3817
2991239
992
-47
530
803
1668
3829
2992264
767
15
427
570
1548
3869
2993289
620
57
302
361
1576
3916
2994314
456
76
191
249
1882
3871
2995339
224
78
162
159
1874
3823
2996364
13
77
129
71
1796
3793
2997389
-83
73
85
-75
1713
3833
2998414
-103
48
43
-139
1664
3809
2991232
-89
7
24
-85
1707
3749
2992257
-92
-11
22
-86
1769
3786
2993282
-110
-24
20
-119
1571
3845
2994307
-42
-34
-4
-130
1409
3829
2995332
51
-34
-34
-78
1607
3827
2996357
6
-26
-39
-66
1672
3810
2997382
-69
-19
-38
-142
1580
3810
2998407
-79
-36
-38
-154
1533
3868
2999432
-69
-54
-30
-125
1522
3950
3000457
-64
-46
-23
-135
1559
3967
3001482
-80
-42
-33
-122
1608
3915
3002507
-106
-43
-42
-93
1543
3861
3003532
-90
-34
-47
-136
1482
3899
3004557
-32
-36
-49
-146
1502
3959
3005582
-10
-29
-45
-133
1601
3967
3006607
-40
-20
-32
-167
1606
3972
2999424
-68
-17
-33
-170
1590
3953
3000449
-79
-9
-37
-164
1558
3912
3001474
-51
-2
-45
-172
1458
3879
3002499
30
3
-47
-163
1474
3912
3003524
68
15
-40
-195
1611
3941
3004549
28
16
-28
-203
1598
3930
3005574
-18
12
-27
-181
1573
3902
3006599
-46
8
-20
-172
1539
3879
3007624
-40
5
-8
-186
1496
3860
3008649
-3
1
-7
-190
1504
3858
3009674
25
2
-8
-212
1539
3895
3010699
27
-1
2
-226
1486
3908
3011724
43
1
11
-232
1521
3910
3012749
31
-6
14
-182
1598
3891
3013774
-16
-2
22
-186
1615
3881
3014799
-44
3
18
-175
1573
3904
3007616
-40
8
10
-159
1500
3894
3008641
-13
16
3
-163
1505
3853
3009666
0
20
1
-162
1562
3861
3010691
-12
15
-4
-142
1563
3884
3011716
-34
13
-11
-135
1571
3881
3012741
-42
15
-16
-182
1522
3848
3013766
-17
6
-33
-151
1511
3827
3014791
-7
5
-51
-97
1601
3857
3015816
-48
10
-74
-84
1547
3840
3016841
-69
19
-114
-53
1538
3774
3017866
-93
24
-152
12
1614
3728
3018891
-166
19
-195
164
1621
3670
3019916
-268
27
-278
356
1609
3587
3020941
-406
43
-407
556
1602
3424
3021966
-567
70
-561
706
1570
3336
3022991
-743
97
-751
822
1474
3342
3015808
-919
130
-978
891
1286
3332
3016833
-1051
142
-1218
980
1137
3171
3017858
-1150
156
-1429
1010
1059
3089
3018883
-1339
187
-1637
854
862
3117
3019908
-1655
195
-1934
744
707
2865
3020933
-1954
149
-2240
820
532
2372
3021958
-2209
104
-2450
971
-64
2175
3022983
-2417
102
-2630
842
-897
2480
3024008
-2331
69
-2975
455
-769
2817
3025033
-2193
-80
-3363
145
-19
2839
3026058
-2346
-295
-3698
163
41
2438
3027083
-2483
-448
-4093
184
-174
2130
3028108
-2631
-609
-4517
139
2
1926
3029133
-2987
-820
-4836
205
-181
1697
3030158
-3509
-1060
-5166
409
-616
1601
3031183
-4106
-1237
-5596
944
-1036
1676
3024000
-4715
-1279
-5976
2078
-2091
1867
3025025
-5612
-1124
-6242
2942
-2702
1880
3026050
-6557
-846
-6337
3441
-2916
1576
3027075
-6931
-570
-6206
4305
-3799
795
3028100
-6322
-255
-6226
4639
-3766
34
3029125
-4937
-167
-6092
5866
-4293
272
3030150
-3604
-135
-6078
6360
-4481
667
3031175
-2309
-194
-6098
6802
-3731
891
3032200
-1405
-373
-5817
8274
-3071
149
3033225
-974
-473
-5277
9130
-3751
-375
3034250
-1366
-540
-4522
7632
-5728
771
3035275
-2027
-640
-3532
5319
-6309
2395
3036300
-2014
-602
-2055
4315
-4074
2102
3037325
-1145
-585
-701
4749
-904
1361
3038350
-75
-510
198
4712
-1952
1845
3039375
335
-420
491
4189
-3552
1865
3032193
432
-429
360
4029
-2690
1520
3033218
312
-397
177
3549
-2034
1536
3034243
296
-322
-16
3244
-1843
1927
3035268
-310
-63
-83
3402
-1701
3580
3036293
-1961
250
41
3024
-2245
1959
3037318
-1354
79
-51
3478
-1394
613
3038343
-327
103
58
3739
-1838
1159
3039368
173
126
210
3700
-2184
1064
3040393
370
92
250
3947
-924
967
3041418
-119
150
262
3706
-537
889
3042443
-367
133
267
3692
-916
958
3043468
-338
72
270
3786
-1092
1113
3044493
-212
11
267
3755
-895
1113
3045518
-28
-51
263
3748
-908
1002
3046543
192
-91
260
3699
-996
936
3047568
399
-116
241
3696
-933
924
3040385
563
-126
232
3725
-873
974
3041410
640
-116
224
3707
-780
1063
3042435
577
-94
184
3687
-657
1125
3043460
400
-69
130
3695
-627
1138
3044485
222
-46
66
3693
-715
1186
3045510
99
-29
-7
3731
-780
1248
3046535
-35
-10
-56
3729
-908
1208
3047560
-111
7
-84
3728
-1021
1178
3048585
-81
28
-67
3724
-1106
1166
3049610
39
46
-35
3725
-1193
1240
3050635
119
53
-6
3699
-1266
1314
3051660
234
59
23
3709
-1265
1371
3052685
328
70
61
3783
-1275
1402
3053710
392
97
108
3718
-1384
1457
3054735
505
112
141
3691
-1437
1545
3055760
637
132
193
3807
-1581
1615
3048576
658
185
269
3805
-1683
1660
3049601
482
244
359
3763
-1842
1815
3050626
377
296
485
3785
-2186
1979
3051651
425
359
646
3798
-2233
1995
3052676
502
453
857
3836
-2182
2064
3053701
463
568
1091
3936
-2405
2120
3054726
449
680
1321
4009
-2589
2193
3055751
560
782
1548
4031
-2731
2208
3056776
803
859
1777
3982
-2789
2233
3057801
990
917
1978
3988
-2793
2174
3058826
1252
987
2139
4010
-3096
2117
3059851
1590
1059
2285
4018
-3100
2242
3060876
1682
1127
2417
3954
-2910
2343
3061901
1576
1184
2574
3838
-2873
2437
3062926
1584
1222
2740
3707
-3400
2393
3063951
1863
1217
2875
3726
-3714
2294
3056768
2007
1218
2979
3659
-3349
2354
3057793
1799
1237
3140
3233
-3393
2474
3058818
1707
1172
3326
2831
-3997
2498
3059843
1826
1030
3410
2601
-3883
2462
3060868
1855
887
3542
2280
-3627
2437
3061893
1817
738
3738
1814
-3556
2338
3062918
2009
557
3891
1456
-3495
2368
3063943
2212
375
4054
1350
-3783
2521
3064968
2296
245
4140
1180
-3611
2480
3065993
2582
143
4199
974
-3225
2461
3067018
2781
57
4299
903
-3158
2434
3068043
3058
27
4388
929
-3308
2670
3069068
3425
45
4372
919
-2675
2873
3070093
4090
93
4442
866
-2488
2740
3071118
4867
192
4465
859
-2446
2556
3072143
5920
355
4385
1093
-2211
2212
3064961
6708
600
4193
1608
313
1742
3065986
6034
1058
4159
1132
3005
2116
3067011
4047
1209
4180
509
2714
2768
3068036
2433
1050
3830
625
2371
2359
3069061
1616
890
3399
720
2393
2024
3070086
1053
699
3012
860
1783
1895
3071111
988
555
2584
1045
2028
1864
3072136
986
471
2104
1118
2523
2033
3073161
808
370
1652
1236
2424
2282
3074186
684
312
1266
1242
2398
2686
3075211
482
296
910
1087
2587
2974
3076236
167
276
587
954
2513
3013
3077261
-6
271
329
847
2177
3098
3078286
16
266
156
700
1946
3276
3079311
129
250
55
521
2010
3417
3080336
130
232
2
295
2116
3440
3073151
33
180
-35
165
2049
3437
3074176
-50
128
-48
31
2156
3454
3075201
-134
68
-40
-50
2135
3515
3076226
-144
11
-14
16
2003
3551
3077251
-95
-2
28
-32
2131
3562
3078276
-128
-20
70
-119
2243
3529
3079301
-208
-44
68
-118
2262
3477
3080326
-245
-59
34
-74
2137
3473
3081351
-179
-58
6
-67
2036
3499
3082376
-83
-38
-16
-79
2144
3489
3083401
-94
-14
-42
-84
2219
3479
3084426
-156
2
-70
-74
2079
3516
3085451
-133
15
-90
-77
1963
3585
3086476
-70
32
-94
-54
2003
3613
3087501
-57
54
-74
-114
2004
3590
3088526
-73
52
-65
-114
2130
3591
3081480
-193
45
-54
-101
2219
3568
3082505
-308
28
-41
-162
2075
3492
3083530
-270
-5
-55
-190
2137
3434
3084555
-210
-29
-73
-251
2182
3482
3085580
-118
-66
-84
-281
1905
3621
3086605
55
-100
-98
-188
1965
3756
3087630
101
-99
-76
-170
2185
3803
3088655
-20
-98
-62
-165
2151
3721
3089680
-108
-96
-60
-155
2007
3688
3090705
-79
-91
-56
-138
1903
3724
3091730
9
-73
-45
-95
1957
3762
3092755
39
-46
-35
-117
1998
3735
3093780
32
-32
-37
-139
1992
3690
3094805
5
-24
-45
-99
2029
3681
3095830
-30
-8
-37
-69
1959
3724
3096855
-28
12
-33
-85
1884
3719
3089536
9
31
-33
-117
1869
3660
3090561
23
39
-27
-126
1951
3619
3091586
-16
39
-18
-101
1972
3633
3092611
-51
45
-9
-126
1918
3636
3093636
-31
43
-1
-167
1893
3620
3094661
-4
28
8
-123
1934
3624
3095686
-7
30
13
-123
2032
3657
3096711
-44
36
11
-170
2007
3682
3097736
-50
27
-3
-128
1994
3649
3098761
-28
28
-8
-102
2022
3624
3099786
-14
29
-15
-122
2062
3617
3100811
-32
22
-35
-121
2036
3649
3101836
-48
14
-61
-73
1958
3644
3102861
-49
14
-86
-115
2023
3550
3103886
-64
-9
-107
-135
2121
3516
3104911
-107
-38
-120
-98
2102
3594
3097727
-137
-52
-143
-106
1955
3643
3098752
-83
-65
-178
-38
1884
3640
3099777
-48
-63
-197
39
1998
3648
3100802
-134
-52
-239
145
2040
3635
3101827
-274
-38
-327
346
1990
3531
3102852
-387
-16
-429
549
1894
3449
3103877
-508
-2
-556
772
1984
3353
3104902
-793
14
-730
869
2069
3289
3105927
-1350
10
-949
925
1971
3253
3106952
-2080
38
-1200
1053
1598
3066
3107977
-2635
109
-1441
952
1032
2912
3109002
-3047
146
-1696
639
1051
2699
3110027
-3531
83
-2038
571
1249
2179
3111052
-3942
9
-2364
638
1219
1941
3112077
-4167
-29
-2711
560
932
1924
3113102
-4150
-53
-3238
553
190
1531
3105920
-3618
-87
-3846
635
-237
1124
3106945
-2997
-166
-4402
753
11
1153
3107970
-2896
-282
-4884
1106
220
1309
3108995
-3437
-308
-5325
1632
175
1263
3110020
-4060
-245
-5666
2021
-536
863
3111045
-4233
-202
-5976
2174
-1388
502
3112070
-4107
-297
-6246
2715
-2285
658
3113095
-4153
-449
-6241
4176
-4050
1278
3114120
-4549
-303
-6228
4461
-4019
2282
3115145
-4912
-135
-6345
3915
-3783
1509
3116170
-4599
-272
-6407
4231
-4195
516
3117195
-4100
-584
-6220
5084
-2763
635
3118220
-4550
-813
-5886
6994
-2737
911
3119245
-5578
-601
-5972
8367
-3953
603
3120270
-5523
-165
-6066
8611
-4578
146
3121295
-4454
139
-5601
8792
-5131
-468
3114112
-2854
258
-4847
7401
-6086
-724
3115137
-1166
20
-3821
5778
-6203
25
3116162
51
-285
-2482
4952
-4676
1247
3117187
354
-449
-1209
4831
-2043
1594
3118212
-102
-418
-212
4550
-1645
1600
3119237
-898
-315
260
4298
-2611
1449
3120262
-1488
-202
283
4121
-3041
1244
3121287
-1842
-100
178
3586
-2966
958
3122312
-1713
-72
-51
3239
-2485
951
3123337
-1254
-54
-175
3268
-2350
1906
3124362
-1244
130
-179
3397
-3019
3100
3125387
-860
94
137
3209
-3316
1822
3126412
506
-119
207
3651
-1713
918
3127437
1157
-90
312
3872
-1516
975
3128462
1137
11
403
3859
-1568
934
3129487
773
68
428
3756
-794
728
3122305
137
102
423
3554
-662
617
3123330
-84
47
375
3680
-1130
873
3124355
109
-13
312
3702
-1168
1167
3125380
283
-63
263
3577
-809
1086
3126405
392
-121
212
3634
-941
910
3127430
562
-150
157
3693
-1172
881
3128455
779
-159
113
3690
-871
984
3129480
874
-142
130
3698
-700
1122
3130505
759
-106
140
3681
-683
1115
3131530
506
-75
105
3743
-755
1134
3132555
225
-45
64
3755
-766
1189
3133580
52
-27
35
3759
-770
1277
3134605
-10
-8
15
3736
-1059
1258
3135630
-9
-2
-18
3699
-1150
1129
3136655
46
-3
-30
3719
-1181
1147
3137680
167
-2
-2
3721
-1252
1250
3130497
333
8
44
3680
-1297
1311
3131522
371
19
67
3634
-1250
1257
3132547
314
37
88
3617
-1223
1273
3133572
289
47
120
3673
-1447
1386
3134597
424
55
152
3690
-1693
1586
3135622
603
60
196
3602
-1725
1587
3136647
613
71
258
3648
-1579
1527
3137672
482
117
358
3730
-1711
1583
3138697
359
172
448
3739
-1868
1621
3139722
285
228
531
3633
-1894
1569
3140747
248
255
619
3625
-1980
1519
3141772
295
264
716
3699
-2084
1472
3142797
410
266
821
3726
-2186
1475
3143822
565
268
934
3694
-2280
1516
3144847
702
260
1060
3622
-2241
1443
3145872
768
228
1180
3580
-2306
1524
3138688
732
202
1295
3709
-2558
1853
3139713
721
223
1433
3747
-2812
1921
3140738
894
261
1638
3657
-3149
1748
3141763
1206
285
1901
3876
-3797
1779
3142788
1622
325
2282
4293
-4718
1915
3143813
2063
416
2591
4482
-4413
2112
3144838
2302
591
2890
4378
-3860
2506
3145863
2250
750
3181
4209
-4261
2170
3146888
2468
849
3388
4191
-4317
1997
3147913
2528
924
3637
4091
-4375
2253
3148938
2467
971
3917
3988
-4503
2526
3149963
2800
969
4158
3729
-4587
2726
3150988
3232
939
4520
3666
-5489
2832
3152013
3290
885
4759
3616
-5606
1929
3153038
3329
736
4966
3318
-5078
1006
3154063
3799
566
5233
2936
-4195
725
3146880
4367
543
5444
2514
-3322
1312
3147905
4328
623
5528
2341
-2955
2059
3148930
4097
756
5388
2235
-1903
2187
3149955
4080
897
5252
1896
-759
1901
3150980
3906
984
5092
1390
-91
1800
3152005
3608
1052
4867
1131
-304
1844
3153030
3459
1117
4488
1006
400
1804
3154055
3174
1163
4121
650
1530
2044
3155080
2692
1100
3850
349
1531
2345
3156105
2238
993
3523
343
1544
2504
3157130
1815
936
3179
290
1895
2680
3158155
1398
868
2894
281
1789
2795
3159180
1185
816
2649
201
1787
2826
3160205
972
774
2340
157
1920
3008
3161230
573
720
1975
305
1950
3029
3162255
313
679
1627
134
1926
2839
3155072
244
572
1304
36
1964
2634
3156097
209
446
1036
66
1919
2752
3157122
205
323
824
-5
1599
3103
3158147
292
215
628
-136
1636
3370
3159172
349
91
487
-136
1868
3341
3160197
256
6
378
-229
2143
3229
3161222
55
-87
311
-241
1941
3369
3162247
-40
-128
238
-364
1633
3790
3163272
-69
-134
121
-480
1671
3890
3164297
-97
-139
43
-477
1755
3778
3165322
-132
-128
1
-511
1792
3716
3166347
-129
-108
-23
-648
1694
3743
3167372
-88
-97
-58
-691
1721
3819
3168397
-75
-86
-68
-684
1710
3882
3169422
-61
-75
-51
-669
1664
3864
3170447
-34
-58
-42
-683
1770
3832
3163264
-90
-48
-34
-668
1841
3753
3164289
-163
-34
-27
-722
1813
3739
3165314
-172
-40
-37
-742
1650
3789
3166339
-108
-35
-62
-725
1585
3830
3167364
-14
-18
-70
-758
1681
3832
3168389
8
-20
-65
-751
1795
3755
3169414
-56
-17
-68
-780
1803
3722
3170439
-94
-33
-73
-774
1678
3739
3171464
-66
-40
-68
-777
1663
3815
3172489
-32
-47
-54
-779
1654
3840
3173514
-13
-49
-41
-740
1643
3812
3174539
-7
-38
-34
-755
1684
3815
3175564
-21
-40
-35
-715
1724
3773
3176589
-38
-27
-30
-716
1691
3809
3177614
-27
-10
-24
-745
1611
3840
3178639
-21
5
-30
-737
1662
3800
3171456
-36
16
-27
-775
1663
3760
3172481
-36
10
-20
-771
1637
3791
3173506
-34
9
-12
-752
1658
3844
3174531
-30
6
-5
-756
1634
3812
3175556
-3
4
5
-732
1662
3767
3176581
5
10
22
-758
1721
3823
3177606
-22
8
20
-772
1694
3827
3178631
-33
5
12
-745
1680
3759
3179656
-36
2
18
-731
1681
3723
3180681
-26
-7
16
-733
1619
3726
3181706
2
-10
1
-718
1607
3748
3182731
14
-10
-9
-702
1614
3755
3183756
2
-10
-15
-690
1608
3760
3184781
-14
-13
-17
-675
1636
3790
3185806
-41
-16
-15
-695
1630
3776
3186831
-58
-23
-19
-711
1626
3741
3179649
-61
-32
-18
-709
1627
3765
3180674
-56
-45
-20
-690
1616
3804
3181699
-29
-49
-31
-665
1625
3802
3182724
-33
-42
-57
-633
1723
3734
3183749
-92
-36
-91
-598
1747
3681
3184774
-156
-48
-142
-515
1703
3640
3185799
-199
-62
-216
-376
1736
3556
3186824
-279
-84
-323
-175
1815
3419
3187849
-420
-104
-458
-52
1861
3278
3188874
-600
-154
-639
108
1871
3192
3189899
-781
-215
-854
273
1723
3193
3190924
-858
-242
-1060
103
1512
3298
3191949
-880
-332
-1328
120
1657
3289
3192974
-1063
-448
-1646
572
1779
3091
3193999
-1413
-491
-1956
896
1583
2838
3195024
-1710
-504
-2287
1030
1056
2851
3187839
-1884
-500
-2662
1131
533
2989
3188864
-1947
-466
-3009
1156
112
3040
3189889
-2048
-413
-3301
878
88
2932
3190914
-2284
-447
-3564
726
54
2724
3191939
-2609
-487
-3828
761
-202
2554
3192964
-3041
-458
-4126
703
-200
2369
3193989
-3527
-426
-4415
667
-503
2049
3195014
-3915
-431
-4630
795
-1017
1702
3196039
-4479
-383
-4869
1039
-800
1432
3197064
-5352
-236
-5093
1431
-894
1042
3198089
-5833
9
-5222
1822
-2512
931
3199114
-5675
230
-5488
2178
-3652
976
3200139
-5047
386
-5893
2574
-2832
1112
3201164
-4688
504
-6069
3288
-2401
856
3202189
-4557
641
-6159
4289
-3549
332
3203214
-4414
757
-6303
5865
-4617
809
3196035
-4319
964
-6497
6065
-4198
754
3197060
-3941
925
-6322
6028
-3816
-258
3198085
-3865
743
-6005
6747
-3186
-802
3199110
-3998
602
-5616
7583
-3654
-520
3200135
-4464
515
-5272
8234
-4759
-513
3201160
-4384
490
-4666
7582
-5961
-479
3202185
-2515
285
-3700
5789
-6999
-365
3203210
83
-136
-2380
4462
-6039
-131
3204235
1647
-489
-1193
4219
-3388
633
3205260
1720
-588
-370
4357
-2485
1357
3206285
879
-495
81
4232
-3018
1480
3207310
-59
-377
147
3953
-2726
1246
3208335
-710
-274
102
3678
-2725
1203
3209360
-941
-163
82
3430
-2894
1795
3210385
-1587
140
142
3122
-2832
2525
3211410
-1383
206
384
2889
-3962
1504
3204224
254
-71
349
3372
-2618
742
3205249
1080
-121
327
3669
-1916
828
3206274
1176
-28
399
3625
-2011
869
3207299
740
-51
291
3802
-997
769
3208324
81
26
311
3573
-1259
768
3209349
46
-17
324
3668
-1383
845
3210374
182
-52
310
3660
-1232
976
3211399
239
-88
329
3609
-1248
991
3212424
282
-133
323
3656
-1313
905
3213449
429
-155
290
3639
-1256
881
3214474
630
-143
270
3512
-1057
1066
3215499
826
-116
252
3526
-1207
1325
3216524
882
-83
207
3595
-1493
1395
3217549
821
-48
155
3713
-1468
1228
3218574
665
7
127
3718
-1389
1148
3219599
506
64
124
3578
-1385
1194
3212416
435
86
132
3643
-1535
1278
3213441
390
114
156
3740
-1641
1320
3214466
315
137
185
3731
-1523
1219
3215491
172
164
218
3623
-1347
1129
3216516
50
169
261
3589
-1576
1155
3217541
34
161
283
3599
-1558
1175
3218566
43
152
293
3588
-1334
1078
3219591
11
145
300
3553
-1367
987
3220616
-16
129
271
3485
-1378
987
3221641
5
97
238
3461
-1350
1010
3222666
74
60
217
3490
-1304
998
3223691
161
25
191
3523
-1399
1062
3224716
242
-11
150
3478
-1495
1143
3225741
342
-51
113
3485
-1545
1201
3226766
384
-76
111
3476
-1677
1288
3227791
350
-91
135
3464
-2118
1524
3220642
332
-116
194
3563
-2635
1785
3221667
485
-101
341
3547
-3148
2024
3222692
797
-72
582
3567
-3768
2009
3223717
1177
-49
894
3788
-4579
1931
3224742
1680
1
1243
4014
-4750
2193
3225767
2129
125
1627
4213
-4356
2240
3226792
2455
348
2024
4275
-4089
2153
3227817
2542
558
2393
4197
-3841
2312
3228842
2161
680
2675
4039
-3945
2169
3229867
1895
672
2943
4145
-4855
1919
3230892
2305
585
3136
4563
-5142
1494
3231917
3324
545
3395
4778
-4767
1113
3232942
4267
522
3762
4568
-4299
1248
3233967
4682
518
4101
4294
-4025
1832
3234992
4556
542
4352
4136
-4085
2164
3236017
4447
599
4476
3782
-4083
2088
3228801
4688
677
4562
3526
-4115
2031
3229826
4729
751
4728
3475
-3866
2029
3230851
4706
892
4807
3080
-3025
2116
3231876
4676
1079
4893
2594
-2520
2270
3232901
4693
1265
4890
2262
-2434
2362
3233926
4807
1460
4740
2271
-2289
2405
3234951
4635
1699
4455
1969
-686
2009
3235976
4452
1863
4318
1502
24
2051
3237001
4080
1948
4131
1129
178
1997
3238026
3681
1984
3780
992
680
2027
3239051
3187
1992
3462
1000
1393
2060
3240076
2659
1977
3152
653
1809
2089
3241101
2462
1865
2824
471
1580
2401
3242126
2427
1742
2498
636
2077
2427
3243151
1955
1693
2199
423
2474
2194
3244176
1394
1589
1860
167
2158
1787
3236993
1163
1393
1442
92
2746
1521
3238018
917
1134
1147
41
3009
1788
3239043
616
859
954
-5
2629
2154
3240068
395
611
746
-9
2179
2403
3241093
301
393
528
35
1798
2499
3242118
349
205
366
15
2031
2644
3243143
403
38
292
90
2274
2969
3244168
269
-45
274
35
2352
3230
3245193
5
-54
243
-272
2379
3387
3246218
-224
-60
146
-340
2507
3592
3247243
-381
-23
43
-289
2401
3630
3248268
-380
63
0
-617
2242
3463
3249293
-239
51
-36
-778
2190
3203
3250318
-169
-17
-78
-604
2280
3100
3251343
-229
-41
-77
-660
2163
3235
3252368
-223
-90
-82
-683
2069
3361
3245185
-152
-124
-70
-664
2206
3477
3246210
-186
-133
-23
-699
2190
3571
3247235
-218
-134
1
-734
2029
3583
3248260
-124
-128
16
-725
1872
3600
3249285
-5
-101
16
-717
2110
3599
3250310
-9
-71
25
-757
2206
3545
3251335
-81
-46
26
-793
2266
3472
3252360
-143
-38
16
-776
2255
3458
3253385
-176
-41
13
-739
2100
3517
3254410
-144
-40
14
-740
2016
3576
3255435
-74
-40
18
-723
2085
3604
3256460
-72
-35
27
-737
2153
3542
3257485
-83
-42
30
-716
2125
3496
3258510
-93
-43
28
-702
2126
3518
3259535
-116
-33
18
-718
2067
3529
3260560
-92
-30
-1
-713
2008
3508
3253376
-49
-29
-14
-705
2096
3515
3254401
-68
-25
-13
-717
2062
3527
3255426
-80
-23
-8
-717
2032
3519
3256451
-83
-18
8
-762
2064
3559
3257476
-117
-25
25
-764
2045
3551
3258501
-128
-31
36
-733
2052
3562
3259526
-126
-31
40
-712
2023
3580
3260551
-100
-27
34
-689
2082
3595
3261576
-103
-22
33
-668
2109
3586
3262601
-109
-14
29
-693
2094
3595
3263626
-109
-10
15
-696
2098
3602
3264651
-109
-12
2
-695
2079
3598
3265676
-97
-17
-20
-659
2009
3607
3266701
-56
-12
-30
-690
2000
3640
3267726
-26
-15
-33
-758
2029
3624
3268751
-40
-35
-41
-718
2034
3572
3261568
-75
-42
-43
-677
2030
3555
3262593
-106
-40
-37
-713
2052
3576
3263618
-158
-45
-38
-763
2005
3577
3264643
-190
-60
-45
-749
1920
3560
3265668
-144
-75
-41
-714
1820
3594
3266693
-43
-89
-21
-691
1804
3700
3267718
22
-92
-9
-649
1924
3733
3268743
-6
-75
-3
-620
1955
3691
3269768
-55
-50
-11
-577
1924
3675
3270793
-69
-21
-14
-564
1905
3688
3271818
-58
2
-13
-577
1872
3671
3272843
-36
24
-24
-619
1913
3670
3273868
-41
32
-41
-632
1940
3677
3274893
-57
35
-54
-624
1945
3654
3275918
-71
36
-63
-592
1939
3618
3276943
-78
37
-75
-577
1928
3613
3269761
-111
35
-107
-543
1970
3549
3270786
-188
17
-168
-354
1998
3398
3271811
-363
-7
-285
0
2051
3164
3272836
-680
-26
-448
281
2055
2924
3273861
-1026
-54
-673
472
1981
2753
3274886
-1374
-114
-939
749
1866
2613
3275911
-1763
-167
-1222
988
1705
2459
3276936
-2136
-218
-1532
1110
1566
2374
3277961
-2516
-296
-1858
1164
1458
2401
3278986
-2856
-351
-2216
1171
1127
2449
3280011
-3144
-357
-2639
1144
671
2439
3281036
-3457
-312
-3159
1045
323
2242
3282061
-3748
-265
-3720
1064
-64
1889
3283086
-4144
-209
-4248
1200
-641
1467
3284111
-4771
-84
-4768
1282
-1429
1206
3285136
-4891
122
-5423
1455
-1855
1198
3277952
-4498
332
-5884
1655
-2072
1214
3278977
-4477
470
-6224
1605
-1941
1122
3280002
-4676
464
-6446
1871
-2193
1133
3281027
-4628
414
-6500
2820
-3818
1586
3282052
-4284
414
-6549
3441
-5328
2235
3283077
-4147
394
-6638
3066
-4258
1891
3284102
-4024
149
-6469
2671
-3599
437
3285127
-3555
-324
-6142
3085
-3062
-351
3286152
-3256
-685
-5692
4230
-3107
70
3287177
-3737
-797
-5362
6317
-4807
1050
3288202
-4999
-476
-5613
7039
-5349
523
3289227
-5162
-21
-5549
6785
-5006
-166
3290252
-3683
236
-4864
7389
-4784
-481
3291277
-1573
386
-4024
7030
-5657
-689
3292302
-95
263
-3359
5987
-5300
-533
3293327
241
-4
-2638
5310
-4464
310
3286145
-121
-223
-1907
4915
-3650
1194
3287170
-497
-355
-1168
4696
-3094
1669
3288195
-1030
-270
-544
4688
-2372
3469
3289220
-3436
326
9
3917
-4757
3832
3290245
-2478
99
690
3144
-5183
939
3291270
380
-293
696
3788
-1974
204
3292295
1298
-210
858
3564
-2758
403
3293320
1886
-207
650
4010
-2499
566
3294345
1448
86
680
3573
-727
599
3295370
541
251
730
3058
-299
762
3296395
-12
200
567
3315
-600
965
3297420
-174
159
467
3565
-1071
1331
3298445
-194
114
395
3562
-912
1352
3299470
-217
49
320
3555
-832
983
3300495
-131
-20
256
3666
-1386
741
3301520
200
-75
162
3762
-1563
750
3294438
505
-96
93
3758
-1070
851
3295463
574
-70
90
3638
-779
963
3296488
397
-52
91
3651
-1025
955
3297513
188
-36
40
3694
-1118
954
3298538
104
-30
16
3716
-1092
1026
3299563
106
-24
31
3671
-1180
1132
3300588
127
-24
41
3618
-1179
1111
3301613
129
-27
18
3656
-1256
1044
3302638
121
-25
-15
3632
-1323
1042
3303663
117
-28
-48
3601
-1310
1058
3304688
122
-27
-60
3593
-1372
1060
3305713
148
-25
-60
3606
-1403
1040
3306738
145
-21
-52
3616
-1337
1037
3307763
93
-14
-42
3610
-1326
1071
3308788
29
-15
-31
3611
-1395
1092
3309813
6
-18
-32
3633
-1396
1097
3302527
21
-20
-17
3622
-1456
1077
3303552
46
-24
-3
3619
-1408
1072
3304577
47
-28
15
3620
-1394
1067
3305602
58
-30
29
3620
-1354
1098
3306627
68
-36
37
3621
-1378
1111
3307652
89
-36
35
3614
-1370
1139
3308677
84
-30
36
3603
-1294
1112
3309702
53
-21
35
3607
-1275
1112
3310727
30
-17
25
3653
-1372
1124
3311752
47
-7
17
3647
-1358
1129
3312777
48
2
23
3620
-1245
1094
3313802
6
12
33
3614
-1272
1104
3314827
-29
17
28
3636
-1391
1113
3315852
-15
22
22
3614
-1363
1100
3316877
10
26
26
3585
-1323
1109
3317902
30
22
24
3632
-1446
1107
3310720
47
20
19
3652
-1433
1061
3311745
48
24
37
3629
-1370
1041
3312770
21
26
62
3608
-1417
1050
3313795
5
21
70
3610
-1487
1071
3314820
35
12
78
3641
-1528
1097
3315845
94
5
94
3623
-1561
1131
3316870
166
-9
123
3615
-1618
1189
3317895
225
-26
166
3674
-1701
1319
3318920
245
-20
217
3679
-1978
1692
3319945
266
29
279
3431
-2348
2070
3320970
379
72
353
3423
-2660
2168
3321995
448
114
514
3839
-3121
2084
3323020
531
208
756
3985
-3479
2076
3324045
801
303
1061
3849
-3827
2069
3325070
1120
348
1391
4062
-4030
1928
3326095
1281
409
1741
4234
-3986
1838
3318912
1519
461
2071
4178
-4145
1673
3319937
2051
487
2366
4223
-4382
1709
3320962
2374
529
2668
4305
-4349
1595
3321987
2434
580
2945
4381
-4217
1546
3323012
2449
650
3180
4231
-4004
1422
3324037
2687
682
3441
4081
-4311
1193
3325062
2818
669
3692
4069
-4339
1420
3326087
2609
624
3913
3930
-4249
1591
3327112
2534
537
4154
3594
-4448
1301
3328137
2845
394
4373
3284
-4647
991
3329162
3114
234
4566
3143
-4566
1170
3330187
3122
129
4667
2988
-4057
1485
3331212
3143
79
4783
2673
-3772
1676
3332237
3145
37
4836
2334
-3002
1717
3333262
2931
33
4843
1907
-2202
1960
3334287
2594
20
4902
1549
-2624
2040
3327103
2646
-4
4832
1286
-3181
1984
3328128
3080
-48
4555
1085
-1927
1964
3329153
3317
-92
4425
1007
-972
2320
3330178
3226
-99
4444
1005
-1433
2526
3331203
3087
-32
4255
611
-594
2692
3332228
2921
-50
4051
421
213
2724
3333253
2567
-72
3817
498
-47
2837
3334278
2472
-77
3539
531
-735
2814
3335303
2807
-94
3273
594
-469
2726
3336328
3207
-101
3127
773
-241
2583
3337353
3620
-95
3008
950
-52
2648
3338378
4093
-43
2925
1120
-81
2868
3339403
4455
117
2662
1253
1165
2852
3340428
4058
355
2339
1347
3270
2756
3341453
2901
491
2159
1166
3225
2573
3342478
1936
496
1780
1139
3279
2391
3335296
1206
457
1320
1103
3874
2378
3336321
493
337
897
967
3341
2366
3337346
216
191
508
952
2560
2566
3338371
222
116
170
761
2590
2781
3339396
178
45
-110
567
2807
2853
3340421
116
-54
-247
418
2414
3019
3341446
171
-116
-305
171
2146
3255
3342471
147
-170
-347
65
2230
3347
3343496
34
-217
-309
27
2158
3386
3344521
-66
-220
-218
-112
2216
3492
3345546
-208
-220
-143
-265
2227
3522
3346571
-351
-235
-128
-228
2170
3399
3347596
-391
-226
-106
-208
2216
3387
3348621
-338
-219
-51
-128
2079
3591
3349646
-231
-187
-11
-97
2150
3669
3350671
-132
-144
3
-162
2310
3618
3343488
-112
-124
-5
-121
2419
3560
3344513
-146
-103
-10
-64
2424
3548
3345538
-148
-83
-25
-28
2306
3566
3346563
-78
-56
-43
-48
2203
3581
3347588
1
-33
-61
-79
2268
3522
3348613
37
-30
-63
-76
2312
3488
3349638
29
-40
-60
-32
2258
3494
3350663
12
-35
-54
-47
2246
3471
3351688
9
-41
-48
-63
2208
3433
3352713
15
-52
-41
-13
2249
3442
3353738
3
-47
-34
-26
2265
3486
3354763
-16
-48
-40
-22
2160
3491
3355788
5
-39
-44
7
2177
3474
3356813
-16
-17
-37
-37
2288
3458
3357838
-83
-12
-32
-103
2218
3442
3358863
-97
-25
-28
-108
2109
3434
3351681
-60
-33
-17
-56
2172
3456
3352706
-44
-29
1
-72
2181
3509
3353731
-43
-26
1
-64
2216
3536
3354756
-62
-20
4
-52
2246
3512
3355781
-78
-18
14
-2
2156
3537
3356806
-38
-1
29
7
2145
3619
3357831
-24
25
41
-75
2270
3615
3358856
-77
32
40
-87
2211
3530
3359881
-71
34
39
-74
2169
3509
3360906
-30
31
39
-26
2166
3578
3361931
4
43
43
-14
2192
3570
3362956
7
57
32
-5
2274
3507
3363981
-38
61
15
18
2267
3465
3365006
-58
65
4
-27
2173
3459
3366031
-34
60
-15
-45
2194
3440
3367056
-31
48
-25
-30
2249
3421
3359872
-58
30
-34
-9
2252
3427
3360897
-90
8
-47
14
2191
3417
3361922
-113
0
-63
15
2154
3407
3362947
-141
-11
-94
90
2194
3367
3363972
-209
-23
-149
246
2206
3272
3364997
-294
-33
-242
490
2195
3095
3366022
-390
-31
-389
791
2215
2893
3367047
-513
-12
-579
1034
2098
2722
3368072
-673
43
-793
1123
2101
2678
3369097
-963
74
-1034
1134
2003
2606
3370122
-1298
43
-1294
1159
1737
2596
3371147
-1588
-27
-1545
1120
1772
2693
3372172
-1929
-118
-1774
1125
1767
2854
3373197
-2413
-178
-2008
1089
1458
2914
3374222
-2923
-190
-2321
1045
1016
2816
3375247
-3216
-175
-2609
1250
404
2855
3368064
-3428
-57
-2777
1274
-78
3319
3369089
-3922
141
-2931
994
-654
3397
3370114
-4098
275
-3354
590
-1376
2583
3371139
-3836
257
-3879
464
-1145
2124
3372164
-3781
151
-4240
471
-487
1975
3373189
-4157
56
-4558
474
-505
1630
3374214
-4460
-20
-4853
545
-1300
1432
3375239
-4360
-123
-5183
796
-1994
1879
3376264
-4238
-135
-5806
1202
-2005
2119
3377289
-4237
-112
-6250
2105
-2893
1723
3378314
-4200
-22
-6300
2382
-3884
993
3379339
-3814
8
-6336
2087
-3478
514
3380364
-3380
-237
-6197
3126
-3680
799
3381389
-3624
-426
-5727
5021
-6182
1516
3382414
-4389
-162
-5695
4296
-5752
764
3383439
-4104
-98
-5723
3525
-3310
181
3376256
-3328
-313
-5257
4371
-2064
553
3377281
-2798
-439
-5018
5497
-2402
1229
3378306
-2869
-324
-5185
6623
-3139
1077
3379331
-3565
-105
-5235
7633
-3598
-546
3380356
-4320
106
-5014
8110
-4544
-1556
3381381
-4310
235
-4676
7309
-5918
-240
3382406
-3067
125
-3871
5550
-6932
1655
3383431
-1129
-240
-2484
4394
-5305
1665
3384456
765
-564
-1106
4407
-1877
1505
3385481
1836
-709
268
4286
-1648
2082
3386506
1719
-603
1032
4048
-2154
2746
3387531
483
-263
1260
4160
-3761
3632
3388556
-197
-43
1202
3466
-3993
1847
3389581
1127
-74
753
3428
-674
699
3390606
1422
-119
487
3726
-853
1131
3391631
471
-40
191
3619
-1210
951
3384448
299
76
265
3440
-1127
881
3385473
581
73
386
3593
-574
1133
3386498
467
126
472
3591
-514
1201
3387523
85
162
483
3646
-738
1084
3388548
-153
126
492
3775
-879
1032
3389573
-240
73
486
3784
-946
990
3390598
-179
24
431
3747
-972
964
3391623
9
-15
351
3729
-924
969
3392648
207
-50
296
3719
-1070
934
3393673
386
-75
239
3680
-1060
938
3394698
545
-96
191
3720
-882
1003
3395723
633
-94
190
3759
-751
1075
3396748
612
-78
216
3702
-725
1127
3397773
488
-62
213
3635
-630
1139
3398798
289
-47
181
3626
-663
1141
3399823
90
-35
131
3629
-780
1159
3392640
-35
-33
70
3627
-945
1146
3393665
-68
-42
11
3618
-1079
1096
3394690
26
-70
-29
3680
-1185
1115
3395715
149
-88
-64
3744
-1203
1179
3396740
214
-89
-85
3703
-1109
1217
3397765
205
-80
-100
3679
-1054
1245
3398790
127
-63
-101
3646
-1138
1223
3399815
34
-46
-96
3630
-1198
1211
3400840
-17
-31
-75
3675
-1157
1222
3401865
-34
-14
-33
3691
-1162
1214
3402890
-55
2
0
3638
-1171
1183
3403915
-76
7
7
3609
-1185
1153
3404940
-70
5
5
3600
-1195
1127
3405965
-53
-4
5
3615
-1161
1107
3406990
-34
-15
8
3631
-1149
1100
3408015
-18
-28
15
3638
-1093
1086
3400832
-27
-40
20
3600
-1062
1016
3401857
-40
-58
20
3549
-1068
988
3402882
-10
-88
8
3576
-1022
1016
3403907
29
-117
-13
3658
-992
1077
3404932
67
-138
-41
3780
-1075
1142
3405957
115
-143
-71
3883
-1060
1169
3406982
159
-134
-82
3979
-1023
1171
3408007
164
-101
-66
3955
-996
1179
3409032
139
-68
-37
3844
-947
1179
3410057
63
-43
-24
3751
-834
1175
3411082
-64
-15
-30
3650
-869
1161
3412107
-149
-3
-64
3597
-923
1112
3413132
-168
-5
-104
3569
-987
1049
3414157
-137
-17
-142
3540
-1005
1020
3415182
-85
-46
-188
3587
-946
1027
3416207
-21
-89
-246
3837
-1096
1023
3409024
81
-110
-304
3953
-1234
940
3410049
189
-119
-344
3803
-1123
858
3411074
212
-137
-363
3676
-1062
843
3412099
202
-159
-370
3631
-1128
895
3413124
227
-180
-374
3620
-1158
915
3414149
297
-191
-366
3629
-1140
908
3415174
355
-197
-355
3759
-1205
915
3416199
381
-181
-347
3901
-1217
914
3417224
460
-151
-304
3963
-1106
915
3418249
578
-115
-221
3965
-931
940
3419274
542
-70
-114
3930
-753
995
3420299
352
-27
-28
3944
-636
1061
3421324
134
24
52
3947
-470
1061
3422349
-137
81
120
3944
-375
1039
3423374
-388
138
144
3908
-373
1014
3424399
-540
184
130
3839
-452
1005
3417215
-596
208
77
3768
-491
997
3418240
-542
219
11
3660
-575
1055
3419265
-398
201
-56
3674
-789
1139
3420290
-253
174
-123
3770
-826
1126
3421315
-177
165
-158
3827
-665
1018
3422340
-183
168
-145
3883
-576
927
3423365
-235
190
-100
3761
-531
914
3424390
-319
197
-72
3696
-632
1018
3425415
-407
192
-87
3623
-792
1169
3426440
-422
182
-103
3544
-943
1266
3427465
-349
161
-114
3536
-985
1250
3428490
-245
142
-100
3493
-985
1188
3429515
-109
105
-93
3536
-998
1155
3430540
66
64
-80
3638
-955
1109
3431565
204
32
-57
3730
-816
1054
3432590
311
11
-36
3795
-777
1056
3425408
424
-3
-21
3783
-757
1116
3426433
488
-15
-18
3724
-667
1168
3427458
481
-21
-16
3718
-628
1186
3428483
477
-19
-3
3737
-590
1196
3429508
474
-14
13
3781
-479
1193
3430533
419
-2
27
3823
-433
1179
3431558
337
13
24
3849
-408
1174
3432583
261
22
14
3853
-389
1155
3433608
202
24
4
3799
-397
1120
3434633
182
14
-8
3759
-435
1112
3435658
210
0
-21
3747
-507
1117
3436683
255
-12
-32
3742
-486
1123
3437708
283
-18
-38
3728
-472
1136
3438733
288
-19
-42
3736
-482
1131
3439758
294
-15
-42
3758
-460
1120
3440783
296
-9
-37
3772
-372
1127
3433600
278
-3
-42
3807
-328
1153
3434625
245
-1
-57
3839
-331
1167
3435650
214
0
-78
3836
-334
1172
3436675
183
-2
-94
3817
-307
1182
3437700
140
-5
-106
3840
-332
1190
3438725
80
-1
-113
3827
-371
1182
3439750
35
2
-112
3835
-411
1190
3440775
16
7
-99
3848
-464
1179
3441800
32
15
-79
3819
-508
1180
3442825
70
22
-57
3765
-490
1181
3443850
98
30
-34
3736
-463
1183
3444875
122
37
-8
3703
-452
1210
3445900
137
38
11
3678
-395
1223
3446925
130
39
18
3675
-386
1243
3447950
116
32
11
3703
-387
1248
3448975
105
30
2
3721
-406
1240
3441792
104
27
-1
3732
-385
1257
3442817
99
24
3
3765
-373
1244
3443842
88
25
12
3772
-381
1246
3444867
79
25
18
3757
-385
1250
3445892
81
21
19
3761
-364
1245
3446917
79
15
17
3772
-344
1248
3447942
62
13
11
3765
-342
1251
3448967
47
13
8
3761
-370
1256
3449992
35
15
11
3736
-352
1253
3451017
10
17
15
3758
-341
1255
3452042
-17
23
21
3756
-373
1259
3453067
-33
28
28
3734
-368
1265
3454092
-42
31
39
3720
-386
1253
3455117
-49
33
43
3731
-393
1258
3456142
-62
32
41
3731
-399
1274
3457167
-71
32
38
3743
-404
1285
3449984
-77
32
36
3740
-423
1292
3451009
-79
30
34
3727
-427
1280
3452034
-78
28
29
3744
-437
1272
3453059
-72
28
27
3732
-453
1272
3454084
-59
22
23
3706
-470
1272
3455109
-39
13
17
3716
-473
1261
3456134
-15
6
15
3738
-459
1260
3457159
1
3
14
3752
-459
1281
3458184
10
5
16
3750
-446
1286
3459209
11
7
19
3728
-424
1286
3460234
3
6
20
3712
-427
1286
3461259
-6
3
16
3730
-423
1291
3462284
-18
3
11
3731
-419
1276
3463309
-27
2
7
3727
-435
1268
3464334
-31
0
3
3734
-435
1271
3465359
-34
1
4
3742
-456
1291
3458176
-29
0
6
3733
-475
1300
3459201
-15
-3
10
3721
-473
1286
3460226
1
-5
12
3714
-465
1280
3461251
11
-8
12
3726
-465
1269
3462276
24
-11
14
3743
-442
1260
3463301
26
-13
17
3741
-427
1281
3464326
12
-15
13
3734
-431
1296
3465351
8
-18
9
3740
-444
1293
3466376
9
-17
7
3738
-449
1287
3467401
10
-16
7
3738
-466
1286
3468426
8
-12
5
3734
-451
1277
3469451
6
-10
9
3731
-441
1276
3470476
10
-10
11
3739
-450
1270
3471501
10
-9
10
3754
-436
1270
3472526
4
-5
14
3749
-424
1275
3473551
-11
-4
16
3773
-424
1282
3466369
-23
2
16
3771
-426
1282
3467394
-29
5
17
3743
-447
1280
3468419
-33
4
13
3731
-462
1281
3469444
-33
2
9
3726
-461
1280
3470469
-30
-1
7
3748
-471
1280
3471494
-21
0
10
3741
-488
1268
3472519
-11
0
12
3729
-478
1269
3473544
-5
0
14
3731
-465
1265
3474569
-2
1
12
3728
-470
1270
3475594
2
-1
9
3725
-460
1282
3476619
3
-4
7
3732
-462
1287
3477644
3
-3
7
3743
-461
1279
3478669
0
-1
8
3746
-465
1273
3479694
0
-1
8
3745
-474
1283
3480719
4
-1
9
3744
-472
1269
3481744
16
-5
9
3747
-480
1272
3474560
21
-5
10
3740
-463
1280
3475585
16
-3
9
3739
-459
1289
3476610
14
-2
10
3739
-468
1282
3477635
13
-1
10
3740
-458
1273
3478660
12
-1
9
3728
-449
1286
3479685
11
-1
6
3713
-458
1280
3480710
10
-2
4
3711
-466
1281
3481735
10
-2
2
3747
-475
1265
3482760
-2
6
3
3778
-464
1256
3483785
-13
15
9
3761
-465
1267
3484810
-1
7
18
3747
-451
1297
3485835
12
-5
24
3757
-438
1312
3486860
17
-9
24
3767
-446
1310
3487885
9
-5
24
3736
-464
1296
3488910
2
-1
22
3675
-461
1291
3489935
