Device = VHR-0009
time_stamp = 1779788073899
sample_rate = 50
Data format = INT16
TYPE = 6-AXIS IMU RAW DATA
27
-2
-2
-711
-4023
1358
99457
-21
-16
-9
-696
-4076
1325
100482
-26
-10
-14
-680
-4092
1301
101507
15
5
-15
-693
-4140
1361
102532
51
-31
-30
-675
-4058
1462
103557
-15
-55
-13
-658
-4007
1350
104582
-59
-22
-3
-715
-4167
1292
105607
25
-10
-16
-659
-4089
1329
106632
-2
-5
-6
-655
-4084
1361
107657
-3
-5
4
-702
-4119
1355
108682
9
-30
6
-688
-4038
1342
109707
-23
-45
-5
-717
-4101
1349
110732
10
-69
-7
-669
-4099
1339
111757
0
-82
-8
-684
-4032
1307
112782
-26
-89
-5
-704
-4091
1270
113807
12
-89
-12
-676
-4124
1286
114832
34
-76
-18
-651
-4148
1368
107648
26
-50
-9
-622
-4123
1438
108673
-3
-31
16
-629
-4057
1409
109698
-9
-14
35
-684
-4074
1377
110723
26
-8
18
-640
-4089
1361
111748
55
0
6
-645
-4054
1346
112773
27
2
12
-706
-4015
1316
113798
12
-11
12
-696
-4045
1305
114823
19
-16
7
-685
-4016
1288
115848
24
-17
7
-703
-4036
1304
116873
27
-17
2
-678
-4026
1364
117898
15
-24
-5
-655
-4068
1373
118923
14
-27
-12
-646
-4082
1377
119948
17
-25
-5
-660
-4081
1375
120973
47
-15
59
-688
-4060
1394
121998
-18
-25
36
-671
-3968
1362
123023
-77
-29
10
-679
-4164
1324
115840
0
20
18
-626
-4103
1285
116865
38
59
35
-711
-3971
1322
117890
-55
46
-3
-749
-4044
1452
118915
-57
-10
-19
-584
-4125
1453
119940
-10
-15
-3
-675
-4059
1408
120965
-23
-39
-1
-694
-4094
1361
121990
-34
-42
-11
-680
-4122
1296
123015
-10
-32
-20
-682
-4109
1293
124040
8
-27
-22
-666
-4103
1342
125065
4
-29
-14
-671
-4101
1360
126090
0
-35
-14
-671
-4091
1343
127115
13
-35
-14
-643
-4089
1367
128140
9
-28
-9
-648
-4039
1376
129165
-12
-28
-6
-660
-4054
1348
130190
4
-25
-5
-661
-4071
1351
131215
19
-23
-7
-649
-4077
1377
124033
1
-25
-8
-628
-4069
1378
125058
-19
-22
-5
-642
-4080
1357
126083
4
-15
-5
-652
-4097
1338
127108
31
-3
-13
-655
-4062
1376
128133
24
-5
-10
-657
-4053
1401
129158
-4
-22
-4
-635
-4085
1401
130183
-32
-27
9
-607
-4125
1359
131208
-14
-8
27
-670
-4151
1342
132233
15
-1
15
-655
-4088
1346
133258
36
8
5
-620
-4052
1416
134283
35
5
22
-648
-4114
1419
135308
8
3
13
-599
-4105
1359
136333
-12
33
25
-676
-4064
1321
137358
30
43
31
-678
-4037
1369
138383
20
41
15
-638
-3953
1388
139408
-18
36
10
-695
-4003
1336
132224
-3
23
-11
-677
-4054
1298
133249
20
20
-24
-678
-4029
1326
134274
9
2
-26
-683
-4041
1356
135299
-17
-18
-14
-656
-4054
1364
136324
-28
-26
-2
-662
-4113
1353
137349
-3
-28
-3
-645
-4111
1364
138374
12
-26
-4
-645
-4067
1380
139399
-5
-25
0
-651
-4028
1385
140424
-22
-20
1
-665
-4060
1367
141449
-12
-15
-8
-647
-4043
1377
142474
-8
-7
-12
-647
-4038
1377
143499
-16
-8
-16
-663
-4093
1362
144524
0
-16
-24
-647
-4104
1368
145549
11
-22
-22
-640
-4071
1362
146574
-5
-21
-16
-647
-4067
1359
147599
-17
-18
-17
-640
-4082
1370
140630
-4
-17
-20
-631
-4098
1374
141655
10
-19
-19
-605
-4087
1391
142680
6
-13
-12
-629
-4075
1386
143705
-10
-10
-7
-626
-4074
1378
144730
-15
-8
-7
-631
-4064
1372
145755
-11
-7
-8
-622
-4081
1373
146780
-9
-9
-9
-614
-4067
1355
147805
-15
-6
-6
-640
-4081
1354
148830
-14
-10
-9
-627
-4086
1357
149855
-4
-11
-8
-617
-4070
1358
150880
0
-10
-7
-621
-4062
1367
151905
-6
-12
-12
-626
-4070
1377
152930
-2
-15
-11
-617
-4070
1367
153955
-5
-11
-10
-618
-4082
1360
154980
-8
-6
-14
-625
-4113
1373
156005
3
-9
-10
-613
-4086
1371
148608
-5
-6
-5
-612
-4049
1360
149633
-17
-5
-6
-616
-4091
1353
150658
0
-7
-9
-602
-4110
1352
151683
11
-9
-5
-601
-4082
1364
152708
-1
-12
-2
-608
-4095
1371
153733
-2
-10
0
-619
-4106
1356
154758
12
-3
3
-626
-4097
1352
155783
8
-2
7
-603
-4077
1378
156808
-6
-6
9
-594
-4077
1364
157833
-9
-4
10
-613
-4089
1348
158858
1
-3
10
-615
-4092
1368
159883
11
-8
11
-590
-4074
1373
160908
11
-4
9
-611
-4072
1368
161933
9
0
6
-627
-4068
1361
162958
4
1
5
-612
-4088
1375
163983
2
2
8
-606
-4111
1361
156800
10
3
12
-614
-4104
1367
157825
16
5
16
-618
-4079
1362
158850
12
8
18
-622
-4059
1367
159875
4
5
15
-617
-4083
1371
160900
7
4
13
-614
-4072
1377
161925
8
2
16
-618
-4069
1372
162950
7
2
12
-619
-4060
1374
163975
3
1
11
-624
-4061
1381
165000
0
0
9
-630
-4060
1374
166025
0
0
5
-628
-4058
1358
167050
1
-3
1
-623
-4059
1360
168075
2
-5
-1
-625
-4088
1370
169100
7
-8
-1
-622
-4095
1371
170125
2
-9
2
-630
-4079
1369
171150
-5
-11
3
-633
-4079
1364
172175
3
-13
3
-610
-4080
1363
164992
8
-7
4
-616
-4084
1385
166017
2
-4
5
-627
-4066
1379
167042
0
-6
5
-624
-4073
1383
168067
10
-9
1
-610
-4077
1393
169092
10
-5
2
-610
-4063
1384
170117
-4
-2
4
-634
-4094
1374
171142
0
-2
4
-632
-4096
1384
172167
6
-6
9
-621
-4088
1385
173192
1
-4
10
-614
-4067
1363
174217
-6
0
13
-628
-4071
1369
175242
-2
-2
10
-627
-4056
1366
176267
-2
-6
5
-620
-4051
1371
177292
2
-7
1
-622
-4083
1382
178317
14
-5
1
-620
-4075
1376
179342
9
-4
1
-620
-4077
1379
180367
1
-6
4
-617
-4089
1387
173183
0
-7
11
-617
-4095
1381
174208
0
-4
13
-627
-4075
1377
175233
-2
-1
11
-634
-4050
1386
176258
-3
-6
7
-624
-4051
1382
177283
1
-8
4
-610
-4056
1381
178308
4
-6
-2
-619
-4072
1376
179333
7
-5
-2
-627
-4073
1379
180358
-5
-7
2
-613
-4082
1387
181383
-12
-8
6
-619
-4101
1378
182408
-3
-3
7
-623
-4083
1377
183433
7
0
6
-625
-4053
1384
184458
-4
-1
6
-615
-4060
1376
185483
-7
0
5
-634
-4080
1378
186508
1
-3
3
-624
-4059
1377
187533
-3
-6
1
-616
-4062
1380
188558
-8
-7
2
-630
-4084
1375
181377
-3
-6
1
-630
-4073
1374
182402
1
-5
1
-627
-4064
1378
183427
-1
-6
0
-609
-4076
1380
184452
-3
-6
-1
-618
-4087
1381
185477
-2
-6
4
-622
-4081
1378
186502
-5
-5
6
-625
-4071
1381
187527
-3
-5
4
-621
-4074
1378
188552
4
-4
3
-619
-4064
1372
189577
4
-4
2
-613
-4068
1379
190602
5
-4
1
-621
-4065
1381
191627
1
-7
0
-612
-4079
1383
192652
-2
-6
2
-628
-4077
1375
193677
-5
-9
6
-620
-4077
1387
194702
-2
-11
7
-601
-4088
1385
195727
11
-6
7
-611
-4065
1389
196752
4
0
6
-632
-4062
1389
189569
-8
1
5
-636
-4068
1382
190594
-7
-1
5
-618
-4075
1379
191619
-3
0
4
-615
-4064
1368
192644
-1
-2
3
-621
-4067
1361
193669
-1
-5
3
-630
-4061
1359
194694
-5
-12
2
-623
-4085
1367
195719
0
-15
3
-616
-4094
1382
196744
7
-10
6
-621
-4077
1386
197769
1
-8
6
-624
-4069
1382
198794
-5
-7
5
-613
-4055
1387
199819
-4
-6
3
-600
-4059
1381
200844
-2
-3
0
-626
-4075
1375
201869
2
-2
0
-633
-4077
1375
202894
-4
-6
1
-615
-4077
1384
203919
-10
-9
6
-600
-4094
1380
204944
-7
-8
10
-617
-4097
1369
197759
6
-5
10
-626
-4063
1389
198784
6
-5
7
-611
-4051
1392
199809
0
-1
5
-622
-4060
1385
200834
-2
2
3
-635
-4067
1378
201859
1
0
1
-630
-4062
1376
202884
-2
-4
1
-616
-4068
1378
203909
-5
-5
1
-626
-4078
1364
204934
-2
-4
2
-619
-4090
1376
205959
-1
-4
3
-622
-4071
1390
206984
-2
-9
6
-607
-4073
1386
208009
-4
-6
5
-616
-4075
1383
209034
-3
-2
3
-623
-4075
1376
210059
-5
-1
2
-635
-4067
1383
211084
-7
-8
4
-611
-4079
1372
212109
-1
-7
2
-616
-4092
1362
213134
11
-6
3
-627
-4063
1370
205952
4
-7
5
-626
-4069
1386
206977
-7
-11
4
-610
-4078
1385
208002
-4
-7
4
-609
-4089
1382
209027
7
-1
4
-620
-4075
1390
210052
3
1
5
-611
-4060
1388
211077
-10
-2
7
-613
-4067
1381
212102
-7
-5
6
-613
-4087
1380
213127
8
-4
5
-615
-4063
1379
214152
2
-1
4
-633
-4041
1382
215177
-9
-3
0
-625
-4082
1381
216202
2
-4
0
-620
-4081
1377
217227
0
-4
2
-627
-4073
1378
218252
-8
-5
4
-617
-4079
1377
219277
-5
-6
6
-613
-4087
1379
220302
6
-8
5
-609
-4074
1389
221327
5
-5
7
-624
-4065
1381
214145
-3
-4
7
-633
-4068
1382
215170
-7
-4
4
-627
-4075
1381
216195
2
-6
4
-616
-4076
1375
217220
6
-6
4
-620
-4061
1374
218245
0
-5
4
-632
-4066
1379
219270
-3
-7
1
-621
-4071
1378
220295
0
-9
0
-612
-4061
1392
221320
1
-11
-1
-609
-4071
1380
222345
-1
-9
-1
-618
-4087
1386
223370
-3
-8
3
-616
-4091
1380
224395
-2
-10
5
-601
-4089
1389
225420
3
-4
8
-615
-4085
1386
226445
5
0
6
-624
-4063
1386
227470
3
0
4
-623
-4057
1384
228495
0
-1
1
-611
-4064
1376
229520
0
-1
0
-618
-4068
1388
222335
-7
-5
1
-619
-4083
1372
223360
-5
-5
1
-624
-4075
1378
224385
3
-7
0
-611
-4065
1387
225410
-3
-8
-2
-600
-4067
1387
226435
-10
-9
2
-619
-4081
1384
227460
-6
-7
2
-622
-4073
1378
228485
-4
-6
0
-612
-4064
1383
229510
-4
-7
-2
-613
-4067
1381
230535
-3
-7
-2
-615
-4072
1373
231560
-6
-7
-2
-624
-4065
1375
232585
-7
-9
-2
-617
-4071
1389
233610
-6
-12
-3
-607
-4089
1382
234635
4
-9
-2
-609
-4080
1383
235660
-1
-5
0
-614
-4058
1383
236685
-16
-8
-1
-610
-4063
1386
237710
-6
-12
-3
-590
-4093
1388
230528
14
-6
-4
-596
-4076
1384
231553
1
1
-1
-629
-4055
1385
232578
-17
-1
-3
-630
-4096
1380
233603
0
-5
-3
-593
-4094
1379
234628
6
-2
-2
-595
-4075
1377
235653
-5
1
1
-621
-4075
1374
236678
-9
-4
3
-607
-4077
1365
237703
-1
-8
3
-595
-4083
1378
238728
7
-11
3
-595
-4084
1392
239753
6
-9
5
-604
-4072
1384
240778
-2
-4
6
-611
-4061
1384
241803
-3
-4
3
-604
-4085
1374
242828
6
-4
4
-595
-4066
1380
243853
-3
-3
6
-619
-4059
1378
244878
-13
-7
5
-608
-4090
1362
245903
0
-7
5
-613
-4077
1377
238720
3
-11
4
-597
-4075
1382
239745
0
-12
4
-607
-4069
1380
240770
1
-10
5
-616
-4058
1384
241795
-8
-11
1
-609
-4052
1379
242820
-11
-12
-2
-609
-4060
1379
243845
-9
-14
-5
-624
-4052
1386
244870
-18
-22
-11
-623
-4037
1374
245895
-22
-30
-19
-607
-4021
1365
246920
-36
-32
-30
-622
-3999
1375
247945
-51
-43
-44
-628
-4102
1377
248970
-17
-50
-43
-619
-4106
1380
249995
-12
-48
-45
-604
-4061
1419
251020
-24
-48
-47
-556
-4110
1425
252045
-17
-19
-40
-528
-4096
1402
253070
-48
15
-35
-561
-4065
1385
254095
-90
15
-32
-581
-4119
1359
246912
-93
-4
-26
-534
-4146
1352
247937
-77
-14
-14
-518
-4147
1333
248962
-58
-11
-8
-553
-4095
1320
249987
-65
-8
-15
-570
-4073
1334
251012
-85
-5
-19
-541
-4114
1321
252037
-81
12
-15
-547
-4146
1290
253062
-66
20
-15
-571
-4130
1300
254087
-47
3
-13
-564
-4121
1316
255112
-27
-11
-6
-556
-4098
1293
256137
-20
-10
-5
-547
-4093
1305
257162
-13
-3
-6
-533
-4117
1341
258187
-12
12
2
-534
-4086
1352
259212
-43
20
7
-538
-4066
1351
260237
-78
23
3
-522
-4097
1331
261262
-82
28
7
-520
-4097
1304
262287
-78
35
11
-526
-4109
1303
255105
-53
30
3
-547
-4128
1280
256130
-29
28
3
-523
-4046
1273
257155
-63
28
9
-552
-4066
1296
258180
-90
20
4
-565
-4097
1246
259205
-73
14
-4
-552
-4118
1230
260230
-39
10
-8
-569
-4124
1261
261255
-35
3
-14
-556
-4086
1250
262280
-63
3
-12
-555
-4064
1260
263305
-94
4
-11
-567
-4109
1260
264330
-100
2
-20
-565
-4104
1239
265355
-104
7
-23
-554
-4100
1230
266380
-113
13
-28
-562
-4123
1219
267405
-120
12
-35
-569
-4111
1205
268430
-140
9
-33
-547
-4133
1206
269455
-168
13
-25
-528
-4156
1186
270480
-207
20
-17
-528
-4185
1163
263296
-225
21
-7
-531
-4230
1141
264321
-196
20
1
-538
-4231
1122
265346
-151
19
7
-531
-4221
1110
266371
-114
21
18
-534
-4236
1087
267396
-124
27
28
-563
-4199
1105
268421
-202
17
37
-614
-4282
1094
269446
-254
-1
38
-626
-4484
1008
270471
-243
-14
56
-538
-4763
856
271496
-126
-24
96
-517
-5052
825
272521
78
-54
168
-537
-5137
692
273546
296
-136
264
-417
-5166
439
274571
877
-237
349
-452
-5669
148
275596
2411
-401
347
-407
-6165
-221
276621
4352
-463
443
-246
-5217
284
277646
5233
-536
601
-254
-4065
1288
278671
5067
-686
592
-565
-3425
1721
271488
5946
-1097
477
-814
-4894
582
272513
10701
-1175
102
-323
-7769
-1026
273538
17858
-742
134
476
-2527
-1942
274563
18996
-386
798
15
7516
1055
275588
9744
-251
1870
-2075
9545
3473
276613
-596
-360
1404
-1250
4897
3179
277638
-2313
-701
871
0
-37
3426
278663
776
-687
656
279
365
3187
279688
2148
-560
401
-612
3260
3666
280713
226
-710
195
-74
3328
3814
281738
-1014
-568
232
253
928
4177
282763
-451
-379
199
271
424
4479
283788
161
-199
76
73
1334
4361
284813
-19
-46
25
-154
1682
4187
285838
-469
48
-24
-169
1322
4108
286863
-449
82
-65
-144
908
3952
279783
-102
75
-47
-165
1165
3959
280808
-140
41
-23
-204
1451
3931
281833
-246
-20
-46
-106
1048
3828
282858
36
-22
-65
10
988
3937
283883
143
12
-56
-42
1322
4111
284908
-74
10
-62
-45
1189
4048
285933
-122
11
-55
-55
1029
3995
286958
-51
19
-28
-73
1107
4055
287983
-103
30
4
-114
1094
4093
289008
-115
31
7
-122
983
4032
290033
-5
31
-4
-135
1130
3998
291058
-22
26
-6
-131
1309
4023
292083
-155
22
-14
-79
1207
3996
293108
-206
23
-15
-56
1154
4057
294133
-232
23
-35
-65
1181
3966
295158
-265
50
-53
-58
1335
3974
287872
-608
96
-47
-71
1680
4046
288897
-1601
153
-17
-152
1951
4117
289922
-3169
193
8
-173
1885
4050
290947
-4587
270
-2
-175
1405
3709
291972
-5434
363
27
-290
912
3612
292997
-5933
405
-67
-367
235
3589
294022
-6096
428
-275
-235
-494
3510
295047
-5882
479
-462
-94
-1301
3374
296072
-5524
549
-543
-43
-1733
3293
297097
-5588
664
-482
-118
-1665
3299
298122
-6026
700
-411
-157
-2538
2815
299147
-5818
714
-398
-159
-3761
2432
300172
-5102
785
-370
-158
-3822
2384
301197
-4820
825
-347
-143
-3878
1772
302222
-4401
825
-305
-189
-4465
1167
303247
-3645
777
-106
-274
-4607
947
296064
-3134
691
17
-363
-4688
722
297089
-2987
622
109
-399
-4482
510
298114
-3063
571
156
-479
-4423
140
299139
-2948
525
160
-512
-4807
-260
300164
-2211
464
170
-462
-5241
-636
301189
-1037
419
229
-492
-5251
-668
302214
-175
372
258
-582
-4745
-491
303239
-16
273
228
-603
-4315
-326
304264
-176
176
229
-587
-4251
-267
305289
-285
114
292
-537
-4266
-243
306314
-283
87
345
-569
-4383
-218
307339
-124
72
335
-580
-4589
-180
308364
137
50
271
-591
-4465
-36
309389
198
13
198
-531
-4250
40
310414
86
-11
139
-573
-4268
22
311439
14
-24
89
-632
-4287
4
304257
30
-26
29
-618
-4247
13
305282
105
-14
-14
-608
-4223
54
306307
89
11
-12
-624
-4022
87
307332
-62
27
-9
-674
-4086
42
308357
-75
28
-12
-710
-4308
7
309382
55
34
-17
-712
-4239
13
310407
111
39
-30
-690
-4165
25
311432
75
42
-30
-706
-4139
50
312457
-41
32
-30
-720
-4171
65
313482
-106
10
-39
-713
-4337
13
314507
-38
3
-48
-694
-4382
-3
315532
15
6
-53
-673
-4274
47
316557
-36
0
-45
-660
-4260
20
317582
-87
-8
-33
-646
-4313
-2
318607
-61
-17
-22
-648
-4325
1
319632
-21
-18
-16
-629
-4259
14
312449
-11
-12
-13
-650
-4200
14
313474
-62
-11
-13
-657
-4169
7
314499
-126
-13
-23
-625
-4272
-8
315524
-95
-11
-29
-602
-4360
-13
316549
-13
-3
-26
-616
-4303
-3
317574
3
0
-28
-617
-4224
2
318599
-37
6
-32
-610
-4212
11
319624
-64
14
-37
-604
-4265
13
320649
-50
22
-35
-600
-4280
-10
321674
-36
26
-35
-610
-4271
-28
322699
-54
22
-37
-602
-4238
-14
323724
-82
22
-31
-582
-4283
0
324749
-88
30
-24
-601
-4299
-35
325774
-80
41
-24
-603
-4255
-52
326799
-101
46
-19
-594
-4224
-56
327824
-132
45
-17
-603
-4280
-85
320640
-126
46
-18
-606
-4314
-136
321665
-115
46
-17
-611
-4289
-154
322690
-144
43
-12
-615
-4310
-205
323715
-167
36
-14
-579
-4553
-398
324740
-62
41
-14
-550
-4805
-529
325765
138
27
5
-562
-4987
-658
326790
401
-46
37
-482
-5413
-1155
327815
1160
-183
25
-445
-6122
-1429
328840
2501
-349
6
-554
-6259
-1418
329865
4095
-540
0
-479
-6185
-1458
330890
5639
-663
25
-300
-5726
-825
331915
6768
-698
183
-290
-4564
629
332940
6848
-808
461
-441
-3335
1597
333965
6364
-1085
690
-315
-3360
1896
334990
6566
-1187
840
-250
-3352
1957
336015
7285
-1096
1053
-391
-2815
2104
328832
8264
-1121
1069
-265
-2806
1826
329857
10375
-1012
934
6
-3314
1117
330882
13078
-566
735
575
-833
494
331907
12310
29
1160
254
6131
2224
332932
5235
289
1763
-1034
8647
4055
333957
-1179
279
1478
-798
3318
2930
334982
-997
124
1363
-269
-235
2767
336007
1092
106
1089
-257
2334
3297
337032
857
64
763
-819
4446
3592
338057
-1094
-132
399
-454
3122
3371
339082
-1315
-149
176
-159
775
3376
340107
-20
-72
-10
-145
1160
3798
341132
155
8
-162
-379
2321
4028
342157
-670
-33
-242
-285
1608
3939
343182
-704
-53
-248
-116
387
3922
344207
0
-27
-213
-146
595
4031
337024
167
12
-132
-316
1369
4116
338049
-287
3
-41
-413
1354
4070
339074
-448
-45
3
-289
841
3997
340099
-108
-64
19
-249
938
4045
341124
94
-67
12
-280
1317
4121
342149
-16
-79
-2
-269
1337
4105
343174
-100
-81
-9
-237
1196
4065
344199
-52
-65
-10
-221
1130
4077
345224
-3
-45
-12
-262
1163
4100
346249
-1
-41
-22
-259
1161
4060
347274
-1
-24
-21
-253
1169
4050
348299
-40
-1
-15
-254
1162
4055
349324
-108
19
0
-289
1153
4024
350349
-134
25
8
-291
1064
3969
351374
-78
39
8
-268
1096
3966
352399
-62
54
6
-307
1201
3962
345216
-133
60
-11
-323
1277
3925
346241
-254
67
-37
-306
1411
3956
347266
-486
76
-72
-317
1568
3917
348291
-882
100
-124
-317
1798
3840
349316
-1610
140
-173
-340
2151
3797
350341
-2791
169
-203
-382
2408
3759
351366
-4184
194
-270
-412
2004
3626
352391
-5034
200
-436
-354
1010
3435
353416
-5005
236
-650
-247
181
3522
354441
-4795
336
-865
-185
-263
3632
355466
-4852
465
-992
-185
-614
3702
356491
-5261
558
-1026
-166
-1186
3572
357516
-5751
639
-1007
-93
-1921
3188
358541
-5849
768
-877
-45
-2736
2921
359566
-5653
877
-746
-80
-3616
2537
360591
-5179
956
-661
-173
-3917
2363
353571
-4949
931
-525
-174
-3972
1861
354596
-4792
876
-402
-192
-4354
1308
355621
-4452
864
-194
-363
-4247
1078
356646
-4335
757
-67
-419
-4387
462
357671
-4094
652
-49
-442
-4752
-10
358696
-3440
554
-4
-468
-4864
-186
359721
-2905
474
79
-437
-4627
-212
360746
-2645
417
93
-502
-4722
-400
361771
-1983
342
80
-566
-5138
-571
362796
-1055
317
96
-570
-4945
-528
363821
-545
315
77
-557
-4374
-404
364846
-487
287
115
-585
-4236
-437
365871
-486
248
167
-620
-4430
-552
366896
-284
218
221
-654
-4539
-473
367921
-93
183
274
-689
-4417
-425
368946
-79
131
311
-692
-4351
-510
361600
-83
99
322
-697
-4332
-513
362625
21
75
314
-710
-4448
-408
363650
148
42
251
-688
-4443
-235
364675
172
2
170
-612
-4364
-240
365700
158
-3
122
-626
-4455
-278
366725
164
8
70
-648
-4369
-215
367750
95
2
29
-640
-4164
-152
368775
-36
-2
8
-677
-4173
-182
369800
-54
11
0
-681
-4216
-283
370825
6
45
2
-705
-4153
-344
371850
2
61
4
-724
-4104
-313
372875
-44
50
6
-746
-4121
-275
373900
-97
23
15
-747
-4130
-314
374925
-142
4
8
-758
-4202
-341
375950
-107
-6
7
-764
-4277
-360
376975
-65
-12
-2
-756
-4277
-318
369792
-61
-14
-11
-744
-4312
-305
370817
-20
-8
-12
-742
-4320
-307
371842
3
-3
-13
-722
-4247
-274
372867
-19
-5
-16
-738
-4241
-267
373892
-37
-5
-17
-729
-4191
-267
374917
-72
1
-17
-711
-4223
-288
375942
-80
12
-16
-690
-4247
-317
376967
-67
22
-7
-691
-4186
-310
377992
-109
25
-4
-687
-4173
-319
379017
-122
23
-10
-696
-4272
-373
380042
-51
25
-21
-677
-4268
-377
381067
-46
30
-24
-669
-4192
-335
382092
-136
35
-20
-665
-4206
-365
383117
-222
42
-6
-672
-4276
-409
384142
-270
51
-2
-659
-4364
-452
385167
-277
60
6
-629
-4505
-605
377984
-201
69
21
-628
-4656
-729
379009
-24
36
40
-670
-4819
-921
380034
197
-51
71
-643
-5045
-1377
381059
532
-186
115
-553
-5496
-1867
382084
1368
-379
120
-636
-5806
-1749
383109
2636
-658
164
-834
-5518
-1240
384134
3587
-1011
268
-925
-5359
-1058
385159
4139
-1285
249
-872
-5135
-938
386184
5251
-1404
229
-709
-5477
-504
387209
6889
-1323
256
-642
-4920
595
388234
8243
-1319
508
-753
-3579
1231
389259
9020
-1541
686
-610
-3269
1361
390284
9787
-1496
780
-334
-2964
1357
391309
11265
-1301
982
-296
-2541
1042
392334
13645
-1091
843
-110
-1396
177
393359
13875
-607
672
-142
4368
1109
386176
7942
-330
1028
-802
9532
3449
387201
101
-277
1149
-453
5262
2951
388226
-1083
-248
1173
-261
-162
3070
389251
715
-236
838
-207
1133
3484
390276
668
-197
472
-411
3470
3457
391301
-581
-205
302
-147
2784
3530
392326
-1095
-137
287
-119
1340
3814
393351
-580
-98
74
-102
607
3989
394376
126
-25
-167
35
1080
4020
395401
85
105
-182
-198
1789
4167
396426
-476
95
-96
-203
1333
4150
397451
-537
73
-28
-126
614
4091
398476
-121
82
-25
-185
806
4106
399501
58
67
-40
-247
1284
4102
400526
-94
44
-23
-255
1408
4107
401551
-233
10
-8
-213
1203
4112
394368
-169
-17
-20
-238
1028
4013
395393
25
-42
-46
-260
1127
4024
396418
31
-59
-59
-245
1328
3992
397443
-89
-60
-53
-232
1214
4016
398468
-130
-52
-57
-243
1028
4028
399493
-52
-47
-62
-255
1069
4024
400518
-65
-40
-65
-240
1197
3978
401543
-183
-9
-61
-244
1246
3992
402568
-309
28
-66
-270
1259
3979
403593
-434
67
-94
-289
1387
3904
404618
-705
114
-135
-292
1709
3836
405643
-1327
189
-174
-304
2124
3743
406668
-2252
270
-225
-362
2170
3738
407693
-3136
324
-340
-396
1664
3736
408718
-3615
360
-533
-398
1061
3804
409743
-3639
373
-783
-307
457
3861
402559
-3430
436
-976
-283
133
3909
403584
-3366
533
-1082
-314
-256
3980
404609
-3511
615
-1135
-241
-987
3963
405634
-3616
707
-1099
-189
-1743
3906
406659
-3670
822
-957
-290
-2094
3859
407684
-3902
893
-793
-482
-2172
3734
408709
-4210
868
-680
-541
-2444
3278
409734
-4257
837
-538
-515
-2977
2824
410759
-4093
828
-391
-484
-3453
2604
411784
-3739
861
-280
-608
-3672
2602
412809
-3497
833
-194
-742
-3408
2529
413834
-3591
737
-166
-773
-3370
2105
414859
-3405
658
-177
-752
-4043
1732
415884
-2563
618
-188
-737
-4630
1499
416909
-1612
599
-207
-737
-4573
1398
417934
-1143
587
-194
-874
-4121
1512
410752
-1156
458
-200
-905
-4052
1412
411777
-1068
321
-172
-829
-4364
1248
412802
-775
284
-104
-851
-4475
1082
413827
-492
253
-98
-942
-4479
1106
414852
-287
185
-110
-1008
-4369
1293
415877
-215
77
-128
-923
-4243
1309
416902
-116
22
-125
-848
-4310
1258
417927
37
19
-100
-824
-4223
1343
418952
22
20
-83
-813
-4031
1415
419977
-114
13
-55
-781
-4079
1381
421002
-174
26
-16
-795
-4175
1384
422027
-201
35
13
-823
-4079
1336
423052
-227
29
12
-823
-4150
1259
424077
-152
36
5
-850
-4183
1260
425102
-25
26
-12
-828
-4165
1269
426127
43
7
-17
-806
-4061
1293
418944
-4
-6
-19
-812
-3998
1308
419969
-71
-18
-19
-806
-4044
1307
420994
-87
-19
-22
-782
-4106
1304
422019
-72
-13
-24
-765
-4091
1323
423044
-67
-5
-22
-781
-4106
1337
424069
-65
-6
-17
-791
-4093
1318
425094
-65
-3
-15
-782
-4077
1330
426119
-87
7
-12
-780
-4051
1328
427144
-130
14
-11
-763
-4072
1283
428169
-143
22
-11
-765
-4089
1266
429194
-187
29
4
-775
-3973
1307
430219
-331
31
1
-775
-4011
1259
431244
-361
35
-11
-762
-4221
1159
432269
-188
50
-23
-757
-4275
1135
433294
18
52
-31
-775
-4197
1124
434319
95
47
-37
-777
-4054
1166
427135
22
34
-35
-776
-4002
1173
428160
-53
20
-36
-776
-4163
1121
429185
2
25
-36
-777
-4219
1128
430210
61
31
-28
-787
-4113
1166
431235
1
22
-23
-775
-4059
1173
432260
-64
12
-21
-778
-4140
1159
433285
-22
16
-21
-782
-4171
1161
434310
4
24
-24
-762
-4087
1182
435335
-78
28
-18
-747
-4064
1197
436360
-200
38
-1
-757
-4119
1165
437385
-304
49
9
-760
-4207
1098
438410
-372
53
11
-719
-4419
951
439435
-363
44
30
-699
-4681
788
440460
-343
-6
81
-766
-4874
572
441485
-276
-119
144
-771
-5229
302
442510
52
-242
235
-814
-5299
373
435328
519
-378
376
-863
-5072
386
436353
926
-542
491
-810
-4994
309
437378
1331
-690
584
-819
-4866
452
438403
1837
-863
649
-913
-4781
686
439428
2495
-1053
695
-931
-4625
760
440453
3389
-1213
711
-775
-4554
1019
441478
4524
-1198
735
-836
-4265
1714
442503
5545
-1205
801
-796
-3553
2021
443528
6171
-1171
892
-718
-2630
2204
444553
6521
-1229
989
-745
-2325
2446
445578
7387
-1301
896
-603
-2923
2364
446603
9263
-1101
685
-476
-2619
2078
447628
10993
-976
580
-335
-3
2165
448653
10494
-884
657
-407
3146
2647
449678
6659
-591
978
-603
5782
3360
450703
1643
-326
1199
-495
4416
3241
443520
-67
-253
1104
-422
1201
3439
444545
669
-286
801
-333
1492
3847
445570
721
-277
559
-429
3020
3683
446595
-259
-257
462
-361
2749
3629
447620
-808
-238
393
-306
1381
3830
448645
-344
-222
236
-231
985
3992
449670
100
-154
98
-233
1658
4029
450695
-92
-76
28
-268
1746
4001
451720
-281
-24
-19
-251
1285
3992
452745
-115
7
-57
-223
1084
4043
453770
-6
35
-57
-290
1413
3953
454795
-192
36
-24
-361
1439
3894
455820
-344
17
4
-322
1204
3958
456845
-209
-15
-14
-292
1008
3953
457870
42
-29
-43
-289
1253
3992
458895
-8
-38
-41
-296
1400
3974
451712
-160
-42
-13
-271
1239
4002
452737
-157
-40
7
-265
1106
4074
453762
-33
-40
0
-259
1094
4049
454787
61
-26
3
-292
1299
4044
455812
-50
-8
12
-320
1352
4036
456837
-142
1
11
-302
1171
3994
457862
-42
6
-2
-311
1156
3997
458887
15
3
-18
-333
1306
3982
459912
-42
-5
-32
-357
1305
3917
460937
-61
-16
-62
-322
1345
3893
461962
-87
-14
-105
-290
1508
3883
462987
-187
-9
-172
-257
1598
3812
464012
-379
22
-268
-250
1792
3714
465037
-746
91
-391
-295
2161
3590
466062
-1457
170
-508
-298
2554
3625
467087
-2629
255
-630
-384
2430
3701
459904
-3585
281
-782
-338
1550
3878
460929
-3740
282
-997
-132
328
4101
461954
-3563
346
-1154
-124
277
4221
462979
-3976
478
-1156
-332
431
4091
464004
-4633
579
-1111
-330
-424
3730
465029
-4612
696
-1022
-257
-1694
3660
466054
-4380
831
-957
-243
-2069
3728
467079
-4628
968
-883
-436
-1944
3367
468104
-4865
1022
-747
-582
-2661
2964
469129
-4729
1033
-611
-645
-3162
2749
470154
-4600
1016
-484
-720
-3014
2689
471179
-4872
914
-385
-691
-3095
2363
472204
-5066
790
-310
-592
-3660
1662
473229
-4749
738
-156
-580
-4202
1082
474254
-4130
775
-33
-706
-4446
1132
475279
-3563
722
-40
-764
-4519
1005
468096
-2980
638
-13
-730
-4494
637
469121
-2587
607
58
-830
-4342
406
470146
-2368
541
22
-980
-4493
277
471171
-2014
452
-57
-979
-4874
251
472196
-1485
386
-98
-974
-5037
171
473221
-978
321
-106
-1002
-4886
40
474246
-669
259
-84
-955
-4606
-89
475271
-521
225
-39
-916
-4495
-78
476296
-417
200
13
-905
-4517
-59
477321
-250
187
58
-940
-4408
-64
478346
-134
167
95
-994
-4220
-81
479371
-120
129
89
-1016
-4196
-88
480396
-114
94
67
-966
-4166
-72
481421
-78
76
59
-954
-4193
-77
482446
-64
60
33
-972
-4187
-41
483471
-26
24
-12
-967
-4241
-47
476288
48
-4
-42
-938
-4182
-34
477313
46
-15
-47
-905
-4142
20
478338
-26
-18
-43
-918
-4247
36
479363
-43
-18
-38
-913
-4314
18
480388
9
-15
-24
-888
-4308
20
481413
40
-12
-12
-897
-4258
33
482438
24
-15
-5
-897
-4220
26
483463
3
-15
1
-880
-4238
35
484488
16
-8
9
-868
-4234
84
485513
-7
-6
13
-870
-4180
62
486538
-39
-16
5
-889
-4223
16
487563
-2
-14
-11
-894
-4224
25
488588
35
-10
-27
-863
-4161
69
489613
0
-7
-30
-864
-4147
75
490638
-36
-7
-26
-876
-4232
48
491663
-14
-6
-28
-893
-4290
29
484480
17
-11
-29
-876
-4259
50
485505
3
-10
-25
-879
-4254
66
486530
-9
-2
-17
-884
-4259
57
487555
1
7
-7
-878
-4227
53
488580
23
8
-10
-864
-4312
6
489605
149
15
-19
-876
-4343
-8
490630
231
16
-18
-852
-4152
73
491655
105
6
-14
-845
-4077
110
492680
-27
-3
-10
-855
-4194
70
493705
-22
5
-13
-854
-4244
69
494730
5
15
-17
-860
-4178
121
495755
-54
16
-21
-868
-4181
118
496780
-132
26
-19
-854
-4282
53
497805
-182
41
-11
-838
-4463
-131
498830
-165
36
17
-781
-4857
-355
499855
-26
8
90
-807
-5129
-504
492723
182
-80
201
-792
-5274
-780
493748
487
-204
344
-693
-5484
-1033
494773
1042
-345
477
-821
-5439
-884
495798
1822
-532
602
-1045
-5154
-594
496823
2546
-761
698
-1048
-5165
-522
497848
3544
-959
662
-1014
-5332
-354
498873
5239
-1132
616
-1065
-5238
61
499898
6989
-1243
719
-1072
-4368
599
500923
7839
-1358
909
-1098
-3124
1281
501948
8333
-1631
1028
-1309
-2807
1324
502973
9757
-1776
1139
-801
-3048
697
503998
12493
-1382
1358
-334
-1513
1392
505023
13522
-1389
1453
-513
1780
2745
506048
10353
-1380
1233
-523
4710
3515
507073
4568
-926
1454
-595
5405
2528
508098
717
-600
1538
-362
2310
2653
500864
284
-391
1157
-132
983
3847
501889
533
-233
820
-500
2388
4071
502914
259
-238
580
-349
2244
3779
503939
-2
-201
409
-325
1770
3769
504964
20
-125
243
-374
1530
3983
505989
7
-48
138
-370
1612
3998
507014
-116
-7
92
-387
1630
4003
508039
-163
-11
38
-322
1392
3973
509064
-143
22
5
-349
1483
3970
510089
-234
30
-22
-313
1428
3904
511114
-255
33
-29
-351
1291
3891
512139
-161
-1
-38
-342
1184
3906
513164
-33
-15
-37
-375
1283
3966
514189
-67
-27
-34
-396
1316
3992
515214
-72
-47
-48
-420
1178
3922
516239
15
-60
-53
-420
1266
3943
509057
-43
-64
-30
-435
1361
3938
510082
-119
-71
-20
-406
1212
3963
511107
-83
-75
-28
-421
1175
3996
512132
-5
-81
-36
-402
1212
3975
513157
-19
-65
-19
-401
1295
4015
514182
-112
-38
-5
-418
1234
4037
515207
-102
-21
-13
-427
1181
4004
516232
-14
-20
-29
-441
1264
3993
517257
17
-25
-37
-460
1291
3960
518282
54
-34
-52
-437
1330
3943
519307
1
-34
-60
-411
1453
3947
520332
-125
-37
-69
-384
1350
3890
521357
-162
-38
-93
-365
1327
3872
522382
-200
-37
-127
-332
1445
3869
523407
-317
-27
-176
-295
1499
3841
524432
-477
7
-258
-254
1584
3823
517247
-842
88
-334
-263
1891
3746
518272
-1619
213
-355
-343
2186
3715
519297
-2770
319
-357
-431
1956
3770
520322
-3734
384
-447
-355
1188
3875
521347
-4290
460
-579
-315
759
4103
522372
-4842
557
-719
-327
261
4092
523397
-5157
666
-827
-316
-455
3850
524422
-5056
796
-858
-336
-1395
3654
525447
-4693
934
-863
-464
-2211
3546
526472
-4297
1015
-841
-599
-2566
3440
527497
-4210
1018
-770
-713
-2589
3329
528522
-4278
942
-672
-739
-2820
3116
529547
-4159
851
-541
-730
-3218
2769
530572
-3895
796
-419
-791
-3479
2360
531597
-3673
732
-332
-803
-3611
2085
532622
-3433
697
-240
-863
-3761
2020
525440
-3174
647
-195
-888
-3916
1870
526465
-2895
618
-160
-897
-3979
1632
527490
-2676
605
-134
-977
-3943
1360
528515
-2492
558
-97
-986
-4007
1181
529540
-2262
517
-66
-960
-4296
1156
530565
-1974
485
-58
-974
-4430
1102
531590
-1597
450
-80
-1038
-4542
962
532615
-1236
423
-90
-1138
-4432
903
533640
-1181
376
-129
-1102
-4328
744
534665
-1148
336
-184
-1002
-4510
645
535690
-889
319
-171
-949
-4586
530
536715
-629
322
-129
-970
-4315
457
537740
-600
306
-106
-1002
-4184
372
538765
-654
278
-98
-996
-4291
239
539790
-595
259
-92
-945
-4340
133
540815
-396
249
-84
-902
-4382
93
533632
-228
235
-67
-923
-4283
126
534657
-250
196
-61
-948
-4203
96
535682
-323
148
-77
-953
-4293
73
536707
-226
108
-94
-930
-4431
81
537732
16
85
-97
-888
-4469
65
538757
182
77
-80
-892
-4311
145
539782
105
52
-63
-895
-4165
195
540807
-53
29
-58
-896
-4230
214
541832
-53
17
-41
-880
-4350
190
542857
5
17
-12
-861
-4318
183
543882
-12
12
-3
-867
-4255
214
544907
-30
1
-2
-874
-4263
206
545932
6
-4
3
-865
-4217
221
546957
15
-12
0
-865
-4209
226
547982
-5
-15
-11
-848
-4188
228
549007
-23
-17
-16
-820
-4242
205
541824
3
-10
-14
-838
-4240
225
542849
21
-12
-18
-833
-4225
229
543874
-1
-12
-21
-826
-4231
248
544899
-34
-14
-17
-809
-4244
232
545924
-27
-7
-8
-819
-4287
243
546949
5
2
-6
-825
-4232
257
547974
1
7
-2
-820
-4197
252
548999
-36
13
0
-831
-4214
238
550024
-43
13
-9
-827
-4264
214
551049
-17
13
-7
-829
-4258
200
552074
-24
16
1
-847
-4193
215
553099
-67
13
1
-862
-4206
195
554124
-74
13
-7
-852
-4247
191
555149
-24
15
-13
-831
-4237
195
556174
-5
18
-13
-834
-4181
192
557199
-52
15
-19
-828
-4194
198
550016
-107
17
-17
-810
-4245
183
551041
-164
24
-6
-833
-4275
167
552066
-229
29
7
-854
-4316
91
553091
-322
25
33
-834
-4435
-94
554116
-525
-3
78
-883
-4663
-290
555141
-878
-74
148
-894
-4861
-494
556166
-1297
-182
298
-867
-4958
-846
557191
-1747
-354
511
-855
-4983
-1110
558216
-1841
-596
631
-998
-5145
-1238
559241
-790
-895
621
-1103
-5766
-1702
560266
1609
-1145
571
-1147
-6225
-2076
561291
4296
-1363
527
-1100
-5629
-1908
562316
6407
-1534
522
-992
-4649
-706
563341
7486
-1710
829
-1043
-3949
466
564366
7806
-1987
1148
-1366
-4294
466
565391
9917
-2382
948
-1284
-6159
-946
558208
15636
-2115
689
-220
-5723
-2151
559233
20479
-1233
795
307
2021
-1077
560258
16713
-988
1251
-1186
8361
2749
561283
5182
-913
1714
-1020
7670
1636
562308
-1206
-594
1853
-431
2004
1926
563333
-79
-407
1297
231
-279
3982
564358
1467
-193
996
-693
3093
4295
565383
575
-321
697
-531
2813
3606
566408
-238
-324
574
-432
2137
3506
567433
-179
-272
473
-496
1406
3850
568458
268
-215
286
-274
1618
3986
569483
27
-66
212
-393
2422
4113
570508
-633
-17
142
-398
1466
4053
571533
-260
-28
-2
-358
731
3944
572558
327
-1
-91
-413
1543
3886
573583
-47
35
-23
-517
1897
3887
566399
-472
0
24
-431
1134
3879
567424
-179
-31
-8
-412
1029
3897
568449
62
-52
-49
-458
1434
3840
569474
-63
-62
-36
-440
1473
3944
570499
-259
-45
-8
-441
1305
4025
571524
-196
-68
-23
-412
1019
3985
572549
45
-75
-45
-439
1203
3995
573574
35
-65
-34
-457
1438
4014
574599
-161
-43
-10
-450
1347
4013
575624
-211
-29
-13
-439
1185
3986
576649
-107
-16
-33
-446
1199
3976
577674
-85
-5
-33
-493
1270
3972
578699
-113
-2
-25
-510
1276
3950
579724
-179
11
-20
-495
1437
3941
580749
-388
41
-21
-437
1527
3883
581774
-679
104
-44
-412
1599
3852
574592
-1137
188
-79
-426
1780
3810
575617
-1813
282
-118
-445
1789
3703
576642
-2527
377
-167
-542
1606
3688
577667
-3124
435
-262
-573
1258
3816
578692
-3555
479
-435
-506
841
3919
579717
-3836
549
-596
-482
255
4016
580742
-3729
621
-748
-538
-793
4011
581767
-3070
677
-834
-657
-1224
4032
582792
-2370
686
-835
-742
-1429
4033
583817
-2012
683
-791
-780
-1479
3995
584842
-1957
665
-711
-879
-1576
3961
585867
-1957
609
-665
-865
-1797
3919
586892
-2044
587
-598
-860
-1658
3937
587917
-2608
591
-515
-911
-1517
3771
588942
-3191
608
-460
-882
-2067
3500
589967
-3316
659
-430
-918
-2569
3307
582785
-3165
701
-449
-992
-2638
3230
583810
-3109
700
-480
-1039
-2564
3152
584835
-3265
670
-516
-1054
-2544
2821
585860
-3450
634
-508
-943
-2831
2394
586885
-3447
658
-470
-889
-3318
2140
587910
-3221
698
-445
-930
-3725
2060
588935
-3034
711
-456
-952
-3817
1823
589960
-2928
716
-465
-903
-3871
1562
590985
-2946
740
-391
-910
-3783
1364
592010
-2989
742
-325
-972
-4003
1124
593035
-2850
733
-296
-987
-4450
790
594060
-2457
713
-303
-972
-4702
610
595085
-2096
654
-294
-935
-4659
436
596110
-1843
561
-265
-930
-4627
243
597135
-1614
478
-197
-959
-4584
-29
598160
-1392
397
-141
-967
-4617
-372
590977
-1147
363
-90
-1014
-4593
-379
592002
-957
318
-67
-1031
-4506
-299
593027
-773
253
-48
-1004
-4471
-382
594052
-581
199
-16
-1001
-4370
-433
595077
-471
156
11
-1015
-4230
-422
596102
-485
123
13
-1014
-4198
-390
597127
-450
97
0
-957
-4285
-313
598152
-378
92
6
-932
-4246
-300
599177
-281
71
-7
-957
-4304
-395
600202
-178
73
-7
-975
-4202
-421
601227
-148
68
-30
-970
-4205
-386
602252
-145
64
-43
-959
-4209
-369
603277
-108
61
-56
-925
-4212
-424
604302
-67
62
-51
-912
-4158
-439
605327
-154
48
-36
-885
-4160
-415
606352
-257
38
-24
-910
-4261
-478
599168
-203
43
-11
-901
-4349
-522
600193
-69
49
0
-905
-4284
-529
601218
-2
46
10
-904
-4165
-510
602243
-23
31
7
-893
-4134
-511
603268
-84
21
2
-900
-4088
-498
604293
-137
10
-6
-899
-4164
-510
605318
-114
10
-13
-893
-4218
-523
606343
-38
12
-19
-893
-4188
-524
607368
-4
16
-19
-886
-4138
-494
608393
-39
16
-19
-894
-4134
-470
609418
-70
17
-15
-901
-4200
-500
610443
-50
23
-13
-897
-4238
-534
611468
5
27
-16
-886
-4221
-529
612493
34
30
-17
-878
-4169
-504
613518
-12
31
-14
-887
-4125
-483
614543
-89
29
-16
-878
-4142
-508
607369
-126
28
-20
-868
-4181
-553
608394
-90
31
-23
-860
-4200
-564
609419
-46
36
-21
-856
-4169
-554
610444
-60
35
-18
-851
-4162
-566
611469
-85
33
-15
-863
-4178
-594
612494
-102
30
-14
-876
-4207
-612
613519
-105
27
-15
-918
-4229
-625
614544
-118
26
-9
-978
-4309
-701
615569
-163
20
6
-980
-4476
-938
616594
-180
-14
60
-856
-4845
-1399
617619
116
-110
145
-844
-5401
-1713
618644
873
-296
233
-976
-5622
-1722
619669
1809
-560
335
-921
-5647
-1868
620694
2708
-815
418
-796
-5453
-1592
621719
3579
-1074
500
-900
-5117
-855
622744
4652
-1370
582
-1022
-5313
-384
615552
6171
-1571
627
-984
-5267
-65
616577
7816
-1649
748
-816
-4487
455
617602
8717
-1679
1032
-889
-3233
1033
618627
9074
-1858
1251
-898
-2727
1185
619652
10384
-1923
1344
-619
-3426
1040
620677
13240
-1723
1326
-238
-2712
901
621702
14378
-1486
1266
-35
1963
1383
622727
10218
-1052
1639
-813
6121
2891
623752
2839
-812
1783
-457
5038
2475
624777
-346
-547
1648
-131
1408
2395
625802
865
-359
1260
17
1230
3906
626827
1097
-262
923
-372
3196
3922
627852
150
-304
716
-353
2741
3424
628877
-304
-287
505
-196
2045
3642
629902
-280
-204
299
-201
1599
4003
630927
-39
-128
106
-116
1463
4064
623744
-18
-18
26
-218
1885
4065
624769
-400
35
-4
-247
1526
4077
625794
-365
42
-57
-172
900
4026
626819
-29
72
-64
-232
1329
4022
627844
-114
58
-38
-296
1489
3893
628869
-211
25
-35
-287
1129
3908
629894
-54
1
-47
-276
1249
3989
630919
-24
-26
-29
-263
1384
3965
631944
-115
-40
-14
-279
1265
3981
632969
-106
-47
-32
-280
1195
3980
633994
-40
-57
-46
-271
1237
3970
635019
-35
-59
-45
-257
1229
3983
636044
-52
-48
-33
-312
1282
3992
637069
-71
-44
-38
-302
1277
4007
638094
-92
-30
-46
-298
1264
4018
639119
-98
-20
-47
-293
1207
4027
631935
-89
-11
-48
-301
1194
4001
632960
-83
4
-45
-314
1259
4006
633985
-138
22
-39
-312
1315
4002
635010
-242
57
-39
-299
1414
3994
636035
-484
119
-46
-295
1584
3955
637060
-1022
220
-41
-283
1839
3933
638085
-2031
347
-32
-292
1943
3918
639110
-3340
493
-17
-322
1906
3895
640135
-4622
647
-37
-385
1407
3796
641160
-5305
759
-140
-398
580
3838
642185
-5338
843
-311
-422
-198
3926
643210
-4995
925
-521
-431
-886
3946
644235
-4654
1011
-667
-512
-1201
3793
645260
-4633
1095
-668
-568
-1295
3632
646285
-4930
1172
-583
-606
-1852
3387
647310
-5051
1238
-510
-712
-2626
3056
640128
-4766
1279
-491
-788
-3104
2759
641153
-4420
1294
-477
-870
-3236
2476
642178
-4187
1274
-455
-941
-3363
2310
643203
-3926
1200
-436
-902
-3566
2084
644228
-3472
1105
-368
-857
-3791
1690
645253
-3011
1037
-261
-926
-3879
1252
646278
-2596
997
-232
-992
-4082
959
647303
-2232
971
-218
-1016
-4173
823
648328
-2314
941
-193
-1043
-3861
788
649353
-2729
850
-199
-1036
-3974
517
650378
-2814
762
-151
-1036
-4360
78
651403
-2513
749
-44
-1079
-4447
-185
652428
-2281
753
1
-1115
-4350
-258
653453
-2163
709
13
-1136
-4333
-370
654478
-1891
629
-9
-1171
-4506
-543
655503
-1519
565
-45
-1151
-4530
-731
648320
-1209
486
-98
-1135
-4599
-966
649345
-934
373
-124
-1146
-4661
-1107
650370
-749
270
-123
-1099
-4598
-1066
651395
-601
189
-90
-1063
-4591
-1048
652420
-340
138
-37
-1097
-4588
-1088
653445
-6
114
-4
-1134
-4394
-1055
654470
142
88
16
-1092
-3999
-851
655495
-95
49
33
-1036
-3787
-747
656520
-323
21
34
-1021
-4024
-834
657545
-175
37
17
-1019
-4206
-875
658570
125
55
-3
-1025
-4060
-836
659595
166
41
-28
-1020
-3876
-774
660620
-21
18
-46
-1025
-3958
-798
661645
-173
2
-48
-1021
-4145
-819
662670
-135
-2
-57
-1029
-4304
-857
663695
50
6
-58
-1020
-4260
-854
656512
139
5
-45
-1005
-4079
-804
657537
11
-11
-24
-994
-4026
-763
658562
-109
-23
-16
-997
-4173
-811
659587
-42
-14
-14
-989
-4213
-816
660612
52
-1
-13
-974
-4092
-786
661637
-2
2
-8
-960
-3990
-768
662662
-107
-3
-8
-959
-4063
-776
663687
-119
-4
-12
-945
-4136
-801
664712
-50
2
-21
-952
-4130
-799
665737
13
10
-24
-991
-4080
-804
666762
-6
9
-28
-981
-4056
-815
667787
-50
17
-28
-982
-4146
-796
668812
-26
28
-20
-984
-4156
-810
669837
6
35
-10
-982
-4122
-808
670862
-13
34
-7
-1004
-4099
-825
671887
-36
27
-5
-985
-4093
-839
664704
-52
21
0
-973
-4081
-844
665729
-72
14
6
-971
-4062
-863
666754
-120
10
13
-975
-4066
-867
667779
-140
7
13
-971
-4137
-881
668804
-90
5
13
-965
-4111
-873
669829
-74
4
6
-954
-4077
-849
670854
-89
8
5
-954
-4094
-880
671879
-75
19
3
-958
-4102
-892
672904
-69
22
-1
-944
-4069
-852
673929
-84
22
-4
-946
-4093
-884
674954
-45
28
-6
-944
-4134
-912
675979
-3
36
-1
-952
-4079
-896
677004
-45
35
2
-970
-4092
-936
678029
-75
32
5
-964
-4229
-1069
679054
-7
11
12
-888
-4475
-1262
680079
173
-32
42
-849
-4743
-1485
672897
501
-103
65
-923
-5043
-1678
673922
1035
-204
80
-940
-5315
-2034
674947
1795
-349
111
-850
-5500
-2192
675972
2839
-540
123
-859
-5512
-1865
676997
4204
-807
110
-1039
-5507
-1430
678022
5558
-1056
108
-1110
-5099
-1109
679047
6683
-1302
102
-761
-4594
-414
680072
7581
-1346
232
-817
-3908
574
681097
8080
-1408
545
-953
-3178
1393
682122
8565
-1582
699
-736
-3079
1357
683147
10337
-1419
804
-586
-3625
1175
684172
12931
-1124
952
-573
-1969
949
685197
14598
-1101
1010
-468
1375
889
686222
12023
-933
1238
-694
5731
2491
687247
4605
-537
1522
-852
6355
3212
688272
-860
-337
1499
-515
2066
3060
681088
-448
-374
1152
-157
-68
3880
682113
900
-306
731
-378
2079
3863
683138
408
-210
533
-583
2838
3593
684163
-460
-158
385
-313
1653
3736
685188
-323
-80
263
-356
1164
4237
686213
-8
-50
108
-335
1330
4293
687238
-11
4
4
-348
1483
4092
688263
-229
75
-23
-434
1475
4050
689288
-452
97
-8
-443
1210
4120
690313
-391
56
-7
-450
910
4079
691338
-32
-22
-34
-418
968
4019
692363
128
-66
-12
-419
1320
3996
693388
-78
-84
43
-379
1310
4024
694413
-188
-94
60
-325
1033
4074
695438
-5
-89
36
-267
985
4135
696463
89
-58
21
-309
1266
4121
689280
-50
-34
18
-349
1258
4068
690305
-105
-15
2
-338
1120
4025
691330
-54
16
-28
-356
1220
3990
692355
-163
48
-43
-387
1397
3965
693380
-477
88
-47
-399
1512
3921
694405
-995
158
-48
-387
1654
3929
695430
-1807
246
-48
-386
1531
3951
696455
-2685
351
-106
-428
1245
3913
697480
-3417
480
-174
-509
1354
4119
698505
-4335
586
-201
-558
1189
4265
699530
-5164
668
-291
-546
364
4149
700555
-5280
749
-441
-577
-591
3947
701580
-4700
825
-584
-593
-1326
3763
702605
-4026
911
-647
-608
-1732
3678
703630
-3812
978
-632
-701
-1849
3623
704655
-4004
982
-559
-741
-2087
3507
697471
-4179
956
-466
-795
-2610
3202
698496
-3902
920
-409
-853
-3190
2909
699521
-3397
878
-381
-919
-3353
2587
700546
-3115
847
-355
-909
-3233
2467
701571
-3318
813
-285
-925
-3172
2360
702596
-3465
746
-246
-964
-3607
2071
703621
-3177
675
-197
-992
-3964
1672
704646
-2685
641
-197
-1010
-3960
1413
705671
-2497
598
-163
-972
-3729
1226
706696
-2660
567
-127
-976
-3719
1084
707721
-2643
524
-132
-1008
-4151
864
708746
-2193
498
-144
-1003
-4419
663
709771
-1698
489
-166
-996
-4273
609
710796
-1578
466
-168
-952
-4004
534
711821
-1683
448
-173
-964
-4021
444
712846
-1685
430
-157
-937
-4245
249
705922
-1591
434
-121
-942
-4346
80
706947
-1409
436
-114
-943
-4435
-46
707972
-1102
430
-109
-944
-4485
-215
708997
-883
413
-83
-945
-4334
-311
710022
-863
357
-78
-963
-4341
-394
711047
-797
301
-87
-1002
-4536
-506
712072
-543
255
-92
-990
-4663
-584
713097
-272
215
-88
-963
-4590
-612
714122
-164
169
-69
-954
-4432
-539
715147
-222
117
-45
-950
-4398
-522
716172
-231
77
-24
-951
-4467
-544
717197
-94
58
5
-956
-4395
-536
718222
43
49
28
-977
-4241
-491
719247
60
35
34
-966
-4092
-451
720272
18
21
29
-955
-4044
-406
721297
-13
16
18
-964
-4038
-417
713856
-19
16
-6
-953
-4091
-410
714881
-27
18
-21
-931
-4094
-373
715906
-69
12
-20
-919
-4147
-393
716931
-109
4
-23
-933
-4261
-441
717956
-59
5
-29
-940
-4308
-452
718981
21
12
-25
-924
-4272
-430
720006
37
13
-19
-915
-4227
-413
721031
-6
12
-10
-900
-4215
-441
722056
-44
9
-1
-897
-4257
-440
723081
-13
6
0
-891
-4283
-459
724106
38
5
4
-885
-4204
-449
725131
10
1
9
-875
-4110
-419
726156
-61
-7
5
-883
-4146
-423
727181
-68
-6
-6
-876
-4178
-431
728206
-13
5
-12
-894
-4191
-413
729231
-3
15
-8
-917
-4127
-414
722047
-77
14
-6
-916
-4142
-395
723072
-142
14
-4
-908
-4211
-443
724097
-97
21
-11
-897
-4279
-472
725122
5
39
-12
-912
-4226
-464
726147
20
48
-7
-880
-4168
-476
727172
-49
45
-1
-873
-4186
-500
728197
-58
30
8
-870
-4306
-598
729222
27
10
18
-871
-4344
-668
730247
133
-35
24
-868
-4363
-721
731272
253
-96
43
-873
-4444
-809
732297
419
-156
64
-857
-4525
-801
733322
601
-226
108
-858
-4582
-808
734347
774
-323
152
-893
-4682
-826
735372
982
-462
188
-939
-4863
-810
736397
1528
-663
173
-940
-5393
-1092
737422
2970
-938
149
-837
-6192
-1434
730240
4917
-1087
215
-861
-5754
-892
731265
6562
-1259
393
-868
-4790
368
732290
7716
-1602
816
-962
-4531
1292
733315
8440
-2190
1357
-1023
-4736
537
734340
8438
-2129
1512
-1137
-3395
432
735365
8222
-1933
1179
-849
-1834
1732
736390
8534
-1735
855
-443
-1084
2642
737415
8996
-1493
719
-265
207
2964
738440
8135
-1257
839
-326
2201
2710
739465
5707
-984
1046
-659
3212
3049
740490
3459
-925
897
-314
1631
3559
741515
2981
-739
595
-5
1093
3992
742540
2717
-557
563
-323
2606
3922
743565
1324
-504
596
-363
2827
3598
744590
232
-412
527
-136
1921
3709
745615
137
-314
401
-118
1472
4144
738432
335
-279
186
-69
1500
4167
739457
256
-184
54
-71
1967
4061
740482
-391
-63
56
-101
1811
4080
741507
-612
-20
31
-77
700
4155
742532
-8
-2
-76
-112
852
4237
743557
89
35
-108
-188
1606
4108
744582
-405
75
-27
-209
1266
4043
745607
-446
78
21
-217
725
4026
746632
-122
73
18
-264
1003
4101
747657
-141
52
12
-249
1212
4052
748682
-213
44
5
-196
1012
3972
749707
-193
71
-14
-214
1220
3989
750732
-365
93
-25
-211
1340
3963
751757
-564
134
-55
-168
1345
3939
752782
-962
235
-96
-185
1694
3942
753807
-1828
373
-95
-221
1809
4048
746623
-2902
508
-77
-287
1423
4138
747648
-3647
623
-108
-345
872
4238
748673
-4115
718
-177
-367
378
4340
749698
-4277
789
-287
-406
-470
4267
750723
-4013
849
-341
-450
-1031
4172
751748
-3785
924
-322
-597
-1292
4056
752773
-3832
966
-249
-714
-1430
3992
753798
-3931
935
-201
-817
-1857
3750
754823
-3711
896
-180
-855
-2164
3705
755848
-3562
839
-208
-902
-2175
3527
756873
-3327
766
-315
-849
-2701
3138
757898
-2938
739
-335
-860
-2711
2840
758923
-2916
745
-299
-911
-2409
2791
759948
-3244
707
-257
-908
-2710
2686
760973
-3363
665
-231
-896
-3292
2381
761998
-3026
654
-238
-886
-3722
2044
754816
-2550
664
-232
-910
-3737
1962
755841
-2609
669
-182
-966
-3199
1994
756866
-3177
601
-145
-946
-3234
1590
757891
-3170
581
-88
-947
-4198
1108
758916
-2345
664
-32
-1036
-4635
874
759941
-1588
739
-66
-1044
-4246
875
760966
-1482
740
-95
-1052
-3833
938
761991
-1856
676
-82
-1072
-3713
856
763016
-2123
611
-55
-1071
-3963
507
764041
-1941
601
-16
-1053
-4412
43
765066
-1538
658
29
-1044
-4432
-10
766091
-1462
674
49
-1066
-4134
61
767116
-1477
617
38
-1057
-4313
-178
768141
-1214
584
67
-1107
-4489
-452
769166
-933
562
86
-1122
-4352
-526
770191
-896
497
56
-1152
-4415
-601
763008
-772
418
-6
-1194
-4628
-639
764033
-400
326
-29
-1179
-4728
-733
765058
-107
259
-25
-1165
-4493
-708
766083
-132
200
-11
-1170
-4266
-631
767108
-226
154
1
-1163
-4314
-567
768133
-113
139
11
-1115
-4363
-575
769158
66
148
32
-1117
-4103
-563
770183
21
135
31
-1094
-3913
-541
771208
-102
116
22
-1091
-4009
-560
772233
-135
106
19
-1066
-4063
-577
773258
-105
90
7
-1112
-4141
-598
774283
-37
59
-11
-1148
-4123
-627
775308
-5
33
-38
-1147
-4084
-587
776333
-12
16
-59
-1133
-4106
-558
777358
-37
5
-70
-1116
-4119
-529
778383
-45
2
-76
-1104
-4162
-525
771200
-40
10
-72
-1099
-4178
-500
772225
-29
24
-60
-1087
-4194
-528
773250
-68
28
-38
-1056
-4118
-510
774275
-178
19
-22
-1064
-4174
-531
775300
-180
18
-21
-1074
-4276
-592
776325
-32
30
-25
-1061
-4271
-591
777350
92
45
-25
-1044
-4085
-524
778375
2
41
-15
-1029
-3954
-503
779400
-196
32
-15
-1033
-4047
-531
780425
-257
35
-21
-1038
-4194
-612
781450
-143
53
-29
-1047
-4241
-639
782475
-27
73
-32
-1041
-4140
-615
783500
-36
80
-28
-1032
-4075
-626
784525
-89
76
-23
-1037
-4140
-643
785550
-95
69
-17
-1043
-4169
-729
786575
-42
66
-11
-1019
-4234
-776
779392
35
78
-1
-1017
-4246
-746
780417
40
80
6
-1011
-4219
-741
781442
-2
59
13
-968
-4324
-831
782467
47
21
30
-957
-4518
-1015
783492
264
-39
44
-943
-4774
-1312
784517
755
-129
33
-885
-5162
-1633
785542
1744
-302
2
-836
-5867
-2139
786567
3698
-590
-59
-848
-6679
-2442
787592
5776
-783
92
-907
-5886
-1887
788617
6763
-1083
326
-1037
-4345
-403
789642
7020
-1544
472
-942
-4129
583
790667
7806
-1745
554
-807
-4155
1021
791692
8945
-1606
788
-988
-2966
1339
792717
9616
-1573
904
-876
-1739
1448
793742
10485
-1581
873
-772
-1830
1308
794767
12202
-1537
733
-402
-666
1167
787585
12215
-1356
778
-272
3095
2080
788610
8045
-1036
1072
-579
5813
3297
789635
2139
-696
1295
-442
4544
3308
790660
-204
-563
1317
-347
1089
3641
791685
613
-575
960
-32
854
4111
792710
883
-408
671
-385
2792
3946
793735
-40
-325
489
-366
2643
3753
794760
-421
-286
324
-187
1395
3909
795785
-79
-199
171
-194
1506
4309
796810
-165
-114
35
-158
1663
4293
797835
-365
-33
-41
-123
1250
4121
798860
-309
36
-55
-193
1105
4118
799885
-261
64
-43
-217
1099
4123
800910
-232
56
-5
-218
1094
4115
801935
-171
40
30
-211
1120
4099
802960
-125
14
39
-207
1118
4049
795777
-87
10
40
-186
1194
4027
796802
-101
17
42
-207
1241
4011
797827
-98
15
23
-173
1194
4064
798852
-85
19
4
-166
1171
4102
799877
-85
11
-6
-198
1126
4051
800902
-35
-14
-12
-178
1078
4008
801927
4
-17
-13
-176
1134
4039
802952
-49
-9
-13
-188
1089
4068
803977
-87
-2
-14
-195
1057
4029
805002
-97
-2
-8
-213
1009
4009
806027
-37
-9
-15
-187
947
3969
807052
12
-1
2
-235
1095
4058
808077
-88
-7
10
-231
1094
4096
809102
-97
-11
-1
-222
1038
4039
810127
-65
-3
-25
-215
1218
4047
811152
-227
37
-46
-207
1407
4023
803968
-618
118
-74
-215
1533
3962
804993
-1410
246
-85
-249
1926
4139
806018
-2831
391
-56
-291
2038
4351
807043
-4290
525
-66
-356
1321
4136
808068
-4798
617
-133
-458
579
4041
809093
-4782
694
-245
-516
140
4123
810118
-4752
772
-413
-515
-175
4048
811143
-4658
855
-537
-511
-616
3924
812168
-4501
927
-622
-509
-1236
3752
813193
-4212
991
-714
-481
-1774
3604
814218
-4047
1053
-745
-519
-1966
3475
815243
-4099
1066
-778
-539
-2391
3144
816268
-3918
1036
-740
-476
-3006
2767
817293
-3611
1036
-612
-485
-3153
2641
818318
-3702
994
-466
-585
-3087
2404
819343
-3909
888
-373
-589
-3659
1879
812159
-3585
832
-292
-601
-4240
1491
813184
-3071
783
-195
-688
-3976
1370
814209
-2823
660
-129
-661
-4094
1069
815234
-2307
554
-86
-693
-4722
728
816259
-1631
527
-1
-743
-4505
627
817284
-1574
519
32
-799
-3980
679
818309
-1845
448
31
-881
-4187
619
819334
-1717
373
58
-933
-4584
514
820359
-1390
329
120
-934
-4416
483
821384
-1378
274
127
-1003
-4301
413
822409
-1267
193
68
-1072
-4783
238
823434
-713
151
29
-1065
-5015
183
824459
-165
99
-16
-1030
-4786
325
825484
-78
42
-25
-990
-4283
533
826509
-344
-17
-7
-945
-4225
452
827534
-482
-13
48
-953
-4335
330
820352
-377
32
81
-977
-4377
282
821377
-156
61
72
-981
-4308
234
822402
-7
68
52
-969
-4024
290
823427
-124
53
46
-962
-3864
280
824452
-324
33
31
-985
-4050
191
825477
-314
28
-1
-1002
-4309
151
826502
-78
32
-41
-980
-4359
164
827527
119
35
-65
-958
-4177
222
828552
60
22
-73
-944
-4053
276
829577
-122
3
-77
-938
-4171
245
830602
-158
-3
-67
-926
-4352
216
831627
-36
1
-52
-918
-4401
211
832652
46
16
-41
-953
-4241
252
833677
-23
17
-41
-941
-4155
271
834702
-124
17
-33
-928
-4246
247
835727
-115
23
-27
-929
-4313
214
828544
-45
34
-21
-933
-4256
196
829569
-60
40
-10
-934
-4163
226
830594
-169
36
-2
-916
-4169
213
831619
-197
35
5
-910
-4289
169
832644
-90
39
3
-922
-4309
103
833669
0
48
0
-918
-4160
122
834694
-68
46
-5
-931
-4112
142
835719
-170
37
-6
-929
-4209
147
836744
-162
33
-9
-920
-4294
90
837769
-72
36
-10
-921
-4274
62
838794
-26
37
-12
-919
-4210
90
839819
-94
34
0
-897
-4143
121
840844
-195
27
9
-891
-4276
66
841869
-158
34
12
-921
-4385
2
842894
-38
42
15
-922
-4343
-14
843919
-57
45
28
-930
-4263
11
836735
-184
22
35
-878
-4421
-146
837760
-137
-8
71
-794
-4675
-491
838785
235
-51
169
-735
-4882
-668
839810
952
-107
286
-790
-5307
-574
840835
1912
-231
351
-927
-5621
-683
841860
3140
-390
369
-984
-5411
-824
842885
4360
-540
466
-1026
-4923
-472
843910
5068
-644
678
-1123
-4155
601
844935
5087
-849
880
-1268
-3961
1122
845960
5522
-1115
875
-1055
-4648
1097
846985
6975
-1103
960
-935
-4189
1225
848010
9418
-1180
1006
-965
-4197
931
849035
12627
-1141
1006
-846
-2687
1155
850060
14163
-1193
1037
-818
852
1988
851085
11385
-1186
1066
-1175
3718
2687
852110
5075
-813
1433
-997
4640
2589
845074
348
-539
1671
-756
2032
2775
846099
216
-551
1355
-233
399
3770
847124
1253
-500
1092
-357
2057
4018
848149
894
-503
1006
-600
2896
3868
849174
-114
-613
871
-445
2148
3862
850199
-169
-688
667
-200
1340
4110
851224
379
-623
454
-138
1631
4300
852249
182
-491
335
-224
2163
4226
853274
-321
-395
229
-153
1408
4193
854299
-140
-292
116
-140
961
4368
855324
89
-179
25
-190
1328
4391
856349
-143
-96
6
-254
1301
4228
857374
-262
-55
6
-250
988
4086
858399
-101
-1
9
-241
1001
4104
859424
-11
43
10
-260
1191
4095
860449
-103
69
17
-329
1321
4135
853120
-267
73
18
-344
1303
4124
854145
-312
77
19
-361
1281
4129
855170
-283
75
22
-391
1255
4195
856195
-208
80
15
-404
1224
4284
857220
-181
105
11
-421
1350
4338
858245
-303
140
40
-458
1342
4308
859270
-380
200
67
-438
1192
4334
860295
-492
279
89
-489
1220
4391
861320
-614
294
76
-531
788
4294
862345
-200
301
-18
-441
484
4185
863370
100
385
-43
-501
1055
4193
864395
-413
481
22
-507
1336
4143
865420
-1249
578
98
-482
1018
4179
866445
-1694
618
96
-426
551
4170
867470
-1702
651
48
-411
407
4167
868495
-2014
712
36
-482
655
4188
861313
-2835
760
30
-496
636
4060
862338
-3583
790
-14
-476
120
3758
863363
-3703
826
-130
-476
-257
3453
864388
-3255
905
-202
-489
-743
3585
865413
-2892
970
-283
-670
-1130
3853
866438
-2682
910
-434
-708
-1408
3942
867463
-2529
835
-503
-805
-1405
3935
868488
-2609
726
-525
-947
-1394
3511
869513
-2456
672
-493
-969
-1826
3292
870538
-2164
702
-431
-1129
-2015
3524
871563
-2315
672
-485
-1268
-1955
3598
872588
-2806
610
-573
-1278
-1936
3571
873613
-3386
545
-571
-1273
-2094
3121
874638
-3424
515
-536
-1242
-2911
2601
875663
-2968
573
-398
-1275
-3402
2564
876688
-2728
594
-377
-1302
-3562
2404
869505
-2443
565
-402
-1243
-3861
2194
870530
-2050
552
-301
-1232
-3659
2020
871555
-1894
519
-174
-1282
-3590
1690
872580
-1822
500
-30
-1408
-3982
1636
873605
-1795
453
-8
-1516
-3989
1712
874630
-1739
323
-83
-1386
-4141
1504
875655
-1431
256
-93
-1298
-4377
1368
876680
-1108
248
-52
-1391
-4190
1344
877705
-921
204
-52
-1406
-4188
1228
878730
-675
190
-40
-1408
-4228
1151
879755
-434
186
-20
-1378
-4042
1230
880780
-481
173
12
-1388
-3765
1234
881805
-692
138
10
-1413
-3831
1126
882830
-717
120
6
-1379
-4070
1089
883855
-647
131
2
-1295
-4073
1128
884880
-593
137
-19
-1266
-4128
995
877697
-447
145
-17
-1315
-4127
931
878722
-452
142
8
-1356
-3900
941
879747
-639
112
5
-1341
-4026
836
880772
-614
105
13
-1358
-4259
742
881797
-417
110
13
-1376
-4167
707
882822
-260
100
-3
-1420
-4099
663
883847
-137
78
-19
-1413
-4107
683
884872
-110
69
-32
-1413
-3985
702
885897
-171
50
-50
-1484
-4019
652
886922
-157
31
-65
-1546
-4105
591
887947
-82
-8
-82
-1440
-4157
575
888972
8
-32
-86
-1339
-4218
613
889997
54
-33
-64
-1345
-4106
678
891022
-5
-35
-52
-1415
-4055
658
892047
-56
-49
-48
-1359
-4112
694
893072
-110
-54
-33
-1285
-4080
716
885888
-167
-52
-18
-1263
-4163
674
886913
-123
-21
-6
-1335
-4180
649
887938
-53
-2
-2
-1366
-4095
674
888963
-95
-14
-1
-1338
-4038
746
889988
-166
-43
-6
-1281
-4195
651
891013
-64
-32
5
-1274
-4278
585
892038
70
-3
14
-1294
-4174
618
893063
92
4
19
-1307
-4131
662
894088
61
-6
36
-1312
-4139
688
895113
44
-20
50
-1259
-4327
550
896138
208
-18
66
-1237
-4651
358
897163
851
-13
60
-1358
-5005
244
898188
2109
-27
32
-1433
-5127
207
899213
3452
-84
75
-1294
-4914
269
900238
4255
-140
125
-1268
-4379
675
901263
4521
-221
203
-1428
-3680
1158
894080
5016
-497
279
-1601
-4210
1075
895105
7680
-805
168
-1523
-6709
463
896130
13489
-655
-46
-1153
-7028
-583
897155
18491
-460
-252
-533
200
-829
898180
16033
-519
601
-2018
8074
2824
899205
4340
-441
1324
-1969
8249
4133
900230
-3273
-283
1253
-1001
95
2445
901255
-704
-463
794
-409
-2858
3243
902280
2435
-353
390
-718
2550
4220
903305
1084
-269
358
-1379
4196
4364
904330
-1073
-470
208
-692
945
3878
905355
-337
-460
152
-762
-148
4026
906380
507
-388
68
-682
1140
4367
907405
78
-262
95
-680
1269
4442
908430
-266
-133
117
-769
599
4490
909455
-23
-39
81
-847
704
4449
902271
22
39
83
-882
1112
4342
903296
-163
89
81
-951
794
4116
904321
-96
113
52
-975
861
4016
905346
-149
108
32
-951
960
3932
906371
-102
63
5
-879
668
3861
907396
72
23
2
-928
994
3935
908421
-14
-30
6
-910
919
3949
909446
19
-70
20
-873
725
4010
910471
60
-79
33
-906
987
4056
911496
-100
-95
30
-899
844
4000
912521
-36
-111
16
-870
649
4044
913546
57
-101
16
-880
952
4139
914571
-92
-96
20
-834
802
4185
915596
-43
-86
9
-837
613
4176
916621
61
-59
10
-872
954
4160
917646
-167
-29
25
-833
993
4095
910464
-271
-22
22
-818
573
4134
911489
55
-48
-36
-790
567
4099
912514
175
-30
-38
-824
1227
4117
913539
-287
8
-14
-814
1330
4027
914564
-741
63
-35
-776
1372
3914
915589
-1417
172
-70
-801
1806
3905
916614
-2392
232
-136
-807
1241
3864
917639
-2709
214
-265
-767
349
4042
918664
-2516
181
-411
-758
190
4274
919689
-2665
163
-494
-804
250
4317
920714
-3126
170
-484
-810
-57
4252
921739
-3453
218
-448
-783
-753
4182
922764
-3444
296
-462
-773
-1383
4153
923789
-3367
402
-472
-857
-1646
4005
924814
-3384
511
-442
-992
-1709
3942
925839
-3640
573
-364
-1054
-1738
3826
918656
-4020
594
-315
-1082
-2124
3429
919681
-3931
595
-304
-1031
-2886
3064
920706
-3549
611
-288
-996
-3105
2957
921731
-3498
604
-294
-1028
-2907
2806
922756
-3695
565
-265
-1076
-3026
2551
923781
-3765
520
-238
-1106
-3396
2149
924806
-3467
502
-225
-1126
-3733
1826
925831
-3105
472
-222
-1088
-3849
1642
926856
-2960
436
-204
-1125
-3730
1575
927881
-3051
360
-178
-1178
-3741
1339
928906
-2940
286
-155
-1156
-4022
1009
929931
-2595
254
-102
-1166
-4110
821
930956
-2478
224
-87
-1156
-3990
640
931981
-2518
189
-111
-1167
-4050
449
933006
-2446
165
-119
-1172
-4100
269
934031
-2245
146
-146
-1134
-4111
75
926849
-2075
143
-153
-1109
-4043
-121
927874
-1928
154
-166
-1076
-4209
-352
928899
-1615
185
-193
-1023
-4435
-451
929924
-1210
218
-216
-933
-4537
-558
930949
-834
231
-232
-904
-4523
-607
931974
-654
196
-182
-924
-4260
-626
932999
-732
134
-140
-952
-4251
-762
934024
-731
84
-114
-972
-4405
-901
935049
-578
59
-82
-980
-4337
-934
936074
-439
50
-55
-986
-4181
-927
937099
-418
35
-29
-985
-4137
-937
938124
-452
8
-29
-964
-4139
-933
939149
-372
-16
-39
-964
-4166
-933
940174
-313
-33
-24
-950
-3999
-865
941199
-398
-47
-28
-941
-4028
-895
942224
-375
-37
-38
-930
-4178
-977
935040
-222
-10
-47
-917
-4104
-930
936065
-166
5
-59
-906
-4034
-920
937090
-153
14
-72
-911
-4091
-975
938115
-97
25
-72
-922
-4057
-952
939140
-179
19
-57
-913
-3949
-913
940165
-332
3
-50
-895
-4087
-1032
941190
-277
0
-54
-909
-4175
-1076
942215
-230
-6
-40
-881
-3991
-947
943240
-320
-11
-14
-931
-3937
-1044
944265
-367
-50
9
-845
-4192
-1226
945290
-373
-41
22
-918
-4223
-1259
946315
-308
-32
-10
-858
-4102
-1248
947340
-221
-37
-2
-835
-4038
-1275
948365
-115
-39
17
-885
-4083
-1339
949390
7
-37
-5
-917
-4076
-1338
950415
67
-41
-30
-891
-3870
-1227
943233
-3
-46
-38
-900
-3857
-1150
944258
-50
-58
-41
-866
-4014
-1211
945283
11
-56
-38
-895
-4118
-1305
946308
133
-32
-66
-953
-4144
-1315
947333
217
-30
-89
-869
-4031
-1253
948358
215
-51
-93
-854
-4081
-1234
949383
285
-85
-69
-773
-4274
-1408
950408
541
-103
-35
-784
-4476
-1629
951433
1091
-120
3
-842
-4616
-1772
952458
1799
-166
20
-824
-4689
-1608
953483
2527
-308
54
-878
-4806
-1343
954508
2948
-503
144
-897
-4565
-1117
955533
2957
-683
202
-889
-4403
-808
956558
3159
-833
260
-948
-4808
-798
957583
4189
-890
284
-903
-5168
-556
958608
5792
-904
364
-784
-4844
-41
951423
7110
-887
587
-878
-4110
772
952448
7178
-932
828
-1080
-3219
1354
953473
6300
-1011
933
-1142
-2517
1687
954498
5696
-1063
1087
-941
-2577
2184
955523
6232
-1147
1145
-785
-3379
2435
956548
7727
-1125
1081
-798
-2805
2550
957573
8860
-1141
982
-813
-1042
2677
958598
8811
-1244
829
-618
325
2410
959623
7173
-858
676
-522
2718
2845
960648
3928
-417
798
-471
3442
3971
961673
1570
-242
961
-385
1140
4513
962698
1291
-152
756
-560
1030
4500
963723
1134
-89
602
-652
2109
4374
964748
173
11
616
-650
2278
4365
965773
-434
18
538
-590
1054
4276
966798
90
10
330
-574
972
4260
959616
210
54
178
-643
1680
4159
960641
-305
93
92
-629
1349
4017
961666
-395
101
26
-659
718
4023
962691
-122
81
-65
-663
681
4053
963716
-71
63
-98
-717
857
4080
964741
-174
14
-74
-743
712
4057
965766
-73
-44
-44
-671
578
4007
966791
39
-38
-16
-631
788
4090
967816
-90
-6
2
-659
749
4240
968841
-87
-11
-8
-704
578
4232
969866
83
-35
-39
-703
693
4103
970891
58
-16
-35
-716
1003
4123
971916
-168
-12
-12
-733
763
4162
972941
-87
-27
-38
-721
593
4127
973966
13
-29
-57
-701
767
4102
974991
-58
-11
-42
-679
751
4120
967808
-176
20
-18
-695
753
4204
968833
-231
24
-19
-679
594
4164
969858
-133
23
-36
-686
646
4135
970883
-140
32
-47
-677
833
4121
971908
-352
70
-41
-649
996
4124
972933
-829
168
-39
-650
1325
4112
973958
-1687
289
-45
-664
1367
4070
974983
-2472
385
-105
-640
946
4092
976008
-3008
480
-195
-736
836
4176
977033
-3618
562
-265
-850
784
4218
978058
-4244
609
-305
-819
189
4206
979083
-4550
638
-387
-777
-785
4184
980108
-4486
680
-523
-734
-1251
4026
981133
-4296
774
-584
-781
-1632
3730
982158
-4145
906
-587
-898
-2067
3437
983183
-4030
1019
-603
-1003
-2463
3304
976000
-3966
1075
-592
-1065
-2646
3181
977025
-4120
1057
-600
-1032
-2997
2751
978050
-4113
1055
-579
-1016
-3476
2326
979075
-3844
1100
-503
-1123
-3678
2015
980100
-3568
1121
-467
-1232
-3752
1717
981125
-3359
1108
-436
-1274
-3800
1529
982150
-3363
1053
-380
-1224
-3732
1327
983175
-3475
964
-328
-1211
-3907
975
984200
-3226
903
-246
-1286
-4189
634
985225
-2790
863
-192
-1314
-4258
382
986250
-2384
825
-209
-1255
-4132
247
987275
-2143
749
-176
-1216
-4135
75
988300
-1968
659
-132
-1263
-4273
-132
989325
-1655
575
-123
-1310
-4375
-380
990350
-1169
512
-130
-1297
-4414
-505
991375
-722
447
-128
-1247
-4352
-512
984227
-513
367
-118
-1247
-4187
-457
985252
-512
277
-99
-1248
-4221
-559
986277
-466
213
-94
-1243
-4343
-661
987302
-252
169
-92
-1214
-4346
-661
988327
-122
127
-51
-1188
-4133
-547
989352
-241
63
-29
-1188
-4147
-537
990377
-246
20
-31
-1193
-4288
-586
991402
-14
14
-26
-1160
-4254
-569
992427
145
13
-14
-1138
-4162
-474
993452
126
2
-11
-1135
-4088
-402
994477
69
-6
-15
-1132
-4069
-403
995502
52
-2
-23
-1115
-4122
-408
996527
87
7
-32
-1102
-4149
-379
997552
126
11
-34
-1116
-4126
-346
998577
104
16
-31
-1116
-4076
-328
999602
-21
14
-26
-1108
-4095
-342
992385
-100
10
-31
-1120
-4185
-384
993410
-32
17
-32
-1124
-4252
-403
994435
52
25
-25
-1123
-4154
-384
995460
13
19
-15
-1122
-4094
-387
996485
-74
11
-13
-1130
-4121
-389
997510
-100
0
-20
-1125
-4172
-417
998535
-62
-4
-27
-1112
-4180
-411
999560
-16
1
-29
-1116
-4152
-387
1000585
-6
2
-28
-1112
-4109
-360
1001610
-40
4
-27
-1096
-4110
-367
1002635
-87
11
-26
-1092
-4125
-351
1003660
-150
15
-18
-1077
-4132
-372
1004685
-190
24
-16
-1081
-4179
-385
1005710
-186
34
-13
-1077
-4141
-417
1006735
-185
38
-10
-1091
-4128
-470
1007760
-193
42
-11
-1090
-4163
-516
1000576
-225
39
-1
-1084
-4138
-560
1001601
-323
20
19
-1106
-4189
-648
1002626
-425
-9
47
-1109
-4283
-802
1003651
-491
-57
87
-1072
-4352
-964
1004676
-405
-161
127
-1134
-4506
-1141
1005701
352
-301
122
-1082
-5045
-1428
1006726
1573
-322
163
-1105
-4966
-1321
1007751
2187
-443
243
-1153
-4415
-1043
1008776
2150
-612
289
-1227
-4266
-732
1009801
2156
-745
337
-1209
-4404
-611
1010826
2726
-844
386
-1125
-4729
-549
1011851
4037
-898
445
-1026
-5019
-199
1012876
5425
-914
595
-990
-4618
398
1013901
6014
-959
776
-1067
-3718
1114
1014926
6208
-1087
886
-1195
-3562
1381
1015951
6997
-1129
962
-1184
-3727
1291
1008768
8336
-916
1118
-1224
-2685
1943
1009793
9115
-857
1288
-1300
-1630
2678
1010818
9399
-1077
1142
-1283
-1475
2836
1011843
9790
-1201
914
-1112
-336
2735
1012868
8634
-1034
990
-1300
2668
3259
1013893
4470
-766
1192
-1195
3739
3752
1014918
873
-493
1142
-740
1536
3528
1015943
775
-254
978
-706
631
4000
1016968
1132
-34
783
-884
2173
4341
1017993
215
57
692
-1053
2312
4203
1019018
-360
-2
537
-943
1163
3958
1020043
-46
-23
411
-940
1184
3862
1021068
94
-25
337
-924
1348
3784
1022093
5
-20
302
-901
1277
3964
1023118
-115
-26
259
-900
1189
4039
1024143
-106
-60
209
-862
1094
4008
1016960
2
-86
134
-866
1127
3925
1017985
14
-85
80
-871
1216
3974
1019010
-46
-77
40
-873
959
4097
1020035
45
-63
10
-892
1046
4202
1021060
-29
-51
8
-943
1160
4064
1022085
-67
-57
-15
-899
929
3986
1023110
53
-30
-53
-900
1079
4007
1024135
-56
-12
-63
-895
1081
4049
1025160
-53
-29
-57
-898
725
4067
1026185
148
-37
-51
-934
902
4018
1027210
35
-17
-3
-926
1174
3983
1028235
-191
-25
24
-917
823
4003
1029260
-13
-43
7
-911
908
4016
1030285
-51
-44
14
-937
1182
3964
1031310
-226
-58
25
-878
829
4062
1032335
-65
-67
20
-866
827
4124
1025152
-19
-52
15
-860
1132
4078
1026177
-233
-20
12
-846
1063
4033
1027202
-329
11
0
-839
978
4066
1028227
-338
35
-28
-831
1005
4073
1029252
-405
73
-66
-822
1159
4043
1030277
-742
152
-92
-825
1508
3965
1031302
-1533
269
-116
-810
1698
3887
1032327
-2649
390
-146
-817
1516
3946
1033352
-3857
510
-201
-926
1125
3949
1034377
-4648
596
-330
-1026
579
3967
1035402
-4795
628
-481
-1056
137
4096
1036427
-4776
641
-648
-1053
-291
4109
1037452
-4751
667
-850
-1028
-827
3934
1038477
-4687
692
-999
-922
-1492
3625
1039502
-4621
766
-1066
-878
-2169
3311
1040527
-4372
876
-1049
-919
-2818
3060
1033344
-3983
982
-989
-972
-3128
2930
1034369
-3954
1035
-892
-1037
-3085
2662
1035394
-4167
1026
-835
-1024
-3555
2229
1036419
-4100
1028
-700
-1049
-3944
1880
1037444
-3988
1017
-548
-1088
-4000
1549
1038469
-3849
986
-406
-1116
-3977
1329
1039494
-3829
931
-239
-1163
-3937
1005
1040519
-3674
852
-168
-1163
-4272
512
1041544
-3222
805
-90
-1154
-4505
128
1042569
-2929
774
-32
-1212
-4195
15
1043594
-2952
678
-15
-1240
-4042
-93
1044619
-2991
559
15
-1259
-4084
-319
1045644
-2794
455
25
-1256
-4324
-710
1046669
-2274
393
28
-1256
-4386
-1091
1047694
-1653
351
22
-1263
-4289
-1195
1048719
-1198
287
20
-1283
-4167
-1158
1041535
-897
205
1
-1279
-4163
-1161
1042560
-691
131
0
-1281
-4099
-1202
1043585
-533
74
-20
-1292
-4062
-1266
1044610
-366
32
-24
-1265
-4001
-1308
1045635
-174
13
-37
-1235
-4074
-1231
1046660
43
11
-45
-1214
-4046
-1087
1047685
116
4
-55
-1195
-3922
-1035
1048710
95
-10
-64
-1188
-3954
-993
1049735
58
-12
-69
-1176
-3970
-964
1050760
26
-8
-74
-1144
-4044
-978
1051785
49
6
-69
-1145
-4045
-955
1052810
77
15
-63
-1154
-4049
-945
1053835
123
25
-70
-1158
-4066
-947
1054860
214
44
-75
-1140
-4035
-918
1055885
233
53
-73
-1122
-3929
-880
1056910
110
47
-69
-1130
-3922
-909
1049728
-21
40
-70
-1141
-3998
-945
1050753
-48
40
-70
-1125
-4092
-957
1051778
-10
46
-59
-1106
-4087
-941
1052803
-3
46
-47
-1102
-4035
-940
1053828
-43
43
-36
-1099
-4005
-959
1054853
-67
40
-34
-1115
-4060
-967
1055878
-44
40
-36
-1109
-4070
-973
1056903
-41
35
-35
-1091
-4019
-968
1057928
-138
23
-17
-1087
-3950
-931
1058953
-411
-5
6
-1080
-3891
-948
1059978
-672
-29
11
-1092
-4007
-1072
1061003
-648
-23
10
-1093
-4128
-1185
1062028
-425
-3
13
-1077
-4060
-1170
1063053
-356
0
29
-1090
-3917
-1139
1064078
-454
-6
27
-1098
-3938
-1259
1065103
-462
-5
19
-1108
-4023
-1341
1058016
-326
-4
20
-1109
-4055
-1388
1059041
-184
-13
31
-1113
-4031
-1445
1060066
-93
-34
42
-1094
-4082
-1627
1061091
12
-70
60
-1067
-4198
-1814
1062116
205
-155
71
-1070
-4341
-1948
1063141
761
-305
90
-1143
-4741
-2309
1064166
1921
-477
96
-1273
-5014
-2422
1065191
3441
-643
83
-1264
-4992
-2168
1066216
4761
-792
129
-1234
-4716
-1682
1067241
5534
-1009
228
-1163
-4364
-1096
1068266
5818
-1157
362
-1112
-3999
-282
1069291
5677
-1234
511
-1067
-3508
261
1070316
5606
-1285
566
-931
-3604
650
1071341
6114
-1189
586
-929
-3415
1388
1072366
6700
-1124
752
-992
-2868
1686
1073391
7273
-1149
786
-1019
-2779
2019
1066113
8479
-1082
827
-1002
-2688
2331
1067138
10080
-1053
820
-1007
-1774
2520
1068163
10965
-1127
817
-950
420
2997
1069188
9156
-1114
999
-1120
3136
4031
1070213
4777
-936
1139
-954
3859
4256
1071238
1232
-606
1123
-623
1668
3788
1072263
661
-316
891
-541
471
3999
1073288
950
-20
623
-649
1932
4248
1074313
201
176
565
-935
2515
4261
1075338
-660
146
440
-822
1109
4083
1076363
-266
97
270
-803
662
4002
1077388
208
52
171
-823
1391
3959
1078413
-33
19
149
-748
1471
3849
1079438
-371
-5
145
-728
1016
3914
1080463
-278
-56
89
-741
607
3954
1081488
1
-84
26
-742
954
4025
1074304
-178
-89
8
-800
975
4075
1075329
-219
-101
-16
-769
552
4120
1076354
-97
-51
-6
-887
923
4233
1077379
-233
-52
-19
-831
784
4169
1078404
-230
-11
-7
-851
803
4177
1079429
-222
-14
-30
-800
586
4216
1080454
2
-13
-74
-755
604
4125
1081479
2
16
-54
-834
1014
4119
1082504
-244
4
-46
-769
618
4052
1083529
-163
12
-30
-800
611
4103
1084554
-135
-11
-38
-815
605
4104
1085579
-86
-35
-38
-831
523
4146
1086604
-35
-47
-22
-850
625
4156
1087629
-39
-51
-5
-811
601
4150
1088654
-63
-30
12
-801
666
4164
1089679
-122
-17
13
-773
639
4185
1082496
-124
-1
9
-762
612
4187
1083521
-88
20
2
-785
692
4148
1084546
-165
51
-4
-790
799
4135
1085571
-331
72
-9
-797
734
4125
1086596
-387
68
-30
-791
586
4136
1087621
-302
64
-70
-750
701
4189
1088646
-428
105
-95
-752
1034
4183
1089671
-980
182
-105
-764
1166
4135
1090696
-1734
262
-126
-773
972
4119
1091721
-2315
320
-164
-795
669
4170
1092746
-2805
360
-189
-803
504
4426
1093771
-3387
388
-243
-785
18
4460
1094796
-3571
425
-271
-782
-757
4285
1095821
-3299
522
-243
-883
-1078
4153
1096846
-3167
637
-201
-1017
-1072
4084
1097871
-3426
727
-197
-1082
-1206
3921
1090689
-3701
805
-205
-1133
-1652
3631
1091714
-3832
867
-203
-1234
-1929
3397
1092739
-3955
880
-244
-1282
-2219
3090
1093764
-3759
885
-290
-1274
-2713
2908
1094789
-3373
884
-340
-1296
-2907
2808
1095814
-3308
842
-433
-1299
-2801
2547
1096839
-3465
809
-505
-1272
-3037
2190
1097864
-3370
809
-524
-1301
-3470
1898
1098889
-2926
843
-546
-1335
-3803
1711
1099914
-2508
862
-596
-1330
-3829
1658
1100939
-2427
841
-609
-1338
-3601
1598
1101964
-2628
773
-597
-1308
-3489
1420
1102989
-2728
697
-508
-1266
-3729
1153
1104014
-2558
646
-415
-1264
-4052
899
1105039
-2397
605
-343
-1218
-4179
580
1106064
-2326
584
-314
-1218
-4273
301
1098880
-2231
572
-279
-1210
-4241
132
1099905
-2165
560
-235
-1196
-4144
-57
1100930
-2044
541
-207
-1166
-4327
-321
1101955
-1754
533
-186
-1118
-4474
-544
1102980
-1394
517
-177
-1094
-4404
-594
1104005
-1197
469
-163
-1090
-4193
-609
1105030
-1144
401
-143
-1062
-4245
-768
1106055
-916
354
-137
-1061
-4419
-951
1107080
-538
329
-122
-1053
-4343
-1014
1108105
-340
292
-92
-1020
-4244
-1015
1109130
-289
235
-81
-1031
-4268
-989
1110155
-187
177
-61
-1046
-4264
-1009
1111180
-17
130
-45
-1071
-4246
-1006
1112205
102
89
-21
-1068
-4128
-940
1113230
77
50
-14
-1072
-4082
-858
1114255
48
22
-20
-1054
-4092
-827
1107072
75
6
-34
-1032
-4098
-782
1108097
134
3
-46
-1015
-4072
-727
1109122
136
8
-51
-1002
-4010
-671
1110147
42
16
-54
-992
-4039
-648
1111172
-52
28
-63
-983
-4122
-680
1112197
-35
40
-66
-962
-4177
-691
1113222
48
50
-61
-956
-4166
-707
1114247
58
56
-45
-939
-4116
-731
1115272
-41
48
-36
-947
-4128
-775
1116297
-109
29
-31
-964
-4181
-821
1117322
-64
9
-19
-968
-4202
-827
1118347
15
-8
-8
-968
-4143
-804
1119372
27
-21
-2
-976
-4084
-772
1120397
-8
-26
-6
-984
-4108
-757
1121422
5
-18
-14
-984
-4117
-745
1122447
20
-13
-13
-960
-4087
-702
1115264
-23
-13
-17
-948
-4089
-699
1116289
-34
-12
-22
-936
-4119
-714
1117314
-34
-7
-21
-938
-4092
-706
1118339
-53
-3
-24
-968
-4109
-720
1119364
-42
6
-30
-951
-4130
-696
1120389
-22
17
-31
-930
-4123
-679
1121414
-38
27
-26
-921
-4119
-713
1122439
-75
38
-23
-938
-4108
-720
1123464
-124
48
-20
-941
-4097
-724
1124489
-149
59
-24
-930
-4119
-724
1125514
-127
70
-27
-916
-4094
-732
1126539
-133
81
-24
-925
-4045
-752
1127564
-189
93
-26
-933
-4062
-789
1128589
-241
104
-30
-920
-4063
-811
1129614
-296
102
-21
-889
-4119
-921
1130639
-358
89
9
-851
-4179
-1047
1123456
-459
51
63
-849
-4152
-1177
1124481
-628
-24
149
-883
-4160
-1328
1125506
-864
-142
263
-933
-4212
-1590
1126531
-1081
-291
376
-989
-4302
-1848
1127556
-1145
-446
436
-1067
-4268
-1912
1128581
-933
-614
430
-1131
-4341
-1875
1129606
-349
-812
428
-1227
-4439
-2010
1130631
441
-1018
412
-1338
-4317
-2279
1131656
1479
-1227
357
-1347
-4828
-2593
1132681
2943
-1388
277
-1367
-5004
-2298
1133706
4952
-1607
255
-1234
-5142
-1952
1134731
7320
-1783
372
-1022
-5257
-1409
1135756
9107
-1815
704
-982
-4431
-851
1136781
9792
-1805
952
-988
-3003
148
1137806
9887
-1747
1133
-1066
-2493
879
1138831
10260
-1591
1163
-1056
-2472
1278
1131648
10898
-1444
1007
-1106
-1325
1665
1132673
10906
-1472
745
-1166
470
2236
1133698
9400
-1414
636
-1228
2524
3054
1134723
5887
-1231
726
-994
4111
3979
1135748
2313
-942
842
-602
3115
4186
1136773
1012
-608
818
-718
1338
4130
1137798
980
-376
548
-748
1749
4136
1138823
379
-185
404
-918
2241
3967
1139848
-416
-144
282
-885
1347
3899
1140873
-423
-157
160
-772
626
4081
1141898
-107
-152
104
-711
975
4247
1142923
-209
-153
89
-638
1054
4277
1143948
-332
-149
67
-591
684
4256
1144973
-262
-118
46
-653
673
4206
1145998
-200
-94
14
-701
664
4203
1147023
-191
-55
-22
-756
624
4267
1139840
-171
-31
-66
-809
502
4224
1140865
-78
-6
-77
-833
560
4195
1141890
-56
19
-57
-840
579
4192
1142915
-54
34
-41
-811
543
4290
1143940
-51
38
-30
-805
522
4216
1144965
-47
44
-5
-837
614
4051
1145990
-120
35
8
-821
589
4036
1147015
-66
5
-2
-797
390
4115
1148040
89
-6
-5
-824
615
4201
1149065
12
-10
19
-864
732
4162
1150090
-78
-15
25
-830
562
4089
1151115
-21
-5
6
-823
571
4113
1152140
32
3
-15
-795
642
4178
1153165
-21
8
-14
-802
656
4206
1154190
-42
0
-10
-806
473
4160
1155215
27
3
-15
-808
588
4115
1148033
-1
11
-19
-816
642
4125
1149058
-5
8
-36
-801
553
4187
1150083
30
22
-56
-805
742
4189
1151108
-43
25
-72
-789
710
4155
1152133
-82
44
-88
-805
692
4127
1153158
-133
60
-117
-799
809
4125
1154183
-273
93
-147
-774
960
4080
1155208
-637
175
-178
-783
1375
3918
1156233
-1826
339
-184
-857
1875
3706
1157258
-3860
541
-236
-967
1838
3643
1158283
-5344
699
-285
-1010
815
3895
1159308
-5645
732
-400
-1008
-333
4196
1160333
-5334
692
-635
-930
-1041
4212
1161358
-4995
679
-867
-803
-1558
3780
1162383
-4885
743
-912
-835
-1816
3407
1163408
-5002
816
-850
-822
-2401
3069
1156223
-5208
927
-735
-881
-2920
2752
1157248
-5210
1017
-654
-1014
-3521
2386
1158273
-4970
1048
-571
-1066
-3936
1954
1159298
-4696
1055
-507
-1050
-4147
1481
1160323
-4296
1083
-388
-1094
-4128
1300
1161348
-4104
1074
-197
-1173
-3899
1087
1162373
-4009
986
-115
-1179
-4222
554
1163398
-3686
908
-22
-1185
-4466
193
1164423
-3308
828
19
-1236
-4294
-16
1165448
-2958
712
36
-1233
-4206
-152
1166473
-2703
615
60
-1273
-4063
-329
1167498
-2488
538
59
-1295
-4137
-681
1168523
-2141
487
45
-1270
-4321
-1039
1169548
-1619
454
14
-1254
-4343
-1129
1170573
-1069
410
-14
-1267
-4309
-1061
1171598
-612
357
-21
-1274
-4190
-985
1164416
-371
297
-12
-1285
-4027
-965
1165441
-370
249
-3
-1265
-4048
-1111
1166466
-353
229
-9
-1241
-4130
-1165
1167491
-249
217
-12
-1190
-4024
-1097
1168516
-189
182
-3
-1181
-3967
-1066
1169541
-153
150
-3
-1191
-3974
-1116
1170566
-101
143
-1
-1190
-3970
-1072
1171591
-151
142
-11
-1195
-3926
-1036
1172616
-244
135
-24
-1187
-3931
-1100
1173641
-216
136
-34
-1178
-3984
-1186
1174666
-115
131
-41
-1183
-3939
-1174
1175691
-141
106
-46
-1188
-3864
-1157
1176716
-256
78
-58
-1195
-3916
-1255
1177741
-242
69
-69
-1176
-4024
-1294
1178766
-149
64
-68
-1164
-3984
-1204
1179791
-188
38
-53
-1147
-3951
-1207
1172608
-273
21
-45
-1128
-4016
-1298
1173633
-177
31
-45
-1096
-4083
-1354
1174658
37
46
-43
-1094
-4023
-1280
1175683
129
37
-33
-1118
-3894
-1168
1176708
-22
11
-28
-1104
-3839
-1152
1177733
-214
-1
-35
-1105
-3954
-1235
1178758
-194
15
-39
-1095
-4034
-1291
1179783
-30
32
-41
-1104
-3961
-1252
1180808
5
32
-34
-1113
-3822
-1198
1181833
-186
21
-37
-1113
-3793
-1252
1182858
-334
16
-49
-1089
-3947
-1311
1183883
-281
18
-54
-1070
-4020
-1341
1184908
-132
22
-44
-1057
-3991
-1353
1185933
-101
19
-29
-1051
-3913
-1338
1186958
-235
-2
-15
-1059
-3898
-1344
1187983
-381
-27
3
-1054
-3987
-1406
1180800
-373
-31
24
-1050
-4028
-1475
1181825
-271
-26
48
-1058
-3919
-1440
1182850
-320
-36
72
-1064
-3821
-1419
1183875
-464
-55
87
-1078
-3880
-1472
1184900
-441
-58
100
-1094
-3982
-1563
1185925
-234
-45
80
-1095
-3935
-1564
1186950
-54
-32
70
-1109
-3827
-1555
1187975
61
-10
55
-1124
-3827
-1572
1189000
135
9
39
-1144
-3746
-1511
1190025
60
-2
27
-1133
-3699
-1482
1191050
-17
-18
7
-1144
-3826
-1586
1192075
72
-14
-6
-1140
-3882
-1664
1193100
243
-12
-15
-1098
-4024
-1743
1194125
645
-21
-31
-1079
-4328
-1994
1195150
1562
-54
-41
-1086
-4764
-2419
1196175
3004
-165
-40
-1110
-5056
-2456
1188992
4364
-339
-15
-1233
-4877
-1986
1190017
5448
-592
-2
-1242
-4856
-1614
1191042
6775
-786
35
-1088
-4964
-1181
1192067
8587
-903
106
-920
-4980
-776
1193092
10484
-973
212
-841
-4542
-503
1194117
11388
-934
453
-860
-2497
188
1195142
10581
-855
845
-978
-418
1750
1196167
9024
-991
1150
-1173
-953
3197
1197192
8412
-1275
1072
-840
-1898
3396
1198217
8534
-1131
1113
-620
22
3798
1199242
6992
-962
1523
-1005
2241
4669
1200267
3817
-778
1600
-758
2446
4223
1201292
1649
-464
1460
-446
842
3427
1202317
1223
-132
1069
-383
896
3844
1203342
841
117
864
-605
2456
4092
1204367
-29
172
840
-796
2143
3920
1197184
-472
73
675
-567
1027
3873
1198209
-156
45
488
-575
1220
4079
1199234
32
25
324
-512
1480
4040
1200259
-134
50
242
-517
1529
4021
1201284
-409
65
169
-555
1147
4103
1202309
-323
28
55
-584
666
4056
1203334
-107
9
-28
-706
877
3980
1204359
-115
-39
-84
-730
689
3945
1205384
-87
-38
-57
-749
853
4071
1206409
-315
-52
-20
-755
849
4174
1207434
-352
-75
-38
-677
449
4147
1208459
-186
-59
-48
-741
727
4211
1209484
-176
-87
-79
-657
489
4199
1210509
-31
-66
-66
-622
518
4346
1211534
-53
-32
-42
-650
608
4271
1212559
-122
3
-14
-681
461
4204
1205375
-103
36
-1
-707
488
4187
1206400
-93
40
9
-700
441
4247
1207425
-45
41
23
-684
457
4200
1208450
-69
59
52
-702
699
4125
1209475
-276
69
75
-725
612
4097
1210500
-241
53
61
-689
279
4142
1211525
-18
48
50
-708
565
4212
1212550
-88
27
56
-718
692
4221
1213575
-149
5
54
-680
437
4179
1214600
-16
7
42
-707
488
4188
1215625
47
13
12
-687
589
4196
1216650
-22
34
1
-703
664
4196
1217675
-115
44
-3
-693
586
4167
1218700
-114
46
-20
-691
560
4125
1219725
-80
60
-59
-690
700
4110
1220750
-222
93
-97
-709
895
4105
1213568
-576
148
-145
-665
1019
4057
1214593
-1301
265
-172
-664
1540
4128
1215618
-2750
378
-161
-690
1585
4108
1216643
-4100
491
-223
-686
819
3998
1217668
-4567
570
-292
-781
-25
3996
1218693
-4531
629
-439
-862
-671
4096
1219718
-4387
681
-613
-791
-1088
4225
1220743
-4505
761
-685
-831
-1343
4009
1221768
-4634
839
-668
-879
-2027
3625
1222793
-4599
922
-629
-943
-2510
3329
1223818
-4562
986
-612
-974
-2711
3001
1224843
-4501
1021
-592
-945
-3211
2535
1225868
-4160
1073
-559
-941
-3703
2224
1226893
-3747
1114
-505
-1050
-3608
2066
1227918
-3507
1079
-485
-1087
-3595
1870
1228943
-3330
1029
-455
-1041
-3791
1535
1221760
-3154
1001
-384
-1019
-4069
1170
1222785
-3031
972
-304
-1105
-4070
906
1223810
-2941
906
-203
-1198
-4111
664
1224835
-2854
818
-113
-1227
-4248
386
1225860
-2805
731
-33
-1243
-4245
53
1226885
-2693
644
8
-1265
-4290
-199
1227910
-2435
556
42
-1247
-4352
-378
1228935
-2042
480
44
-1220
-4388
-549
1229960
-1611
414
49
-1228
-4315
-618
1230985
-1211
342
25
-1244
-4232
-684
1232010
-819
278
5
-1230
-4246
-775
1233035
-473
237
-20
-1216
-4239
-808
1234060
-221
202
-41
-1202
-4164
-796
1235085
-89
158
-46
-1198
-4102
-770
1236110
-63
107
-51
-1189
-4146
-722
1237135
-24
67
-57
-1186
-4210
-732
1229952
136
45
-53
-1165
-4240
-735
1230977
325
26
-50
-1153
-4203
-638
1232002
375
1
-40
-1149
-4101
-483
1233027
273
-20
-33
-1148
-4087
-423
1234052
166
-17
-29
-1157
-4107
-449
1235077
115
4
-29
-1162
-4069
-475
1236102
69
19
-33
-1129
-4094
-471
1237127
21
21
-33
-1125
-4115
-451
1238152
-54
10
-24
-1127
-4103
-456
1239177
-130
4
-16
-1146
-4144
-508
1240202
-137
1
-11
-1131
-4174
-535
1241227
-62
0
-11
-1118
-4216
-524
1242252
47
-2
-13
-1110
-4194
-505
1243277
86
-7
0
-1126
-4127
-508
1244302
79
-14
13
-1108
-4200
-521
1245327
142
-15
29
-1102
-4278
-429
1238144
200
-17
49
-1102
-4189
-357
1239169
137
-22
71
-1136
-4069
-345
1240194
-8
-22
69
-1144
-4024
-389
1241219
-82
-14
46
-1164
-4064
-394
1242244
-47
2
16
-1172
-4056
-392
1243269
3
19
-10
-1164
-4040
-398
1244294
6
31
-31
-1151
-4042
-409
1245319
-44
38
-49
-1145
-4073
-430
1246344
-112
35
-54
-1111
-4144
-465
1247369
-120
37
-46
-1091
-4235
-514
1248394
10
47
-25
-1098
-4317
-527
1249419
163
56
-3
-1108
-4241
-439
1250444
122
46
21
-1112
-4093
-392
1251469
-54
25
31
-1120
-4126
-468
1252494
-119
21
33
-1115
-4213
-546
1253519
-36
34
47
-1129
-4176
-554
1246335
-4
23
60
-1172
-4169
-521
1247360
-82
-6
65
-1145
-4166
-581
1248385
-115
-31
79
-1126
-4275
-766
1249410
-30
-65
112
-1067
-4460
-1014
1250435
544
-183
121
-1069
-5254
-1490
1251460
2713
-348
26
-1066
-6569
-1678
1252485
6210
-543
126
-1186
-6710
-1623
1253510
8800
-843
515
-1170
-5110
-1249
1254535
9440
-988
818
-997
-3767
-312
1255560
9128
-886
1034
-963
-3030
599
1256585
9029
-730
1200
-1010
-2333
1518
1257610
8806
-654
1285
-1033
-1427
2518
1258635
8061
-717
1298
-1012
-470
3347
1259660
6727
-817
1401
-1226
69
3816
1260685
5582
-901
1449
-1337
217
3755
1261710
4796
-898
1479
-1326
572
3940
1254528
4057
-858
1323
-1033
826
3995
1255553
3038
-629
1140
-881
1411
3560
1256578
1753
-322
986
-953
1940
3448
1257603
629
-89
901
-996
1758
3899
1258628
123
-16
840
-898
1478
4145
1259653
170
-23
698
-829
1315
4084
1260678
151
-24
522
-838
1570
3891
1261703
-164
6
423
-832
1659
3881
1262728
-318
-17
327
-746
871
4118
1263753
196
-52
211
-756
750
4240
1264778
252
-32
187
-933
1677
3994
1265803
-389
-71
163
-931
918
3674
1266828
-74
-99
105
-877
242
3843
1267853
322
-67
104
-967
1334
4148
1268878
-274
-75
150
-972
1302
3999
1269903
-493
-106
152
-887
533
3939
1262720
-115
-104
110
-883
822
4082
1263745
27
-122
55
-782
970
4225
1264770
-40
-102
56
-772
1021
4270
1265795
-246
-65
64
-780
1016
4118
1266820
-403
-28
54
-801
754
4013
1267845
-281
-16
20
-822
582
4103
1268870
-104
-17
-15
-836
778
4228
1269895
-122
-47
-22
-826
749
4186
1270920
-117
-41
-23
-793
726
4078
1271945
-162
-17
-17
-804
718
4111
1272970
-165
-3
-7
-799
541
4204
1273995
-99
4
8
-847
634
4228
1275020
-135
-5
17
-859
664
4109
1276045
-162
-8
30
-858
622
4067
1277070
-93
-13
28
-828
555
4106
1278095
-14
-5
18
-817
681
4217
1270912
-78
-1
23
-836
719
4183
1271937
-132
-10
23
-816
628
4119
1272962
-118
-14
18
-801
612
4149
1273987
-53
-21
16
-819
572
4138
1275012
0
-24
6
-841
718
4101
1276037
-98
-25
-2
-846
750
4111
1277062
-130
-39
-9
-810
542
4159
1278087
-16
-45
-29
-796
546
4157
1279112
22
-35
-46
-780
648
4173
1280137
-78
-13
-39
-783
665
4182
1281162
-145
-1
-26
-784
518
4158
1282187
-73
4
-33
-802
530
4111
1283212
-36
11
-58
-791
732
4084
1284237
-202
47
-86
-757
899
4060
1285262
-527
136
-133
-728
1149
3993
1286287
-1198
283
-180
-800
1572
3917
1279104
-2280
400
-237
-871
1579
3896
1280129
-3232
472
-322
-885
1061
4028
1281154
-3822
510
-479
-878
473
4171
1282179
-4051
510
-653
-768
-239
4245
1283204
-4078
557
-739
-731
-759
4156
1284229
-4171
672
-695
-859
-1209
4075
1285254
-4346
785
-686
-979
-1775
3835
1286279
-4418
875
-693
-1031
-2116
3501
1287304
-4432
946
-688
-1065
-2429
3148
1288329
-4359
1006
-670
-1095
-2784
2900
1289354
-4207
1015
-648
-1118
-3052
2632
1290379
-3934
977
-637
-1093
-3397
2366
1291404
-3604
923
-629
-1075
-3555
2111
1292429
-3352
872
-618
-1078
-3532
1851
1293454
-3130
840
-575
-1117
-3781
1586
1294479
-2801
815
-539
-1179
-4013
1312
1287297
-2506
791
-490
-1196
-3986
1116
1288322
-2645
759
-406
-1188
-3860
899
1289347
-2976
712
-354
-1176
-4077
584
1290372
-3044
674
-283
-1126
-4411
204
1291397
-2821
656
-214
-1091
-4459
-17
1292422
-2542
610
-164
-1069
-4425
-163
1293447
-2308
529
-112
-1074
-4353
-341
1294472
-2031
448
-75
-1094
-4397
-575
1295497
-1620
381
-51
-1105
-4451
-738
1296522
-1261
320
-29
-1104
-4338
-822
1297547
-1050
242
-25
-1100
-4300
-855
1298572
-828
170
-18
-1088
-4320
-882
1299597
-598
113
-5
-1090
-4248
-917
1300622
-362
72
-12
-1105
-4266
-945
1301647
-39
55
-11
-1091
-4278
-867
1302672
169
44
-7
-1083
-4117
-771
1295487
176
21
-8
-1077
-4029
-706
1296512
52
4
-4
-1070
-4010
-693
1297537
-23
-3
-19
-1074
-4098
-679
1298562
17
1
-32
-1063
-4109
-666
1299587
84
5
-48
-1057
-4071
-652
1300612
71
3
-47
-1047
-4014
-628
1301637
-90
-8
-47
-1029
-4030
-624
1302662
-269
-16
-48
-1033
-4139
-690
1303687
-241
-8
-47
-1043
-4250
-765
1304712
-31
11
-39
-1055
-4222
-781
1305737
133
23
-27
-1030
-4084
-746
1306762
99
20
-13
-1014
-4046
-652
1307787
-92
11
-5
-1009
-4062
-644
1308812
-210
3
0
-1028
-4162
-710
1309837
-135
7
7
-1013
-4204
-744
1310862
-29
22
11
-1007
-4120
-710
1303680
-46
28
10
-1021
-4049
-712
1304705
-116
32
3
-1033
-4074
-739
1305730
-120
45
-4
-1020
-4097
-762
1306755
-92
52
-8
-1008
-4080
-743
1307780
-103
53
-15
-1019
-4066
-761
1308805
-125
55
-22
-1022
-4083
-806
1309830
-129
58
-27
-1020
-4106
-843
1310855
-91
56
-29
-1007
-4167
-872
1311880
-12
53
-20
-998
-4193
-904
1312905
24
44
-1
-987
-4194
-982
1313930
24
20
22
-954
-4277
-1135
1314955
106
-25
49
-929
-4473
-1359
1315980
464
-103
64
-971
-4723
-1498
1317005
1236
-222
89
-1049
-4849
-1532
1318030
2066
-353
147
-1094
-4640
-1378
1319055
2552
-538
177
-1057
-4581
-1113
1311872
3137
-751
154
-1073
-4828
-873
1312897
4004
-918
170
-1079
-4750
-517
1313922
4706
-1112
216
-1020
-4474
-184
1314947
5670
-1330
200
-865
-4875
-274
1315972
7822
-1490
277
-705
-5305
-587
1316997
10620
-1367
749
-439
-4135
-61
1318022
12841
-941
1249
-731
-2523
1443
1319047
14078
-847
1380
-908
-1583
2309
1320072
13317
-834
1460
-625
2002
3372
1321097
7876
-542
2004
-1431
5945
4810
1322122
700
-388
1965
-1012
3026
3470
1323147
-974
-296
1523
-323
-1260
2364
1324172
1033
83
963
-266
955
3670
1325197
1020
303
755
-901
3550
4485
1326222
-283
123
615
-838
1786
4306
1327247
-298
16
399
-809
686
4065
1320065
96
17
208
-862
1411
3838
1321090
-202
25
152
-818
1494
3734
1322115
-463
0
115
-844
776
3889
1323140
-239
-65
25
-867
475
4145
1324165
10
-135
-54
-823
618
4193
1325190
-43
-137
-38
-822
774
4114
1326215
-251
-102
17
-845
583
4116
1327240
-257
-66
27
-842
302
4223
1328265
-15
-48
-9
-861
316
4286
1329290
107
-14
-15
-874
722
4294
1330315
-125
7
14
-849
670
4206
1331340
-217
20
29
-821
354
4125
1332365
-46
21
15
-801
351
4174
1333390
53
29
27
-830
601
4150
1334415
-71
30
48
-837
648
4109
1335440
-174
41
62
-843
553
4127
1328257
-174
35
57
-887
476
4152
1329282
-30
8
20
-877
419
4166
1330307
33
-3
3
-869
659
4163
1331332
-114
-10
12
-860
586
4094
1332357
-157
-8
11
-846
407
4132
1333382
-61
-14
1
-861
374
4195
1334407
10
-27
-1
-849
457
4209
1335432
-14
-29
7
-854
466
4185
1336457
-26
-26
7
-829
390
4195
1337482
18
-8
12
-841
453
4234
1338507
-3
9
15
-839
522
4229
1339532
-55
24
16
-863
490
4185
1340557
-71
31
7
-857
503
4126
1341582
-58
24
-10
-840
464
4107
1342607
1
18
-28
-845
439
4135
1343632
37
9
-37
-873
490
4156
1336447
-3
-1
-35
-889
537
4123
1337472
-79
-3
-34
-871
549
4099
1338497
-116
-2
-39
-839
534
4149
1339522
-135
13
-62
-820
633
4171
1340547
-253
50
-93
-825
761
4137
1341572
-552
118
-117
-850
893
4044
1342597
-1116
214
-139
-852
1061
3984
1343622
-1857
305
-183
-853
1157
4042
1344647
-2524
361
-234
-889
929
4130
1345672
-3177
393
-322
-980
683
4172
1346697
-3824
391
-443
-972
193
4141
1347722
-4102
384
-566
-876
-607
4015
1348747
-4001
434
-656
-823
-1222
3882
1349772
-3861
528
-740
-832
-1690
3693
1350797
-3790
627
-790
-858
-2085
3544
1351822
-3677
704
-802
-947
-2476
3391
1344641
-3506
734
-796
-990
-2827
3176
1345666
-3449
761
-776
-988
-2976
2940
1346691
-3555
800
-731
-1026
-3073
2740
1347716
-3688
808
-652
-1064
-3386
2428
1348741
-3568
809
-592
-1060
-3788
2141
1349766
-3204
813
-519
-1064
-3951
1983
1350791
-2862
796
-455
-1066
-3922
1828
1351816
-2660
763
-409
-1082
-3869
1555
1352841
-2531
731
-354
-1111
-3899
1333
1353866
-2526
689
-297
-1097
-3930
1130
1354891
-2616
646
-266
-1047
-4069
841
1355916
-2580
602
-218
-1073
-4252
631
1356941
-2400
552
-163
-1104
-4281
448
1357966
-2204
501
-119
-1095
-4282
273
1358991
-2179
443
-62
-1076
-4205
80
1360016
-2230
380
-32
-1064
-4307
-251
1352832
-2007
331
-14
-1062
-4503
-420
1353857
-1607
290
1
-1072
-4445
-517
1354882
-1236
239
10
-1076
-4344
-554
1355907
-959
181
23
-1106
-4260
-625
1356932
-734
124
15
-1117
-4195
-675
1357957
-597
81
3
-1095
-4157
-659
1358982
-561
48
-1
-1072
-4159
-664
1360007
-513
35
-12
-1065
-4182
-702
1361032
-357
39
-20
-1059
-4179
-721
1362057
-199
47
-31
-1050
-4152
-707
1363082
-83
53
-40
-1050
-4151
-702
1364107
-16
58
-43
-1033
-4100
-684
1365132
-80
52
-34
-1028
-4073
-721
1366157
-164
41
-34
-1037
-4141
-720
1367182
-143
37
-21
-1037
-4186
-756
1368207
-54
39
-12
-1031
-4171
-750
1361023
-9
38
-4
-1054
-4112
-716
1362048
-14
37
-11
-1026
-4082
-741
1363073
-38
37
-9
-1015
-4063
-772
1364098
-113
32
-12
-1021
-4053
-745
1365123
-184
18
-15
-1034
-4098
-772
1366148
-163
10
-18
-1031
-4140
-795
1367173
-100
11
-18
-1030
-4123
-800
1368198
-78
13
-16
-1018
-4078
-783
1369223
-120
11
-12
-1027
-4073
-751
1370248
-168
10
-14
-1008
-4073
-771
1371273
-151
21
-20
-1002
-4107
-805
1372298
-51
43
-27
-994
-4109
-827
1373323
8
59
-28
-994
-4064
-790
1374348
-85
57
-24
-1000
-4001
-750
1375373
-245
49
-24
-991
-4066
-849
1376398
-291
55
-18
-976
-4143
-919
1369217
-251
63
-8
-970
-4113
-925
1370242
-220
61
2
-983
-4077
-936
1371267
-210
53
5
-984
-4114
-1009
1372292
-200
46
4
-983
-4069
-1043
1373317
-205
31
16
-966
-4087
-1053
1374342
-173
13
32
-986
-4180
-1076
1375367
-125
-5
44
-989
-4141
-1119
1376392
-98
-23
61
-981
-4167
-1175
1377417
-43
-48
83
-988
-4199
-1209
1378442
31
-81
111
-967
-4206
-1275
1379467
89
-130
151
-935
-4346
-1469
1380492
321
-219
186
-968
-4707
-1724
1381517
1064
-361
237
-1118
-5010
-1999
1382542
2394
-513
294
-1212
-5109
-1913
1383567
3917
-677
357
-1141
-5048
-1577
1384592
5399
-820
428
-988
-5135
-1289
1377409
6676
-920
485
-877
-5038
-673
1378434
7832
-982
513
-925
-4148
255
1379459
8674
-1050
690
-985
-3109
638
1380484
8945
-1062
971
-1039
-2395
1070
1381509
8675
-1038
1178
-1215
-1810
1566
1382534
8565
-995
1183
-1362
-1345
2215
1383559
8421
-1049
1182
-1309
-482
3311
1384584
7796
-1229
1140
-1156
-509
4046
1385609
6795
-1277
1163
-1072
241
4323
1386634
5250
-1138
1313
-897
1965
4047
1387659
2711
-758
1386
-682
2159
3574
1388684
651
-404
1169
-521
1195
3464
1389709
397
-104
1001
-552
1049
4230
1390734
473
28
917
-746
1867
4489
1391759
-141
-17
737
-729
1756
4057
1392784
-481
-45
528
-646
1159
3812
1385599
-125
-38
373
-540
1107
4084
1386624
-6
3
281
-547
1484
4322
1387649
-322
21
172
-590
1121
4159
1388674
-387
55
56
-706
840
3985
1389699
-362
76
-28
-783
939
4011
1390724
-411
36
-60
-861
439
4186
1391749
-24
-29
-119
-828
276
4213
1392774
83
-23
-93
-888
1030
4083
1393799
-386
-32
-34
-794
726
3955
1394824
-426
-14
7
-792
261
4157
1395849
-85
-43
-37
-746
324
4291
1396874
79
-57
-51
-739
660
4234
1397899
-103
-47
-19
-772
697
4100
1398924
-210
-32
-3
-766
416
4163
1399949
-38
-33
-33
-748
340
4291
1400974
82
-35
-51
-748
586
4287
1393792
-36
-25
-29
-762
577
4149
1394817
-138
-2
-6
-787
478
4100
1395842
-108
-4
-6
-752
388
4167
1396867
-42
-7
-11
-740
427
4261
1397892
-18
-22
-9
-755
411
4214
1398917
28
-30
-4
-765
458
4132
1399942
2
-18
3
-761
555
4167
1400967
-36
-4
10
-746
428
4221
1401992
-1
12
-1
-760
482
4239
1403017
3
10
-17
-738
537
4201
1404042
-41
25
-18
-734
595
4145
1405067
-120
40
-15
-751
564
4136
1406092
-106
42
-40
-744
500
4156
1407117
-55
50
-81
-747
700
4165
1408142
-167
75
-120
-736
818
4095
1409167
-415
143
-157
-754
901
4026
1401984
-933
262
-188
-789
1216
3949
1403009
-1859
367
-206
-853
1197
3813
1404034
-2749
422
-284
-913
675
3738
1405059
-3253
470
-405
-954
535
4087
1406084
-3827
479
-495
-968
255
4266
1407109
-4333
460
-617
-891
-504
4159
1408134
-4464
481
-746
-743
-1089
4147
1409159
-4511
570
-826
-681
-1605
3887
1410184
-4591
691
-793
-770
-1917
3599
1411209
-4827
799
-713
-833
-2337
3303
1412234
-5023
905
-669
-897
-3031
2940
1413259
-4891
988
-645
-955
-3436
2590
1414284
-4503
1014
-578
-919
-3704
2268
1415309
-4248
1037
-455
-958
-3720
1986
1416334
-4140
1024
-381
-1042
-3820
1543
1417359
-3839
995
-289
-1070
-4083
1177
1410367
-3547
965
-174
-1124
-4019
991
1411392
-3611
888
-109
-1131
-3968
608
1412417
-3674
810
-53
-1192
-4164
130
1413442
-3415
756
-6
-1218
-4262
-113
1414467
-3084
690
16
-1210
-4299
-382
1415492
-2687
618
-12
-1157
-4447
-687
1416517
-2170
559
-10
-1163
-4383
-816
1417542
-1730
472
-19
-1187
-4267
-915
1418567
-1415
362
-24
-1207
-4229
-1025
1419592
-1143
259
-12
-1208
-4261
-1154
1420617
-811
187
-24
-1188
-4287
-1184
1421642
-458
135
-26
-1163
-4199
-1146
1422667
-242
89
-20
-1134
-4062
-1090
1423692
-175
52
-21
-1136
-4033
-1041
1424717
-196
30
-22
-1118
-4024
-1046
1425742
-208
23
-32
-1119
-4038
-1028
1418368
-110
20
-36
-1114
-4053
-1000
1419393
-13
17
-26
-1119
-3990
-994
1420418
-82
10
-24
-1124
-3976
-973
1421443
-180
10
-29
-1116
-4059
-976
1422468
-151
16
-31
-1084
-4077
-994
1423493
-67
21
-23
-1084
-4063
-1002
1424518
7
28
-17
-1090
-4021
-966
1425543
-65
33
-5
-1099
-3942
-957
1426568
-242
33
-7
-1087
-3971
-1027
1427593
-288
34
-12
-1081
-4057
-1096
1428618
-152
40
-17
-1085
-4061
-1118
1429643
-2
46
-19
-1093
-4005
-1093
1430668
31
50
-19
-1092
-3963
-1059
1431693
-43
48
-23
-1086
-3936
-1063
1432718
-145
42
-30
-1075
-3978
-1091
1433743
-134
44
-38
-1067
-4063
-1126
1426560
-11
56
-37
-1065
-4001
-1098
1427585
-31
55
-26
-1062
-3912
-1094
1428610
-189
53
-24
-1067
-3962
-1136
1429635
-260
55
-24
-1044
-4036
-1180
1430660
-186
48
-23
-1034
-4081
-1237
1431685
-118
26
-9
-1045
-4042
-1301
1432710
-152
-4
12
-1042
-4052
-1389
1433735
-226
-39
46
-995
-4171
-1594
1434760
-211
-105
85
-979
-4354
-1822
1435785
41
-232
133
-1060
-4514
-2008
1436810
620
-400
181
-1163
-4676
-2087
1437835
1414
-586
194
-1177
-4766
-2008
1438860
2268
-794
116
-1119
-4883
-1712
1439885
3226
-1043
-9
-1167
-4838
-1601
1440910
4464
-1298
-57
-1198
-4644
-1504
1441935
6010
-1521
99
-1097
-4689
-1457
1434752
7784
-1652
357
-996
-4990
-1189
1435777
9870
-1647
568
-724
-4743
-713
1436802
12125
-1457
793
-498
-3400
-174
1437827
13881
-1106
1183
-510
-1839
648
1438852
14693
-764
1432
-783
270
2367
1439877
12091
-812
1544
-1355
4014
4364
1440902
5333
-737
1728
-1580
4983
4470
1441927
167
-675
1614
-821
1659
3010
1442952
266
-469
1049
-406
-405
3087
1443977
1531
-90
611
-550
2118
4099
1445002
669
93
564
-1011
3187
4237
1446027
-694
12
394
-880
1379
4055
1447052
-555
-77
143
-820
251
4041
1448077
296
-96
7
-745
774
4093
1449102
256
-44
28
-799
1554
4047
1450127
-496
-34
41
-859
938
4034
1442944
-484
-75
-13
-861
22
4142
1443969
120
-91
-54
-890
357
4264
1444994
135
-72
-49
-930
826
4222
1446019
-173
-47
-12
-935
441
4184
1447044
-69
-22
-3
-897
244
4180
1448069
102
10
11
-898
604
4224
1449094
13
18
25
-880
621
4154
1450119
-71
23
34
-889
558
4094
1451144
-51
17
20
-881
556
4029
1452169
-5
5
9
-887
651
4105
1453194
-76
1
5
-900
711
4165
1454219
-145
-21
-15
-891
504
4176
1455244
-19
-29
-47
-894
471
4155
1456269
31
-16
-51
-924
633
4147
1457294
-39
-1
-50
-909
497
4143
1458319
-59
22
-53
-905
541
4163
1451137
-99
17
-56
-891
540
4065
1452162
-98
15
-59
-888
556
4051
1453187
-118
23
-55
-908
698
4124
1454212
-283
53
-54
-891
835
4087
1455237
-666
132
-61
-877
1099
3978
1456262
-1408
244
-60
-914
1317
3962
1457287
-2282
304
-77
-926
1006
4036
1458312
-3001
328
-82
-943
810
4234
1459337
-3955
353
-34
-1015
648
4155
1460362
-4690
346
13
-979
-372
3850
1461387
-4697
381
-32
-913
-1208
3808
1462412
-4418
471
-180
-943
-1527
3839
1463437
-4244
564
-337
-1025
-1910
3613
1464462
-4029
643
-442
-1062
-2395
3402
1465487
-3879
730
-491
-1079
-2563
3289
1466512
-3835
773
-528
-1059
-2957
3009
1459329
-3448
814
-561
-1060
-3463
2738
1460354
-2851
863
-583
-1113
-3556
2517
1461379
-2516
890
-605
-1117
-3450
2365
1462404
-2455
890
-574
-1177
-3561
2241
1463429
-2287
871
-514
-1258
-3775
2130
1464454
-2075
809
-452
-1248
-3803
1912
1465479
-1975
751
-405
-1250
-3802
1659
1466504
-2113
712
-346
-1252
-3712
1512
1467529
-2388
667
-304
-1262
-3819
1329
1468554
-2450
630
-266
-1266
-4018
1131
1469579
-2285
594
-247
-1229
-4162
859
1470604
-2010
555
-244
-1176
-4222
652
1471629
-1968
522
-181
-1201
-3944
682
1472654
-2425
455
-144
-1206
-3842
533
1473679
-2803
407
-138
-1159
-4187
126
1474704
-2607
408
-117
-1143
-4466
-188
1467520
-2159
414
-94
-1140
-4304
-291
1468545
-2054
396
-61
-1136
-4073
-481
1469570
-2037
358
-71
-1136
-4170
-696
1470595
-1803
323
-76
-1148
-4272
-842
1471620
-1487
279
-92
-1143
-4220
-969
1472645
-1174
224
-98
-1145
-4172
-1102
1473670
-828
180
-95
-1127
-4190
-1248
1474695
-472
145
-85
-1106
-4171
-1281
1475720
-246
117
-74
-1081
-4128
-1197
1476745
-157
86
-58
-1065
-4126
-1150
1477770
-85
60
-44
-1042
-4130
-1194
1478795
45
48
-32
-1048
-4140
-1175
1479820
165
37
-16
-1062
-4005
-1065
1480845
63
15
-4
-1067
-3949
-1027
1481870
-67
0
-8
-1052
-4022
-1051
1482895
-70
-2
-10
-1036
-4069
-1095
1475711
24
0
-18
-1052
-4065
-1089
1476736
127
0
-16
-1053
-3995
-1050
1477761
53
-11
-4
-1061
-3921
-991
1478786
-120
-22
-8
-1063
-4019
-1017
1479811
-134
-18
-10
-1034
-4096
-1042
1480836
-24
-5
-7
-1027
-4050
-1025
1481861
35
6
-3
-1045
-3970
-1023
1482886
-14
13
-15
-1045
-3990
-1040
1483911
-37
21
-26
-1033
-4035
-1050
1484936
-20
20
-25
-1028
-4025
-1032
1485961
-47
12
-14
-1042
-4018
-1063
1486986
-69
12
-11
-1046
-4048
-1090
1488011
-44
17
-11
-1034
-4034
-1091
1489036
-11
19
-9
-1011
-4035
-1069
1490061
-8
21
-5
-1010
-4012
-1062
1491086
-48
20
-1
-1030
-3990
-1061
1483904
-119
15
-1
-1021
-3984
-1062
1484929
-171
10
1
-1019
-4006
-1090
1485954
-155
16
2
-1005
-4049
-1132
1486979
-79
29
2
-1011
-4053
-1151
1488004
-35
32
9
-1015
-4043
-1220
1489029
-43
20
26
-987
-4098
-1363
1490054
-45
-4
61
-1003
-4142
-1438
1491079
-65
-53
113
-993
-4216
-1620
1492104
-86
-132
168
-1021
-4326
-1765
1493129
-83
-251
229
-1061
-4282
-1878
1494154
-79
-420
287
-1170
-4137
-1762
1495179
-72
-621
331
-1244
-4082
-1624
1496204
73
-795
346
-1203
-4193
-1621
1497229
532
-929
330
-1176
-4423
-1717
1498254
1491
-1046
292
-1179
-4869
-1877
1499279
3264
-1142
212
-1296
-5234
-1679
1492097
5607
-1226
183
-1301
-5008
-1298
1493122
7638
-1322
337
-1134
-4493
-794
1494147
9163
-1390
549
-979
-4287
-366
1495172
10784
-1318
689
-878
-4068
-95
1496197
12623
-1110
954
-953
-2834
289
1497222
13962
-943
1192
-1214
-1364
1148
1498247
13725
-977
1089
-1289
1003
2641
1499272
10046
-1079
1288
-1642
3873
4319
1500297
3947
-1072
1501
-1614
3535
4048
1501322
544
-913
1291
-955
895
2869
1502347
911
-614
903
-550
314
3276
1503372
1190
-208
684
-835
2567
4155
1504397
101
-84
600
-1080
2438
4386
1505422
-502
-159
422
-892
989
4183
1506447
-214
-176
239
-822
873
3910
1507472
-32
-127
150
-761
1307
3955
1500287
-329
-72
121
-805
1110
4156
1501312
-425
-111
51
-830
406
4314
1502337
-16
-152
-25
-832
397
4206
1503362
69
-109
-20
-962
877
4102
1504387
-259
-61
1
-1005
612
4069
1505412
-249
-42
21
-976
292
4250
1506437
-23
-39
23
-942
554
4239
1507462
-21
-43
14
-914
733
4103
1508487
-113
-38
-2
-895
621
4102
1509512
-50
-40
-23
-838
532
4187
1510537
-28
-22
-18
-869
761
4130
1511562
-206
-18
-7
-894
681
4065
1512587
-211
-33
-12
-924
337
4111
1513612
58
-59
-51
-888
394
4169
1514637
98
-47
-37
-888
765
4218
1515662
-172
-22
4
-900
582
4127
1508480
-232
1
13
-915
408
4128
1509505
-105
-8
-14
-910
364
4140
1510530
15
-24
-21
-883
501
4185
1511555
-28
-33
1
-885
540
4187
1512580
-68
-34
13
-885
440
4118
1513605
-35
-29
13
-884
484
4154
1514630
-7
-33
2
-856
447
4206
1515655
30
-19
-4
-849
525
4219
1516680
-28
-5
-7
-874
531
4140
1517705
-30
0
-11
-882
407
4147
1518730
32
13
-12
-900
538
4166
1519755
-48
19
-11
-901
593
4130
1520780
-86
17
-26
-866
436
4110
1521805
-18
30
-44
-854
556
4121
1522830
-89
50
-50
-855
758
4142
1523855
-302
93
-57
-836
852
4127
1516673
-719
188
-64
-835
1146
3993
1517698
-1783
321
-69
-916
1428
3903
1518723
-3143
440
-138
-943
1038
3916
1519748
-3930
551
-199
-1018
568
4044
1520773
-4332
608
-261
-1112
187
4143
1521798
-4615
586
-394
-1020
-509
4112
1522823
-4650
590
-580
-900
-1239
3955
1523848
-4436
654
-716
-906
-1600
3784
1524873
-4236
697
-771
-962
-1980
3560
1525898
-4116
722
-821
-930
-2532
3213
1526923
-4050
795
-812
-999
-2858
2908
1527948
-3985
869
-772
-1143
-3092
2701
1528973
-3826
891
-722
-1180
-3427
2451
1529998
-3756
894
-645
-1146
-3604
2163
1531023
-3896
896
-592
-1135
-3593
1849
1532048
-3905
889
-504
-1108
-3822
1537
1524864
-3608
877
-405
-1061
-4160
1182
1525889
-3139
875
-319
-1077
-4252
943
1526914
-2947
847
-236
-1110
-4055
740
1527939
-2964
771
-167
-1154
-4119
416
1528964
-2828
711
-109
-1189
-4316
57
1529989
-2597
671
-59
-1174
-4277
-150
1531014
-2520
617
-22
-1174
-4138
-309
1532039
-2481
547
-8
-1167
-4218
-589
1533064
-2129
483
-26
-1172
-4343
-799
1534089
-1672
430
-26
-1165
-4198
-883
1535114
-1406
362
-36
-1160
-4127
-992
1536139
-1206
301
-17
-1153
-4205
-1146
1537164
-991
264
-31
-1150
-4230
-1205
1538189
-733
224
-35
-1141
-4264
-1218
1539214
-445
178
-26
-1127
-4174
-1183
1540239
-287
129
-7
-1130
-4045
-1159
1533057
-282
88
10
-1119
-3996
-1162
1534082
-361
63
15
-1102
-4005
-1207
1535107
-316
58
1
-1100
-4077
-1221
1536132
-126
57
-5
-1119
-4016
-1161
1537157
-45
42
-2
-1136
-3907
-1089
1538182
-159
23
-7
-1135
-3881
-1119
1539207
-231
26
-26
-1096
-3963
-1217
1540232
-147
46
-38
-1084
-3972
-1184
1541257
-76
52
-51
-1085
-3958
-1179
1542282
-24
53
-59
-1096
-3967
-1193
1543307
-45
50
-54
-1081
-3896
-1157
1544332
-188
39
-53
-1064
-3977
-1205
1545357
-176
46
-52
-1037
-4113
-1302
1546382
27
67
-43
-1034
-4089
-1298
1547407
117
62
-19
-1050
-3949
-1172
1548432
-35
34
-4
-1067
-3924
-1201
1541247
-148
18
-6
-1050
-3993
-1280
1542272
-98
24
-5
-1030
-3991
-1285
1543297
-27
27
1
-1042
-3951
-1253
1544322
-22
25
5
-1060
-3917
-1207
1545347
-131
15
5
-1064
-3856
-1191
1546372
-314
-1
0
-1056
-3906
-1267
1547397
-374
-3
0
-1034
-3975
-1359
1548422
-333
-1
20
-1023
-3943
-1348
1549447
-391
-6
47
-1038
-3947
-1385
1550472
-449
-17
66
-1046
-3977
-1474
1551497
-460
-36
88
-1044
-3974
-1579
1552522
-409
-64
109
-1042
-4082
-1793
1553547
-127
-98
103
-1029
-4334
-2036
1554572
642
-198
92
-1101
-4807
-2292
1555597
2007
-391
119
-1246
-4951
-2583
1556622
3597
-551
133
-1270
-4972
-2522
1549518
4986
-712
156
-1168
-4892
-1954
1550543
6167
-922
182
-1031
-4667
-1279
1551568
7228
-1103
273
-971
-4313
-695
1552593
7877
-1225
435
-946
-3714
-28
1553618
7689
-1278
619
-973
-2956
731
1554643
7123
-1390
685
-1020
-2912
1153
1555668
7212
-1387
764
-1045
-3181
1472
1556693
8538
-1284
952
-1171
-3602
2055
1557718
10908
-1292
927
-806
-3232
2497
1558743
12136
-1169
986
-448
-7
3196
1559768
9539
-938
1507
-1057
3955
4512
1560793
3663
-751
1730
-811
4314
4043
1561818
-32
-446
1586
-411
777
2781
1562843
253
-3
1189
-383
367
3265
1563868
543
353
1013
-855
2956
4209
1564893
-574
196
884
-1006
2081
4220
1557632
-547
-71
585
-621
479
4056
1558657
167
-85
367
-653
1353
3979
1559682
45
-76
241
-586
1684
3823
1560707
-369
-22
202
-631
1194
4072
1561732
-404
-49
103
-722
553
4300
1562757
1
-121
-52
-702
382
4254
1563782
142
-83
-118
-809
1010
4089
1564807
-282
-48
-94
-823
796
4080
1565832
-387
-12
-56
-776
210
4204
1566857
-213
18
-50
-783
477
4323
1567882
-256
-4
-45
-780
466
4111
1568907
-184
-23
-38
-773
230
4141
1569932
8
-21
-34
-752
476
4196
1570957
-61
-24
-9
-750
584
4221
1571982
-158
-25
-3
-747
328
4158
1573007
-106
4
-4
-811
480
4163
1565825
-128
-10
-11
-807
414
4166
1566850
-61
-21
-19
-777
405
4209
1567875
-46
-30
-19
-777
500
4215
1568900
-90
-39
-11
-748
391
4179
1569925
-52
-24
-6
-749
361
4203
1570950
-32
-16
-8
-742
397
4232
1571975
-45
-14
-4
-750
370
4198
1573000
-35
-11
4
-760
434
4182
1574025
-38
-19
-2
-760
431
4161
1575050
-11
-16
-21
-755
497
4132
1576075
-64
-8
-36
-765
675
4110
1577100
-177
-19
-57
-705
603
4123
1578125
-161
-5
-108
-683
597
4149
1579150
-241
44
-153
-705
893
4129
1580175
-619
117
-166
-690
1123
4015
1581200
-1391
259
-129
-725
1556
3915
1574016
-2786
396
-50
-818
1657
3880
1575041
-4194
479
-55
-813
572
3976
1576066
-4617
523
-196
-787
-853
4215
1577091
-4188
523
-404
-786
-1563
4201
1578116
-3682
548
-509
-728
-1514
4030
1579141
-3650
645
-470
-745
-1520
3853
1580166
-3959
750
-396
-871
-2026
3642
1581191
-4001
804
-408
-961
-2782
3349
1582216
-3593
855
-450
-996
-3174
3152
1583241
-3336
900
-460
-1037
-3135
3014
1584266
-3652
919
-431
-1123
-2961
2803
1585291
-4056
880
-386
-1154
-3350
2380
1586316
-3794
877
-335
-1147
-3948
1993
1587341
-3088
907
-267
-1166
-4005
1888
1588366
-2783
908
-234
-1222
-3669
1810
1589391
-2870
844
-242
-1232
-3678
1561
1582208
-2936
786
-177
-1274
-3853
1273
1583233
-2901
743
-121
-1291
-3933
972
1584258
-2740
708
-109
-1306
-4096
683
1585283
-2442
683
-81
-1288
-4105
533
1586308
-2258
648
-56
-1272
-4034
403
1587333
-2223
594
-49
-1265
-4061
206
1588358
-2107
546
-37
-1326
-4084
-14
1589383
-1932
497
-41
-1333
-4072
-199
1590408
-1839
452
-46
-1267
-4080
-392
1591433
-1743
424
-54
-1243
-4128
-577
1592458
-1598
402
-54
-1246
-4074
-724
1593483
-1459
377
-54
-1250
-4081
-842
1594508
-1410
348
-54
-1224
-4069
-937
1595533
-1289
319
-72
-1221
-4144
-1068
1596558
-981
289
-62
-1216
-4173
-1149
1597583
-755
263
-58
-1196
-4048
-1219
1590399
-687
240
-58
-1178
-4059
-1321
1591424
-523
223
-55
-1161
-4114
-1370
1592449
-366
194
-31
-1138
-3967
-1285
1593474
-427
146
-21
-1156
-3911
-1327
1594499
-475
108
-18
-1156
-3976
-1454
1595524
-410
92
-15
-1142
-3972
-1505
1596549
-317
77
-18
-1142
-3960
-1513
1597574
-164
57
-18
-1156
-3960
-1512
1598599
6
38
-24
-1156
-3928
-1495
1599624
105
19
-29
-1142
-3906
-1461
1600649
160
9
-35
-1126
-3934
-1487
1601674
344
12
-38
-1109
-4092
-1535
1602699
686
27
-31
-1114
-4046
-1266
1603724
654
5
-8
-1114
-3801
-1047
1604749
269
-30
-8
-1119
-3849
-1093
1605774
31
-36
-7
-1090
-3912
-1124
1598592
-54
-26
-2
-1072
-3945
-1129
1599617
-43
-9
-4
-1104
-4009
-1120
1600642
24
14
-4
-1104
-3930
-1100
1601667
-32
23
-3
-1106
-3882
-1097
1602692
-162
25
-6
-1098
-3911
-1167
1603717
-218
33
-7
-1100
-3985
-1216
1604742
-170
41
-10
-1094
-3994
-1229
1605767
-116
40
-5
-1095
-3931
-1235
1606792
-141
34
-4
-1113
-3901
-1241
1607817
-196
30
-8
-1112
-3910
-1265
1608842
-204
33
-14
-1085
-3929
-1307
1609867
-147
43
-15
-1093
-3961
-1345
1610892
-67
53
-14
-1100
-3925
-1329
1611917
-64
50
-10
-1081
-3876
-1278
1612942
-158
42
-10
-1073
-3896
-1317
1613967
-219
40
-9
-1061
-3929
-1392
1606784
-177
46
-4
-1068
-3979
-1422
1607809
-102
47
4
-1078
-3959
-1438
1608834
-74
36
13
-1084
-3978
-1525
1609859
-25
14
30
-1055
-4086
-1734
1610884
85
-29
55
-1011
-4175
-1947
1611909
418
-120
70
-1058
-4606
-2221
1612934
1639
-272
50
-1145
-5365
-2538
1613959
3661
-393
75
-1226
-5252
-2314
1614984
4958
-548
225
-1208
-4369
-1642
1616009
4938
-809
346
-958
-4222
-1016
1617034
5193
-1023
344
-909
-4908
-592
1618059
6555
-1154
382
-944
-4910
-422
1619084
7993
-1201
572
-898
-3926
-185
1620109
8542
-1145
854
-856
-2647
610
1621134
8405
-1009
1070
-1069
-2064
1706
1622159
8217
-963
1204
-1432
-2442
2419
1614976
8888
-1075
1088
-1279
-2508
2491
1616001
9799
-1060
1002
-884
-888
3162
1617026
9269
-1062
1186
-909
871
4312
1618051
6322
-966
1449
-1043
2696
4559
1619076
2768
-707
1536
-839
2477
3658
1620101
845
-385
1365
-674
611
2852
1621126
734
-52
1014
-665
1115
3383
1622151
683
152
879
-918
2673
4294
1623176
-91
67
754
-878
2133
4290
1624201
-427
-58
532
-741
1282
3885
1625226
-214
-88
319
-738
1216
3775
1626251
53
-90
171
-668
1281
3996
1627276
51
-70
113
-685
1400
4284
1628301
-210
-64
28
-742
1011
4191
1629326
-217
-30
-55
-827
723
4045
1630351
-159
8
-106
-937
759
3982
1623168
-235
29
-101
-954
727
4137
1624193
-285
10
-83
-883
508
4183
1625218
-223
12
-45
-896
597
4151
1626243
-137
-27
-52
-821
420
4077
1627268
2
-7
-32
-873
689
4141
1628293
-86
-13
-9
-864
715
4185
1629318
-129
-15
-7
-863
592
4104
1630343
-125
-7
-19
-912
717
4084
1631368
-151
-22
-35
-864
544
4104
1632393
-60
-19
-34
-847
556
4260
1633418
-35
-29
-41
-835
574
4201
1634443
-29
-23
-40
-846
574
4121
1635468
-59
0
-28
-859
598
4132
1636493
-82
12
-16
-849
526
4201
1637518
-51
26
-22
-845
601
4172
1638543
-104
42
-29
-865
736
4103
1631360
-214
56
-36
-865
709
4088
1632385
-269
69
-51
-871
724
4075
1633410
-355
96
-81
-832
927
4033
1634435
-749
175
-99
-849
1270
3946
1635460
-1629
281
-85
-916
1483
3922
1636485
-2802
347
-63
-984
1325
3981
1637510
-3850
370
-65
-1045
750
4120
1638535
-4175
301
-164
-960
-676
4366
1639560
-3308
194
-358
-768
-1916
4278
1640585
-2360
265
-455
-775
-1022
4143
1641610
-2864
396
-363
-867
-231
3998
1642635
-4132
533
-197
-980
-1073
3635
1643660
-4643
642
-78
-1196
-2284
3341
1644685
-4414
690
-116
-1221
-2641
3232
1645710
-4252
714
-198
-1166
-2518
3094
1646735
-4292
710
-253
-1118
-2649
2877
1639553
-4264
708
-265
-1094
-3004
2588
1640578
-4022
729
-285
-1104
-3491
2238
1641603
-3671
779
-320
-1171
-3752
1979
1642628
-3397
815
-313
-1253
-3615
1823
1643653
-3382
806
-288
-1263
-3692
1494
1644678
-3276
814
-258
-1252
-4024
1157
1645703
-2975
810
-194
-1277
-4221
916
1646728
-2740
791
-125
-1297
-4117
770
1647753
-2782
751
-93
-1276
-4027
456
1648778
-2794
715
-77
-1270
-4133
133
1649803
-2600
695
-31
-1285
-4258
-117
1650828
-2333
680
-11
-1309
-4225
-260
1651853
-2204
644
6
-1294
-4041
-325
1652878
-2343
599
15
-1290
-3921
-506
1653903
-2396
553
-9
-1280
-4124
-872
1654928
-2121
536
-12
-1261
-4207
-1166
1647744
-1752
512
-13
-1257
-4115
-1283
1648769
-1466
454
-3
-1278
-4076
-1339
1649794
-1270
386
-8
-1264
-4071
-1494
1650819
-1053
329
-24
-1243
-4043
-1618
1651844
-848
275
-18
-1254
-3938
-1670
1652869
-725
218
-10
-1236
-3884
-1699
1653894
-655
172
1
-1206
-3839
-1742
1654919
-597
137
10
-1214
-3825
-1788
1655944
-493
111
6
-1212
-3858
-1837
1656969
-255
100
-13
-1217
-3914
-1836
1657994
2
88
-18
-1203
-3758
-1741
1659019
10
58
-17
-1189
-3649
-1704
1660044
-155
19
-12
-1205
-3670
-1708
1661069
-247
-2
-18
-1190
-3809
-1787
1662094
-110
-1
-21
-1181
-3872
-1782
1663119
78
5
-19
-1168
-3729
-1683
1655937
38
-11
-14
-1178
-3620
-1600
1656962
-158
-28
-15
-1152
-3715
-1627
1657987
-227
-21
-12
-1128
-3836
-1707
1659012
-90
5
-9
-1144
-3841
-1717
1660037
33
24
5
-1161
-3706
-1662
1661062
-8
28
5
-1168
-3686
-1664
1662087
-61
28
3
-1156
-3699
-1704
1663112
-71
32
2
-1162
-3729
-1731
1664137
-27
33
-2
-1174
-3742
-1750
1665162
8
33
-6
-1164
-3698
-1751
1666187
-28
25
-8
-1158
-3731
-1738
1667212
-35
18
-8
-1146
-3784
-1748
1668237
57
19
-12
-1140
-3815
-1760
1669262
264
24
-19
-1160
-3811
-1727
1670287
371
40
-15
-1145
-3612
-1575
1671312
134
42
-12
-1138
-3560
-1582
1664128
-114
48
-16
-1120
-3779
-1687
1665153
-63
69
-14
-1106
-3862
-1699
1666178
76
81
-5
-1123
-3781
-1678
1667203
37
72
7
-1131
-3682
-1697
1668228
-127
56
16
-1146
-3740
-1781
1669253
-167
39
23
-1133
-3851
-1851
1670278
-38
20
34
-1124
-3853
-1912
1671303
87
-2
47
-1104
-3870
-2110
1672328
249
-52
48
-1106
-4140
-2336
1673353
824
-155
34
-1217
-4650
-2610
1674378
2122
-322
28
-1337
-4989
-2905
1675403
3827
-511
27
-1289
-5006
-2748
1676428
5244
-703
64
-1176
-4779
-2268
1677453
6244
-935
111
-1089
-4655
-1576
1678478
7272
-1158
184
-1008
-4492
-960
1679503
8334
-1257
353
-924
-3880
-393
1672320
9040
-1258
519
-879
-3270
137
1673345
9526
-1204
546
-861
-2989
768
1674370
9883
-999
718
-980
-2208
1618
1675395
9882
-976
935
-1394
-1353
2554
1676420
9827
-1293
838
-1279
-1186
2950
1677445
9525
-1259
832
-810
646
3806
1678470
6798
-973
1161
-940
3409
4532
1679495
2380
-718
1252
-549
3291
4005
1680520
302
-407
1104
-368
575
3394
1681545
622
-37
800
-519
958
3997
1682570
456
141
568
-769
2131
4398
1683595
-92
104
423
-782
1336
4292
1684620
-192
75
267
-781
939
4114
1685645
-117
63
146
-746
917
3999
1686670
-20
62
98
-689
869
4063
1687695
-33
64
64
-743
818
4147
1680511
-114
50
17
-844
696
4052
1681536
-174
42
-8
-923
594
3965
1682561
-215
35
-8
-985
536
4031
1683586
-153
-13
-23
-946
307
4186
1684611
8
-24
-32
-891
433
4239
1685636
-41
-6
-14
-869
638
4157
1686661
-179
14
10
-854
437
4161
1687686
-86
14
6
-841
303
4205
1688711
35
16
-7
-839
497
4195
1689736
-33
15
4
-856
595
4129
1690761
-114
8
8
-873
449
4109
1691786
-52
13
-5
-886
411
4164
1692811
41
-1
-29
-872
439
4228
1693836
8
8
-21
-900
595
4167
1694861
-126
6
-7
-893
448
4098
1695886
-87
-1
-14
-887
295
4124
1688704
20
0
-21
-893
442
4205
1689729
-27
-8
-12
-888
442
4196
1690754
-40
-15
-3
-864
336
4162
1691779
-1
-5
3
-868
462
4154
1692804
-48
3
4
-862
482
4167
1693829
-113
25
7
-886
500
4194
1694854
-171
32
1
-884
447
4172
1695879
-162
38
-18
-891
466
4112
1696904
-196
47
-35
-907
646
4081
1697929
-417
70
-41
-884
814
4053
1698954
-904
128
-24
-892
1057
4027
1699979
-1638
173
-8
-941
981
3961
1701004
-2239
174
-9
-989
704
3969
1702029
-2780
163
-36
-1043
605
4039
1703054
-3403
128
-124
-936
139
4087
1704079
-3751
122
-219
-802
-800
4176
1696896
-3640
147
-303
-734
-1527
4075
1697921
-3410
247
-294
-761
-1576
4003
1698946
-3630
395
-212
-874
-1579
3914
1699971
-4080
514
-138
-965
-2080
3712
1700996
-4199
604
-99
-1039
-2633
3438
1702021
-4075
668
-90
-1009
-2750
3250
1703046
-4184
709
-109
-983
-2759
3003
1704071
-4230
721
-124
-960
-3171
2661
1705096
-3988
771
-98
-1044
-3471
2411
1706121
-3727
803
-117
-1176
-3563
2120
1707146
-3522
800
-145
-1217
-3707
1776
1708171
-3372
819
-128
-1236
-3724
1546
1709196
-3391
843
-113
-1249
-3730
1305
1710221
-3385
850
-86
-1246
-3915
1040
1711246
-3163
840
-35
-1253
-4158
710
1712271
-2853
847
1
-1255
-4179
391
1705088
-2734
854
22
-1270
-3963
232
1706113
-2883
811
50
-1297
-3819
56
1707138
-3069
728
103
-1341
-3882
-277
1708163
-3137
658
161
-1370
-4008
-656
1709188
-2933
607
169
-1341
-4193
-1032
1710213
-2470
586
161
-1321
-4176
-1223
1711238
-2043
554
142
-1338
-3962
-1299
1712263
-1810
496
126
-1343
-3915
-1457
1713288
-1472
466
78
-1350
-4058
-1697
1714313
-1039
461
48
-1315
-3844
-1728
1715338
-930
426
40
-1317
-3664
-1778
1716363
-950
382
35
-1302
-3733
-1965
1717388
-740
364
29
-1284
-3855
-2108
1718413
-399
344
7
-1275
-3841
-2168
1719438
-119
295
-1
-1294
-3726
-2157
1720463
-26
228
-2
-1295
-3636
-2103
1713280
-29
159
-6
-1276
-3652
-2070
1714305
-13
96
-10
-1260
-3679
-2036
1715330
49
48
-16
-1252
-3648
-1965
1716355
32
5
-12
-1245
-3557
-1900
1717380
-66
-25
-19
-1235
-3608
-1867
1718405
-40
-28
-29
-1237
-3692
-1841
1719430
11
-28
-28
-1216
-3583
-1768
1720455
-51
-22
-35
-1214
-3641
-1774
1721480
-29
-4
-44
-1200
-3732
-1804
1722505
51
12
-44
-1183
-3667
-1756
1723530
38
21
-38
-1185
-3669
-1755
1724555
25
31
-32
-1194
-3693
-1790
1725580
-3
34
-22
-1184
-3664
-1794
1726605
-33
30
-16
-1185
-3709
-1815
1727630
-2
33
-14
-1182
-3703
-1848
1728655
23
32
-10
-1176
-3647
-1822
1721473
-24
24
-7
-1181
-3622
-1825
1722498
-87
14
-11
-1192
-3648
-1859
1723523
-65
12
-18
-1176
-3696
-1883
1724548
1
9
-15
-1181
-3672
-1861
1725573
2
6
-11
-1174
-3634
-1845
1726598
-47
3
-9
-1170
-3670
-1857
1727623
-44
3
-13
-1165
-3697
-1856
1728648
12
2
-9
-1161
-3696
-1858
1729673
41
3
-7
-1164
-3680
-1853
1730698
4
1
0
-1164
-3603
-1830
1731723
-73
-7
7
-1172
-3660
-1862
1732748
-33
-6
1
-1175
-3748
-1911
1733773
110
1
-6
-1168
-3727
-1931
1734798
222
7
-8
-1159
-3724
-1998
1735823
398
12
-18
-1167
-3857
-2254
1736848
905
-28
-50
-1186
-4130
-2715
1729664
2039
-59
-88
-1178
-4618
-2999
1730689
3398
-92
-76
-1306
-4617
-2711
1731714
4237
-274
-71
-1264
-4365
-2075
1732739
4553
-556
-68
-1151
-4254
-1410
1733764
4912
-817
-49
-1064
-4305
-1072
1734789
5721
-1011
14
-959
-4458
-817
1735814
7090
-1160
104
-894
-4956
-763
1736839
8791
-1207
187
-821
-4833
-414
1737864
10265
-1214
360
-872
-3709
135
1738889
12009
-1390
542
-792
-3925
161
1739914
15057
-1129
681
-320
-3360
308
1740939
15966
-503
1415
-122
2499
3501
1741964
9696
-290
2533
-1324
7371
6253
1742989
520
-167
2516
-1249
5190
4165
1744014
-2557
-367
2475
-746
-1799
1513
1745039
286
-300
1702
154
-2475
1863
1737856
1908
414
956
-812
4041
4015
1738881
57
272
919
-1348
4643
5031
1739906
-1361
-205
845
-650
783
4142
1740931
-150
-257
575
-474
131
3680
1741956
531
-108
220
-554
2084
3776
1742981
-252
-52
104
-651
1965
3946
1744006
-668
-113
62
-634
396
4247
1745031
-95
-173
-57
-682
154
4273
1746056
168
-174
-118
-739
971
4184
1747081
-279
-147
-69
-788
804
4140
1748106
-404
-110
-21
-724
183
4201
1749131
-189
-46
-8
-753
371
4380
1750156
-128
-49
-38
-691
444
4299
1751181
-120
-34
-34
-701
437
4206
1752206
-41
-41
-42
-651
349
4165
1753231
26
-14
-25
-685
581
4248
1746048
-83
-23
-26
-683
467
4227
1747073
-37
-14
-27
-698
369
4204
1748098
1
1
-26
-722
576
4137
1749123
-123
12
-8
-736
520
4189
1750148
-111
-10
-5
-733
242
4281
1751173
58
-24
-11
-716
394
4248
1752198
23
-20
1
-706
583
4110
1753223
-101
-12
16
-681
432
4105
1754248
-68
-8
23
-694
355
4231
1755273
27
-18
8
-702
424
4248
1756298
20
-16
6
-720
573
4187
1757323
-69
-17
3
-674
457
4152
1758348
-35
-9
0
-672
370
4220
1759373
55
-13
-19
-665
430
4250
1760398
45
-8
-23
-702
575
4214
1761423
-56
-8
-18
-702
466
4152
1754240
-23
-5
-21
-688
387
4184
1755265
27
-6
-31
-688
492
4212
1756290
-9
-2
-30
-684
508
4178
1757315
-71
9
-18
-710
499
4184
1758340
-59
-12
-26
-685
321
4195
1759365
50
-9
-33
-683
465
4225
1760390
0
-13
-33
-686
486
4205
1761415
-20
-8
-31
-674
386
4187
1762440
-12
6
-27
-699
519
4187
1763465
-63
10
-28
-680
533
4189
1764490
-78
26
-43
-661
565
4256
1765515
-98
54
-80
-621
748
4257
1766540
-276
113
-127
-628
950
4137
1767565
-689
221
-150
-677
1222
4020
1768590
-1558
341
-128
-787
1608
3941
1769615
-2802
383
-86
-833
1471
3875
1762715
-4006
417
-117
-851
814
3922
1763740
-4741
456
-242
-861
-149
3938
1764765
-4708
464
-390
-784
-977
3991
1765790
-4457
473
-531
-586
-1100
4028
1766815
-4496
555
-614
-497
-1417
3806
1767840
-4595
710
-642
-630
-2022
3514
1768865
-4712
854
-696
-737
-2387
3215
1769890
-4850
976
-734
-739
-2908
2961
1770915
-4892
1081
-725
-752
-3481
2600
1771940
-4853
1180
-661
-764
-3791
2172
1772965
-4785
1254
-530
-847
-3898
1770
1773990
-4438
1294
-387
-921
-4173
1377
1775015
-3876
1272
-234
-941
-4368
1066
1776040
-3479
1233
-113
-984
-4185
764
1777065
-3541
1175
-13
-1068
-3874
443
1778090
-3793
1086
43
-1137
-3970
-42
1770624
-3841
1013
132
-1130
-4098
-387
1771649
-3828
943
203
-1171
-4101
-749
1772674
-3507
839
209
-1167
-4262
-1007
1773699
-2928
738
228
-1201
-4251
-1186
1774724
-2424
648
203
-1210
-4021
-1367
1775749
-2050
559
137
-1248
-4008
-1658
1776774
-1599
491
77
-1240
-3961
-1758
1777799
-1202
413
27
-1205
-3944
-1806
1778824
-911
343
-1
-1184
-3812
-1850
1779849
-779
273
-16
-1173
-3698
-1919
1780874
-671
218
-49
-1160
-3787
-2029
1781899
-442
186
-67
-1116
-3803
-2061
1782924
-259
149
-73
-1091
-3713
-2011
1783949
-220
108
-74
-1098
-3714
-1969
1784974
-194
75
-72
-1084
-3796
-1947
1785999
-123
50
-60
-1061
-3760
-1899
1778816
-96
29
-48
-1055
-3758
-1863
1779841
-64
16
-34
-1034
-3752
-1847
1780866
-91
5
-19
-1019
-3708
-1843
1781891
-93
6
-18
-1029
-3794
-1865
1782916
45
17
-16
-1048
-3758
-1825
1783941
101
17
-12
-1048
-3628
-1763
1784966
7
11
-14
-1034
-3665
-1773
1785991
-29
19
-24
-1030
-3751
-1810
1787016
37
32
-30
-1021
-3712
-1772
1788041
39
32
-24
-1025
-3680
-1772
1789066
-13
33
-25
-1026
-3718
-1783
1790091
-46
34
-22
-998
-3722
-1791
1791116
-67
33
-17
-1003
-3767
-1820
1792141
-18
37
-13
-1006
-3787
-1831
1793166
63
40
-8
-1004
-3741
-1809
1794191
36
34
1
-1006
-3669
-1786
1787009
-49
26
1
-1007
-3732
-1835
1788034
-15
30
-1
-1003
-3784
-1857
1789059
73
37
-6
-1011
-3698
-1810
1790084
69
32
-6
-1011
-3622
-1785
1791109
-31
24
-11
-1001
-3643
-1789
1792134
-87
21
-21
-985
-3734
-1827
1793159
-36
24
-21
-976
-3774
-1874
1794184
41
30
-18
-988
-3771
-1879
1795209
76
29
-9
-1001
-3776
-1922
1796234
130
19
1
-993
-3871
-2044
1797259
295
-1
8
-911
-3998
-2286
1798284
743
-55
-9
-894
-4501
-2714
1799309
1903
-198
-25
-1075
-5016
-3122
1800334
3351
-413
0
-1190
-4797
-3021
1801359
4349
-689
21
-1116
-4685
-2567
1802384
4839
-964
92
-1021
-4299
-1848
1795199
5047
-1239
223
-933
-4126
-1262
1796224
5675
-1459
275
-849
-4673
-939
1797249
7192
-1561
280
-732
-4993
-720
1798274
8851
-1554
452
-573
-3938
-326
1799299
9621
-1438
767
-506
-2249
476
1800324
9664
-1206
1119
-744
-1825
1690
1801349
9762
-1097
1357
-1065
-2081
2525
1802374
10453
-1226
1251
-790
-1590
2841
1803399
10507
-1200
1211
-431
974
3628
1804424
7927
-934
1504
-730
3868
4481
1805449
3000
-646
1664
-689
4258
3814
1806474
-423
-392
1545
-513
1513
2942
1807499
-314
-116
1182
-504
-41
3688
1808524
612
64
850
-682
1562
4422
1809549
158
42
717
-945
2530
4328
1810574
-780
-125
600
-661
1269
4013
1803392
-619
-176
446
-446
350
4054
1804417
143
-151
251
-343
797
4312
1805442
200
-106
112
-409
1383
4339
1806467
-237
-88
39
-521
884
4250
1807492
-186
-80
-25
-529
244
4184
1808517
82
-13
-71
-619
621
4192
1809542
-103
29
-78
-736
740
4229
1810567
-298
31
-67
-729
304
4256
1811592
-148
29
-64
-693
247
4246
1812617
-44
29
-53
-682
551
4203
1813642
-157
23
-48
-634
453
4145
1814667
-142
30
-40
-638
231
4182
1815692
24
26
-38
-646
319
4242
1816717
7
23
-9
-720
559
4181
1817742
-128
-6
10
-711
375
4122
1818767
-68
-5
13
-705
292
4165
1811584
36
-9
4
-673
400
4243
1812609
18
-8
7
-667
516
4266
1813634
-100
-10
23
-688
476
4177
1814659
-114
-11
30
-671
316
4113
1815684
1
-7
21
-667
349
4199
1816709
28
-6
12
-661
504
4290
1817734
-44
-16
8
-658
433
4230
1818759
-10
-17
0
-660
369
4160
1819784
36
-9
-8
-672
423
4203
1820809
14
-6
-11
-661
416
4243
1821834
-22
-8
-10
-656
382
4238
1822859
1
-12
-7
-673
316
4182
1823884
54
-3
-3
-681
407
4218
1824909
35
-3
0
-670
399
4215
1825934
19
11
7
-669
470
4193
1826959
-52
23
16
-661
564
4175
1819776
-109
27
3
-630
531
4191
1820801
-43
46
-55
-585
640
4200
1821826
-112
112
-130
-604
926
4114
1822851
-477
187
-212
-608
1065
4031
1823876
-1269
363
-283
-621
1667
4105
1824901
-2857
592
-278
-762
1793
4015
1825926
-4551
745
-302
-806
826
3809
1826951
-5153
873
-412
-839
-161
4182
1827976
-4950
905
-574
-809
-909
4422
1829001
-4463
854
-717
-656
-1466
4144
1830026
-3948
856
-728
-683
-1823
3657
1831051
-3726
853
-719
-799
-2485
3272
1832076
-3618
847
-696
-935
-2625
3207
1833101
-3617
869
-717
-1038
-2639
3018
1834126
-3734
838
-638
-1217
-2727
2904
1835151
-4087
772
-578
-1280
-2835
2409
1827968
-4474
718
-512
-1214
-3050
1734
1828993
-4550
775
-485
-1078
-3577
1337
1830018
-4251
875
-455
-1023
-3750
1392
1831043
-4105
883
-380
-998
-3847
1203
1832068
-4100
847
-339
-1017
-4110
836
1833093
-4002
797
-286
-988
-4237
475
1834118
-3849
752
-236
-1111
-4369
-50
1835143
-3691
725
-178
-986
-4272
-587
1836168
-3525
694
-87
-1004
-4367
-1037
1837193
-3108
665
-19
-1155
-4467
-1215
1838218
-2769
579
41
-1155
-4196
-1248
1839243
-2628
489
7
-1156
-4109
-1454
1840268
-2295
384
-47
-974
-4114
-1661
1841293
-1665
291
-51
-1030
-4296
-1826
1842318
-891
240
-86
-1077
-4256
-1796
1843343
-406
204
-123
-1057
-3956
-1717
1836161
-405
142
-131
-992
-3773
-1686
1837186
-501
86
-117
-947
-3941
-1752
1838211
-287
64
-101
-914
-4150
-1793
1839236
38
45
-96
-888
-3984
-1697
1840261
169
7
-87
-892
-3846
-1653
1841286
80
-38
-58
-940
-3836
-1670
1842311
-97
-78
-48
-972
-3889
-1622
1843336
-188
-113
-34
-978
-3878
-1626
1844361
-122
-122
-17
-985
-3883
-1675
1845386
25
-114
-13
-976
-3857
-1658
1846411
81
-106
-33
-942
-3821
-1531
1847436
35
-105
-46
-888
-3756
-1465
1848461
-44
-104
-44
-878
-3777
-1497
1849486
-31
-83
-59
-912
-3842
-1531
1850511
64
-45
-78
-930
-3831
-1478
1851536
106
-16
-91
-917
-3808
-1440
1844354
45
-1
-89
-897
-3819
-1473
1845379
-56
13
-73
-892
-3893
-1531
1846404
-130
18
-56
-874
-3983
-1552
1847429
-89
25
-38
-873
-4036
-1604
1848454
36
37
-12
-878
-3980
-1620
1849479
94
38
15
-899
-3918
-1626
1850504
75
33
30
-912
-3918
-1634
1851529
102
28
31
-937
-3972
-1633
1852554
239
21
23
-905
-4054
-1690
1853579
619
4
0
-782
-4591
-2175
1854604
1910
-86
-68
-833
-5627
-2541
1855629
3941
-239
-113
-996
-5479
-2268
1856654
5488
-475
-58
-1020
-4765
-1941
1857679
6653
-698
87
-867
-4733
-1455
1858704
7896
-784
274
-681
-4815
-968
1859729
9324
-835
302
-530
-4941
-367
1852544
10765
-834
242
-662
-4254
57
1853569
11658
-876
498
-836
-2891
465
1854594
11831
-1004
824
-799
-2606
1563
1855619
11554
-1106
995
-709
-1420
3045
1856644
9383
-1078
1353
-900
1104
4184
1857669
5082
-974
1585
-925
1964
3865
1858694
2247
-677
1513
-31
986
3017
1859719
1814
-12
1509
-62
1010
3831
1860744
1352
370
1432
-523
2203
4368
1861769
442
367
1269
-548
2054
3985
1862794
-174
339
1049
-580
1764
3608
1863819
-383
286
859
-682
1402
3596
1864844
-150
166
659
-532
1171
3969
1865869
46
66
509
-465
1417
4199
1866894
-32
-21
374
-424
1282
3949
1867919
-145
-9
281
-505
1214
3814
1860737
-326
17
202
-629
1046
3944
1861762
-313
-45
98
-696
470
4177
1862787
-32
-98
-2
-756
670
4048
1863812
-151
-143
-44
-776
865
4010
1864837
-250
-199
-33
-660
329
4063
1865862
-141
-160
9
-706
586
4192
1866887
-266
-207
2
-592
316
4299
1867912
-76
-213
-13
-521
209
4232
1868937
-42
-160
-3
-572
857
4190
1869962
-362
-165
-2
-498
513
4243
1870987
-299
-129
-27
-503
318
4320
1872012
-168
-117
-82
-486
363
4472
1873037
-77
-117
-120
-388
216
4393
1874062
-42
-38
-113
-432
466
4357
1875087
-218
6
-93
-448
233
4310
1876112
-126
35
-77
-506
-11
4312
1868928
32
50
-68
-585
282
4292
1869953
-39
29
-35
-580
323
4189
1870978
-84
20
13
-566
268
4160
1872003
-48
19
26
-565
320
4126
1873028
-36
10
18
-555
442
4196
1874053
-73
-26
10
-493
364
4256
1875078
-53
-40
5
-462
378
4213
1876103
-66
-27
3
-501
417
4188
1877128
-109
-11
4
-495
369
4237
1878153
-101
-7
1
-504
244
4359
1879178
-7
-25
-11
-477
172
4364
1880203
50
-12
-19
-473
328
4252
1881228
-25
19
-9
-502
283
4241
1882253
-15
51
-4
-531
191
4297
1883278
10
66
-11
-561
315
4273
1884303
-36
59
-12
-522
322
4212
1877120
-85
80
-2
-501
359
4202
1878145
-188
122
4
-499
504
4184
1879170
-405
190
14
-488
617
4244
1880195
-687
251
6
-512
589
4252
1881220
-1110
313
-20
-546
934
4221
1882245
-2335
405
24
-590
1474
4185
1883270
-4245
521
126
-630
826
3894
1884295
-5313
691
158
-714
-563
3819
1885320
-5023
871
76
-821
-1348
4204
1886345
-4416
948
-112
-864
-1538
4213
1887370
-4219
952
-281
-786
-1357
3978
1888395
-4569
920
-370
-633
-1708
3608
1889420
-4739
943
-408
-621
-2608
3122
1890445
-4330
1058
-394
-912
-3116
2869
1891470
-4014
1097
-413
-1072
-3044
2714
1892495
-4165
1084
-440
-1025
-2985
2455
1885312
-4335
1096
-410
-1014
-3413
1979
1886337
-4052
1129
-355
-1091
-4017
1488
1887362
-3556
1166
-300
-1186
-4050
1220
1888387
-3272
1171
-270
-1197
-3872
984
1889412
-3113
1161
-232
-1157
-3915
754
1890437
-3057
1136
-180
-1124
-3964
523
1891462
-3051
1055
-157
-1089
-4154
55
1892487
-2897
982
-124
-1116
-4290
-435
1893512
-2752
924
-65
-1143
-4125
-722
1894537
-2769
837
-37
-1130
-4046
-831
1895562
-2782
712
5
-1156
-4142
-1061
1896587
-2577
571
46
-1200
-4247
-1348
1897612
-2162
460
47
-1237
-4232
-1550
1898637
-1680
373
6
-1234
-4161
-1688
1899662
-1322
299
-19
-1223
-3900
-1625
1900687
-1281
218
-28
-1188
-3668
-1610
1893505
-1319
139
-36
-1144
-3753
-1750
1894530
-1079
102
-43
-1105
-4122
-1997
1895555
-512
128
-85
-1085
-4153
-2031
1896580
-24
141
-87
-1053
-3840
-1806
1897605
-70
98
-51
-1052
-3579
-1632
1898630
-442
28
-27
-1065
-3777
-1737
1899655
-524
5
-21
-1038
-4044
-1914
1900680
-187
18
-16
-1035
-4046
-1931
1901705
165
22
4
-1069
-3767
-1797
1902730
173
3
21
-1112
-3592
-1662
1903755
-58
-25
22
-1090
-3648
-1701
1904780
-176
-34
9
-1061
-3780
-1749
1905805
-59
-22
-2
-1052
-3821
-1754
1906830
103
-6
-8
-1070
-3713
-1683
1907855
57
-3
-12
-1061
-3600
-1613
1908880
-104
-2
-20
-1047
-3745
-1690
1901867
-79
15
-23
-1041
-3875
-1761
1902892
67
34
-21
-1058
-3791
-1749
1903917
83
33
-9
-1064
-3644
-1694
1904942
-152
3
10
-1055
-3611
-1649
1905967
-389
-13
12
-1066
-3795
-1769
1906992
-256
6
7
-1063
-3944
-1888
1908017
66
38
9
-1041
-3752
-1780
1909042
84
41
20
-1027
-3526
-1667
1910067
-168
29
19
-1018
-3653
-1768
1911092
-239
35
11
-1003
-3844
-1904
1912117
-48
47
10
-1053
-3838
-1891
1913142
107
50
13
-1084
-3686
-1845
1914167
51
38
19
-1075
-3639
-1887
1915192
-65
15
32
-1047
-3703
-1932
1916217
-42
-11
40
-1027
-3892
-2014
1917242
222
-37
34
-1019
-4107
-2290
1909887
769
-89
38
-1027
-4397
-2674
1910912
1582
-171
32
-1080
-4548
-2753
1911937
2349
-301
88
-1172
-4259
-2557
1912962
2657
-541
177
-1183
-4125
-2241
1913987
2847
-785
230
-1152
-4462
-2048
1915012
3254
-949
267
-1136
-4462
-1704
1916037
3699
-1103
305
-1049
-4328
-1293
1917062
4481
-1276
317
-974
-4789
-1041
1918087
5884
-1393
376
-953
-4899
-418
1919112
7162
-1451
614
-965
-4072
207
1920137
7509
-1445
892
-961
-3085
857
1921162
7351
-1386
1024
-1110
-2825
1268
1922187
7883
-1210
1028
-1174
-2969
1755
1923212
8650
-991
1124
-1195
-1938
2133
1924237
8485
-1019
1040
-1354
-320
2721
1925262
7590
-1302
751
-1328
-186
3039
1918080
7470
-1373
552
-1036
-385
3090
1919105
6989
-1091
480
-987
2011
3947
1920130
3971
-816
532
-816
4367
4718
1921155
818
-612
685
-567
1969
4206
1922180
264
-255
585
-664
624
4124
1923205
338
-31
280
-763
1226
4196
1924230
238
41
90
-790
970
4185
1925255
33
95
82
-898
1317
4213
1926280
-466
56
118
-867
749
4039
1927305
-297
30
112
-853
59
4033
1928330
116
52
44
-945
621
4140
1929355
-66
50
19
-994
897
4057
1930380
-362
39
64
-1073
437
3967
1931405
-191
-15
48
-1053
179
3972
1932430
30
-34
25
-1027
695
4040
1933455
-208
-52
60
-1040
794
4024
1926272
-392
-86
68
-1021
346
4079
1927297
-230
-142
-8
-957
200
4105
1928322
62
-192
-96
-782
392
4127
1929347
38
-165
-81
-778
700
4224
1930372
-162
-154
-37
-775
337
4238
1931397
-94
-123
-34
-800
268
4246
1932422
-73
-94
-39
-816
521
4213
1933447
-123
-91
-38
-850
320
4196
1934472
24
-96
-45
-875
337
4298
1935497
31
-97
-32
-876
538
4195
1936522
-99
-90
-5
-833
404
4109
1937547
-93
-65
6
-872
305
4182
1938572
-15
-82
-9
-849
282
4240
1939597
20
-100
-13
-827
371
4259
1940622
-13
-117
-12
-757
294
4213
1941647
-10
-80
-15
-742
324
4235
1934463
-52
-40
-3
-767
368
4294
1935488
-43
-30
3
-748
228
4272
1936513
35
-5
12
-780
380
4244
1937538
21
0
30
-785
415
4222
1938563
-7
6
39
-782
393
4191
1939588
10
3
17
-769
356
4183
1940613
59
1
-11
-759
384
4210
1941638
35
3
-13
-775
464
4195
1942663
-24
-2
-1
-788
360
4167
1943688
13
7
-1
-784
452
4177
1944713
-31
39
3
-779
616
4180
1945738
-175
81
-4
-780
674
4146
1946763
-308
133
-26
-763
740
4060
1947788
-642
243
-52
-764
1123
3991
1948813
-1571
425
-12
-854
1654
3913
1949838
-2993
537
64
-983
1407
3754
1942656
-4160
592
27
-998
430
3765
1943681
-4653
664
-143
-987
-536
3999
1944706
-4619
698
-299
-940
-1203
4134
1945731
-4568
726
-398
-873
-1476
4054
1946756
-4556
779
-448
-863
-1844
3807
1947781
-4466
843
-467
-953
-2265
3486
1948806
-4375
888
-534
-1036
-2614
3128
1949831
-4319
949
-593
-1083
-2848
2887
1950856
-4424
991
-589
-1190
-2925
2649
1951881
-4508
963
-570
-1214
-3350
2256
1952906
-4177
934
-552
-1180
-3888
1811
1953931
-3619
941
-499
-1192
-3819
1610
1954956
-3539
939
-426
-1203
-3572
1388
1955981
-3835
900
-378
-1182
-3733
1044
1957006
-3992
876
-269
-1193
-3998
657
1958031
-3988
870
-202
-1203
-4223
226
1950848
-3768
869
-172
-1159
-4327
-40
1951873
-3563
878
-106
-1164
-4086
-220
1952898
-3486
822
-86
-1162
-3963
-454
1953923
-3377
735
-77
-1158
-3970
-791
1954948
-3152
622
-68
-1156
-4123
-1299
1955973
-2891
527
-41
-1200
-3995
-1771
1956998
-2458
464
-67
-1181
-4099
-2094
1958023
-1694
428
-81
-1160
-4294
-2123
1959048
-992
393
-52
-1159
-4027
-2088
1960073
-630
325
-38
-1147
-3859
-2198
1961098
-473
266
-21
-1111
-3769
-2281
1962123
-397
205
-9
-1066
-3769
-2247
1963148
-208
151
-14
-1052
-3880
-2230
1964173
133
116
-19
-1077
-3792
-2121
1965198
222
64
-9
-1094
-3481
-1949
1966223
-27
-3
-8
-1085
-3591
-1947
1959040
-55
-34
-26
-1070
-3876
-1956
1960065
225
-32
-43
-1053
-3811
-1862
1961090
346
-41
-42
-1055
-3611
-1726
1962115
204
-52
-50
-1051
-3648
-1693
1963140
103
-42
-53
-1046
-3760
-1695
1964165
125
-34
-58
-1012
-3769
-1638
1965190
142
-27
-56
-1019
-3747
-1646
1966215
115
-13
-54
-1013
-3710
-1645
1967240
44
-8
-50
-988
-3759
-1648
1968265
6
3
-46
-983
-3839
-1669
1969290
44
14
-42
-990
-3805
-1688
1970315
34
17
-28
-1008
-3753
-1674
1971340
-10
17
-23
-1003
-3798
-1697
1972365
7
24
-17
-1004
-3805
-1723
1973390
30
26
-13
-996
-3766
-1685
1974415
35
24
-12
-1005
-3785
-1683
1967232
8
21
-9
-984
-3750
-1698
1968257
-44
18
-2
-991
-3809
-1725
1969282
-20
23
-3
-997
-3858
-1736
1970307
82
29
-4
-983
-3876
-1839
1971332
218
28
10
-931
-3950
-2241
1972357
496
-14
11
-873
-4224
-2604
1973382
1137
-137
11
-1048
-4656
-2520
1974407
2092
-366
87
-1267
-4841
-2599
1975432
3220
-636
142
-1189
-5023
-2686
1976457
4328
-823
193
-1091
-4832
-2092
1977482
5188
-1074
289
-1003
-4532
-1524
1978507
6114
-1398
361
-841
-5051
-1460
1979532
7663
-1580
394
-731
-5500
-1185
1980557
9786
-1609
572
-681
-4897
-845
1981582
11953
-1606
891
-570
-4107
-569
1982607
13724
-1261
1220
-502
-3017
203
1975425
14661
-1018
1475
-767
-955
1557
1976450
12866
-1089
1727
-998
2362
3085
1977475
7002
-886
2029
-1212
4904
3322
1978500
1328
-563
1962
-333
3385
2628
1979525
210
-46
1808
-256
978
3504
1980550
925
255
1471
-648
2516
4267
1981575
138
233
1132
-946
3516
3927
1982600
-859
-26
716
-705
1543
3604
1983625
-78
-111
360
-571
950
3925
1984650
325
-67
168
-605
2183
4217
1985675
-391
-89
75
-555
1321
4182
1986700
-316
-77
-28
-661
163
4212
1987725
128
-17
-122
-805
796
4083
1988750
-155
24
-115
-910
894
3973
1989775
-359
39
-84
-982
213
4198
1990800
-123
33
-81
-1014
322
4258
1983616
-67
16
-60
-943
684
4110
1984641
-228
32
-17
-875
632
4115
1985666
-233
43
-4
-852
453
4201
1986691
-103
27
-22
-843
571
4168
1987716
-125
17
-12
-876
681
4086
1988741
-229
15
4
-880
590
4094
1989766
-227
-3
-5
-902
426
4110
1990791
-61
-29
-45
-860
354
4163
1991816
35
-25
-51
-858
551
4220
1992841
-91
-13
-16
-881
566
4190
1993866
-153
-8
4
-900
379
4140
1994891
-36
-2
-19
-880
373
4157
1995916
50
-1
-45
-868
450
4174
1996941
14
8
-31
-876
532
4232
1997966
-113
6
13
-923
457
4134
1998991
-154
-8
34
-937
374
4045
1991808
-91
-18
38
-908
444
4117
1992833
-53
-33
26
-872
494
4183
1993858
-55
-43
13
-861
570
4153
1994883
-132
-44
22
-872
679
4072
1995908
-289
-32
42
-887
702
4006
1996933
-475
-27
51
-884
587
4066
1997958
-462
-87
6
-851
129
4140
1998983
-211
-108
-57
-877
375
4145
2000008
-315
-121
-58
-824
747
4066
2001033
-783
-66
-5
-794
617
4080
2002058
-1055
-46
27
-900
-21
4195
2003083
-601
-127
-62
-846
-646
4338
2004108
122
-170
-193
-763
-290
4370
2005133
239
-151
-171
-801
340
4310
2006158
-128
-137
-66
-795
61
4215
2007183
-205
-84
-20
-829
-205
4232
1999999
-31
-90
-43
-820
-136
4262
2001024
117
-118
-60
-738
25
4271
2002049
101
-128
-40
-680
134
4289
2003074
5
-117
-9
-667
94
4269
2004099
-20
-100
5
-697
30
4262
2005124
52
-93
-15
-697
65
4208
2006149
78
-69
-25
-711
274
4250
2007174
-47
-66
-35
-672
189
4291
2008199
-42
-63
-63
-633
41
4288
2009224
-2
-35
-84
-648
233
4275
2010249
-101
-15
-94
-652
197
4237
2011274
-172
17
-113
-710
162
4234
2012299
-177
26
-142
-777
233
4215
2013324
-193
-10
-180
-792
231
4135
2014349
-206
-46
-234
-786
411
3963
2015374
-321
-76
-252
-718
514
4027
2008192
-510
-95
-274
-595
42
4290
2009217
-449
-95
-306
-611
-268
4408
2010242
-183
-126
-340
-574
-329
4302
2011267
-49
-62
-335
-632
18
4267
2012292
-277
-11
-287
-682
100
4294
2013317
-499
3
-259
-665
-389
4331
2014342
-356
7
-254
-716
-628
4302
2015367
-101
-36
-243
-712
-414
4193
2016392
-84
-54
-212
-690
-199
4141
2017417
-228
-57
-173
-686
-282
4197
2018442
-246
-76
-170
-657
-588
4291
2019467
-40
-95
-182
-626
-599
4329
2020492
73
-80
-166
-609
-340
4314
2021517
-76
-58
-125
-609
-250
4313
2022542
-213
-43
-87
-615
-465
4310
2023567
-126
-37
-85
-621
-567
4326
2016384
26
-32
-94
-605
-454
4294
2017409
41
-12
-79
-622
-345
4276
2018434
-42
-5
-43
-642
-351
4276
2019459
-59
-91
-57
-192
-164
4170
2020484
-69
52
-82
-401
-349
4117
2021509
80
531
-38
-705
-509
4299
2022534
186
434
61
-852
-325
4296
2023559
