Device = VHR-0009
time_stamp = 1779777257355
sample_rate = 50
Data format = INT16
TYPE = 6-AXIS IMU RAW DATA
6
3
12
74
-4155
1192
156800
2
6
16
59
-4113
1211
157825
-25
5
25
69
-4137
1175
158850
-11
4
35
25
-4203
1156
159875
17
-1
16
22
-4158
1182
160900
16
-5
0
40
-4151
1180
161925
12
-8
-5
65
-4149
1184
162950
13
-8
6
55
-4153
1184
163975
9
-8
7
43
-4143
1195
165000
-12
-8
-1
51
-4120
1204
166025
-25
-8
3
57
-4169
1168
167050
-6
-9
8
36
-4162
1169
168075
3
-13
1
42
-4144
1186
169100
-2
-17
-3
54
-4154
1176
170125
4
-19
1
39
-4163
1178
171150
7
-26
-1
48
-4154
1186
172175
7
-31
1
54
-4160
1189
164992
4
-30
6
69
-4145
1187
166017
0
-29
13
55
-4141
1195
167042
-15
-30
13
68
-4140
1187
168067
-15
-23
20
62
-4163
1177
169092
-4
-19
19
46
-4176
1177
170117
0
-17
9
53
-4138
1187
171142
-8
-12
13
76
-4140
1181
172167
-5
-6
25
50
-4168
1175
173192
-12
-6
19
38
-4145
1188
174217
-23
-6
11
46
-4161
1182
175242
-31
-7
10
50
-4158
1168
176267
-21
-7
13
38
-4175
1162
177292
-11
-5
7
36
-4153
1176
178317
-13
-5
2
41
-4153
1175
179342
-19
-7
2
49
-4135
1178
180367
-19
-11
11
62
-4161
1148
173184
0
-11
18
38
-4177
1155
174209
11
-11
9
38
-4153
1166
175234
4
-6
1
40
-4145
1183
176259
-10
-7
-1
64
-4145
1170
177284
-7
-3
12
44
-4158
1175
178309
-14
-6
7
26
-4147
1177
179334
-16
-8
-3
24
-4173
1163
180359
-4
-8
-12
53
-4161
1158
181384
6
-6
-5
72
-4155
1159
182409
11
-1
8
64
-4152
1175
183434
7
0
15
54
-4143
1184
184459
-2
-2
18
38
-4162
1166
185484
2
-4
13
33
-4161
1158
186509
7
-4
6
41
-4160
1154
187534
12
0
4
38
-4173
1165
188559
10
-1
-1
44
-4142
1180
181377
-2
-4
-1
50
-4150
1179
182402
-9
-4
2
51
-4137
1178
183427
-22
-5
8
52
-4146
1176
184452
-22
-4
15
36
-4183
1149
185477
1
-3
12
27
-4187
1146
186502
21
-5
3
45
-4163
1168
187527
17
-1
2
57
-4151
1184
188552
4
3
9
46
-4146
1195
189577
-14
2
10
40
-4143
1176
190602
-18
-1
7
28
-4171
1155
191627
1
-1
-1
42
-4162
1160
192652
14
2
2
57
-4158
1163
193677
17
2
7
36
-4153
1184
194702
11
-2
6
28
-4157
1181
195727
8
-7
1
30
-4156
1182
196752
-6
-8
-7
54
-4123
1203
189569
-26
-8
5
71
-4166
1165
190594
-9
-3
21
38
-4182
1153
191619
10
-4
14
20
-4163
1171
192644
10
-3
-2
33
-4155
1183
193669
6
1
-5
39
-4151
1185
194694
-6
3
-7
42
-4139
1197
195719
-24
0
-4
53
-4147
1179
196744
-28
-1
3
41
-4160
1168
197769
-13
-6
7
50
-4169
1157
198794
5
-7
11
45
-4157
1163
199819
5
-8
12
46
-4153
1169
200844
0
-8
12
36
-4151
1177
201869
-15
-8
7
31
-4154
1183
202894
-19
-9
1
35
-4164
1169
203919
-12
-7
-6
39
-4156
1170
204944
-9
-4
-4
48
-4160
1159
197759
8
-5
2
46
-4174
1163
198784
18
-6
6
44
-4155
1178
199809
12
-7
11
37
-4155
1180
200834
1
-10
8
24
-4154
1172
201859
4
-12
0
42
-4162
1162
202884
10
-8
0
61
-4143
1173
203909
8
0
8
56
-4158
1178
204934
12
1
16
41
-4169
1178
205959
9
-1
11
31
-4141
1177
206984
-1
-6
5
35
-4159
1171
208009
-4
-6
3
48
-4162
1182
209034
-8
-5
6
53
-4152
1172
210059
-3
0
12
36
-4173
1161
211084
6
0
7
25
-4159
1176
212109
6
-3
0
37
-4165
1174
213134
12
-5
-2
42
-4161
1179
205952
9
-6
-1
33
-4158
1166
206977
16
-6
-6
37
-4161
1179
208002
4
-5
-8
70
-4097
1210
209027
-22
0
17
73
-4163
1162
210052
-15
2
27
15
-4171
1161
211077
-8
-3
9
10
-4162
1169
212102
0
-2
-9
25
-4177
1165
213127
7
-2
-16
55
-4144
1178
214152
13
-1
-4
54
-4152
1183
215177
11
-3
3
40
-4142
1193
216202
-4
-6
3
53
-4136
1198
217227
-16
-6
12
53
-4166
1167
218252
0
-4
17
26
-4174
1167
219277
10
-7
2
29
-4159
1177
220302
10
-6
-9
36
-4151
1189
221327
7
-6
-9
48
-4152
1189
214144
2
-5
-4
58
-4144
1195
215169
-9
-6
2
68
-4144
1177
216194
-2
-4
13
33
-4184
1165
217219
15
-7
0
36
-4161
1177
218244
21
-6
-7
54
-4147
1191
219269
15
-4
2
67
-4142
1186
220294
7
-4
11
47
-4150
1186
221319
2
-5
11
40
-4152
1186
222344
0
-3
7
48
-4149
1186
223369
1
1
10
51
-4153
1188
224394
4
3
14
40
-4152
1190
225419
3
3
15
39
-4153
1186
226444
6
1
14
26
-4161
1187
227469
5
-2
3
31
-4153
1189
228494
7
-2
0
42
-4157
1182
229519
11
-1
-2
52
-4160
1186
222335
12
-3
1
44
-4143
1200
223360
7
-4
5
42
-4152
1204
224385
-3
-6
5
43
-4135
1202
225410
-11
-8
7
38
-4163
1188
226435
-3
-8
0
44
-4155
1180
227460
13
-5
0
49
-4159
1185
228485
22
-1
3
61
-4144
1198
229510
22
2
12
44
-4148
1201
230535
9
2
5
17
-4135
1217
231560
-14
-3
-8
43
-4143
1204
232585
-21
-3
-9
58
-4155
1189
233610
-14
-4
-2
55
-4148
1195
234635
-9
-5
9
60
-4158
1190
235660
6
-6
16
28
-4169
1178
236685
19
-6
5
28
-4159
1193
237710
23
-4
-4
34
-4151
1195
230528
26
-1
-8
41
-4136
1213
231553
6
-2
-11
56
-4118
1214
232578
-10
-2
-1
44
-4154
1208
233603
-21
-5
-3
52
-4124
1212
234628
-30
-5
5
55
-4159
1184
235653
-15
-5
12
48
-4172
1175
236678
6
-5
10
45
-4156
1186
237703
12
-5
7
41
-4147
1198
238728
8
-7
7
57
-4139
1206
239753
4
-7
14
45
-4153
1194
240778
-2
-6
11
36
-4149
1192
241803
-1
-4
7
39
-4158
1190
242828
0
-3
-1
36
-4149
1200
243853
1
-4
-2
56
-4149
1200
244878
3
-4
6
47
-4156
1196
245903
0
-6
3
32
-4145
1207
238720
-12
-7
-5
59
-4138
1197
239745
-12
-6
6
59
-4166
1177
240770
10
-5
12
36
-4170
1180
241795
27
-8
5
42
-4152
1198
242820
24
-8
-1
38
-4144
1219
243845
6
-8
-4
54
-4130
1216
244870
-6
-6
2
58
-4150
1192
245895
-5
-5
7
42
-4159
1197
246920
3
-5
4
41
-4162
1202
247945
11
-5
0
57
-4145
1199
248970
13
-2
6
52
-4134
1207
249995
13
1
10
39
-4157
1205
251020
13
1
6
32
-4148
1208
252045
5
2
-4
40
-4127
1223
253070
-14
-1
-8
50
-4146
1208
254095
-21
-4
-6
55
-4151
1195
246912
-12
-5
4
66
-4149
1206
247937
-8
-6
13
68
-4144
1203
248962
-5
-4
20
40
-4155
1189
249987
0
-4
13
37
-4145
1198
251012
-3
-7
6
40
-4146
1204
252037
-3
-8
2
41
-4159
1198
253062
-6
-7
0
43
-4140
1210
254087
-17
-7
-1
36
-4147
1198
255112
-13
-7
-3
42
-4165
1188
256137
0
-6
-6
59
-4156
1189
257162
11
-4
0
64
-4152
1191
258187
12
-4
6
63
-4128
1211
259212
-5
-5
13
52
-4145
1206
260237
-8
-5
14
33
-4166
1194
261262
3
-5
6
43
-4157
1190
262287
12
-2
3
45
-4143
1208
255105
9
0
4
47
-4133
1210
256130
-3
-1
6
39
-4139
1209
257155
-14
-5
2
41
-4141
1207
258180
-12
-6
4
41
-4153
1194
259205
-4
-4
2
52
-4155
1189
260230
14
-3
0
51
-4174
1196
261255
18
-3
-2
53
-4123
1221
262280
2
-4
5
49
-4135
1214
263305
-14
-7
5
45
-4138
1207
264330
-15
-8
6
55
-4164
1187
265355
-4
-6
4
49
-4137
1201
266380
0
-4
4
46
-4158
1196
267405
6
-4
5
36
-4156
1197
268430
7
-7
-1
40
-4137
1208
269455
-5
-8
-4
62
-4131
1217
270480
-19
-8
3
80
-4146
1195
263295
-6
-1
23
49
-4173
1184
264320
11
1
18
30
-4141
1203
265345
-6
-1
9
55
-4115
1220
266370
-23
-1
20
41
-4168
1199
267395
-12
-5
15
13
-4169
1189
268420
-6
-9
-3
30
-4143
1195
269445
-3
-8
-11
55
-4160
1186
270470
0
-7
-5
70
-4132
1208
271495
-1
-7
16
54
-4162
1200
272520
5
-6
17
21
-4150
1198
273545
1
-7
3
36
-4141
1204
274570
-5
-6
-3
47
-4152
1194
275595
5
-4
-2
47
-4152
1190
276620
11
-5
-2
42
-4137
1205
277645
0
-5
-3
56
-4128
1211
278670
-6
-6
4
50
-4158
1202
271488
1
-6
2
39
-4153
1195
272513
12
-7
-1
48
-4171
1189
273538
25
-3
-5
52
-4139
1214
274563
13
-4
-1
86
-4109
1237
275588
-12
-2
23
66
-4145
1204
276613
-15
-2
24
17
-4135
1199
277638
-19
-4
6
37
-4160
1193
278663
-3
-3
0
51
-4194
1181
279688
23
-2
2
46
-4146
1206
280713
26
-3
2
42
-4128
1230
281738
-9
-5
-2
54
-4099
1221
282763
-28
-4
8
52
-4170
1200
283788
-19
-5
8
38
-4163
1193
284813
-5
-6
1
40
-4159
1184
285838
10
-4
-1
49
-4160
1201
286863
16
-2
4
52
-4143
1209
279796
10
-3
7
35
-4138
1207
280821
-6
-5
0
39
-4132
1217
281846
-22
-4
-3
52
-4154
1207
282871
-19
-3
1
62
-4151
1196
283896
-12
-2
8
51
-4142
1186
284921
-3
-2
9
28
-4166
1201
285946
6
-6
4
44
-4166
1196
286971
12
-5
3
51
-4139
1203
287996
4
-3
4
60
-4123
1201
289021
-3
2
11
39
-4156
1204
290046
-5
-1
4
22
-4161
1210
291071
-12
-6
-7
34
-4144
1201
292096
-17
-9
-12
63
-4148
1190
293121
-6
-8
-3
58
-4161
1185
294146
13
-4
9
57
-4162
1194
295171
23
-3
14
41
-4152
1210
287873
9
-7
7
48
-4122
1224
288898
-16
-7
8
39
-4147
1201
289923
-19
-8
4
37
-4164
1191
290948
-3
-7
-1
40
-4165
1190
291973
8
-5
-4
60
-4148
1197
292998
10
-4
1
57
-4135
1212
294023
-2
-4
7
49
-4131
1211
295048
-6
-6
13
40
-4157
1192
296073
-3
-7
8
41
-4157
1202
297098
2
-6
4
55
-4152
1198
298123
13
-3
9
61
-4152
1199
299148
13
-1
14
60
-4125
1217
300173
3
-1
18
36
-4148
1216
301198
-10
-4
7
37
-4140
1210
302223
-16
-7
5
37
-4164
1191
303248
-7
-7
0
38
-4159
1191
296065
2
-5
-4
46
-4147
1199
297090
3
-3
-2
60
-4135
1209
298115
-1
-3
7
50
-4143
1209
299140
-3
-4
13
42
-4154
1202
300165
-4
-5
11
39
-4149
1202
301190
-1
-6
7
41
-4149
1197
302215
1
-4
3
46
-4147
1205
303240
-2
-4
1
51
-4140
1214
304265
-5
-4
3
38
-4153
1199
305290
-1
-5
0
41
-4155
1207
306315
-3
-6
-2
58
-4135
1211
307340
-6
-4
5
52
-4151
1196
308365
0
-5
8
48
-4147
1194
309390
7
-4
9
60
-4140
1204
310415
8
0
12
47
-4148
1210
311440
6
0
10
40
-4150
1200
304256
7
-1
4
19
-4144
1205
305281
1
-4
-11
44
-4133
1213
306306
-9
-4
-13
69
-4140
1210
307331
-8
-2
1
60
-4147
1209
308356
-2
-4
12
60
-4162
1194
309381
16
-4
15
38
-4159
1197
310406
19
-5
8
35
-4145
1214
311431
12
-5
3
37
-4147
1228
312456
-8
-6
-1
52
-4128
1213
313481
-6
-5
1
42
-4154
1208
314506
-4
-4
-2
45
-4140
1204
315531
-3
-3
0
59
-4148
1206
316556
-3
-2
2
54
-4130
1200
317581
11
-4
10
40
-4183
1207
318606
20
-6
3
44
-4131
1210
319631
5
-5
1
53
-4113
1219
312450
-11
-4
5
69
-4156
1216
313475
-8
-1
14
44
-4142
1207
314500
-8
0
11
44
-4129
1204
315525
-3
2
7
43
-4158
1212
316550
1
2
5
47
-4145
1224
317575
-6
1
6
57
-4126
1216
318600
-16
-1
10
46
-4139
1211
319625
-17
-6
11
35
-4163
1192
320650
-8
-6
2
36
-4152
1211
321675
-8
-5
-3
45
-4133
1204
322700
-13
-4
1
52
-4136
1201
323725
-9
-4
10
45
-4169
1195
324750
4
-5
11
31
-4158
1196
325775
8
-5
2
36
-4134
1201
326800
2
-3
-6
38
-4145
1206
327825
-8
-4
-6
64
-4142
1217
320641
-14
-3
8
55
-4148
1207
321666
-12
-5
11
31
-4142
1202
322691
-15
-8
1
44
-4154
1190
323716
-3
-3
-1
62
-4154
1201
324741
10
1
10
52
-4148
1205
325766
14
1
15
29
-4147
1204
326791
14
-2
8
13
-4154
1216
327816
-3
-5
-12
34
-4121
1230
328841
-24
-6
-13
62
-4146
1202
329866
-16
-6
-4
61
-4160
1193
330891
2
-5
1
61
-4158
1197
331916
12
-5
5
63
-4153
1197
332941
16
-2
12
44
-4139
1203
333966
11
-5
11
28
-4136
1222
334991
-6
-9
2
42
-4130
1224
336016
-22
-10
-3
42
-4148
1202
328832
-18
-8
-5
43
-4159
1184
329857
6
-7
-7
50
-4163
1190
330882
21
-6
-3
67
-4138
1217
331907
11
-3
9
66
-4122
1228
332932
-19
-4
15
50
-4133
1216
333957
-29
-5
16
38
-4168
1191
334982
-19
-6
7
45
-4158
1186
336007
2
-2
4
60
-4155
1182
337032
15
4
5
56
-4140
1210
338057
12
6
13
43
-4141
1223
339082
1
5
12
34
-4143
1220
340107
-18
0
3
46
-4138
1207
341132
-31
0
0
47
-4140
1202
342157
-35
-1
7
56
-4152
1196
343182
-27
-2
15
49
-4158
1184
344207
-7
-4
18
29
-4171
1181
337024
4
-6
7
41
-4151
1201
338049
1
-6
4
43
-4152
1199
339074
-2
-5
4
36
-4157
1202
340099
-5
-4
0
39
-4151
1205
341124
-11
-2
0
51
-4135
1202
342149
-18
1
5
50
-4145
1189
343174
-17
1
10
42
-4139
1198
344199
-18
-2
16
57
-4158
1181
345224
-2
2
26
25
-4165
1183
346249
5
1
18
28
-4150
1194
347274
-5
1
8
37
-4150
1202
348299
-15
-1
6
19
-4168
1202
349324
-20
-5
-3
17
-4142
1201
350349
-35
-9
-10
60
-4133
1197
351374
-33
-6
7
66
-4173
1167
352399
-9
-3
22
35
-4159
1178
345216
4
-5
24
38
-4154
1184
346241
7
-5
21
28
-4158
1193
347266
-1
-5
13
18
-4132
1202
348291
-16
-7
8
26
-4152
1182
349316
-11
-3
4
45
-4162
1172
350341
-4
9
6
57
-4128
1194
351366
-16
23
19
43
-4135
1189
352391
-24
32
24
58
-4153
1197
353416
-59
43
30
61
-4097
1261
354441
-153
51
50
104
-4073
1243
355466
-146
48
108
149
-4232
1110
356491
-53
51
169
62
-4173
1136
357516
-65
49
211
143
-4145
1197
358541
-90
97
291
288
-4456
1127
359566
-84
191
369
173
-4818
1151
360591
95
278
368
155
-4875
1250
353409
159
409
341
35
-4898
602
354434
414
517
163
-408
-5318
467
355459
950
481
-198
-682
-5887
1153
356484
1579
361
-527
-315
-6241
1240
357509
2336
380
-941
351
-6786
1064
358534
2542
654
-1231
-91
-6606
756
359559
2599
843
-1557
142
-5537
966
360584
2941
941
-1759
244
-5183
1339
361609
3380
1043
-1838
-127
-5004
1361
362634
3752
1101
-2087
-199
-3900
1758
363659
3643
1127
-2267
-160
-3254
2145
364684
3308
1136
-2381
-19
-3155
2197
365709
3438
1153
-2427
-100
-3257
2190
366734
3889
1116
-2494
-312
-2857
2305
367759
4218
1079
-2669
-453
-2200
2526
368784
4216
1018
-2863
-625
-2046
2756
361600
4274
853
-3041
-644
-1993
2849
362625
4431
678
-3165
-692
-1458
2698
363650
4182
601
-3268
-706
-276
2686
364675
3403
538
-3295
-673
565
2815
365700
2502
437
-3224
-747
785
2951
366725
1488
385
-3108
-669
1516
2966
367750
648
432
-2923
-671
1709
2991
368775
235
414
-2623
-901
1486
3194
369800
161
370
-2333
-894
1894
3316
370825
196
322
-2009
-772
2241
3720
371850
295
235
-1582
-876
2176
4060
372875
461
86
-1220
-724
2360
4170
373900
403
3
-884
-308
2662
4178
374925
106
-32
-457
-170
2284
4255
375950
8
-58
-104
-313
1629
4637
376975
98
-114
46
-262
1374
4852
369793
76
-200
191
-109
1344
4508
370818
8
-243
311
-8
1074
4208
371843
-27
-244
340
50
761
4239
372868
-4
-244
332
5
695
4454
373893
-43
-272
289
51
749
4401
374918
-91
-283
242
133
587
4173
375943
-70
-266
203
156
609
4040
376968
-16
-225
129
142
815
4115
377993
-58
-190
70
115
680
4139
379018
-116
-179
27
205
654
4038
380043
-97
-135
4
257
675
4067
381068
-104
-97
18
177
821
4118
382093
-194
-86
22
152
905
3970
383118
-213
-75
20
193
676
3861
384143
-102
-37
-15
258
453
4056
385168
26
9
-20
193
547
4277
377983
72
25
-29
118
660
4290
379008
-1
13
-45
232
764
4071
380033
-52
39
-37
283
753
4000
381058
-30
74
-22
144
627
4228
382083
13
51
-29
139
696
4412
383108
-18
7
-2
229
788
4248
384133
-46
-2
39
260
810
4076
385158
-41
25
55
187
780
4189
386183
-83
7
83
98
688
4311
387208
-107
-49
103
157
637
4189
388233
-53
-72
103
255
536
4086
389258
30
-47
99
237
613
4143
390283
37
-38
79
212
648
4265
391308
-56
-49
52
303
629
4101
392333
-62
-17
37
347
593
4015
393358
-2
9
30
299
548
4167
386176
44
18
23
252
562
4282
387201
6
10
5
327
677
4131
388226
-30
16
-3
345
658
4083
389251
-11
25
8
220
633
4233
390276
3
7
-13
210
614
4260
391301
-35
-36
-18
370
667
4127
392326
-57
-34
24
342
715
4108
393351
-46
-22
24
207
596
4240
394376
12
-17
-20
205
484
4293
395401
41
-28
-20
211
485
4165
396426
61
-40
-13
229
729
4099
397451
24
-17
-27
172
739
4204
398476
-50
2
-55
190
620
4252
399501
-125
-6
-39
298
669
4141
400526
-114
12
2
241
557
4081
401551
25
44
-17
182
490
4132
394368
115
66
-46
223
756
4226
395393
11
49
-21
234
782
4236
396418
-82
34
-7
275
547
4127
397443
10
54
4
244
545
4180
398468
121
68
5
156
732
4391
399493
-3
23
11
192
674
4257
400518
-150
-30
28
373
695
4013
401543
-190
-1
52
322
784
4166
402568
-261
20
26
175
578
4391
403593
-256
-23
-16
157
210
4335
404618
-119
-58
-43
288
376
4236
405643
23
-52
-14
259
765
4337
406668
37
-55
31
114
907
4420
407693
-109
-89
73
95
1013
4351
408718
-299
-125
159
160
1056
4264
409743
-401
-129
268
139
1026
4243
402559
-372
-124
357
73
1136
4366
403584
-412
-149
482
49
1374
4414
404609
-703
-172
660
30
1558
4462
405634
-1010
-267
902
-115
1465
4653
406659
-1101
-418
1164
-370
1292
4829
407684
-1376
-648
1439
-487
1457
4501
408709
-1923
-940
1715
-369
1550
3979
409734
-2424
-1173
1974
-277
973
3795
410759
-2677
-1283
2109
-325
239
3863
411784
-2765
-1439
2201
-359
-325
3656
412809
-2619
-1626
2284
-208
-609
3188
413834
-2528
-1712
2284
232
-580
2907
414859
-2594
-1627
2367
321
-696
2950
415884
-2773
-1549
2534
-77
-1446
2828
416909
-2920
-1639
2509
12
-2013
2378
417934
-2989
-1656
2399
520
-1851
2352
410752
-3000
-1458
2515
339
-2316
2494
411777
-2786
-1394
2727
-510
-3584
1954
412802
-2340
-1742
2488
-238
-3223
1003
413827
-1873
-1707
2194
370
-2533
1025
414852
-2165
-1422
2298
-78
-3362
1523
415877
-2531
-1448
2192
-127
-3812
1475
416902
-2536
-1515
2008
442
-3703
905
417927
-2533
-1308
2091
147
-4506
462
418952
-2214
-1160
2055
-452
-5169
568
419977
-1880
-1203
1703
-244
-4780
618
421002
-1884
-1107
1468
139
-4707
169
422027
-2083
-816
1420
-136
-5541
-192
423052
-1955
-645
1241
-442
-6031
-392
424077
-1348
-609
925
-155
-5734
-450
425102
-768
-515
715
275
-5231
-428
426127
-412
-310
671
232
-5170
-163
418949
211
-213
583
204
-7285
520
419974
642
-142
-212
56
-9933
621
420999
-1085
-108
-1252
477
-3132
-474
422024
-415
-89
-172
708
-1655
239
423049
-90
229
456
-368
-4917
376
424074
1077
25
180
-544
-5372
542
425099
1077
-1
-96
-286
-4211
795
426124
537
84
-153
-223
-4164
990
427149
280
55
-286
-122
-3875
1070
428174
124
64
-265
-59
-4184
777
429199
107
49
-244
-40
-4480
839
430224
-115
-4
-249
-9
-4168
913
431249
-281
-54
-165
33
-4195
728
432274
-186
-93
-84
23
-4449
492
433299
56
-121
-39
6
-4385
542
434324
140
-126
-3
18
-4194
739
427136
63
-120
24
48
-4211
761
428161
83
-108
37
8
-4317
668
429186
181
-94
16
-9
-4269
709
430211
185
-73
0
32
-4163
849
431236
156
-49
12
59
-4146
912
432261
88
-21
35
-6
-4200
851
433286
32
-12
18
-57
-4252
787
434311
20
-18
-37
-46
-4227
815
435336
-10
-24
-69
13
-4209
867
436361
-83
-33
-48
42
-4197
797
437386
-65
-41
-5
23
-4310
704
438411
29
-51
4
14
-4296
720
439436
80
-55
3
31
-4193
827
440461
26
-55
31
42
-4219
795
441486
42
-42
48
7
-4282
756
442511
100
-35
28
-11
-4238
805
435328
104
-31
-1
11
-4159
907
436353
3
-22
1
38
-4160
887
437378
-51
-18
30
-1
-4259
789
438403
-18
-22
19
-33
-4268
780
439428
16
-27
-12
7
-4233
826
440453
-6
-22
-19
42
-4213
850
441478
-26
-15
8
44
-4241
774
442503
24
-13
28
-8
-4280
788
443528
49
-22
8
13
-4185
854
444553
19
-27
19
42
-4235
819
445578
40
-27
45
-11
-4299
767
446603
83
-34
31
-32
-4219
816
447628
52
-31
15
0
-4208
881
448653
28
-23
-2
23
-4204
887
449678
12
-16
5
13
-4220
835
450703
13
-11
11
-23
-4257
821
443520
20
-11
-15
-17
-4210
865
444545
-6
-8
-25
31
-4208
856
445570
-16
2
-8
25
-4236
815
446595
19
5
-2
9
-4261
827
447620
34
3
-2
34
-4197
880
448645
0
6
17
38
-4181
862
449670
-18
6
45
4
-4237
829
450695
-2
-1
40
-34
-4263
844
451720
-9
-8
11
-15
-4202
864
452745
-33
-6
8
13
-4202
853
453770
-42
-2
16
9
-4252
830
454795
-28
-4
19
-15
-4257
830
455820
-25
-10
12
10
-4189
860
456845
-48
-10
26
18
-4231
818
457870
-26
-8
35
-50
-4282
809
458895
-2
-18
5
-35
-4254
854
451712
-30
-17
-16
21
-4176
850
452737
-37
-7
7
18
-4247
796
453762
4
-1
21
-23
-4289
815
454787
15
-3
3
-23
-4200
855
455812
-4
-3
-4
1
-4227
826
456837
-2
-4
2
15
-4242
818
457862
18
-3
17
6
-4239
820
458887
30
-1
26
-12
-4240
823
459912
19
-2
20
-6
-4194
846
460937
11
-4
22
2
-4261
821
461962
36
0
26
-30
-4257
842
462987
23
-1
8
-48
-4193
869
464012
-14
-3
-11
-15
-4210
848
465037
-26
-2
-8
5
-4242
851
466062
-26
-1
6
-5
-4242
821
467087
-8
1
8
-41
-4238
820
459906
0
-3
-11
-24
-4228
834
460931
2
-5
-12
0
-4244
828
461956
16
-5
-2
-1
-4235
843
462981
9
-7
5
-1
-4206
851
464006
-5
-7
8
-22
-4243
837
465031
2
-8
-3
-5
-4242
828
466056
9
-5
-5
5
-4209
858
467081
-8
1
2
4
-4205
853
468106
-17
3
16
-17
-4248
828
469131
-5
-3
14
-33
-4242
837
470156
-5
-9
-6
-20
-4211
836
471181
-13
-8
-18
0
-4224
843
472206
-10
-5
-8
21
-4239
815
473231
26
-3
16
11
-4266
814
474256
44
-4
24
-14
-4207
870
475281
11
-4
19
-15
-4194
894
468096
-32
-5
14
-3
-4217
840
469121
-32
-1
18
-11
-4254
806
470146
-15
9
15
-8
-4221
827
471171
-17
17
14
-9
-4227
842
472196
-12
24
19
55
-4225
843
473221
-34
86
61
119
-4099
900
474246
-71
134
166
49
-4209
814
475271
7
107
226
-91
-4475
769
476296
113
49
152
-165
-4227
975
477321
-78
17
93
-172
-4027
996
478346
-231
-6
56
-174
-4227
862
479371
-273
-42
13
-137
-4261
718
480396
-222
-76
8
-77
-4312
536
481421
-25
-88
33
-46
-4504
483
482446
264
-78
56
-60
-4404
601
483471
404
-47
88
-74
-4225
761
476288
345
-5
71
-117
-4233
882
477313
350
2
43
-125
-4140
1048
478338
254
-6
34
-80
-4054
1100
479363
61
7
61
-94
-4133
1041
480388
-85
12
59
-147
-4143
995
481413
-169
1
43
-127
-4227
916
482438
-163
3
45
-101
-4346
727
483463
59
41
71
-49
-4476
616
484488
328
79
146
49
-4532
675
485513
359
153
204
151
-4633
664
486538
366
295
284
258
-4856
839
487563
572
521
377
195
-5387
1094
488588
914
634
284
-49
-5515
1064
489613
1171
665
48
-336
-5067
975
490638
1413
667
-149
-227
-6052
1170
491663
1982
680
-381
-12
-7585
1073
484480
2878
664
-849
-343
-7967
1248
485505
3857
482
-1505
-362
-6798
1269
486530
4392
445
-1852
-358
-5682
1439
487555
4320
454
-2163
-404
-4675
1908
488580
3868
440
-2390
-205
-3817
2119
489605
3696
449
-2491
-153
-3679
2288
490630
3768
432
-2581
-256
-3432
2304
491655
3742
436
-2719
-206
-2678
2129
492680
3656
471
-2820
-99
-2029
1988
493705
3600
515
-2834
-171
-1976
2164
494730
3473
542
-2820
-425
-2129
2328
495755
3655
468
-2875
-509
-1799
2235
496780
3714
441
-3014
-350
-477
2486
497805
3344
511
-3104
-478
-591
2643
498830
2842
456
-3129
-843
-1543
2146
499855
3205
252
-3237
-809
-553
1417
492737
3762
169
-3313
-571
1131
1747
493762
3171
214
-3224
-595
2324
2771
494787
1889
252
-3001
-873
2568
3586
495812
746
98
-2703
-943
2142
3496
496837
476
-36
-2340
-830
2242
3161
497862
862
-70
-2022
-925
2682
3284
498887
1034
-75
-1751
-856
3200
3564
499912
575
-133
-1455
-406
3021
3596
500937
59
-235
-1118
80
2655
3719
501962
208
-217
-756
-228
2457
4328
502987
323
-235
-576
-404
2314
4381
504012
110
-330
-510
126
2282
3856
505037
64
-283
-250
-45
2597
3818
506062
-22
-194
-103
-374
2793
4021
507087
-268
-196
-91
-116
2306
3960
508112
-307
-196
39
-63
1944
3786
500864
40
-129
134
-320
1904
4054
501889
197
-101
124
-217
1907
4066
502914
113
-87
104
126
1950
3854
503939
19
-49
192
54
1749
3765
504964
-56
-22
231
-182
1496
3825
505989
-69
-48
137
64
1502
3880
507014
-34
-57
128
248
1449
3836
508039
-36
-45
123
318
1347
3713
509064
9
-5
95
174
1456
3844
510089
-50
-8
68
64
1643
3902
511114
-224
-45
31
250
1588
3706
512139
-239
-17
21
340
1397
3660
513164
4
40
19
109
1326
3944
514189
97
30
11
-25
1609
4010
515214
-65
-9
-18
202
1747
3670
516239
-117
20
-10
209
1524
3638
509057
48
79
-11
12
1472
4050
510082
18
40
-40
190
1530
4117
511107
-96
6
-14
326
1468
3781
512132
-18
32
26
153
1559
3843
513157
24
49
-3
78
1675
4172
514182
-187
-23
18
249
1660
3930
515207
-255
-41
72
279
1440
3597
516232
-14
2
54
123
1379
3788
517257
227
56
-28
78
1624
4220
518282
74
29
-4
138
1821
4045
519307
-211
33
40
263
1686
3620
520332
-278
74
84
131
1472
3703
521357
-111
94
56
-7
1343
4005
522382
-22
37
-4
287
1229
3857
523407
18
47
19
439
1379
3679
524432
29
90
60
73
1367
3881
517247
48
75
-52
-2
1349
4177
518272
-18
21
-110
189
1354
3950
519297
4
18
-65
120
1517
3856
520322
0
17
-56
28
1593
4000
521347
-52
-8
-47
23
1633
4066
522372
-143
-50
-9
71
1645
3901
523397
-183
-77
24
131
1446
3760
524422
-5
-56
1
153
1347
3938
525447
129
-42
-6
171
1587
4003
526472
7
-42
37
176
1651
3726
527497
-91
-19
68
156
1493
3649
528522
79
26
60
37
1453
3981
529547
137
25
37
16
1364
4059
530572
31
-13
46
162
1331
3763
531597
23
3
44
153
1392
3840
532622
49
38
-3
85
1497
4126
525441
-109
13
-15
150
1492
3935
526466
-163
-10
-7
241
1405
3669
527491
13
17
-1
120
1407
3945
528516
130
31
-25
22
1573
4252
529541
10
-40
-11
162
1632
4048
530566
-95
-83
45
217
1664
3838
531591
-110
-73
97
-27
1706
4085
532616
-138
-105
109
-131
2031
4485
533641
-407
-195
224
-61
2255
4362
534666
-803
-297
432
-29
2154
3914
535691
-1016
-281
576
-59
2442
3968
536716
-1378
-218
705
-174
2644
4369
537741
-1954
-284
937
-208
2496
4390
538766
-2339
-432
1243
-198
2104
4021
539791
-2363
-539
1485
-261
1791
3900
540816
-2316
-624
1688
-354
1661
3973
533632
-2583
-811
1888
-297
1277
3806
534657
-2994
-957
2054
-266
972
3905
535682
-3517
-1078
2199
-423
451
3461
536707
-3792
-1207
2209
-246
-324
3102
537732
-3750
-1292
2169
-64
-773
3197
538757
-3785
-1347
2244
-169
-1102
2769
539782
-4068
-1375
2152
162
-1374
2105
540807
-4277
-1268
2085
417
-1655
2118
541832
-4570
-1168
2152
-39
-1985
2247
542857
-4657
-1285
2052
-383
-2698
1470
543882
-4135
-1501
1815
296
-3201
815
544907
-3195
-1449
1787
585
-3130
1238
545932
-2379
-1359
1942
-57
-3549
1834
546957
-1728
-1590
1893
-344
-3836
1737
547982
-1106
-1891
1743
109
-3588
1262
549007
-579
-1938
1828
379
-3295
1155
541824
-738
-1826
1979
-184
-3728
1024
542849
-1273
-1856
1924
-210
-4294
573
543874
-1559
-1790
1784
402
-4114
332
544899
-1511
-1496
1842
411
-4745
516
545924
-1281
-1277
1832
-78
-5568
272
546949
-1013
-1204
1564
-210
-5377
-622
547974
-679
-1030
1354
39
-5400
-783
548999
-158
-752
1280
14
-6091
24
550024
204
-596
1091
-252
-5999
568
551049
205
-565
792
-253
-4969
424
552074
-3
-450
634
-3
-4657
404
553099
-98
-244
645
-64
-4815
706
554124
204
-228
581
-408
-6271
1344
555149
489
-328
-143
-730
-9857
1862
556174
-1003
-323
-1158
-370
-3145
14
557199
-705
-460
-368
140
-1233
648
550016
-635
-236
77
-351
-4558
868
551041
110
-375
-250
-374
-5732
676
552066
296
-381
-492
-66
-4736
645
553091
251
-281
-431
-1
-4025
1183
554116
198
-247
-324
84
-3958
1227
555141
61
-144
-211
15
-4327
849
556166
146
-112
-123
-83
-4517
813
557191
160
-100
-126
-72
-4147
1059
558216
29
-72
-102
-45
-4103
1109
559241
-43
-47
-95
-53
-4226
931
560266
14
-40
-86
-64
-4343
770
561291
166
-26
-76
-7
-4309
864
562316
302
-11
-71
26
-4182
1004
563341
318
12
-22
-22
-4233
958
564366
376
15
-12
-74
-4266
1020
565391
344
-1
-52
-66
-4116
1157
558208
291
-22
-75
-9
-4075
1221
559233
211
-37
-58
-1
-4138
1178
560258
165
-41
-47
-42
-4152
1165
561283
131
-53
-75
-16
-4110
1224
562308
63
-64
-80
56
-4126
1202
563333
64
-62
-43
64
-4208
1125
564358
143
-55
-5
31
-4218
1100
565383
201
-41
2
36
-4149
1189
566408
189
-27
15
74
-4087
1277
567433
136
-8
48
38
-4084
1254
568458
124
4
58
-29
-4160
1219
569483
118
5
16
-34
-4129
1268
570508
45
1
-26
7
-4050
1354
571533
-66
-5
-25
45
-4058
1289
572558
-95
-2
6
12
-4183
1192
573583
-51
-6
7
-5
-4205
1181
566401
6
-10
-7
14
-4161
1208
567426
15
-8
-13
40
-4111
1250
568451
4
-8
8
36
-4153
1196
569476
40
-4
23
-12
-4187
1212
570501
59
-12
2
0
-4125
1251
571526
38
-11
-10
36
-4085
1297
572551
-17
-8
2
50
-4097
1275
573576
-35
-8
33
7
-4172
1210
574601
-15
-10
22
-19
-4144
1241
575626
-18
-15
0
5
-4133
1244
576651
-26
-9
-8
8
-4157
1221
577676
-15
-2
-10
20
-4152
1227
578701
-9
-1
-7
26
-4138
1228
579726
0
-2
-3
21
-4144
1215
580751
14
-5
-2
32
-4145
1220
581776
33
3
14
68
-4137
1221
574592
56
27
45
31
-4149
1232
575617
61
40
48
-18
-4123
1264
576642
26
37
18
-29
-4107
1292
577667
-18
27
-4
-2
-4122
1268
578692
-42
21
-8
0
-4142
1255
579717
-52
10
-13
-1
-4139
1252
580742
-62
-2
-21
19
-4119
1237
581767
-57
-6
-5
45
-4166
1200
582792
-21
0
19
24
-4168
1209
583817
0
3
23
-4
-4140
1234
584842
-9
2
13
2
-4118
1251
585867
-36
2
5
11
-4105
1252
586892
-55
5
12
9
-4155
1209
587917
-38
8
13
-8
-4168
1217
588942
-44
5
-3
7
-4112
1228
589967
-49
4
6
7
-4175
1187
582785
-26
1
2
-17
-4171
1205
583810
-26
-6
-13
9
-4114
1232
584835
-36
-10
-1
26
-4148
1189
585860
-19
-7
13
-6
-4181
1182
586885
4
-12
3
-2
-4153
1216
587910
-3
-11
-6
19
-4123
1211
588935
-6
-8
7
-7
-4174
1190
589960
10
-9
-1
-16
-4168
1206
590985
-3
-16
-23
16
-4105
1234
592010
-21
-14
-15
51
-4157
1189
593035
5
-5
7
17
-4185
1181
594060
33
-2
4
5
-4143
1216
595085
17
-2
-5
16
-4109
1251
596110
-15
-7
4
29
-4136
1213
597135
-22
-7
22
3
-4172
1188
598160
-7
-13
16
-4
-4164
1200
590977
-2
-16
2
22
-4132
1223
592002
-11
-15
10
25
-4156
1194
593027
9
-13
19
7
-4177
1187
594052
35
-14
14
-7
-4166
1195
595077
46
-14
0
7
-4145
1216
596102
42
-9
-4
11
-4150
1215
597127
36
-4
-5
12
-4141
1223
598152
33
-6
-1
10
-4150
1209
599177
42
-7
-4
8
-4158
1231
600202
34
-3
-12
29
-4118
1251
601227
23
3
0
24
-4151
1219
602252
43
8
8
7
-4171
1229
603277
34
5
3
24
-4076
1312
604302
-26
-3
22
53
-4095
1261
605327
-42
-1
52
3
-4175
1209
606352
-28
-5
37
-35
-4168
1216
599168
-22
-9
3
-19
-4147
1234
600193
-19
-7
-10
15
-4156
1202
601218
5
0
-4
10
-4163
1212
602243
22
0
0
1
-4156
1235
603268
15
-6
-6
10
-4122
1243
604293
-6
-7
-6
19
-4120
1245
605318
-18
-7
1
12
-4150
1224
606343
-5
-7
-2
2
-4174
1205
607368
16
-6
-8
18
-4146
1219
608393
23
-3
-5
35
-4123
1238
609418
16
2
9
19
-4143
1241
610443
7
3
5
-10
-4124
1261
611468
-24
-5
-12
16
-4112
1255
612493
-46
-6
-5
36
-4138
1232
613518
-38
-3
14
28
-4158
1205
614543
-16
-3
17
3
-4156
1221
607359
-15
-5
6
16
-4121
1247
608384
-21
-8
15
30
-4157
1213
609409
0
-5
25
-11
-4166
1207
610434
2
-8
5
-16
-4118
1243
611459
-19
-8
-6
18
-4142
1216
612484
-13
0
2
14
-4170
1200
613509
10
-3
2
-3
-4153
1207
614534
27
-10
-6
11
-4152
1208
615559
42
-13
-8
29
-4153
1223
616584
46
-13
2
41
-4124
1231
617609
66
-8
34
22
-4176
1211
618634
80
-6
28
-17
-4125
1273
619659
43
-9
6
21
-4078
1309
620684
-13
-1
14
35
-4104
1263
621709
-31
5
35
-7
-4151
1239
622734
-29
-1
25
-22
-4156
1228
615552
-20
-6
4
3
-4147
1228
616577
5
-6
7
32
-4177
1183
617602
64
15
34
49
-4150
1215
618627
84
51
58
-15
-4112
1294
619652
34
58
40
-41
-4105
1305
620677
-11
52
30
85
-4126
1281
621702
-43
100
144
231
-4144
1312
622727
-82
191
339
151
-4117
1317
623752
-100
240
480
-52
-4226
1220
624777
-87
259
499
-38
-4335
1290
625802
-207
319
429
69
-4256
1476
626827
-336
387
472
31
-4371
1449
627852
-366
426
540
-98
-5076
1196
628877
-68
453
445
-227
-5267
1118
629902
344
398
208
-149
-4427
895
630927
326
363
124
-7
-5030
1027
623744
350
394
86
-251
-6161
686
624769
1178
426
-62
-574
-7158
906
625794
2428
249
-765
-446
-7158
1044
626819
2722
304
-1240
-364
-5859
1117
627844
2308
480
-1506
-334
-5801
1044
628869
2223
642
-1774
-585
-6354
854
629894
2917
660
-2138
-632
-6074
689
630919
3838
687
-2425
-694
-5344
902
631944
4454
718
-2676
-646
-4217
1301
632969
4433
798
-2918
-630
-2863
1711
633994
4036
850
-3033
-725
-2497
1753
635019
3944
809
-3129
-729
-2614
1688
636044
4307
685
-3247
-582
-1883
2076
637069
4456
652
-3324
-634
-1033
2747
638094
3956
542
-3272
-736
-614
3016
639119
3329
389
-3243
-489
-81
2565
631935
2996
316
-3174
-231
47
2759
632960
2553
277
-2951
-517
272
3551
633985
2164
95
-2823
-526
1082
3618
635010
1634
-58
-2698
-137
1380
3147
636035
1020
-59
-2467
96
1425
2807
637060
1036
3
-2269
-124
1192
3442
638085
1038
-41
-2137
-277
1206
3930
639110
925
-100
-2041
-11
1589
3646
640135
709
-27
-1881
206
1747
3117
641160
805
37
-1646
-70
1596
3524
642185
916
14
-1472
-297
1725
4057
643210
615
-38
-1351
-50
2039
3831
644235
136
3
-1208
267
2246
3478
645260
-82
85
-988
116
2185
3910
646285
-138
103
-779
-153
1987
4347
647310
-260
17
-616
20
1866
4037
640129
-254
-38
-468
301
1769
3924
641154
13
-36
-296
218
1941
4400
642179
63
-56
-132
21
2161
4542
643204
-220
-178
27
140
1812
4028
644229
-321
-259
155
357
1192
3733
645254
8
-233
186
350
949
4122
646279
257
-158
120
250
1101
4363
647304
120
-141
118
209
1262
4058
648329
-150
-164
117
441
1245
3658
649354
-212
-113
112
541
1110
3677
650379
-70
-29
91
340
791
3991
651404
19
-14
21
358
794
4061
652429
39
15
-37
536
1129
4017
653454
-8
45
-6
443
1259
4050
654479
-33
58
15
227
1150
4079
655504
-98
15
-27
344
1054
3991
648320
-97
-9
-37
540
1099
4021
649345
-38
17
8
443
1116
4175
650370
-22
10
22
341
1084
4153
651395
-59
-43
25
442
1133
3941
652420
-96
-38
47
471
1220
3831
653445
-126
-17
74
385
1125
3941
654470
-112
-23
68
431
993
4112
655495
-83
-47
79
510
925
4114
656520
6
-29
74
443
938
4148
657545
62
-7
30
397
1020
4184
658570
1
-14
12
396
1202
4096
659595
-143
-34
17
453
1104
3956
660620
-196
-35
6
571
872
3913
661645
-42
-7
14
476
919
4205
662670
69
-22
10
345
1104
4403
663695
-36
-87
8
435
954
4083
656511
-77
-102
18
600
1010
3797
657536
-37
-37
35
483
1108
3956
658561
-119
-3
-5
411
940
4090
659586
-175
-14
-25
508
885
3998
660611
-110
13
-22
495
842
4016
661636
19
30
-40
406
878
4147
662661
98
44
-60
378
1134
4137
663686
-35
28
-44
447
1232
3928
664711
-152
31
-6
497
1061
3905
665736
-83
36
38
413
961
4152
666761
50
11
33
353
924
4306
667786
10
-43
39
467
1037
4035
668811
-64
-42
52
582
1080
3883
669836
-102
-2
68
484
1001
4031
670861
-137
13
51
413
1059
4187
671886
-243
-6
68
448
1205
4126
664704
-282
-8
123
400
1285
4230
665729
-353
2
202
273
1728
4543
666754
-665
-62
361
233
2075
4414
667779
-1080
-155
601
223
2164
4154
668804
-1297
-228
861
141
1980
4310
669829
-1275
-313
1107
-10
1588
4529
670854
-1189
-435
1329
-34
1598
4539
671879
-1320
-568
1586
-46
1688
4109
672904
-1610
-689
1801
-22
1315
3627
673929
-1741
-740
1946
51
922
3611
674954
-1719
-797
2147
-103
399
3582
675979
-1832
-900
2334
-238
178
3108
677004
-2001
-1024
2386
106
47
2954
678029
-1991
-973
2494
348
-188
3365
679054
-2073
-897
2694
21
-912
3313
680079
-2143
-968
2794
-168
-1436
3135
672896
-2240
-1062
2696
177
-1139
2818
673921
-2363
-1051
2688
463
-1048
2622
674946
-2590
-955
2819
90
-1568
2708
675971
-2950
-967
2926
-613
-2922
2306
676996
-3157
-1161
2714
-245
-3868
1513
678021
-3096
-1161
2426
562
-3338
1778
679046
-3213
-983
2436
329
-2710
2052
680071
-3196
-925
2452
-607
-3762
1718
681096
-3228
-1133
2082
-511
-4938
835
682121
-2997
-1220
1629
345
-4495
774
683146
-2927
-1015
1654
52
-4312
1303
684171
-2918
-1018
1631
-483
-4711
1259
685196
-2613
-1124
1332
-58
-4614
357
686221
-2032
-946
1183
290
-4976
-229
687246
-1355
-644
1227
-99
-5531
130
688271
-803
-551
1114
-260
-5367
180
681088
-555
-490
951
24
-4910
3
682113
-527
-324
881
207
-4997
302
683138
-437
-185
854
-18
-5297
599
684163
56
-201
725
-273
-5173
482
685188
898
-332
475
-155
-6686
1194
686213
684
-338
-558
256
-9309
1350
687238
-1970
-80
-1232
339
-3564
-575
688263
-813
-123
-366
607
-1922
365
689288
-120
-37
181
210
-4268
553
690313
674
12
184
-282
-5901
754
691338
400
29
-16
-300
-5015
547
692363
354
-6
-144
-141
-3602
886
693388
300
-2
-89
-244
-3818
987
694413
235
-20
-158
-216
-4528
684
695438
374
-46
-265
-41
-4587
668
696463
385
-18
-222
15
-4212
946
689280
251
-3
-105
40
-4059
1037
690305
242
3
-9
46
-4216
917
691330
246
11
55
-54
-4199
938
692355
154
-5
51
-94
-4085
1123
693380
-20
-26
49
-83
-4128
1052
694405
-60
-37
55
-168
-4304
882
695430
25
-80
-8
-171
-4292
849
696455
78
-100
-72
-53
-4137
1044
697480
-47
-81
-44
-26
-4143
1004
698505
-16
-69
-10
-67
-4297
891
699530
81
-73
-29
-55
-4258
897
700555
139
-66
-47
-27
-4151
999
701580
108
-49
-26
17
-4176
1044
702605
99
-29
25
3
-4231
966
703630
123
-11
41
-63
-4190
996
704655
110
-13
17
-63
-4146
1090
697471
49
-13
7
-54
-4175
1074
698496
11
-13
3
-63
-4225
998
699521
29
-15
-21
-65
-4193
1021
700546
19
-21
-37
-22
-4149
1090
701571
-32
-22
-11
7
-4183
1013
702596
-13
-18
23
-50
-4241
963
703621
34
-21
14
-64
-4212
1010
704646
44
-22
0
-35
-4197
1055
705671
50
-18
-2
-41
-4195
1037
706696
37
-16
-5
-80
-4198
1017
707721
11
-20
-31
-45
-4157
1083
708746
8
-30
-39
20
-4193
1078
709771
3
-18
-10
-6
-4195
1018
710796
14
-11
4
-61
-4207
1035
711821
21
-19
-14
-21
-4180
1056
712846
13
-18
-9
20
-4160
1058
705938
10
-8
28
-3
-4193
1016
706963
33
-2
38
-62
-4208
1038
707988
44
-9
13
-42
-4205
1075
709013
28
-8
4
-7
-4142
1076
710038
17
-3
24
-26
-4190
1052
711063
17
-1
24
-58
-4203
1052
712088
37
-12
11
-57
-4220
1056
713113
42
-19
0
0
-4144
1090
714138
15
-9
25
4
-4148
1067
715163
16
-1
54
-65
-4236
1063
716188
23
-12
29
-69
-4184
1094
717213
17
-18
11
-41
-4168
1098
718238
-1
-15
11
-51
-4185
1073
719263
-7
-14
8
-54
-4191
1071
720288
-6
-17
0
-55
-4186
1065
721313
0
-17
-8
-44
-4201
1071
713856
-6
-15
-8
-21
-4155
1099
714881
-15
-12
16
-25
-4183
1044
715906
21
-9
26
-58
-4241
1047
716931
35
-14
6
-38
-4154
1103
717956
14
-10
14
-26
-4155
1116
718981
-18
-7
31
-40
-4186
1060
720006
-1
-7
34
-85
-4207
1061
721031
17
-14
4
-82
-4194
1084
722056
6
-14
-21
-42
-4159
1105
723081
-18
-10
-11
-24
-4180
1091
724106
-18
-9
10
-39
-4201
1047
725131
7
-10
17
-65
-4182
1059
726156
15
-12
3
-58
-4183
1100
727181
-1
-9
-3
-37
-4182
1077
728206
13
-2
9
-42
-4199
1052
729231
28
-1
7
-56
-4186
1088
722047
20
-6
-1
-42
-4166
1107
723072
1
-7
1
-33
-4158
1105
724097
-8
-7
15
-38
-4197
1075
725122
2
-5
19
-65
-4195
1069
726147
20
-11
4
-58
-4190
1097
727172
4
-11
-6
-24
-4146
1105
728197
-12
-6
13
-34
-4188
1083
729222
-5
-6
22
-61
-4211
1081
730247
5
-8
10
-61
-4167
1104
731272
-13
-8
-1
-45
-4155
1097
732297
-10
-6
4
-32
-4210
1073
733322
2
0
10
-40
-4175
1105
734347
-2
-5
20
-60
-4195
1078
735372
-4
-8
8
-81
-4175
1090
736397
-10
-12
-10
-36
-4174
1091
737422
-5
-3
-2
-40
-4207
1078
730240
4
1
-2
-64
-4176
1081
731265
10
-6
-6
-41
-4187
1078
732290
14
-5
3
-25
-4191
1097
733315
13
-3
12
-56
-4172
1105
734340
4
-4
7
-71
-4176
1105
735365
-14
-5
-12
-65
-4170
1097
736390
-18
-9
-24
-32
-4170
1091
737415
-20
-9
-12
-16
-4182
1080
738440
-6
-7
8
-40
-4189
1066
739465
11
-8
11
-49
-4196
1082
740490
15
-11
4
-38
-4178
1105
741515
5
-10
11
-23
-4168
1101
742540
6
-5
21
-57
-4195
1090
743565
-1
-9
4
-62
-4170
1105
744590
-21
-9
-9
-37
-4173
1081
745615
-13
-5
-5
-24
-4196
1078
738432
3
-3
9
-38
-4184
1073
739457
21
-5
16
-52
-4196
1097
740482
15
-9
7
-42
-4165
1101
741507
11
-8
10
-55
-4202
1070
742532
28
-7
3
-57
-4198
1083
743557
26
-7
-8
-34
-4157
1131
744582
-8
-6
-3
-23
-4154
1110
745607
-11
-3
12
-51
-4208
1080
746632
-4
-5
-1
-63
-4185
1090
747657
13
-8
-16
-52
-4206
1090
748682
9
-3
-26
-14
-4136
1149
749707
-28
-5
4
5
-4158
1083
750732
-5
-1
39
-68
-4232
1081
751757
5
-16
13
-70
-4160
1106
752782
-7
-15
-2
-50
-4184
1117
753807
-30
-13
-13
-34
-4173
1084
746624
-21
-10
3
-28
-4189
1080
747649
-19
-6
11
-52
-4175
1092
748674
-12
-8
1
-44
-4190
1097
749699
-6
-2
-9
-38
-4188
1078
750724
14
6
-10
-38
-4210
1072
751749
34
11
-17
-48
-4189
1068
752774
28
17
-18
10
-4182
1053
753799
52
40
10
3
-4179
1118
754824
60
50
22
-33
-4170
1127
755849
51
54
37
110
-4146
1146
756874
20
107
164
190
-4099
1155
757899
-83
157
324
21
-4240
1119
758924
-328
162
340
-89
-4378
1099
759949
-595
185
250
157
-4406
1049
760974
-735
290
331
259
-4679
1083
761999
-651
396
404
225
-5415
809
754816
-250
530
249
-53
-6199
218
755841
1057
522
215
-403
-5887
395
756866
1559
439
-134
-125
-4535
897
757891
1567
605
-206
-402
-5513
708
758916
1823
723
-458
-513
-7360
750
759941
2146
670
-1203
-106
-6561
872
760966
2158
808
-1425
-240
-5834
1010
761991
2211
848
-1695
-59
-5795
1049
763016
2463
915
-1982
58
-5361
1311
764041
2441
1018
-2185
18
-4604
1699
765066
2134
1091
-2347
186
-3869
1869
766091
1794
1195
-2427
271
-3390
1889
767116
1545
1289
-2425
264
-3030
1872
768141
1445
1397
-2361
156
-2967
1710
769166
1528
1497
-2276
-197
-3086
1329
770191
1994
1491
-2251
-539
-3198
1274
763008
2781
1366
-2298
-515
-2882
1525
764033
3474
1270
-2347
-352
-2199
1871
765058
3897
1248
-2350
-463
-1519
2167
766083
4147
1237
-2424
-594
-1032
2287
767108
4365
1096
-2515
-550
-1038
2209
768133
4662
944
-2565
-485
-581
2211
769158
4945
857
-2551
-709
-86
2911
770183
4722
676
-2485
-873
415
3334
771208
4331
412
-2422
-669
1341
3102
772233
3611
309
-2331
-420
2277
3295
773258
2606
290
-2107
-548
2598
4026
774283
1427
191
-1839
-537
2669
4311
775308
446
68
-1551
-251
2455
3896
776333
-34
12
-1216
-93
2494
3735
777358
-43
-6
-911
-243
2516
4325
778383
-70
-100
-670
-306
2114
4504
771200
-159
-241
-477
55
1979
4036
772225
-148
-227
-297
241
2110
4012
773250
-177
-171
-173
103
1889
4363
774275
-140
-175
-129
-10
1330
4500
775300
-109
-241
-113
244
1289
4108
776325
-50
-219
-72
441
1723
3948
777350
-107
-164
-2
308
1706
4084
778375
-149
-155
22
157
1133
4198
779400
-91
-183
4
282
1060
3993
780425
5
-140
-9
388
1307
3830
781450
-42
-70
22
240
1354
3854
782475
-115
-33
15
153
1266
4019
783500
-212
-60
20
263
1127
3867
784525
-184
-64
37
396
1116
3695
785550
-44
4
64
278
1075
3865
786575
79
27
62
110
1009
4063
779393
85
-5
24
236
1095
3977
780418
-9
-5
29
387
1192
3868
781443
-71
40
58
305
1058
3955
782468
-20
57
43
226
873
4042
783493
20
38
19
317
1053
3981
784518
-71
31
38
369
1163
3906
785543
-73
63
42
249
992
4066
786568
-17
70
16
193
933
4117
787593
-54
24
15
321
1180
3993
788618
-140
18
30
394
1165
3972
789643
-160
56
32
319
942
4011
790668
-63
90
3
225
1029
4162
791693
-86
67
-21
276
1174
4139
792718
-189
52
-22
375
1099
4045
793743
-134
77
4
293
1059
4143
794768
-40
67
28
180
1076
4195
787585
1
16
24
308
1114
4107
788610
25
17
36
411
1164
4111
789635
3
27
76
253
1053
4188
790660
-40
-5
61
221
958
4163
791685
-57
-21
34
338
954
4059
792710
-50
-15
50
331
984
4036
793735
-32
-13
45
266
959
4088
794760
-44
-1
6
283
949
4091
795785
-23
6
-9
266
965
4129
796810
-4
-12
-8
268
938
4081
797835
14
-27
-6
316
1001
4013
798860
14
-16
4
278
1052
4066
799885
-32
-15
7
225
980
4093
800910
-43
-30
-12
319
970
4042
801935
-22
-17
-13
354
969
4013
802960
2
-17
13
248
976
4073
795776
4
-21
-9
228
1055
4121
796801
-46
-29
-22
325
1019
4058
797826
-20
-16
2
298
939
4025
798851
35
6
11
194
904
4026
799876
30
12
-13
264
1050
4014
800901
5
46
-35
365
1086
4108
801926
-45
58
4
254
952
4186
802951
-46
44
-4
266
971
4119
803976
16
52
-25
357
1008
4105
805001
74
49
1
278
1079
4184
806026
69
10
19
164
1085
4260
807051
0
-53
25
256
1042
4158
808076
27
-48
41
263
1145
4168
809101
80
-45
66
129
1249
4346
810126
189
-83
99
84
1498
4538
811151
245
-137
191
120
1737
4486
803968
127
-182
350
210
2163
4237
804993
-235
-152
586
87
2703
4258
806018
-1012
-146
859
-79
2742
4250
807043
-1790
-213
1143
-139
2281
4059
808068
-2129
-307
1419
-204
1676
3791
809093
-2184
-374
1653
-268
1553
3692
810118
-2358
-472
1889
-402
1549
3516
811143
-2711
-625
2159
-654
1223
3228
812168
-3091
-805
2340
-708
854
3159
813193
-3399
-966
2470
-688
451
3202
814218
-3446
-1152
2682
-1021
-35
3400
815243
-3373
-1471
2822
-1139
-286
3041
816268
-3400
-1802
2788
-444
-546
2155
817293
-3423
-1851
2847
-62
-1034
1960
818318
-3594
-1780
2930
-173
-1940
2233
819343
-3877
-1729
2879
-321
-2745
2065
812160
-3957
-1765
2684
-227
-3430
1449
813185
-3565
-1756
2482
-132
-4002
1220
814210
-2816
-1688
2361
-233
-4470
915
815235
-2406
-1611
2161
-67
-4723
527
816260
-2497
-1425
1921
424
-4261
639
817285
-2619
-1122
1938
223
-4532
633
818310
-2450
-1002
1868
-238
-5272
43
819335
-1692
-1105
1471
404
-4872
-40
820360
-1282
-913
1387
635
-4968
181
821385
-1321
-608
1487
0
-5583
659
822410
-1092
-636
1258
-51
-5305
681
823435
-526
-694
1027
376
-5062
368
824460
-173
-566
947
332
-5148
662
825485
-247
-465
878
96
-5123
1035
826510
-320
-477
763
-14
-4995
763
827535
-129
-490
662
-11
-4889
538
820352
-51
-410
587
150
-4915
942
821377
130
-288
353
-155
-9069
1873
822402
-1470
-92
-572
-326
-7665
41
823427
-1213
-247
-977
440
-814
206
824452
-1280
-47
158
205
-2529
625
825477
-700
75
415
-721
-5828
312
826502
371
-119
31
-670
-5593
294
827527
652
-110
-225
-193
-4035
379
828552
383
36
-209
-228
-3805
812
829577
155
54
-288
-216
-4277
806
830602
180
12
-453
-57
-4337
661
831627
241
23
-412
-41
-4437
693
832652
183
-6
-358
7
-4250
875
833677
-3
-46
-264
66
-4173
862
834702
-105
-81
-137
67
-4257
731
835727
-73
-111
-36
68
-4284
630
828544
58
-122
48
28
-4326
585
829569
159
-109
102
-25
-4250
701
830594
73
-100
128
-22
-4248
718
831619
3
-85
120
-66
-4224
660
832644
92
-78
103
-76
-4357
627
833669
333
-85
86
-19
-4356
726
834694
400
-53
78
-88
-4141
905
835719
212
-25
29
-139
-4112
1001
836744
56
-25
-52
-76
-4141
1014
837769
-43
-18
-76
-23
-4209
856
838794
-53
-1
-51
-46
-4288
767
839819
-4
-3
-52
-69
-4247
802
840844
-1
-8
-71
-28
-4178
872
841869
-41
-9
-55
9
-4226
820
842894
-4
-7
-10
-12
-4311
747
843919
78
-10
0
-31
-4251
780
836735
107
-7
3
5
-4190
861
837760
92
2
38
1
-4236
824
838785
121
10
55
-67
-4273
822
839810
139
7
21
-76
-4200
921
840835
77
1
-5
-25
-4172
919
841860
43
0
17
-22
-4247
864
842885
62
-5
30
-51
-4227
881
843910
74
-11
25
-59
-4238
896
844935
79
-13
5
-60
-4222
922
845960
39
-11
-13
-33
-4158
981
846985
-30
-12
-1
-20
-4194
919
848010
-25
-14
20
-56
-4276
853
849035
18
-24
8
-68
-4240
899
850060
17
-29
-16
-41
-4191
937
851085
-12
-26
-20
-8
-4199
925
852110
-20
-23
6
-9
-4242
866
845091
31
-21
26
-62
-4262
855
846116
72
-26
10
-62
-4210
914
847141
45
-27
-3
-17
-4167
970
848166
4
-19
16
-16
-4228
918
849191
19
-15
23
-67
-4247
898
850216
31
-20
-4
-61
-4211
937
851241
6
-20
-23
-24
-4175
964
852266
-37
-20
-7
12
-4200
907
853291
-3
-14
42
-30
-4289
840
854316
70
-18
41
-84
-4260
899
855341
99
-26
6
-70
-4216
917
856366
42
-15
-20
-64
-4187
959
857391
57
-19
-29
-8
-4232
960
858416
75
-15
-15
-28
-4213
939
859441
55
-14
-9
-53
-4193
968
860466
44
-20
-18
-22
-4207
986
853121
34
-20
-14
24
-4169
998
854146
11
-12
28
1
-4208
954
855171
28
-9
49
-53
-4238
938
856196
44
-17
30
-56
-4201
984
857221
25
-25
13
-33
-4185
1004
858246
-2
-22
17
-23
-4197
992
859271
-11
-16
27
-56
-4228
963
860296
3
-16
11
-80
-4230
960
861321
20
-16
-18
-46
-4212
972
862346
20
-13
-25
-19
-4194
987
863371
16
-12
-10
-7
-4208
963
864396
33
-11
8
-42
-4233
968
865421
40
-15
-4
-41
-4188
1008
866446
9
-16
-10
-8
-4163
1017
867471
-13
-12
6
-23
-4224
957
868496
8
-10
6
-53
-4228
970
861315
16
-11
-12
-20
-4181
1000
862340
10
-6
-3
3
-4204
981
863365
22
2
23
-23
-4218
989
864390
19
-2
20
-55
-4186
1012
865415
2
-11
5
-41
-4196
1006
866440
-16
-16
3
-19
-4191
1001
867465
-22
-13
13
-35
-4217
979
868490
-2
-16
9
-56
-4244
961
869515
34
-20
-10
-57
-4235
964
870540
56
-24
-27
-28
-4214
978
871565
59
-22
-19
-1
-4177
997
872590
25
-14
7
-2
-4183
1033
873615
30
-17
9
-29
-4195
1041
874640
6
-18
2
-28
-4178
1033
875665
-13
-15
1
0
-4195
1029
876690
-35
-6
7
-4
-4188
1009
869504
-31
1
19
-34
-4232
979
870529
-18
1
10
-44
-4203
998
871554
-20
-2
-3
-12
-4196
1005
872579
-26
1
2
-16
-4215
995
873604
-14
0
8
-22
-4217
981
874629
1
-1
7
-38
-4218
979
875654
19
-7
-2
-48
-4233
973
876679
44
-9
-18
-34
-4221
991
877704
35
-9
-31
-10
-4159
1046
878729
-6
-10
-21
19
-4165
1029
879754
-8
-6
10
-1
-4221
986
880779
11
-6
22
-22
-4200
1008
881804
0
-5
13
-28
-4172
1032
882829
-26
-3
2
-15
-4194
1012
883854
-27
-2
2
-25
-4219
987
884879
-8
-3
1
-21
-4219
980
877696
11
0
1
-17
-4208
992
878721
23
5
-1
-31
-4215
983
879746
44
2
-14
-44
-4237
973
880771
78
-6
-31
-36
-4227
976
881796
69
-5
-39
-23
-4201
988
882821
56
-1
-30
9
-4165
966
883846
-42
33
16
10
-4232
970
884871
165
16
26
81
-4319
1083
885896
196
42
25
20
-4022
1171
886921
87
47
60
13
-4111
1161
887946
14
41
107
103
-4207
1067
888971
-5
72
230
136
-4204
1185
889996
-246
111
324
-7
-4149
1207
891021
-653
113
282
-197
-4138
1121
892046
-830
86
224
-253
-4278
1130
893071
-771
50
184
-211
-4282
822
885888
-593
79
132
-178
-4353
791
886913
-562
111
160
42
-4794
911
887938
-498
167
206
157
-4830
1138
888963
-603
186
234
90
-4784
800
889988
-340
191
182
68
-5165
102
891013
233
237
-9
-19
-6041
138
892038
630
297
-295
-192
-6810
432
893063
1212
235
-682
58
-6830
434
894088
1410
354
-1091
157
-5994
-43
895113
1356
618
-1246
-103
-6225
-137
896138
1733
742
-1513
-38
-6406
-162
897163
2809
811
-1738
-124
-6308
-140
898188
3951
831
-1986
-156
-6002
-214
899213
4789
916
-2263
-29
-5093
-141
900238
5359
1031
-2496
16
-4109
292
901263
5687
1018
-2691
-114
-3678
782
894080
5584
972
-2902
-286
-3014
1258
895105
5039
918
-3149
-95
-1658
1932
896130
4431
897
-3271
114
-1290
2306
897155
4182
857
-3235
-176
-1729
2308
898180
4255
693
-3263
-464
-1309
2298
899205
4192
576
-3390
-321
-52
2698
900230
3489
537
-3376
-138
842
3176
901255
2436
552
-3210
-253
908
3281
902280
1893
448
-3014
-541
689
3306
903305
1821
317
-2924
-592
542
3279
904330
1559
249
-2789
-487
1187
3154
905355
1344
230
-2595
-364
2110
3500
906380
1096
216
-2349
-514
1878
3858
907405
897
93
-2096
-654
1335
3515
908430
1059
17
-1971
-311
1939
3292
909455
1164
29
-1758
-174
2598
3815
902271
918
-22
-1460
-258
2599
4047
903296
572
-103
-1194
-126
2377
3663
904321
175
-94
-930
18
2384
3298
905346
-46
-67
-700
-52
2514
3682
906371
-94
-23
-548
-147
2527
4112
907396
-341
-47
-403
24
2196
3784
908421
-566
-102
-196
318
2136
3332
909446
-599
-35
-20
218
1888
3628
910471
-446
44
-4
53
1429
4159
911496
-163
36
-38
128
1173
4170
912521
170
29
-44
265
1417
3929
913546
355
82
13
77
1598
3871
914571
296
105
14
-30
1763
4078
915596
9
75
-8
93
1770
4181
916621
-257
34
30
137
1424
4052
917646
-217
17
51
111
1212
3934
910464
-10
12
44
80
1375
4089
911489
3
-46
37
227
1488
4087
912514
-94
-87
65
390
1399
3868
913539
-120
-51
112
282
1326
3779
914564
-79
-5
82
108
1297
3996
915589
-75
-48
13
258
1177
4021
916614
-65
-72
23
391
1248
3790
917639
-1
-27
70
202
1305
3825
918664
21
-13
28
98
1271
3974
919689
-4
-38
-22
255
1343
3944
920714
-101
-53
-15
420
1385
3818
921739
-155
-24
30
328
1323
3858
922764
-46
13
14
151
1223
4079
923789
40
-4
-53
281
1265
4046
924814
27
-5
-53
403
1303
3872
925839
26
10
2
294
1337
3897
918656
76
32
-19
199
1375
4089
919681
14
27
-53
240
1415
4054
920706
-94
8
-47
347
1341
3867
921731
-89
13
-11
279
1197
3856
922756
28
36
-33
170
1295
4006
923781
38
29
-96
240
1416
4070
924806
-32
9
-75
270
1351
4038
925831
-38
2
-39
243
1243
3984
926856
46
-5
-15
196
1379
3989
927881
57
-24
-6
144
1505
4097
928906
-65
-71
16
210
1364
4030
929931
-93
-88
38
331
1258
3870
930956
-29
-64
57
268
1289
3856
931981
5
-39
43
138
1263
3994
933006
1
-48
7
204
1230
4018
934031
-45
-43
0
320
1353
3915
926848
-122
-11
23
260
1332
3877
927873
-127
13
22
142
1233
3932
928898
-58
10
-9
178
1256
3968
929923
-34
-16
-21
356
1320
3932
930948
-4
4
13
358
1284
3995
931973
31
33
31
224
1270
4075
932998
20
16
16
221
1345
4019
934023
-43
-9
17
336
1376
3897
935048
-92
10
29
381
1201
3803
936073
-50
70
2
338
1096
3926
937098
30
108
-31
230
1195
4115
938123
22
83
-51
265
1224
3989
939148
36
64
-33
300
1278
3837
940173
93
87
-26
121
1269
4067
941198
58
59
-48
41
1362
4274
942223
-84
-3
-50
151
1363
4093
935040
-134
-53
-20
316
1287
3829
936065
-15
-29
11
190
1208
3912
937090
88
-13
-16
90
1282
4144
938115
-18
-36
-35
218
1453
4095
939140
-152
-50
1
314
1323
3926
940165
-88
-26
30
226
1195
3915
941190
115
8
10
99
1330
4144
942215
179
-4
17
98
1652
4266
943240
-43
-49
79
306
1794
4023
944265
-246
-43
192
330
1723
4066
945290
-193
-20
294
48
1897
4671
946315
-252
-102
407
-47
2366
4889
947340
-632
-276
603
218
2417
4344
948365
-1033
-381
868
407
2426
3892
949390
-1263
-363
1066
234
2233
4141
950415
-1437
-377
1199
43
1855
4433
943232
-1649
-445
1372
-49
1675
4210
944257
-1805
-510
1568
-120
1674
3993
945282
-2004
-570
1777
-314
1550
3815
946307
-2395
-629
1953
-559
1319
3673
947332
-3063
-770
2066
-547
1112
3533
948357
-3676
-962
2196
-530
585
3344
949382
-3868
-1132
2333
-693
-201
2976
950407
-3616
-1312
2320
-510
-644
3053
951432
-3330
-1480
2343
-303
-791
3044
952457
-3071
-1635
2524
-455
-1150
2509
953482
-2829
-1795
2589
-320
-1220
1830
954507
-2860
-1788
2588
20
-947
1773
955532
-3213
-1645
2784
-298
-1297
1827
956557
-3435
-1679
2909
-624
-2429
1307
957582
-3147
-1804
2807
-53
-3192
946
958607
-2986
-1559
2821
-86
-3188
1247
951424
-2767
-1327
2940
-1093
-4203
853
952449
-2281
-1469
2615
-1157
-5138
-49
953474
-1686
-1536
2082
-122
-4696
-92
954499
-1594
-1173
2039
3
-5092
290
955524
-1565
-950
2014
-470
-5872
84
956549
-1295
-1022
1594
-57
-5222
-155
957574
-1436
-872
1378
584
-4857
190
958599
-1493
-573
1529
381
-5847
739
959624
-875
-572
1415
-9
-6075
188
960649
-71
-689
1126
24
-5715
-123
961674
-229
-502
920
240
-5107
778
962699
-931
-231
920
-27
-5035
1348
963724
-1065
-228
818
-336
-5508
853
964749
-235
-336
557
-387
-6102
339
965774
1059
-382
112
-453
-9597
1073
966799
27
-240
-1014
56
-5697
375
959616
-707
-91
-602
434
-1268
285
960641
-472
17
207
-17
-3697
502
961666
271
-53
37
-420
-4761
529
962691
729
-86
-78
-716
-5003
880
963716
933
-106
-218
-728
-4555
1166
964741
863
-136
-307
-593
-3543
1272
965766
601
-181
-307
-403
-3933
1346
966791
439
-230
-417
-172
-4417
1399
967816
305
-232
-422
-133
-4219
1428
968841
99
-218
-377
-140
-4001
1361
969866
-47
-188
-351
-164
-4134
1209
970891
-82
-168
-362
-69
-4196
1166
971916
-97
-118
-347
95
-4222
1225
972941
-188
-54
-206
93
-4278
1140
973966
-151
-13
-85
18
-4196
1053
974991
-37
9
-26
-30
-4217
1109
967809
-11
17
-12
-58
-4188
1142
968834
-20
12
-13
-72
-4186
1146
969859
-26
-5
-31
-68
-4139
1149
970884
-18
-24
-40
-61
-4208
1078
971909
39
-37
-51
-77
-4234
1085
972934
76
-51
-69
-19
-4149
1183
973959
49
-63
-67
52
-4141
1171
974984
46
-52
-24
23
-4183
1114
976009
98
-43
9
-15
-4240
1095
977034
146
-30
-2
-34
-4180
1182
978059
110
-18
-27
-7
-4077
1241
979084
27
-6
-34
24
-4062
1247
980109
-31
0
-4
9
-4196
1152
981134
-1
-2
0
-49
-4209
1154
982159
14
-15
-28
6
-4121
1204
983184
-13
-14
-17
51
-4125
1184
976001
-5
-8
18
10
-4209
1143
977026
36
-11
19
-25
-4199
1148
978051
60
-12
-7
-21
-4145
1193
979076
45
-11
-28
5
-4116
1223
980101
-3
-6
-28
36
-4107
1212
981126
-22
3
-2
19
-4173
1173
982151
-4
6
9
-3
-4182
1164
983176
8
9
5
15
-4133
1195
984201
-2
17
12
33
-4134
1205
985226
-5
23
40
19
-4193
1164
986251
30
28
46
-51
-4194
1161
987276
50
17
6
-50
-4144
1218
988301
12
5
-27
17
-4098
1257
989326
-34
1
-8
39
-4146
1195
990351
-41
8
24
-7
-4169
1197
991376
-54
-3
16
-35
-4147
1189
984244
-58
-10
-6
-15
-4160
1192
985269
-63
-11
-18
18
-4143
1182
986294
-60
-4
3
26
-4172
1149
987319
-30
6
19
-19
-4196
1154
988344
-13
6
1
-13
-4131
1187
989369
-35
5
-5
19
-4140
1177
990394
-43
8
13
11
-4175
1159
991419
-32
7
24
-21
-4169
1169
992444
-48
0
11
-27
-4135
1195
993469
-86
-7
2
21
-4128
1176
994494
-103
-4
23
11
-4183
1124
995519
-68
-4
37
-34
-4213
1104
996544
-28
-11
17
-34
-4180
1131
997569
-19
-15
1
13
-4155
1141
998594
-13
-9
27
6
-4200
1102
999619
31
-4
39
-58
-4212
1115
992384
53
-9
5
-56
-4162
1157
993409
31
-13
-29
-14
-4136
1173
994434
-1
-10
-25
20
-4152
1155
995459
-5
-4
5
5
-4172
1142
996484
2
-1
15
-21
-4159
1161
997509
-10
1
8
-13
-4157
1162
998534
-28
2
5
7
-4152
1161
999559
-37
5
25
4
-4179
1125
1000584
-13
2
43
-34
-4196
1132
1001609
-5
-7
24
-32
-4159
1145
1002634
-9
-8
14
-35
-4171
1139
1003659
-12
-7
8
-16
-4170
1150
1004684
-17
-3
11
-26
-4173
1132
1005709
-11
-1
3
-47
-4176
1147
1006734
-27
-5
-15
-11
-4151
1164
1007759
-53
-5
-8
6
-4151
1157
1000577
-59
-5
15
-3
-4200
1089
1001602
-17
-8
22
-34
-4213
1080
1002627
24
-9
7
-33
-4179
1130
1003652
23
-5
0
-4
-4151
1138
1004677
17
0
14
-24
-4187
1134
1005702
6
-6
8
-37
-4151
1150
1006727
-12
-13
2
-21
-4172
1139
1007752
-17
-12
1
-29
-4184
1120
1008777
-11
-10
-9
-15
-4164
1126
1009802
-2
-5
-7
0
-4204
1098
1010827
31
-2
1
-18
-4192
1125
1011852
36
-4
-4
-25
-4131
1174
1012877
-8
-9
-3
-8
-4147
1151
1013902
-20
-9
9
-10
-4178
1141
1014927
-27
-5
13
-12
-4151
1162
1015952
-45
-1
13
-11
-4179
1125
1008769
-25
4
16
-25
-4208
1113
1009794
-6
3
7
-10
-4152
1146
1010819
-27
5
16
5
-4146
1137
1011844
-40
11
38
-15
-4176
1123
1012869
-50
10
40
-54
-4162
1143
1013894
-79
2
30
-22
-4159
1125
1014919
-95
3
37
-13
-4161
1110
1015944
-89
1
49
-40
-4214
1057
1016969
-42
1
46
-68
-4232
1055
1017994
-4
-2
18
-59
-4178
1100
1019019
-12
-3
4
-31
-4158
1110
1020044
-22
-2
12
-45
-4198
1083
1021069
0
-7
12
-57
-4211
1074
1022094
17
-10
2
-62
-4187
1084
1023119
17
-6
-10
-39
-4166
1106
1024144
-2
-1
-11
-13
-4155
1115
1016961
-6
3
16
3
-4198
1088
1017986
-7
13
48
-15
-4148
1126
1019011
-46
17
77
5
-4133
1138
1020036
-87
24
133
24
-4185
1088
1021061
-73
33
214
43
-4240
1064
1022086
-47
65
339
138
-4293
1123
1023111
-56
117
537
206
-4540
1215
1024136
9
130
561
223
-4632
1284
1025161
-83
240
541
30
-4642
1165
1026186
7
395
467
-32
-5190
939
1027211
296
386
-46
208
-5325
1200
1028236
311
248
-321
138
-4859
971
1029261
837
439
266
-569
-5262
947
1030286
1487
164
-108
217
-5775
452
1031311
2888
233
-413
135
-6804
828
1032336
4070
308
-921
-341
-6878
1683
1025152
3377
421
-1426
-78
-5250
1574
1026177
2434
635
-1623
-49
-5324
1361
1027202
2158
751
-1859
-137
-6100
1327
1028227
2790
834
-2117
-380
-5845
1473
1029252
3620
789
-2406
-620
-5167
1630
1030277
4027
759
-2737
-539
-4388
1666
1031302
4029
840
-3010
-507
-3554
1756
1032327
4176
834
-3166
-818
-3027
2237
1033352
4368
629
-3344
-1011
-2377
2431
1034377
4667
392
-3554
-804
-1661
2319
1035402
4785
288
-3672
-651
-1183
2341
1036427
4450
333
-3652
-956
-514
2814
1037452
3964
221
-3585
-1328
-305
2948
1038477
3263
-78
-3491
-1194
274
2294
1039502
3013
-279
-3388
-762
1430
2100
1040527
2853
-384
-3161
-765
1723
2626
1033344
2460
-522
-2931
-712
1897
2976
1034369
1965
-565
-2700
-329
2305
2981
1035394
1324
-467
-2477
38
2365
2824
1036419
921
-316
-2197
-23
2244
2856
1037444
929
-197
-1987
-114
2249
3087
1038469
826
-134
-1802
29
2278
2928
1039494
640
-82
-1599
179
2624
2895
1040519
625
88
-1379
-1
3370
3586
1041544
222
163
-1086
-189
3557
3909
1042569
-291
118
-798
-191
2715
3652
1043594
-272
40
-529
-136
2434
3674
1044619
122
50
-332
-289
2742
4165
1045644
149
-27
-173
-208
2713
4136
1046669
48
-122
-33
14
2242
3721
1047694
158
-150
93
25
2078
3627
1048719
306
-143
121
-39
2100
3882
1041535
223
-159
92
110
2030
3870
1042560
59
-135
85
229
2007
3560
1043585
-65
-74
104
128
1973
3424
1044610
-101
-40
62
117
1782
3614
1045635
-53
-36
1
269
1693
3698
1046660
-13
-3
-37
325
1745
3575
1047685
-7
39
-25
147
1878
3566
1048710
-26
36
-52
117
1962
3774
1049735
-127
19
-90
278
1933
3718
1050760
-145
9
-27
193
1870
3510
1051785
-39
-2
13
13
1806
3633
1052810
36
-42
-15
88
1826
3815
1053835
1
-65
-16
252
1909
3717
1054860
-102
-63
31
196
1887
3501
1055885
-112
-42
22
95
1784
3565
1056910
-38
-34
-49
211
1812
3723
1049728
-20
-17
-57
336
1941
3736
1050753
-88
-5
-14
287
1914
3604
1051778
-73
22
-14
170
1882
3642
1052803
-42
32
-50
197
1826
3750
1053828
-95
11
-58
355
1868
3631
1054853
-116
17
8
229
1918
3558
1055878
-64
19
29
75
1907
3763
1056903
-39
-7
-15
234
1909
3851
1057928
-63
-24
23
283
1926
3758
1058953
-67
-34
71
149
1933
3755
1059978
-26
-48
55
167
1917
3874
1061003
-30
-51
48
285
1895
3828
1062028
-69
-56
80
293
1814
3657
1063053
-38
-52
83
231
1721
3678
1064078
69
-20
23
267
1714
3847
1065103
88
-1
-5
324
1784
3784
1058034
25
-9
26
258
1804
3623
1059059
12
-3
21
178
1732
3695
1060084
24
4
-24
206
1727
3815
1061109
7
2
-32
270
1817
3761
1062134
-51
-9
5
229
1853
3627
1063159
-55
-8
-4
205
1792
3649
1064184
-32
-5
-22
277
1750
3668
1065209
-22
-6
11
242
1816
3643
1066234
-64
-14
33
203
1854
3612
1067259
-124
-11
14
299
1792
3587
1068284
-93
14
26
280
1786
3654
1069309
-51
5
53
159
1781
3728
1070334
-20
-11
27
234
1765
3742
1071359
4
4
16
319
1805
3770
1072384
-18
11
42
251
1865
3792
1073409
-85
6
30
251
1795
3747
1066112
-62
19
0
296
1674
3728
1067137
47
38
-4
264
1789
3803
1068162
43
25
-1
231
1865
3817
1069187
-18
15
10
245
1842
3738
1070212
-51
14
30
227
1774
3685
1071237
-50
1
41
218
1787
3717
1072262
-95
3
52
259
1793
3687
1073287
-115
30
57
251
1675
3644
1074312
-28
58
35
208
1712
3730
1075337
25
55
23
210
1794
3786
1076362
10
35
19
335
1769
3730
1077387
19
39
67
312
1854
3783
1078412
-43
43
76
231
1833
3929
1079437
-152
13
37
303
1651
3892
1080462
-125
12
20
335
1574
3766
1081487
-19
11
40
180
1719
3815
1074304
-62
2
12
100
1861
3935
1075329
-268
-31
-19
241
1759
3894
1076354
-349
-39
-13
333
1556
3786
1077379
-228
-30
-2
225
1463
3757
1078404
-33
-20
-51
159
1603
3798
1079429
26
-27
-93
299
1744
3730
1080454
14
-23
-71
370
1710
3661
1081479
35
-8
-17
239
1673
3748
1082504
58
4
3
142
1830
3868
1083529
-7
4
-8
213
1942
3890
1084554
-148
11
58
222
2192
3925
1085579
-372
27
191
47
2394
3957
1086604
-707
25
306
9
2555
3928
1087629
-1100
40
466
-24
2678
4024
1088654
-1563
43
675
-136
2652
4040
1089679
-2040
23
917
-289
2645
3775
1082496
-2428
2
1228
-666
2396
3488
1083521
-2508
-119
1532
-979
1754
3560
1084546
-2192
-338
1750
-911
1409
3788
1085571
-1876
-553
2075
-946
1198
3585
1086596
-1569
-759
2422
-1060
995
3326
1087621
-1223
-890
2714
-1245
971
3446
1088646
-1093
-1079
2996
-1312
660
3466
1089671
-1171
-1312
3163
-829
256
3045
1090696
-1213
-1365
3360
-322
-63
2914
1091721
-1332
-1240
3501
-52
-254
3183
1092746
-1770
-1125
3589
28
-489
3261
1093771
-2316
-1128
3677
70
-1259
2833
1094796
-2841
-1161
3637
362
-2345
2255
1095821
-3088
-1053
3389
844
-2567
2311
1096846
-3417
-793
3259
510
-2423
2759
1097871
-4281
-802
3259
-219
-3628
2229
1090688
-4914
-1035
2909
205
-4818
1425
1091713
-5002
-977
2397
826
-3963
1365
1092738
-4929
-777
2280
282
-3697
1075
1093763
-4658
-792
2193
-89
-5325
428
1094788
-4026
-903
1708
784
-5363
258
1095813
-3563
-656
1551
777
-4432
531
1096838
-3211
-493
1700
-24
-5102
493
1097863
-2358
-626
1487
-117
-5517
149
1098888
-1450
-710
1175
325
-4995
-62
1099913
-1011
-545
1142
84
-5225
116
1100938
-776
-498
1059
-332
-5530
106
1101963
-355
-578
846
-137
-5375
60
1102988
615
-594
426
378
-8748
1049
1104013
-1113
-190
-895
225
-8919
-340
1105038
-2021
-132
-1209
331
-1149
-851
1106063
-1025
-65
207
391
-2640
39
1098880
13
-40
212
217
-5337
-22
1099905
928
-29
-19
-189
-5351
36
1100930
785
9
-64
-189
-5428
-179
1101955
988
-15
-246
-16
-3676
284
1102980
1067
-1
-126
-84
-3955
526
1104005
1158
-43
-131
40
-4663
588
1105030
923
-30
-182
64
-4109
759
1106055
600
-2
-113
-32
-4076
952
1107080
609
-16
-98
15
-4259
1021
1108105
656
-22
-90
106
-4092
927
1109130
572
29
-32
38
-4050
1058
1110155
299
43
-37
22
-4027
1240
1111180
-1
21
-21
85
-3989
1137
1112205
-143
26
36
29
-4255
902
1113230
-104
7
30
-4
-4299
837
1114255
-61
-9
-5
-15
-4204
979
1107072
-105
-38
-32
32
-4213
907
1108097
-76
-40
-32
40
-4288
820
1109122
1
-42
-37
44
-4251
859
1110147
20
-44
-34
81
-4185
923
1111172
3
-48
3
75
-4226
904
1112197
23
-50
22
38
-4240
838
1113222
72
-39
22
34
-4209
898
1114247
64
-23
12
73
-4194
941
1115272
53
3
15
59
-4213
933
1116297
53
20
17
25
-4239
901
1117322
71
22
-7
25
-4198
949
1118347
42
13
-21
66
-4185
978
1119372
-8
10
-3
56
-4163
983
1120397
-37
-11
17
28
-4221
936
1121422
-36
-25
11
24
-4218
931
1122447
-32
-36
3
74
-4199
918
1115264
-4
-29
29
79
-4253
887
1116289
34
-15
47
30
-4239
890
1117314
77
-10
37
13
-4246
878
1118339
136
-1
17
62
-4226
930
1119364
151
24
31
85
-4159
996
1120389
110
50
64
19
-4164
1013
1121414
74
47
50
-36
-4232
997
1122439
59
27
5
-13
-4203
1006
1123464
34
9
-13
27
-4162
995
1124489
16
0
2
25
-4217
980
1125514
22
-14
-1
8
-4226
998
1126539
40
-33
-5
33
-4218
980
1127564
52
-29
4
40
-4181
1004
1128589
48
-28
18
50
-4184
997
1129614
38
-17
31
28
-4193
1004
1130639
16
-9
24
11
-4209
1006
1123456
58
-7
20
18
-4194
1033
1124481
39
2
18
32
-4173
1042
1125506
14
11
24
-4
-4185
1032
1126531
-4
3
8
-32
-4202
1030
1127556
-16
-13
-23
6
-4184
1038
1128581
-29
-22
-22
50
-4178
1022
1129606
-28
-18
4
60
-4191
992
1130631
-9
-8
26
9
-4225
995
1131656
27
-16
15
1
-4239
979
1132681
54
-18
-4
18
-4164
1044
1133706
30
-22
4
57
-4180
1032
1134731
28
-10
25
10
-4207
1022
1135756
23
-12
10
-12
-4172
1046
1136781
-10
-17
-7
13
-4169
1055
1137806
-32
-17
-9
35
-4183
1038
1138831
-25
-19
7
39
-4212
1006
1131649
-14
-14
14
8
-4188
996
1132674
12
-16
10
9
-4218
1003
1133699
23
-16
2
34
-4188
1047
1134724
8
-11
14
32
-4174
1026
1135749
8
-4
26
9
-4187
1039
1136774
-6
-5
19
7
-4173
1048
1137799
-29
-5
16
12
-4182
1045
1138824
-46
-7
19
10
-4203
1015
1139849
-33
-11
19
3
-4207
990
1140874
0
-16
20
50
-4223
962
1141899
65
2
59
128
-4214
995
1142924
80
48
157
124
-4131
1076
1143949
19
89
245
-10
-4135
1119
1144974
-59
74
260
-77
-4210
1031
1145999
-41
46
264
-51
-4307
994
1147024
-40
63
279
-28
-4171
1116
1139840
-170
86
288
-120
-4120
1050
1140865
-209
80
233
-266
-4276
926
1141890
-137
49
143
-287
-4252
967
1142915
-129
32
83
-199
-4113
1035
1143940
-182
28
62
-154
-4150
1009
1144965
-207
28
80
-174
-4301
896
1145990
-165
23
73
-212
-4239
878
1147015
-140
18
55
-228
-4199
870
1148040
-88
7
40
-121
-4301
837
1149065
41
-4
97
105
-4485
785
1150090
85
22
150
172
-4639
713
1151115
-267
117
167
142
-4587
867
1152140
-404
257
286
435
-5099
1069
1153165
-329
439
307
493
-5654
816
1154190
-411
414
227
343
-6007
333
1155215
-154
549
271
-387
-6080
-353
1148032
747
531
-25
-652
-5739
-3
1149057
1497
526
-555
-512
-6589
596
1150082
2465
590
-1122
-330
-7572
459
1151107
3288
743
-1604
-461
-6260
38
1152132
3681
919
-1773
-607
-5465
289
1153157
3834
978
-1977
-501
-5327
603
1154182
4277
991
-2193
-491
-4876
894
1155207
4741
963
-2393
-647
-4168
1201
1156232
4972
932
-2623
-606
-3530
1481
1157257
5138
939
-2803
-726
-3158
1953
1158282
5179
835
-2992
-847
-2169
2289
1159307
4826
739
-3222
-469
-1087
2307
1160332
4242
799
-3336
-79
-925
2497
1161357
3503
967
-3252
-432
-811
3501
1162382
2502
918
-3093
-760
-339
3787
1163407
1627
714
-2992
-283
123
3067
1156223
1232
769
-2872
220
451
3019
1157248
1310
927
-2661
-122
63
3904
1158273
1487
836
-2506
-503
-408
3823
1159298
1749
584
-2417
-312
243
3083
1160323
1962
480
-2285
-231
1020
3186
1161348
1924
425
-2078
-552
886
3706
1162373
1745
223
-1932
-629
784
3504
1163398
1505
-1
-1817
-256
920
2836
1164423
1276
-51
-1591
-190
1233
2655
1165448
1379
-48
-1437
-497
1458
3381
1166473
1441
-70
-1383
-695
1360
3883
1167498
976
-142
-1278
-404
1538
3321
1168523
427
-60
-1114
-94
2206
2701
1169548
87
133
-952
-385
2299
3266
1170573
-153
215
-884
-656
1713
4110
1171598
-335
113
-818
-383
1573
4263
1164416
-404
116
-703
-60
1806
4046
1165441
-376
168
-513
-253
1842
4304
1166466
-106
99
-373
-505
1775
4842
1167491
-13
-79
-254
-407
1713
4718
1168516
-81
-202
-145
-28
1812
4168
1169541
-54
-148
-43
-33
1645
4137
1170566
115
-89
20
-308
1438
4633
1171591
117
-127
46
-281
1348
4633
1172616
-23
-176
72
6
1351
4112
1173641
-14
-118
115
-11
1230
3808
1174666
150
-46
102
-232
1136
4087
1175691
173
-51
68
-214
1058
4231
1176716
55
-108
76
-9
1090
3988
1177741
55
-85
90
-16
1114
3867
1178766
95
-47
77
-134
1033
3987
1179791
47
-56
54
-76
1018
4004
1172609
-11
-71
40
54
1060
3914
1173634
11
-35
38
-75
1082
4021
1174659
6
-37
11
-159
1066
4104
1175684
-23
-67
-43
20
1096
3993
1176709
-23
-49
-45
57
1076
3968
1177734
-19
-38
-20
-70
1087
4008
1178759
21
-42
-43
-34
1191
4108
1179784
-13
-53
-68
99
1162
4121
1180809
-60
-41
-47
71
1227
4033
1181834
-26
-25
-35
-29
1189
4010
1182859
57
-16
-61
-2
1146
4085
1183884
80
-14
-59
44
1294
4182
1184909
4
-23
-28
-1
1346
4169
1185934
-60
-37
-6
-3
1131
4067
1186959
29
-35
-3
40
1133
4074
1187984
119
-17
15
-75
1278
4151
1180800
54
-48
23
-50
1257
4067
1181825
-9
-64
24
113
1223
3951
1182850
2
-38
43
89
1182
4010
1183875
43
-34
50
-80
1108
4104
1184900
54
-51
22
-27
1070
4025
1185925
22
-48
4
159
1088
3919
1186950
34
-41
42
53
1176
3973
1187975
32
-25
14
-12
1165
4012
1189000
-38
-16
-26
76
1109
3947
1190025
-32
2
-30
83
1159
3966
1191050
-53
22
-34
72
1214
3908
1192075
-111
38
-37
103
1157
3795
1193100
-66
58
-27
8
1156
3972
1194125
9
45
-14
-121
1193
4196
1195150
-11
7
-14
-1
1238
4137
1196175
-24
2
3
85
1336
4100
1188992
-58
3
41
-47
1290
4109
1190017
-88
-30
40
-12
1164
4102
1191042
-14
-31
18
127
1116
4165
1192067
63
-7
36
78
1140
4196
1193092
22
-21
50
12
1190
4033
1194117
2
-23
18
116
1193
3959
1195142
-5
5
6
69
1113
4091
1196167
-6
5
6
-71
1092
4178
1197192
-29
-19
-15
43
1088
4033
1198217
8
-7
-14
138
1109
3949
1199242
58
18
11
-74
1199
4057
1200267
46
-1
-17
-109
1187
4125
1201292
-17
-27
-22
55
1155
4052
1202317
-41
-22
7
58
1184
3972
1203342
-48
-14
3
8
1140
3909
1204367
-16
-2
-15
27
1098
3927
1197187
4
18
-27
69
1187
4040
1198212
-44
23
-2
-21
1177
4088
1199237
-81
6
6
-25
1130
3952
1200262
-25
7
3
1
1186
3978
1201287
44
10
19
-66
1341
4229
1202312
-45
-16
52
-5
1426
4182
1203337
-134
-26
105
75
1476
4093
1204362
-193
-11
174
-30
1529
4230
1205387
-200
-56
246
-146
1505
4441
1206412
-203
-123
327
-62
1488
4360
1207437
-256
-163
446
29
1537
4026
1208462
-336
-127
539
-49
1678
4006
1209487
-596
-99
629
-179
1737
4186
1210512
-981
-114
791
-303
1679
4155
1211537
-1375
-176
958
-281
1522
3816
1212562
-1491
-222
1111
-191
1446
3699
1205376
-1447
-245
1269
-195
1406
3868
1206401
-1463
-278
1441
-304
1174
3861
1207426
-1513
-377
1612
-367
915
3624
1208451
-1515
-501
1757
-310
731
3525
1209476
-1478
-570
1889
-294
649
3629
1210501
-1411
-615
2037
-411
460
3776
1211526
-1360
-736
2165
-391
194
3827
1212551
-1345
-861
2276
-248
21
3560
1213576
-1486
-892
2348
-57
-80
3434
1214601
-1728
-885
2421
77
-305
3676
1215626
-1962
-899
2569
-195
-617
3923
1216651
-2383
-1038
2628
-361
-1010
3473
1217676
-2756
-1223
2538
185
-1155
2753
1218701
-2901
-1184
2531
422
-1387
3044
1219726
-3212
-1112
2648
-215
-2066
3329
1220751
-3553
-1308
2559
-508
-2788
2552
1213568
-3644
-1561
2270
158
-2902
1765
1214593
-3720
-1502
2106
625
-2696
1724
1215618
-3949
-1286
2128
222
-3441
1868
1216643
-3989
-1258
2028
-278
-4320
1672
1217668
-3599
-1381
1745
-92
-4362
1064
1218693
-3107
-1387
1549
344
-4369
483
1219718
-2795
-1208
1531
187
-4521
475
1220743
-2660
-1103
1480
-111
-4672
174
1221768
-2256
-1099
1341
209
-4870
-281
1222793
-1640
-916
1293
326
-5002
40
1223818
-1311
-692
1297
-2
-5109
327
1224843
-1041
-619
1186
-274
-5222
18
1225868
-801
-622
983
44
-4890
-250
1226893
-779
-473
914
186
-4571
25
1227918
-803
-321
954
-203
-5692
311
1228943
910
-511
222
-100
-12794
1306
1221760
-1394
-253
-1794
80
-5960
-652
1222785
-1588
-340
-1010
830
756
-103
1223810
-1347
-127
329
744
-4291
246
1224835
195
-130
84
-10
-6660
7
1225860
696
-172
-106
-165
-5073
-131
1226885
469
-129
-102
232
-3628
225
1227910
429
45
49
46
-4071
503
1228935
582
78
113
-43
-4619
373
1229960
766
89
54
4
-4171
488
1230985
613
177
12
-97
-4127
755
1232010
381
211
-26
-148
-4208
755
1233035
296
185
-80
-64
-4201
763
1234060
192
152
-104
86
-4137
736
1235085
98
152
-15
13
-4155
787
1236110
-127
105
8
-22
-4212
718
1237135
-183
56
6
-41
-4332
629
1229952
-133
5
-13
-5
-4298
550
1230977
-36
-19
2
25
-4294
506
1232002
41
-18
25
-30
-4369
568
1233027
107
-36
2
-4
-4293
500
1234052
319
-30
17
43
-4401
286
1235077
533
49
32
7
-4338
498
1236102
652
122
9
-70
-4273
861
1237127
610
131
-59
-55
-4069
1090
1238152
368
130
-95
-17
-4027
981
1239177
217
124
-100
-46
-4250
892
1240202
169
81
-121
-31
-4249
872
1241227
153
24
-100
24
-4189
954
1242252
99
-36
-68
82
-4173
981
1243277
61
-73
-29
95
-4177
940
1244302
52
-90
12
78
-4223
922
1245327
44
-101
29
34
-4185
941
1238144
-83
-105
70
10
-4136
962
1239169
-126
-124
64
62
-4306
887
1240194
-16
-130
44
22
-4239
845
1241219
9
-112
35
-13
-4217
858
1242244
7
-99
2
-8
-4236
899
1243269
2
-88
-31
57
-4204
897
1244294
73
-70
-32
97
-4236
903
1245319
83
-43
-4
53
-4203
889
1246344
70
-28
3
4
-4181
971
1247369
3
-36
-16
60
-4189
962
1248394
-17
-30
1
78
-4211
916
1249419
-16
-28
28
79
-4189
903
1250444
-1
-22
52
30
-4249
885
1251469
25
-23
40
7
-4254
888
1252494
64
-27
22
37
-4234
934
1253519
63
-22
19
49
-4185
911
1246335
71
-11
31
23
-4224
915
1247360
70
-7
21
-7
-4221
986
1248385
23
-17
-6
43
-4156
973
1249410
2
-12
7
47
-4208
945
1250435
-3
-11
11
37
-4203
947
1251460
-17
-10
12
32
-4176
968
1252485
-30
-10
20
25
-4247
921
1253510
-9
-11
19
16
-4234
918
1254535
14
-16
13
16
-4214
938
1255560
14
-18
7
34
-4182
948
1256585
7
-13
16
31
-4228
938
1257610
26
-10
16
20
-4224
951
1258635
23
-5
9
34
-4166
962
1259660
-5
1
10
20
-4193
985
1260685
-49
-2
5
12
-4193
954
1261710
-47
-6
6
16
-4255
930
1254528
-26
-12
0
25
-4220
912
1255553
0
-10
1
35
-4214
924
1256578
10
-5
6
47
-4201
964
1257603
-9
-3
22
44
-4204
939
1258628
-3
-5
37
11
-4209
920
1259653
13
-6
28
-1
-4219
942
1260678
5
-6
9
20
-4221
963
1261703
-11
-5
3
20
-4202
939
1262728
-6
-4
10
26
-4226
931
1263753
1
-1
23
5
-4218
929
1264778
8
-4
11
-6
-4205
966
1265803
-14
-6
-4
25
-4191
954
1266828
-34
-3
5
23
-4212
925
1267853
-20
-5
18
23
-4235
933
1268878
-8
-5
31
18
-4200
938
1269903
-13
-4
35
8
-4186
952
1262720
-32
-2
33
5
-4224
909
1263745
-11
1
30
-24
-4254
916
1264770
1
-6
10
5
-4198
940
1265795
-6
-3
12
31
-4188
947
1266820
-22
1
23
-6
-4228
913
1267845
-5
-2
16
-23
-4255
913
1268870
6
-5
-5
-12
-4206
935
1269895
2
-6
-9
25
-4200
932
1270920
-1
-1
10
18
-4209
923
1271945
-4
0
23
-10
-4212
925
1272970
-9
-1
15
-18
-4215
946
1273995
-29
-5
4
14
-4191
940
1275020
-36
-3
16
2
-4216
919
1276045
-34
-6
21
-9
-4220
904
1277070
-24
-8
14
-16
-4225
918
1278095
-19
-14
10
1
-4227
910
1270913
-15
-9
14
2
-4214
910
1271938
-14
-8
20
-17
-4226
909
1272963
-5
-8
9
-23
-4222
908
1273988
-2
-9
1
0
-4223
907
1275013
-1
-7
11
15
-4202
922
1276038
7
-8
41
29
-4231
886
1277063
50
-12
85
40
-4259
864
1278088
118
-10
143
30
-4272
869
1279113
165
8
199
-25
-4235
969
1280138
103
29
203
-43
-4158
1118
1281163
-83
47
186
-74
-4085
1120
1282188
-252
31
210
-92
-4219
1006
1283213
-343
-16
235
19
-4335
1031
1284238
-551
-33
231
89
-4204
1108
1285263
-879
-21
217
144
-4324
1017
1286288
-1082
62
291
190
-4827
617
1279105
-1035
282
307
222
-5239
520
1280130
-449
398
288
68
-5115
783
1281155
-150
202
210
171
-4735
436
1282180
-564
222
100
-132
-5127
-440
1283205
-695
481
-3
-395
-6199
7
1284230
516
449
-312
-270
-7431
14
1285255
2286
386
-768
-304
-7627
-371
1286280
2812
494
-1278
-196
-6231
-334
1287305
2346
722
-1522
-80
-5593
-102
1288330
2029
906
-1689
-151
-5823
62
1289355
2447
953
-1915
-124
-5576
87
1290380
3050
1047
-2108
-114
-5253
105
1291405
3698
1180
-2245
-193
-4799
362
1292430
4439
1209
-2395
-280
-4159
675
1293455
4926
1176
-2580
-452
-3724
845
1294480
5276
1066
-2781
-471
-3165
1167
1287297
5586
909
-2994
-302
-2297
1690
1288322
5708
788
-3200
-406
-1658
2356
1289347
5595
525
-3442
-356
-1126
2333
1290372
5446
304
-3708
85
-1010
1926
1291397
5198
370
-3766
236
-477
1853
1292422
4757
494
-3575
-315
497
2463
1293447
3778
322
-3333
-670
1187
2584
1294472
2521
102
-3139
-441
1645
2428
1295497
1645
43
-2847
-401
1798
2600
1296522
1608
2
-2662
-566
1675
3173
1297547
1832
-30
-2551
-658
1798
3639
1298572
1534
-108
-2317
-412
2448
3447
1299597
941
-171
-2024
-152
3043
3332
1300622
598
-196
-1754
-297
2980
3669
1301647
375
-262
-1486
-366
2783
3703
1302672
157
-382
-1190
-24
2936
3414
1295489
27
-418
-897
173
2909
3413
1296514
91
-366
-679
130
2892
3801
1297539
78
-320
-461
42
2793
3951
1298564
-158
-355
-246
217
2678
3567
1299589
-289
-337
-101
408
2516
3361
1300614
-204
-236
-15
437
2338
3551
1301639
-122
-126
24
418
2121
3756
1302664
-220
-93
47
590
2085
3703
1303689
-325
-53
110
616
2010
3634
1304714
-245
4
132
445
1810
3734
1305739
-131
2
101
406
1625
3761
1306764
-114
-45
90
594
1622
3605
1307789
-51
-39
107
600
1588
3576
1308814
96
-7
74
520
1633
3702
1309839
94
11
23
521
1799
3781
1310864
-116
-13
14
625
1856
3652
1303680
-277
-1
27
638
1723
3555
1304705
-201
26
45
486
1476
3683
1305730
16
11
15
447
1444
3837
1306755
101
-4
-30
608
1703
3780
1307780
26
10
-16
638
1811
3706
1308805
-25
34
-10
504
1763
3807
1309830
-53
26
-20
424
1638
3842
1310855
-46
-22
-50
614
1650
3744
1311880
22
-12
-12
618
1709
3729
1312905
70
7
6
486
1801
3826
1313930
21
-6
-5
488
1834
3834
1314955
-92
-40
10
646
1777
3654
1315980
-90
-23
60
598
1680
3616
1317005
55
1
77
401
1615
3783
1318030
119
-23
24
474
1657
3774
1319055
41
-52
18
645
1729
3631
1311872
-31
-30
63
569
1684
3656
1312897
-12
-2
40
450
1563
3804
1313922
4
-15
14
516
1628
3759
1314947
-12
-43
28
650
1723
3571
1315972
7
-10
46
585
1705
3606
1316997
19
34
25
479
1690
3831
1318022
-62
19
-9
592
1733
3823
1319047
-121
9
18
644
1661
3633
1320072
-26
31
34
556
1578
3636
1321097
119
63
3
463
1641
3883
1322122
78
38
-25
557
1778
3883
1323147
-30
-1
-2
659
1778
3755
1324172
-25
4
33
565
1628
3728
1325197
84
21
2
495
1670
3805
1326222
131
7
-26
571
1778
3853
1327247
64
-30
10
632
1771
3658
1320064
121
-45
47
570
1631
3540
1321089
268
-23
18
565
1716
3633
1322114
286
4
-7
592
1904
3802
1323139
144
-7
23
604
1850
3685
1324164
71
-11
57
563
1704
3460
1325189
153
35
34
524
1737
3565
1326214
159
68
8
500
1808
3789
1327239
32
52
5
525
1798
3734
1328264
-58
31
22
542
1683
3576
1329289
17
53
5
517
1711
3687
1330314
47
81
-30
504
1857
3852
1331339
-67
52
-22
527
1898
3767
1332364
-135
14
18
540
1752
3619
1333389
-19
14
19
525
1669
3712
1334414
104
31
-8
516
1820
3904
1335439
3
8
-8
578
1985
3822
1328256
-155
-25
43
550
1823
3630
1329281
-118
-36
42
517
1643
3638
1330306
22
-19
-3
539
1721
3802
1331331
18
-21
-18
585
1800
3788
1332356
-69
-35
6
591
1808
3650
1333381
-88
-27
19
512
1759
3645
1334406
-33
-17
-11
483
1703
3718
1335431
18
-25
-35
540
1764
3756
1336456
17
-37
0
518
1898
3768
1337481
-94
-40
58
455
2089
3694
1338506
-282
-40
104
451
2332
3777
1339531
-505
-38
197
403
2451
3979
1340556
-719
-66
340
282
2355
3998
1341581
-899
-120
501
261
2411
3797
1342606
-1128
-144
702
276
2745
3636
1343631
-1548
-105
945
89
2933
3680
1336447
-2194
-104
1238
-255
2772
3615
1337472
-2816
-237
1602
-649
2216
3144
1338497
-2968
-442
1949
-862
1731
2995
1339522
-2677
-627
2197
-750
1505
3456
1340547
-2638
-862
2439
-339
1243
3294
1341572
-2755
-1044
2769
-14
869
2831
1342597
-2717
-1098
3016
154
610
2784
1343622
-2671
-1086
3145
242
-22
2866
1344647
-2696
-1097
3271
348
-938
2815
1345672
-2723
-1068
3353
546
-1327
2902
1346697
-2855
-1022
3447
469
-1244
2849
1347722
-2973
-1061
3530
231
-1687
2277
1348747
-2962
-1045
3485
-42
-3073
1682
1349772
-2856
-1002
3337
-404
-4332
1601
1350797
-2907
-1123
3023
-611
-4281
1846
1351822
-3375
-1306
2600
-275
-3868
1677
1344641
-3973
-1340
2354
395
-4283
1563
1345666
-3918
-1169
2264
320
-4653
1751
1346691
-3243
-1126
2109
-189
-4981
1238
1347716
-2284
-1211
1763
-23
-5334
700
1348741
-1542
-1150
1465
648
-4947
649
1349766
-1169
-834
1527
544
-4818
1017
1350791
-1079
-617
1600
-122
-5256
1004
1351816
-1008
-636
1406
-101
-5104
588
1352841
-989
-626
1215
424
-4624
299
1353866
-998
-408
1239
241
-4741
519
1354891
-869
-300
1234
-306
-5142
760
1355916
-452
-397
1043
-513
-6331
860
1356941
384
-581
-44
-151
-11449
1475
1357966
-2206
-224
-1450
9
-4148
-624
1358991
-1381
-294
-417
379
-6
202
1360016
-1108
-202
346
303
-4438
189
1352833
560
-247
-127
179
-6467
435
1353858
856
-66
-257
-233
-5466
594
1354883
501
-88
-318
76
-3724
804
1355908
502
-37
-108
69
-3732
788
1356933
686
17
10
-95
-4442
750
1357958
765
-4
-70
-61
-4294
912
1358983
550
45
-98
-63
-4032
1258
1360008
168
51
-79
8
-3941
1215
1361033
-57
70
-25
-8
-4162
948
1362058
-31
57
6
-53
-4333
850
1363083
35
27
-14
-98
-4202
987
1364108
-19
-17
-46
-27
-4122
1069
1365133
-121
-23
-34
33
-4147
970
1366158
-103
-20
26
-30
-4384
753
1367183
69
-23
15
-91
-4345
789
1368208
202
-41
-34
-63
-4240
940
1361024
196
-51
-62
20
-4094
1062
1362049
134
-53
-16
47
-4200
938
1363074
175
-42
33
-47
-4312
912
1364099
236
-51
8
-65
-4234
1038
1365124
174
-66
-20
17
-4098
1130
1366149
103
-63
10
41
-4094
1112
1367174
54
-51
54
6
-4191
1010
1368199
74
-35
63
-65
-4277
1031
1369224
83
-42
14
-36
-4146
1126
1370249
13
-44
-2
28
-4072
1115
1371274
-14
-33
45
-9
-4256
989
1372299
51
-19
44
-87
-4270
1015
1373324
90
-30
-9
-68
-4191
1079
1374349
63
-31
-46
-7
-4118
1118
1375374
21
-19
-30
12
-4176
1100
1376399
11
-7
-3
1
-4212
1068
1369216
16
-2
0
-21
-4144
1094
1370241
-9
-4
-12
-14
-4127
1139
1371266
-70
-5
-2
24
-4170
1108
1372291
-81
6
29
-10
-4216
1043
1373316
-49
6
22
-50
-4193
1048
1374341
-49
0
-3
-11
-4150
1095
1375366
-71
-1
11
22
-4215
1035
1376391
-37
10
43
-11
-4237
1000
1377416
-1
13
45
-54
-4192
1054
1378441
-20
10
13
-67
-4165
1114
1379466
-83
-4
-15
-34
-4175
1076
1380491
-87
-10
-5
6
-4227
983
1381516
-55
-3
20
-15
-4175
1027
1382541
-48
-5
26
-50
-4202
1068
1383566
-71
-18
3
-28
-4183
1045
1384591
-74
-16
1
6
-4167
1001
1377408
-47
-5
30
-19
-4252
972
1378433
-9
0
34
-46
-4218
997
1379458
3
-3
14
-53
-4204
1019
1380483
-6
-8
-2
-10
-4185
1022
1381508
-17
3
10
-19
-4170
1023
1382533
-23
12
21
-43
-4217
1022
1383558
-53
16
6
-31
-4157
1050
1384583
-100
14
20
0
-4177
1021
1385608
-108
18
51
-42
-4231
954
1386633
-69
14
45
-73
-4230
956
1387658
-42
8
26
-44
-4212
979
1388683
-41
9
33
-34
-4212
977
1389708
-39
12
40
-57
-4195
966
1390733
-32
8
33
-70
-4224
950
1391758
-25
7
16
-76
-4221
973
1392783
-31
2
3
-60
-4207
959
1385599
-12
4
2
-67
-4239
941
1386624
-2
4
-11
-66
-4190
960
1387649
-12
3
-15
-39
-4194
978
1388674
-22
3
-1
-41
-4216
951
1389699
-7
2
10
-70
-4206
944
1390724
3
-4
0
-67
-4194
977
1391749
-17
-7
-13
-40
-4190
975
1392774
-25
-6
1
-32
-4237
928
1393799
5
-1
17
-67
-4231
938
1394824
20
-3
7
-64
-4180
996
1395849
-20
-2
-1
-32
-4177
998
1396874
-54
7
14
-44
-4209
960
1397899
-63
16
19
-71
-4220
941
1398924
-53
12
8
-71
-4225
915
1399949
-23
9
0
-48
-4214
936
1400974
-19
9
14
-10
-4196
956
1393792
-25
14
56
-28
-4214
930
1394817
-13
17
76
-101
-4233
931
1395842
-2
1
49
-105
-4240
911
1396867
18
-2
22
-65
-4245
924
1397892
22
18
30
-22
-4211
949
1398917
10
52
70
-60
-4245
939
1399942
36
68
99
-43
-4371
884
1400967
110
97
170
145
-4411
932
1401992
125
202
360
199
-4246
950
1403017
12
313
443
-6
-4260
1124
1404042
-307
326
293
-85
-4441
1240
1405067
-408
341
305
110
-4915
954
1406092
-286
429
306
341
-5119
695
1407117
-143
529
251
305
-5344
949
1408142
-3
502
186
-80
-5865
981
1409167
173
387
-18
-380
-5922
563
1401985
665
327
-476
-189
-6733
479
1403010
1492
401
-962
-68
-7353
656
1404035
1981
490
-1355
-102
-6670
283
1405060
2293
635
-1591
-239
-6158
64
1406085
2718
759
-1810
-226
-5944
139
1407110
3233
865
-1983
-254
-5419
341
1408135
3663
937
-2147
-443
-4793
585
1409160
4038
959
-2318
-435
-4282
806
1410185
4366
974
-2501
-340
-3594
1045
1411210
4380
1024
-2657
-378
-2741
1487
1412235
4263
958
-2775
-491
-2160
1801
1413260
4315
811
-2886
-452
-1632
1732
1414285
4580
671
-2971
-385
-1338
1862
1415310
4722
569
-2971
-445
-1263
2475
1416335
4615
449
-2961
-648
-895
2992
1417360
4377
279
-3014
-551
-306
3129
1410387
3971
115
-3096
-122
-143
2875
1411412
3677
43
-3110
46
195
2929
1412437
3391
-14
-2992
-227
571
3418
1413462
2705
-191
-2833
-239
1186
3191
1414487
2037
-225
-2741
69
1953
2822
1415512
1460
-128
-2591
91
2152
2884
1416537
1128
-51
-2376
-225
1977
3069
1417562
1033
-7
-2252
-344
2239
3365
1418587
652
33
-2112
-147
2692
3289
1419612
231
77
-1884
-32
2679
3238
1420637
126
113
-1597
-168
2755
3457
1421662
176
146
-1318
-352
3037
3720
1422687
-81
124
-1020
-310
2877
3538
1423712
-404
61
-735
-63
2795
3403
1424737
-319
80
-492
-61
2769
3849
1425762
-172
90
-289
-250
2370
4149
1418368
-116
4
-129
-136
2010
4022
1419393
14
-67
0
72
1810
3992
1420418
170
-108
70
91
1858
4077
1421443
216
-122
116
-36
2021
4025
1422468
18
-156
102
143
1990
3785
1423493
-186
-150
123
325
1799
3698
1424518
-179
-111
167
188
1473
3859
1425543
-39
-103
115
86
1378
3974
1426568
35
-115
36
242
1610
3766
1427593
-15
-86
8
426
1763
3556
1428618
-56
-17
46
270
1680
3676
1429643
-49
8
38
63
1562
3905
1430668
-97
-28
3
173
1674
3845
1431693
-171
-31
2
339
1698
3682
1432718
-139
8
56
196
1578
3710
1433743
-73
9
58
98
1628
3762
1426560
-83
-20
37
268
1663
3722
1427585
-117
0
57
292
1587
3650
1428610
-53
50
33
182
1543
3741
1429635
-31
43
-9
239
1566
3841
1430660
-61
18
8
331
1511
3844
1431685
-83
6
22
383
1529
3823
1432710
43
9
27
274
1503
4002
1433735
67
-18
3
284
1640
4029
1434760
-17
-39
-2
385
1747
3882
1435785
-61
-37
30
252
1596
3860
1436810
-40
-57
26
185
1580
3893
1437835
-8
-78
13
236
1596
3919
1438860
-13
-89
11
307
1569
3880
1439885
-13
-48
-1
309
1690
3839
1440910
-80
-6
-8
230
1668
3796
1441935
-153
-1
-31
291
1595
3763
1434752
-122
10
-27
343
1516
3831
1435777
-50
20
-2
263
1457
3843
1436802
34
39
-2
200
1556
3818
1437827
26
16
-5
239
1621
3796
1438852
24
-7
11
278
1654
3876
1439877
10
-7
46
209
1579
3883
1440902
-13
-22
57
224
1571
3815
1441927
-14
-33
52
299
1569
3864
1442952
-9
-39
59
300
1457
3853
1443977
13
-20
43
285
1490
3748
1445002
-18
-1
18
296
1594
3761
1446027
-68
-6
5
326
1516
3875
1447052
-38
-8
-5
381
1451
3899
1448077
16
15
21
315
1541
3832
1449102
-14
25
40
190
1700
3791
1450127
-121
23
9
191
1687
3806
1442945
-198
23
3
314
1599
3835
1443970
-214
21
59
306
1501
3849
1444995
-156
2
103
214
1423
3843
1446020
-42
-2
68
271
1468
3852
1447045
27
22
40
308
1474
3936
1448070
9
27
56
261
1493
3989
1449095
-62
16
69
246
1523
3926
1450120
-88
12
50
301
1441
3913
1451145
-9
22
31
297
1360
4012
1452170
37
21
28
227
1472
3984
1453195
0
6
24
262
1501
3876
1454220
-31
9
12
306
1405
3898
1455245
-12
23
-1
276
1418
3970
1456270
-21
16
-2
231
1456
3943
1457295
-39
-3
-5
254
1435
3876
1458320
-8
7
-17
287
1461
3887
1451135
11
16
-24
272
1506
3921
1452160
-2
1
-3
242
1539
3917
1453185
-34
-16
21
237
1493
3849
1454210
-22
-21
25
265
1466
3850
1455235
2
-24
31
252
1462
3900
1456260
-27
-50
66
249
1510
3876
1457285
-113
-77
98
254
1580
3866
1458310
-172
-90
99
290
1483
3953
1459335
-175
-88
93
334
1374
3973
1460360
-104
-63
102
305
1487
3951
1461385
-78
-51
110
274
1574
3975
1462410
-108
-57
117
330
1522
4001
1463435
-78
-44
124
347
1408
4051
1464460
-6
-35
118
328
1392
4080
1465485
83
-37
122
270
1459
4104
1466510
70
-70
132
386
1572
3950
1459328
-56
-69
182
477
1890
3958
1460353
-213
-66
282
260
2055
4455
1461378
-339
-158
391
40
1814
4608
1462403
-487
-293
482
219
1846
4216
1463428
-860
-340
641
362
2458
4086
1464453
-1632
-372
847
194
2483
4151
1465478
-2312
-489
1014
74
1781
3904
1466503
-2412
-575
1166
62
1385
3693
1467528
-2331
-651
1355
44
1510
3561
1468553
-2383
-725
1575
5
1452
3360
1469578
-2463
-739
1764
-17
1065
3277
1470603
-2434
-754
1918
-8
604
3396
1471628
-2359
-796
2112
-94
372
3376
1472653
-2337
-894
2257
29
88
2895
1473678
-2273
-885
2346
335
-325
2761
1474703
-2456
-749
2484
263
-454
3079
1467520
-2766
-726
2655
-133
-1005
3143
1468545
-2973
-923
2671
54
-1787
2744
1469570
-3149
-1100
2591
723
-1465
2418
1470595
-3411
-1093
2659
633
-901
2291
1471620
-3711
-1079
2837
-301
-2369
2125
1472645
-3944
-1322
2651
-564
-4297
1501
1473670
-3561
-1629
2238
116
-4129
1554
1474695
-3029
-1615
2093
239
-3210
1907
1475720
-2808
-1563
2137
-180
-3758
1525
1476745
-2389
-1651
1916
11
-4172
560
1477770
-1902
-1558
1760
294
-4288
468
1478795
-1935
-1267
1787
60
-4777
1095
1479820
-2030
-1134
1730
-202
-5009
1073
1480845
-1652
-1179
1552
66
-4777
229
1481870
-1161
-1082
1441
200
-5031
-262
1482895
-908
-825
1424
-221
-5909
304
1475711
-784
-763
1229
-281
-5627
541
1476736
-490
-748
985
185
-4881
204
1477761
-551
-516
883
314
-4884
188
1478786
-828
-267
881
-130
-5017
335
1479811
-560
-269
789
-350
-5930
525
1480836
929
-527
-1
113
-11502
1417
1481861
-1264
-210
-1514
280
-4915
-809
1482886
-1001
-193
-627
617
-214
80
1483911
-563
-44
361
383
-5222
613
1484936
770
-60
138
-170
-6084
505
1485961
863
-51
-37
-258
-4287
354
1486986
904
-48
-50
-71
-3960
924
1488011
876
-9
26
-181
-4078
951
1489036
854
-24
-4
-203
-4295
929
1490061
742
-68
-107
-200
-4196
1185
1491086
473
-84
-178
-184
-3928
1369
1483905
140
-79
-212
-82
-4031
1204
1484930
-10
-64
-202
-11
-4283
1032
1485955
1
-50
-172
8
-4221
1013
1486980
17
-31
-120
46
-4142
1076
1488005
20
-17
-41
60
-4213
996
1489030
111
7
31
-5
-4302
977
1490055
193
16
34
-56
-4185
1064
1491080
180
9
7
-21
-4091
1180
1492105
98
-7
34
-1
-4167
1145
1493130
69
-14
60
-78
-4201
1103
1494155
75
-36
24
-125
-4170
1140
1495180
44
-67
-38
-69
-4123
1159
1496205
8
-77
-55
12
-4173
1127
1497230
22
-59
-11
18
-4240
1061
1498255
25
-22
0
-56
-4176
1120
1499280
77
-40
-26
-21
-4161
1168
1492096
34
-38
-37
38
-4087
1189
1493121
13
-31
22
37
-4199
1090
1494146
79
-12
62
-47
-4253
1086
1495171
127
-14
32
-57
-4159
1189
1496196
70
-23
2
-2
-4082
1222
1497221
8
-21
17
2
-4150
1163
1498246
22
-12
36
-41
-4230
1123
1499271
64
-10
16
-55
-4182
1179
1500296
41
-14
-4
-7
-4092
1212
1501321
-3
-9
18
5
-4135
1190
1502346
-19
-2
38
-36
-4183
1172
1503371
1
-8
27
-56
-4189
1164
1504396
0
-9
6
-33
-4128
1198
1505421
-31
-10
13
8
-4136
1168
1506446
-30
2
41
-37
-4196
1156
1507471
-14
-4
33
-70
-4185
1146
1500288
8
-12
11
-42
-4167
1159
1501313
13
-8
11
-12
-4150
1168
1502338
15
4
34
-25
-4168
1156
1503363
17
10
40
-73
-4188
1185
1504388
0
-5
12
-71
-4138
1187
1505413
-33
-11
0
-29
-4102
1195
1506438
-43
-9
27
-41
-4215
1138
1507463
-9
5
23
-88
-4179
1168
1508488
-14
-5
-3
-48
-4121
1177
1509513
-33
0
12
-5
-4159
1166
1510538
-33
12
47
-34
-4166
1124
1511563
14
19
65
-93
-4226
1138
1512588
31
8
30
-92
-4162
1182
1513613
13
0
10
-61
-4137
1171
1514638
2
9
18
-79
-4175
1159
1515663
3
5
3
-95
-4184
1152
1508481
5
-3
-22
-69
-4147
1191
1509506
-24
-5
-16
-27
-4139
1170
1510531
-20
2
20
-45
-4185
1131
1511556
14
5
29
-94
-4192
1146
1512581
24
-2
2
-90
-4163
1162
1513606
26
-8
-10
-38
-4155
1166
1514631
37
-1
14
-48
-4207
1166
1515656
47
4
22
-83
-4139
1170
1516681
21
0
0
-86
-4115
1194
1517706
-3
-10
-17
-66
-4208
1182
1518731
-12
-7
-24
-67
-4136
1196
1519756
-33
-20
-23
-34
-4124
1187
1520781
-54
-19
-5
-45
-4174
1139
1521806
-7
-14
11
-65
-4245
1138
1522831
28
-11
1
-51
-4139
1182
1523856
-6
-9
5
-38
-4097
1182
1516673
-18
-8
28
-60
-4212
1144
1517698
3
-8
14
-94
-4178
1147
1518723
35
-14
-9
-73
-4196
1172
1519748
21
-10
-26
-41
-4113
1183
1520773
13
-9
-2
-34
-4186
1178
1521798
13
-7
11
-72
-4170
1163
1522823
19
-15
0
-71
-4146
1188
1523848
-1
-17
-4
-16
-4148
1207
1524873
-21
-6
29
-18
-4154
1158
1525898
6
4
58
-77
-4180
1154
1526923
18
-1
38
-85
-4148
1180
1527948
12
-9
22
-62
-4165
1180
1528973
16
-11
27
-74
-4193
1169
1529998
28
-14
20
-106
-4166
1187
1531023
6
-25
-13
-77
-4134
1203
1532048
-33
-23
-15
-7
-4127
1203
1524864
-45
-9
36
-4
-4180
1154
1525889
-28
22
79
-66
-4181
1185
1526914
-54
31
79
-87
-4147
1189
1527939
-94
33
126
109
-4218
1145
1528964
-108
98
328
351
-4289
1124
1529989
-300
266
516
147
-4339
1109
1531014
-372
294
417
-228
-4475
983
1532039
-221
248
314
-242
-4498
1063
1533064
-68
266
362
110
-4532
1161
1534089
-180
385
388
153
-4789
1475
1535114
-375
426
401
-73
-5293
1793
1536139
-750
345
244
-69
-5324
1110
1537164
-670
520
312
-175
-4867
107
1538189
-397
556
146
-296
-4557
76
1539214
-64
667
47
-1228
-6157
1017
1540239
781
489
-525
-1264
-7425
749
1533056
1937
374
-1304
-518
-6955
-72
1534081
2388
594
-1636
-467
-5947
-96
1535106
2258
773
-1787
-588
-5693
359
1536131
2280
821
-2020
-427
-5449
554
1537156
2625
845
-2204
-247
-5061
690
1538181
2826
915
-2345
-133
-4457
987
1539206
2905
1035
-2414
-116
-4037
1262
1540231
3174
1090
-2445
-177
-3622
1411
1541256
3650
1043
-2492
8
-2942
1369
1542281
3968
1057
-2495
202
-2261
1303
1543306
4041
1142
-2448
244
-1746
1578
1544331
4009
1267
-2355
25
-1533
2057
1545356
4005
1313
-2301
-274
-1310
2278
1546381
4057
1308
-2364
-398
-1133
2213
1547406
4120
1227
-2479
-322
-1049
2269
1548431
4237
1161
-2579
-403
-498
2908
1541247
4077
1017
-2616
-510
-21
3660
1542272
3452
812
-2595
-462
84
3667
1543297
2808
628
-2556
-263
547
3341
1544322
2351
509
-2464
-159
1262
3663
1545347
1669
408
-2304
-292
1389
4023
1546372
1081
238
-2155
-253
1248
3663
1547397
854
118
-2045
-93
1295
3431
1548422
848
124
-1909
-112
1464
3619
1549447
987
102
-1695
-410
1621
4015
1550472
924
2
-1504
-457
1907
3842
1551497
568
-63
-1332
-113
2278
3350
1552522
189
-41
-1075
-168
2539
3579
1553547
106
-17
-815
-594
2459
4356
1554572
175
-162
-676
-511
1976
4599
1555597
285
-329
-474
-161
1958
4279
1556622
300
-366
-232
-107
2332
4234
1549539
76
-345
-95
-141
2146
4456
1550564
-130
-363
-16
-144
1571
4496
1551589
-153
-421
50
17
1316
4127
1552614
-32
-406
63
233
1449
3909
1553639
23
-313
100
165
1543
3983
1554664
-21
-236
94
39
1224
4070
1555689
-16
-212
66
98
999
3941
1556714
21
-153
40
223
1217
3696
1557739
5
-48
26
168
1278
3754
1558764
-13
8
11
66
1141
3932
1559789
3
29
-6
90
1183
3874
1560814
-19
25
11
211
1276
3736
1561839
-21
40
48
150
1090
3805
1562864
68
50
38
104
1066
3990
1563889
83
44
5
223
1282
4013
1564914
-77
10
44
288
1360
3849
1557632
-135
2
67
242
1207
3856
1558657
-48
10
65
183
1074
3996
1559682
40
5
55
194
1218
4045
1560707
3
-6
45
247
1359
4000
1561732
-95
-11
46
296
1306
3956
1562757
-98
7
46
325
1241
3972
1563782
-40
16
54
306
1174
4026
1564807
18
10
53
249
1180
4084
1565832
68
3
22
268
1179
4109
1566857
93
14
-11
309
1219
4099
1567882
62
23
-19
278
1296
4152
1568907
-29
4
-14
247
1252
4113
1569932
-43
-23
-15
248
1167
4041
1570957
21
-35
-24
277
1240
4055
1571982
-4
-40
-11
236
1331
4033
1573007
-44
-46
-3
201
1241
3982
1565824
-5
-40
-7
223
1205
3966
1566849
22
-35
3
251
1248
3939
1567874
-25
-46
27
300
1326
3888
1568899
-59
-28
49
263
1291
3913
1569924
-49
-10
48
217
1153
3959
1570949
-18
2
42
228
1158
3927
1571974
-19
1
48
265
1238
3879
1572999
-13
22
39
279
1230
3973
1574024
-1
38
30
242
1082
4095
1575049
18
35
8
263
1172
4081
1576074
-13
24
6
281
1268
4019
1577099
-50
17
7
273
1184
4006
1578124
10
18
-9
256
1148
4111
1579149
18
7
-23
290
1259
4103
1580174
-32
-11
-5
269
1299
4025
1581199
-43
-26
3
262
1204
3990
1574016
12
-20
-4
278
1204
4025
1575041
27
-15
1
265
1313
4049
1576066
-44
-20
20
244
1288
3989
1577091
-68
-23
24
265
1195
3939
1578116
1
4
21
244
1169
3982
1579141
50
22
22
192
1200
3997
1580166
37
21
20
199
1228
3990
1581191
-6
21
18
258
1199
4000
1582216
-35
34
25
256
1170
4000
1583241
-29
35
28
211
1163
4007
1584266
-6
20
27
216
1152
4027
1585291
2
16
19
280
1188
4018
1586316
-33
30
22
267
1228
4016
1587341
-63
35
19
206
1213
4037
1588366
-33
21
3
226
1121
4047
1589391
25
14
4
293
1204
4019
1582208
-5
11
19
281
1275
4011
1583233
-54
5
23
207
1186
4051
1584258
-19
-2
8
208
1088
4069
1585283
36
-2
-2
257
1201
4033
1586308
-5
-4
12
242
1309
3999
1587333
-79
-12
16
234
1213
4020
1588358
-70
-2
4
238
1109
4051
1589383
-21
5
0
249
1154
4029
1590408
-4
1
-6
277
1221
3986
1591433
7
8
-1
233
1168
4017
1592458
26
23
-12
185
1152
4062
1593483
6
15
-18
206
1226
4063
1594508
-31
-1
-11
249
1211
4044
1595533
-9
1
-6
238
1166
4034
1596558
12
8
-4
197
1224
4049
1597583
-20
-7
6
177
1223
4084
1590399
-24
-20
16
175
1233
4099
1591424
0
-24
30
188
1339
4069
1592449
-81
-4
67
188
1657
4109
1593474
-331
15
151
62
1885
4359
1594499
-601
-28
295
-126
1797
4441
1595524
-784
-148
450
-44
1707
4163
1596549
-963
-187
605
101
2270
4167
1597574
-1414
-207
830
-29
2208
4201
1598599
-1762
-297
1091
-190
1634
4185
1599624
-1780
-395
1317
-261
1515
4098
1600649
-1813
-529
1558
-300
1437
3873
1601674
-1908
-652
1775
-311
1163
3790
1602699
-1982
-740
1935
-255
859
3879
1603724
-2067
-831
2102
-289
585
3929
1604749
-2177
-993
2273
-373
355
3720
1605774
-2409
-1159
2386
-302
346
3303
1598592
-2777
-1259
2461
-44
127
3028
1599617
-3079
-1275
2546
53
-339
3187
1600642
-3364
-1320
2671
-209
-1025
2999
1601667
-3604
-1477
2678
-189
-1392
2589
1602692
-3841
-1589
2590
194
-1427
2256
1603717
-4043
-1563
2638
315
-2033
1895
1604742
-3773
-1538
2707
-92
-3355
1519
1605767
-3372
-1610
2497
-254
-3885
1281
1606792
-3337
-1557
2151
134
-3671
1203
1607817
-3362
-1349
2058
157
-3997
1150
1608842
-3122
-1252
1984
-3
-4526
635
1609867
-2436
-1313
1794
347
-4258
-238
1610892
-1614
-1217
1684
349
-4582
105
1611917
-1473
-1074
1632
-50
-5051
968
1612942
-1613
-1085
1454
-97
-4546
812
1613967
-1541
-1063
1320
28
-4624
170
1606784
-1282
-954
1238
117
-4953
142
1607809
-901
-825
1217
-188
-5153
318
1608834
-694
-805
1058
-314
-5018
346
1609859
-715
-765
895
145
-4723
231
1610884
-693
-598
918
155
-5006
250
1611909
-464
-490
902
-246
-5222
389
1612934
-402
-469
730
-290
-4758
264
1613959
-434
-372
639
-216
-5501
77
1614984
1041
-408
270
-396
-11444
1016
1616009
266
-277
-1387
163
-5461
205
1617034
-787
-63
-619
561
-340
44
1618059
-802
10
390
228
-4270
329
1619084
283
-136
-12
-52
-5307
401
1620109
808
-68
-86
-400
-5072
664
1621134
864
-51
-129
-277
-4418
759
1622159
985
-9
-157
-256
-3778
980
1614976
980
-18
-116
-301
-4204
1101
1616001
846
-100
-221
-178
-4195
1156
1617026
601
-110
-266
-165
-4003
1330
1618051
224
-110
-300
-90
-4004
1427
1619076
-189
-110
-298
10
-4055
1250
1620101
-384
-98
-221
5
-4269
1003
1621126
-360
-98
-172
3
-4280
909
1622151
-257
-95
-132
37
-4240
877
1623176
-152
-78
-56
39
-4380
844
1624201
-35
-71
-11
18
-4313
805
1625226
122
-69
12
-38
-4292
841
1626251
242
-80
-6
-15
-4227
959
1627276
256
-72
-1
30
-4154
1063
1628301
165
-52
29
-10
-4142
1090
1629326
74
-44
9
-51
-4136
1100
1630351
-8
-52
-40
-16
-4139
1094
1623169
-61
-48
-41
57
-4193
985
1624194
-21
-19
8
33
-4257
959
1625219
14
-4
17
-22
-4181
1035
1626244
-5
-16
-3
-7
-4165
1053
1627269
-20
-25
-7
18
-4222
1006
1628294
21
-31
10
24
-4253
930
1629319
121
-35
26
-21
-4263
966
1630344
179
-50
9
-1
-4187
1050
1631369
179
-58
6
55
-4153
1078
1632394
180
-46
36
27
-4221
1048
1633419
218
-40
43
-17
-4212
1070
1634444
240
-44
27
-14
-4168
1139
1635469
190
-40
38
-7
-4101
1164
1636494
129
-37
62
-12
-4177
1163
1637519
146
-46
0
-13
-4150
1202
1638544
65
-46
-24
12
-4062
1239
1631360
-27
-51
4
36
-4165
1166
1632385
-31
-45
26
-5
-4181
1131
1633410
4
-46
29
0
-4179
1144
1634435
5
-38
28
11
-4145
1161
1635460
8
-26
38
2
-4207
1123
1636485
50
-15
32
-50
-4218
1139
1637510
56
-18
-8
-25
-4119
1196
1638535
9
-20
-15
41
-4115
1180
1639560
-1
-7
29
18
-4199
1145
1640585
21
0
46
-39
-4178
1170
1641610
18
-6
23
-35
-4140
1186
1642635
-10
-7
5
4
-4131
1194
1643660
-37
-4
19
8
-4163
1167
1644685
-37
-1
28
-51
-4191
1134
1645710
-7
-10
4
-35
-4178
1161
1646735
-12
-10
-13
10
-4132
1188
1639553
-33
0
7
16
-4172
1155
1640578
-23
7
25
-30
-4195
1119
1641603
8
6
19
-43
-4180
1152
1642628
16
-3
4
-16
-4153
1164
1643653
22
-1
11
-14
-4173
1139
1644678
52
1
22
-27
-4201
1130
1645703
85
-1
12
-41
-4173
1172
1646728
83
-5
2
-19
-4129
1208
1647753
36
-10
13
8
-4110
1216
1648778
-8
-8
35
-32
-4144
1187
1649803
-23
-9
25
-61
-4163
1173
1650828
-16
-7
0
-7
-4184
1173
1651853
-11
10
28
73
-4159
1154
1652878
-13
59
95
-3
-4103
1196
1653903
-34
72
109
-112
-4208
1173
1654928
-41
55
43
-124
-4133
1182
1647744
-63
28
-9
-89
-4125
1207
1648769
-103
3
-18
-41
-4179
1149
1649794
-87
-13
-2
-50
-4180
1109
1650819
-19
-28
7
-59
-4228
1118
1651844
21
-34
-4
-41
-4168
1119
1652869
58
-27
1
-33
-4169
1162
1653894
48
-19
11
-41
-4161
1164
1654919
30
-11
12
-62
-4137
1171
1655944
5
-9
-3
-46
-4131
1180
1656969
-26
-2
-5
-21
-4166
1176
1657994
-40
10
18
-22
-4188
1149
1659019
-32
21
38
-50
-4170
1149
1660044
-16
22
34
-64
-4194
1131
1661069
19
28
34
-53
-4225
1106
1662094
51
51
38
-73
-4191
1181
1663119
8
60
23
-71
-4111
1183
1655937
8
66
37
-32
-4263
1111
1656962
66
106
61
-49
-4247
1146
1657987
48
157
53
-136
-4089
1282
1659012
-109
162
-13
-143
-3959
1350
1660037
-317
140
-45
-39
-4063
1227
1661062
-366
124
34
107
-4347
1035
1662087
-251
164
206
196
-4344
1098
1663112
-268
250
405
24
-4233
1247
1664137
-336
250
441
-137
-4440
1215
1665162
-301
211
340
-19
-4540
1168
1666187
-247
237
300
93
-4532
1054
1667212
-94
300
155
62
-5057
1191
1668237
-55
316
85
-559
-5570
1168
1669262
-413
167
64
-576
-4789
1053
1670287
-960
59
-185
47
-4065
554
1671312
-460
221
-203
-287
-5723
922
1664129
1091
134
-495
-398
-7843
1106
1665154
2454
0
-973
99
-6377
821
1666179
1942
252
-1261
-13
-5019
934
1667204
1056
437
-1331
131
-5662
739
1668229
1160
518
-1490
253
-5893
367
1669254
1726
632
-1584
-13
-5659
320
1670279
2496
682
-1698
-159
-5416
366
1671304
3418
706
-1893
27
-4954
349
1672329
4279
791
-2083
153
-4335
464
1673354
4834
894
-2178
-74
-3745
789
1674379
5243
862
-2312
-83
-3051
1068
1675404
5409
825
-2507
83
-2321
1410
1676429
5114
866
-2696
274
-1419
1899
1677454
4368
997
-2804
325
-939
2280
1678479
3773
1031
-2784
151
-998
2387
1679504
3618
998
-2807
-17
-1453
2294
1672320
3686
919
-2846
-176
-1130
2476
1673345
3765
867
-2914
-444
80
3423
1674370
3180
672
-2842
-576
959
3878
1675395
2164
430
-2765
-390
1116
3561
1676420
1486
281
-2637
-330
1010
3615
1677445
1429
115
-2400
-727
560
4009
1678470
1761
-221
-2212
-933
711
3815
1679495
2132
-455
-2212
-471
1655
3460
1680520
1811
-465
-2129
-76
2398
3671
1681545
979
-343
-1899
-243
2685
4206
1682570
219
-371
-1639
-504
2108
3926
1683595
-68
-506
-1477
-186
1795
3145
1684620
7
-431
-1368
255
2392
3208
1685645
69
-234
-1156
2
2700
3993
1686670
-103
-192
-977
-284
2441
4143
1687695
-337
-211
-870
-34
2131
3590
1680511
-676
-152
-701
138
1750
3301
1681536
-639
-118
-442
46
1940
3640
1682561
-363
-97
-331
83
2072
3979
1683586
-263
-114
-263
266
1646
3778
1684611
-136
-95
-173
401
1565
3700
1685636
20
-25
-62
309
1794
4012
1686661
0
-17
24
250
1576
3976
1687686
11
-30
14
400
1351
3692
1688711
145
40
21
371
1528
3864
1689736
101
80
72
163
1545
4120
1690761
-56
18
92
184
1322
4059
1691786
-82
-31
82
368
1231
3957
1692811
-1
0
72
361
1212
4025
1693836
63
26
54
267
1261
4143
1694861
24
-5
49
268
1270
4083
1695886
-23
-41
43
333
1299
3906
1688705
21
-23
29
293
1286
3995
1689730
-10
-6
15
250
1312
4136
1690755
-130
-17
22
263
1338
4055
1691780
-196
-49
31
303
1204
3907
1692805
-62
-41
9
324
1068
3955
1693830
75
-14
-13
335
1167
4044
1694855
101
-13
-21
341
1344
4103
1695880
30
-27
-17
344
1327
4004
1696905
7
-21
-22
372
1252
3857
1697930
64
15
-26
348
1273
3926
1698955
62
-4
-13
297
1316
4029
1699980
53
-35
-7
331
1318
3959
1701005
51
-30
-8
395
1315
3809
1702030
47
-4
8
372
1351
3876
1703055
2
-9
26
300
1358
3977
1704080
-27
-20
15
334
1255
3954
1696896
-2
-11
4
381
1264
3876
1697921
22
19
-8
319
1330
3937
1698946
-47
13
-15
302
1256
3965
1699971
-39
-2
-22
399
1278
3957
1700996
-12
4
-1
368
1360
3964
1702021
19
2
15
214
1369
4057
1703046
25
-20
-12
244
1303
4038
1704071
52
-37
-16
369
1275
3925
1705096
93
-33
20
334
1405
3997
1706121
58
-30
23
270
1384
4096
1707146
17
-31
-7
332
1267
4009
1708171
19
-23
-16
404
1336
3907
1709196
-11
-15
6
344
1350
3927
1710221
5
-20
7
270
1200
4028
1711246
71
-21
-40
374
1242
4029
1712271
43
-7
-33
411
1437
3917
1705087
-80
-4
2
296
1411
3862
1706112
-91
-20
-17
273
1213
3905
1707137
9
-17
-43
350
1280
3902
1708162
20
-17
-7
324
1458
3920
1709187
-57
-23
18
278
1421
3926
1710212
-87
-19
10
355
1345
3896
1711237
-50
-3
19
385
1375
3913
1712262
-22
8
49
301
1310
3925
1713287
16
7
36
320
1283
3951
1714312
30
21
15
409
1342
4003
1715337
-20
24
34
348
1295
3967
1716362
-35
15
25
294
1302
3955
1717387
-40
13
7
351
1251
3932
1718412
-12
26
8
338
1265
3981
1719437
-4
17
12
286
1385
4054
1720462
-47
5
27
265
1427
3977
1713280
-110
17
53
293
1599
3885
1714305
-259
50
107
276
1846
3969
1715330
-518
60
206
206
1880
4084
1716355
-748
38
340
154
1817
4015
1717380
-878
34
488
107
1894
3983
1718405
-1080
45
647
46
2162
4139
1719430
-1538
27
851
-77
2211
4242
1720455
-2028
-112
1125
-181
1752
4027
1721480
-2195
-245
1341
-140
1394
3966
1722505
-2164
-324
1524
-175
1288
4269
1723530
-2274
-445
1716
-391
1189
4510
1724555
-2768
-717
1903
-546
1146
4219
1725580
-3289
-1062
2099
-609
970
3657
1726605
-3661
-1328
2228
-609
495
3318
1727630
-4060
-1524
2266
-463
-325
3168
1728655
-4283
-1710
2291
-327
-934
3123
1721472
-4337
-1874
2274
-152
-1290
2650
1722497
-4012
-1945
2243
191
-1807
2557
1723522
-3662
-1979
2268
398
-2010
2512
1724547
-3525
-2057
2339
200
-2186
1933
1725572
-3542
-2134
2309
163
-2609
991
1726597
-3387
-2076
2135
628
-3030
812
1727622
-3134
-1838
2153
536
-3656
1154
1728647
-2660
-1746
2250
-131
-4544
991
1729672
-1968
-1857
2075
-85
-4732
-123
1730697
-1304
-1782
1841
303
-4179
-320
1731722
-1117
-1500
1839
43
-4261
553
1732747
-1349
-1406
1771
-151
-4500
730
1733772
-1368
-1435
1597
120
-4347
153
1734797
-1374
-1281
1587
20
-4695
-375
1735822
-1340
-1058
1569
-561
-5272
61
1736847
-1074
-1060
1318
-393
-5197
297
1729665
-661
-1022
1123
220
-4736
267
1730690
-788
-748
1130
20
-4642
103
1731715
-1247
-534
1123
-562
-5053
-161
1732740
-1277
-547
885
-434
-5200
-576
1733765
-607
-522
747
52
-5297
-532
1734790
843
-384
772
-193
-8524
260
1735815
1077
-248
-679
-30
-10652
822
1736840
-977
-120
-1579
417
-776
-304
1737865
-752
18
217
344
-2714
103
1738890
448
-199
149
388
-6078
-291
1739915
1931
-115
-94
-208
-5317
250
1740940
1483
-62
-57
-256
-4147
890
1741965
1073
-75
-68
-22
-3745
1090
1742990
1145
-30
76
-335
-3939
1224
1744015
1011
-118
23
-335
-4107
1202
1745040
650
-138
-138
-341
-3988
1383
1737856
180
-157
-296
-300
-3906
1450
1738881
-244
-186
-410
-120
-3966
1302
1739906
-519
-167
-403
-15
-4319
1044
1740931
-596
-148
-353
20
-4331
900
1741956
-553
-139
-282
116
-4224
857
1742981
-461
-111
-159
173
-4314
704
1744006
-238
-48
-6
110
-4417
600
1745031
-1
16
65
-20
-4296
762
1746056
74
0
41
-39
-4201
891
1747081
40
-20
14
1
-4185
881
1748106
17
-19
15
-37
-4236
844
1749131
14
-36
-17
-46
-4235
854
1750156
-6
-59
-58
-25
-4206
906
1751181
-42
-78
-81
23
-4212
868
1752206
-54
-75
-73
51
-4235
818
1753231
-15
-64
-49
40
-4279
783
1746048
26
-52
-51
27
-4230
854
1747073
14
-62
-50
74
-4179
880
1748098
31
-68
-9
132
-4244
723
1749123
228
-47
88
128
-4400
654
1750148
414
-3
153
37
-4261
891
1751173
397
5
148
-7
-4102
1038
1752198
283
13
129
-52
-4187
1027
1753223
212
2
77
-90
-4256
991
1754248
169
-12
-6
-87
-4160
1089
1755273
40
-30
-71
-3
-4032
1175
1756298
-134
-44
-57
57
-4119
1091
1757323
-221
-36
-20
29
-4206
964
1758348
-180
-37
-12
3
-4259
895
1759373
-113
-27
-30
21
-4190
947
1760398
-105
-19
-26
47
-4194
945
1761423
-101
-12
2
27
-4266
897
1754240
-68
-12
0
15
-4196
906
1755265
-38
-17
0
52
-4179
918
1756290
-15
-10
26
47
-4277
860
1757315
30
16
37
-11
-4261
923
1758340
20
10
12
21
-4161
966
1759365
-11
14
22
26
-4147
991
1760390
-66
6
32
12
-4193
948
1761415
-73
-1
41
-13
-4262
875
1762440
-38
-2
10
-49
-4228
912
1763465
-37
-20
-34
20
-4176
934
1764490
-61
-17
-24
47
-4194
933
1765515
-64
-15
7
27
-4249
858
1766540
-19
-10
20
2
-4250
873
1767565
9
-14
15
6
-4211
900
1768590
1
-15
9
27
-4187
945
1769615
-35
-13
24
20
-4220
879
1762482
-17
-3
35
-21
-4275
872
1763507
-6
-4
8
-22
-4191
928
1764532
-23
-15
-2
21
-4198
903
1765557
-26
-8
16
3
-4253
857
1766582
4
-5
13
-10
-4246
864
1767607
15
-4
-4
3
-4195
938
1768632
-24
-15
-6
32
-4185
910
1769657
-34
-14
21
21
-4233
862
1770682
-9
-9
34
-13
-4249
869
1771707
-4
-6
18
-8
-4210
900
1772732
-22
0
13
13
-4209
894
1773757
-35
4
25
5
-4217
891
1774782
-27
-1
37
-12
-4245
864
1775807
-13
-7
29
-26
-4235
876
1776832
-14
-12
12
-14
-4206
896
1777857
-28
-10
12
2
-4226
870
1770624
-22
-2
22
-24
-4245
852
1771649
-1
-7
13
-27
-4236
874
1772674
-4
-13
2
-8
-4204
890
1773699
-7
-16
8
5
-4231
855
1774724
6
-11
22
0
-4243
845
1775749
24
-4
24
-22
-4227
871
1776774
31
-4
13
-22
-4232
876
1777799
25
0
2
-11
-4207
900
1778824
3
7
10
8
-4198
910
1779849
-22
17
38
-3
-4233
878
1780874
-35
25
40
-44
-4219
885
1781899
-37
16
31
-11
-4246
847
1782924
-14
31
55
73
-4253
852
1783949
-3
77
156
146
-4233
883
1784974
-44
171
295
-18
-4216
919
1785999
-74
181
307
-208
-4297
835
1778817
-6
136
218
-144
-4366
805
1779842
23
158
224
99
-4288
936
1780867
-130
274
382
189
-4297
933
1781892
-397
390
440
-14
-4690
870
1782917
-467
387
334
103
-5034
1190
1783942
-453
358
274
447
-4896
937
1784967
-135
498
409
-191
-4860
453
1785992
-120
430
324
-584
-5049
681
1787017
-614
357
89
-323
-5419
673
1788042
-76
364
-64
-260
-6431
567
1789067
1536
312
-432
-411
-7980
196
1790092
2953
274
-1098
-416
-7458
39
1791117
3359
349
-1460
-239
-6148
84
1792142
3342
507
-1644
-178
-6016
274
1793167
3770
599
-1878
-400
-6086
580
1794192
4537
555
-2205
-471
-5590
519
1787008
5243
522
-2562
-403
-5090
700
1788033
5788
496
-2829
-416
-4408
1155
1789058
6284
374
-3037
-485
-3357
1482
1790083
6441
217
-3208
-409
-2243
1369
1791108
6422
149
-3361
-240
-1319
1612
1792133
5992
169
-3440
-358
-654
2050
1793158
5206
174
-3435
-425
56
2109
1794183
4399
155
-3414
-348
673
2298
1795208
3446
174
-3286
-303
821
2319
1796233
2846
193
-3167
-355
785
2243
1797258
2521
237
-3099
-462
912
2339
1798283
2261
249
-3034
-421
1365
2505
1799308
1951
265
-2857
-366
1827
2568
1800333
1582
285
-2611
-528
1771
2720
1801358
1397
235
-2406
-687
2053
3026
1802383
1388
190
-2234
-748
2510
3280
1795199
940
95
-2007
-662
2516
3048
1796224
653
9
-1738
-627
2794
3129
1797249
626
-22
-1433
-851
3184
3622
1798274
328
-149
-1207
-780
3098
3549
1799299
43
-239
-1026
-457
2947
3323
1800324
84
-213
-796
-415
3117
3676
1801349
81
-202
-565
-510
3246
4159
1802374
-138
-315
-333
-458
2791
4063
1803399
-289
-427
-175
-149
2635
3598
1804424
-226
-356
-98
31
2807
3623
1805449
-240
-258
-4
-107
2601
3778
1806474
-273
-240
17
-155
2099
3739
1807499
-227
-256
-4
76
1989
3513
1808524
-90
-177
1
91
2074
3525
1809549
-3
-137
22
-74
2027
3627
1810574
92
-126
-9
-158
1923
3689
1803392
49
-128
-45
-65
1970
3504
1804417
-43
-92
-55
-22
2024
3484
1805442
-173
-65
-36
-114
2007
3550
1806467
-269
-59
-35
-114
1950
3582
1807492
-338
-77
-36
49
1816
3429
1808517
-242
-48
1
34
1703
3454
1809542
-11
-15
23
-158
1661
3661
1810567
136
-40
-11
-133
1888
3696
1811592
97
-57
-17
54
2084
3581
1812617
-58
-33
35
84
2003
3568
1813642
-105
5
56
-47
1798
3713
1814667
-55
6
20
-56
1772
3701
1815692
-14
4
-10
83
1825
3576
1816717
-15
30
-2
116
1811
3573
1817742
18
77
-3
-42
1806
3727
1818767
20
58
-40
-56
1899
3814
1811584
-14
2
-37
56
2004
3818
1812609
-48
-24
15
19
2014
3817
1813634
-66
-35
38
-52
1926
3792
1814659
-69
-51
15
16
1953
3775
1815684
-57
-62
20
45
2010
3816
1816709
-111
-69
48
43
1961
3715
1817734
-153
-59
53
106
1919
3613
1818759
-110
-22
50
58
1822
3711
1819784
-23
-24
42
-35
1668
3760
1820809
81
-46
6
50
1752
3687
1821834
116
-33
-15
128
1852
3678
1822859
37
-4
-3
32
1860
3735
1823884
-79
-4
-13
5
1861
3697
1824909
-129
-6
-22
75
1842
3605
1825934
-63
15
-10
46
1839
3647
1826959
7
18
1
-13
1812
3690
1819776
29
7
1
31
1865
3683
1820801
0
26
5
71
1968
3750
1821826
-85
36
31
31
1919
3740
1822851
-109
23
57
-13
1811
3695
1823876
-73
2
57
59
1771
3683
1824901
-21
19
48
64
1752
3741
1825926
42
33
42
-55
1723
3823
1826951
36
21
13
-35
1804
3783
1827976
-33
9
0
98
1834
3662
1829001
-53
18
12
91
1806
3739
1830026
-13
19
8
-6
1752
3873
1831051
18
-1
-12
22
1786
3817
1832076
21
-21
0
86
1817
3748
1833101
6
-25
14
26
1833
3780
1834126
-8
-29
2
-17
1842
3816
1835151
-36
-48
-8
52
1834
3745
1827968
-49
-58
8
109
1836
3673
1828993
-42
-36
17
55
1807
3667
1830018
-33
-12
-5
40
1855
3702
1831043
-53
-6
-4
50
1878
3706
1832068
-56
-8
17
50
1837
3686
1833093
-48
2
15
84
1830
3676
1834118
-8
26
21
23
1785
3785
1835143
3
16
27
-13
1781
3789
1836168
-8
3
33
12
1804
3691
1837193
-14
4
33
58
1771
3714
1838218
43
22
18
38
1834
3888
1839243
60
14
36
-29
1912
3877
1840268
33
-28
70
-2
1869
3739
1841293
52
-51
92
53
1998
3833
1842318
28
-35
100
53
2186
4042
1843343
-148
-33
150
38
2351
3949
1836160
-371
-58
260
-21
2313
3726
1837185
-536
-78
386
-88
2374
3764
1838210
-789
-59
498
-115
2720
4058
1839235
-1355
-43
668
-185
2843
4073
1840260
-2037
-113
904
-260
2516
3747
1841285
-2380
-229
1153
-349
2054
3630
1842310
-2328
-327
1358
-486
1718
3846
1843335
-2214
-451
1524
-537
1587
3962
1844360
-2253
-655
1744
-500
1350
3667
1845385
-2225
-840
1924
-275
1241
3558
1846410
-2109
-886
2062
-178
1169
3673
1847435
-2244
-966
2282
-276
792
3592
1848460
-2450
-1111
2448
-296
579
3337
1849485
-2675
-1243
2549
-144
400
3125
1850510
-2928
-1317
2621
88
43
3026
1851535
-3175
-1346
2772
12
-382
2957
1844353
-3576
-1407
2891
-217
-811
2623
1845378
-3997
-1509
2877
-22
-1480
2130
1846403
-4366
-1477
2813
237
-2020
2233
1847428
-4764
-1415
2795
-87
-2457
2181
1848453
-5081
-1495
2614
-359
-2920
1436
1849478
-5141
-1609
2228
63
-3600
418
1850503
-4397
-1569
2021
445
-4523
204
1851528
-3215
-1434
1960
255
-4878
495
1852553
-2428
-1450
1757
260
-4454
29
1853578
-2082
-1338
1632
600
-4124
-191
1854603
-1763
-1009
1727
499
-4654
143
1855628
-1146
-880
1740
23
-5268
270
1856653
-496
-1054
1458
328
-5117
-144
1857678
-350
-929
1328
630
-4832
-105
1858703
-554
-617
1377
271
-4980
421
1859728
-622
-519
1307
-119
-5210
555
1852545
-425
-563
1070
5
-4942
312
1853570
-241
-457
976
207
-4887
299
1854595
-145
-273
982
-128
-5026
658
1855620
344
-320
809
-569
-7981
1405
1856645
754
-494
-538
-442
-11639
1629
1857670
-1371
-422
-1872
469
-1932
-478
1858695
-579
-293
-101
991
-1121
529
1859720
-260
96
558
-86
-5859
639
1860745
842
-74
74
-451
-5685
671
1861770
779
-119
-172
-103
-4030
815
1862795
475
28
-138
-22
-3781
1196
1863820
227
100
-88
-140
-3882
1134
1864845
91
78
-117
-70
-4322
766
1865870
214
68
-123
-96
-4416
859
1866895
171
49
-180
-72
-4037
1146
1867920
-80
46
-181
38
-4074
1115
1860737
-268
62
-128
-9
-4240
906
1861762
-251
33
-118
-15
-4300
765
1862787
-119
1
-108
-5
-4301
801
1863812
-46
-38
-80
51
-4288
801
1864837
51
-64
-16
63
-4352
754
1865862
159
-74
14
-18
-4260
798
1866887
237
-86
-7
-20
-4237
887
1867912
221
-86
-39
21
-4202
968
1868937
146
-69
-47
56
-4136
989
1869962
87
-39
-21
44
-4176
959
1870987
69
-14
-17
10
-4211
970
1872012
15
-6
-35
34
-4156
1049
1873037
-72
-8
-26
75
-4168
957
1874062
-76
1
2
46
-4233
897
1875087
-36
4
6
24
-4237
888
1876112
15
1
0
37
-4254
892
1868929
82
-5
10
61
-4289
894
1869954
150
-11
32
60
-4183
886
1870979
193
-7
58
24
-4204
950
1872004
198
-9
59
-12
-4257
1012
1873029
169
-14
22
-16
-4142
1056
1874054
97
-16
-16
2
-4113
1103
1875079
-20
-14
-39
45
-4109
1073
1876104
-73
-6
-12
55
-4236
973
1877129
-40
6
8
7
-4241
991
1878154
-50
3
-14
10
-4119
1042
1879179
-86
-2
-14
53
-4192
997
1880204
-64
0
9
51
-4288
895
1881229
19
3
15
4
-4215
966
1882254
26
-6
-3
28
-4136
1042
1883279
-10
-10
1
34
-4197
1001
1884304
-12
-13
0
12
-4219
975
1877120
-1
-19
-10
36
-4210
952
1878145
7
-6
-11
34
-4181
998
1879170
-11
-4
-11
52
-4178
1027
1880195
-35
-8
6
50
-4223
963
1881220
-13
-7
16
21
-4219
936
1882245
28
-12
7
21
-4214
984
1883270
22
-12
0
60
-4163
1026
1884295
13
-18
28
56
-4228
960
1885320
39
-15
39
5
-4230
959
1886345
66
-22
18
14
-4183
1001
1887370
46
-12
4
41
-4141
1074
1888395
-35
-6
13
56
-4141
1040
1889420
-67
-5
39
13
-4231
967
1890445
-41
-14
22
-14
-4236
978
1891470
-20
-21
-8
18
-4197
977
1892495
-6
-12
-13
40
-4192
993
1885311
7
-11
1
27
-4237
946
1886336
59
-14
2
24
-4241
948
1887361
101
-11
1
65
-4197
1008
1888386
81
16
22
29
-4155
1058
1889411
26
24
15
-3
-4161
1054
1890436
-12
13
-8
24
-4180
1066
1891461
-46
5
5
54
-4198
999
1892486
-55
12
27
25
-4170
1030
1893511
-79
5
28
32
-4178
1013
1894536
-73
1
38
12
-4248
949
1895561
-26
-4
36
0
-4236
951
1896586
13
-11
33
6
-4212
982
1897611
23
-12
26
-4
-4201
1009
1898636
23
-10
14
-19
-4212
983
1899661
40
-7
-12
-26
-4227
966
1900686
65
-5
-50
-21
-4220
989
1893505
75
-10
-76
-4
-4216
975
1894530
129
-14
-82
47
-4279
939
1895555
157
41
-46
157
-4178
996
1896580
176
124
65
239
-4241
1088
1897605
151
209
182
186
-4210
1167
1898630
60
269
345
326
-4233
1237
1899655
-136
364
626
478
-4227
1279
1900680
-404
431
830
519
-4727
1130
1901705
-465
546
604
186
-5135
1189
1902730
-176
624
406
-76
-5282
1365
1903755
-64
490
180
69
-5314
715
1904780
27
597
372
-318
-5444
126
1905805
738
646
74
-689
-5531
321
1906830
1753
605
-325
-675
-6152
752
1907855
2268
584
-838
-592
-6453
502
1908880
1955
716
-1200
-457
-5528
75
1901696
1639
1014
-1352
-240
-5095
145
1902721
2040
1249
-1432
-273
-5995
339
1903746
3290
1313
-1623
-618
-6220
888
1904771
4458
1165
-1994
-714
-5133
1135
1905796
5017
1061
-2345
-600
-4283
1253
1906821
5208
1028
-2642
-642
-3851
1683
1907846
5378
891
-2910
-717
-3171
2240
1908871
5287
712
-3150
-674
-2122
2572
1909896
4806
612
-3372
-442
-1162
2847
1910921
3984
607
-3455
-229
-867
2894
1911946
3417
599
-3359
-338
-1121
2561
1912971
3350
548
-3285
-529
-1011
2425
1913996
3664
476
-3299
-548
-165
2622
1915021
3892
334
-3186
-607
599
2984
1916046
3782
122
-3056
-613
1178
3058
1917071
3410
-25
-2900
-489
1585
2847
1909887
2778
-24
-2691
-459
2123
2900
1910912
2040
-38
-2395
-614
2548
3267
1911937
1303
-116
-2088
-634
2704
3501
1912962
525
-195
-1803
-395
2844
3287
1913987
-113
-169
-1499
-239
2698
2967
1915012
-529
-51
-1185
-388
1897
2834
1916037
-548
-66
-881
-427
1292
3113
1917062
-51
-233
-569
-220
1622
3668
1918087
454
-262
-407
-1
1825
3739
1919112
705
-100
-418
128
1916
3786
1920137
676
52
-374
54
2196
4302
1921162
249
94
-211
-183
2168
4693
1922187
-305
-35
-106
37
1979
4278
1923212
-439
-91
-12
319
1842
3933
1924237
-200
-46
110
118
1709
4161
1925262
80
-33
121
-122
1507
4596
1918081
52
-150
113
29
1490
4454
1919106
-28
-201
127
243
1584
4015
1920131
-44
-138
147
143
1491
3885
1921156
-46
-102
105
65
1357
3962
1922181
-89
-111
57
156
1326
3932
1923206
-115
-115
47
314
1344
3776
1924231
-88
-63
57
329
1268
3716
1925256
10
-26
42
248
1209
3894
1926281
120
-20
-15
242
1253
4041
1927306
142
-34
-31
293
1322
3886
1928331
149
-41
-9
329
1426
3726
1929356
148
-25
-17
324
1370
3823
1930381
133
-25
-38
312
1257
3999
1931406
80
-35
-61
333
1377
3982
1932431
-27
-47
-40
302
1461
3857
1933456
-94
-53
-23
243
1374
3809
1926273
-60
-37
-52
225
1370
3876
1927298
-8
-21
-74
219
1520
3949
1928323
-13
-26
-63
183
1545
3945
1929348
-28
-19
-65
211
1509
3905
1930373
-42
14
-73
305
1524
3886
1931398
-69
58
-52
240
1548
3915
1932423
-64
59
-25
152
1481
3983
1933448
-42
28
-28
264
1389
3918
1934473
16
30
-3
306
1397
3840
1935498
63
55
8
205
1471
3912
1936523
13
69
-16
162
1461
3947
1937548
-46
57
-13
204
1434
3840
1938573
-22
39
-3
287
1382
3801
1939598
50
59
9
252
1380
3916
1940623
69
76
2
178
1401
4011
1941648
34
50
-2
188
1424
3881
1934463
49
36
5
206
1398
3817
1935488
84
40
-3
233
1376
3892
1936513
77
65
-17
188
1449
4026
1937538
16
49
-24
146
1460
4053
1938563
-12
11
-12
184
1445
3941
1939588
21
-11
6
217
1446
3879
1940613
87
-8
4
192
1429
3957
1941638
120
-11
-9
165
1409
4020
1942663
158
-24
-23
221
1433
3951
1943688
177
-26
-10
252
1538
3837
1944713
102
-10
11
194
1605
3814
1945738
-6
3
-2
159
1548
3894
1946763
-56
-4
-3
193
1454
3884
1947788
-26
-9
9
216
1487
3790
1948813
53
0
3
178
1477
3838
1949838
86
9
-17
170
1521
3984
1942657
33
6
-10
198
1589
3959
1943682
-26
-7
10
223
1580
3830
1944707
-20
2
18
189
1519
3880
1945732
-4
19
2
145
1480
3978
1946757
4
14
-14
171
1508
3925
1947782
-7
-5
1
228
1543
3821
1948807
1
-7
24
192
1468
3886
1949832
35
-1
13
147
1447
3975
1950857
8
-10
2
175
1533
3917
1951882
-56
-25
18
197
1534
3786
1952907
-44
-24
19
183
1428
3838
1953932
17
-12
7
167
1438
3957
1954957
26
-15
-1
173
1517
3943
1955982
-20
-29
11
208
1582
3820
1957007
-44
-25
12
242
1544
3833
1958032
-11
4
13
180
1499
3980
1950848
10
10
9
170
1544
3942
1951873
2
-6
32
193
1595
3816
1952898
19
3
51
169
1569
3890
1953923
24
18
55
144
1550
3960
1954948
-22
8
61
186
1613
3914
1955973
-91
-11
94
197
1594
3879
1956998
-84
-17
107
199
1498
3955
1958023
-9
-15
104
204
1498
4019
1959048
16
-24
119
214
1538
3948
1960073
-31
-44
140
227
1576
3949
1961098
-6
-66
156
202
1616
4203
1962123
50
-96
183
150
1622
4345
1963148
-5
-159
226
179
1662
4097
1964173
-122
-191
266
239
1824
3939
1965198
-357
-173
308
201
1936
4112
1966223
-628
-189
370
136
1784
4170
1959040
-766
-221
442
141
1712
3983
1960065
-937
-193
536
187
2144
3817
1961090
-1430
-130
712
129
2576
3751
1962115
-2200
-131
950
9
2730
3808
1963140
-2938
-213
1257
-179
2228
3700
1964165
-3287
-390
1577
-351
1457
3391
1965190
-3108
-556
1825
-393
1249
3406
1966215
-2865
-729
2098
-508
1324
3683
1967240
-2939
-1008
2392
-539
1137
3546
1968265
-3224
-1287
2641
-354
468
3028
1969290
-3250
-1409
2826
-285
-321
3065
1970315
-3091
-1479
2887
-370
-862
3174
1971340
-3211
-1623
2924
-372
-1261
2674
1972365
-3598
-1706
2866
-78
-1579
2206
1973390
-3959
-1665
2821
95
-2005
2338
1974415
-4144
-1668
2859
-195
-2571
2178
1967233
-3956
-1791
2714
-456
-3168
1421
1968258
-3530
-1968
2398
5
-3449
1001
1969283
-3205
-1864
2238
293
-3752
1240
1970308
-2918
-1657
2330
-243
-4486
1116
1971333
-2398
-1640
2167
-388
-4758
254
1972358
-1808
-1570
1862
127
-4165
-138
1973383
-1412
-1260
1823
240
-4514
387
1974408
-1349
-1006
1859
-156
-5506
564
1975433
-1260
-994
1618
-82
-5184
258
1976458
-1446
-896
1411
205
-4606
213
1977483
-1710
-723
1377
111
-4879
328
1978508
-1486
-671
1294
-96
-5720
138
1979533
-874
-693
1058
104
-5534
93
1980558
-650
-554
938
45
-4770
307
1981583
-544
-445
897
-228
-6596
401
1982608
754
-588
-164
18
-12577
1015
1975425
-1312
-325
-1879
365
-3361
-853
1976450
-988
-279
-238
1006
-616
66
1977475
-591
-79
429
615
-5446
374
1978500
979
-67
216
-221
-5930
239
1979525
1225
-63
136
-188
-4641
299
1980550
1048
2
36
-56
-3967
760
1981575
1132
84
153
-427
-3979
1011
1982600
1225
13
132
-357
-4160
1030
1983625
1085
-19
-39
-244
-4122
1196
1984650
728
-5
-179
-330
-4002
1418
1985675
347
-35
-302
-229
-3881
1477
1986700
-52
-43
-385
-28
-3841
1422
1987725
-383
-25
-312
93
-4186
1140
1988750
-432
-2
-191
31
-4301
1002
1989775
-338
-16
-130
1
-4230
976
1990800
-259
-26
-92
45
-4206
965
1983616
-197
-27
-31
59
-4283
869
1984641
-48
-21
36
-11
-4367
830
1985666
131
-31
32
-58
-4275
930
1986691
220
-50
-1
-12
-4173
1021
1987716
213
-49
19
20
-4182
1057
1988741
165
-42
45
-45
-4153
1134
1989766
70
-62
14
-70
-4100
1178
1990791
-54
-81
-28
-20
-4120
1145
1991816
-154
-75
-33
9
-4146
1093
1992841
-219
-64
-17
-33
-4193
1054
1993866
-241
-74
-42
-36
-4199
998
1994891
-230
-68
-64
32
-4171
957
1995916
-177
-43
10
109
-4302
849
1996941
-62
2
23
38
-4283
908
1997966
0
3
31
-6
-4202
945
1998991
40
2
29
23
-4222
918
1991808
101
5
50
19
-4278
890
1992833
171
12
56
-38
-4202
1016
1993858
132
-5
25
-48
-4114
1094
1994883
42
-21
-8
-15
-4139
1073
1995908
-13
-23
-15
13
-4211
1019
1996933
-5
-18
-4
10
-4251
969
1997958
29
-7
-5
-1
-4208
973
1998983
54
-4
-4
31
-4186
999
2000008
78
10
32
42
-4206
1012
2001033
87
13
73
-9
-4204
1041
2002058
74
-3
69
-62
-4179
1053
2003083
38
-17
27
-62
-4162
1077
2004108
-3
-25
-1
-8
-4201
1062
2005133
-10
-18
3
-10
-4204
1031
2006158
-11
-14
2
-38
-4182
1018
2007183
10
-16
-8
-27
-4227
989
1999999
57
-10
-14
-2
-4210
1035
2001024
68
-8
-1
16
-4190
1089
2002049
30
-7
21
-10
-4149
1058
2003074
18
-13
23
-36
-4174
1065
2004099
0
-18
6
-24
-4179
1087
2005124
-24
-20
-1
-5
-4181
1052
2006149
-12
-13
7
-13
-4241
1014
2007174
26
-3
7
-23
-4211
1050
2008199
26
-6
-2
-15
-4159
1099
2009224
-7
-13
0
2
-4163
1074
2010249
-19
-12
11
-17
-4218
1034
2011274
9
-5
12
-22
-4229
1033
2012299
23
5
-2
-16
-4150
1097
2013324
-13
-1
-2
9
-4168
1065
2014349
-14
0
19
-15
-4224
1025
2015374
20
-5
20
-29
-4218
1044
2008192
38
-6
10
-16
-4183
1062
2009217
26
-3
1
-23
-4164
1071
2010242
13
-1
-2
-16
-4189
1090
2011267
-3
0
-1
0
-4167
1081
2012292
-1
1
16
-16
-4209
1044
2013317
10
3
13
-37
-4190
1067
2014342
3
-1
-3
-19
-4176
1101
2015367
-6
-5
-4
-16
-4212
1049
2016392
13
-3
-8
-45
-4189
1065
2017417
-5
-13
-25
-4
-4153
1102
2018442
-35
-13
-21
11
-4173
1076
2019467
-45
-8
-8
4
-4204
1053
2020492
-33
-2
2
-9
-4198
1054
2021517
-41
0
0
-18
-4169
1060
2022542
-40
-8
-4
-24
-4207
1056
2023567
-40
-18
-17
-9
-4185
1050
2016384
-26
-24
-15
23
-4211
1013
2017409
12
-14
5
17
-4227
1010
2018434
36
-4
15
-4
-4179
1048
2019459
36
-6
17
-16
-4183
1064
2020484
22
-10
7
-16
-4165
1069
2021509
4
-14
1
-7
-4200
1045
2022534
16
-6
1
-6
-4229
1032
2023559
32
7
1
2
-4163
1079
2024584
9
15
16
19
-4176
1061
2025609
9
23
39
-7
-4203
1048
2026634
19
26
39
-25
-4185
1068
2027659
13
24
25
-29
-4179
1082
2028684
-16
23
7
-32
-4144
1126
2029709
-62
3
4
-21
-4180
1075
2030734
-50
-18
12
-26
-4244
980
2031759
41
-30
20
-18
-4272
975
2024576
124
-24
24
20
-4203
1048
2025601
139
6
61
104
-4139
1137
2026626
87
62
150
17
-4161
1148
2027651
8
81
173
-76
-4148
1197
2028676
-146
78
163
42
-4071
1234
2029701
-294
106
298
173
-4279
1049
2030726
-243
180
534
114
-4525
1046
2031751
-340
282
625
-152
-4356
1401
2032776
-614
230
292
-124
-4148
1708
2033801
-1026
220
66
206
-4232
1131
2034826
-1294
393
297
125
-5239
44
2035851
-268
467
173
-247
-6066
-190
2036876
1137
560
260
-915
-5925
469
2037901
1467
461
86
-614
-5310
769
2038926
1535
520
-224
-115
-5605
399
2039951
2109
635
-681
-172
-6896
442
2032768
2197
721
-1245
-424
-6692
848
2033793
1628
754
-1577
-112
-5851
882
2034818
1598
802
-1772
181
-5969
883
2035843
2324
864
-2006
36
-6070
925
2036868
3047
874
-2291
-9
-5027
973
2037893
3100
929
-2477
5
-3855
1237
2038918
2891
986
-2543
-66
-3853
1403
2039943
3037
1009
-2594
-236
-3940
1464
2040968
3668
939
-2695
-314
-3460
1478
2041993
4508
799
-2769
-450
-2910
1303
2043018
5372
669
-2903
-536
-2443
1487
2044043
5752
560
-3046
-627
-1648
1945
2045068
5640
485
-3141
-773
-634
2433
2046093
4982
396
-3235
-753
-173
2537
2047118
4257
221
-3250
-440
-122
2126
2048143
3985
95
-3216
-223
295
2262
2040960
3704
68
-3079
-275
1369
2700
2041985
2946
28
-2938
-145
2105
3031
2043010
1915
-20
-2783
213
2162
2900
2044035
1213
70
-2526
259
2223
2917
2045060
925
156
-2229
29
2366
3194
2046085
734
188
-1998
-4
2606
3484
2047110
301
250
-1761
84
2791
3418
2048135
-244
321
-1484
98
2991
3506
2049160
-609
371
-1192
-141
2872
4103
2050185
-846
304
-936
-230
2163
4259
2051210
-709
203
-765
-28
1601
4017
2052235
-167
164
-609
13
1547
4026
2053260
417
104
-485
-134
1844
4313
2054285
571
17
-409
-74
2129
4351
2055310
228
-62
-284
169
2229
3971
2056335
-140
-84
-125
206
2031
3847
2049153
-134
-77
-29
31
1861
4226
2050178
2
-105
15
-100
1535
4323
2051203
87
-197
21
173
1438
3814
2052228
162
-167
69
333
1738
3542
2053253
52
-85
137
142
1810
3641
2054278
-82
-79
122
25
1376
3921
2055303
-74
-119
79
243
1292
3958
2056328
-24
-96
71
408
1383
3816
2057353
9
-61
104
286
1483
3708
2058378
74
-27
73
109
1475
3853
2059403
-14
-61
27
222
1458
3842
2060428
-132
-54
24
387
1518
3708
2061453
-142
9
50
267
1307
3739
2062478
-10
31
26
143
1285
3940
2063503
27
10
-17
287
1560
3981
2064528
-98
-1
12
437
1582
3825
2057345
-133
33
59
304
1358
3817
2058370
-16
56
26
171
1317
3989
2059395
14
37
-7
264
1567
4054
2060420
-88
16
33
311
1595
3924
2061445
-151
-13
86
286
1374
3842
2062470
-49
-22
92
248
1296
3946
2063495
66
-23
57
332
1421
4050
2064520
38
-18
68
355
1543
4005
2065545
-78
-19
91
318
1470
3888
2066570
-88
-9
67
329
1331
3894
2067595
17
13
39
328
1285
3969
2068620
76
11
25
327
1406
3952
2069645
37
12
7
359
1492
3931
2070670
-36
37
-6
323
1408
3966
2071695
-47
43
-18
280
1304
3970
2072720
3
16
-22
310
1406
3913
2065536
31
-11
-6
356
1484
3897
2066561
48
-14
13
282
1379
3973
2067586
62
-16
-4
235
1338
3988
2068611
40
-33
-19
285
1410
3911
2069636
1
-46
-11
323
1459
3846
2070661
-16
-31
-14
304
1402
3845
2071686
5
-9
-26
272
1404
3879
2072711
5
-10
-29
278
1420
3878
2073736
-1
-12
-24
324
1419
3877
2074761
9
10
-20
311
1402
3850
2075786
23
37
-27
240
1476
3894
2076811
-6
31
-21
203
1490
3970
2077836
-32
14
-17
249
1379
3951
2078861
-14
16
-12
314
1407
3888
2079886
1
21
24
216
1458
3922
2080911
3
4
29
167
1400
3988
2073728
11
-15
9
329
1406
3930
2074753
-1
4
18
373
1482
3864
2075778
-44
3
42
262
1390
3890
2076803
-34
-1
24
225
1348
3977
2077828
-9
8
23
257
1389
3948
2078853
2
10
26
310
1446
3855
2079878
6
18
33
267
1400
3921
2080903
32
34
6
252
1404
4034
2081928
35
41
-13
284
1478
4012
2082953
-10
20
4
318
1454
3896
2083978
-23
1
18
281
1385
3919
2085003
30
-12
5
266
1345
4064
2086028
50
-25
-18
320
1391
4053
2087053
0
-46
-2
330
1477
3853
2088078
-28
-54
-2
285
1429
3814
2089103
7
-34
-39
278
1354
4004
2081920
23
-32
-35
276
1433
4032
2082945
12
-63
-10
306
1529
3874
2083970
15
-66
-3
324
1486
3849
2084995
59
-31
-10
282
1488
3995
2086020
72
-13
-15
283
1514
3991
2087045
54
-29
7
340
1534
3855
2088070
49
-30
40
311
1472
3834
2089095
77
-12
21
246
1373
3945
2090120
85
-4
-11
272
1464
3993
2091145
-8
-10
11
280
1587
3908
2092170
-128
-27
39
278
1530
3847
2093195
-172
-21
50
240
1450
3915
2094220
-168
-39
67
251
1543
3954
2095245
-244
-59
98
260
1641
3925
2096270
-387
-66
137
283
1671
3901
2097295
-528
-35
179
287
1788
3931
2090112
-649
-33
288
216
1764
3836
2091137
-671
-56
391
255
1788
3751
2092162
-624
-38
522
254
1825
3754
2093187
-531
-25
703
147
1785
3749
2094212
-430
-11
877
58
1950
3783
2095237
-501
-7
1084
-86
1976
3786
2096262
-689
-44
1315
-166
1766
3768
2097287
-870
-79
1483
-40
1727
3774
2098312
-1034
-90
1705
-47
1721
3853
2099337
-1240
-147
1940
-196
1492
3836
2100362
-1408
-241
2104
-163
1142
3680
2101387
-1553
-301
2225
-37
949
3763
2102412
-1776
-356
2361
-83
836
4003
2103437
-2063
-510
2481
-107
431
3877
2104462
-2228
-683
2551
70
-38
3553
2105487
-2551
-747
2570
165
-288
3514
2098304
-2977
-838
2570
114
-741
3517
2099329
-3165
-981
2545
119
-1491
3286
2100354
-3134
-1104
2461
307
-1931
3067
2101379
-3142
-1136
2397
277
-2130
3020
2102404
-3430
-1181
2311
117
-2306
2790
2103429
-3748
-1282
2140
223
-2428
2172
2104454
-3979
-1308
1944
486
-2604
1716
2105479
-3982
-1221
1833
468
-3046
1652
2106504
-3806
-1135
1804
109
-3527
1566
2107529
-3598
-1156
1675
118
-3532
1124
2108554
-3475
-1154
1535
637
-3119
694
2109579
-3292
-976
1640
562
-3352
492
2110604
-2942
-821
1787
61
-4347
401
2111629
-2392
-849
1662
140
-4817
294
2112654
-1568
-847
1599
471
-4778
420
2113679
-742
-714
1676
178
-5083
521
2106496
-147
-653
1599
-215
-5498
482
2107521
-155
-596
1334
-145
-5232
555
2108546
-494
-484
1159
-6
-5009
819
2109571
90
-580
382
710
-10977
2264
2110596
-968
-504
-1325
476
-13671
-26
2111621
-1015
-310
-1834
352
1470
-200
2112646
-797
-475
416
1567
-597
846
2113671
-600
-31
772
742
-6436
-28
2114696
1274
132
561
-365
-6221
668
2115721
987
-72
203
-9
-4044
799
2116746
628
38
74
172
-3218
1129
2117771
482
130
282
-221
-4360
916
2118796
791
10
220
-43
-4606
815
2119821
921
37
80
-31
-4074
1134
2120846
662
90
8
-217
-3927
1512
2121871
315
36
-83
-108
-3935
1486
2114833
9
25
-168
9
-4030
1278
2115858
-111
13
-174
22
-4138
1181
2116883
-150
-5
-159
61
-4117
1227
2117908
-210
-17
-66
132
-4148
1134
2118933
-133
-23
-9
143
-4286
1023
2119958
1
-26
15
70
-4245
1005
2120983
140
-41
25
42
-4216
1098
2122008
197
-59
53
108
-4190
1169
2123033
225
-57
66
120
-4171
1122
2124058
315
-44
117
9
-4232
1111
2125083
401
-51
80
-20
-4165
1228
2126108
365
-52
26
32
-4059
1396
2127133
213
-55
33
75
-4041
1334
2128158
150
-34
44
-4
-4105
1287
2129183
143
-39
-6
-13
-4121
1332
2130208
96
-39
-51
86
-4045
1380
2122881
43
-24
-8
102
-4103
1314
2123906
63
-14
44
55
-4177
1255
2124931
128
-6
54
29
-4133
1322
2125956
146
-7
48
45
-4081
1344
2126981
139
5
55
36
-4092
1352
2128006
127
18
56
11
-4105
1387
2129031
89
30
31
-1
-4053
1429
2130056
27
24
10
14
-4051
1409
2131081
-20
27
0
-5
-4077
1387
2132106
-64
25
-23
-11
-4061
1417
2133131
-109
3
-33
30
-4112
1355
2134156
-85
-2
-25
14
-4148
1289
2135181
-12
-13
-24
14
-4164
1291
2136206
49
-11
-28
81
-4089
1362
2137231
44
6
18
112
-4055
1373
2138256
38
24
82
8
-4144
1330
2131072
73
14
57
-55
-4134
1346
2132097
85
0
7
5
-4068
1417
2133122
38
1
3
37
-4050
1412
2134147
5
8
27
13
-4110
1363
2135172
11
8
27
-26
-4129
1373
2136197
22
-5
-2
-5
-4081
1402
2137222
4
-12
-12
31
-4054
1419
2138247
-38
-11
6
48
-4084
1369
2139272
-18
-5
39
-25
-4172
1346
2140297
16
-20
6
-40
-4098
1383
2141322
11
-30
-26
23
-4053
1408
2142347
-22
-21
-16
65
-4074
1380
2143372
-23
-1
26
30
-4135
1357
2144397
-1
12
30
-34
-4106
1373
2145422
2
0
-5
-16
-4087
1376
2146447
-2
-2
-22
22
-4100
1377
2139263
-5
4
-12
61
-4085
1387
2140288
-9
19
29
32
-4107
1355
2141313
3
22
34
-30
-4108
1367
2142338
1
7
6
16
-4075
1396
2143363
-10
2
12
32
-4102
1366
2144388
3
6
35
6
-4116
1371
2145413
8
5
35
-24
-4098
1373
2146438
1
0
11
-11
-4081
1397
2147463
-19
-3
-2
-1
-4089
1381
2148488
-26
-2
-6
-13
-4107
1367
2149513
-25
-5
-13
9
-4100
1371
2150538
-24
-3
-7
7
-4103
1382
2151563
-27
-7
-3
5
-4092
1371
2152588
-18
-13
4
16
-4126
1345
2153613
-1
-7
7
5
-4104
1377
2154638
-9
-5
6
12
-4087
1376
2147456
-17
-1
11
16
-4100
1369
2148481
-21
0
20
-9
-4118
1351
2149506
5
1
10
-21
-4127
1361
2150531
4
2
-15
8
-4044
1403
2151556
-29
2
-1
36
-4089
1365
2152581
-31
5
24
2
-4114
1361
2153606
-27
-6
24
-19
-4105
1361
2154631
-23
-15
8
-7
-4102
1355
2155656
-19
-18
-3
14
-4098
1355
2156681
-13
-10
4
8
-4125
1344
2157706
2
-4
6
-17
-4128
1338
2158731
18
-6
-11
-10
-4099
1372
2159756
-11
-5
-23
34
-4043
1411
2160781
-57
-5
8
42
-4110
1342
2161806
-42
0
33
-22
-4159
1314
2162831
1
-11
5
-33
-4136
1324
2155648
34
-17
-21
10
-4128
1350
2156673
38
-7
-23
57
-4075
1377
2157698
24
13
10
37
-4082
1374
2158723
0
23
16
-34
-4090
1387
2159748
-30
13
-13
-18
-4112
1369
2160773
-35
5
-30
20
-4112
1360
2161798
-44
6
-25
34
-4070
1377
2162823
-52
6
4
45
-4134
1320
2163848
-9
16
31
19
-4155
1316
2164873
20
23
25
-30
-4094
1359
2165898
9
19
-6
-44
-4122
1333
2166923
26
20
-45
5
-4142
1328
2167948
35
35
-64
52
-4061
1390
2168973
4
46
-40
82
-4042
1396
2169998
-20
43
21
94
-4130
1347
2171023
-9
37
93
49
-4115
1363
2163841
-16
23
136
-1
-4077
1359
2164866
-6
14
156
-27
-4186
1344
2165891
-52
31
119
32
-4001
1528
2166916
-245
51
185
215
-4008
1420
2167941
-256
121
425
34
-4655
1068
2168966
-188
185
317
-71
-4657
1286
2169991
-275
285
36
171
-4409
1465
2171016
88
398
146
-45
-4846
1408
2172041
177
308
87
-226
-4462
1269
2173066
202
291
-36
-208
-4823
1278
2174091
524
237
-208
-6
-5366
1074
2175116
997
310
-367
-173
-5838
1093
2176141
1489
329
-771
-58
-6704
1347
2177166
1946
374
-1140
222
-6426
1540
2178191
2340
476
-1346
238
-5948
1569
2179216
2594
549
-1569
212
-5674
1770
2172032
2783
587
-1849
230
-5291
1976
2173057
3007
597
-2064
193
-5250
2112
2174082
3282
580
-2266
6
-5053
2078
2175107
3671
527
-2487
-28
-4354
2088
2176132
3877
509
-2689
100
-3428
2335
2177157
3673
562
-2815
46
-2758
2558
2178182
3392
603
-2875
-145
-2599
2450
2179207
3393
541
-2946
-6
-2285
2167
2180232
3773
510
-3028
76
-1755
2197
2181257
4117
502
-3037
-186
-1037
2583
2182282
3996
375
-3033
-291
-251
2568
2183307
3498
234
-3021
10
124
2255
2184332
2966
248
-2929
60
370
2603
2185357
2766
207
-2801
-227
839
3194
2186382
2629
8
-2702
-237
1134
3165
2187407
2301
-147
-2570
72
1323
2837
2180223
1867
-173
-2318
0
1688
2865
2181248
1648
-249
-2109
-125
2202
3212
2182273
1337
-308
-1949
-35
2226
3240
2183298
904
-341
-1772
211
2051
2864
2184323
802
-257
-1582
164
2074
2979
2185348
913
-208
-1427
-21
2115
3548
2186373
859
-258
-1296
129
2284
3547
2187398
621
-252
-1157
478
2595
3070
2188423
397
-139
-954
394
2625
3014
2189448
398
-30
-819
125
2483
3519
2190473
326
-18
-718
134
2495
3594
2191498
112
-27
-587
375
2755
3271
2192523
-70
57
-453
382
2888
3355
2193548
-217
143
-304
169
2819
3719
2194573
-385
120
-162
92
2527
3766
2195598
-467
45
-71
306
2202
3507
2188417
-186
59
-29
356
2163
3537
2189442
161
112
3
195
2252
3814
2190467
121
60
47
255
2240
3760
2191492
-53
2
81
513
2198
3631
2192517
-90
19
149
398
1931
3616
2193542
49
16
130
259
1733
3731
2194567
139
-37
97
381
1854
3741
2195592
67
-70
100
519
1979
3647
2196617
-15
-70
129
416
1825
3647
2197642
-10
-84
99
320
1709
3738
2198667
-39
-103
36
424
1872
3688
2199692
-145
-96
0
520
1891
3545
2200717
-163
-66
0
419
1826
3584
2201742
-72
-65
-25
351
1829
3708
2202767
-30
-77
-61
478
1897
3644
2203792
-46
-69
-38
527
1988
3503
2196608
-51
-30
2
386
2001
3568
2197633
-41
-14
1
287
1926
3710
2198658
-55
-36
10
373
1924
3612
2199683
-52
-36
20
509
1982
3506
2200708
-25
4
37
477
1913
3588
2201733
15
32
29
401
1868
3690
2202758
-2
26
20
434
1938
3667
2203783
-65
10
35
494
1937
3599
2204808
-56
26
39
463
1734
3641
2205833
24
30
28
398
1721
3669
2206858
55
16
3
433
1950
3683
2207883
-55
-11
12
459
1894
3664
2208908
-105
-14
9
434
1768
3614
2209933
-55
2
-22
405
1861
3634
2210958
-48
-13
-18
369
1960
3672
2211983
-64
-34
-15
419
2009
3724
2204800
-61
-42
3
490
1971
3739
2205825
-38
-57
58
418
1925
3694
2206850
-9
-86
78
409
1983
3675
2207875
1
-89
75
530
1943
3725
2208900
9
-75
84
560
1811
3735
2209925
35
-60
96
484
1826
3651
2210950
19
-55
80
472
1863
3577
2211975
-9
-36
43
560
1769
3587
2213000
1
-11
25
572
1768
3643
2214025
30
5
34
444
1790
3691
2215050
4
-8
18
436
1780
3601
2216075
10
0
-11
527
1848
3566
2217100
11
7
-1
472
1819
3678
2218125
0
-5
-6
432
1805
3723
2219150
-5
-7
-20
490
1877
3689
2220175
-50
-7
-3
503
1885
3609
2212992
-64
-20
7
475
1819
3616
2214017
-15
-9
-26
506
1826
3670
2215042
7
19
-43
537
1899
3647
2216067
-36
30
-23
517
1926
3581
2217092
-59
32
-19
487
1851
3571
2218117
-10
56
-44
500
1788
3619
2219142
13
87
-57
511
1839
3630
2220167
-23
86
-36
455
1868
3631
2221192
-49
71
-35
461
1861
3642
2222217
-29
74
-29
429
1808
3656
2223242
8
67
-13
360
1870
3684
2224267
-10
36
-2
361
1982
3765
2225292
-74
-1
10
429
1918
3754
2226317
-63
-15
29
459
1831
3717
2227342
-23
-25
48
415
1867
3717
2228367
-23
-40
33
438
1864
3755
2221184
-28
-41
10
512
1767
3729
2222209
2
-33
14
493
1790
3679
2223234
8
-28
1
437
1833
3700
2224259
-7
-24
-37
450
1814
3741
2225284
8
-13
-55
484
1851
3729
2226309
-5
-12
-33
448
1912
3648
2227334
-42
-20
-17
417
1914
3622
2228359
-49
-17
-15
440
1945
3698
2229384
-87
7
17
386
2105
3780
2230409
-250
10
83
327
2299
3766
2231434
-477
3
189
256
2452
3812
2232459
-753
-2
329
218
2647
3903
2233484
-1176
16
499
179
2777
3936
2234509
-1703
-23
712
117
2493
3718
2235534
-1927
-87
922
28
2207
3683
2236559
-2023
-97
1093
-25
2191
3851
2229375
-2390
-166
1279
32
2036
3771
2230400
-2857
-319
1542
70
1847
3554
2231425
-3069
-460
1781
-42
1643
3640
2232450
-3043
-651
1909
-64
1007
3672
2233475
-2849
-836
2005
120
589
3596
2234500
-2698
-969
2188
0
462
3619
2235525
-2744
-1205
2381
-106
111
3232
2236550
-2821
-1416
2415
254
-105
2855
2237575
-2938
-1442
2510
367
-222
3033
2238600
-3207
-1495
2760
-59
-650
2945
2239625
-3412
-1704
2853
-166
-1196
2267
2240650
-3512
-1834
2831
197
-1536
1689
2241675
-3635
-1731
2878
365
-1810
1935
2242700
-3786
-1598
3069
-241
-2639
2118
2243725
-3808
-1647
3125
-835
-4201
1368
2244750
-3411
-1783
2726
-435
-4599
936
2237568
-2650
-1801
2296
76
-3450
888
2238593
-2215
-1556
2306
-349
-4204
577
2239618
-2101
-1402
2190
-483
-5874
169
2240643
-1981
-1350
1731
259
-5067
51
2241668
-2063
-1076
1649
344
-4475
-165
2242693
-1962
-822
1720
9
-5472
-88
2243718
-1507
-862
1421
378
-5504
3
2244743
-1267
-765
1223
516
-4803
-109
2245768
-1245
-557
1249
106
-5227
-37
2246793
-1049
-542
1117
157
-5431
74
2247818
-476
-538
1011
334
-4995
107
2248843
-52
-429
1013
173
-5007
121
2249868
1401
-417
440
117
-12924
1255
2250893
-650
-143
-1815
-39
-7691
-482
2251918
-339
-533
-1406
1083
1527
81
2252943
94
-53
571
944
-3862
760
2245760
1199
154
745
-151
-7124
608
2246785
1119
1
75
-288
-4631
814
2247810
723
-73
-158
110
-3010
1198
2248835
507
188
268
-223
-3813
1414
2249860
141
138
261
-343
-4316
1093
2250885
-23
32
29
-250
-4125
948
2251910
-101
34
-129
-311
-4121
1080
2252935
-307
18
-334
-110
-4162
986
2253960
-378
49
-383
91
-4407
753
2254985
-214
61
-279
85
-4487
587
2256010
58
41
-193
65
-4301
688
2257035
185
6
-152
127
-4187
865
2258060
185
-16
-44
166
-4173
900
2259085
194
-25
83
83
-4269
782
2260110
292
-31
110
-37
-4292
829
2261135
373
-53
42
-54
-4256
959
2253987
331
-64
-35
-7
-4112
1129
2255012
159
-85
-55
42
-4093
1069
2256037
82
-86
-43
5
-4233
965
2257062
116
-100
-79
-3
-4270
995
2258087
138
-108
-123
66
-4180
1047
2259112
85
-87
-124
111
-4131
1095
2260137
34
-81
-88
129
-4195
978
2261162
96
-47
-48
102
-4243
979
2262187
180
-45
-39
129
-4204
1015
2263212
202
-16
-7
188
-4114
1118
2264237
144
25
75
137
-4134
1160
2265262
95
9
121
87
-4164
1067
2266287
152
-12
143
83
-4234
1054
2267312
177
28
133
47
-4141
1175
2268337
89
56
105
11
-4054
1228
2269362
-22
56
68
-29
-4151
1174
2262144
-87
36
-5
-41
-4174
1148
2263169
-102
-3
-62
40
-4178
1089
2264194
-50
-15
-51
76
-4236
1062
2265219
-4
-17
-33
76
-4148
1136
2266244
-17
-32
-7
86
-4147
1108
2267269
-13
-30
22
56
-4201
1095
2268294
-4
-37
22
32
-4157
1128
2269319
-17
-54
16
49
-4163
1102
2270344
-15
-54
9
41
-4184
1100
2271369
-11
-56
-5
37
-4192
1095
2272394
5
-57
-20
51
-4202
1094
2273419
24
-59
-30
79
-4157
1095
2274444
50
-67
-5
108
-4208
1051
2275469
131
-58
39
97
-4260
1023
2276494
214
-31
53
46
-4188
1140
2277519
194
-28
38
62
-4095
1207
2270336
146
-27
43
70
-4151
1167
2271361
128
-5
36
9
-4177
1177
2272386
104
-7
-20
-8
-4128
1218
2273411
45
-15
-71
57
-4091
1251
2274436
-30
-20
-61
113
-4101
1207
2275461
-52
-6
-12
101
-4161
1174
2276486
-46
-3
5
71
-4164
1161
2277511
-16
0
5
89
-4167
1158
2278536
-17
23
17
110
-4114
1198
2279561
-31
30
58
77
-4161
1149
2280586
-10
36
66
14
-4187
1167
2281611
-2
11
27
31
-4154
1181
2282636
-16
-2
3
68
-4128
1192
2283661
-38
-2
21
56
-4165
1150
2284686
-19
-2
28
10
-4206
1148
2285711
-2
-18
-13
12
-4163
1167
2278528
8
-32
-31
71
-4170
1139
2279553
30
-8
-14
47
-4193
1159
2280578
28
-6
-30
29
-4144
1194
2281603
4
-20
-55
70
-4122
1197
2282628
-31
-23
-42
104
-4124
1181
2283653
-35
-26
4
99
-4189
1145
2284678
-7
-23
22
53
-4173
1157
2285703
5
-41
12
77
-4147
1154
2286728
25
-36
23
91
-4178
1155
2287753
21
-16
35
57
-4133
1201
2288778
-4
-27
29
56
-4137
1192
2289803
-34
-28
21
57
-4134
1192
2290828
-74
-31
16
47
-4160
1149
2291853
-41
-38
7
12
-4262
1086
2292878
26
-31
-44
66
-4169
1146
2293903
39
-15
-37
140
-4128
1141
2286720
81
15
35
111
-4209
1127
2287745
95
35
63
68
-4124
1215
2288770
66
19
81
90
-4096
1209
2289795
42
19
127
170
-4138
1177
2290820
-34
81
296
269
-4134
1194
2291845
-92
217
506
124
-4381
1266
2292870
-210
316
514
-23
-4311
1466
2293895
-493
295
388
262
-4266
1196
2294920
-371
403
427
432
-5307
539
2295945
379
771
536
-44
-6005
1205
2296970
755
644
105
-360
-5501
1437
2297995
1187
518
-7
-572
-5704
995
2299020
1900
484
-154
-343
-6264
897
2300045
2793
422
-891
418
-6957
1402
2301070
3121
599
-1227
123
-6749
1782
2302095
2983
626
-1440
-258
-6029
1597
2294913
3214
570
-1754
-65
-5709
1692
2295938
3528
592
-2105
58
-5276
1856
2296963
3777
619
-2320
-238
-4957
2243
2297988
4059
497
-2535
-504
-4516
2228
2299013
4603
309
-2744
-452
-4010
2101
2300038
4550
255
-2981
-264
-2439
2396
2301063
3748
265
-3109
-62
-1069
2608
2302088
2800
193
-3009
134
-1284
2302
2303113
2524
194
-2960
272
-1750
2059
2304138
2965
343
-2888
-133
-1598
2609
2305163
3140
237
-2877
-442
-907
2770
2306188
3325
22
-2917
-248
-636
2234
2307213
3386
11
-2912
-131
-385
2183
2308238
3386
68
-2814
-373
448
2721
2309263
3062
-10
-2691
-493
1376
2950
2310288
2254
-138
-2582
-342
1308
2459
2303104
1778
-155
-2488
-281
1010
2321
2304129
2020
-82
-2402
-536
1551
3090
2305154
1869
-52
-2317
-576
2363
3558
2306179
1018
-146
-2153
-272
2493
3049
2307204
466
-173
-1878
-204
2261
2937
2308229
570
-142
-1626
-402
2370
3413
2309254
699
-148
-1476
-339
2636
3577
2310279
531
-211
-1306
-87
2502
3275
2311304
532
-220
-1114
43
2699
3395
2312329
628
-86
-950
-54
3163
3963
2313354
242
-48
-772
-41
3037
3803
2314379
-146
-80
-610
239
2596
3460
2315404
-72
-56
-455
273
2410
3710
2316429
211
1
-342
27
2546
4116
2317454
184
-53
-257
7
2605
3886
2318479
51
-138
-162
299
2559
3386
2311296
13
-77
-54
326
2534
3391
2312321
-52
4
-14
167
2421
3683
2313346
-204
16
3
98
2161
3692
2314371
-265
-28
31
249
1973
3387
2315396
-92
-9
67
258
1901
3314
2316421
122
31
54
152
1962
3564
2317446
113
40
16
153
2103
3684
2318471
-95
10
32
237
2098
3503
2319496
-220
1
77
242
1904
3379
2320521
-92
20
76
115
1679
3577
2321546
76
15
16
110
1816
3760
2322571
62
-13
9
186
2038
3708
2323596
-97
-46
35
231
2011
3548
2324621
-155
-22
31
165
1907
3567
2325646
-88
0
-4
136
1868
3705
2326671
-29
-15
-14
207
1944
3697
2319487
-9
-34
22
263
1985
3613
2320512
10
-21
37
222
1967
3636
2321537
28
4
15
177
1997
3724
2322562
-17
0
0
203
2046
3725
2323587
-100
-24
35
231
1977
3625
2324612
-112
-29
43
264
1885
3609
2325637
-5
2
19
220
1831
3748
2326662
71
10
-1
185
1916
3769
2327687
26
-4
13
177
2004
3612
2328712
-86
-15
27
217
1975
3555
2329737
-80
1
17
255
1901
3713
2330762
-49
5
29
205
1845
3665
2331787
-10
-19
50
214
1872
3530
2332812
44
-33
46
313
1927
3587
2333837
97
-20
39
291
1853
3742
2334862
89
-31
39
234
1780
3672
2328032
96
-46
18
274
1930
3563
2329057
61
-20
4
277
1989
3621
2330082
-17
14
-17
223
1886
3711
2331107
-81
21
-30
227
1892
3664
2332132
-99
15
-45
288
1904
3585
2333157
-33
37
-51
259
1890
3658
2334182
42
63
-60
190
1946
3747
2335207
24
52
-67
219
2093
3695
2336232
-57
21
-34
256
2058
3618
2337257
-65
19
5
200
1935
3634
2338282
11
37
-5
161
1913
3720
2339307
51
29
-15
174
2004
3696
2340332
41
9
11
183
2044
3620
2341357
26
11
25
177
1922
3600
2342382
69
14
47
154
1928
3676
2343407
83
-6
54
171
1887
3701
2335872
34
-39
57
281
1889
3586
2336897
49
-8
55
274
1932
3677
2337922
21
7
52
181
1878
3744
2338947
-20
-17
21
246
1882
3611
2339972
-4
-14
-7
326
1925
3548
2340997
20
19
-10
218
1875
3673
2342022
26
13
-37
171
1923
3766
2343047
-36
-15
-57
269
1959
3630
2344072
-53
-17
-24
227
1949
3559
2345097
6
-3
-25
105
1961
3694
2346122
-5
-22
-45
143
2010
3708
2347147
-75
-52
-16
262
2044
3604
2348172
-103
-42
36
205
1952
3558
2349197
-29
-7
14
143
1925
3687
2350222
31
13
-19
202
2013
3710
2351247
27
15
13
229
2052
3573
2344065
32
19
58
176
2016
3554
2345090
64
29
65
159
2068
3763
2346115
28
15
74
174
2055
3844
2347140
-33
-35
115
255
1956
3651
2348165
-7
-47
154
253
1960
3560
2349190
69
-18
144
164
1972
3755
2350215
60
-19
98
226
1966
3793
2351240
-4
-45
96
351
2009
3634
2352265
-81
-36
125
352
1922
3519
2353290
-110
-1
112
256
1815
3557
2354315
-69
29
55
214
1899
3669
2355340
-167
52
37
212
2256
3700
2356365
-482
64
117
80
2493
3723
2357390
-873
47
235
-39
2427
3719
2358415
-1078
-22
353
-16
2210
3704
2359440
-1023
-56
474
17
2297
3825
2352256
-1027
-69
634
-32
2440
3909
2353281
-1248
-109
824
-17
2530
3875
2354306
-1627
-167
1047
21
2538
3825
2355331
-1918
-257
1300
-71
2248
3837
2356356
-2027
-367
1523
-192
1819
3771
2357381
-2136
-491
1723
-184
1715
3666
2358406
-2335
-622
1952
-203
1643
3580
2359431
-2551
-768
2200
-391
1274
3449
2360456
-2767
-939
2373
-484
919
3220
2361481
-2994
-1157
2466
-287
596
2872
2362506
-3229
-1341
2599
-72
176
2452
2363531
-3386
-1456
2816
-127
-272
2271
2364556
-3384
-1517
2950
-186
-580
2497
2365581
-3407
-1571
2998
-134
-979
2717
2366606
-3532
-1690
3080
-61
-1459
2449
2367631
-3431
-1758
3083
98
-1882
2138
2360449
-3379
-1715
2972
407
-2482
1614
2361474
-3490
-1511
2938
477
-3574
1574
2362499
-3571
-1351
2878
197
-4094
2362
2363524
-3486
-1447
2623
243
-3819
1932
2364549
-3167
-1558
2403
759
-4165
523
2365574
-2595
-1287
2394
464
-5346
15
2366599
-1947
-957
2251
-269
-5847
923
2367624
-1786
-1102
1744
7
-5197
753
2368649
-1591
-1134
1480
777
-5018
263
2369674
-1294
-838
1568
559
-5154
332
2370699
-1134
-663
1560
28
-5013
576
2371724
-1228
-673
1380
47
-4756
308
2372749
-1153
-648
1246
297
-4693
113
2373774
-831
-525
1254
162
-4809
214
2374799
-493
-446
1285
-178
-4814
325
2375824
414
-504
971
-418
-9997
995
2368640
-499
-230
-824
-476
-11874
266
2369665
-1618
-394
-1960
461
570
-252
2370690
-953
-276
126
1165
-1209
274
2371715
-139
230
899
-159
-7127
205
2372740
1316
10
171
-678
-5613
691
2373765
1097
-158
-282
-36
-3838
638
2374790
964
84
-125
-93
-3979
936
2375815
829
172
-159
-173
-4044
999
2376840
745
109
-192
122
-4191
1038
2377865
523
140
-60
46
-4070
1301
2378890
124
134
8
-96
-3958
1232
2379915
-82
114
7
-120
-4124
1104
2380940
-158
93
-53
-84
-4175
979
2381965
-140
75
-79
-55
-4252
917
2382990
-103
40
-82
-42
-4227
949
2384015
-34
-2
-70
1
-4257
861
2376832
123
-21
-38
-45
-4371
817
2377857
253
-34
-58
-11
-4199
961
2378882
263
-24
-36
26
-4156
1092
2379907
165
-11
4
-20
-4167
1133
2380932
44
-20
-3
-61
-4114
1115
2381957
-35
-33
-40
-53
-4143
1081
2382982
-82
-46
-71
-14
-4194
1049
2384007
-78
-54
-67
3
-4278
958
2385032
-12
-49
-72
-15
-4245
976
2386057
13
-56
-93
38
-4150
1009
2387082
44
-57
-49
92
-4244
966
2388107
130
-48
4
49
-4262
957
2389132
214
-48
19
46
-4179
1040
2390157
215
-49
53
79
-4168
1082
2391182
199
-32
96
17
-4162
1106
2392207
194
-30
88
-43
-4182
1134
2385024
153
-30
31
-14
-4120
1188
2386049
61
-21
7
31
-4100
1201
2387074
-23
-12
34
30
-4165
1160
2388099
-64
-15
55
-10
-4168
1109
2389124
-30
-41
58
-37
-4230
1070
2390149
29
-64
32
-46
-4187
1102
2391174
52
-75
0
-35
-4174
1116
2392199
72
-78
-28
-34
-4215
1102
2393224
83
-77
-69
-21
-4156
1151
2394249
57
-78
-86
15
-4144
1185
2395274
-9
-80
-101
34
-4145
1184
2396299
-46
-90
-101
79
-4147
1090
2397324
13
-66
-58
86
-4213
1080
2398349
93
-53
-15
112
-4229
1069
2399374
171
-19
43
107
-4134
1132
2400399
200
3
102
54
-4140
1154
2393217
238
6
127
19
-4218
1150
2394242
270
22
104
-6
-4124
1247
2395267
210
16
79
19
-4017
1317
2396292
128
3
106
53
-4122
1254
2397317
91
29
141
-7
-4158
1265
2398342
48
22
127
-68
-4116
1285
2399367
15
-6
88
-63
-4153
1245
2400392
37
-8
55
-66
-4191
1219
2401417
77
-5
23
-81
-4169
1251
2402442
87
-25
-15
-76
-4135
1252
2403467
71
-32
-56
-60
-4080
1305
2404492
30
-45
-76
-21
-4100
1310
2405517
14
-53
-69
1
-4171
1267
2406542
22
-49
-61
20
-4124
1255
2407567
51
-40
-25
80
-4094
1277
2408592
43
-9
55
63
-4099
1305
2401408
33
-2
113
-13
-4143
1268
2402433
66
-1
112
-44
-4161
1265
2403458
81
2
84
-34
-4088
1325
2404483
67
-2
90
-23
-4125
1292
2405508
80
9
94
-96
-4186
1291
2406533
87
-2
39
-114
-4106
1353
2407558
57
-30
-8
-46
-4061
1373
2408583
11
-33
4
-13
-4126
1333
2409608
6
-18
25
-63
-4155
1307
2410633
26
-21
10
-83
-4132
1325
2411658
24
-26
-15
-31
-4075
1348
2412683
5
-14
3
3
-4092
1327
2413708
17
5
50
-33
-4175
1287
2414733
68
23
68
-39
-4158
1306
2415758
119
42
86
-11
-4114
1325
2416783
138
83
137
46
-4113
1384
2409600
59
169
228
53
-4037
1519
2410625
-151
214
347
9
-3992
1487
2411650
-450
222
472
14
-4203
1393
2412675
-573
183
480
286
-4383
1337
2413700
-781
282
363
655
-4656
1509
2414725
-787
521
465
193
-5144
1750
2415750
-849
499
211
-169
-5223
1155
2416775
-154
428
230
-421
-4951
829
2417800
-206
241
120
-109
-4564
702
2418825
-463
383
112
-187
-5458
856
2419850
372
454
87
-890
-6880
768
2420875
2605
220
-480
-1076
-7911
102
2421900
3954
226
-1299
-892
-7067
580
2422925
3519
481
-1678
-534
-5282
1133
2423950
2723
718
-1878
-500
-5442
1251
2424975
2862
741
-2145
-562
-6147
941
2417792
3579
713
-2458
-353
-5491
862
2418817
3697
883
-2711
-330
-4425
1536
2419842
3234
1002
-2909
-510
-3671
2216
2420867
3097
846
-3104
-329
-3204
2286
2421892
3398
703
-3209
-134
-2894
2058
2422917
3955
630
-3260
-227
-2391
2081
2423942
4422
496
-3270
-532
-1719
2402
2424967
4728
218
-3250
-653
-970
2423
2425992
4911
-5
-3232
-551
-328
2329
2427017
4881
-124
-3172
-490
114
2500
2428042
4773
-259
-3095
-450
573
2676
2429067
4543
-404
-2996
-412
1054
2589
2430092
4132
-484
-2876
-271
1345
2205
2431117
3368
-404
-2732
-146
1718
2181
2432142
2491
-345
-2486
-106
2194
2400
2433167
1764
-302
-2277
-13
2370
2666
2425985
1264
-225
-2149
122
2055
2506
2427010
1077
-69
-2038
183
2006
2422
2428035
1071
50
-1872
71
2211
2706
2429060
1019
60
-1700
29
2643
2991
2430085
752
78
-1543
76
2969
2867
2431110
334
129
-1391
159
3229
2816
2432135
100
175
-1186
-48
3314
3269
2433160
-25
159
-951
-278
3208
3650
2434185
-162
64
-781
-53
3166
3530
2435210
-212
22
-634
233
3187
3432
2436235
-123
16
-437
127
3198
3594
2437260
49
4
-267
-108
2978
3797
2438285
71
-79
-175
-1
2768
3599
2439310
39
-112
-142
251
2883
3447
2440335
3
-71
-79
238
2881
3576
2441360
-58
-42
3
24
2524
3607
2434177
-83
-100
20
75
2312
3414
2435202
0
-123
1
203
2320
3293
2436227
83
-85
1
109
2405
3399
2437252
61
-51
-20
40
2531
3470
2438277
-150
-67
0
111
2460
3326
2439302
-310
-69
58
90
2337
3244
2440327
-325
-44
68
-12
2189
3305
2441352
-269
-37
27
40
2145
3286
2442377
-202
-43
36
133
2154
3165
2443402
-144
-19
79
122
2137
3220
2444427
-67
14
77
39
1953
3409
2445452
89
8
28
72
1982
3508
2446477
173
-8
16
135
2147
3471
2447502
83
-10
12
209
2213
3385
2448527
-28
48
-2
158
2204
3479
2449552
-106
77
-29
93
2189
3494
2442368
-88
61
-44
110
2257
3449
2443393
-74
57
-31
167
2285
3410
2444418
-73
64
3
137
2188
3452
2445443
-52
58
8
124
2149
3503
2446468
-25
57
12
116
2197
3474
2447493
-61
47
30
81
2229
3388
2448518
-89
44
4
86
2188
3447
2449543
-36
61
-26
84
2170
3602
2450568
2
49
-22
112
2242
3574
2451593
-9
28
13
110
2324
3490
2452618
-29
20
39
41
2251
3504
2453643
22
28
9
39
2198
3588
2454668
35
24
-23
137
2278
3565
2455693
-74
24
13
130
2378
3524
2456718
-227
20
42
76
2222
3575
2457743
-182
-1
36
62
2012
3647
2450560
16
-31
17
107
2058
3635
2451585
104
-55
34
119
2266
3554
2452610
10
-74
77
92
2259
3458
2453635
-83
-79
101
72
2233
3409
2454660
-95
-62
89
78
2225
3385
2455685
-85
-61
59
137
1968
3395
2456710
26
-49
49
160
1954
3475
2457735
149
-7
28
96
2054
3528
2458760
111
-7
-21
148
2125
3431
2459785
63
2
-41
186
2216
3476
2460810
-5
14
-30
155
2147
3540
2461835
-39
7
-36
151
2101
3491
2462860
-9
2
-47
133
2186
3482
2463885
25
3
-54
119
2181
3565
2464910
51
-8
-42
127
2198
3553
2465935
36
-23
-21
115
2274
3505
2458753
-22
-34
-5
75
2292
3533
2459778
-53
-32
-8
64
2195
3563
2460803
-40
-31
-15
125
2177
3483
2461828
-32
-27
2
155
2170
3375
2462853
1
-8
11
125
2184
3461
2463878
8
15
2
93
2189
3560
2464903
-85
18
-2
155
2271
3494
2465928
-228
10
49
146
2201
3403
2466953
-253
1
70
79
2012
3478
2467978
-144
-2
43
54
1986
3553
2469003
-31
-9
15
98
2073
3551
2470028
-46
-22
16
212
2138
3480
2471053
-56
-14
28
178
2113
3518
2472078
1
5
-7
119
2086
3629
2473103
-7
-4
-27
147
2229
3611
2474128
-74
-11
-3
169
2249
3554
2467186
-121
-16
19
152
2071
3529
2468211
-51
-3
0
145
2060
3577
2469236
-3
1
-11
116
2133
3569
2470261
-2
0
-6
133
2155
3531
2471286
-17
30
-20
206
2066
3504
2472311
32
64
-22
163
2086
3529
2473336
65
71
-13
22
2239
3604
2474361
-10
36
17
-25
2229
3542
2475386
-52
7
35
57
2141
3470
2476411
-12
12
62
44
2158
3541
2477436
-14
9
81
5
2192
3617
2478461
-24
-14
125
3
2222
3611
2479486
-39
-35
175
35
2278
3482
2480511
-102
-26
205
110
2445
3364
2481536
-199
21
254
37
2505
3233
2482561
-258
53
309
-25
2367
3069
2475137
-306
124
399
58
2776
3122
2476162
-608
254
574
-53
3148
3487
2477187
-1145
289
808
-261
2852
3691
2478212
-1477
239
1032
-294
2440
3665
2479237
-1696
221
1269
-307
2685
3628
2480262
-1929
173
1568
-469
2667
3584
2481287
-2125
84
1762
-441
2267
3655
2482312
-2365
8
1931
-298
2050
3667
2483337
-2670
-97
2187
-406
1815
3716
2484362
-2832
-315
2425
-558
1439
3758
2485387
-2802
-583
2553
-436
1090
3554
2486412
-2824
-796
2672
-208
740
3348
2487437
-3005
-950
2839
-247
376
3351
2488462
-3371
-1123
2995
-400
-81
3225
2489487
-3837
-1309
3027
-227
-546
2696
2490512
-4134
-1430
2992
106
-989
2400
2483328
-4171
-1478
3012
74
-1151
2562
2484353
-4208
-1548
3074
-483
-1742
2489
2485378
-4652
-1691
2953
-515
-2799
1371
2486403
-4753
-1744
2677
271
-3234
886
2487428
-4325
-1541
2560
308
-2814
1418
2488453
-3699
-1408
2549
-332
-3196
1261
2489478
-3153
-1371
2326
-249
-4552
432
2490503
-2761
-1208
2092
160
-4528
198
2491528
-2619
-931
2085
-90
-4433
543
2492553
-2423
-815
2057
-408
-5227
369
2493578
-1878
-824
1825
-106
-5614
103
2494603
-1416
-697
1671
-107
-5544
476
2495628
-1376
-550
1554
-467
-5609
587
2496653
-1422
-530
1280
-346
-5509
111
2497678
-1211
-505
1003
-6
-5561
-51
2498703
-873
-381
887
-88
-5877
98
2491520
-570
-290
735
-289
-5518
398
2492545
311
-375
421
-376
-9260
1146
2493570
469
-410
-1018
222
-8754
585
2494595
-688
-166
-1324
582
-913
-406
2495620
-696
-16
156
601
-3186
257
2496645
172
-9
294
61
-5439
604
2497670
960
-53
-45
-310
-4546
696
2498695
805
12
52
-285
-4793
638
2499720
889
56
17
-263
-4301
781
2500745
1079
45
23
-350
-3847
1028
2501770
1092
5
-6
-277
-4005
1150
2502795
887
7
-62
-203
-4181
1416
2503820
408
17
-93
-251
-4040
1430
2504845
55
12
-136
-282
-3923
1324
2505870
-111
-6
-203
-249
-4035
1243
2506895
-211
-36
-260
-133
-4136
1148
2499712
-251
-25
-250
-115
-4283
1147
2500737
-317
-54
-239
-92
-4254
1078
2501762
-293
-85
-212
-33
-4192
1034
2502787
-226
-107
-133
-5
-4300
920
2503812
-64
-129
-60
-37
-4352
892
2504837
65
-146
-35
-51
-4221
1002
2505862
108
-155
-16
-16
-4200
999
2506887
179
-138
13
-46
-4272
958
2507912
282
-121
7
-67
-4233
1040
2508937
301
-102
-14
-47
-4151
1159
2509962
223
-77
-25
-40
-4119
1194
2510987
126
-58
-20
-48
-4126
1198
2512012
46
-46
-37
-57
-4100
1200
2513037
-21
-39
-58
-29
-4134
1179
2514062
-68
-23
-59
-1
-4169
1154
2515087
-82
-12
-40
-4
-4198
1111
2507905
-47
-14
-32
-25
-4201
1100
2508930
6
-29
-36
-1
-4187
1089
2509955
57
-41
-16
14
-4193
1097
2510980
114
-52
18
4
-4218
1090
2512005
172
-53
22
-27
-4187
1149
2513030
173
-51
-5
-16
-4124
1201
2514055
124
-45
-13
12
-4108
1219
2515080
83
-42
14
14
-4181
1164
2516105
100
-29
25
-26
-4164
1194
2517130
79
-29
4
3
-4080
1256
2518155
19
-24
12
34
-4117
1236
2519180
-23
-9
35
3
-4130
1229
2520205
-45
-16
39
-21
-4158
1183
2521230
-23
-21
25
-32
-4176
1172
2522255
8
-21
-2
-16
-4158
1182
2523280
22
-16
-7
-4
-4171
1194
2516097
22
-11
-2
0
-4144
1212
2517122
11
-20
3
-16
-4157
1200
2518147
9
-26
-3
-12
-4137
1210
2519172
3
-28
-2
14
-4144
1201
2520197
8
-20
16
15
-4179
1168
2521222
35
-8
26
-14
-4160
1197
2522247
30
-12
19
2
-4113
1225
2523272
5
-12
33
5
-4142
1217
2524297
6
-12
50
-22
-4185
1187
2525322
20
-15
42
-42
-4159
1196
2526347
26
-18
21
-17
-4134
1207
2527372
13
-14
18
14
-4122
1230
2528397
4
-8
43
2
-4166
1194
2529422
27
-1
55
-34
-4175
1196
2530447
34
-4
36
-35
-4103
1257
2531472
1
-10
31
-10
-4114
1242
2524287
-24
1
46
-41
-4161
1216
2525312
-29
2
36
-81
-4159
1218
2526337
-41
-13
4
-37
-4119
1247
2527362
-68
-20
14
10
-4138
1198
2528387
-53
-6
56
-31
-4199
1170
2529412
-28
8
59
-66
-4157
1201
2530437
-22
8
40
-77
-4163
1176
2531462
25
8
31
-24
-4218
1129
2532487
119
33
71
49
-4240
1133
2533512
165
111
129
2
-4125
1245
2534537
136
168
164
-50
-4128
1220
2535562
173
216
201
52
-4218
1275
2536587
124
313
320
193
-4092
1412
2537612
38
406
572
-46
-4291
1131
2538637
259
371
581
-428
-4619
1068
2539662
478
229
250
-77
-4381
1385
2532480
388
241
4
689
-4890
1461
2533505
312
547
63
-12
-5736
1481
2534530
585
490
-4
-967
-5358
1461
2535555
946
284
-269
-766
-4900
1353
2536580
1242
241
-651
-92
-6157
1575
2537605
2262
285
-1009
-44
-8349
2075
2538630
3410
168
-1506
-534
-7216
2169
2539655
3644
57
-1978
-31
-4911
2257
2540680
3120
110
-2138
297
-4932
2587
2541705
2783
138
-2232
20
-4993
2708
2542730
2918
12
-2385
-137
-4380
2707
2543755
3333
-153
-2472
-18
-3810
2360
2544780
3797
-258
-2541
157
-3186
2204
2545805
4112
-213
-2627
169
-2508
2322
2546830
4251
-161
-2587
-140
-2216
2393
2547855
4231
-235
-2595
-345
-1817
1984
2540673
4341
-274
-2749
-77
-1198
1823
2541698
4329
-218
-2841
-8
-898
2046
2542723
4366
-244
-2857
-259
-930
2291
2543748
4316
-371
-2891
-378
-789
2204
2544773
3882
-429
-3049
149
279
1959
2545798
3305
-349
-3051
506
1302
2165
2546823
2599
-269
-2835
248
1616
2617
2547848
1847
-269
-2740
55
1400
2541
2548873
1268
-252
-2762
405
1558
2156
2549898
1086
-112
-2653
444
2033
2553
2550923
1039
-53
-2409
79
2506
3104
2551948
933
-95
-2297
-37
2557
3065
2552973
955
-136
-2199
-32
2222
2647
2553998
1283
-172
-2066
-87
2412
2570
2555023
1792
-201
-1873
-148
3359
2908
2556048
1759
-187
-1675
-66
4010
2973
2548865
1232
-193
-1451
63
3923
2813
2549890
905
-165
-1172
-21
4121
3077
2550915
735
-142
-889
-173
4241
3216
2551940
406
-179
-617
-81
4009
2980
2552965
150
-197
-351
92
3700
2952
2553990
-11
-208
-123
119
3668
3069
2555015
-113
-215
38
11
3556
3144
2556040
-238
-254
143
67
3113
2823
2557065
-141
-242
172
231
2839
2724
2558090
-11
-192
154
327
2829
2871
2559115
-13
-157
145
286
2810
2978
2560140
-72
-142
125
186
2593
2908
2561165
-93
-139
60
215
2438
2750
2562190
-50
-109
-23
300
2612
2760
2563215
-49
-65
-60
226
2705
2891
2564240
-119
-43
-70
93
2596
2909
2557056
-221
-50
-71
117
2576
2806
2558081
-293
-56
-59
189
2573
2750
2559106
-270
-16
-48
130
2677
2873
2560131
-256
4
-38
83
2622
2982
2561156
-234
-13
-39
275
2536
2921
2562181
-140
15
-8
334
2663
2978
2563206
-91
51
19
219
2840
3162
2564231
-130
50
24
170
2847
3165
2565256
-181
27
35
282
2773
3081
2566281
-144
31
57
334
2664
3101
2567306
-25
58
45
269
2663
3241
2568331
3
52
24
242
2761
3243
2569356
-63
18
40
290
2785
3183
2570381
-126
-12
58
347
2656
3156
2571406
-117
-20
56
341
2549
3185
2572431
-69
-29
55
261
2529
3196
2565248
-37
-61
50
243
2539
3152
2566273
-61
-75
19
339
2526
3070
2567298
-92
-55
-2
351
2543
3061
2568323
-95
-35
-19
240
2555
3108
2569348
-84
-36
-40
224
2576
3091
2570373
-97
-40
-52
319
2556
3046
2571398
-83
-29
-42
340
2545
3061
2572423
-64
-16
-29
261
2614
3107
2573448
-71
-9
-27
231
2581
3123
2574473
-53
1
-23
260
2546
3107
2575498
-29
3
-13
278
2571
3139
2576523
-38
4
1
250
2668
3204
2577548
-104
-5
17
208
2588
3157
2578573
-108
-21
24
267
2522
3128
2579598
-50
-19
29
319
2532
3251
2580623
-47
-23
32
287
2465
3259
2573440
-28
-35
33
267
2486
3199
2574465
-1
-39
28
244
2606
3202
2575490
-25
-40
12
297
2581
3191
2576515
-44
-38
21
340
2500
3170
2577540
-46
-38
41
304
2492
3150
2578565
-62
-34
20
295
2527
3195
2579590
-59
-10
-26
320
2461
3228
2580615
-30
6
-49
338
2452
3189
2581640
-20
2
-28
270
2532
3163
2582665
-33
3
-41
245
2532
3202
2583690
-66
11
-72
308
2489
3184
2584715
-86
25
-76
353
2533
3145
2585740
-114
20
-39
313
2526
3147
2586765
-82
14
-16
240
2476
3194
2587790
-21
12
-25
233
2451
3246
2588815
20
5
-22
271
2571
3241
2581632
22
-1
17
185
2605
3262
2582657
-8
-19
29
156
2492
3236
2583682
18
-17
7
255
2526
3267
2584707
9
-12
18
254
2524
3266
2585732
-12
-18
42
198
2514
3219
2586757
-22
-17
25
254
2443
3193
2587782
-10
-10
1
327
2423
3195
2588807
23
0
-4
306
2492
3239
2589832
7
-2
8
268
2533
3212
2590857
-20
-2
9
296
2531
3201
2591882
-33
5
2
301
2527
3239
2592907
-31
6
-5
267
2550
3249
2593932
-3
-6
23
228
2650
3276
2594957
-29
-22
63
233
2657
3240
2595982
-99
-37
94
286
2696
3210
2597007
-155
-25
128
281
2732
3282
2589824
-263
-30
180
257
2650
3212
2590849
-329
-40
229
345
2590
3146
2591874
-390
-46
292
383
2483
3173
2592899
-412
-44
334
348
2407
3190
2593924
-394
-29
350
337
2405
3131
2594949
-335
-13
390
280
2478
3164
2595974
-312
-5
431
265
2535
3231
2596999
-332
-5
478
295
2549
3293
2598024
-365
22
535
295
2751
3407
2599049
-645
70
658
241
3160
3494
2600074
-1238
61
862
190
3242
3343
2601099
-1822
40
1064
299
3233
3175
2602124
-2523
150
1255
329
3452
3410
2603149
-3582
155
1581
94
3144
3459
2604174
-4295
-49
1919
-160
2062
3198
2605199
-4408
-299
2166
-166
1446
3069
2598016
-4592
-544
2387
-126
1569
2954
2599041
-4890
-838
2573
-163
1107
2793
2600066
-4775
-1084
2679
-226
-157
2816
2601091
-4193
-1321
2759
-260
-1044
2973
2602116
-3567
-1561
2768
-170
-1230
2895
2603141
-3403
-1688
2689
205
-1052
2605
2604166
-3524
-1655
2663
521
-989
2633
2605191
-3571
-1585
2863
158
-1685
2595
2606216
-3544
-1646
2977
-292
-3229
1646
2607241
-3345
-1727
2655
320
-3708
1270
2608266
-3526
-1547
2307
776
-2670
1541
2609291
-3659
-1331
2488
47
-3347
1443
2610316
-2825
-1378
2563
-447
-5338
1008
2611341
-1723
-1460
2128
95
-5465
352
2612366
-1222
-1083
1939
307
-4251
487
2613391
-1605
-676
2017
6
-3923
612
2606339
-1783
-535
1962
39
-5144
450
2607364
-1531
-459
1731
119
-5693
427
2608389
-1271
-426
1509
-38
-5209
703
2609414
-1348
-475
1318
-16
-5200
785
2610439
-1243
-529
1109
227
-5379
542
2611464
-944
-477
976
174
-4984
426
2612489
-787
-384
939
-94
-4674
407
2613514
157
-424
794
-209
-8608
738
2614539
755
-366
-755
63
-10803
749
2615564
-1271
-219
-1464
450
-1683
-393
2616589
-366
-146
250
904
-1860
584
2617614
317
-33
399
242
-5307
604
2618639
1108
21
146
-486
-5455
794
2619664
865
-85
-19
-146
-4533
832
2620689
954
-23
-42
-91
-3814
964
2621714
1083
33
20
-326
-3976
1274
2614400
873
-55
-132
-91
-4007
1358
2615425
586
-18
-143
7
-3989
1492
2616450
210
52
-85
-114
-4032
1423
2617475
7
64
-119
-98
-4154
1181
2618500
68
88
-154
-108
-4317
1120
2619525
196
67
-191
-96
-4236
1223
2620550
218
24
-230
21
-4021
1347
2621575
140
-1
-195
97
-3923
1377
2622600
78
-14
-68
81
-4220
1248
2623625
114
-17
2
-3
-4222
1268
2624650
139
-55
-4
3
-4001
1367
2625675
75
-79
4
24
-4020
1395
2626700
3
-87
22
12
-4146
1342
2627725
-31
-88
24
-20
-4155
1323
2628750
-42
-101
5
0
-4087
1298
2629775
-30
-100
0
27
-4141
1292
2622592
1
-94
12
27
-4187
1230
2623617
67
-57
7
-8
-4173
1298
2624642
68
-51
-22
-6
-4083
1324
2625667
91
-57
-27
57
-4116
1308
2626692
104
-35
-1
44
-4140
1313
2627717
120
-29
13
18
-4108
1323
2628742
119
-24
8
7
-4073
1418
2629767
57
-49
5
60
-4031
1403
2630792
18
-45
42
57
-4099
1338
2631817
24
-29
59
-11
-4137
1336
2632842
50
-34
25
-25
-4122
1365
2633867
40
-36
-17
18
-4063
1416
2634892
-10
-42
-11
83
-4055
1388
2635917
-38
-15
35
45
-4085
1353
2636942
-33
-1
44
-17
-4133
1351
2637967
-20
-7
3
-15
-4135
1342
2630785
-7
-3
-23
25
-4104
1352
2631810
1
5
-18
48
-4102
1347
2632835
32
7
8
31
-4149
1287
2633860
123
9
24
15
-4177
1309
2634885
160
16
12
21
-4029
1432
2635910
102
-1
28
56
-4019
1445
2636935
59
-7
81
39
-4120
1379
2637960
77
-5
99
-24
-4100
1381
2638985
97
-20
73
-42
-4086
1404
2640010
74
-21
33
-28
-4031
1468
2641035
15
-23
18
2
-4062
1446
2642060
-19
-7
23
-23
-4095
1401
2643085
-19
1
-2
-51
-4078
1405
2644110
-27
-6
-37
-10
-4063
1450
2645135
-68
-8
-38
43
-4037
1428
2646160
-69
1
13
43
-4126
1360
2638975
-45
22
32
-29
-4084
1390
2640000
-37
3
13
-27
-4091
1404
2641025
-37
-2
0
21
-4097
1394
2642050
-26
11
26
17
-4105
1373
2643075
-21
30
36
-38
-4082
1390
2644100
-25
17
17
-29
-4096
1395
2645125
-39
11
-4
-11
-4081
1397
2646150
-56
6
0
20
-4076
1375
2647175
-52
17
30
-9
-4107
1376
2648200
-42
17
33
-49
-4113
1384
2649225
-36
-4
8
-22
-4098
1368
2650250
-34
-11
1
-20
-4116
1345
2651275
-15
-5
-4
-30
-4123
1354
2652300
3
-5
-11
-16
-4111
1372
2653325
3
-2
-10
-9
-4087
1387
2654350
-14
-6
-6
-9
-4076
1371
2647168
-20
-4
7
-11
-4118
1362
2648193
-19
0
3
-24
-4096
1382
2649218
-42
-4
-10
-13
-4068
1394
2650243
-65
-8
-7
5
-4100
1353
2651268
-46
-4
10
2
-4147
1319
2652293
8
-4
25
-10
-4141
1323
2653318
45
-4
28
-17
-4099
1359
2654343
49
-5
26
-9
-4094
1380
2655368
24
-4
28
-9
-4071
1371
2656393
3
2
40
-5
-4094
1383
2657418
-29
12
53
22
-4073
1391
2658443
-65
31
110
98
-4085
1395
2659468
-71
45
275
196
-4241
1275
2660493
25
145
568
241
-4393
1301
2661518
-281
304
683
238
-4400
1591
2662543
-871
392
369
190
-4503
1644
2655361
-556
457
426
-30
-5101
1233
2656386
-478
466
215
-52
-5270
1054
2657411
-709
524
-112
-472
-5821
493
2658436
440
705
-120
-1276
-7456
991
2659461
2043
479
-1002
-658
-8415
1028
2660486
3792
276
-1853
176
-8245
960
2661511
4391
285
-2351
78
-5870
1213
2662536
3629
378
-2470
174
-4455
1640
2663561
2887
416
-2516
320
-4345
2090
2664586
2797
408
-2608
264
-4280
2252
2665611
3235
281
-2639
232
-4001
2222
2666636
3758
166
-2697
334
-3375
2042
2667661
4127
180
-2759
339
-2542
2145
2668686
4219
234
-2739
173
-2004
2467
2669711
4101
191
-2698
-37
-1937
2472
2670736
3934
107
-2772
40
-1720
2365
2663551
3913
81
-2887
300
-1294
2375
2664576
3902
90
-2843
286
-911
2486
2665601
3844
79
-2792
41
-709
2507
2666626
3646
35
-2860
45
-480
2494
2667651
3335
18
-2987
209
170
2452
2668676
3260
-8
-2997
158
603
2468
2669701
3217
-63
-2942
-13
846
2441
2670726
3051
-87
-2903
-95
1299
2339
2671751
2640
-83
-2814
-169
1992
2489
2672776
2067
-112
-2660
-291
2691
2752
2673801
1393
-119
-2487
-315
2879
2690
2674826
614
-95
-2315
-167
2683
2261
2675851
145
-21
-2096
-142
3011
2425
2676876
-14
31
-1795
-338
3469
3085
2677901
-231
-15
-1503
-367
3354
3216
2678926
-447
-99
-1230
-135
3142
2819
2671744
-365
-72
-968
-52
3363
3024
2672769
-149
-6
-714
-211
3336
3702
2673794
6
-68
-489
-238
2841
3814
2674819
232
-195
-350
30
2647
3443
2675844
555
-190
-280
165
2818
3466
2676869
674
-129
-184
31
3111
3671
2677894
489
-113
-85
-46
3078
3594
2678919
144
-159
-10
145
2984
3294
2679944
-114
-150
68
233
2748
3237
2680969
-149
-130
118
127
2451
3324
2681994
1
-103
97
88
2447
3401
2683019
13
-115
90
173
2423
3157
2684044
-16
-101
85
257
2354
3078
2685069
-21
-59
88
187
2319
3237
2686094
-34
-43
58
153
2338
3315
2687119
-91
-59
38
236
2322
3163
2680129
-122
-41
41
242
2246
3146
2681154
-55
-8
35
143
2280
3300
2682179
-27
14
2
138
2471
3311
2683204
-157
-3
10
244
2510
3183
2684229
-273
0
63
251
2384
3222
2685254
-230
13
95
146
2147
3385
2686279
-22
2
52
200
2094
3442
2687304
144
-7
33
283
2307
3385
2688329
135
-13
64
246
2413
3328
2689354
28
-15
71
170
2400
3361
2690379
-71
-18
49
181
2327
3404
2691404
-132
-39
28
277
2244
3379
2692429
-86
-42
33
263
2165
3361
2693454
-24
-33
2
276
2188
3342
2694479
2
-19
-32
305
2342
3398
2695504
-10
-21
-35
265
2353
3462
2688128
-9
-34
-34
258
2337
3398
2689153
-5
-24
-36
286
2361
3314
2690178
-26
-16
-25
283
2387
3354
2691203
1
-18
-23
226
2353
3459
2692228
29
-26
-36
246
2376
3421
2693253
10
-33
-12
294
2456
3309
2694278
-55
-28
36
253
2524
3291
2695303
-124
-14
47
224
2410
3373
2696328
-134
-23
42
302
2265
3352
2697353
-15
-3
60
313
2300
3316
2698378
38
21
72
277
2385
3319
2699403
5
39
58
245
2286
3439
2700428
-2
36
38
250
2234
3459
2701453
40
24
38
268
2296
3378
2702478
33
15
44
290
2268
3331
2703503
-11
29
40
249
2263
3432
2696320
-55
24
27
221
2290
3499
2697345
-72
3
13
257
2280
3412
2698370
-60
-14
28
294
2260
3316
2699395
-37
0
40
253
2278
3360
2700420
-30
7
29
185
2231
3431
2701445
4
-14
1
239
2232
3435
2702470
22
-28
1
357
2319
3400
2703495
-24
-15
33
324
2354
3365
2704520
-61
-4
32
257
2335
3389
2705545
-56
-12
7
278
2230
3422
2706570
-12
-20
6
336
2221
3387
2707595
26
-7
9
339
2248
3364
2708620
17
14
5
270
2303
3394
2709645
-12
24
-17
220
2315
3417
2710670
-41
17
-25
274
2319
3382
2711695
-57
16
-10
311
2302
3369
2704512
-54
28
-4
273
2279
3411
2705537
-8
31
-10
223
2288
3451
2706562
36
19
-5
211
2328
3437
2707587
17
4
7
281
2350
3373
2708612
-29
8
26
308
2376
3389
2709637
-29
17
35
220
2263
3484
2710662
22
-2
22
218
2192
3477
2711687
69
-19
18
318
2293
3364
2712712
17
-18
43
314
2297
3343
2713737
-30
-9
41
229
2247
3459
2714762
-50
-15
10
231
2174
3462
2715787
-27
-34
3
301
2196
3349
2716812
-11
-26
9
303
2291
3349
2717837
-39
-13
1
241
2253
3446
2718862
-48
-9
-13
208
2280
3456
2719887
-69
-11
-10
273
2426
3375
2712705
-136
-8
35
257
2349
3349
2713730
-163
10
54
223
2401
3422
2714755
-208
41
72
181
2608
3503
2715780
-366
50
133
153
2648
3479
2716805
-625
62
212
145
2775
3523
2717830
-964
59
354
72
2863
3652
2718855
-1180
5
511
35
2638
3665
2719880
-1357
4
627
126
2752
3777
2720905
-1909
27
793
109
2944
3966
2721930
-2526
-81
1014
-114
2571
4373
2722955
-2558
-305
1226
-322
1998
4557
2723980
-2369
-552
1379
-233
1875
4018
2725005
-2445
-779
1548
53
2078
3330
2726030
-2864
-897
1719
245
1945
3134
2727055
-3261
-941
1852
281
1199
3246
2728080
-3407
-987
1960
283
503
3004
2720897
-3237
-1050
2043
435
244
2668
2721922
-3043
-1035
2104
634
236
2670
2722947
-2921
-942
2239
568
-20
2854
2723972
-2926
-943
2398
334
-450
2843
2724997
-2914
-1044
2439
310
-727
2709
2726022
-2906
-1125
2501
392
-982
2518
2727047
-2884
-1167
2620
364
-1405
2425
2728072
-2955
-1217
2738
105
-1845
2353
2729097
-3148
-1329
2730
-90
-2166
2053
2730122
-3276
-1425
2631
140
-2515
1731
2731147
-3240
-1427
2598
107
-3047
1717
2732172
-3277
-1442
2633
-468
-4103
1658
2733197
-3114
-1634
2385
-336
-4281
1236
2734222
-2851
-1649
2026
401
-3621
598
2735247
-2567
-1330
2049
199
-4464
708
2736272
-2145
-1147
2035
-345
-5829
947
2729087
-1433
-1242
1704
16
-5520
419
2730112
-1110
-1085
1548
360
-4948
224
2731137
-1219
-794
1603
227
-5146
589
2732162
-1175
-676
1533
4
-5560
560
2733187
-665
-699
1293
115
-5663
82
2734212
-355
-580
1111
74
-5323
369
2735237
-777
-385
1006
-140
-4971
653
2736262
-1088
-329
872
-108
-5203
520
2737287
-664
-349
756
4
-5448
176
2738312
198
-318
734
-25
-5042
236
2739337
816
-198
673
-284
-6465
634
2740362
1110
-182
-164
-366
-9034
1260
2741387
-439
-127
-1093
273
-2784
210
2742412
-623
-7
20
471
-2142
281
2743437
-126
3
360
-166
-4666
481
2744462
498
-79
40
-538
-5065
675
2737281
433
-86
-134
-503
-4532
731
2738306
600
-84
-151
-320
-4363
852
2739331
1148
-73
-149
-311
-4184
1119
2740356
1234
-73
-215
-301
-4122
1296
2741381
856
-103
-261
-231
-4168
1452
2742406
501
-119
-298
-112
-3999
1416
2743431
338
-65
-252
-122
-4051
1356
2744456
233
-17
-235
-191
-4199
1231
2745481
236
-21
-289
-196
-4133
1330
2746506
161
-63
-367
-22
-3921
1401
2747531
87
-57
-282
60
-4248
1259
2748556
125
-59
-174
-36
-4324
1259
2749581
157
-110
-172
-22
-3984
1437
2750606
30
-141
-141
90
-3917
1488
2751631
-120
-137
-20
99
-4142
1252
2752656
-29
-110
61
-40
-4363
1286
2745493
-8
-122
10
-35
-3994
1348
2746518
-81
-115
-17
37
-3947
1371
2747543
-116
-94
31
43
-4297
1199
2748568
-6
-66
40
-51
-4220
1225
2749593
65
-57
-6
-52
-4097
1335
2750618
-7
-55
-55
17
-4019
1364
2751643
-64
-51
-41
65
-4120
1293
2752668
-24
-42
2
21
-4208
1265
2753693
7
-39
-15
-15
-4125
1283
2754718
1
-46
-38
10
-4060
1335
2755743
-69
-46
-42
66
-4056
1359
2756768
-97
-53
12
57
-4194
1205
2757793
-8
-53
38
15
-4179
1211
2758818
60
-58
8
26
-4114
1301
2759843
58
-51
6
52
-4098
1271
2760868
91
-33
29
23
-4181
1279
2753664
88
-23
11
8
-4074
1338
2754689
34
-15
-9
39
-4027
1367
2755714
-21
-5
-2
67
-4114
1326
2756739
-44
12
18
51
-4116
1320
2757764
-46
14
38
19
-4130
1282
2758789
-43
12
31
6
-4107
1299
2759814
-39
-1
25
36
-4122
1290
2760839
-4
-10
50
36
-4181
1247
2761864
35
-9
56
-24
-4128
1309
2762889
12
-24
29
-14
-4085
1314
2763914
1
-24
10
1
-4142
1296
2764939
-1
-23
-11
2
-4125
1307
2765964
-8
-19
-23
14
-4108
1309
2766989
-30
-11
-22
36
-4105
1311
2768014
-25
-3
0
48
-4141
1271
2769039
-1
5
14
15
-4124
1301
2761856
-10
2
11
24
-4098
1301
2762881
-12
5
23
22
-4139
1309
2763906
-8
-1
31
21
-4132
1291
2764931
-5
3
34
6
-4098
1305
2765956
-27
6
30
4
-4116
1298
2766981
-34
8
30
10
-4147
1276
2768006
-15
11
39
-19
-4148
1265
2769031
-5
8
24
-36
-4119
1311
2770056
-34
-5
-4
-4
-4099
1295
2771081
-33
-5
2
42
-4163
1244
2772106
11
13
38
46
-4160
1253
2773131
36
37
64
-14
-4113
1285
2774156
43
40
52
-48
-4149
1280
2775181
47
35
22
-11
-4124
1292
2776206
58
33
32
6
-4145
1263
2777231
108
47
66
23
-4175
1264
2770048
141
80
84
-69
-4149
1295
2771073
152
82
39
-102
-4121
1334
2772098
138
75
-12
-29
-4065
1371
2773123
111
76
2
-7
-4086
1379
2774148
81
75
38
-8
-4114
1366
2775173
71
76
73
-25
-4098
1369
2776198
72
80
100
6
-4080
1383
2777223
65
116
165
83
-4105
1425
2778248
29
190
284
44
-4148
1419
2779273
29
230
417
25
-4346
1284
2780298
71
275
502
236
-4446
1425
2781323
-100
398
466
267
-4393
1557
2782348
33
592
497
-120
-5202
1315
2783373
413
678
192
-366
-5510
1781
2784398
629
469
-160
-76
-4645
1549
2785423
1177
605
127
-471
-5267
1182
2778240
1795
624
-231
-769
-6399
1356
2779265
3031
531
-749
-734
-7873
2074
2780290
4138
398
-1350
-723
-6975
2218
2781315
4407
287
-1844
-349
-4930
2354
2782340
3863
307
-2097
-156
-4481
2741
2783365
3409
312
-2225
-393
-4481
2936
2784390
3330
190
-2390
-483
-4038
2824
2785415
3547
17
-2547
-203
-3410
2588
2786440
3564
-9
-2669
68
-2738
2495
2787465
3486
107
-2688
31
-2326
2661
2788490
3683
97
-2667
-226
-2099
2794
2789515
4064
-60
-2735
-356
-1896
2411
2790540
4467
-180
-2884
-79
-1552
2147
2791565
4509
-168
-2999
133
-755
2390
2792590
4238
-198
-2917
-32
-58
2549
2793615
3889
-310
-2848
-171
46
2416
2786432
3445
-357
-2932
7
482
2270
2787457
2899
-253
-2894
50
1291
2552
2788482
2089
-196
-2697
-133
1745
2742
2789507
1373
-221
-2516
-258
1472
2559
2790532
1083
-218
-2432
-227
1407
2487
2791557
1212
-159
-2320
-281
1964
2960
2792582
1392
-150
-2121
-487
2287
3297
2793607
1342
-212
-1935
-510
2304
3004
2794632
1058
-206
-1804
-248
2800
2818
2795657
668
-153
-1576
-153
3513
3253
2796682
298
-135
-1231
-396
3403
3602
2797707
61
-242
-932
-339
2844
3425
2798732
143
-297
-681
-21
2980
3372
2799757
230
-268
-442
70
3289
3673
2800782
117
-248
-246
-108
2993
3802
2801807
-49
-274
-134
0
2647
3509
2794624
-94
-245
-65
211
2502
3425
2795649
-155
-197
-16
258
2444
3511
2796674
-116
-146
-11
165
2357
3673
2797699
20
-119
-23
40
2085
3657
2798724
119
-120
-69
166
2147
3443
2799749
97
-91
-68
233
2410
3456
2800774
-100
-70
-40
121
2344
3562
2801799
-253
-76
-39
101
2146
3479
2802824
-262
-82
-35
209
2110
3345
2803849
-194
-47
-20
260
2124
3437
2804874
-79
-24
11
166
1986
3575
2805899
69
-23
14
138
2066
3503
2806924
92
-23
41
189
2249
3381
2807949
-15
-16
73
215
2140
3437
2808974
-52
2
86
142
1881
3548
2809999
33
9
67
116
1920
3587
2802817
35
-6
53
180
2061
3491
2803842
-63
-11
41
287
2049
3465
2804867
-96
9
45
251
1953
3551
2805892
-42
17
22
193
1964
3570
2806917
-21
12
-14
274
2125
3520
2807942
-43
14
-8
296
2121
3538
2808967
-18
18
-4
234
2021
3621
2809992
28
20
-35
268
2106
3656
2811017
-11
10
-30
303
2205
3578
2812042
-52
-11
1
268
2164
3574
2813067
-5
-21
10
209
2087
3702
2814092
60
-43
2
230
2032
3685
2815117
105
-64
-2
291
2108
3571
2816142
56
-74
4
304
2165
3543
2817167
-35
-72
-3
266
2098
3558
2818192
-56
-62
-21
233
2004
3551
2811008
-23
-65
-29
277
2048
3460
2812033
-18
-54
-14
285
2115
3420
2813058
-76
-24
-1
213
2116
3496
2814083
-112
4
-25
169
2008
3517
2815108
-58
13
-48
198
1979
3425
2816133
33
31
-36
219
2128
3447
2817158
-1
50
3
182
2165
3516
2818183
-68
51
14
210
2089
3562
2819208
-70
50
20
262
2148
3603
2820233
-40
42
54
244
2087
3625
2821258
35
39
70
240
2027
3680
2822283
78
45
71
256
2141
3706
2823308
32
33
81
233
2147
3649
2824333
-9
12
81
223
2066
3635
2825358
-12
8
62
260
2025
3675
2826383
-28
10
49
270
2014
3644
2819283
-18
2
30
262
2000
3613
2820308
49
-8
14
225
1981
3581
2821333
80
-16
-3
280
2074
3557
2822358
8
-20
1
300
2116
3545
2823383
-37
-24
2
253
1991
3527
2824408
12
-21
-28
266
2021
3529
2825433
34
-16
-19
279
2085
3492
2826458
5
-25
-5
297
2061
3461
2827483
-23
-22
-5
291
2041
3487
2828508
-10
-14
-13
243
2036
3568
2829533
19
-14
-25
229
2062
3543
2830558
40
-21
-16
265
2106
3508
2831583
12
-18
-2
271
2159
3556
2832608
-40
-13
-3
222
2122
3628
2833633
-29
-19
-12
188
2015
3607
2834658
29
-28
-9
260
2088
3546
2827395
17
-29
7
303
2150
3529
2828420
-34
-13
11
234
2057
3587
2829445
-34
-5
-10
204
2031
3588
2830470
6
-10
-18
240
2098
3518
2831495
18
-8
0
241
2129
3542
2832520
-4
-5
0
221
2092
3592
2833545
-16
-4
-1
225
2093
3535
2834570
-16
-4
5
270
2104
3501
2835595
-25
1
17
299
2082
3554
2836620
-29
8
19
268
2054
3590
2837645
2
10
16
225
2080
3564
2838670
26
5
18
238
2118
3525
2839695
14
-8
44
237
2159
3579
2840720
-54
-18
69
227
2198
3581
2841745
-181
-14
78
237
2276
3548
2842770
-374
11
110
209
2461
3554
2835584
-617
25
185
160
2471
3574
2836609
-812
5
287
172
2306
3501
2837634
-972
47
367
222
2421
3473
2838659
-1534
177
456
208
2880
3516
2839684
-2720
266
628
5
3159
3548
2840709
-3861
142
913
-286
2483
3486
2841734
-4120
-83
1201
-458
1444
3491
2842759
-3505
-248
1389
-343
1044
3780
2843784
-2828
-350
1533
-122
1149
4109
2844809
-2636
-459
1763
-109
1045
4072
2845834
-2696
-610
1978
-237
775
3964
2846859
-2722
-818
2083
-267
358
3864
2847884
-2697
-1026
2126
33
-161
3739
2848909
-2560
-1097
2222
202
-497
3901
2849934
-2472
-1168
2400
-38
-713
3900
2850959
-2520
-1366
2456
-71
-1007
3249
2843776
-2586
-1508
2400
204
-1291
2887
2844801
-2831
-1512
2413
242
-1463
2967
2845826
-3211
-1563
2519
-84
-1918
2842
2846851
-3628
-1714
2505
-125
-2573
2073
2847876
-3834
-1768
2298
367
-2802
1695
2848901
-4009
-1660
2237
447
-2795
1809
2849926
-4083
-1593
2331
-119
-3359
1739
2850951
-3897
-1653
2179
-264
-4047
999
2851976
-3322
-1609
1947
96
-3918
433
2853001
-2717
-1415
1902
9
-3461
270
2854026
-2127
-1241
1920
-362
-4355
150
2855051
-1582
-1132
1734
-352
-5363
-147
2856076
-1277
-973
1549
-64
-4964
-102
2857101
-1352
-729
1471
-58
-4529
31
2858126
-1405
-556
1354
-264
-5359
108
2859151
-1087
-566
1045
202
-5555
-12
2851968
-574
-527
912
289
-5259
293
2852993
-667
-445
829
-81
-5068
383
2854018
-1116
-379
684
-255
-4969
178
2855043
-1202
-347
581
-14
-4756
-46
2856068
-595
-272
659
-74
-4708
-81
2857093
47
-188
678
-493
-5406
62
2858118
1397
-341
185
-652
-9817
1110
2859143
582
-406
-1383
83
-3949
-10
2860168
-163
-145
-406
289
-2216
-92
2861193
399
-108
120
-26
-6146
327
2862218
1781
-276
-507
-1
-4813
868
2863243
1428
-212
-330
-62
-3700
1362
2864268
674
-176
-117
8
-4190
1230
2865293
390
-147
-75
-93
-4063
1150
2866318
234
-159
-42
-195
-3997
1114
2867343
131
-183
-61
-161
-4135
1112
2860160
-48
-184
-118
-182
-4129
1194
2861185
-297
-203
-172
-149
-4221
1007
2862210
-325
-204
-225
-161
-4308
849
2863235
-232
-229
-315
-115
-4472
828
2864260
-145
-258
-405
82
-4283
811
2865285
-70
-204
-261
200
-4115
843
2866310
-1
-128
-55
108
-4229
843
2867335
53
-76
24
56
-4233
854
2868360
96
-26
15
59
-4177
909
2869385
81
24
30
45
-4175
956
2870410
42
47
51
-4
-4227
942
2871435
19
52
17
-46
-4202
969
2872460
-30
37
-37
-6
-4167
965
2873485
-56
21
-44
29
-4238
882
2874510
-17
18
-30
29
-4247
903
2875535
0
0
-20
56
-4192
903
2868351
25
-6
5
52
-4217
881
2869376
71
-10
23
35
-4252
897
2870401
106
-15
33
14
-4217
931
2871426
116
-22
21
1
-4197
953
2872451
104
-24
4
35
-4190
960
2873476
98
-14
8
27
-4206
975
2874501
80
-5
5
22
-4179
1004
2875526
53
1
11
45
-4186
978
2876551
65
4
32
35
-4236
938
2877576
99
11
36
19
-4198
991
2878601
116
4
38
18
-4222
997
2879626
104
11
28
-7
-4153
1057
2880651
60
1
15
-2
-4172
1039
2881676
32
-2
5
5
-4197
1044
2882701
2
-6
0
12
-4164
1050
2883726
-24
-7
5
25
-4175
1024
2876544
-23
-1
15
14
-4223
989
2877569
12
8
20
-13
-4243
976
2878594
47
20
-7
-42
-4189
1039
2879619
25
7
-50
-12
-4155
1081
2880644
-25
-7
-58
55
-4155
1048
2881669
-31
-13
-13
64
-4214
989
2882694
13
-15
25
26
-4219
1002
2883719
31
-19
27
18
-4164
1052
2884744
3
-17
22
27
-4164
1051
2885769
-18
-12
31
22
-4219
1011
2886794
-9
0
33
-16
-4213
1019
2887819
-13
-1
10
2
-4157
1078
2888844
-79
-3
5
48
-4121
1079
2889869
-122
-1
44
34
-4226
970
2890894
-82
8
60
-38
-4273
938
2891919
-35
6
26
-22
-4202
998
2884736
-43
8
12
35
-4164
1009
2885761
-48
20
48
12
-4229
963
2886786
-22
26
58
-46
-4239
958
2887811
16
21
41
-6
-4244
972
2888836
27
37
58
28
-4199
1009
2889861
-1
64
106
32
-4202
1035
2890886
-65
104
143
-30
-4187
1071
2891911
-168
104
157
0
-4148
1113
2892936
-360
99
230
100
-4053
1287
2893961
-781
99
374
-38
-3947
1261
2894986
-1235
31
418
-182
-4266
843
2896011
-1393
-25
214
-22
-4653
607
2897036
-1257
70
137
183
-4826
801
2898061
-1076
223
284
303
-5443
705
2899086
-1243
300
65
93
-5119
92
2900111
-1154
317
-110
-257
-4341
-308
2892929
-723
262
-65
6
-5028
-83
2893954
58
236
-80
54
-6999
-326
2894979
1680
250
-423
-319
-8080
-629
2896004
2927
232
-1186
-390
-6872
-690
2897029
2995
466
-1541
-193
-5950
-388
2898054
3011
694
-1705
-91
-6110
-150
2899079
3496
819
-1935
-146
-6170
-68
2900104
4313
899
-2170
-339
-5664
81
2901129
5221
888
-2402
-414
-4910
381
2902154
6104
815
-2723
-336
-4069
866
2903179
6533
780
-3002
-366
-3158
1492
2904204
6285
681
-3237
-154
-1975
1556
2905229
5813
693
-3368
94
-1102
1945
2906254
5155
745
-3370
17
-849
2619
2907279
4611
632
-3287
-169
-828
2732
2908304
4217
450
-3326
55
-355
2662
2901120
3870
310
-3292
320
263
2750
2902145
3633
175
-3111
264
764
3155
2903170
3157
44
-2894
148
1145
3293
2904195
2418
-117
-2618
149
1313
3005
2905220
1816
-292
-2368
246
1551
2915
2906245
1712
-376
-2246
354
1765
3281
2907270
1645
-374
-2112
352
1822
3240
2908295
1246
-327
-1936
367
2142
2899
2909320
720
-313
-1759
372
2172
2896
2910345
714
-321
-1630
206
1840
3182
2911370
949
-291
-1565
180
1960
3146
2912395
870
-242
-1453
343
2406
2768
2913420
442
-175
-1294
402
2479
2804
2914445
134
-101
-1165
218
2290
3248
2915470
18
-43
-1114
147
2273
3233
2916495
-149
-9
-1050
297
2367
2921
2909312
-242
45
-925
275
2460
3210
2910337
-153
116
-799
19
2524
3803
2911362
-167
91
-681
-52
2641
3803
2912387
-384
7
-531
199
2752
3561
2913412
-552
-43
-343
311
2750
3708
2914437
-398
-39
-184
113
2509
4062
2915462
-204
-90
-110
182
2368
4006
2916487
-164
-162
-5
408
2448
3750
2917512
-185
-174
89
412
2259
3745
2918537
-97
-150
102
330
1995
3855
2919562
38
-136
67
382
1925
3761
2920587
65
-133
56
487
1960
3525
2921612
-34
-114
69
494
1982
3447
2922637
-108
-78
68
402
1818
3546
2923662
-86
-44
33
361
1723
3590
2924687
-66
-22
3
411
1878
3523
2917504
-93
-10
19
363
1809
3525
2918529
-39
-9
27
273
1628
3569
2919554
105
6
-20
323
1725
3612
2920579
121
13
-38
405
1924
3608
2921604
6
6
-10
401
1955
3586
2922629
-36
15
0
347
1872
3627
2923654
-1
15
-17
374
1883
3621
2924679
20
8
-15
462
1955
3627
2925704
-9
10
23
458
1999
3665
2926729
-32
22
39
399
1903
3719
2927754
1
15
29
429
1881
3717
2928779
98
21
22
425
1914
3745
2929804
104
13
38
409
1996
3667
2930829
45
18
44
421
2038
3604
2931854
-26
28
40
422
1956
3625
2932879
-32
27
42
371
1929
3665
2925697
-47
29
43
385
1990
3710
2926722
-199
20
54
427
2003
3696
2927747
-336
4
77
367
1855
3723
2928772
-296
-20
55
309
1696
3779
2929797
-92
-40
19
333
1698
3799
2930822
63
-58
9
401
1841
3738
2931847
14
-77
30
446
1972
3645
2932872
-100
-73
49
403
1878
3675
2933897
-121
-61
11
420
1736
3726
2934922
-49
-52
-28
500
1758
3678
2935947
15
-54
-7
515
1754
3567
2936972
26
-45
4
496
1773
3519
2937997
16
-10
-8
415
1789
3599
2939022
23
3
-37
373
1788
3684
2940047
2
-6
-41
434
1810
3610
2941072
-23
-5
3
413
1819
3541
2933889
-14
20
11
321
1802
3616
2934914
0
37
-27
317
1818
3727
2935939
5
27
-36
399
1817
3685
2936964
24
20
1
435
1859
3631
2937989
0
28
25
410
1907
3667
2939014
-59
33
17
378
1865
3747
2940039
-55
23
4
389
1743
3728
2941064
13
16
4
452
1778
3711
2942089
19
17
21
434
1841
3718
2943114
-21
14
20
369
1828
3744
2944139
-26
8
-9
360
1779
3754
2945164
-12
2
-17
399
1817
3710
2946189
-29
-7
-9
447
1866
3663
2947214
-45
-9
7
430
1829
3726
2948239
-9
-5
8
335
1798
3767
2949264
39
-18
-14
389
1832
3704
2942081
4
-29
3
460
1924
3624
2943106
-54
-21
23
432
1827
3684
2944131
-21
-6
4
376
1709
3794
2945156
53
2
-16
372
1823
3748
2946181
33
-12
5
402
1899
3608
2947206
-33
-21
21
432
1857
3622
2948231
-51
-1
9
381
1731
3745
2949256
2
6
-3
358
1743
3759
2950281
67
-3
2
378
1856
3648
2951306
22
-15
22
439
1925
3551
2952331
-58
5
41
397
1838
3656
2953356
-84
26
23
351
1730
3723
2954381
-32
33
5
420
1752
3618
2955406
-8
37
25
487
1852
3554
2956431
-38
53
47
421
1830
3657
2957456
-40
57
40
345
1718
3778
2950272
22
38
26
380
1771
3752
2951297
28
23
33
428
1870
3693
2952322
-64
8
54
387
1836
3731
2953347
-90
-2
37
348
1742
3827
2954372
-7
-14
11
372
1726
3811
2955397
49
-25
17
405
1888
3715
2956422
-47
-36
37
442
1922
3682
2957447
-127
-36
43
441
1790
3748
2958472
-74
-14
32
408
1751
3786
2959497
-16
-14
41
402
1814
3691
2960522
-38
-32
55
444
1893
3564
2961547
-46
-16
61
454
1912
3640
2962572
-49
27
69
380
1900
3810
2963597
-122
23
86
388
1894
3780
2964622
-186
-7
140
399
1805
3678
2965647
-168
-4
156
376
1839
3792
2958463
-181
19
170
308
2005
3899
2959488
-325
26
226
251
2266
3864
2960513
-731
-5
328
273
2323
3687
2961538
-1179
-46
471
330
2309
3695
2962563
-1446
-42
615
337
2148
3758
2963588
-1692
-19
776
321
1990
3669
2964613
-2071
-7
975
260
1962
3610
2965638
-2525
-70
1227
53
1835
3708
2966663
-2772
-259
1500
-209
1536
3603
2967688
-2678
-471
1706
-278
1075
3432
2968713
-2568
-624
1845
-148
906
3513
2969738
-2592
-775
2005
19
754
3647
2970763
-2641
-878
2182
45
450
3750
2971788
-2705
-988
2346
31
144
3711
2972813
-2763
-1137
2539
71
-94
3362
2973838
-2865
-1256
2641
263
-416
2961
2966656
-3011
-1278
2651
625
-889
2910
2967681
-3100
-1213
2691
900
-1216
3008
2968706
-3145
-1108
2860
590
-1659
3022
2969731
-3360
-1122
3017
167
-2506
2596
2970756
-3350
-1246
2926
326
-2829
2002
2971781
-2807
-1301
2787
398
-2366
1995
2972806
-2585
-1249
2825
-289
-3063
1980
2973831
-2943
-1311
2792
-700
-4672
1534
2974856
-2964
-1493
2436
-136
-4327
1603
2975881
-2955
-1403
2247
1
-2905
1448
2976906
-2924
-1209
2283
-839
-4124
479
2977931
-2183
-1246
1944
-879
-6186
50
2978956
-1373
-1249
1486
-219
-5515
533
2979981
-1290
-1003
1412
-216
-4657
728
2981006
-1519
-797
1389
-428
-5192
383
2982031
-1201
-749
1173
48
-5058
166
2974848
-655
-587
1130
66
-4784
495
2975873
-532
-429
1123
-450
-5041
606
2976898
-488
-428
992
-594
-4930
382
2977923
727
-577
656
-449
-9497
1388
2978948
14
-418
-1179
-271
-9392
887
2979973
-1725
-381
-1469
363
-848
-503
2980998
-339
-287
18
843
-3139
749
2982023
710
-160
-7
251
-6207
787
2983048
991
-120
-107
-314
-5119
899
2984073
626
-239
-172
42
-3702
1055
2985098
664
-117
22
-35
-3811
1324
2986123
582
-51
93
-318
-4014
1389
2987148
339
-153
-67
-182
-3950
1282
2988173
157
-146
-119
-89
-4087
1366
2989198
-118
-109
-128
-93
-4170
1264
2990223
-212
-93
-128
-63
-4251
1053
2983039
-90
-81
-121
-39
-4218
1066
2984064
9
-84
-100
24
-4164
1098
2985089
91
-60
-19
26
-4297
1038
2986114
188
-49
43
-50
-4295
1114
2987139
230
-68
38
-46
-4099
1224
2988164
162
-63
32
-31
-4027
1274
2989189
102
-61
58
-54
-4213
1166
2990214
137
-43
52
-104
-4238
1211
2991239
104
-48
0
-93
-4048
1302
2992264
1
-48
-27
-29
-4045
1274
2993289
-53
-33
-7
-43
-4197
1188
2994314
-5
-32
-8
-68
-4240
1168
2995339
53
-31
-34
-37
-4138
1222
2996364
52
-29
-20
29
-4097
1212
2997389
81
-12
50
2
-4216
1148
2998414
183
1
82
-95
-4258
1186
2991232
262
-16
36
-83
-4141
1249
2992257
275
-16
9
-19
-4068
1301
2993282
268
9
48
-18
-4135
1310
2994307
252
32
72
-117
-4108
1401
2995332
149
5
25
-108
-3969
1462
2996357
-1
-13
0
-58
-4022
1422
2997382
-80
-13
11
-75
-4135
1319
2998407
-57
-7
0
-94
-4145
1332
2999432
-54
-11
-25
-63
-4111
1317
3000457
-33
1
-19
-20
-4138
1302
3001482
8
11
15
-41
-4161
1290
3002507
58
11
33
-76
-4130
1327
3003532
59
4
19
-83
-4076
1395
3004557
6
-13
16
-50
-4077
1371
3005582
-16
-8
36
-78
-4129
1324
3006607
-3
-7
24
-104
-4133
1328
2999425
-3
-5
-7
-81
-4090
1356
3000450
-17
-1
-6
-49
-4124
1331
3001475
5
4
16
-78
-4160
1308
3002500
30
-2
6
-105
-4094
1349
3003525
21
-10
-13
-81
-4092
1365
3004550
-4
-7
-16
-54
-4101
1365
3005575
-20
-6
2
-65
-4132
1333
3006600
-11
-4
1
-96
-4116
1339
3007625
-3
-12
-15
-44
-4090
1341
3008650
-15
3
8
-10
-4089
1367
3009675
-34
22
54
-59
-4131
1335
3010700
-36
36
57
-116
-4122
1339
3011725
-35
32
28
-94
-4121
1327
3012750
-67
64
11
-53
-4053
1411
3013775
-179
99
23
-56
-4009
1399
3014800
-253
109
56
-94
-4145
1282
3007617
-224
94
53
-148
-4218
1197
3008642
-115
66
21
-104
-4229
1179
3009667
4
66
36
-15
-4212
1215
3010692
61
103
118
26
-4127
1301
3011717
18
161
210
-113
-4066
1380
3012742
-86
164
215
-202
-4123
1308
3013767
-86
113
228
-59
-4330
1143
3014792
111
109
312
185
-4521
1290
3015817
64
222
306
66
-4298
1603
3016842
-186
336
217
-367
-4354
1397
3017867
-125
314
214
-509
-4759
1087
3018892
-198
199
4
-103
-4779
963
3019917
-210
334
-52
-38
-5024
1193
3020942
-31
427
-185
-421
-5241
1144
3021967
646
431
-273
-690
-5998
943
3022992
1673
297
-811
-269
-6984
752
3015808
2778
324
-1236
-105
-6940
1056
3016833
3251
384
-1539
-288
-5845
1354
3017858
3392
380
-1803
-223
-5468
1546
3018883
3694
362
-2107
-170
-5203
1727
3019908
4061
348
-2378
-233
-4876
2024
3020933
4448
266
-2623
-229
-4361
2243
3021958
4707
174
-2868
-85
-3539
2354
3022983
4821
135
-3022
41
-2693
2501
3024008
4781
162
-3144
25
-1846
2715
3025033
4528
157
-3224
122
-1198
2789
3026058
4116
146
-3215
209
-1129
2781
3027083
3794
141
-3160
150
-916
2815
3028108
3569
119
-3109
99
-201
2748
3029133
3344
25
-3063
253
314
2527
3030158
3138
0
-2990
276
115
2678
3031183
2906
14
-2905
137
298
2947
3024000
2703
-27
-2850
163
1150
2964
3025025
2382
-82
-2738
154
1432
2737
3026050
1984
-61
-2671
144
1367
2668
3027075
1739
-15
-2568
-76
1524
2947
3028100
1675
-97
-2437
-313
1887
3132
3029125
1548
-162
-2354
-340
2113
2951
3030150
1230
-170
-2250
-224
2295
2570
3031175
905
-128
-2098
-251
2720
2750
3032200
587
-99
-1905
-449
2870
3089
3033225
348
-122
-1727
-488
2747
3058
3034250
121
-135
-1566
-249
2916
2871
3035275
-30
-85
-1318
-282
3292
3165
3036300
-118
-76
-1025
-578
3330
3680
3037325
-193
-160
-758
-599
3231
3582
3038350
-182
-219
-501
-348
3253
3309
3039375
-214
-218
-245
-247
3266
3474
3032481
-270
-216
-21
-367
3036
3826
3033506
-278
-264
109
-348
2644
3778
3034531
-160
-300
180
-45
2452
3492
3035556
-53
-248
244
121
2467
3473
3036581
-41
-196
281
-15
2265
3638
3037606
-33
-194
221
-25
2093
3592
3038631
25
-183
142
167
2058
3400
3039656
40
-137
106
291
2146
3284
3040681
17
-76
86
198
2175
3420
3041706
-26
-56
62
27
2072
3543
3042731
-23
-83
28
68
2019
3425
3043756
16
-80
22
197
2128
3303
3044781
8
-50
38
159
2181
3380
3045806
-20
-29
35
58
2089
3444
3046831
-28
-35
16
92
2098
3357
3047856
-26
-33
21
169
2179
3320
3040384
-47
-8
31
158
2125
3430
3041409
-53
7
23
128
2061
3523
3042434
2
-4
17
142
2077
3467
3043459
45
-8
17
191
2208
3441
3044484
-2
-2
27
192
2177
3536
3045509
-63
3
10
170
2125
3565
3046534
-36
0
-3
126
2113
3549
3047559
30
-9
-13
138
2202
3573
3048584
7
-12
-18
212
2290
3554
3049609
-81
-11
1
194
2217
3554
3050634
-104
-20
9
133
2137
3577
3051659
-8
-23
-7
116
2100
3605
3052684
72
-24
-14
149
2189
3563
3053709
43
-31
-3
196
2247
3486
3054734
-38
-32
25
127
2226
3479
3055759
-74
-30
17
107
2152
3513
3048576
-44
-22
0
152
2058
3509
3049601
-1
-18
2
180
2071
3415
3050626
-13
-10
9
157
2136
3377
3051651
-83
10
-2
147
2130
3463
3052676
-116
30
-17
135
2002
3466
3053701
-71
35
-38
178
2002
3397
3054726
-20
43
-32
188
2110
3450
3055751
4
63
-37
126
2143
3582
3056776
22
69
-50
86
2144
3568
3057801
36
58
-39
104
2260
3533
3058826
4
38
8
97
2282
3578
3059851
-38
11
33
128
2206
3650
3060876
-29
2
42
152
2134
3648
3061901
10
-8
57
136
2157
3566
3062926
21
-22
66
128
2187
3548
3063951
-31
-34
56
148
2124
3562
3056768
-50
-26
26
192
2028
3557
3057793
-18
-16
16
166
2034
3518
3058818
28
-18
13
120
2088
3509
3059843
22
-22
6
117
2093
3529
3060868
-6
-12
-19
168
2105
3538
3061893
-13
0
-30
156
2088
3538
3062918
20
2
-21
101
2127
3523
3063943
22
-5
-19
131
2203
3514
3064968
-37
-1
-13
161
2176
3524
3065993
-63
-1
-10
151
2059
3524
3067018
13
-6
-4
106
2086
3541
3068043
61
-8
-4
114
2161
3534
3069068
7
-3
-6
145
2181
3512
3070093
-54
-5
5
111
2150
3531
3071118
-36
-18
21
83
2087
3526
3072143
-5
-18
10
165
2134
3501
3064961
-30
-2
14
178
2113
3503
3065986
-39
4
8
131
2075
3541
3067011
5
6
-1
127
2105
3555
3068036
33
10
0
144
2145
3542
3069061
4
15
5
129
2150
3550
3070086
-19
10
7
105
2095
3592
3071111
18
4
6
100
2108
3593
3072136
34
-5
4
150
2148
3549
3073161
-2
-12
14
180
2132
3541
3074186
-20
-8
13
133
2100
3596
3075211
9
-11
-1
88
2086
3610
3076236
47
-21
-8
112
2146
3533
3077261
30
-24
-4
163
2218
3530
3078286
-39
-20
13
139
2176
3574
3079311
-59
-20
16
117
2123
3549
3080336
4
-22
20
115
2151
3539
3073151
34
-23
39
126
2231
3511
3074176
-19
-21
65
139
2269
3517
3075201
-103
-12
98
111
2308
3544
3076226
-151
-11
143
43
2394
3608
3077251
-254
-25
211
28
2503
3641
3078276
-474
-54
317
59
2542
3551
3079301
-667
-62
426
31
2600
3615
3080326
-758
-54
550
-108
2909
4081
3081351
-1010
-111
784
-352
3092
4234
3082376
-1565
-304
1091
-338
2877
3682
3083401
-2133
-464
1326
-57
2790
3462
3084426
-2525
-513
1498
40
2356
3648
3085451
-2664
-544
1663
-1
1842
3700
3086476
-2556
-610
1845
-34
1575
3532
3087501
-2455
-716
2017
125
1498
3331
3088526
-2542
-768
2166
260
1329
3179
3081345
-2659
-785
2335
244
904
3209
3082370
-2745
-807
2445
202
555
3311
3083395
-2846
-912
2552
287
224
3155
3084420
-2922
-1001
2665
370
-84
3033
3085445
-3074
-1063
2778
424
-346
2994
3086470
-3378
-1106
2944
341
-746
2822
3087495
-3806
-1206
3052
337
-1190
2265
3088520
-4039
-1239
3022
460
-1722
2044
3089545
-4286
-1199
3058
259
-2451
1969
3090570
-4404
-1211
3005
-138
-3112
1680
3091595
-4656
-1304
2741
-165
-3619
937
3092620
-4638
-1344
2437
172
-4063
578
3093645
-3781
-1280
2230
90
-4113
1357
3094670
-2935
-1271
2087
-333
-4522
1093
3095695
-2372
-1295
1780
-42
-4936
-121
3096720
-1830
-1094
1631
330
-4708
-586
3089537
-1184
-721
1749
-211
-5118
402
3090562
-397
-701
1642
-448
-5805
869
3091587
406
-874
1255
55
-5150
494
3092612
419
-744
1084
443
-4621
597
3093637
-192
-458
1170
172
-4630
1257
3094662
-681
-411
1148
-153
-4842
1272
3095687
-652
-538
991
-168
-4825
686
3096712
-464
-606
824
170
-4376
549
3097737
-569
-463
891
-57
-4503
737
3098762
-662
-393
947
-380
-4522
714
3099787
397
-517
788
-722
-8464
1070
3100812
437
-525
-686
-847
-9252
1130
3101837
-1694
-424
-1321
33
-984
-310
3102862
-1060
-293
246
382
-3558
-66
3103887
289
-265
6
-198
-6380
306
3104912
1681
-354
-511
-232
-4744
897
3097728
1252
-301
-348
4
-4044
1093
3098753
1085
-211
-222
16
-4125
1331
3099778
1030
-175
-200
-86
-3745
1422
3100803
780
-184
-125
-131
-3879
1424
3101828
561
-213
-125
-87
-4081
1511
3102853
239
-184
-176
-40
-3912
1537
3103878
-28
-156
-138
-31
-4004
1403
3104903
-140
-135
-113
-62
-4159
1293
3105928
-121
-148
-136
-55
-4176
1228
3106953
-79
-165
-152
7
-4122
1282
3107978
-96
-167
-123
72
-4119
1266
3109003
-76
-139
-42
59
-4238
1190
3110028
-1
-101
-7
2
-4199
1187
3111053
92
-90
2
19
-4194
1206
3112078
124
-48
-6
13
-4098
1335
3113103
48
-41
-12
19
-4045
1345
3105920
-20
-32
-5
33
-4082
1319
3106945
-56
-18
3
7
-4141
1274
3107970
-52
-17
-6
-7
-4176
1246
3108995
-21
-17
-36
15
-4127
1258
3110020
-26
-9
-43
80
-4042
1331
3111045
-64
-10
18
90
-4123
1248
3112070
-30
1
77
7
-4224
1195
3113095
37
-11
59
-30
-4164
1249
3114120
44
-25
35
30
-4085
1298
3115145
19
-23
59
35
-4140
1255
3116170
48
-19
83
-16
-4220
1209
3117195
108
-12
66
-27
-4151
1270
3118220
104
-2
36
1
-4021
1360
3119245
31
0
30
-11
-4054
1362
3120270
-27
-7
25
-25
-4157
1267
3121295
2
-5
5
-46
-4150
1275
3114112
14
-17
-34
-12
-4070
1330
3115137
-24
-20
-39
36
-4069
1324
3116162
-32
-17
7
36
-4185
1232
3117187
21
-3
34
-27
-4171
1253
3118212
53
-8
23
-14
-4100
1313
3119237
37
-9
16
14
-4102
1325
3120262
4
7
34
18
-4104
1333
3121287
-23
16
59
-29
-4128
1302
3122312
-33
13
44
-52
-4108
1325
3123337
-70
-1
16
-18
-4080
1328
3124362
-98
-1
24
-7
-4151
1251
3125387
-63
18
34
-52
-4191
1230
3126412
-18
13
5
-56
-4136
1285
3127437
-19
-4
-16
-2
-4107
1291
3128462
-25
-3
4
-2
-4144
1256
3129487
-8
1
22
-39
-4165
1236
3122303
24
-2
7
-48
-4146
1265
3123328
21
-5
-16
-5
-4082
1320
3124353
-9
-7
7
11
-4136
1267
3125378
-3
8
28
-51
-4147
1271
3126403
5
0
10
-72
-4127
1270
3127428
3
-9
-18
-23
-4121
1306
3128453
-15
-11
-7
18
-4108
1273
3129478
-5
1
30
-24
-4153
1259
3130503
9
1
26
-65
-4151
1261
3131528
10
-10
0
-36
-4122
1284
3132553
-10
-12
-4
6
-4101
1298
3133578
-28
-2
26
-19
-4144
1274
3134603
-18
-1
34
-32
-4168
1229
3135628
49
3
62
99
-4223
1185
3136653
145
94
178
142
-4233
1218
3137678
216
210
317
83
-4200
1299
3130496
187
320
426
7
-4098
1501
3131521
-60
378
484
96
-3951
1679
3132546
-501
350
458
143
-4097
1643
3133571
-865
307
414
-72
-4534
1479
3134596
-944
365
377
-373
-4890
1237
3135621
-1288
397
189
-477
-4755
815
3136646
-870
359
194
-371
-5206
666
3137671
-263
339
76
-243
-5253
1009
3138696
199
379
-130
-669
-5452
658
3139721
1015
307
-493
-674
-6467
350
3140746
1967
237
-992
-158
-6789
734
3141771
1834
375
-1335
-44
-5465
1127
3142796
992
529
-1485
-50
-5137
917
3143821
648
618
-1666
2
-5857
628
3144846
1042
707
-1930
119
-5854
626
3145871
1776
787
-2100
168
-5410
793
3138689
2528
856
-2207
79
-5153
916
3139714
3206
867
-2356
10
-4658
892
3140739
3773
871
-2516
-2
-3919
854
3141764
4230
885
-2644
-39
-3375
1186
3142789
4654
838
-2739
-124
-3001
1565
3143814
4931
747
-2819
-277
-2549
1853
3144839
4932
636
-3021
-215
-1542
2084
3145864
4637
568
-3201
100
-775
2277
3146889
4233
567
-3211
201
-628
2440
3147914
4325
521
-3182
71
-697
2770
3148939
4354
431
-3180
10
-299
2740
3149964
4246
336
-3170
112
286
2539
3150989
4012
283
-3087
120
965
2638
3152014
3669
207
-2907
5
1605
2859
3153039
3162
102
-2693
-33
1829
2804
3154064
2473
59
-2508
91
2040
2485
3146880
1813
83
-2300
210
2551
2549
3147905
1478
163
-2101
75
2961
3128
3148930
1108
224
-1921
-142
3019
3451
3149955
546
211
-1709
-141
2967
3250
3150980
106
176
-1431
-84
3118
3204
3152005
93
119
-1132
-142
3160
3621
3153030
285
46
-853
-191
2956
3775
3154055
350
-19
-610
-45
2974
3483
3155080
201
-38
-416
146
3194
3544
3156105
-45
-59
-203
53
2889
3857
3157130
-117
-118
-63
-26
2379
3813
3158155
40
-173
-30
202
2343
3540
3159180
150
-159
-11
372
2441
3503
3160205
48
-132
10
318
2315
3667
3161230
-88
-141
6
241
2179
3692
3162255
-103
-166
-21
311
2044
3511
3155072
-45
-155
-60
413
2084
3354
3156097
-42
-91
-97
331
2190
3438
3157122
-124
-63
-118
233
2191
3481
3158147
-126
-76
-108
237
2121
3391
3159172
-65
-94
-63
294
2181
3279
3160197
-31
-81
-10
278
2244
3352
3161222
-56
-68
12
262
2195
3462
3162247
-61
-61
33
280
2113
3449
3163272
-56
-77
73
341
2128
3313
3164297
-51
-72
98
349
2129
3375
3165322
-60
-52
84
290
1961
3560
3166347
-10
-49
34
326
1899
3587
3167372
64
-50
5
400
2083
3490
3168397
25
-60
19
407
2210
3417
3169422
-92
-51
11
379
2131
3529
3170447
-146
-51
-16
395
2073
3584
3163263
-56
-39
-34
435
2129
3563
3164288
-11
-40
-11
432
2235
3509
3165313
-60
-46
20
389
2259
3522
3166338
-96
-41
16
345
2123
3576
3167363
-36
-27
-20
376
2052
3603
3168388
47
-21
-23
413
2132
3547
3169413
34
-20
5
392
2225
3475
3170438
-61
-14
12
356
2132
3486
3171463
-82
3
-14
361
2034
3550
3172488
-14
9
-24
363
2004
3529
3173513
42
-5
-7
400
2100
3456
3174538
6
-7
21
410
2160
3450
3175563
-58
9
28
352
2065
3480
3176588
-11
28
4
317
1975
3528
3177613
58
31
-16
351
2034
3523
3178638
44
20
0
378
2157
3503
3171635
-32
24
-1
372
2124
3566
3172660
-77
27
-13
348
2035
3572
3173685
-12
21
-17
340
2032
3528
3174710
41
13
-15
379
2153
3539
3175735
-8
17
-1
367
2126
3590
3176760
-65
17
-5
344
2050
3581
3177785
-40
5
-17
366
2042
3519
3178810
8
-3
-4
357
2104
3532
3179835
-31
-8
-9
378
2102
3566
3180860
-75
-6
-6
365
2027
3553
3181885
-38
-5
-13
335
2029
3517
3182910
-3
-11
-25
349
2092
3518
3183935
-2
-6
-27
325
2071
3576
3184960
-16
0
-37
318
2069
3586
3185985
-9
-4
-28
317
2073
3546
3187010
-10
-12
-24
360
2119
3539
3179648
-36
-3
-19
348
2090
3584
3180673
-25
9
-22
282
2000
3602
3181698
37
8
-37
276
2045
3562
3182723
49
-2
-25
329
2116
3496
3183748
-36
-4
0
345
2100
3485
3184773
-98
5
6
286
2021
3558
3185798
-39
15
-6
257
1958
3572
3186823
41
10
-7
305
2076
3463
3187848
49
19
9
305
2206
3474
3188873
-36
25
8
290
2160
3555
3189898
-76
25
5
314
2060
3590
3190923
-19
19
22
342
2073
3573
3191948
13
10
44
363
2120
3549
3192973
-16
14
39
347
2092
3607
3193998
-16
19
28
296
1991
3628
3195023
54
16
5
313
2027
3595
3187839
58
3
11
349
2128
3569
3188864
-22
-10
26
339
2085
3592
3189889
-62
-19
25
282
1990
3633
3190914
-4
-21
13
265
1994
3586
3191939
31
-26
10
308
2104
3483
3192964
-8
-22
22
311
2130
3507
3193989
-90
-21
23
298
2042
3559
3195014
-104
-19
20
333
1998
3546
3196039
-58
-13
34
329
2007
3504
3197064
-23
-6
19
341
2031
3507
3198089
-9
12
-4
342
1989
3542
3199114
7
30
-23
364
2013
3571
3200139
11
27
-7
352
2069
3562
3201164
6
16
6
304
2041
3604
3202189
-9
7
-8
317
2003
3613
3203214
-4
5
-28
344
2034
3607
3196033
-4
-2
-28
341
2087
3610
3197058
-22
-20
-14
322
2109
3629
3198083
-29
-32
-3
329
2078
3623
3199108
-7
-37
13
309
2063
3612
3200133
21
-51
23
303
2096
3605
3201158
-17
-59
27
322
2144
3567
3202183
-111
-48
37
329
2149
3533
3203208
-164
-32
48
291
2074
3571
3204233
-125
-32
65
279
2073
3628
3205258
-92
-35
87
313
2200
3614
3206283
-177
-17
124
323
2388
3545
3207308
-368
19
190
259
2557
3546
3208333
-613
34
281
232
2544
3576
3209358
-832
20
404
287
2521
3591
3210383
-1115
78
539
234
2775
3686
3211408
-1632
81
719
165
2822
3643
3204224
-1950
27
941
66
2381
3642
3205249
-1918
-28
1154
62
2029
3595
3206274
-1838
-39
1361
71
2067
3559
3207299
-1944
-68
1585
7
2047
3525
3208324
-2165
-97
1786
-82
1774
3551
3209349
-2491
-175
1954
-44
1392
3510
3210374
-2775
-271
2124
7
994
3474
3211399
-2774
-356
2295
-56
598
3632
3212424
-2616
-453
2468
-226
320
3721
3213449
-2686
-628
2627
-245
49
3473
3214474
-2983
-815
2712
-21
-112
3229
3215499
-3194
-918
2842
-143
-339
3325
3216524
-3437
-1056
2994
-526
-1015
3234
3217549
-3862
-1333
3001
-367
-1542
2361
3218574
-4253
-1472
2897
103
-1506
1800
3219599
-4521
-1392
2868
-68
-1763
1807
3212416
-4660
-1346
2900
-775
-3454
1614
3213441
-4638
-1574
2558
-773
-4736
1120
3214466
-4457
-1752
2024
153
-4081
1057
3215491
-4179
-1521
1959
343
-3739
851
3216516
-3301
-1322
2138
-199
-4863
163
3217541
-1864
-1372
1842
-110
-5102
-398
3218566
-990
-1208
1556
171
-4975
42
3219591
-1116
-856
1550
144
-5100
752
3220616
-1504
-716
1492
-56
-5001
762
3221641
-1497
-750
1296
114
-4875
243
3222666
-1175
-682
1138
297
-5070
119
3223691
-905
-524
1070
115
-5287
535
3224716
-850
-485
975
-105
-4970
575
3225741
-752
-516
881
-253
-4704
271
3226766
666
-642
656
-463
-10181
935
3227791
138
-507
-1140
-326
-9219
333
3220608
-1572
-479
-1426
593
-621
-411
3221633
-656
-319
164
793
-3212
491
3222658
673
-199
218
-203
-6147
579
3223683
1113
-260
-97
-326
-5038
563
3224708
761
-269
-204
61
-3742
784
3225733
853
-97
11
-171
-3880
1237
3226758
549
-91
-24
-217
-4150
1128
3227783
322
-130
-149
-99
-4136
987
3228808
215
-82
-196
-119
-4146
1071
3229833
25
-18
-277
-40
-4129
1070
3230858
-139
37
-277
34
-4229
1033
3231883
-241
30
-228
49
-4207
959
3232908
-252
-14
-157
67
-4181
853
3233933
-182
-42
-86
48
-4282
805
3234958
-99
-63
-60
68
-4288
823
3235983
-25
-77
-29
96
-4263
781
3228800
75
-69
23
38
-4307
791
3229825
179
-79
23
8
-4292
812
3230850
246
-82
-8
33
-4195
899
3231875
246
-69
-11
71
-4179
948
3232900
198
-45
-3
35
-4170
1038
3233925
90
-46
-13
27
-4145
1048
3234950
-4
-42
-37
52
-4140
1020
3235975
-71
-38
-39
83
-4186
956
3237000
-73
-19
-20
92
-4215
922
3238025
-38
4
2
64
-4227
919
3239050
1
12
4
54
-4229
922
3240075
25
7
5
78
-4205
914
3241100
60
9
25
74
-4217
926
3242125
82
11
32
45
-4211
973
3243150
70
1
23
35
-4188
989
3244175
35
-5
12
59
-4165
1004
3236992
1
-1
25
46
-4191
979
3238017
6
2
27
25
-4236
947
3239042
10
8
5
43
-4172
1010
3240067
-46
5
6
81
-4137
991
3241092
-47
9
41
58
-4244
920
3242117
-5
9
49
14
-4231
949
3243142
21
1
27
17
-4208
985
3244167
11
1
8
46
-4185
967
3245192
20
7
22
39
-4220
962
3246217
28
5
19
17
-4200
976
3247242
27
-5
8
24
-4189
990
3248267
18
-12
4
29
-4204
972
3249292
24
-10
2
23
-4209
966
3250317
31
-7
-11
34
-4194
995
3251342
4
-5
-11
71
-4151
1015
3252367
-26
-5
25
56
-4198
980
3245185
-18
-9
42
-3
-4234
970
3246210
1
-21
10
-9
-4220
968
3247235
-5
-23
-22
43
-4173
995
3248260
-20
-19
-11
74
-4198
972
3249285
-1
-11
22
40
-4241
934
3250310
47
-13
30
6
-4228
951
3251335
66
-21
9
18
-4177
997
3252360
43
-20
0
50
-4160
1016
3253385
29
-13
18
33
-4232
974
3254410
46
-7
12
-8
-4212
976
3255435
56
-13
-14
31
-4180
1006
3256460
37
-7
-18
78
-4163
1020
3257485
42
12
24
94
-4221
989
3258510
52
47
59
20
-4193
1003
3259535
68
51
40
-61
-4265
965
3260560
63
64
-37
58
-4100
1192
3253377
-190
103
-8
219
-3889
1300
3254402
-422
113
199
135
-4358
954
3255427
-380
119
341
62
-4764
849
3256452
-290
157
384
250
-4420
885
3257477
-283
316
563
433
-4429
985
3258502
-323
448
532
133
-5290
1250
3259527
-394
424
344
-191
-5579
1014
3260552
-700
310
-57
42
-4362
418
3261577
-752
413
-21
-161
-4462
240
3262602
-79
470
-79
-302
-6234
606
3263627
1060
396
-493
-246
-7300
405
3264652
2095
340
-1044
-43
-6525
201
3265677
2005
501
-1385
137
-5428
222
3266702
1686
720
-1505
174
-5521
578
3267727
1945
803
-1674
62
-5841
670
3268752
2577
776
-1900
93
-5552
582
3261568
3156
796
-2110
271
-4784
641
3262593
3514
902
-2236
338
-4113
992
3263618
3922
993
-2283
262
-3735
1183
3264643
4447
1012
-2330
73
-3456
1153
3265668
4975
970
-2437
-49
-3154
1276
3266693
5247
916
-2686
-81
-2719
1817
3267718
5306
861
-2941
0
-1928
2368
3268743
5203
809
-3051
-37
-1388
2851
3269768
4908
710
-3171
-39
-999
2722
3270793
4517
634
-3331
101
-608
2687
3271818
4004
558
-3349
149
-293
2806
3272843
3627
473
-3151
-104
164
2985
3273868
3303
256
-2903
-224
654
2881
3274893
3057
41
-2754
-48
1282
2691
3275918
2933
-31
-2573
-103
1692
3062
3276943
2670
-78
-2411
-274
2136
3420
3269760
2020
-100
-2280
-246
2360
3170
3270785
1148
-135
-2075
-77
2360
2677
3271810
731
-102
-1850
-183
2487
3035
3272835
772
-95
-1679
-417
2404
3494
3273860
862
-145
-1538
-382
2256
3280
3274885
736
-124
-1380
-213
2651
3038
3275910
396
-73
-1170
-287
3073
3313
3276935
179
-92
-954
-497
2951
3504
3277960
237
-147
-822
-410
2617
3307
3278985
314
-139
-705
-139
2825
3307
3280010
223
-93
-513
-149
3148
3666
3281035
6
-115
-325
-273
3077
3761
3282060
-135
-162
-185
-178
2861
3476
3283085
-152
-172
-68
61
2770
3345
3284110
-127
-142
42
84
2565
3488
3285135
-51
-108
89
-19
2350
3665
3277951
5
-110
81
66
2317
3504
3278976
36
-75
59
251
2290
3269
3280001
3
-17
62
254
2259
3388
3281026
-28
20
52
115
2133
3648
3282051
13
3
6
102
2025
3576
3283076
92
-14
-25
208
2109
3394
3284101
43
-2
-12
212
2253
3364
3285126
-65
9
6
99
2169
3503
3286151
-133
-12
-4
97
2086
3485
3287176
-83
-26
-4
190
2161
3407
3288201
-30
-20
20
155
2183
3422
3289226
-28
-21
23
103
2176
3508
3290251
-36
-43
18
113
2121
3545
3291276
-28
-66
24
217
2156
3432
3292301
-11
-45
28
239
2205
3429
3293326
-12
-21
23
161
2136
3525
3286144
3
-19
-10
182
2128
3530
3287169
22
-31
-10
249
2209
3482
3288194
-1
-33
7
237
2210
3510
3289219
-15
-23
1
167
2157
3591
3290244
27
-31
-8
113
2089
3585
3291269
67
-61
-27
202
2160
3491
3292294
39
-67
-17
264
2248
3480
3293319
-51
-59
-2
220
2228
3499
3294344
-76
-57
-4
162
2102
3488
3295369
-23
-69
-11
225
2154
3437
3296394
-15
-71
13
262
2219
3438
3297419
-69
-53
24
186
2173
3478
3298444
-94
-20
-18
135
2170
3484
3299469
-53
-3
-50
165
2167
3462
3300494
33
8
-54
243
2199
3517
3301519
78
26
-21
206
2211
3578
3294337
67
26
-3
115
2232
3554
3295362
53
16
-10
93
2242
3516
3296387
20
2
-25
215
2215
3526
3297412
-43
0
-6
258
2176
3557
3298437
-66
-4
15
166
2113
3578
3299462
1
-27
4
129
2095
3576
3300487
71
-44
-12
237
2213
3507
3301512
28
-44
12
286
2247
3468
3302537
-20
-39
43
194
2140
3532
3303562
21
-42
29
156
1968
3516
3304587
209
-78
4
192
1944
3418
3305612
371
-76
-38
213
2182
3405
3306637
266
-45
-58
184
2359
3349
3307662
15
-25
-76
238
2354
3308
3308687
-148
0
-64
206
2266
3409
3309712
-157
10
-41
108
2152
3500
3302527
-96
12
-67
195
2208
3500
3303552
-85
20
-58
235
2253
3462
3304577
-40
23
-24
113
2211
3492
3305602
3
12
-23
101
2276
3525
3306627
-24
-4
-9
181
2288
3522
3307652
-85
-12
21
215
2231
3494
3308677
-87
-12
44
129
2192
3496
3309702
-53
-22
29
111
2108
3511
3310727
-30
-25
6
217
2140
3519
3311752
-39
-23
16
224
2172
3519
3312777
-33
-31
29
152
2095
3450
3313802
-11
-28
11
166
2148
3440
3314827
-57
-11
-3
194
2212
3489
3315852
-90
-4
-6
165
2112
3528
3316877
-51
-7
-22
191
2140
3485
3317902
-25
10
-15
180
2282
3455
3310789
-53
19
13
95
2287
3512
3311814
-93
14
17
111
2308
3582
3312839
-157
1
49
187
2356
3547
3313864
-231
-8
119
188
2417
3521
3314889
-275
-17
195
90
2450
3611
3315914
-289
-41
267
39
2425
3595
3316939
-377
-43
359
103
2508
3418
3317964
-503
-35
528
13
2522
3321
3318989
-531
-55
715
-224
2490
3380
3320014
-473
-84
923
-429
2581
3438
3321039
-528
-153
1163
-453
2750
3353
3322064
-754
-230
1424
-265
2920
3195
3323089
-1106
-244
1698
-93
2983
3241
3324114
-1542
-237
2022
-173
2827
3398
3325139
-1955
-284
2339
-320
2449
3373
3326164
-2392
-390
2553
-167
2172
3273
3318912
-2732
-510
2770
-27
1802
3349
3319937
-2899
-623
3006
-103
1252
3271
3320962
-3003
-736
3103
96
847
3010
3321987
-3305
-781
3177
374
583
2886
3323012
-3650
-817
3338
390
51
3060
3324037
-3842
-933
3486
286
-739
2998
3325062
-3996
-1018
3519
364
-1391
2601
3326087
-4361
-1038
3438
629
-1635
2265
3327112
-4682
-1001
3458
479
-2195
2159
3328137
-4853
-913
3522
-149
-3842
1649
3329162
-4653
-1014
3213
-192
-5146
863
3330187
-3657
-1138
2569
543
-4525
1045
3331212
-2592
-1006
2401
508
-3801
1773
3332237
-2159
-914
2383
104
-4112
1624
3333262
-2120
-836
2045
555
-4208
1003
3334287
-2366
-516
1871
641
-3934
976
3327104
-2462
-278
1922
6
-4672
984
3328129
-1918
-360
1780
-224
-5360
812
3329154
-1160
-497
1499
96
-4837
557
3330179
-1045
-409
1371
80
-4570
622
3331204
-1226
-301
1370
-318
-5011
983
3332229
-1191
-411
1221
-375
-4760
809
3333254
-803
-491
1110
-256
-4378
403
3334279
-515
-401
1107
-469
-4889
330
3335304
1032
-464
559
-1036
-12501
1638
3336329
-839
-298
-1496
-1023
-7192
108
3337354
-810
-413
-1133
695
160
-85
3338379
-195
-117
327
534
-3309
745
3339404
926
-121
79
-123
-6426
845
3340429
1307
-104
-282
-316
-5483
1132
3341454
813
-138
-302
-7
-3377
1169
3342479
878
-20
-95
-97
-3457
1518
3335296
523
27
-46
-190
-4125
1477
3336321
227
-35
-98
-104
-4173
1282
3337346
134
-47
-82
-185
-4144
1291
3338371
58
-55
-122
-175
-4149
1214
3339396
125
-59
-165
-116
-4236
1150
3340421
270
-71
-189
-35
-4253
1206
3341446
318
-76
-161
19
-4061
1351
3342471
296
-89
-74
14
-4105
1328
3343496
319
-91
-8
-15
-4185
1287
3344521
339
-75
8
-49
-4075
1434
3345546
272
-96
7
-31
-3907
1587
3346571
102
-103
41
-68
-4065
1439
3347596
66
-101
11
-125
-4132
1412
3348621
48
-115
-58
-18
-4002
1467
3349646
-18
-91
-44
63
-3992
1449
3350671
-46
-45
28
21
-4138
1392
3343488
-14
-20
41
-63
-4138
1367
3344513
61
-27
13
-48
-4137
1349
3345538
115
-14
4
10
-4063
1435
3346563
77
2
46
20
-4015
1504
3347588
3
-1
104
-54
-4086
1464
3348613
-41
-7
83
-103
-4022
1468
3349638
-97
-21
34
-67
-3986
1471
3350663
-140
-22
26
-58
-4128
1398
3351688
-117
-16
17
-91
-4194
1340
3352713
-42
-14
-18
-98
-4147
1346
3353738
9
-17
-49
-28
-4061
1418
3354763
-14
-11
-21
24
-4070
1418
3355788
-25
4
37
-24
-4131
1366
3356813
8
22
48
-89
-4101
1394
3357838
8
17
10
-81
-4067
1435
3358863
-44
15
-17
-45
-4035
1456
3351680
-109
7
-8
-31
-4076
1392
3352705
-92
1
15
-69
-4171
1322
3353730
-30
-4
-3
-90
-4138
1362
3354755
-10
-14
-33
-37
-4074
1384
3355780
-10
-5
-22
-2
-4081
1385
3356805
-15
11
14
-42
-4110
1371
3357830
-8
11
20
-76
-4101
1380
3358855
-10
0
1
-40
-4041
1414
3359880
-52
-5
16
-16
-4083
1375
3360905
-45
0
45
-73
-4169
1332
3361930
-6
1
21
-96
-4120
1368
3362955
-10
-7
-13
-44
-4053
1400
3363980
-38
-7
1
-7
-4089
1363
3365005
-26
5
39
-60
-4146
1330
3366030
13
8
39
-94
-4137
1350
3367055
34
6
10
-75
-4082
1396
3359872
1
0
1
-31
-4049
1400
3360897
-27
2
24
-44
-4116
1364
3361922
-26
3
33
-98
-4124
1367
3362947
-25
-11
14
-78
-4102
1356
3363972
-17
-12
2
-53
-4084
1371
3364997
-21
-10
13
-68
-4115
1360
3366022
-23
-10
8
-101
-4126
1353
3367047
-12
-24
-16
-62
-4104
1350
3368072
-16
-25
-14
-21
-4082
1375
3369097
-21
-24
21
-32
-4137
1318
3370122
20
-11
36
-71
-4133
1339
3371147
32
-8
21
-69
-4064
1392
3372172
0
-4
21
-47
-4070
1390
3373197
-24
-1
40
-55
-4124
1354
3374222
-19
7
45
-107
-4108
1362
3375247
-14
2
17
-112
-4119
1349
3368064
1
2
-9
-66
-4132
1334
3369089
32
20
0
-27
-4124
1341
3370114
68
43
34
-70
-4153
1336
3371139
80
66
29
-111
-4094
1402
3372164
49
62
11
-112
-4087
1359
3373189
98
42
5
-119
-4219
1279
3374214
230
34
-8
-58
-4200
1300
3375239
337
67
22
43
-4115
1399
3376264
386
131
114
60
-4095
1456
3377289
391
174
204
-29
-4082
1484
3378314
208
222
198
-105
-4028
1576
3379339
41
241
263
75
-3988
1717
3380364
-283
309
373
286
-4130
1593
3381389
-531
435
490
85
-4668
1486
3382414
-272
534
408
-398
-4870
1852
3383439
77
380
201
-350
-4321
2130
3376256
-431
154
62
92
-4160
1457
3377281
-965
271
102
-361
-5398
1013
3378306
-430
237
-56
-795
-6169
1477
3379331
597
-32
-604
-492
-6202
1452
3380356
2198
-185
-1018
90
-7094
1127
3381381
2785
-51
-1367
148
-6387
1079
3382406
2495
175
-1571
21
-4888
1380
3383431
2159
283
-1688
-19
-5111
1471
3384456
2293
324
-1908
-79
-5434
1267
3385481
2736
367
-2162
-126
-4964
1344
3386506
3153
430
-2387
-124
-4622
1472
3387531
3511
528
-2577
-268
-4303
1504
3388556
3770
594
-2799
-332
-3581
1505
3389581
3930
607
-2997
-221
-2980
1714
3390606
3981
673
-3142
-283
-2656
1950
3391631
4090
702
-3287
-546
-2308
2204
3384578
4292
603
-3547
-402
-1275
2381
3385603
4239
563
-3768
64
-597
2619
3386628
3816
593
-3725
75
-476
2615
3387653
3665
567
-3611
-318
-240
2715
3388678
3613
424
-3541
-568
45
2802
3389703
3474
234
-3512
-353
905
2705
3390728
3075
175
-3356
-173
1743
2893
3391753
2436
127
-3058
-344
2080
3275
3392778
2045
16
-2790
-645
1884
3344
3393803
1826
-114
-2621
-536
2048
2813
3394828
1635
-143
-2436
-278
2615
2658
3395853
1296
-138
-2163
-311
3065
3158
3396878
890
-171
-1847
-459
3140
3366
3397903
437
-182
-1553
-405
3135
3095
3398928
-5
-165
-1273
-265
3154
3018
3399953
-241
-141
-1000
-279
3287
3349
3392641
-253
-86
-770
-345
3246
3569
3393666
-315
-74
-548
-212
2779
3431
3394691
-237
-90
-305
-148
2302
3400
3395716
165
-83
-181
-118
2692
3774
3396741
434
-49
-85
-189
3029
4093
3397766
258
-107
9
-127
2588
3795
3398791
20
-153
59
128
2418
3510
3399816
-123
-146
139
137
2406
3632
3400841
-204
-150
165
17
2104
3791
3401866
-182
-166
102
103
1865
3635
3402891
-71
-153
49
287
1887
3397
3403916
-18
-100
46
229
2026
3366
3404941
-30
-49
22
57
2078
3607
3405966
-31
-56
-18
-7
1835
3674
3406991
16
-79
-70
225
1935
3453
3408016
51
-33
-33
216
2116
3414
3400833
-7
3
7
42
2082
3541
3401858
-13
6
-12
39
1954
3590
3402883
54
-14
-20
182
1942
3496
3403908
79
9
8
180
2089
3455
3404933
8
30
16
93
2087
3556
3405958
-59
27
-12
130
2085
3631
3406983
-69
26
-15
216
2021
3631
3408008
-63
21
24
201
1974
3520
3409033
-38
20
41
132
2054
3578
3410058
-97
14
15
173
2194
3742
3411083
-234
-17
35
220
2094
3708
3412108
-297
-62
84
243
1859
3537
3413133
-169
-63
85
185
1817
3588
3414158
30
-27
31
84
1934
3767
3415183
74
-32
-24
122
1975
3673
3416208
22
-42
-28
213
2083
3541
3409024
-78
-28
7
173
2030
3542
3410049
-110
-19
2
139
1905
3670
3411074
-15
-14
-28
171
1888
3731
3412099
74
-20
-20
226
1956
3643
3413124
86
-14
4
207
2042
3598
3414149
50
0
13
125
2067
3677
3415174
17
-13
-9
114
1949
3667
3416199
28
-33
-17
232
1998
3586
3417224
9
-17
12
226
2028
3622
3418249
-28
-11
14
131
1940
3654
3419274
29
-10
-28
157
1938
3619
3420299
62
-8
-31
224
2058
3532
3421324
17
-3
4
199
2079
3513
3422349
-37
1
11
169
1959
3594
3423374
1
14
-3
166
1919
3653
3424399
49
14
-10
207
1978
3552
3417215
52
11
8
222
2056
3512
3418240
7
17
18
172
2020
3620
3419265
-15
30
-11
176
1943
3685
3420290
-34
43
-26
176
1988
3637
3421315
-76
28
-5
135
2021
3606
3422340
-96
14
-5
135
2031
3660
3423365
-90
14
-28
175
1991
3695
3424390
-65
5
-25
196
1989
3671
3425415
-26
-10
1
161
2035
3659
3426440
-18
-28
15
152
2027
3663
3427465
-7
-33
21
176
1970
3646
3428490
14
-27
29
149
1974
3618
3429515
-16
-31
39
110
2013
3583
3430540
-64
-34
32
120
1963
3595
3431565
-61
-23
23
165
1881
3626
3432590
-4
-4
15
191
1870
3595
3425408
33
16
17
166
1975
3564
3426433
-15
34
3
143
2011
3609
3427458
-51
38
-15
174
1959
3634
3428483
-2
48
-21
187
1957
3628
3429508
17
48
-6
177
1995
3610
3430533
-4
45
10
153
2039
3700
3431558
-35
42
11
116
2014
3772
3432583
-45
33
8
137
1981
3665
3433608
-38
26
13
153
1977
3610
3434633
-92
20
19
151
2044
3692
3435658
-163
21
14
134
1998
3780
3436683
-158
0
8
162
1874
3672
3437708
-56
-5
22
167
1966
3619
3438733
-27
-9
54
107
1996
3675
3439758
-43
-18
73
41
1982
3770
3440783
-48
-32
75
82
2014
3759
3433601
-38
-56
119
98
1969
3635
3434626
-46
-65
167
102
2148
3633
3435651
-195
-44
208
88
2424
3835
3436676
-439
-43
306
-22
2592
3982
3437701
-743
-84
451
-14
2610
3658
3438726
-1055
-80
619
143
2790
3357
3439751
-1507
59
819
43
3277
3563
3440776
-2126
145
1112
-336
3055
3721
3441801
-2541
42
1448
-476
2302
3438
3442826
-2506
-19
1727
-327
1966
3274
3443851
-2559
-12
1993
-286
2016
3262
3444876
-2731
3
2206
-466
1573
3422
3445901
-3049
-87
2355
-521
832
3374
3446926
-3298
-266
2476
-354
495
3265
3447951
-3342
-444
2652
-433
70
3286
3448976
-3422
-626
2800
-638
-646
3359
3441793
-3538
-876
2781
-554
-864
3339
3442818
-3598
-1142
2742
-408
-911
3300
3443843
-3729
-1375
2783
-363
-1369
2850
3444868
-3618
-1520
2741
-296
-1761
2604
3445893
-3548
-1611
2677
-467
-2041
2721
3446918
-3747
-1780
2626
-396
-2520
2206
3447943
-3678
-1821
2529
-12
-3320
1950
3448968
-3698
-1709
2523
38
-3473
2116
3449993
-3996
-1605
2457
-287
-3221
1468
3451018
-3921
-1616
2260
-416
-3775
510
3452043
-3119
-1638
1968
-127
-4759
371
3453068
-2254
-1506
1816
18
-5288
493
3454093
-1725
-1309
1766
-183
-5253
411
3455118
-1466
-1188
1616
-256
-4796
-49
3456143
-1409
-1034
1391
12
-4336
-78
3457168
-1590
-737
1337
-28
-5032
160
3449984
-1545
-564
1310
-385
-5682
394
3451009
-1068
-663
1057
-332
-4903
341
3452034
-738
-703
930
-162
-4228
378
3453059
-174
-701
883
-206
-7624
904
3454084
137
-570
-585
-358
-14078
469
3455109
-1371
-382
-2145
-175
-2143
-1345
3456134
435
-514
-503
1046
-900
970
3457159
904
-248
343
497
-6143
766
3458184
1600
-89
9
-94
-5298
709
3459209
1378
-22
15
32
-3840
1034
3460234
1287
114
195
-80
-3728
1577
3461259
915
151
235
-294
-3704
1628
3462284
492
59
132
-265
-3878
1469
3463309
230
14
40
-353
-4013
1571
3464334
-119
-26
-101
-340
-3929
1491
3465359
-356
-42
-234
-204
-4021
1348
3458176
-422
-60
-298
-132
-4164
1234
3459201
-380
-101
-307
-22
-4296
1107
3460226
-239
-105
-245
33
-4313
1063
3461251
-87
-107
-144
49
-4246
1076
3462276
53
-107
-44
49
-4206
1123
3463301
152
-99
36
-7
-4228
1098
3464326
271
-99
54
-81
-4246
1125
3465351
359
-104
17
-73
-4126
1310
3466376
250
-116
-5
-5
-3977
1429
3467401
81
-128
43
-1
-4090
1286
3468426
49
-109
64
-76
-4158
1242
3469451
71
-103
24
-80
-4138
1299
3470476
61
-88
-20
-18
-4124
1281
3471501
42
-54
-23
-23
-4106
1302
3472526
0
-45
-23
-47
-4117
1280
3473551
7
-39
-37
-20
-4131
1305
3466368
-3
-38
-37
14
-4091
1323
3467393
-16
-34
-4
4
-4139
1251
3468418
15
-24
5
-31
-4164
1263
3469443
21
-22
-18
9
-4069
1330
3470468
3
-26
6
29
-4126
1278
3471493
38
-17
39
-25
-4185
1261
3472518
78
-22
26
-52
-4135
1302
3473543
72
-26
-5
-18
-4066
1355
3474568
20
-27
-5
36
-4070
1334
3475593
1
-18
38
-11
-4158
1286
3476618
16
-17
30
-67
-4135
1294
3477643
27
-23
-7
-17
-4118
1322
3478668
-2
-8
-17
35
-4038
1380
3479693
-56
-3
24
28
-4116
1288
3480718
-21
8
57
-57
-4211
1242
3481743
39
-6
22
-64
-4141
1284
3474560
53
-18
-4
-3
-4085
1335
3475585
27
-11
13
-1
-4096
1336
3476610
25
-9
30
-56
-4154
1298
3477635
41
-10
1
-60
-4117
1322
3478660
29
-13
-22
20
-4068
1360
3479685
1
-6
16
28
-4115
1341
3480710
13
0
55
-33
-4147
1295
3481735
45
2
41
-70
-4125
1325
3482760
43
-3
12
-22
-4086
1350
3483785
11
8
16
16
-4065
1378
3484810
-15
17
63
10
-4132
1314
3485835
4
39
100
-7
-4121
1324
3486860
12
65
129
30
-4095
1343
3487885
-16
129
194
77
-4075
1403
3488910
-124
230
287
29
-4013
1498
3489935
-286
271
385
-9
-4082
1390
3482752
-251
257
550
112
-4467
1316
3483777
-119
241
501
103
-4575
1280
3484802
-187
258
332
-102
-4358
1333
3485827
-178
303
364
-204
-4478
1353
3486852
-230
368
400
-233
-4798
1089
3487877
-158
319
221
-235
-4935
1443
3488902
-228
274
69
-351
-4957
1485
3489927
3
347
236
-561
-4862
862
3490952
397
310
-157
-507
-5048
513
3491977
1280
415
-490
-545
-6926
1048
3493002
3294
324
-924
-574
-7976
1078
3494027
4690
142
-1389
-401
-6229
982
3495052
4878
290
-1740
-189
-4554
1522
3496077
4051
492
-1915
-390
-4661
2251
3497102
3206
501
-2206
-333
-4656
2441
3498127
2914
455
-2444
-103
-4121
2481
3490944
3012
403
-2514
-17
-3646
2381
3491969
3208
376
-2509
-106
-3549
2239
3492994
3346
376
-2622
-325
-3278
2376
3494019
3407
317
-2781
-290
-2227
2833
3495044
3270
269
-2838
-188
-1625
3178
3496069
2667
255
-2889
47
-1230
3033
3497094
1779
335
-2936
376
-587
2883
3498119
919
500
-2762
301
-427
3068
3499144
400
544
-2560
39
-509
3306
3500169
341
495
-2515
115
-541
3147
3501194
427
567
-2468
261
-630
2852
3502219
671
725
-2309
20
-915
3029
3503244
1091
768
-2208
-270
-897
3374
3504269
1557
677
-2184
-331
-552
3222
3505294
2027
590
-2188
-212
-338
3022
3506319
2440
569
-2130
-291
-168
3350
3499136
2780
471
-2063
-546
111
3704
3500161
3224
199
-2059
-577
147
3216
3501186
3843
7
-2120
-310
576
2872
3502211
3729
130
-2126
-247
2072
3370
3503236
2406
201
-1950
-427
3293
3922
3504261
670
14
-1710
-533
2786
3601
3505286
-116
-201
-1584
-240
1668
3072
3506311
392
-140
-1462
14
1838
3609
3507336
935
4
-1224
-218
2863
4470
3508361
458
-77
-972
-338
3265
4292
3509386
-333
-238
-763
-28
3094
3664
3510411
-625
-257
-537
144
2720
3791
3511436
-426
-222
-336
17
2289
4256
3512461
-152
-247
-213
65
2223
4208
3513486
-2
-271
-97
274
2322
3939
3514511
38
-237
35
272
2069
3837
3507327
102
-202
98
181
1812
3848
3508352
212
-162
71
182
1785
3853
3509377
203
-126
46
285
1801
3731
3510402
63
-79
57
320
1805
3660
3511427
30
-56
86
149
1460
3846
3512452
133
-80
50
107
1302
3853
3513477
241
-78
-25
266
1617
3698
3514502
130
-60
-24
283
1724
3570
3515527
-8
-37
-30
153
1626
3668
3516552
-26
-34
-55
99
1495
3779
3517577
5
-56
-63
217
1663
3689
3518602
6
-52
-44
308
1788
3616
3519627
3
-20
-7
212
1725
3727
3520652
55
1
6
113
1680
3855
3521677
103
-9
6
196
1790
3730
3522702
132
-25
56
288
1908
3630
3515520
132
-33
157
208
1919
3658
3516545
106
-39
222
91
1823
3705
3517570
62
-60
217
188
1789
3655
3518595
63
-55
210
289
1714
3613
3519620
74
-18
172
305
1676
3703
3520645
52
26
124
303
1708
3849
3521670
-30
41
98
299
1756
3824
3522695
-113
38
61
364
1724
3737
3523720
-104
43
24
413
1582
3811
3524745
8
72
-4
332
1533
3949
3525770
62
68
-13
221
1661
3921
3526795
12
32
-35
226
1777
3828
3527820
-62
10
-62
288
1767
3833
3528845
-58
10
-63
261
1675
3907
3529870
-34
2
-41
168
1722
3890
3530895
-66
-28
-21
175
1795
3799
3523732
-105
-62
5
235
1720
3770
3524757
-60
-76
30
202
1661
3793
3525782
1
-86
55
175
1678
3712
3526807
-17
-91
54
261
1681
3651
3527832
-19
-68
35
335
1619
3736
3528857
32
-31
13
319
1590
3777
3529882
55
-5
2
289
1679
3704
3530907
-10
15
-17
325
1778
3678
3531932
-42
34
-28
315
1654
3815
3532957
-2
37
-45
320
1598
3827
3533982
57
42
-41
290
1730
3771
3535007
9
35
-48
285
1800
3790
3536032
-34
29
-57
260
1734
3912
3537057
-16
18
-53
246
1703
3872
3538082
3
-3
-33
248
1778
3750
3539107
-20
-21
-6
235
1799
3741
3531904
-50
-17
-17
226
1727
3843
3532929
-33
-18
-17
233
1617
3856
3533954
21
-28
-5
247
1654
3731
3534979
23
-27
-10
284
1768
3684
3536004
-22
-5
-18
247
1691
3779
3537029
-18
17
-21
165
1584
3853
3538054
-1
3
-19
203
1695
3735
3539079
-22
-9
-17
315
1772
3676
3540104
-47
7
8
248
1665
3776
3541129
-28
33
-8
155
1640
3825
3542154
-33
28
-14
192
1697
3736
3543179
-18
8
7
243
1677
3749
3544204
29
2
19
220
1648
3833
3545229
35
18
3
195
1710
3877
3546254
-20
-2
14
185
1734
3889
3547279
49
-57
27
223
1719
3899
3540096
132
-82
43
290
1808
3804
3541121
57
-69
74
280
1985
3820
3542146
-91
-71
102
184
1966
3955
3543171
-120
-108
131
150
1878
3939
3544196
-90
-132
172
270
2055
3778
3545221
-227
-105
259
290
2356
3792
3546246
-536
-77
361
150
2432
4010
3547271
-769
-103
481
60
2319
4052
3548296
-928
-154
633
109
2240
3794
3549321
-1161
-182
817
182
2340
3685
3550346
-1458
-196
1017
25
2225
3980
3551371
-1655
-296
1211
-234
1825
4079
3552396
-1685
-488
1450
-386
1647
3690
3553421
-1802
-658
1704
-361
1846
3399
3554446
-2169
-797
1870
-76
1819
3605
3555471
-2486
-873
2037
89
1257
3899
3548288
-2517
-982
2253
33
717
3766
3549313
-2344
-1153
2429
63
518
3405
3550338
-2311
-1293
2486
403
435
3164
3551363
-2545
-1288
2543
678
102
3417
3552388
-2860
-1293
2730
572
-427
3471
3553413
-3033
-1402
2858
448
-942
3074
3554438
-3172
-1510
2864
633
-1244
2645
3555463
-3429
-1502
2866
754
-1373
2539
3556488
-3559
-1508
2983
405
-1999
2434
3557513
-3572
-1630
3043
76
-2854
1776
3558538
-3693
-1707
2881
301
-3301
930
3559563
-3923
-1563
2653
482
-3533
923
3560588
-4014
-1440
2568
90
-3910
1166
3561613
-3640
-1551
2350
-88
-4333
728
3562638
-2844
-1634
2077
284
-4651
65
3563663
-2255
-1432
1933
311
-4464
-264
3556480
-1957
-1120
1848
-156
-4425
-48
3557505
-1718
-977
1548
-8
-5002
-28
3558530
-1135
-899
1283
588
-5242
-150
3559555
-583
-719
1250
612
-5078
203
3560580
-702
-569
1199
325
-4703
353
3561605
-951
-514
1072
395
-4372
38
3562630
-391
-504
1050
541
-5022
37
3563655
422
-516
1066
289
-5438
601
3564680
668
-563
977
34
-4578
959
3565705
435
-566
956
-100
-4007
778
3566730
169
-531
974
-118
-4153
328
3567755
193
-422
1022
-194
-4498
286
3568780
1349
-422
719
-583
-10547
1436
3569805
-138
-141
-962
-1072
-8683
669
3570830
-1588
-310
-1331
473
-748
-415
3571855
-365
-132
127
763
-2721
516
3564672
528
-70
182
-334
-5584
505
3565697
1485
-168
-287
-314
-5719
786
3566722
948
-117
-346
49
-4436
1024
3567747
766
-71
-277
42
-3128
1443
3568772
423
21
-147
-20
-3623
1448
3569797
-6
30
-83
-3
-4461
1087
3570822
-113
-7
-88
-101
-4243
1044
3571847
-164
-30
-122
-79
-4121
1092
3572872
-245
-11
-129
4
-4198
997
3573897
-232
-4
-145
34
-4292
822
3574922
-42
-23
-81
22
-4417
788
3575947
104
-46
-103
22
-4216
966
3576972
114
-69
-64
91
-4138
988
3577997
131
-68
24
94
-4254
922
3579022
219
-66
76
-2
-4292
915
3580047
321
-70
48
-56
-4241
1008
3572865
328
-77
-14
-7
-4119
1169
3573890
188
-80
-28
67
-4062
1198
3574915
63
-69
2
41
-4131
1107
3575940
64
-60
12
-12
-4250
1044
3576965
116
-55
-26
-4
-4222
1105
3577990
95
-47
-59
75
-4087
1179
3579015
24
-24
-19
106
-4108
1116
3580040
32
-1
34
26
-4240
1066
3581065
101
1
25
11
-4220
1078
3582090
141
1
11
30
-4155
1184
3583115
79
-5
17
40
-4079
1197
3584140
13
-6
32
23
-4144
1160
3585165
-8
-13
26
1
-4182
1155
3586190
-27
-17
8
46
-4107
1185
3587215
-63
-14
36
67
-4153
1149
3588240
-78
-3
65
9
-4185
1112
3581056
-53
-4
54
-17
-4202
1116
3582081
-39
-7
21
1
-4165
1137
3583106
-52
-2
9
28
-4148
1134
3584131
-51
4
31
25
-4221
1070
3585156
4
11
39
-13
-4230
1066
3586181
49
6
17
-15
-4171
1115
3587206
47
6
-2
6
-4139
1173
3588231
-10
6
3
28
-4133
1166
3589256
-41
9
26
-6
-4185
1123
3590281
-35
2
16
-26
-4190
1123
3591306
-40
-11
-7
11
-4137
1148
3592331
-59
-10
10
36
-4181
1098
3593356
-30
0
37
-4
-4236
1049
3594381
24
6
25
-39
-4189
1114
3595406
29
-1
-6
-5
-4139
1163
3596431
-35
-2
-4
41
-4106
1161
3589248
-69
1
36
1
-4211
1087
3590273
-54
4
32
-41
-4189
1084
3591298
-26
-4
7
-11
-4193
1093
3592323
-8
5
3
0
-4190
1114
3593348
-10
5
15
14
-4172
1109
3594373
-13
6
34
-3
-4160
1076
3595398
-2
4
40
-45
-4208
1087
3596423
4
-3
18
-26
-4169
1122
3597448
-17
-3
15
4
-4157
1121
3598473
-24
4
32
-26
-4224
1074
3599498
-1
6
19
-60
-4184
1074
3600523
24
-1
-6
-25
-4193
1094
3601548
28
19
-2
55
-4147
1113
3602573
3
75
50
50
-4133
1124
3603598
-12
135
95
-12
-4232
1047
3604623
39
197
101
-52
-4334
1053
3597443
53
247
90
79
-4210
1198
3598468
-78
323
210
252
-4137
1296
3599493
-242
422
433
201
-4575
1096
3600518
-269
516
440
30
-5119
1331
3601543
-217
537
212
-158
-4847
1472
3602568
-157
308
106
-245
-4443
1233
3603593
-454
123
7
137
-4459
909
3604618
-374
162
-91
37
-5092
746
3605643
-33
194
-218
-470
-5402
887
3606668
552
66
-635
-29
-6233
892
3607693
1241
94
-966
226
-6562
775
3608718
1328
216
-1215
156
-5789
672
3609743
1151
341
-1377
193
-5293
746
3610768
1129
435
-1536
130
-5445
772
3611793
1438
479
-1752
112
-5622
759
3612818
1916
523
-1965
205
-5568
681
3605633
2424
633
-2129
210
-5131
708
3606658
2807
753
-2273
178
-4404
758
3607683
3007
882
-2405
189
-3988
828
3608708
3203
1003
-2506
289
-3633
990
3609733
3397
1124
-2578
339
-2884
1092
3610758
3314
1254
-2589
237
-2196
1135
3611783
2954
1438
-2621
323
-1652
1470
3612808
2707
1679
-2592
437
-1576
2004
3613833
2917
1843
-2460
83
-1867
2337
3614858
3524
1796
-2409
-360
-1918
2727
3615883
3981
1604
-2596
-292
-1037
2939
3616908
4216
1457
-2720
-98
-519
3290
3617933
4059
1281
-2694
-90
-324
3403
3618958
4124
1016
-2626
-241
42
3578
3619983
4250
687
-2565
-341
565
3571
3621008
4085
408
-2556
-156
1137
3342
3613825
3548
308
-2499
-21
1869
3427
3614850
2885
211
-2324
-323
2184
4068
3615875
2325
-25
-2111
-543
1964
3952
3616900
1946
-198
-2016
-245
2280
3291
3617925
1458
-132
-1850
1
2840
3000
3618950
801
-155
-1493
-266
3159
3261
3619975
425
-260
-1225
-445
3310
3458
3621000
187
-338
-1059
-241
2989
3145
3622025
114
-315
-878
22
2850
3000
3623050
75
-234
-664
36
3196
3378
3624075
-49
-210
-431
-155
3036
3605
3625100
-72
-248
-262
-168
2518
3428
3626125
46
-227
-174
45
2468
3317
3627150
63
-173
-78
76
2468
3478
3628175
22
-142
-15
-66
2332
3588
3629200
17
-108
-21
-114
2170
3567
3622015
-36
-103
-44
30
1964
3502
3623040
-58
-89
-61
169
2001
3524
3624065
-40
-63
-48
106
2161
3640
3625090
-83
-66
-36
22
2198
3610
3626115
-125
-77
-27
65
2069
3445
3627140
-107
-64
-12
129
1956
3475
3628165
-67
-41
-2
106
2100
3672
3629190
-39
-32
5
54
2054
3751
3630215
-32
-46
14
124
2039
3576
3631240
-39
-49
35
187
2065
3484
3632265
-59
-30
44
150
1983
3618
3633290
-9
-20
8
123
1940
3798
3634315
47
-25
-10
131
1987
3745
3635340
47
-41
-10
191
2053
3567
3636365
-7
-37
-17
223
2111
3572
3637390
-45
-18
-23
163
1971
3730
3630208
-56
-29
-29
151
1918
3663
3631233
3
-40
-28
206
1982
3550
3632258
12
-33
-18
244
2055
3526
3633283
-26
-13
-5
189
2070
3569
3634308
-57
-5
2
128
2029
3554
3635333
-41
-18
3
166
2005
3520
3636358
-5
-16
12
225
2015
3590
3637383
35
-5
30
156
1993
3647
3638408
46
-4
31
119
2063
3588
3639433
-24
-25
29
208
2054
3528
3640458
-87
-29
36
254
1983
3586
3641483
-43
-11
21
238
1886
3715
3642508
34
-7
9
206
1904
3688
3643533
60
-13
-5
222
2039
3596
3644558
0
-19
-1
206
2026
3627
3645583
-60
-19
-6
167
1961
3660
3638400
-45
-17
-26
166
1988
3633
3639425
-25
-16
-29
196
2005
3581
3640450
-15
-9
-25
201
2007
3584
3641475
-24
6
-30
195
2056
3592
3642500
-12
12
-18
169
2036
3582
3643525
14
9
-8
200
2030
3550
3644550
22
15
2
263
2015
3592
3645575
18
28
34
173
1992
3690
3646600
31
15
40
106
1980
3686
3647625
24
-8
35
153
2031
3553
3648650
-20
-6
26
225
2014
3579
3649675
-75
6
21
194
1903
3687
3650700
-18
11
-3
150
1878
3702
3651725
81
1
-26
197
2001
3628
3652750
56
-14
-11
239
2117
3602
3653775
-42
-19
13
187
2033
3638
3646592
-54
-23
1
166
1925
3646
3647617
11
-23
-14
194
2003
3633
3648642
23
-30
12
198
2089
3563
3649667
-14
-38
36
208
2046
3526
3650692
-47
-21
31
198
2028
3558
3651717
-55
0
22
160
2008
3604
3652742
-26
0
25
154
1979
3584
3653767
16
1
37
219
2027
3563
3654792
12
14
50
232
2031
3579
3655817
37
22
59
159
1996
3641
3656842
86
12
53
148
1997
3628
3657867
93
4
63
190
1994
3590
3658892
30
17
78
161
2005
3544
3659917
20
21
60
142
2047
3611
3660942
53
23
38
187
2035
3574
3661967
88
22
55
303
2073
3426
3654784
96
41
109
313
2239
3442
3655809
110
48
166
164
2409
3699
3656834
305
-4
265
-52
2459
3890
3657859
472
-85
376
-46
2695
3686
3658884
271
-127
547
62
3183
3574
3659909
-424
-114
798
-66
3534
3846
3660934
-1228
-224
1113
-226
3175
3862
3661959
-1550
-396
1422
-218
2706
3666
3662984
-1618
-531
1770
-241
2750
3511
3664009
-1912
-667
2186
-408
2622
3235
3665034
-2487
-776
2395
-203
2395
3034
3666059
-3063
-859
2538
46
1938
3103
3667084
-3172
-950
2765
-79
1212
3183
3668109
-3022
-1078
2886
-4
570
2718
3669134
-2919
-1090
2772
650
576
2554
3670159
-2989
-901
2748
940
741
3172
3662976
-3274
-803
2998
411
-6
3248
3664001
-3526
-925
3062
212
-1163
2439
3665026
-3511
-979
2823
807
-1292
2333
3666051
-3724
-867
2753
891
-550
3160
3667076
-4444
-928
2965
109
-1204
3029
3668101
-5142
-1267
3024
-263
-3325
1558
3669126
-5142
-1543
2672
270
-4027
1200
3670151
-5238
-1656
2309
609
-3057
1635
3671176
-5357
-1706
2262
219
-3754
1178
3672201
-4330
-1833
2039
315
-5216
117
3673226
-2174
-1895
1755
903
-4758
-380
3674251
-923
-1603
1796
661
-4097
-273
3675276
-878
-1299
1858
582
-4199
38
3676301
-1153
-1089
1846
913
-4023
132
3677326
-1090
-842
2047
481
-4588
-11
3678351
-905
-714
2022
-105
-5360
-321
3671169
-641
-701
1707
1
-5330
-257
3672194
-616
-583
1501
73
-5141
-106
3673219
-571
-474
1384
-78
-5083
-13
3674244
-518
-419
1254
-208
-4783
-35
3675269
366
-471
811
150
-10815
592
3676294
-753
-149
-950
-96
-11656
-639
3677319
-954
-307
-1648
487
1656
-302
3678344
-718
-67
579
967
-2106
236
3679369
530
187
907
-43
-7708
30
3680394
1442
46
68
-478
-4749
188
3681419
1363
14
3
-15
-3642
735
3682444
1071
87
147
-160
-4030
914
3683469
798
56
11
-288
-3977
965
3684494
577
-32
-119
-93
-4142
1002
3685519
308
-29
-132
-71
-4129
999
3686544
71
1
-126
-82
-4192
862
3679361
5
33
-147
-62
-4275
872
3680386
-48
23
-155
-6
-4264
817
3681411
-20
1
-102
16
-4279
679
3682436
148
-15
-44
-9
-4335
682
3683461
346
-31
-17
-2
-4364
718
3684486
508
-27
-1
-19
-4297
850
3685511
504
-24
-11
-53
-4129
1036
3686536
396
-46
-24
-9
-4105
1097
3687561
307
-55
-3
-2
-4174
1060
3688586
256
-64
11
-31
-4163
1067
3689611
184
-70
-6
-29
-4118
1134
3690636
60
-73
-20
-15
-4135
1139
3691661
-3
-72
-26
-11
-4219
1054
3692686
18
-68
-34
-3
-4217
1002
3693711
68
-57
-32
25
-4183
1000
3694736
100
-38
-10
25
-4200
1096
3687553
82
-36
13
26
-4162
1112
3688578
67
-33
30
-24
-4158
1110
3689603
42
-44
1
-38
-4159
1125
3690628
1
-57
-37
27
-4160
1114
3691653
-24
-48
-15
69
-4171
1107
3692678
-26
-37
33
27
-4191
1054
3693703
7
-31
42
-27
-4202
1052
3694728
31
-36
12
-10
-4202
1078
3695753
44
-28
-2
38
-4166
1108
3696778
16
-13
23
39
-4131
1135
3697803
-33
-7
47
-4
-4150
1123
3698828
-57
-12
38
-37
-4197
1097
3699853
-65
-17
5
-2
-4164
1095
3700878
-76
-17
11
49
-4175
1053
3701903
-42
-7
50
-4
-4250
1018
3702928
27
-12
43
-63
-4232
1023
3695743
70
-19
0
-30
-4177
1069
3696768
71
-13
-12
6
-4177
1097
3697793
51
0
-3
12
-4150
1144
3698818
10
2
11
3
-4154
1133
3699843
-27
1
19
-12
-4155
1118
3700868
-52
-6
21
1
-4163
1088
3701893
-44
-5
34
-23
-4225
1058
3702918
-11
-3
17
-38
-4208
1069
3703943
1
-4
-2
2
-4164
1086
3704968
0
1
18
12
-4187
1074
3705993
3
3
37
-19
-4189
1084
3707018
6
0
38
-39
-4198
1075
3708043
2
-1
16
-33
-4169
1100
3709068
-30
4
-1
3
-4142
1114
3710093
-60
11
19
13
-4195
1061
3711118
-37
17
41
-32
-4216
1035
3703936
0
13
31
-43
-4193
1061
3704961
18
9
13
-17
-4177
1063
3705986
20
21
19
-15
-4151
1169
3707011
-124
7
18
-85
-4055
1187
3708036
-126
-115
35
4
-4419
700
3709061
333
-132
151
273
-4581
749
3710086
459
76
411
202
-4009
1376
3711111
-28
210
561
-66
-3949
1541
3712136
-418
159
425
-210
-4261
1229
3713161
-602
114
257
68
-4465
921
3714186
-446
242
258
282
-4672
1007
3715211
-43
437
464
-39
-5194
1337
3716236
7
443
367
-425
-5268
1267
3717261
-76
295
22
-472
-4381
598
3718286
316
298
0
-344
-4419
451
3719311
1103
299
-177
-300
-6287
684
3712127
2219
266
-460
-778
-8158
694
3713152
3110
223
-1137
-1015
-7318
791
3714177
2744
262
-1849
-113
-4994
931
3715202
2066
550
-2137
531
-5013
1240
3716227
1881
780
-2236
132
-5680
1363
3717252
2364
736
-2493
123
-4953
1342
3718277
2966
738
-2606
411
-4317
1540
3719302
3285
832
-2647
385
-3673
1691
3720327
3461
866
-2722
303
-2995
1948
3721352
3527
896
-2759
278
-2665
2262
3722377
3428
927
-2784
222
-2194
2499
3723402
3200
930
-2789
29
-1598
2784
3724427
3008
819
-2802
-39
-1330
2834
3725452
2871
741
-2798
59
-1280
2920
3726477
2323
719
-2729
184
-1020
2887
3727502
1843
705
-2503
139
-844
2716
3720320
1736
625
-2373
173
-835
2535
3721345
2048
574
-2377
355
-1060
2736
3722370
2469
613
-2345
343
-810
3344
3723395
2581
586
-2267
124
-98
3819
3724420
2367
428
-2235
38
143
3509
3725445
2160
323
-2289
181
175
2894
3726470
2323
362
-2319
164
413
3133
3727495
2519
389
-2265
-148
964
3879
3728520
2404
228
-2178
-241
1358
3703
3729545
2115
96
-2083
-82
1690
3060
3730570
1840
117
-1950
-72
2273
3126
3731595
1616
146
-1758
-249
2634
3611
3732620
1175
92
-1542
-298
2639
3611
3733645
559
20
-1335
-28
2802
3247
3734670
137
44
-1094
46
2878
3473
3735695
85
80
-860
-215
2630
4074
3728512
157
25
-688
-271
2447
4037
3729537
121
-49
-509
37
2813
3661
3730562
-236
-31
-271
183
3096
3651
3731587
-688
17
-68
-10
2812
4094
3732612
-932
-23
57
-161
2163
4246
3733637
-785
-131
104
76
1729
3934
3734662
-363
-152
171
286
1703
3659
3735687
-78
-76
227
232
1846
3703
3736712
-83
-10
211
162
1816
3937
3737737
-246
-26
180
241
1590
3936
3738762
-297
-52
175
384
1354
3716
3739787
-105
-17
169
382
1225
3664
3740812
186
40
128
254
1337
3891
3741837
246
49
63
212
1507
3977
3742862
41
10
31
329
1617
3791
3743887
-108
7
41
349
1566
3717
3736931
-48
32
41
218
1403
3930
3737956
29
28
2
165
1457
4000
3738981
-42
-14
-10
282
1688
3794
3740006
-158
-34
27
315
1682
3571
3741031
-145
0
28
249
1520
3793
3742056
-113
7
11
186
1431
3968
3743081
-115
-33
16
261
1524
3863
3744106
-93
-67
41
333
1466
3790
3745131
-11
-38
40
311
1385
3860
3746156
70
12
7
227
1462
3987
3747181
38
12
-31
203
1551
3972
3748206
-23
-3
-56
283
1523
3866
3749231
-3
13
-63
311
1458
3857
3750256
66
37
-67
282
1533
3961
3751281
82
29
-53
214
1651
4021
3752306
31
-14
-35
224
1582
3954
3744896
-6
-38
-21
296
1511
3873
3745921
-9
-32
7
250
1544
3914
3746946
-13
-49
29
129
1519
3934
3747971
-9
-87
30
132
1516
3857
3748996
-28
-114
52
224
1558
3691
3750021
-70
-113
84
222
1549
3714
3751046
-83
-86
65
192
1469
3885
3752071
-91
-69
25
286
1437
3852
3753096
-74
-55
10
421
1494
3734
3754121
-40
-12
20
391
1501
3761
3755146
12
41
1
290
1466
3968
3756171
-1
65
-42
314
1538
3986
3757196
-23
58
-37
371
1583
3845
3758221
16
58
-7
310
1554
3871
3759246
51
65
-6
228
1494
4025
3760271
49
50
-21
244
1514
4027
3753088
23
23
-8
287
1561
3887
3754113
-7
-1
15
263
1515
3836
3755138
-21
2
3
233
1463
3900
3756163
-52
12
-22
243
1443
3909
3757188
-79
7
-28
277
1436
3789
3758213
-47
7
-22
280
1450
3762
3759238
7
16
-21
242
1425
3884
3760263
44
39
-37
228
1511
3925
3761288
-2
39
-29
221
1588
3825
3762313
-60
29
-8
201
1560
3818
3763338
-64
31
-12
220
1495
3923
3764363
-22
36
-18
240
1455
3975
3765388
12
32
-18
265
1522
3932
3766413
-17
17
12
263
1577
3854
3767438
-57
9
22
276
1572
3873
3768463
-27
16
8
278
1456
3981
3761279
23
12
9
269
1480
3933
3762304
32
-1
34
262
1584
3844
3763329
-18
-12
43
258
1530
3869
3764354
-3
-3
22
229
1372
4004
3765379
50
-1
-7
198
1384
3959
3766404
43
-9
-9
211
1547
3825
3767429
-45
-14
-13
243
1545
3862
3768454
-67
-18
-23
235
1396
3994
3769479
11
-18
-21
198
1426
3931
3770504
30
-24
-5
206
1608
3791
3771529
-52
-41
22
200
1573
3852
3772554
-58
-58
29
179
1457
3992
3773579
44
-66
45
123
1448
3982
3774604
37
-89
58
228
1600
3816
3775629
-111
-94
89
295
1610
3765
3776654
-195
-63
81
287
1421
3884
3769472
-142
-19
37
321
1341
3884
3770497
-24
14
29
349
1388
3796
3771522
20
41
35
343
1519
3807
3772547
9
62
26
326
1526
3927
3773572
21
66
27
280
1479
3973
3774597
60
55
54
252
1560
3918
3775622
30
32
103
189
1672
3990
3776647
54
-16
156
59
1681
4308
3777672
90
-76
201
12
1749
4285
3778697
-126
-149
277
132
1984
3981
3779722
-508
-217
379
226
2003
4007
3780747
-730
-280
445
239
1742
4287
3781772
-654
-319
507
254
1608
4302
3782797
-726
-337
633
269
1888
4023
3783822
-1222
-405
819
287
2258
3763
3784847
-1757
-489
998
247
2021
3697
3777664
-1968
-509
1117
248
1587
3883
3778689
-1855
-528
1283
170
1341
4045
3779714
-1662
-605
1521
54
1332
3832
3780739
-1820
-677
1728
17
1549
3299
3781764
-2307
-691
1888
52
1554
3402
3782789
-2872
-729
2051
-68
1027
3971
3783814
-3296
-957
2267
-162
250
3784
3784839
-3282
-1223
2384
72
-128
3210
3785864
-3172
-1356
2433
420
-241
3016
3786889
-3198
-1328
2586
301
-772
3251
3787914
-3395
-1427
2740
37
-1515
3137
3788939
-3408
-1605
2698
212
-1865
2656
3789964
-3425
-1661
2673
517
-2138
2147
3790989
-3502
-1593
2732
410
-2488
2133
3792014
-3715
-1592
2738
-109
-3029
1704
3793039
-3565
-1727
2511
-182
-4148
1090
3785856
-2974
-1792
2122
308
-4376
1126
3786881
-2391
-1663
1941
352
-4031
1299
3787906
-2111
-1521
1923
101
-4489
573
3788931
-2014
-1440
1641
431
-4215
-406
3789956
-1804
-1238
1474
635
-3944
144
3790981
-1953
-1007
1537
450
-4730
525
3792006
-1732
-982
1476
391
-5046
329
3793031
-1063
-1048
1376
596
-4624
174
3794056
-842
-947
1346
525
-4186
-45
3795081
-1247
-716
1297
8
-4372
228
3796106
-1633
-646
1174
-104
-5061
91
3797131
-1074
-704
1033
296
-5257
-293
3798156
51
-658
1048
135
-5123
-128
3799181
195
-515
952
-204
-4381
-32
3800206
-416
-324
864
-305
-4118
-162
3801231
-692
-172
860
-236
-4690
-518
3794048
1298
-181
702
-366
-11253
461
3795073
1414
-85
-1187
-228
-8992
328
3796098
-9
-7
-1382
354
364
227
3797123
-104
147
306
529
-3412
871
3798148
1202
37
12
6
-5855
597
3799173
1962
57
-216
-284
-4486
1289
3800198
1026
13
-111
0
-3811
1598
3801223
257
54
-60
-97
-3327
1567
3802248
-268
24
-3
-131
-3898
1329
3803273
-567
-53
-24
-41
-4272
854
3804298
-417
-76
11
-104
-4508
577
3805323
-57
-60
-16
-121
-4488
640
3806348
201
-38
-50
-69
-4401
765
3807373
395
-35
-42
-30
-4378
744
3808398
602
-31
-21
-70
-4271
881
3809423
726
-50
-21
-65
-4207
1048
3802239
728
-52
-13
-67
-4179
1239
3803264
533
-68
-12
-62
-3998
1406
3804289
225
-86
-8
-54
-3904
1360
3805314
29
-87
1
-116
-4114
1303
3806339
-120
-110
-49
-109
-4112
1265
3807364
-224
-127
-83
-26
-4119
1186
3808389
-248
-103
-79
-1
-4173
1112
3809414
-194
-83
-63
1
-4256
1048
3810439
-73
-66
-45
0
-4289
1036
3811464
19
-57
-31
9
-4179
1105
3812489
47
-57
-8
29
-4145
1125
3813514
54
-46
17
-31
-4174
1146
3814539
64
-54
3
-42
-4214
1106
3815564
113
-54
-21
7
-4216
1095
3816589
180
-33
-18
25
-4199
1123
3817614
213
-13
1
22
-4132
1175
3810435
213
-9
26
34
-4143
1206
3811460
210
3
68
74
-4112
1220
3812485
191
37
118
-26
-4093
1304
3813510
83
31
95
-91
-4062
1338
3814535
-41
9
49
-87
-4097
1249
3815560
-55
-3
25
-62
-4227
1169
3816585
-4
0
11
-11
-4154
1210
3817610
13
17
23
-44
-4144
1240
3818635
6
14
10
-77
-4175
1206
3819660
18
4
-24
-63
-4127
1245
3820685
2
-12
-36
-10
-4109
1267
3821710
-26
-15
-6
8
-4130
1230
3822735
-24
-14
33
-27
-4163
1211
3823760
-10
-19
37
-56
-4149
1226
3824785
-11
-22
20
-50
-4139
1247
3825810
-42
-20
9
-31
-4118
1241
3818624
-53
-16
12
-53
-4163
1196
3819649
-39
-18
1
-38
-4165
1213
3820674
-30
-15
-1
-27
-4150
1209
3821699
-15
-7
-1
-56
-4170
1212
3822724
-21
-11
-18
-36
-4135
1213
3823749
-24
-14
-19
-17
-4144
1214
3824774
-18
-9
-6
-6
-4163
1204
3825799
-21
-3
11
-29
-4148
1219
3826824
-32
-9
15
-38
-4149
1207
3827849
-27
-14
10
-41
-4161
1198
3828874
-9
-18
4
-36
-4163
1195
3829899
-1
-16
3
-15
-4145
1212
3830924
-2
-12
18
-20
-4170
1197
3831949
4
-9
22
-42
-4145
1199
3832974
8
-8
17
-42
-4145
1202
3833999
5
-4
10
-28
-4143
1221
3826817
-3
0
20
-6
-4146
1202
3827842
8
7
45
-31
-4176
1199
3828867
11
4
49
-49
-4129
1209
3829892
10
3
46
-55
-4153
1224
3830917
-6
5
40
-54
-4156
1202
3831942
11
11
39
-50
-4172
1191
3832967
29
23
46
-22
-4145
1211
3833992
18
47
68
-49
-4128
1213
3835017
26
54
68
-130
-4217
1186
3836042
71
42
20
-134
-4221
1171
3837067
134
40
-21
-95
-4189
1188
3838092
178
49
-33
-66
-4169
1231
3839117
170
62
-31
-31
-4050
1345
3840142
82
65
4
6
-4045
1352
3841167
20
70
75
-16
-4164
1291
3842192
-15
76
115
-54
-4074
1333
3835008
-83
77
143
-101
-4084
1300
3836033
-115
77
143
-150
-4202
1227
3837058
-85
73
115
-169
-4196
1200
3838083
-34
66
91
-128
-4152
1223
3839108
-8
70
107
-96
-4189
1235
3840133
20
74
175
20
-4277
1207
3841158
-61
135
293
314
-4329
1396
3842183
-441
266
346
339
-4373
1707
3843208
-546
349
359
-130
-4766
1281
3844233
-286
328
364
-560
-5128
687
3845258
-176
210
158
-263
-5057
655
3846283
-346
242
90
106
-5018
908
3847308
-9
428
157
-307
-5019
1023
3848333
466
477
-195
-642
-5078
928
3849358
1085
565
-665
-423
-6440
789
3850383
1696
608
-1124
-239
-6909
579
3843200
2545
644
-1358
-267
-5974
405
3844225
3112
675
-1529
-249
-5197
769
3845250
3194
733
-1776
-262
-4919
1284
3846275
3103
778
-2005
-273
-5009
1540
3847300
3214
816
-2256
-188
-4827
1695
3848325
3521
822
-2487
-144
-4445
1992
3849350
3932
768
-2688
-109
-3854
2261
3850375
4295
670
-2887
-94
-3210
2473
3851400
4334
548
-3088
9
-2493
2753
3852425
4075
465
-3195
137
-1827
2876
3853450
3748
391
-3164
104
-1448
2961
3854475
3613
292
-3103
78
-1072
2826
3855500
3583
272
-3073
106
-550
2692
3856525
3195
313
-3021
163
-120
2719
3857550
2787
324
-2876
138
-52
2708
3858575
2604
313
-2728
-17
174
2824
3851392
2577
262
-2653
5
422
2780
3852417
2553
256
-2576
97
671
2713
3853442
2351
300
-2450
-7
1076
2911
3854467
2106
297
-2299
-216
1313
3159
3855492
1849
226
-2214
-186
1374
3118
3856517
1662
166
-2112
-66
1364
2830
3857542
1664
208
-1994
-197
1779
3162
3858567
1452
286
-1874
-374
2430
3652
3859592
705
263
-1733
-303
2642
3501
3860617
-68
183
-1546
-197
2467
3077
3861642
-19
178
-1355
-461
2308
3585
3862667
518
199
-1198
-697
2409
4173
3863692
643
117
-1060
-438
2871
3913
3864717
297
55
-774
-228
3183
3603
3865742
-88
14
-442
-416
3021
3875
3866767
-141
-53
-254
-541
2572
4268
3859584
-91
-153
-147
-320
2316
4044
3860609
-67
-209
-18
-45
2345
3629
3861634
-46
-170
96
-50
2299
3605
3862659
25
-120
141
-226
2036
3884
3863684
69
-135
124
-193
1876
3823
3864709
63
-155
82
138
1917
3467
3865734
43
-76
108
167
1953
3430
3866759
24
13
119
-103
1818
3689
3867784
28
15
65
-217
1654
3795
3868809
43
-26
12
-39
1736
3599
3869834
24
-21
16
85
1887
3478
3870859
-27
17
26
-2
1832
3593
3871884
-75
25
16
-81
1791
3718
3872909
-89
2
-4
24
1877
3710
3873934
-92
-11
14
90
1826
3597
3874959
-54
5
31
26
1823
3600
3867776
13
19
4
-44
1840
3839
3868801
59
-12
-17
-35
1811
3879
3869826
112
-48
-10
55
1884
3691
3870851
107
-46
13
92
2000
3613
3871876
-25
-25
12
56
2044
3733
3872901
-146
-31
-4
29
1880
3820
3873926
-103
-53
-14
71
1815
3732
3874951
0
-47
-12
142
1916
3605
3875976
11
-11
-4
110
2006
3634
3877001
-10
20
-15
10
1937
3760
3878026
-23
3
-27
12
1922
3728
3879051
-3
-8
-14
87
1963
3667
3880076
6
-5
25
53
1940
3678
3881101
31
4
27
-15
1872
3730
3882126
53
-8
-7
25
1893
3749
3883151
29
-17
-24
96
1959
3692
3876084
-50
-12
-26
152
1918
3634
3877109
-50
18
-36
94
1830
3717
3878134
14
31
-58
-1
1839
3787
3879159
47
4
-59
-8
1899
3690
3880184
39
-22
-41
32
1945
3641
3881209
-4
-24
-23
10
1918
3705
3882234
-31
-32
0
-66
1852
3703
3883259
-27
-50
8
-78
1864
3646
3884284
-26
-68
3
-7
1853
3652
3885309
-17
-58
2
23
1825
3715
3886334
6
-38
16
-67
1813
3727
3887359
-12
-43
8
-41
1906
3617
3888384
-54
-35
1
32
1906
3635
3889409
-82
-22
3
66
1810
3721
3890434
-35
0
4
20
1804
3749
3891459
-9
0
3
4
1856
3679
3884160
-12
-5
-4
46
1914
3693
3885185
-16
8
-2
14
1874
3769
3886210
-21
11
3
-20
1858
3715
3887235
-26
4
9
-7
1919
3644
3888260
-53
-7
16
64
1881
3704
3889285
-59
-14
18
118
1788
3764
3890310
-10
2
12
77
1795
3756
3891335
-4
1
5
18
1839
3704
3892360
-3
-10
-4
5
1897
3711
3893385
-4
-11
-14
41
1859
3784
3894410
-4
-15
-5
69
1885
3771
3895435
13
-9
16
4
1921
3721
3896460
-3
-14
25
-39
1883
3718
3897485
-15
-14
10
22
1844
3744
3898510
-10
-6
2
87
1844
3734
3899535
-1
-4
29
18
1859
3681
3892352
4
-10
27
2
1873
3670
3893377
-12
-3
9
70
1859
3720
3894402
-9
8
16
38
1803
3747
3895427
24
3
25
-4
1815
3679
3896452
24
0
12
55
1913
3617
3897477
-45
16
0
89
1870
3680
3898502
-63
31
6
17
1749
3773
3899527
-1
16
9
-25
1756
3721
3900552
41
6
-13
61
1894
3677
3901577
1
20
-16
77
1901
3748
3902602
-38
12
-8
20
1812
3755
3903627
11
-8
0
21
1871
3708
3904652
12
-13
14
49
1955
3707
3905677
-49
-4
25
-3
1896
3781
3906702
-58
-10
6
-15
1792
3784
3907727
-2
-18
6
41
1841
3707
3900544
11
-19
30
58
1933
3694
3901569
-23
-16
36
15
1886
3753
3902594
-41
-21
35
9
1835
3740
3903619
-23
-20
37
27
1923
3734
3904644
-45
-23
76
-22
2009
3759
3905669
-100
-26
121
-103
2148
3858
3906694
-273
-27
172
-131
2384
3910
3907719
-640
-39
269
-106
2509
3834
3908744
-1018
-63
439
-187
2345
3709
3909769
-1211
-71
621
-280
2264
3725
3910794
-1585
20
780
-399
2706
3918
3911819
-2526
16
1038
-604
2860
3914
3912844
-3360
-202
1379
-706
2286
3874
3913869
-3512
-487
1660
-620
1393
3693
3914894
-3168
-641
1833
-437
970
3767
3915919
-2886
-703
1954
-363
980
4039
3908737
-3003
-869
2112
-287
734
3972
3909762
-3119
-1069
2231
-153
282
3838
3910787
-2990
-1247
2329
-42
-105
3534
3911812
-2812
-1359
2365
127
-356
3526
3912837
-2884
-1477
2409
258
-554
3604
3913862
-3004
-1604
2513
269
-974
3433
3914887
-3049
-1686
2574
251
-1419
3161
3915912
-3160
-1748
2570
288
-1398
2924
3916937
-3381
-1801
2583
146
-1495
2553
3917962
-3622
-1861
2575
-72
-2147
2013
3918987
-3648
-1902
2441
28
-2935
1611
3920012
-3334
-1917
2356
82
-3307
1693
3921037
-3066
-1963
2353
-180
-3336
1575
3922062
-3030
-1983
2297
-290
-3478
809
3923087
-2816
-1921
2124
-153
-3423
125
3924112
-2340
-1792
2010
-296
-3983
104
3916927
-1909
-1720
1912
-443
-4894
100
3917952
-1635
-1654
1743
-258
-4967
-193
3918977
-1554
-1453
1649
-167
-4705
-341
3920002
-1488
-1206
1589
-259
-4893
-402
3921027
-1122
-1056
1418
-100
-5028
-272
3922052
-770
-923
1231
88
-5043
-118
3923077
-928
-707
1136
-19
-5151
-143
3924102
-1143
-546
1065
-72
-5058
-99
3925127
-823
-498
997
76
-5088
-36
3926152
-59
-520
943
53
-5104
306
3927177
812
-539
866
-221
-7145
600
3928202
1329
-507
-245
-462
-11506
1238
3929227
-1690
-306
-1574
-6
-2208
-900
3930252
-1168
-211
-47
683
-2134
-448
3931277
-95
-89
391
-27
-5669
172
3932302
1065
-191
-111
-352
-5040
454
3925120
730
-44
-96
-305
-4507
539
3926145
847
-16
-19
-272
-4197
734
3927170
1105
-23
-50
-315
-3856
985
3928195
819
-20
-100
-162
-4019
1043
3929220
471
40
-81
-158
-4274
1072
3930245
151
88
-69
-247
-4204
1016
3931270
-41
108
-95
-242
-4065
1040
3932295
-191
108
-101
-187
-4087
940
3933320
-252
88
-90
-172
-4281
766
3934345
-235
53
-121
-198
-4291
777
3935370
-229
2
-134
-128
-4222
766
3936395
-190
-38
-90
-131
-4313
679
3937420
-88
-79
-63
-184
-4346
639
3938445
38
-121
-95
-188
-4266
695
3939470
106
-144
-123
-109
-4239
772
3940495
91
-137
-113
-82
-4231
792
3933312
70
-132
-85
-111
-4302
739
3934337
91
-131
-93
-117
-4257
762
3935362
101
-130
-95
-24
-4232
849
3936387
46
-104
-32
-12
-4254
815
3937412
21
-73
13
-82
-4220
758
3938437
48
-43
-4
-110
-4258
766
3939462
65
-18
-44
-70
-4261
823
3940487
45
-1
-40
-18
-4217
820
3941512
46
15
7
-57
-4264
784
3942537
73
17
9
-100
-4237
780
3943562
93
13
-15
-89
-4212
889
3944587
31
6
-26
-42
-4191
898
3945612
-16
0
5
-40
-4226
822
3946637
-6
2
26
-77
-4249
828
3947662
-17
3
10
-78
-4199
864
3948687
-55
1
4
-37
-4212
837
3941503
-43
0
35
-65
-4300
749
3942528
25
-2
33
-110
-4253
796
3943553
52
-11
1
-88
-4221
855
3944578
18
-12
-15
-46
-4191
849
3945603
-10
-10
6
-48
-4255
815
3946628
9
-9
20
-88
-4269
806
3947653
30
-9
8
-89
-4214
859
3948678
-1
-11
0
-52
-4203
872
3949703
-48
-11
23
-49
-4212
834
3950728
-52
-9
44
-93
-4272
807
3951753
-22
-9
26
-95
-4242
798
3952778
-6
-2
8
-72
-4203
839
3953803
-23
4
30
-44
-4245
812
3954828
-11
9
61
-90
-4262
786
3955853
32
7
58
-116
-4266
807
3956878
25
11
35
-88
-4183
846
3949697
-22
24
42
-69
-4205
838
3950722
-33
34
69
-113
-4315
784
3951747
9
30
48
-164
-4250
795
3952772
31
13
3
-130
-4196
862
3953797
-15
0
-4
-91
-4227
834
3954822
-15
-14
22
-115
-4284
765
3955847
50
-27
22
-128
-4274
772
3956872
111
-29
17
-99
-4256
799
3957897
129
-15
25
-71
-4193
877
3958922
87
4
52
-98
-4225
884
3959947
58
11
58
-145
-4239
848
3960972
53
11
41
-110
-4219
872
3961997
33
30
71
22
-4269
909
3963022
-12
87
194
22
-4287
916
3964047
-42
131
323
-121
-4412
784
3965072
30
120
411
-13
-4544
672
3957889
-112
216
457
351
-4414
1119
3958914
-491
381
478
170
-4560
1278
3959939
-1018
481
376
-556
-4848
868
3960964
-1416
486
183
-591
-4523
222
3961989
-1419
556
110
-395
-4740
176
3963014
-759
485
145
-206
-5143
799
3964039
-224
374
-31
-415
-5324
419
3965064
495
357
-301
-629
-5851
-505
3966089
1242
466
-730
-570
-6211
-472
3967114
1591
578
-1068
-317
-6297
-92
3968139
1714
657
-1334
14
-5787
-108
3969164
1865
790
-1495
-89
-5567
-61
3970189
2075
915
-1651
-112
-5535
59
3971214
2624
992
-1799
61
-5306
460
3972239
3205
1012
-1924
140
-4953
746
3973264
3662
1003
-2041
205
-4463
918
3966081
3912
1006
-2137
325
-3864
1204
3967106
3891
1045
-2189
233
-3408
1546
3968131
3806
1026
-2226
67
-3216
1784
3969156
3887
935
-2339
154
-2985
1853
3970181
4144
925
-2492
191
-2732
2049
3971206
4506
864
-2576
-8
-2440
2321
3972231
4907
707
-2703
-262
-1967
2686
3973256
4834
549
-2893
-254
-1474
2838
3974281
4535
422
-3075
38
-1028
2659
3975306
4607
316
-3124
-21
-465
2866
3976331
4662
135
-3120
-260
90
3172
3977356
4430
-74
-3119
-268
476
2957
3978381
3748
-122
-3055
-122
1033
2658
3979406
2699
-116
-2810
-70
1901
2664
3980431
1932
-197
-2509
-206
2217
2995
3981456
1580
-275
-2331
-260
1976
3020
3974273
1273
-253
-2220
-53
2106
2757
3975298
949
-183
-2031
112
2547
2845
3976323
739
-143
-1771
-10
2769
3218
3977348
566
-141
-1537
-107
2771
3075
3978373
393
-93
-1351
-3
2842
2728
3979398
128
-14
-1120
62
2951
2861
3980423
-20
28
-881
-17
3076
3478
3981448
-101
16
-668
-78
2766
3678
3982473
-213
-25
-521
233
2504
3332
3983498
-144
31
-382
329
2614
3541
3984523
63
91
-252
52
2563
4128
3985548
159
41
-200
-23
2355
4130
3986573
176
-34
-152
211
2488
3748
3987598
49
-43
-72
389
2713
3643
3988623
-156
-23
29
241
2516
3812
3989648
-218
-39
50
100
2189
3885
3982465
-133
-96
26
263
2099
3678
3983490
-45
-103
19
446
2228
3555
3984515
-90
-72
43
392
2203
3570
3985540
-140
-46
26
290
2100
3651
3986565
-131
-50
8
288
1973
3581
3987590
-53
-63
-3
370
1914
3481
3988615
20
-35
-12
333
1921
3523
3989640
34
1
-27
246
1965
3575
3990665
0
6
-44
228
1974
3520
3991690
-48
-6
-49
304
1902
3469
3992715
-74
-6
-37
323
1864
3532
3993740
-59
16
-42
246
1863
3630
3994765
5
27
-60
181
1885
3624
3995790
38
15
-80
242
2019
3578
3996815
4
-8
-56
308
2013
3603
3997840
-33
-26
-20
275
2019
3649
3990656
-59
-34
-8
226
2034
3658
3991681
-92
-42
-11
225
2004
3590
3992706
-77
-37
-36
282
2029
3657
3993731
-17
-28
-46
291
2019
3734
3994756
64
-30
-16
221
2014
3656
3995781
94
-42
0
243
2133
3582
3996806
17
-40
3
308
2136
3629
3997831
-70
-33
12
284
1939
3680
3998856
-18
-40
11
252
1871
3645
3999881
84
-46
22
236
1951
3593
4000906
58
-49
19
272
2053
3568
4001931
-52
-39
3
273
1991
3596
4002956
-84
-37
-7
242
1879
3608
4003981
-9
-31
-13
251
1909
3558
4005006
20
-19
-20
302
2000
3547
4006031
-12
1
-20
283
1970
3609
3998848
-20
9
-17
235
1930
3591
3999873
-6
11
-14
277
2014
3531
4000898
-22
17
3
306
2026
3548
4001923
-18
28
-6
307
1939
3662
4002948
17
30
-11
295
1927
3664
4003973
46
22
0
289
2034
3598
4004998
5
9
11
317
2072
3582
4006023
-68
10
16
316
1966
3649
4007048
-106
6
17
296
1892
3616
4008073
-66
-2
12
298
1906
3579
4009098
-26
4
5
286
1968
3597
4010123
-5
15
5
216
1938
3636
4011148
16
8
0
156
1964
3647
4012173
-13
-7
-3
170
2066
3612
4013198
-84
-17
-8
279
2055
3615
4014223
-89
-1
-6
331
1931
3677
4007039
10
12
15
254
1881
3721
4008064
96
2
2
251
1983
3673
4009089
48
2
-8
319
2069
3615
4010114
-41
14
-9
315
1965
3660
4011139
-38
11
-11
265
1881
3680
4012164
39
-2
-7
257
1966
3621
4013189
42
-4
-4
306
2048
3595
4014214
-11
3
2
275
1942
3654
4015239
-5
-5
-4
233
1904
3625
4016264
33
-15
-5
240
2028
3567
4017289
-8
-24
8
273
2042
3573
4018314
-47
-20
12
278
1938
3641
4019339
-27
-20
18
253
1900
3624
4020364
28
-21
16
268
1950
3567
4021389
27
-11
8
285
2016
3603
4022414
-23
2
-2
266
1951
3653
4015238
-15
6
-10
258
1917
3620
4016263
20
3
-8
292
2003
3577
4017288
-3
5
4
293
2028
3597
4018313
-42
9
13
250
1940
3643
4019338
-5
8
8
234
1914
3620
4020363
36
4
4
295
1997
3589
4021388
5
4
14
312
2022
3624
4022413
-44
13
18
269
1933
3646
4023438
-5
15
19
228
1912
3628
4024463
52
6
11
282
1991
3596
4025488
34
9
4
345
2030
3604
4026513
8
16
16
286
1954
3625
4027538
44
15
20
192
2019
3637
4028563
43
8
21
186
2106
3617
4029588
-13
-2
47
203
2147
3632
4030613
-92
8
84
147
2275
3716
4023424
-172
-8
150
92
2402
3793
4024449
-335
-29
245
109
2647
3778
4025474
-752
-46
390
145
2926
3731
4026499
-1293
-76
594
82
2843
3788
4027524
-1655
-128
796
1
2572
3878
4028549
-1862
-167
989
-19
2426
3927
4029574
-2131
-266
1227
-12
2256
3828
4030599
-2238
-424
1454
-8
1736
3721
4031624
-1919
-546
1605
7
1318
3757
4032649
-1386
-585
1722
38
1239
3874
4033674
-1296
-607
1812
221
1392
3789
4034699
-1717
-628
1960
307
1424
3734
4035724
-2165
-695
2146
158
1127
3770
4036749
-2303
-838
2256
140
646
3540
4037774
-2259
-935
2325
285
369
3442
4038799
-2511
-1012
2488
287
296
3343
4031616
-2976
-1106
2591
370
-42
3187
4032641
-3437
-1168
2651
478
-629
3049
4033666
-3603
-1202
2773
336
-1048
3019
4034691
-3707
-1309
2860
192
-1323
2767
4035716
-4133
-1434
2898
436
-1617
1919
4036741
-4439
-1398
2877
654
-1880
1490
4037766
-4493
-1320
2931
236
-2274
1541
4038791
-4806
-1386
2861
-293
-3394
1190
4039816
-4762
-1538
2579
6
-4441
890
4040841
-4159
-1525
2366
163
-4016
852
4041866
-3325
-1461
2293
-203
-3618
47
4042891
-2339
-1378
2042
-302
-4840
-1008
4043916
-1076
-1245
1777
-84
-5798
-665
4044941
-364
-1050
1658
-49
-5286
336
4045966
-464
-918
1535
-34
-4869
474
4046991
-765
-834
1338
157
-4955
-104
4039808
-816
-723
1189
268
-5038
-218
4040833
-528
-615
1132
117
-5239
288
4041858
-389
-584
994
-75
-4941
551
4042883
-684
-547
856
-52
-4501
314
4043908
-926
-467
816
131
-4508
87
4044933
-604
-371
928
-46
-4623
103
4045958
436
-381
988
-554
-6979
630
4046983
1318
-523
-270
-515
-11485
1271
4048008
-1510
-349
-1732
13
-2204
-695
4049033
-947
-212
-132
551
-2422
-139
4050058
84
-136
202
1
-6349
58
4051083
1536
-293
-354
-187
-4570
519
4052108
1307
-204
-164
-86
-4057
863
4053133
870
-117
-60
33
-4266
975
4054158
772
-40
-49
-66
-3976
996
4055183
645
-2
9
-158
-4158
923
4048000
590
-25
-14
-184
-4270
1044
4049025
382
-43
-84
-168
-4065
1173
4050050
161
-39
-115
-129
-4060
1156
4051075
33
-40
-122
-121
-4193
1046
4052100
-19
-52
-148
-115
-4171
1010
4053125
-40
-82
-170
-74
-4176
1034
4054150
-56
-120
-138
21
-4311
922
4055175
45
-119
-63
-3
-4307
880
4056200
175
-117
-18
-46
-4233
929
4057225
256
-108
-22
-70
-4220
1036
4058250
236
-109
-57
-29
-4156
1118
4059275
185
-113
-39
15
-4196
1054
4060300
196
-101
-5
-30
-4202
1069
4061325
207
-105
-20
-50
-4163
1131
4062350
164
-105
-51
-19
-4130
1196
4063375
78
-101
-58
18
-4139
1145
4056191
52
-82
-34
2
-4189
1112
4057216
56
-69
-43
-16
-4163
1132
4058241
65
-67
-54
15
-4165
1154
4059266
40
-52
-53
35
-4113
1182
4060291
-2
-52
-24
47
-4155
1129
4061316
21
-46
10
36
-4220
1099
4062341
58
-40
18
52
-4121
1183
4063366
32
-40
51
65
-4122
1186
4064391
6
-28
90
7
-4206
1119
4065416
51
-21
76
-60
-4238
1119
4066441
79
-26
13
-44
-4149
1172
4067466
48
-28
-17
27
-4091
1191
4068491
-50
1
30
21
-4114
1194
4069516
-4
-11
25
16
-4251
1163
4070541
14
-7
-3
-12
-4116
1170
4071566
-3
-22
5
38
-4138
1178
4064384
-14
-23
34
36
-4153
1178
4065409
-11
-24
60
-24
-4188
1141
4066434
19
-28
40
-42
-4196
1150
4067459
25
-30
7
2
-4125
1171
4068484
22
-22
14
10
-4168
1165
4069509
29
-8
13
-26
-4169
1165
4070534
24
-5
-10
-30
-4153
1182
4071559
-4
-9
-32
15
-4120
1198
4072584
-34
-11
-11
36
-4160
1167
4073609
-27
-5
20
-6
-4194
1148
4074634
1
-4
14
-25
-4188
1150
4075659
13
-8
-11
2
-4137
1178
4076684
-1
-11
-6
18
-4140
1180
4077709
0
-9
16
-7
-4193
1147
4078734
27
-13
10
-30
-4185
1156
4079759
39
-18
-12
0
-4137
1188
4072576
11
-14
-16
38
-4101
1212
4073601
-26
-8
13
23
-4161
1171
4074626
-30
-4
18
-32
-4183
1151
4075651
-8
-9
-8
-19
-4182
1167
4076676
-1
-8
-21
19
-4142
1181
4077701
-12
-1
-3
35
-4139
1181
4078726
-17
3
19
-5
-4174
1167
4079751
-21
-1
8
-23
-4155
1168
4080776
-21
-8
-13
8
-4157
1166
4081801
-25
-6
-11
29
-4162
1151
4082826
-7
1
6
8
-4183
1146
4083851
18
2
1
-11
-4157
1167
4084876
15
-5
-11
8
-4152
1174
4085901
2
-4
-5
24
-4155
1178
4086926
-7
0
5
9
-4153
1183
4087951
-20
-1
2
-2
-4160
1173
4080768
-8
-3
4
2
-4206
1128
4081793
26
3
1
2
-4163
1166
4082818
21
0
-5
7
-4136
1193
4083843
1
-6
-5
11
-4146
1184
4084868
-12
-9
-1
9
-4164
1170
4085893
-7
-7
-1
8
-4167
1166
4086918
4
-4
-3
7
-4171
1167
4087943
15
-2
-5
-1
-4184
1149
4088968
28
-1
-19
-2
-4164
1172
4089993
27
-4
-35
32
-4147
1181
4091018
16
6
-28
40
-4130
1210
4092043
-14
12
-12
28
-4143
1186
4093068
-24
12
-7
9
-4171
1164
4094093
-17
9
-22
16
-4164
1168
4095118
-10
7
-23
57
-4152
1165
4096143
11
15
2
50
-4175
1151
4089028
34
20
18
24
-4161
1170
4090053
28
14
15
17
-4126
1212
4091078
-12
2
14
32
-4122
1199
4092103
-31
2
22
8
-4166
1168
4093128
-29
-1
8
-12
-4178
1165
4094153
-18
-3
-19
17
-4177
1157
4095178
-1
2
-26
53
-4148
1174
4096203
1
7
-2
78
-4133
1180
4097228
8
8
35
28
-4182
1155
4098253
23
1
29
-8
-4160
1185
4099278
2
-10
6
21
-4119
1204
4100303
-28
-13
7
23
-4170
1157
4101328
-12
-6
6
-10
-4193
1158
4102353
11
-5
-20
-3
-4170
1163
4103378
21
5
-38
27
-4154
1182
4104403
13
13
-33
50
-4142
1190
4097152
-9
17
-13
32
-4135
1196
4098177
-25
8
-5
23
-4154
1177
4099202
-31
-2
-8
49
-4144
1185
4100227
-47
-5
6
67
-4144
1168
4101252
-26
-3
35
21
-4208
1143
4102277
6
-1
25
-13
-4165
1166
4103302
8
-8
-1
18
-4169
1165
4104327
3
-4
-8
26
-4159
1165
4105352
6
-1
-4
21
-4163
1172
4106377
-1
0
-7
10
-4152
1176
4107402
-16
-7
-20
23
-4147
1175
4108427
-23
-12
-17
57
-4172
1163
4109452
-7
-6
-2
38
-4178
1158
4110477
11
-6
-1
22
-4161
1159
4111502
19
-8
-3
38
-4164
1168
4112527
20
-8
4
33
-4172
1164
4105344
22
-6
5
33
-4138
1180
4106369
-1
-6
3
66
-4122
1196
4107394
-15
-1
25
48
-4190
1154
4108419
3
5
24
-5
-4177
1169
4109444
0
-4
-7
17
-4149
1182
4110469
-16
-6
-13
49
-4152
1175
4111494
-7
-4
-3
41
-4168
1163
4112519
4
-4
0
34
-4172
1158
4113544
10
-4
-3
49
-4156
1169
4114569
15
-2
6
38
-4156
1181
4115594
11
-5
6
32
-4154
1177
4116619
8
-7
0
24
-4174
1166
4117644
18
-6
-11
33
-4173
1160
4118669
17
-1
-16
60
-4137
1191
4119694
-3
3
-1
69
-4134
1190
4120719
-8
5
22
26
-4178
1169
4113537
1
-1
18
9
-4169
1171
4114562
2
-8
0
28
-4152
1174
4115587
-8
-8
0
47
-4161
1169
4116612
3
-5
9
13
-4196
1150
4117637
32
-8
-6
5
-4192
1154
4118662
54
-12
-22
51
-4169
1162
4119687
-10
10
-31
31
-4093
1200
4120712
2
1
-31
42
-4241
1184
4121737
61
1
-56
45
-4142
1182
4122762
55
9
-58
71
-4119
1231
4123787
6
12
-55
104
-4081
1239
4124812
-23
18
-11
95
-4172
1179
4125837
-9
22
9
47
-4170
1175
4126862
-4
17
1
78
-4112
1225
4127887
-37
16
13
85
-4137
1190
4128912
-29
21
34
30
-4200
1161
4121728
-7
15
12
20
-4160
1187
4122753
-19
5
-14
99
-4099
1221
4123778
-41
8
24
111
-4157
1170
4124803
-26
19
57
7
-4186
1180
4125828
-30
2
19
-20
-4155
1186
4126853
-52
-11
-29
36
-4131
1206
4127878
-84
-16
-35
106
-4145
1171
4128903
-63
-8
7
69
-4217
1110
4129928
0
-8
20
22
-4208
1119
4130953
43
-13
6
46
-4179
1155
4131978
55
-6
2
75
-4133
1205
4133003
30
-5
18
78
-4150
1176
4134028
40
-4
36
13
-4201
1155
4135053
56
-16
7
14
-4156
1185
4136078
47
-22
-16
41
-4158
1191
4137103
40
-20
-26
55
-4160
1184
4129920
49
-17
-28
44
-4180
1164
4130945
75
-13
-44
43
-4186
1182
4131970
81
-7
-62
77
-4120
1208
4132995
-33
12
-57
89
-4106
1223
4134020
30
-7
-24
127
-4182
1232
4135045
75
-5
-6
82
-4125
1213
4136070
51
-6
4
78
-4109
1255
4137095
-1
-13
8
105
-4081
1260
4138120
-35
-19
35
84
-4175
1191
4139145
-8
-18
39
40
-4191
1169
4140170
24
-22
14
58
-4162
1195
4141195
36
-16
1
86
-4139
1223
4142220
29
-13
6
83
-4141
1216
4143245
33
-10
15
60
-4157
1211
4144270
40
-10
7
65
-4125
1230
4145295
23
-7
3
95
-4104
1263
4138112
-14
-9
14
73
-4135
1240
4139137
-27
-13
17
59
-4153
1207
4140162
-12
-15
14
64
-4155
1202
4141187
4
-11
11
77
-4143
1215
4142212
14
-4
20
75
-4163
1217
4143237
4
1
14
40
-4119
1263
4144262
-43
-11
-7
50
-4093
1266
4145287
-83
-17
-4
77
-4134
1238
4146312
-94
-17
8
74
-4161
1193
4147337
-70
-12
10
62
-4183
1165
4148362
-21
-8
7
67
-4202
1150
4149387
39
-3
5
71
-4178
1175
4150412
68
4
7
80
-4143
1214
4151437
59
8
16
54
-4131
1229
4152462
37
4
8
38
-4120
1251
4153487
3
-3
-7
76
-4123
1241
4146304
-21
-3
-2
86
-4140
1213
4147329
-23
0
5
56
-4145
1218
4148354
-31
-4
-3
53
-4138
1214
4149379
-35
-7
-14
74
-4145
1223
4150404
-48
-10
-7
115
-4121
1213
4151429
-35
-4
23
80
-4178
1176
4152454
-6
0
20
46
-4159
1192
4153479
-3
-2
2
66
-4143
1211
4154504
-7
0
0
79
-4152
1194
4155529
-5
3
1
62
-4144
1201
4156554
-5
1
-7
63
-4146
1210
4157579
-11
-1
-11
85
-4138
1205
4158604
-13
-2
4
80
-4152
1193
4159629
-11
-3
10
66
-4126
1210
4160654
-19
-4
12
64
-4141
1202
4161679
-18
-4
9
54
-4162
1187
4154496
-5
-4
2
60
-4151
1196
4155521
-2
-5
-1
81
-4137
1201
4156546
-9
-3
4
77
-4137
1202
4157571
-15
-3
8
56
-4153
1196
4158596
-6
-6
6
63
-4167
1175
4159621
14
-5
0
67
-4160
1197
4160646
16
-2
1
81
-4133
1212
4161671
8
1
11
69
-4141
1207
4162696
-3
0
7
41
-4147
1203
4163721
-14
-5
-12
55
-4148
1200
4164746
-23
-5
-19
97
-4133
1215
4165771
-28
-4
8
101
-4162
1173
4166796
-4
-2
28
40
-4173
1182
4167821
15
-11
12
46
-4167
1187
4168846
21
-10
-1
80
-4139
1199
4169871
9
-8
3
86
-4120
1213
4162689
-3
-7
16
64
-4150
1206
4163714
-16
-9
4
44
-4135
1199
4164739
-23
-11
-9
77
-4155
1197
4165764
-24
-8
-3
98
-4142
1195
4166789
-18
-3
18
67
-4165
1182
4167814
-5
-8
20
48
-4158
1180
4168839
9
-11
9
54
-4156
1181
4169864
18
-10
1
82
-4148
1194
4170889
27
-4
14
78
-4148
1188
4171914
33
-2
20
53
-4140
1203
4172939
26
-3
13
53
-4140
1203
4173964
14
-5
5
57
-4153
1203
4174989
3
-4
1
71
-4128
1221
4176014
-13
-6
5
70
-4135
1206
4177039
-15
-7
7
60
-4155
1192
4178064
0
-9
5
55
-4172
1184
4170880
20
-8
2
71
-4155
1195
4171905
33
-6
8
75
-4155
1198
4172930
37
-3
12
50
-4137
1216
4173955
18
-4
2
46
-4119
1246
4174980
-26
-12
-8
75
-4127
1222
4176005
-43
-10
-1
78
-4146
1191
4177030
-27
-6
4
62
-4177
1185
4178055
6
-4
3
63
-4179
1177
4179080
33
-2
1
79
-4135
1203
4180105
28
0
12
76
-4140
1225
4181130
7
-1
15
60
-4126
1238
4182155
-18
-2
6
52
-4145
1225
4183180
-32
-2
-6
64
-4156
1207
4184205
-31
-2
-3
84
-4157
1193
4185230
-12
1
13
78
-4157
1202
4186255
0
-2
24
64
-4156
1201
4179073
10
-8
18
44
-4158
1199
4180098
10
-16
6
60
-4156
1208
4181123
4
-17
4
69
-4148
1205
4182148
7
-13
6
60
-4147
1215
4183173
0
-12
3
44
-4152
1207
4184198
-1
-13
-4
50
-4159
1199
4185223
-1
-15
-6
78
-4131
1211
4186248
2
-11
9
77
-4157
1198
4187273
14
-6
10
48
-4146
1207
4188298
7
-6
-2
61
-4142
1211
4189323
2
-4
-3
71
-4149
1208
4190348
-2
-3
-1
65
-4128
1229
4191373
-18
0
1
84
-4142
1210
4192398
-16
8
9
74
-4170
1197
4193423
-9
14
8
65
-4137
1219
4194448
-22
13
9
74
-4133
1218
4187264
-27
12
14
59
-4155
1196
4188289
-21
9
8
46
-4153
1197
4189314
-12
6
1
68
-4159
1199
4190339
-9
7
3
80
-4142
1192
4191364
-3
7
13
51
-4155
1197
4192389
0
3
8
42
-4157
1203
4193414
-4
-2
-4
64
-4133
1227
4194439
-28
-6
-1
93
-4125
1204
4195464
-27
-3
19
44
-4177
1176
4196489
-7
-6
8
25
-4173
1177
4197514
6
-10
-17
54
-4159
1199
4198539
0
-8
-21
97
-4130
1211
4199564
-5
-5
6
70
-4148
1195
4200589
4
-7
9
40
-4148
1194
4201614
9
-8
-1
66
-4160
1191
4202639
14
-2
-3
75
-4147
1199
4195457
8
2
4
80
-4132
1206
4196482
9
2
11
53
-4162
1200
4197507
16
-4
3
56
-4151
1202
4198532
13
-6
-2
78
-4126
1216
4199557
0
-6
8
81
-4138
1199
4200582
3
-3
18
50
-4149
1209
4201607
-4
-7
3
48
-4144
1207
4202632
-8
-8
-8
67
-4151
1203
4203657
-4
-5
-5
78
-4147
1194
4204682
7
-5
6
73
-4160
1189
4205707
19
-6
8
61
-4143
1201
4206732
21
-6
2
64
-4141
1220
4207757
8
-6
-1
80
-4133
1214
4208782
1
-4
7
65
-4150
1206
4209807
-4
-2
9
57
-4132
1218
4210832
-16
-4
5
68
-4146
1204
4203649
-15
-3
4
70
-4167
1192
4204674
3
0
6
58
-4170
1191
4205699
17
4
0
66
-4135
1218
4206724
6
5
1
70
-4134
1206
4207749
-1
3
5
58
-4145
1209
4208774
-11
-1
-3
61
-4139
1214
4209799
-16
-1
-4
72
-4157
1197
4210824
-11
1
2
80
-4142
1195
4211849
2
3
16
61
-4156
1204
4212874
-4
0
11
71
-4110
1234
4213899
-35
-5
18
84
-4132
1207
4214924
-34
-5
28
43
-4180
1191
4215949
-18
-6
13
26
-4169
1178
4216974
2
-7
-11
55
-4167
1179
4217999
7
-4
-17
100
-4118
1209
4219024
-1
0
14
83
-4142
1203
4211840
-2
-2
29
37
-4154
1204
4212865
-7
-5
14
41
-4150
1198
4213890
-13
-4
-7
67
-4147
1199
4214915
-21
0
-5
74
-4151
1199
4215940
-14
1
7
50
-4156
1189
4216965
-7
-3
6
55
-4143
1200
4217990
-7
-4
5
72
-4144
1199
4219015
-14
-4
12
77
-4143
1192
4220040
-7
-2
20
39
-4166
1184
4221065
-2
-2
4
40
-4156
1203
4222090
-15
-4
-8
64
-4127
1216
4223115
-36
-6
-5
77
-4127
1203
4224140
-45
-6
5
57
-4158
1182
4225165
-33
-4
9
55
-4167
1170
4226190
-14
-3
13
72
-4159
1176
4227215
-3
0
25
59
-4161
1173
4220032
7
1
23
37
-4159
1182
4221057
4
-4
9
43
-4145
1192
4222082
-8
-7
4
71
-4147
1182
4223107
-7
-3
14
65
-4161
1184
4224132
-4
0
15
43
-4160
1177
4225157
7
3
6
43
-4164
1182
4226182
7
2
-1
57
-4153
1184
4227207
-2
4
4
61
-4129
1205
4228232
-27
-1
16
68
-4144
1186
4229257
-30
-3
19
30
-4170
1172
4230282
-21
-6
5
38
-4173
1172
4231307
-12
-4
-5
61
-4151
1183
4232332
-19
4
5
71
-4155
1180
4233357
-17
7
16
30
-4158
1170
4234382
-10
-6
8
33
-4172
1167
4235407
1
-12
7
68
-4165
1168
4228224
15
-7
20
51
-4156
1171
4229249
22
-6
14
16
-4157
1181
4230274
4
-10
-14
29
-4147
1191
4231299
-14
-15
-23
62
-4147
1188
4232324
-19
-14
-11
62
-4151
1183
4233349
-8
-12
-4
56
-4171
1168
4234374
2
-9
-6
69
-4154
1173
4235399
7
-7
3
85
-4151
1176
4236424
18
-3
23
67
-4165
1175
4237449
24
-3
27
42
-4146
1189
4238474
21
-7
14
36
-4157
1197
4239499
2
-7
-3
46
-4142
1199
4240524
-17
-5
-3
60
-4153
1186
4241549
-19
1
0
42
-4160
1178
4242574
-14
2
-6
42
-4165
1173
4243599
-12
5
-10
67
-4137
1192
4236416
-26
3
0
81
-4144
1182
4237441
-26
3
19
39
-4174
1168
4238466
-14
-3
12
23
-4169
1169
4239491
-9
-7
-2
60
-4169
1162
4240516
-2
-5
-2
72
-4155
1168
4241541
9
-2
11
62
-4170
1170
4242566
18
0
14
28
-4157
1184
4243591
3
-7
1
49
-4143
1196
4244616
-24
-8
-4
60
-4142
1191
4245641
-30
-7
2
54
-4176
1162
4246666
-7
-5
0
45
-4180
1152
4247691
17
-1
-7
60
-4164
1174
4248716
3
1
-5
87
-4122
1198
4249741
-15
2
17
58
-4149
1187
4250766
-26
-3
13
21
-4155
1183
4251791
-33
-8
-5
38
-4171
1158
4244609
-17
-4
-8
77
-4176
1154
4245634
0
4
7
69
-4152
1173
4246659
0
7
17
42
-4153
1169
4247684
-8
4
10
33
-4157
1168
4248709
-19
1
-3
44
-4150
1175
4249734
-33
0
-7
61
-4147
1166
4250759
-32
0
2
63
-4160
1160
4251784
-18
-3
7
55
-4177
1151
4252809
0
-4
5
55
-4166
1156
4253834
12
-4
3
51
-4159
1168
4254859
1
-3
-2
53
-4133
1187
4255884
-18
-5
2
62
-4156
1162
4256909
-20
-5
0
51
-4154
1168
4257934
-26
-5
-4
68
-4164
1147
4258959
-14
0
2
59
-4189
1134
4259984
3
2
2
64
-4153
1162
4252801
6
3
7
59
-4151
1172
4253826
0
1
9
55
-4159
1166
4254851
-6
-3
9
45
-4151
1167
4255876
-21
-6
7
57
-4142
1171
4256901
-29
-7
11
51
-4168
1157
4257926
-23
-6
9
53
-4171
1145
4258951
-14
-2
5
57
-4168
1147
4259976
1
1
6
49
-4175
1146
4261001
9
-1
0
47
-4161
1158
4262026
0
-3
-3
57
-4147
1170
4263051
-9
-7
6
69
-4173
1153
4264076
-4
-6
12
51
-4163
1156
4265101
0
-5
8
46
-4178
1145
4266126
9
-4
-1
46
-4175
1145
4267151
14
-6
-4
49
-4167
1154
4268176
14
-6
0
56
-4162
1160
4260993
15
-4
2
59
-4151
1175
4262018
1
-4
4
63
-4148
1175
4263043
-13
-3
8
63
-4169
1157
4264068
-7
-1
7
42
-4167
1154
4265093
0
-1
2
46
-4163
1161
4266118
-5
-2
-4
65
-4147
1168
4267143
-14
-5
3
67
-4167
1159
4268168
-13
-8
13
51
-4170
1153
4269193
-5
-11
15
47
-4176
1147
4270218
8
-9
8
49
-4169
1159
4271243
8
-8
0
52
-4147
1166
4272268
-2
-6
3
55
-4162
1161
4273293
-5
-3
6
45
-4159
1167
4274318
-12
-5
-1
50
-4152
1163
4275343
-15
-5
-1
61
-4166
1151
4276368
-11
-3
6
70
-4166
1152
4269184
-1
-2
13
57
-4183
1145
4270209
10
-2
10
42
-4163
1159
4271234
9
-8
0
51
-4153
1165
4272259
-2
-9
2
68
-4155
1157
4273284
-3
-4
10
54
-4163
1154
4274309
-6
-1
11
52
-4165
1159
4275334
-7
0
7
48
-4165
1151
4276359
-6
0
4
52
-4163
1157
4277384
-10
-1
4
44
-4157
1156
4278409
-15
-5
2
49
-4171
1142
4279434
-3
-5
2
51
-4180
1140
4280459
5
-4
2
66
-4159
1152
4281484
12
-1
8
57
-4161
1161
4282509
4
-2
8
49
-4143
1165
4283534
-13
-6
4
43
-4162
1159
4284559
-15
-10
-1
58
-4172
1137
4277376
3
-8
5
60
-4164
1142
4278401
18
-2
8
49
-4168
1159
4279426
16
2
4
46
-4152
1175
4280451
-6
1
-3
49
-4140
1173
4281476
-26
-3
-3
58
-4159
1158
4282501
-26
-3
-3
59
-4165
1145
4283526
-17
-3
0
67
-4164
1143
4284551
-4
-4
10
61
-4168
1147
4285576
3
-6
17
44
-4162
1149
4286601
3
-8
12
32
-4170
1158
4287626
-6
-10
0
51
-4156
1154
4288651
-7
-6
1
57
-4173
1146
4289676
1
-4
2
40
-4173
1150
4290701
6
-3
-5
60
-4163
1154
4291726
5
-2
-5
80
-4155
1160
4292751
-1
-2
6
67
-4152
1152
4285568
-5
-3
15
47
-4171
1154
4286593
-8
-5
8
49
-4156
1156
4287618
-9
-7
3
59
-4170
1148
4288643
-1
-5
8
59
-4178
1141
4289668
13
-2
11
43
-4168
1151
4290693
19
-1
6
51
-4160
1163
4291718
6
-1
3
59
-4133
1183
4292743
-19
-2
6
57
-4146
1163
4293768
-27
-6
6
45
-4178
1141
4294793
-13
-8
0
51
-4183
1131
4295818
8
-3
1
65
-4164
1148
4296843
16
-1
10
59
-4162
1158
4297868
12
-1
12
33
-4162
1164
4298893
-4
-8
-2
43
-4150
1164
4299918
-16
-9
-1
68
-4171
1143
4300943
-1
-4
5
44
-4187
1137
4293760
22
-4
0
43
-4179
1137
4294785
36
-1
-3
56
-4155
1163
4295810
26
1
3
81
-4147
1174
4296835
10
4
14
47
-4155
1169
4297860
-3
0
7
33
-4165
1161
4298885
0
0
-2
57
-4177
1149
4299910
2
4
-2
76
-4138
1168
4300935
-7
4
13
56
-4157
1160
4301960
-5
-3
18
32
-4176
1151
4302985
9
-8
6
33
-4172
1150
4304010
9
-11
-7
70
-4142
1171
4305035
-2
-8
4
71
-4147
1164
4306060
-2
-6
12
33
-4154
1159
4307085
-6
-8
-1
28
-4165
1153
4308110
-8
-9
-17
57
-4168
1157
4309135
-6
-4
-10
82
-4162
1160
4301953
-1
1
5
67
-4158
1154
4302978
7
-1
9
47
-4158
1159
4304003
4
-3
3
52
-4152
1157
4305028
-1
-4
1
72
-4151
1165
4306053
-1
-3
9
64
-4160
1159
4307078
0
-3
12
48
-4170
1149
4308103
7
-2
6
58
-4165
1157
4309128
7
-1
5
64
-4154
1164
4310153
1
1
8
45
-4153
1174
4311178
-11
-3
4
36
-4161
1160
4312203
-15
-8
-6
44
-4165
1158
4313228
-13
-9
-6
72
-4157
1153
4314253
1
-4
11
62
-4185
1143
4315278
21
-2
16
36
-4168
1152
4316303
24
-5
3
43
-4159
1174
4317328
10
-6
-5
67
-4142
1177
4310144
-5
-3
0
64
-4146
1178
4311169
-16
-2
6
51
-4161
1161
4312194
-13
-3
5
42
-4186
1154
4313219
-5
-5
-6
66
-4163
1157
4314244
2
-4
3
76
-4164
1161
4315269
12
-1
16
50
-4156
1165
4316294
12
-1
13
39
-4167
1167
4317319
2
-1
-2
54
-4153
1180
4318344
-19
0
-8
69
-4145
1179
4319369
-28
0
0
64
-4162
1161
4320394
-21
-3
5
47
-4170
1151
4321419
-8
-7
4
60
-4172
1157
4322444
1
-8
9
60
-4165
1151
4323469
11
-8
11
48
-4169
1153
4324494
18
-7
5
43
-4166
1162
4325519
13
-7
-4
56
-4142
1182
4318337
-8
-7
-6
64
-4151
1170
4319362
-16
-6
-1
59
-4171
1162
4320387
-10
-5
2
57
-4174
1159
4321412
4
-3
1
58
-4176
1150
4322437
18
-2
2
62
-4159
1162
4323462
11
-4
4
63
-4138
1180
4324487
-3
-6
11
64
-4158
1180
4325512
-15
-7
11
54
-4146
1166
4326537
-22
-5
9
55
-4176
1154
4327562
-8
-2
6
59
-4188
1147
4328587
9
1
7
55
-4166
1161
4329612
9
1
7
56
-4145
1169
4330637
-3
-4
5
44
-4148
1169
4331662
-16
-9
0
52
-4163
1155
4332687
-15
-10
-2
65
-4172
1152
4333712
1
-6
4
63
-4172
1147
4326528
18
-2
9
46
-4163
1166
4327553
13
-4
4
54
-4154
1169
4328578
0
-5
1
66
-4146
1177
4329603
-13
-6
4
66
-4152
1163
4330628
-14
-4
5
41
-4174
1145
4331653
-1
-4
-1
54
-4166
1163
4332678
7
-4
0
65
-4157
1175
4333703
-1
-5
3
61
-4150
1166
4334728
-7
-6
6
47
-4162
1162
4335753
-7
-8
4
56
-4165
1154
4336778
6
-3
7
66
-4169
1153
4337803
16
1
5
59
-4155
1168
4338828
10
3
3
49
-4157
1172
4339853
-1
-1
-2
54
-4150
1183
4340878
-19
-6
0
69
-4149
1168
4341903
-26
-8
7
64
-4166
1149
4334721
-10
-9
10
51
-4181
1144
4335746
11
-6
7
51
-4164
1152
4336771
16
-5
6
62
-4161
1173
4337796
4
-5
6
52
-4129
1176
4338821
-11
-6
3
41
-4175
1158
4339846
-13
-8
-9
65
-4153
1163
4340871
-8
-6
-6
82
-4167
1160
4341896
1
0
8
72
-4170
1151
4342921
8
-1
10
45
-4142
1157
4343946
2
-3
4
59
-4151
1183
4344971
-13
-5
4
63
-4145
1163
4345996
-13
-5
7
41
-4178
1156
4347021
-9
-4
0
58
-4162
1159
4348046
-4
0
1
76
-4151
1165
4349071
-2
1
10
54
-4169
1149
4350096
13
-4
7
23
-4192
1146
4342912
20
-11
-15
61
-4152
1173
4343937
9
-7
-12
88
-4147
1173
4344962
0
2
1
75
-4157
1172
4345987
-5
4
7
57
-4163
1160
4347012
1
2
10
65
-4163
1165
4348037
4
1
19
75
-4142
1167
4349062
5
2
30
43
-4179
1155
4350087
10
1
18
23
-4177
1163
4351112
9
-2
-1
52
-4156
1175
4352137
0
-6
-5
67
-4150
1170
4353162
3
-7
5
44
-4180
1153
4354187
16
-7
-1
42
-4160
1173
4355212
12
-7
-10
71
-4144
1182
4356237
7
-2
1
72
-4150
1178
4357262
6
-3
10
47
-4166
1167
4358287
8
-7
5
58
-4163
1171
4351103
11
-6
1
68
-4150
1176
4352128
0
-1
-2
61
-4138
1187
4353153
-19
-1
0
59
-4165
1159
4354178
-9
-3
7
58
-4180
1158
4355203
9
-8
12
82
-4163
1167
4356228
24
-8
23
67
-4161
1171
4357253
32
-6
24
36
-4172
1171
4358278
33
-9
8
23
-4166
1174
4359303
26
-13
-13
53
-4144
1196
4360328
9
-14
-17
74
-4138
1189
4361353
4
-11
-8
61
-4168
1172
4362378
13
-8
-2
59
-4155
1180
4363403
20
-7
2
72
-4152
1191
4364428
18
-9
9
69
-4159
1187
4365453
23
-11
12
48
-4161
1195
4366478
19
-17
1
70
-4142
1194
4359298
10
-13
3
75
-4153
1191
4360323
5
-9
7
61
-4136
1196
4361348
-4
-7
9
63
-4145
1194
4362373
-5
-7
9
65
-4158
1183
4363398
1
-3
9
53
-4165
1181
4364423
4
-1
2
52
-4147
1195
4365448
-8
-4
-2
72
-4137
1207
4366473
-18
-6
6
64
-4158
1179
4367498
-16
-7
10
55
-4148
1181
4368523
-11
-6
7
67
-4160
1188
4369548
-5
0
4
58
-4148
1184
4370573
-6
3
3
61
-4143
1193
4371598
-13
2
5
69
-4149
1195
4372623
-19
2
8
54
-4153
1189
4373648
-21
-1
1
42
-4163
1181
4374673
-23
-3
-9
67
-4154
1179
4367488
-16
-4
-5
58
-4166
1172
4368513
-6
-4
1
62
-4164
1174
4369538
4
-2
7
63
-4151
1183
4370563
-2
-3
6
54
-4154
1182
4371588
-2
-3
3
56
-4164
1177
4372613
1
0
-3
60
-4151
1184
4373638
-5
0
-6
60
-4146
1191
4374663
-15
-5
-8
68
-4140
1186
4375688
-16
-8
-5
75
-4165
1171
4376713
-11
-10
-1
72
-4155
1176
4377738
0
-8
14
72
-4166
1168
4378763
11
-4
16
48
-4161
1178
4379788
10
-4
1
50
-4145
1195
4380813
-11
-5
-9
75
-4138
1192
4381838
-28
-4
2
75
-4157
1175
4382863
-24
-3
8
64
-4165
1164
4375679
-14
-4
4
61
-4184
1164
4376704
1
-3
0
69
-4173
1163
4377729
10
-1
2
74
-4150
1186
4378754
2
-3
9
74
-4148
1185
4379779
-3
-4
17
50
-4164
1174
4380804
-2
-7
9
50
-4168
1165
4381829
2
-5
1
64
-4162
1170
4382854
8
-2
4
76
-4148
1185
4383879
9
-1
11
59
-4141
1178
4384904
2
-2
7
55
-4148
1180
4385929
-7
-4
0
61
-4157
1183
4386954
-11
-6
3
68
-4164
1182
4387979
-6
-6
7
67
-4156
1178
4389004
0
-5
9
63
-4156
1176
4390029
2
-5
9
59
-4158
1175
4391054
5
-6
7
49
-4168
1176
4383873
11
-8
1
65
-4158
1185
4384898
11
-7
2
72
-4148
1184
4385923
6
-5
5
63
-4148
1194
4386948
-6
-6
3
66
-4155
1188
4387973
-10
-8
1
61
-4166
1170
4388998
-1
-8
0
62
-4162
1169
4390023
9
-6
1
80
-4139
1184
4391048
4
-5
10
69
-4158
1182
4392073
4
-2
15
46
-4165
1177
4393098
4
-2
4
61
-4147
1185
4394123
-3
0
-1
72
-4152
1187
4395148
-11
-1
-3
63
-4154
1187
4396173
-18
-2
0
63
-4158
1177
4397198
-10
-6
5
70
-4162
1170
4398223
0
-7
12
69
-4159
1179
4399248
0
-5
16
62
-4144
1177
4392064
-5
-5
12
40
-4167
1173
4393089
-3
-6
-3
46
-4160
1174
4394114
-7
-5
-12
72
-4147
1182
4395139
-10
-2
-4
78
-4144
1186
4396164
-11
-3
7
73
-4157
1178
4397189
-2
-4
10
58
-4168
1174
4398214
2
-6
5
66
-4152
1169
4399239
7
-6
6
60
-4167
1170
4400264
12
-5
3
54
-4153
1183
4401289
8
-5
1
70
-4152
1189
4402314
-1
-3
5
75
-4145
1190
4403339
-7
-2
13
65
-4157
1178
4404364
-6
0
12
48
-4155
1171
4405389
-5
-2
2
50
-4161
1180
4406414
-4
-4
-3
65
-4153
1178
4407439
-1
-5
0
68
-4152
1177
4400256
0
-6
4
66
-4148
1181
4401281
-3
-5
5
58
-4155
1176
4402306
1
-3
5
47
-4166
1172
4403331
8
-2
1
70
-4142
1183
4404356
3
-1
7
72
-4153
1185
4405381
-4
0
9
48
-4146
1191
4406406
-12
-4
1
57
-4162
1184
4407431
-13
-5
-5
65
-4162
1176
4408456
-6
-6
-3
72
-4170
1172
4409481
5
-4
5
83
-4146
1181
4410506
9
-1
17
54
-4161
1180
4411531
6
-2
9
50
-4155
1171
4412556
3
0
-3
57
-4152
1185
4413581
-7
1
-2
77
-4142
1185
4414606
-11
2
7
52
-4157
1182
4415631
-19
-4
0
50
-4154
1188
4408448
-22
-8
-3
78
-4161
1171
4409473
-7
-6
11
80
-4171
1158
4410498
11
-3
21
47
-4153
1171
4411523
12
-5
10
48
-4152
1186
4412548
0
-8
-2
57
-4143
1190
4413573
-17
-8
-3
73
-4156
1182
4414598
-23
-6
3
64
-4160
1167
4415623
-14
-5
3
57
-4172
1170
4416648
-2
-5
1
71
-4169
1171
4417673
7
-2
7
68
-4157
1178
4418698
0
0
14
57
-4151
1187
4419723
-10
-2
15
52
-4153
1177
4420748
-18
-6
6
52
-4166
1173
4421773
-14
-7
0
69
-4168
1160
4422798
-1
-2
4
80
-4156
1164
4423823
7
2
15
74
-4157
1180
4416641
4
3
19
50
-4149
1188
4417666
-10
0
13
43
-4153
1182
4418691
-24
-4
4
55
-4157
1175
4419716
-20
-6
8
69
-4173
1160
4420741
-4
-3
12
63
-4164
1164
4421766
6
-3
9
55
-4173
1166
4422791
7
-3
5
61
-4149
1184
4423816
-4
-5
6
57
-4148
1178
4424841
-13
-4
5
48
-4157
1175
4425866
-14
-7
-1
62
-4175
1155
4426891
-2
-7
-3
66
-4162
1168
4427916
-1
-6
2
72
-4149
1171
4428941
2
-6
16
66
-4169
1165
4429966
3
-5
16
47
-4150
1180
4430991
-4
-5
7
53
-4156
1181
4432016
-12
-3
6
58
-4159
1171
4424832
-7
0
10
42
-4168
1165
4425857
-7
-2
5
46
-4150
1175
4426882
-15
-5
1
69
-4152
1180
4427907
-22
-7
12
71
-4170
1161
4428932
-8
-5
23
51
-4168
1153
4429957
4
-5
16
44
-4167
1163
4430982
10
-7
9
41
-4173
1161
4432007
13
-7
4
41
-4150
1173
4433032
-3
-9
2
63
-4141
1183
4434057
-19
-10
8
53
-4169
1159
4435082
-15
-9
6
36
-4175
1156
4436107
-5
-10
-2
62
-4173
1158
4437132
8
-5
6
71
-4152
1166
4438157
12
-3
19
49
-4160
1166
4439182
8
-6
15
25
-4148
1177
4440207
-4
-11
0
48
-4150
1176
4433024
-11
-9
1
65
-4172
1160
4434049
-3
-3
6
44
-4159
1166
4435074
-5
-1
7
62
-4150
1171
4436099
-7
-1
12
44
-4172
1157
4437124
-3
-1
7
30
-4161
1164
4438149
-2
-4
-3
40
-4158
1165
4439174
-5
-5
-3
66
-4155
1163
4440199
-4
-3
6
59
-4166
1166
4441224
0
-2
8
41
-4161
1161
4442249
-4
-2
3
46
-4161
1166
4443274
-5
-3
4
44
-4163
1165
4444299
-5
-4
2
43
-4158
1170
4445324
-2
-7
-1
35
-4175
1161
4446349
7
-8
-6
48
-4172
1158
4447374
9
-6
-7
73
-4140
1176
4448399
-3
-3
5
74
-4146
1180
4441378
-14
-1
12
41
-4154
1171
4442403
-19
-4
5
32
-4164
1158
4443428
-14
-4
-6
41
-4166
1165
4444453
-14
-4
-10
67
-4148
1170
4445478
-15
-3
2
74
-4160
1162
4446503
-13
-3
13
52
-4159
1154
4447528
-13
-6
13
45
-4160
1163
4448553
-8
-8
7
38
-4183
1146
4449578
1
-5
2
51
-4155
1167
4450603
-6
-4
1
54
-4156
1168
4451628
-9
-3
1
51
-4166
1160
4452653
-11
-3
-3
51
-4160
1161
4453678
-16
-3
-3
63
-4149
1162
4454703
-16
-2
8
64
-4170
1145
4455728
0
-2
13
44
-4173
1150
4456753
9
-3
6
36
-4159
1162
4449408
7
-5
2
57
-4155
1165
4450433
-4
-6
4
56
-4153
1160
4451458
-9
-6
7
54
-4163
1156
4452483
-6
-3
5
50
-4162
1157
4453508
-4
-3
4
61
-4175
1151
4454533
5
0
7
49
-4168
1165
4455558
-3
-2
2
53
-4149
1175
4456583
-13
-5
4
50
-4172
1151
4457608
-8
-6
5
45
-4178
1142
4458633
-1
-5
2
48
-4164
1151
4459658
4
-2
4
64
-4170
1155
4460683
8
0
7
51
-4157
1162
4461708
3
-3
5
46
-4161
1161
4462733
2
-8
1
45
-4170
1155
4463758
5
-10
-1
68
-4162
1155
4464783
13
-3
7
59
-4167
1159
4457600
13
1
7
50
-4158
1160
4458625
3
0
3
47
-4153
1168
4459650
-8
-1
1
51
-4159
1169
4460675
-15
-2
0
53
-4156
1168
4461700
-20
-5
1
58
-4172
1157
4462725
-10
-7
3
59
-4174
1147
4463750
2
-10
10
62
-4165
1146
4464775
15
-8
18
54
-4168
1152
4465800
19
-6
13
36
-4160
1170
4466825
7
-7
-2
32
-4151
1179
4467850
-11
-9
-11
62
-4158
1165
4468875
-14
-5
-2
60
-4164
1159
4469900
-7
-4
5
64
-4164
1148
4470925
5
-2
10
55
-4180
1137
4471950
18
-1
5
41
-4162
1162
4472975
7
-3
-3
61
-4135
1182
4465792
-14
-2
5
74
-4155
1169
4466817
-22
-2
13
54
-4152
1174
4467842
-31
0
10
56
-4167
1157
4468867
-37
9
3
66
-4140
1187
4469892
-74
22
5
73
-4134
1180
4470917
-106
32
12
38
-4163
1162
4471942
-133
27
4
48
-4149
1141
4472967
-137
19
13
50
-4187
1090
4473992
-88
7
32
35
-4234
1039
4475017
-6
-3
36
5
-4244
1050
4476042
62
-14
11
0
-4215
1075
4477067
95
-22
-12
33
-4186
1114
4478092
111
-26
-11
75
-4176
1123
4479117
132
-19
8
69
-4175
1138
4480142
131
-8
23
60
-4143
1188
4481167
90
6
34
60
-4116
1206
4473984
43
12
34
35
-4126
1201
4475009
3
17
22
52
-4138
1184
4476034
-13
33
21
68
-4143
1171
4477059
-26
36
26
86
-4078
1234
4478084
-69
2
85
136
-4167
1110
4479109
17
3
196
66
-4280
1063
4480134
117
11
240
-20
-4198
1113
4481159
177
21
220
-79
-4173
1184
4482184
161
11
164
-137
-4170
1209
4483209
132
-7
81
-158
-4156
1216
4484234
86
-26
-1
-142
-4121
1271
4485259
5
-54
-57
-51
-4120
1238
4486284
-28
-62
-42
10
-4175
1196
4487309
-8
-56
2
-13
-4181
1177
4488334
29
-54
23
-59
-4173
1177
4489359
59
-55
8
-61
-4167
1192
4482177
71
-58
-11
-49
-4161
1216
4483202
71
-56
-17
-39
-4176
1199
4484227
85
-37
-26
-56
-4130
1261
4485252
40
-35
-45
-2
-4065
1307
4486277
-28
-29
-25
30
-4115
1269
4487302
-63
-17
6
27
-4112
1258
4488327
-83
-3
35
9
-4116
1240
4489352
-86
13
49
0
-4139
1213
4490377
-62
32
66
-8
-4188
1182
4491402
-36
51
81
-32
-4176
1194
4492427
-22
57
80
-87
-4178
1187
4493452
-12
51
36
-132
-4168
1206
4494477
-24
34
-24
-118
-4171
1209
4495502
-58
34
-67
-101
-4149
1220
4496527
-91
38
-101
4
-4118
1194
4497552
-92
71
-59
41
-4156
1182
4490369
-93
111
-23
-43
-4132
1186
4491394
-102
128
-39
-31
-4156
1183
4492419
-113
144
-27
26
-4162
1159
4493444
-104
171
26
-2
-4134
1164
4494469
-109
174
58
-56
-4180
1154
4495494
-113
169
49
-104
-4192
1159
4496519
-152
148
-1
-97
-4120
1197
4497544
-211
105
-4
-24
-4182
1108
4498569
-181
81
43
-77
-4261
1025
4499594
-85
48
34
-119
-4251
999
4500619
45
15
1
-81
-4283
983
4501644
181
7
4
-50
-4283
987
4502669
302
24
13
-100
-4247
1056
4503694
383
35
-34
-135
-4185
1134
4504719
413
38
-97
-54
-4119
1219
4505744
356
62
-92
33
-4045
1323
4498560
241
82
-6
13
-4078
1300
4499585
197
89
34
-126
-4128
1231
4500610
265
57
-6
-81
-4228
1201
4501635
322
72
-34
-61
-4112
1308
4502660
323
99
-55
-90
-4055
1280
4503685
449
102
-88
-70
-4322
1195
4504710
649
113
-145
6
-4211
1276
4505735
763
170
-116
23
-4025
1522
4506760
668
211
-90
-27
-3942
1671
4507785
515
209
-111
-57
-3894
1732
4508810
351
187
-111
23
-3900
1767
4509835
196
179
-44
-7
-3949
1706
4510860
127
150
-8
-98
-4025
1683
4511885
73
101
-47
-60
-3944
1682
4512910
46
77
-31
3
-4021
1619
4513935
73
90
1
-77
-4067
1633
4506752
65
84
-36
-142
-3996
1699
4507777
13
52
-96
-64
-3959
1692
4508802
-40
41
-89
9
-3987
1704
4509827
-81
39
-50
29
-3958
1679
4510852
-91
41
3
61
-3983
1688
4511877
-140
58
54
-37
-3974
1672
4512902
-156
53
57
-18
-4044
1600
4513927
-123
55
77
40
-4002
1565
4514952
-45
67
151
-47
-4122
1496
4515977
58
71
153
-140
-4103
1581
4517002
65
72
91
-130
-3955
1701
4518027
-14
58
64
-119
-3998
1664
4519052
-47
46
38
-127
-4030
1591
4520077
-3
37
15
-141
-4096
1547
4521102
70
28
-19
-111
-4063
1600
4522127
118
24
-48
-142
-4052
1528
4514945
277
12
-104
-101
-4155
1486
4515970
450
20
-127
-18
-4054
1629
4516995
478
48
-84
-58
-3924
1783
4518020
438
45
-80
-65
-3966
1776
4519045
417
32
-90
-44
-3872
1881
4520070
311
32
-53
-30
-3813
1936
4521095
191
31
-8
-76
-3893
1900
4522120
199
-8
-20
-89
-3984
1723
4523145
330
-1
-45
3
-3975
1935
4524170
203
39
-4
47
-3685
2060
4525195
41
50
75
-66
-3908
1953
4526220
-7
37
52
-109
-3910
1933
4527245
-39
22
22
-51
-3839
1953
4528270
-97
28
40
-38
-3856
1949
4529295
-135
39
61
-95
-3933
1874
4530320
-111
37
48
-106
-3957
1828
4523136
-72
30
37
-62
-3901
1885
4524161
-89
32
59
-90
-3892
1912
4525186
-118
27
55
-134
-3934
1872
4526211
-123
18
26
-155
-3933
1857
4527236
453
-270
107
438
-3200
1296
4528261
1143
-144
528
-550
-4659
2316
4529286
282
-38
102
-490
-4502
2207
4530311
-344
52
-301
-293
-3319
2126
4531336
-557
53
-397
128
-3883
2006
4532361
-495
161
-70
302
-3912
1683
4533386
-85
73
166
-374
-3696
1874
4534411
16
-51
28
-37
-4058
1917
4535436
-83
-6
24
-76
-3838
1823
4536461
21
8
45
-108
-4002
1845
4537486
22
18
-3
-225
-3911
1928
4538511
-139
20
-106
-76
-3830
2040
4531328
-385
39
-106
-102
-3798
1875
4532353
-289
10
-52
31
-4074
1705
4533378
-161
9
30
-169
-3968
1812
4534403
-159
-27
-11
-60
-3921
1781
4535428
-130
-16
11
-73
-4008
1743
4536453
-85
-8
21
-107
-3999
1753
4537478
-14
-4
11
118
-3403
1626
4538503
413
-148
164
-181
-3437
1874
4539528
427
-319
76
-361
-4586
1926
4540553
266
-424
-124
-182
-4009
1909
4541578
91
-221
-46
172
-4039
1835
4542603
-8
308
-147
124
-4120
1793
4543628
-19
402
-67
-201
-3852
1903
4544653
-43
161
137
166
-3744
1914
4545678
-121
218
231
-273
-4112
1869
4546703
-94
114
96
-129
-3966
1806
4539520
22
32
82
-145
-3927
1843
4540545
62
-65
132
-97
-3886
1845
4541570
59
-28
91
-286
-4009
1834
4542595
57
14
-62
-49
-3871
1889
4543620
40
28
22
-98
-3882
1889
4544645
-3
25
99
-71
-3771
1896
4545670
-13
105
159
-254
-4032
1888
4546695
-17
-11
35
-297
-4087
1925
4547720
-74
-130
-93
-69
-4037
1828
4548745
-87
-44
-31
-174
-3976
1795
4549770
-49
84
-9
-143
-3898
1828
4550795
-7
117
-61
-176
-3857
1858
4551820
12
13
-14
-173
-3902
1859
4552845
69
-37
84
-86
-3969
1869
4553870
107
-88
26
-122
-3928
1855
4554895
