Device = VHR-0009
time_stamp = 1779957441373
sample_rate = 50
Data format = INT16
TYPE = 6-AXIS IMU RAW DATA
16
-20
-16
2089
-790
3521
10935936
-22
-12
-17
2084
-800
3528
10936961
-33
-10
-17
2060
-848
3546
10937986
-9
-7
-13
2063
-817
3535
10939011
-10
-5
-9
2079
-787
3528
10940036
-23
-4
-7
2081
-805
3535
10941061
-13
-4
-9
2070
-833
3564
10942086
15
-4
-10
2049
-817
3568
10943111
11
-7
-11
2049
-770
3557
10944136
-23
-10
-10
2070
-802
3570
10945161
-26
-15
-8
2089
-833
3555
10946186
-8
-18
-6
2084
-798
3536
10947211
-6
-20
-2
2066
-811
3546
10948236
-2
-19
2
2068
-802
3538
10949261
-7
-14
0
2087
-774
3522
10950286
-28
-8
1
2091
-746
3525
10951311
-29
-5
11
2067
-812
3543
10944128
1
-5
16
2085
-823
3535
10945153
19
-4
26
2111
-784
3522
10946178
2
2
32
2103
-771
3515
10947203
-10
4
35
2063
-855
3546
10948228
14
3
28
2046
-888
3551
10949253
36
5
23
2046
-841
3554
10950278
10
3
15
2071
-816
3554
10951303
-26
4
14
2087
-804
3537
10952328
-45
5
16
2086
-832
3525
10953353
-11
3
15
2064
-913
3555
10954378
56
3
13
2057
-839
3561
10955403
40
5
14
2068
-740
3530
10956428
-32
9
16
2082
-768
3531
10957453
-41
9
17
2067
-918
3570
10958478
31
6
12
2056
-881
3567
10959503
60
4
13
2059
-757
3558
10952320
3
0
13
2069
-769
3557
10953345
-25
-2
13
2077
-855
3568
10954370
4
-6
11
2056
-865
3565
10955395
24
-11
8
2048
-843
3567
10956420
17
-12
6
2069
-802
3542
10957445
-10
-6
6
2082
-801
3506
10958470
5
-4
12
2051
-863
3524
10959495
38
-8
4
2062
-849
3564
10960520
27
-1
-4
2085
-774
3545
10961545
-17
6
-5
2080
-738
3516
10962570
-24
5
3
2047
-808
3503
10963595
52
-1
21
2044
-882
3598
10964620
61
1
15
2077
-804
3634
10965645
6
8
12
2095
-762
3521
10966670
-33
10
11
2042
-818
3538
10967695
-24
3
1
2054
-857
3582
10960512
12
0
2
2038
-851
3588
10961537
20
-3
-2
2065
-793
3567
10962562
-15
2
-3
2062
-788
3539
10963587
-30
-1
-2
2040
-840
3546
10964612
18
-19
6
2060
-844
3563
10965637
52
-30
10
2073
-808
3605
10966662
5
-25
-3
2093
-818
3589
10967687
-12
-18
-4
2068
-822
3531
10968712
18
-14
3
2032
-829
3438
10969737
96
-46
45
2035
-784
3526
10970762
51
-46
30
2133
-762
3633
10971787
-57
-32
-5
2119
-912
3652
10972812
-11
-33
-17
2082
-894
3572
10973837
19
-30
-29
2047
-748
3483
10974862
6
-19
-24
2051
-695
3481
10975887
-21
-5
-20
2063
-777
3548
10968704
-17
-15
-28
2081
-865
3574
10969729
81
-44
-5
2079
-822
3559
10970754
89
-52
16
2061
-819
3381
10971779
67
-49
38
2075
-774
3491
10972804
86
-69
21
2175
-786
3690
10973829
159
-110
24
2174
-752
3698
10974854
220
-130
61
2039
-651
3645
10975879
-37
-121
9
2028
-847
3534
10976904
-111
-82
-8
2125
-830
3430
10977929
31
-49
31
2126
-665
3321
10978954
166
-32
78
2093
-739
3336
10979979
159
-14
61
2195
-699
3481
10981004
16
-15
4
2313
-740
3619
10982029
3
-24
3
2202
-811
3656
10983054
29
-23
28
2064
-731
3533
10984079
-19
-16
34
2042
-681
3432
10976896
-46
-16
17
2126
-761
3444
10977921
40
-15
28
2107
-771
3564
10978946
116
-31
54
2130
-628
3630
10979971
19
-32
58
2166
-632
3517
10980996
-49
-18
57
2147
-840
3456
10982021
-10
-11
31
2163
-835
3462
10983046
14
-11
16
2158
-769
3513
10984071
27
-2
26
2131
-699
3533
10985096
5
-4
18
2101
-777
3530
10986121
4
-7
10
2118
-780
3511
10987146
5
6
20
2128
-672
3464
10988171
-28
19
13
2128
-734
3495
10989196
-1
21
7
2137
-813
3590
10990221
62
2
20
2142
-711
3632
10991246
33
-23
23
2141
-705
3584
10992271
9
-28
24
2086
-744
3537
10985089
-16
-25
22
2094
-781
3469
10986114
-21
-14
20
2114
-840
3462
10987139
38
-10
13
2141
-790
3545
10988164
53
-19
2
2151
-692
3586
10989189
13
-30
5
2160
-680
3525
10990214
-33
-25
7
2147
-743
3478
10991239
-44
-15
-2
2146
-814
3495
10992264
3
-16
1
2145
-757
3515
10993289
22
-23
2
2145
-723
3501
10994314
22
-26
6
2153
-727
3521
10995339
16
-27
9
2147
-728
3538
10996364
-16
-21
3
2139
-746
3503
10997389
-39
-10
0
2143
-775
3448
10998414
-19
-4
4
2167
-754
3441
10999439
21
-7
9
2185
-747
3520
11000464
49
-13
9
2150
-688
3595
10993281
30
-21
18
2112
-649
3614
10994306
-5
-39
33
2106
-727
3574
10995331
26
-57
47
2135
-762
3554
10996356
66
-70
59
2165
-711
3540
10997381
55
-76
60
2170
-720
3532
10998406
38
-84
57
2161
-775
3510
10999431
47
-89
57
2172
-768
3472
11000456
48
-84
54
2185
-743
3441
11001481
39
-75
50
2170
-757
3443
11002506
24
-64
37
2184
-799
3434
11003531
21
-53
22
2195
-793
3423
11004556
26
-42
14
2207
-753
3413
11005581
19
-25
12
2200
-697
3415
11006606
-21
-8
4
2206
-716
3413
11007631
-27
6
7
2208
-768
3427
11008656
-1
18
9
2205
-736
3439
11001473
13
22
8
2192
-734
3476
11002498
15
26
9
2179
-726
3496
11003523
-1
19
10
2186
-720
3526
11004548
-25
7
17
2206
-751
3510
11005573
-29
3
19
2195
-759
3482
11006598
-17
1
12
2175
-755
3491
11007623
-2
-4
6
2170
-777
3511
11008648
5
-8
-1
2194
-744
3507
11009673
-1
-7
4
2188
-690
3456
11010698
-37
5
11
2180
-675
3400
11011723
-33
12
20
2191
-813
3455
11012748
37
9
18
2204
-815
3561
11013773
58
-3
23
2204
-674
3546
11014798
-16
-3
26
2168
-680
3447
11015823
-47
5
21
2147
-815
3449
11016848
3
5
11
2173
-802
3485
11009665
23
12
12
2197
-695
3459
11010690
-18
18
15
2188
-734
3453
11011715
-16
18
14
2185
-799
3501
11012740
12
17
15
2195
-734
3494
11013765
13
17
23
2169
-702
3457
11014790
-22
22
24
2167
-689
3461
11015815
-33
23
29
2169
-796
3536
11016840
19
15
25
2159
-827
3557
11017865
54
15
31
2144
-744
3481
11018890
31
19
41
2142
-731
3465
11019915
0
11
27
2177
-816
3553
11020940
24
2
16
2182
-793
3590
11021965
-3
-8
17
2162
-779
3500
11022990
-23
-20
10
2142
-818
3481
11024015
14
-26
4
2160
-768
3537
11025040
44
-21
11
2139
-687
3556
11017855
15
-28
7
2152
-724
3544
11018880
1
-38
12
2176
-739
3495
11019905
-26
-35
20
2202
-787
3402
11020930
-64
15
10
2348
-940
3324
11021955
-65
213
40
2455
-1058
2815
11022980
-370
690
-94
2203
-307
1555
11024005
-1456
1476
-358
2468
1445
153
11025030
-1194
1536
-5
3567
-1243
3115
11026055
-943
496
-255
-1147
-2908
14504
11027080
-4163
166
-468
1240
666
1726
11028105
-535
-272
-362
3005
-5853
621
11029130
1358
9
-68
803
-45
3402
11030155
362
-370
-20
1646
-930
4368
11031180
1134
-492
-95
1991
-2183
3984
11032205
1936
-616
254
2034
742
3772
11033230
1142
-654
405
1923
293
3443
11026048
420
-542
325
1845
-1397
3891
11027073
445
-662
276
2441
-968
4579
11028098
216
-782
308
2569
-899
3414
11029123
-15
-656
244
1933
-1252
2582
11030148
146
-552
83
2214
-1130
3157
11031173
299
-549
-32
2484
-967
4008
11032198
176
-529
11
2298
-613
3441
11033223
-169
-379
-2
2129
-731
2754
11034248
-193
-204
-25
2225
-844
2675
11035273
-214
-66
11
2469
-726
2621
11036298
-193
32
8
2586
-1123
2887
11037323
118
73
-39
2607
-1083
3200
11038348
381
52
-34
2499
-798
3350
11039373
240
34
-48
2375
-572
3469
11040398
-14
23
-45
2221
-757
3464
11041423
-50
2
-33
2172
-902
3494
11034240
-48
-1
-37
2212
-919
3429
11035265
9
9
-19
2287
-823
3235
11036290
47
41
0
2367
-754
3181
11037315
12
75
-11
2410
-864
3309
11038340
44
69
-17
2412
-931
3412
11039365
92
48
-23
2392
-777
3373
11040390
4
37
-30
2345
-775
3307
11041415
6
53
-33
2293
-945
3329
11042440
200
46
-21
2269
-865
3429
11043465
282
36
-2
2252
-655
3417
11044490
160
49
-5
2285
-674
3359
11045515
76
59
-8
2315
-848
3396
11046540
163
46
-6
2339
-875
3437
11047565
294
-5
0
2329
-776
3434
11048590
353
-42
-14
2329
-830
3397
11049615
421
-18
-24
2307
-721
3389
11042432
418
-2
-9
2270
-562
3423
11043457
299
5
-4
2270
-523
3433
11044482
154
14
4
2273
-563
3400
11045507
92
31
-3
2295
-624
3416
11046532
96
31
-15
2327
-649
3525
11047557
105
8
-35
2324
-620
3501
11048582
105
0
-39
2303
-565
3366
11049607
108
5
-25
2282
-519
3398
11050632
23
-1
-25
2290
-571
3501
11051657
42
-25
-16
2293
-639
3501
11052682
150
-34
5
2271
-508
3496
11053707
146
-30
17
2272
-368
3434
11054732
14
-15
30
2282
-382
3401
11055757
-90
-15
33
2304
-634
3411
11056782
-10
-40
24
2345
-778
3433
11057807
92
-49
6
2349
-597
3452
11050903
62
-57
-13
2343
-469
3454
11051928
-39
-52
-18
2316
-457
3388
11052953
-113
-42
-11
2310
-564
3334
11053978
-66
-35
-8
2292
-664
3373
11055003
6
-32
-17
2312
-583
3427
11056028
0
-31
-14
2349
-466
3399
11057053
-56
-22
0
2369
-497
3333
11058078
-61
-12
3
2347
-595
3371
11059103
-6
-18
8
2344
-578
3426
11060128
-5
-20
15
2348
-489
3367
11061153
-45
-9
24
2344
-457
3239
11062178
-57
25
42
2344
-519
3231
11063203
-37
51
35
2349
-645
3398
11064228
7
46
30
2343
-626
3502
11065253
8
35
39
2326
-518
3407
11066278
-53
50
48
2294
-513
3283
11058817
-62
71
45
2284
-689
3384
11059842
-10
62
33
2301
-712
3557
11060867
-10
31
12
2304
-681
3559
11061892
-45
8
-2
2288
-661
3445
11062917
-69
8
-13
2278
-680
3378
11063942
-50
18
-16
2286
-645
3359
11064967
-26
27
-17
2293
-629
3389
11065992
-20
24
-26
2308
-647
3482
11067017
-5
13
-26
2313
-619
3496
11068042
-4
4
-17
2301
-572
3457
11069067
-28
2
-13
2262
-611
3434
11070092
-21
-5
-12
2263
-638
3438
11071117
-9
-8
-19
2287
-638
3419
11072142
-6
-7
-26
2303
-608
3401
11073167
-3
3
-22
2304
-561
3368
11074192
-12
7
-22
2303
-545
3397
11067007
-21
2
-33
2324
-611
3440
11068032
-5
4
-36
2277
-596
3448
11069057
-9
4
-32
2227
-517
3408
11070082
-47
9
-29
2245
-426
3394
11071107
-85
19
-24
2319
-466
3407
11072132
-94
33
-16
2374
-468
3379
11073157
-131
44
0
2367
-498
3343
11074182
-154
50
25
2339
-604
3341
11075207
-104
58
47
2303
-631
3382
11076232
-78
66
58
2286
-608
3395
11077257
-78
76
68
2276
-655
3411
11078282
-67
86
83
2240
-639
3426
11079307
-70
93
91
2228
-684
3435
11080332
-62
98
75
2243
-729
3494
11081357
-75
90
58
2254
-722
3522
11082382
-89
68
65
2223
-743
3514
11075200
-65
50
68
2185
-795
3550
11076225
-30
34
68
2162
-798
3547
11077250
-26
26
69
2177
-748
3481
11078275
-34
20
59
2208
-875
3483
11079300
-4
15
31
2239
-868
3451
11080325
-38
59
8
2266
-772
3376
11081350
-158
159
-27
2280
-781
3337
11082375
-417
333
-87
2397
-805
3181
11083400
-725
801
-177
2777
-131
1899
11084425
-1004
1525
-189
2047
1457
922
11085450
-1356
1560
130
2194
-1126
2432
11086475
-2024
884
-537
752
-3734
10999
11087500
-3485
185
-8
875
2023
3941
11088525
-598
-358
-446
2712
-8543
744
11089550
1317
78
-276
1094
-432
3611
11090575
286
-241
-121
2090
970
3661
11083392
280
-345
-361
1764
-3117
4138
11084417
1342
-387
42
1651
-151
3684
11085442
1046
-437
156
2103
103
3222
11086467
676
-409
157
1792
-1047
3971
11087492
635
-415
236
2058
-635
4328
11088517
7
-466
194
2366
-877
3599
11089542
-24
-476
105
2187
-1434
3067
11090567
450
-454
71
2177
-1143
3334
11091592
382
-393
-26
2107
-717
3438
11092617
172
-315
-25
2105
-771
3432
11093642
50
-276
-12
2120
-811
3428
11094667
-47
-228
-16
2206
-933
3209
11095692
-21
-141
-20
2239
-910
3113
11096717
89
-119
-40
2295
-879
3422
11097742
169
-132
-43
2351
-746
3533
11098767
47
-99
-26
2284
-650
3301
11091584
-92
-38
-15
2197
-839
3155
11092609
-37
-10
-21
2207
-913
3375
11093634
12
-9
-27
2279
-868
3651
11094659
28
-51
12
2286
-806
3589
11095684
-25
-69
28
2206
-876
3354
11096709
19
-51
34
2213
-904
3101
11097734
75
-1
29
2268
-741
3129
11098759
-49
57
9
2342
-863
3386
11099784
-55
46
13
2333
-1056
3568
11100809
38
20
14
2264
-944
3476
11101834
38
11
18
2208
-828
3340
11102859
-19
24
3
2187
-914
3429
11103884
-22
23
-20
2210
-942
3528
11104909
14
5
-11
2232
-883
3514
11105934
8
-17
-2
2248
-765
3434
11106959
-76
-28
-7
2264
-855
3359
11099776
-31
-27
2
2229
-990
3369
11100801
43
-16
-17
2247
-908
3366
11101826
38
-8
-17
2254
-842
3403
11102851
-8
-9
-8
2292
-885
3458
11103876
-40
0
-9
2252
-890
3421
11104901
-47
3
-14
2194
-854
3345
11105926
-30
4
-13
2194
-905
3324
11106951
3
21
-22
2255
-890
3398
11107976
24
22
-19
2271
-879
3499
11109001
25
4
-16
2272
-803
3518
11110026
-5
-11
-10
2247
-813
3436
11111051
-1
-7
3
2246
-800
3305
11112076
38
15
30
2243
-812
3243
11113101
82
35
38
2246
-850
3352
11114126
52
36
21
2287
-874
3524
11115151
29
17
16
2275
-921
3513
11107968
84
-14
21
2248
-871
3425
11108993
37
-12
18
2204
-814
3358
11110018
-51
13
1
2213
-890
3369
11111043
-32
36
4
2240
-912
3375
11112068
14
47
8
2251
-855
3405
11113093
-17
42
1
2251
-868
3428
11114118
-38
38
-10
2241
-894
3463
11115143
-34
31
-18
2225
-839
3474
11116168
-41
25
-10
2225
-813
3440
11117193
-40
26
2
2200
-860
3439
11118218
-15
21
3
2187
-866
3479
11119243
6
12
7
2179
-858
3479
11120268
14
4
15
2205
-813
3431
11121293
11
-1
27
2210
-838
3456
11122318
6
-7
17
2235
-888
3499
11123343
13
-20
10
2207
-884
3482
11116160
-3
-23
13
2186
-878
3398
11117185
-6
-9
13
2188
-866
3395
11118210
16
-9
14
2230
-839
3454
11119235
4
-8
15
2234
-835
3461
11120260
-34
-6
9
2206
-865
3425
11121285
-36
-7
11
2207
-879
3424
11122310
-4
-6
15
2233
-882
3448
11123335
0
-2
17
2241
-857
3414
11124360
-24
1
9
2222
-884
3404
11125385
-23
1
2
2208
-904
3421
11126410
3
0
8
2207
-885
3423
11127435
21
-2
11
2219
-846
3402
11128460
-1
5
10
2226
-867
3435
11129485
-21
12
5
2226
-895
3474
11130510
-19
9
6
2209
-886
3456
11131535
8
-4
17
2198
-874
3434
11124353
23
-6
18
2199
-843
3448
11125378
-3
1
10
2203
-843
3462
11126403
-30
1
11
2209
-873
3458
11127428
-42
2
7
2218
-912
3436
11128453
-16
-8
4
2230
-920
3416
11129478
21
-9
12
2211
-866
3420
11130503
-2
-3
4
2207
-883
3437
11131528
-21
1
-2
2214
-896
3428
11132553
-18
8
2
2209
-845
3370
11133578
-3
13
10
2200
-855
3401
11134603
1
14
3
2200
-889
3495
11135628
-14
10
-2
2200
-901
3489
11136653
-28
8
-1
2211
-875
3444
11137678
-22
3
6
2201
-913
3430
11138703
12
-3
11
2186
-916
3458
11139728
32
-7
9
2193
-886
3494
11132543
-4
-12
4
2218
-879
3472
11133568
-41
-11
-1
2222
-923
3430
11134593
-6
-13
1
2214
-881
3414
11135618
24
-13
4
2191
-861
3423
11136643
5
-12
-1
2206
-882
3470
11137668
-10
-16
-5
2231
-901
3473
11138693
-24
-18
-7
2224
-836
3388
11139718
-21
-19
1
2220
-844
3344
11140743
10
-22
17
2226
-843
3369
11141768
10
9
18
2299
-831
3387
11142793
-57
208
-18
2455
-832
3356
11143818
-272
606
-43
2624
-783
2223
11144843
-795
1307
-237
1995
502
1076
11145868
-1157
1587
-124
1880
114
1950
11146893
-1416
778
-466
2061
-5129
9511
11147918
-2638
104
-313
29
2386
8553
11140737
-1987
-527
-306
3131
-5348
-1221
11141762
257
-132
-790
1555
-4274
1637
11142787
1579
-50
296
1703
2164
2956
11143812
360
-292
-71
2407
-641
3527
11144837
450
-32
8
1865
-1494
3403
11145862
1131
56
353
1796
-529
3143
11146887
1055
-12
364
1770
-943
3903
11147912
861
-110
277
2283
-891
4702
11148937
239
-219
225
2338
-879
4259
11149962
-44
-317
134
2014
-1598
3504
11150987
272
-309
119
1950
-1328
3254
11152012
472
-256
29
2019
-917
3208
11153037
472
-197
33
1919
-748
3614
11154062
238
-184
23
2039
-845
3760
11155087
-22
-141
20
2088
-835
3519
11156112
-75
-92
-21
2106
-1104
3325
11148928
100
-37
-35
2127
-887
3303
11149953
35
5
-24
2187
-737
3362
11150978
-109
52
-33
2179
-918
3512
11152003
27
18
-43
2131
-1005
3750
11153028
249
-55
-8
2060
-769
3742
11154053
58
-57
-2
2012
-605
3510
11155078
-205
-13
13
1986
-968
3335
11156103
-159
15
8
2052
-1143
3331
11157128
32
21
-4
2147
-1037
3454
11158153
172
-4
8
2213
-817
3652
11159178
81
-25
16
2115
-754
3616
11160203
-89
-29
5
2083
-874
3414
11161228
-33
-11
28
2065
-1002
3433
11162253
30
-5
0
2104
-967
3589
11163278
-20
-12
-15
2108
-948
3557
11164303
-7
-20
1
2101
-902
3507
11157119
-3
-32
-4
2095
-907
3523
11158144
16
-38
1
2111
-957
3499
11159169
38
-29
16
2107
-822
3443
11160194
-39
-14
14
2128
-960
3434
11161219
13
-7
11
2138
-1007
3475
11162244
84
-20
4
2133
-876
3560
11163269
7
-23
-14
2122
-885
3561
11164294
-49
-22
-14
2102
-938
3479
11165319
23
-22
14
2061
-879
3459
11166344
44
-21
21
2106
-862
3513
11167369
-10
-21
4
2162
-929
3529
11168394
-33
-18
-1
2153
-924
3471
11169419
-28
-18
4
2138
-887
3427
11170444
-14
-9
11
2127
-905
3439
11171469
6
-6
7
2136
-906
3495
11172494
16
1
10
2118
-892
3491
11165312
14
15
12
2100
-910
3449
11166337
14
17
5
2103
-921
3466
11167362
1
15
-2
2129
-919
3541
11168387
-27
11
-12
2141
-913
3543
11169412
-36
3
-9
2117
-927
3503
11170437
-10
-6
-3
2095
-905
3495
11171462
0
-3
2
2101
-870
3514
11172487
-5
-5
8
2121
-889
3524
11173512
-2
-8
12
2132
-911
3503
11174537
8
-8
17
2091
-934
3487
11175562
23
-9
14
2084
-919
3512
11176587
17
-13
6
2123
-914
3535
11177612
4
-14
6
2154
-886
3486
11178637
-27
-9
6
2149
-909
3455
11179662
-25
-9
3
2110
-957
3450
11180687
23
-2
4
2100
-922
3481
11173504
34
4
0
2110
-854
3513
11174529
-6
3
0
2118
-868
3523
11175554
-26
0
6
2108
-955
3523
11176579
1
-6
2
2108
-949
3510
11177604
21
-9
3
2137
-868
3508
11178629
-7
-8
4
2147
-866
3488
11179654
-31
-6
11
2118
-907
3463
11180679
-4
-5
19
2101
-928
3495
11181704
32
-13
22
2095
-939
3569
11182729
44
-24
18
2112
-914
3566
11183754
9
-29
13
2140
-881
3487
11184779
-30
-28
12
2130
-913
3427
11185804
-7
-19
15
2122
-974
3480
11186829
56
-24
14
2127
-907
3541
11187854
44
-32
14
2135
-859
3518
11188879
-12
-22
10
2132
-905
3436
11181696
-38
-10
4
2126
-937
3401
11182721
7
-6
5
2131
-923
3520
11183746
54
-21
13
2139
-882
3599
11184771
36
-37
15
2125
-854
3547
11185796
-33
-37
8
2112
-926
3472
11186821
-29
-35
0
2116
-974
3472
11187846
33
-40
6
2137
-880
3507
11188871
41
-43
15
2163
-838
3498
11189896
5
-41
13
2157
-892
3491
11190921
-11
-40
9
2133
-938
3472
11191946
9
-39
11
2141
-911
3432
11192971
20
-37
19
2171
-881
3431
11193996
21
-30
25
2175
-907
3449
11195021
9
-21
15
2174
-909
3442
11196046
-16
-14
-1
2162
-924
3451
11197071
-30
-6
-10
2159
-905
3430
11189888
-8
-1
-1
2154
-889
3421
11190913
4
1
0
2149
-897
3500
11191938
-3
0
-3
2149
-898
3534
11192963
-13
1
4
2148
-861
3487
11193988
-21
-6
7
2161
-904
3499
11195013
14
-21
13
2164
-926
3501
11196038
34
-24
22
2144
-893
3472
11197063
6
-20
12
2139
-921
3471
11198088
9
-20
5
2152
-925
3485
11199113
2
-18
-3
2193
-879
3458
11200138
-43
1
-6
2208
-885
3404
11201163
-65
56
-31
2209
-961
3425
11202188
-89
156
-55
2206
-991
3441
11203213
-325
373
-81
2440
-700
2953
11204238
-938
891
-91
2393
-343
1615
11205263
-1153
1397
-181
1779
4
1935
11198081
-547
1246
-67
2816
-1188
3766
11199106
-338
473
-77
742
-2616
10705
11200131
-3148
-208
-211
-436
2158
6308
11201156
-2105
-678
-276
3567
-5999
-2019
11202181
1277
-189
-232
1185
-2448
1948
11203206
1051
-213
376
2165
1005
3189
11204231
262
-324
-96
2363
-2307
4233
11205256
1057
-259
41
1935
-1420
3661
11206281
1281
-290
187
2042
-577
2835
11207306
971
-273
171
1748
-685
3801
11208331
597
-279
150
2142
-853
4358
11209356
40
-292
106
2204
-1057
3677
11210381
-181
-291
74
1979
-1290
3225
11211406
11
-252
9
2135
-1402
3230
11212431
262
-191
-53
2161
-1071
3453
11213456
165
-160
-59
2145
-737
3532
11206273
-103
-140
-85
2133
-983
3572
11207298
-4
-141
-59
2092
-1028
3403
11208323
211
-134
-1
2140
-774
3293
11209348
244
-80
17
2179
-907
3353
11210373
215
-11
37
2194
-838
3342
11211398
76
53
49
2195
-828
3375
11212423
-7
51
48
2168
-940
3516
11213448
-8
26
40
2157
-988
3599
11214473
-24
-3
16
2102
-1128
3627
11215498
42
-29
7
2059
-1122
3534
11216523
111
-38
15
2103
-976
3372
11217548
15
-13
1
2130
-871
3384
11218573
-109
9
-13
2180
-976
3380
11219598
-45
22
-4
2153
-1004
3464
11220623
-10
14
-33
2152
-1032
3571
11221648
67
-2
-14
2122
-963
3613
11214464
36
-8
-10
2078
-867
3439
11215489
-66
7
-3
2144
-886
3225
11216514
-58
32
18
2162
-986
3345
11217539
-4
38
6
2167
-1078
3638
11218564
100
5
12
2126
-1008
3701
11219589
75
-32
1
2101
-879
3534
11220614
-45
-30
-4
2110
-952
3308
11221639
-54
-5
-6
2127
-1020
3349
11222664
12
12
-1
2158
-966
3507
11223689
17
4
2
2164
-950
3588
11224714
-29
-15
-2
2155
-947
3537
11225739
-28
-30
-2
2127
-1013
3476
11226764
28
-29
5
2103
-966
3403
11227789
27
-14
8
2124
-909
3416
11228814
-32
0
2
2160
-971
3485
11229839
-36
5
0
2159
-991
3479
11222656
10
-6
5
2134
-973
3456
11223681
55
-11
13
2117
-941
3472
11224706
9
-1
13
2129
-936
3459
11225731
-40
7
5
2146
-997
3449
11226756
-17
7
3
2156
-993
3444
11227781
17
-1
4
2145
-977
3487
11228806
41
-8
15
2117
-966
3497
11229831
9
-5
9
2118
-966
3463
11230856
-21
0
-1
2141
-979
3471
11231881
-11
1
0
2154
-974
3438
11232906
19
4
4
2133
-966
3464
11233931
26
3
3
2135
-944
3527
11234956
-4
3
2
2143
-949
3516
11235981
-31
2
-5
2138
-969
3453
11237006
-3
0
5
2143
-972
3428
11238031
24
0
12
2114
-946
3494
11230849
1
-4
2
2126
-972
3537
11231874
-13
-7
-3
2142
-960
3481
11232899
-21
-4
-2
2150
-946
3402
11233924
-7
2
7
2126
-999
3430
11234949
26
7
6
2116
-982
3505
11235974
13
1
-3
2139
-911
3522
11236999
-26
-4
0
2142
-903
3466
11238024
-39
3
10
2139
-984
3426
11239049
-4
8
13
2124
-1018
3488
11240074
23
-4
13
2128
-955
3535
11241099
8
-14
15
2138
-914
3502
11242124
-39
-5
9
2131
-980
3446
11243149
-33
1
-6
2120
-1050
3485
11244174
11
-8
-8
2123
-981
3500
11245199
15
-13
-4
2129
-948
3482
11246224
-17
-9
-2
2148
-951
3422
11239040
-26
3
1
2137
-990
3417
11240065
8
8
1
2122
-984
3508
11241090
30
0
3
2126
-971
3555
11242115
8
-10
6
2137
-942
3487
11243140
-39
-10
-1
2133
-984
3416
11244165
-23
-7
-11
2127
-1004
3481
11245190
10
-12
-14
2128
-972
3519
11246215
12
-19
-8
2153
-899
3452
11247240
-5
-17
11
2172
-891
3416
11248265
-10
-9
17
2146
-936
3451
11249290
10
-6
19
2118
-963
3499
11250315
13
-3
16
2107
-986
3478
11251340
24
-9
17
2124
-979
3458
11252365
20
-7
15
2153
-954
3488
11253390
-13
-3
10
2154
-969
3468
11254415
-28
-2
4
2138
-985
3466
11247231
-26
-4
-5
2129
-1032
3484
11248256
4
-5
-11
2128
-1004
3487
11249281
17
-11
-8
2129
-926
3479
11250306
4
-19
1
2139
-929
3503
11251331
-16
-21
-3
2131
-987
3503
11252356
-5
-21
-4
2134
-971
3469
11253381
20
-22
6
2152
-924
3447
11254406
15
-24
8
2156
-950
3439
11255431
7
-17
11
2155
-957
3429
11256456
-3
-8
6
2149
-962
3426
11257481
7
-5
6
2148
-982
3463
11258506
23
-1
8
2149
-948
3468
11259531
10
1
6
2140
-941
3477
11260556
-12
-1
-1
2139
-980
3471
11261581
-4
-2
-3
2152
-975
3477
11262606
4
1
-2
2151
-935
3493
11255424
-17
-7
-3
2152
-946
3488
11256449
-10
-21
-3
2144
-992
3497
11257474
23
-23
8
2149
-925
3471
11258499
-10
21
10
2209
-916
3387
11259524
-37
198
-17
2413
-1108
3397
11260549
-26
583
-54
2425
-414
2346
11261574
-779
1244
-262
2028
1494
1376
11262599
-2035
1561
40
2414
465
645
11263624
-3059
898
-420
1496
-5752
9867
11264649
-4272
97
-207
7
779
7769
11265674
-97
-400
-35
3354
-7266
-2018
11266699
2356
161
-341
1035
-1627
1646
11267724
907
183
431
1914
2127
3385
11268749
-1006
116
-405
2251
-3070
4137
11269774
634
143
-212
1295
-2580
4570
11270799
1449
-145
55
1905
-448
4125
11263850
989
-258
61
1698
-755
3512
11264875
1001
-242
101
1740
-968
3641
11265900
796
-282
148
1783
-800
4245
11266925
146
-415
129
1919
-1113
3939
11267950
33
-406
105
2097
-1639
3199
11268975
405
-382
120
2089
-1029
3166
11270000
587
-400
98
2051
-1042
3619
11271025
495
-370
-4
2058
-1182
3632
11272050
409
-306
11
2014
-689
3460
11273075
176
-270
18
2041
-829
3400
11274100
44
-206
-8
2099
-1086
3329
11275125
162
-142
0
2084
-1009
3312
11276150
197
-85
16
2109
-768
3270
11277175
12
-9
-6
2158
-824
3344
11278200
-53
48
-22
2170
-1014
3560
11279225
32
36
-19
2078
-948
3635
11271807
59
-11
-7
2055
-807
3588
11272832
-1
-18
11
2039
-879
3568
11273857
-46
-13
11
2053
-977
3546
11274882
-59
1
3
2061
-1034
3469
11275907
-73
24
-1
2088
-970
3325
11276932
-71
31
10
2128
-975
3367
11277957
38
27
42
2134
-1007
3517
11278982
141
2
25
2105
-963
3666
11280007
126
-29
12
2091
-903
3689
11281032
14
-41
7
2046
-928
3534
11282057
-111
-20
6
2056
-1000
3293
11283082
-91
19
-3
2071
-1118
3338
11284107
56
17
-11
2126
-996
3575
11285132
98
-5
-8
2088
-945
3674
11286157
12
-18
-23
2095
-883
3590
11287182
-79
-17
-18
2084
-943
3433
11280000
-96
8
-11
2096
-953
3304
11281025
-28
28
2
2078
-944
3462
11282050
53
8
4
2098
-985
3649
11283075
83
-19
9
2083
-912
3648
11284100
22
-30
17
2065
-903
3524
11285125
-46
-21
17
2061
-989
3395
11286150
-36
-1
9
2107
-1016
3402
11287175
12
7
2
2111
-978
3508
11288200
43
-5
1
2107
-918
3567
11289225
1
-11
0
2090
-922
3543
11290250
-54
-4
-1
2087
-970
3465
11291275
-50
10
-2
2083
-969
3440
11292300
-18
6
-3
2092
-943
3486
11293325
26
-4
10
2090
-922
3543
11294350
5
-3
3
2080
-961
3572
11295375
-16
-3
-4
2073
-991
3523
11288192
-1
-10
3
2088
-963
3476
11289217
-3
-9
9
2101
-948
3447
11290242
-4
-2
10
2088
-988
3496
11291267
8
1
8
2088
-988
3546
11292292
-1
-2
-2
2096
-971
3551
11293317
-21
-4
-7
2097
-967
3490
11294342
-9
-7
3
2079
-955
3446
11295367
6
-4
0
2059
-936
3509
11296392
-1
-1
-4
2079
-953
3564
11297417
-2
2
2
2109
-943
3512
11298442
3
-2
7
2120
-957
3467
11299467
9
-11
5
2086
-1012
3491
11300492
1
-9
-3
2083
-963
3469
11301517
3
-2
4
2079
-934
3502
11302542
6
-2
3
2086
-996
3546
11303567
6
-2
-6
2082
-989
3518
11296384
8
-7
-9
2069
-932
3526
11297409
-3
-10
1
2096
-913
3521
11298434
-14
-6
14
2094
-1004
3466
11299459
5
-6
4
2116
-988
3490
11300484
12
-7
2
2101
-947
3516
11301509
-4
-8
-4
2080
-949
3515
11302534
6
-8
-2
2086
-954
3498
11303559
32
-8
13
2091
-901
3487
11304584
7
-4
15
2081
-929
3525
11305609
-8
-5
10
2095
-971
3550
11306634
5
-13
7
2095
-993
3505
11307659
20
-18
6
2110
-941
3486
11308684
-4
-11
4
2073
-974
3529
11309709
-28
-10
-12
2081
-998
3508
11310734
-14
-15
-10
2094
-971
3487
11311759
10
-22
-6
2109
-915
3503
11304578
6
-18
1
2104
-907
3491
11305603
-6
-7
4
2090
-938
3479
11306628
-4
0
5
2084
-958
3482
11307653
8
-6
15
2100
-971
3481
11308678
27
-3
18
2116
-960
3514
11309703
12
-1
11
2104
-950
3525
11310728
-11
0
4
2095
-979
3519
11311753
-17
-3
-3
2096
-978
3502
11312778
-3
-4
-1
2084
-954
3476
11313803
18
-4
5
2094
-886
3513
11314828
-7
-5
8
2105
-926
3535
11315853
-13
-7
15
2091
-987
3533
11316878
11
-11
19
2091
-934
3498
11317903
2
-8
18
2088
-928
3464
11318928
-20
-7
10
2094
-972
3474
11319953
-5
0
7
2100
-981
3499
11312767
24
-2
14
2102
-908
3507
11313792
3
-3
19
2098
-962
3516
11314817
-13
-2
12
2085
-1033
3500
11315842
18
-8
11
2088
-985
3514
11316867
13
-10
9
2104
-955
3511
11317892
-4
-8
9
2112
-932
3486
11318917
-10
0
14
2086
-929
3462
11319942
-4
10
14
2074
-962
3506
11320967
16
5
10
2096
-947
3568
11321992
-6
18
2
2175
-938
3531
11323017
-85
182
-25
2351
-995
3389
11324042
-363
641
-43
2492
-686
2234
11325067
-1281
1423
-250
2041
-72
524
11326092
-1415
1745
-241
1958
-1022
1832
11327117
-152
715
-66
2667
-4157
8435
11328142
-1391
-328
-472
-2534
2260
14064
11320960
-3837
-587
-25
2753
-413
-3142
11321985
-1388
-498
-494
3374
-4921
6
11323010
659
-92
-22
914
-2171
3194
11324035
1029
-93
147
2459
-974
3096
11325060
934
109
23
1938
-1078
3713
11326085
794
-15
42
1890
-1142
3835
11327110
965
-296
164
1879
-1212
4039
11328135
902
-311
161
1720
-1285
3967
11329160
815
-319
135
1871
-1233
3742
11330185
523
-394
152
1897
-1134
3675
11331210
260
-440
84
2052
-1243
3686
11332235
308
-418
16
2117
-1256
3584
11333260
571
-399
40
1958
-1174
3363
11334285
449
-349
-19
2131
-935
3324
11335310
200
-262
-40
2245
-801
3263
11336335
120
-151
0
2106
-845
3122
11329152
54
-53
-7
2095
-861
3192
11330177
-24
-5
-5
2198
-957
3360
11331202
34
39
23
2173
-1065
3412
11332227
130
54
24
2137
-989
3383
11333252
106
60
12
2101
-905
3534
11334277
-6
64
11
2065
-1025
3628
11335302
71
32
26
2006
-1110
3636
11336327
189
-11
40
2062
-919
3614
11337352
67
-10
33
2096
-908
3497
11338377
-70
14
24
2080
-1038
3376
11339402
-39
27
19
2079
-1040
3411
11340427
52
17
30
2129
-1026
3562
11341452
30
23
16
2134
-929
3505
11342477
-100
39
-5
2098
-978
3434
11343502
-92
39
-11
2078
-1063
3478
11344527
37
32
15
2057
-943
3510
11337344
46
23
32
2036
-989
3509
11338369
-11
21
7
2046
-1064
3566
11339394
17
0
1
2067
-1028
3608
11340419
44
-6
20
2083
-975
3530
11341444
0
-2
12
2064
-1035
3467
11342469
4
-14
4
2070
-1021
3503
11343494
38
-14
21
2074
-985
3529
11344519
14
-7
6
2074
-1022
3503
11345544
4
-6
-7
2072
-1007
3471
11346569
-2
-1
-12
2072
-993
3446
11347594
15
6
-7
2078
-972
3475
11348619
41
3
-2
2108
-916
3548
11349644
26
-1
8
2092
-965
3548
11350669
-8
6
2
2053
-1008
3515
11351694
-7
4
-4
2034
-989
3513
11352719
3
-4
0
2057
-972
3521
11345536
13
0
11
2063
-970
3497
11346561
25
1
16
2068
-999
3504
11347586
11
3
7
2072
-961
3519
11348611
-17
-2
6
2083
-980
3490
11349636
4
0
12
2089
-1002
3476
11350661
31
8
13
2062
-1039
3558
11351686
21
8
-2
2045
-1012
3580
11352711
3
3
-4
2048
-926
3500
11353736
-11
0
6
2077
-927
3483
11354761
3
1
13
2074
-1012
3542
11355786
7
0
2
2062
-1013
3546
11356811
7
-7
-1
2073
-938
3484
11357836
14
-6
17
2067
-916
3440
11358861
22
8
28
2065
-978
3514
11359886
5
16
17
2052
-1035
3571
11360911
6
7
3
2051
-1032
3603
11353728
8
-12
-4
2047
-996
3582
11354753
0
-22
-6
2049
-984
3516
11355778
-14
-22
-12
2040
-1002
3508
11356803
-30
-23
-26
2054
-1047
3542
11357828
-10
-27
-31
2072
-1017
3535
11358853
6
-26
-24
2093
-940
3485
11359878
-8
-24
-17
2087
-895
3496
11360903
-30
-25
-14
2094
-920
3505
11361928
-14
-17
0
2087
-954
3497
11362953
17
-14
5
2080
-941
3498
11363978
27
-11
21
2067
-927
3497
11365003
16
-8
30
2069
-942
3458
11366028
-5
1
30
2070
-1010
3462
11367053
-4
8
14
2094
-1015
3535
11368078
-2
7
4
2088
-987
3545
11369103
-11
0
5
2048
-982
3515
11361919
-13
-6
-1
2034
-1044
3553
11362944
20
-16
-6
2057
-1010
3575
11363969
12
-21
-4
2079
-935
3522
11364994
-28
-16
-3
2086
-985
3494
11366019
-35
-6
-5
2079
-999
3501
11367044
-10
-9
0
2076
-963
3476
11368069
7
-13
3
2085
-949
3471
11369094
18
-11
5
2076
-963
3495
11370119
10
-5
1
2070
-954
3523
11371144
-2
-4
2
2100
-944
3535
11372169
-9
-9
8
2102
-974
3511
11373194
-10
-9
17
2096
-988
3435
11374219
-2
-3
14
2066
-1022
3486
11375244
39
-7
3
2059
-976
3586
11376269
29
-14
0
2072
-911
3568
11377294
-39
-10
4
2068
-949
3466
11370112
-34
-7
7
2064
-1052
3471
11371137
30
-12
6
2092
-970
3546
11372162
22
-14
5
2099
-898
3513
11373187
-32
-5
6
2095
-970
3444
11374212
-23
4
5
2067
-1045
3497
11375237
27
-6
5
2073
-992
3539
11376262
21
-11
4
2089
-949
3512
11377287
1
-5
8
2094
-927
3483
11378312
-9
2
14
2083
-947
3480
11379337
-10
6
14
2087
-984
3513
11380362
14
26
-1
2130
-1125
3678
11381387
66
61
-12
2146
-1255
3797
11382412
44
306
-33
2412
-248
2804
11383437
-514
728
-193
1874
73
2816
11384462
-1183
972
-243
1772
673
3007
11385487
-1776
873
52
2128
-2439
2753
11378304
-1759
413
-58
589
-2956
8149
11379329
-916
-491
-84
2617
-2110
6243
11380354
652
-617
-241
2080
-2047
-120
11381379
477
-257
-28
1373
224
1110
11382404
-853
-63
-117
2404
-2091
3213
11383429
-345
152
-167
1911
-1878
3601
11384454
216
51
-42
1834
-568
3937
11385479
206
-136
6
2014
-1183
3702
11386504
578
-120
140
1733
-1421
3475
11387529
919
-241
224
1864
-1208
3988
11388554
921
-314
283
2027
-1087
3761
11389579
851
-349
286
1960
-1227
3469
11390604
553
-319
281
2142
-1006
3236
11391629
112
-225
184
2146
-1314
3135
11392654
69
-160
52
2197
-1462
3432
11393679
312
-174
-5
2120
-1503
3720
11386496
456
-218
-57
1982
-1031
3582
11387521
405
-198
-29
2061
-597
3366
11388546
101
-107
-30
2069
-855
3369
11389571
1
-39
-36
2130
-971
3410
11390596
27
15
10
2159
-887
3348
11391621
28
28
8
2144
-1031
3427
11392646
177
17
2
2160
-1048
3590
11393671
194
13
-4
2096
-892
3618
11394696
46
20
-14
2039
-915
3501
11395721
57
8
7
2046
-973
3529
11396746
95
2
11
2061
-962
3639
11397771
37
-16
-13
2084
-944
3649
11398796
-43
-18
-14
2107
-914
3465
11399821
-65
-12
23
2087
-928
3351
11400846
-86
9
3
2073
-1051
3435
11401871
-6
4
-23
2091
-1060
3593
11394688
65
-2
-20
2133
-844
3506
11395713
-38
10
-18
2088
-870
3460
11396738
-84
6
-14
2086
-1054
3493
11397763
18
7
8
2075
-993
3508
11398788
18
9
15
2085
-939
3528
11399813
-25
4
9
2089
-1023
3474
11400838
-19
4
5
2099
-965
3388
11401863
16
19
12
2096
-1011
3465
11402888
69
17
4
2092
-1006
3601
11403913
52
-7
-15
2106
-954
3584
11404938
-31
-8
-20
2085
-905
3471
11405963
-72
-6
-16
2064
-1013
3511
11406988
-10
-15
-14
2071
-995
3566
11408013
22
-22
-11
2082
-911
3539
11409038
-15
-25
-11
2097
-934
3452
11410063
-1
-18
9
2102
-969
3424
11403005
13
-8
5
2103
-979
3513
11404030
13
-5
-1
2113
-961
3513
11405055
5
-8
1
2113
-931
3481
11406080
-15
-10
0
2091
-1013
3484
11407105
14
-9
-1
2085
-978
3508
11408130
10
-7
2
2067
-914
3512
11409155
-29
-9
-5
2097
-942
3493
11410180
-14
-6
2
2100
-972
3484
11411205
17
-7
8
2102
-948
3501
11412230
14
-10
17
2111
-942
3489
11413255
-8
-5
10
2093
-986
3486
11414280
-30
-4
-11
2101
-1005
3508
11415305
-25
-3
-15
2071
-991
3483
11416330
3
-6
-10
2090
-922
3474
11417355
16
-5
5
2092
-952
3527
11418380
7
-7
5
2099
-984
3534
11411072
0
-8
2
2083
-970
3513
11412097
-5
-14
5
2102
-941
3465
11413122
-1
-10
17
2111
-998
3458
11414147
10
-10
0
2101
-991
3576
11415172
20
-22
-4
2086
-940
3585
11416197
5
-28
3
2085
-886
3492
11417222
-38
-25
3
2090
-959
3436
11418247
-10
-21
8
2126
-1020
3452
11419272
45
-15
17
2122
-963
3489
11420297
27
-13
11
2125
-915
3501
11421322
-22
-14
4
2125
-944
3467
11422347
-10
-11
12
2109
-968
3446
11423372
17
-10
15
2082
-985
3509
11424397
10
-7
1
2082
-985
3522
11425422
-11
-6
-5
2100
-962
3470
11426447
-22
-4
-6
2118
-970
3471
11419264
-2
-6
-1
2137
-953
3502
11420289
15
-5
9
2118
-926
3504
11421314
7
-1
17
2084
-969
3498
11422339
3
-6
6
2091
-997
3527
11423364
9
-13
3
2112
-966
3494
11424389
2
-14
5
2124
-955
3480
11425414
-9
-11
0
2128
-981
3511
11426439
3
-11
-1
2115
-937
3508
11427464
-9
-12
2
2108
-916
3453
11428489
-18
-7
4
2112
-998
3442
11429514
17
0
-1
2101
-993
3517
11430539
34
-9
1
2115
-914
3518
11431564
-2
-10
6
2109
-921
3475
11432589
-20
-11
5
2117
-982
3458
11433614
1
-9
1
2114
-995
3477
11434639
22
-5
-5
2101
-952
3496
11427456
20
-1
1
2092
-931
3467
11428481
-2
1
9
2102
-935
3471
11429506
-18
5
7
2123
-970
3500
11430531
-8
3
-5
2134
-971
3507
11431556
-2
2
-14
2121
-932
3492
11432581
-9
1
-9
2091
-915
3492
11433606
-18
1
2
2097
-942
3507
11434631
-3
-4
10
2115
-971
3511
11435656
16
-16
13
2115
-956
3532
11436681
16
-17
15
2120
-958
3525
11437706
13
-20
10
2093
-948
3482
11438731
11
-23
3
2113
-957
3477
11439756
20
-22
13
2125
-972
3480
11440781
29
-19
26
2126
-937
3486
11441806
12
-18
24
2143
-972
3481
11442831
12
-7
10
2141
-954
3438
11435649
-30
11
-3
2152
-871
3301
11436674
-85
63
-12
2186
-805
3152
11437699
-127
177
-17
2183
-1091
3184
11438724
-132
317
-10
2252
-1359
3168
11439749
-425
700
-67
2531
-414
2098
11440774
-831
1228
-250
2094
-649
1967
11441799
-164
1237
-239
2337
-1193
4360
11442824
-345
780
-125
1460
-1008
7450
11443849
-3125
367
-452
-1665
236
7966
11444874
-2160
-315
-310
3499
-5116
-617
11445899
1171
-149
-279
1993
-1177
2567
11446924
244
-172
76
1770
367
3623
11447949
-140
-382
-166
1995
-2689
4420
11448974
1145
-502
75
1676
-1127
3786
11449999
1031
-543
277
2050
137
2556
11451024
362
-472
167
1565
-855
4040
11443840
255
-495
144
1906
-1646
4485
11444865
397
-541
176
2412
-1249
3308
11445890
202
-511
169
2153
-790
2730
11446915
107
-366
141
2161
-1193
3206
11447940
252
-297
22
2201
-1584
3614
11448965
344
-260
24
2190
-968
3041
11449990
39
-130
-6
2203
-774
2841
11451015
-23
4
-43
2133
-1305
3234
11452040
252
62
-36
2153
-1114
3487
11453065
282
92
-32
2190
-826
3503
11454090
125
93
-34
2160
-882
3552
11455115
49
73
-9
2126
-806
3495
11456140
-51
75
19
2074
-884
3442
11457165
-61
98
37
2053
-1126
3562
11458190
10
38
-1
2104
-1245
3766
11459215
135
-29
14
2115
-1026
3610
11452031
52
-40
11
2089
-858
3437
11453056
-113
-23
-15
2092
-1174
3423
11454081
-33
10
-22
2096
-1091
3454
11455106
-9
11
-37
2090
-953
3422
11456131
29
-11
-9
2147
-1016
3403
11457156
116
6
18
2144
-869
3403
11458181
48
28
25
2131
-873
3489
11459206
3
27
27
2101
-1094
3567
11460231
61
14
23
2079
-1090
3508
11461256
64
2
6
2086
-1018
3502
11462281
5
-4
-21
2121
-999
3541
11463306
-9
-10
-16
2078
-985
3543
11464331
13
-27
3
2052
-979
3512
11465356
13
-29
2
2083
-998
3504
11466381
-12
-25
-9
2135
-1005
3482
11467406
-26
-16
-5
2135
-980
3394
11460224
10
-22
5
2126
-960
3462
11461249
29
-17
13
2113
-965
3490
11462274
20
-5
20
2097
-956
3434
11463299
-13
3
5
2104
-990
3447
11464324
3
5
5
2106
-1045
3489
11465349
34
7
-1
2096
-1015
3545
11466374
10
-5
-10
2133
-993
3523
11467399
-33
-8
-14
2141
-966
3465
11468424
-56
-7
-14
2131
-987
3437
11469449
-11
0
-1
2098
-968
3432
11470474
8
4
-3
2072
-954
3517
11471499
4
-12
-4
2098
-970
3535
11472524
4
-16
7
2107
-984
3511
11473549
-3
-11
5
2109
-982
3457
11474574
9
-13
7
2111
-977
3452
11475599
-1
-11
4
2115
-1027
3501
11468416
-1
-10
-6
2114
-1044
3513
11469441
15
-16
-4
2129
-971
3465
11470466
-5
-13
0
2103
-969
3439
11471491
-25
-13
-11
2111
-1037
3518
11472516
3
-18
-14
2118
-1004
3514
11473541
6
-22
-11
2134
-925
3447
11474566
-21
-15
-6
2128
-960
3440
11475591
-21
-11
-5
2116
-969
3449
11476616
-8
-5
5
2118
-974
3403
11477641
18
6
8
2136
-961
3447
11478666
19
12
12
2135
-921
3506
11479691
-5
7
15
2119
-1013
3512
11480716
-1
3
10
2109
-1044
3502
11481741
13
-1
8
2106
-971
3492
11482766
-19
0
2
2121
-954
3485
11483791
-22
-1
3
2117
-1015
3496
11476607
14
-5
1
2109
-1001
3489
11477632
15
-10
7
2108
-966
3473
11478657
-21
-11
2
2120
-952
3444
11479682
-26
-7
4
2131
-990
3434
11480707
11
0
10
2135
-965
3438
11481732
13
7
10
2120
-938
3501
11482757
-12
8
11
2119
-990
3519
11483782
-14
6
15
2123
-979
3488
11484807
-21
2
15
2115
-967
3447
11485832
-7
3
18
2098
-997
3480
11486857
15
2
11
2089
-1013
3554
11487882
13
-6
10
2097
-1007
3527
11488907
-7
-15
6
2114
-984
3487
11489932
-2
-25
12
2112
-1014
3506
11490957
16
-32
13
2113
-1004
3516
11491982
1
-35
6
2123
-1010
3494
11484800
4
-41
1
2135
-976
3474
11485825
11
-42
7
2125
-996
3434
11486850
8
-30
0
2102
-1005
3400
11487875
10
-22
-6
2119
-1001
3412
11488900
27
-13
-7
2154
-982
3472
11489925
14
-3
-6
2157
-934
3453
11490950
-20
7
0
2147
-966
3434
11491975
-20
15
0
2125
-1011
3460
11493000
11
11
-2
2100
-994
3501
11494025
26
4
0
2111
-932
3510
11495050
-1
0
1
2119
-968
3526
11496075
4
-9
3
2111
-986
3520
11497100
22
-20
13
2123
-956
3466
11498125
14
-15
19
2125
-1003
3421
11499150
23
-12
6
2145
-1024
3472
11500175
36
-19
-3
2141
-989
3550
11492992
18
-32
-5
2131
-976
3549
11494017
0
-34
1
2117
-932
3441
11495042
-22
-24
-1
2123
-968
3369
11496067
0
-10
-1
2142
-1003
3399
11497092
38
-3
3
2159
-951
3444
11498117
34
-2
8
2157
-904
3480
11499142
10
-5
10
2153
-936
3499
11500167
-1
-2
10
2148
-943
3465
11501192
-35
46
-1
2225
-919
3475
11502217
-75
279
-35
2561
-1149
3205
11503242
-200
828
-27
2220
57
2167
11504267
-1297
1345
-351
2092
1126
1442
11505292
-2242
1278
-226
2262
-2559
3446
11506317
-3655
308
-479
-631
-89
13068
11507342
-4306
-464
280
2655
-2072
679
11508367
-545
-553
-776
2278
-8081
-232
11501184
2525
-92
322
1404
-73
2044
11502209
1209
-96
231
2734
364
2963
11503234
242
53
-117
1788
-2099
3613
11504259
898
-3
14
1865
-1583
3699
11505284
1377
-119
125
1922
-1268
3443
11506309
1448
-166
190
1814
-1000
3739
11507334
1321
-227
182
1866
-659
4164
11508359
997
-357
257
1872
-757
3976
11509384
188
-366
258
2160
-901
3419
11510409
-37
-360
134
2354
-1372
3411
11511434
186
-339
47
2162
-1883
3472
11512459
439
-333
-78
1908
-1465
3693
11513484
721
-328
-51
2055
-944
3592
11514509
469
-254
-47
2022
-646
3267
11515534
124
-162
-76
2024
-919
3264
11516559
111
-99
-55
2196
-851
3287
11509376
-17
-25
-42
2247
-727
3300
11510401
-160
18
-43
2233
-919
3365
11511426
-13
19
-19
2196
-951
3460
11512451
47
44
-6
2166
-849
3330
11513476
56
59
4
2109
-958
3463
11514501
176
25
12
2105
-1023
3716
11515526
184
-15
22
2077
-835
3681
11516551
18
-33
35
2098
-819
3462
11517576
-111
-11
33
2133
-1026
3245
11518601
-88
35
18
2139
-1146
3286
11519626
56
36
-4
2158
-1026
3569
11520651
67
-2
-29
2164
-888
3643
11521676
55
-30
-4
2142
-839
3609
11522701
-43
-31
-15
2092
-904
3482
11523726
-137
-18
-34
2105
-1026
3352
11524751
-83
11
-15
2131
-1012
3281
11517568
19
28
-2
2160
-929
3418
11518593
15
24
-5
2166
-936
3543
11519618
32
5
2
2143
-969
3509
11520643
99
-4
18
2126
-860
3511
11521668
11
-1
8
2111
-915
3490
11522693
-55
2
3
2134
-1044
3440
11523718
-13
16
3
2123
-1012
3455
11524743
14
3
-11
2119
-951
3585
11525768
14
-25
-15
2136
-928
3611
11526793
2
-40
-5
2113
-892
3501
11527818
-29
-33
8
2122
-923
3376
11528843
-29
-22
5
2139
-986
3421
11529868
37
-22
9
2155
-938
3510
11530893
60
-22
13
2150
-894
3490
11531918
16
-15
4
2128
-930
3439
11532943
-28
-12
-5
2130
-988
3449
11525760
-11
-10
-2
2135
-989
3476
11526785
27
-9
2
2149
-888
3494
11527810
15
-11
11
2150
-871
3460
11528835
-35
-1
3
2146
-934
3441
11529860
-42
3
-3
2149
-967
3427
11530885
-7
7
5
2156
-949
3424
11531910
26
10
14
2149
-909
3466
11532935
12
9
13
2130
-953
3503
11533960
-29
11
-4
2117
-947
3510
11534985
-51
7
-11
2117
-987
3511
11536010
-7
-3
-6
2107
-1000
3526
11537035
70
-21
12
2118
-921
3559
11538060
44
-35
14
2141
-906
3543
11539085
-33
-39
2
2162
-984
3489
11540110
-42
-38
-3
2161
-992
3407
11541135
10
-33
4
2155
-934
3374
11533952
59
-25
15
2155
-863
3436
11534977
30
-18
10
2146
-920
3491
11536002
5
-9
9
2147
-929
3453
11537027
6
1
18
2144
-919
3406
11538052
-2
9
15
2155
-930
3414
11539077
2
9
12
2172
-960
3435
11540102
28
8
12
2162
-935
3505
11541127
13
6
7
2137
-924
3524
11542152
-32
9
-2
2124
-939
3490
11543177
-31
4
-3
2129
-935
3468
11544202
12
-6
3
2135
-949
3514
11545227
35
-17
14
2158
-905
3511
11546252
-5
-11
23
2149
-920
3435
11547277
-18
1
15
2134
-1002
3432
11548302
28
2
4
2144
-957
3501
11549327
33
-13
6
2169
-894
3507
11542160
-2
-11
15
2151
-899
3441
11543185
-14
-12
10
2139
-955
3457
11544210
-8
-9
1
2120
-999
3466
11545235
22
-3
0
2137
-920
3453
11546260
5
-3
-1
2162
-884
3491
11547285
-34
-3
-2
2176
-939
3489
11548310
-21
-5
3
2152
-934
3450
11549335
24
-6
17
2126
-943
3446
11550360
34
-5
18
2104
-933
3486
11551385
-11
-1
7
2140
-972
3475
11552410
-14
-1
0
2155
-965
3504
11553435
3
-8
-1
2154
-927
3495
11554460
-29
-10
-7
2160
-922
3424
11555485
-40
-5
-9
2136
-979
3425
11556510
25
-10
-9
2141
-944
3531
11557535
40
-12
0
2147
-839
3534
11550336
-23
-4
9
2154
-866
3437
11551361
-50
18
17
2156
-927
3381
11552386
-7
27
24
2141
-955
3437
11553411
8
27
15
2156
-912
3487
11554436
-39
41
2
2178
-890
3480
11555461
-110
117
-24
2224
-996
3408
11556486
-86
244
-7
2338
-1438
3299
11557511
-118
568
-2
2188
-269
2531
11558536
-706
1029
-235
1942
489
2193
11559561
-755
1156
-58
2431
-692
2820
11560586
-469
563
111
1618
-3876
7296
11561611
-1243
-164
-260
-417
1182
9113
11562636
-1336
-351
255
3708
-1764
-1432
11563661
337
-73
-165
1599
-2725
1399
11564686
222
-62
200
1691
-582
3332
11565711
-31
-112
-25
2264
-2123
3917
11558529
377
-4
-34
1672
-1430
4189
11559554
428
-151
30
1978
-983
3639
11560579
536
-266
55
1731
-1232
3878
11561604
571
-324
53
1816
-1004
4226
11562629
276
-377
94
2171
-794
3658
11563654
-88
-429
51
2221
-1177
3289
11564679
-4
-368
1
2119
-1444
3312
11565704
111
-262
-44
1988
-894
3259
11566729
48
-181
-52
2015
-937
3300
11567754
29
-134
-68
2093
-1145
3433
11568779
179
-95
-25
2181
-1016
3403
11569804
138
-35
-38
2189
-925
3300
11570829
19
28
-50
2160
-858
3324
11571854
-52
60
-39
2133
-989
3362
11572879
34
71
-4
2080
-1025
3511
11573904
186
-10
-11
2111
-1064
3805
11566719
267
-74
22
2089
-962
3777
11567744
70
-66
22
2030
-851
3529
11568769
-165
-38
3
2056
-1155
3297
11569794
-82
-5
7
2095
-1187
3193
11570819
95
-16
0
2197
-1038
3446
11571844
128
-36
-24
2230
-1026
3602
11572869
50
-43
-44
2146
-1004
3608
11573894
-6
-45
-38
2060
-943
3508
11574919
-47
-27
-17
2053
-887
3308
11575944
-86
3
-6
2099
-975
3268
11576969
-33
18
-8
2156
-1019
3456
11577994
35
7
-6
2185
-966
3543
11579019
67
-18
10
2162
-910
3530
11580044
14
-10
19
2135
-881
3404
11581069
-16
2
28
2088
-994
3415
11582094
7
-1
29
2099
-1049
3506
11574912
51
-8
40
2106
-1061
3503
11575937
42
-4
44
2141
-985
3428
11576962
-10
1
32
2151
-1014
3434
11577987
-15
3
19
2137
-1056
3478
11579012
15
3
7
2108
-1025
3496
11580037
8
2
5
2109
-1020
3469
11581062
16
-2
7
2111
-1024
3493
11582087
22
-5
10
2118
-986
3511
11583112
-2
-3
6
2128
-984
3495
11584137
-5
-16
2
2114
-1020
3488
11585162
30
-34
3
2133
-997
3532
11586187
16
-32
1
2119
-998
3514
11587212
-2
-40
3
2120
-1004
3450
11588237
5
-36
15
2123
-1010
3405
11589262
-3
-28
-3
2124
-1027
3450
11590287
-5
-27
-20
2145
-1021
3497
11583104
8
-27
-15
2138
-998
3435
11584129
5
-25
-20
2132
-978
3400
11585154
-25
-8
-26
2143
-961
3414
11586179
-41
4
-27
2147
-1024
3454
11587204
-11
1
-29
2154
-1006
3464
11588229
10
-3
-9
2163
-940
3453
11589254
-13
-5
3
2155
-951
3424
11590279
-33
2
0
2151
-971
3422
11591304
-7
9
3
2139
-959
3445
11592329
20
10
15
2141
-952
3468
11593354
8
16
18
2121
-1004
3437
11594379
-7
23
13
2137
-1003
3434
11595404
-13
25
11
2139
-1008
3477
11596429
-7
25
9
2135
-1016
3492
11597454
1
18
9
2121
-1006
3503
11598479
-29
13
-1
2131
-1019
3485
11591296
-38
12
-2
2139
-1009
3441
11592321
-14
15
3
2115
-976
3496
11593346
3
4
6
2111
-981
3523
11594371
-4
-6
8
2131
-960
3498
11595396
-28
-3
9
2125
-1010
3430
11596421
-5
4
8
2120
-989
3419
11597446
20
6
16
2112
-984
3475
11598471
2
4
12
2118
-1002
3520
11599496
-22
0
9
2123
-1003
3495
11600521
-14
-1
15
2128
-1005
3414
11601546
22
2
19
2113
-996
3471
11602571
3
-1
10
2120
-1011
3518
11603596
-33
1
8
2125
-1019
3458
11604621
-19
1
12
2118
-1017
3431
11605646
23
-2
16
2119
-1032
3501
11606671
32
-1
11
2085
-1022
3529
11599488
5
-8
4
2100
-990
3468
11600513
-6
-17
5
2121
-1007
3489
11601538
11
-25
-1
2156
-1004
3503
11602563
11
-20
7
2143
-959
3447
11603588
-20
-11
20
2121
-985
3389
11604613
3
-14
25
2119
-1051
3502
11605638
32
-19
14
2126
-1037
3529
11606663
12
-10
3
2129
-971
3447
11607688
-17
2
2
2111
-971
3411
11608713
-1
-5
11
2114
-1011
3474
11609738
16
-7
14
2128
-1005
3466
11610763
5
1
15
2119
-1012
3428
11611788
7
1
9
2131
-1023
3510
11612813
10
-10
9
2141
-991
3541
11613838
-3
-19
17
2142
-994
3457
11614863
-11
-16
15
2116
-1050
3411
11607680
15
-15
7
2102
-1056
3491
11608705
37
-21
-1
2109
-1014
3544
11609730
6
-30
-7
2139
-966
3475
11610755
-25
-28
-7
2144
-1019
3377
11611780
11
-22
-6
2158
-1010
3411
11612805
36
-14
0
2156
-940
3477
11613830
-9
-3
1
2143
-953
3441
11614855
-34
28
-5
2140
-988
3414
11615880
-54
92
-22
2179
-951
3408
11616905
-86
223
-12
2329
-985
3134
11617930
-206
525
7
2262
-704
2452
11618955
-733
1092
-70
2219
266
1363
11619980
-708
1263
-121
2477
-340
3262
11621005
41
615
-113
2439
-3679
6913
11622030
-1645
-107
-264
-1595
289
10965
11623055
-3605
-401
-174
2013
-745
-97
11615953
132
-688
-437
2819
-5593
1194
11616978
1741
-237
266
1620
294
2422
11618003
264
-172
110
2654
-804
2799
11619028
239
15
-23
2058
-2311
3219
11620053
1353
-73
116
2245
-706
3035
11621078
1120
-61
225
2138
-341
2787
11622103
752
-28
264
1552
-825
3910
11623128
578
-120
153
1870
-1276
4777
11624153
411
-227
158
1953
-1274
4183
11625178
150
-289
191
2050
-1217
3219
11626203
385
-377
148
2095
-1135
3784
11627228
467
-425
53
2144
-992
4045
11628253
96
-367
18
2120
-876
3522
11629278
-48
-326
-37
2046
-1231
3386
11630303
268
-289
-48
2031
-1121
3118
11631328
437
-173
-1
2123
-447
3017
11624064
94
-50
1
2259
-503
3319
11625089
-99
11
28
2303
-822
3297
11626114
-134
62
35
2227
-965
3209
11627139
-52
89
12
2235
-991
3281
11628164
94
104
17
2200
-917
3581
11629189
150
79
12
2077
-1044
3772
11630214
67
37
-5
2040
-867
3664
11631239
-87
23
2
1964
-935
3520
11632264
-87
3
-1
2058
-984
3581
11633289
36
-13
20
2145
-957
3540
11634314
31
-19
5
2173
-859
3544
11635339
-82
-31
-3
2192
-999
3454
11636364
-73
-10
-6
2130
-1052
3315
11637389
10
8
-23
2125
-929
3386
11638414
91
12
1
2140
-891
3441
11639439
68
15
0
2127
-799
3532
11632256
-35
1
-16
2140
-979
3629
11633281
-2
-24
-20
2118
-995
3580
11634306
-1
-29
-23
2118
-920
3429
11635331
-34
-16
-25
2133
-910
3402
11636356
-35
-7
-24
2135
-934
3475
11637381
39
-17
-5
2143
-877
3543
11638406
51
-19
4
2126
-821
3507
11639431
-53
-13
2
2128
-912
3434
11640456
-68
-6
-2
2130
-1004
3438
11641481
12
-9
-5
2153
-934
3508
11642506
44
-7
10
2144
-854
3471
11643531
-6
5
8
2136
-886
3413
11644556
-46
19
0
2144
-960
3430
11645581
-28
19
-8
2157
-958
3459
11646606
5
19
0
2152
-913
3486
11647631
49
13
24
2114
-908
3517
11640448
22
11
11
2107
-914
3526
11641473
-32
12
-2
2133
-929
3507
11642498
-27
10
-3
2131
-957
3502
11643523
11
-9
-7
2122
-928
3502
11644548
22
-13
9
2126
-938
3455
11645573
4
-2
-1
2125
-928
3501
11646598
-21
-3
-13
2134
-926
3534
11647623
6
-10
-8
2119
-905
3492
11648648
5
-14
-10
2117
-901
3468
11649673
-24
-15
-14
2136
-941
3472
11650698
-2
-7
1
2144
-950
3443
11651723
20
-2
-2
2138
-885
3482
11652748
-6
-8
-12
2130
-920
3533
11653773
-3
-14
-7
2122
-884
3509
11654798
-18
-13
-7
2119
-908
3471
11655823
-17
-10
-3
2146
-918
3467
11648640
-8
-8
4
2159
-895
3489
11649665
-9
-6
5
2141
-913
3467
11650690
-4
-3
3
2124
-938
3483
11651715
6
-9
-3
2128
-916
3488
11652740
10
-8
5
2142
-874
3464
11653765
-17
-5
3
2135
-911
3451
11654790
-3
-1
9
2127
-988
3479
11655815
35
-2
2
2132
-924
3538
11656840
7
-8
3
2146
-900
3508
11657865
-20
-10
7
2141
-910
3481
11658890
-35
-14
-6
2140
-971
3481
11659915
7
-17
-10
2122
-957
3487
11660940
30
-20
-6
2119
-877
3508
11661965
-3
-21
-5
2128
-900
3497
11662990
-18
-17
-9
2143
-926
3460
11664015
-17
-13
-13
2168
-929
3445
11656831
0
-5
-10
2170
-903
3439
11657856
18
-8
1
2146
-865
3494
11658881
2
-12
1
2130
-876
3502
11659906
-7
-17
4
2130
-909
3482
11660931
-4
-20
4
2146
-931
3481
11661956
-3
-14
7
2153
-924
3467
11662981
16
-11
11
2140
-920
3481
11664006
30
-19
15
2143
-909
3507
11665031
7
-20
14
2161
-923
3477
11666056
-14
-17
6
2165
-936
3442
11667081
2
-18
1
2171
-913
3461
11668106
10
-16
-2
2168
-887
3447
11669131
-26
-12
-8
2163
-877
3393
11670156
-27
0
-6
2150
-934
3411
11671181
19
13
3
2138
-907
3497
11672206
8
21
4
2126
-918
3516
11665024
-14
19
7
2151
-896
3471
11666049
-16
16
16
2164
-899
3454
11667074
-2
12
16
2158
-919
3487
11668099
14
4
9
2168
-901
3526
11669124
-11
0
2
2140
-924
3508
11670149
-11
-5
1
2118
-965
3510
11671174
27
-5
9
2119
-926
3468
11672199
39
0
17
2125
-855
3451
11673224
-16
4
9
2155
-912
3478
11674249
-10
0
7
2162
-954
3488
11675274
9
-3
3
2148
-930
3489
11676299
-7
-6
-6
2141
-907
3485
11677324
-15
-6
-4
2143
-887
3448
11678349
-11
3
3
2139
-892
3418
11679374
12
3
7
2146
-897
3539
11680399
18
-9
9
2163
-986
3588
11673216
30
-7
12
2166
-974
3551
11674241
-12
60
-5
2319
-1079
3488
11675266
-288
406
-44
2400
-389
2184
11676291
-973
1067
-140
2023
17
1414
11677316
-841
1449
-201
2140
-779
2609
11678341
-9
1196
-61
3200
-3402
3714
11679366
-602
559
-168
-559
-220
12076
11680391
-2935
-458
-366
-203
1403
5720
11681416
-2187
-733
-143
3865
-3707
-1637
11682441
-262
-334
-345
1377
-2050
1989
11683466
423
-389
142
2066
-1446
2895
11684491
1091
-338
184
2233
-1375
3453
11685516
1132
-252
288
1982
-193
3351
11686541
803
-326
300
2037
-845
3369
11687566
672
-284
232
1946
-1647
3860
11688591
815
-287
163
2192
-1550
4159
11681408
698
-417
127
2244
-947
3905
11682433
363
-492
73
2095
-1341
3320
11683458
162
-353
46
1989
-805
2932
11684483
-147
-181
-67
2086
-1422
3182
11685508
71
-92
-129
2089
-1490
3457
11686533
402
-65
-77
2168
-775
3415
11687558
252
-31
-53
2251
-517
3297
11688583
-47
38
-26
2255
-697
3220
11689608
-200
99
-36
2239
-1028
3318
11690633
-137
124
-41
2216
-1111
3467
11691658
-42
107
-37
2151
-1071
3603
11692683
74
52
-19
2060
-1085
3605
11693708
268
12
30
2017
-968
3540
11694733
209
4
24
2034
-882
3509
11695758
12
34
20
2108
-979
3455
11696783
-54
37
-3
2166
-1061
3524
11689600
15
-7
-6
2211
-1016
3640
11690625
78
-36
-3
2139
-984
3554
11691650
28
-46
-11
2096
-870
3398
11692675
-39
-23
7
2060
-1045
3334
11693700
-26
-6
-16
2093
-1064
3463
11694725
19
-15
-21
2135
-1038
3568
11695750
45
-20
-23
2164
-893
3546
11696775
-6
-17
-7
2136
-904
3421
11697800
-52
-9
5
2137
-978
3351
11698825
-25
-5
2
2129
-1026
3432
11699850
34
-7
-8
2127
-993
3553
11700875
66
-28
-9
2124
-902
3558
11701900
-4
-30
-7
2127
-903
3477
11702925
-83
-3
4
2119
-1000
3343
11703950
-45
23
19
2135
-1030
3334
11704975
34
18
17
2154
-1011
3506
11697792
62
-3
16
2156
-929
3599
11698817
7
-12
12
2141
-914
3502
11699842
-38
-2
9
2109
-952
3394
11700867
-31
8
11
2104
-997
3371
11701892
23
16
16
2118
-1023
3480
11702917
24
17
8
2139
-1021
3546
11703942
16
4
10
2130
-1025
3548
11704967
40
-19
12
2129
-954
3532
11705992
-12
-18
4
2138
-948
3474
11707017
-59
-10
-10
2128
-1040
3441
11708042
-1
-15
-14
2122
-976
3423
11709067
42
-17
0
2127
-912
3462
11710092
4
-13
-6
2125
-974
3507
11711117
-8
-12
-4
2140
-986
3492
11712142
4
-12
4
2146
-933
3422
11713167
6
-3
16
2153
-949
3358
11705983
6
17
17
2155
-958
3435
11707008
-5
22
7
2142
-1009
3553
11708033
17
7
1
2106
-991
3554
11709058
40
-10
10
2092
-930
3464
11710083
-22
-8
1
2115
-977
3445
11711108
-45
-1
-6
2146
-1048
3503
11712133
5
-6
-4
2148
-966
3498
11713158
37
-27
9
2117
-954
3469
11714183
50
-31
14
2128
-958
3456
11715208
21
-16
10
2142
-935
3443
11716233
-21
-5
4
2153
-918
3426
11717258
-13
0
22
2142
-980
3413
11718283
24
9
26
2139
-990
3442
11719308
45
13
25
2139
-899
3481
11720333
4
18
31
2134
-902
3486
11721358
-45
25
28
2111
-1029
3474
11714176
-23
27
19
2126
-1018
3424
11715201
31
26
27
2124
-954
3483
11716226
25
15
23
2125
-976
3556
11717251
-11
5
8
2103
-1008
3586
11718276
-51
1
-8
2091
-1016
3479
11719301
-49
5
-12
2112
-1017
3402
11720326
-13
8
-2
2135
-964
3504
11721351
-2
1
5
2115
-994
3548
11722376
-1
-8
1
2095
-948
3511
11723401
-27
-19
-3
2116
-960
3495
11724426
-18
-20
2
2125
-994
3451
11725451
12
-13
11
2120
-993
3438
11726476
10
-14
10
2133
-995
3501
11727501
-22
-17
1
2131
-1029
3524
11728526
-22
-21
-15
2128
-1009
3477
11729551
-5
-17
-17
2123
-950
3430
11722368
-26
-12
-17
2119
-956
3444
11723393
-23
-12
-12
2114
-1007
3501
11724418
8
-10
-8
2123
-987
3484
11725443
5
-9
-8
2141
-941
3468
11726468
-23
-11
-3
2143
-958
3449
11727493
-2
-11
9
2139
-983
3452
11728518
29
-7
16
2127
-975
3470
11729543
15
-2
10
2129
-972
3478
11730568
-9
-2
1
2132
-995
3486
11731593
-11
-3
-3
2130
-993
3463
11732618
11
-8
3
2147
-969
3475
11733643
26
-11
11
2144
-966
3497
11734668
3
-9
13
2134
-961
3454
11735693
-16
-6
10
2122
-1041
3452
11736718
39
-11
-5
2117
-1020
3528
11737743
110
-31
2
2116
-900
3594
11730560
64
-39
9
2110
-916
3591
11731585
-29
-44
2
2097
-992
3488
11732610
-52
-44
-8
2132
-1093
3351
11733635
38
-27
-9
2152
-1010
3341
11734660
44
-20
-15
2199
-944
3462
11735685
-12
-23
-32
2194
-973
3531
11736710
-28
-24
-35
2167
-933
3421
11737735
-36
-5
-27
2135
-879
3323
11738760
-47
6
-16
2127
-971
3416
11739785
2
2
-16
2166
-977
3568
11740810
47
18
-19
2203
-912
3529
11741835
-56
161
-26
2248
-670
3054
11742860
-337
430
-13
2388
-789
2496
11743885
-550
927
-56
2413
-338
1734
11744910
-559
1327
-76
2122
207
2181
11745935
-463
1020
32
2956
-1486
4523
11738846
-1129
173
-391
-888
-2479
12906
11739871
-3052
-172
-99
495
549
2079
11740896
-1164
-637
-330
3804
-5173
-695
11741921
680
-107
-164
1494
-1726
2397
11742946
486
-66
105
2327
41
3148
11743971
123
83
-70
2084
-1530
3850
11744996
607
24
28
1710
-1456
4129
11746021
982
-166
121
2125
-965
3242
11747046
1052
-113
219
1834
-795
2929
11748071
896
-160
206
1787
-811
3800
11749096
595
-252
172
1846
-1019
4478
11750121
343
-395
190
1801
-1187
4498
11751146
284
-463
204
2100
-1606
3529
11752171
168
-466
126
2290
-1111
2906
11753196
323
-422
116
2260
-785
3052
11754221
391
-320
68
2091
-1256
3445
11746943
388
-253
-33
2059
-1200
3411
11747968
183
-172
-78
2257
-724
3070
11748993
-96
-62
-93
2224
-817
3154
11750018
19
-6
-65
2168
-913
3412
11751043
160
12
-52
2108
-856
3597
11752068
93
28
-45
2129
-847
3576
11753093
-29
58
-24
2126
-817
3458
11754118
-141
71
-11
2115
-857
3471
11755143
-102
60
5
2118
-988
3553
11756168
18
26
13
2140
-877
3547
11757193
58
7
56
2153
-910
3444
11758218
21
14
30
2126
-934
3418
11759243
23
5
15
2116
-1007
3552
11760268
94
9
10
2097
-982
3552
11761293
46
13
-7
2096
-842
3459
11762318
-74
19
2
2149
-952
3338
11755136
-78
48
3
2137
-1059
3371
11756161
-9
45
-22
2138
-1001
3610
11757186
61
16
-16
2104
-907
3664
11758211
-9
-11
-29
2108
-841
3533
11759236
-91
-15
-21
2109
-938
3404
11760261
-29
-1
3
2084
-971
3485
11761286
25
-2
-1
2074
-959
3595
11762311
40
-26
-5
2102
-931
3630
11763336
16
-45
2
2125
-928
3530
11764361
-15
-40
4
2124
-965
3359
11765386
22
-27
15
2127
-948
3352
11766411
29
-20
4
2146
-944
3492
11767436
28
-20
-8
2146
-937
3549
11768461
16
-30
-24
2138
-850
3538
11769486
0
-40
-20
2110
-877
3459
11770511
-7
-26
-8
2086
-894
3412
11763328
-20
-8
2
2111
-966
3425
11764353
9
1
6
2154
-938
3467
11765378
10
4
2
2185
-891
3464
11766403
-11
5
-3
2159
-907
3444
11767428
-30
12
-9
2127
-934
3410
11768453
-19
29
-7
2115
-960
3434
11769478
-11
38
-6
2127
-914
3493
11770503
-26
31
1
2130
-908
3572
11771528
-16
9
8
2140
-943
3598
11772553
23
-14
17
2125
-906
3555
11773578
2
-23
11
2106
-918
3472
11774603
-21
-27
-1
2116
-961
3468
11775628
11
-32
-3
2124
-937
3505
11776653
35
-31
5
2117
-910
3475
11777678
5
-19
8
2130
-926
3430
11778703
-22
-4
9
2130
-969
3409
11771520
-6
5
5
2149
-934
3436
11772545
-7
10
-8
2169
-930
3484
11773570
0
11
-10
2147
-906
3485
11774595
8
3
5
2119
-868
3473
11775620
-14
8
11
2075
-934
3495
11776645
-37
13
-2
2090
-968
3499
11777670
-11
12
-4
2138
-951
3512
11778695
21
2
4
2158
-879
3513
11779720
20
-9
15
2136
-900
3515
11780745
-10
-13
13
2132
-932
3509
11781770
-35
-12
4
2111
-945
3452
11782795
-21
-6
0
2108
-949
3455
11783820
21
-7
4
2123
-893
3525
11784845
15
-15
10
2129
-897
3528
11785870
-29
-15
5
2130
-924
3460
11786895
-26
-14
5
2128
-968
3444
11779713
20
-9
9
2126
-953
3478
11780738
21
-5
15
2121
-938
3488
11781763
-3
-6
10
2118
-964
3489
11782788
-11
-5
-1
2133
-973
3495
11783813
-7
-4
-5
2141
-936
3496
11784838
-15
-6
-5
2135
-931
3457
11785863
-16
-7
-9
2131
-939
3486
11786888
3
-11
-6
2133
-899
3523
11787913
0
-15
-1
2114
-894
3515
11788938
1
-16
8
2121
-938
3481
11789963
0
-11
8
2134
-960
3452
11790988
-1
-14
3
2150
-937
3456
11792013
5
-10
4
2146
-929
3468
11793038
-2
0
2
2129
-944
3469
11794063
8
2
-3
2123
-948
3510
11795088
15
-10
-4
2139
-910
3520
11787904
1
-16
4
2151
-898
3409
11788929
-2
0
18
2138
-888
3365
11789954
15
10
13
2134
-946
3547
11790979
38
5
11
2115
-949
3613
11792004
20
-4
7
2100
-869
3507
11793029
-24
-11
4
2120
-929
3432
11794054
5
-2
6
2140
-1000
3492
11795079
44
13
10
2146
-944
3584
11796104
-1
38
-18
2182
-1018
3672
11797129
32
145
-51
2267
-871
3491
11798154
-61
390
-35
2331
-374
2867
11799179
-603
893
-87
2105
71
1626
11800204
-1005
995
-269
1962
-1032
2920
11801229
-939
570
-248
2559
-1668
5879
11802254
-2109
127
-18
-143
1833
8098
11803279
-3010
-391
-144
2772
-3906
1290
11796095
-495
-335
-449
2084
-4686
1525
11797120
1131
-76
213
1711
-79
2385
11798145
69
-30
-2
2340
-926
3161
11799170
-179
109
-99
1830
-1776
3625
11800195
489
1
-20
1950
-1590
3822
11801220
1063
-160
101
1910
-1033
3595
11802245
1185
-140
215
1992
-588
3115
11803270
1123
-153
309
1914
-869
3436
11804295
957
-256
314
1954
-1129
4153
11805320
696
-265
213
2117
-1166
4067
11806345
233
-249
224
2052
-1047
3343
11807370
98
-332
148
2083
-1357
3424
11808395
328
-334
58
2155
-1379
3473
11809420
417
-267
-37
2086
-1160
3419
11810445
201
-209
-82
2157
-581
3344
11811470
33
-144
-60
2139
-882
3361
11804288
208
-102
-84
2067
-1020
3547
11805313
389
-53
-16
2169
-511
3293
11806338
117
37
31
2159
-573
3177
11807363
-123
96
-7
2173
-1043
3538
11808388
13
91
-9
2168
-988
3785
11809413
-8
65
7
2119
-684
3621
11810438
-138
55
21
2066
-971
3386
11811463
-44
61
20
2064
-1029
3343
11812488
118
49
21
2098
-974
3598
11813513
246
19
22
2138
-907
3731
11814538
215
-17
21
2096
-710
3659
11815563
-53
-17
11
2076
-823
3433
11816588
-135
2
0
2047
-1022
3359
11817613
-14
16
5
2109
-982
3464
11818638
89
21
10
2110
-872
3518
11819663
19
10
-8
2127
-833
3607
11812480
-36
-18
-8
2093
-938
3605
11813505
-9
-23
-5
2074
-884
3492
11814530
-45
-4
-9
2075
-915
3360
11815555
-29
13
-15
2093
-934
3454
11816580
11
11
-12
2114
-867
3594
11817605
40
-6
6
2082
-873
3628
11818630
47
-27
2
2084
-867
3580
11819655
7
-32
2
2092
-874
3451
11820680
-34
-22
-4
2101
-920
3461
11821705
-21
-19
-17
2124
-926
3535
11822730
28
-22
-8
2111
-863
3527
11823755
12
-26
-15
2105
-847
3497
11824780
-13
-26
-10
2123
-874
3461
11825805
-24
-12
-1
2125
-900
3431
11826830
-3
-1
2
2144
-858
3475
11827855
11
-2
6
2137
-845
3505
11820672
4
2
13
2108
-871
3504
11821697
-4
1
5
2080
-911
3538
11822722
-1
-3
1
2097
-907
3512
11823747
0
1
-2
2115
-869
3465
11824772
-8
-3
3
2130
-840
3459
11825797
30
-9
28
2092
-927
3550
11826822
40
-10
9
2086
-914
3595
11827847
-1
-9
-4
2105
-897
3525
11828872
-37
-4
-11
2124
-879
3428
11829897
-21
-3
-10
2129
-881
3424
11830922
12
2
0
2109
-864
3512
11831947
-7
7
-9
2105
-859
3545
11832972
-32
8
-8
2105
-879
3517
11833997
-29
9
-3
2104
-894
3495
11835022
5
7
10
2107
-867
3485
11836047
18
-4
10
2111
-858
3561
11828865
28
-19
19
2112
-884
3581
11829890
28
-24
23
2097
-902
3539
11830915
-10
-23
8
2100
-923
3470
11831940
-21
-18
-3
2112
-944
3436
11832965
0
-8
-7
2123
-887
3431
11833990
25
-6
2
2128
-849
3470
11835015
6
-1
-6
2122
-870
3534
11836040
-15
0
-18
2114
-883
3511
11837065
-15
-1
-11
2114
-850
3487
11838090
-8
0
6
2091
-874
3478
11839115
15
-2
19
2082
-872
3523
11840140
2
-7
11
2097
-901
3577
11841165
2
-15
3
2101
-914
3561
11842190
19
-26
10
2122
-859
3532
11843215
15
-29
26
2130
-871
3493
11844240
-3
-24
23
2132
-889
3469
11837057
-14
-17
8
2138
-874
3440
11838082
-10
-8
-1
2127
-870
3423
11839107
2
3
-3
2122
-856
3447
11840132
-6
8
3
2114
-886
3508
11841157
-20
12
2
2116
-903
3533
11842182
-23
12
1
2092
-921
3518
11843207
-11
4
0
2091
-921
3503
11844232
3
-6
-2
2114
-880
3526
11845257
2
-13
-2
2138
-869
3550
11846282
-2
-23
-5
2122
-875
3572
11847307
-11
-32
-7
2100
-885
3525
11848332
-3
-31
2
2091
-888
3422
11849357
24
-22
12
2108
-879
3429
11850382
39
-12
13
2127
-893
3534
11851407
11
-9
2
2147
-862
3525
11852432
-44
-3
-5
2145
-908
3426
11845248
-29
-2
-14
2121
-946
3448
11846273
13
0
-22
2126
-841
3499
11847298
-7
7
-19
2121
-807
3489
11848323
-24
6
-10
2121
-853
3509
11849348
4
-8
5
2136
-868
3539
11850373
17
-17
14
2129
-832
3527
11851398
-2
-10
19
2100
-854
3485
11852423
-11
-9
14
2102
-924
3506
11853448
16
-12
11
2124
-912
3522
11854473
9
-7
11
2133
-883
3496
11855498
-20
6
5
2131
-914
3484
11856523
-36
30
5
2120
-872
3456
11857548
-54
41
3
2126
-907
3463
11858573
6
28
11
2104
-852
3565
11859598
26
-8
22
2092
-822
3576
11860623
-9
-16
23
2107
-917
3458
11853440
0
-11
14
2139
-978
3472
11854465
30
-1
8
2181
-960
3522
11855490
69
47
25
2124
-868
3403
11856515
89
21
29
2090
-898
3388
11857540
189
37
34
2216
-1158
3304
11858565
609
261
32
2342
-1070
2692
11859590
1000
660
103
2084
287
2131
11860615
714
939
125
1975
123
3608
11861640
335
850
-15
2660
137
4894
11862665
-331
574
123
1392
-722
5623
11863690
-2558
-23
-343
-890
-766
9043
11864715
-2849
-477
-364
3463
-3210
68
11865740
547
-244
-218
2116
-1578
398
11866765
-93
9
173
1876
840
2995
11867790
-959
53
-67
2248
-2114
3802
11868815
97
50
-20
1614
-1460
4356
11861631
372
-176
71
2024
-662
3931
11862656
211
-290
95
1714
-1291
3493
11863681
630
-409
148
1715
-1196
3815
11864706
815
-390
185
2107
-793
3824
11865731
386
-396
206
2009
-698
3709
11866756
-96
-386
84
2284
-1198
3468
11867781
-66
-306
55
2198
-1100
3111
11868806
150
-240
37
1974
-1224
3252
11869831
186
-216
-106
2167
-1157
3570
11870856
93
-184
-109
2188
-758
3551
11871881
-145
-118
-129
2105
-867
3287
11872906
-18
-44
-73
2114
-791
3121
11873931
64
16
-50
2156
-856
3294
11874956
49
65
-68
2193
-976
3512
11875981
150
66
-54
2188
-808
3599
11877006
243
52
-3
2098
-691
3643
11869824
177
32
23
2056
-657
3596
11870849
-46
32
36
2062
-801
3504
11871874
-122
36
29
2093
-1076
3499
11872899
18
32
31
2106
-996
3569
11873924
64
3
7
2114
-869
3624
11874949
14
-30
-10
2142
-890
3557
11875974
34
-28
2
2102
-860
3489
11876999
-42
-18
-20
2079
-884
3496
11878024
-51
-15
-7
2101
-942
3463
11879049
-19
4
1
2108
-902
3379
11880074
-42
24
-20
2142
-955
3446
11881099
-7
35
-18
2123
-901
3549
11882124
12
19
-21
2115
-803
3585
11883149
1
-3
-18
2117
-807
3557
11884174
2
-16
2
2121
-855
3512
11885199
4
-12
23
2102
-913
3390
11878016
16
8
26
2112
-937
3434
11879041
14
10
4
2127
-1032
3639
11880066
64
-28
8
2099
-958
3639
11881091
39
-48
14
2040
-909
3474
11882116
7
-38
0
2056
-934
3471
11883141
59
-41
-8
2113
-889
3578
11884166
78
-46
-11
2149
-801
3553
11885191
32
-54
-12
2135
-773
3464
11886216
-17
-52
-9
2127
-801
3391
11887241
-38
-25
-16
2147
-894
3413
11888266
6
-2
-20
2159
-854
3445
11889291
3
9
-13
2169
-781
3441
11890316
-52
29
-2
2154
-840
3410
11891341
-59
40
0
2111
-962
3461
11892366
-13
40
-9
2086
-913
3560
11893391
-11
29
-4
2072
-833
3541
11886207
-17
16
15
2113
-832
3562
11887232
-9
-1
29
2207
-863
3632
11888257
1
-25
42
2194
-906
3598
11889282
-1
-47
38
2092
-948
3547
11890307
34
-75
20
2025
-916
3551
11891332
64
-89
17
2051
-838
3538
11892357
17
-83
11
2135
-833
3444
11893382
-31
-52
10
2179
-873
3364
11894407
-26
-19
15
2196
-853
3350
11895432
-11
2
25
2201
-834
3340
11896457
-20
25
27
2199
-868
3348
11897482
-24
48
12
2171
-915
3417
11898507
-8
57
15
2125
-885
3502
11899532
-54
63
12
2094
-888
3531
11900557
-100
59
15
2108
-986
3422
11901582
-29
71
30
2122
-963
3401
11894400
32
71
17
2112
-902
3636
11895425
10
45
0
2104
-864
3701
11896450
-28
20
6
2101
-827
3605
11897475
-64
-4
4
2089
-916
3515
11898500
-23
-11
5
2092
-945
3492
11899525
26
-11
9
2086
-862
3498
11900550
1
-14
9
2079
-860
3502
11901575
-10
-20
19
2095
-907
3514
11902600
23
-21
27
2105
-903
3598
11903625
24
-31
31
2109
-898
3585
11904650
9
-54
31
2112
-909
3429
11905675
8
-47
30
2089
-902
3376
11906700
39
-33
13
2108
-943
3494
11907725
110
-32
5
2126
-893
3596
11908750
77
-48
-1
2150
-820
3542
11909775
-21
-50
-2
2130
-838
3409
11902592
-73
-25
-1
2110
-930
3343
11903617
-28
-3
-1
2127
-964
3419
11904642
39
9
6
2133
-893
3512
11905667
27
5
-1
2130
-880
3573
11906692
-16
-6
-8
2118
-918
3557
11907717
-24
-12
-15
2099
-891
3506
11908742
12
-16
-13
2107
-882
3499
11909767
62
-19
0
2138
-851
3518
11910792
70
-20
19
2145
-827
3529
11911817
35
-26
34
2136
-854
3524
11912842
26
-36
47
2152
-903
3492
11913867
19
-29
41
2169
-911
3446
11914892
12
-19
33
2179
-920
3395
11915917
26
-14
34
2154
-910
3405
11916942
27
-13
14
2133
-927
3540
11917967
40
-19
-2
2146
-900
3574
11910784
24
-24
-1
2110
-804
3457
11911809
-21
-17
7
2094
-849
3388
11912834
7
-1
17
2098
-948
3492
11913859
67
4
12
2139
-892
3581
11914884
40
-1
10
2162
-827
3526
11915909
-25
-7
11
2149
-868
3449
11916934
-20
-4
11
2141
-934
3463
11917959
8
-3
-4
2149
-893
3508
11918984
-3
-14
-20
2169
-872
3483
11920009
8
-15
-17
2168
-846
3491
11921034
18
31
-13
2210
-792
3465
11922059
-27
208
-11
2346
-742
3135
11923084
-42
444
45
2248
-707
2663
11924109
-214
810
-20
1908
18
2344
11925134
-656
1168
-79
2537
230
2117
11926159
-848
1125
-55
2768
-1109
3763
11918976
-1741
469
-304
-828
-1289
11003
11920001
-3911
-249
-234
2082
-638
3352
11921026
-916
-397
-314
2458
-5938
429
11922051
1899
-104
186
1137
-428
2331
11923076
492
-134
221
2443
315
2872
11924101
-231
53
-60
1776
-2807
3728
11925126
938
-72
8
1703
-1747
4318
11926151
1367
-296
97
2136
-998
3926
11927176
1255
-359
136
1908
-946
3378
11928201
1308
-380
159
1914
-525
3490
11929226
1094
-404
183
1826
-676
3982
11930251
502
-414
126
1972
-1134
3862
11931276
88
-426
9
2207
-862
3580
11932301
236
-424
86
2289
-608
3083
11933326
407
-371
88
2112
-701
3262
11934351
377
-335
-28
2193
-857
3697
11927168
314
-299
-67
2234
-1024
3599
11928193
270
-225
-68
2152
-561
3127
11929218
235
-120
-13
2139
-395
3006
11930243
225
-14
-7
2140
-572
3249
11931268
231
53
11
2178
-541
3608
11932293
70
56
10
2227
-520
3704
11933318
-92
48
27
2230
-638
3516
11934343
-72
56
28
2170
-725
3416
11935368
-15
48
13
2155
-710
3548
11936393
12
18
12
2168
-739
3671
11937418
19
-3
16
2138
-732
3580
11938443
-18
10
30
2118
-686
3404
11939468
-43
24
27
2117
-735
3475
11940493
-16
23
12
2135
-780
3616
11941518
21
9
-2
2147
-712
3603
11942543
-32
9
-16
2165
-644
3531
11935361
-81
21
-17
2158
-612
3454
11936386
-101
33
2
2136
-675
3406
11937411
-54
21
6
2139
-803
3530
11938436
23
-7
5
2175
-820
3604
11939461
91
-30
13
2148
-710
3613
11940486
9
-36
-17
2136
-663
3561
11941511
-72
-31
-27
2128
-765
3507
11942536
-55
-28
-25
2141
-762
3485
11943561
-42
-34
-41
2172
-819
3475
11944586
14
-31
-35
2167
-752
3475
11945611
55
-39
-49
2175
-654
3529
11946636
67
-52
-49
2169
-676
3582
11947661
82
-56
-31
2162
-717
3565
11948686
103
-55
-3
2147
-669
3578
11949711
73
-69
8
2152
-684
3550
11950736
51
-66
19
2161
-711
3450
11943552
94
-54
15
2166
-720
3432
11944577
131
-61
1
2224
-667
3528
11945602
122
-65
-1
2219
-632
3560
11946627
48
-72
-24
2219
-631
3491
11947652
-26
-64
-39
2210
-661
3399
11948677
-53
-47
-48
2193
-631
3357
11949702
-31
-34
-47
2197
-647
3393
11950727
21
-8
-33
2182
-550
3442
11951752
-24
-1
-26
2206
-522
3536
11952777
-105
-6
-7
2239
-570
3538
11953802
-153
-10
6
2237
-635
3446
11954827
-164
1
0
2222
-641
3390
11955852
-152
23
-4
2202
-602
3417
11956877
-154
24
1
2185
-626
3496
11957902
-147
17
26
2224
-576
3547
11958927
-226
20
51
2209
-574
3505
11951743
-320
20
52
2167
-884
3468
11952768
-162
-13
36
2166
-1110
3522
11953793
119
-41
34
2206
-906
3516
11954818
194
-46
40
2215
-675
3442
11955843
104
-29
40
2218
-658
3421
11956868
38
-21
40
2206
-750
3513
11957893
37
-33
33
2241
-829
3511
11958918
84
-41
24
2260
-748
3477
11959943
78
-50
14
2246
-663
3482
11960968
12
-49
10
2210
-607
3453
11961993
-32
-37
25
2168
-663
3461
11963018
12
-40
39
2176
-663
3536
11964043
74
-48
73
2194
-622
3523
11965068
66
-51
96
2210
-644
3432
11966093
51
-59
114
2220
-742
3382
11967118
114
-65
123
2228
-781
3430
11959936
192
-68
121
2246
-729
3481
11960961
163
-60
105
2251
-687
3478
11961986
38
-53
71
2253
-744
3435
11963011
-21
-55
52
2246
-852
3386
11964036
47
-51
40
2261
-800
3392
11965061
80
-47
27
2269
-700
3418
11966086
14
-33
13
2275
-673
3425
11967111
-57
-26
4
2264
-742
3451
11968136
-46
-29
4
2270
-729
3392
11969161
11
-19
20
2250
-666
3385
11970186
0
-5
18
2242
-693
3439
11971211
-31
-4
14
2246
-758
3473
11972236
-5
-20
19
2250
-741
3466
11973261
-3
-21
16
2263
-719
3435
11974286
-27
-16
10
2267
-765
3438
11975311
-20
-19
11
2280
-752
3428
11968311
-9
-28
12
2289
-735
3437
11969336
14
-38
18
2281
-764
3454
11970361
18
-34
15
2274
-717
3388
11971386
-15
-18
10
2253
-716
3328
11972411
-38
2
-2
2280
-723
3343
11973436
-41
16
-8
2302
-734
3361
11974461
-34
40
-15
2314
-668
3338
11975486
-76
87
-21
2335
-637
3346
11976511
-125
196
-29
2413
-1072
3419
11977536
-194
455
-18
2405
-617
2688
11978561
-560
880
-105
2321
98
1630
11979586
-762
1261
-46
1998
-547
1579
11980611
-355
1274
-100
2954
-1837
3497
11981636
-252
816
-152
1829
-1049
8342
11982661
-2505
130
-420
-1526
1898
10252
11983686
-3218
-292
-231
3213
-3507
-1165
11976320
684
-306
-481
1957
-4296
1616
11977345
757
-79
-7
1757
1058
2747
11978370
-18
-37
-64
2592
-1361
3102
11979395
229
69
-137
1681
-1339
4160
11980420
920
-287
-38
2141
-886
4011
11981445
1121
-307
157
2108
-757
2693
11982470
942
-220
183
1734
-259
3660
11983495
553
-245
94
1952
-737
4622
11984520
390
-279
167
1990
-1096
3856
11985545
188
-361
169
2131
-825
3618
11986570
94
-459
71
2360
-931
3670
11987595
204
-457
41
2202
-830
3459
11988620
258
-398
34
2032
-678
3425
11989645
165
-360
-12
2175
-1000
3415
11990670
284
-327
6
2227
-902
3165
11991695
275
-188
-30
2320
-565
2964
11984512
198
-15
-41
2303
-398
3024
11985537
130
120
3
2259
-304
3229
11986562
-167
159
20
2263
-736
3448
11987587
-192
128
22
2247
-1123
3621
11988612
40
81
-11
2243
-836
3652
11989637
23
52
-29
2180
-545
3513
11990662
-106
46
-29
2163
-727
3372
11991687
-48
71
20
2161
-735
3314
11992712
20
89
34
2152
-807
3475
11993737
69
91
24
2181
-751
3636
11994762
40
72
16
2166
-811
3657
11995787
-26
44
-3
2150
-801
3644
11996812
-47
-3
-15
2140
-855
3561
11997837
35
-28
-4
2152
-774
3519
11998862
3
-19
-18
2169
-617
3450
11999887
-108
5
-28
2167
-784
3452
11992704
-78
17
-30
2175
-814
3498
11993729
-10
-5
-16
2200
-762
3542
11994754
-1
-17
0
2191
-726
3454
11995779
-15
-2
2
2163
-745
3386
11996804
-2
20
1
2125
-801
3405
11997829
34
27
-4
2157
-772
3511
11998854
-9
26
-11
2183
-747
3563
11999879
-44
14
-14
2170
-835
3530
12000904
30
-5
-4
2172
-766
3550
12001929
21
-17
-5
2160
-704
3590
12002954
-34
-30
-19
2153
-821
3552
12003979
-10
-39
-14
2175
-777
3454
12005004
8
-37
-4
2178
-725
3440
12006029
15
-36
1
2185
-753
3506
12007054
67
-36
13
2147
-721
3545
12008079
66
-41
13
2138
-666
3510
12000895
29
-40
26
2166
-721
3467
12001920
15
-40
26
2203
-791
3453
12002945
41
-36
19
2229
-810
3430
12003970
85
-23
24
2208
-678
3434
12004995
23
-17
10
2185
-722
3464
12006020
-11
-12
1
2180
-779
3459
12007045
-6
-11
-5
2200
-781
3472
12008070
10
-13
-8
2194
-763
3480
12009095
35
-12
-1
2171
-688
3461
12010120
-5
5
-2
2172
-705
3445
12011145
-33
15
0
2190
-762
3465
12012170
-10
9
6
2217
-719
3509
12013195
10
-6
5
2195
-772
3507
12014220
34
-5
-4
2174
-723
3505
12015245
-7
-2
-15
2177
-694
3482
12016270
-43
-2
-8
2184
-765
3428
12009088
-6
12
-1
2183
-747
3487
12010113
19
10
-1
2178
-712
3548
12011138
12
3
3
2173
-704
3540
12012163
-23
-4
-7
2177
-759
3513
12013188
-13
-17
-6
2193
-775
3483
12014213
28
-21
5
2194
-723
3480
12015238
27
-17
0
2198
-692
3495
12016263
7
-10
-1
2179
-687
3505
12017288
-32
-14
-5
2185
-774
3484
12018313
-15
-17
0
2194
-781
3426
12019338
37
-13
10
2191
-708
3442
12020363
47
-8
8
2184
-640
3478
12021388
12
-2
12
2186
-654
3479
12022413
-8
1
20
2197
-704
3465
12023438
-1
5
33
2221
-754
3443
12024463
-2
23
33
2208
-738
3428
12017281
-8
27
19
2186
-755
3548
12018306
-5
7
7
2192
-759
3582
12019331
3
-10
2
2171
-720
3547
12020356
-4
-21
7
2164
-710
3458
12021381
-29
-14
3
2159
-787
3402
12022406
-9
-4
-5
2193
-784
3459
12023431
34
4
-2
2213
-722
3524
12024456
48
2
7
2218
-632
3509
12025481
-17
10
12
2202
-709
3450
12026506
-37
18
6
2180
-838
3397
12027531
63
25
24
2211
-719
3371
12028556
70
94
9
2311
-582
3304
12029581
-132
325
-8
2328
-861
2985
12030606
-246
617
8
2208
-879
2349
12031631
-371
1049
-252
2344
-939
2196
12032656
-255
1349
-421
2436
-1048
3188
12025473
-105
1070
-113
2463
-370
4619
12026498
-911
398
-77
-618
1720
10971
12027523
-3188
-209
-208
322
-541
4762
12028548
-1520
-550
-315
3797
-4796
-1892
12029573
748
-79
-174
1097
-276
2608
12030598
-11
-112
104
2480
-795
3157
12031623
-13
93
-124
2162
-1610
3799
12032648
412
-35
-105
1711
-833
4693
12033673
613
-364
-82
2044
-1078
4186
12034698
905
-440
136
1711
-286
3112
12035723
834
-425
229
1696
-318
3352
12036748
451
-365
240
1885
-754
4078
12037773
203
-410
256
1966
-1163
4395
12038798
36
-451
226
2235
-1127
3924
12039823
-40
-535
211
2225
-936
3457
12040848
-54
-582
186
2143
-1073
3126
12033664
155
-498
153
2252
-1029
3126
12034689
90
-431
40
2255
-1016
3445
12035714
18
-380
-34
2253
-1020
3267
12036739
154
-295
20
2295
-860
2915
12037764
186
-183
1
2269
-855
2903
12038789
226
-108
-20
2354
-679
3242
12039814
113
-54
-16
2350
-772
3466
12040839
43
-41
-39
2317
-890
3498
12041864
95
-38
-22
2303
-718
3226
12042889
-64
44
-11
2255
-727
3031
12043914
-176
107
-28
2269
-914
3382
12044939
-35
74
-25
2280
-942
3684
12045964
137
7
6
2281
-719
3607
12046989
118
-22
26
2285
-730
3404
12048014
26
3
41
2239
-802
3173
12049039
43
27
47
2239
-853
3272
12041856
110
22
34
2265
-876
3535
12042881
175
-14
13
2288
-857
3624
12043906
185
-44
7
2261
-702
3511
12044931
-1
-33
4
2251
-620
3256
12045956
-96
13
25
2223
-920
3203
12046981
27
42
20
2259
-942
3399
12048006
108
29
11
2306
-841
3523
12049031
41
20
-16
2306
-757
3491
12050056
-47
-2
-16
2284
-720
3418
12051081
-50
-1
-1
2270
-835
3367
12052106
14
12
3
2265
-757
3384
12053131
3
14
6
2286
-768
3409
12054156
-50
25
8
2262
-808
3414
12055181
-63
31
9
2242
-852
3399
12056206
-23
17
1
2258
-826
3403
12057231
1
12
1
2268
-770
3404
12050048
-10
31
5
2237
-801
3380
12051073
-41
44
-14
2218
-841
3436
12052098
-33
40
-14
2214
-866
3487
12053123
-20
26
-22
2218
-791
3493
12054148
-48
16
-31
2242
-780
3442
12055173
-14
4
-17
2246
-800
3428
12056198
25
9
-3
2239
-748
3459
12057223
-21
8
-1
2249
-833
3478
12058248
-7
-1
8
2234
-853
3433
12059273
34
-9
15
2228
-743
3406
12060298
17
-4
15
2226
-745
3412
12061323
-12
12
8
2235
-790
3433
12062348
-43
19
2
2250
-864
3401
12063373
-9
17
3
2243
-852
3413
12064398
34
10
7
2242
-799
3447
12065423
13
12
1
2216
-788
3432
12058240
-26
19
-3
2225
-785
3410
12059265
-40
25
0
2232
-836
3419
12060290
-5
22
3
2228
-851
3460
12061315
32
10
4
2221
-805
3475
12062340
15
5
7
2207
-787
3481
12063365
-25
4
5
2222
-829
3459
12064390
-15
-1
6
2228
-853
3429
12065415
20
-5
9
2240
-818
3436
12066440
24
-5
10
2230
-773
3470
12067465
-10
-3
8
2220
-790
3459
12068490
-32
-3
3
2233
-819
3415
12069515
-29
-2
3
2254
-801
3382
12070540
-2
10
12
2233
-805
3364
12071565
52
10
19
2229
-713
3466
12072590
-15
1
4
2266
-767
3561
12073615
-60
-9
2
2243
-876
3480
12066432
-31
-12
7
2211
-799
3371
12067457
-31
6
10
2173
-830
3334
12068482
-8
24
8
2204
-867
3412
12069507
20
22
6
2247
-830
3524
12070532
6
11
7
2233
-815
3531
12071557
-25
4
10
2183
-848
3479
12072582
-67
-1
-9
2169
-905
3444
12073607
-37
-8
-20
2224
-851
3396
12074632
12
6
-22
2250
-736
3406
12075657
-21
27
-10
2230
-771
3513
12076682
-33
25
-12
2174
-921
3567
12077707
-9
15
-21
2186
-726
3436
12078732
-60
14
-1
2199
-631
3329
12079757
-100
19
5
2255
-906
3398
12080782
29
58
14
2387
-973
3451
12081807
46
257
9
2497
-514
3232
12074624
-365
765
-126
2465
370
1919
12075649
-833
1299
-160
2319
234
714
12076674
-1435
1094
-100
2193
-2718
6176
12077699
-3764
360
-420
-691
735
10165
12078724
-1289
-337
28
3298
-5580
-375
12079749
1378
-53
-313
2136
-2079
1596
12080774
572
109
160
1727
996
2670
12081799
-315
74
-196
2225
-2511
3960
12082824
574
126
-69
1557
-1221
4502
12083849
835
-208
-25
2025
-783
4109
12084874
736
-256
26
2043
-844
2786
12085899
722
-109
156
1779
-523
2835
12086924
614
-125
166
1947
-606
4008
12087949
467
-219
150
2065
-1063
4397
12088974
462
-290
151
2031
-1262
4075
12089999
423
-378
152
2129
-1022
3417
12082816
294
-403
124
2134
-1044
3103
12083841
274
-350
36
2144
-963
3461
12084866
352
-314
0
2209
-583
3751
12085891
191
-300
1
2105
-896
3618
12086916
83
-313
-90
2155
-903
3619
12087941
140
-307
-77
2241
-774
3257
12088966
133
-185
-82
2152
-684
2986
12089991
114
-60
-75
2159
-601
3158
12091016
50
0
-49
2275
-531
3421
12092041
-37
5
-38
2303
-751
3556
12093066
19
-13
-43
2274
-691
3557
12094091
5
-18
-31
2178
-675
3512
12095116
11
-16
-10
2167
-677
3339
12096141
73
0
29
2200
-710
3337
12097166
125
13
22
2246
-763
3549
12098191
150
0
23
2232
-637
3717
12091008
59
-35
37
2220
-672
3554
12092033
62
-60
62
2225
-734
3364
12093058
45
-45
66
2261
-733
3357
12094083
3
-22
62
2214
-822
3455
12095108
14
-26
38
2225
-830
3488
12096133
47
-23
27
2223
-780
3417
12097158
74
-33
21
2276
-736
3385
12098183
15
-8
18
2258
-714
3355
12099208
-52
15
7
2213
-744
3445
12100233
-47
10
-4
2196
-828
3507
12101258
17
-2
-11
2214
-700
3433
12102283
10
5
-5
2230
-680
3385
12103308
-12
15
-6
2233
-728
3498
12104333
-34
18
-8
2223
-802
3553
12105358
0
3
-12
2208
-762
3480
12106383
56
-19
6
2241
-662
3469
12099200
27
-19
16
2228
-697
3421
12100225
0
-3
24
2220
-729
3338
12101250
7
16
22
2230
-729
3413
12102275
44
10
24
2260
-722
3529
12103300
94
-15
35
2261
-672
3558
12104325
68
-39
26
2233
-710
3537
12105350
24
-42
18
2199
-751
3496
12106375
-22
-32
8
2206
-795
3412
12107400
6
-36
9
2235
-776
3349
12108425
56
-25
10
2262
-678
3408
12109450
38
-9
2
2256
-673
3486
12110475
-5
-6
-8
2241
-693
3471
12111500
-37
-6
-10
2229
-703
3379
12112525
-19
3
3
2235
-687
3351
12113550
-15
41
-2
2232
-630
3386
12114575
-56
58
-4
2223
-735
3469
12107466
-28
40
5
2243
-739
3546
12108491
5
5
19
2234
-750
3518
12109516
36
-5
29
2209
-719
3443
12110541
23
-1
17
2211
-755
3475
12111566
50
-9
9
2219
-809
3538
12112591
60
-15
4
2236
-674
3498
12113616
-16
-17
7
2246
-672
3411
12114641
-23
-21
12
2233
-723
3454
12115666
19
-25
12
2220
-728
3471
12116691
48
-24
17
2230
-692
3448
12117716
26
-21
11
2245
-680
3490
12118741
-14
-21
0
2221
-766
3477
12119766
21
-34
3
2223
-733
3473
12120791
43
-37
10
2234
-687
3463
12121816
13
-29
11
2258
-686
3439
12122841
-30
-15
12
2246
-764
3397
12115584
6
-7
15
2218
-773
3393
12116609
61
-9
9
2234
-713
3501
12117634
61
-24
-1
2257
-653
3530
12118659
13
-36
0
2251
-624
3458
12119684
-24
-35
2
2245
-736
3412
12120709
19
-22
-1
2228
-746
3420
12121734
52
-20
-6
2233
-673
3468
12122759
24
-24
-3
2247
-636
3449
12123784
-16
-22
-1
2258
-655
3440
12124809
-14
-20
-2
2262
-653
3492
12125834
8
-30
4
2274
-633
3461
12126859
24
-36
19
2264
-652
3405
12127884
33
-32
34
2254
-684
3415
12128909
16
-26
35
2237
-766
3414
12129934
-12
-17
13
2270
-785
3404
12130959
-2
-12
2
2301
-766
3412
12123775
20
-10
-6
2297
-700
3434
12124800
14
-9
-2
2262
-689
3435
12125825
-5
-1
-9
2215
-723
3418
12126850
-11
9
-17
2230
-694
3414
12127875
-1
8
-16
2278
-667
3450
12128900
25
-12
-12
2303
-639
3536
12129925
43
-29
3
2244
-621
3552
12130950
24
-38
5
2205
-646
3475
12131975
10
-38
10
2234
-678
3396
12133000
16
-31
10
2321
-666
3390
12134025
-3
73
-6
2476
-656
3276
12135050
-127
343
20
2558
-462
2510
12136075
-485
791
-63
2253
-150
2202
12137100
-849
1241
-246
2202
171
1877
12138125
-564
1169
-157
2975
-1456
3478
12139150
-937
504
-190
648
-1269
10917
12131969
-3155
33
-118
414
1226
3800
12132994
-968
-443
-219
3323
-6105
257
12134019
1095
-52
-246
1431
-600
2696
12135044
468
-48
59
2523
169
2274
12136069
-27
183
-176
2117
-1663
3475
12137094
229
147
-116
1926
-591
4188
12138119
335
-93
-92
2127
-901
4009
12139144
672
-225
-8
1761
-669
3617
12140169
830
-280
65
1985
-450
3665
12141194
546
-251
109
1993
-453
3802
12142219
292
-235
177
1892
-765
3731
12143244
406
-281
212
2070
-980
3701
12144269
282
-284
195
2210
-941
3490
12145294
119
-281
131
2310
-1061
3147
12146319
253
-252
124
2306
-807
3285
12147344
269
-220
72
2202
-610
3668
12140160
232
-263
-26
2199
-1053
3874
12141185
282
-292
-65
2159
-729
3546
12142210
69
-201
-48
2246
-304
2988
12143235
-141
-37
-57
2250
-473
2970
12144260
29
15
-28
2163
-786
3548
12145285
185
23
9
2228
-584
3668
12146310
15
71
15
2240
-458
3264
12147335
-115
123
30
2203
-682
3148
12148360
-59
137
46
2213
-656
3504
12149385
-81
86
8
2222
-895
3928
12150410
59
-18
-11
2184
-832
3981
12151435
167
-101
33
2126
-551
3659
12152460
16
-94
49
2123
-557
3200
12153485
-80
-22
54
2156
-761
3135
12154510
13
21
48
2215
-834
3505
12155535
135
8
34
2261
-732
3661
12148353
90
-19
9
2262
-644
3605
12149378
-18
-36
-8
2239
-708
3416
12150403
16
-25
9
2219
-710
3305
12151428
110
23
30
2169
-564
3242
12152453
169
42
39
2149
-749
3355
12153478
271
42
38
2241
-699
3540
12154503
221
38
28
2236
-633
3593
12155528
190
28
33
2209
-625
3542
12156553
209
10
27
2140
-564
3566
12157578
130
-7
8
2148
-534
3609
12158603
-16
-5
5
2165
-564
3553
12159628
-54
-5
17
2168
-669
3484
12160653
17
-19
17
2181
-667
3570
12161678
14
-27
2
2200
-638
3555
12162703
-25
-24
-3
2205
-612
3449
12163728
-29
-18
-1
2203
-635
3385
12156544
8
-10
-5
2215
-628
3497
12157569
8
-12
-15
2203
-601
3572
12158594
-9
-24
-17
2184
-590
3559
12159619
-46
-26
-18
2198
-571
3454
12160644
-60
-11
-8
2188
-619
3382
12161669
10
-1
-1
2189
-652
3442
12162694
65
0
1
2206
-612
3586
12163719
26
-11
-3
2235
-571
3589
12164744
-37
-20
-4
2224
-633
3498
12165769
-40
-24
-7
2213
-692
3391
12166794
20
-14
-9
2195
-657
3458
12167819
22
-10
-23
2199
-596
3516
12168844
12
-10
-10
2176
-628
3516
12169869
-13
-15
-32
2196
-601
3529
12170894
-37
-21
-41
2199
-589
3544
12171919
11
-41
-38
2162
-579
3575
12164736
59
-60
-15
2188
-468
3550
12165761
36
-62
6
2195
-515
3491
12166786
-5
-54
2
2214
-567
3466
12167811
-6
-43
0
2223
-524
3432
12168836
-6
-36
0
2220
-513
3428
12169861
1
-37
-3
2265
-538
3475
12170886
-24
-37
1
2270
-587
3435
12171911
-61
-24
-6
2255
-613
3416
12172936
-65
-11
-7
2247
-611
3441
12173961
-48
-2
0
2238
-568
3424
12174986
-46
13
17
2248
-557
3403
12176011
-42
25
31
2240
-641
3437
12177036
-9
21
41
2225
-669
3501
12178061
0
10
33
2223
-625
3523
12179086
-15
2
29
2234
-653
3489
12180111
0
0
22
2224
-655
3486
12172928
1
-4
19
2240
-658
3483
12173953
-4
-3
22
2229
-688
3462
12174978
-3
-4
8
2215
-628
3491
12176003
-15
-9
-1
2216
-658
3512
12177028
-5
-7
-6
2215
-628
3480
12178053
0
-7
-2
2217
-598
3456
12179078
-11
-10
-2
2245
-612
3483
12180103
-13
-11
0
2244
-644
3479
12181128
7
-12
0
2216
-616
3465
12182153
5
-16
-5
2211
-590
3468
12183178
-9
-14
-5
2214
-585
3509
12184203
-23
-20
-9
2230
-590
3515
12185228
-20
-31
4
2257
-590
3470
12186253
-20
-33
16
2246
-612
3422
12187278
3
-29
25
2230
-617
3445
12188303
5
-27
22
2237
-616
3480
12181256
-27
-27
5
2245
-652
3442
12182281
-4
-20
13
2239
-628
3398
12183306
15
-2
16
2212
-589
3417
12184331
-18
10
11
2227
-628
3427
12185356
-17
17
8
2257
-641
3425
12186381
0
15
9
2277
-618
3497
12187406
-13
15
4
2258
-622
3519
12188431
-11
15
12
2223
-610
3421
12189456
-22
23
8
2232
-626
3425
12190481
-25
35
8
2233
-698
3529
12191506
2
89
-1
2251
-533
3374
12192531
-64
158
-6
2231
-629
3084
12193556
-156
247
-10
2366
-728
2960
12194581
-90
506
-23
2716
-802
2747
12195606
-100
1019
-63
2478
270
2351
12196631
-164
999
-34
1864
123
4535
12189312
-299
486
-49
1911
-1711
6798
12190337
-2246
175
-284
-1491
1763
9656
12191362
-5100
-541
-504
2706
-1258
-274
12192387
-654
-659
-478
3423
-6498
229
12193412
1564
-141
124
1736
666
2881
12194437
-103
-265
-55
2921
-306
3296
12195462
183
-279
-210
2087
-2018
3650
12196487
1456
-452
148
2177
-42
2844
12197512
1114
-351
353
2025
191
2233
12198537
440
-71
329
1660
-706
3448
12199562
279
36
181
2227
-1254
4538
12200587
378
-70
155
2431
-1257
3888
12201612
175
-173
182
2344
-934
3545
12202637
-79
-207
65
2394
-901
3462
12203662
-17
-195
0
2225
-1252
3348
12204687
225
-158
-20
2018
-1142
3478
12197504
445
-165
-37
2169
-746
3576
12198529
354
-133
-7
2180
-423
3436
12199554
174
-83
15
2147
-628
3356
12200579
224
-52
42
2318
-659
3293
12201604
123
-12
35
2358
-652
3298
12202629
85
18
22
2324
-871
3387
12203654
273
1
34
2239
-781
3507
12204679
333
-39
33
2253
-620
3593
12205704
153
-11
49
2203
-695
3381
12206729
-83
46
9
2174
-919
3386
12207754
-17
49
-16
2220
-998
3559
12208779
142
9
-30
2256
-676
3587
12209804
104
-24
-12
2261
-497
3443
12210829
-52
-9
-16
2226
-652
3457
12211854
-110
16
-28
2190
-821
3471
12212879
15
6
-11
2188
-724
3440
12205695
81
-24
0
2251
-669
3493
12206720
65
-39
13
2295
-674
3460
12207745
-1
-28
8
2259
-671
3446
12208770
-43
-16
4
2221
-825
3401
12209795
24
-2
-5
2214
-780
3362
12210820
107
-7
5
2264
-652
3383
12211845
84
-4
2
2267
-623
3476
12212870
2
3
-6
2250
-638
3500
12213895
-40
-1
-6
2223
-743
3478
12214920
-6
1
3
2232
-694
3430
12215945
-20
2
-3
2250
-626
3413
12216970
-69
6
1
2264
-657
3392
12217995
-85
15
6
2265
-670
3420
12219020
-49
23
17
2233
-709
3466
12220045
-11
8
7
2228
-735
3522
12221070
-1
-8
3
2218
-731
3497
12213888
-21
-16
-1
2222
-697
3461
12214913
-60
-8
12
2249
-737
3397
12215938
-30
7
17
2230
-735
3422
12216963
-14
-3
3
2267
-709
3479
12217988
15
-13
10
2269
-731
3483
12219013
1
-9
5
2253
-665
3418
12220038
-53
0
6
2244
-755
3382
12221063
-34
9
8
2214
-775
3380
12222088
8
12
9
2231
-727
3425
12223113
21
23
18
2233
-701
3439
12224138
-11
25
13
2250
-726
3483
12225163
-50
18
2
2249
-785
3480
12226188
-20
4
2
2237
-761
3478
12227213
7
-4
2
2217
-717
3481
12228238
-3
-10
-4
2203
-738
3479
12229263
-23
-9
-9
2203
-765
3461
12222080
-18
-9
-5
2224
-748
3430
12223105
-24
-4
-5
2250
-749
3416
12224130
-25
5
-7
2253
-746
3409
12225155
-1
-3
-10
2237
-734
3494
12226180
7
-10
-5
2206
-709
3530
12227205
-27
-10
3
2213
-703
3452
12228230
-34
-4
15
2232
-736
3384
12229255
7
-2
15
2247
-708
3427
12230280
15
2
20
2255
-697
3463
12231305
-13
6
20
2219
-708
3431
12232330
-22
5
9
2210
-750
3447
12233355
-4
-1
4
2225
-718
3461
12234380
-9
4
12
2206
-731
3421
12235405
-19
14
15
2223
-737
3415
12236430
-11
18
23
2243
-780
3471
12237455
-3
11
16
2253
-760
3501
12230272
-19
5
14
2245
-752
3444
12231297
-17
9
16
2216
-751
3409
12232322
-19
13
13
2203
-779
3460
12233347
-28
12
0
2209
-758
3461
12234372
-21
7
6
2222
-690
3410
12235397
-15
15
21
2232
-703
3435
12236422
-12
25
26
2234
-751
3476
12237447
-14
26
31
2226
-770
3424
12238472
-4
31
29
2206
-778
3437
12239497
-2
30
15
2209
-768
3502
12240522
-9
19
16
2208
-756
3520
12241547
-32
12
26
2205
-790
3499
12242572
-24
15
25
2166
-845
3465
12243597
-20
24
13
2171
-817
3446
12244622
-39
22
-5
2190
-919
3552
12245647
35
-11
-16
2198
-799
3589
12238464
29
-24
-2
2202
-629
3461
12239489
-55
-11
0
2191
-699
3395
12240514
-64
-28
-4
2226
-912
3401
12241539
-1
-17
-39
2283
-909
3541
12242564
-118
175
-109
2411
-606
3226
12243589
-402
457
-85
2402
-664
2653
12244614
-421
861
-211
2242
-291
2521
12245639
-605
1367
-218
2266
1157
1162
12246664
-322
1040
21
1935
-3653
5660
12247689
-1466
107
-543
-259
-700
12422
12248714
-2418
-506
-123
2715
-177
558
12249739
-11
-446
-537
2464
-4763
79
12250764
755
-57
-6
1520
1318
2464
12251789
-224
-79
14
2458
-838
3228
12252814
377
-70
-58
1582
-1589
4518
12253839
927
-283
136
2173
-354
3885
12246656
703
-242
230
2202
-450
2549
12247681
489
-127
261
1836
-460
3498
12248706
299
-118
184
2255
-900
4422
12249731
-11
-176
177
2202
-1223
3990
12250756
-59
-249
121
2131
-1358
3431
12251781
131
-207
50
2114
-993
3213
12252806
190
-127
83
2007
-691
3141
12253831
74
-84
65
2051
-1060
3327
12254856
174
-66
7
2180
-1105
3654
12255881
280
-69
-6
2188
-813
3699
12256906
165
-60
-10
2194
-614
3525
12257931
-4
-41
4
2176
-582
3310
12258956
-52
-27
5
2144
-950
3491
12259981
30
-26
-19
2123
-981
3675
12261006
92
-51
-11
2113
-778
3643
12262031
34
-56
9
2118
-788
3505
12254848
-36
-32
12
2089
-887
3399
12255873
11
-22
13
2133
-837
3443
12256898
42
-37
-2
2179
-866
3516
12257923
102
-48
16
2202
-783
3523
12258948
45
-41
19
2183
-829
3427
12259973
-41
-13
-8
2169
-843
3355
12260998
-11
0
-6
2165
-831
3404
12262023
40
0
-9
2131
-854
3568
12263048
41
-20
-18
2126
-830
3647
12264073
19
-37
-9
2139
-810
3527
12265098
-36
-22
-7
2147
-819
3343
12266123
5
-7
6
2172
-814
3399
12267148
57
-13
8
2187
-793
3606
12268173
44
-31
8
2187
-808
3610
12269198
-13
-35
9
2202
-861
3374
12270223
15
-24
27
2187
-804
3280
12263040
34
-12
24
2199
-789
3404
12264065
19
-5
1
2176
-835
3584
12265090
13
-19
-10
2150
-842
3555
12266115
21
-31
-7
2139
-827
3429
12267140
37
-22
4
2172
-806
3428
12268165
24
-9
5
2187
-833
3498
12269190
23
-6
3
2159
-848
3560
12270215
11
-15
-13
2151
-824
3537
12271240
-14
-31
-27
2189
-804
3467
12272265
10
-32
-21
2209
-779
3394
12273290
17
-15
-12
2214
-688
3419
12274315
-40
-1
-10
2183
-765
3499
12275340
-29
-11
-12
2148
-833
3548
12276365
20
-27
-10
2158
-806
3494
12277390
29
-22
2
2179
-724
3400
12278415
-34
2
20
2213
-731
3328
12271232
-36
25
32
2207
-845
3478
12272257
17
20
25
2188
-817
3576
12273282
29
-7
13
2183
-783
3524
12274307
-20
-9
3
2180
-794
3414
12275332
-41
5
2
2161
-855
3435
12276357
-13
13
-4
2149
-862
3508
12277382
9
3
-5
2178
-804
3511
12278407
-26
2
-15
2195
-804
3501
12279432
-50
2
-14
2219
-816
3459
12280457
-10
5
8
2196
-786
3401
12281482
8
9
16
2189
-753
3418
12282507
-3
12
17
2171
-819
3505
12283532
9
3
6
2162
-850
3590
12284557
22
-16
3
2170
-806
3556
12285582
-16
-22
-1
2186
-798
3438
12286607
-40
-15
-2
2184
-828
3392
12279425
-25
1
-4
2173
-837
3478
12280450
-5
-2
-12
2170
-830
3560
12281475
6
-19
-11
2174
-775
3521
12282500
-15
-25
-2
2180
-779
3442
12283525
-30
-14
4
2184
-817
3425
12284550
-13
-10
9
2199
-804
3427
12285575
-7
-5
4
2191
-821
3451
12286600
2
-1
-2
2181
-831
3477
12287625
17
8
12
2163
-767
3441
12288650
-11
11
16
2171
-801
3469
12289675
-21
5
8
2187
-831
3499
12290700
15
1
5
2178
-826
3487
12291725
33
-1
1
2171
-789
3506
12292750
-10
-4
3
2181
-821
3500
12293775
-31
-3
6
2180
-834
3449
12294800
-3
-2
16
2189
-814
3443
12287619
28
-6
20
2187
-842
3472
12288644
50
-13
18
2179
-826
3503
12289669
36
-15
8
2175
-784
3510
12290694
-11
-15
-4
2184
-813
3516
12291719
-19
-10
-7
2176
-870
3480
12292744
21
-3
-4
2169
-827
3490
12293769
37
2
4
2150
-802
3492
12294794
24
1
-1
2184
-749
3477
12295819
-37
7
0
2201
-793
3409
12296844
-51
23
-9
2217
-855
3380
12297869
-4
18
-15
2196
-799
3430
12298894
17
-16
4
2160
-725
3413
12299919
95
25
18
2285
-995
3412
12300944
510
211
32
2459
-1071
3094
12301969
843
667
-15
2423
374
2205
12302994
324
1220
-174
2216
1281
2034
12295807
-703
1259
88
2467
-1333
3695
12296832
-3306
694
-253
-944
561
11643
12297857
-2713
-420
-13
2788
-4011
1313
12298882
1537
-317
-205
2665
-3849
277
12299907
868
212
282
1513
2141
2176
12300932
-883
126
-225
2259
-2819
3611
12301957
26
173
-213
1597
-1464
4410
12302982
425
-140
-109
1939
-452
4789
12304007
415
-304
-51
1856
-1358
3647
12305032
928
-438
180
1502
-642
3727
12306057
1004
-530
231
1873
-234
3907
12307082
518
-500
260
2075
-654
3755
12308107
46
-485
179
2464
-1082
3719
12309132
240
-517
98
2298
-843
3703
12310157
295
-489
123
2061
-524
3104
12311182
177
-365
55
2192
-817
3106
12304000
119
-230
-28
2146
-881
3334
12305025
164
-136
-10
2154
-558
3207
12306050
67
-16
24
2150
-479
3153
12307075
-104
83
3
2191
-714
3350
12308100
-161
131
-7
2321
-745
3238
12309125
-112
148
-3
2278
-789
3465
12310150
66
81
2
2180
-862
3905
12311175
194
0
16
2086
-704
3834
12312200
69
-16
38
2043
-541
3601
12313225
-78
-6
62
2031
-776
3475
12314250
-37
-3
78
2108
-917
3381
12315275
66
17
75
2156
-867
3461
12316300
71
-14
33
2267
-802
3672
12317325
-23
-32
-2
2250
-857
3583
12318350
-49
-38
-24
2191
-744
3414
12319375
-51
-33
-18
2129
-777
3372
12312192
-45
-2
-17
2109
-833
3363
12313217
9
13
-10
2129
-745
3545
12314242
-9
5
-13
2157
-757
3664
12315267
-12
-27
-10
2186
-682
3585
12316292
-35
-32
3
2159
-737
3434
12317317
-37
-20
3
2150
-831
3412
12318342
-1
-6
5
2187
-832
3391
12319367
17
7
-1
2206
-761
3472
12320392
-5
6
-4
2190
-774
3573
12321417
-18
-4
-2
2130
-808
3529
12322442
0
-10
-2
2130
-803
3470
12323467
-24
-4
-15
2180
-807
3472
12324492
-21
-8
-12
2182
-755
3511
12325517
-21
-12
-6
2160
-779
3546
12326542
-25
-11
-17
2178
-776
3501
12327567
-24
-17
-17
2169
-752
3480
12320413
-15
-22
-14
2156
-783
3492
12321438
3
-11
-13
2155
-777
3471
12322463
1
-1
-7
2168
-754
3438
12323488
-13
4
0
2192
-775
3473
12324513
-17
6
2
2198
-796
3507
12325538
5
2
2
2167
-822
3498
12326563
40
-8
0
2149
-769
3530
12327588
11
-23
-11
2138
-781
3558
12328613
10
-33
-14
2146
-814
3512
12329638
13
-27
-18
2174
-759
3472
12330663
-31
-27
-26
2180
-804
3510
12331688
-41
-36
-35
2196
-806
3508
12332713
-8
-38
-35
2196
-743
3439
12333738
3
-26
-31
2179
-706
3431
12334763
-14
-19
-27
2178
-726
3445
12335788
-9
-15
-12
2181
-696
3429
12328577
-19
0
-7
2196
-734
3452
12329602
-2
10
-7
2192
-733
3499
12330627
14
5
3
2169
-702
3510
12331652
12
-1
18
2184
-726
3459
12332677
22
6
43
2211
-710
3404
12333702
1
17
51
2207
-794
3433
12334727
16
15
34
2199
-843
3579
12335752
31
-1
13
2168
-819
3568
12336777
13
-13
-1
2177
-778
3486
12337802
-30
-12
-7
2167
-795
3462
12338827
-29
-5
-3
2148
-805
3480
12339852
4
-5
8
2124
-770
3539
12340877
17
-17
16
2173
-735
3580
12341902
-2
-32
23
2213
-702
3535
12342927
-23
-41
22
2234
-750
3433
12343952
-4
-40
19
2232
-762
3374
12336768
25
-29
21
2197
-791
3433
12337793
47
-20
18
2168
-778
3488
12338818
22
-14
15
2170
-751
3441
12339843
-17
-2
10
2184
-778
3401
12340868
-6
7
9
2190
-823
3467
12341893
24
13
7
2184
-823
3491
12342918
30
9
1
2202
-734
3478
12343943
-10
7
-2
2215
-730
3481
12344968
-14
5
2
2207
-761
3494
12345993
11
4
9
2182
-753
3510
12347018
9
1
15
2175
-722
3517
12348043
-20
0
20
2187
-769
3496
12349068
-23
1
19
2185
-808
3443
12350093
25
-5
19
2186
-760
3472
12351118
35
-15
12
2188
-742
3530
12352143
-7
-13
-5
2174
-789
3512
12344959
-33
-9
-12
2181
-818
3466
12345984
-11
-14
-6
2191
-802
3413
12347009
27
-11
6
2180
-753
3482
12348034
14
-13
3
2205
-742
3534
12349059
-14
-20
2
2205
-761
3495
12350084
-11
-20
6
2177
-794
3388
12351109
46
-12
11
2152
-778
3453
12352134
52
-8
3
2173
-733
3563
12353159
11
-15
-5
2199
-777
3549
12354184
23
-35
2
2190
-735
3496
12355209
37
-45
10
2216
-742
3427
12356234
52
18
5
2307
-777
3281
12357259
-13
201
0
2316
-687
2941
12358284
-218
476
7
2293
-212
2452
12359309
-313
660
-122
2035
-650
3582
12360334
18
784
-230
2343
-672
3650
12353152
-509
1092
-44
2966
-38
1635
12354177
-2182
918
-77
47
-512
9261
12355202
-3812
-67
-189
876
-408
6665
12356227
-1425
-223
47
3442
-3507
-2636
12357252
1418
32
61
1147
-1773
2952
12358277
-262
7
181
2532
-902
3399
12359302
259
44
-150
1976
-2648
3779
12360327
1085
-56
32
1779
-445
4227
12361352
565
-282
-14
2005
-1140
4111
12362377
737
-371
83
1617
-1245
3499
12363402
933
-321
228
1798
-242
3503
12364427
509
-289
173
1915
-833
3835
12365452
296
-383
210
1909
-1212
3887
12366477
223
-476
195
2384
-1126
3747
12367502
108
-475
44
2323
-890
3534
12368527
34
-441
30
2031
-1008
3377
12361344
89
-420
-14
2201
-1050
3233
12362369
97
-297
-58
2218
-1037
3065
12363394
136
-146
-75
2060
-937
3022
12364419
228
-60
-55
2167
-656
3264
12365444
81
34
-25
2262
-526
3357
12366469
-119
96
-15
2241
-784
3451
12367494
-96
85
-18
2208
-953
3575
12368519
101
21
1
2178
-901
3615
12369544
247
-17
38
2187
-717
3455
12370569
170
-1
65
2167
-714
3398
12371594
-29
34
54
2204
-930
3501
12372619
-55
9
17
2221
-1084
3645
12373644
107
-39
40
2160
-874
3499
12374669
112
-50
39
2104
-963
3424
12375694
56
-29
-6
2098
-937
3483
12376719
20
-21
-23
2129
-848
3414
12369536
11
-7
-11
2174
-839
3331
12370561
41
9
4
2186
-934
3471
12371586
28
20
-14
2209
-959
3583
12372611
-3
12
-29
2224
-888
3493
12373636
14
17
-13
2196
-782
3363
12374661
4
30
-10
2148
-857
3312
12375686
65
43
-18
2105
-970
3464
12376711
135
28
-50
2144
-917
3644
12377736
115
11
-57
2185
-760
3636
12378761
6
-14
-59
2174
-736
3546
12379786
-21
-37
-24
2139
-836
3500
12380811
46
-41
-7
2099
-832
3615
12381836
91
-64
3
2131
-787
3648
12382861
98
-84
21
2180
-694
3513
12383886
36
-95
26
2220
-753
3400
12384911
49
-105
35
2260
-774
3413
12377727
35
-82
20
2253
-738
3335
12378752
-2
-45
2
2242
-714
3366
12379777
-30
-30
-7
2241
-748
3403
12380802
-35
-18
-13
2198
-797
3415
12381827
-48
-10
-19
2157
-812
3414
12382852
-26
2
-5
2139
-839
3439
12383877
-32
13
-4
2172
-830
3446
12384902
-38
26
8
2210
-835
3402
12385927
-15
22
13
2236
-822
3468
12386952
26
7
21
2235
-873
3544
12387977
52
3
23
2201
-828
3537
12389002
15
4
24
2187
-802
3440
12390027
-2
10
33
2191
-815
3368
12391052
14
6
31
2211
-837
3484
12392077
35
-9
26
2223
-842
3560
12393102
25
-18
12
2189
-808
3499
12385919
-10
-16
4
2183
-763
3387
12386944
-25
-17
3
2211
-786
3433
12387969
-8
-14
-2
2207
-806
3467
12388994
18
-7
10
2177
-765
3463
12390019
4
-3
10
2168
-766
3493
12391044
-28
0
7
2189
-806
3477
12392069
-25
0
9
2206
-804
3421
12393094
-1
5
21
2206
-809
3411
12394119
3
5
20
2212
-864
3494
12395144
-4
-2
11
2220
-853
3516
12396169
-32
-4
-1
2203
-814
3449
12397194
-53
0
-9
2185
-796
3374
12398219
-34
3
-8
2185
-816
3468
12399244
-5
1
-7
2200
-804
3520
12400269
2
-3
3
2195
-757
3480
12401294
-10
0
13
2181
-829
3447
12394113
3
0
12
2181
-875
3454
12395138
7
1
10
2207
-829
3453
12396163
-19
1
5
2223
-852
3442
12397188
1
-6
-1
2214
-853
3492
12398213
5
-14
-11
2177
-819
3518
12399238
-23
-15
-22
2171
-830
3479
12400263
-32
-11
-22
2187
-811
3402
12401288
-5
-9
-11
2198
-805
3428
12402313
2
-7
-9
2202
-815
3515
12403338
-2
-17
-14
2215
-796
3510
12404363
-24
-22
-14
2213
-787
3424
12405388
-29
-9
-7
2193
-807
3378
12406413
1
5
0
2166
-769
3439
12407438
5
4
6
2182
-791
3492
12408463
2
2
8
2198
-818
3482
12409488
12
-5
16
2214
-808
3455
12402305
11
-6
22
2192
-832
3454
12403330
15
-7
16
2188
-821
3511
12404355
-6
-7
8
2195
-798
3483
12405380
-30
-11
5
2184
-870
3436
12406405
13
-21
-4
2190
-901
3478
12407430
53
-10
-8
2184
-803
3482
12408455
28
11
-5
2187
-777
3453
12409480
-30
23
-11
2207
-774
3384
12410505
-36
15
-8
2220
-861
3438
12411530
63
-14
12
2218
-766
3591
12412555
70
-43
20
2179
-730
3570
12413580
-25
-50
5
2191
-813
3420
12414605
-43
-40
-4
2210
-912
3370
12415630
18
-25
-9
2203
-832
3406
12416655
8
-18
-13
2211
-783
3418
12417680
-10
-11
-10
2227
-833
3434
12410495
25
-10
0
2240
-787
3450
12411520
26
-13
7
2219
-763
3469
12412545
-2
-5
7
2197
-762
3397
12413570
-7
12
15
2199
-833
3381
12414595
44
9
11
2217
-818
3528
12415620
67
-6
17
2230
-743
3569
12416645
27
-17
25
2216
-763
3516
12417670
-27
-17
20
2195
-841
3431
12418695
-12
-12
12
2189
-832
3409
12419720
-14
-13
-5
2172
-843
3482
12420745
17
-28
-20
2209
-899
3532
12421770
79
-36
-5
2208
-766
3556
12422795
0
-51
-19
2203
-744
3518
12423820
-49
-67
-26
2213
-864
3426
12424845
20
-64
-14
2240
-796
3358
12425870
64
-16
-10
2321
-787
3425
12418688
63
126
-33
2485
-892
3459
12419713
66
420
-20
2470
-354
2837
12420738
-451
915
-195
2194
1113
1442
12421763
-939
1392
-46
2234
386
418
12422788
-966
1092
-198
1672
-4049
8475
12423813
-2972
53
-239
684
1929
9768
12424838
-1443
-456
-93
3032
-4948
-547
12425863
503
-197
-418
1203
-2507
2253
12426888
683
-124
189
2041
233
2592
12427913
9
-3
-116
2205
-1822
3247
12428938
407
11
-71
1617
-1027
4137
12429963
778
-322
-29
2278
-983
4091
12430988
1076
-332
121
2161
-617
2978
12432013
1129
-279
243
1993
-39
3068
12433038
761
-290
266
2027
-361
3903
12434063
383
-310
252
2017
-1044
4341
12426880
234
-374
240
2141
-1050
4043
12427905
109
-458
214
2314
-1049
3291
12428930
268
-458
209
2111
-902
2904
12429955
435
-388
229
2251
-575
3124
12430980
169
-260
106
2498
-772
3401
12432005
20
-199
34
2331
-1046
3496
12433030
151
-169
21
2230
-1000
3101
12434055
207
-61
-35
2221
-845
3047
12435080
98
46
-94
2260
-694
3414
12436105
-18
83
-83
2273
-524
3556
12437130
-77
61
-24
2274
-513
3467
12438155
-144
71
-2
2237
-769
3296
12439180
-116
93
-13
2212
-917
3421
12440205
34
57
-32
2284
-849
3682
12441230
239
-6
-1
2237
-789
3640
12442255
313
-44
35
2179
-529
3462
12435071
31
-11
39
2171
-596
3325
12436096
-123
20
10
2209
-890
3476
12437121
2
-8
3
2270
-846
3573
12438146
55
-20
-6
2273
-694
3431
12439171
-23
-15
-6
2286
-708
3356
12440196
-68
14
0
2240
-800
3250
12441221
-45
41
-14
2234
-719
3410
12442246
-18
21
-24
2257
-761
3590
12443271
15
8
-19
2225
-665
3521
12444296
-44
11
-11
2181
-685
3442
12445321
-82
17
-8
2205
-817
3399
12446346
-35
19
-6
2239
-758
3408
12447371
7
20
10
2270
-719
3442
12448396
24
16
18
2255
-719
3456
12449421
10
7
14
2246
-746
3513
12450446
-22
6
1
2231
-817
3490
12443264
-16
8
1
2206
-774
3401
12444289
-6
16
9
2194
-745
3379
12445314
-11
20
1
2218
-771
3489
12446339
-22
17
-7
2240
-758
3522
12447364
-35
5
-1
2239
-737
3468
12448389
-40
5
6
2223
-786
3347
12449414
10
16
3
2214
-757
3423
12450439
5
19
-1
2218
-745
3517
12451464
2
9
6
2199
-751
3511
12452489
-18
5
5
2192
-760
3475
12453514
-27
14
6
2189
-786
3399
12454539
-2
16
6
2200
-755
3432
12455564
23
5
6
2231
-753
3525
12456589
17
5
11
2225
-721
3489
12457614
-14
9
13
2197
-760
3459
12458639
-28
13
4
2190
-817
3446
12451456
-8
14
-1
2196
-764
3437
12452481
8
12
5
2211
-716
3446
12453506
0
11
8
2226
-725
3480
12454531
5
5
16
2204
-784
3504
12455556
27
1
17
2195
-753
3469
12456581
23
-1
16
2199
-715
3463
12457606
-12
6
14
2206
-753
3448
12458631
-6
11
16
2190
-776
3459
12459656
12
1
17
2196
-752
3516
12460681
1
-6
11
2184
-791
3511
12461706
13
-9
7
2189
-761
3491
12462731
-9
-5
-2
2193
-768
3477
12463756
-32
0
-5
2197
-809
3451
12464781
-8
-9
-6
2204
-787
3503
12465806
19
-31
7
2230
-743
3510
12466831
22
-33
9
2189
-756
3498
12459648
-12
-18
0
2194
-709
3441
12460673
-56
-2
2
2198
-778
3389
12461698
-35
0
4
2228
-834
3400
12462723
43
-11
11
2238
-733
3517
12463748
15
-16
4
2213
-709
3518
12464773
-44
-17
-7
2193
-807
3452
12465798
-19
-17
-6
2190
-817
3421
12466823
19
-17
-4
2194
-780
3486
12467848
17
-19
-5
2207
-762
3500
12468873
-6
-18
-5
2214
-775
3438
12469898
-13
-13
-2
2217
-789
3414
12470923
-14
-9
-11
2212
-806
3460
12471948
5
-12
-16
2221
-751
3488
12472973
0
-17
-14
2225
-694
3446
12473998
-36
-13
-16
2220
-703
3412
12475023
-37
-4
-9
2210
-776
3402
12467840
13
0
2
2226
-763
3464
12468865
26
2
11
2231
-685
3487
12469890
-16
5
12
2226
-724
3457
12470915
-36
9
9
2219
-772
3410
12471940
-10
13
11
2190
-787
3422
12472965
30
7
12
2195
-766
3526
12473990
15
2
11
2206
-737
3514
12475015
-40
2
11
2206
-771
3445
12476040
-57
6
3
2204
-834
3417
12477065
-6
8
6
2208
-778
3455
12478090
17
6
15
2206
-722
3481
12479115
-12
11
19
2212
-745
3451
12480140
-33
18
17
2215
-790
3461
12481165
-12
16
14
2203
-815
3488
12482190
17
14
15
2183
-760
3494
12483215
17
4
17
2193
-754
3485
12476032
7
-7
17
2200
-803
3505
12477057
-1
-16
4
2210
-848
3539
12478082
1
-21
-6
2200
-769
3486
12479107
-5
-26
-4
2196
-751
3460
12480132
-6
-33
-8
2205
-796
3498
12481157
2
-33
-6
2205
-784
3463
12482182
-2
-26
-6
2204
-744
3411
12483207
-14
-18
-9
2206
-777
3429
12484232
-12
-10
-18
2218
-817
3446
12485257
18
-3
-20
2243
-761
3462
12486282
-10
-6
-2
2216
-725
3479
12487307
-45
-9
-9
2226
-848
3464
12488332
-3
11
-23
2224
-832
3434
12489357
-17
79
-21
2328
-604
3255
12490382
-325
402
-25
2620
-281
2454
12491407
-642
891
-76
2041
-355
2082
12484225
-589
1223
-238
2074
-438
2107
12485250
-130
1286
-133
3352
-1314
3312
12486275
-1460
645
-215
-597
11
12413
12487300
-3804
-410
-296
1308
-1730
3285
12488325
-456
-609
-647
2829
-6008
366
12489350
1516
-190
-107
1369
1106
1954
12490375
-182
-150
-46
2547
-58
2976
12491400
-317
27
-181
1931
-1563
3914
12492425
474
-92
97
2098
-415
4071
12493450
639
-265
166
2135
-589
3622
12494475
851
-349
321
1936
-728
3263
12495500
864
-360
377
1924
-847
3629
12496525
669
-356
339
1882
-1086
3813
12497550
570
-391
296
2064
-1383
3659
12498575
534
-366
267
2384
-1003
3262
12499600
239
-290
171
2316
-1218
3095
12492416
150
-217
65
2206
-1317
3229
12493441
365
-235
-10
2311
-1070
3688
12494466
377
-256
-115
2338
-739
3639
12495491
175
-211
-103
2231
-438
3066
12496516
38
-99
-46
2115
-571
2947
12497541
-35
28
-72
2142
-752
3323
12498566
-22
79
-52
2280
-663
3666
12499591
-6
58
-9
2285
-751
3658
12500616
-34
37
-1
2210
-795
3456
12501641
37
29
11
2202
-852
3345
12502666
134
48
55
2218
-609
3333
12503691
37
48
30
2218
-873
3589
12504716
109
5
5
2227
-964
3750
12505741
251
-44
23
2173
-700
3672
12506766
124
-56
31
2157
-567
3404
12507791
-101
-22
24
2168
-843
3219
12500607
-77
17
7
2221
-932
3325
12501632
-4
28
-18
2280
-782
3479
12502657
-4
11
-29
2267
-764
3560
12503682
36
-4
-17
2216
-720
3529
12504707
3
-1
-9
2176
-677
3334
12505732
-79
31
-9
2164
-818
3313
12506757
-22
43
-21
2194
-882
3563
12507782
64
16
-20
2221
-708
3668
12508807
23
-11
2
2210
-647
3548
12509832
-81
-15
-6
2209
-749
3389
12510857
-106
10
-5
2206
-833
3315
12511882
-12
17
1
2198
-820
3473
12512907
35
-6
-2
2226
-786
3663
12513932
1
-32
2
2206
-755
3562
12514957
-42
-37
-10
2176
-756
3365
12515982
-45
-16
-13
2174
-741
3307
12508801
-36
21
-6
2186
-778
3322
12509826
3
31
-6
2207
-804
3487
12510851
5
8
-23
2237
-809
3665
12511876
2
-21
-13
2213
-746
3571
12512901
-33
-38
-7
2167
-740
3387
12513926
-26
-30
4
2191
-812
3349
12514951
21
-16
-1
2217
-775
3456
12515976
17
-17
4
2233
-778
3437
12517001
59
-22
17
2206
-714
3456
12518026
22
-17
2
2220
-729
3462
12519051
10
-12
5
2230
-741
3469
12520076
-4
-12
8
2227
-758
3457
12521101
-9
-12
9
2222
-822
3449
12522126
14
-8
4
2209
-778
3428
12523151
16
0
9
2222
-696
3409
12524176
-9
8
14
2210
-748
3440
12516992
-9
12
9
2223
-796
3456
12518017
0
12
8
2223
-783
3462
12519042
-23
11
2
2220
-809
3456
12520067
-3
7
2
2206
-775
3465
12521092
11
4
8
2206
-739
3482
12522117
-25
6
7
2216
-789
3478
12523142
-28
1
2
2215
-822
3495
12524167
7
-7
4
2206
-749
3461
12525192
19
-7
15
2195
-736
3414
12526217
8
-6
10
2214
-790
3463
12527242
-12
-3
3
2221
-809
3476
12528267
-10
2
-1
2213
-754
3426
12529292
-19
8
-2
2196
-754
3416
12530317
-10
12
-1
2208
-795
3468
12531342
-4
15
-1
2216
-749
3494
12532367
-29
11
-6
2216
-761
3494
12525183
-46
6
-14
2211
-767
3460
12526208
-25
2
-5
2183
-763
3446
12527233
12
-1
7
2170
-756
3475
12528258
18
-4
17
2189
-794
3518
12529283
-8
-10
10
2192
-843
3520
12530308
-6
-15
0
2202
-825
3493
12531333
-2
-22
-18
2197
-791
3505
12532358
-13
-34
-24
2223
-775
3491
12533383
-28
-37
-21
2215
-786
3455
12534408
-40
-37
-28
2218
-812
3450
12535433
-30
-34
-31
2223
-779
3436
12536458
-26
-28
-34
2221
-731
3422
12537483
-22
-26
-30
2215
-734
3425
12538508
-11
-22
-24
2215
-771
3420
12539533
-7
-11
-18
2222
-762
3420
12540558
-9
-2
-3
2225
-741
3424
12533614
-2
-2
10
2241
-757
3453
12534639
34
-7
25
2222
-748
3470
12535664
38
-15
28
2233
-705
3477
12536689
-6
-14
25
2233
-776
3427
12537714
-26
-5
9
2228
-815
3422
12538739
-4
0
3
2215
-783
3413
12539764
31
4
16
2206
-733
3393
12540789
22
14
23
2219
-742
3429
12541814
-15
19
14
2253
-812
3452
12542839
-16
22
8
2241
-824
3459
12543864
13
18
7
2209
-803
3465
12544889
32
10
12
2203
-762
3482
12545914
11
8
10
2211
-764
3492
12546939
-26
20
3
2242
-849
3493
12547964
7
46
25
2168
-849
3429
12548989
41
45
20
2167
-648
3341
12541568
6
54
11
2232
-755
3351
12542593
32
69
30
2222
-791
3389
12543618
79
29
4
2248
-788
3619
12544643
87
-15
-9
2238
-728
3756
12545668
30
-44
9
2205
-662
3598
12546693
-78
-46
6
2195
-862
3313
12547718
4
16
29
2239
-874
3118
12548743
31
335
28
2632
-379
2338
12549768
-336
996
-31
2285
183
1610
12550793
-845
1568
-251
2546
195
2106
12551818
-555
1071
-42
2311
-2788
7438
12552843
-2232
295
-349
-1764
690
10579
12553868
-2191
-362
-133
3175
-4095
-1253
12554893
1235
-236
-419
2165
-2239
2138
12555918
372
-125
126
1850
892
3225
12556943
-337
-171
-303
2389
-2119
3683
12549760
479
-175
-68
1704
-198
4023
12550785
479
-567
-26
2088
-467
4131
12551810
539
-629
204
1890
-644
3249
12552835
406
-402
338
1746
-195
2795
12553860
233
-383
241
2043
-1015
4234
12554885
276
-414
383
2317
-1105
4353
12555910
-214
-470
239
2638
-1348
3237
12556935
-125
-457
54
2274
-2167
2647
12557960
663
-347
57
2084
-839
2555
12558985
719
-214
62
2367
-246
3367
12560010
34
-73
-76
2290
-916
3749
12561035
-108
-43
-106
2148
-1026
3699
12562060
-23
-59
-89
2190
-762
3380
12563085
-124
-35
-85
2243
-841
3194
12564110
-95
1
-77
2325
-942
3173
12565135
120
21
-51
2341
-799
3345
12557952
260
12
-36
2286
-801
3501
12558977
268
-20
-16
2268
-635
3565
12560002
58
-17
18
2212
-658
3374
12561027
29
22
64
2196
-853
3216
12562052
87
38
53
2241
-771
3476
12563077
49
13
11
2256
-1003
3692
12564102
148
-49
-5
2294
-855
3618
12565127
110
-75
1
2295
-730
3343
12566152
-26
-38
2
2261
-777
3105
12567177
-70
8
-9
2241
-865
3307
12568202
-41
17
-47
2270
-910
3617
12569227
36
-36
-50
2276
-774
3665
12570252
28
-71
-31
2281
-669
3389
12571277
-62
-45
-12
2238
-737
3226
12572302
-66
0
-9
2236
-888
3257
12573327
52
16
4
2290
-787
3359
12566144
102
2
27
2341
-669
3462
12567169
15
3
22
2316
-795
3423
12568194
-27
13
-1
2260
-878
3364
12569219
4
21
-6
2248
-792
3347
12570244
-15
34
-7
2264
-747
3381
12571269
-39
36
-4
2270
-781
3431
12572294
-5
24
6
2257
-796
3517
12573319
19
5
13
2250
-777
3496
12574344
0
0
12
2257
-755
3398
12575369
-7
4
18
2260
-783
3389
12576394
14
6
28
2248
-783
3441
12577419
8
-3
22
2271
-802
3486
12578444
-18
1
19
2267
-809
3391
12579469
-22
10
23
2241
-860
3339
12580494
21
21
25
2241
-830
3357
12581519
36
25
20
2241
-797
3450
12574336
-20
22
-4
2281
-823
3475
12575361
-29
19
-4
2273
-808
3398
12576386
-31
18
-4
2239
-813
3390
12577411
-3
12
-2
2226
-784
3455
12578436
14
4
3
2227
-740
3499
12579461
3
2
12
2226
-780
3464
12580486
-12
-3
17
2239
-785
3453
12581511
-39
-15
12
2242
-853
3452
12582536
-33
-21
1
2260
-841
3389
12583561
4
-13
0
2266
-773
3355
12584586
1
-2
7
2254
-742
3413
12585611
-13
3
16
2214
-860
3486
12586636
5
1
4
2208
-851
3478
12587661
-8
-5
-7
2238
-838
3411
12588686
13
-13
1
2279
-799
3397
12589711
1
-6
6
2267
-772
3425
12582528
-37
-5
-3
2239
-859
3457
12583553
-15
-10
-11
2226
-846
3420
12584578
3
-11
-13
2230
-802
3392
12585603
12
-12
-7
2247
-787
3443
12586628
-4
-15
-7
2266
-775
3474
12587653
-19
-20
-8
2267
-823
3429
12588678
-4
-18
-5
2245
-794
3398
12589703
-4
-10
0
2246
-811
3346
12590728
30
-3
5
2252
-779
3372
12591753
16
-6
4
2277
-760
3473
12592778
-29
-9
-2
2264
-837
3491
12593803
-23
-11
-5
2238
-817
3428
12594828
1
-15
0
2244
-770
3373
12595853
10
-6
16
2248
-782
3358
12596878
-4
10
14
2252
-822
3398
12597903
-6
11
4
2262
-867
3470
12590719
-15
6
-10
2255
-847
3473
12591744
-18
-8
-17
2261
-807
3422
12592769
-3
-16
-9
2266
-774
3404
12593794
-19
-12
-10
2249
-803
3428
12594819
-1
-11
-8
2240
-835
3428
12595844
32
-13
-3
2236
-760
3422
12596869
0
-16
0
2266
-754
3406
12597894
-14
-12
3
2267
-808
3369
12598919
11
-3
12
2261
-787
3390
12599944
10
-2
8
2258
-803
3475
12600969
10
-9
2
2255
-790
3468
12601994
-9
-14
2
2268
-782
3390
12603019
-25
-6
-1
2263
-827
3325
12604044
9
5
6
2253
-785
3398
12605069
13
9
13
2241
-785
3467
12606094
-10
7
6
2250
-801
3450
12598912
-13
2
7
2269
-836
3391
12599937
7
6
10
2275
-766
3388
12600962
-6
14
15
2260
-755
3390
12601987
-13
17
12
2248
-828
3431
12603012
8
9
4
2269
-834
3482
12604037
13
-4
5
2264
-806
3473
12605062
7
-7
16
2221
-795
3418
12606087
5
-12
16
2208
-826
3470
12607112
23
-28
7
2235
-835
3506
12608137
39
-40
1
2245
-799
3467
12609162
23
-42
-5
2251
-788
3433
12610187
7
-36
-2
2238
-812
3404
12611212
8
-30
2
2247
-805
3381
12612237
20
-29
2
2296
-773
3367
12613262
30
-22
10
2312
-752
3370
12614287
15
-10
15
2282
-789
3375
12607105
20
3
13
2269
-823
3419
12608130
42
29
8
2305
-899
3425
12609155
94
152
10
2308
-858
3281
12610180
-45
399
-13
2312
-642
2884
12611205
-244
719
-103
2587
-578
2487
12612230
-367
1199
-164
2198
-248
2267
12613255
-215
1072
-129
2583
-927
3776
12614280
-315
698
187
1970
-698
5830
12615305
-2496
-73
-159
-1070
2704
10927
12616330
-3741
-652
-156
3035
-2701
-320
12617355
-274
-579
-321
1997
-5186
698
12618380
928
-238
189
2059
-691
1919
12619405
532
1
106
2785
-518
2719
12620430
193
190
32
2073
-1042
3615
12621455
476
-25
-11
2123
-1651
4029
12622480
998
-205
54
2020
-1073
3576
12615297
1010
-173
213
1910
-491
3201
12616322
773
-249
151
1799
-783
4243
12617347
520
-331
160
2011
-1181
4081
12618372
91
-309
138
2264
-964
3629
12619397
-114
-321
83
2375
-1128
3152
12620422
282
-295
115
2304
-1247
2989
12621447
383
-194
48
2077
-837
3359
12622472
120
-185
-53
2224
-784
3651
12623497
34
-183
-72
2310
-914
3630
12624522
-26
-134
-46
2253
-653
3175
12625547
-98
-63
-50
2223
-816
3145
12626572
17
-12
-42
2204
-820
3407
12627597
12
19
-3
2272
-757
3468
12628622
-114
53
-3
2259
-898
3389
12629647
-71
63
10
2215
-938
3501
12630672
13
39
24
2162
-904
3607
12623489
6
3
25
2186
-887
3468
12624514
-83
5
11
2219
-980
3327
12625539
-79
7
-16
2232
-1058
3432
12626564
35
-19
-16
2220
-908
3574
12627589
59
-48
-9
2208
-824
3487
12628614
-33
-43
-3
2215
-886
3273
12629639
-119
-5
-12
2219
-943
3258
12630664
-114
13
-37
2250
-1065
3428
12631689
13
3
-43
2220
-988
3441
12632714
106
-28
-35
2230
-780
3481
12633739
19
-27
-14
2211
-812
3346
12634764
-78
2
-16
2207
-961
3374
12635789
-53
4
-30
2221
-1007
3493
12636814
39
-15
-23
2232
-912
3483
12637839
50
-31
-11
2241
-790
3448
12638864
-20
-37
-5
2238
-910
3373
12631680
-25
-31
-12
2236
-982
3386
12632705
10
-28
-11
2237
-914
3409
12633730
36
-39
-10
2242
-852
3426
12634755
11
-45
-14
2288
-849
3408
12635780
-33
-31
-7
2286
-893
3303
12636805
-29
-7
0
2252
-931
3316
12637830
-3
-2
-2
2254
-906
3388
12638855
26
-5
5
2245
-878
3375
12639880
26
1
9
2253
-860
3393
12640905
-18
11
9
2253
-907
3372
12641930
-25
16
12
2255
-951
3391
12642955
-10
12
1
2252
-940
3460
12643980
24
-9
3
2239
-917
3453
12645005
34
-12
14
2248
-847
3366
12646030
-27
1
11
2257
-883
3345
12647055
-36
12
7
2255
-966
3378
12639871
20
16
13
2245
-908
3414
12640896
21
15
14
2250
-827
3375
12641921
-18
18
17
2265
-833
3354
12642946
-21
25
24
2244
-908
3396
12643971
14
32
31
2222
-906
3423
12644996
35
36
42
2212
-893
3418
12646021
43
33
53
2223
-891
3433
12647046
20
30
48
2244
-906
3392
12648071
-16
31
32
2230
-942
3436
12649096
8
22
24
2205
-993
3523
12650121
48
2
16
2169
-941
3497
12651146
30
-7
8
2185
-932
3396
12652171
39
-6
5
2214
-931
3365
12653196
53
-6
4
2233
-868
3456
12654221
10
-7
-7
2232
-920
3531
12655246
-19
-15
-12
2212
-905
3481
12648064
-25
-21
-8
2205
-899
3381
12649089
-19
-22
-5
2222
-895
3380
12650114
-17
-16
-11
2215
-931
3436
12651139
2
-20
-15
2215
-910
3454
12652164
-6
-25
-20
2238
-925
3434
12653189
-4
-21
-19
2267
-899
3385
12654214
16
-22
-7
2243
-863
3371
12655239
37
-22
0
2217
-845
3412
12656264
15
-13
-1
2214
-877
3427
12657289
-28
-6
-9
2254
-898
3419
12658314
-22
-5
-2
2260
-885
3392
12659339
9
-5
8
2228
-871
3389
12660364
13
-1
10
2213
-893
3426
12661389
9
0
11
2221
-896
3425
12662414
-1
-1
17
2239
-893
3373
12663439
10
2
22
2242
-879
3377
12656256
10
6
20
2238
-884
3449
12657281
-16
11
8
2221
-916
3441
12658306
-9
10
9
2221
-891
3422
12659331
-6
10
10
2239
-919
3409
12660356
12
4
9
2237
-897
3471
12661381
-4
-1
4
2229
-897
3443
12662406
-8
-3
4
2210
-922
3430
12663431
16
-9
13
2206
-874
3464
12664456
10
-15
14
2212
-892
3445
12665481
4
-10
15
2206
-915
3389
12666506
-17
-8
7
2217
-937
3397
12667531
-11
-10
4
2245
-972
3439
12668556
0
-13
-3
2225
-934
3447
12669581
-28
-18
-20
2245
-888
3364
12670606
-35
-16
-23
2258
-897
3381
12671631
-3
-16
-26
2235
-914
3463
12664448
16
-17
-25
2214
-889
3446
12665473
-7
-13
-25
2206
-868
3381
12666498
-16
-11
-16
2236
-834
3381
12667523
2
-13
-7
2246
-870
3422
12668548
40
-14
5
2251
-860
3392
12669573
53
-11
14
2269
-818
3435
12670598
21
22
14
2380
-1099
3576
12671623
69
287
13
2700
-1053
3107
12672648
-357
938
-118
2138
502
1652
12673673
-1323
1378
-317
2019
219
1213
12674698
-1368
1260
-195
2882
-2844
3686
12675723
-1323
616
153
-415
-286
11251
12676748
-2380
-415
74
2010
-676
4616
12677773
-1081
-379
-253
2749
-3545
-1529
12678798
489
-111
-85
1315
-2042
2152
12679823
241
-3
23
2699
-1467
3124
12672770
364
206
-90
1905
-1124
3676
12673795
641
16
-40
1947
-851
3956
12674820
935
-264
63
1878
-1238
4029
12675845
982
-365
103
1712
-1092
4196
12676870
940
-383
133
1933
-824
3780
12677895
745
-376
228
1920
-699
3287
12678920
336
-394
253
2130
-875
3220
12679945
247
-359
198
2361
-1387
3462
12680970
386
-396
91
2203
-1387
3770
12681995
455
-431
125
2333
-765
3560
12683020
75
-350
-7
2330
-1005
3168
12684045
-31
-223
-73
2094
-1190
3124
12685070
70
-145
-57
2103
-962
3352
12686095
36
-96
-82
2170
-967
3520
12687120
138
-53
-47
2218
-732
3423
12688145
-29
17
-34
2251
-500
3092
12680832
-423
107
-41
2307
-822
2798
12681857
-392
180
-9
2342
-1136
3189
12682882
26
138
-26
2292
-1327
3899
12683907
461
-4
-15
2181
-905
3956
12684932
332
-91
9
2118
-566
3644
12685957
-44
-83
29
2077
-897
3244
12686982
-97
-12
49
2110
-1066
3122
12688007
27
18
39
2222
-1030
3448
12689032
100
-21
8
2311
-999
3684
12690057
80
-70
-6
2273
-896
3604
12691082
-54
-83
-23
2244
-976
3308
12692107
-73
-50
-34
2196
-995
3173
12693132
0
-15
-31
2204
-922
3301
12694157
18
-1
-27
2219
-877
3467
12695182
-12
-24
-27
2254
-893
3527
12696207
-29
-33
-21
2274
-950
3401
12689024
-10
-9
-7
2235
-836
3274
12690049
-2
7
10
2222
-892
3264
12691074
58
14
24
2254
-878
3390
12692099
26
25
20
2257
-902
3502
12693124
-5
19
22
2247
-927
3471
12694149
6
11
31
2210
-939
3384
12695174
8
9
22
2199
-935
3359
12696199
27
10
22
2196
-936
3398
12697224
6
15
12
2228
-933
3441
12698249
-18
14
2
2222
-972
3474
12699274
-1
2
3
2218
-951
3451
12700299
24
-6
10
2215
-954
3396
12701324
39
-10
6
2219
-928
3410
12702349
23
-13
2
2224
-964
3475
12703374
4
-10
-3
2223
-969
3471
12704399
4
-10
-4
2185
-918
3430
12697216
42
-27
5
2170
-893
3405
12698241
102
-55
6
2196
-934
3432
12699266
193
-70
0
2255
-1043
3449
12700291
194
-49
-6
2273
-840
3374
12701316
131
-42
-12
2252
-868
3335
12702341
183
-65
-9
2266
-850
3403
12703366
128
-43
-16
2251
-804
3420
12704391
-34
9
-25
2248
-779
3436
12705416
-138
31
-21
2210
-833
3443
12706441
-147
34
-20
2212
-875
3419
12707466
-84
21
-18
2251
-889
3400
12708491
14
3
-4
2265
-838
3419
12709516
60
-17
21
2271
-772
3432
12710541
24
-16
30
2236
-819
3376
12711566
6
-10
33
2220
-889
3375
12712591
15
8
26
2218
-950
3340
12705408
34
18
10
2229
-928
3419
12706433
26
13
0
2267
-876
3470
12707458
-5
18
0
2248
-878
3430
12708483
-14
18
-8
2244
-856
3442
12709508
-14
13
-5
2238
-859
3441
12710533
-18
7
-6
2206
-853
3451
12711558
-11
-9
-6
2205
-881
3472
12712583
37
-19
6
2217
-839
3459
12713608
13
-22
12
2215
-836
3384
12714633
11
-18
17
2226
-908
3379
12715658
67
-14
9
2250
-876
3488
12716683
92
-10
10
2255
-841
3418
12717708
83
-9
13
2249
-800
3372
12718733
31
-3
2
2245
-839
3422
12719758
-19
-5
-5
2217
-878
3509
12720783
-49
-11
-24
2213
-994
3426
12713601
-6
-6
-34
2212
-852
3366
12714626
-34
-2
-27
2234
-763
3398
12715651
-58
6
-19
2257
-833
3425
12716676
-17
3
-11
2249
-767
3444
12717701
9
-9
10
2256
-760
3455
12718726
16
-11
28
2234
-770
3458
12719751
-16
-9
30
2230
-885
3398
12720776
-14
-3
24
2244
-882
3379
12721801
-16
3
16
2243
-866
3389
12722826
-7
14
20
2243
-854
3396
12723851
-16
25
16
2228
-894
3402
12724876
-39
32
1
2236
-897
3414
12725901
-33
33
-3
2234
-883
3432
12726926
-2
30
4
2225
-859
3442
12727951
17
24
9
2209
-819
3482
12728976
-6
9
11
2209
-817
3523
12721795
-16
-2
18
2205
-846
3453
12722820
2
-5
26
2210
-875
3391
12723845
55
-10
34
2240
-905
3446
12724870
84
-9
34
2240
-848
3460
12725895
42
-9
22
2215
-829
3449
12726920
15
-11
9
2213
-891
3412
12727945
40
-2
3
2194
-920
3410
12728970
20
1
-16
2219
-913
3496
12729995
-2
-7
-38
2228
-901
3504
12731020
24
-14
-23
2236
-716
3406
12732045
-11
0
4
2218
-789
3318
12733070
11
14
9
2217
-915
3436
12734095
81
40
-7
2259
-908
3449
12735120
145
100
-7
2271
-913
3197
12736145
206
268
-7
2422
-871
2829
12737170
59
631
-73
2227
-612
2449
12729983
-235
967
-255
2117
-690
3018
12731008
-231
1079
-293
2717
3
3676
12732033
-499
734
87
2598
-363
3982
12733058
-2380
90
-348
-1325
-256
12014
12734083
-6097
-191
-720
2238
-1066
-49
12735108
-1094
-578
-672
2740
-6593
926
12736133
2341
-267
62
1991
-159
2079
12737158
609
-153
6
2627
1277
3164
12738183
-206
-137
-163
1866
-2062
4252
12739208
1341
-372
174
2175
-1259
3218
12740233
1722
-419
492
2148
379
2774
12741258
967
-420
548
1599
-231
4118
12742283
435
-352
326
2074
-1749
4134
12743308
523
-456
321
2373
-1259
3996
12744333
502
-616
361
2431
-1207
3382
12745358
287
-473
238
2346
-927
2708
12738177
164
-308
169
2351
-975
2942
12739202
191
-223
65
2393
-1507
3364
12740227
447
-163
34
2249
-1115
3488
12741252
317
-71
-4
2229
-564
3209
12742277
-71
8
-3
2260
-630
2983
12743302
-204
77
16
2348
-1027
3029
12744327
-121
116
-15
2385
-1084
3326
12745352
-41
106
-57
2343
-1016
3528
12746377
26
60
-58
2298
-835
3429
12747402
-1
57
-4
2201
-792
3299
12748427
-97
90
7
2177
-1006
3361
12749452
-106
96
-22
2181
-1071
3572
12750477
-42
59
-36
2240
-973
3582
12751502
-44
47
-28
2234
-815
3407
12752527
-137
54
-9
2277
-936
3256
12753552
-81
63
3
2282
-1077
3305
12746561
44
40
-6
2274
-960
3477
12747586
51
19
-11
2242
-901
3517
12748611
-26
9
-24
2218
-928
3494
12749636
-94
8
-23
2193
-935
3424
12750661
-76
8
-12
2202
-964
3339
12751686
5
28
2
2213
-852
3327
12752711
-57
42
-9
2242
-965
3419
12753736
-79
17
-20
2274
-1059
3563
12754761
-18
-27
-6
2250
-993
3467
12755786
-33
-26
-12
2194
-1021
3333
12756811
-18
-14
-25
2206
-978
3370
12757836
-1
-10
-19
2231
-897
3407
12758861
-33
-6
-11
2218
-973
3429
12759886
-5
-9
-2
2228
-954
3355
12760911
-20
-2
-6
2257
-905
3352
12761936
-44
0
-4
2276
-955
3379
12754559
-18
0
8
2263
-939
3396
12755584
-27
11
12
2237
-956
3340
12756609
-58
26
10
2223
-969
3336
12757634
-75
29
8
2240
-975
3395
12758659
-47
28
15
2229
-968
3410
12759684
-49
33
8
2203
-992
3436
12760709
-41
22
10
2200
-1052
3415
12761734
7
11
20
2197
-1014
3446
12762759
-22
-4
4
2233
-1033
3507
12763784
-40
-19
-7
2223
-1054
3452
12764809
-16
-21
-6
2205
-986
3376
12765834
5
-20
2
2201
-969
3373
12766859
-23
-16
-2
2234
-1027
3357
12767884
-32
-2
-6
2259
-1037
3321
12768909
5
1
-5
2237
-975
3364
12769934
21
2
4
2227
-947
3373
12762751
-11
11
3
2220
-929
3403
12763776
-65
14
-4
2218
-1003
3474
12764801
-77
2
-7
2206
-1027
3487
12765826
-85
-14
0
2239
-989
3364
12766851
-101
-11
12
2250
-932
3368
12767876
-135
-20
9
2271
-1014
3410
12768901
-117
-15
13
2233
-1097
3357
12769926
-88
-3
10
2214
-1092
3295
12770951
-68
13
0
2217
-1137
3297
12771976
-15
27
-11
2201
-1099
3316
12773001
25
31
-10
2217
-1041
3372
12774026
10
29
-21
2241
-1010
3451
12775051
-37
26
-24
2235
-1011
3406
12776076
-52
25
-20
2204
-1053
3387
12777101
-12
12
-22
2205
-1061
3457
12778126
28
-4
-13
2203
-990
3478
12770944
-3
-11
-13
2174
-1002
3403
12771969
-23
-11
-18
2173
-1034
3325
12772994
12
4
-6
2189
-1000
3342
12774019
32
11
5
2221
-996
3437
12775044
37
1
14
2246
-1046
3435
12776069
55
-16
18
2250
-1033
3460
12777094
37
-29
11
2233
-1046
3423
12778119
4
-30
4
2198
-1065
3370
12779144
-13
-26
-7
2182
-1095
3374
12780169
-11
-21
-20
2181
-1052
3409
12781194
-8
-22
-21
2217
-1020
3372
12782219
12
-22
-11
2250
-1002
3366
12783244
3
-28
-26
2283
-995
3436
12784269
12
-36
-23
2259
-993
3431
12785294
35
-41
-8
2231
-945
3375
12786319
8
-40
3
2193
-953
3353
12779136
-34
-29
7
2213
-1024
3322
12780161
-40
-16
7
2246
-1111
3332
12781186
3
-10
4
2270
-1101
3347
12782211
39
-7
10
2259
-980
3365
12783236
-8
-9
2
2256
-1003
3373
12784261
-17
-12
-5
2254
-1044
3379
12785286
7
-15
-5
2219
-1023
3388
12786311
15
-22
0
2212
-1034
3420
12787336
18
-29
-3
2234
-998
3434
12788361
5
-35
-4
2252
-990
3408
12789386
8
-36
1
2272
-987
3319
12790411
20
-27
16
2251
-988
3281
12791436
35
-16
27
2228
-1024
3348
12792461
42
-8
18
2261
-1022
3377
12793486
14
-1
6
2288
-989
3347
12794511
-31
4
-3
2298
-991
3315
12787330
-36
9
-4
2276
-1038
3338
12788355
10
8
5
2238
-997
3364
12789380
30
3
16
2220
-976
3397
12790405
-8
1
9
2235
-981
3401
12791430
-31
4
13
2258
-1019
3353
12792455
-8
11
20
2262
-1001
3327
12793480
9
16
30
2235
-1006
3344
12794505
25
11
29
2230
-1014
3408
12795530
16
8
26
2254
-1036
3424
12796555
3
1
19
2262
-1026
3386
12797580
-18
-5
13
2252
-1039
3357
12798605
-32
3
8
2228
-1046
3333
12799630
-29
11
2
2224
-1054
3348
12800655
-16
14
-3
2225
-1025
3398
12801680
-32
8
-13
2215
-1010
3415
12802705
-58
3
-19
2227
-1014
3392
12795520
-57
4
-10
2229
-1027
3347
12796545
-22
8
2
2241
-1007
3337
12797570
0
10
13
2263
-984
3358
12798595
-2
11
20
2259
-994
3378
12799620
10
7
27
2235
-1027
3371
12800645
19
6
22
2216
-1041
3385
12801670
6
6
13
2212
-1034
3416
12802695
-26
4
4
2215
-1034
3415
12803720
-33
-3
-1
2230
-1067
3419
12804745
9
-15
1
2246
-1070
3413
12805770
26
-17
3
2249
-1016
3360
12806795
2
-12
3
2249
-1015
3326
12807820
-12
-6
0
2240
-1057
3352
12808845
17
-2
3
2243
-996
3355
12809870
33
2
21
2228
-977
3345
12810895
27
9
28
2192
-1043
3390
12803712
23
10
20
2209
-1055
3407
12804737
6
9
15
2230
-1063
3397
12805762
7
0
8
2251
-1063
3412
12806787
12
-13
-1
2262
-1023
3428
12807812
-20
-16
-7
2244
-1025
3365
12808837
-28
-12
-13
2226
-1041
3321
12809862
-9
-4
-9
2223
-1018
3352
12810887
12
3
7
2209
-1002
3401
12811912
17
4
14
2221
-997
3401
12812937
9
3
14
2231
-982
3379
12813962
-2
0
10
2244
-1016
3398
12814987
6
-11
6
2249
-1018
3403
12816012
5
-18
9
2242
-1032
3370
12817037
-15
-8
5
2224
-1071
3350
12818062
-12
-3
-1
2236
-1076
3371
12819087
-7
3
-6
2214
-1054
3368
12811926
-8
7
-6
2209
-1031
3360
12812951
-4
5
-6
2219
-1022
3404
12813976
8
-3
-2
2234
-1011
3430
12815001
2
-4
-3
2239
-969
3391
12816026
-27
-5
-2
2233
-990
3376
12817051
-27
-10
1
2243
-1014
3396
12818076
-13
-15
10
2237
-1029
3384
12819101
-7
-10
15
2223
-1026
3360
12820126
-12
-5
10
2206
-1062
3361
12821151
2
-2
4
2225
-1044
3361
12822176
6
4
-1
2236
-1035
3366
12823201
6
9
-5
2223
-1033
3363
12824226
11
9
-3
2206
-1017
3401
12825251
-3
4
-4
2232
-1012
3409
12826276
-16
-4
-2
2259
-1015
3411
12827301
-23
-8
0
2254
-1019
3394
12820096
-13
-15
3
2235
-1040
3399
12821121
17
-22
6
2212
-1029
3398
12822146
20
-23
6
2213
-989
3385
12823171
-12
-16
3
2216
-996
3352
12824196
-42
-9
0
2253
-1039
3326
12825221
-27
-1
2
2272
-1028
3328
12826246
7
2
12
2272
-1026
3344
12827271
19
4
16
2260
-1013
3339
12828296
1
18
20
2231
-1040
3335
12829321
-11
27
15
2213
-1050
3361
12830346
-19
31
11
2231
-1051
3390
12831371
-28
33
8
2226
-1028
3382
12832396
-23
30
7
2220
-1031
3399
12833421
-8
21
9
2231
-999
3434
12834446
-15
16
16
2202
-1038
3436
12835471
-18
12
14
2201
-1055
3410
12828288
-8
5
12
2226
-1034
3390
12829313
-10
1
16
2212
-1027
3375
12830338
-21
2
13
2203
-1065
3381
12831363
-9
7
13
2203
-1064
3395
12832388
-3
9
9
2195
-1051
3400
12833413
-17
7
6
2212
-1040
3377
12834438
-23
4
6
2222
-1048
3386
12835463
-10
3
10
2210
-1043
3402
12836488
2
5
14
2190
-1059
3414
12837513
1
4
12
2190
-1053
3403
12838538
-9
3
9
2216
-1072
3389
12839563
-14
3
7
2214
-1069
3383
12840588
-1
-2
7
2197
-1061
3391
12841613
8
-3
9
2185
-1055
3404
12842638
5
-1
9
2183
-1058
3413
12843663
-1
2
8
2187
-1044
3426
12836480
-14
-5
2
2212
-1041
3425
12837505
-24
-9
0
2227
-1041
3380
12838530
-8
-11
5
2220
-1041
3366
12839555
13
-5
12
2201
-1043
3401
12840580
10
-5
13
2197
-1038
3413
12841605
-4
-4
11
2198
-1052
3384
12842630
-4
-7
8
2201
-1059
3384
12843655
4
-8
1
2203
-1079
3386
12844680
13
-5
-4
2202
-1056
3393
12845705
13
-2
-2
2215
-1039
3388
12846730
8
-3
0
2215
-1058
3404
12847755
9
-4
2
2214
-1076
3395
12848780
12
-5
0
2208
-1079
3388
12849805
24
-6
-3
2212
-1103
3388
12850830
38
-6
-3
2214
-1064
3398
12851855
3
-9
-6
2200
-1036
3408
12844671
-5
-11
-12
2178
-1048
3433
12845696
7
-17
-17
2184
-1021
3439
12846721
7
-25
-15
2220
-1001
3396
12847746
13
-30
-2
2262
-992
3368
12848771
4
-23
10
2268
-991
3359
12849796
-2
-15
17
2234
-1026
3360
12850821
19
-15
11
2211
-1058
3377
12851846
30
-14
6
2219
-1024
3358
12852871
12
-5
11
2229
-1017
3334
12853896
-2
4
14
2207
-1107
3381
12854921
32
4
11
2194
-1103
3431
12855946
36
2
4
2185
-1052
3443
12856971
-5
-5
-10
2218
-1034
3404
12857996
-25
-8
-14
2224
-1028
3394
12859021
-23
-10
-15
2222
-1010
3377
12860046
-1
-10
-6
2206
-997
3382
12852864
19
-7
3
2199
-994
3392
12853889
19
-4
10
2214
-1005
3384
12854914
7
-3
13
2232
-1020
3380
12855939
8
-6
10
2239
-1052
3395
12856964
17
-8
6
2236
-1042
3381
12857989
14
-6
4
2214
-1032
3386
12859014
5
-6
2
2202
-1057
3392
12860039
0
-5
-6
2204
-1066
3405
12861064
12
-6
-9
2217
-1036
3423
12862089
19
-12
-6
2215
-1010
3407
12863114
10
-13
0
2213
-999
3396
12864139
-10
-14
-4
2211
-1033
3395
12865164
-2
-17
-8
2224
-1028
3396
12866189
16
-22
-3
2234
-998
3387
12867214
9
-15
3
2236
-967
3360
12868239
-9
-8
6
2222
-1028
3360
12861056
11
-9
4
2217
-1053
3404
12862081
11
-7
2
2224
-1017
3403
12863106
-20
-5
-1
2223
-1022
3384
12864131
-25
-4
-1
2224
-1018
3396
12865156
-12
-7
-3
2225
-1011
3419
12866181
-12
-13
-9
2215
-993
3396
12867206
-23
-17
-11
2226
-1004
3362
12868231
-10
-18
-4
2221
-1020
3350
12869256
22
-21
7
2235
-990
3361
12870281
41
-32
16
2266
-983
3375
12871306
6
-11
18
2257
-1035
3351
12872331
-19
14
8
2238
-1077
3332
12873356
-9
26
3
2227
-1023
3372
12874381
-12
23
6
2224
-1000
3409
12875406
-22
21
10
2204
-1029
3418
12876431
