Device = VHR-0009
time_stamp = 1780026274877
sample_rate = 50
Data format = INT16
TYPE = 6-AXIS IMU RAW DATA
-45
-9
7
-346
23
4275
13608064
-56
-7
-14
-381
32
4211
13609089
-45
-18
-37
-360
30
4148
13610114
-57
-20
-48
-372
56
4191
13611139
-67
-19
-77
-338
117
4237
13612164
-95
-16
-98
-328
72
4239
13613189
-92
-6
-103
-343
38
4349
13614214
-29
-12
-93
-300
56
4443
13615239
24
-17
-75
-279
54
4417
13616264
47
-8
-62
-258
5
4369
13617289
42
12
-71
-268
113
4301
13618314
-4
25
-76
-277
127
4303
13619339
-37
28
-68
-287
7
4359
13620364
-31
22
-65
-323
43
4319
13621389
-29
3
-58
-386
36
4191
13622414
4
-32
-44
-418
-30
4167
13623439
50
-83
-32
-404
80
4236
13616256
22
-119
-11
-360
66
4245
13617281
14
-139
19
-300
-10
4235
13618306
21
-151
42
-265
-17
4157
13619331
7
-142
54
-313
-20
4125
13620356
7
-123
53
-378
15
4185
13621381
23
-110
42
-375
95
4246
13622406
15
-91
33
-335
98
4232
13623431
4
-59
24
-325
71
4202
13624456
34
-24
12
-324
50
4231
13625481
63
8
-3
-306
164
4310
13626506
37
32
-2
-281
155
4312
13627531
6
42
11
-278
80
4267
13628556
10
39
20
-266
60
4259
13629581
46
31
35
-240
95
4309
13630606
58
33
53
-257
63
4341
13631631
4
-59
24
-325
71
4202
13624456
34
-24
12
-324
50
4231
13625481
63
8
-3
-306
164
4310
13626506
37
32
-2
-281
155
4312
13627531
6
42
11
-278
80
4267
13628556
10
39
20
-266
60
4259
13629581
46
31
35
-240
95
4309
13630606
58
33
53
-257
63
4341
13631631
35
40
62
-252
38
4375
13624675
-13
56
63
-303
3
4452
13625700
21
37
46
-308
107
4362
13626725
24
-1
32
-324
196
3944
13627750
24
-47
48
-266
145
3812
13628775
36
-75
72
-185
232
4142
13629800
-27
-53
78
-208
49
4444
13630825
-45
-21
72
-223
-72
4543
13631850
-21
0
58
-245
-14
4399
13632875
11
15
47
-261
126
4223
13633900
21
29
39
-280
151
4261
13634925
27
30
26
-268
172
4310
13635950
31
38
18
-285
162
4247
13636975
18
36
8
-361
71
4199
13638000
34
11
-17
-306
154
4230
13639025
38
-8
7
-232
144
4242
13640050
50
-11
32
-246
84
4238
13632641
67
-14
30
-252
65
4221
13633666
57
-11
32
-253
106
4211
13634691
44
-2
27
-258
148
4227
13635716
46
2
17
-248
126
4221
13636741
29
8
10
-249
115
4182
13637766
-1
21
4
-270
106
4225
13638791
4
27
-3
-271
143
4288
13639816
14
28
-7
-262
172
4244
13640841
-7
30
0
-285
196
4191
13641866
-33
21
10
-293
149
4192
13642891
0
5
6
-281
143
4250
13643916
42
-5
1
-260
176
4260
13644941
2
2
-3
-288
164
4243
13645966
-39
-3
-9
-294
141
4204
13646991
-11
-16
-11
-286
175
4216
13648016
12
-20
-5
-293
149
4257
13640833
-23
-21
1
-309
142
4230
13641858
-56
-25
12
-342
80
4157
13642883
-39
-51
20
-318
225
4037
13643908
3
-61
34
-310
161
4058
13644933
158
-51
43
-347
-46
4273
13645958
288
-43
29
-424
78
4415
13646983
332
-71
50
-731
176
3956
13648008
651
-106
5
-953
415
3083
13649033
609
-127
-38
-411
1669
2239
13650058
55
-37
858
-123
-794
3190
13651083
1652
16
961
1432
-2049
10935
13652108
-2742
237
103
1203
3565
6350
13653133
-1959
178
579
-1735
-2542
2633
13654158
1944
-319
234
-172
77
2945
13655183
1385
-455
28
-151
2994
2811
13656208
-279
-413
138
44
875
4084
13649024
-1027
-189
-39
-52
-508
4576
13650049
-437
-202
-252
-598
-31
3258
13651074
222
-487
-238
-243
1134
2052
13652099
334
-251
-96
493
-166
5125
13653124
-646
251
-308
360
442
6635
13654149
-1090
475
-275
-106
-733
6171
13655174
-503
328
-292
-385
-1004
4724
13656199
438
246
-380
-367
-440
3522
13657224
1610
189
-245
-252
-75
3853
13658249
1894
-19
-70
-517
779
3423
13659274
166
140
-138
-891
1253
3532
13660299
-1269
319
-370
-332
1522
4110
13661324
-1385
389
-54
-141
-405
4644
13662349
-133
297
206
-560
-1504
4278
13663374
1044
121
85
-399
-176
3956
13664399
1023
89
2
-223
1031
3798
13657217
378
115
62
-294
1133
3916
13658242
-238
132
114
-270
643
4136
13659267
-510
163
92
-261
75
4251
13660292
-260
126
42
-329
90
4361
13661317
84
26
-6
-277
387
4219
13662342
137
0
6
-290
613
4173
13663367
-52
15
16
-325
375
4200
13664392
-190
11
-2
-335
156
4200
13665417
-172
25
-37
-332
99
4351
13666442
-26
32
-44
-353
279
4441
13667467
-39
46
-22
-424
216
4392
13668492
-77
55
-29
-424
251
4215
13669517
-95
22
-25
-459
291
3963
13670542
-62
1
-4
-400
217
4199
13671567
-17
13
33
-409
111
4533
13672592
-21
31
18
-422
206
4487
13665407
-41
35
14
-389
249
4190
13666432
-68
24
49
-409
202
4035
13667457
-69
15
70
-420
157
4208
13668482
-47
14
51
-405
222
4394
13669507
-35
6
27
-407
307
4255
13670532
-46
-20
31
-425
393
3935
13671557
-99
-45
53
-387
204
4037
13672582
-65
-26
50
-347
8
4511
13673607
9
-11
9
-375
185
4586
13674632
-6
-7
-19
-396
305
4197
13675657
-56
-7
8
-413
231
4060
13676682
-74
-28
3
-396
171
4142
13677707
-40
-35
-31
-376
125
4285
13678732
29
-45
-36
-387
132
4327
13679757
13
-65
-22
-418
234
4093
13680782
-28
-66
-37
-383
216
4041
13673600
6
-69
-38
-319
231
4247
13674625
-47
-43
-35
-363
151
4391
13675650
-90
-16
-43
-395
-13
4346
13676675
11
-18
-48
-403
83
4239
13677700
61
-22
-31
-388
257
4235
13678725
-10
3
-14
-410
197
4314
13679750
-26
8
-15
-405
125
4359
13680775
16
3
-16
-392
118
4289
13681800
61
-7
-4
-421
219
4163
13682825
47
-22
-4
-391
325
4117
13683850
24
-19
8
-352
226
4284
13684875
13
-6
15
-372
126
4411
13685900
19
3
12
-386
126
4300
13686925
70
-1
10
-371
279
4123
13687950
66
-5
14
-357
366
4124
13688975
-3
9
25
-357
154
4302
13681792
-17
22
31
-385
37
4401
13682817
41
14
3
-418
231
4232
13683842
41
-5
-13
-393
348
4006
13684867
4
-28
29
-395
194
4048
13685892
3
-56
44
-396
94
4182
13686917
89
-56
25
-341
119
4362
13687942
145
-47
28
-343
274
4334
13688967
45
-25
26
-336
309
4176
13689992
-58
-1
14
-318
259
4186
13691017
-28
3
6
-331
230
4277
13692042
28
7
-15
-344
265
4289
13693067
5
19
-42
-363
255
4207
13694092
-24
21
-47
-375
214
4128
13695117
0
20
-48
-343
333
4152
13696142
-3
34
-51
-308
315
4315
13697167
-74
69
-67
-323
135
4461
13689984
-163
110
-89
-393
63
4364
13691009
-193
143
-109
-528
250
4150
13692034
-199
143
-83
-485
276
4136
13693059
-149
136
-36
-473
84
4278
13694084
5
102
-16
-509
89
4305
13695109
119
62
-26
-506
178
4180
13696134
200
11
-21
-513
326
4071
13697159
239
-51
-5
-615
375
3938
13698184
378
-138
14
-966
320
3502
13699209
574
-168
-63
-685
921
3239
13700234
766
-123
307
229
396
3596
13701259
1204
46
1036
-830
-788
3612
13702284
1815
118
914
2561
-1471
10811
13703309
-779
551
409
-1128
1797
3210
13704334
-449
243
273
-1053
474
3826
13705359
-69
-102
46
-123
800
3728
13698176
284
-252
-117
-915
1722
2742
13699201
96
-585
-220
-386
1694
2613
13700226
-498
-410
-132
-187
566
4011
13701251
-754
-305
-198
-451
72
4482
13702276
-393
-363
-243
-440
-122
4510
13703301
-183
-377
-302
-352
574
3820
13704326
-48
-221
-159
81
118
4791
13705351
-550
41
-149
-102
85
5432
13706376
-880
171
-260
-317
29
5439
13707401
-673
117
-405
-376
36
4428
13708426
809
-60
-59
-388
-845
3835
13709451
351
6
-142
-738
1985
3208
13710476
-525
131
-133
-1050
-121
3189
13711501
-49
-75
-226
-347
654
3797
13712526
64
-101
-120
-9
639
4192
13713551
148
-52
70
-363
-609
4313
13706368
654
-85
19
-216
134
4442
13707393
635
-20
-15
-95
576
4523
13708418
190
79
-4
-222
662
4503
13709443
-182
127
5
-232
510
4419
13710468
-236
123
30
-226
250
4319
13711493
-97
91
23
-300
280
4140
13712518
68
60
-20
-309
454
4183
13713543
83
72
-60
-307
597
4350
13714568
-32
77
-77
-288
542
4382
13715593
-90
61
-66
-265
291
4259
13716618
-83
36
-61
-346
257
4047
13717643
-68
36
-58
-337
281
4167
13718668
7
41
-26
-316
291
4354
13719693
42
36
7
-407
252
4260
13720718
13
20
20
-410
222
4067
13721743
-13
9
15
-387
307
4034
13714559
52
1
16
-318
441
4181
13715584
70
4
36
-285
494
4299
13716609
-22
27
73
-343
156
4325
13717634
-21
26
62
-421
123
4213
13718659
31
10
7
-380
429
4101
13719684
34
23
-3
-309
601
4146
13720709
-29
19
39
-363
440
4262
13721734
-105
5
30
-364
204
4254
13722759
-47
-15
7
-355
254
4194
13723784
75
-39
3
-320
468
4101
13724809
156
-53
28
-270
562
4192
13725834
35
-36
39
-274
335
4355
13726859
-92
-15
22
-339
244
4273
13727884
-86
-25
-4
-325
322
4062
13728909
17
-41
1
-290
386
4136
13729934
23
-27
-7
-313
433
4382
13722752
-106
11
-15
-377
313
4446
13723777
-133
17
-36
-411
179
4230
13724802
-19
-9
-45
-393
397
4039
13725827
71
-24
-17
-358
494
4215
13726852
13
-17
12
-369
354
4373
13727877
-45
4
-2
-404
246
4317
13728902
-15
6
-25
-403
345
4135
13729927
23
-5
-19
-359
456
4114
13730952
41
-3
16
-329
437
4284
13731977
-37
19
25
-365
243
4338
13733002
-73
34
-2
-402
238
4261
13734027
-4
32
-12
-375
373
4197
13735052
47
16
7
-320
544
4236
13736077
11
21
44
-347
269
4257
13737102
10
24
41
-371
255
4266
13738127
-25
29
13
-376
362
4149
13730944
14
6
25
-349
420
4030
13731969
82
-8
38
-330
426
4243
13732994
23
11
38
-328
285
4405
13734019
-56
40
27
-416
193
4307
13735044
8
21
13
-438
314
4030
13736069
88
-14
8
-343
501
4029
13737094
11
-5
19
-322
411
4250
13738119
-64
20
16
-363
227
4360
13739144
-18
24
5
-368
179
4329
13740169
54
21
-4
-393
367
4162
13741194
36
19
-14
-369
552
4094
13742219
-23
16
10
-373
387
4192
13743244
-36
10
8
-378
275
4294
13744269
19
3
-18
-398
325
4201
13745294
83
-15
-33
-400
434
4120
13746319
62
-26
-31
-358
490
4159
13739136
-9
-30
-1
-347
351
4211
13740161
-26
-36
11
-380
232
4215
13741186
26
-51
3
-344
337
4225
13742211
16
-68
28
-371
430
4159
13743236
-21
-78
51
-351
325
4230
13744261
6
-83
56
-338
282
4293
13745286
14
-73
32
-354
397
4273
13746311
-12
-58
28
-333
397
4189
13747336
16
-58
26
-326
481
4191
13748361
-4
-32
9
-309
403
4305
13749386
-21
10
10
-313
244
4434
13750411
39
21
4
-395
366
4233
13751436
109
5
-14
-358
521
3912
13752461
109
-16
39
-306
399
4038
13753486
-34
12
50
-340
284
4434
13754511
-116
25
12
-396
232
4360
13747328
3
-5
-20
-367
357
4010
13748353
155
-41
-26
-335
553
3886
13749378
119
-51
-40
-395
532
4038
13750403
62
-52
-59
-473
347
3892
13751428
296
-64
-29
-580
532
3312
13752453
751
-57
153
-774
1231
2212
13753478
2575
135
721
-751
360
5260
13754503
3186
2
855
3628
-1704
11447
13755528
-632
268
-265
-1959
2847
2686
13756553
-226
-78
-227
-456
1453
2106
13757578
-480
174
-175
165
963
4048
13758603
115
-36
-431
-725
1756
3452
13759628
37
-446
-400
-927
2119
2116
13760653
-521
-449
-266
-229
342
3290
13761678
-636
-343
-237
-57
-15
4961
13762703
-320
-266
-196
-230
-306
5674
13755519
-117
-262
-286
-684
466
4307
13756544
-231
-237
-308
-627
1596
3137
13757569
-255
-70
-38
223
448
4700
13758594
-745
131
104
70
157
5554
13759619
-1162
226
-38
-564
433
4859
13760644
-1126
164
-194
-619
295
3484
13761669
202
25
-119
-292
-436
3851
13762694
589
-20
-164
-243
1495
4508
13763719
-182
152
-186
-518
1272
4357
13764744
-222
126
-60
-815
-161
3272
13765769
393
-58
-5
-542
636
3194
13766794
424
-161
38
20
770
3727
13767819
319
-129
109
-65
597
4588
13768844
97
-51
42
-84
767
4709
13769869
-170
66
47
-110
530
4444
13770894
-250
95
95
-196
397
4131
13763829
-152
54
112
-176
389
4058
13764854
-32
78
94
-248
461
4410
13765879
-67
91
39
-321
635
4472
13766904
-128
104
-5
-353
691
4328
13767929
-141
88
-2
-317
549
4179
13768954
-71
30
1
-299
517
3918
13769979
35
-46
-15
-230
563
3911
13771004
30
-46
7
-198
484
4340
13772029
-8
4
14
-262
450
4554
13773054
21
36
-13
-306
554
4378
13774079
23
20
-10
-321
489
4059
13775104
9
5
-12
-310
506
3983
13776129
8
6
-8
-310
581
4078
13777154
2
9
6
-319
576
4169
13778179
-1
-8
25
-310
415
4221
13779204
1
-6
26
-306
298
4287
13771905
-5
1
-10
-346
413
4225
13772930
47
4
-22
-275
576
4142
13773955
19
8
11
-291
671
4178
13774980
-61
0
37
-282
443
4246
13776005
-56
0
17
-287
383
4271
13777030
8
5
-2
-328
527
4243
13778055
44
-4
-11
-311
665
4172
13779080
10
0
-8
-278
657
4204
13780105
-14
10
15
-314
449
4265
13781130
47
0
31
-355
430
4144
13782155
76
-10
10
-334
637
4127
13783180
19
-1
5
-316
635
4159
13784205
14
-12
29
-311
532
4174
13785230
15
-20
17
-285
415
4282
13786255
57
-11
7
-333
403
4331
13787280
144
-18
17
-354
550
4181
13780096
99
-10
17
-359
648
4111
13781121
-48
12
9
-333
583
4142
13782146
-56
6
18
-338
461
4190
13783171
38
-7
19
-313
458
4230
13784196
82
-4
21
-309
512
4177
13785221
39
0
10
-295
600
4109
13786246
-35
7
0
-261
626
4170
13787271
-59
21
10
-256
545
4294
13788296
0
31
20
-308
446
4280
13789321
68
18
5
-322
560
4177
13790346
62
9
-11
-309
730
4040
13791371
2
3
1
-295
707
4109
13792396
-55
-2
13
-311
467
4277
13793421
9
-14
6
-338
370
4321
13794446
104
-19
-20
-364
570
4245
13795471
130
-16
-30
-373
705
4150
13788289
69
4
-25
-362
729
4177
13789314
-38
48
-14
-420
578
4288
13790339
-18
58
-24
-415
441
4294
13791364
101
44
-29
-347
561
4180
13792389
121
64
-8
-306
666
4118
13793414
50
99
26
-332
631
4180
13794439
-6
116
45
-363
560
4221
13795464
-1
114
40
-398
561
4114
13796489
27
85
28
-380
658
4063
13797514
35
64
38
-369
648
4144
13798539
43
42
45
-388
649
4190
13799564
42
17
35
-367
626
4163
13800589
22
1
35
-354
584
4181
13801614
21
-13
34
-366
570
4173
13802639
31
-31
18
-331
624
4170
13803664
25
-36
18
-300
606
4137
13796480
34
-39
22
-303
597
4103
13797505
22
-34
10
-323
604
4114
13798530
4
-25
-4
-320
572
4129
13799555
37
-18
-8
-340
576
4168
13800580
72
-20
-10
-394
639
4132
13801605
8
-22
-34
-380
746
4103
13802630
-85
-10
-31
-398
566
4114
13803655
-40
-14
-33
-385
608
4227
13804680
31
-23
-25
-356
723
4279
13805705
78
-20
-32
-320
681
4280
13806730
151
0
-55
-328
714
4319
13807755
165
23
-89
-362
843
4305
13808780
86
46
-101
-380
801
4213
13809805
-5
60
-94
-389
759
4206
13810830
-43
62
-80
-400
634
4190
13811855
-6
56
-65
-467
520
4181
13804671
32
37
-57
-504
581
4117
13805696
37
10
-35
-503
633
4024
13806721
28
-29
-16
-497
615
3881
13807746
18
-74
-27
-534
721
3806
13808771
16
-125
-34
-792
933
3503
13809796
-148
-213
-51
-992
1089
2393
13810821
-306
-286
112
-395
508
1597
13811846
506
-248
573
53
-70
4365
13812871
683
-42
966
-935
1142
6297
13813896
-889
492
539
3108
-1238
10673
13814921
-3031
324
-311
-2031
1944
1396
13815946
-1305
-114
-206
25
1306
3303
13816971
413
193
38
280
-1685
6102
13817996
1348
-187
-568
-695
993
4372
13819021
273
-527
-542
-1193
2363
1583
13820046
-308
-313
-123
-213
271
3024
13812864
-97
-197
45
-67
-484
4756
13813889
211
-217
87
-146
413
5851
13814914
-57
-35
76
-145
198
5778
13815939
-204
104
38
-469
237
4180
13816964
177
-18
18
-547
-186
3160
13817989
580
-123
-9
-44
392
4617
13819014
32
-36
-30
-66
1257
4966
13820039
-629
176
-82
-457
291
4378
13821064
-512
224
-182
-588
787
3851
13822089
72
30
65
-637
109
3405
13823114
292
-97
44
-386
269
3438
13824139
385
-81
-15
-175
1041
4144
13825164
31
-5
91
-464
442
4053
13826189
73
-49
35
-323
692
3857
13827214
-31
-98
64
-104
707
3862
13828239
-272
-67
78
-109
575
4080
13821056
-177
-39
71
-86
127
4486
13822081
117
-18
71
-158
189
4697
13823106
160
4
52
-253
472
4412
13824131
-44
49
25
-284
461
4217
13825156
-155
78
-12
-288
557
4288
13826181
-122
53
-31
-276
606
4259
13827206
-10
8
-21
-256
400
4134
13828231
52
-29
-27
-245
414
4154
13829256
50
-32
-39
-243
454
4226
13830281
73
-22
-46
-237
586
4359
13831306
4
-7
-30
-260
524
4351
13832331
-44
-8
-25
-260
415
4170
13833356
-14
-9
-31
-246
349
4041
13834381
59
-25
-10
-234
279
4137
13835406
68
-12
27
-290
324
4277
13836431
-38
17
17
-321
361
4278
13829248
-81
30
-18
-321
423
4144
13830273
-38
22
-39
-265
613
4091
13831298
-71
22
-34
-222
525
4143
13832323
-97
18
-1
-236
239
4233
13833348
-23
18
-12
-287
294
4336
13834373
36
15
-59
-264
586
4240
13835398
30
-3
-61
-218
715
4111
13836423
-49
-5
-7
-183
438
4199
13837448
-77
8
14
-284
254
4316
13838473
-15
3
-17
-278
266
4322
13839498
71
-2
-43
-263
605
4268
13840523
26
-7
-19
-266
605
4184
13841548
-64
-7
11
-276
379
4190
13842573
-52
-13
13
-273
246
4226
13843598
56
-25
7
-280
385
4202
13844623
94
-17
1
-283
627
4224
13837440
-29
15
18
-296
534
4286
13838465
-101
24
42
-356
309
4243
13839490
-25
2
23
-315
274
4166
13840515
122
-2
1
-288
556
4209
13841540
65
14
-7
-301
620
4271
13842565
-67
33
20
-326
337
4261
13843590
-60
28
15
-327
296
4240
13844615
34
19
-9
-281
371
4237
13845640
91
17
-19
-259
466
4243
13846665
39
18
-3
-256
429
4241
13847690
-47
15
-5
-268
407
4098
13848715
-68
5
-4
-256
303
4025
13849740
19
2
2
-249
377
4171
13850765
65
11
-4
-247
565
4218
13851790
-15
33
-6
-291
551
4197
13852815
-99
34
-5
-334
423
4102
13845632
-67
19
-1
-369
394
4120
13846657
10
1
-2
-371
426
4251
13847682
78
-12
-8
-349
570
4366
13848707
40
-22
-2
-340
532
4286
13849732
3
-35
15
-330
396
4177
13850757
9
-39
33
-286
394
4321
13851782
49
-34
48
-249
426
4372
13852807
75
-16
35
-224
487
4386
13853832
20
5
20
-241
470
4299
13854857
-20
23
19
-276
440
4150
13855882
-43
37
15
-278
395
4098
13856907
9
37
7
-304
404
4095
13857932
69
31
-6
-314
482
4107
13858957
17
45
-14
-345
503
4184
13859982
-55
45
-18
-390
409
4151
13861007
-31
30
-27
-337
359
4167
13853824
16
20
-29
-344
474
4140
13854849
-3
3
-27
-344
547
4074
13855874
-38
-9
5
-328
365
4136
13856899
-41
-9
28
-307
403
4364
13857924
-35
-6
41
-324
395
4356
13858949
28
-10
42
-333
385
4188
13859974
84
-23
44
-301
578
4114
13860999
-16
2
34
-276
582
4208
13862024
-62
29
29
-309
430
4298
13863049
-36
29
-3
-348
414
4280
13864074
-7
18
-29
-323
469
4124
13865099
-4
1
-31
-359
625
3959
13866124
-57
-9
-17
-691
652
4042
13867149
43
-65
64
-859
183
3742
13868174
109
8
-36
-15
844
4113
13869199
-357
75
-14
93
1207
2974
13862017
-21
195
538
-971
262
2193
13863042
395
51
601
2724
-1888
10488
13864067
-3196
671
215
-1214
1250
5005
13865092
-788
134
26
-1001
-1144
3679
13866117
1021
-18
-177
-174
431
3137
13867142
912
-103
71
-544
1701
3502
13868167
-33
-15
28
-544
-35
4581
13869192
-564
17
-157
-676
223
4298
13870217
-170
-170
-108
-943
684
2137
13871242
548
-384
79
-192
169
3287
13872267
-264
-112
-106
-108
641
5257
13873292
-885
143
-229
-155
173
5601
13874317
-731
178
-201
-333
-370
5381
13875342
60
19
-192
-223
-554
4811
13876367
1158
-53
-136
-153
-1041
5065
13877392
1926
-99
199
-776
880
4953
13870207
-201
-5
288
-2176
474
1577
13871232
-975
15
-455
-575
1837
1801
13872257
-1018
-48
-62
901
891
3891
13873282
-394
28
346
-751
-1172
4306
13874307
661
-190
76
-296
-514
4730
13875332
1045
-153
44
-95
497
4779
13876357
724
-22
17
-56
917
4554
13877382
-11
121
20
-255
764
4485
13878407
-561
162
-3
-386
86
4194
13879432
-277
97
-1
-289
20
4141
13880457
234
45
29
-355
276
4332
13881482
441
35
23
-382
404
4598
13882507
131
55
-29
-466
475
4424
13883532
-165
30
-38
-373
213
3945
13884557
-24
-1
27
-237
390
3973
13885582
88
1
67
-339
428
4295
13878401
35
0
67
-368
107
4475
13879426
25
11
15
-435
213
4294
13880451
55
5
-18
-398
538
4010
13881476
21
1
0
-352
631
4020
13882501
-32
-9
22
-353
329
4232
13883526
-16
-21
21
-382
156
4276
13884551
35
-24
-9
-383
284
4130
13885576
67
-31
-36
-372
454
4069
13886601
37
-21
-24
-323
425
4251
13887626
-44
10
-2
-359
313
4346
13888651
-106
23
-14
-419
265
4247
13889676
-95
9
-40
-436
255
4117
13890701
-23
-9
-49
-423
360
4048
13891726
27
-26
-24
-350
495
4242
13892751
-43
-40
3
-362
430
4349
13893776
-91
-63
9
-371
125
4230
13886593
6
-73
10
-316
122
4196
13887618
107
-52
8
-288
383
4237
13888643
56
-16
-12
-282
609
4301
13889668
-77
11
-20
-302
379
4334
13890693
-67
16
0
-324
203
4217
13891718
5
27
-19
-379
310
4143
13892743
43
40
-47
-358
454
4183
13893768
31
51
-34
-372
467
4206
13894793
-6
62
6
-429
340
4248
13895818
-34
68
24
-447
301
4326
13896843
-55
55
9
-439
302
4235
13897868
-26
13
4
-441
386
4063
13898893
24
-15
14
-395
464
4174
13899918
23
-16
36
-409
341
4350
13900943
-21
-10
23
-410
279
4328
13901968
-40
-14
0
-409
273
4168
13894783
49
-18
-7
-340
334
4204
13895808
62
2
26
-358
401
4250
13896833
-35
27
39
-417
324
4219
13897858
-83
25
38
-409
250
4157
13898883
1
14
22
-394
377
4120
13899908
81
1
20
-377
530
4157
13900933
2
4
22
-405
362
4207
13901958
-76
14
15
-401
253
4241
13902983
-66
25
12
-413
242
4259
13904008
7
28
-4
-431
272
4275
13905033
38
26
-9
-422
372
4282
13906058
-16
27
-5
-442
350
4193
13907083
-9
16
-7
-411
258
4140
13908108
47
3
-4
-387
325
4212
13909133
30
1
-1
-374
349
4230
13910158
-25
12
3
-352
307
4238
13902983
-37
34
4
-394
277
4288
13904008
-18
29
-6
-418
289
4250
13905033
-10
13
-5
-406
330
4186
13906058
-2
6
3
-409
336
4182
13907083
19
-11
3
-400
384
4203
13908108
-10
-24
6
-418
315
4261
13909133
-41
-35
13
-426
266
4272
13910158
0
-45
16
-432
288
4232
13911183
78
-58
12
-406
375
4245
13912208
74
-52
9
-364
404
4274
13913233
8
-22
10
-386
431
4290
13914258
-63
3
-9
-403
328
4237
13915283
-10
2
-10
-420
250
4218
13916308
52
-5
-15
-459
385
4131
13917333
33
-22
-15
-439
498
4021
13918358
-17
-35
2
-396
380
4157
13911167
4
-43
32
-394
185
4236
13912192
111
-54
48
-385
86
4264
13913217
190
-39
18
-405
345
4298
13914242
153
-20
-2
-390
518
4192
13915267
29
-5
3
-378
575
4132
13916292
-76
11
24
-362
356
4238
13917317
-37
15
30
-396
161
4284
13918342
83
13
-4
-418
286
4305
13919367
122
17
-23
-441
532
4276
13920392
36
8
-17
-447
542
4136
13921417
-67
-21
-8
-526
551
3917
13922442
-98
-82
-30
-588
527
3658
13923467
-166
-173
-69
-197
884
3782
13924492
-605
-98
19
-254
864
3736
13925517
-570
-26
493
-794
-522
3673
13926542
667
127
546
-327
-985
4949
13919359
-585
654
133
893
1165
5433
13920384
-2313
647
-83
939
-81
6667
13921409
-945
284
189
-1637
-1006
4501
13922434
966
6
-340
-269
-868
5157
13923459
35
31
-671
-1293
2142
2491
13924484
-47
-224
-274
-773
1417
2738
13925509
117
-147
103
-461
-927
4240
13926534
79
-166
-6
-704
-534
4812
13927559
31
-178
-37
-711
-97
4249
13928584
-199
-208
-22
-745
505
2427
13929609
236
-175
233
32
-93
3874
13930634
-283
147
86
-102
284
5513
13931659
-780
220
-14
-379
387
5898
13932684
-718
180
-91
-74
-504
4821
13933709
385
123
150
-328
-1714
4292
13934734
1274
76
84
-716
124
4241
13927552
470
112
89
-1265
1460
2744
13928577
-1156
276
-148
-1281
918
3159
13929602
-1120
78
-53
-233
414
3805
13930627
-3
-95
360
-628
-1727
3702
13931652
1422
-300
62
-419
-186
3975
13932677
1451
-278
-36
-132
874
4423
13933702
411
-145
-32
-209
861
4704
13934727
-425
-27
7
-256
210
4685
13935752
-535
50
7
-315
-52
4590
13936777
-229
32
1
-399
-154
4344
13937802
18
-67
-32
-417
116
3918
13938827
78
-84
-57
-342
184
4097
13939852
215
-44
-25
-370
364
4652
13940877
160
-16
-5
-472
109
4714
13941902
44
-16
-10
-498
-180
4255
13942927
68
-59
-27
-502
34
3660
13935744
210
-109
-11
-357
409
3776
13936769
106
-92
27
-310
449
4373
13937794
-175
-20
49
-400
-71
4637
13938819
-162
4
37
-497
-241
4400
13939844
12
-6
-16
-486
111
4029
13940869
154
-21
-25
-408
493
3924
13941894
86
-16
9
-368
528
4231
13942919
-168
19
12
-451
137
4377
13943944
-197
26
-25
-520
-42
4297
13944969
0
-3
-63
-476
129
4166
13945994
154
-40
-68
-410
407
4059
13947019
89
-63
-44
-371
410
4072
13948044
-74
-47
-47
-388
255
4285
13949069
-45
-44
-73
-396
32
4430
13950094
100
-60
-101
-370
178
4268
13951119
112
-82
-85
-331
272
4017
13943937
2
-67
-44
-328
170
4270
13944962
-88
-32
-18
-377
-55
4546
13945987
-42
-8
-34
-424
-31
4438
13947012
43
-12
-31
-445
76
4147
13948037
102
-24
3
-420
249
4121
13949062
4
-16
19
-405
237
4262
13950087
-67
3
10
-410
98
4326
13951112
7
2
-6
-395
126
4335
13952137
95
-18
-8
-428
143
4177
13953162
134
-40
-30
-411
280
4030
13954187
183
-42
-45
-320
281
4110
13955212
197
-30
-3
-329
292
4324
13956237
68
6
21
-393
181
4351
13957262
-63
38
-5
-406
280
4269
13958287
-119
45
-15
-399
329
4135
13959312
-86
24
14
-391
294
4116
13952128
-83
-1
53
-349
136
4251
13953153
-67
8
66
-407
-1
4376
13954178
-17
7
32
-458
184
4347
13955203
-3
-10
14
-443
339
4207
13956228
42
-56
34
-377
256
4116
13957253
120
-97
52
-279
232
4208
13958278
71
-79
43
-297
203
4329
13959303
-11
-47
21
-312
210
4332
13960328
-15
-34
6
-300
292
4192
13961353
1
-32
5
-293
278
4130
13962378
-32
-20
13
-307
201
4230
13963403
-44
-5
-3
-358
88
4259
13964428
28
-10
-28
-371
192
4230
13965453
58
-3
-32
-363
353
4215
13966478
-37
15
-31
-397
326
4192
13967503
-109
23
-32
-414
158
4194
13960319
-50
-3
-22
-395
82
4239
13961344
48
-18
-12
-371
205
4316
13962369
42
-6
-2
-388
279
4333
13963394
-31
2
13
-408
213
4333
13964419
-68
-5
24
-387
147
4307
13965444
-36
-15
13
-367
210
4233
13966469
29
-30
4
-331
304
4233
13967494
50
-36
15
-310
236
4191
13968519
58
-21
15
-310
169
4187
13969544
30
9
3
-325
175
4208
13970569
-11
29
-12
-350
229
4146
13971594
-26
36
-14
-337
272
4162
13972619
-30
39
5
-353
223
4197
13973644
-28
34
9
-382
194
4216
13974669
-32
27
-7
-402
216
4224
13975694
-3
3
-10
-400
250
4186
13968513
60
-31
-7
-366
313
4196
13969538
59
-46
-4
-338
348
4240
13970563
-13
-33
-10
-367
245
4289
13971588
-30
-26
-23
-363
121
4312
13972613
27
-31
-27
-341
171
4293
13973638
56
-24
-20
-297
280
4305
13974663
-7
6
7
-333
137
4282
13975688
-63
34
16
-398
55
4222
13976713
-25
44
6
-397
138
4207
13977738
8
54
1
-386
315
4246
13978763
-32
54
11
-381
212
4195
13979788
-32
43
18
-411
145
4122
13980813
10
19
7
-427
216
4115
13981838
55
-7
-10
-451
205
4048
13982863
218
-24
-33
-635
144
4032
13983888
395
-75
-142
-727
436
3307
13976773
735
-92
-128
-238
599
2645
13977798
1427
46
377
-238
-101
3329
13978823
1779
282
553
-429
624
4942
13979848
-683
670
412
2281
518
10381
13980873
-3868
782
243
-1434
-1266
4431
13981898
-544
-59
-305
-647
-276
2938
13982923
1917
-134
-139
-212
1184
3125
13983948
1176
-344
-107
-930
2496
2986
13984973
-448
-475
-41
-586
1059
3112
13985998
-1051
-457
29
-536
-58
3743
13987023
-812
-453
15
-568
40
4691
13988048
-365
-391
-90
-388
7
4929
13989073
79
-265
-57
-289
221
4987
13990098
17
-109
-89
-504
401
4176
13991123
3
-140
-87
-292
-293
4221
13992148
-69
-56
-12
375
141
6919
13984896
-440
278
28
-143
-345
5856
13985921
766
259
215
-821
-567
3309
13986946
554
228
197
-1786
833
1037
13987971
-7
115
-140
-556
1722
3195
13988996
-1023
197
-121
231
1003
4682
13990021
-313
185
309
-793
-1771
4225
13991046
995
-121
60
-272
-78
4037
13992071
1045
-159
25
53
1313
3726
13993096
244
-78
65
134
1063
3769
13994121
-303
41
145
-103
30
4682
13995146
-451
153
47
-230
-178
5153
13996171
-313
192
-31
-302
94
4751
13997196
-129
143
-54
-395
399
4176
13998221
10
22
-39
-389
557
3775
13999246
164
-67
13
-318
362
4064
14000271
215
-60
49
-267
68
4691
13993088
136
-8
-6
-370
198
4823
13994113
55
-17
-67
-392
376
4124
13995138
68
-41
-46
-327
489
3786
13996163
45
-59
12
-290
458
4047
13997188
-8
-50
26
-320
112
4288
13998213
27
-23
-26
-405
173
4296
13999238
47
-9
-43
-442
287
4076
14000263
45
-4
-33
-383
470
3988
14001288
-19
0
-12
-381
379
4109
14002313
-43
-8
4
-360
167
4262
14003338
8
2
-21
-405
264
4305
14004363
52
9
-31
-388
406
4249
14005388
47
3
-9
-413
452
4155
14006413
-9
-27
-3
-383
428
4088
14007438
-53
-55
-1
-335
265
4094
14008463
59
-58
4
-287
255
4376
14001280
185
-45
6
-296
404
4511
14002305
103
-10
-13
-316
513
4368
14003330
-77
42
-24
-364
435
4257
14004355
-132
38
-23
-383
384
4118
14005380
-106
11
-24
-362
289
4116
14006405
-9
-15
-15
-371
242
4193
14007430
61
-40
-18
-378
344
4182
14008455
31
-44
-11
-338
360
4183
14009480
-34
-40
6
-341
332
4148
14010505
-22
-35
6
-343
294
4250
14011530
9
-31
1
-329
344
4306
14012555
-15
-12
-1
-326
351
4306
14013580
-28
0
4
-352
357
4184
14014605
4
-3
-1
-361
380
4164
14015630
1
4
-11
-342
381
4264
14016655
-23
11
-6
-362
315
4274
14009471
5
0
-4
-352
314
4195
14010496
37
-11
0
-343
403
4142
14011521
-2
-5
4
-332
351
4196
14012546
-6
1
5
-334
325
4288
14013571
-2
5
2
-350
389
4279
14014596
-11
4
1
-359
350
4183
14015621
3
-8
0
-354
356
4126
14016646
-7
-11
-14
-325
368
4167
14017671
-20
-4
-9
-319
333
4285
14018696
-34
6
1
-355
341
4299
14019721
-35
6
-9
-380
278
4173
14020746
-49
-4
-17
-351
287
4107
14021771
-67
-2
1
-359
232
4138
14022796
-84
15
12
-358
250
4180
14023821
-159
61
1
-342
223
4219
14024846
-211
104
-26
-382
211
4174
14017664
-160
108
-38
-365
248
4114
14018689
-68
90
-28
-359
348
4164
14019714
-29
68
-22
-334
447
4245
14020739
-46
64
-6
-353
388
4366
14021764
-70
63
-3
-431
354
4420
14022789
-61
45
-2
-455
295
4430
14023814
20
8
-2
-447
319
4312
14024839
84
-20
10
-410
361
4308
14025864
58
-19
24
-395
316
4373
14026889
18
0
19
-398
233
4354
14027914
44
6
9
-409
215
4263
14028939
71
2
9
-397
309
4185
14029964
37
7
22
-388
279
4165
14030989
33
14
29
-388
218
4251
14032014
52
12
26
-415
228
4226
14033039
56
5
16
-418
291
4123
14025856
55
-1
21
-388
308
4091
14026881
43
-1
18
-398
354
4149
14027906
2
3
11
-415
298
4144
14028931
-1
3
-3
-430
261
4130
14029956
19
0
-23
-416
289
4122
14030981
18
8
-50
-434
363
4116
14032006
-9
20
-88
-460
403
3988
14033031
-8
37
-104
-566
500
3713
14034056
57
90
-76
-760
445
3152
14035081
-244
275
-203
-792
1383
2499
14036106
-1076
599
233
-884
1222
3481
14037131
516
988
898
1262
-4280
10188
14038156
-676
599
-53
1231
135
8840
14039181
-1351
231
-607
-1904
-1091
1434
14040206
1769
-133
184
185
-151
3337
14041231
1014
-190
229
-1104
960
2676
14034048
-63
-852
231
-1042
2852
1874
14035073
-756
-792
503
-495
219
3396
14036098
-601
-727
256
-524
134
4511
14037123
-79
-698
-49
-344
314
5419
14038148
15
-669
-391
-698
631
4819
14039173
42
-630
-666
-565
1285
4313
14040198
38
-413
-652
28
284
4925
14041223
-115
-96
-428
-111
-944
5320
14042248
-184
115
-274
-578
-411
4811
14043273
-588
267
-398
-728
1219
3768
14044298
-963
246
-200
-990
3
2877
14045323
-10
-39
57
-528
-1278
2947
14046348
822
-161
115
-211
21
3669
14047373
826
-49
115
-286
344
4417
14048398
653
-22
151
-279
320
4741
14049423
263
40
140
-119
280
4549
14042240
-107
173
137
-150
375
4324
14043265
-361
229
102
-185
326
4327
14044290
-289
222
98
-161
81
4467
14045315
7
210
98
-213
118
4662
14046340
112
199
60
-259
314
4570
14047365
-5
169
38
-345
359
4156
14048390
-58
135
-13
-279
315
4191
14049415
25
110
12
-202
255
4412
14050440
76
100
11
-282
280
4323
14051465
86
74
-7
-326
327
4066
14052490
6
51
-10
-376
173
3917
14053515
-88
44
-5
-415
29
4015
14054540
-36
37
-18
-441
139
4253
14055565
-24
19
-19
-436
250
4159
14056590
-79
1
12
-485
55
4033
14057615
-103
-32
44
-466
90
4008
14050433
-89
-81
77
-445
-58
3965
14051458
40
-107
87
-354
28
4172
14052483
74
-60
103
-318
206
4537
14053508
-42
-5
83
-382
277
4546
14054533
-132
2
76
-354
139
4220
14055558
-68
-16
93
-363
74
4024
14056583
153
-54
126
-375
-72
4081
14057608
431
-73
141
-409
-55
4317
14058633
493
-96
143
-397
350
4489
14059658
86
-90
170
-328
494
4253
14060683
-348
-40
196
-289
448
4159
14061708
-457
-9
161
-226
367
4312
14062733
-310
13
98
-210
348
4465
14063758
-79
26
37
-250
304
4453
14064783
27
33
-52
-269
422
4305
14065808
-16
54
-121
-307
403
4193
14058625
-20
71
-163
-317
307
4251
14059650
13
71
-179
-335
190
4339
14060675
7
67
-177
-391
84
4303
14061700
-26
60
-152
-449
27
4165
14062725
-58
42
-104
-471
-34
4100
14063750
-20
23
-61
-455
7
4148
14064775
31
8
-16
-452
81
4191
14065800
13
0
15
-476
92
4210
14066825
-26
-15
35
-489
107
4143
14067850
-6
-33
29
-450
106
4159
14068875
40
-45
20
-396
253
4179
14069900
21
-36
19
-393
264
4228
14070925
-30
-31
12
-393
190
4212
14071950
-24
-37
8
-360
166
4205
14072975
9
-25
-3
-343
211
4288
14074000
-2
1
-11
-341
244
4365
14066816
-44
27
-5
-368
171
4368
14067841
-25
26
-8
-409
145
4272
14068866
25
11
-10
-395
168
4138
14069891
38
10
-12
-401
219
4161
14070916
-35
9
-2
-388
148
4210
14071941
-57
12
12
-401
18
4279
14072966
3
8
22
-407
69
4318
14073991
18
12
26
-453
96
4193
14075016
-2
0
39
-436
101
4179
14076041
-33
-32
88
-382
61
4139
14077066
-5
-50
105
-365
47
4192
14078091
21
-54
89
-328
205
4277
14079116
0
-42
78
-324
274
4263
14080141
-24
-34
50
-291
315
4262
14081166
-21
-22
22
-299
289
4270
14082191
26
-16
-13
-318
250
4288
14075011
42
-4
-49
-371
236
4310
14076036
28
-2
-70
-391
241
4274
14077061
6
3
-68
-399
174
4244
14078086
6
5
-68
-407
115
4258
14079111
40
6
-62
-415
107
4296
14080136
72
-4
-38
-411
114
4268
14081161
61
-15
-7
-423
135
4164
14082186
45
-22
22
-381
174
4101
14083211
36
-11
61
-352
91
4193
14084236
9
25
107
-389
-45
4368
14085261
-36
49
106
-441
93
4387
14086286
-85
59
80
-440
168
4256
14087311
-32
33
77
-415
226
4120
14088336
56
1
61
-392
326
4149
14089361
95
-25
37
-339
368
4198
14090386
83
-31
14
-330
287
4200
14083200
90
-27
-12
-316
298
4243
14084225
67
-17
-24
-326
251
4281
14085250
47
-11
-28
-340
184
4258
14086275
64
1
-32
-367
200
4235
14087300
67
8
-36
-386
277
4215
14088325
65
13
-31
-418
290
4280
14089350
93
12
-13
-545
281
4210
14090375
116
-41
21
-810
462
3273
14091400
73
-129
156
-753
979
1690
14092425
161
126
594
212
-502
4044
14093450
877
718
1126
-709
-2889
7507
14094475
1661
910
415
2414
152
10574
14095500
-2190
963
-400
-1562
2011
4296
14096525
-2481
381
-761
-1586
2164
102
14097550
139
273
-214
-382
990
3193
14098575
935
-248
-432
-774
770
3063
14091392
1004
-651
-433
-701
1214
3146
14092417
-23
-493
-335
-683
-133
3844
14093442
-365
-432
-314
-430
-928
4165
14094467
257
-439
-130
-395
-532
4705
14095492
447
-328
34
-373
-519
5712
14096517
-40
-147
16
-423
200
5613
14097542
-701
15
-172
-596
922
3873
14098567
-374
-14
-55
-464
41
3326
14099592
527
9
180
-98
-100
5485
14100617
89
30
269
-801
1629
4614
14101642
-435
-46
360
-1287
-1184
2136
14102667
25
-181
5
-399
86
2548
14103692
-189
78
148
-186
686
5145
14104717
-41
56
251
-512
-345
5275
14105742
482
-90
63
-206
-53
4511
14106767
612
-11
49
-320
889
3965
14099583
-26
8
30
-218
1125
3437
14100608
-412
75
111
-206
65
4052
14101633
-116
118
90
-401
-203
5076
14102658
174
121
-16
-498
59
4835
14103683
168
90
-81
-518
503
3993
14104708
-19
32
-66
-409
428
3553
14105733
1
-14
7
-294
421
4059
14106758
-61
-2
28
-377
156
4543
14107783
-43
12
-24
-478
-58
4532
14108808
142
-45
-62
-505
257
4078
14109833
162
-87
-48
-408
491
3837
14110858
49
-76
-2
-377
401
4128
14111883
-46
-61
-2
-412
195
4343
14112908
16
-67
-38
-400
105
4362
14113933
100
-82
-48
-401
307
4123
14114958
52
-65
-53
-439
421
4082
14107776
-10
-54
-48
-435
325
4210
14108801
-30
-59
-56
-428
253
4284
14109826
-48
-70
-55
-404
223
4197
14110851
-32
-75
-53
-432
209
4221
14111876
-2
-70
-49
-423
303
4285
14112901
-54
-49
-54
-442
397
4217
14113926
-169
-39
-59
-407
463
4074
14114951
-286
-35
-21
-370
309
4147
14115976
-327
-10
21
-425
-123
4384
14117001
-150
4
1
-462
-140
4638
14118026
68
-12
-14
-438
134
4478
14119051
163
-31
18
-388
382
4234
14120076
167
-41
62
-363
375
4177
14121101
148
-34
67
-308
379
4316
14122126
64
-1
45
-309
330
4385
14123151
65
10
29
-369
272
4296
14115968
121
-9
13
-378
356
4138
14116993
115
-18
0
-351
347
4099
14118018
65
-9
5
-330
309
4186
14119043
-24
14
12
-379
184
4175
14120068
-13
17
0
-394
127
4135
14121093
76
8
3
-384
244
4182
14122118
45
12
11
-389
339
4163
14123143
-35
26
19
-404
284
4141
14124168
-58
20
20
-411
256
4141
14125193
-28
5
5
-393
258
4121
14126218
-14
2
-12
-359
341
4191
14127243
-54
16
-3
-374
293
4289
14128268
-66
20
2
-394
196
4287
14129293
-4
7
-10
-417
252
4227
14130318
20
-13
-19
-375
311
4168
14131343
6
-8
-6
-357
314
4286
14124160
-25
6
7
-381
244
4359
14125185
-18
4
2
-395
230
4272
14126210
17
-7
3
-375
285
4207
14127235
28
-10
20
-389
269
4218
14128260
25
-17
21
-396
233
4242
14129285
42
-16
12
-363
279
4282
14130310
32
-10
23
-371
305
4265
14131335
-8
-1
32
-401
298
4217
14132360
-34
-1
17
-411
261
4210
14133385
7
-9
-5
-392
256
4240
14134410
45
-21
-12
-377
349
4198
14135435
19
-21
-4
-354
325
4155
14136460
2
-14
10
-355
226
4230
14137485
0
-3
6
-359
223
4259
14138510
-12
7
-4
-369
301
4201
14139535
-19
5
6
-381
308
4137
14132352
6
-7
19
-379
265
4162
14133377
18
-8
13
-376
293
4241
14134402
-10
7
-7
-402
315
4275
14135427
-19
8
-13
-415
307
4244
14136452
4
0
0
-403
242
4263
14137477
31
-15
6
-363
253
4259
14138502
31
-8
6
-371
241
4292
14139527
31
-4
5
-386
318
4317
14140552
23
-8
14
-394
289
4244
14141577
49
-18
13
-370
320
4165
14142602
47
-15
0
-361
391
4195
14143627
19
-13
0
-364
343
4225
14144652
3
-15
2
-382
310
4205
14145677
2
-15
-7
-382
264
4193
14146702
19
-14
-19
-368
316
4171
14147727
-3
-7
-12
-383
346
4153
14140544
-27
-4
14
-377
280
4261
14141569
-19
12
31
-389
310
4334
14142594
-41
34
26
-432
380
4289
14143619
-97
32
22
-423
374
4175
14144644
-126
7
50
-412
189
4029
14145669
-81
-34
40
-363
40
4053
14146694
15
-31
-16
-331
329
4300
14147719
-4
7
-25
-334
353
4386
14148744
-92
29
-30
-390
271
4230
14149769
-94
33
-46
-397
128
4094
14150794
25
19
-48
-526
346
4153
14151819
16
2
-58
-858
374
3673
14152844
-1
60
-49
-718
394
3050
14153869
1256
-68
134
136
-1046
3552
14154894
1631
134
396
-511
1009
5822
14155919
-996
759
653
882
253
7363
14148736
-1986
741
573
-163
-2583
6292
14149761
-373
242
112
-1375
2278
2912
14150786
1158
467
254
-184
-192
4679
14151811
750
301
-58
-1212
2044
3192
14152836
152
-214
13
-1102
1829
1215
14153861
-110
-272
119
-210
178
3233
14154886
-510
-107
18
-437
639
5030
14155911
-325
-123
-45
-356
49
4850
14156936
17
-153
-131
-518
224
4020
14157961
-203
-122
-232
-502
1535
3231
14158986
-343
-7
17
-58
147
4758
14160011
-831
122
87
-356
-165
5382
14161036
-1089
153
10
-507
-129
4900
14162061
-784
145
39
-701
-1299
4060
14163086
305
16
50
-971
-472
4213
14164111
484
-83
63
-758
1442
4519
14156928
-801
80
308
-1160
-413
3255
14157953
-186
-90
163
-975
-1134
3302
14158978
509
-226
106
-355
648
4148
14160003
287
-144
182
-359
567
4512
14161028
155
-151
200
-389
275
4237
14162053
212
-161
175
-248
201
4121
14163078
224
-131
115
-226
394
4225
14164103
75
-77
37
-266
326
4204
14165128
108
-41
-15
-299
294
4454
14166153
196
-6
-48
-411
233
4616
14167178
168
24
-62
-449
88
4383
14168203
69
53
-81
-520
125
4044
14169228
75
49
-96
-467
262
4076
14170253
80
39
-67
-435
284
4184
14171278
91
60
-8
-466
76
4363
14172303
88
78
6
-588
88
4335
14165119
74
71
-23
-627
234
3990
14166144
69
53
-33
-522
487
4009
14167169
17
55
7
-564
361
4233
14168194
40
25
17
-552
173
4338
14169219
128
1
-11
-535
125
4242
14170244
298
-23
-39
-507
258
4155
14171269
366
-16
-47
-489
498
4255
14172294
228
20
-46
-465
512
4376
14173319
39
54
-65
-424
406
4322
14174344
-32
79
-90
-452
358
4124
14175369
-2
79
-90
-456
328
4153
14176394
17
75
-76
-472
346
4301
14177419
-14
74
-76
-500
364
4302
14178444
-12
51
-82
-541
306
4107
14179469
49
-3
-64
-552
359
4036
14180494
62
-33
-27
-578
325
4179
14173312
88
-49
4
-590
367
4263
14174337
84
-48
14
-607
363
4198
14175362
61
-36
15
-603
346
4232
14176387
79
-27
16
-617
324
4259
14177412
180
-11
10
-581
394
4329
14178437
187
22
-10
-545
501
4301
14179462
30
63
-40
-523
531
4190
14180487
-87
84
-49
-511
395
4043
14181512
-21
72
-49
-533
420
4080
14182537
45
56
-56
-520
473
4189
14183562
25
46
-57
-547
427
4177
14184587
-10
21
-54
-571
403
4112
14185612
-9
-16
-39
-582
402
4044
14186637
9
-51
-29
-568
438
4066
14187662
-14
-76
-17
-541
431
4122
14188687
-53
-87
-6
-566
336
4184
14181504
-18
-105
-6
-586
305
4168
14182529
39
-117
-17
-554
415
4133
14183554
24
-109
-31
-517
421
4145
14184579
-28
-80
-39
-490
451
4259
14185604
-103
-39
-25
-542
330
4279
14186629
-72
-21
-19
-540
299
4194
14187654
-6
-6
-32
-537
439
4161
14188679
-11
13
-52
-552
515
4191
14189704
-48
12
-52
-555
411
4229
14190729
-23
0
-46
-544
328
4252
14191754
25
-14
-39
-552
394
4196
14192779
34
-23
-45
-550
449
4118
14193804
18
-24
-39
-535
465
4186
14194829
-55
-15
-5
-586
374
4222
14195854
-74
-20
20
-606
308
4232
14196879
-6
-50
33
-575
315
4177
14189696
56
-68
42
-548
388
4146
14190721
6
-53
48
-541
433
4205
14191746
-82
-37
55
-521
365
4222
14192771
-75
-37
50
-472
330
4165
14193796
1
-39
23
-413
438
4144
14194821
-13
-23
8
-392
432
4232
14195846
-64
1
12
-420
342
4297
14196871
-77
17
5
-450
292
4237
14197896
-55
22
-8
-479
314
4198
14198921
-20
17
-18
-445
332
4275
14199946
-5
16
-21
-461
387
4268
14200971
-54
26
-26
-511
348
4185
14201996
-75
35
-26
-597
321
4212
14203021
-25
3
-25
-565
309
4172
14204046
38
-26
-21
-510
382
4185
14205071
14
-20
-4
-493
371
4214
14197888
-53
6
0
-545
332
4222
14198913
-65
12
-1
-515
303
4193
14199938
-27
-3
11
-495
336
4153
14200963
15
-20
19
-455
387
4170
14201988
18
-21
32
-475
391
4153
14203013
-23
-21
34
-484
396
4111
14204038
-52
-20
27
-453
288
4128
14205063
-22
-7
6
-508
283
4203
14206088
-35
8
-32
-573
352
4246
14207113
-66
16
-51
-557
310
4240
14208138
-21
13
-45
-503
242
4247
14209163
25
34
-52
-515
268
4326
14210188
-28
73
-72
-584
346
4292
14211213
-134
89
-59
-640
275
4217
14212238
-78
43
-4
-566
208
4258
14213263
106
-6
10
-473
332
4189
14206080
154
7
-24
-502
576
4254
14207105
-4
49
-48
-524
532
4320
14208130
-76
76
-37
-545
324
4316
14209155
-16
84
-40
-579
249
4265
14210180
40
93
-53
-640
280
4156
14211205
116
92
-56
-685
279
4034
14212230
113
77
-32
-659
321
4043
14213255
50
65
7
-665
239
4169
14214280
138
61
27
-640
100
4429
14215305
271
37
17
-657
498
4449
14216330
173
9
51
-646
483
4155
14217355
99
-30
113
-654
282
3885
14218380
110
-61
101
-641
388
4017
14219405
184
-91
82
-556
422
4221
14220430
228
-89
105
-635
465
4345
14221455
159
-98
156
-1131
480
3735
14214271
-167
-123
120
-1128
1115
2687
14215296
-423
-69
346
-24
468
2330
14216321
776
194
1107
-375
-3545
5512
14217346
-591
320
315
2373
2031
11633
14218371
-5349
762
204
-2042
2529
2101
14219396
-489
413
444
-503
-4196
4211
14220421
2382
219
-86
-956
1152
3987
14221446
794
-112
-254
-1570
3064
2465
14222471
-688
-140
64
-538
1010
2561
14223496
-416
36
313
-658
-1068
3809
14224521
46
-5
93
-544
233
4848
14225546
-123
124
-38
-467
0
5626
14226571
-189
72
-190
-592
538
4661
14227596
163
5
-330
-421
390
4138
14228621
831
35
-59
-198
-1324
5613
14229646
547
115
13
-1037
932
4366
14222464
-327
150
226
-1954
-485
2557
14223489
-879
134
-449
-1001
2844
2905
14224514
-1446
119
-91
55
396
3417
14225539
-571
178
326
-1174
-2223
3808
14226564
603
-72
-109
-705
-305
4386
14227589
850
-87
-63
-410
268
4515
14228614
667
-21
-3
-606
525
4426
14229639
21
27
-27
-641
352
4258
14230664
-423
51
-15
-705
13
4105
14231689
-369
21
-17
-704
-143
4050
14232714
36
-32
-30
-705
-26
4101
14233739
256
-71
-81
-672
288
4212
14234764
143
-31
-95
-657
135
4298
14235789
-57
8
-138
-745
119
4213
14236814
-145
-19
-172
-714
108
4067
14237839
-93
-50
-160
-663
84
4053
14230657
-3
-62
-143
-641
61
4205
14231682
21
-53
-106
-718
-97
4308
14232707
-32
-37
-92
-791
-37
4384
14233732
-109
-25
-78
-833
55
4303
14234757
-93
-50
-56
-804
3
4201
14235782
-21
-75
-18
-739
56
4258
14236807
12
-80
41
-735
-38
4310
14237832
45
-66
54
-740
-147
4400
14238857
63
-30
31
-748
100
4452
14239882
34
-2
13
-744
162
4321
14240907
27
-1
21
-723
172
4237
14241932
7
-3
36
-709
70
4240
14242957
40
1
34
-708
4
4257
14243982
65
13
12
-732
113
4257
14245007
49
9
13
-736
116
4141
14246032
47
-6
17
-695
211
4068
14238848
16
-13
34
-664
99
4120
14239873
15
-13
44
-669
-60
4250
14240898
54
-16
31
-686
33
4256
14241923
45
-14
17
-686
157
4171
14242948
15
-7
23
-666
151
4125
14243973
20
-7
28
-684
87
4130
14244998
35
-18
18
-660
101
4154
14246023
-16
-15
20
-679
64
4205
14247048
-48
-4
24
-703
-14
4289
14248073
15
-5
2
-677
60
4297
14249098
51
-14
3
-663
145
4205
14250123
7
-12
9
-678
163
4177
14251148
-14
-16
10
-665
162
4219
14252173
12
-16
2
-668
114
4272
14253198
40
-13
-5
-674
135
4287
14254223
29
-13
-11
-696
150
4209
14247040
23
-13
-16
-676
173
4190
14248065
34
-7
-17
-674
192
4278
14249090
62
-11
-9
-687
74
4302
14250115
114
-17
-14
-692
101
4217
14251140
143
-9
-32
-710
208
4114
14252165
137
2
-32
-690
237
4173
14253190
126
12
-10
-688
50
4238
14254215
158
10
1
-716
69
4291
14255240
105
7
-5
-726
125
4199
14256265
47
3
-7
-683
182
4049
14257290
13
8
14
-696
195
4090
14258315
-22
-2
37
-716
133
4165
14259340
-4
-28
48
-705
132
4213
14260365
23
-47
45
-698
193
4209
14261390
22
-59
44
-695
277
4142
14262415
4
-57
48
-674
277
4154
14255232
-8
-50
51
-669
229
4282
14256257
-7
-52
44
-669
155
4246
14257282
18
-48
32
-666
160
4181
14258307
36
-30
26
-655
178
4240
14259332
29
-8
25
-653
246
4273
14260357
4
12
19
-657
167
4275
14261382
5
22
13
-661
154
4237
14262407
14
23
7
-679
172
4202
14263432
17
14
-4
-670
195
4192
14264457
31
-5
-7
-645
238
4168
14265482
32
-9
-5
-621
221
4186
14266507
31
-7
-7
-612
243
4213
14267532
14
-11
-11
-625
254
4190
14268557
7
-20
-20
-630
234
4149
14269582
20
-30
-35
-640
264
4125
14270607
25
-28
-59
-635
250
4143
14263423
10
-21
-79
-627
279
4144
14264448
-8
-18
-79
-639
297
4150
14265473
-1
-20
-62
-646
227
4242
14266498
2
-14
-30
-673
115
4257
14267523
3
-3
-7
-717
172
4246
14268548
19
0
10
-742
208
4244
14269573
25
0
28
-743
264
4208
14270598
-12
13
28
-758
284
4220
14271623
-18
2
33
-715
247
4179
14272648
16
-9
54
-733
239
4163
14273673
27
-18
51
-768
337
4153
14274698
1
-19
67
-1132
420
4131
14275723
219
-154
106
-1465
-210
2910
14276748
931
-461
-70
-235
158
1535
14277773
1032
-300
75
-198
397
3229
14278798
808
318
715
-804
634
8107
14271617
-1948
819
464
1978
-1257
10241
14272642
-3875
740
-4
-2264
1826
992
14273667
-73
353
314
-585
-781
4258
14274692
1662
386
-38
-428
25
4944
14275717
1252
-93
-247
-1374
1569
2809
14276742
-314
-226
-218
-876
1511
1812
14277767
-820
-20
-112
-603
227
3334
14278792
-390
-89
-181
-432
-154
5318
14279817
-103
-201
-266
-422
-554
6034
14280842
93
-181
-367
-729
283
4655
14281867
275
-219
-274
-767
271
2868
14282892
487
-213
106
-702
-1195
4123
14283917
391
-198
144
-787
240
4741
14284942
-183
-46
-16
-1079
455
4320
14285967
-431
-65
-97
-1020
233
3464
14286992
-68
-185
-3
-672
244
3479
14279809
424
-228
107
-399
146
4163
14280834
547
-155
114
-477
18
4584
14281859
551
-96
20
-559
322
4544
14282884
383
-55
-27
-562
746
4242
14283909
-29
-6
-12
-569
655
4032
14284934
-250
20
25
-558
169
4115
14285959
-102
26
37
-588
-22
4289
14286984
102
35
-2
-620
246
4419
14288009
52
28
-2
-671
310
4274
14289034
-82
15
8
-687
324
4102
14290059
-117
19
31
-675
189
4090
14291084
-12
17
25
-649
243
4186
14292109
30
-10
11
-598
338
4223
14293134
-25
-20
29
-604
274
4134
14294159
-66
-27
68
-618
117
4109
14295184
-49
-24
78
-606
62
4239
14288001
42
-12
32
-582
446
4275
14289026
12
-15
39
-578
428
4198
14290051
-89
-9
58
-609
245
4153
14291076
-101
3
49
-641
70
4277
14292101
11
-5
10
-640
209
4287
14293126
85
-18
-11
-613
428
4219
14294151
-26
2
-1
-576
262
4206
14295176
-95
19
23
-621
160
4236
14296201
-70
10
2
-633
109
4200
14297226
65
-9
-15
-559
272
4245
14298251
94
10
7
-573
438
4330
14299276
-45
35
32
-626
258
4208
14300301
-110
45
23
-650
198
4118
14301326
-52
24
12
-648
251
4077
14302351
31
-4
8
-624
361
4095
14303376
3
-2
5
-642
314
4193
14296192
-34
1
2
-657
173
4201
14297217
-10
1
-7
-663
122
4171
14298242
14
-3
-33
-622
322
4155
14299267
-23
3
-26
-583
367
4187
14300292
-79
23
4
-622
128
4295
14301317
-64
27
2
-669
79
4293
14302342
-39
20
-24
-668
180
4175
14303367
-13
11
-35
-633
339
4102
14304392
-36
0
-14
-604
301
4149
14305417
-100
5
-5
-609
155
4269
14306442
-69
-4
-8
-620
145
4259
14307467
-6
-25
-17
-594
254
4195
14308492
-6
-28
-21
-586
318
4192
14309517
-32
-26
-12
-624
265
4218
14310542
-18
-43
4
-637
232
4221
14311567
11
-51
9
-634
226
4279
14304383
20
-49
9
-641
248
4289
14305408
6
-36
-3
-679
173
4260
14306433
12
-25
-12
-669
195
4235
14307458
5
-12
-1
-660
177
4208
14308483
17
-11
6
-649
163
4195
14309508
13
-10
16
-638
105
4180
14310533
20
6
28
-653
124
4210
14311558
13
16
41
-662
180
4191
14312583
12
16
47
-643
221
4160
14313608
15
17
49
-633
230
4186
14314633
14
12
52
-618
190
4169
14315658
2
14
47
-638
204
4157
14316683
6
14
32
-616
215
4206
14317708
38
13
19
-599
296
4236
14318733
7
15
11
-594
234
4211
14319758
-37
19
2
-598
171
4209
14312576
-8
6
-10
-573
164
4257
14313601
39
-4
-18
-542
246
4235
14314626
16
6
-12
-578
263
4207
14315651
-47
14
2
-610
192
4206
14316676
-50
7
12
-652
162
4175
14317701
3
-22
-2
-649
199
4114
14318726
49
-42
-15
-613
335
4113
14319751
0
-37
-9
-610
294
4134
14320776
-68
-21
1
-610
149
4205
14321801
-93
-7
2
-634
124
4238
14322826
-54
-12
6
-653
38
4218
14323851
6
-23
3
-647
255
4234
14324876
2
-21
11
-647
297
4217
14325901
-27
-14
12
-641
211
4226
14326926
-24
-4
0
-639
230
4252
14327951
-13
4
-8
-638
196
4282
14320768
15
0
-13
-641
214
4265
14321793
42
-5
-14
-620
242
4232
14322818
27
3
-12
-621
224
4233
14323843
32
12
-10
-602
191
4274
14324868
66
14
-15
-593
230
4253
14325893
66
20
-25
-597
280
4220
14326918
27
28
-37
-597
257
4214
14327943
20
32
-42
-615
213
4229
14328968
32
19
-35
-630
155
4209
14329993
39
10
-30
-630
172
4191
14331018
25
3
-21
-634
206
4164
14332043
10
-2
-16
-640
221
4160
14333068
-2
-11
-10
-646
209
4162
14334093
6
-31
-3
-643
187
4156
14335118
28
-53
-10
-616
196
4132
14336143
19
-58
-22
-590
223
4179
14329126
-13
-50
-24
-610
235
4238
14330151
-36
-43
-23
-621
191
4267
14331176
-21
-49
-31
-585
157
4252
14332201
10
-49
-48
-564
237
4238
14333226
1
-38
-56
-570
294
4212
14334251
-25
-30
-48
-588
258
4183
14335276
-32
-28
-43
-631
221
4151
14336301
-7
-34
-51
-652
240
4132
14337326
18
-40
-46
-669
328
4191
14338351
-23
-46
-17
-750
268
4148
14339376
14
-69
-17
-660
157
4086
14340401
113
-63
-1
-598
177
4154
14341426
143
-47
2
-652
201
4143
14342451
89
-27
-18
-609
381
4242
14343476
-46
29
-28
-575
447
4343
14344501
-63
58
-5
-563
177
4354
14337152
36
83
7
-612
77
4378
14338177
55
100
1
-643
286
4312
14339202
-35
109
4
-648
297
4200
14340227
-86
104
23
-649
246
4195
14341252
-91
83
41
-634
120
4238
14342277
-73
80
47
-624
64
4405
14343302
-70
63
5
-693
256
4291
14344327
-71
21
-41
-648
405
3869
14345352
-34
-42
-15
-546
376
3744
14346377
27
-88
14
-505
167
4115
14347402
67
-97
-10
-531
65
4379
14348427
44
-70
-41
-549
110
4383
14349452
97
-47
-23
-622
84
4171
14350477
129
-66
-34
-591
408
4133
14351502
-131
-31
-41
-545
339
4061
14352527
-181
-4
-7
-593
-6
4242
14345344
-32
-18
6
-792
-9
4422
14346369
119
-58
4
-1043
183
3612
14347394
233
-180
4
-1025
1203
1052
14348419
1007
-52
559
-447
-52
2392
14349444
1693
640
1444
226
-2207
11844
14350469
-2793
1343
267
1444
2076
9829
14351494
-3257
804
-343
-3333
-554
350
14352519
2294
-104
-214
-164
1531
1988
14353544
1515
349
15
-761
1703
3907
14354569
-310
160
-264
-1081
705
3929
14355594
-512
-93
-356
-1085
571
2624
14356619
-116
-224
-313
-1058
387
2636
14357644
41
-296
-279
-415
43
4306
14358669
-258
-183
-151
-260
-475
5806
14359694
-567
-54
-115
-720
-565
5374
14360719
-536
-49
-221
-985
-195
3702
14353535
137
-124
-166
-657
-264
3943
14354560
512
-129
47
-652
8
4910
14355585
167
-34
74
-1088
235
4519
14356610
-217
-83
42
-1328
-573
3329
14357635
-123
-182
22
-1286
-3
3149
14358660
317
-277
-74
-604
1494
3866
14359685
185
-287
198
-244
-24
4177
14360710
426
-237
241
-515
-494
4516
14361735
396
-231
78
-540
499
4482
14362760
-75
-146
-15
-365
778
4127
14363785
-269
-48
15
-370
636
4242
14364810
-265
-34
65
-487
167
4408
14365835
-238
-38
56
-657
-362
4202
14366860
20
-56
-26
-737
-103
4179
14367885
247
-51
-72
-661
447
4336
14368910
199
9
-49
-634
522
4488
14361729
-71
49
-9
-672
209
4418
14362754
-209
53
-23
-730
-38
4116
14363779
-59
-10
-50
-651
170
3951
14364804
145
-50
0
-545
369
4078
14365829
114
-7
41
-615
361
4483
14366854
-155
28
41
-706
46
4403
14367879
-133
5
30
-722
56
4087
14368904
64
-31
34
-654
193
4040
14369929
190
-54
56
-606
288
4189
14370954
91
-29
46
-619
245
4322
14371979
-74
14
10
-628
99
4258
14373004
-61
18
2
-567
195
4134
14374029
5
28
33
-543
135
4175
14375054
24
31
25
-565
134
4326
14376079
-57
54
3
-582
131
4367
14377104
-54
43
-19
-639
158
4180
14369921
12
16
-26
-604
243
4103
14370946
32
-6
-21
-588
273
4087
14371971
52
-25
-32
-551
211
4193
14372996
33
-26
-27
-550
218
4267
14374021
0
-19
-26
-604
132
4242
14375046
15
-17
-47
-585
271
4228
14376071
-7
-10
-50
-608
239
4224
14377096
-34
-5
-43
-611
160
4229
14378121
-22
-5
-28
-661
128
4220
14379146
38
-25
-20
-656
165
4192
14380171
64
-29
-13
-656
281
4213
14381196
-12
-18
-20
-661
250
4179
14382221
-44
-10
-11
-642
133
4187
14383246
23
-25
17
-656
89
4190
14384271
94
-49
30
-650
108
4163
14385296
133
-34
2
-617
220
4141
14378112
263
-4
-16
-600
475
4329
14379137
101
12
8
-594
452
4429
14380162
-93
58
26
-684
157
4229
14381187
-42
37
11
-682
243
4025
14382212
40
5
20
-637
222
4028
14383237
90
-5
23
-636
298
4226
14384262
22
-6
28
-625
273
4309
14385287
-68
5
41
-612
182
4216
14386312
-43
1
44
-614
223
4145
14387337
6
-8
29
-588
284
4162
14388362
29
-2
13
-569
322
4265
14389387
21
3
5
-595
271
4293
14390412
-18
15
-1
-608
219
4197
14391437
-20
22
-9
-625
240
4135
14392462
3
13
-18
-625
251
4131
14393487
10
1
-18
-607
306
4164
14386304
-38
-3
-10
-620
225
4193
14387329
-50
-2
-6
-620
152
4226
14388354
-17
-4
-6
-632
214
4242
14389379
-15
-8
-9
-633
284
4213
14390404
-25
-13
-4
-622
318
4198
14391429
-38
-16
7
-624
275
4200
14392454
-37
-18
10
-637
205
4224
14393479
-5
-10
2
-637
210
4264
14394504
33
-3
-7
-650
284
4256
14395529
26
-5
-4
-642
291
4223
14396554
-1
-8
15
-631
179
4190
14397579
22
-9
28
-651
141
4204
14398604
59
-19
16
-639
203
4265
14399629
52
-9
-7
-600
322
4279
14400654
44
11
-7
-616
387
4242
14401679
-23
12
18
-625
238
4164
14394495
-25
7
32
-645
120
4189
14395520
51
-5
22
-642
194
4263
14396545
64
-10
-3
-643
356
4238
14397570
3
-4
-6
-626
335
4159
14398595
-27
0
11
-628
233
4169
14399620
-13
-12
14
-625
177
4162
14400645
32
-20
1
-595
247
4190
14401670
45
-16
5
-602
318
4237
14402695
-3
-11
24
-614
254
4214
14403720
-35
-11
24
-632
148
4154
14404745
29
-21
-3
-598
242
4143
14405770
82
-24
-22
-571
412
4186
14406795
11
-4
-19
-577
398
4239
14407820
-70
15
-7
-602
201
4229
14408845
-44
17
-14
-651
139
4170
14409870
20
2
-24
-651
206
4147
14402688
29
-11
-20
-630
290
4156
14403713
-4
-12
-4
-595
300
4227
14404738
-42
3
13
-605
196
4293
14405763
-27
4
11
-641
238
4238
14406788
-3
-8
1
-637
302
4176
14407813
14
-22
3
-604
358
4196
14408838
12
-28
6
-607
321
4242
14409863
6
-30
2
-607
277
4244
14410888
11
-27
0
-622
257
4215
14411913
29
-27
2
-628
280
4205
14412938
38
-26
0
-624
279
4197
14413963
50
-24
3
-620
271
4202
14414988
38
-9
1
-602
261
4257
14416013
3
14
-1
-638
232
4264
14417038
12
20
-12
-647
274
4178
14418063
9
14
-10
-642
291
4085
14410880
-8
7
-2
-634
251
4099
14411905
-21
6
4
-618
239
4180
14412930
-32
9
-4
-627
226
4186
14413955
-1
1
-7
-621
225
4165
14414980
-30
-3
-7
-615
273
4188
14416005
-109
14
-4
-650
258
4286
14417030
-78
-3
6
-663
277
4166
14418055
-5
-49
30
-625
254
3943
14419080
41
-73
48
-580
237
4079
14420105
25
-62
54
-541
358
4272
14421130
-21
-26
72
-574
215
4416
14422155
-43
-12
60
-691
206
4300
14423180
-8
-31
21
-929
515
3825
14424205
20
-81
-13
-962
784
2979
14425230
512
-30
201
-221
-451
3540
14426255
1763
266
591
-603
-838
5828
14419072
760
428
463
309
1930
6656
14420097
-2920
744
287
88
617
5255
14421122
-2676
486
323
-1774
-1049
3293
14422147
509
280
40
-155
-660
5027
14423172
1061
353
-217
-995
1125
4613
14424197
-15
72
-401
-1567
2290
1162
14425222
46
-181
9
-506
400
2130
14426247
-284
-66
19
-587
-262
4672
14427272
-547
-53
-204
-652
121
5065
14428297
-201
-59
-215
-620
-821
4457
14429322
315
-77
-250
-769
-333
4092
14430347
173
-107
-389
-773
446
4075
14431372
-124
-115
-383
-521
472
4404
14432397
-149
-94
-284
-485
-252
4568
14433422
311
-75
-14
-911
-649
4521
14434447
311
-69
18
-1052
660
4365
14427265
-452
36
-58
-1321
1023
3826
14428290
-211
-146
85
-1164
-661
3119
14429315
539
-401
116
-512
-228
3616
14430340
520
-251
85
-624
385
4395
14431365
384
-180
103
-602
294
4681
14432390
245
-176
100
-383
419
4559
14433415
44
-65
70
-453
460
4211
14434440
-179
-5
54
-474
421
4240
14435465
-342
37
53
-574
-19
4365
14436490
-135
43
30
-665
2
4461
14437515
40
37
-11
-722
348
4364
14438540
83
16
-41
-693
397
4087
14439565
84
2
-35
-619
361
4042
14440590
17
5
-5
-629
122
4176
14441615
47
11
-1
-657
-5
4358
14442640
105
25
-14
-669
221
4416
14435456
67
29
-18
-685
319
4148
14436481
52
1
-3
-642
264
4019
14437506
65
7
33
-646
191
4235
14438531
35
18
11
-685
177
4262
14439556
48
17
-21
-649
316
4147
14440581
71
-4
-3
-646
327
4017
14441606
50
-29
28
-609
279
4040
14442631
-24
6
32
-631
123
4312
14443656
-45
39
22
-674
95
4412
14444681
-38
44
-7
-691
305
4227
14445706
-38
23
3
-663
286
4044
14446731
-24
-2
35
-641
266
4084
14447756
1
-1
31
-665
212
4263
14448781
28
-4
4
-649
289
4330
14449806
8
-1
4
-649
304
4207
14450831
-9
2
4
-638
279
4152
14443647
-40
0
7
-663
234
4140
14444672
-32
-7
6
-675
194
4186
14445697
18
-21
4
-667
242
4234
14446722
35
-26
5
-662
306
4229
14447747
-7
-13
-1
-655
291
4190
14448772
-27
-9
3
-674
192
4200
14449797
-8
-25
13
-665
217
4187
14450822
16
-29
18
-668
241
4203
14451847
32
-27
7
-649
295
4183
14452872
21
-14
-8
-647
310
4205
14453897
-10
0
-6
-648
243
4249
14454922
-13
1
0
-673
220
4156
14455947
19
-7
-10
-661
223
4163
14456972
35
-14
-14
-653
293
4172
14457997
10
-2
-8
-650
257
4249
14459022
-22
8
7
-663
183
4255
14451841
-6
-2
4
-653
218
4184
14452866
32
-6
2
-622
261
4200
14453891
14
5
11
-647
314
4252
14454916
-43
13
23
-655
228
4256
14455941
-26
13
19
-669
235
4228
14456966
24
3
2
-671
300
4153
14457991
50
-8
-13
-648
355
4129
14459016
8
-12
-9
-634
336
4177
14460041
-26
-11
5
-641
207
4221
14461066
-5
-12
3
-674
185
4200
14462091
20
-13
-14
-662
241
4170
14463116
41
-8
-4
-622
256
4179
14464141
24
6
29
-626
225
4243
14465166
-1
25
38
-685
211
4275
14466191
8
24
17
-712
227
4206
14467216
43
19
-2
-680
333
4143
14460033
32
15
5
-666
346
4139
14461058
14
1
24
-649
276
4152
14462083
9
-6
21
-650
250
4170
14463108
19
-2
-1
-653
308
4220
14464133
4
0
-4
-663
323
4211
14465158
-11
-7
5
-659
306
4174
14466183
-15
-19
10
-636
249
4177
14467208
23
-25
12
-620
248
4214
14468233
32
-19
9
-638
311
4249
14469258
-22
-6
14
-656
282
4199
14470283
-31
-5
17
-672
257
4122
14471308
-9
-19
13
-677
293
4102
14472333
7
-26
13
-675
286
4172
14473358
9
-29
12
-687
277
4226
14474383
-17
-17
2
-680
271
4209
14475408
-28
-1
-7
-674
250
4236
14468280
-19
-1
-6
-659
257
4207
14469305
6
-6
5
-648
252
4251
14470330
11
-4
12
-631
292
4277
14471355
-5
9
8
-641
299
4238
14472380
-12
22
-4
-632
318
4211
14473405
-2
15
-2
-642
290
4217
14474430
20
-1
4
-635
259
4224
14475455
38
-8
-1
-654
281
4194
14476480
21
-4
-8
-645
293
4184
14477505
2
2
-3
-656
284
4190
14478530
-1
-5
5
-655
241
4193
14479555
5
-12
4
-656
247
4153
14480580
12
-13
-2
-650
273
4161
14481605
16
-13
3
-639
268
4199
14482630
9
-13
16
-642
290
4202
14483655
-13
-6
27
-653
224
4181
14476416
-4
-2
14
-662
250
4179
14477441
25
-7
9
-641
298
4200
14478466
44
-6
21
-624
321
4194
14479491
2
-1
25
-635
285
4170
14480516
-30
15
27
-645
217
4237
14481541
-18
18
38
-690
241
4231
14482566
8
10
50
-681
269
4196
14483591
3
11
55
-687
358
4189
14484616
-15
9
47
-679
358
4159
14485641
7
-5
42
-667
355
4128
14486666
24
-20
37
-680
346
4142
14487691
29
-29
25
-667
351
4158
14488716
30
-23
8
-669
375
4149
14489741
65
-15
-3
-861
442
4214
14490766
21
-62
-45
-1299
683
3290
14491791
-192
-207
-93
-1121
1346
564
14484608
695
-143
578
-140
-1950
2738
14485633
1973
352
1172
7
-2325
10738
14486658
-1902
1147
385
1856
3989
10969
14487683
-6019
1384
-102
-2948
-316
195
14488708
-776
332
77
-490
-475
3152
14489733
1966
259
-256
-874
675
3581
14490758
1914
-430
-459
-1189
2126
2560
14491783
-77
-539
-377
-945
1811
2145
14492808
-977
-418
-220
-533
-916
3616
14493833
-214
-472
-201
-323
-1340
4928
14494858
399
-382
-188
-379
-891
5177
14495883
486
-233
-200
-621
-428
5184
14496908
156
-196
-259
-739
292
4485
14497933
-28
-130
-320
-666
634
4239
14498958
61
-59
-211
-483
467
4731
14499983
695
81
-85
-832
-759
5112
14492800
1084
-169
-5
-1226
-620
3746
14493825
73
-168
-232
-1166
1697
3682
14494850
-1030
-13
-320
-820
1426
3245
14495875
-539
-120
59
-453
-1232
3323
14496900
511
-317
142
-342
-899
3870
14497925
968
-288
19
-354
304
4436
14498950
784
-147
-57
-188
1085
4692
14499975
163
35
44
-435
690
4896
14501000
-427
148
84
-742
30
4612
14502025
-639
175
-5
-779
15
4216
14503050
-415
158
-15
-753
4
4010
14504075
114
36
50
-721
107
4015
14505100
336
-21
84
-657
303
4337
14506125
101
21
67
-671
328
4408
14507150
-68
51
40
-615
252
4229
14508175
-46
28
36
-553
292
4027
14500992
-4
-17
46
-511
289
3908
14502017
55
-34
63
-526
183
4048
14503042
61
-12
64
-586
156
4366
14504067
-53
33
21
-642
190
4377
14505092
-57
45
-15
-660
281
4178
14506117
-38
11
-10
-616
320
4013
14507142
-69
3
23
-617
155
4089
14508167
-36
0
27
-626
-59
4325
14509192
48
10
13
-647
161
4421
14510217
17
20
-14
-652
421
4286
14511242
-75
22
5
-606
304
4090
14512267
-71
14
33
-613
170
4208
14513292
-31
1
31
-623
148
4329
14514317
30
-4
22
-668
211
4274
14515342
62
-9
3
-670
380
4180
14516367
-63
-5
0
-641
426
4179
14509183
-212
2
23
-656
275
4209
14510208
-294
-22
37
-648
13
4144
14511233
-274
-43
17
-621
-89
4085
14512258
-67
-52
7
-580
42
4127
14513283
160
-61
19
-584
211
4248
14514308
144
-41
9
-598
249
4275
14515333
-34
1
-31
-616
227
4252
14516358
-123
32
-42
-615
138
4252
14517383
-39
22
-23
-638
98
4221
14518408
60
-12
-5
-662
119
4182
14519433
87
-35
10
-631
215
4177
14520458
37
-29
29
-637
155
4258
14521483
4
-21
47
-623
140
4336
14522508
15
-18
57
-619
138
4316
14523533
28
-21
48
-613
195
4193
14524558
20
-24
35
-616
250
4132
14517376
46
-32
34
-600
249
4128
14518401
69
-49
42
-570
205
4164
14519426
25
-52
39
-553
-2
4138
14520451
32
-23
3
-576
109
4260
14521476
46
-1
-20
-581
282
4328
14522501
32
2
-9
-566
248
4254
14523526
14
7
-4
-568
177
4181
14524551
3
18
-17
-577
155
4243
14525576
19
25
-24
-592
171
4296
14526601
50
27
-21
-609
254
4272
14527626
30
22
-16
-632
278
4195
14528651
1
7
-10
-599
220
4159
14529676
2
4
4
-617
131
4212
14530701
34
-6
13
-637
137
4247
14531726
30
-15
17
-640
215
4185
14532751
-13
-17
18
-641
187
4129
14525568
-14
-27
27
-620
177
4148
14526593
5
-33
43
-577
173
4196
14527618
23
-25
43
-574
251
4238
14528643
5
-13
29
-564
260
4212
14529668
3
0
13
-579
240
4230
14530693
22
3
1
-588
252
4241
14531718
26
5
-10
-600
241
4206
14532743
17
8
-26
-593
240
4169
14533768
29
11
-31
-610
210
4179
14534793
46
9
-25
-618
217
4243
14535818
15
9
-13
-605
208
4243
14536843
-22
20
-4
-620
141
4200
14537868
6
21
1
-627
150
4188
14538893
24
11
21
-614
198
4168
14539918
-16
13
38
-616
209
4174
14540943
-46
14
43
-624
218
4190
14533759
-42
4
36
-617
238
4161
14534784
-11
-9
32
-592
251
4162
14535809
13
-17
25
-571
263
4186
14536834
2
-6
12
-567
263
4248
14537859
-21
10
-4
-587
252
4260
14538884
-25
11
-13
-591
209
4213
14539909
-5
8
-10
-582
204
4213
14540934
0
5
-2
-601
210
4224
14541959
-16
6
-2
-616
204
4278
14542984
-17
4
2
-633
223
4249
14544009
-11
2
3
-636
227
4225
14545034
2
-4
7
-630
215
4201
14546059
17
-10
7
-621
197
4222
14547084
21
-2
7
-612
190
4271
14548109
15
9
10
-640
209
4228
14549134
-1
16
5
-636
220
4205
14542069
-10
27
2
-636
214
4245
14543094
7
27
8
-627
198
4254
14544119
19
24
14
-630
247
4205
14545144
-15
35
7
-660
233
4161
14546169
-2
17
-2
-645
214
4090
14547194
43
2
2
-631
244
4136
14548219
37
-3
3
-620
251
4212
14549244
-12
6
-3
-618
194
4211
14550269
-25
14
-10
-626
163
4161
14551294
1
9
-3
-633
189
4140
14552319
13
5
14
-623
212
4226
14553344
-7
4
29
-635
189
4259
14554369
-13
2
25
-642
227
4232
14555394
-15
5
21
-648
232
4191
14556419
16
-5
28
-661
266
4170
14557444
0
-31
26
-637
342
4124
14550144
-90
-30
29
-599
186
4223
14551169
-81
-22
68
-767
7
4279
14552194
54
-87
86
-822
-86
3785
14553219
290
-180
67
-739
384
3062
14554244
106
-123
18
-599
981
2670
14555269
129
90
334
-513
-497
4227
14556294
959
291
560
-1272
-523
4493
14557319
31
585
428
1569
906
10145
14558344
-4218
710
148
-1047
1214
4344
14559369
-1041
360
148
-1052
-2348
3520
14560394
2238
252
-85
-687
313
4213
14561419
1331
-48
-429
-1192
2106
2795
14562444
-281
-25
-309
-826
1461
2308
14563469
-440
-2
-212
-791
109
3031
14564494
291
-194
-196
-389
-104
5103
14565519
136
-189
-324
-411
56
6019
14558335
-292
-92
-465
-684
283
4638
14559360
-90
-76
-315
-703
37
3425
14560385
414
-117
110
-723
-1355
4498
14561410
391
-196
150
-1200
298
4041
14562435
-354
-133
-41
-1519
329
3212
14563460
-455
-218
-187
-743
515
3280
14564485
93
-290
90
-396
104
3739
14565510
283
-220
219
-659
-687
4347
14566535
324
-175
59
-525
118
4556
14567560
148
-46
40
-455
401
4782
14568585
-99
57
76
-612
360
4609
14569610
-199
78
32
-692
364
4278
14570635
-148
67
-12
-608
352
4253
14571660
-1
48
18
-632
282
4349
14572685
83
28
25
-744
221
4382
14573710
112
-4
-1
-750
185
4228
14566528
129
-36
-16
-661
262
4068
14567553
73
-39
-7
-571
329
4062
14568578
-7
-22
32
-599
91
4188
14569603
-25
-15
50
-620
-25
4258
14570628
-18
6
24
-642
89
4255
14571653
-1
24
4
-662
261
4145
14572678
-47
12
-6
-652
319
4053
14573703
-87
1
22
-613
162
4145
14574728
-27
-5
59
-628
43
4289
14575753
22
-5
33
-638
112
4232
14576778
28
-6
8
-644
223
4157
14577803
5
-3
8
-632
308
4187
14578828
-32
1
6
-634
262
4217
14579853
-18
-10
7
-618
158
4254
14580878
30
-27
10
-647
124
4223
14581903
75
-33
5
-617
186
4280
14574720
78
-26
2
-607
345
4285
14575745
32
-6
-1
-645
267
4213
14576770
22
-23
21
-621
134
4102
14577795
-7
-37
27
-617
186
4114
14578820
-16
-29
23
-600
110
4206
14579845
42
-19
-4
-614
264
4303
14580870
13
-3
-21
-622
321
4303
14581895
-29
-2
-15
-639
236
4136
14582920
-15
-16
-5
-641
188
4164
14583945
-34
-21
-9
-645
171
4195
14584970
23
-22
-17
-642
165
4242
14585995
60
-13
-12
-632
332
4346
14587020
-11
-2
-4
-658
243
4210
14588045
-16
-6
-8
-625
204
4114
14589070
5
-11
1
-627
188
4102
14590095
23
-10
12
-623
165
4215
14582913
19
3
14
-634
227
4265
14583938
-5
18
9
-650
203
4212
14584963
-14
19
-3
-655
232
4131
14585988
-12
13
2
-637
197
4195
14587013
-7
5
25
-609
214
4268
14588038
-8
8
21
-617
209
4227
14589063
15
7
3
-613
259
4222
14590088
16
1
9
-627
256
4197
14591113
-4
-6
15
-616
253
4199
14592138
-25
-4
11
-614
192
4218
14593163
13
-7
-5
-625
268
4222
14594188
32
-16
-18
-622
232
4200
14595213
29
-17
-17
-608
235
4197
14596238
6
-14
-15
-620
209
4179
14597263
-2
-6
-22
-614
173
4231
14598288
-4
-1
-13
-624
206
4243
14591104
-12
4
6
-653
180
4248
14592129
-16
-4
20
-652
171
4197
14593154
7
-12
15
-652
202
4166
14594179
36
-15
5
-628
277
4193
14595204
15
0
6
-635
254
4249
14596229
-19
10
6
-634
224
4227
14597254
-23
15
-2
-641
203
4158
14598279
21
1
-11
-648
216
4146
14599304
51
-16
-2
-617
251
4208
14600329
20
-10
20
-626
228
4252
14601354
-18
5
18
-639
198
4261
14602379
-9
9
14
-632
237
4237
14603404
8
7
18
-636
268
4190
14604429
1
5
20
-627
248
4180
14605454
-3
5
16
-629
224
4205
14606479
11
8
1
-636
214
4200
14599295
29
9
0
-628
257
4212
14600320
4
9
8
-639
224
4181
14601345
-23
9
3
-628
199
4170
14602370
-29
11
2
-639
185
4199
14603395
-7
5
8
-640
224
4241
14604420
19
-4
24
-623
260
4238
14605445
16
-1
25
-623
254
4228
14606470
-2
6
5
-634
278
4218
14607495
-19
13
-8
-657
239
4196
14608520
1
9
-10
-655
232
4220
14609545
20
-4
-5
-641
213
4194
14610570
4
-7
1
-646
211
4146
14611595
4
-5
0
-643
222
4183
14612620
7
-11
10
-648
218
4219
14613645
-15
-15
23
-647
232
4193
14614670
-14
-12
18
-627
213
4201
14607488
13
-14
12
-621
244
4218
14608513
2
-10
13
-638
296
4226
14609538
-23
-2
11
-631
254
4185
14610563
-17
-3
6
-646
215
4175
14611588
12
-9
-8
-639
244
4210
14612613
21
-12
-12
-634
273
4219
14613638
6
-17
-1
-637
225
4208
14614663
-8
-17
13
-642
194
4228
14615688
-4
-16
11
-645
186
4234
14616713
22
-14
19
-633
234
4265
14617738
10
-10
21
-631
321
4231
14618763
-9
-9
22
-624
276
4168
14619788
5
-15
14
-618
241
4166
14620813
29
-15
-5
-623
249
4233
14621838
46
-4
-6
-625
245
4289
14622863
19
10
1
-649
270
4179
14615680
-17
22
-4
-659
237
4115
14616705
-23
20
2
-726
255
4205
14617730
13
13
9
-1177
126
4072
14618755
277
-176
2
-1184
282
2389
14619780
109
-341
-155
50
1561
789
14620805
790
340
589
-1174
-1000
4163
14621830
1385
673
1035
1052
-975
12031
14622855
-2486
1244
242
356
243
8427
14623880
-2850
595
-388
-2702
819
197
14624905
1023
347
205
8
310
4241
14625930
842
399
-151
-1166
1028
3598
14626955
380
-198
-222
-1049
1695
2276
14627980
-120
-238
-113
-1040
-17
2254
14629005
-21
-362
-170
-707
591
3711
14630030
-176
-390
-222
-333
48
5064
14631055
-218
-395
-286
-466
-742
5528
14623872
10
-379
-411
-643
161
4560
14624897
389
-304
-249
-804
359
3676
14625922
519
-320
41
-676
-499
4403
14626947
80
-260
150
-647
98
4909
14627972
-603
-80
80
-1408
-37
3744
14628997
-260
-232
-58
-1249
-102
3199
14630022
353
-483
-81
-374
1005
3260
14631047
401
-336
114
-344
368
4204
14632072
364
-276
205
-437
-250
4683
14633097
336
-226
85
-322
298
4724
14634122
-16
-53
22
-338
642
4722
14635147
-338
58
29
-483
543
4529
14636172
-440
79
24
-503
313
4320
14637197
-257
66
33
-578
-48
4123
14638222
190
4
39
-567
157
4192
14639247
274
2
20
-555
406
4366
14632064
55
50
13
-604
306
4359
14633089
-95
69
3
-587
239
4175
14634114
-70
57
6
-533
204
4128
14635139
29
33
33
-521
87
4209
14636164
127
15
47
-545
85
4231
14637189
131
9
42
-547
223
4148
14638214
46
25
33
-537
340
4123
14639239
-25
32
27
-535
273
4138
14640264
13
12
26
-532
260
4145
14641289
43
-10
28
-522
235
4164
14642314
23
-13
21
-503
179
4150
14643339
23
2
3
-539
247
4199
14644364
39
15
-18
-533
356
4292
14645389
12
33
-26
-545
402
4310
14646414
-20
27
-18
-553
238
4218
14647439
-4
11
-16
-542
164
4155
14640256
26
8
-19
-547
271
4250
14641281
30
11
-27
-551
361
4294
14642306
20
12
-25
-562
356
4218
14643331
18
-1
-24
-575
306
4155
14644356
36
-16
-21
-553
228
4153
14645381
56
-20
-21
-556
236
4202
14646406
49
-10
-35
-580
297
4226
14647431
45
4
-48
-561
389
4243
14648456
29
10
-38
-568
269
4216
14649481
43
4
-26
-560
213
4199
14650506
62
12
-21
-562
274
4212
14651531
86
38
-34
-558
349
4242
14652556
101
78
-49
-586
371
4259
14653581
121
104
-57
-602
331
4220
14654606
133
96
-42
-623
260
4156
14655631
87
100
-42
-647
239
4198
14648447
48
99
-54
-652
328
4206
14649472
0
101
-61
-642
387
4168
14650497
6
93
-50
-630
537
4197
14651522
1
71
-17
-618
406
4170
14652547
22
46
10
-641
275
4119
14653572
15
40
-6
-657
373
4177
14654597
-25
38
-7
-653
417
4223
14655622
-18
23
12
-664
373
4174
14656647
24
2
7
-654
433
4186
14657672
30
-10
13
-654
383
4177
14658697
8
-14
16
-674
356
4122
14659722
-2
-8
3
-674
372
4153
14660747
9
-1
-7
-672
364
4212
14661772
10
4
-14
-687
333
4170
14662797
6
7
-19
-674
321
4150
14663822
-13
11
-8
-652
305
4153
14656640
16
15
-1
-653
363
4190
14657665
51
15
2
-665
351
4208
14658690
43
20
15
-697
263
4187
14659715
16
16
14
-701
311
4156
14660740
-8
8
7
-664
393
4162
14661765
-36
2
-4
-659
364
4131
14662790
-2
-15
-26
-635
468
4150
14663815
-34
-18
-15
-622
354
4240
14664840
-52
-16
3
-652
263
4306
14665865
-25
-26
-4
-679
293
4263
14666890
11
-26
-20
-653
418
4164
14667915
1
-26
-12
-652
489
4145
14668940
-35
-23
-1
-638
399
4231
14669965
-21
-27
13
-666
235
4237
14670990
58
-40
1
-672
324
4185
14672015
99
-36
-14
-641
436
4184
14664832
62
-25
-5
-633
429
4228
14665857
-2
-12
9
-646
261
4203
14666882
13
-11
18
-667
174
4135
14667907
67
-12
8
-637
342
4170
14668932
72
3
12
-624
435
4239
14669957
0
20
22
-649
430
4235
14670982
-73
24
24
-683
327
4177
14672007
-25
5
2
-662
371
4169
14673032
53
-9
-14
-628
520
4184
14674057
30
-3
-13
-649
477
4211
14675082
-20
-6
-14
-653
342
4192
14676107
3
-15
-28
-640
379
4155
14677132
34
-20
-31
-642
435
4167
14678157
-7
-17
-23
-660
394
4184
14679182
-51
-11
-24
-650
326
4199
14680207
-19
-18
-17
-621
306
4201
14673024
26
-23
-3
-660
356
4174
14674049
46
-24
-2
-651
434
4154
14675074
4
-15
5
-642
391
4176
14676099
-14
-8
11
-641
348
4181
14677124
7
-11
9
-637
379
4179
14678149
-4
-7
13
-650
361
4165
14679174
-12
-3
11
-678
355
4187
14680199
-8
0
3
-681
371
4210
14681224
9
-4
-1
-660
478
4218
14682249
-6
-9
5
-642
424
4182
14683274
-5
-4
13
-653
365
4205
14684299
-7
0
10
-667
404
4208
14685324
-4
-3
8
-673
409
4151
14686349
21
-6
9
-650
417
4175
14687374
16
-2
18
-639
387
4181
14688399
-6
15
15
-651
389
4223
14681224
-15
15
10
-665
376
4148
14682249
29
7
9
-655
417
4108
14683274
30
-2
14
-650
405
4128
14684299
-31
0
19
-637
412
4124
14685324
-46
3
27
-603
304
4190
14686349
-3
12
28
-615
281
4244
14687374
14
28
16
-630
371
4249
14688399
-9
39
3
-665
470
4198
14689424
-96
41
-8
-853
530
4084
14690449
-32
-18
-3
-1178
410
3637
14691474
185
-75
-9
-955
640
3337
14692499
87
64
211
207
-39
5340
14693524
7
408
638
-1374
-58
4821
14694549
-600
-21
244
1406
824
5700
14695574
-2491
663
212
-880
-264
4729
14696599
-445
366
382
-1196
-1555
4310
14689408
924
298
-32
-641
763
5027
14690433
-85
158
-262
-1611
1962
2246
14691458
73
-240
-96
-731
1153
1411
14692483
152
-193
-11
-554
-75
3366
14693508
-384
-180
-221
-518
723
4872
14694533
-486
-111
-198
-419
-620
5624
14695558
48
-93
-225
-721
-693
4999
14696583
451
-128
-317
-814
566
3447
14697608
679
-143
-16
-632
57
4261
14698633
295
-118
177
-882
-207
4640
14699658
-548
-128
101
-1233
-70
3601
14700683
-737
-118
-98
-1314
5
3375
14701708
185
-275
-121
-660
757
3779
14702733
348
-274
73
-386
320
4107
14703758
163
-182
123
-588
-298
4241
14704783
245
-178
3
-430
287
4470
14697600
153
-85
-36
-295
636
4662
14698625
-68
37
-48
-446
574
4669
14699650
-291
86
-3
-626
-30
4375
14700675
-225
62
21
-682
-123
4230
14701700
-73
42
-10
-671
164
4194
14702725
104
29
-36
-665
455
4337
14703750
150
-1
-13
-645
367
4370
14704775
58
-12
8
-617
256
4229
14705800
-36
1
10
-620
79
4215
14706825
-28
11
-7
-617
18
4238
14707850
98
1
-12
-612
239
4205
14708875
113
2
1
-615
297
4175
14709900
6
20
20
-638
179
4155
14710925
-75
27
2
-654
115
4112
14711950
-10
21
-25
-663
143
4142
14712975
81
14
-29
-646
261
4211
14705793
59
25
-8
-644
294
4212
14706818
-30
34
1
-656
254
4142
14707843
-89
25
-9
-654
168
4123
14708868
-31
4
-17
-650
180
4161
14709893
41
-10
-9
-647
196
4261
14710918
36
-8
-6
-653
273
4320
14711943
-26
-6
-10
-665
248
4251
14712968
-28
-15
-15
-672
151
4187
14713993
49
-35
-22
-660
200
4202
14715018
81
-47
-15
-619
302
4297
14716043
3
-31
0
-629
201
4223
14717068
6
-22
-10
-630
192
4224
14718093
28
-22
-15
-608
219
4263
14719118
38
-17
-8
-613
256
4231
14720143
25
-12
-7
-597
280
4187
14721168
13
-10
8
-614
208
4157
14713984
-9
-9
-1
-639
209
4148
14715009
-2
-14
-2
-627
198
4164
14716034
42
-21
-3
-633
280
4210
14717059
36
-21
-7
-620
287
4184
14718084
3
-16
-7
-629
261
4168
14719109
-14
-19
4
-635
183
4173
14720134
18
-25
9
-631
226
4240
14721159
25
-18
1
-640
291
4259
14722184
16
-13
-2
-641
254
4208
14723209
17
-16
10
-635
216
4165
14724234
8
-15
12
-639
224
4185
14725259
4
-11
2
-644
173
4196
14726284
27
-6
-13
-639
293
4184
14727309
14
-5
-15
-619
316
4156
14728334
-5
-5
0
-621
199
4173
14729359
-10
-4
8
-633
150
4237
14722176
-21
0
4
-635
169
4253
14723201
-27
1
7
-620
244
4204
14724226
-14
-5
21
-608
250
4212
14725251
-9
-9
44
-606
198
4212
14726276
-29
-1
43
-622
244
4242
14727301
-62
-1
29
-613
222
4212
14728326
-39
-14
17
-607
280
4124
14729351
-6
-30
10
-573
334
4135
14730376
-19
-29
7
-567
238
4251
14731401
0
-27
4
-582
196
4317
14732426
20
-21
-11
-593
261
4265
14733451
2
-4
-20
-600
303
4225
14734476
-20
6
-18
-636
270
4187
14735501
-8
-7
-11
-661
199
4146
14736526
16
-17
-9
-650
187
4158
14737551
17
-12
1
-647
221
4217
14730368
-18
-2
-1
-658
203
4205
14731393
-13
4
3
-641
183
4207
14732418
-14
5
17
-641
171
4177
14733443
-16
8
27
-627
183
4224
14734468
-9
4
41
-619
219
4220
14735493
-13
4
49
-607
266
4217
14736518
-5
6
47
-586
269
4239
14737543
16
6
41
-572
237
4241
14738568
32
10
29
-570
276
4247
14739593
17
13
16
-587
298
4218
14740618
1
16
2
-579
280
4217
14741643
11
17
-12
-596
297
4212
14742668
6
11
-12
-621
206
4185
14743693
13
5
-13
-617
174
4211
14744718
27
-1
-15
-609
223
4198
14745743
21
4
-16
-606
289
4209
14738559
-11
11
-6
-621
257
4187
14739584
-32
4
5
-634
175
4182
14740609
-4
-8
9
-641
158
4204
14741634
50
-14
5
-628
268
4237
14742659
17
0
-4
-641
342
4196
14743684
-43
17
-10
-660
246
4166
14744709
-27
6
-13
-651
192
4152
14745734
24
-7
-19
-641
187
4155
14746759
44
-8
-31
-618
226
4142
14747784
25
5
-32
-595
226
4157
14748809
2
17
-8
-603
251
4243
14749834
-67
28
10
-621
181
4268
14750859
-65
38
16
-640
182
4294
14751884
-4
31
17
-654
267
4244
14752909
20
22
18
-660
339
4189
14753934
-2
10
17
-638
326
4194
14746752
8
7
17
-640
255
4248
14747777
25
10
5
-647
244
4289
14748802
21
14
-5
-653
285
4289
14749827
10
14
-10
-650
291
4218
14750852
15
7
-27
-675
344
4140
14751877
-22
-10
-39
-694
358
4145
14752902
-30
-39
-48
-638
213
4100
14753927
38
-54
-55
-655
172
4087
14754952
121
-71
-69
-646
239
4125
14755977
108
-57
-79
-755
424
4176
14757002
-56
-23
-98
-926
472
3719
14758027
-118
1
-115
-604
-219
2869
14759052
1454
87
182
-815
-1583
2706
14760077
3494
-143
-101
1078
93
6972
14761102
-51
424
-115
363
4876
8764
14762127
-3544
900
74
-2136
-1040
2405
14754945
-239
328
114
-445
-1179
3606
14755970
637
249
44
-977
1347
4487
14756995
-229
39
-157
-1139
1259
3396
14758020
-815
-81
-86
-1143
1398
2152
14759045
-648
-131
95
-810
-420
3448
14760070
-320
-212
-30
-670
77
4809
14761095
-229
-184
-92
-628
-7
4411
14762120
21
-57
-74
-664
-241
4183
14763145
-143
17
-185
-810
359
4009
14764170
-390
68
-241
-627
441
5002
14765195
-679
88
-185
-605
283
5487
14766220
-811
99
-250
-724
430
4233
14767245
43
90
30
-993
-1314
3934
14768270
578
-25
289
-1016
-363
4551
14769295
-709
97
101
-1599
1680
3408
14770320
-901
19
129
-1143
-1029
3353
14763135
86
-223
196
-449
-401
3655
14764160
482
-133
212
-786
-34
3885
14765185
612
-195
165
-572
244
3974
14766210
489
-179
150
-403
342
4251
14767235
97
-56
153
-516
147
4569
14768260
-307
20
102
-614
-132
4427
14769285
-183
20
58
-606
-218
4235
14770310
136
1
32
-653
188
4299
14771335
115
19
15
-704
258
4379
14772360
-35
27
12
-742
169
4292
14773385
-79
1
-15
-724
81
4130
14774410
84
-35
-12
-667
53
4158
14775435
254
-60
5
-698
59
4326
14776460
218
-56
-9
-726
192
4377
14777485
13
-49
-25
-695
272
4220
14778510
-126
-37
5
-709
72
4086
14771328
-59
-64
15
-728
-19
4040
14772353
82
-87
-6
-673
155
4122
14773378
88
-63
-2
-677
208
4211
14774403
-9
-35
-1
-707
148
4223
14775428
-72
-13
8
-701
69
4192
14776453
-49
-1
5
-739
17
4201
14777478
23
-7
-19
-722
144
4182
14778503
66
-30
-20
-698
192
4110
14779528
65
-39
16
-648
199
4219
14780553
17
-18
54
-668
75
4342
14781578
12
5
43
-667
34
4371
14782603
71
32
28
-690
102
4355
14783628
159
23
29
-716
193
4238
14784653
246
2
41
-693
160
4155
14785678
273
-3
25
-682
316
4247
14786703
120
13
1
-668
344
4213
14779520
-9
31
-23
-677
247
4142
14780545
0
25
-39
-676
172
4179
14781570
39
9
-25
-643
198
4189
14782595
9
18
-10
-671
136
4184
14783620
-43
26
-10
-703
154
4186
14784645
-48
13
6
-704
158
4175
14785670
4
-11
28
-713
166
4170
14786695
32
-25
24
-702
223
4165
14787720
31
-26
5
-685
231
4144
14788745
23
-22
2
-680
234
4204
14789770
-5
-4
9
-699
213
4293
14790795
-20
5
0
-721
201
4257
14791820
-12
-2
-15
-702
208
4126
14792845
24
-15
-9
-685
224
4111
14793870
25
-27
14
-672
229
4211
14794895
-34
-13
18
-681
166
4259
14787712
-27
-4
3
-698
160
4240
14788737
30
-17
-1
-682
219
4185
14789762
27
-19
6
-671
272
4176
14790787
-34
-7
11
-672
164
4215
14791812
-16
-4
-2
-695
148
4229
14792837
17
-9
-21
-696
256
4181
14793862
-10
-2
-16
-698
263
4206
14794887
-43
-11
-1
-692
202
4213
14795912
-22
-33
7
-664
149
4158
14796937
30
-36
2
-661
202
4166
14797962
40
-26
-13
-656
278
4247
14798987
9
-6
-18
-653
270
4251
14800012
-16
3
-21
-675
155
4203
14801037
9
-1
-25
-662
135
4211
14802062
24
-4
-12
-694
175
4156
14803087
14
6
-10
-696
191
4217
14795904
-4
13
0
-692
229
4232
14796929
-39
20
2
-703
215
4225
14797954
-19
10
10
-708
149
4226
14798979
21
-8
14
-686
210
4194
14800004
37
-16
15
-671
273
4171
14801029
4
-11
10
-667
280
4204
14802054
-33
2
17
-681
221
4274
14803079
-22
8
20
-713
168
4276
14804104
6
-4
2
-708
246
4168
14805129
22
-6
-11
-683
262
4122
14806154
42
-8
-8
-676
212
4156
14807179
36
-11
0
-689
171
4201
14808204
14
-7
0
-680
163
4180
14809229
24
-4
-1
-677
195
4173
14810254
19
2
-1
-684
244
4200
14811279
-3
3
3
-686
228
4204
14804097
-27
4
0
-653
237
4239
14805122
-57
26
-17
-663
189
4363
14806147
-89
35
-31
-732
209
4404
14807172
-89
4
-51
-737
310
3923
14808197
-59
-33
-37
-663
275
3811
14809222
-18
-88
-1
-603
178
4061
14810247
44
-96
18
-604
94
4293
14811272
40
-57
17
-657
162
4379
14812297
-25
-13
25
-671
146
4392
14813322
-49
13
28
-702
167
4301
14814347
-16
27
12
-726
210
4220
14815372
43
16
2
-727
279
4195
14816397
35
13
-2
-709
307
4196
14817422
-12
20
-11
-720
234
4174
14818447
3
-1
-27
-691
233
4119
14819472
23
-24
-20
-682
262
4106
14812288
34
-47
18
-1065
269
3964
14813313
109
-141
42
-1061
99
3255
14814338
44
-168
-81
-445
1112
2069
14815363
260
187
231
-643
-131
1788
14816388
2301
363
542
447
-1261
8778
14817413
-1147
478
82
1422
3110
10019
14818438
-5040
686
-162
-2423
-834
1486
14819463
-672
171
-234
-476
-1228
3227
14820488
1706
3
-149
-722
125
4389
14821513
1494
-324
-256
-1064
527
4273
14822538
-317
-307
-232
-1352
1224
2308
14823563
-712
-228
70
-929
-604
2982
14824588
-98
-230
114
-668
-520
4627
14825613
-41
-114
44
-656
131
5165
14826638
-31
53
2
-661
-600
5555
14827663
137
24
-158
-844
-11
4814
14820480
350
-46
-269
-789
790
4047
14821505
479
17
-91
-828
43
4106
14822530
258
38
45
-904
-341
4288
14823555
-65
73
-112
-964
704
4114
14824580
6
94
-127
-1099
483
3746
14825605
75
-79
29
-977
-106
3250
14826630
337
-151
89
-613
106
3917
14827655
245
-44
65
-653
301
4361
14828680
96
-12
48
-686
194
4181
14829705
70
-47
78
-561
137
4014
14830730
62
-82
133
-520
68
3915
14831755
-73
-77
85
-535
129
3925
14832780
-193
-10
48
-436
42
4356
14833805
-183
48
83
-571
-46
4698
14834830
-132
45
45
-670
166
4539
14835855
-124
34
-1
-685
278
4242
14828672
-101
-13
-6
-676
311
4007
14829697
-44
-70
2
-611
291
4081
14830722
21
-77
0
-583
189
4400
14831747
52
-60
-20
-677
165
4498
14832772
22
-55
-49
-690
120
4267
14833797
-20
-51
-52
-704
95
4081
14834822
1
-39
-34
-683
118
4172
14835847
45
-32
-13
-708
137
4279
14836872
43
-27
-9
-721
77
4222
14837897
26
-24
17
-732
6
4127
14838922
14
-20
49
-726
47
4113
14839947
-10
-17
60
-715
27
4128
14840972
40
-18
48
-649
243
4238
14841997
28
-8
63
-654
230
4185
14843022
-2
8
51
-658
190
4197
14844047
-33
26
45
-645
182
4245
14836864
-32
25
39
-675
75
4194
14837889
22
17
13
-657
162
4199
14838914
50
18
15
-667
237
4235
14839939
23
9
10
-652
185
4215
14840964
0
0
19
-633
136
4201
14841989
-24
6
36
-634
60
4234
14843014
1
13
32
-654
54
4285
14844039
34
10
11
-646
176
4262
14845064
18
15
1
-630
254
4151
14846089
-20
26
1
-632
225
4157
14847114
-45
19
-1
-667
103
4181
14848139
-5
0
-18
-675
74
4180
14849164
68
-21
-37
-691
178
4152
14850189
67
-33
-49
-662
287
4131
14851214
-9
-25
-47
-645
219
4151
14852239
-27
-23
-41
-660
119
4209
14845056
-11
-26
-40
-660
102
4242
14846081
0
-15
-31
-681
151
4275
14847106
-17
2
-20
-701
189
4256
14848131
-39
14
-2
-721
165
4200
14849156
-46
5
6
-723
133
4160
14850181
-25
-6
7
-708
118
4206
14851206
19
-13
11
-695
188
4227
14852231
21
-6
12
-682
218
4265
14853256
-14
5
14
-673
193
4230
14854281
-23
13
14
-671
168
4253
14855306
-13
6
26
-680
128
4194
14856331
33
1
16
-688
162
4196
14857356
32
5
5
-669
203
4245
14858381
-1
19
10
-676
140
4237
14859406
1
18
15
-677
96
4211
14860431
12
9
18
-687
109
4125
14853247
23
2
16
-688
109
4162
14854272
11
2
23
-669
159
4231
14855297
-33
10
30
-670
136
4244
14856322
-34
8
31
-648
131
4179
14857347
-12
6
27
-651
181
4172
14858372
-20
7
14
-669
152
4187
14859397
-7
8
1
-676
147
4228
14860422
16
0
-5
-668
197
4216
14861447
15
-5
-15
-663
212
4168
14862472
-3
1
-20
-656
136
4199
14863497
-8
1
-10
-697
111
4237
14864522
0
-8
-8
-711
117
4229
14865547
10
-10
-2
-678
141
4228
14866572
-4
-5
7
-683
141
4224
14867597
-16
3
10
-698
134
4213
14868622
2
-2
11
-694
151
4230
14861440
11
-5
12
-679
207
4253
14862465
-15
7
9
-697
204
4247
14863490
-21
10
-4
-719
174
4190
14864515
12
-4
-11
-684
200
4177
14865540
38
-12
4
-672
165
4186
14866565
38
-11
5
-696
142
4220
14867590
12
0
-4
-691
154
4242
14868615
-4
9
8
-693
107
4230
14869640
4
9
18
-704
158
4200
14870665
5
8
20
-695
161
4190
14871690
15
7
17
-694
147
4180
14872715
34
11
13
-692
156
4205
14873740
22
12
6
-687
191
4186
14874765
-4
7
8
-677
180
4154
14875790
-6
6
3
-678
148
4173
14876815
5
6
-4
-678
190
4227
14869632
-15
8
4
-703
157
4202
14870657
-14
-6
10
-713
137
4184
14871682
14
-22
8
-681
181
4201
14872707
34
-21
8
-660
230
4208
14873732
13
-7
5
-682
209
4231
14874757
-15
-1
-3
-694
170
4212
14875782
-6
-7
-8
-693
155
4156
14876807
22
-11
-20
-683
203
4134
14877832
3
-11
-20
-688
245
4127
14878857
-26
2
1
-990
162
4152
14879882
164
-108
0
-1295
62
3226
14880907
237
-270
-104
-594
694
1842
14881932
-161
-39
-110
8
614
1799
14882957
945
521
508
-1607
-1713
6680
14883982
629
774
247
2697
208
13126
14885007
-3543
1053
-173
-1541
853
5036
14877824
-2058
544
-596
-2020
-399
384
14878849
944
375
-119
-702
997
3189
14879874
1142
-63
-292
-1247
424
3286
14880899
858
-437
-305
-894
629
3595
14881924
-231
-251
-308
-1207
-149
3658
14882949
-621
-398
-401
-1272
889
2732
14883974
-176
-526
-117
-425
89
3992
14884999
91
-356
108
-94
-1112
5984
14886024
159
-166
133
-565
-259
5955
14887049
-15
-24
159
-1129
-325
4103
14888074
269
-44
288
-1307
-1092
3570
14889099
717
-197
219
-897
919
4380
14890124
-81
-133
234
-1085
879
3835
14891149
-309
-228
328
-1299
-1032
3108
14892174
316
-433
213
-715
-65
3112
14893199
456
-304
172
-430
390
4124
14886016
248
-189
168
-287
620
4808
14887041
18
-132
169
-301
399
4660
14888066
-111
-78
120
-362
293
4289
14889091
-175
-28
76
-368
173
4106
14890116
-132
44
52
-410
67
4507
14891141
-20
100
28
-596
106
4876
14892166
15
117
-15
-737
93
4662
14893191
-14
101
-61
-742
256
4171
14894216
-99
72
-68
-672
125
3895
14895241
52
35
-32
-599
110
4126
14896266
146
7
-13
-599
183
4354
14897291
68
10
-18
-620
105
4281
14898316
-16
-4
-15
-627
84
4041
14899341
-57
-22
-2
-600
54
3960
14900366
13
-26
0
-609
128
4186
14901391
66
-29
2
-613
249
4279
14894421
10
-20
-1
-652
189
4177
14895446
10
-32
-2
-678
136
4006
14896471
46
-52
-14
-656
155
4110
14897496
16
-36
-8
-630
123
4276
14898521
-24
-6
-6
-646
95
4295
14899546
-16
13
-17
-639
117
4315
14900571
-37
20
5
-644
142
4250
14901596
-26
12
23
-650
83
4198
14902621
15
-5
23
-594
175
4237
14903646
2
13
16
-629
217
4312
14904671
-3
17
3
-618
228
4310
14905696
25
16
3
-618
182
4254
14906721
51
11
-4
-612
205
4232
14907746
40
17
-22
-601
229
4241
14908771
76
37
-52
-577
240
4307
14909796
118
71
-100
-563
305
4313
14902399
58
116
-135
-624
290
4236
14903424
-36
152
-160
-700
184
4194
14904449
-51
154
-176
-735
150
4177
14905474
-2
133
-158
-765
107
4122
14906499
8
99
-112
-813
58
4056
14907524
-44
56
-54
-829
-24
3986
14908549
-42
1
20
-832
-73
4014
14909574
12
-53
78
-801
-16
4109
14910599
36
-79
119
-732
145
4205
14911624
5
-87
148
-685
166
4129
14912649
-39
-86
150
-666
179
4105
14913674
-66
-78
140
-633
176
4225
14914699
-29
-66
116
-611
234
4320
14915724
-7
-45
71
-596
301
4318
14916749
-25
-21
39
-600
293
4283
14917774
-42
-12
20
-606
237
4222
14910592
-37
-3
-1
-597
161
4253
14911617
-15
3
-13
-648
141
4280
14912642
-13
-2
-25
-674
117
4219
14913667
-22
-6
-22
-685
99
4213
14914692
-18
-22
-3
-686
82
4159
14915717
-14
-35
4
-667
90
4159
14916742
-22
-23
4
-663
120
4229
14917767
-37
-12
2
-687
135
4232
14918792
-40
-7
0
-652
122
4217
14919817
-33
-1
5
-659
145
4158
14920842
-12
4
-2
-660
138
4204
14921867
4
9
-6
-668
194
4244
14922892
-13
20
-9
-688
211
4259
14923917
-18
16
-18
-672
165
4228
14924942
23
9
-24
-645
134
4225
14925967
61
13
-25
-652
154
4266
14918784
48
24
-31
-692
180
4273
14919809
12
33
-37
-714
204
4258
14920834
-11
29
-20
-719
140
4218
14921859
6
15
6
-719
101
4201
14922884
21
0
21
-711
87
4201
14923909
28
-5
26
-693
130
4217
14924934
54
-9
40
-686
162
4218
14925959
47
-13
48
-682
183
4196
14926984
1
-4
42
-671
126
4151
14928009
5
3
29
-655
133
4171
14929034
21
12
20
-660
143
4223
14930059
14
21
15
-667
180
4196
14931084
-19
20
10
-674
172
4139
14932109
-24
11
6
-674
120
4137
14933134
-4
0
5
-684
153
4162
14934159
-8
-8
10
-684
134
4207
14926976
-10
-14
15
-667
140
4226
14928001
-15
-14
11
-663
200
4195
14929026
-34
-9
6
-678
191
4198
14930051
-24
-14
4
-678
134
4237
14931076
6
-25
-1
-662
164
4234
14932101
20
-24
-10
-673
184
4213
14933126
9
-18
-14
-666
198
4236
14934151
-11
-13
-2
-684
142
4232
14935176
2
-12
4
-678
98
4286
14936201
28
-12
3
-684
164
4257
14937226
34
-11
2
-689
168
4214
14938251
11
-5
2
-683
190
4179
14939276
4
-2
5
-681
120
4187
14940301
24
-4
6
-685
146
4199
14941326
9
6
-1
-700
180
4199
14942351
6
6
-2
-689
124
4192
14935169
30
-4
1
-683
169
4193
14936194
19
-10
10
-671
168
4195
14937219
4
-11
22
-663
134
4236
14938244
14
-6
24
-670
147
4240
14939269
27
-4
20
-680
202
4202
14940294
6
0
15
-672
211
4193
14941319
3
-2
15
-674
166
4169
14942344
20
-4
7
-662
174
4185
14943369
11
9
-4
-678
146
4202
14944394
11
13
-10
-694
172
4172
14945419
4
10
-9
-684
174
4149
14946444
-4
4
-4
-680
162
4163
14947469
-9
-2
1
-679
131
4193
14948494
18
-12
3
-652
174
4209
14949519
27
-14
3
-650
224
4237
14950544
-12
-6
8
-667
217
4231
14943361
-29
-3
11
-693
169
4182
14944386
2
-18
8
-692
161
4162
14945411
9
-27
-12
-655
239
4210
14946436
-21
-18
-16
-655
194
4222
14947461
-10
-15
-18
-672
165
4214
14948486
-2
-11
-22
-679
154
4201
14949511
-21
-7
-22
-686
165
4205
14950536
-34
-3
-30
-693
180
4200
14951561
-24
-5
-38
-665
217
4187
14952586
-36
-4
-42
-696
223
4163
14953611
-106
-17
-41
-715
167
4125
14954636
-103
-29
-52
-650
270
4125
14955661
-43
-48
-42
-644
195
4118
14956686
-12
-53
-40
-672
112
4185
14957711
12
-51
-49
-681
141
4304
14958736
5
-56
-53
-817
208
4214
14951552
32
-109
-61
-1051
218
3504
14952577
176
-215
-44
-796
355
2739
14953602
159
57
142
-305
-825
4545
14954627
854
446
279
-873
-1463
6567
14955652
784
172
120
273
1823
5937
14956677
-1112
353
108
163
1168
5564
14957702
-107
419
674
-1584
-2564
3465
14958727
901
360
216
-632
1165
4444
14959752
-344
442
15
-1157
867
4456
14960777
-701
115
-165
-1338
1953
1353
14961802
380
-205
97
-609
977
2252
14962827
232
-176
78
-660
-266
4479
14963852
-223
-241
-103
-595
406
4418
14964877
-218
-135
-71
-434
-160
4218
14965902
-245
-17
-112
-587
220
4704
14966927
-588
73
-236
-657
455
5157
14959744
-826
134
-255
-707
785
4726
14960769
-359
123
25
-948
-786
4333
14961794
375
-124
167
-1135
-668
3763
14962819
-410
-224
121
-1459
-354
2931
14963844
-1073
-33
-315
-1380
876
3670
14964869
-365
-187
-227
-389
309
4135
14965894
345
-191
78
-632
-953
4088
14966919
952
-238
49
-571
-449
4204
14967944
736
-105
-21
-444
283
4733
14968969
47
63
10
-628
417
4734
14969994
-428
136
-23
-684
264
4344
14971019
-431
160
-1
-761
-135
4134
14972044
-92
66
29
-758
-156
4097
14973069
123
-23
11
-709
-48
4154
14974094
215
-44
-8
-699
135
4267
14975119
171
-31
-34
-713
262
4298
14967936
107
-28
-41
-682
169
4215
14968961
31
-31
-25
-657
101
4197
14969986
-92
-26
-13
-676
-56
4217
14971011
-16
-42
-8
-702
-41
4238
14972036
98
-55
-19
-724
172
4212
14973061
78
-47
-24
-729
224
4212
14974086
-15
-36
-10
-734
156
4165
14975111
-74
-35
-1
-744
-79
4158
14976136
13
-51
-6
-703
-30
4238
14977161
70
-45
-8
-712
100
4214
14978186
26
-35
-14
-706
130
4162
14979211
-59
-17
-2
-704
78
4199
14980236
-91
-13
20
-714
-9
4186
14981261
-27
-25
14
-711
-21
4187
14982286
45
-36
3
-677
121
4165
14983311
67
-38
13
-667
206
4190
14976128
-28
-20
24
-657
95
4314
14977153
-77
-4
43
-703
-100
4295
14978178
18
-8
24
-703
48
4282
14979203
52
0
8
-664
201
4260
14980228
-5
21
17
-717
128
4205
14981253
-39
26
-1
-703
133
4232
14982278
-15
12
3
-697
62
4213
14983303
58
-9
13
-683
5
4220
14984328
78
-8
16
-680
91
4229
14985353
37
6
5
-700
147
4195
14986378
34
-4
8
-673
139
4161
14987403
27
-7
20
-676
119
4212
14988428
-13
-1
14
-702
42
4176
14989453
-16
-1
-4
-705
45
4151
14990478
5
-11
-1
-715
88
4144
14991503
1
-20
10
-710
83
4168
14984320
-30
-13
15
-682
90
4242
14985345
-42
-8
15
-699
25
4248
14986370
0
-20
5
-680
71
4223
14987395
19
-21
10
-653
171
4214
14988420
-16
-11
19
-663
149
4221
14989445
-30
-3
13
-676
10
4233
14990470
29
-6
-4
-680
59
4218
14991495
24
-6
-10
-663
130
4181
14992520
-24
9
-2
-685
89
4226
14993545
-53
13
1
-690
50
4223
14994570
-27
6
-4
-701
23
4153
14995595
45
-7
-13
-673
88
4273
14996620
33
-6
-5
-670
121
4291
14997645
12
-2
-7
-676
61
4224
14998670
26
-2
-10
-659
102
4199
14999695
26
-1
1
-690
119
4263
14992511
-9
-3
8
-702
110
4241
14993536
-16
-4
2
-700
101
4186
14994561
14
-15
-2
-683
32
4200
14995586
43
-20
2
-692
119
4191
14996611
12
-12
3
-693
164
4180
14997636
-28
-4
5
-691
61
4190
14998661
-12
-1
-1
-700
42
4201
14999686
16
-3
-4
-682
101
4216
15000711
-8
2
7
-724
147
4193
15001736
-38
-6
6
-711
111
4118
15002761
-2
-16
3
-687
48
4186
15003786
40
-20
-1
-673
73
4277
15004811
6
-7
0
-678
109
4259
15005836
-40
7
9
-693
45
4205
15006861
-22
7
12
-708
77
4191
15007886
0
0
5
-700
131
4174
15000704
-10
-5
7
-689
112
4227
15001729
-35
-3
19
-694
97
4265
15002754
-20
-2
15
-694
49
4239
15003779
27
-5
1
-670
137
4216
15004804
22
5
1
-658
163
4257
15005829
-8
15
13
-682
56
4229
15006854
6
15
11
-710
41
4210
15007879
22
13
6
-703
83
4208
15008904
11
12
5
-711
100
4173
15009929
-2
12
9
-694
71
4199
15010954
11
10
16
-685
85
4230
15011979
8
9
22
-691
68
4200
15013004
-3
13
15
-701
71
4215
15014029
2
10
15
-702
111
4211
15015054
11
4
18
-698
157
4222
15016079
3
-3
20
-689
147
4215
15008896
3
-7
14
-695
93
4186
15009921
25
-12
3
-686
124
4210
15010946
17
-10
3
-696
107
4211
15011971
13
-10
0
-696
105
4199
15012996
23
-9
-2
-703
103
4204
15014021
11
-8
-4
-712
70
4172
15015046
16
-6
3
-699
54
4215
15016071
32
-4
6
-690
96
4225
15017096
21
-1
-3
-690
138
4215
15018121
-11
2
-1
-695
123
4158
15019146
-21
-1
5
-699
76
4190
15020171
2
-16
13
-675
106
4209
15021196
9
-11
11
-697
106
4265
15022221
-39
3
-2
-697
116
4188
15023246
-21
-21
-5
-703
135
3978
15024271
42
-51
-16
-659
165
4041
15017088
54
-43
-3
-613
205
4325
15018113
42
-14
1
-648
45
4486
15019138
108
11
-1
-701
-100
4412
15020163
171
8
5
-790
155
4244
15021188
74
-5
-5
-754
330
4065
15022213
-8
-2
6
-700
223
4154
15023238
6
-20
20
-720
147
4205
15024263
40
-33
6
-683
84
4187
15025288
67
-19
7
-681
161
4193
15026313
20
-3
7
-695
231
4193
15027338
-29
7
10
-689
173
4211
15028363
-25
5
21
-703
140
4212
15029388
-2
-4
16
-691
148
4174
15030413
8
-7
9
-677
180
4178
15031438
3
-8
-2
-671
172
4233
15032463
30
-26
5
-692
168
4190
15025280
23
-39
15
-693
176
4151
15026305
-9
-38
-7
-662
176
4122
15027330
-2
-27
-6
-773
275
4296
15028355
-10
-78
7
-1273
326
3565
15029380
212
-162
-58
-978
348
2398
15030405
170
-62
156
0
-59
1949
15031430
714
342
714
-844
-1247
6023
15032455
-285
672
417
1503
1267
11947
15033480
-4998
850
-55
-1416
1219
3552
15034505
-1200
257
136
-1222
-2778
2349
15035530
2600
72
-11
-831
482
3252
15036555
1817
-186
-88
-978
1403
4025
15037580
-156
-69
-166
-908
131
4027
15038605
-598
-69
-287
-1383
31
2871
15039630
27
-494
-286
-1277
1162
1215
15040655
735
-643
-37
95
-107
4447
15033574
-244
-284
-33
-45
-131
6654
15034599
-1047
-30
-83
-628
-151
5974
15035624
-940
70
-38
-735
-692
4128
15036649
166
-3
149
-1023
-1705
3312
15037674
1237
-223
44
-768
122
4252
15038699
226
-144
-73
-1031
1353
3843
15039724
-590
-38
-92
-1259
0
3388
15040749
-101
-224
-123
-776
47
3560
15041774
443
-281
-99
-474
322
4132
15042799
728
-216
-19
-445
-624
4378
15043824
1200
-235
-54
-470
14
4554
15044849
903
-136
-109
-370
718
4604
15045874
219
39
-72
-437
580
4657
15046899
-135
114
-30
-491
278
4540
15047924
-207
129
9
-616
47
4271
15048949
-86
75
5
-646
116
4120
15041665
75
18
21
-594
304
4209
15042690
98
30
27
-532
480
4418
15043715
-17
71
47
-593
285
4384
15044740
-134
70
35
-659
115
4173
15045765
-102
45
5
-610
87
4094
15046790
36
27
21
-582
257
4156
15047815
40
14
34
-599
323
4163
15048840
-17
3
49
-618
199
4101
15049865
-34
-12
56
-648
160
4071
15050890
-38
-17
45
-653
120
4122
15051915
13
-21
22
-646
208
4160
15052940
32
-24
14
-639
294
4076
15053965
0
-28
18
-617
276
4078
15054990
-49
-9
31
-600
183
4249
15056015
-59
7
41
-655
67
4299
15057040
-19
12
19
-662
136
4279
15049856
3
15
15
-627
283
4210
15050881
7
15
27
-599
357
4222
15051906
-43
20
45
-594
268
4280
15052931
-55
23
44
-635
139
4277
15053956
9
4
23
-619
157
4206
15054981
49
-4
1
-606
293
4162
15056006
41
7
-11
-581
369
4259
15057031
-31
23
1
-605
251
4305
15058056
-47
31
-3
-644
135
4246
15059081
9
14
-19
-654
154
4142
15060106
52
-9
-22
-637
238
4086
15061131
37
-13
-12
-627
292
4187
15062156
-29
-6
4
-639
234
4239
15063181
-52
-13
8
-651
144
4175
15064206
-10
-23
-5
-639
169
4142
15065231
40
-30
-12
-635
262
4162
15058068
14
-25
-16
-627
319
4250
15059093
-52
-13
-9
-656
233
4232
15060118
-36
-15
-10
-653
153
4172
15061143
15
-21
-17
-654
213
4152
15062168
20
-20
-16
-637
228
4239
15063193
-20
-11
-3
-641
203
4258
15064218
-38
-2
3
-654
202
4236
15065243
-23
4
7
-653
195
4202
15066268
-4
2
5
-638
176
4242
15067293
-11
7
3
-626
244
4229
15068318
-35
19
6
-650
235
4218
15069343
-42
14
3
-641
179
4193
15070368
-5
5
2
-636
188
4202
15071393
35
-4
16
-625
177
4224
15072418
35
-6
27
-630
216
4236
15073443
-2
-1
25
-625
269
4238
15066240
-22
5
23
-627
228
4216
15067265
-3
2
19
-618
243
4214
15068290
0
2
14
-626
188
4223
15069315
10
-1
1
-628
216
4184
15070340
4
4
-4
-640
209
4156
15071365
5
4
-4
-635
165
4175
15072390
11
2
2
-629
197
4184
15073415
-13
3
14
-632
160
4211
15074440
-28
5
11
-631
160
4200
15075465
-12
3
5
-615
223
4200
15076490
-8
4
5
-619
250
4228
15077515
-24
-3
7
-627
238
4199
15078540
-13
-8
7
-612
199
4219
15079565
23
-12
-5
-634
259
4221
15080590
8
-7
-25
-648
285
4222
15081615
-24
-6
-21
-636
235
4222
15074432
-21
-14
-2
-662
154
4198
15075457
15
-22
-1
-659
133
4207
15076482
31
-18
-6
-644
187
4229
15077507
14
-5
-3
-645
235
4231
15078532
-15
4
9
-630
238
4226
15079557
-35
11
21
-648
180
4205
15080582
-6
9
15
-649
138
4212
15081607
49
10
0
-652
230
4207
15082632
31
13
-4
-641
333
4172
15083657
-39
25
4
-651
232
4193
15084682
-36
13
4
-657
142
4187
15085707
3
-9
-9
-660
187
4125
15086732
1
-25
-12
-661
287
4075
15087757
-9
-36
14
-950
188
4104
15088782
116
-147
-50
-659
-34
3592
15089807
64
-63
-92
-89
643
3732
15082623
-423
236
-47
-498
228
4721
15083648
-425
279
94
-1546
-292
4575
15084673
-3
321
-69
-977
124
4941
15085698
-831
356
-50
-572
2053
1984
15086723
-1421
414
673
1428
-1855
8467
15087748
-2987
592
635
-1703
-1196
5625
15088773
-564
311
261
-697
-1998
4236
15089798
1593
134
42
-1309
203
2920
15090823
1181
-407
-11
-1281
3114
1361
15091848
13
-269
194
-504
26
3222
15092873
-475
-182
-2
-707
69
4492
15093898
-106
-224
-146
-530
-288
5361
15094923
162
-221
-377
-584
-607
5110
15095948
94
-253
-460
-817
192
3947
15096973
99
-225
-379
-509
40
4077
15097998
173
-159
-184
-291
-513
4829
15090816
-294
-31
19
-922
-1003
4132
15091841
-289
8
-6
-1184
-815
3890
15092866
-49
-136
-143
-786
888
3714
15093891
-195
-122
25
-946
88
3734
15094916
-189
-177
114
-947
-885
3621
15095941
353
-177
-28
-687
-579
4131
15096966
606
-200
-98
-507
190
4247
15097991
527
-177
-40
-375
24
4162
15099016
537
-107
-6
-343
217
4424
15100041
349
-30
2
-379
192
4574
15101066
16
32
-15
-475
-41
4463
15102091
-118
67
-54
-541
-74
4456
15103116
-18
46
-79
-616
36
4418
15104141
110
-19
-81
-569
84
4268
15105166
128
-46
-81
-574
128
4235
15106191
80
-53
-70
-595
-12
4376
15099008
81
-58
-56
-596
-209
4416
15100033
107
-61
-51
-599
-69
4322
15101058
100
-41
-55
-619
61
4145
15102083
93
-63
-46
-600
149
4059
15103108
60
-68
-34
-535
8
4151
15104133
110
-37
-17
-552
52
4295
15105158
127
6
-41
-629
172
4261
15106183
79
31
-85
-646
154
4110
15107208
31
28
-95
-625
135
4010
15108233
44
12
-82
-587
-36
4096
15109258
151
4
-76
-560
-26
4245
15110283
174
18
-98
-561
117
4264
15111308
88
26
-86
-531
159
4207
15112333
15
25
-22
-553
-12
4227
15113358
32
19
28
-615
-97
4342
15114383
85
12
26
-626
25
4358
15107199
110
13
15
-643
258
4240
15108224
66
-7
23
-635
274
4125
15109249
38
-26
34
-581
111
4146
15110274
97
-31
36
-564
119
4225
15111299
113
-14
25
-574
192
4225
15112324
72
2
4
-597
188
4174
15113349
46
-4
5
-583
152
4184
15114374
35
-8
28
-623
130
4245
15115399
0
-11
27
-649
126
4198
15116424
5
-28
1
-592
205
4054
15117449
81
-26
-3
-559
301
4086
15118474
75
-16
8
-577
331
4126
15119499
-39
14
-15
-606
270
4139
15120524
-73
22
-56
-626
71
4194
15121549
41
3
-78
-636
29
4324
15122574
111
-13
-68
-621
228
4316
15115392
38
6
-18
-673
159
4236
15116417
-33
10
16
-787
125
4213
15117442
-8
-19
33
-730
205
4254
15118467
89
-26
69
-597
318
4229
15119492
134
-6
101
-572
452
4159
15120517
53
31
98
-606
446
4145
15121542
0
59
75
-601
414
4187
15122567
25
72
63
-643
339
4252
15123592
79
57
35
-596
275
4235
15124617
108
46
14
-530
290
4157
15125642
152
45
34
-570
210
4157
15126667
119
27
36
-624
330
4274
15127692
-37
13
39
-604
254
4266
15128717
-97
-4
46
-597
170
4191
15129742
-22
-41
59
-578
184
4173
15130767
6
-65
70
-571
270
4175
15123584
-41
-62
62
-585
300
4181
15124609
-43
-57
60
-579
265
4212
15125634
1
-58
50
-559
259
4200
15126659
20
-39
27
-537
277
4178
15127684
-2
-13
16
-555
289
4167
15128709
-49
-2
2
-604
254
4191
15129734
-45
-8
-8
-575
216
4182
15130759
-26
-1
-10
-582
246
4196
15131784
-29
5
-13
-596
217
4227
15132809
-19
-3
-18
-594
208
4232
15133834
-8
-15
-10
-561
208
4184
15134859
0
-9
0
-536
205
4236
15135884
-4
2
-8
-547
229
4280
15136909
-18
5
-15
-575
238
4277
15137934
-20
0
-6
-594
239
4269
15138959
-11
-14
-8
-598
254
4198
15131777
8
-28
-32
-563
294
4152
15132802
22
-28
-34
-553
281
4244
15133827
2
-22
-15
-602
246
4276
15134852
-29
-22
-14
-620
221
4197
15135877
-4
-26
-21
-575
166
4210
15136902
66
-27
-18
-578
220
4250
15137927
70
-20
-14
-578
307
4236
15138952
-6
2
-10
-575
266
4229
15139977
-39
14
-5
-575
192
4255
15141002
-3
14
-7
-581
191
4266
15142027
34
12
-5
-596
243
4254
15143052
46
12
-7
-595
268
4223
15144077
59
8
-4
-588
262
4193
15145102
45
16
-11
-577
298
4243
15146127
35
21
-18
-584
283
4233
15147152
50
23
-29
-603
305
4180
15139968
34
28
-39
-616
302
4167
15140993
20
28
-34
-629
256
4194
15142018
31
14
-26
-627
223
4217
15143043
52
2
-15
-641
242
4168
15144068
34
-2
-9
-637
319
4133
15145093
-8
0
-8
-633
298
4152
15146118
5
-12
-1
-618
231
4217
15147143
42
-29
10
-604
270
4156
15148168
36
-30
13
-594
358
4086
15149193
-18
-18
3
-574
386
4121
15150218
-63
-8
6
-585
246
4212
15151243
-59
1
14
-638
192
4215
15152268
-9
3
13
-658
235
4193
15153293
24
-2
1
-614
263
4169
15154318
24
9
3
-586
322
4239
15155343
-32
28
18
-619
274
4272
15148159
-64
36
18
-643
289
4247
15149184
-40
20
15
-608
233
4236
15150209
13
-1
27
-584
243
4244
15151234
7
-9
35
-602
300
4250
15152259
-21
-16
35
-562
319
4215
15153284
-16
-18
27
-571
337
4172
15154309
8
-16
41
-810
269
4164
15155334
115
-70
19
-1104
111
3298
15156359
285
-183
-129
-539
636
2504
15157384
291
-10
-18
-79
329
3966
15158409
528
458
550
-1391
384
5436
15159434
-295
507
560
1415
-1274
8229
15160459
-2398
316
236
-671
276
5594
15161484
-745
55
291
-954
-762
2947
15162509
1023
455
203
-424
-163
5221
15163534
418
274
-307
-1415
1330
4109
15156352
-788
-218
-612
-1930
4187
-1149
15157377
209
-509
164
118
674
2398
15158402
-276
-65
12
-306
-1012
6255
15159427
-336
-94
-218
-293
10
7382
15160452
-424
132
-29
-687
-727
5840
15161477
-155
173
178
-1172
-1723
3255
15162502
352
22
63
-970
-1087
3036
15163527
738
-76
33
-928
1367
4054
15164552
167
-36
-61
-690
851
4109
15165577
-430
-21
33
-663
92
3732
15166602
-671
25
82
-971
142
3618
15167627
-51
-134
22
-761
-98
3448
15168652
554
-228
-43
-392
542
3875
15169677
464
-164
-14
-391
211
4272
15170702
338
-113
-26
-506
226
4484
15171727
163
-68
-50
-555
211
4584
15164544
-94
-28
-111
-580
435
4382
15165569
-260
-25
-101
-543
391
4204
15166594
-206
-68
-25
-597
-103
4200
15167619
102
-99
17
-647
-270
4454
15168644
273
-84
1
-647
69
4584
15169669
151
-19
-31
-666
354
4438
15170694
-35
22
-37
-632
482
4234
15171719
-160
2
1
-620
148
4049
15172744
-9
-41
27
-601
-95
4090
15173769
167
-47
0
-609
117
4196
15174794
143
-25
-35
-579
406
4241
15175819
-60
0
-3
-615
308
4127
15176844
-145
-2
14
-652
130
4044
15177869
-10
-25
2
-610
115
4157
15178894
83
-37
10
-619
173
4261
15179919
20
-25
10
-641
249
4224
15172735
-87
-21
-10
-642
233
4070
15173760
-62
-23
-30
-596
122
4180
15174785
57
-27
-25
-538
222
4366
15175810
-4
-3
-36
-563
239
4343
15176835
-102
14
-44
-563
143
4193
15177860
-53
7
-28
-544
131
4154
15178885
26
0
-13
-553
233
4235
15179910
1
7
-6
-579
248
4251
15180935
-59
25
-19
-614
200
4282
15181960
-59
28
-29
-652
186
4267
15182985
9
-1
-33
-655
241
4210
15184010
26
-27
-13
-624
184
4161
15185035
19
-29
-11
-609
273
4323
15186060
-33
-16
-13
-620
186
4348
15187085
19
-17
-10
-624
105
4344
15188110
79
-27
7
-557
170
4270
15180928
46
-6
32
-614
183
4184
15181953
-18
10
23
-626
125
4136
15182978
14
7
23
-621
159
4169
15184003
29
-2
28
-631
156
4166
15185028
12
-8
16
-631
154
4117
15186053
-4
-16
6
-600
151
4104
15187078
-2
-26
8
-578
168
4121
15188103
25
-21
21
-560
138
4237
15189128
34
-4
19
-587
198
4295
15190153
-40
23
16
-609
208
4248
15191178
-73
24
16
-614
181
4159
15192203
-13
-3
17
-586
225
4144
15193228
38
-6
14
-563
254
4249
15194253
7
12
-3
-578
275
4308
15195278
-57
27
-11
-604
147
4238
15196303
-43
19
-15
-608
147
4170
15189121
-8
8
-7
-606
149
4207
15190146
-3
1
-6
-591
185
4232
15191171
-16
-4
-3
-626
210
4175
15192196
-26
-15
-2
-629
204
4150
15193221
-19
-23
-6
-598
193
4211
15194246
3
-30
-10
-590
185
4225
15195271
-3
-17
-16
-601
170
4240
15196296
-17
-1
-20
-625
163
4249
15197321
-11
8
-22
-615
151
4264
15198346
2
13
-10
-621
148
4229
15199371
-22
10
2
-635
135
4194
15200396
-19
4
6
-610
106
4234
15201421
43
-2
10
-582
164
4313
15202446
57
-7
21
-581
218
4240
15203471
-3
5
31
-603
207
4187
15204496
-33
15
37
-602
141
4261
15197311
-3
8
17
-610
206
4260
15198336
25
3
4
-600
254
4237
15199361
20
-1
24
-625
189
4204
15200386
-2
-3
18
-631
162
4194
15201411
13
-3
5
-603
157
4223
15202436
25
-5
12
-609
206
4242
15203461
7
-6
15
-613
212
4208
15204486
-8
-5
10
-601
153
4166
15205511
0
-2
9
-609
153
4165
15206536
7
-3
7
-616
205
4202
15207561
1
-5
13
-618
212
4239
15208586
7
-14
22
-612
156
4212
15209611
20
-18
11
-618
192
4179
15210636
10
-15
-2
-601
208
4222
15211661
-5
-15
2
-602
235
4217
15212686
-5
-16
-1
-596
184
4202
15205505
19
-16
-8
-595
120
4213
15206530
38
-13
-13
-594
193
4214
15207555
-5
0
-6
-601
178
4215
15208580
-19
8
-1
-606
128
4235
15209605
-2
6
-4
-606
194
4223
15210630
-31
10
-7
-610
165
4177
15211655
-14
7
-7
-593
172
4197
15212680
22
-3
1
-598
216
4226
15213705
12
-2
3
-617
216
4246
15214730
-22
2
2
-631
188
4240
15215755
-19
-9
-1
-634
186
4163
15216780
16
-22
-7
-597
229
4138
15217805
10
-18
-3
-590
261
4160
15218830
-24
-19
2
-666
214
4104
15219855
43
-50
-2
-957
144
3651
15220880
276
-148
-8
-1010
455
2427
15213696
239
60
-127
-528
993
2257
15214721
264
358
463
-44
-546
4757
15215746
881
826
852
854
-2111
10561
15216771
-1318
645
5
320
770
8045
15217796
-1689
64
-544
-2800
1003
-274
15218821
943
-31
-94
-262
1352
2492
15219846
6
-25
-58
-1108
814
3586
15220871
-152
-463
-224
-671
207
3717
15221896
-117
-359
-266
-839
-348
4344
15222921
-370
-410
-429
-1121
222
4150
15223946
-218
-506
-377
-543
239
4659
15224971
-155
-381
-168
-166
-180
5280
15225996
-109
-149
23
-327
-583
4928
15227021
-108
41
352
-968
-1118
4627
15228046
-720
171
44
-993
1282
4271
15229071
-697
87
37
-914
253
3531
15221888
-83
-56
126
-714
-383
3404
15222913
391
-4
81
-615
274
4112
15223938
139
113
42
-755
-277
4183
15224963
360
9
61
-552
-61
4091
15225988
379
-31
53
-346
285
4063
15227013
291
23
96
-428
310
4084
15228038
-31
-3
69
-460
195
3982
15229063
-242
41
106
-394
-562
4384
15230088
-4
66
101
-575
-331
4706
15231113
126
72
11
-602
248
4512
15232138
9
87
3
-623
331
4218
15233163
-146
34
38
-600
137
3925
15234188
-81
-22
65
-524
-191
4101
15235213
142
-38
52
-535
-116
4422
15236238
209
-6
4
-592
143
4437
15237263
138
21
-12
-613
308
4268
15230080
-18
5
-2
-632
276
4042
15231105
-68
-32
7
-614
-15
4025
15232130
49
-52
-8
-593
28
4312
15233155
64
-54
-15
-634
59
4316
15234180
10
-39
-46
-626
40
4251
15235205
5
-30
-25
-575
58
4290
15236230
-20
-29
11
-583
9
4171
15237255
16
-16
9
-561
-25
4212
15238280
41
8
22
-584
48
4346
15239305
-24
28
28
-656
78
4209
15240330
-45
29
3
-642
106
4090
15241355
1
18
3
-613
149
4062
15242380
25
-11
12
-576
68
4132
15243405
4
-1
6
-565
25
4280
15244430
-24
20
13
-615
-5
4311
15245455
-36
21
5
-625
54
4258
15238271
-24
9
6
-597
121
4261
15239296
0
-5
19
-597
129
4273
15240321
5
-15
22
-582
110
4274
15241346
5
-10
14
-574
108
4257
15242371
18
-10
14
-581
82
4241
15243396
15
1
9
-594
108
4223
15244421
-14
14
-10
-617
121
4186
15245446
-46
2
-11
-601
36
4138
15246471
9
-8
-2
-604
2
4202
15247496
61
-18
-5
-629
71
4237
15248521
20
-11
-15
-650
75
4191
15249546
-31
-5
-21
-637
100
4161
15250571
-42
-14
-10
-617
57
4201
15251596
-8
-40
-3
-594
14
4196
15252621
44
-39
-13
-582
48
4313
15253646
32
-15
-18
-584
77
4337
15246773
-17
2
-16
-586
69
4246
15247798
-41
11
-1
-578
4
4185
15248823
-9
17
11
-606
45
4222
15249848
-3
22
13
-617
88
4228
15250873
-16
27
16
-634
103
4200
15251898
-6
9
27
-629
86
4175
15252923
22
-3
34
-624
124
4251
15253948
8
-4
21
-631
129
4260
15254973
15
-9
9
-607
108
4230
15255998
8
-6
11
-603
109
4281
15257023
2
-2
9
-605
83
4284
15258048
11
3
3
-621
30
4267
15259073
28
1
5
-623
53
4217
15260098
18
-5
10
-612
94
4142
15261123
14
-3
10
-576
82
4189
15262148
12
6
17
-593
63
4256
15254657
-12
13
19
-639
-8
4210
15255682
1
11
11
-609
15
4188
15256707
34
14
4
-590
121
4185
15257732
5
20
-5
-590
178
4179
15258757
-54
26
-9
-603
63
4208
15259782
-31
11
-6
-617
-6
4230
15260807
18
-10
-10
-619
87
4226
15261832
13
-17
-14
-613
157
4216
15262857
-28
-23
-7
-602
123
4231
15263882
-30
-29
11
-592
60
4276
15264907
27
-32
18
-618
0
4328
15265932
66
-33
0
-613
123
4288
15266957
23
-10
-15
-612
129
4238
15267982
9
0
-9
-609
100
4262
15269007
10
0
2
-635
59
4214
15270032
28
-7
-6
-654
63
4155
15262849
51
-12
-25
-621
150
4176
15263874
21
-3
-15
-611
116
4231
15264899
-11
-4
7
-626
37
4236
15265924
6
-19
12
-618
9
4201
15266949
51
-21
6
-602
101
4194
15267974
22
-8
8
-599
190
4216
15268999
-33
5
12
-600
110
4244
15270024
-16
3
23
-614
74
4233
15271049
20
0
12
-634
82
4195
15272074
33
-7
-10
-614
177
4130
15273099
1
-13
-11
-600
152
4115
15274124
-16
-14
-12
-596
88
4203
15275149
10
-15
-18
-657
59
4263
15276174
99
-53
-54
-666
12
3976
15277199
170
-92
-104
-441
153
3763
15278224
44
-17
-88
-739
316
3438
15271041
-62
16
-147
-1039
381
2412
15272066
413
123
-218
-167
-52
3942
15273091
430
416
440
-571
611
5566
15274116
-1273
858
743
2011
-2659
10760
15275141
-1930
337
276
-1841
257
4052
15276166
253
101
-172
-1076
-62
2583
15277191
1062
269
-301
-919
927
3311
15278216
603
-203
-350
-1349
1730
2406
15279241
232
-417
-275
-869
760
2943
15280266
-313
-381
-349
-894
477
3971
15281291
-426
-419
-353
-556
-314
5103
15282316
-164
-379
-264
-479
-621
5471
15283341
11
-278
-198
-656
-247
4411
15284366
17
-142
-48
-617
-435
4148
15285391
-245
-31
285
-665
-590
4815
15286416
-805
122
230
-964
210
4590
15279232
-751
75
170
-1258
-415
3353
15280257
-73
-89
190
-968
-129
3487
15281282
451
-155
147
-583
553
4054
15282307
458
-131
237
-565
-339
4230
15283332
518
-153
162
-368
-17
4161
15284357
319
-70
95
-291
235
4187
15285382
253
-52
106
-321
303
4035
15286407
104
-34
64
-252
374
4259
15287432
-146
51
79
-265
-272
4658
15288457
-104
102
61
-534
-362
4623
15289482
36
70
-26
-598
137
4277
15290507
50
52
-35
-515
241
4098
15291532
23
25
-12
-539
188
4217
15292557
-89
15
-11
-547
-58
4306
15293582
-41
19
-4
-572
-219
4339
15294607
119
-5
-33
-596
56
4249
15287423
133
-24
-53
-538
242
4054
15288448
-3
-12
-30
-547
251
4128
15289473
-139
2
-4
-593
-36
4188
15290498
-70
-14
-7
-617
-147
4191
15291523
53
-36
-10
-621
-43
4141
15292548
109
-49
-21
-601
156
4144
15293573
44
-26
-8
-544
130
4293
15294598
-59
20
19
-607
-17
4353
15295623
-69
33
7
-626
-107
4253
15296648
30
17
-7
-597
62
4144
15297673
66
10
-5
-552
175
4188
15298698
-17
14
12
-541
85
4201
15299723
-41
29
11
-591
-57
4372
15300748
4
16
15
-596
-22
4345
15301773
28
4
7
-586
105
4206
15302798
25
0
9
-565
155
4162
15295616
3
-6
14
-563
123
4253
15296641
-12
-15
27
-552
3
4270
15297666
29
-12
14
-591
-3
4275
15298691
48
-5
-14
-576
130
4236
15299716
-8
15
-16
-589
135
4119
15300741
-29
11
-6
-588
78
4198
15301766
-12
-3
6
-595
-9
4243
15302791
14
-5
-7
-620
-16
4208
15303816
20
-2
-28
-619
43
4170
15304841
4
-1
-19
-601
32
4209
15305866
-3
-8
4
-567
36
4216
15306891
-15
-6
14
-574
37
4214
15307916
1
3
12
-568
13
4281
15308941
6
4
12
-591
46
4287
15309966
-20
8
21
-585
54
4245
15310991
-20
5
18
-604
85
4194
15303808
7
-3
1
-548
135
4232
15304833
3
5
1
-576
103
4230
15305858
-1
4
1
-609
36
4245
15306883
-5
-3
4
-601
36
4211
15307908
-5
-4
-2
-581
36
4211
15308933
22
-1
0
-583
43
4266
15309958
32
-4
8
-605
103
4261
15310983
0
-3
23
-614
51
4196
15312008
3
-9
27
-589
0
4198
15313033
37
-11
21
-584
23
4251
15314058
42
-8
9
-581
110
4264
15315083
-11
4
13
-587
101
4219
15316108
-29
3
18
-603
65
4163
15317133
-10
-6
6
-594
39
4203
15318158
35
-11
6
-568
40
4309
15319183
28
-9
13
-598
113
4284
15312000
-20
-3
7
-585
117
4196
15313025
-30
-5
12
-576
51
4198
15314050
6
-12
15
-579
56
4256
15315075
49
-15
8
-564
104
4268
15316100
5
-2
1
-573
107
4230
15317125
-39
9
5
-589
35
4210
15318150
-14
2
10
-616
-8
4210
15319175
16
-14
3
-589
59
4166
15320200
3
-8
4
-567
101
4211
15321225
-5
-5
9
-574
81
4239
15322250
-1
-6
4
-575
46
4248
15323275
0
-9
1
-583
47
4192
15324300
7
-11
2
-568
107
4193
15325325
1
-4
5
-557
113
4247
15326350
-10
4
4
-583
72
4269
15327375
-17
8
1
-601
70
4234
15320193
13
-6
5
-592
64
4171
15321218
50
-23
-5
-584
115
4132
15322243
62
-22
-10
-564
138
4190
15323268
42
-4
-3
-579
103
4271
15324293
25
7
-2
-583
95
4328
15325318
33
7
8
-578
15
4290
15326343
39
14
13
-602
-23
4204
15327368
44
21
4
-638
74
4189
15328393
99
11
2
-590
105
4270
15329418
159
-3
20
-600
114
4308
15330443
117
-1
13
-621
109
4223
15331468
7
4
5
-598
155
4110
15332493
-36
-3
11
-591
159
4110
15333518
-25
-11
23
-539
181
4308
15334543
-33
8
13
-583
101
4332
15335568
-6
3
4
-624
94
4178
15328384
29
-21
0
-616
138
4096
15329409
59
-44
-5
-561
213
4132
15330434
43
-41
-13
-557
195
4208
15331459
-11
-35
-27
-565
92
4226
15332484
-24
-52
-52
-539
54
4056
15333509
56
-52
-72
-494
146
4050
15334534
79
-34
-68
-440
183
4296
15335559
-27
-5
-55
-437
1
4346
15336584
-83
14
-69
-535
1
4176
15337609
-89
-20
-109
-738
278
3713
15338634
-324
-63
-183
-1082
799
2039
15339659
-376
-13
-87
-679
662
1498
15340684
1036
232
873
284
-2368
8840
15341709
871
788
770
1427
-683
11018
15342734
-669
474
-216
-2227
670
2882
15343759
-565
-169
-414
-1473
3064
530
15336576
-940
270
22
-437
-297
4117
15337601
-191
-108
-476
-868
71
4333
15338626
541
-256
-611
-732
305
4309
15339651
-116
-261
-811
-1487
719
2753
15340676
-200
-435
-600
-439
230
3444
15341701
-50
-281
-25
254
-1151
5724
15342726
-441
60
172
-524
-707
5621
15343751
-742
264
140
-899
-488
4358
15344776
-428
256
278
-854
-966
3921
15345801
-178
248
238
-1095
85
4167
15346826
-240
173
84
-953
454
4073
15347851
-328
95
95
-842
-270
3885
15348876
-190
-50
158
-828
99
3486
15349901
115
-131
182
-633
-99
3907
15350926
249
-86
200
-558
-323
4474
15351951
191
-34
190
-573
-404
4344
15344768
130
-27
110
-581
89
4018
15345793
123
-35
72
-465
331
3953
15346818
99
-30
96
-372
328
4257
15347843
-127
7
116
-552
-309
4234
15348868
-171
22
80
-644
-593
4341
15349893
69
6
-5
-691
-196
4409
15350918
267
-20
-47
-613
178
4233
15351943
209
-9
9
-628
47
4186
15352968
-46
-32
29
-610
-135
4056
15353993
-149
-35
9
-596
-366
4101
15355018
70
-32
-23
-559
-72
4372
15356043
148
-11
-20
-612
120
4474
15357068
-14
27
-19
-687
-1
4318
15358093
-148
14
-10
-711
-125
4028
15359118
-73
-17
-8
-654
-222
4094
15360143
123
-48
15
-644
-46
4301
15352961
110
-31
3
-656
15
4381
15353986
-32
2
1
-696
-94
4280
15355011
-69
-8
5
-698
-148
4077
15356036
5
-23
10
-631
-141
4147
15357061
46
-14
19
-622
-48
4319
15358086
-13
15
23
-666
-108
4345
15359111
-36
19
27
-687
-139
4212
15360136
-18
-2
24
-681
-111
4088
15361161
35
-8
22
-635
-72
4201
15362186
43
-4
25
-637
4
4320
15363211
-1
-1
15
-653
2
4267
15364236
-7
-21
8
-659
-93
4087
15365261
64
-40
9
-618
-56
4118
15366286
63
-25
10
-615
-76
4316
15367311
-9
2
9
-626
-98
4384
15368336
-44
20
3
-685
-120
4251
15361152
2
-2
-10
-661
-50
4123
15362177
33
-16
-1
-617
20
4160
15363202
-9
-10
14
-627
-86
4275
15364227
-2
-7
4
-638
-130
4283
15365252
43
-7
-1
-635
-85
4220
15366277
48
4
5
-637
1
4238
15367302
-21
8
13
-648
-15
4219
15368327
-39
6
14
-659
-94
4181
15369352
15
-5
6
-672
-84
4198
15370377
39
-17
4
-656
-19
4157
15371402
-2
-15
8
-646
-22
4166
15372427
-29
-7
6
-618
-103
4208
15373452
-6
4
3
-624
-92
4262
15374477
-9
15
-17
-660
-27
4264
15375502
-16
12
-16
-649
-57
4232
15376527
-18
-2
-8
-636
-51
4194
15369344
-3
-10
2
-633
-122
4210
15370369
16
-17
-6
-626
-28
4238
15371394
-2
-12
-5
-642
-74
4247
15372419
1
-12
1
-655
-76
4227
15373444
3
-14
3
-648
-74
4205
15374469
9
-10
3
-648
-71
4233
15375494
3
-3
-1
-648
-47
4263
15376519
10
6
-9
-661
-19
4248
15377544
5
1
-6
-675
-60
4186
15378569
-15
-4
11
-663
-102
4203
15379594
8
-10
23
-642
-126
4263
15380619
25
-5
18
-636
-56
4306
15381644
3
10
12
-654
-27
4213
15382669
-9
15
1
-660
-39
4188
15383694
-23
17
11
-645
-59
4207
15384719
-4
10
26
-659
-120
4178
15377535
26
3
9
-654
-40
4168
15378560
-8
11
2
-662
-43
4219
15379585
-30
8
12
-667
-80
4256
15380610
-20
-6
18
-661
-99
4216
15381635
13
-27
21
-623
-88
4187
15382660
25
-33
25
-605
-57
4231
15383685
14
-15
29
-616
-45
4302
15384710
-18
6
28
-633
-23
4295
15385735
-43
19
28
-661
-86
4220
15386760
-19
4
28
-686
-107
4148
15387785
10
-6
20
-682
-65
4160
15388810
9
-10
3
-681
9
4217
15389835
-23
-17
4
-641
-24
4248
15390860
-15
-21
28
-652
-131
4253
15391885
11
-21
21
-644
-93
4270
15392910
16
-13
4
-619
-47
4244
15385728
9
-6
3
-624
15
4257
15386753
-4
-7
5
-623
-16
4246
15387778
1
-1
1
-626
-102
4253
15388803
15
0
-9
-673
-35
4194
15389828
2
-23
-18
-664
30
4065
15390853
-20
-42
-8
-632
-63
4103
15391878
35
-35
11
-605
-138
4348
15392903
30
-7
11
-663
-117
4397
15393928
-44
11
6
-693
-196
4232
15394953
-22
-12
-4
-672
-19
4036
15395978
37
-37
5
-619
18
4078
15397003
37
-29
9
-605
-16
4237
15398028
-1
-7
3
-640
-98
4251
15399053
100
-14
6
-976
83
3910
15400078
447
-261
54
-1606
1221
1089
15401103
779
-187
134
-649
2525
596
15393920
831
585
1467
258
-5109
8088
15394945
38
864
1044
2231
-173
12679
15395970
-3076
709
69
-1369
2094
4119
15396995
-1613
79
-61
-1245
-1332
339
15398020
1819
-80
95
-727
-564
3367
15399045
2309
-782
-176
-1126
888
3408
15400070
1252
-985
-280
-758
731
3960
15401095
-202
-653
-288
-988
496
4198
15402120
-636
-401
-322
-1081
157
3960
15403145
-255
-387
-371
-746
-214
3900
15404170
513
-317
-302
-116
-384
5589
15405195
455
-80
-75
-179
28
6212
15406220
-164
269
-99
-725
-75
4854
15407245
-376
475
-160
-783
381
4241
15408270
-337
555
-166
-816
1497
4382
15409295
-400
479
15
-1234
346
3574
15402111
40
209
83
-1065
-752
2894
15403136
498
90
-78
-497
506
3291
15404161
330
149
-38
-617
694
3904
15405186
97
107
55
-502
271
4276
15406211
111
41
89
-359
61
4352
15407236
-14
32
38
-535
93
4060
15408261
-241
21
-16
-387
-5
4090
15409286
-161
21
13
-463
84
4476
15410311
-81
-11
-22
-573
118
4415
15411336
-165
-24
-55
-619
44
4098
15412361
-181
-81
-39
-622
-11
3852
15413386
-33
-119
-17
-583
-18
4161
15414411
64
-118
-27
-597
71
4513
15415436
13
-83
-56
-623
32
4361
15416461
-37
-50
-72
-691
122
4110
15417486
-77
-60
-58
-694
212
3968
15410305
-61
-72
-48
-653
153
4106
15411330
-14
-53
-30
-650
56
4362
15412355
13
-20
-38
-728
26
4411
15413380
5
0
-42
-732
95
4264
15414405
-35
4
-12
-731
145
4117
15415430
-38
-3
18
-679
127
4190
15416455
9
-7
31
-659
76
4366
15417480
26
5
28
-630
48
4437
15418505
-1
36
43
-672
63
4335
15419530
-12
41
43
-675
96
4176
15420555
12
24
38
-612
134
4138
15421580
28
24
35
-566
179
4264
15422605
-9
39
49
-625
51
4286
15423630
-17
32
45
-653
12
4189
15424655
-5
22
40
-659
38
4128
15425680
37
5
17
-634
106
4119
15418497
54
6
23
-595
105
4153
15419522
-2
24
40
-654
128
4175
15420547
-93
32
48
-680
27
4170
15421572
-70
19
42
-670
-45
4200
15422597
37
3
35
-599
26
4230
15423622
67
8
38
-603
202
4193
15424647
-30
8
38
-629
288
4182
15425672
-155
13
44
-659
136
4255
15426697
-124
7
48
-701
-21
4285
15427722
6
-22
35
-721
48
4209
15428747
75
-52
20
-704
229
4184
15429772
42
-63
28
-672
283
4261
15430797
-32
-58
38
-700
142
4281
15431822
-41
-57
25
-694
-6
4173
15432847
49
-52
10
-656
-59
4196
15433872
127
-41
-8
-594
132
4268
15426688
85
-10
-19
-560
200
4239
15427713
-22
29
-20
-606
70
4189
15428738
-73
48
-37
-622
-29
4204
15429763
-24
41
-60
-581
-16
4186
15430788
42
35
-62
-538
72
4158
15431813
38
48
-42
-590
113
4192
15432838
-36
53
-37
-640
104
4181
15433863
-83
45
-33
-647
55
4146
15434888
-53
23
-21
-682
56
4127
15435913
-6
-9
-14
-713
123
4162
15436938
9
-38
1
-704
158
4224
15437963
-12
-50
13
-716
86
4287
15438988
-23
-43
-6
-702
53
4325
15440013
17
-29
-18
-663
12
4334
15441038
63
-13
-15
-652
63
4337
15442063
38
2
-11
-650
52
4280
15434880
9
19
-14
-646
70
4268
15435905
8
28
-14
-653
78
4257
15436930
15
28
-6
-668
79
4170
15437955
17
15
-15
-662
134
4123
15438980
23
-1
-10
-647
167
4136
15440005
21
-8
3
-682
89
4172
15441030
39
-16
2
-710
90
4187
15442055
48
-29
-2
-718
110
4173
15443080
40
-29
3
-698
100
4247
15444105
35
-20
3
-688
52
4277
15445130
45
-4
-13
-679
81
4230
15446155
40
12
-21
-679
130
4197
15447180
1
32
-10
-665
38
4209
15448205
11
53
1
-664
29
4253
15449230
17
70
2
-706
119
4186
15450255
-20
80
2
-742
161
4109
15443073
-46
68
12
-752
115
4104
15444098
-17
35
19
-749
147
4120
15445123
4
2
26
-741
187
4142
15446148
-6
-18
45
-718
147
4190
15447173
-3
-22
58
-695
98
4270
15448198
6
-15
52
-686
109
4270
15449223
5
-3
45
-683
150
4275
15450248
-10
5
47
-667
156
4251
15451273
-10
9
40
-672
85
4255
15452298
20
6
24
-655
96
4215
15453323
25
19
16
-657
143
4186
15454348
-12
36
20
-675
140
4204
15455373
-39
39
21
-710
89
4223
15456398
-11
16
17
-725
77
4139
15457423
34
-5
22
-727
133
4143
15458448
38
-15
32
-719
177
4206
15451264
14
-12
20
-695
166
4229
15452289
2
-5
12
-691
122
4268
15453314
12
0
5
-689
106
4260
15454339
26
8
-9
-665
122
4265
15455364
25
17
-16
-668
148
4223
15456389
2
21
-28
-676
146
4191
15457414
-4
27
-25
-705
98
4201
15458439
19
9
-29
-714
104
4145
15459464
29
-9
-31
-709
155
4113
15460489
14
-15
-17
-742
140
4163
15461514
-2
-25
-12
-697
127
4255
15462539
11
-30
-9
-652
91
4274
15463564
40
-20
-22
-658
98
4276
15464589
42
1
-33
-636
162
4270
15465614
18
24
-28
-646
144
4230
15466639
4
34
-30
-674
162
4152
15459457
-13
41
-29
-745
120
4164
15460482
1
36
-18
-827
62
4172
15461507
36
18
-19
-815
159
4117
15462532
31
13
-3
-791
180
4108
15463557
19
12
21
-794
140
4170
15464582
27
1
43
-797
125
4219
15465607
13
-10
65
-746
128
4206
15466632
3
-3
90
-740
127
4208
15467657
0
7
92
-750
159
4197
15468682
13
8
85
-731
188
4194
15469707
35
3
79
-699
171
4163
15470732
33
8
60
-678
224
4199
15471757
-14
22
52
-691
136
4228
15472782
-9
26
40
-701
167
4211
15473807
5
23
32
-704
187
4201
15474832
-10
11
22
-698
169
4162
15467649
-13
2
17
-703
180
4183
15468674
-1
-5
24
-712
156
4221
15469699
13
-11
20
-717
177
4199
15470724
4
-9
6
-705
181
4177
15471749
5
1
3
-690
133
4229
15472774
23
6
-5
-704
147
4252
15473799
22
8
-30
-689
200
4233
15474824
1
11
-31
-685
151
4212
15475849
-15
7
-26
-713
109
4176
15476874
-7
-2
-25
-738
136
4132
15477899
4
-6
-16
-779
186
4156
15478924
-9
-24
-5
-825
209
4154
15479949
-24
-47
5
-826
175
4144
15480974
-3
-63
23
-781
135
4181
15481999
40
-69
25
-750
175
4206
15483024
51
-52
20
-721
216
4258
15475840
38
-24
26
-705
168
4338
15476865
15
0
24
-696
113
4299
15477890
10
26
13
-694
122
4231
15478915
22
36
6
-692
171
4191
15479940
20
37
0
-704
225
4170
15480965
3
43
6
-711
195
4154
15481990
-9
43
10
-735
159
4124
15483015
-5
34
7
-749
159
4106
15484040
3
17
10
-771
215
4118
15485065
1
-1
22
-766
219
4172
15486090
14
-12
33
-737
233
4230
15487115
21
-14
27
-730
251
4222
15488140
10
-10
11
-717
212
4231
15489165
13
-4
3
-710
172
4251
15490190
33
6
-11
-704
191
4256
15491215
21
14
-15
-687
170
4272
15484032
8
16
-13
-701
162
4233
15485057
16
10
-9
-697
162
4190
15486082
7
6
-5
-712
185
4175
15487107
-8
3
-7
-712
188
4194
15488132
-1
-7
1
-736
203
4151
15489157
5
-18
-1
-743
254
4122
15490182
-7
-20
-6
-744
235
4135
15491207
5
-21
-15
-744
194
4142
15492232
26
-21
-15
-761
243
4175
15493257
8
-19
-5
-765
199
4167
15494282
-3
-14
-5
-746
190
4180
15495307
-8
-10
-6
-750
161
4186
15496332
-4
-6
0
-765
159
4189
15497357
3
-2
0
-774
213
4196
15498382
8
-9
8
-753
185
4184
15499407
3
-15
16
-730
180
4168
15492223
-8
-10
27
-727
157
4211
15493248
-5
5
27
-753
141
4238
15494273
-9
21
11
-761
197
4251
15495298
-44
31
16
-752
224
4170
15496323
-80
36
43
-800
200
4073
15497348
-58
28
74
-866
165
4090
15498373
-1
3
82
-913
217
4121
15499398
25
-16
82
-906
345
4210
15500423
-9
-25
99
-852
329
4282
15501448
-39
-33
104
-780
211
4289
15502473
-1
-33
80
-719
175
4313
15503498
54
-29
49
-661
187
4350
15504523
66
-12
34
-611
207
4335
15505548
46
10
24
-621
160
4285
15506573
52
13
4
-614
116
4240
15507598
58
6
-6
-606
148
4188
15500416
22
8
-5
-637
172
4197
15501441
0
-2
-8
-642
157
4185
15502466
41
-24
-22
-632
138
4190
15503491
85
-36
-41
-654
210
4184
15504516
47
-29
-46
-668
241
4165
15505541
-4
-14
-39
-664
197
4155
15506566
11
-7
-44
-720
219
4177
15507591
43
-6
-56
-763
293
4152
15508616
52
-7
-53
-764
308
4122
15509641
45
-2
-40
-759
278
4155
15510666
26
6
-31
-755
233
4161
15511691
21
16
-31
-766
273
4160
15512716
27
18
-14
-765
274
4168
15513741
25
12
-6
-748
272
4177
15514766
2
2
0
-728
219
4188
15515791
0
-8
7
-738
200
4196
15508608
13
-18
10
-726
212
4201
15509633
11
-15
8
-703
289
4196
15510658
-34
-5
10
-734
261
4181
15511683
-47
-13
16
-769
193
4150
15512708
-14
-31
19
-775
226
4168
15513733
-9
-41
15
-750
285
4181
15514758
-32
-41
19
-741
308
4137
15515783
-39
-46
20
-725
280
4135
15516808
-8
-52
21
-733
250
4170
15517833
8
-53
13
-739
270
4226
15518858
5
-49
3
-756
278
4214
15519883
-7
-39
-1
-757
254
4253
15520908
-27
-24
-1
-742
206
4268
15521933
-4
-22
-2
-721
148
4221
15522958
38
-19
-5
-681
176
4232
15523983
