Device = VHR-0009
time_stamp = 1779861051322
sample_rate = 50
Data format = INT16
TYPE = 6-AXIS IMU RAW DATA
237
-422
-720
-1315
638
4137
4768896
261
-347
-578
-1312
306
4128
4769921
359
-195
-432
-1419
471
4196
4770946
230
-71
-261
-1455
819
4253
4771971
-153
45
-51
-1532
717
4162
4772996
-391
132
91
-1594
792
4096
4774021
-494
177
168
-1570
843
4035
4775046
-439
192
202
-1493
883
3912
4776071
-323
213
189
-1442
1085
3709
4777096
-252
198
171
-1391
1186
3535
4778121
-277
179
140
-1282
1439
3646
4779146
-463
208
136
-1286
1292
3871
4780171
-601
203
91
-1416
960
3893
4781196
-526
115
-27
-1408
700
3837
4782221
-296
37
-107
-1352
723
3702
4783246
-106
3
-126
-1415
770
3758
4784271
-69
-62
-126
-1394
791
3901
4777088
-143
-102
-118
-1392
732
3990
4778113
-208
-132
-103
-1405
578
4029
4779138
-178
-161
-67
-1405
515
4082
4780163
-175
-171
-9
-1445
661
4022
4781188
-275
-192
83
-1450
633
3873
4782213
-386
-204
160
-1370
612
3763
4783238
-486
-168
232
-1353
533
3846
4784263
-610
-144
253
-1356
530
3924
4785288
-712
-156
223
-1270
668
3848
4786313
-866
-127
174
-1206
841
3657
4787338
-1010
-76
148
-1179
609
3865
4788363
-924
-34
82
-1091
187
4297
4789388
-592
25
-7
-1125
-30
4429
4790413
-272
79
-109
-1199
192
4306
4791438
-206
123
-125
-1225
301
4307
4792463
-302
173
-63
-1229
112
4417
4785279
-355
224
-35
-1224
34
4420
4786304
-324
271
-19
-1245
75
4370
4787329
-288
296
4
-1295
52
4302
4788354
-209
282
12
-1327
-5
4233
4789379
-93
251
17
-1369
69
4299
4790404
-81
192
17
-1384
152
4233
4791429
-129
123
13
-1375
132
4087
4792454
-112
62
19
-1341
124
4141
4793479
-65
17
26
-1328
61
4168
4794504
23
-26
25
-1308
21
4195
4795529
86
-63
18
-1306
18
4170
4796554
117
-95
16
-1279
90
4150
4797579
80
-104
17
-1270
120
4093
4798604
53
-105
18
-1278
7
4095
4799629
133
-111
6
-1234
58
4156
4800654
182
-95
-11
-1266
78
4119
4793653
206
-82
-30
-1315
103
4090
4794678
223
-77
-47
-1307
165
4086
4795703
196
-64
-51
-1325
196
4076
4796728
135
-56
-48
-1324
225
4146
4797753
37
-43
-39
-1299
201
4159
4798778
-24
-19
-29
-1334
128
4137
4799803
11
-14
-36
-1328
109
4119
4800828
63
1
-36
-1350
164
4116
4801853
71
6
-24
-1325
184
4153
4802878
58
21
-15
-1327
198
4160
4803903
51
32
-13
-1338
195
4135
4804928
55
43
-18
-1329
214
4104
4805953
58
46
-22
-1318
200
4059
4806978
70
55
-19
-1323
237
4092
4808003
51
64
-10
-1341
217
4103
4809028
37
62
-10
-1342
170
4073
4801665
61
63
-17
-1337
205
4050
4802690
76
67
-16
-1356
226
4045
4803715
61
64
-14
-1349
216
4070
4804740
39
63
-17
-1359
239
4052
4805765
38
57
-22
-1373
237
4020
4806790
39
52
-24
-1365
234
4016
4807815
41
54
-20
-1403
233
4029
4808840
39
41
-25
-1410
232
4024
4809865
36
33
-34
-1403
234
4018
4810890
26
21
-34
-1409
252
4033
4811915
21
6
-29
-1408
216
4031
4812940
40
-4
-26
-1408
222
4049
4813965
40
-6
-22
-1421
224
4054
4814990
32
-6
-19
-1437
219
4069
4816015
22
-11
-15
-1420
245
4051
4817040
14
-7
-8
-1397
240
4064
4809855
15
7
4
-1407
201
4082
4810880
29
16
10
-1414
237
4087
4811905
-2
20
9
-1409
255
4076
4812930
-24
29
9
-1424
224
4035
4813955
8
38
6
-1422
239
4040
4814980
30
42
5
-1404
299
4080
4816005
3
48
9
-1416
268
4062
4817030
1
49
5
-1436
259
4048
4818055
18
40
0
-1421
281
4058
4819080
15
33
0
-1439
265
4019
4820105
14
24
-2
-1430
295
4030
4821130
-4
20
2
-1446
289
4024
4822155
-8
16
1
-1441
248
3985
4823180
20
17
4
-1431
248
4005
4824205
29
29
10
-1446
235
4001
4825230
52
72
-9
-1454
275
3886
4818049
130
100
13
-1462
343
4014
4819074
88
117
-3
-1429
220
4112
4820099
108
236
-65
-1565
437
3964
4821124
18
374
9
-1914
594
3491
4822149
-363
359
247
-1792
-74
3005
4823174
-530
286
336
-981
-500
4821
4824199
119
517
430
-1612
-60
5977
4825224
-670
44
411
-900
2731
5778
4826249
-3809
133
400
-2125
2810
1391
4827274
-2902
-10
384
-1773
-4398
3011
4828299
309
-172
-3
-1284
-2573
4453
4829324
1940
-188
-89
-1705
1371
3891
4830349
532
-194
-251
-1620
938
3551
4831374
-227
-126
-224
-1446
-277
3834
4832399
325
-90
-305
-1545
-371
4091
4833424
808
-142
-504
-1373
219
4308
4826240
605
-144
-590
-1146
146
4426
4827265
244
-45
-359
-1488
-543
4006
4828290
425
-53
-164
-1752
-748
4203
4829315
978
-242
-33
-1312
-874
4460
4830340
868
-171
130
-2025
647
3713
4831365
612
-100
5
-2201
1213
3847
4832390
130
-359
-36
-1492
512
3241
4833415
330
-344
119
-1389
-317
3808
4834440
943
-235
-34
-1133
592
4476
4835465
683
-83
-53
-1203
760
4198
4836490
-11
0
34
-1394
479
3923
4837515
-256
4
62
-1265
291
4131
4838540
-105
53
56
-1301
198
4351
4839565
93
84
-1
-1370
309
4254
4840590
137
101
-1
-1466
345
4060
4841615
126
86
1
-1494
537
3978
4834432
52
69
-16
-1440
609
3985
4835457
-62
68
-14
-1465
441
4039
4836482
-80
46
-23
-1459
405
4027
4837507
-68
31
-22
-1484
401
3944
4838532
-69
8
-17
-1455
420
3908
4839557
-96
-3
-9
-1452
360
3893
4840582
-38
-18
-15
-1442
373
3903
4841607
34
-18
-12
-1419
438
4071
4842632
3
7
-10
-1398
429
4160
4843657
-72
41
2
-1488
278
4082
4844682
-66
40
4
-1494
365
4012
4845707
-80
40
10
-1488
365
3985
4846732
-69
45
17
-1508
306
3994
4847757
-42
42
12
-1520
298
3994
4848782
-29
29
-1
-1493
301
3974
4849807
7
11
-7
-1448
373
4040
4842625
-11
8
1
-1482
360
4060
4843650
-26
-5
-4
-1506
311
3994
4844675
0
-31
-12
-1477
322
3938
4845700
31
-38
-7
-1464
373
4005
4846725
19
-40
1
-1477
334
4049
4847750
21
-45
-6
-1442
354
4105
4848775
-15
-31
4
-1439
341
4104
4849800
-45
-22
6
-1440
323
4039
4850825
-17
-12
2
-1430
301
4020
4851850
26
-4
4
-1427
384
4062
4852875
13
4
7
-1444
383
4077
4853900
-37
9
7
-1460
352
4041
4854925
-53
8
-1
-1446
345
4016
4855950
-27
3
-11
-1446
347
4001
4856975
-5
-10
-9
-1447
323
4009
4858000
17
-21
-6
-1462
369
4005
4850815
14
-27
-2
-1497
332
3970
4851840
-7
-41
-2
-1487
332
3981
4852865
-7
-46
-1
-1449
308
4028
4853890
14
-38
4
-1452
329
4053
4854915
-3
-30
16
-1460
301
4035
4855940
-2
-18
16
-1437
322
4062
4856965
2
0
19
-1453
338
4065
4857990
-9
6
17
-1458
352
4058
4859015
-21
13
15
-1433
363
4050
4860040
-26
23
15
-1451
350
4024
4861065
-20
26
9
-1463
360
4016
4862090
-18
22
5
-1447
354
4014
4863115
12
15
3
-1446
359
4030
4864140
22
4
5
-1455
366
4036
4865165
-5
-7
10
-1437
350
4000
4866190
-20
-5
7
-1446
352
4008
4859008
-25
-4
9
-1469
328
4019
4860033
-20
-14
1
-1468
307
4004
4861058
1
-24
-6
-1432
326
4032
4862083
-6
-20
4
-1449
320
4036
4863108
0
-23
3
-1471
318
4068
4864133
0
-29
-3
-1452
322
4044
4865158
-7
-23
-4
-1451
326
4020
4866183
3
-15
0
-1453
326
4053
4867208
13
-5
10
-1455
297
4088
4868233
15
-2
8
-1449
323
4051
4869258
-7
6
3
-1444
349
4005
4870283
-23
16
7
-1450
313
3987
4871308
3
16
6
-1429
326
4050
4872333
7
21
7
-1446
327
4043
4873358
-7
23
0
-1473
340
4012
4874383
-17
17
-4
-1461
347
3997
4867200
-9
13
4
-1449
336
4029
4868225
-4
13
8
-1463
324
4057
4869250
-2
10
6
-1481
337
4036
4870275
3
1
6
-1462
337
4010
4871300
13
1
11
-1472
331
4010
4872325
17
0
11
-1460
318
4048
4873350
7
3
12
-1455
339
4061
4874375
-13
8
10
-1464
308
4014
4875400
-2
15
10
-1471
336
4009
4876425
6
12
14
-1469
350
4011
4877450
0
7
21
-1457
341
4014
4878475
5
6
24
-1458
340
4010
4879500
18
3
24
-1467
368
4038
4880525
28
-4
23
-1461
333
4038
4881550
38
-3
24
-1468
325
4022
4882575
24
-2
16
-1472
388
4025
4875392
3
-1
16
-1450
348
4060
4876417
12
10
24
-1478
323
4038
4877442
13
8
26
-1483
358
4021
4878467
-4
3
26
-1463
366
4025
4879492
-28
7
13
-1484
357
4005
4880517
-32
1
-7
-1485
358
3983
4881542
-31
-11
-18
-1464
391
4010
4882567
-70
-19
-11
-1433
323
4055
4883592
-58
-4
-33
-1459
194
4001
4884617
100
14
-68
-1482
352
3872
4885642
123
38
-15
-1526
426
3866
4886667
32
125
93
-1496
379
4118
4887692
-83
336
127
-1691
403
4553
4888717
-571
354
102
-1970
389
3892
4889742
-1718
74
167
-1534
132
3015
4890767
-1115
226
137
-1071
32
4398
4883584
545
251
353
-534
188
6146
4884609
-1063
188
452
-1873
1214
3449
4885634
-828
124
1
-2520
-1349
2782
4886659
-83
-261
46
-1165
-184
3899
4887684
-113
-91
98
-1474
385
4021
4888709
35
-70
2
-1839
-594
3865
4889734
276
-178
-74
-1458
289
3873
4890759
269
-80
-109
-1539
363
3897
4891784
339
-68
-161
-1512
177
4109
4892809
324
-86
-350
-1165
231
4300
4893834
179
41
-358
-1306
-143
3913
4894859
247
87
-188
-1650
-575
4037
4895884
977
-59
-140
-1409
-962
4661
4896909
1221
-177
70
-1862
338
3762
4897934
762
-20
-58
-2530
1784
4035
4898959
-190
-300
-155
-2038
989
3303
4891776
9
-472
-46
-1158
-465
3415
4892801
962
-282
-181
-887
774
4275
4893826
513
-29
-82
-1415
642
4231
4894851
-155
-25
7
-1353
244
4198
4895876
-402
8
55
-1301
168
4154
4896901
-365
60
47
-1405
165
4188
4897926
-169
71
39
-1422
238
4231
4898951
-11
78
42
-1530
340
4080
4899976
27
51
20
-1590
495
3933
4901001
-29
5
-11
-1518
460
3927
4902026
-44
-18
-25
-1448
373
4048
4903051
-51
-17
-32
-1442
322
4131
4904076
-65
-14
-28
-1455
278
4153
4905101
-69
-10
-14
-1475
238
4074
4906126
-42
-11
-15
-1496
256
3988
4907151
-34
-22
-11
-1459
322
3964
4899967
-63
-11
6
-1490
286
3995
4900992
-55
-19
7
-1456
347
4045
4902017
-65
-11
8
-1467
283
3981
4903042
-49
-4
13
-1521
252
3944
4904067
-28
-14
14
-1536
224
3944
4905092
2
-26
4
-1494
295
4030
4906117
-1
-22
10
-1466
327
4052
4907142
-16
-15
14
-1489
271
4033
4908167
7
-21
18
-1491
270
4034
4909192
15
-28
18
-1443
285
4061
4910217
-1
-19
16
-1438
325
4058
4911242
-12
-15
17
-1456
316
4036
4912267
-10
-20
13
-1453
286
4050
4913292
-6
-21
3
-1445
302
4051
4914317
-7
-19
-7
-1441
298
4011
4915342
-1
-16
-6
-1434
294
4021
4908160
-1
-16
-3
-1428
282
4042
4909185
-7
-17
1
-1427
254
4041
4910210
-10
-17
1
-1451
251
4020
4911235
-4
-22
-5
-1442
306
4029
4912260
-12
-24
1
-1444
299
4048
4913285
5
-26
-1
-1445
286
4076
4914310
14
-25
1
-1444
282
4050
4915335
7
-22
1
-1450
318
4018
4916360
-9
-19
4
-1438
284
4040
4917385
3
-13
5
-1444
284
4060
4918410
15
-7
-2
-1459
292
4032
4919435
11
-2
-5
-1473
320
4018
4920460
-12
-3
1
-1464
284
4030
4921485
-19
-3
5
-1469
246
4050
4922510
3
-11
3
-1449
233
4079
4923535
18
-10
10
-1451
287
4047
4916352
7
-8
17
-1450
293
4049
4917377
0
-11
27
-1412
262
4089
4918402
5
1
24
-1447
283
4035
4919427
22
-4
19
-1420
282
4044
4920452
23
-3
27
-1414
302
4037
4921477
8
-3
21
-1404
297
4026
4922502
-11
4
16
-1412
316
4020
4923527
-19
2
14
-1431
297
4025
4924552
-21
-6
6
-1442
298
3978
4925577
-15
-19
-4
-1423
266
3976
4926602
7
-23
-6
-1428
293
3996
4927627
0
-27
-2
-1427
319
4019
4928652
-21
-29
2
-1413
306
4035
4929677
-28
-23
5
-1428
266
4049
4930702
-8
-22
2
-1452
278
4081
4931727
-1
-21
-4
-1447
309
4064
4924544
-8
-16
1
-1428
283
4069
4925569
-11
-10
11
-1411
272
4090
4926594
-4
-3
6
-1417
293
4077
4927619
-15
0
0
-1425
299
4047
4928644
-16
-3
-4
-1426
307
4011
4929669
-6
-10
-1
-1439
297
3980
4930694
-10
-25
4
-1415
280
4038
4931719
-18
-27
5
-1416
277
4075
4932744
-4
-25
-3
-1412
280
4063
4933769
7
-24
-9
-1407
305
4051
4934794
-12
-20
-5
-1404
283
4058
4935819
-18
-12
2
-1405
251
4064
4936844
1
-7
3
-1406
256
4065
4937869
11
4
-2
-1425
304
4035
4938894
-10
6
-4
-1423
288
4034
4939919
-25
2
-3
-1416
264
4040
4932803
-16
-4
-12
-1421
258
4043
4933828
-3
-11
-19
-1419
273
4062
4934853
-31
-17
-19
-1442
289
4036
4935878
-58
-33
-10
-1445
272
3988
4936903
-53
-39
-12
-1416
255
3989
4937928
-26
-37
-1
-1416
270
4018
4938953
-5
-30
12
-1404
221
4089
4939978
-2
-15
7
-1392
283
4115
4941003
-24
4
8
-1406
252
4094
4942028
-32
17
6
-1420
254
4068
4943053
-20
28
5
-1406
261
4070
4944078
-13
44
0
-1421
271
4064
4945103
-17
47
-2
-1425
286
4124
4946128
-43
84
-26
-1409
321
4311
4947153
-69
168
-32
-1525
141
4549
4948178
-161
192
-87
-1635
873
3926
4940928
-1085
-18
-181
-1868
1747
2354
4941953
-1962
-308
239
-1215
-1113
2677
4942978
-874
71
316
-1027
-2655
4876
4944003
1366
400
-213
-1432
404
6436
4945028
383
-317
258
-296
2307
4854
4946053
-2077
354
174
-2528
1112
2236
4947078
-1113
-2
199
-1847
-2545
3866
4948103
230
-217
59
-843
-472
3947
4949128
596
113
124
-1596
-66
4127
4950153
294
33
105
-1651
-248
4205
4951178
149
-17
25
-1288
-60
4186
4952203
192
78
-56
-1529
91
4045
4953228
437
37
-145
-1395
67
4061
4954253
548
88
-226
-1242
-58
3988
4955278
509
133
-114
-1515
-332
3900
4956303
880
33
-93
-1435
-703
4322
4949120
1244
-188
19
-1405
-45
3955
4950145
580
-6
-38
-2466
1261
3962
4951170
241
-229
-178
-2075
1244
3594
4952195
-136
-467
-59
-1329
69
3214
4953220
470
-357
-92
-907
140
4233
4954245
718
-103
-101
-1142
366
4565
4955270
301
13
-78
-1346
472
4336
4956295
-178
32
-8
-1278
332
4134
4957320
-387
82
51
-1365
275
4092
4958345
-306
100
41
-1399
139
4182
4959370
-79
96
39
-1468
153
4118
4960395
58
64
15
-1512
414
3976
4961420
5
31
7
-1460
471
3941
4962445
-86
7
11
-1424
307
4019
4963470
-67
-10
-2
-1401
261
4178
4964495
-12
-14
-26
-1421
305
4121
4957315
-11
-23
-31
-1453
347
3942
4958340
-47
-45
-10
-1408
286
3978
4959365
-12
-44
-12
-1390
320
4024
4960390
10
-35
-3
-1417
255
4041
4961415
15
-24
3
-1448
265
4030
4962440
9
-24
0
-1438
300
4038
4963465
-8
-21
2
-1452
288
4030
4964490
-6
-19
-5
-1460
293
4002
4965515
-14
-16
6
-1447
293
4027
4966540
-30
-6
16
-1442
244
4044
4967565
-8
-1
9
-1430
271
4074
4968590
-13
8
14
-1438
277
4037
4969615
-11
7
16
-1428
292
4046
4970640
-6
0
19
-1383
315
4094
4971665
-44
10
29
-1400
244
4083
4972690
-29
18
24
-1432
238
4043
4965504
10
12
15
-1394
281
4044
4966529
19
13
14
-1374
321
4074
4967554
-3
24
13
-1431
297
4087
4968579
-9
8
3
-1422
284
4060
4969604
-2
-7
-6
-1413
277
4019
4970629
10
-16
-10
-1405
306
4050
4971654
7
-24
-6
-1434
298
4041
4972679
17
-32
-8
-1428
278
4045
4973704
21
-33
-5
-1414
285
4080
4974729
4
-27
1
-1422
279
4080
4975754
4
-23
0
-1409
260
4061
4976779
21
-13
4
-1399
255
4071
4977804
21
1
13
-1432
300
4072
4978829
-15
3
12
-1433
320
4025
4979854
-28
5
10
-1425
299
4016
4980879
-4
5
9
-1430
283
4026
4973696
6
3
8
-1444
288
4043
4974721
0
-2
6
-1434
311
4038
4975746
-6
-5
8
-1427
289
4023
4976771
5
-10
7
-1413
301
4029
4977796
3
-12
10
-1415
297
4048
4978821
-5
-5
14
-1422
286
4076
4979846
0
-2
10
-1420
290
4083
4980871
10
-2
7
-1412
300
4044
4981896
4
3
9
-1417
294
4061
4982921
-1
5
10
-1421
300
4067
4983946
-8
4
2
-1411
311
4049
4984971
-9
1
3
-1416
274
4025
4985996
2
-1
7
-1433
255
4022
4987021
16
-8
4
-1424
307
4065
4988046
7
-16
11
-1427
275
4063
4989071
2
-23
7
-1410
317
4034
4981888
1
-26
10
-1403
291
4060
4982913
6
-25
10
-1414
311
4044
4983938
1
-26
6
-1422
298
4024
4984963
4
-27
2
-1409
300
4036
4985988
5
-22
4
-1424
296
4062
4987013
4
-21
-1
-1429
299
4042
4988038
0
-25
-1
-1423
297
4036
4989063
-8
-23
1
-1419
273
4067
4990088
5
-18
-2
-1440
269
4069
4991113
13
-21
-1
-1431
281
4073
4992138
7
-21
4
-1411
290
4056
4993163
1
-16
10
-1396
290
4049
4994188
7
-12
12
-1387
288
4065
4995213
0
-6
13
-1378
301
4053
4996238
-15
2
13
-1379
301
4042
4997263
-15
11
15
-1389
287
4059
4990079
-6
11
12
-1418
294
4046
4991104
-7
-3
10
-1414
293
4041
4992129
-10
-11
11
-1401
290
4036
4993154
-5
-14
15
-1398
299
4045
4994179
-6
-19
16
-1387
310
4064
4995204
-6
-22
12
-1376
300
4057
4996229
-5
-17
8
-1383
306
4039
4997254
-4
-8
4
-1400
293
4036
4998279
9
-6
1
-1396
274
4057
4999304
10
-12
0
-1369
309
4072
5000329
-14
-4
5
-1366
323
4072
5001354
-30
4
7
-1404
292
4029
5002379
-29
-2
0
-1391
293
4048
5003404
-16
-5
-2
-1375
302
4050
5004429
-5
-5
2
-1401
273
4045
5005454
-4
-10
0
-1395
289
4082
4998272
-15
-14
0
-1382
283
4088
4999297
-11
-14
-1
-1386
285
4084
5000322
-15
-14
3
-1373
273
4074
5001347
-16
-8
3
-1395
293
4057
5002372
-14
-11
3
-1389
332
4040
5003397
-59
-15
12
-1374
333
4022
5004422
-114
3
24
-1360
214
3942
5005447
-38
34
24
-1383
224
3841
5006472
60
67
35
-1334
135
3992
5007497
229
139
33
-1379
155
4207
5008522
295
240
-15
-1485
449
4186
5009547
152
360
-47
-1666
730
4202
5010572
-176
335
9
-1710
565
4042
5011597
-529
174
78
-1399
85
3688
5012622
-574
153
181
-1641
195
3305
5013647
267
199
375
-1457
-701
4497
5006592
-235
-199
387
-297
1151
5910
5007617
-2093
150
177
-2406
2150
3379
5008642
-1407
-193
182
-1581
-2284
3138
5009667
-128
-218
17
-1097
-806
3358
5010692
701
-24
91
-1633
667
4122
5011717
506
-23
-6
-1377
179
4282
5012742
317
11
-16
-1225
292
4252
5013767
253
88
-14
-1427
88
4290
5014792
212
108
-102
-1489
-229
4436
5015817
138
114
-126
-1552
-397
4375
5016842
493
19
-130
-1514
-664
3798
5017867
1115
-125
-54
-1865
447
3627
5018892
837
-234
-143
-1979
1344
4036
5019917
275
-310
-184
-1925
866
3623
5020942
302
-396
-131
-1595
168
3631
5021967
709
-379
-308
-848
1048
4188
5014656
317
-120
-163
-1097
596
4223
5015681
-103
-3
-123
-1383
211
4080
5016706
-218
-29
-78
-1212
249
4024
5017731
-294
42
-24
-1280
312
4025
5018756
-354
75
41
-1433
-11
4084
5019781
-170
58
53
-1456
141
4192
5020806
-9
48
20
-1506
465
4046
5021831
1
13
1
-1509
494
3916
5022856
-47
-28
12
-1435
379
3940
5023881
-29
-37
19
-1412
329
4135
5024906
11
-30
3
-1392
367
4227
5025931
-3
-12
-17
-1411
363
4118
5026956
-35
-7
-19
-1408
338
4059
5027981
-43
-3
-21
-1412
304
4050
5029006
-24
-4
-13
-1415
316
4086
5030031
-18
-2
-11
-1420
421
4086
5022848
-51
3
-9
-1444
341
3999
5023873
-40
-4
-9
-1443
284
3966
5024898
-7
-7
-9
-1432
321
3976
5025923
9
-10
1
-1412
307
4027
5026948
1
-7
12
-1387
288
4040
5027973
-23
8
13
-1424
277
4009
5028998
-36
12
7
-1408
294
4003
5030023
-29
15
11
-1414
273
4080
5031048
-5
13
6
-1436
371
4075
5032073
-26
3
-1
-1426
348
4064
5033098
-53
-1
8
-1424
264
4050
5034123
-29
-3
3
-1447
256
4019
5035148
18
-17
-4
-1411
305
4045
5036173
23
-24
2
-1372
349
4102
5037198
-1
-13
4
-1366
339
4112
5038223
-12
-6
1
-1383
295
4059
5031041
4
-4
-7
-1392
306
4038
5032066
8
-9
-9
-1388
321
4061
5033091
8
-11
-7
-1397
302
4068
5034116
17
-10
-14
-1411
324
4056
5035141
3
-11
-18
-1420
330
4006
5036166
-7
-13
-15
-1423
315
4017
5037191
0
-18
-12
-1410
312
4045
5038216
12
-18
-9
-1444
279
4012
5039241
36
-28
-16
-1420
312
4054
5040266
13
-26
-5
-1421
290
4075
5041291
2
-17
-7
-1462
305
4017
5042316
17
-29
-7
-1411
312
4026
5043341
-5
-24
15
-1373
266
4098
5044366
-13
0
20
-1419
264
4061
5045391
21
3
6
-1409
322
4054
5046416
14
-1
6
-1355
340
4105
5039234
-9
15
10
-1396
332
4052
5040259
6
13
-2
-1405
329
4037
5041284
21
3
-5
-1396
334
4048
5042309
4
-2
-8
-1388
325
4038
5043334
9
-8
-12
-1411
350
4060
5044359
10
-19
-8
-1417
297
4035
5045384
24
-25
-5
-1422
295
4071
5046409
17
-31
0
-1407
323
4059
5047434
12
-34
6
-1382
285
4095
5048459
23
-29
6
-1376
324
4072
5049484
9
-18
6
-1390
346
4027
5050509
0
-14
11
-1380
312
4065
5051534
3
-6
8
-1401
316
4047
5052559
9
-5
3
-1414
340
4024
5053584
7
-6
4
-1410
341
4024
5054609
0
-9
9
-1404
335
4052
5047423
-8
-10
10
-1414
335
4047
5048448
-8
-18
11
-1405
329
4046
5049473
0
-22
10
-1398
329
4055
5050498
14
-23
8
-1382
342
4041
5051523
17
-18
10
-1375
341
4079
5052548
2
-11
10
-1371
335
4080
5053573
-17
-3
3
-1385
333
4040
5054598
-16
1
-2
-1399
328
4014
5055623
-4
-4
-6
-1399
363
4010
5056648
-12
-14
-1
-1386
326
4050
5057673
-10
-10
6
-1409
286
4070
5058698
8
-8
2
-1408
308
4068
5059723
3
-9
5
-1381
307
4075
5060748
-9
-2
16
-1383
303
4108
5061773
-9
0
18
-1387
315
4097
5062798
-2
2
19
-1376
310
4056
5055616
6
6
21
-1386
316
4046
5056641
1
1
18
-1383
352
4063
5057666
-4
-6
12
-1372
368
4055
5058691
-5
-11
4
-1369
342
4025
5059716
0
-14
2
-1372
294
4024
5060741
10
-16
-4
-1362
327
4041
5061766
5
-18
-5
-1353
316
4041
5062791
2
-13
2
-1361
325
4063
5063816
-13
-10
5
-1373
338
4042
5064841
-17
-10
4
-1377
315
4018
5065866
2
-7
2
-1384
310
4037
5066891
5
-3
-3
-1385
353
4056
5067916
-22
-2
-4
-1388
329
4051
5068941
-18
-3
-13
-1400
317
4043
5069966
-1
-5
-11
-1391
357
4041
5070991
-30
-9
3
-1393
337
4092
5063808
-63
-14
11
-1382
198
4059
5064833
3
-9
5
-1388
293
4049
5065858
-4
-14
8
-1372
320
4027
5066883
-18
-9
12
-1362
344
4064
5067908
-33
-4
9
-1374
325
4059
5068933
-13
-2
-2
-1368
326
4068
5069958
-13
6
-3
-1378
312
4068
5070983
-12
7
-8
-1394
313
4059
5072008
-5
3
-8
-1376
319
4072
5073033
-21
2
1
-1382
307
4068
5074058
-19
5
1
-1379
277
4036
5075083
24
20
-3
-1371
297
4039
5076108
33
13
1
-1387
356
4075
5077133
-21
-1
8
-1363
330
4113
5078158
-43
4
-3
-1388
316
4064
5079183
-2
-5
-7
-1400
255
4002
5072000
50
-11
-8
-1382
315
4062
5073025
14
-7
-6
-1383
324
4060
5074050
-11
-1
-1
-1390
272
4079
5075075
5
11
-2
-1380
277
4066
5076100
31
44
16
-1380
313
3952
5077125
77
70
39
-1405
305
4059
5078150
40
127
47
-1448
471
4216
5079175
-77
251
-96
-1415
1143
4314
5080200
-302
376
-128
-1678
577
3085
5081225
-561
350
429
-1990
-359
2187
5082250
-633
279
723
-986
-616
3995
5083275
87
900
684
-1127
-360
7216
5084300
-20
491
692
-435
-552
8464
5085325
-2779
183
-428
-3532
4002
917
5086350
-1969
-236
-104
-1578
790
1233
5087375
-529
-53
143
-766
-3160
3517
5080193
1137
59
-242
-2096
479
4314
5081218
1165
-280
-329
-1319
637
4120
5082243
506
-144
-257
-1217
-826
4126
5083268
458
-50
-186
-1636
-299
4255
5084293
450
-77
-115
-1593
-264
4402
5085318
376
-52
-114
-1681
-469
4226
5086343
482
-60
-175
-1610
173
3842
5087368
486
-53
-162
-1553
453
3682
5088393
562
-114
-63
-1532
140
3928
5089418
567
-183
33
-1700
218
4420
5090443
491
-214
7
-1877
856
4288
5091468
122
-270
-220
-1850
791
3667
5092493
32
-342
-120
-1689
-319
3371
5093518
597
-345
-119
-1409
675
4099
5094543
581
-295
-169
-1032
977
4469
5095568
156
-132
-102
-1302
497
4104
5088384
-213
-89
-102
-1300
425
3971
5089409
-401
-69
-67
-1262
267
4038
5090434
-307
-50
-52
-1305
91
4048
5091459
-43
-46
-49
-1361
220
3996
5092484
62
-50
-31
-1431
403
3972
5093509
-15
-60
4
-1425
369
3957
5094534
-46
-60
18
-1385
291
4103
5095559
-31
-36
20
-1376
301
4253
5096584
-43
-19
0
-1406
306
4211
5097609
-40
-12
-17
-1416
412
4101
5098634
-49
-11
-14
-1424
393
4062
5099659
-58
-15
-2
-1374
322
4130
5100684
-58
3
-9
-1449
323
3985
5101709
-40
-23
-16
-1409
317
4016
5102734
-32
-31
0
-1359
322
4086
5103759
-49
-14
-3
-1440
360
3965
5096576
-47
-45
7
-1368
282
3975
5097601
-28
-43
22
-1332
273
4067
5098626
-23
-20
25
-1374
229
4056
5099651
2
-16
16
-1368
254
4071
5100676
0
-10
11
-1343
381
4068
5101701
-45
-2
23
-1357
285
4063
5102726
-38
-2
22
-1357
253
4085
5103751
-13
3
16
-1364
287
4069
5104776
-20
10
12
-1390
294
3994
5105801
-10
-3
11
-1375
308
4059
5106826
-10
-18
10
-1338
300
4144
5107851
-27
-16
7
-1350
264
4115
5108876
-20
-20
-2
-1359
262
4056
5109901
15
-25
-8
-1344
318
4063
5110926
19
-28
-7
-1338
327
4091
5111951
-14
-24
-3
-1347
280
4079
5104767
-21
-25
-7
-1350
270
4073
5105792
-8
-24
-11
-1332
300
4081
5106817
-4
-20
-9
-1337
322
4098
5107842
-11
-17
-3
-1345
308
4080
5108867
-7
-16
4
-1379
299
4074
5109892
-8
-23
3
-1380
289
4027
5110917
-16
-29
3
-1366
306
4029
5111942
-48
-26
10
-1346
278
4084
5112967
-66
-15
5
-1353
256
4094
5113992
-64
-11
2
-1362
224
4053
5115017
-34
-12
-3
-1365
249
4048
5116042
-4
-16
0
-1358
245
4075
5117067
2
-24
6
-1348
265
4115
5118092
-36
-23
13
-1324
241
4095
5119117
-42
-8
15
-1337
217
4089
5120142
-3
-10
17
-1306
259
4122
5112960
16
-10
18
-1324
305
4097
5113985
5
-15
18
-1321
266
4076
5115010
-3
-12
10
-1347
306
4072
5116035
-21
-17
7
-1322
275
4083
5117060
-22
-8
8
-1342
246
4069
5118085
9
-8
6
-1349
262
4090
5119110
20
-17
7
-1365
298
4057
5120135
-6
-30
12
-1325
243
4089
5121160
-11
-24
15
-1331
248
4086
5122185
-8
-19
15
-1355
229
4062
5123210
18
-24
10
-1329
267
4098
5124235
18
-23
13
-1319
274
4091
5125260
5
-17
14
-1326
272
4083
5126285
-4
-9
11
-1328
282
4072
5127310
2
-4
10
-1321
268
4076
5128335
-4
-1
15
-1308
247
4102
5121152
-7
4
13
-1330
254
4106
5122177
1
1
9
-1329
265
4055
5123202
-5
0
12
-1321
286
4065
5124227
-16
-2
15
-1320
268
4084
5125252
-11
-5
14
-1329
265
4083
5126277
1
-10
11
-1317
271
4074
5127302
2
-11
8
-1300
271
4058
5128327
-5
-5
9
-1315
283
4064
5129352
-10
-9
12
-1329
240
4098
5130377
-14
-17
9
-1316
243
4088
5131402
-5
-19
6
-1304
266
4067
5132427
0
-12
4
-1321
273
4060
5133452
-5
-10
4
-1332
266
4108
5134477
-8
-17
7
-1308
240
4105
5135502
-11
-11
4
-1321
258
4090
5136527
-10
-7
4
-1320
234
4097
5129344
-2
-4
4
-1307
257
4102
5130369
-5
0
1
-1293
295
4097
5131394
-14
0
7
-1305
272
4083
5132419
-13
0
6
-1316
268
4066
5133444
-4
-6
0
-1304
297
4057
5134469
-1
-2
-16
-1278
316
4106
5135494
34
12
-7
-1311
138
4058
5136519
90
7
6
-1343
255
4061
5137544
18
0
13
-1288
319
4066
5138569
-14
18
17
-1322
175
4062
5139594
90
24
-8
-1337
254
4068
5140619
129
32
-49
-1297
481
4082
5141644
-4
62
-12
-1377
206
4017
5142669
79
124
-17
-1412
91
4160
5143694
170
265
-60
-1578
632
4158
5144719
-340
238
-20
-1772
497
3431
5137536
-975
-57
74
-1084
-399
3793
5138561
-356
136
74
-967
702
4826
5139586
397
271
215
-897
1015
6123
5140611
-1763
-46
395
-923
373
3783
5141636
-1416
316
35
-2833
-1473
2660
5142661
104
-453
149
-1138
-596
3465
5143686
167
-276
75
-1093
511
3712
5144711
307
-69
92
-1677
-296
3954
5145736
406
-187
37
-1107
336
4106
5146761
313
-2
23
-1176
393
4298
5147786
365
51
16
-1211
-35
4515
5148811
380
136
0
-1186
-115
4386
5149836
273
257
3
-1493
-77
4466
5150861
398
222
-39
-1391
-48
4425
5151886
642
139
-77
-1452
-71
3573
5152911
713
45
-31
-1987
459
3707
5145743
548
-220
-29
-1859
847
3938
5146768
288
-305
-202
-1678
858
3613
5147793
273
-359
-147
-1335
235
3630
5148818
615
-329
-144
-910
688
4137
5149843
405
-157
-78
-1125
520
4290
5150868
13
-91
-61
-1213
447
4238
5151893
-239
-73
-64
-1110
433
4105
5152918
-328
-4
-20
-1223
303
4039
5153943
-252
33
9
-1305
168
4140
5154968
-63
39
14
-1350
244
4229
5155993
26
28
15
-1421
425
4189
5157018
-28
0
-2
-1397
484
4060
5158043
-105
-17
-17
-1328
463
4081
5159068
-130
-16
-10
-1333
314
4099
5160093
-34
-23
-27
-1310
329
4129
5161118
22
-18
-45
-1350
407
4078
5153920
14
-39
-57
-1296
443
4058
5154945
-31
-33
-43
-1299
394
3995
5155970
-60
-26
-23
-1316
315
4054
5156995
-49
-25
-9
-1295
283
4088
5158020
-21
-12
-8
-1331
353
4056
5159045
-14
-11
-13
-1346
427
4024
5160070
-31
-17
0
-1328
346
4002
5161095
-20
-12
15
-1335
284
4052
5162120
-19
-12
9
-1323
292
4081
5163145
-19
-12
-2
-1314
314
4079
5164170
-11
-10
-22
-1339
336
4028
5165195
36
-12
-40
-1321
319
4055
5166220
72
-15
-23
-1332
277
4041
5167245
85
-29
-9
-1311
360
4094
5168270
34
-28
-2
-1252
395
4194
5169295
-32
-4
10
-1279
332
4143
5162113
-27
3
1
-1270
358
4111
5163138
-17
9
-2
-1274
373
4093
5164163
-24
13
2
-1302
346
4103
5165188
-27
1
-7
-1286
373
4095
5166213
-31
1
-11
-1293
341
4078
5167238
-16
1
-8
-1307
336
4077
5168263
-9
-5
-7
-1307
352
4057
5169288
0
-15
-5
-1306
324
4083
5170313
18
-26
-1
-1305
345
4106
5171338
-1
-26
0
-1317
360
4080
5172363
-8
-28
-9
-1302
368
4079
5173388
-7
-28
-21
-1286
394
4042
5174413
-7
-23
-14
-1294
358
4052
5175438
-19
-20
-5
-1283
308
4110
5176463
-16
-6
-7
-1298
293
4088
5177488
-12
9
-9
-1335
316
4041
5170305
-14
0
-8
-1303
333
4066
5171330
-18
1
-1
-1296
370
4088
5172355
-24
7
12
-1310
294
4113
5173380
-12
5
12
-1294
299
4106
5174405
-3
7
6
-1313
340
4071
5175430
-9
2
6
-1295
355
4063
5176455
-29
-2
6
-1268
329
4074
5177480
-16
2
-2
-1257
316
4083
5178505
-5
8
-11
-1276
317
4074
5179530
-6
9
-12
-1286
341
4053
5180555
-16
10
-14
-1304
319
4095
5181580
-12
7
-13
-1327
316
4109
5182605
-14
4
-12
-1345
320
4106
5183630
-2
-7
-10
-1342
283
4103
5184655
20
-14
-11
-1334
315
4087
5185680
25
-15
-4
-1321
282
4136
5178496
18
-16
5
-1290
326
4137
5179521
-7
-12
13
-1305
300
4102
5180546
0
-14
15
-1292
312
4098
5181571
10
-7
14
-1303
359
4040
5182596
17
-11
19
-1285
332
4055
5183621
16
-3
19
-1319
323
4045
5184646
8
-6
10
-1325
321
4071
5185671
6
-16
5
-1295
349
4050
5186696
-5
-22
5
-1300
321
4012
5187721
8
-22
5
-1300
292
4076
5188746
23
-19
10
-1314
334
4115
5189771
19
-22
13
-1312
339
4120
5190796
1
-25
14
-1274
328
4104
5191821
-2
-14
22
-1258
317
4115
5192846
-2
-2
21
-1279
336
4105
5193871
-3
0
14
-1293
359
4092
5186688
-1
-1
8
-1284
335
4072
5187713
17
2
2
-1303
344
4066
5188738
9
-4
2
-1302
329
4065
5189763
-6
-9
5
-1287
329
4083
5190788
-10
-9
11
-1292
327
4066
5191813
6
-11
12
-1286
340
4074
5192838
14
-14
16
-1305
349
4067
5193863
-1
-21
15
-1296
324
4067
5194888
7
-18
15
-1276
361
4067
5195913
-2
-3
19
-1290
363
4087
5196938
-25
6
23
-1297
312
4096
5197963
-28
15
21
-1296
295
4083
5198988
-6
18
18
-1291
324
4050
5200013
1
18
22
-1296
336
4064
5201038
-4
15
29
-1292
327
4083
5202063
-11
9
27
-1286
362
4060
5194879
-26
3
27
-1274
322
4038
5195904
-1
5
31
-1272
297
4102
5196929
24
7
28
-1285
319
4118
5197954
19
6
22
-1295
355
4116
5198979
-27
-4
23
-1306
378
4113
5200004
-59
-15
8
-1293
337
4083
5201029
-20
-25
-7
-1276
350
4061
5202054
10
-23
-14
-1300
323
4078
5203079
1
-17
-40
-1283
352
4066
5204104
-59
2
-16
-1242
299
4097
5205129
-55
77
5
-1305
222
4184
5206154
-31
212
-139
-1459
432
4328
5207179
-256
279
-260
-1604
921
4362
5208204
-1116
20
-144
-1384
729
3250
5209229
-1697
-119
-11
-964
-424
3150
5210254
-317
239
137
-1060
-1355
5076
5203072
-434
57
74
-388
1165
6154
5204097
-2223
356
-120
-2194
2132
3747
5205122
-2024
-135
368
-1686
-1944
2400
5206147
-759
-160
260
-1001
-1936
3214
5207172
587
148
-122
-1736
-203
4251
5208197
801
-122
-108
-1424
72
4136
5209222
491
-119
-102
-1068
159
4185
5210247
271
59
-90
-1347
-180
4337
5211272
355
116
-76
-1207
-458
4405
5212297
387
203
-20
-1232
-654
4199
5213322
578
201
53
-1360
-794
4203
5214347
1096
-41
186
-1366
-774
4063
5215372
1019
-61
193
-2271
657
3832
5216397
848
-212
-9
-1957
813
3866
5217422
248
-358
-119
-1442
935
3673
5218447
-38
-386
-1
-1127
-228
3901
5211264
462
-250
-98
-905
324
4304
5212289
299
-105
-139
-1170
521
4249
5213314
-311
-116
-74
-1201
146
3872
5214339
-369
-116
-47
-1109
34
3896
5215364
-141
-71
-31
-1105
9
4257
5216389
-74
-14
-1
-1194
-57
4419
5217414
-113
31
-5
-1349
-29
4337
5218439
-88
17
-20
-1378
67
4188
5219464
-34
-8
-20
-1326
185
4151
5220489
-28
-16
-20
-1314
170
4126
5221514
-2
-27
-23
-1272
90
4237
5222539
13
-10
-22
-1250
99
4156
5223564
2
8
-28
-1307
40
4069
5224589
39
-12
-26
-1213
75
4188
5225614
44
15
-14
-1261
168
4169
5226639
-12
22
-10
-1331
137
4066
5219786
-28
-7
0
-1293
65
4049
5220811
0
-6
1
-1321
129
3972
5221836
5
-18
4
-1333
61
4002
5222861
46
-35
13
-1262
45
4112
5223886
56
-20
13
-1307
158
4093
5224911
-13
-21
18
-1285
80
4107
5225936
-24
-13
26
-1260
55
4169
5226961
-2
-2
25
-1285
92
4149
5227986
-6
-8
13
-1250
135
4149
5229011
-23
4
16
-1232
92
4140
5230036
-7
17
13
-1262
83
4143
5231061
-11
16
7
-1236
61
4130
5232086
-8
23
-3
-1257
88
4099
5233111
1
16
-14
-1255
192
4073
5234136
-32
13
-8
-1219
143
4123
5235161
-42
21
-7
-1251
79
4158
5227648
-21
15
-16
-1276
72
4126
5228673
-2
2
-26
-1279
111
4117
5229698
-4
-5
-22
-1293
139
4110
5230723
-6
-18
-13
-1289
104
4097
5231748
-7
-28
-9
-1266
79
4095
5232773
2
-23
-3
-1263
88
4105
5233798
22
-18
5
-1278
79
4125
5234823
26
-16
3
-1298
111
4120
5235848
5
-16
-8
-1289
145
4088
5236873
-20
-12
-3
-1290
91
4065
5237898
-17
-7
1
-1296
61
4089
5238923
-3
-8
-3
-1283
80
4114
5239948
-7
-3
2
-1287
61
4098
5240973
-10
0
4
-1283
84
4108
5241998
-1
3
4
-1270
132
4119
5243023
-21
1
15
-1258
80
4119
5235841
-33
8
13
-1267
75
4103
5236866
-13
6
4
-1249
90
4154
5237891
10
11
4
-1259
110
4121
5238916
-3
12
-1
-1280
97
4131
5239941
-26
4
-9
-1263
82
4126
5240966
-21
9
-21
-1313
81
4098
5241991
5
-8
-41
-1289
112
4111
5243016
19
-20
-38
-1264
130
4110
5244041
-3
-26
-22
-1264
87
4119
5245066
-14
-24
-18
-1273
68
4111
5246091
-12
-24
-13
-1272
58
4120
5247116
-11
-22
-2
-1262
63
4131
5248141
3
-16
2
-1261
56
4139
5249166
11
-6
1
-1272
103
4121
5250191
-12
-3
7
-1276
82
4128
5251216
-21
2
11
-1295
44
4117
5244032
-10
-1
2
-1272
80
4108
5245057
-15
0
1
-1270
107
4092
5246082
-30
-3
7
-1279
86
4090
5247107
-31
-9
10
-1279
33
4121
5248132
-2
-12
9
-1272
53
4138
5249157
18
-16
8
-1279
84
4133
5250182
10
-18
9
-1247
91
4133
5251207
-6
-9
12
-1253
89
4119
5252232
-5
4
10
-1262
79
4125
5253257
-2
8
4
-1272
66
4130
5254282
0
3
-2
-1282
73
4100
5255307
3
-2
-5
-1293
86
4097
5256332
-3
-11
-3
-1267
69
4114
5257357
-3
-12
4
-1259
62
4141
5258382
-13
-4
13
-1275
66
4133
5259407
-10
1
15
-1273
59
4152
5252225
3
-3
21
-1269
73
4147
5253250
2
-2
19
-1257
87
4125
5254275
-7
5
13
-1271
91
4090
5255300
-13
7
9
-1294
61
4077
5256325
10
4
9
-1291
61
4100
5257350
16
-2
9
-1294
92
4114
5258375
-20
-10
13
-1274
73
4098
5259400
-22
-10
16
-1261
69
4089
5260425
11
-13
19
-1262
46
4161
5261450
14
-7
29
-1238
59
4271
5262475
-22
22
29
-1277
103
4321
5263500
-129
81
-91
-1387
66
4252
5264525
-213
71
-216
-1537
134
3583
5265550
-226
22
-357
-1532
870
3453
5266575
-997
-159
38
-1157
379
3496
5267600
-1459
-132
129
-642
-1521
4488
5260416
237
345
-99
-1243
-758
5141
5261441
924
56
96
-831
1142
5721
5262466
-1275
-1
172
-1428
1769
3478
5263491
-1603
71
283
-2159
-2116
2707
5264516
-241
-314
296
-918
-2063
3807
5265541
604
-101
57
-1160
205
4119
5266566
330
-88
137
-1453
-285
4015
5267591
17
-120
67
-976
-55
4186
5268616
2
62
46
-1124
-86
4225
5269641
246
106
-2
-1148
-92
4305
5270666
382
114
10
-984
-547
4500
5271691
468
207
77
-1141
-1339
4767
5272716
977
169
-8
-1077
-577
4514
5273741
717
183
173
-1969
707
3506
5274766
189
85
219
-2646
479
3167
5275791
368
-280
178
-1589
-232
3601
5268608
914
-340
-152
-539
857
4575
5269633
689
-37
-87
-1093
903
4191
5270658
55
14
-120
-1320
695
3898
5271683
-367
-55
-49
-1030
192
3945
5272708
-321
-17
-73
-1138
-50
4114
5273733
-92
-29
-136
-1142
-139
4132
5274758
57
-29
-150
-1228
101
3896
5275783
29
-40
-77
-1254
75
4054
5276808
-64
4
6
-1272
-95
4495
5277833
-130
54
24
-1365
-222
4456
5278858
-70
51
21
-1341
-78
4287
5279883
-4
51
33
-1333
89
4228
5280908
19
50
21
-1351
192
4088
5281933
11
32
0
-1322
188
4010
5282958
9
14
-19
-1244
160
4088
5283983
2
19
-31
-1261
131
4107
5276800
-6
12
-36
-1296
80
4058
5277825
-9
-5
-29
-1304
64
3993
5278850
8
-19
-20
-1321
78
4013
5279875
1
-35
-13
-1320
73
3993
5280900
3
-41
-14
-1334
23
4057
5281925
42
-56
-14
-1321
51
4162
5282950
63
-55
-31
-1341
142
4176
5283975
33
-61
-33
-1339
133
4059
5285000
15
-65
-21
-1330
122
4022
5286025
-13
-70
-3
-1258
99
4119
5287050
-31
-57
15
-1215
-8
4211
5288075
0
-24
13
-1219
24
4241
5289100
19
6
3
-1250
128
4155
5290125
14
14
1
-1237
127
4155
5291150
8
24
4
-1222
134
4175
5292175
-12
35
1
-1255
125
4149
5284991
-24
31
-8
-1258
118
4114
5286016
-31
30
-14
-1254
91
4106
5287041
-4
22
-22
-1262
104
4082
5288066
28
11
-18
-1262
126
4090
5289091
18
0
-3
-1278
109
4126
5290116
-6
-14
0
-1288
55
4121
5291141
-6
-23
-6
-1292
97
4091
5292166
1
-29
-10
-1290
116
4086
5293191
12
-30
-8
-1302
87
4111
5294216
18
-29
-5
-1312
80
4101
5295241
14
-29
-9
-1286
108
4127
5296266
-17
-12
-5
-1296
92
4087
5297291
-7
2
-4
-1295
79
4154
5298316
8
6
0
-1272
86
4151
5299341
11
17
2
-1286
109
4136
5300366
-23
25
5
-1302
89
4061
5293185
-29
24
3
-1286
100
4084
5294210
-31
19
5
-1259
95
4118
5295235
-23
20
13
-1296
77
4114
5296260
-2
4
9
-1294
115
4113
5297285
-4
-9
6
-1290
142
4087
5298310
-6
-16
17
-1282
89
4094
5299335
6
-20
26
-1276
88
4134
5300360
-4
-21
23
-1238
89
4156
5301385
1
-7
15
-1249
86
4118
5302410
3
0
9
-1271
103
4132
5303435
-5
1
4
-1278
100
4118
5304460
0
-1
2
-1301
114
4093
5305485
-14
-9
6
-1290
77
4102
5306510
-7
-12
8
-1284
70
4112
5307535
11
-15
7
-1275
108
4119
5308560
3
-15
9
-1287
106
4105
5301376
2
-19
10
-1273
108
4120
5302401
9
-18
12
-1275
129
4127
5303426
-2
-16
12
-1273
139
4124
5304451
-17
-14
19
-1254
52
4111
5305476
-6
-5
18
-1267
60
4107
5306501
-7
4
10
-1276
92
4118
5307526
-5
6
1
-1292
89
4097
5308551
24
1
-5
-1290
126
4073
5309576
9
-8
1
-1283
121
4104
5310601
-14
-11
6
-1286
69
4122
5311626
3
-14
2
-1281
67
4118
5312651
18
-16
5
-1262
98
4122
5313676
3
-11
13
-1262
106
4120
5314701
-6
-9
18
-1252
92
4153
5315726
3
-4
20
-1274
97
4140
5316751
2
-7
13
-1270
112
4110
5309567
5
-9
6
-1262
136
4106
5310592
3
-11
11
-1256
105
4124
5311617
3
-12
8
-1272
81
4125
5312642
15
-17
2
-1255
86
4120
5313667
20
-14
3
-1249
92
4115
5314692
22
-13
3
-1256
111
4132
5315717
-1
-12
5
-1263
106
4113
5316742
-11
-11
2
-1262
115
4097
5317767
-4
-7
7
-1264
89
4098
5318792
7
-7
2
-1266
97
4070
5319817
6
-7
-5
-1265
104
4090
5320842
-3
-13
-3
-1273
107
4088
5321867
-12
-20
-1
-1269
109
4101
5322892
-9
-25
3
-1266
87
4104
5323917
16
-29
1
-1279
89
4094
5324942
45
-37
3
-1271
108
4123
5317760
23
-38
12
-1252
122
4147
5318785
-1
-31
17
-1228
93
4125
5319810
14
-12
11
-1227
102
4106
5320835
33
-1
3
-1215
115
4136
5321860
39
15
0
-1237
129
4155
5322885
33
33
-24
-1258
187
4103
5323910
-42
38
-38
-1234
262
4060
5324935
-91
44
-22
-1273
6
4046
5325960
121
57
-17
-1295
-163
4137
5326985
497
208
-95
-1419
308
4469
5328010
490
320
-57
-1579
759
4148
5329035
-606
25
59
-1405
446
3286
5330060
-1223
-104
97
-913
-402
3461
5331085
482
336
233
-1317
-544
5734
5332110
410
-149
222
24
2053
6000
5333135
-2519
158
515
-2502
1338
2250
5325952
-1605
-177
356
-1806
-3390
2778
5326977
363
-390
135
-584
-1030
4007
5328002
776
-74
11
-1477
1073
4268
5329027
254
-90
7
-1247
-245
4080
5330052
130
6
-61
-956
8
4209
5331077
228
108
-50
-1315
55
4527
5332102
318
70
-44
-1261
-313
4306
5333127
391
111
-93
-1250
-326
4329
5334152
489
152
-102
-1379
-155
4123
5335177
906
7
-141
-1192
-113
3926
5336202
758
-122
21
-1867
483
3505
5337227
714
-176
-13
-2041
286
4161
5338252
588
-334
-264
-1566
1652
4099
5339277
-106
-441
-166
-834
197
3908
5340302
239
-197
-108
-712
135
4274
5341327
304
-5
-129
-1192
373
4277
5334143
-54
-64
-85
-1125
223
4054
5335168
-203
-63
-38
-1043
133
4023
5336193
-163
-21
1
-1137
132
4088
5337218
-108
-20
0
-1218
186
4106
5338243
-42
-31
2
-1235
236
4159
5339268
-15
-49
4
-1271
288
4110
5340293
-25
-86
1
-1213
294
4108
5341318
-32
-87
-1
-1150
254
4247
5342343
-15
-55
-14
-1179
248
4291
5343368
2
-43
-34
-1192
278
4198
5344393
3
-33
-30
-1144
361
4188
5345418
-52
-16
-12
-1154
273
4171
5346443
-63
-8
-5
-1154
166
4199
5347468
-40
-6
-1
-1145
253
4119
5348493
-41
1
23
-1157
232
4054
5349518
-52
21
53
-1170
226
4139
5342336
-92
34
75
-1191
151
4186
5343361
-70
34
71
-1224
188
4138
5344386
-32
20
57
-1242
219
4054
5345411
15
0
54
-1238
285
4067
5346436
5
-22
46
-1213
320
4076
5347461
-2
-23
32
-1181
289
4033
5348486
5
-15
18
-1166
244
4056
5349511
24
-4
6
-1175
244
4136
5350536
33
-3
-16
-1173
279
4159
5351561
3
-1
-27
-1181
256
4095
5352586
6
-1
-31
-1173
243
4100
5353611
-6
3
-21
-1177
226
4110
5354636
-21
3
-12
-1180
144
4137
5355661
6
3
-7
-1170
177
4167
5356686
13
0
-11
-1173
244
4127
5357711
12
-5
-10
-1167
302
4109
5350528
-5
-12
-1
-1169
284
4128
5351553
-18
-16
5
-1174
231
4131
5352578
-18
-17
3
-1153
225
4150
5353603
-10
-8
-3
-1157
270
4149
5354628
-9
-4
-10
-1185
246
4139
5355653
-9
-13
-20
-1205
296
4111
5356678
-45
-25
-15
-1182
213
4083
5357703
-68
-25
-2
-1181
166
4075
5358728
-68
-27
1
-1169
156
4083
5359753
-17
-17
-1
-1154
188
4122
5360778
16
-8
6
-1157
243
4162
5361803
-12
-4
16
-1165
218
4150
5362828
-39
0
13
-1178
235
4133
5363853
-41
10
8
-1191
205
4124
5364878
-3
10
-5
-1190
250
4134
5365903
1
-2
-15
-1171
258
4150
5358721
-20
-8
-11
-1182
212
4168
5359746
-19
-8
-7
-1198
188
4148
5360771
-8
-16
-5
-1190
202
4124
5361796
-10
-20
5
-1145
233
4168
5362821
-39
-6
31
-1139
156
4200
5363846
-47
15
44
-1167
128
4172
5364871
-23
22
35
-1174
172
4137
5365896
-13
24
29
-1179
215
4123
5366921
-30
26
25
-1195
216
4097
5367946
-29
25
16
-1214
219
4084
5368971
-7
8
10
-1203
198
4097
5369996
0
-5
12
-1203
205
4093
5371021
-7
-16
6
-1172
210
4120
5372046
-19
-15
12
-1158
176
4145
5373071
-3
-11
12
-1164
205
4161
5374096
15
-11
9
-1175
212
4161
5366912
25
-15
6
-1166
215
4151
5367937
22
-10
9
-1161
220
4167
5368962
4
0
6
-1175
223
4133
5369987
-7
7
0
-1177
206
4146
5371012
-13
7
6
-1183
169
4133
5372037
4
4
6
-1203
170
4102
5373062
13
-4
2
-1188
211
4119
5374087
-6
-7
10
-1183
193
4114
5375112
-23
-12
17
-1165
223
4106
5376137
-54
-11
33
-1151
217
4113
5377162
-81
6
54
-1153
131
4164
5378187
-86
27
58
-1185
126
4177
5379212
-95
30
50
-1203
195
4121
5380237
-113
20
50
-1189
202
4128
5381262
-127
17
50
-1197
178
4146
5382287
-103
10
32
-1205
156
4117
5375104
-36
0
17
-1175
136
4107
5376129
21
-3
16
-1182
149
4142
5377154
27
-5
16
-1171
162
4180
5378179
-3
-5
10
-1155
177
4153
5379204
-13
6
10
-1170
157
4122
5380229
7
10
12
-1197
141
4131
5381254
10
8
9
-1211
157
4126
5382279
-1
3
2
-1195
151
4117
5383304
13
-3
1
-1183
141
4114
5384329
27
-4
4
-1224
156
4113
5385354
24
-15
1
-1227
133
4127
5386379
36
-9
-5
-1193
117
4106
5387404
35
28
-9
-1173
212
4143
5388429
-34
69
38
-1218
56
4215
5389454
-57
156
36
-1276
-54
4221
5390479
13
280
-111
-1450
459
4181
5383296
-58
221
-469
-1469
1312
3588
5384321
-805
27
-406
-1185
911
2530
5385346
-616
127
355
-299
-2147
5441
5386371
-320
252
454
-278
446
7533
5387396
-2004
280
203
-2577
1979
2899
5388421
-1396
-186
358
-1962
-2941
1461
5389446
304
-312
95
-636
-597
3839
5390471
689
8
37
-1515
958
4348
5391496
545
-124
-64
-1380
-379
4029
5392521
528
-187
-106
-882
226
4162
5393546
235
0
-70
-1108
45
4518
5394571
136
52
-74
-1043
-498
4736
5395596
97
203
-65
-1003
-228
4547
5396621
23
319
36
-1342
-409
4294
5397646
531
117
53
-1327
-1208
3885
5398671
1032
-27
29
-1708
407
3840
5391488
532
-85
45
-2276
926
4025
5392513
295
-327
-59
-1698
576
3628
5393538
178
-442
-132
-1109
532
3860
5394563
308
-358
-15
-773
-178
4152
5395588
669
-137
-153
-917
533
4369
5396613
167
-73
-109
-1082
415
4165
5397638
-332
-68
-23
-970
146
4152
5398663
-422
5
14
-1038
82
4182
5399688
-300
30
20
-1190
-93
4116
5400713
-87
11
-11
-1276
-36
4034
5401738
81
-40
-18
-1219
168
4160
5402763
82
-43
-14
-1194
422
4291
5403788
-83
-42
9
-1192
224
4248
5404813
-159
-36
3
-1216
27
4152
5405838
-71
-36
-23
-1180
78
4138
5406863
24
-31
-39
-1178
188
4138
5399679
61
-39
-52
-1128
261
4196
5400704
-14
-25
-28
-1147
163
4179
5401729
-72
-4
-24
-1208
112
4124
5402754
-51
-10
-22
-1204
111
4111
5403779
-15
-10
-18
-1219
102
4111
5404804
18
-18
-11
-1193
135
4113
5405829
21
-14
-8
-1199
195
4112
5406854
-20
-20
8
-1173
104
4084
5407879
-31
-14
15
-1154
69
4108
5408904
-16
3
12
-1167
97
4112
5409929
6
3
0
-1179
156
4092
5410954
0
-2
-3
-1163
180
4124
5411979
-33
-3
2
-1166
145
4137
5413004
-52
-8
7
-1188
68
4106
5414029
-16
-18
-4
-1163
83
4162
5415054
17
-21
-7
-1139
126
4219
5407872
18
-20
-9
-1155
136
4202
5408897
12
-22
-21
-1153
175
4151
5409922
-2
-24
-22
-1128
175
4150
5410947
-13
-21
-17
-1122
117
4169
5411972
3
-15
-24
-1124
138
4165
5412997
14
-9
-28
-1135
136
4170
5414022
-2
-6
-25
-1146
135
4160
5415047
-22
-6
-21
-1164
116
4130
5416072
-18
-9
-18
-1183
98
4107
5417097
0
-19
-14
-1151
122
4122
5418122
-2
-11
-1
-1169
99
4148
5419147
2
-9
3
-1176
110
4157
5420172
3
-9
0
-1192
113
4124
5421197
11
-14
-5
-1191
140
4112
5422222
-4
-22
-1
-1144
106
4156
5423247
-18
-6
7
-1169
81
4149
5416064
-1
-2
3
-1171
94
4155
5417089
11
-7
5
-1146
138
4128
5418114
4
-5
12
-1134
123
4131
5419139
13
1
10
-1134
155
4156
5420164
-2
3
13
-1134
125
4167
5421189
-5
11
13
-1141
117
4163
5422214
-2
10
2
-1156
146
4115
5423239
-4
2
-4
-1153
126
4144
5424264
-2
-6
-4
-1151
129
4161
5425289
2
-16
-2
-1163
127
4145
5426314
7
-28
-5
-1145
114
4139
5427339
15
-26
0
-1148
94
4141
5428364
17
-22
2
-1164
107
4178
5429389
10
-20
3
-1125
136
4185
5430414
9
-9
10
-1114
132
4181
5431439
8
8
11
-1150
145
4143
5424255
1
11
5
-1157
134
4141
5425280
-9
12
4
-1164
133
4107
5426305
-7
6
8
-1172
100
4120
5427330
1
-2
6
-1174
151
4131
5428355
-15
-13
8
-1168
109
4127
5429380
2
-17
9
-1140
133
4122
5430405
15
-14
14
-1150
149
4136
5431430
8
-17
15
-1130
123
4155
5432455
8
-9
13
-1142
134
4173
5433480
13
-6
5
-1148
172
4172
5434505
-2
-5
3
-1151
146
4154
5435530
-4
3
4
-1148
130
4144
5436555
5
6
4
-1151
122
4150
5437580
-4
3
9
-1159
92
4147
5438605
2
2
7
-1154
124
4139
5439630
11
-3
4
-1151
161
4126
5432447
-10
-12
13
-1137
122
4126
5433472
-15
-7
19
-1128
102
4140
5434497
15
-8
13
-1148
151
4142
5435522
21
-16
0
-1133
207
4150
5436547
-15
-19
8
-1144
130
4143
5437572
-7
-23
7
-1147
95
4133
5438597
28
-25
2
-1142
129
4156
5439622
25
-25
6
-1131
123
4170
5440647
12
-17
12
-1147
125
4178
5441672
5
-16
8
-1131
149
4151
5442697
3
-10
10
-1131
149
4144
5443722
5
-4
15
-1145
136
4108
5444747
23
0
11
-1135
137
4114
5445772
13
1
12
-1127
143
4141
5446797
1
5
9
-1144
135
4127
5447822
7
1
5
-1153
151
4126
5440640
7
-9
12
-1137
158
4116
5441665
1
-10
22
-1124
132
4143
5442690
7
-5
29
-1142
114
4170
5443715
19
3
32
-1148
124
4170
5444740
19
14
19
-1105
182
4129
5445765
9
38
26
-1083
204
4116
5446790
-13
56
47
-1129
126
4179
5447815
4
75
24
-1132
128
4196
5448840
6
125
-26
-1206
198
4056
5449865
-54
139
-55
-1221
191
4044
5450890
-85
176
-47
-1181
266
4082
5451915
-58
266
22
-1424
-118
4073
5452940
165
290
34
-1537
-336
3835
5453965
95
129
16
-1050
327
4211
5454990
-542
234
75
-1102
1084
5008
5456015
-362
207
177
-711
221
5670
5448831
-1297
-17
550
-1202
518
3434
5449856
-909
56
273
-2368
-1286
2371
5450881
156
-392
154
-741
-759
3776
5451906
205
-127
55
-1013
823
4259
5452931
127
-27
66
-1400
-446
4139
5453956
168
-109
-93
-942
300
4330
5454981
27
3
-90
-1064
155
4217
5456006
147
76
-74
-1255
-545
4124
5457031
463
72
-131
-1257
-350
4430
5458056
584
53
-113
-1238
23
4423
5459081
765
7
-147
-1274
101
3824
5460106
611
-88
-87
-1537
416
3481
5461131
567
-189
-14
-1741
200
3853
5462156
650
-251
-106
-1708
603
4150
5463181
427
-368
-251
-1209
962
4173
5464206
298
-317
-158
-609
203
4263
5457024
300
-50
-86
-975
446
4308
5458049
-112
12
-63
-1131
451
4164
5459074
-436
9
-3
-969
164
4202
5460099
-351
89
22
-1069
80
4231
5461124
-151
117
0
-1222
177
4180
5462149
-67
80
-2
-1278
176
4136
5463174
-22
32
-5
-1276
346
4110
5464199
-82
-20
-9
-1254
352
4070
5465224
-101
-68
-6
-1167
169
4153
5466249
-1
-64
-35
-1172
231
4136
5467274
54
-70
-48
-1124
273
4218
5468299
-1
-58
-34
-1139
283
4155
5469324
-49
-49
-36
-1142
239
4094
5470349
-50
-41
-23
-1114
281
4136
5471374
-77
-17
-22
-1174
287
4115
5472399
-92
-18
-18
-1199
226
4093
5465216
-110
-16
-6
-1241
216
4079
5466241
-106
-31
-6
-1226
174
4080
5467266
-58
-33
-5
-1214
151
4065
5468291
-4
-32
2
-1192
167
4140
5469316
6
-29
12
-1156
211
4187
5470341
-29
-10
22
-1160
208
4151
5471366
-34
4
20
-1148
220
4140
5472391
-2
10
20
-1143
231
4178
5473416
-17
21
24
-1177
213
4168
5474441
-42
17
15
-1152
183
4174
5475466
-39
17
7
-1133
217
4144
5476491
-43
18
8
-1138
175
4119
5477516
-45
13
7
-1131
142
4100
5478541
-28
7
5
-1123
182
4134
5479566
-36
3
6
-1128
187
4148
5480591
-42
-4
-2
-1145
181
4116
5473408
-33
-17
-7
-1122
200
4133
5474433
-50
-19
0
-1146
181
4110
5475458
-40
-25
-2
-1165
169
4129
5476483
-8
-30
-6
-1169
172
4153
5477508
2
-34
-7
-1170
159
4154
5478533
5
-32
-8
-1155
172
4170
5479558
-10
-19
-2
-1172
186
4177
5480583
-23
-15
3
-1173
141
4165
5481608
-27
-7
6
-1158
156
4136
5482633
-24
5
10
-1155
163
4139
5483658
-16
14
7
-1164
173
4126
5484683
-21
17
6
-1174
148
4075
5485708
-6
12
6
-1145
135
4125
5486733
2
7
7
-1165
139
4175
5487758
-3
-6
0
-1169
164
4153
5488783
-14
-17
1
-1149
162
4116
5481600
-10
-18
7
-1128
149
4137
5482625
7
-15
13
-1113
145
4174
5483650
9
-8
9
-1135
159
4182
5484675
1
-6
6
-1123
179
4163
5485700
-6
4
6
-1134
182
4139
5486725
-13
7
6
-1148
134
4146
5487750
-7
10
0
-1177
152
4144
5488775
-1
-1
-1
-1175
157
4120
5489800
0
-9
1
-1149
165
4123
5490825
-8
-4
10
-1160
130
4153
5491850
2
-3
10
-1161
143
4177
5492875
5
-5
7
-1158
175
4149
5493900
-9
-4
14
-1144
175
4112
5494925
-8
3
21
-1147
154
4132
5495950
-2
8
21
-1170
168
4155
5496975
1
3
14
-1173
163
4136
5489791
-5
1
7
-1175
186
4115
5490816
-24
-2
7
-1176
186
4115
5491841
-37
-9
9
-1195
129
4128
5492866
-10
-37
-7
-1140
119
4183
5493891
25
-50
-23
-1090
172
4172
5494916
42
-47
-27
-1108
209
4192
5495941
26
-56
-36
-1093
204
4192
5496966
35
-53
-41
-1121
170
4260
5497991
36
-50
-44
-1134
191
4266
5499016
22
-42
-38
-1143
182
4177
5500041
14
-29
-23
-1174
163
4133
5501066
-2
-25
3
-1184
108
4155
5502091
0
-20
25
-1191
86
4191
5503116
7
-23
34
-1152
83
4179
5504141
13
-22
44
-1080
154
4092
5505166
21
-6
64
-1065
196
4017
5497984
16
15
80
-1081
202
4017
5499009
21
26
91
-1119
140
3984
5500034
76
38
71
-1091
211
4026
5501059
88
65
71
-1122
260
4101
5502084
38
86
87
-1217
242
4170
5503109
20
107
101
-1267
195
4163
5504134
51
167
108
-1367
254
4155
5505159
167
191
118
-1309
224
4344
5506184
136
219
145
-1306
286
4416
5507209
-120
281
169
-1546
351
3744
5508234
-454
210
24
-1332
290
3201
5509259
-128
266
-1
-806
214
4192
5510284
399
368
267
-273
135
6935
5511309
-2171
-98
596
-776
2362
4182
5512334
-2785
129
255
-2748
-1158
1620
5513359
-134
-398
220
-706
-2904
3108
5506179
972
-184
-34
-992
1335
4039
5507204
577
-69
38
-1627
637
4380
5508229
207
-256
-14
-903
-471
4559
5509254
119
-167
42
-969
-254
4601
5510279
99
-54
55
-1258
-388
4436
5511304
299
-28
-28
-887
-518
4367
5512329
828
-24
-24
-752
-633
4166
5513354
974
-112
91
-1410
573
4082
5514379
387
-203
124
-1765
890
4465
5515404
158
-262
-103
-1371
872
4083
5516429
-37
-321
-25
-899
128
3799
5517454
195
-205
-18
-713
58
4441
5518479
226
-66
-51
-964
213
4654
5519504
132
-98
-138
-914
328
4398
5520529
9
-181
-135
-698
295
4444
5521554
-118
-159
-115
-734
212
4269
5514369
-93
-135
-141
-989
230
3914
5515394
13
-205
-136
-1064
133
3841
5516419
167
-240
-111
-1181
249
4028
5517444
146
-274
-91
-1261
338
4068
5518469
12
-299
-55
-1234
258
3898
5519494
-84
-279
-1
-1237
155
3865
5520519
-56
-250
22
-1216
83
3932
5521544
28
-208
22
-1173
129
3926
5522569
57
-148
25
-1190
225
3962
5523594
4
-107
33
-1141
261
4119
5524619
-57
-54
39
-1124
182
4212
5525644
-51
-22
37
-1075
176
4249
5526669
-12
-1
42
-950
249
4308
5527694
-2
31
60
-812
240
4319
5528719
11
84
66
-724
340
4317
5529744
-27
138
63
-772
400
4238
5522560
-67
149
43
-827
453
4193
5523585
-117
122
19
-806
367
4148
5524610
-78
98
-34
-786
339
4154
5525635
-22
70
-98
-751
369
4127
5526660
-31
61
-143
-753
395
4117
5527685
-106
63
-160
-832
294
4104
5528710
-134
44
-175
-909
204
4126
5529735
-119
-2
-189
-883
165
4196
5530760
-82
-34
-194
-830
132
4235
5531785
-50
-47
-191
-806
167
4213
5532810
-84
-42
-167
-848
201
4105
5533835
-145
-36
-135
-937
224
4082
5534860
-194
-46
-99
-1054
220
4107
5535885
-215
-71
-67
-1171
123
4120
5536910
-184
-108
-35
-1212
44
4094
5537935
-114
-127
-5
-1190
-18
4123
5530752
-52
-118
20
-1132
7
4151
5531777
-63
-87
47
-1080
11
4181
5532802
-111
-56
75
-1001
-63
4265
5533827
-116
-12
78
-917
-108
4290
5534852
-99
28
67
-812
-99
4307
5535877
-98
65
56
-732
-55
4328
5536902
-117
102
44
-714
-51
4309
5537927
-116
119
24
-746
-14
4275
5538952
-96
107
2
-799
45
4270
5539977
-70
76
-8
-877
68
4229
5541002
-42
28
-12
-959
57
4206
5542027
-32
-36
-12
-1018
20
4207
5543052
-10
-89
-5
-1060
17
4194
5544077
4
-125
7
-1111
-7
4169
5545102
17
-162
18
-1101
-14
4183
5546127
27
-171
38
-1033
-56
4252
5538944
17
-142
61
-985
-69
4286
5539969
-1
-100
74
-938
-72
4313
5540994
-19
-51
91
-906
-59
4305
5542019
-32
-5
104
-876
-45
4275
5543044
-27
32
108
-850
-36
4256
5544069
-4
59
101
-855
-3
4247
5545094
16
65
91
-835
19
4251
5546119
7
62
78
-811
26
4219
5547144
1
59
60
-778
2
4198
5548169
22
56
36
-774
19
4194
5549194
34
45
17
-791
45
4170
5550219
27
26
10
-812
36
4171
5551244
40
2
9
-820
22
4234
5552269
46
-20
6
-824
43
4215
5553294
44
-36
-2
-828
56
4189
5554319
50
-43
-11
-819
40
4238
5547136
62
-44
-16
-842
23
4264
5548161
59
-45
-16
-850
32
4245
5549186
43
-37
-11
-866
73
4230
5550211
31
-35
1
-892
38
4223
5551236
50
-34
6
-909
34
4214
5552261
68
-34
13
-929
43
4216
5553286
67
-38
23
-930
73
4229
5554311
54
-34
30
-909
64
4218
5555336
58
-17
38
-873
41
4228
5556361
63
13
39
-885
76
4203
5557386
61
37
37
-898
102
4175
5558411
56
55
39
-894
135
4155
5559436
40
70
49
-893
126
4130
5560461
46
90
50
-903
105
4210
5561486
51
101
40
-905
89
4289
5562511
67
100
23
-863
95
4271
5555328
70
103
1
-836
144
4195
5556353
49
106
-14
-838
179
4145
5557378
33
101
-29
-858
161
4180
5558403
32
82
-37
-861
156
4204
5559428
33
68
-41
-881
129
4166
5560453
42
59
-50
-887
189
4116
5561478
14
43
-43
-946
223
4155
5562503
-48
20
-24
-1044
159
4186
5563528
-74
-14
2
-1110
128
4191
5564553
-74
-47
24
-1125
56
4158
5565578
-42
-63
43
-1111
42
4165
5566603
1
-56
60
-1074
16
4212
5567628
49
-42
62
-1054
84
4210
5568653
24
-21
66
-987
72
4171
5569678
-3
22
64
-960
53
4160
5570703
16
59
53
-960
11
4067
5563520
77
97
21
-943
99
3986
5564545
102
143
36
-1028
-127
4088
5565570
280
252
-30
-1096
-236
4148
5566595
518
476
-337
-1044
1074
4293
5567620
-143
476
-387
-1137
2204
3570
5568645
-1763
312
165
-875
-7
4057
5569670
-34
516
371
-844
-2275
6912
5570695
-558
-233
405
-430
1427
4374
5571720
-1656
-101
241
-2738
295
1448
5572745
-443
-450
242
-854
-1991
3260
5573770
358
-278
26
-712
803
4487
5574795
231
-178
-4
-1268
-55
4474
5575820
90
-221
-115
-767
-256
4440
5576845
121
-53
-135
-1013
-46
4267
5577870
170
-1
-132
-861
-167
4651
5578895
89
54
-101
-735
-448
4828
5571876
110
110
34
-1041
-670
4316
5572901
654
16
154
-1100
-1310
4316
5573926
1435
-237
149
-952
-607
3762
5574951
1025
-176
136
-1863
1490
3788
5575976
43
-295
-11
-1999
2093
3730
5577001
-806
-698
-1
-906
-631
3351
5578026
580
-560
-60
243
-112
4401
5579051
809
-138
-54
-982
768
4428
5580076
-40
-250
15
-619
266
4384
5581101
-289
-131
98
-607
171
4494
5582126
-245
-51
79
-721
34
4405
5583151
-42
-32
53
-743
-28
4332
5584176
138
-13
15
-741
282
4285
5585201
69
5
18
-785
385
4220
5586226
-51
9
13
-837
266
4158
5587251
-61
-16
1
-780
183
4198
5579904
-28
-29
-14
-731
180
4177
5580929
8
-36
-9
-659
176
4254
5581954
16
-9
0
-728
223
4168
5582979
-11
-11
-14
-853
210
4094
5584004
-44
-54
-23
-841
259
4129
5585029
-79
-64
-18
-874
303
4111
5586054
-74
-87
-11
-918
46
4055
5587079
50
-115
-10
-859
105
4154
5588104
90
-107
-3
-870
206
4180
5589129
42
-107
0
-833
176
4220
5590154
19
-84
11
-814
171
4290
5591179
4
-65
15
-789
130
4312
5592204
40
-45
11
-737
194
4323
5593229
4
-20
10
-660
304
4229
5594254
-71
16
12
-663
357
4148
5595279
-93
35
9
-732
394
4147
5588097
-71
11
-10
-799
362
4157
5589122
-52
-34
-34
-805
305
4090
5590147
-1
-76
-27
-804
271
4176
5591172
18
-105
-23
-832
242
4268
5592197
6
-135
-30
-790
191
4308
5593222
14
-141
-25
-747
193
4315
5594247
28
-130
-19
-713
244
4292
5595272
14
-114
6
-673
200
4261
5596297
-1
-89
19
-657
198
4250
5597322
-15
-70
21
-655
189
4237
5598347
-17
-57
15
-639
224
4206
5599372
-33
-44
11
-682
232
4185
5600397
-36
-49
13
-706
198
4170
5601422
-22
-57
12
-714
167
4179
5602447
-7
-71
11
-674
165
4196
5603472
-12
-74
7
-642
190
4194
5596288
-36
-69
9
-625
190
4188
5597313
-42
-63
15
-643
163
4193
5598338
-56
-60
17
-661
153
4195
5599363
-59
-60
10
-636
137
4187
5600388
-26
-54
3
-610
143
4277
5601413
-23
-41
2
-633
157
4313
5602438
-36
-38
3
-606
144
4338
5603463
-39
-22
9
-609
117
4325
5604488
-18
-12
8
-582
171
4323
5605513
-10
1
16
-580
163
4287
5606538
-6
6
18
-556
152
4309
5607563
2
23
11
-588
161
4284
5608588
3
21
-2
-594
220
4263
5609613
-19
20
-4
-617
179
4192
5610638
-11
16
-6
-619
159
4211
5611663
1
15
-4
-642
175
4202
5604480
9
1
-8
-641
160
4199
5605505
13
-4
-12
-634
188
4185
5606530
-6
-3
-5
-657
161
4180
5607555
-13
-6
1
-677
97
4206
5608580
13
-11
-2
-645
128
4245
5609605
7
-3
0
-641
141
4227
5610630
-18
8
3
-641
154
4208
5611655
-22
17
6
-649
121
4218
5612680
-6
16
6
-611
147
4290
5613705
2
26
5
-632
166
4234
5614730
-7
27
-1
-626
180
4233
5615755
-15
34
-2
-610
174
4269
5616780
-16
42
-9
-649
181
4248
5617805
-25
39
-19
-662
175
4222
5618830
-15
30
-21
-656
157
4244
5619855
6
21
-19
-669
162
4285
5612672
8
10
-25
-687
179
4266
5613697
0
2
-25
-681
149
4252
5614722
12
-1
-17
-672
139
4245
5615747
20
-5
-14
-662
166
4235
5616772
13
-4
-13
-653
170
4239
5617797
3
6
-11
-661
142
4230
5618822
-1
15
-13
-679
151
4212
5619847
7
14
-14
-677
147
4211
5620872
6
14
-9
-684
163
4202
5621897
-19
16
-1
-703
142
4199
5622922
-31
11
-1
-698
156
4208
5623947
-18
-2
8
-686
188
4191
5624972
-8
-2
26
-673
148
4239
5625997
-9
8
32
-681
141
4311
5627022
-3
12
26
-690
132
4293
5628047
25
13
7
-695
203
4290
5620864
9
6
6
-696
198
4230
5621889
0
5
2
-678
182
4199
5622914
6
11
-3
-677
157
4201
5623939
19
14
-7
-667
147
4210
5624964
11
24
-14
-681
145
4233
5625989
-8
28
-17
-700
156
4209
5627014
-22
24
-22
-692
141
4150
5628039
-14
33
-25
-678
134
4168
5629064
19
40
-23
-682
132
4248
5630089
22
30
-25
-680
197
4265
5631114
-21
40
-30
-698
137
4232
5632139
-23
62
-38
-780
36
4145
5633164
-7
43
-45
-721
202
4253
5634189
-107
61
-14
-682
202
4329
5635214
-182
129
14
-869
-16
4321
5636239
-61
148
-109
-1023
269
4301
5629055
-262
66
-223
-954
796
3888
5630080
-959
-111
-117
-413
222
3536
5631105
-518
159
23
-665
-165
4094
5632130
585
293
-4
-472
-114
6022
5633155
-594
-113
261
161
760
5177
5634180
-1336
113
-9
-2039
-467
2851
5635205
-329
-414
-112
-773
-993
2727
5636230
308
-178
-50
-121
304
4472
5637255
19
38
-19
-997
-605
4544
5638280
214
-110
-116
-575
-334
4342
5639305
133
40
-45
-492
145
4402
5640330
-62
177
50
-705
-354
4607
5641355
74
214
120
-722
-604
4522
5642380
414
204
203
-802
-886
4528
5643405
904
91
92
-826
-391
3919
5644430
958
-88
45
-1109
759
3580
5637248
431
-277
158
-1312
729
4044
5638273
317
-374
122
-1060
189
4316
5639298
155
-435
-8
-895
556
4145
5640323
84
-408
-38
-35
-75
4333
5641348
358
-53
-13
-393
430
4529
5642373
24
7
1
-730
321
4247
5643398
-232
-60
7
-494
119
4135
5644423
-118
24
16
-499
147
4265
5645448
-31
70
2
-618
173
4331
5646473
-48
61
-1
-664
47
4241
5647498
13
45
-4
-678
211
4316
5648523
-44
36
4
-729
223
4183
5649548
-81
-11
8
-703
32
4192
5650573
9
-31
-2
-618
189
4328
5651598
19
-20
-4
-698
195
4206
5652623
3
-40
-10
-688
150
4161
5645440
32
-40
-11
-658
225
4231
5646465
2
-31
-9
-670
213
4244
5647490
-19
-32
-10
-666
141
4244
5648515
-9
-29
-17
-678
157
4152
5649540
-1
-31
-6
-648
163
4228
5650565
-23
-13
4
-652
143
4257
5651590
-2
-6
-9
-628
177
4258
5652615
-1
13
2
-635
174
4218
5653640
0
35
-6
-681
199
4215
5654665
-15
27
-6
-652
174
4289
5655690
-30
25
-13
-680
159
4249
5656715
1
-1
-29
-670
108
4230
5657740
42
-14
-33
-650
226
4268
5658765
24
-11
-34
-693
214
4199
5659790
10
-37
-23
-660
152
4216
5660815
20
-41
-10
-624
150
4260
5653631
15
-30
-3
-620
134
4295
5654656
5
-22
-3
-608
137
4303
5655681
-1
-5
-7
-614
174
4240
5656706
-13
11
-6
-642
193
4226
5657731
-23
9
-1
-659
164
4253
5658756
-12
-1
-4
-675
141
4253
5659781
-4
-11
-7
-671
141
4182
5660806
5
-10
-2
-657
159
4190
5661831
17
-6
10
-653
174
4269
5662856
10
-11
9
-671
184
4309
5663881
-19
-19
10
-659
185
4256
5664906
-29
-14
19
-657
147
4202
5665931
5
-3
28
-676
143
4205
5666956
27
0
21
-680
183
4218
5667981
16
-6
16
-646
175
4257
5669006
1
2
19
-655
199
4252
5661824
-23
2
19
-671
164
4214
5662849
-14
-1
15
-647
134
4209
5663874
16
4
14
-625
180
4231
5664899
10
6
18
-630
176
4234
5665924
-2
4
14
-649
193
4226
5666949
-22
-4
7
-651
170
4219
5667974
-16
-7
-3
-648
177
4210
5668999
1
-10
-5
-647
190
4220
5670024
-3
-11
4
-646
143
4225
5671049
13
-18
4
-631
135
4295
5672074
12
-16
3
-636
175
4244
5673099
-5
-13
6
-629
177
4237
5674124
-15
-2
11
-651
179
4232
5675149
5
-3
8
-660
161
4246
5676174
7
-3
6
-664
183
4229
5677199
-1
-3
5
-679
167
4229
5670016
-5
-9
2
-664
180
4207
5671041
0
-11
3
-666
167
4235
5672066
-1
-13
8
-669
160
4257
5673091
13
-19
6
-667
164
4271
5674116
24
-20
5
-651
182
4244
5675141
20
-19
7
-613
185
4261
5676166
4
-4
13
-613
195
4235
5677191
-5
9
13
-643
185
4228
5678216
-5
5
11
-647
169
4231
5679241
-11
4
4
-649
188
4178
5680266
-17
6
1
-643
169
4163
5681291
-16
7
7
-657
164
4171
5682316
-7
-2
6
-649
167
4215
5683341
-6
-11
11
-634
173
4259
5684366
-26
-13
14
-637
165
4236
5685391
-29
-11
10
-646
177
4247
5678208
-15
-13
4
-643
177
4251
5679233
-5
-15
1
-628
177
4261
5680258
-10
-11
5
-630
172
4257
5681283
-13
-8
6
-643
160
4245
5682308
-4
0
4
-642
169
4270
5683333
-9
2
0
-638
176
4255
5684358
-12
4
2
-631
156
4249
5685383
-6
13
8
-644
150
4258
5686408
-5
13
11
-656
160
4235
5687433
-7
7
11
-652
162
4229
5688458
-4
4
10
-636
150
4231
5689483
1
5
10
-661
155
4219
5690508
-5
1
11
-653
157
4224
5691533
-10
2
12
-655
163
4231
5692558
0
-2
4
-637
171
4222
5693583
4
-2
4
-631
165
4233
5686399
-9
3
3
-631
195
4242
5687424
-27
6
6
-643
155
4230
5688449
-5
7
4
-649
170
4246
5689474
-2
4
0
-650
180
4237
5690499
-11
6
1
-651
162
4203
5691524
-7
9
-1
-653
164
4222
5692549
7
10
-8
-660
188
4244
5693574
-4
4
-12
-660
152
4238
5694599
-8
-3
-10
-677
122
4251
5695624
4
-13
-15
-681
145
4249
5696649
10
-16
-12
-670
157
4260
5697674
3
-11
5
-668
150
4276
5698699
-1
-7
10
-652
149
4288
5699724
-3
1
8
-650
151
4273
5700749
-2
20
6
-651
159
4261
5701774
-19
37
-6
-653
218
4194
5694592
-41
38
-6
-662
148
4128
5695617
-12
31
7
-669
99
4198
5696642
36
28
4
-663
141
4315
5697667
61
33
-42
-674
187
4408
5698692
-30
37
-72
-642
316
4469
5699717
-182
64
-78
-712
343
4153
5700742
-246
52
-87
-956
91
3732
5701767
-154
25
-115
-1026
152
3671
5702792
-93
-29
-184
-824
462
3793
5703817
-341
-183
-34
-147
-360
4353
5704842
-8
235
18
-486
-147
4613
5705867
539
358
9
-459
1069
6298
5706892
-2064
-203
358
-147
2323
4317
5707917
-3061
183
349
-1642
-1267
2664
5708942
-841
-142
354
-460
-3569
3433
5709967
1016
140
-275
-598
65
4431
5702784
859
87
-192
-1035
677
4340
5703809
260
-77
-78
-544
-392
4098
5704834
109
109
-70
-508
-127
4392
5705859
-23
207
6
-704
-577
4737
5706884
35
183
19
-899
-852
4462
5707909
419
117
-8
-918
-509
4132
5708934
910
44
-24
-714
-307
4059
5709959
1035
-13
-33
-807
213
3954
5710984
513
-115
14
-935
788
4135
5712009
-86
-262
163
-1031
551
4093
5713034
-152
-291
103
-859
-668
4048
5714059
537
-271
-31
-796
136
4152
5715084
505
-356
-76
-598
398
4211
5716109
341
-252
-36
-374
363
4377
5717134
143
-81
17
-534
331
4501
5718159
-74
-41
45
-579
67
4399
5711028
-143
-5
16
-601
7
4367
5712053
-115
38
4
-582
1
4362
5713078
-37
92
3
-660
163
4359
5714103
10
80
5
-675
178
4262
5715128
30
57
20
-686
208
4282
5716153
-31
39
38
-688
49
4313
5717178
-21
20
18
-708
42
4223
5718203
28
-14
-11
-696
96
4096
5719228
61
-38
-18
-684
165
4031
5720253
48
-54
-11
-647
198
4097
5721278
8
-46
6
-621
154
4194
5722303
-26
-29
8
-662
73
4221
5723328
-5
-30
-3
-640
140
4240
5724353
-28
-20
0
-684
117
4168
5725378
-7
-28
-8
-666
175
4241
5726403
26
-25
-4
-675
218
4216
5719168
6
-37
6
-650
133
4277
5720193
-4
-25
18
-649
114
4305
5721218
5
-13
5
-686
139
4272
5722243
20
-21
-2
-639
172
4302
5723268
11
-16
1
-641
143
4280
5724293
15
-23
-2
-631
105
4237
5725318
33
-23
0
-643
155
4233
5726343
26
-27
8
-608
153
4277
5727368
7
-17
17
-617
122
4301
5728393
14
-10
11
-608
160
4262
5729418
15
-4
10
-630
177
4228
5730443
0
-8
9
-640
172
4223
5731468
-9
-14
7
-646
157
4242
5732493
-6
-25
0
-641
164
4217
5733518
-8
-41
-5
-629
133
4206
5734543
4
-51
-6
-596
175
4213
5727361
6
-56
-9
-613
217
4207
5728386
6
-68
-23
-592
213
4227
5729411
18
-58
-29
-578
182
4307
5730436
13
-31
-21
-605
112
4317
5731461
1
-6
-26
-634
100
4287
5732486
8
15
-23
-644
117
4277
5733511
16
29
-10
-657
115
4274
5734536
11
27
1
-645
109
4287
5735561
12
28
7
-652
111
4279
5736586
22
27
13
-656
142
4230
5737611
26
12
18
-627
152
4200
5738636
36
2
17
-584
195
4222
5739661
26
1
8
-586
195
4208
5740686
14
0
-9
-586
182
4180
5741711
12
1
-29
-587
201
4192
5742736
6
-5
-39
-595
181
4182
5735552
-4
-15
-38
-606
146
4136
5736577
-5
-20
-31
-601
155
4209
5737602
-13
-19
-18
-602
146
4278
5738627
-13
-17
-9
-627
132
4279
5739652
-3
-14
-8
-623
177
4284
5740677
-4
-1
-6
-637
190
4257
5741702
0
7
-4
-650
163
4266
5742727
28
12
-3
-634
185
4292
5743752
24
22
7
-658
179
4269
5744777
-2
26
5
-649
165
4233
5745802
-7
39
6
-658
166
4212
5746827
4
39
7
-651
154
4195
5747852
14
38
13
-650
170
4201
5748877
-2
35
20
-651
160
4207
5749902
-12
30
21
-646
164
4213
5750927
-20
21
15
-650
173
4187
5743743
-18
11
15
-627
159
4205
5744768
-1
10
20
-626
173
4255
5745793
-11
8
18
-641
162
4230
5746818
-11
5
6
-640
171
4220
5747843
-10
2
-2
-620
181
4220
5748868
-13
3
-1
-617
174
4254
5749893
-23
12
0
-630
176
4245
5750918
-30
20
-3
-647
156
4246
5751943
-24
19
-4
-650
145
4224
5752968
-10
19
-7
-661
172
4220
5753993
-10
18
-4
-668
178
4228
5755018
-24
14
0
-688
149
4237
5756043
-25
4
-5
-680
140
4224
5757068
-12
-2
-3
-668
127
4231
5758093
4
-3
-1
-669
131
4262
5759118
6
-1
0
-666
145
4265
5751937
-3
6
-2
-653
132
4251
5752962
-10
21
2
-639
141
4265
5753987
-6
36
-1
-662
161
4242
5755012
-1
40
-9
-665
192
4243
5756037
-12
38
-8
-645
172
4234
5757062
-27
49
-3
-679
121
4209
5758087
-23
45
-7
-715
123
4203
5759112
-14
32
-10
-704
146
4199
5760137
-4
21
-10
-711
171
4200
5761162
-2
9
-2
-712
149
4220
5762187
-8
2
-1
-734
159
4222
5763212
-13
-5
-4
-758
136
4195
5764237
9
-22
-2
-753
107
4214
5765262
40
-38
-3
-726
145
4225
5766287
35
-41
2
-699
196
4263
5767312
26
-38
19
-675
187
4274
5760128
11
-21
30
-656
155
4242
5761153
27
-1
44
-657
92
4258
5762178
45
28
36
-655
206
4304
5763203
-5
64
36
-663
246
4351
5764228
-59
87
35
-691
246
4273
5765253
-95
79
34
-737
148
4151
5766278
-40
48
34
-743
81
4171
5767303
18
22
21
-748
181
4253
5768328
-33
8
3
-672
201
4234
5769353
-59
74
9
-661
150
4281
5770378
-178
140
25
-859
204
4232
5771403
-402
118
34
-1042
-36
4010
5772428
-413
37
31
-963
-321
3826
5773453
-10
-50
-101
-480
306
3833
5774478
168
202
70
-572
901
4491
5775503
26
242
311
114
490
6175
5768320
-2324
50
666
-415
1365
4202
5769345
-2546
301
514
-1725
-2255
3347
5770370
-520
-62
270
-431
-2304
3759
5771395
630
181
-53
-819
726
4143
5772420
303
86
7
-1034
108
3948
5773445
111
38
-100
-596
-195
4086
5774470
185
131
-140
-669
-95
4539
5775495
229
111
-86
-867
-642
4171
5776520
568
76
-85
-783
-1066
4242
5777545
1137
30
-51
-682
-1045
4648
5778570
1485
-116
-67
-1110
221
3755
5779595
829
-263
-11
-1595
1184
3869
5780620
234
-403
-75
-1118
434
4190
5781645
333
-358
-152
-1006
643
4127
5782670
144
-401
-161
-479
-103
4239
5783695
493
-159
-136
-350
-205
4318
5776512
620
-5
-164
-841
448
4211
5777537
183
-104
-112
-507
532
3998
5778562
-140
-13
37
-476
210
4314
5779587
-194
82
90
-626
1
4513
5780612
-100
97
62
-775
41
4451
5781637
-15
44
34
-804
250
4318
5782662
-2
-6
10
-761
403
4210
5783687
-16
-36
-9
-760
361
4070
5784712
35
-75
-20
-651
271
4207
5785737
40
-55
-20
-653
257
4310
5786762
21
-41
-34
-688
182
4319
5787787
23
-34
-42
-701
208
4220
5788812
12
-36
-39
-719
207
4169
5789837
-10
-38
-18
-673
214
4232
5790862
-26
-14
-4
-737
194
4141
5791887
-11
-15
-9
-752
191
4090
5784825
17
-17
2
-742
226
4166
5785850
18
-5
15
-741
254
4238
5786875
-5
9
16
-747
259
4279
5787900
-34
15
20
-748
195
4264
5788925
-20
24
18
-728
225
4286
5789950
-13
28
16
-736
240
4260
5790975
-15
17
20
-733
247
4170
5792000
-18
7
27
-713
187
4178
5793025
7
10
30
-665
231
4232
5794050
14
23
29
-705
212
4227
5795075
1
10
27
-691
202
4279
5796100
-20
-1
27
-713
203
4251
5797125
-11
-27
19
-701
209
4188
5798150
24
-47
11
-668
228
4229
5799175
54
-47
-1
-659
260
4248
5800200
49
-39
-17
-665
281
4264
5792895
26
-30
-22
-670
280
4271
5793920
-6
-26
-20
-679
239
4247
5794945
-8
-21
-15
-694
223
4230
5795970
-1
-17
-12
-714
207
4205
5796995
12
-14
-9
-735
214
4182
5798020
9
-19
-7
-727
222
4181
5799045
10
-13
1
-713
210
4235
5800070
2
-6
6
-738
219
4196
5801095
3
-11
5
-724
228
4225
5802120
4
-13
12
-713
236
4222
5803145
6
-18
15
-706
246
4206
5804170
4
-18
18
-676
253
4225
5805195
-2
0
17
-694
242
4214
5806220
4
3
10
-692
225
4195
5807245
13
7
4
-685
274
4210
5808270
2
2
5
-693
247
4197
5801088
4
-8
1
-682
251
4205
5802113
1
-8
3
-685
241
4212
5803138
-10
-3
10
-693
214
4215
5804163
1
-4
6
-694
222
4219
5805188
8
-8
4
-677
233
4225
5806213
-3
-4
5
-676
244
4233
5807238
-12
6
7
-705
264
4227
5808263
-14
3
11
-708
235
4233
5809288
-6
-3
11
-700
227
4224
5810313
0
-4
5
-699
238
4213
5811338
-1
-3
0
-680
253
4208
5812363
-15
2
1
-681
240
4198
5813388
-18
5
3
-684
233
4208
5814413
-9
2
6
-686
228
4221
5815438
-7
-1
5
-698
241
4183
5816463
-3
-4
3
-690
253
4205
5809280
-15
-6
2
-694
244
4201
5810305
-23
-7
-6
-679
232
4217
5811330
-20
-1
-9
-688
215
4242
5812355
-7
-1
-7
-686
214
4253
5813380
1
0
-1
-717
225
4262
5814405
0
-3
2
-709
225
4259
5815430
-4
-7
5
-707
210
4266
5816455
3
-8
4
-685
246
4250
5817480
1
-3
6
-686
240
4204
5818505
-6
3
8
-688
219
4197
5819530
-2
9
7
-690
205
4208
5820555
10
15
0
-701
221
4199
5821580
5
14
-2
-702
239
4202
5822605
-24
8
0
-698
229
4184
5823630
-24
3
-3
-692
234
4211
5824655
-9
1
-1
-691
232
4234
5817473
-8
-2
1
-703
230
4221
5818498
-12
-7
2
-707
251
4234
5819523
-12
-13
2
-705
236
4225
5820548
3
-9
-1
-700
240
4226
5821573
9
-6
-7
-689
254
4265
5822598
1
0
-10
-714
245
4250
5823623
-5
0
-8
-717
241
4223
5824648
-10
-1
0
-720
207
4210
5825673
-4
-2
1
-718
201
4217
5826698
6
-2
1
-708
221
4224
5827723
-1
2
4
-704
225
4231
5828748
-11
1
8
-702
233
4225
5829773
-15
0
7
-706
241
4194
5830798
-11
0
3
-706
244
4199
5831823
-13
1
3
-701
211
4208
5832848
-7
6
6
-720
191
4223
5825664
-2
1
7
-716
226
4223
5826689
-16
-2
10
-721
227
4225
5827714
-16
-7
12
-702
207
4247
5828739
-9
-3
9
-690
223
4242
5829764
-5
2
10
-699
201
4240
5830789
0
9
9
-707
241
4239
5831814
-5
7
6
-702
269
4236
5832839
-27
8
2
-693
235
4199
5833864
-22
18
-3
-730
179
4192
5834889
-2
9
-8
-729
186
4213
5835914
-3
-1
-5
-728
202
4205
5836939
-6
-11
-2
-710
198
4227
5837964
12
-15
0
-701
247
4259
5838989
9
-10
5
-715
232
4265
5840014
-8
-7
3
-715
220
4239
5841039
-8
1
1
-714
213
4232
5833855
-12
8
5
-693
209
4197
5834880
-10
27
9
-720
212
4174
5835905
-6
32
-1
-714
197
4201
5836930
-16
38
-2
-730
196
4224
5837955
-35
30
2
-771
165
4138
5838980
-46
20
-17
-723
273
4093
5840005
-106
44
1
-691
219
4187
5841030
-136
104
33
-666
112
4426
5842055
-182
195
9
-745
170
4567
5843080
-311
239
-108
-954
337
4290
5844105
-460
191
-202
-1089
271
3777
5845130
-391
117
-324
-923
283
3750
5846155
-566
53
-203
-498
512
4216
5847180
-934
260
-71
-776
178
4506
5848205
49
254
143
-501
-627
5397
5849230
-1245
-7
338
-332
1239
4368
5842048
-1924
160
402
-1667
-1103
3285
5843073
-809
-128
316
-941
-2298
3693
5844098
292
-134
-91
-596
127
3817
5845123
589
-2
-30
-855
5
4037
5846148
472
-1
-92
-712
74
4516
5847173
227
-15
-110
-654
-95
4670
5848198
60
55
-33
-889
-873
4271
5849223
315
86
-88
-850
-797
4387
5850248
613
-35
-40
-621
-699
4276
5851273
963
-260
184
-1187
-650
3667
5852298
1176
-314
111
-1822
96
4197
5853323
750
-516
-102
-1429
1625
4099
5854348
-345
-664
-141
-513
182
3917
5855373
114
-393
-81
139
-378
4265
5856398
451
3
-158
-686
652
4444
5857423
-103
-102
-136
-432
247
4358
5850240
-239
-14
-33
-385
-70
4407
5851265
-157
92
-29
-684
-86
4313
5852290
-104
53
-34
-706
-67
4264
5853315
-35
28
-9
-736
-45
4294
5854340
22
13
2
-771
75
4269
5855365
5
-24
17
-727
-2
4354
5856390
3
-40
20
-660
22
4349
5857415
-3
-38
7
-695
-36
4254
5858440
39
-47
0
-635
-3
4286
5859465
75
-11
-13
-675
207
4184
5860490
14
-14
4
-655
52
4212
5861515
-4
-1
18
-683
18
4239
5862540
-9
11
2
-738
41
4142
5863565
-8
-11
-2
-695
24
4141
5864590
-1
-15
15
-697
32
4213
5865615
15
-23
10
-703
58
4186
5858431
30
-34
-1
-671
117
4190
5859456
3
-37
13
-661
56
4258
5860481
11
-27
11
-664
77
4276
5861506
12
-17
7
-664
80
4285
5862531
-10
-9
15
-654
85
4298
5863556
-32
5
21
-703
-4
4285
5864581
7
-4
10
-676
77
4302
5865606
11
-4
18
-688
91
4270
5866631
-8
-15
25
-690
35
4207
5867656
13
-25
25
-664
25
4227
5868681
23
-28
15
-648
27
4297
5869706
11
-20
-3
-639
60
4266
5870731
-5
-16
-18
-628
91
4205
5871756
-1
-15
-19
-612
97
4200
5872781
16
-7
-7
-581
61
4275
5873806
18
11
-1
-624
13
4282
5866624
21
13
-8
-658
73
4235
5867649
14
8
-7
-657
69
4231
5868674
21
6
1
-650
68
4256
5869699
10
2
6
-666
19
4240
5870724
-3
8
9
-655
71
4207
5871749
-54
26
24
-642
64
4226
5872774
-109
46
41
-648
47
4205
5873799
-140
67
54
-691
4
4191
5874824
-108
64
56
-695
19
4212
5875849
-100
54
62
-676
49
4287
5876874
-120
53
64
-680
-26
4335
5877899
-95
57
45
-718
-4
4277
5878924
-51
48
34
-748
-15
4224
5879949
2
27
30
-735
17
4241
5880974
16
14
30
-712
2
4241
5881999
20
13
26
-695
24
4232
5874816
9
18
21
-689
7
4198
5875841
-3
28
18
-707
-4
4158
5876866
-15
39
17
-727
8
4179
5877891
-46
36
17
-734
19
4182
5878916
-63
25
13
-724
49
4200
5879941
-73
24
20
-729
19
4228
5880966
-56
21
18
-741
-16
4244
5881991
-12
19
1
-732
38
4254
5883016
-5
18
-9
-724
27
4239
5884041
-4
19
-12
-720
-2
4235
5885066
-1
19
-16
-721
4
4263
5886091
-7
13
-21
-713
-1
4227
5887116
-7
12
-22
-696
-9
4232
5888141
-12
18
-18
-742
-25
4213
5889166
-12
6
-24
-757
-32
4213
5890191
-2
-7
-23
-763
-36
4233
5883007
6
-22
-15
-734
-40
4233
5884032
11
-25
-6
-696
-48
4256
5885057
11
-16
1
-676
-12
4283
5886082
-14
-2
0
-693
-11
4250
5887107
-32
4
-9
-695
12
4201
5888132
-34
14
-7
-732
-33
4206
5889157
-10
9
-8
-745
-27
4236
5890182
8
-3
-12
-754
-32
4253
5891207
1
-10
-7
-751
-38
4257
5892232
-7
-9
3
-742
-50
4288
5893257
6
-2
7
-741
-53
4282
5894282
17
6
5
-719
-42
4246
5895307
18
21
5
-731
13
4245
5896332
-26
26
9
-746
-7
4225
5897357
-53
25
11
-746
-41
4239
5898382
-31
23
13
-768
-67
4213
5891200
12
15
15
-748
-40
4260
5892225
22
7
16
-743
-10
4293
5893250
-2
-4
13
-745
-12
4264
5894275
-3
-8
11
-717
-27
4263
5895300
12
3
18
-726
-41
4271
5896325
18
7
17
-732
-50
4260
5897350
17
12
12
-726
7
4228
5898375
2
21
17
-762
-1
4192
5899400
-2
19
19
-779
-20
4159
5900425
11
9
15
-791
-29
4152
5901450
34
-2
9
-781
7
4201
5902475
10
-10
7
-774
38
4219
5903500
-25
-17
14
-788
-11
4209
5904525
-2
-23
10
-765
-16
4247
5905550
24
-16
6
-755
-7
4255
5906575
21
-4
7
-749
6
4288
5899392
0
-1
7
-732
11
4299
5900417
-25
8
12
-731
-29
4246
5901442
-17
25
16
-747
-42
4208
5902467
-3
32
17
-755
-38
4245
5903492
-4
26
10
-757
-2
4240
5904517
-4
15
5
-751
-5
4244
5905542
-4
0
0
-749
5
4215
5906567
-26
-4
-3
-745
-10
4183
5907592
-16
-3
-2
-727
-36
4232
5908617
8
-3
-2
-739
-29
4238
5909642
18
-3
-7
-754
-2
4232
5910667
10
-4
-3
-763
2
4219
5911692
-9
-6
-4
-770
-8
4218
5912717
-8
-10
-8
-768
-41
4210
5913742
18
-15
3
-754
-20
4226
5914767
-7
-9
28
-721
1
4272
5907584
-12
13
50
-765
-62
4273
5908609
15
20
6
-814
6
4190
5909634
28
-9
-18
-817
17
4075
5910659
57
-10
3
-753
-11
4303
5911684
30
99
9
-814
60
4520
5912709
-127
234
-49
-1136
99
4131
5913734
-192
38
-87
-1097
-3
3660
5914759
-287
-208
-4
-533
94
3402
5915784
91
83
257
-837
630
3414
5916809
914
469
480
104
319
7119
5917834
-2228
306
889
220
949
5049
5918859
-3116
543
463
-2293
-1910
3213
5919884
-173
23
66
-832
-2399
3802
5920909
890
31
-367
-737
1297
3713
5921934
704
12
-270
-1153
456
3787
5922959
509
-119
-366
-758
-721
4114
5915776
435
-96
-380
-570
-454
4515
5916801
66
11
-267
-825
-722
4581
5917826
17
-47
-150
-746
-1104
4250
5918851
508
-249
-55
-816
-859
4060
5919876
657
-419
148
-1656
34
3856
5920901
609
-538
49
-1687
259
4095
5921926
442
-624
-232
-991
1458
4238
5922951
-30
-627
-111
113
-204
4253
5923976
371
-146
-112
-225
273
4519
5925001
-3
26
-62
-652
-12
4503
5926026
-315
41
-21
-508
-284
4355
5927051
-204
103
-16
-586
-156
4242
5928076
-106
116
15
-627
-92
4305
5929101
-51
106
33
-731
-119
4304
5930126
9
66
37
-783
-48
4245
5931151
19
21
29
-787
-29
4184
5923967
21
-25
13
-743
-64
4165
5924992
40
-65
-2
-646
-19
4227
5926017
41
-58
-2
-630
25
4248
5927042
16
-44
5
-653
-45
4253
5928067
16
-26
4
-647
-53
4265
5929092
6
-5
-5
-681
-34
4246
5930117
-11
2
-5
-662
-68
4229
5931142
7
21
8
-692
-86
4211
5932167
15
25
16
-730
-49
4184
5933192
0
16
6
-748
-39
4172
5934217
-9
3
10
-691
-42
4215
5935242
-5
14
19
-724
-57
4237
5936267
1
3
26
-705
-45
4263
5937292
21
2
28
-717
-31
4259
5938317
37
-7
24
-699
11
4238
5939342
33
-9
20
-708
6
4223
5932160
6
-22
16
-631
-19
4242
5933185
-4
7
14
-657
-36
4219
5934210
9
15
4
-643
-24
4266
5935235
-3
26
2
-668
2
4214
5936260
-33
19
3
-677
-60
4219
5937285
-26
14
5
-692
-63
4231
5938310
-10
4
2
-706
-62
4207
5939335
17
-11
-9
-696
-28
4193
5940360
24
-19
-10
-671
-5
4230
5941385
25
-17
-11
-689
29
4260
5942410
-26
-24
-3
-690
-46
4243
5943435
-28
-19
-7
-673
-52
4266
5944460
-2
-4
-18
-692
-18
4260
5945485
19
1
-25
-697
-3
4262
5946510
5
3
-26
-710
15
4224
5947535
-24
-6
-22
-680
-37
4256
5940353
-17
-2
-20
-677
-54
4272
5941378
-5
4
-22
-695
-51
4257
5942403
-7
3
-24
-706
-33
4217
5943428
-6
-5
-21
-692
-12
4236
5944453
-1
-8
-15
-673
8
4258
5945478
-23
-5
-8
-687
-24
4220
5946503
-41
-4
-4
-696
-69
4233
5947528
-34
1
-10
-720
-56
4223
5948553
-20
-1
-10
-736
-71
4226
5949578
-3
-6
-5
-707
-80
4276
5950603
-7
-3
0
-706
-66
4279
5951628
-25
-1
6
-682
-83
4265
5952653
-22
10
10
-683
-73
4273
5953678
-9
14
9
-688
-25
4251
5954703
-7
16
10
-684
-3
4254
5955728
-30
16
12
-702
-3
4254
5948544
-69
10
20
-707
-118
4207
5949569
-48
1
9
-722
-130
4183
5950594
-1
-15
-2
-708
-78
4269
5951619
20
-18
-3
-713
-58
4314
5952644
16
-20
-3
-722
-45
4274
5953669
2
-24
-3
-701
-56
4277
5954694
9
-13
-4
-669
-48
4295
5955719
3
3
-2
-688
-71
4260
5956744
-9
12
-1
-703
-96
4228
5957769
2
17
-3
-706
-51
4211
5958794
7
17
1
-726
-44
4188
5959819
0
6
0
-715
-63
4202
5960844
-6
1
4
-725
-82
4219
5961869
1
-9
6
-723
-69
4224
5962894
4
-18
13
-707
-53
4237
5963919
1
-22
19
-683
-43
4261
5956736
-5
-16
22
-676
-55
4272
5957761
4
-7
14
-679
-37
4274
5958786
-1
7
12
-680
-55
4277
5959811
-2
15
9
-702
-47
4258
5960836
1
10
1
-704
-27
4243
5961861
-4
5
-1
-691
-42
4229
5962886
-12
1
4
-689
-76
4222
5963911
-2
-1
8
-694
-104
4224
5964936
10
-3
6
-714
-72
4212
5965961
4
-15
2
-689
-50
4239
5966986
-7
-15
5
-702
-32
4252
5968011
-13
-20
7
-693
-41
4251
5969036
-17
-16
14
-700
-72
4231
5970061
-2
-11
17
-697
-110
4238
5971086
7
-6
12
-687
-79
4251
5972111
-7
1
11
-679
-88
4276
5964928
-10
5
11
-680
-57
4278
5965953
0
11
11
-700
-53
4258
5966978
8
9
11
-704
-43
4254
5968003
-3
1
5
-708
-21
4236
5969028
-11
-9
1
-707
-46
4202
5970053
4
-12
-2
-712
-61
4228
5971078
10
-16
-6
-706
-73
4255
5972103
8
-17
-5
-703
-91
4232
5973128
22
-17
-5
-695
-96
4259
5974153
35
-15
-1
-704
-70
4293
5975178
17
-16
2
-703
-29
4282
5976203
-5
-9
9
-675
-55
4279
5977228
-1
3
15
-689
-80
4246
5978253
19
10
12
-698
-81
4229
5979278
30
11
7
-706
-24
4240
5980303
12
8
5
-705
-10
4218
5973119
-11
1
3
-709
-40
4172
5974144
-8
-10
3
-709
-84
4189
5975169
16
-19
2
-705
-77
4224
5976194
24
-24
7
-697
-108
4296
5977219
34
-27
25
-695
-137
4349
5978244
9
0
27
-682
-118
4356
5979269
-57
123
-22
-901
-104
4215
5980294
-263
132
-129
-1045
361
4238
5981319
-564
32
-500
-468
1301
4035
5982344
-728
163
-197
-525
436
3181
5983369
-1072
263
284
-871
-1477
3386
5984394
412
426
204
-23
-2919
7095
5985419
207
361
47
-186
2233
6145
5986444
-1795
308
236
-2184
1658
2313
5987469
-1387
-246
678
-1003
-3597
2462
5988494
515
55
12
-474
-805
4048
5981312
987
115
-34
-1052
465
4344
5982337
400
-94
-156
-561
-42
4388
5983362
59
3
-248
-667
62
4404
5984387
65
46
-231
-682
-344
4360
5985412
171
105
-178
-797
-1199
4528
5986437
363
26
-188
-833
-872
4624
5987462
569
-264
-10
-832
-807
3555
5988487
753
-234
63
-1820
-383
3309
5989512
835
-404
-199
-1563
2102
3999
5990537
-354
-649
-47
-668
-184
4208
5991562
223
-461
-96
162
-786
4790
5992587
711
-42
-169
-503
326
4529
5993612
-116
-33
-15
-780
-58
4259
5994637
-573
-60
79
-451
-249
4343
5995662
-375
37
52
-664
-227
4340
5996687
-37
31
-2
-667
-170
4282
5989504
91
31
-23
-717
17
4289
5990529
23
13
-13
-749
47
4255
5991554
-86
-24
9
-684
-179
4333
5992579
-85
-26
-2
-624
-288
4326
5993604
-3
-17
-19
-634
-198
4258
5994629
29
-13
-19
-665
-64
4161
5995654
1
-13
0
-629
-99
4261
5996679
-43
19
11
-721
-217
4264
5997704
-30
2
-15
-707
-193
4244
5998729
-55
-1
-16
-704
-146
4158
5999754
-30
-1
-17
-722
-67
4154
6000779
-30
-22
6
-676
-128
4234
6001804
-46
-19
19
-726
-237
4248
6002829
-17
-30
2
-692
-153
4242
6003854
-28
-18
8
-688
-139
4251
6004879
-27
-10
14
-671
-138
4289
5998011
-34
2
17
-670
-162
4290
5999036
-14
18
14
-672
-165
4275
6000061
3
29
14
-703
-185
4297
6001086
-11
18
4
-694
-198
4262
6002111
-8
12
-2
-672
-186
4230
6003136
9
16
1
-638
-136
4269
6004161
-6
24
14
-665
-171
4268
6005186
-19
16
13
-693
-224
4220
6006211
-1
-1
4
-683
-195
4218
6007236
6
-9
0
-675
-170
4231
6008261
3
-12
-3
-677
-168
4228
6009286
-1
-16
-4
-689
-171
4210
6010311
2
-14
-2
-701
-178
4237
6011336
10
-20
-7
-699
-154
4256
6012361
-8
-23
-8
-663
-126
4259
6013386
-30
-10
-1
-677
-192
4238
6005888
8
5
-10
-706
-143
4217
6006913
10
11
-19
-732
-113
4210
6007938
-19
0
-8
-708
-232
4240
6008963
2
3
-3
-711
-221
4250
6009988
16
-4
-2
-693
-171
4272
6011013
-10
-12
9
-687
-199
4264
6012038
5
-3
9
-719
-126
4211
6013063
25
-13
12
-661
-130
4289
6014088
-15
-5
31
-652
-199
4329
6015113
-32
11
24
-684
-206
4232
6016138
4
15
5
-686
-166
4222
6017163
14
15
6
-685
-129
4217
6018188
5
11
7
-700
-136
4245
6019213
-14
-6
11
-697
-207
4251
6020238
-21
-19
9
-702
-222
4216
6021263
-10
-27
10
-687
-221
4253
6014080
21
-31
9
-675
-167
4274
6015105
31
-32
9
-670
-113
4258
6016130
23
-32
6
-664
-122
4253
6017155
0
-21
4
-659
-160
4276
6018180
1
-6
-4
-670
-182
4284
6019205
17
6
-12
-657
-152
4282
6020230
22
19
-10
-685
-164
4262
6021255
32
21
-8
-700
-152
4261
6022280
23
10
-4
-702
-170
4260
6023305
1
-1
0
-684
-190
4215
6024330
-2
2
5
-689
-167
4210
6025355
8
1
7
-698
-171
4229
6026380
17
-9
5
-689
-144
4246
6027405
6
-15
8
-698
-150
4226
6028430
5
-20
11
-689
-170
4219
6029455
11
-19
11
-684
-164
4213
6022272
13
-14
7
-667
-160
4280
6023297
6
-8
8
-672
-157
4279
6024322
1
-7
7
-688
-162
4256
6025347
4
-8
4
-661
-128
4242
6026372
-3
1
9
-674
-162
4222
6027397
1
2
7
-691
-151
4240
6028422
3
-4
5
-684
-139
4250
6029447
3
-7
-2
-701
-138
4238
6030472
5
-17
-9
-695
-147
4234
6031497
11
-31
-9
-687
-194
4240
6032522
25
-44
-12
-684
-165
4280
6033547
21
-48
-15
-673
-122
4259
6034572
20
-46
-7
-655
-153
4246
6035597
28
-31
6
-612
-167
4299
6036622
19
-3
14
-635
-152
4309
6037647
4
10
11
-666
-123
4260
6030464
-6
16
12
-688
-135
4238
6031489
-13
11
11
-687
-139
4215
6032514
5
3
6
-682
-144
4212
6033539
14
-5
7
-683
-128
4239
6034564
0
-13
13
-689
-143
4229
6035589
6
-21
12
-673
-135
4217
6036614
14
-24
12
-653
-115
4239
6037639
0
-18
11
-637
-136
4291
6038664
-5
-6
6
-642
-140
4281
6039689
1
2
-2
-655
-98
4280
6040714
-22
1
-9
-678
-98
4250
6041739
-63
-4
-9
-658
-162
4212
6042764
-49
1
-6
-673
-224
4223
6043789
24
-12
-4
-679
-192
4158
6044814
21
-19
4
-669
-82
4156
6045839
-58
-17
23
-651
-145
4213
6038655
-54
-6
21
-655
-157
4254
6039680
-26
5
15
-663
-139
4279
6040705
-28
9
10
-658
-111
4255
6041730
-36
21
19
-647
-208
4267
6042755
-20
40
9
-667
-183
4304
6043780
-20
35
13
-664
-199
4276
6044805
0
31
16
-666
-168
4281
6045830
-11
35
17
-649
-155
4263
6046855
-62
37
39
-675
-238
4268
6047880
-3
18
49
-748
-440
4414
6048905
149
7
-21
-875
-466
4461
6049930
145
37
-325
-916
731
3972
6050955
-469
20
-488
-1039
1364
3304
6051980
-1327
-302
-125
-583
-221
3380
6053005
-1097
-196
38
-18
-1486
3738
6054030
1043
504
-55
-184
-1877
6299
6046848
311
202
4
268
2524
6232
6047873
-2321
409
380
-1961
1157
2916
6048898
-1827
-109
809
-1104
-3928
3106
6049923
-134
-5
-32
-315
-1334
3668
6050948
822
208
-144
-850
-362
4207
6051973
686
62
-287
-638
260
4474
6052998
137
82
-191
-485
-220
4579
6054023
-103
183
-59
-911
-1513
4473
6055048
355
100
-154
-814
-1195
4311
6056073
838
-104
-65
-453
-1093
3889
6057098
739
-165
182
-1305
-189
3773
6058123
777
-193
228
-1907
264
4609
6059148
158
-554
-186
-1462
776
4408
6060173
41
-822
-186
485
-819
3760
6061198
703
-140
-169
-297
290
4044
6062223
112
-83
-38
-853
70
4193
6055040
-270
-224
18
-219
-338
4356
6056065
-173
-47
67
-425
-441
4491
6057090
-56
10
14
-557
-329
4407
6058115
-21
13
0
-619
-239
4335
6059140
-45
14
12
-654
-205
4326
6060165
-72
10
11
-677
-277
4249
6061190
7
-8
-7
-598
-269
4365
6062215
21
-10
-13
-569
-219
4356
6063240
-12
-8
-13
-589
-267
4298
6064265
-22
-2
-3
-614
-269
4198
6065290
35
-1
-11
-592
-200
4218
6066315
22
3
0
-551
-239
4282
6067340
-35
33
3
-634
-253
4251
6068365
-36
10
-12
-610
-305
4236
6069390
-14
3
2
-604
-279
4228
6070415
-14
9
9
-654
-218
4161
6063231
3
-21
4
-620
-263
4136
6064256
34
-28
15
-609
-251
4247
6065281
16
-21
20
-657
-246
4258
6066306
5
-53
10
-610
-331
4290
6067331
55
-53
2
-591
-267
4330
6068356
81
-40
-7
-612
-184
4315
6069381
32
-41
-17
-629
-232
4229
6070406
64
-62
-42
-571
-184
4233
6071431
120
-53
-53
-511
-55
4305
6072456
42
-51
-29
-528
-151
4262
6073481
-45
-52
-12
-533
-234
4250
6074506
-87
-50
-2
-529
-382
4256
6075531
-18
-25
-7
-526
-316
4274
6076556
25
4
-8
-540
-197
4269
6077581
-15
10
8
-560
-192
4283
6078606
-50
10
26
-561
-240
4318
6071424
-50
17
23
-594
-257
4318
6072449
-43
19
12
-576
-266
4254
6073474
-9
27
0
-593
-196
4209
6074499
34
22
-12
-586
-133
4242
6075524
4
16
-9
-556
-175
4295
6076549
-54
31
4
-562
-262
4299
6077574
-65
42
7
-600
-256
4249
6078599
-48
40
6
-595
-282
4199
6079624
-2
40
10
-598
-273
4230
6080649
11
32
13
-607
-254
4281
6081674
-18
23
13
-604
-250
4256
6082699
-32
18
12
-585
-245
4235
6083724
-25
23
13
-604
-276
4228
6084749
18
19
9
-618
-263
4246
6085774
27
14
7
-616
-216
4277
6086799
1
7
15
-625
-226
4287
6079616
-12
-6
14
-614
-259
4247
6080641
5
-9
3
-587
-268
4236
6081666
26
0
2
-575
-248
4298
6082691
5
7
8
-593
-230
4292
6083716
-29
5
8
-599
-227
4232
6084741
-38
13
10
-611
-255
4186
6085766
0
7
7
-624
-306
4256
6086791
43
3
-5
-630
-190
4259
6087816
3
-8
0
-625
-253
4258
6088841
-22
-21
8
-598
-312
4281
6089866
-2
-15
5
-619
-244
4248
6090891
21
-16
1
-633
-245
4235
6091916
25
-28
4
-602
-246
4332
6092941
8
-29
11
-584
-246
4306
6093966
13
-11
8
-599
-208
4226
6094991
26
-1
8
-580
-244
4247
6087808
24
12
13
-606
-260
4299
6088833
9
10
9
-625
-246
4235
6089858
-4
4
6
-630
-250
4189
6090883
18
-5
8
-584
-234
4255
6091908
9
-4
22
-607
-232
4256
6092933
-16
-3
29
-609
-245
4230
6093958
-9
0
29
-604
-242
4252
6094983
21
-3
22
-601
-205
4296
6096008
13
-7
18
-588
-201
4282
6097033
-12
-2
18
-605
-196
4267
6098058
-16
4
16
-625
-245
4244
6099083
17
7
6
-604
-235
4250
6100108
20
11
2
-606
-220
4243
6101133
14
10
2
-606
-217
4257
6102158
4
4
9
-612
-225
4256
6103183
-8
-2
14
-620
-245
4236
6096001
-12
-1
8
-611
-250
4225
6097026
-1
0
3
-596
-220
4233
6098051
-1
3
10
-602
-229
4253
6099076
-11
4
17
-630
-243
4259
6100101
-16
-4
6
-617
-230
4262
6101126
-8
-7
-3
-598
-244
4247
6102151
1
-3
-2
-584
-229
4238
6103176
-2
8
5
-595
-246
4246
6104201
-5
14
10
-630
-233
4276
6105226
-10
2
6
-603
-225
4257
6106251
-2
7
1
-601
-206
4245
6107276
-3
10
1
-608
-228
4216
6108301
-9
15
-1
-639
-239
4233
6109326
-16
5
-2
-632
-257
4259
6110351
-5
-2
-3
-636
-238
4252
6111376
-2
-7
-2
-625
-213
4263
6104192
-6
-8
5
-612
-229
4293
6105217
-6
-2
10
-626
-247
4297
6106242
1
-1
1
-600
-225
4279
6107267
2
12
2
-595
-211
4276
6108292
-4
21
4
-616
-227
4264
6109317
-8
18
-3
-619
-217
4221
6110342
-16
14
-6
-619
-242
4192
6111367
-22
16
-7
-641
-246
4213
6112392
-12
6
-10
-652
-245
4223
6113417
10
-7
-8
-651
-201
4236
6114442
-30
-22
0
-634
-208
4242
6115467
-92
-19
7
-622
-298
4255
6116492
-66
-4
12
-656
-252
4247
6117517
-38
-10
0
-644
-155
4254
6118542
-122
-8
-11
-627
-267
4165
6119567
-109
10
-15
-631
-317
4218
6112384
-10
21
-14
-642
-209
4298
6113409
-23
52
3
-633
-123
4377
6114434
-119
75
1
-726
-171
3881
6115459
-159
84
-111
-894
-144
3700
6116484
-495
50
-10
-848
-549
3971
6117509
-568
80
-36
-688
-1038
4090
6118534
231
193
-262
-314
-422
4171
6119559
580
561
-241
340
595
7033
6120584
-1770
417
270
-441
1999
4741
6121609
-2183
436
690
-1925
-2506
2876
6122634
-659
38
413
-841
-3303
3522
6123659
622
195
-186
-682
276
3835
6124684
631
123
103
-1059
-232
3948
6125709
404
-52
-32
-654
-396
4099
6126734
317
11
-59
-447
-195
4557
6127759
46
113
7
-744
-925
4523
6120576
152
47
-3
-839
-1498
4337
6121601
849
-172
42
-610
-1232
4236
6122626
824
-139
155
-1658
29
3806
6123651
685
-306
-88
-1600
967
4006
6124676
-52
-597
-130
-817
439
3820
6125701
-39
-522
-33
-375
-960
4016
6126726
623
-249
-104
-388
-497
4488
6127751
530
-115
-127
-601
-122
4610
6128776
-32
-98
-61
-491
-184
4485
6129801
-309
-8
21
-512
-249
4323
6130826
-295
65
59
-636
-353
4178
6131851
-117
73
72
-703
-592
4262
6132876
129
65
47
-706
-301
4501
6133901
82
50
15
-764
-152
4317
6134926
-41
22
11
-689
-132
4217
6135951
-107
15
41
-663
-350
4180
6128767
-24
8
41
-686
-428
4214
6129792
108
-1
20
-630
-294
4359
6130817
96
12
12
-665
-170
4375
6131842
-19
10
14
-703
-171
4224
6132867
-100
2
18
-733
-274
4035
6133892
-65
-17
23
-700
-418
4075
6134917
70
-9
12
-675
-280
4226
6135942
90
2
4
-724
-186
4228
6136967
-4
-14
11
-724
-259
4164
6137992
-60
-16
20
-696
-304
4190
6139017
-33
-5
20
-685
-317
4268
6140042
24
1
17
-688
-315
4316
6141067
17
7
18
-705
-254
4305
6142092
-36
1
21
-689
-291
4254
6143117
-22
7
15
-672
-258
4201
6144142
8
8
18
-661
-293
4288
6137163
12
10
20
-664
-284
4339
6138188
-19
8
10
-695
-298
4277
6139213
-10
-8
2
-667
-278
4199
6140238
6
-10
4
-652
-256
4175
6141263
13
-5
4
-631
-274
4221
6142288
14
4
-1
-652
-250
4296
6143313
-19
12
-6
-693
-258
4262
6144338
-25
10
-9
-724
-304
4221
6145363
-25
2
-11
-721
-307
4176
6146388
-2
3
-12
-708
-267
4219
6147413
5
1
-7
-713
-297
4274
6148438
-5
-2
0
-721
-326
4280
6149463
-5
-2
-2
-721
-315
4265
6150488
10
-1
3
-698
-297
4269
6151513
22
4
4
-691
-250
4286
6152538
2
6
7
-679
-258
4285
6145152
-23
11
13
-695
-312
4269
6146177
-4
13
7
-704
-298
4221
6147202
12
11
-2
-709
-241
4181
6148227
4
2
-1
-678
-257
4214
6149252
-2
4
4
-697
-286
4240
6150277
-9
-4
4
-730
-323
4217
6151302
6
-17
0
-705
-291
4240
6152327
-2
-20
6
-717
-286
4259
6153352
-7
-27
3
-714
-303
4250
6154377
1
-32
2
-695
-292
4256
6155402
25
-21
11
-685
-276
4280
6156427
15
-10
25
-709
-309
4290
6157452
6
-7
21
-702
-292
4310
6158477
1
-4
11
-705
-274
4260
6159502
15
-1
4
-692
-252
4221
6160527
12
7
15
-692
-261
4223
6153344
0
11
24
-707
-310
4243
6154369
7
5
17
-716
-285
4227
6155394
14
-11
12
-706
-252
4211
6156419
10
-17
17
-689
-271
4232
6157444
0
-17
16
-693
-272
4256
6158469
2
-20
7
-681
-274
4229
6159494
8
-15
5
-697
-258
4219
6160519
10
-11
6
-721
-253
4233
6161544
9
-16
7
-688
-276
4273
6162569
3
-13
14
-679
-302
4280
6163594
0
-7
10
-681
-269
4253
6164619
5
0
10
-684
-240
4249
6165644
5
8
16
-694
-262
4210
6166669
9
15
17
-698
-282
4208
6167694
13
16
19
-697
-249
4263
6168719
-22
5
18
-704
-263
4251
6161536
-39
-2
9
-699
-299
4198
6162561
-1
-7
5
-684
-280
4223
6163586
20
-6
16
-692
-268
4270
6164611
-5
-13
17
-719
-282
4251
6165636
-25
-22
11
-691
-299
4227
6166661
8
-14
5
-672
-259
4240
6167686
24
-5
5
-661
-238
4249
6168711
7
3
9
-678
-264
4258
6169736
-7
5
5
-678
-285
4248
6170761
-2
6
-1
-684
-279
4246
6171786
-9
7
2
-701
-274
4194
6172811
-9
11
4
-701
-265
4225
6173836
-5
7
11
-690
-278
4217
6174861
5
9
13
-705
-262
4204
6175886
8
4
13
-687
-235
4286
6176911
-8
1
0
-691
-218
4284
6169728
-22
5
-6
-687
-224
4243
6170753
-27
12
-4
-700
-282
4218
6171778
-4
19
-1
-707
-330
4278
6172803
17
23
-5
-717
-284
4281
6173828
-5
20
-9
-723
-269
4198
6174853
-19
18
-5
-714
-256
4211
6175878
-18
14
4
-717
-284
4229
6176903
-7
5
2
-711
-308
4226
6177928
7
-2
-2
-701
-263
4240
6178953
-5
-2
4
-707
-266
4257
6179978
-20
-2
2
-716
-273
4253
6181003
-29
-8
4
-706
-239
4181
6182028
-46
-7
26
-678
-242
4131
6183053
-45
18
49
-682
-405
4280
6184078
0
47
35
-727
-355
4366
6185103
-28
48
20
-766
-321
4284
6177919
-32
25
6
-762
-322
4185
6178944
46
7
-9
-744
-230
4162
6179969
101
-11
-19
-725
-179
4213
6180994
89
-10
-41
-709
-197
4221
6182019
28
2
-39
-701
-320
4256
6183044
36
30
-41
-783
-450
4187
6184069
101
68
-66
-832
-229
4156
6185094
13
135
-134
-859
158
4313
6186119
-153
162
-240
-929
-95
4064
6187144
21
115
-189
-948
-746
3473
6188169
131
174
-143
-452
261
4339
6189194
-214
480
45
-533
-18
5840
6190219
-580
200
348
36
-75
6145
6191244
-2138
200
280
-1541
581
2723
6192269
-950
-60
433
-1476
-3064
2429
6193294
728
-122
-117
-457
-694
4049
6186113
810
7
-158
-888
834
4445
6187138
289
-49
-21
-827
-850
4246
6188163
214
-33
-73
-603
-432
4324
6189188
-35
83
6
-784
-523
4299
6190213
-66
154
53
-809
-1074
4459
6191238
266
170
93
-797
-764
4575
6192263
704
95
114
-848
-622
4301
6193288
631
-29
130
-1293
98
3823
6194313
240
-236
187
-1438
392
3929
6195338
147
-388
124
-1101
-521
4098
6196363
290
-425
6
-980
97
4038
6197388
152
-446
-46
-563
-53
4206
6198413
156
-264
39
-387
-243
4305
6199438
240
-63
6
-679
-91
4165
6200463
103
-79
6
-696
-30
4130
6201488
-134
-61
27
-448
-80
4500
6194304
-206
98
41
-543
-160
4634
6195329
-158
163
31
-804
-346
4428
6196354
-35
117
2
-811
-339
4323
6197379
8
92
-14
-848
-156
4201
6198404
-19
45
-20
-820
-178
4167
6199429
7
13
-16
-727
-219
4303
6200454
0
18
-11
-757
-163
4293
6201479
-56
4
-4
-809
-223
4135
6202504
-47
-26
-3
-799
-268
4109
6203529
18
-49
-7
-741
-197
4144
6204554
52
-46
1
-728
-176
4255
6205579
17
-32
5
-749
-182
4238
6206604
-31
-19
-3
-782
-168
4146
6207629
-62
-14
-7
-819
-246
4070
6208654
-10
-25
-12
-767
-241
4157
6209679
40
-17
-6
-771
-197
4259
6202496
38
-17
1
-745
-205
4352
6203521
-19
-1
20
-795
-242
4298
6204546
-22
-12
17
-781
-247
4301
6205571
-13
-13
19
-751
-200
4293
6206596
-1
-14
19
-768
-245
4266
6207621
26
-21
10
-716
-156
4246
6208646
22
-19
15
-747
-178
4195
6209671
16
-24
14
-707
-175
4273
6210696
5
-11
15
-728
-224
4239
6211721
0
-11
5
-725
-227
4223
6212746
-2
-11
5
-726
-192
4267
6213771
-15
-13
0
-731
-175
4218
6214796
-9
-18
7
-731
-198
4209
6215821
-1
-19
14
-737
-201
4264
6216846
3
-19
14
-750
-230
4266
6217871
13
-22
4
-760
-199
4225
6210689
13
-22
2
-746
-152
4236
6211714
5
-19
12
-748
-179
4239
6212739
-8
-14
17
-767
-219
4265
6213764
-4
-16
12
-745
-209
4253
6214789
-12
-7
12
-759
-224
4213
6215814
0
-6
8
-749
-219
4210
6216839
13
-9
5
-740
-165
4229
6217864
-3
-13
6
-736
-144
4218
6218889
-32
-18
13
-713
-211
4182
6219914
-17
-9
17
-728
-216
4169
6220939
-3
-13
18
-700
-199
4227
6221964
-7
-1
22
-687
-186
4321
6222989
-31
21
20
-724
-215
4333
6224014
-46
22
21
-754
-267
4259
6225039
-13
12
14
-764
-235
4206
6226064
23
-6
6
-741
-197
4203
6218880
19
-18
8
-725
-183
4235
6219905
4
-27
10
-712
-202
4245
6220930
4
-24
13
-718
-227
4229
6221955
18
-19
5
-709
-190
4232
6222980
16
-10
0
-715
-184
4230
6224005
8
-8
-3
-722
-182
4253
6225030
-5
-9
-2
-735
-201
4225
6226055
-21
-14
0
-744
-260
4246
6227080
4
-18
-3
-727
-228
4284
6228105
18
-18
-3
-751
-202
4256
6229130
7
-30
0
-715
-185
4234
6230155
5
-25
8
-706
-182
4235
6231180
6
-20
17
-710
-209
4251
6232205
6
-17
16
-728
-213
4259
6233230
-10
-13
10
-722
-205
4235
6234255
-10
-5
3
-721
-180
4233
6227072
6
-3
2
-726
-174
4218
6228097
2
-7
7
-729
-194
4214
6229122
0
-12
15
-716
-214
4268
6230147
-4
-15
22
-732
-222
4274
6231172
-1
-22
14
-715
-214
4257
6232197
16
-13
7
-697
-164
4267
6233222
24
-4
9
-698
-156
4264
6234247
17
1
16
-715
-178
4233
6235272
2
3
16
-720
-214
4253
6236297
-2
4
9
-721
-193
4249
6237322
-9
0
5
-724
-192
4204
6238347
3
-4
10
-717
-193
4186
6239372
14
-7
16
-711
-206
4221
6240397
3
-5
17
-732
-195
4251
6241422
-16
-10
7
-715
-197
4221
6242447
-20
-7
4
-718
-199
4215
6235264
-13
-3
5
-714
-167
4217
6236289
-11
0
9
-711
-165
4247
6237314
-18
-1
11
-715
-225
4245
6238339
-11
-2
8
-721
-240
4226
6239364
-2
-3
5
-715
-189
4241
6240389
-11
-2
8
-703
-185
4245
6241414
-11
-1
10
-687
-195
4260
6242439
-3
3
10
-693
-192
4260
6243464
2
5
6
-701
-164
4262
6244489
-12
7
5
-729
-175
4231
6245514
-10
-1
-3
-709
-182
4229
6246539
2
1
-10
-704
-198
4242
6247564
5
5
-11
-716
-192
4239
6248589
-11
1
-4
-730
-228
4237
6249614
-8
-5
0
-727
-243
4246
6250639
3
-11
0
-714
-209
4240
6243456
8
-11
2
-707
-205
4260
6244481
-4
-9
8
-708
-205
4270
6245506
-20
-4
11
-711
-202
4243
6246531
-18
3
5
-706
-176
4225
6247556
-18
11
-1
-708
-209
4211
6248581
-12
16
-3
-712
-185
4230
6249606
-29
17
-3
-729
-202
4223
6250631
-33
18
-6
-742
-236
4206
6251656
-11
17
-10
-753
-234
4226
6252681
-5
8
-14
-730
-195
4242
6253706
-26
6
-5
-732
-196
4241
6254731
-38
4
11
-738
-248
4236
6255756
-6
3
13
-736
-247
4290
6256781
6
1
3
-727
-209
4295
6257806
-3
2
-10
-724
-209
4230
6258831
6
8
-23
-726
-165
4174
6251648
-16
7
-20
-725
-210
4217
6252673
-21
2
-12
-712
-246
4260
6253698
2
12
-21
-730
-226
4279
6254723
9
14
-27
-752
-222
4250
6255748
-13
19
-38
-740
-203
4219
6256773
-33
15
-21
-786
-313
4224
6257798
40
4
-38
-821
-372
4361
6258823
54
63
-98
-873
-408
4658
6259848
-158
234
-238
-958
-137
4667
6260873
-370
102
-565
-1067
1335
3691
6261898
-1086
-363
-393
-505
715
2159
6262923
-1492
-118
397
-723
-2268
2977
6263948
1075
354
-54
161
-2838
7868
6264973
-101
41
-167
151
4087
6248
6265998
-3009
54
499
-2418
841
1436
6267023
-2065
-365
822
-651
-5094
2440
6259840
306
212
-79
-290
-1516
4769
6260865
1110
235
-141
-1273
51
4477
6261890
806
-97
-119
-563
-512
4177
6262915
330
93
-126
-578
19
4350
6263940
-83
225
-30
-785
-658
4426
6264965
-7
250
38
-666
-1639
4656
6265990
465
212
19
-791
-1353
4581
6267015
992
-88
72
-945
-769
3485
6268040
606
-202
171
-1745
-51
3503
6269065
726
-373
75
-1381
147
4283
6270090
295
-495
-91
-751
726
4246
6271115
-27
-434
0
-276
-892
4142
6272140
517
-133
-56
-460
-405
4371
6273165
365
-61
-78
-640
117
4370
6274190
-242
-73
-11
-489
-289
4315
6275215
-368
24
11
-597
-405
4152
6268031
-199
40
-20
-705
-441
4156
6269056
28
11
-37
-648
-405
4322
6270081
74
22
-32
-707
-289
4501
6271106
-26
5
-27
-768
-289
4389
6272131
-99
-40
-26
-770
-416
4130
6273156
-48
-79
-33
-682
-430
4185
6274181
37
-74
-26
-639
-396
4331
6275206
68
-44
-31
-668
-262
4360
6276231
6
-25
-21
-675
-344
4317
6277256
-43
0
-9
-709
-359
4226
6278281
-51
5
-11
-741
-424
4161
6279306
3
-6
-15
-671
-383
4187
6280331
54
14
-6
-672
-346
4259
6281356
61
25
4
-675
-352
4318
6282381
33
49
5
-732
-329
4265
6283406
-13
43
1
-748
-317
4195
6276224
-29
28
5
-713
-343
4168
6277249
3
18
14
-694
-394
4234
6278274
20
15
20
-707
-369
4257
6279299
-1
2
20
-718
-357
4228
6280324
-22
-20
19
-677
-362
4202
6281349
6
-22
25
-648
-348
4275
6282374
14
-25
26
-650
-320
4277
6283399
-9
-25
30
-669
-361
4242
6284424
-11
-20
24
-683
-358
4219
6285449
10
-19
6
-680
-331
4230
6286474
21
-17
-2
-666
-306
4264
6287499
-9
-12
5
-688
-349
4223
6288524
-15
-12
6
-704
-419
4201
6289549
17
-10
-3
-682
-422
4233
6290574
53
2
-20
-684
-379
4257
6291599
67
15
-39
-680
-249
4292
6284416
35
28
-36
-708
-304
4288
6285441
1
22
-27
-717
-318
4250
6286466
-36
12
-14
-704
-348
4198
6287491
-38
10
-5
-714
-391
4208
6288516
6
6
0
-713
-396
4234
6289541
46
8
-10
-724
-284
4231
6290566
20
-7
-2
-709
-318
4250
6291591
-7
-14
11
-699
-332
4238
6292616
-7
-14
16
-706
-336
4241
6293641
9
-17
18
-681
-352
4283
6294666
12
-2
19
-712
-294
4234
6295691
2
-9
17
-703
-323
4274
6296716
9
-13
18
-683
-328
4302
6297741
25
-4
7
-708
-293
4228
6298766
23
-13
1
-690
-339
4205
6299791
17
-12
13
-666
-340
4283
6292607
-7
0
18
-721
-327
4224
6293632
-11
-11
9
-688
-375
4217
6294657
11
-16
8
-678
-326
4232
6295682
15
-13
7
-707
-252
4175
6296707
-4
-27
9
-673
-331
4208
6297732
-8
-22
18
-661
-366
4277
6298757
-9
-8
16
-704
-368
4267
6299782
-8
-10
1
-681
-322
4213
6300807
-10
-5
-3
-674
-300
4204
6301832
-9
-4
5
-678
-348
4217
6302857
5
-4
8
-675
-346
4255
6303882
-5
-9
4
-668
-334
4253
6304907
-19
-7
3
-674
-310
4227
6305932
-25
-2
5
-678
-330
4212
6306957
5
-1
2
-661
-332
4266
6307982
10
3
2
-674
-309
4253
6300801
-22
8
0
-681
-369
4221
6301826
-17
18
-8
-679
-347
4208
6302851
9
23
-12
-685
-321
4252
6303876
9
16
-1
-686
-325
4295
6304901
-30
10
2
-697
-361
4276
6305926
-38
11
2
-706
-368
4254
6306951
-15
9
4
-693
-330
4262
6307976
1
11
8
-688
-331
4235
6309001
7
12
10
-693
-332
4215
6310026
-5
13
11
-702
-328
4237
6311051
-17
10
9
-707
-328
4227
6312076
-20
9
4
-713
-343
4180
6313101
-4
11
2
-718
-339
4212
6314126
2
2
1
-707
-322
4245
6315151
-5
-8
1
-712
-328
4237
6316176
-6
-14
-2
-709
-322
4213
6308992
2
-15
-4
-694
-337
4242
6310017
13
-8
-7
-692
-336
4275
6311042
7
-2
-6
-692
-343
4284
6312067
-11
7
-2
-705
-356
4270
6313092
-25
17
7
-711
-376
4246
6314117
-15
25
9
-726
-359
4237
6315142
4
21
9
-724
-346
4236
6316167
12
13
12
-717
-320
4243
6317192
-10
3
15
-719
-329
4237
6318217
-15
-4
13
-712
-354
4227
6319242
8
-4
8
-695
-333
4231
6320267
14
-2
11
-701
-326
4246
6321292
8
-3
12
-720
-304
4279
6322317
-11
-10
7
-717
-332
4242
6323342
-7
-6
-2
-721
-329
4193
6324367
10
-2
-6
-711
-352
4229
6317184
17
3
3
-714
-369
4288
6318209
5
-1
7
-727
-362
4274
6319234
-15
-11
9
-696
-353
4218
6320259
-14
-1
15
-701
-339
4222
6321284
8
4
13
-697
-320
4253
6322309
17
5
12
-710
-310
4245
6323334
5
3
8
-725
-314
4217
6324359
-8
-1
-2
-730
-338
4199
6325384
8
5
-13
-714
-327
4171
6326409
27
5
-15
-718
-299
4194
6327434
12
-2
-10
-708
-333
4271
6328459
9
-5
-8
-728
-384
4296
6329484
2
-16
-14
-708
-353
4305
6330509
-15
-15
-6
-708
-342
4257
6331534
-16
-8
4
-709
-371
4203
6332559
15
-4
8
-698
-341
4232
6325377
19
-1
10
-731
-328
4265
6326402
-3
-10
1
-729
-309
4235
6327427
-15
-12
0
-712
-347
4206
6328452
-5
-7
4
-717
-347
4204
6329477
6
-11
3
-704
-319
4228
6330502
9
-11
6
-728
-348
4227
6331527
39
-23
9
-724
-304
4181
6332552
35
-22
15
-682
-334
4281
6333577
25
19
4
-701
-448
4460
6334602
-48
105
-85
-784
28
4431
6335627
-146
190
-167
-817
101
4156
6336652
-54
129
-210
-1074
-95
3343
6337677
-155
39
-84
-1081
-379
3196
6338702
-545
48
36
-309
88
4296
6339727
244
394
255
180
-1548
7075
6340752
-926
99
308
-270
894
4920
6333568
-1716
244
80
-2091
-99
2693
6334593
-614
-263
291
-560
-2972
3397
6335618
191
-20
-71
-478
-337
3917
6336643
315
101
51
-1091
-683
4234
6337668
275
-35
-5
-515
-668
4387
6338693
258
106
53
-589
-469
4637
6339718
93
176
83
-1028
-940
4451
6340743
228
131
-36
-920
-832
4461
6341768
498
81
0
-733
-809
4248
6342793
841
-76
87
-847
-779
3812
6343818
793
-260
104
-1371
151
3576
6344843
455
-384
63
-1342
-16
4128
6345868
298
-447
-72
-895
228
3943
6346893
129
-477
-97
-497
-9
3990
6347918
67
-313
6
-382
-505
4368
6348943
194
-111
27
-565
-389
4586
6341760
110
-84
-37
-612
-47
4507
6342785
-106
-106
-51
-520
-160
4357
6343810
-150
-52
-21
-559
-366
4242
6344835
-30
-3
-21
-658
-381
4320
6345860
61
6
-36
-676
-209
4453
6346885
-16
-24
-28
-669
-230
4417
6347910
-71
-37
-16
-618
-260
4320
6348935
-40
-36
-2
-658
-333
4255
6349960
-4
-38
7
-644
-297
4154
6350985
5
-26
10
-677
-390
4131
6352010
98
-22
-10
-588
-294
4301
6353035
94
31
-15
-650
-73
4324
6354060
-38
27
-3
-704
-265
4151
6355085
-56
0
4
-639
-337
4225
6356110
-15
14
15
-674
-267
4214
6357135
2
-3
11
-693
-317
4136
6350104
35
-15
12
-642
-262
4229
6351129
8
-6
23
-685
-220
4195
6352154
-28
-17
29
-672
-282
4212
6353179
-18
-25
29
-651
-274
4302
6354204
-16
-24
29
-651
-270
4308
6355229
-8
-20
23
-648
-252
4279
6356254
2
-21
19
-640
-247
4284
6357279
-13
-30
17
-631
-244
4293
6358304
-41
-30
12
-635
-264
4247
6359329
-44
-35
2
-646
-302
4204
6360354
-14
-46
-7
-596
-262
4227
6361379
2
-36
-1
-593
-258
4261
6362404
-5
-25
6
-614
-289
4226
6363429
-15
-17
6
-622
-303
4228
6364454
-7
-11
2
-625
-290
4274
6365479
6
-11
0
-597
-270
4283
6358144
0
6
1
-612
-268
4287
6359169
-27
11
-2
-640
-288
4293
6360194
-58
5
-12
-651
-274
4239
6361219
-47
-9
-10
-663
-358
4119
6362244
28
-25
4
-622
-295
4178
6363269
23
-21
15
-611
-253
4270
6364294
-15
-16
9
-620
-281
4287
6365319
-27
-13
4
-642
-283
4262
6366344
-19
-14
-5
-623
-292
4245
6367369
14
-7
-10
-600
-262
4290
6368394
25
7
-3
-614
-230
4304
6369419
-8
8
12
-622
-325
4299
6370444
-9
20
13
-636
-297
4247
6371469
2
15
10
-633
-334
4231
6372494
23
19
8
-613
-258
4244
6373519
3
16
12
-630
-295
4202
6366337
2
8
14
-617
-284
4241
6367362
-6
-2
12
-630
-289
4232
6368387
-20
-16
0
-600
-276
4208
6369412
-19
-18
-1
-615
-307
4228
6370437
6
-21
-3
-602
-277
4287
6371462
8
-22
-5
-621
-274
4278
6372487
1
-23
-13
-597
-264
4268
6373512
-16
-6
-13
-614
-288
4263
6374537
-8
5
-16
-615
-289
4268
6375562
5
13
-14
-636
-287
4280
6376587
-6
9
-11
-644
-295
4263
6377612
-10
3
-9
-643
-320
4246
6378637
-6
-1
-7
-635
-281
4208
6379662
-13
-4
1
-631
-293
4228
6380687
-15
-12
8
-633
-295
4288
6381712
-46
-27
8
-656
-324
4236
6374528
-33
-44
3
-641
-330
4158
6375553
4
-44
5
-595
-274
4214
6376578
7
-24
11
-605
-255
4277
6377603
-13
-15
4
-606
-262
4300
6378628
-29
-11
-8
-606
-273
4282
6379653
-23
-6
-15
-605
-287
4261
6380678
-14
-3
-11
-597
-312
4270
6381703
-9
7
-2
-608
-327
4260
6382728
-1
10
1
-621
-291
4243
6383753
-1
3
-1
-617
-292
4254
6384778
-7
2
-3
-631
-304
4236
6385803
-4
1
-4
-620
-311
4275
6386828
-9
0
-2
-629
-297
4248
6387853
-4
-9
-2
-609
-328
4234
6388878
12
-1
-3
-605
-306
4281
6389903
8
7
-3
-627
-319
4279
6382719
-2
10
-3
-635
-328
4280
6383744
0
7
-5
-608
-290
4276
6384769
-12
13
-1
-622
-276
4241
6385794
-38
8
7
-621
-343
4229
6386819
-23
9
2
-628
-330
4216
6387844
0
8
1
-617
-314
4232
6388869
4
7
4
-640
-307
4221
6389894
-1
0
3
-631
-292
4247
6390919
-11
-7
7
-633
-323
4275
6391944
-18
-16
6
-617
-318
4270
6392969
-15
-14
6
-605
-308
4268
6393994
-2
-5
9
-620
-301
4276
6395019
8
-1
6
-625
-287
4275
6396044
6
3
2
-618
-299
4269
6397069
-3
7
1
-623
-307
4273
6398094
-13
9
3
-634
-325
4250
6390913
-10
6
4
-630
-336
4219
6391938
7
7
4
-616
-313
4223
6392963
4
14
7
-625
-272
4233
6393988
-12
13
6
-641
-312
4243
6395013
-17
4
-1
-637
-335
4259
6396038
-11
1
-5
-636
-300
4239
6397063
-16
-5
-5
-617
-309
4223
6398088
-16
3
1
-629
-339
4249
6399113
2
3
-3
-648
-315
4268
6400138
1
-7
-6
-627
-308
4256
6401163
-12
-3
1
-619
-319
4254
6402188
-17
3
7
-615
-327
4273
6403213
-6
12
5
-625
-297
4264
6404238
-11
11
4
-639
-315
4265
6405263
-8
10
6
-645
-316
4255
6406288
1
7
4
-649
-321
4249
6399104
9
8
-7
-638
-296
4226
6400129
-9
17
-7
-645
-331
4212
6401154
-7
13
-2
-646
-367
4228
6402179
5
7
1
-639
-320
4246
6403204
0
8
17
-624
-337
4250
6404229
13
32
27
-624
-351
4272
6405254
2
65
6
-650
-260
4256
6406279
-97
78
4
-659
-184
4294
6407304
-146
97
7
-699
-651
4395
6408329
-59
152
-47
-750
-511
4550
6409354
-193
209
-186
-859
78
4350
6410379
-472
151
-284
-1188
366
3229
6411404
-888
-132
-178
-699
-464
2629
6412429
-1118
34
-14
96
-2098
4589
6413454
525
726
-269
-331
-597
7286
6414479
-573
352
-119
-70
3894
5921
6407296
-2776
58
995
-1666
-1994
1667
6408321
-1298
168
660
-1392
-5394
2785
6409346
1012
185
-310
-670
375
4341
6410371
834
21
72
-911
-20
4044
6411396
381
-11
-29
-863
-621
4138
6412421
309
-20
-116
-729
-345
4285
6413446
319
45
-135
-756
-889
4355
6414471
443
81
-142
-752
-1081
4256
6415496
557
115
-122
-768
-734
4262
6416521
596
107
-49
-833
-547
4345
6417546
629
-32
54
-794
-936
4003
6418571
576
-116
146
-1149
-195
3875
6419596
299
-188
170
-1520
104
4190
6420621
209
-348
124
-1068
-845
3986
6421646
423
-390
-25
-793
-223
4059
6422671
258
-359
23
-573
-132
4416
6415488
121
-208
74
-525
-189
4531
6416513
27
-96
37
-608
-114
4392
6417538
-128
-74
-11
-652
-224
4116
6418563
-177
-76
-18
-637
-348
4048
6419588
-72
-53
-37
-613
-400
4286
6420613
37
-5
-64
-612
-295
4529
6421638
-10
16
-58
-677
-398
4491
6422663
-51
13
-43
-744
-433
4355
6423688
-56
-18
-56
-746
-363
4177
6424713
-57
-50
-43
-745
-462
4087
6425738
29
-80
-32
-682
-439
4231
6426763
63
-81
-31
-692
-331
4305
6427788
1
-90
-26
-686
-334
4231
6428813
-42
-92
-20
-681
-404
4175
6429838
-3
-81
-20
-649
-345
4203
6430863
16
-58
-22
-661
-350
4217
6423681
7
-39
-16
-617
-364
4288
6424706
-10
9
-6
-712
-316
4269
6425731
-24
2
-12
-710
-386
4233
6426756
-13
2
-5
-699
-362
4216
6427781
-24
-1
14
-735
-408
4162
6428806
-12
-30
26
-673
-429
4234
6429831
20
-27
42
-652
-400
4296
6430856
23
-21
30
-658
-315
4275
6431881
8
-24
34
-608
-336
4313
6432906
-27
-13
42
-628
-345
4292
6433931
-29
-13
29
-643
-423
4255
6434956
18
-10
7
-608
-356
4256
6435981
24
-1
-4
-632
-301
4236
6437006
-4
-7
-9
-652
-322
4196
6438031
-10
-22
-8
-622
-381
4222
6439056
5
-17
-6
-645
-391
4229
6431871
9
-19
-10
-652
-409
4205
6432896
20
-17
-13
-656
-348
4237
6433921
3
-19
-12
-678
-297
4256
6434946
-38
-34
-10
-668
-347
4214
6435971
-35
-30
0
-654
-407
4230
6436996
0
-16
-4
-667
-362
4259
6438021
18
-9
-4
-663
-335
4256
6439046
-5
-8
8
-665
-371
4245
6440071
-14
-11
15
-656
-391
4263
6441096
-7
-9
16
-639
-378
4270
6442121
-11
-1
23
-632
-369
4254
6443146
-20
4
27
-639
-368
4222
6444171
-10
3
26
-635
-390
4227
6445196
13
0
22
-635
-362
4249
6446221
13
-3
10
-630
-321
4244
6447246
-17
-7
11
-640
-366
4261
6440064
-20
-9
7
-649
-394
4243
6441089
11
-14
-3
-644
-377
4252
6442114
25
-25
-2
-632
-378
4279
6443139
14
-26
6
-637
-395
4307
6444164
11
-22
5
-633
-380
4283
6445189
16
-17
3
-624
-357
4276
6446214
20
-8
3
-615
-319
4247
6447239
10
-1
6
-620
-368
4245
6448264
15
11
3
-637
-362
4228
6449289
9
15
-1
-662
-352
4209
6450314
-6
7
5
-654
-372
4227
6451339
-11
7
10
-677
-352
4179
6452364
11
-9
9
-646
-361
4224
6453389
18
-11
17
-640
-316
4278
6454414
-13
-16
18
-647
-340
4244
6455439
-22
-20
14
-626
-370
4220
6448256
-8
-12
13
-629
-366
4215
6449281
12
-4
9
-633
-342
4263
6450306
-3
1
9
-623
-341
4280
6451331
-28
9
14
-623
-371
4263
6452356
-34
15
12
-645
-384
4231
6453381
-18
9
4
-639
-373
4221
6454406
-1
0
3
-636
-358
4233
6455431
3
-4
7
-629
-366
4259
6456456
-2
-5
8
-625
-352
4270
6457481
-25
-5
5
-635
-371
4256
6458506
-20
-7
-2
-632
-373
4248
6459531
-4
-4
-4
-642
-355
4221
6460556
1
-10
-1
-632
-384
4255
6461581
-5
-8
-3
-626
-371
4266
6462606
-14
-6
-11
-627
-370
4252
6463631
-15
-5
-12
-616
-356
4251
6456449
-29
-2
-4
-635
-380
4229
6457474
-19
-1
2
-637
-415
4229
6458499
7
3
-1
-640
-366
4243
6459524
6
-1
-1
-643
-354
4237
6460549
-13
-2
-4
-657
-354
4231
6461574
-22
-4
-9
-652
-401
4252
6462599
-4
-4
-10
-651
-392
4239
6463624
13
-9
-9
-655
-383
4274
6464649
6
-13
-5
-647
-357
4281
6465674
-5
-12
0
-632
-394
4269
6466699
-1
-5
-1
-639
-388
4287
6467724
4
0
3
-627
-403
4274
6468749
13
9
7
-649
-350
4267
6469774
-6
6
6
-636
-348
4234
6470799
-14
10
7
-635
-389
4228
6471824
1
13
0
-646
-377
4228
6464640
4
5
-2
-666
-361
4202
6465665
1
-11
2
-654
-366
4211
6466690
-5
-13
4
-661
-357
4253
6467715
-20
-20
5
-641
-374
4255
6468740
-15
-21
10
-635
-396
4237
6469765
12
-19
7
-645
-368
4246
6470790
21
-14
4
-649
-332
4280
6471815
-1
-11
3
-647
-336
4288
6472840
-20
-3
3
-642
-377
4263
6473865
-16
7
7
-655
-416
4219
6474890
-1
9
5
-640
-383
4223
6475915
-7
14
6
-637
-366
4234
6476940
-10
8
15
-643
-389
4236
6477965
-10
1
15
-643
-376
4228
6478990
-19
-2
13
-634
-375
4248
6480015
-15
-4
16
-636
-337
4236
6472831
-49
-2
20
-630
-296
4152
6473856
-99
-3
50
-609
-384
4148
6474881
-92
17
79
-615
-527
4338
6475906
-15
95
18
-657
-521
4526
6476931
-47
206
-34
-786
-368
4262
6477956
-114
243
-79
-999
-366
3883
6478981
39
172
-214
-944
-80
3558
6480006
56
163
-71
-456
-473
3730
6481031
141
406
78
-119
-1223
4770
6482056
909
628
217
238
302
7285
6483081
-1694
529
317
-1518
2536
4238
6484106
-2136
190
546
-1708
-2266
2395
6485131
-629
-88
391
-407
-2858
3168
6486156
489
162
41
-1011
-270
4173
6487181
688
-41
-18
-1077
-416
4179
6488206
556
-99
-138
-506
-209
4478
6481024
195
11
-155
-837
-233
4637
6482049
-24
-25
-233
-902
-882
4184
6483074
228
-17
-275
-840
-988
3952
6484099
622
-62
-199
-666
-512
4222
6485124
746
-245
33
-796
-791
4052
6486149
296
-289
61
-1661
13
3929
6487174
259
-395
-98
-1483
-77
4245
6488199
261
-605
-234
-750
274
3781
6489224
71
-569
-129
-428
-438
3950
6490249
227
-325
-29
-378
-588
4326
6491274
310
-157
-76
-492
-34
4609
6492299
-119
-114
-31
-428
-184
4477
6493324
-366
-8
21
-494
-398
4335
6494349
-321
80
37
-610
-450
4443
6495374
-145
99
10
-713
-409
4426
6496399
-2
75
-38
-755
-276
4304
6489257
20
27
-35
-690
-272
4277
6490282
-12
12
-12
-670
-400
4326
6491307
-11
4
-28
-655
-396
4312
6492332
-5
-6
-42
-629
-368
4230
6493357
-8
3
-39
-642
-310
4159
6494382
-21
-10
-22
-629
-424
4189
6495407
3
0
-10
-622
-377
4207
6496432
-11
3
-1
-669
-436
4232
6497457
2
-11
-7
-669
-366
4216
6498482
-13
-20
-5
-716
-315
4155
6499507
-39
-53
-3
-656
-416
4190
6500532
2
-36
3
-648
-333
4240
6501557
-18
-31
6
-688
-416
4224
6502582
10
-41
-5
-643
-358
4280
6503607
17
-34
-8
-653
-312
4312
6504632
-11
-29
-6
-613
-325
4277
6497408
-35
-4
10
-621
-400
4259
6498433
-26
17
12
-638
-415
4257
6499458
6
31
11
-657
-399
4277
6500483
27
26
5
-652
-330
4303
6501508
-8
6
10
-646
-357
4254
6502533
-29
-5
17
-651
-409
4244
6503558
-5
-13
12
-636
-403
4245
6504583
27
-16
4
-635
-381
4241
6505608
44
-20
-3
-617
-359
4248
6506633
20
-8
-4
-616
-367
4216
6507658
-11
8
-14
-654
-440
4169
6508683
12
10
-43
-654
-393
4176
6509708
49
13
-55
-621
-173
4261
6510733
-21
6
-16
-668
-282
4269
6511758
-91
-16
1
-687
-419
4212
6512783
-83
-25
4
-678
-448
4207
6505600
-27
-27
-3
-655
-377
4239
6506625
-12
-26
7
-644
-370
4242
6507650
-17
-18
13
-649
-346
4286
6508675
-26
-18
16
-651
-381
4289
6509700
-9
-14
8
-655
-362
4272
6510725
-10
-11
3
-639
-357
4245
6511750
-20
-5
9
-650
-390
4263
6512775
-10
-4
6
-641
-403
4255
6513800
9
3
4
-649
-381
4256
6514825
-2
1
5
-646
-381
4253
6515850
-15
-1
8
-658
-409
4248
6516875
-4
-7
7
-640
-374
4229
6517900
0
-10
14
-637
-395
4225
6518925
-8
-13
22
-620
-420
4266
6519950
-7
-5
21
-642
-404
4263
6520975
1
-14
8
-613
-396
4279
6513792
12
-8
6
-613
-331
4259
6514817
-10
-8
9
-637
-388
4221
6515842
-6
-16
8
-614
-429
4254
6516867
19
-14
5
-633
-403
4246
6517892
25
-15
-1
-634
-370
4229
6518917
11
-13
-2
-638
-358
4241
6519942
5
-13
0
-643
-354
4229
6520967
6
-14
-1
-656
-369
4230
6521992
-8
-19
2
-638
-421
4228
6523017
0
-10
1
-633
-406
4244
6524042
8
-6
2
-640
-401
4267
6525067
8
-9
3
-647
-358
4272
6526092
-7
-16
7
-625
-384
4257
6527117
-14
-12
13
-612
-407
4265
6528142
3
1
13
-600
-385
4257
6529167
8
13
7
-620
-345
4243
6521984
-26
9
1
-616
-369
4215
6523009
-32
11
-1
-616
-400
4190
6524034
-2
11
-6
-624
-389
4211
6525059
9
6
-9
-635
-381
4256
6526084
-4
-5
-12
-637
-373
4263
6527109
-13
-15
-9
-624
-366
4255
6528134
-12
-16
2
-615
-402
4254
6529159
-4
-14
4
-622
-406
4279
6530184
6
-7
-1
-620
-382
4261
6531209
12
3
-6
-627
-353
4265
6532234
6
11
-6
-637
-362
4279
6533259
-16
12
-3
-621
-384
4242
6534284
-16
22
1
-637
-418
4242
6535309
2
23
-2
-654
-388
4242
6536334
-6
16
-3
-659
-376
4232
6537359
-15
2
-2
-634
-384
4226
6530176
-3
6
1
-648
-372
4216
6531201
-2
3
7
-643
-398
4243
6532226
-7
6
10
-653
-402
4257
6533251
8
5
5
-649
-378
4267
6534276
3
-1
1
-653
-372
4240
6535301
-18
-4
0
-629
-399
4243
6536326
-17
4
7
-639
-438
4278
6537351
-5
5
8
-635
-423
4255
6538376
0
5
7
-647
-384
4223
6539401
-2
4
3
-646
-357
4251
6540426
-13
-2
1
-640
-358
4258
6541451
-24
-5
7
-649
-425
4232
6542476
-1
1
4
-661
-404
4213
6543501
12
-2
-4
-661
-385
4230
6544526
9
-5
-11
-655
-367
4260
6545551
-8
-10
-7
-656
-407
4256
6538368
-18
-10
1
-656
-450
4260
6539393
-5
-6
5
-662
-436
4270
6540418
13
-6
6
-654
-381
4261
6541443
8
-4
12
-635
-356
4282
6542468
-11
-1
20
-638
-390
4268
6543493
-11
1
16
-654
-397
4230
6544518
1
0
6
-640
-390
4216
6545543
10
1
0
-643
-368
4215
6546568
9
-1
1
-649
-369
4239
6547593
-9
-6
9
-655
-411
4232
6548618
-17
-12
15
-653
-444
4213
6549643
5
-15
16
-648
-418
4243
6550668
11
-17
17
-637
-357
4281
6551693
-10
-16
16
-630
-357
4267
6552718
-15
-10
17
-628
-397
4249
6553743
5
-2
13
-643
-375
4252
6546560
11
-3
3
-649
-373
4261
6547585
-2
-6
-4
-629
-399
4270
6548610
-16
2
-9
-642
-371
4272
6549635
-32
3
-5
-636
-436
4202
6550660
2
3
-2
-649
-436
4172
6551685
24
-7
4
-638
-397
4210
6552710
13
-12
10
-626
-381
4267
6553735
-13
-10
12
-620
-397
4273
6554760
-23
-3
8
-641
-369
4235
6555785
-25
-6
9
-643
-395
4229
6556810
3
0
7
-641
-405
4245
6557835
27
12
5
-637
-366
4223
6558860
7
32
23
-616
-350
4239
6559885
-51
77
68
-654
-543
4357
6560910
-79
150
44
-806
-482
4438
6561935
-176
199
-136
-911
-124
4354
6554753
-79
83
-396
-919
369
3556
6555778
12
-139
-328
-419
292
3459
6556803
-590
-21
340
101
-1583
4028
6557828
471
668
580
-336
-2602
6171
6558853
-406
483
173
-918
2040
5323
6559878
-2015
244
377
-1551
590
3382
6560903
-1574
-130
660
-587
-2914
3207
6561928
-173
172
163
-766
-927
3892
6562953
653
151
-35
-1072
-1000
4047
6563978
975
-4
-280
-566
-395
4055
6565003
743
122
-219
-533
230
4448
6566028
260
220
-73
-782
-658
4814
6567053
-79
197
-83
-954
-1195
4467
6568078
138
146
-194
-940
-868
3895
6569103
746
-54
-98
-618
-1011
4263
6570128
796
-258
138
-1338
-1044
3665
6563043
297
-248
-134
-2304
1436
4026
6564068
-690
-704
-212
-1328
129
4018
6565093
14
-877
-232
536
-1182
3659
6566118
831
-243
-172
-592
-99
4358
6567143
168
-295
-117
-656
-302
4461
6568168
-248
-281
-13
-194
-570
4497
6569193
-279
-55
53
-504
-476
4455
6570218
-261
26
37
-630
-458
4333
6571243
-188
31
45
-653
-629
4386
6572268
-28
47
18
-718
-434
4382
6573293
22
20
-3
-719
-379
4338
6574318
22
-12
-21
-646
-390
4317
6575343
-29
-24
-21
-595
-482
4248
6576368
-12
-15
-24
-575
-538
4255
6577393
73
5
-31
-603
-364
4265
6578418
47
-1
-15
-616
-416
4215
6571138
-13
-3
2
-630
-494
4210
6572163
-25
-12
-6
-635
-499
4187
6573188
-28
-12
-8
-644
-470
4130
6574213
1
-16
-7
-636
-438
4167
6575238
6
-17
8
-628
-477
4217
6576263
8
-12
6
-652
-441
4232
6577288
-12
-25
11
-625
-459
4214
6578313
-26
-22
20
-648
-472
4223
6579338
-18
-27
18
-622
-464
4240
6580363
-5
-16
9
-627
-429
4276
6581388
-17
-16
9
-607
-479
4274
6582413
4
-9
8
-608
-489
4295
6583438
12
-3
7
-611
-436
4317
6584463
6
-7
4
-618
-421
4282
6585488
-5
-10
11
-609
-470
4280
6586513
-5
-6
15
-597
-509
4276
6579327
24
-2
5
-585
-427
4265
6580352
31
4
1
-591
-394
4218
6581377
11
2
10
-592
-449
4225
6582402
2
6
12
-625
-454
4222
6583427
5
-4
1
-643
-474
4188
6584452
6
-11
-4
-630
-444
4191
6585477
-6
-8
-2
-646
-440
4196
6586502
-2
-13
-5
-635
-423
4211
6587527
-3
-15
0
-625
-444
4236
6588552
-6
-15
4
-629
-468
4272
6589577
-2
-16
-1
-629
-425
4266
6590602
-5
-15
0
-639
-433
4232
6591627
-3
-15
3
-622
-459
4249
6592652
17
-5
6
-600
-446
4292
6593677
9
7
9
-616
-418
4285
6594702
-26
5
14
-618
-470
4249
6587519
-25
10
15
-620
-474
4246
6588544
-2
11
12
-632
-439
4233
6589569
6
2
11
-624
-437
4207
6590594
4
-8
13
-623
-445
4244
6591619
-6
-15
17
-632
-470
4259
6592644
-5
-19
12
-617
-467
4235
6593669
9
-16
7
-599
-460
4270
6594694
15
-10
6
-599
-442
4288
6595719
8
-10
6
-586
-457
4257
6596744
-11
3
10
-605
-467
4215
6597769
0
8
9
-596
-478
4265
6598794
5
11
8
-608
-440
4279
6599819
-11
1
3
-613
-425
4222
6600844
-8
-2
2
-614
-457
4203
6601869
18
1
7
-625
-451
4219
6602894
4
-1
5
-642
-425
4203
6595712
-25
-10
-2
-624
-484
4203
6596737
-3
-8
-9
-617
-452
4242
6597762
9
-10
-5
-621
-446
4252
6598787
-1
-14
-1
-624
-443
4273
6599812
-12
-13
5
-612
-467
4261
6600837
-1
-3
9
-610
-482
4258
6601862
16
2
0
-591
-429
4257
6602887
4
11
-2
-599
-410
4246
6603912
-16
21
4
-599
-468
4258
6604937
-15
25
2
-631
-457
4225
6605962
3
15
-4
-617
-440
4243
6606987
-3
14
-8
-622
-421
4246
6608012
-13
12
-14
-626
-440
4241
6609037
-10
12
-16
-635
-415
4244
6610062
-24
2
-10
-635
-453
4245
6611087
-22
-3
-5
-623
-488
4240
6603904
-2
1
-3
-640
-460
4225
6604929
8
0
-3
-628
-425
4225
6605954
-1
6
4
-615
-442
4261
6606979
-7
12
8
-619
-460
4269
6608004
-15
12
3
-627
-467
4249
6609029
-28
14
3
-635
-464
4221
6610054
-20
12
2
-634
-464
4231
6611079
3
7
1
-628
-438
4256
6612104
1
0
-2
-633
-430
4232
6613129
-16
-3
-7
-633
-447
4216
6614154
-17
-2
-8
-634
-491
4240
6615179
-5
-6
-6
-628
-483
4266
6616204
-6
-7
-3
-627
-474
4264
6617229
-10
-5
-1
-629
-475
4253
6618254
-6
1
-3
-646
-451
4234
6619279
-11
-2
-9
-623
-458
4255
6612095
-13
3
-7
-615
-469
4286
6613120
-15
9
-3
-636
-471
4256
6614145
-5
5
-3
-644
-466
4243
6615170
11
2
-1
-638
-468
4242
6616195
10
4
-6
-667
-414
4212
6617220
-11
-3
-5
-655
-473
4234
6618245
-11
0
-3
-653
-502
4239
6619270
9
-2
-6
-645
-470
4254
6620295
9
-4
-1
-669
-461
4269
6621320
-10
-15
5
-650
-466
4249
6622345
-7
-10
13
-642
-497
4273
6623370
10
-6
17
-637
-480
4285
6624395
13
-1
15
-630
-438
4258
6625420
5
6
13
-634
-438
4241
6626445
-2
8
11
-640
-449
4244
6627470
-12
8
10
-649
-471
4201
6620288
1
7
4
-644
-476
4202
6621313
11
0
1
-646
-457
4225
6622338
5
-8
6
-652
-452
4238
6623363
-10
-20
9
-646
-470
4233
6624388
-8
-22
8
-636
-462
4227
6625413
-3
-22
3
-623
-452
4229
6626438
2
-20
2
-626
-447
4270
6627463
2
-12
0
-633
-437
4273
6628488
-9
-4
-4
-632
-443
4248
6629513
-17
3
-1
-648
-497
4245
6630538
1
6
-1
-652
-487
4249
6631563
14
2
3
-642
-454
4252
6632588
-9
-4
8
-643
-456
4230
6633613
-14
-5
11
-639
-480
4239
6634638
4
-7
12
-643
-473
4231
6635663
11
-10
9
-636
-443
4239
6628480
2
-9
3
-629
-436
4244
6629505
-7
-6
2
-629
-472
4238
6630530
-4
-3
5
-639
-487
4236
6631555
-9
-7
2
-633
-476
4246
6632580
-4
-6
1
-629
-470
4239
6633605
-2
-4
2
-631
-470
4248
6634630
-7
-4
4
-620
-462
4234
6635655
-6
-2
8
-642
-471
4231
6636680
-1
-10
6
-620
-460
4265
6637705
-12
-7
5
-628
-470
4250
6638730
-13
3
0
-634
-454
4228
6639755
-11
10
-3
-656
-433
4194
6640780
-4
8
0
-664
-501
4217
6641805
16
-9
-8
-638
-495
4265
6642830
11
-21
-9
-624
-445
4261
6643855
-8
-17
5
-627
-488
4247
6636672
5
-7
17
-627
-494
4252
6637697
22
3
23
-620
-471
4273
6638722
35
21
30
-611
-440
4277
6639747
16
42
39
-633
-405
4213
6640772
-23
70
54
-641
-499
4115
6641797
18
98
70
-668
-609
4170
6642822
95
116
49
-721
-646
4326
6643847
93
198
-50
-740
-358
4446
6644872
41
283
-223
-887
416
3877
6645897
-204
112
-329
-759
709
2695
6646922
-504
252
164
-339
-636
3232
6647947
-191
956
366
-836
-1538
5936
6648972
878
982
208
-565
-1132
8274
6649997
-1644
-32
366
-323
2202
3607
6651022
-2403
427
-79
-2470
-624
1150
6652047
-89
-235
304
-307
-3658
3588
6644865
566
43
-287
-883
-46
4350
6645890
750
-127
-204
-1034
-873
4380
6646915
566
-148
-228
-537
-1002
4446
6647940
184
-60
-202
-876
-691
4482
6648965
-12
-42
-159
-1041
-914
4348
6649990
28
-17
-183
-865
-966
4105
6651015
574
-52
-36
-632
-1245
4488
6652040
1028
-168
54
-1058
-484
3985
6653065
548
-305
81
-1636
703
3708
6654090
-88
-456
18
-1225
-281
4049
6655115
15
-516
-63
-753
-371
4013
6656140
93
-464
-70
-562
-363
4205
6657165
136
-309
-8
-425
-606
4367
6658190
199
-148
3
-562
-418
4440
6659215
40
-113
-11
-590
-209
4397
6660240
-239
-90
-6
-553
-442
4366
6653056
-226
-26
-4
-556
-541
4362
6654081
-59
40
-22
-688
-382
4328
6655106
-14
9
-28
-704
-447
4292
6656131
17
-11
-36
-707
-432
4256
6657156
2
-42
-43
-697
-426
4260
6658181
-40
-66
-34
-643
-449
4229
6659206
9
-80
-23
-605
-564
4280
6660231
65
-54
-22
-621
-391
4290
6661256
4
-40
-29
-690
-427
4148
6662281
10
-66
-40
-585
-455
4192
6663306
11
-30
-20
-620
-416
4206
6664331
-4
-17
-15
-657
-470
4159
6665356
-5
-16
-4
-609
-464
4227
6666381
-38
12
19
-677
-472
4175
6667406
-35
10
20
-666
-505
4211
6668431
-5
15
18
-688
-463
4303
6661248
-13
-6
7
-671
-401
4270
6662273
-60
-22
15
-650
-423
4238
6663298
-70
-19
27
-641
-465
4257
6664323
-27
-15
24
-633
-467
4275
6665348
5
-19
17
-614
-452
4299
6666373
-33
-30
10
-590
-436
4272
6667398
-65
-19
10
-575
-467
4225
6668423
-34
-2
11
-591
-516
4211
6669448
17
0
1
-606
-469
4247
6670473
26
-8
-8
-604
-422
4253
6671498
9
-10
-4
-604
-444
4248
6672523
-14
-7
1
-607
-483
4244
6673548
-7
-2
2
-629
-499
4247
6674573
9
-3
-6
-639
-484
4231
6675598
20
-5
-12
-644
-442
4219
6676623
3
-9
-6
-631
-502
4249
6669440
15
3
-10
-653
-436
4235
6670465
3
-5
-10
-634
-483
4229
6671490
-2
-3
0
-631
-496
4253
6672515
-5
9
-1
-658
-477
4219
6673540
0
0
-4
-609
-495
4232
6674565
15
14
2
-634
-424
4238
6675590
-3
7
8
-637
-468
4217
6676615
-1
6
11
-619
-442
4228
6677640
-5
4
16
-620
-487
4191
6678665
3
-1
12
-611
-463
4213
6679690
0
-13
10
-615
-462
4251
6680715
7
-24
3
-634
-428
4277
6681740
0
-46
-5
-623
-450
4269
6682765
3
-49
-8
-624
-472
4261
6683790
9
-44
-16
-612
-471
4284
6684815
20
-33
-20
-608
-475
4290
6677631
21
-19
-21
-604
-488
4275
6678656
6
-1
-18
-605
-491
4239
6679681
5
16
-13
-611
-484
4225
6680706
9
29
-4
-636
-462
4220
6681731
-4
28
-5
-654
-447
4239
6682756
-22
17
-7
-651
-469
4222
6683781
-9
10
-7
-646
-478
4208
6684806
14
3
-4
-636
-438
4230
6685831
12
3
6
-631
-411
4233
6686856
-16
3
15
-630
-479
4246
6687881
-12
11
15
-631
-481
4256
6688906
3
13
10
-644
-440
4242
6689931
-8
5
9
-617
-450
4216
6690956
-4
12
13
-622
-448
4221
6691981
-8
12
16
-634
-453
4245
6693006
-23
6
18
-632
-485
4241
6685824
-21
-5
10
-633
-485
4226
6686849
-2
-16
2
-612
-470
4231
6687874
8
-18
10
-596
-464
4238
6688899
-7
-13
17
-623
-470
4248
6689924
-15
-15
10
-630
-478
4265
6690949
-12
-20
-6
-618
-475
4260
6691974
5
-16
-19
-614
-434
4226
6692999
1
-6
-16
-615
-436
4230
6694024
-17
-4
-7
-628
-489
4262
6695049
-16
-6
-10
-645
-493
4246
6696074
-7
-10
-13
-630
-479
4229
6697099
-7
-7
-8
-638
-483
4237
6698124
-8
-5
-4
-629
-467
4250
6699149
-5
-1
-1
-640
-450
4220
6700174
-9
5
2
-639
-473
4215
6701199
-11
6
1
-640
-489
4251
6694016
-9
3
-4
-631
-464
4246
6695041
-15
-3
-1
-627
-496
4262
6696066
-14
2
6
-623
-494
4263
6697091
5
7
3
-629
-483
4274
6698116
10
10
4
-628
-450
4292
6699141
-8
8
1
-624
-451
4269
6700166
-26
10
-1
-621
-482
4231
6701191
-11
18
0
-635
-471
4209
6702216
10
17
-2
-649
-485
4210
6703241
3
9
-1
-654
-507
4231
6704266
-6
2
-3
-650
-494
4229
6705291
-14
0
-1
-653
-496
4210
6706316
-7
-2
5
-648
-486
4219
6707341
0
-4
11
-646
-459
4260
6708366
-18
-9
18
-641
-492
4274
6709391
-16
-6
11
-636
-480
4252
6702207
5
2
3
-637
-457
4230
6703232
16
10
0
-629
-432
4271
6704257
-3
10
0
-633
-447
4268
6705282
-31
12
4
-641
-508
4226
6706307
-19
22
1
-647
-519
4233
6707332
-1
25
-3
-647
-480
4242
6708357
-7
21
1
-663
-489
4218
6709382
-6
12
3
-652
-472
4238
6710407
-15
2
11
-651
-515
4232
6711432
-12
2
13
-649
-511
4226
6712457
2
3
7
-648
-470
4241
6713482
2
1
10
-655
-485
4254
6714507
-9
-2
9
-658
-484
4249
6715532
-6
-7
4
-651
-498
4244
6716557
7
-7
4
-643
-512
4246
6717582
9
-4
5
-640
-475
4233
6710401
-6
-2
6
-638
-494
4222
6711426
-5
3
6
-646
-485
4258
6712451
-7
-6
5
-651
-484
4247
6713476
-3
-11
1
-645
-500
4208
6714501
13
-6
-2
-661
-491
4224
6715526
16
-6
-2
-664
-468
4236
6716551
1
-13
-2
-643
-493
4237
6717576
-4
-11
1
-644
-513
4257
6718601
7
-3
5
-648
-477
4265
6719626
-1
3
10
-660
-482
4246
6720651
-11
4
13
-649
-504
4249
6721676
1
10
12
-645
-501
4268
6722701
-3
19
6
-642
-478
4211
6723726
-6
38
0
-665
-453
4167
6724751
10
31
1
-655
-460
4194
6725776
9
24
9
-635
-453
4241
6718592
-50
41
16
-634
-501
4239
6719617
-65
63
20
-658
-591
4245
6720642
-9
75
14
-702
-510
4251
6721667
17
73
-1
-710
-430
4270
6722692
-35
66
-9
-680
-550
4331
6723717
-69
77
-39
-704
-493
4310
6724742
-99
84
-94
-820
-369
4093
6725767
-84
128
-159
-861
-414
4155
6726792
-77
240
-279
-1144
-234
3975
6727817
-521
17
-438
-774
-104
3465
6728842
-882
0
-253
508
-978
4542
6729867
237
835
46
-617
-763
6114
6730892
-494
188
403
-816
819
5314
6731917
-2012
-20
324
-1541
-736
2576
6732942
-1026
-261
394
-806
-3655
2742
6733967
391
-24
24
-417
-758
4005
6726783
631
95
120
-1261
-429
4544
6727808
220
-207
-5
-649
-820
4220
6728833
63
-59
-10
-367
-460
4412
6729858
-101
115
18
-778
-811
3990
6730883
51
131
-47
-781
-1752
4234
6731908
511
122
-129
-637
-1315
5468
6732933
489
-84
31
-979
-421
4236
6733958
707
-149
135
-1875
-1294
3236
6734983
1424
-365
-310
-1290
963
3269
6736008
559
-594
-205
-557
580
3766
6737033
239
-435
28
-155
-916
4434
6738058
357
-93
-66
-453
-427
4879
6739083
-168
-47
-48
-604
-678
4527
6740108
-396
-30
7
-526
-782
4168
6741133
-250
47
48
-669
-591
4188
6742158
-145
57
42
-754
-549
4249
6734976
-40
37
21
-766
-592
4223
6736001
61
20
-3
-772
-487
4242
6737026
62
-13
-12
-745
-518
4224
6738051
41
-38
-24
-687
-452
4230
6739076
-34
-51
-25
-624
-510
4222
6740101
-53
-42
5
-619
-569
4243
6741126
-40
-27
22
-659
-636
4299
6742151
-9
-14
19
-696
-546
4260
6743176
12
-22
8
-720
-504
4186
6744201
22
-46
2
-676
-427
4252
6745226
-37
-59
22
-641
-535
4268
6746251
-58
-47
33
-669
-629
4190
6747276
13
-35
15
-662
-552
4148
6748301
62
-23
3
-661
-476
4192
6749326
46
-22
12
-618
-470
4297
6750351
-12
-4
30
-634
-549
4278
6743169
-15
9
26
-676
-534
4185
6744194
-15
-5
20
-671
-543
4151
6745219
-19
-14
13
-645
-573
4186
6746244
11
-14
5
-614
-556
4225
6747269
31
-2
8
-611
-487
4267
6748294
-29
6
28
-641
-549
4212
6749319
-46
6
28
-647
-594
4220
6750344
-16
8
19
-646
-527
4239
6751369
0
8
9
-657
-532
4217
6752394
5
4
3
-620
-495
4243
6753419
-19
9
10
-633
-519
4251
6754444
-24
7
1
-622
-492
4254
6755469
-36
14
-2
-656
-521
4246
6756494
-35
6
-10
-667
-542
4229
6757519
-16
0
-12
-674
-523
4220
6758544
4
-7
-13
-674
-512
4219
6751360
9
-13
-11
-661
-541
4231
6752385
-23
-9
-2
-656
-566
4258
6753410
-44
-5
4
-670
-613
4242
6754435
-17
-1
-5
-669
-576
4236
6755460
14
3
-5
-652
-529
4264
6756485
6
6
5
-645
-519
4268
6757510
-46
7
16
-636
-551
4233
6758535
-66
19
22
-639
-615
4209
6759560
-15
35
11
-668
-594
4213
6760585
26
31
-6
-650
-493
4238
6761610
-8
27
-2
-661
-532
4268
6762635
-47
27
-1
-691
-598
4216
6763660
-37
17
-9
-695
-608
4173
6764685
-1
8
-13
-683
-616
4206
6765710
21
4
-11
-674
-590
4254
6766735
16
2
-12
-670
-540
4271
6759552
2
2
-9
-670
-530
4240
6760577
3
3
-9
-685
-548
4234
6761602
10
2
-10
-685
-541
4291
6762627
-11
-1
-13
-682
-551
4235
6763652
-12
8
-14
-686
-554
4196
6764677
4
14
-15
-695
-531
4210
6765702
-4
16
0
-733
-560
4207
6766727
-13
9
7
-755
-553
4218
6767752
-27
-2
10
-729
-602
4214
6768777
-18
3
15
-742
-583
4221
6769802
-22
0
16
-724
-611
4222
6770827
-17
-1
23
-688
-591
4253
6771852
-18
7
31
-702
-573
4220
6772877
-4
4
29
-663
-599
4253
6773902
-1
6
36
-669
-581
4226
6774927
-10
0
29
-668
-546
4184
6767743
-21
-9
21
-658
-572
4153
6768768
6
-5
11
-662
-564
4185
6769793
26
-16
-6
-656
-532
4249
6770818
4
-25
-11
-648
-519
4225
6771843
-35
-20
-3
-652
-594
4204
6772868
-26
-4
-4
-676
-619
4263
6773893
-5
-1
-16
-697
-555
4258
6774918
-10
-10
-20
-699
-566
4247
6775943
-14
-17
-12
-698
-575
4263
6776968
-4
-23
-3
-690
-626
4279
6777993
17
-22
0
-671
-587
4305
6779018
15
-13
1
-675
-556
4268
6780043
2
0
3
-667
-550
4228
6781068
8
8
6
-658
-587
4236
6782093
20
15
5
-683
-554
4213
6783118
3
14
5
-695
-570
4190
6776241
-13
10
10
-689
-589
4155
6777266
3
9
9
-703
-603
4173
6778291
28
3
3
-703
-559
4203
6779316
8
-15
5
-685
-563
4232
6780341
-27
-21
12
-669
-587
4224
6781366
-18
-11
11
-676
-612
4234
6782391
9
-5
11
-660
-545
4241
6783416
-3
1
14
-674
-565
4238
6784441
2
4
6
-676
-554
4259
6785466
6
6
-3
-675
-534
4240
6786491
-13
7
0
-675
-561
4226
6787516
-15
12
4
-690
-593
4233
6788541
-1
5
-3
-703
-568
4208
6789566
7
-7
-6
-699
-558
4204
6790591
-2
-18
-3
-679
-583
4184
6791616
-2
-19
0
-681
-575
4197
6784129
-1
-19
5
-671
-591
4241
6785154
-2
-21
3
-678
-558
4254
6786179
-16
-22
1
-686
-574
4240
6787204
-13
-14
1
-680
-565
4248
6788229
-6
-6
4
-677
-582
4237
6789254
1
0
5
-689
-594
4237
6790279
-1
-2
4
-693
-556
4230
6791304
-9
-5
4
-676
-577
4228
6792329
-5
-3
4
-669
-559
4237
6793354
-10
4
8
-674
-569
4205
6794379
-8
8
9
-676
-591
4222
6795404
-2
10
5
-704
-563
4217
6796429
-16
-2
2
-701
-582
4197
6797454
-8
-12
-2
-689
-584
4225
6798479
6
-19
4
-667
-604
4249
6799504
8
-19
11
-672
-596
4262
6792321
9
-15
9
-670
-568
4266
6793346
-3
-9
6
-669
-585
4254
6794371
4
-2
4
-654
-581
4277
6795396
8
7
4
-659
-547
4257
6796421
-2
13
5
-675
-562
4209
6797446
-3
8
0
-671
-591
4194
6798471
24
5
-2
-679
-585
4180
6799496
23
4
-1
-694
-549
4190
6800521
-8
1
5
-701
-577
4191
6801546
-14
-5
8
-708
-589
4193
6802571
2
-12
5
-697
-568
4225
6803596
1
-20
5
-665
-553
4246
6804621
-7
-11
12
-668
-548
4253
6805646
-4
-4
14
-678
-568
4265
6806671
3
3
11
-680
-556
4262
6807696
2
9
11
-678
-565
4267
6800513
4
10
6
-678
-534
4239
6801538
-5
13
9
-682
-569
4192
6802563
-4
15
8
-691
-588
4213
6803588
-4
8
9
-695
-590
4220
6804613
-6
-3
9
-700
-586
4197
6805638
1
-11
10
-677
-584
4207
6806663
8
-9
12
-675
-567
4239
6807688
-3
-6
12
-693
-573
4222
6808713
-12
-9
4
-686
-579
4238
6809738
-11
-9
4
-680
-577
4246
6810763
3
-9
1
-685
-562
4227
6811788
12
-10
-2
-672
-579
4203
6812813
22
-5
-1
-689
-578
4230
6813838
12
-10
-1
-701
-579
4236
6814863
-4
-16
3
-674
-607
4236
6815888
4
-9
9
-692
-571
4217
6808704
21
-5
12
-691
-579
4207
6809729
45
3
9
-688
-542
4227
6810754
13
0
9
-702
-549
4215
6811779
-15
-5
14
-680
-606
4210
6812804
20
9
19
-706
-586
4232
6813829
16
19
-12
-704
-492
4247
6814854
-60
16
2
-688
-539
4237
6815879
1
28
38
-721
-636
4324
6816904
118
79
-27
-715
-488
4390
6817929
187
153
-135
-1073
-104
3770
6818954
-319
11
-118
-1208
65
2629
6819979
-899
-205
262
207
-1868
3284
6821004
850
918
306
-69
-2678
7574
6822029
261
511
222
-343
3692
7657
6823054
-2989
84
488
-2394
783
1312
6824079
-1584
-469
575
-612
-5165
1398
6816895
792
251
-212
-164
-308
4494
6817920
1000
193
-54
-1620
-255
4813
6818945
627
-359
-240
-465
-934
4338
6819970
189
-172
-259
-648
-234
4160
6820995
-30
-99
-190
-910
-971
4131
6822020
123
-132
-259
-473
-910
4173
6823045
101
48
-217
-289
-533
4328
6824070
-123
193
109
-694
-1116
4533
6825095
187
12
126
-828
-1790
4845
6826120
377
-280
61
-1289
-730
3575
6827145
250
-103
-120
-2500
468
3467
6828170
288
-800
-522
-1291
1190
3249
6829195
67
-1163
-92
893
-1655
3326
6830220
742
-305
-44
-225
-663
4929
6831245
133
-114
92
-392
-694
5350
6832270
-448
-4
110
-300
-595
4774
6825088
-553
141
142
-555
-700
4322
6826113
-339
194
130
-591
-772
4420
6827138
-24
217
73
-669
-648
4474
6828163
109
176
-21
-679
-348
4190
6829188
34
123
-49
-614
-368
4051
6830213
-47
85
-32
-537
-616
4087
6831238
-19
54
-29
-505
-775
4128
6832263
49
31
-21
-530
-713
4165
6833288
50
19
-12
-642
-518
4150
6834313
-30
-43
0
-634
-622
4165
6835338
-52
-66
-5
-647
-593
4136
6836363
-60
-81
-19
-680
-690
4082
6837388
0
-98
-30
-610
-713
4259
6838413
57
-66
-26
-656
-631
4364
6839438
14
-61
-26
-667
-706
4321
6840463
4
-57
-24
-595
-720
4302
6833280
50
0
-22
-624
-561
4266
6834305
28
14
-10
-617
-611
4212
6835330
-27
24
10
-633
-676
4243
6836355
-34
28
8
-630
-669
4219
6837380
-44
36
11
-648
-649
4173
6838405
-33
28
20
-654
-685
4147
6839430
16
5
15
-623
-630
4238
6840455
7
-14
22
-621
-613
4277
6841480
-20
-25
19
-599
-628
4251
6842505
-19
-22
18
-589
-645
4263
6843530
17
-16
12
-586
-593
4278
6844555
22
-15
11
-585
-572
4252
6845580
-16
-13
21
-612
-643
4212
6846605
-20
-15
22
-645
-697
4192
6847630
21
-24
11
-647
-656
4210
6848655
41
-39
-3
-610
-630
4268
6841472
22
-32
1
-570
-621
4302
6842497
-10
-8
8
-587
-637
4246
6843522
1
8
11
-590
-648
4200
6844547
7
14
13
-601
-657
4222
6845572
9
17
11
-585
-642
4241
6846597
1
29
10
-599
-609
4200
6847622
-3
28
13
-600
-614
4164
6848647
-1
17
17
-610
-612
4177
6849672
-13
0
19
-621
-647
4181
6850697
-16
-12
16
-606
-653
4201
6851722
2
-12
10
-608
-604
4219
6852747
2
-17
6
-596
-572
4235
6853772
-23
-15
7
-617
-608
4219
6854797
-28
-17
0
-610
-673
4225
6855822
0
-11
-10
-578
-644
4281
6856847
6
7
-9
-598
-641
4275
6849665
1
8
-9
-587
-660
4280
6850690
3
19
-7
-616
-618
4261
6851715
-14
13
-4
-615
-684
4220
6852740
-3
10
-4
-589
-655
4224
6853765
-7
21
-1
-621
-596
4181
6854790
-28
14
-3
-625
-663
4167
6855815
-21
14
-5
-619
-644
4192
6856840
-22
17
-3
-643
-634
4162
6857865
-36
6
-8
-635
-650
4168
6858890
-35
0
-6
-629
-672
4231
6859915
-33
-10
-4
-631
-676
4241
6860940
-25
-15
-2
-610
-658
4267
6861965
-25
-6
3
-608
-623
4274
6862990
-19
8
10
-626
-647
4278
6864015
-14
12
13
-647
-694
4301
6865040
3
7
5
-624
-678
4296
6857857
15
14
4
-603
-655
4264
6858882
15
28
1
-586
-616
4241
6859907
1
46
2
-610
-623
4221
6860932
-13
43
3
-617
-653
4207
6861957
-28
37
4
-650
-660
4168
6862982
-37
17
3
-665
-693
4151
6864007
-13
-9
-1
-656
-673
4143
6865032
2
-26
-2
-636
-641
4177
6866057
-13
-33
7
-621
-681
4220
6867082
-22
-29
13
-619
-676
4242
6868107
-22
-20
14
-642
-657
4249
6869132
-11
-18
7
-640
-638
4251
6870157
-6
-13
5
-610
-670
4278
6871182
6
0
4
-622
-656
4293
6872207
0
9
-1
-640
-656
4254
6873232
-8
17
1
-632
-673
4247
6866048
-7
18
8
-652
-710
4234
6867073
8
12
7
-650
-684
4204
6868098
4
11
9
-661
-674
4192
6869123
-4
-1
11
-654
-682
4194
6870148
1
-16
13
-644
-690
4200
6871173
7
-26
15
-625
-682
4216
6872198
9
-22
17
-613
-660
4240
6873223
2
-18
11
-625
-662
4231
6874248
1
-14
4
-609
-643
4227
6875273
8
-7
2
-599
-646
4240
6876298
0
3
3
-622
-623
4222
6877323
-16
2
-1
-628
-652
4209
6878348
-20
3
0
-637
-682
4206
6879373
-4
-3
-1
-642
-684
4201
6880398
10
-7
-1
-639
-660
4208
6881423
-4
-14
3
-640
-657
4234
6874240
-19
-18
6
-616
-674
4223
6875265
-11
-14
14
-624
-691
4253
6876290
-5
-14
17
-610
-664
4274
6877315
-10
-9
16
-615
-645
4242
6878340
-4
0
9
-616
-627
4222
6879365
-4
4
6
-606
-667
4235
6880390
-4
8
4
-621
-689
4220
6881415
-6
7
-1
-616
-688
4183
6882440
-6
13
-1
-624
-682
4174
6883465
-13
10
1
-633
-696
4184
6884490
-21
-2
0
-615
-705
4191
6885515
-14
-4
-3
-620
-704
4189
6886540
-8
-2
-4
-613
-689
4215
6887565
-19
2
-6
-620
-669
4222
6888590
-31
2
-11
-620
-685
4228
6889615
-43
7
-6
-638
-689
4219
6882432
-55
2
-3
-708
-665
4177
6883457
-73
-16
-1
-791
-683
4160
6884482
-52
-49
3
-852
-792
4199
6885507
22
-97
-1
-757
-800
4266
6886532
53
-116
-3
-620
-763
4284
6887557
12
-88
4
-529
-728
4269
6888582
-41
-38
18
-501
-756
4266
6889607
-38
7
25
-512
-742
4254
6890632
-4
30
14
-504
-701
4261
6891657
18
41
-3
-468
-664
4245
6892682
12
66
-17
-444
-603
4226
6893707
-14
98
-25
-434
-610
4221
6894732
-26
131
-32
-463
-628
4218
6895757
-23
157
-38
-519
-598
4184
6896782
-45
163
-40
-583
-600
4139
6897807
-88
149
-42
-674
-627
4097
6890625
-114
115
-46
-738
-673
4068
6891650
-116
73
-49
-779
-709
4068
6892675
-126
20
-59
-768
-673
4068
6893700
-164
-16
-45
-768
-767
4106
6894725
-137
-52
-27
-762
-954
4185
6895750
-62
-78
-5
-742
-979
4245
6896775
-28
-85
20
-713
-868
4311
6897800
-70
-80
46
-656
-817
4324
6898825
-101
-42
58
-654
-791
4305
6899850
-79
2
52
-672
-796
4318
6900875
-26
28
35
-653
-771
4345
6901900
-6
55
11
-640
-691
4298
6902925
-34
85
-13
-666
-668
4218
6903950
-60
105
-28
-716
-716
4191
6904975
-50
94
-35
-750
-821
4175
6906000
-12
62
-40
-747
-853
4175
6898816
16
28
-33
-730
-808
4165
6899841
7
-7
-20
-669
-785
4163
6900866
-4
-33
-10
-598
-789
4168
6901891
-11
-50
-12
-587
-754
4165
6902916
-13
-67
-18
-643
-725
4167
6903941
-10
-98
-29
-715
-748
4172
6904966
10
-142
-43
-722
-842
4184
6905991
53
-164
-55
-690
-849
4249
6907016
61
-157
-52
-675
-827
4271
6908041
36
-126
-40
-688
-858
4288
6909066
30
-97
-28
-651
-901
4325
6910091
40
-59
-12
-597
-879
4314
6911116
26
-7
11
-595
-837
4272
6912141
-9
35
29
-592
-826
4236
6913166
-18
60
31
-582
-817
4186
6914191
21
73
16
-539
-779
4184
6907007
49
96
-11
-484
-718
4205
6908032
15
134
-40
-470
-645
4176
6909057
-49
168
-59
-526
-729
4121
6910082
-77
180
-80
-666
-795
4111
6911107
-95
145
-101
-785
-847
4103
6912132
-95
74
-117
-789
-898
4085
6913157
-85
26
-125
-741
-914
4080
6914182
-90
19
-130
-705
-900
4136
6915207
-131
29
-138
-660
-904
4123
6916232
-187
58
-146
-640
-906
4089
6917257
-228
96
-154
-620
-951
4106
6918282
-237
135
-166
-601
-939
4171
6919307
-245
171
-195
-625
-909
4183
6920332
-251
208
-232
-651
-952
4214
6921357
-228
234
-268
-716
-976
4281
6922382
-168
232
-285
-806
-1017
4384
6915393
-111
201
-271
-853
-1028
4433
6916418
-75
167
-225
-892
-1101
4400
6917443
-18
147
-188
-916
-1080
4375
6918468
31
138
-155
-884
-1044
4289
6919493
28
153
-118
-899
-966
4159
6920518
-20
162
-60
-975
-1010
4110
6921543
-35
130
-10
-1007
-1060
4073
6922568
-11
90
17
-1031
-986
3987
6923593
-4
52
34
-1045
-918
3939
6924618
-20
19
49
-1004
-877
3960
6925643
-46
-1
58
-985
-916
4009
6926668
-56
-20
46
-933
-1019
4068
6927693
-36
-15
17
-864
-1007
4127
6928718
-46
20
-14
-799
-960
4139
6929743
-100
80
-45
-750
-968
4146
6930768
-155
146
-68
-789
-1063
4166
6923392
-178
178
-92
-862
-1172
4159
6924417
-152
169
-110
-863
-1210
4124
6925442
-113
157
-105
-873
-1172
4107
6926467
-126
147
-90
-933
-1164
4101
6927492
-169
125
-92
-966
-1174
4078
6928517
-162
99
-103
-954
-1217
4087
6929542
-114
80
-117
-958
-1239
4101
6930567
-69
75
-137
-971
-1162
4102
6931592
-90
74
-158
-969
-1119
4063
6932617
-129
84
-177
-953
-1216
4040
6933642
-126
101
-196
-939
-1269
4048
6934667
-133
120
-206
-927
-1273
3996
6935692
-180
150
-205
-956
-1248
3905
6936717
-253
162
-196
-997
-1295
3826
6937742
-283
146
-192
-995
-1373
3843
6938767
-284
129
-194
-954
-1315
3816
6931583
-327
137
-187
-1012
-1289
3768
6932608
-372
123
-180
-1087
-1360
3798
6933633
-374
92
-198
-1073
-1392
3881
6934658
-383
94
-221
-1062
-1449
3917
6935683
-428
119
-250
-1112
-1389
3924
6936708
-503
116
-261
-1072
-1464
3953
6937733
-524
128
-250
-1043
-1579
4017
6938758
-507
146
-234
-1091
-1687
4045
6939783
-436
122
-222
-1103
-1700
4064
6940808
-364
78
-186
-1109
-1697
4084
6941833
-271
4
-131
-1093
-1731
4106
6942858
-119
-99
-82
-1038
-1708
4188
6943883
24
-191
-28
-992
-1686
4232
6944908
113
-246
13
-1013
-1662
4162
6945933
182
-305
40
-982
-1733
4145
6946958
299
-350
55
-922
-1742
4222
6939776
396
-387
63
-870
-1674
4146
6940801
446
-407
76
-825
-1532
4072
6941826
420
-420
88
-771
-1466
3970
6942851
414
-427
81
-762
-1450
3940
6943876
445
-460
63
-717
-1410
3948
6944901
462
-477
52
-661
-1333
3947
6945926
432
-464
43
-676
-1276
3942
6946951
388
-454
24
-690
-1290
3972
6947976
362
-441
-4
-656
-1288
4004
6949001
326
-409
-26
-642
-1266
4041
6950026
279
-372
-44
-602
-1287
4042
6951051
258
-311
-60
-576
-1270
4046
6952076
238
-247
-69
-539
-1243
4033
6953101
201
-180
-74
-525
-1242
4046
6954126
176
-130
-76
-502
-1269
4129
6955151
