Device = VHR-0009
time_stamp = 1780033752436
sample_rate = 50
Data format = INT16
TYPE = 6-AXIS IMU RAW DATA
-7
3
-9
2038
1624
3128
9418880
-19
0
-7
2050
1614
3112
9419905
-15
1
-3
2045
1616
3125
9420930
-13
2
-3
2042
1629
3141
9421955
-20
0
-6
2057
1617
3134
9422980
-10
4
0
2042
1623
3133
9424005
3
1
-1
2045
1633
3161
9425030
4
-2
-2
2046
1631
3139
9426055
0
-3
5
2035
1633
3132
9427080
0
-12
2
2036
1612
3135
9428105
10
-12
2
2035
1620
3132
9429130
-4
-13
9
2031
1644
3111
9430155
-25
-18
4
2046
1604
3121
9431180
-13
-11
0
2041
1589
3121
9432205
5
-2
0
2037
1620
3121
9433230
-1
-2
8
2029
1618
3121
9434255
-4
-3
14
2040
1624
3125
9427072
-8
-7
15
2054
1619
3145
9428097
-11
-9
15
2056
1628
3131
9429122
-11
-12
13
2065
1623
3119
9430147
-5
-12
14
2068
1611
3113
9431172
4
-7
16
2055
1604
3110
9432197
-1
-2
14
2057
1597
3116
9433222
-9
1
13
2050
1593
3118
9434247
-8
5
13
2056
1593
3128
9435272
-3
8
10
2049
1602
3146
9436297
-10
2
6
2049
1611
3134
9437322
-17
-2
4
2052
1620
3135
9438347
-17
-2
6
2060
1629
3128
9439372
-18
-4
8
2057
1619
3141
9440397
-17
-4
7
2054
1615
3136
9441422
-17
-1
5
2055
1617
3146
9442447
-24
-4
5
2055
1608
3158
9435264
-26
-8
3
2074
1596
3151
9436289
-20
-10
5
2061
1598
3151
9437314
-18
-11
5
2058
1607
3145
9438339
-20
-11
0
2060
1605
3140
9439364
-17
-11
-3
2056
1596
3147
9440389
-11
-8
-2
2038
1599
3139
9441414
-9
-9
1
2036
1601
3127
9442439
-17
-10
4
2037
1590
3127
9443464
-23
-10
4
2043
1588
3119
9444489
-24
-6
5
2052
1580
3124
9445514
-21
-5
4
2053
1589
3132
9446539
-27
-2
9
2050
1594
3119
9447564
-49
-3
8
2056
1589
3124
9448589
-51
-5
1
2063
1560
3161
9449614
-17
1
-5
2070
1569
3172
9450639
2
4
1
2061
1599
3157
9443455
-4
-1
5
2066
1601
3163
9444480
-14
-8
7
2059
1599
3183
9445505
-17
-14
4
2068
1596
3155
9446530
-14
-16
0
2075
1592
3132
9447555
-2
-11
-1
2069
1588
3127
9448580
4
-9
1
2066
1600
3127
9449605
-2
-8
5
2061
1587
3124
9450630
-1
-4
8
2058
1574
3135
9451655
3
3
7
2056
1585
3139
9452680
-5
3
5
2046
1581
3148
9453705
-10
0
0
2054
1579
3139
9454730
-6
1
-3
2054
1590
3141
9455755
-9
2
0
2059
1593
3132
9456780
-13
2
4
2071
1578
3135
9457805
-8
2
6
2054
1579
3148
9458830
-10
4
1
2027
1588
3148
9451649
-18
2
-3
2045
1580
3145
9452674
-11
1
2
2052
1581
3146
9453699
-3
2
11
2051
1595
3163
9454724
-19
-6
19
2060
1589
3167
9455749
-26
-15
27
2059
1581
3168
9456774
-15
-17
27
2060
1579
3168
9457799
-5
-15
20
2061
1570
3188
9458824
2
-16
19
2059
1582
3188
9459849
4
-21
28
2044
1602
3175
9460874
-6
-30
37
2054
1587
3168
9461899
-12
-35
37
2068
1553
3146
9462924
1
-30
28
2077
1539
3135
9463949
14
-22
20
2074
1547
3133
9464974
12
-16
14
2077
1542
3103
9465999
-2
-9
4
2089
1542
3103
9467024
-12
-2
-11
2082
1522
3118
9459840
5
9
-24
2093
1524
3113
9460865
19
21
-21
2078
1571
3119
9461890
1
19
-16
2066
1581
3136
9462915
-22
6
-11
2082
1571
3149
9463940
-23
-2
-5
2079
1575
3149
9464965
-13
-5
-4
2080
1578
3144
9465990
-8
-7
-2
2077
1587
3136
9467015
-12
-10
6
2069
1585
3144
9468040
-22
-13
15
2074
1574
3155
9469065
-17
-11
18
2065
1557
3171
9470090
-10
-4
20
2064
1576
3157
9471115
-19
-7
20
2058
1582
3157
9472140
-29
-12
22
2064
1583
3145
9473165
-31
-9
27
2072
1576
3122
9474190
-14
11
33
2076
1538
3077
9475215
23
26
38
2070
1544
3098
9468032
30
41
44
2056
1564
3087
9469057
12
26
52
2038
1530
3169
9470082
0
-9
58
2087
1571
3268
9471107
-31
-21
75
2096
1524
3184
9472132
-8
-24
87
2081
1527
3165
9473157
16
-28
77
2084
1578
3188
9474182
-6
-12
61
2081
1504
3034
9475207
19
26
62
2025
1510
3086
9476232
73
-16
58
2089
1507
3350
9477257
88
0
49
2136
1542
3278
9478282
42
7
71
2102
1537
3156
9479307
-34
-23
57
2204
1592
3212
9480332
-231
-69
40
2171
1612
3469
9481357
-278
-110
56
2174
1440
3371
9482382
-208
-64
43
2130
1482
3082
9483407
-240
-88
29
2156
1389
3034
9476406
-33
-51
-50
2307
1352
3218
9477431
133
94
-161
2282
1728
3238
9478456
-23
154
-188
2180
1812
3030
9479481
-482
285
-288
2431
1944
1818
9480506
-453
419
-276
1943
856
1925
9481531
759
609
-143
291
610
5935
9482556
-1257
515
-572
1856
4352
5467
9483581
-1916
-575
-90
2621
356
2066
9484606
-99
-481
223
1412
-881
2243
9485631
661
-230
-271
1821
2432
3430
9486656
-425
-263
-43
2490
1678
3848
9487681
-874
-92
322
1927
706
3787
9488706
-254
-255
344
2044
1543
3037
9489731
68
-314
132
2345
1855
2615
9490756
-534
-184
22
2480
1726
2709
9491781
-927
-65
50
2269
895
2831
9484416
-217
16
-27
2224
405
3135
9485441
421
152
-40
2225
1292
3128
9486466
808
-7
-77
2234
313
3444
9487491
1212
212
-104
2108
1736
3394
9488516
568
100
-32
1868
1683
3292
9489541
240
-33
-55
2032
1177
3329
9490566
286
11
-22
1965
1495
3548
9491591
143
-57
-14
1972
1473
3526
9492616
54
-83
-25
2028
1324
3315
9493641
93
-56
-15
2026
1369
3182
9494666
121
-43
-10
2040
1446
3115
9495691
125
-31
-13
2040
1452
3105
9496716
121
-15
-30
2045
1417
3210
9497741
76
-4
-51
2090
1427
3250
9498766
46
-9
-45
2095
1446
3270
9499791
46
-30
-29
2122
1481
3279
9492609
35
-45
-17
2124
1499
3262
9493634
12
-48
-13
2108
1496
3238
9494659
-16
-35
-16
2075
1449
3149
9495684
-15
-20
-28
2063
1411
3139
9496709
-5
-4
-44
2067
1457
3180
9497734
-11
2
-46
2049
1425
3192
9498759
-5
8
-49
2067
1407
3150
9499784
3
16
-45
2058
1417
3158
9500809
-10
10
-39
2057
1458
3206
9501834
-34
-7
-33
2085
1472
3232
9502859
-47
-19
-27
2108
1463
3222
9503884
-37
-22
-20
2109
1455
3196
9504909
-18
-18
-15
2128
1467
3161
9505934
-13
-2
-9
2095
1487
3129
9506959
-22
10
-14
2077
1470
3128
9507984
-18
25
-21
2086
1483
3179
9500801
-18
33
-23
2068
1499
3231
9501826
-30
32
-25
2073
1483
3217
9502851
-16
38
-17
2057
1491
3191
9503876
-7
36
-20
2034
1462
3242
9504901
-19
28
-31
2048
1459
3262
9505926
-15
16
-22
2037
1460
3303
9506951
-9
-1
-20
2050
1481
3307
9507976
-17
-13
-21
2055
1483
3265
9509001
-9
-16
-17
2050
1479
3227
9510026
9
-11
-14
2043
1491
3191
9511051
9
-5
-13
2040
1495
3184
9512076
9
-6
-8
2038
1489
3226
9513101
8
-6
-3
2057
1498
3218
9514126
2
-6
6
2042
1474
3191
9515151
3
-5
11
2033
1463
3177
9516176
6
-1
10
2031
1466
3204
9508992
2
0
8
2051
1465
3232
9510017
-6
1
5
2062
1437
3222
9511042
4
6
5
2056
1442
3231
9512067
7
4
1
2040
1472
3250
9513092
-7
-1
-1
2031
1461
3221
9514117
-17
-1
-6
2042
1453
3207
9515142
-12
5
-13
2041
1466
3231
9516167
-1
11
-23
2047
1482
3254
9517192
0
9
-18
2036
1493
3245
9518217
-19
5
-2
2022
1511
3192
9519242
-53
-9
12
2049
1491
3180
9520267
-54
-19
19
2067
1461
3229
9521292
-30
-21
18
2059
1440
3232
9522317
-3
-12
19
2051
1450
3180
9523342
9
-1
20
2048
1464
3181
9524367
-8
4
21
2065
1472
3212
9517186
-16
14
18
2058
1435
3240
9518211
1
34
4
2071
1439
3192
9519236
68
54
8
2032
1403
3105
9520261
144
69
3
2015
1499
3174
9521286
130
20
-3
2037
1492
3326
9522311
127
2
29
2042
1549
3296
9523336
115
-21
71
1974
1586
3467
9524361
-45
-98
31
2118
1470
3456
9525386
-48
-105
58
2128
1347
3155
9526411
69
-80
57
2036
1457
3222
9527436
115
-79
3
2122
1516
3206
9528461
157
-38
-5
2050
1418
3178
9529486
173
-9
-68
2175
1045
3113
9530511
473
120
-127
2352
1321
2937
9531536
781
195
-147
1945
1739
2934
9532561
742
156
-326
2155
2510
3021
9525376
-452
151
-528
2289
2611
2214
9526401
-989
256
56
280
1054
5971
9527426
-3335
302
-257
1390
4830
4908
9528451
-3599
-1049
40
2964
-931
1769
9529476
-201
-562
528
1679
-2023
2802
9530501
1322
-148
-229
1846
2824
2981
9531526
257
-411
147
2692
2039
2344
9532551
-25
214
408
2231
1043
1955
9533576
760
508
367
1835
1101
2745
9534601
1136
294
287
1944
965
3822
9535626
1185
70
205
2184
959
4277
9536651
848
-8
85
2248
1435
3867
9537676
41
-95
18
2296
1760
3407
9538701
-535
-189
-55
2252
1609
2885
9539726
-371
-351
-169
2186
-395
2897
9540751
712
83
-346
2284
1308
3071
9533567
489
176
-264
1789
2018
3321
9534592
-5
-88
-291
2091
1487
3315
9535617
111
-61
-201
2034
1719
3412
9536642
74
-96
-121
1959
1925
3449
9537667
-102
-164
-80
2019
1782
3294
9538692
-100
-141
-47
2027
1680
3140
9539717
-14
-79
-29
2028
1714
3056
9540742
10
-49
-20
2045
1662
3088
9541767
-4
-21
-5
2081
1610
3086
9542792
9
19
26
2029
1543
3051
9543817
26
44
33
2005
1490
3093
9544842
46
66
24
2041
1513
3095
9545867
42
81
25
2024
1504
3137
9546892
7
69
22
2043
1464
3174
9547917
-12
62
35
2045
1448
3143
9548942
-24
51
52
2015
1427
3149
9541760
-30
39
50
2053
1448
3189
9542785
-39
39
47
2049
1446
3188
9543810
-35
42
40
2033
1438
3191
9544835
-16
33
29
2055
1502
3269
9545860
-36
23
13
2067
1522
3287
9546885
-53
10
7
2069
1489
3265
9547910
-30
7
4
2073
1521
3238
9548935
-16
2
6
2060
1540
3246
9549960
-21
-7
8
2060
1523
3240
9550985
-18
-6
12
2054
1529
3214
9552010
-14
-2
7
2032
1496
3228
9553035
-4
-2
0
2046
1483
3261
9554060
10
-2
6
2043
1493
3254
9555085
10
-6
19
2032
1505
3221
9556110
0
-11
24
2015
1510
3215
9557135
-41
-23
5
2030
1444
3253
9549953
-60
-30
-14
2062
1393
3245
9550978
-19
-24
-12
2064
1410
3196
9552003
8
-16
-8
2045
1465
3149
9553028
-7
-11
-7
2060
1494
3135
9554053
-27
1
-5
2074
1491
3138
9555078
-23
13
-5
2073
1475
3170
9556103
4
19
-3
2087
1515
3225
9557128
12
18
2
2062
1533
3242
9558153
4
11
4
2061
1512
3198
9559178
5
16
10
2048
1497
3165
9560203
2
20
13
2041
1511
3222
9561228
-14
16
11
2043
1481
3268
9562253
-11
12
7
2039
1458
3257
9563278
7
14
6
2019
1475
3220
9564303
1
15
4
2005
1490
3215
9565328
-15
11
4
2015
1485
3231
9558144
-12
10
7
2018
1467
3242
9559169
-1
10
9
2027
1471
3242
9560194
-4
8
8
2035
1482
3230
9561219
-13
4
9
2037
1474
3224
9562244
-6
7
11
2030
1471
3230
9563269
4
8
10
2034
1461
3240
9564294
23
22
12
2046
1449
3202
9565319
54
57
17
2007
1429
3135
9566344
120
66
27
1986
1484
3161
9567369
128
43
41
1985
1551
3231
9568394
55
-33
65
1985
1426
3431
9569419
-44
-52
43
2089
1514
3453
9570444
-70
-111
68
2076
1256
3239
9571469
89
-138
55
2198
1422
3189
9572494
177
-102
55
2163
1721
3300
9573519
82
-101
53
2096
1636
3227
9566337
12
-95
52
2103
1520
3036
9567362
34
-14
-4
2130
1230
2914
9568387
142
164
-107
2255
1187
2465
9569412
487
427
-195
2038
1812
2377
9570437
337
414
-299
2116
2488
3407
9571462
-516
197
-430
2401
2170
3829
9572487
-1424
283
299
-74
1797
5460
9573512
-3091
-52
208
1597
2742
4122
9574537
-1669
-887
375
3059
-1249
1870
9575562
990
-303
493
1423
407
3196
9576587
846
-273
124
2291
2846
3247
9577612
-206
78
405
2501
1226
2273
9578637
192
344
518
1695
283
2855
9579662
722
154
264
1944
1473
3757
9580687
52
14
109
2379
1612
3616
9581712
-628
1
56
2406
771
3095
9574529
-579
50
23
2393
1192
2908
9575554
-347
-30
-79
2076
-8
3326
9576579
294
28
-318
2445
146
3308
9577604
520
290
-168
1982
1726
3313
9578629
-71
28
-169
1937
1091
3468
9579654
-15
-61
-190
2121
1084
3690
9580679
75
-70
-116
1966
1448
3780
9581704
-84
-158
-103
1967
1349
3619
9582729
-88
-157
-100
1995
1267
3445
9583754
17
-103
-94
2000
1346
3306
9584779
50
-75
-78
1984
1369
3263
9585804
47
-62
-62
2022
1334
3303
9586829
58
-27
-40
2018
1318
3252
9587854
71
0
-29
1999
1267
3264
9588879
91
11
-38
2045
1267
3317
9589904
106
23
-26
2035
1282
3287
9582720
86
23
-20
2046
1234
3227
9583745
64
27
-10
2051
1231
3209
9584770
51
20
2
2045
1236
3267
9585795
26
14
-2
2053
1252
3288
9586820
3
10
1
2041
1242
3318
9587845
-7
1
-10
2085
1224
3339
9588870
13
8
-12
2082
1269
3340
9589895
24
19
-14
2078
1276
3310
9590920
47
27
-11
2042
1297
3325
9591945
49
8
-14
2047
1354
3434
9592970
4
-18
-15
2068
1332
3419
9593995
-2
-30
-8
2052
1312
3362
9595020
24
-38
-9
2042
1316
3328
9596045
23
-36
-7
2043
1349
3312
9597070
-1
-34
1
2026
1305
3287
9598095
-1
-27
-1
2028
1268
3304
9590912
28
-17
-2
2052
1293
3291
9591937
30
-1
1
2029
1316
3276
9592962
-8
-4
0
2033
1272
3282
9593987
-4
3
-2
2033
1266
3265
9595012
8
16
1
2032
1293
3291
9596037
3
16
-5
2054
1296
3288
9597062
-1
22
-1
2034
1296
3312
9598087
-13
12
-1
2043
1291
3331
9599112
-9
4
3
2050
1283
3345
9600137
5
2
7
2045
1297
3337
9601162
8
-3
5
2052
1301
3320
9602187
1
-3
2
2051
1308
3305
9603212
-6
3
2
2044
1302
3277
9604237
-1
5
1
2047
1288
3299
9605262
4
8
0
2051
1323
3315
9606287
-5
6
-3
2047
1302
3338
9599104
-6
2
-6
2042
1285
3342
9600129
5
2
-5
2036
1297
3319
9601154
8
3
3
2037
1311
3317
9602179
3
-2
8
2030
1315
3333
9603204
-4
-8
5
2040
1298
3321
9604229
-2
-9
2
2042
1306
3306
9605254
0
-9
-1
2038
1304
3296
9606279
0
-10
-2
2045
1311
3304
9607304
-7
-10
-1
2059
1310
3319
9608329
-10
-10
1
2053
1288
3331
9609354
-2
-9
3
2039
1288
3338
9610379
3
-9
1
2036
1294
3332
9611404
2
-10
-2
2032
1300
3321
9612429
1
4
-6
2044
1275
3242
9613454
59
54
8
2026
1183
2995
9614479
286
82
47
1949
1306
3138
9607296
367
-8
41
2053
1562
3657
9608321
134
-77
29
2123
1475
3685
9609346
-86
-82
28
2045
1237
3307
9610371
-72
-104
16
2051
1216
3220
9611396
-26
-120
-12
2111
1295
3362
9612421
11
-104
-20
2088
1332
3318
9613446
41
-57
-27
2055
1359
3099
9614471
64
-11
-27
2007
1403
2989
9615496
42
1
-25
2004
1435
3150
9616521
4
-6
-14
2037
1389
3322
9617546
28
4
15
2056
1402
3330
9618571
38
12
33
2036
1406
3231
9619596
4
8
24
2128
1297
3187
9620621
-35
140
-249
2729
779
2623
9621646
508
378
-333
2148
1560
2775
9622671
809
223
-153
1403
1460
3395
9615563
582
162
29
734
1859
5519
9616588
-1653
153
-108
2019
4157
4363
9617613
-1994
-887
369
2722
-790
2590
9618638
421
-456
375
1696
12
2863
9619663
833
-118
-49
2214
2684
2989
9620688
-111
-23
192
2452
1748
2621
9621713
-187
265
305
2032
921
2339
9622738
300
395
254
1911
1326
2844
9623763
275
226
219
2083
1531
3655
9624788
-72
41
199
2180
1118
3801
9625813
-278
-46
161
2183
1054
3531
9626838
-449
-66
53
2366
1455
3388
9627863
-540
-115
31
2057
738
3159
9628888
37
-183
-152
2363
-148
3126
9629913
575
230
-170
1980
1739
3253
9630938
-96
74
-113
1801
1467
3439
9623680
-239
-74
-162
2085
1014
3537
9624705
20
-31
-108
1977
1383
3620
9625730
-57
-82
-79
1979
1477
3520
9626755
-129
-118
-62
2038
1304
3354
9627780
-1
-79
-45
2074
1365
3244
9628805
47
-42
-27
2026
1409
3231
9629830
-23
-41
-30
2071
1293
3233
9630855
-15
-3
-13
2077
1250
3160
9631880
24
33
-8
2017
1209
3202
9632905
26
42
-35
2062
1179
3310
9633930
39
54
-35
2091
1240
3277
9634955
31
52
-21
2024
1254
3292
9635980
-19
24
-25
2042
1226
3341
9637005
-29
3
-15
2078
1232
3338
9638030
-9
2
-5
2057
1235
3339
9639055
-3
-4
-18
2049
1213
3348
9631872
2
-8
-28
2057
1248
3342
9632897
-5
-10
-29
2055
1286
3331
9633922
-22
-9
-32
2054
1286
3311
9634947
-13
-8
-36
2053
1288
3355
9635972
-3
-11
-31
2048
1303
3350
9636997
9
-12
-24
2055
1334
3334
9638022
12
-10
-15
2049
1337
3322
9639047
21
-8
-13
2029
1300
3328
9640072
36
-3
-3
2033
1305
3324
9641097
39
-2
9
2030
1301
3323
9642122
31
-7
15
2030
1287
3313
9643147
22
-7
20
2030
1285
3289
9644172
8
-8
19
2031
1288
3278
9645197
-5
-5
15
2047
1271
3272
9646222
-6
0
14
2066
1259
3281
9647247
0
7
15
2055
1271
3295
9640064
2
11
12
2055
1268
3310
9641089
-1
15
8
2065
1284
3336
9642114
-7
14
3
2061
1270
3320
9643139
7
16
-2
2049
1280
3317
9644164
4
14
-10
2045
1306
3328
9645189
-13
8
-11
2058
1293
3332
9646214
-17
7
-6
2046
1280
3329
9647239
-2
9
-4
2022
1277
3315
9648264
4
10
-4
2015
1301
3319
9649289
-11
10
-3
2000
1308
3309
9650314
-26
9
-3
2004
1294
3303
9651339
-27
11
0
2016
1290
3317
9652364
-22
15
4
2043
1301
3342
9653389
-18
16
10
2043
1298
3348
9654414
-12
15
16
2026
1294
3328
9655439
-13
12
18
2025
1299
3341
9648256
-14
8
18
2037
1285
3358
9649281
-7
8
15
2046
1271
3354
9650306
4
7
15
2023
1280
3335
9651331
3
4
12
2028
1295
3332
9652356
-5
-2
11
2032
1277
3356
9653381
5
-9
12
2053
1273
3383
9654406
12
-17
15
2046
1301
3379
9655431
8
-31
21
2033
1308
3359
9656456
2
-33
27
2039
1299
3312
9657481
13
-19
29
2025
1261
3315
9658506
42
-5
24
2027
1251
3308
9659531
65
6
28
2022
1282
3327
9660556
63
-7
42
2005
1266
3374
9661581
55
-12
38
2042
1244
3282
9662606
53
-6
34
2033
1245
3227
9663631
43
-28
23
2053
1235
3302
9656448
66
-39
10
2109
1288
3357
9657473
80
-32
21
2070
1299
3350
9658498
46
-41
14
2067
1270
3279
9659523
55
-59
15
2113
1306
3294
9660548
63
-55
28
2076
1356
3333
9661573
15
-58
7
2084
1329
3345
9662598
19
-50
-1
2110
1367
3275
9663623
61
-5
7
2011
1413
3248
9664648
-26
-1
-43
2065
1301
3223
9665673
-36
21
-48
2125
1259
3209
9666698
-10
81
-66
2171
1187
3150
9667723
108
179
-114
2040
1162
3129
9668748
425
138
-163
2043
1498
3773
9669773
224
50
-266
2231
1750
2944
9670798
-53
22
-229
1948
1071
2060
9671823
138
398
112
526
1654
5114
9664640
-1640
171
-272
2248
3716
4839
9665665
-2246
-599
195
2331
-1016
2870
9666690
-134
-291
293
1831
-289
2624
9667715
874
-116
-56
2025
1863
2645
9668740
401
-277
105
2252
1631
3050
9669765
164
-105
144
2283
1635
3637
9670790
-67
-51
314
2158
1278
3768
9671815
-121
-93
375
2020
879
3681
9672840
30
-142
184
2165
875
3448
9673865
0
-106
86
2344
1272
2989
9674890
-258
-16
48
2480
1874
2668
9675915
-374
18
33
2045
1057
2720
9676940
390
-22
-152
2238
-306
3060
9677965
1022
396
-197
2030
1594
3107
9678990
341
275
-104
1737
1321
3240
9680015
95
107
-133
1996
868
3517
9672832
240
116
-64
1957
1326
3741
9673857
73
16
-13
1979
1492
3700
9674882
-108
-69
9
2033
1357
3534
9675907
-107
-75
2
2075
1314
3347
9676932
-52
-41
-5
2078
1359
3207
9677957
-45
-38
-16
2075
1312
3354
9678982
-24
-34
-29
2149
1352
3504
9680007
16
-25
-14
2109
1338
3457
9681032
44
-26
-25
2095
1323
3387
9682057
43
-29
-34
2087
1315
3339
9683082
40
-17
-33
2065
1313
3225
9684107
33
0
-33
1996
1278
3178
9685132
18
0
-34
2022
1266
3205
9686157
18
8
-15
2023
1278
3233
9687182
6
7
-1
1991
1240
3252
9688207
-3
2
4
2009
1248
3281
9681024
-9
-5
11
2030
1288
3305
9682049
-34
-10
11
2035
1270
3284
9683074
-39
-13
9
2062
1280
3294
9684099
-30
-5
6
2087
1309
3300
9685124
-32
2
4
2088
1293
3308
9686149
-19
5
2
2104
1312
3339
9687174
-1
12
1
2081
1325
3322
9688199
3
10
-3
2063
1300
3344
9689224
-1
3
-2
2069
1313
3366
9690249
-3
-6
3
2062
1299
3333
9691274
3
-7
7
2049
1289
3314
9692299
-1
-9
6
2047
1275
3313
9693324
-6
-8
7
2044
1259
3308
9694349
-1
-3
4
2047
1263
3297
9695374
3
9
5
2039
1268
3251
9696399
-1
19
7
2028
1276
3243
9689354
-15
17
-1
2038
1295
3327
9690379
-29
9
-4
2046
1264
3347
9691404
-8
12
6
2062
1283
3323
9692429
-1
13
19
2049
1293
3305
9693454
-11
8
19
2064
1298
3296
9694479
-20
9
15
2069
1280
3327
9695504
-16
7
9
2075
1272
3338
9696529
3
7
6
2068
1267
3333
9697554
11
8
6
2060
1281
3325
9698579
1
6
10
2045
1277
3314
9699604
-8
4
8
2042
1258
3317
9700629
-5
10
6
2045
1264
3339
9701654
-5
13
4
2032
1266
3339
9702679
-7
9
2
2023
1266
3336
9703704
-2
6
-3
2027
1273
3342
9704729
-8
3
-7
2034
1280
3320
9697407
-13
-1
-4
2030
1275
3321
9698432
-16
-1
-3
2036
1260
3318
9699457
-9
2
-7
2039
1256
3329
9700482
-5
8
-11
2040
1266
3301
9701507
-13
11
-14
2047
1278
3273
9702532
-18
20
-17
2072
1254
3264
9703557
-1
24
-18
2083
1242
3301
9704582
10
18
-23
2082
1288
3374
9705607
-17
0
-29
2071
1286
3387
9706632
-30
-12
-33
2065
1244
3361
9707657
0
-1
-36
2043
1231
3303
9708682
60
51
-23
1994
1218
3126
9709707
241
119
53
1847
1252
3066
9710732
348
84
51
1855
1510
3574
9711757
14
-22
28
2055
1294
3589
9712782
-76
-111
68
2162
1162
3379
9705601
-60
-208
69
2195
1537
3704
9706626
32
-297
151
2001
1516
3962
9707651
-7
-307
133
2005
1504
3633
9708676
-253
-344
103
2053
1273
3261
9709701
-265
-259
23
2207
850
3066
9710726
167
0
-43
2181
966
2653
9711751
429
165
-154
2017
1498
2992
9712776
195
184
-343
2432
1600
2612
9713801
128
231
-357
2165
1262
1750
9714826
604
363
-140
919
717
4894
9715851
-1125
566
-153
1138
4400
5748
9716876
-2747
-699
-36
2853
267
2088
9717901
-526
-623
532
1978
-1955
2104
9718926
1230
-121
-67
1975
2368
3236
9719951
463
-143
52
2696
2360
3382
9720976
-163
96
376
2166
834
3458
9713793
112
20
425
2032
974
3646
9714818
227
-105
254
2290
1458
3545
9715843
-61
-90
116
2389
1451
3023
9716868
-370
22
21
2433
1793
2604
9717893
-358
-28
-48
2189
-101
2931
9718918
802
183
-171
2246
575
3096
9719943
826
397
-133
1812
1720
3259
9720968
95
138
-158
1946
910
3374
9721993
144
99
-131
2023
1026
3567
9723018
183
67
-48
1923
1437
3685
9724043
-60
-50
-18
1964
1365
3596
9725068
-172
-95
-20
2038
1230
3415
9726093
-98
-65
-20
2070
1312
3290
9727118
-70
-42
-21
2082
1384
3270
9728143
-79
-26
-30
2140
1367
3276
9729168
-36
13
-20
2118
1348
3278
9721984
6
39
-22
2105
1334
3337
9723009
21
45
-29
2140
1315
3325
9724034
50
58
-18
2104
1304
3268
9725059
63
51
-12
2052
1269
3300
9726084
38
27
-6
2043
1264
3351
9727109
6
1
9
2007
1216
3357
9728134
-8
-15
9
2018
1199
3324
9729159
-4
-19
2
2000
1198
3334
9730184
-11
-21
-9
2016
1220
3336
9731209
-23
-19
-12
2031
1234
3311
9732234
-14
-14
-11
2050
1264
3289
9733259
-5
-3
-11
2052
1299
3267
9734284
-10
2
-15
2082
1304
3273
9735309
-6
4
-12
2087
1321
3290
9736334
-6
2
-7
2095
1315
3280
9737359
2
6
3
2090
1314
3269
9730176
1
9
10
2090
1302
3305
9731201
-2
8
13
2091
1278
3331
9732226
0
10
16
2081
1269
3332
9733251
3
12
16
2055
1268
3322
9734276
-4
9
7
2037
1265
3351
9735301
-14
4
-5
2058
1252
3350
9736326
-9
3
-7
2051
1246
3348
9737351
0
2
-7
2048
1245
3333
9738376
9
4
-8
2034
1274
3322
9739401
-5
1
-13
2030
1277
3330
9740426
-15
-2
-14
2042
1257
3298
9741451
-2
3
-12
2048
1264
3293
9742476
4
7
-9
2051
1268
3294
9743501
9
12
-5
2058
1286
3286
9744526
3
15
-4
2042
1284
3297
9745551
-1
13
-5
2051
1267
3315
9738367
5
16
-4
2047
1272
3321
9739392
3
11
-7
2041
1260
3342
9740417
7
5
-7
2034
1272
3346
9741442
2
-2
-8
2031
1272
3337
9742467
-5
-8
-10
2046
1260
3333
9743492
7
-4
-11
2032
1273
3327
9744517
6
-7
-12
2024
1297
3334
9745542
-9
-12
-12
2036
1304
3320
9746567
-14
-10
-8
2034
1300
3315
9747592
-6
-6
-12
2045
1289
3327
9748617
13
1
-13
2040
1293
3332
9749642
25
3
-2
2035
1312
3325
9750667
8
2
10
2016
1306
3313
9751692
-8
1
11
2019
1246
3292
9752717
28
6
13
2024
1269
3318
9753742
43
9
12
2017
1342
3328
9746560
13
-3
20
2008
1315
3323
9747585
11
-7
31
2027
1308
3315
9748610
25
-2
48
2051
1340
3283
9749635
32
20
61
2038
1319
3263
9750660
28
42
59
2035
1268
3226
9751685
36
69
52
2035
1275
3255
9752710
45
82
56
2006
1205
3193
9753735
182
125
85
1901
1126
2998
9754760
429
65
121
1966
1286
3387
9755785
419
-40
102
2183
1523
3863
9756810
96
-106
54
2150
1336
3648
9757835
-134
-163
38
2154
1179
3253
9758860
-31
-164
56
2076
1260
3309
9759885
38
-137
4
2051
1439
3511
9760910
-68
-153
-31
2069
1269
3393
9761935
-41
-145
-15
2007
1156
3324
9754752
29
-142
-75
2234
1128
3452
9755777
116
-18
-149
2411
1603
3248
9756802
77
181
-105
2293
2258
2252
9757827
-49
336
-221
1907
1587
928
9758852
734
457
-200
902
-638
3649
9759877
79
728
-134
1276
4726
8143
9760902
-3417
-277
-146
2147
3278
3049
9761927
-2253
-1187
793
2213
-3997
1701
9762952
1182
-314
45
1753
1023
2539
9763977
1121
-387
-93
2632
3382
3018
9765002
-56
-117
312
2561
1398
3227
9766027
-123
120
429
1985
586
3409
9767052
290
-46
347
2230
1127
3562
9768077
173
-27
199
2290
1245
3391
9769102
-28
2
134
2207
1142
3130
9770127
-231
69
-5
2392
1689
2770
9762944
-363
22
-78
2274
329
2815
9763969
517
81
-163
2222
-84
3133
9764994
834
368
-198
1953
1580
3383
9766019
117
154
-187
1948
1094
3436
9767044
31
51
-175
2054
924
3508
9768069
155
43
-110
1978
1379
3630
9769094
-52
-49
-82
1994
1428
3581
9770119
-187
-103
-77
2059
1259
3469
9771144
-110
-63
-75
2087
1341
3262
9772169
-49
-16
-70
2052
1416
3194
9773194
-68
-8
-72
2107
1368
3277
9774219
-34
25
-46
2136
1390
3296
9775244
12
47
-21
2079
1354
3359
9776269
27
41
-27
2087
1295
3404
9777294
54
40
-19
2087
1293
3390
9778319
54
24
-10
2056
1270
3384
9771136
21
-3
-6
2054
1239
3343
9772161
9
-13
8
2027
1220
3274
9773186
6
-20
7
2009
1180
3294
9774211
-12
-27
-6
2038
1192
3322
9775236
-26
-30
-9
2040
1197
3315
9776261
-22
-29
-17
2054
1217
3305
9777286
-14
-24
-24
2068
1254
3281
9778311
-11
-20
-22
2065
1276
3285
9779336
-18
-21
-20
2082
1285
3292
9780361
-21
-22
-14
2098
1278
3294
9781386
-13
-22
-8
2100
1270
3300
9782411
4
-18
0
2095
1278
3298
9783436
3
-12
4
2069
1281
3296
9784461
-17
-12
-4
2071
1251
3317
9785486
-12
-9
-7
2066
1241
3336
9786511
13
-1
-4
2062
1253
3321
9779328
28
6
10
2039
1271
3309
9780353
13
-3
15
2052
1279
3342
9781378
-18
-20
10
2093
1261
3352
9782403
-16
-20
6
2100
1234
3329
9783428
9
-16
1
2094
1236
3293
9784453
27
-7
-3
2085
1266
3255
9785478
10
-5
-5
2088
1257
3257
9786503
-4
-7
-5
2099
1238
3290
9787528
-2
-3
-5
2101
1236
3290
9788553
0
3
-7
2091
1262
3286
9789578
-10
2
-11
2082
1277
3302
9790603
-14
1
-15
2081
1277
3312
9791628
-10
0
-15
2079
1275
3319
9792653
-3
0
-10
2064
1287
3311
9793678
0
1
-6
2048
1275
3318
9794703
0
2
-4
2041
1264
3326
9787519
5
5
-5
2053
1265
3327
9788544
7
7
-2
2047
1288
3317
9789569
5
9
1
2044
1283
3286
9790594
0
10
2
2049
1285
3307
9791619
-30
1
3
2052
1253
3333
9792644
-4
-10
5
2090
1211
3297
9793669
51
13
18
2066
1359
3313
9794694
-19
-4
16
2044
1272
3301
9795719
-25
-8
7
2077
1212
3307
9796744
11
3
8
2073
1259
3333
9797769
1
-2
4
2066
1257
3324
9798794
-5
-8
0
2073
1243
3311
9799819
4
-5
-1
2081
1261
3308
9800844
-2
-5
-4
2079
1264
3298
9801869
-4
-4
-3
2069
1260
3301
9802894
-18
-1
-5
2068
1244
3268
9795712
-16
7
-14
2066
1243
3305
9796737
-11
16
-23
2061
1245
3309
9797762
4
24
-22
2049
1267
3311
9798787
-2
24
-18
2055
1270
3335
9799812
-6
18
-14
2064
1257
3336
9800837
0
17
-11
2044
1287
3358
9801862
-13
8
-22
2064
1262
3361
9802887
-13
9
-21
2047
1250
3350
9803912
24
24
-8
2064
1233
3171
9804937
167
69
81
1933
1293
3112
9805962
229
63
133
1973
1636
3531
9806987
9
-66
153
1987
1454
3754
9808012
-157
-180
169
2140
1020
3433
9809037
-100
-200
191
2233
1198
3396
9810062
-104
-231
136
2273
1199
3259
9811087
49
-228
178
2151
1326
3381
9803904
144
-212
166
2111
1510
3411
9804929
-35
-194
98
2110
1314
3124
9805954
-173
-94
37
2099
759
3085
9806979
120
89
-95
2384
714
2772
9808004
769
256
-124
2163
1514
2302
9809029
1046
363
-251
2337
1596
1995
9810054
970
585
-628
2251
808
3004
9811079
1257
536
-282
788
1269
6975
9812104
-439
279
-126
1376
4394
4230
9813129
-1181
-970
84
3002
-1473
1776
9814154
211
-120
-30
1690
1633
2611
9815179
268
-195
-243
2131
2308
2629
9816204
216
-281
17
2326
1430
2366
9817229
478
75
128
2158
2163
2845
9818254
255
190
293
2115
2137
3611
9819279
-193
121
385
1889
1458
3825
9812096
-310
-41
296
2015
1173
3629
9813121
-246
-77
174
2196
1331
3367
9814146
-441
-43
83
2248
1839
3333
9815171
-985
-73
5
2141
1474
2868
9816196
-665
-152
-99
2286
-279
2637
9817221
333
343
-182
2006
1426
3087
9818246
-99
237
-187
1815
1396
3433
9819271
-310
37
-206
2106
987
3546
9820296
-68
35
-130
2040
1435
3674
9821321
-159
-70
-93
2051
1626
3599
9822346
-311
-158
-56
2104
1455
3384
9823371
-295
-134
-47
2104
1386
3146
9824396
-245
-84
-51
2075
1364
3091
9825421
-165
-43
-59
2114
1346
3122
9826446
-36
13
-51
2085
1323
3217
9827471
42
47
-38
2044
1334
3331
9820288
55
52
-18
2050
1344
3312
9821313
43
59
-1
2022
1346
3267
9822338
11
54
3
2007
1296
3287
9823363
-7
44
4
2024
1261
3299
9824388
-3
45
22
2015
1256
3230
9825413
5
46
30
1965
1245
3264
9826438
-28
31
20
1988
1197
3338
9827463
-37
20
11
2020
1199
3385
9828488
-31
13
7
2034
1231
3381
9829513
-29
5
-1
2048
1264
3353
9830538
-33
-2
-4
2055
1287
3343
9831563
-39
-9
-11
2074
1297
3367
9832588
-31
-8
-10
2084
1293
3329
9833613
-5
-6
-6
2067
1302
3337
9834638
10
-7
-3
2058
1334
3353
9835663
-2
-16
4
2038
1315
3349
9828509
-10
-25
8
2036
1288
3347
9829534
-3
-27
15
2045
1262
3330
9830559
1
-26
14
2051
1260
3308
9831584
1
-19
13
2032
1257
3280
9832609
-3
-16
13
2032
1255
3293
9833634
-9
-10
12
2045
1265
3282
9834659
-20
-2
8
2048
1255
3293
9835684
-27
4
2
2053
1262
3301
9836709
-25
10
5
2047
1290
3297
9837734
-29
8
14
2050
1279
3302
9838759
-27
6
27
2061
1290
3321
9839784
-31
0
32
2067
1274
3339
9840809
-21
-1
31
2064
1250
3336
9841834
-4
1
29
2045
1259
3329
9842859
-5
1
22
2043
1253
3334
9843884
-13
-2
17
2045
1229
3351
9836673
-10
-2
15
2044
1220
3348
9837698
-5
-3
14
2042
1222
3348
9838723
-5
-1
13
2038
1241
3338
9839748
-17
-1
9
2027
1243
3347
9840773
-18
-3
4
2036
1241
3357
9841798
-12
-5
0
2047
1258
3346
9842823
-12
-7
1
2060
1262
3330
9843848
-7
-3
5
2050
1272
3311
9844873
-11
-2
3
2051
1262
3338
9845898
-17
-3
2
2050
1238
3328
9846923
-5
-1
1
2037
1246
3343
9847948
-12
-4
-2
2057
1261
3350
9848973
-16
-10
4
2048
1233
3340
9849998
-4
-11
9
2045
1234
3333
9851023
3
-16
13
2055
1250
3361
9852048
-6
-20
13
2056
1245
3359
9844864
-6
-18
11
2050
1210
3329
9845889
8
-11
6
2049
1237
3332
9846914
-1
-9
2
2056
1236
3335
9847939
-2
-6
1
2049
1221
3330
9848964
8
-1
-3
2057
1237
3314
9849989
4
-1
-5
2063
1243
3326
9851014
-3
-4
-4
2070
1230
3331
9852039
-2
-8
-1
2057
1239
3329
9853064
-2
-11
1
2049
1253
3318
9854089
-14
-8
-1
2036
1255
3318
9855114
-24
-6
-8
2037
1218
3347
9856139
-5
0
-12
2030
1236
3348
9857164
7
2
-4
2023
1255
3327
9858189
1
-2
12
2011
1266
3330
9859214
-17
-7
16
2025
1253
3345
9860239
-22
-9
15
2056
1235
3331
9853056
-16
-5
11
2069
1200
3322
9854081
0
-1
10
2073
1227
3342
9855106
-3
-3
5
2086
1222
3322
9856131
-8
1
5
2073
1218
3303
9857156
-10
20
6
2073
1188
3243
9858181
19
55
29
1983
1095
3170
9859206
150
46
96
1970
1267
3481
9860231
111
-1
125
1981
1653
4137
9861256
-312
-222
73
2177
894
3675
9862281
-196
-196
23
2356
863
2865
9863306
146
-62
53
2152
1353
2856
9864331
198
-19
88
2007
1717
3193
9865356
-34
-18
44
2009
1458
3295
9866381
-145
3
-69
2264
776
3107
9867406
190
194
-146
2337
870
2797
9868431
777
330
-173
2008
1532
2524
9861248
921
308
-375
2137
2028
2930
9862273
-79
151
-441
1309
1227
6084
9863298
-2145
130
238
709
4438
5902
9864323
-4309
-956
-16
2396
-42
2581
9865348
-1382
-1156
483
2783
-3718
2761
9866373
1791
41
-382
1820
2346
2580
9867398
683
-360
-151
2201
2349
2523
9868423
-329
-406
113
2406
1124
2850
9869448
-435
35
150
2250
1437
3063
9870473
-470
119
276
2244
1032
3214
9871498
-160
85
358
2256
701
3191
9872523
211
82
316
2148
676
3439
9873548
213
74
227
2179
807
3312
9874573
-45
101
172
2283
877
3041
9875598
-268
163
69
2276
602
3256
9876623
-186
180
-34
2151
681
3460
9869440
-31
85
-93
2109
-356
3461
9870465
724
189
-211
2363
463
3257
9871490
755
327
-131
1845
1552
3477
9872515
153
103
-165
2037
1080
3658
9873540
101
63
-147
2165
1153
3703
9874565
41
38
-82
2055
1312
3644
9875590
-87
-38
-68
2115
1102
3461
9876615
-8
-37
-41
2123
1023
3407
9877640
102
-7
-36
2118
1061
3405
9878665
130
16
-24
2073
1076
3419
9879690
112
20
-24
2085
1075
3499
9880715
85
19
-19
2069
1061
3447
9881740
84
15
-18
2039
1042
3421
9882765
55
9
-31
2052
1017
3414
9883790
40
16
-29
2064
1036
3302
9884815
50
28
-26
2022
1030
3312
9877631
32
23
-33
2037
1016
3376
9878656
24
20
-28
2046
1059
3373
9879681
18
15
-16
2024
1052
3365
9880706
2
10
-20
2039
1053
3386
9881731
-6
9
-19
2055
1057
3418
9882756
-5
3
-14
2048
1065
3422
9883781
3
2
-11
2055
1093
3393
9884806
-2
1
-7
2054
1095
3403
9885831
-6
1
-6
2046
1095
3434
9886856
-11
-2
-7
2057
1091
3436
9887881
-7
-2
-6
2066
1094
3415
9888906
5
1
-3
2056
1097
3413
9889931
8
0
-4
2063
1084
3413
9890956
13
0
-1
2055
1090
3394
9891981
18
-2
2
2049
1086
3400
9893006
13
-2
4
2048
1079
3393
9885824
3
2
7
2030
1065
3372
9886849
-6
6
1
2041
1054
3383
9887874
-10
10
-5
2062
1051
3411
9888899
-4
12
0
2045
1037
3418
9889924
8
8
4
2041
1058
3419
9890949
3
2
3
2031
1079
3418
9891974
-13
-7
-1
2042
1066
3417
9892999
-11
-11
-7
2058
1076
3419
9894024
-4
-11
-9
2054
1092
3399
9895049
0
-8
-7
2056
1096
3379
9896074
2
-6
-3
2059
1096
3394
9897099
1
-3
-1
2046
1087
3417
9898124
0
-2
0
2039
1085
3410
9899149
4
1
1
2023
1071
3408
9900174
2
0
4
2013
1086
3406
9901199
-6
-4
6
2019
1082
3399
9894016
-11
-8
9
2031
1078
3399
9895041
-7
-5
13
2041
1076
3397
9896066
-1
-4
14
2044
1082
3398
9897091
-2
-4
10
2052
1087
3392
9898116
-8
-5
7
2073
1084
3398
9899141
-5
-2
2
2082
1081
3400
9900166
1
-1
-1
2102
1079
3410
9901191
3
-3
-3
2103
1076
3421
9902216
3
-1
-3
2105
1078
3420
9903241
1
43
-1
2078
1018
3227
9904266
124
128
46
1860
783
3033
9905291
398
80
84
1940
1057
3475
9906316
280
-2
56
2130
1302
3916
9907341
-39
-74
78
2083
1187
3579
9908366
-82
-139
118
2113
999
3318
9909391
-13
-151
22
2257
704
3529
9902557
312
-54
-53
2212
498
3397
9903582
868
95
26
1821
1405
3433
9904607
596
-47
-14
2049
1754
3786
9905632
256
-84
-152
2439
1920
3182
9906657
-118
194
-156
2229
2257
821
9907682
-80
229
-48
568
-354
5432
9908707
-1737
213
-17
1363
3333
7138
9909732
-2449
-774
-1
2966
694
1498
9910757
-108
-594
409
1754
-2482
1619
9911782
1077
188
-69
1773
2811
2892
9912807
-5
-189
32
2573
2184
2968
9913832
-257
-254
295
2284
717
3210
9914857
204
-85
318
2264
1210
3814
9915882
240
-60
409
2294
1027
3530
9916907
284
-36
261
2083
971
3312
9917932
37
-61
66
2302
923
3279
9910401
-386
19
-30
2305
629
3376
9911426
-517
78
-85
2503
1446
3161
9912451
-408
-33
-144
2242
-339
3070
9913476
582
139
-215
2246
-77
2912
9914501
887
396
-209
1994
1624
3212
9915526
355
171
-206
1995
980
3415
9916551
357
123
-234
2067
1006
3619
9917576
355
91
-173
2003
1433
3754
9918601
73
-28
-117
2008
1384
3680
9919626
-126
-77
-92
2072
1216
3475
9920651
-157
-44
-69
2048
1141
3336
9921676
-118
-13
-56
2064
1160
3294
9922701
-58
22
-38
2081
1217
3326
9923726
-10
45
-16
2037
1184
3412
9924751
19
59
-10
2061
1199
3392
9925776
52
66
3
2038
1188
3399
9918592
53
47
-1
2027
1118
3465
9919617
41
25
0
2063
1135
3455
9920642
25
1
15
2043
1107
3419
9921667
3
-27
11
2038
1059
3437
9922692
-8
-41
5
2059
1068
3416
9923717
-9
-46
0
2045
1071
3373
9924742
-11
-40
-14
2045
1101
3340
9925767
-15
-31
-31
2046
1119
3350
9926792
-14
-22
-41
2052
1153
3345
9927817
-13
-16
-33
2048
1172
3329
9928842
-17
-17
-20
2067
1187
3320
9929867
-20
-17
-8
2065
1174
3317
9930892
-22
-12
-3
2071
1179
3343
9931917
-21
-11
-1
2083
1169
3357
9932942
-9
-8
4
2081
1168
3350
9933967
-4
-4
11
2075
1164
3353
9926784
0
-1
20
2075
1153
3361
9927809
2
6
24
2061
1145
3372
9928834
-11
8
20
2063
1126
3413
9929859
-22
4
17
2069
1108
3411
9930884
-11
3
11
2076
1107
3399
9931909
-1
1
4
2076
1115
3389
9932934
-1
-3
1
2065
1120
3376
9933959
-4
-9
0
2059
1118
3404
9934984
-13
-20
8
2054
1092
3410
9936009
-12
-32
16
2049
1082
3394
9937034
-3
-38
11
2064
1086
3382
9938059
-4
-38
1
2073
1107
3360
9939084
-17
-34
-11
2081
1112
3329
9940109
-17
-21
-21
2078
1107
3304
9941134
-4
-5
-26
2070
1134
3334
9942159
-3
3
-28
2068
1158
3380
9934977
-14
-1
-24
2077
1144
3383
9936002
-5
-1
-18
2075
1145
3377
9937027
8
-1
-16
2063
1158
3377
9938052
7
-3
-14
2064
1164
3372
9939077
1
-5
-11
2066
1160
3359
9940102
0
-6
-10
2071
1158
3346
9941127
4
-5
-7
2075
1141
3355
9942152
11
-1
-6
2077
1149
3360
9943177
9
-2
-1
2066
1162
3361
9944202
-3
-1
-1
2066
1155
3341
9945227
-7
3
-4
2068
1143
3361
9946252
3
9
-9
2069
1143
3385
9947277
12
9
-8
2073
1152
3384
9948302
15
8
3
2072
1137
3370
9949327
19
5
5
2068
1135
3358
9950352
8
3
-3
2067
1121
3376
9943168
-7
-4
-15
2080
1096
3387
9944193
1
-7
-26
2094
1079
3375
9945218
16
-6
-35
2096
1105
3358
9946243
14
-9
-47
2084
1123
3385
9947268
4
-11
-66
2088
1132
3412
9948293
20
-8
-71
2085
1162
3421
9949318
28
2
-64
2045
1191
3370
9950343
50
82
-38
1925
1062
3089
9951368
301
118
69
1785
965
2888
9952393
424
66
72
2086
1575
3506
9953418
111
-82
104
2175
1524
3816
9954443
-20
-193
125
2165
1063
3494
9955468
28
-206
87
2220
1298
3434
9956493
21
-191
111
2035
1495
3589
9957518
-136
-203
70
2043
1314
3558
9958543
-288
-193
17
2082
1034
3328
9951361
-262
-138
-67
2281
546
2996
9952386
162
164
-188
2425
680
2343
9953411
773
454
-215
1967
1445
1600
9954436
1110
422
-337
2011
1758
2357
9955461
902
366
-381
2163
1456
4596
9956486
102
240
156
538
2411
7359
9957511
-2707
-191
-133
1895
3919
3982
9958536
-2667
-966
480
2852
-1074
2462
9959561
-237
-358
367
1463
-407
2963
9960586
481
-316
-143
2278
1482
2257
9961611
417
-300
59
2290
858
2550
9962636
455
-196
69
2186
1343
2885
9963661
391
71
133
2437
1476
3214
9964686
292
257
285
2181
1083
3281
9965711
334
212
251
2164
993
3238
9966736
364
190
171
2196
1131
3362
9959552
211
166
123
2188
1151
3264
9960577
9
177
71
2196
1087
3152
9961602
-101
188
29
2154
1074
3231
9962627
-99
132
-18
2010
842
3515
9963652
22
37
-79
2100
1307
3635
9964677
-164
-31
-109
1985
576
3489
9965702
348
-11
-159
2337
560
3209
9966727
457
257
-134
1851
1855
3466
9967752
-207
-2
-125
1955
1328
3565
9968777
-236
-51
-117
2145
1124
3569
9969802
-84
-17
-72
2075
1283
3501
9970827
-48
-46
-50
2075
1255
3370
9971852
3
-36
-29
2078
1269
3288
9972877
37
0
-20
2035
1309
3298
9973902
-4
2
-28
2015
1238
3390
9974927
-17
-2
-34
2061
1179
3378
9967743
33
15
-17
2030
1203
3341
9968768
22
7
-14
1985
1156
3364
9969793
-8
-5
-18
2025
1135
3330
9970818
1
2
-14
2031
1169
3296
9971843
-2
5
-16
2016
1176
3336
9972868
-22
-5
-21
2043
1169
3345
9973893
-28
-11
-15
2049
1196
3323
9974918
-38
-18
-12
2057
1199
3361
9975943
-38
-21
-9
2083
1207
3322
9976968
-15
-2
-2
2046
1267
3267
9977993
-24
1
-11
2024
1201
3322
9979018
-31
4
-18
2074
1211
3397
9980043
-32
-4
-3
2077
1200
3426
9981068
-13
-11
1
2081
1193
3401
9982093
4
-12
6
2066
1211
3370
9983118
-6
-17
8
2052
1196
3354
9975936
-15
-15
3
2054
1191
3337
9976961
-9
-7
-4
2035
1182
3358
9977986
-6
-5
-12
2039
1181
3393
9979011
-10
-9
-5
2043
1165
3366
9980036
-7
-14
8
2037
1162
3339
9981061
-3
-15
8
2060
1175
3339
9982086
-10
-13
4
2063
1178
3342
9983111
-20
-11
-1
2064
1178
3340
9984136
-11
-8
1
2063
1186
3302
9985161
-7
-6
2
2075
1184
3304
9986186
-12
-2
4
2078
1190
3332
9987211
-13
1
4
2063
1167
3362
9988236
-8
4
1
2063
1175
3367
9989261
-10
5
1
2054
1184
3360
9990286
-16
3
-3
2047
1180
3362
9991311
-11
3
-8
2044
1191
3370
9984129
-15
3
-11
2040
1198
3362
9985154
-21
3
-10
2047
1190
3355
9986179
-11
6
-8
2047
1179
3365
9987204
8
13
-7
2029
1195
3367
9988229
8
14
-6
2027
1214
3372
9989254
-6
8
-6
2039
1206
3377
9990279
-10
6
-1
2038
1183
3366
9991304
-5
4
1
2045
1193
3362
9992329
-5
1
4
2056
1191
3374
9993354
-7
-2
5
2060
1170
3373
9994379
1
-2
5
2050
1165
3371
9995404
3
-3
3
2038
1173
3359
9996429
-2
-5
0
2049
1172
3365
9997454
-7
9
-2
2048
1154
3291
9998479
8
51
5
1979
1058
3149
9999504
114
103
28
1939
1038
3097
9992319
247
128
88
1933
1216
3320
9993344
163
50
71
2020
1356
3715
9994369
-103
-82
72
2184
1281
3672
9995394
-143
-154
145
2125
1106
3345
9996419
-35
-155
61
2140
1086
3395
9997444
115
-158
26
2166
1295
3705
9998469
93
-165
41
2063
1470
3655
9999494
-109
-188
31
2003
1179
3337
10000519
-177
-146
-3
2020
990
3167
10001544
-47
-38
-38
2137
933
2877
10002569
304
113
-173
2480
1013
2415
10003594
1103
309
-259
2483
1496
2184
10004619
1199
527
-417
1760
1807
2244
10005644
643
355
-387
967
266
4684
10006669
181
385
-137
1326
2938
6566
10007694
-2500
-231
-220
2313
3628
4380
10000512
-2300
-1043
648
2022
-1393
2925
10001537
-64
-629
184
1990
707
2384
10002562
571
-455
-69
2317
2022
2603
10003587
137
-293
137
2333
1431
2626
10004612
196
68
249
2313
1075
2679
10005637
585
325
312
2153
1181
3080
10006662
612
302
295
2011
1190
3354
10007687
371
230
198
2085
828
3345
10008712
254
220
56
2190
1129
3615
10009737
-252
131
-36
2258
1469
3335
10010762
-272
-81
4
2384
-105
2834
10011787
797
263
-37
2109
1241
2870
10012812
518
279
-89
1714
1532
3284
10013837
34
105
-177
2026
1150
3540
10014862
53
108
-119
1968
1415
3861
10015887
-80
10
-96
1955
1576
3907
10008704
-249
-100
-80
2051
1434
3653
10009729
-249
-97
-66
2060
1368
3383
10010754
-208
-38
-70
2021
1413
3197
10011779
-164
-8
-65
1999
1394
3161
10012804
-54
6
-62
2048
1305
3268
10013829
70
35
-40
2055
1349
3383
10014854
76
36
-9
2011
1374
3389
10015879
19
11
8
1988
1304
3332
10016904
-10
0
10
2001
1254
3245
10017929
9
13
9
1984
1253
3252
10018954
2
13
3
1967
1223
3340
10019979
-14
4
0
2002
1215
3348
10021004
-27
-1
10
1973
1189
3351
10022029
-35
-14
1
1996
1193
3360
10023054
-24
-15
-10
2008
1251
3351
10024079
-37
-17
-22
2002
1276
3364
10016896
-70
-25
-34
2032
1285
3360
10017921
-81
-27
-27
2047
1301
3311
10018946
-66
-20
-16
2026
1284
3307
10019971
-51
-20
-13
2035
1267
3326
10020996
-28
-14
-4
2044
1295
3357
10022021
-19
-8
3
2040
1294
3362
10023046
-15
-5
3
2028
1281
3369
10024071
-9
-3
1
2009
1284
3360
10025096
-12
-2
-1
2014
1272
3354
10026121
-21
-3
1
2022
1252
3348
10027146
-10
-1
4
2019
1251
3342
10028171
2
2
0
2010
1246
3344
10029196
6
10
-3
2002
1251
3343
10030221
-2
9
-4
2007
1255
3349
10031246
-9
5
-3
2017
1258
3337
10032271
-10
2
2
2025
1250
3340
10025088
-5
-1
5
2028
1248
3339
10026113
0
0
6
2023
1257
3348
10027138
-6
-1
4
2025
1252
3355
10028163
-5
-1
2
2017
1249
3342
10029188
1
1
0
2012
1251
3350
10030213
5
-1
-1
2006
1247
3363
10031238
6
-3
-4
2007
1253
3360
10032263
4
-6
-5
2015
1245
3359
10033288
4
-9
-4
2011
1242
3349
10034313
4
-11
-4
2001
1259
3345
10035338
-2
-12
-4
2010
1263
3348
10036363
-13
-10
-3
2008
1263
3337
10037388
-14
-3
-4
2006
1249
3327
10038413
6
11
-4
1996
1250
3326
10039438
39
26
5
1981
1250
3342
10040463
60
23
24
1975
1277
3348
10033279
68
22
50
1964
1286
3284
10034304
96
31
68
1952
1238
3260
10035329
125
12
66
2027
1272
3376
10036354
85
-26
62
2105
1373
3493
10037379
29
-57
72
2060
1288
3443
10038404
-38
-58
63
2022
1037
3268
10039429
-247
36
-74
2327
159
2998
10040454
418
298
-210
2297
609
2296
10041479
1705
431
-14
1636
1968
2577
10042504
1847
334
-160
2458
3165
3834
10043529
-152
203
-126
1440
3415
6228
10044554
-3414
-270
299
58
2789
6384
10045579
-4584
-1057
9
2921
93
1974
10046604
-458
-866
465
2213
-2791
2298
10047629
1847
-150
-111
1470
2008
2568
10048654
730
-377
-130
2453
2594
2706
10041473
-321
-285
230
2383
1076
2612
10042498
-230
119
251
2228
1313
2345
10043523
66
372
264
2101
1270
2683
10044548
208
305
319
1946
836
3461
10045573
199
189
217
2066
657
3843
10046598
96
67
133
2242
705
3694
10047623
-240
-11
107
2234
986
3808
10048648
-623
-120
46
2481
1627
3527
10049673
-618
-273
-95
2327
-555
2989
10050698
378
116
-228
2269
490
2793
10051723
444
321
-211
1781
1389
3294
10052748
-9
131
-330
2028
862
3614
10053773
115
124
-289
2083
1211
3862
10054798
64
47
-210
1975
1462
3855
10055823
-149
-81
-171
2035
1303
3635
10056848
-176
-102
-121
2050
1187
3378
10049664
-134
-62
-97
2014
1128
3269
10050689
-86
-14
-106
2034
1105
3254
10051714
4
32
-84
1985
1082
3332
10052739
69
44
-58
1976
1126
3431
10053764
92
39
-11
1992
1177
3403
10054789
97
32
28
1962
1174
3411
10055814
66
13
36
1995
1119
3451
10056839
51
5
38
2021
1105
3424
10057864
35
-4
42
2016
1090
3420
10058889
3
-20
37
2039
1038
3430
10059914
6
-23
37
2056
1022
3382
10060939
25
-11
33
2042
1037
3363
10061964
11
-10
8
2052
1031
3427
10062989
-5
-8
-12
2062
1061
3436
10064014
-8
-10
-16
2046
1094
3423
10065039
-12
-20
-24
2033
1105
3397
10057856
-16
-27
-25
2051
1132
3379
10058881
-18
-26
-19
2060
1136
3355
10059906
-16
-20
-11
2047
1129
3364
10060931
-14
-16
-12
2049
1116
3427
10061956
-3
-12
-7
2039
1118
3424
10062981
5
-8
-3
2031
1133
3414
10064006
1
-9
2
2034
1124
3393
10065031
2
-4
9
2027
1108
3381
10066056
-4
0
9
2039
1086
3397
10067081
-19
11
13
2038
1056
3391
10068106
8
6
15
2058
1071
3402
10069131
29
1
19
2054
1124
3411
10070156
5
-5
17
2054
1100
3395
10071181
-9
-6
11
2050
1064
3363
10072206
-2
3
0
2044
1068
3377
10073231
-2
7
-8
2051
1078
3390
10066048
-6
9
-13
2051
1088
3396
10067073
-12
7
-13
2048
1090
3398
10068098
-13
8
-13
2045
1083
3388
10069123
-7
12
-13
2017
1090
3411
10070148
-6
15
-17
2007
1114
3424
10071173
-27
12
-18
2019
1116
3422
10072198
-23
9
-15
2020
1099
3434
10073223
-1
10
-11
2015
1106
3431
10074248
10
11
0
2005
1135
3423
10075273
3
9
8
2007
1142
3418
10076298
-8
3
6
2030
1110
3440
10077323
5
1
7
2028
1112
3430
10078348
13
-2
6
2037
1116
3412
10079373
13
-5
5
2056
1121
3412
10080398
14
-6
6
2052
1093
3412
10081423
17
-5
6
2044
1102
3397
10074240
6
-6
5
2054
1101
3407
10075265
-5
-4
2
2059
1082
3400
10076290
5
3
-3
2035
1083
3386
10077315
14
9
-8
2017
1106
3385
10078340
7
24
-7
1995
1109
3365
10079365
9
42
2
1958
1034
3300
10080390
76
66
30
1936
1015
3279
10081415
169
89
51
1975
1117
3330
10082440
167
48
66
2029
1211
3397
10083465
132
-12
96
2087
1122
3455
10084490
295
-27
103
2118
1086
3465
10085515
438
-38
94
2115
1319
3550
10086540
384
-79
130
2061
1471
3606
10087565
167
-117
117
1957
1476
3715
10088590
-266
-173
-30
2079
863
3582
10089615
-141
-86
-125
2226
873
3227
10082431
105
75
-107
1923
1292
2954
10083456
-24
115
-214
1950
1207
2955
10084481
-9
113
-339
2100
825
2844
10085506
473
149
-374
2342
1167
2470
10086531
850
135
-189
1289
1549
5339
10087556
-1057
323
-36
1102
4177
6027
10088581
-3095
-702
-29
2505
428
2740
10089606
-644
-821
481
2167
-2672
1843
10090631
1492
121
-178
1782
2192
2360
10091656
514
-143
-76
2252
2436
2909
10092681
-148
-153
170
2312
1082
3178
10093706
133
-3
356
2084
1038
3812
10094731
229
-55
378
2102
1102
3877
10095756
190
-52
244
2112
758
3538
10096781
98
-33
117
2251
1091
3302
10097806
-143
7
91
2374
1630
2903
10090624
-355
91
59
2216
1211
2684
10091649
-75
162
22
2041
811
3064
10092674
239
194
6
1988
1341
3469
10093699
-23
115
-11
2020
1011
3423
10094724
210
23
-65
2191
176
3391
10095749
505
286
-56
1920
1392
3313
10096774
8
171
-63
1822
1061
3301
10097799
-100
101
-126
2058
841
3501
10098824
57
107
-96
2042
1126
3682
10099849
52
28
-72
2084
1265
3708
10100874
-9
-41
-35
2083
1254
3609
10101899
-12
-72
-16
2055
1270
3546
10102924
1
-86
-22
2076
1297
3483
10103949
-1
-67
-28
2040
1289
3403
10104974
-24
-61
-39
2020
1193
3427
10105999
5
-56
-46
2032
1157
3429
10098816
40
-43
-38
2005
1173
3367
10099841
21
-40
-42
1996
1128
3328
10100866
18
-19
-46
2009
1129
3268
10101891
30
12
-39
1948
1150
3255
10102916
6
7
-41
1948
1154
3333
10103941
-28
0
-27
1991
1203
3275
10104966
-47
14
-1
1968
1181
3214
10105991
-51
13
3
1982
1096
3281
10107016
-23
21
3
2056
1181
3380
10108041
-30
14
21
2049
1230
3455
10109066
-51
-2
25
2080
1222
3455
10110091
-42
0
26
2078
1211
3396
10111116
-31
5
16
2085
1201
3421
10112141
-17
7
5
2080
1203
3436
10113166
4
14
5
2035
1198
3413
10114191
-1
8
4
2027
1148
3396
10107008
11
0
9
2042
1160
3430
10108033
11
-10
13
2041
1165
3450
10109058
-3
-18
11
2031
1139
3397
10110083
-5
-21
10
2009
1131
3364
10111108
-8
-22
5
2020
1131
3325
10112133
-3
-8
8
2001
1128
3302
10113158
-5
-2
4
2012
1119
3343
10114183
-15
2
5
2020
1132
3384
10115208
-24
3
8
2028
1143
3407
10116233
-31
2
7
2031
1137
3392
10117258
-31
4
3
2019
1154
3397
10118283
-30
9
-1
2049
1186
3346
10119308
-21
28
1
2015
1159
3320
10120333
-15
35
-3
2009
1135
3392
10121358
-11
31
-4
2023
1161
3462
10122383
-11
15
4
2014
1156
3490
10115201
-9
-2
8
2014
1155
3473
10116226
-3
-10
11
2008
1163
3412
10117251
-8
-13
8
2019
1156
3402
10118276
-8
-12
6
2026
1146
3392
10119301
-1
-5
8
2021
1134
3387
10120326
7
-3
7
2027
1144
3382
10121351
11
-2
6
2031
1153
3390
10122376
2
-5
6
2020
1145
3394
10123401
-4
-5
4
2010
1137
3377
10124426
-4
-5
2
2029
1133
3381
10125451
2
-5
4
2025
1141
3387
10126476
1
-7
7
2013
1136
3392
10127501
-2
-7
7
2014
1137
3386
10128526
6
-1
8
2029
1140
3386
10129551
11
7
11
2024
1139
3383
10130576
12
16
11
2009
1128
3358
10123392
28
28
12
2005
1108
3339
10124417
58
35
17
2002
1183
3394
10125442
48
23
40
2013
1182
3366
10126467
34
20
56
2028
1115
3319
10127492
35
3
69
2054
1197
3434
10128517
-43
-33
92
2076
1269
3534
10129542
-133
-58
116
2060
1246
3519
10130567
-163
-52
118
2050
1240
3392
10131592
-222
-16
107
1985
1130
3227
10132617
-221
-6
93
1989
960
3273
10133642
-79
-10
103
2030
891
3455
10134667
120
19
130
2003
1005
3531
10135692
113
-10
132
1953
1144
3548
10136717
-5
-71
102
2041
1023
3475
10137742
13
-80
87
2076
936
3488
10138767
76
-42
61
2084
1078
3435
10131584
17
-18
56
2034
1122
3316
10132609
-58
-16
29
2066
978
3342
10133634
101
21
-38
2285
811
3315
10134659
398
240
-96
2176
1213
3029
10135684
317
310
-65
1880
1419
3014
10136709
95
274
-127
1960
1091
3248
10137734
-9
291
-208
2205
1451
3221
10138759
336
107
-166
1974
859
4221
10139784
263
36
69
624
1472
6610
10140809
-1793
-355
-249
2403
2535
3668
10141834
-914
-783
-4
2617
-1948
1818
10142859
816
-189
3
1621
609
2063
10143884
1240
-152
-252
2176
2138
2700
10144909
857
-184
-27
2424
1940
3148
10145934
442
17
173
2046
1590
3504
10146959
218
-49
193
2124
1438
3713
10139776
36
-93
163
2175
1406
3543
10140801
-187
-92
156
2080
1248
3322
10141826
-292
-43
94
2096
1310
3031
10142851
-458
73
32
2134
1399
2780
10143876
-530
154
-21
2014
916
3133
10144901
-348
150
-71
1961
881
3549
10145926
-185
97
-106
2049
787
3559
10146951
242
15
-187
2217
180
3407
10147976
521
269
-130
1955
1717
3454
10149001
-99
84
-115
1900
1532
3443
10150026
-310
-33
-155
2123
1029
3400
10151051
-175
42
-144
2060
1126
3366
10152076
-148
50
-139
2029
1113
3275
10153101
-80
59
-119
2012
1088
3306
10154126
8
88
-93
1998
1220
3384
10155151
34
83
-65
1990
1330
3528
10147969
-16
42
-45
1998
1319
3609
10148994
-35
10
-19
1972
1275
3547
10150019
-14
-6
-2
1911
1229
3505
10151044
-15
-21
-4
1928
1165
3479
10152069
14
-5
1
1934
1145
3404
10153094
50
3
10
1895
1155
3433
10154119
35
-13
3
1927
1179
3498
10155144
-5
-27
6
1969
1176
3449
10156169
-20
-32
9
1968
1138
3381
10157194
-8
-32
1
1965
1131
3365
10158219
0
-30
-6
1986
1179
3365
10159244
-21
-32
-4
2004
1188
3366
10160269
-43
-30
-1
2019
1167
3347
10161294
-38
-21
1
2021
1166
3347
10162319
-21
-9
-1
2000
1167
3361
10163344
-15
-3
-4
2006
1178
3388
10156160
-18
-3
0
1992
1171
3414
10157185
-16
-6
0
1996
1169
3422
10158210
-7
-7
6
1991
1167
3416
10159235
-7
-11
6
1991
1153
3442
10160260
0
-14
8
1988
1161
3420
10161285
1
-11
7
1986
1169
3404
10162310
-14
-9
4
1988
1163
3400
10163335
-19
-8
0
1995
1154
3418
10164360
-10
-7
-1
2003
1143
3426
10165385
3
-4
5
1990
1154
3399
10166410
4
-6
9
1983
1162
3395
10167435
-2
-10
5
2007
1155
3418
10168460
-5
-12
5
1998
1157
3408
10169485
-7
-14
0
1994
1155
3393
10170510
-8
-14
-2
2006
1148
3399
10171535
-2
-13
-1
2006
1138
3396
10164353
7
-11
1
1999
1159
3400
10165378
6
-9
4
1994
1171
3418
10166403
-4
-10
4
1994
1174
3418
10167428
-14
-11
4
1984
1164
3407
10168453
-9
-9
2
1984
1179
3411
10169478
-4
-9
-1
1992
1184
3415
10170503
-1
-9
1
1990
1191
3412
10171528
-6
-11
5
2001
1173
3413
10172553
2
-9
10
1997
1164
3412
10173578
9
-7
10
1979
1161
3405
10174603
7
-4
11
1991
1174
3395
10175628
-10
-6
8
2008
1160
3405
10176653
-7
-4
10
2001
1145
3389
10177678
5
0
9
1990
1163
3408
10178703
-3
-3
9
2007
1169
3401
10179728
-6
-8
14
2007
1151
3410
10172545
-1
-12
10
2014
1150
3427
10173570
-1
-15
8
2008
1152
3428
10174595
-3
-13
5
2008
1136
3404
10175620
9
14
5
1979
1101
3340
10176645
49
40
13
1935
1067
3303
10177670
107
44
16
1990
1141
3357
10178695
103
28
31
2022
1270
3457
10179720
27
-19
51
2031
1218
3480
10180745
27
-39
55
2019
1131
3452
10181770
69
-56
47
2047
1175
3446
10182795
91
-65
35
2043
1170
3460
10183820
76
-66
17
2014
1195
3468
10184845
33
-74
11
2007
1201
3439
10185870
34
-72
10
2022
1160
3346
10186895
100
-47
11
2012
1186
3279
10187920
85
-29
3
2000
1238
3322
10180736
21
-48
9
2022
1179
3322
10181761
16
-30
17
1981
989
3174
10182786
105
-10
-41
2139
348
3101
10183811
803
168
-320
2537
422
2333
10184836
2238
419
-71
1935
2625
2474
10185861
1857
246
-215
1638
2673
4911
10186886
802
-190
-273
1405
646
5703
10187911
-906
-8
168
1337
4240
4363
10188936
-1820
-724
78
2660
395
2407
10189961
-170
-427
271
1624
-249
2213
10190986
666
-69
-144
2146
2468
2196
10192011
298
-126
21
2300
1759
2363
10193036
406
-134
162
2148
1608
2774
10194061
431
43
187
2243
2161
3371
10195086
-100
90
400
2015
1557
3551
10196111
-298
-9
382
1961
1091
3394
10188928
-74
-78
274
2235
1275
3047
10189953
-110
-12
203
2261
1738
3117
10190978
-790
17
109
2388
2277
3193
10192003
-1003
-90
118
2109
960
2948
10193028
-129
-34
-59
2205
-274
2898
10194053
455
398
-131
1942
1400
3350
10195078
22
197
-139
1873
1157
3422
10196103
-53
101
-171
2060
1068
3513
10197128
25
89
-141
2018
1422
3611
10198153
-114
-8
-118
2064
1526
3528
10199178
-251
-73
-73
2095
1401
3357
10200203
-258
-74
-52
2120
1376
3288
10201228
-222
-31
-41
2110
1430
3120
10202253
-144
4
-30
2064
1386
3081
10203278
-64
32
-41
2063
1391
3252
10204303
-21
57
-33
2042
1415
3298
10197120
-9
64
-15
1999
1352
3311
10198145
6
57
-11
2018
1307
3357
10199170
20
56
3
2026
1330
3353
10200195
-9
44
19
1952
1274
3296
10201220
-126
-23
24
1907
984
3281
10202245
14
-57
15
2112
1073
3327
10203270
258
17
59
2043
1506
3413
10204295
153
-9
58
1989
1524
3383
10205320
-31
-25
21
2051
1409
3299
10206345
-115
-3
14
2066
1368
3272
10207370
-168
21
-1
2047
1303
3257
10208395
-202
44
-22
2051
1206
3243
10209420
-145
48
-32
2074
1195
3284
10210445
-59
36
-33
2087
1271
3332
10211470
-25
27
-34
2070
1302
3367
10212495
-32
12
-38
2069
1301
3366
10205312
-48
4
-38
2047
1282
3344
10206337
-52
-2
-39
2031
1270
3340
10207362
-46
-1
-36
2011
1268
3314
10208387
-46
4
-34
2001
1254
3316
10209412
-45
6
-32
2003
1260
3332
10210437
-40
8
-29
2000
1271
3352
10211462
-36
8
-27
2015
1278
3339
10212487
-32
13
-23
2004
1291
3344
10213512
-36
12
-20
2005
1277
3361
10214537
-32
11
-15
2008
1268
3362
10215562
-26
10
-9
2003
1270
3353
10216587
-12
8
-5
1997
1258
3340
10217612
0
7
-4
1994
1265
3351
10218637
-3
7
-6
1998
1266
3352
10219662
-6
4
-7
2006
1249
3358
10220687
-2
3
-10
2007
1246
3369
10213504
2
0
-8
2000
1272
3374
10214529
-5
-4
-7
1984
1288
3347
10215554
-24
-7
-10
1984
1285
3342
10216579
-34
-4
-14
2000
1264
3350
10217604
-18
0
-15
1994
1250
3375
10218629
7
1
-8
1988
1266
3374
10219654
11
-5
4
1985
1287
3379
10220679
-3
-13
8
1989
1287
3365
10221704
-4
-12
8
1988
1282
3340
10222729
3
-7
5
1980
1286
3328
10223754
9
-8
7
1997
1292
3326
10224779
7
-12
17
2016
1286
3333
10225804
5
-12
24
2012
1263
3328
10226829
11
-4
24
2009
1254
3331
10227854
9
11
22
1997
1255
3333
10228879
0
15
21
2000
1238
3348
10221696
15
14
16
2007
1235
3383
10222721
26
13
14
2006
1250
3375
10223746
29
17
15
1985
1235
3331
10224771
38
10
16
1970
1266
3366
10225796
28
-21
21
2006
1299
3451
10226821
9
-45
23
2029
1266
3443
10227846
7
-41
23
1987
1242
3345
10228871
13
-50
14
1996
1245
3337
10229896
23
-55
10
2029
1303
3371
10230921
-1
-55
7
2029
1304
3356
10231946
-32
-51
-2
2040
1255
3289
10232971
-37
-33
5
2006
1227
3210
10233996
-21
-8
5
1995
1259
3169
10235021
-23
13
6
1987
1276
3215
10236046
-32
27
7
1998
1282
3294
10237071
-40
29
12
2017
1279
3348
10229888
-38
41
18
2025
1264
3310
10230913
0
99
29
1949
1135
3109
10231938
131
156
35
1891
1019
3004
10232963
342
151
54
2024
1216
3148
10233988
484
87
84
2166
1366
3447
10235013
588
-19
127
2158
1499
3783
10236038
597
-121
147
2069
1588
3967
10237063
402
-181
117
2033
1551
3981
10238088
55
-225
-65
2251
838
3517
10239113
324
-31
-158
2073
1112
2847
10240138
477
76
-153
1836
2352
2887
10241163
3
-3
-257
2175
2266
2458
10242188
-126
48
-258
1838
662
3258
10243213
-240
346
125
466
2046
6254
10244238
-2643
-154
-269
2349
3317
3729
10245263
-1482
-815
364
2483
-2021
2154
10238080
986
-157
129
1630
834
2241
10239105
689
-119
-160
2274
2675
2584
10240130
-60
-416
137
2275
1338
3012
10241155
144
-289
204
2290
1251
3385
10242180
223
-94
313
2248
1177
3611
10243205
268
-18
244
1975
771
3548
10244230
241
-93
45
2216
1291
3256
10245255
-98
-64
-48
2527
2276
2784
10246280
-582
-33
-75
2531
1350
2457
10247305
16
128
-78
2205
724
2500
10248330
237
423
-53
1828
1812
2928
10249355
-148
271
-102
1958
1031
3267
10250380
61
253
-106
1987
843
3529
10251405
352
210
-58
1932
1224
3725
10252430
301
98
-28
1993
1488
3727
10253455
50
19
-1
1989
1555
3656
10246272
-211
-20
-18
2018
1392
3423
10247297
-311
-12
-40
2025
1235
3224
10248322
-216
-5
-69
2091
1188
3301
10249347
-100
19
-85
2120
1307
3438
10250372
-41
14
-74
2090
1397
3449
10251397
-38
-6
-67
2069
1420
3408
10252422
-63
-21
-62
2074
1399
3278
10253447
-39
-13
-55
2031
1363
3173
10254472
-8
-10
-50
1995
1316
3273
10255497
-9
-22
-44
2011
1310
3351
10256522
-19
-35
-16
1992
1300
3357
10257547
-20
-47
-8
1980
1248
3336
10258572
-6
-43
-15
1974
1261
3316
10259597
-16
-32
-15
1964
1291
3297
10260622
-45
-25
-12
1980
1301
3268
10261647
-61
-20
-8
1993
1291
3269
10254659
-54
-14
-8
2023
1308
3273
10255684
-49
-12
-4
2040
1328
3268
10256709
-49
-10
0
2058
1331
3259
10257734
-44
-6
5
2073
1327
3256
10258759
-29
2
6
2093
1342
3285
10259784
-17
10
10
2076
1338
3300
10260809
-13
12
11
2080
1328
3325
10261834
-13
13
14
2064
1322
3337
10262859
-11
13
10
2044
1296
3342
10263884
-2
11
3
2036
1298
3356
10264909
-1
12
-1
2027
1309
3340
10265934
-12
11
-1
2031
1287
3327
10266959
-8
13
3
2026
1275
3317
10267984
6
19
7
2013
1291
3309
10269009
1
22
5
2015
1294
3330
10270034
-9
22
2
2019
1289
3326
10262657
-12
20
-3
2038
1281
3323
10263682
-6
22
0
2022
1290
3315
10264707
1
20
2
2020
1306
3329
10265732
-7
16
3
2030
1307
3333
10266757
-11
8
2
2021
1269
3352
10267782
1
7
1
2017
1272
3349
10268807
11
8
1
1996
1295
3346
10269832
0
2
-6
2000
1279
3362
10270857
-7
-2
-9
2002
1268
3360
10271882
0
-6
-12
2001
1272
3358
10272907
8
-6
-13
2000
1300
3336
10273932
0
-8
-12
2001
1306
3329
10274957
-10
-11
-13
2017
1302
3329
10275982
-3
-11
-8
2016
1308
3329
10277007
3
-8
-4
2009
1334
3307
10278032
-6
-5
-5
2014
1322
3322
10270849
-9
-2
-9
2019
1311
3334
10271874
2
2
-8
2034
1302
3330
10272899
12
6
4
2009
1304
3316
10273924
10
3
9
2012
1307
3324
10274949
0
0
5
2022
1295
3334
10275974
-10
-2
-1
2018
1283
3329
10276999
-7
-1
-8
2020
1282
3318
10278024
0
2
-11
2023
1301
3320
10279049
-1
0
-9
2023
1305
3320
10280074
1
0
-3
2011
1299
3335
10281099
2
0
-1
2010
1305
3344
10282124
-3
2
0
2005
1309
3344
10283149
-10
3
-6
2013
1306
3341
10284174
-7
3
-11
2003
1299
3363
10285199
0
1
-16
2006
1306
3356
10286224
1
-3
-16
2008
1306
3342
10279040
4
-4
-16
2009
1292
3348
10280065
12
-2
-16
1987
1303
3349
10281090
10
-5
-18
1978
1311
3341
10282115
0
-11
-17
1984
1309
3331
10283140
-4
-16
-18
1996
1301
3334
10284165
2
-16
-14
1984
1303
3334
10285190
2
-18
-15
1992
1311
3324
10286215
-5
-18
-12
1992
1320
3317
10287240
-12
-18
-13
2003
1317
3319
10288265
-14
-17
-15
2009
1314
3320
10289290
-6
-13
-17
2014
1319
3327
10290315
0
-10
-17
1997
1327
3340
10291340
0
-12
-12
1998
1341
3334
10292365
-5
7
-4
1995
1330
3228
10293390
32
100
31
1899
1226
2961
10294415
176
131
64
1842
1204
2999
10287231
336
62
107
2074
1507
3465
10288256
211
43
144
2043
1658
3752
10289281
-99
-88
132
2114
1379
3617
10290306
-143
-176
132
2171
1059
3301
10291331
144
-126
102
2071
1342
3424
10292356
86
-146
25
2037
1585
3698
10293381
-173
-210
27
1993
1263
3486
10294406
-135
-206
-18
2098
887
3287
10295431
192
-69
-78
2178
1172
3259
10296456
361
91
-187
2130
1593
3137
10297481
1
156
-333
2159
1977
2263
10298506
-380
232
-401
2008
1397
1394
10299531
491
112
-324
709
-548
5074
10300556
345
485
-27
1719
4591
5551
10301581
-1905
-487
-102
2350
1265
3432
10302606
-1058
-776
355
1975
-2025
2089
10295424
976
-36
49
2013
2373
2849
10296449
326
-221
138
2277
2621
3110
10297474
-253
-235
293
2340
1494
2950
10298499
-33
-3
386
2237
1587
3524
10299524
112
-15
377
2173
1374
3635
10300549
175
-68
321
2127
1085
3411
10301574
190
-53
245
2137
1142
3270
10302599
83
-20
157
2194
1280
3105
10303624
-133
32
86
2222
1280
3079
10304649
-137
37
57
2238
1415
2841
10305674
-171
-2
-17
2044
-2
2854
10306699
344
185
-131
2185
809
2937
10307724
257
273
-21
1782
1441
3135
10308749
-97
80
-65
2023
973
3367
10309774
-16
58
-50
2114
1194
3606
10310799
-93
14
-17
2068
1424
3609
10303616
-261
-70
-13
2135
1270
3466
10304641
-228
-71
-31
2176
1184
3372
10305666
-123
-34
-61
2197
1275
3379
10306691
-82
-12
-79
2200
1346
3373
10307716
-60
7
-81
2160
1339
3367
10308741
-33
18
-81
2124
1277
3371
10309766
6
35
-71
2075
1290
3272
10310791
31
47
-51
2008
1293
3233
10311816
27
36
-42
2007
1278
3306
10312841
27
28
-21
2009
1279
3333
10313866
17
12
9
1981
1227
3338
10314891
-4
-10
19
2009
1186
3327
10315916
-7
-14
22
2038
1208
3339
10316941
-24
-20
14
2057
1180
3337
10317966
-24
-17
3
2068
1194
3298
10318991
-19
-10
-7
2082
1238
3281
10311808
-31
-4
-14
2105
1248
3259
10312833
-29
6
-16
2122
1260
3260
10313858
-28
14
-14
2126
1273
3291
10314883
-25
15
-12
2116
1279
3318
10315908
-22
15
-8
2109
1270
3328
10316933
-15
10
-5
2084
1265
3320
10317958
-7
10
-5
2070
1275
3324
10318983
-15
6
-7
2077
1263
3343
10320008
-17
4
-2
2059
1228
3339
10321033
-8
7
-1
2048
1220
3350
10322058
-5
8
-3
2040
1218
3364
10323083
-5
9
-6
2039
1208
3361
10324108
-3
9
-8
2051
1202
3336
10325133
2
10
-9
2048
1216
3297
10326158
3
9
-11
2051
1220
3284
10327183
-8
3
-16
2062
1197
3340
10320000
-18
-5
-16
2075
1204
3389
10321025
-24
-20
-16
2083
1199
3386
10322050
-20
-28
-18
2080
1195
3352
10323075
-6
-28
-22
2069
1217
3323
10324100
1
-24
-31
2055
1238
3327
10325125
-2
-19
-36
2051
1258
3319
10326150
2
-11
-33
2043
1257
3307
10327175
6
-7
-27
2041
1257
3315
10328200
17
-3
-16
2036
1272
3316
10329225
15
0
-5
2034
1294
3306
10330250
-1
2
5
2029
1284
3279
10331275
-5
10
-2
2043
1268
3292
10332300
-8
13
-6
2050
1253
3353
10333325
-15
4
-4
2074
1234
3379
10334350
-5
-4
2
2074
1222
3357
10335375
18
-7
4
2071
1255
3352
10328192
9
-16
0
2089
1277
3349
10329217
-7
-25
-8
2083
1253
3356
10330242
-7
-23
-13
2074
1228
3324
10331267
24
37
-6
2013
1149
3103
10332292
178
78
27
1932
1081
2999
10333317
392
41
43
2018
1288
3328
10334342
409
-13
70
2164
1525
3650
10335367
210
-37
91
2086
1492
3558
10336392
58
-89
86
2048
1264
3295
10337417
21
-92
50
2098
1249
3241
10338442
43
-89
25
2130
1343
3408
10339467
31
-69
-5
2102
1288
3516
10340492
17
-66
16
2060
1308
3405
10341517
-20
-50
-23
2016
1358
3126
10342542
-90
-39
-56
2031
1317
3026
10343567
-41
-5
-53
2053
1336
3093
10336383
-7
43
-88
2094
1348
3190
10337408
-52
58
-114
2205
1155
3199
10338433
57
186
-184
2348
1114
2554
10339458
579
381
-204
2061
1226
1420
10340483
1562
384
-378
1671
878
2398
10341508
1757
352
-424
1847
2011
5969
10342533
-554
493
-19
1362
6548
6596
10343558
-4830
-719
163
1648
459
3191
10344583
-2304
-1263
545
2467
-3445
2804
10345608
1460
-154
-220
1985
2247
2906
10346633
681
-340
-83
2106
2320
2462
10347658
75
-497
101
2130
1104
2441
10348683
450
-260
97
2258
1551
2768
10349708
531
33
215
2313
1630
3069
10350733
436
229
321
2086
1085
3054
10351758
482
241
289
2047
1094
3133
10344576
429
213
215
2119
1253
3180
10345601
257
203
143
2210
1486
3155
10346626
-209
225
77
2230
1908
3039
10347651
-592
68
68
2115
166
3050
10348676
388
114
-3
2316
621
3116
10349701
611
352
-34
1776
1696
3410
10350726
-40
135
-111
1975
1242
3481
10351751
-80
84
-107
2112
1344
3592
10352776
-62
57
-64
1989
1600
3699
10353801
-216
-43
-61
2077
1516
3530
10354826
-168
-64
-30
2110
1418
3341
10355851
-54
-29
-22
2059
1472
3341
10356876
-85
-22
-43
2099
1497
3297
10357901
-96
8
-33
2077
1445
3157
10358926
-52
34
-25
1977
1324
3228
10359951
-38
37
-44
2016
1325
3291
10352768
-15
39
-23
2016
1341
3236
10353793
-3
32
-11
1976
1287
3256
10354818
-11
21
-18
2002
1302
3300
10355843
-28
14
-4
1993
1338
3314
10356868
-78
-10
4
1991
1307
3340
10357893
-125
-25
1
2030
1284
3317
10358918
-118
-15
5
2007
1306
3232
10359943
-91
-5
-7
1996
1276
3266
10360968
-72
3
-19
2034
1295
3311
10361993
-49
9
-10
2042
1356
3362
10363018
-59
0
-3
2033
1341
3375
10364043
-56
-11
0
2047
1338
3341
10365068
-42
-14
11
2033
1316
3335
10366093
-29
-16
13
2043
1308
3317
10367118
-18
-14
18
2047
1305
3303
10368143
-20
-13
14
2046
1285
3305
10360960
-18
-12
13
2032
1276
3301
10361985
-18
-10
11
2040
1265
3312
10363010
-31
-5
4
2050
1268
3305
10364035
-36
3
-3
2036
1265
3308
10365060
-38
4
-13
2020
1265
3345
10366085
-34
4
-13
2025
1289
3335
10367110
-37
1
0
2024
1276
3317
10368135
-27
-4
9
2035
1271
3320
10369160
-11
-1
12
2041
1303
3334
10370185
-14
-2
11
2038
1302
3330
10371210
-13
-3
7
2044
1272
3321
10372235
-1
0
7
2044
1265
3319
10373260
8
0
9
2031
1272
3324
10374285
-2
-1
14
2033
1267
3324
10375310
-12
-1
16
2021
1255
3327
10376335
-16
0
14
2032
1259
3335
10369152
-18
2
10
2024
1259
3336
10370177
-15
4
4
2012
1279
3343
10371202
-23
-1
-1
2018
1263
3328
10372227
-24
0
-1
2030
1243
3315
10373252
-7
3
3
2026
1266
3338
10374277
-7
4
0
2019
1271
3347
10375302
-8
4
1
2009
1271
3342
10376327
-10
5
2
2018
1291
3347
10377352
-17
2
-1
2029
1271
3358
10378377
-8
2
-1
2040
1270
3367
10379402
0
1
2
2042
1278
3357
10380427
-1
-4
4
2041
1275
3348
10381452
-1
-6
5
2040
1274
3341
10382477
1
-9
3
2045
1249
3339
10383502
9
-10
1
2041
1250
3347
10384527
15
-11
0
2026
1261
3344
10377343
4
-15
-2
2021
1255
3326
10378368
-2
-18
-3
2032
1243
3311
10379393
7
8
2
2014
1220
3237
10380418
63
79
24
1884
1106
3067
10381443
209
118
37
1908
1128
3069
10382468
272
117
37
2013
1333
3219
10383493
265
1
74
2105
1332
3382
10384518
324
-85
115
2210
1589
3692
10385543
225
-142
147
2115
1584
3725
10386568
148
-173
116
2080
1348
3527
10387593
63
-170
50
2071
1339
3517
10388618
-12
-178
34
2049
1302
3398
10389643
-34
-122
10
1986
1202
3137
10390668
-33
-67
-32
1996
1042
3048
10391693
117
-12
-148
2260
766
3007
10392718
670
220
-183
2328
1466
2259
10385536
907
419
-155
2012
2522
1679
10386561
603
428
-302
2065
1778
2617
10387586
85
408
-380
1948
978
4804
10388611
45
327
468
273
3164
7812
10389636
-3234
-325
-78
1942
4078
3849
10390661
-2697
-1230
731
2601
-1937
1579
10391686
522
-381
377
1567
-760
2370
10392711
996
-118
-223
2236
2460
2526
10393736
223
-267
84
2511
1359
2419
10394761
377
33
195
2274
1067
2851
10395786
595
308
153
2191
1570
3464
10396811
407
210
254
2079
1043
3566
10397836
341
114
189
2154
926
3371
10398861
359
72
106
2182
1309
3439
10399886
47
9
15
2217
1563
3476
10400911
-376
-74
-34
2202
1529
3450
10393815
-509
-139
-64
2256
1456
3083
10394840
-123
-218
-97
2195
-164
2824
10395865
700
196
-168
2030
1371
3089
10396890
314
176
-185
1764
1571
3347
10397915
-32
24
-226
2085
1173
3405
10398940
80
68
-153
2004
1448
3585
10399965
35
-7
-119
2043
1606
3605
10400990
-87
-86
-79
2096
1503
3448
10402015
-116
-115
-43
2087
1372
3344
10403040
-80
-93
-46
2117
1454
3177
10404065
-94
-52
-56
2071
1421
3031
10405090
-117
-9
-91
2064
1282
3102
10406115
-92
47
-108
2082
1347
3165
10407140
-78
79
-89
2033
1361
3187
10408165
-88
83
-81
2000
1291
3197
10409190
-61
95
-78
2016
1321
3187
10401920
-11
98
-50
1978
1330
3234
10402945
15
74
-36
1996
1428
3392
10403970
-24
35
-9
2019
1474
3384
10404995
-54
11
25
1992
1416
3332
10406020
-52
-7
29
1991
1315
3344
10407045
-19
1
28
2032
1377
3341
10408070
-20
7
32
2001
1383
3339
10409095
-43
2
17
2029
1323
3371
10410120
-38
1
7
2049
1329
3377
10411145
-29
-2
6
2053
1369
3359
10412170
-47
-11
1
2064
1344
3312
10413195
-51
-9
2
2046
1335
3245
10414220
-44
-3
0
2009
1302
3243
10415245
-38
-2
-6
2009
1305
3290
10416270
-39
-5
-5
2016
1311
3304
10417295
-46
-11
-1
2021
1295
3295
10410112
-43
-8
-1
2011
1294
3296
10411137
-41
-3
-3
2021
1297
3290
10412162
-39
4
1
2024
1300
3290
10413187
-28
8
4
2010
1289
3315
10414212
-12
10
8
2011
1315
3338
10415237
-6
7
13
2016
1324
3338
10416262
-9
0
17
2027
1313
3346
10417287
-12
-8
19
2033
1306
3331
10418312
-8
-11
17
2040
1295
3328
10419337
-1
-11
13
2041
1281
3331
10420362
1
-10
7
2035
1286
3340
10421387
-3
-12
2
2029
1292
3349
10422412
-10
-14
-4
2030
1299
3321
10423437
-10
-7
-8
2009
1302
3320
10424462
-12
-6
-15
2007
1288
3351
10425487
-7
-6
-16
2008
1309
3352
10418304
-10
-10
-4
2005
1285
3321
10419329
-4
-9
4
1995
1307
3309
10420354
-5
-9
2
1998
1333
3302
10421379
-19
-9
1
2003
1323
3302
10422404
-22
-7
3
2023
1313
3312
10423429
-17
-6
7
2041
1304
3298
10424454
-6
-1
14
2029
1306
3307
10425479
-5
1
18
2025
1311
3319
10426504
-10
2
19
2040
1302
3328
10427529
-11
7
19
2043
1301
3317
10428554
-10
14
14
2025
1285
3319
10429579
-5
17
5
2015
1296
3333
10430604
-8
15
0
2021
1310
3344
10431629
-20
7
-1
2037
1290
3345
10432654
-11
3
3
2029
1284
3346
10433679
1
0
5
2019
1282
3354
10426495
1
-3
1
2009
1277
3354
10427520
-3
0
2
2009
1284
3332
10428545
7
17
6
2004
1259
3290
10429570
45
72
19
1942
1215
3157
10430595
161
94
46
1861
1138
3064
10431620
289
53
62
2040
1497
3378
10432645
125
-13
85
2093
1564
3615
10433670
-32
-101
87
2078
1203
3534
10434695
36
-135
63
2149
1286
3489
10435720
34
-139
67
2072
1355
3451
10436745
-13
-153
33
2041
1287
3407
10437770
17
-151
-11
2093
1191
3381
10438795
52
-102
-113
2220
987
3349
10439820
186
38
-172
2040
1019
3195
10440845
300
89
-234
2010
1471
3211
10441870
254
63
-279
2323
2410
2366
10434688
37
152
-430
1773
1475
1720
10435713
341
242
-82
728
949
5905
10436738
-1931
193
-32
2162
5478
5570
10437763
-2850
-1021
163
2239
-2049
2431
10438788
133
-596
356
2007
-1349
1630
10439813
1477
238
-55
1998
3182
2621
10440838
56
-131
157
2255
2032
2900
10441863
-289
-117
260
2317
1101
3196
10442888
-3
115
336
2206
1296
3880
10443913
-95
55
419
2107
672
3699
10444938
152
-48
333
2067
553
3660
10445963
288
-84
139
2265
1163
3473
10446988
-139
-47
98
2562
2108
2599
10448013
-545
2
11
2322
184
2559
10449038
372
193
-87
2049
621
2907
10450063
535
361
-67
1805
1730
3188
10442880
-154
239
-179
2012
843
3299
10443905
-42
213
-155
2037
868
3508
10444930
194
151
-87
1967
1290
3767
10445955
88
37
-60
2026
1405
3796
10446980
-55
-30
-25
2030
1335
3628
10448005
-142
-38
-29
2033
1236
3401
10449030
-147
-24
-48
2060
1173
3318
10450055
-63
-2
-61
2119
1215
3395
10451080
6
33
-54
2068
1279
3393
10452105
32
43
-47
2009
1264
3413
10453130
33
33
-60
2029
1221
3459
10454155
36
18
-62
2037
1223
3419
10455180
26
6
-45
1995
1225
3363
10456205
1
-15
-37
1972
1154
3336
10457230
11
-25
-32
1992
1158
3321
10458255
19
-24
-18
1982
1195
3324
10451072
-4
-29
-18
1987
1168
3347
10452097
-12
-27
-24
1996
1174
3352
10453122
-7
-21
-20
1983
1211
3338
10454147
-20
-19
-21
1986
1218
3325
10455172
-22
-13
-22
2022
1253
3331
10456197
-24
-9
-13
2030
1269
3350
10457222
-26
-10
-5
2049
1259
3361
10458247
-15
-7
8
2058
1236
3344
10459272
10
3
18
2024
1241
3338
10460297
18
2
17
2024
1258
3364
10461322
3
-6
16
2033
1249
3385
10462347
-13
-16
17
2035
1193
3382
10463372
-3
-18
17
2028
1181
3353
10464397
4
-18
15
2038
1176
3358
10465422
2
-14
9
2043
1181
3357
10466447
-5
-9
5
2035
1183
3370
10459264
-9
-6
-3
2044
1180
3378
10460289
-6
-1
-5
2034
1189
3352
10461314
0
-1
-8
2020
1215
3355
10462339
-3
-6
-11
2028
1226
3358
10463364
-7
-7
-6
2024
1233
3346
10464389
-15
-11
-1
2023
1226
3349
10465414
-9
-11
6
2023
1227
3354
10466439
0
-9
8
2023
1222
3351
10467464
1
-6
8
2027
1225
3364
10468489
-1
-2
6
2038
1228
3358
10469514
-3
0
5
2038
1216
3355
10470539
3
2
7
2018
1224
3360
10471564
5
2
10
2007
1223
3366
10472589
-5
-3
10
2020
1222
3373
10473614
-8
-7
12
2024
1203
3385
10474639
-2
-9
12
2021
1203
3380
10467457
-4
-11
9
2020
1213
3372
10468482
-14
-13
6
2030
1213
3360
10469507
-9
-12
5
2035
1209
3350
10470532
-1
-9
4
2038
1209
3353
10471557
4
-7
5
2042
1207
3350
10472582
2
-8
8
2043
1213
3353
10473607
-3
-12
12
2033
1203
3353
10474632
-3
-8
13
2026
1212
3338
10475657
-12
-3
7
2028
1192
3359
10476682
-9
0
2
2028
1191
3383
10477707
-6
1
5
2017
1183
3364
10478732
2
-1
15
2032
1193
3351
10479757
5
-3
17
2046
1202
3361
10480782
0
-2
13
2052
1200
3359
10481807
-5
-1
7
2052
1188
3341
10482832
1
0
3
2048
1187
3347
10475648
4
-1
-1
2061
1184
3356
10476673
9
0
2
2047
1212
3365
10477698
1
-1
1
2038
1207
3370
10478723
-7
-1
-1
2044
1202
3368
10479748
-4
11
7
2028
1175
3361
10480773
21
64
11
1966
1144
3273
10481798
81
82
35
1889
1077
3159
10482823
174
28
34
2067
1256
3362
10483848
103
-27
46
2111
1465
3697
10484873
-23
-71
84
1992
1280
3548
10485898
-15
-98
62
2018
1100
3340
10486923
72
-98
38
2085
1220
3391
10487948
79
-87
32
2068
1296
3440
10488973
60
-74
27
2021
1220
3362
10489998
79
-61
10
2042
1168
3230
10491023
116
-40
-2
2059
1244
3163
10483840
107
-17
17
1998
1235
3151
10484865
35
34
11
1950
1045
3031
10485890
124
68
-110
2281
482
3020
10486915
895
174
-202
2499
1224
3271
10487940
1085
282
-53
1787
2459
3416
10488965
-272
109
-174
1890
2056
3469
10489990
-616
-218
-234
2103
632
4481
10491015
-132
11
245
719
2850
6098
10492040
-2450
-521
16
2301
3012
3539
10493065
-1620
-1009
388
2554
-1659
1266
10494090
961
-146
149
1774
301
2028
10495115
885
89
-125
2264
2244
2395
10496140
129
-68
67
2341
1227
2821
10497165
57
-20
143
2181
1132
3245
10498190
77
104
245
2341
1149
3577
10499215
125
182
331
2219
967
3372
10492031
210
117
277
2080
1075
3193
10493056
182
50
179
2218
1192
3156
10494081
82
92
97
2207
1413
3182
10495106
-227
105
51
2259
1752
3235
10496131
-434
22
13
2219
554
3123
10497156
152
68
-141
2206
-232
3081
10498181
633
404
-129
1915
1563
3378
10499206
121
189
-174
1935
1161
3604
10500231
17
96
-216
2141
1060
3731
10501256
52
86
-164
2048
1495
3794
10502281
-168
-42
-138
2077
1433
3639
10503306
-283
-91
-124
2108
1237
3378
10504331
-209
-48
-113
2042
1170
3190
10505356
-90
5
-126
2029
1206
3209
10506381
-21
46
-122
2011
1272
3253
10507406
9
71
-88
1956
1288
3322
10500227
1
60
-64
1961
1286
3420
10501252
1
42
-30
1988
1301
3373
10502277
19
35
6
1944
1299
3360
10503302
-7
20
11
1969
1213
3365
10504327
7
23
25
1986
1221
3290
10505352
27
26
38
1938
1213
3347
10506377
-17
3
22
1986
1152
3439
10507402
-26
-13
18
2036
1140
3480
10508427
-12
-25
13
2025
1135
3455
10509452
-6
-35
-1
2022
1170
3411
10510477
-13
-42
-12
2040
1211
3380
10511502
-26
-42
-17
2047
1228
3359
10512527
-27
-39
-19
2048
1218
3327
10513552
-7
-28
-19
2034
1248
3301
10514577
-6
-16
-21
2033
1258
3303
10515602
-13
-4
-17
2025
1258
3311
10508417
-18
0
-11
2015
1243
3376
10509442
-21
-4
-8
2027
1217
3398
10510467
-8
-7
10
2013
1207
3368
10511492
3
-13
25
2006
1218
3339
10512517
4
-10
29
2022
1235
3314
10513542
-13
-3
27
2020
1207
3337
10514567
-52
0
23
2035
1148
3353
10515592
-28
-3
28
2076
1181
3350
10516617
30
4
41
2056
1268
3358
10517642
18
-2
38
2053
1259
3352
10518667
-9
1
28
2054
1208
3352
10519692
-22
5
18
2052
1175
3374
10520717
-17
7
11
2052
1159
3384
10521742
-1
7
4
2020
1160
3382
10522767
10
5
-5
2000
1191
3383
10523792
-8
-1
-10
2001
1199
3389
10516608
-31
-10
-9
2000
1171
3394
10517633
-20
-11
-5
2006
1165
3382
10518658
-2
-6
-7
2004
1201
3370
10519683
-4
-3
-6
2005
1217
3370
10520708
-12
-4
-4
2011
1220
3358
10521733
-16
-4
-3
2024
1196
3342
10522758
-10
2
-1
2030
1159
3338
10523783
19
9
1
2024
1197
3352
10524808
2
10
-1
2023
1196
3350
10525833
-11
4
3
2027
1188
3357
10526858
1
6
9
2035
1201
3368
10527883
6
10
12
2014
1191
3353
10528908
18
10
8
2011
1229
3359
10529933
5
4
5
2011
1242
3391
10530958
-25
-6
0
2027
1212
3406
10531983
-29
-11
1
2033
1188
3405
10524800
-12
-12
0
2049
1193
3379
10525825
1
-11
1
2045
1211
3370
10526850
-2
-10
0
2028
1212
3362
10527875
-6
-5
-3
2033
1214
3347
10528900
-11
2
-9
2026
1208
3363
10529925
-9
3
-9
2013
1204
3389
10530950
-5
0
0
2007
1185
3384
10531975
0
-4
9
2017
1175
3356
10533000
7
-4
11
2016
1197
3366
10534025
-8
-4
6
2016
1199
3372
10535050
-19
-6
-2
2025
1180
3366
10536075
-13
-7
-4
2027
1164
3352
10537100
3
-5
-4
2032
1177
3349
10538125
10
27
2
2013
1174
3277
10539150
7
123
34
1807
994
3042
10540175
120
153
57
1813
866
2916
10532992
331
86
37
2187
1344
3489
10534017
259
-13
88
2245
1542
3953
10535042
70
-115
99
2138
1308
3780
10536067
85
-187
72
2141
1162
3619
10537092
192
-151
40
2091
1384
3556
10538117
14
-149
-5
1993
1358
3458
10539142
-179
-145
-59
1985
1097
3287
10540167
-75
-126
-148
2197
768
3238
10541192
391
74
-268
2168
1011
3119
10542217
790
217
-315
2113
1881
2567
10543242
630
340
-401
2054
2177
1276
10544267
409
355
-496
1314
545
3895
10545292
-523
377
153
711
3744
8189
10546317
-3057
-475
-206
2403
2175
3415
10547342
-1213
-1210
431
2489
-3170
1428
10548367
1482
-8
53
1569
2073
2242
10541183
548
-77
-37
2133
3103
2916
10542208
-482
-339
215
2424
934
2836
10543233
-27
82
266
2155
989
3122
10544258
336
223
288
2081
1273
3456
10545283
391
151
280
2133
1048
3466
10546308
433
138
237
1976
964
3484
10547333
422
41
140
2097
1229
3585
10548358
-2
12
62
2187
1724
3608
10549383
-657
-27
56
2281
1376
3079
10550408
-343
-115
-43
2248
-209
2854
10551433
713
204
-74
1941
1365
3129
10552458
287
202
-109
1712
1475
3423
10553483
-193
51
-197
2054
964
3501
10554508
-45
64
-116
2003
1317
3642
10555533
-93
-9
-77
1969
1500
3643
10556558
-237
-87
-75
2073
1353
3419
10549376
-224
-61
-56
2055
1251
3219
10550401
-174
-15
-66
2058
1256
3191
10551426
-124
24
-74
2074
1275
3205
10552451
-44
55
-63
2050
1286
3308
10553476
-3
66
-47
2015
1285
3373
10554501
12
65
-26
1994
1284
3379
10555526
18
41
-7
1988
1261
3443
10556551
13
11
-3
1994
1257
3463
10557576
4
-9
9
1965
1249
3418
10558601
-19
-23
11
1950
1202
3412
10559626
-26
-32
7
1969
1164
3382
10560651
-1
-19
6
1958
1203
3336
10561676
2
-8
0
1951
1230
3355
10562701
-26
-6
-11
1981
1219
3381
10563726
-42
-7
-7
2022
1243
3391
10564751
-57
-16
0
2038
1237
3380
10557568
-61
-22
1
2051
1218
3359
10558593
-44
-24
6
2044
1218
3339
10559618
-29
-23
7
2035
1223
3344
10560643
-18
-18
7
2020
1225
3343
10561668
-12
-11
5
2016
1218
3362
10562693
-14
-9
1
2024
1208
3377
10563718
-9
-5
4
2006
1216
3357
10564743
-14
-5
5
1991
1213
3356
10565768
-19
-5
5
2003
1207
3368
10566793
-18
-5
10
2016
1212
3382
10567818
-24
-7
12
2012
1207
3369
10568843
-24
-3
12
2008
1221
3354
10569868
-27
2
6
2023
1203
3381
10570893
-14
7
2
2025
1201
3379
10571918
-12
9
4
2007
1204
3369
10572943
-19
1
7
2016
1198
3378
10565760
-13
-4
11
2020
1183
3389
10566785
-1
-7
8
2019
1196
3400
10567810
-5
-12
7
2007
1211
3385
10568835
-19
-17
5
2019
1198
3362
10569860
-26
-14
3
2025
1178
3360
10570885
-16
-6
2
2019
1189
3363
10571910
-9
1
3
2006
1190
3361
10572935
-12
3
3
2011
1192
3372
10573960
-17
4
6
2009
1192
3378
10574985
-15
4
8
1992
1196
3378
10576010
-13
2
6
1993
1214
3388
10577035
-20
-1
8
2007
1202
3384
10578060
-18
0
14
2007
1200
3368
10579085
-11
4
16
2015
1195
3374
10580110
1
10
18
2018
1200
3389
10581135
4
10
17
2019
1188
3402
10573952
9
8
15
2019
1188
3402
10574977
10
2
12
2020
1192
3396
10576002
2
-4
8
2019
1188
3398
10577027
0
-15
1
2035
1157
3400
10578052
2
-19
13
2011
1153
3377
10579077
-1
-16
8
2011
1180
3376
10580102
-9
-13
1
2011
1163
3372
10581127
-7
-8
-6
2017
1164
3372
10582152
0
-5
-5
2024
1178
3383
10583177
2
-6
-2
2019
1198
3382
10584202
-3
-6
-2
2013
1199
3384
10585227
-4
-8
-3
2009
1187
3386
10586252
0
-8
0
2014
1195
3370
10587277
4
-7
5
2018
1201
3380
10588302
-2
-7
9
2008
1195
3372
10589327
-7
-2
4
2014
1197
3374
10582144
-12
4
-4
2014
1176
3391
10583169
3
8
-5
2013
1185
3387
10584194
9
12
4
2005
1185
3362
10585219
11
51
20
1952
1144
3267
10586244
48
102
46
1841
1039
3192
10587269
132
74
59
1969
1228
3286
10588294
88
28
80
2041
1340
3446
10589319
47
-40
123
2057
1221
3527
10590344
89
-91
108
2149
1213
3538
10591369
97
-119
93
2147
1276
3560
10592394
90
-117
88
2061
1223
3513
10593419
131
-99
40
2093
1152
3380
10594444
129
-62
-11
2033
1125
3421
10595469
-69
-40
-111
2076
876
3459
10596494
5
61
-199
2202
1028
3309
10597519
455
79
-148
2027
1172
2830
10590335
890
66
-198
1960
1653
2783
10591360
519
239
-308
1997
2151
2243
10592385
39
230
-260
1770
1804
4074
10593410
-628
121
93
1054
2940
6570
10594435
-2664
-509
37
2182
2221
4425
10595460
-1989
-1099
221
2227
-3172
1272
10596485
1092
-184
89
2028
310
2054
10597510
1279
202
-115
2007
3193
2836
10598535
-195
-128
85
2285
1558
2968
10599560
-286
71
166
2235
1059
3113
10600585
75
191
274
2076
1064
3527
10601610
348
82
300
2187
924
3664
10602635
496
23
245
2127
910
3601
10603660
491
-52
161
2106
1053
3580
10604685
191
-65
106
2171
1434
3411
10605710
-323
-27
53
2162
1296
3022
10598529
-460
46
-74
2151
697
2918
10599554
45
159
-166
2065
699
3155
10600579
411
207
-176
1918
1197
3422
10601604
261
161
-181
1959
1368
3474
10602629
27
106
-150
1992
1366
3469
10603654
-111
59
-104
1997
1364
3445
10604679
-186
21
-67
2018
1293
3345
10605704
-151
5
-28
2036
1243
3328
10606729
-45
13
-9
2066
1287
3372
10607754
15
20
-4
2079
1359
3429
10608779
21
13
-2
2056
1365
3470
10609804
-11
9
-7
2026
1300
3467
10610829
-37
-1
-2
1993
1230
3417
10611854
-28
-5
7
1987
1157
3390
10612879
-5
-6
0
1993
1118
3379
10613904
25
2
1
1983
1163
3375
10606761
23
1
1
1976
1176
3358
10607786
7
-7
-2
1967
1183
3363
10608811
-8
-15
-2
1956
1183
3380
10609836
-12
-32
5
1979
1195
3379
10610861
-12
-42
15
2008
1230
3376
10611886
-22
-47
22
2021
1248
3369
10612911
-30
-44
16
2034
1214
3347
10613936
-16
-27
8
2050
1210
3331
10614961
-17
-10
12
2035
1245
3343
10615986
-12
-12
16
2070
1247
3368
10617011
15
-13
29
2066
1280
3408
10618036
11
-35
32
2061
1273
3463
10619061
-25
-61
21
2078
1260
3458
10620086
-97
-51
23
1973
1225
3183
10621111
-54
-54
-6
2102
834
3183
10622136
198
45
-10
2135
1419
3371
10614913
-6
54
75
1875
1510
3354
10615938
-217
-26
14
2056
946
3303
10616963
-37
24
20
2068
1064
3332
10617988
35
33
34
2005
1222
3379
10619013
-16
9
23
2041
1155
3405
10620038
-18
6
17
2045
1126
3374
10621063
-7
11
9
2051
1193
3373
10622088
-33
10
2
2031
1167
3402
10623113
-21
9
-8
2028
1139
3422
10624138
-1
6
-5
2020
1168
3406
10625163
1
-3
1
2028
1188
3402
10626188
2
-13
0
2048
1182
3389
10627213
1
-12
-5
2035
1189
3385
10628238
-16
-16
-7
2019
1176
3367
10629263
-17
-17
-7
2028
1153
3341
10630288
2
-8
-5
2033
1165
3326
10623104
13
-1
3
2026
1202
3348
10624129
-5
0
2
2027
1194
3361
10625154
-16
3
2
2033
1185
3367
10626179
-17
5
0
2043
1181
3375
10627204
-9
3
-1
2033
1185
3382
10628229
-1
3
0
2032
1206
3374
10629254
-11
-2
0
2040
1202
3369
10630279
-19
-4
3
2044
1164
3366
10631304
-1
1
5
2039
1162
3369
10632329
11
9
4
2009
1193
3376
10633354
-2
6
2
2017
1187
3380
10634379
-11
3
2
2038
1178
3372
10635404
-5
2
2
2049
1165
3368
10636429
7
4
4
2035
1181
3376
10637454
-1
1
3
2036
1183
3378
10638479
-12
-2
2
2048
1163
3381
10631297
-5
-3
4
2036
1144
3379
10632322
5
0
1
2022
1156
3387
10633347
0
-4
-4
2033
1162
3393
10634372
-3
-6
-7
2036
1149
3393
10635397
-3
-4
-13
2048
1155
3364
10636422
-10
20
-13
2050
1129
3273
10637447
-40
120
-10
1890
1036
3062
10638472
-11
132
32
1808
976
3092
10639497
209
46
56
2105
1359
3520
10640522
151
-28
97
2094
1451
3758
10641547
16
-109
116
2052
1260
3600
10642572
-43
-164
50
2163
1093
3443
10643597
20
-160
39
2101
1100
3406
10644622
172
-143
49
2044
1176
3557
10645647
222
-111
31
2035
1315
3575
10646672
53
-94
-4
1976
1104
3372
10639488
33
-101
-80
2126
646
3344
10640513
451
53
-218
2412
998
3013
10641538
830
265
-203
1962
1748
2459
10642563
712
217
-232
1893
1977
2860
10643588
-35
221
-338
2213
1869
2405
10644613
55
121
-150
1188
800
5831
10645638
-1212
178
180
886
3138
6354
10646663
-2215
-898
-188
2929
656
2800
10647688
-113
-931
301
2104
-1987
1376
10648713
1301
-76
-164
1664
2246
2427
10649738
360
-275
-198
2627
2611
2808
10650763
-300
-105
137
2355
1223
3077
10651788
-123
82
187
2126
1320
3208
10652813
179
-12
260
2176
1366
3583
10653838
223
-31
206
2225
1401
3294
10654863
53
-8
162
2258
1335
2882
10647680
-141
81
133
2247
1605
2774
10648705
-429
191
89
2160
1439
2984
10649730
-424
213
62
2059
512
3041
10650755
289
144
-109
2178
-304
3284
10651780
946
399
-75
1966
1572
3378
10652805
328
284
-41
1757
1548
3566
10653830
-123
112
-103
1984
1107
3663
10654855
-87
79
-72
2039
1356
3730
10655880
-168
4
-39
2033
1408
3632
10656905
-234
-68
-25
2081
1214
3481
10657930
-139
-62
-27
2109
1235
3337
10658955
-49
-28
-30
2093
1327
3259
10659980
-29
-1
-47
2084
1327
3315
10661005
-37
23
-60
2064
1280
3352
10662030
-13
38
-62
2034
1268
3372
10663055
10
32
-55
2007
1254
3394
10655872
24
23
-45
2018
1247
3348
10656897
45
24
-22
1960
1255
3294
10657922
30
18
-10
1925
1257
3269
10658947
5
12
-7
1942
1240
3306
10659972
-15
4
-1
1952
1221
3378
10660997
-28
-12
3
1993
1214
3384
10662022
-24
-17
11
1994
1232
3356
10663047
-23
-18
12
2012
1245
3337
10664072
-24
-13
8
2043
1264
3348
10665097
-31
-8
6
2045
1260
3359
10666122
-29
-2
5
2049
1272
3349
10667147
-23
1
0
2047
1280
3344
10668172
-10
1
-2
2047
1282
3363
10669197
-4
0
4
2035
1283
3349
10670222
-5
-4
7
2030
1252
3349
10671247
4
-4
8
2024
1245
3364
10664064
8
-2
7
2004
1242
3377
10665089
5
-3
3
1997
1231
3350
10666114
0
0
4
1983
1230
3332
10667139
-11
-2
1
2011
1219
3351
10668164
-9
-3
1
2027
1225
3360
10669189
-4
-2
5
2024
1241
3355
10670214
-9
-6
8
2027
1247
3343
10671239
-13
-6
13
2028
1239
3327
10672264
-7
-6
11
2029
1237
3338
10673289
2
-4
9
2027
1241
3357
10674314
4
-6
7
2022
1236
3355
10675339
3
-8
6
2026
1228
3339
10676364
3
-6
6
2021
1230
3343
10677389
2
-2
1
2008
1242
3356
10678414
-7
-5
1
2003
1239
3375
10679439
-14
-8
3
2005
1242
3358
10672256
-15
-8
-1
2011
1225
3362
10673281
-3
-3
-5
2008
1230
3380
10674306
3
0
-5
1997
1255
3380
10675331
-5
-4
4
1998
1255
3352
10676356
-3
-8
12
2000
1262
3349
10677381
-1
-9
15
2018
1259
3357
10678406
0
-8
15
2016
1259
3354
10679431
2
-8
16
2027
1253
3339
10680456
8
-9
18
2034
1237
3325
10681481
7
-7
21
2035
1231
3324
10682506
0
-4
20
2034
1224
3337
10683531
-11
3
16
2043
1212
3343
10684556
-7
8
12
2042
1227
3355
10685581
-8
5
7
2034
1236
3369
10686606
-12
2
2
2021
1238
3364
10687631
-8
1
0
2022
1245
3352
10680449
-14
0
0
2024
1254
3348
10681474
-21
1
1
2018
1228
3358
10682499
-11
2
1
2013
1218
3374
10683524
-1
3
3
2009
1233
3382
10684549
-10
-6
2
1987
1232
3392
10685574
-23
0
-4
1991
1225
3370
10686599
-31
55
15
1914
1094
3160
10687624
63
103
51
1926
1046
3021
10688649
175
79
42
2068
1288
3291
10689674
131
44
58
2074
1402
3592
10690699
25
-9
79
2045
1340
3595
10691724
-101
-56
89
2062
1331
3556
10692749
-296
-89
100
2014
1188
3550
10693774
-382
-92
98
2004
1177
3517
10694799
-360
-107
53
2076
874
3437
10695824
11
-34
-29
2225
881
3254
10688641
467
134
-1
1927
1326
2910
10689666
780
203
-54
1902
1869
2865
10690691
471
300
-130
2123
2440
2850
10691716
-136
18
-35
1127
573
5580
10692741
-1217
-110
222
1423
2386
5886
10693766
-1878
-703
-51
2971
928
3248
10694791
-506
-826
283
1998
-1834
1601
10695816
1010
-144
-57
1818
1162
2194
10696841
527
-107
-189
2506
2102
2593
10697866
24
-115
16
2396
1213
2863
10698891
178
117
44
2169
1372
3158
10699916
208
141
80
2204
1384
3395
10700941
210
43
150
2144
1076
3445
10701966
193
-47
106
2156
1070
3506
10702991
87
-66
28
2203
1069
3474
10704016
-94
-39
14
2158
1194
3342
10696833
-247
-11
-3
2142
1268
3251
10697858
-258
39
-46
2176
836
2954
10698883
196
57
-116
2112
-48
2994
10699908
820
345
-97
1910
1743
3218
10700933
293
248
-92
1830
1676
3526
10701958
-59
98
-111
2061
1184
3627
10702983
10
82
-28
2030
1500
3661
10704008
-122
-13
19
2045
1453
3570
10705033
-183
-74
30
2130
1204
3422
10706058
-71
-49
30
2135
1173
3383
10707083
-23
-16
-4
2128
1204
3354
10708108
-29
9
-37
2114
1168
3312
10709133
-6
34
-58
2076
1147
3322
10710158
4
51
-73
2030
1169
3253
10711183
10
60
-79
1996
1168
3230
10712208
13
62
-85
1988
1180
3277
10705025
-11
50
-74
1986
1204
3327
10706050
-32
28
-49
1999
1240
3379
10707075
-47
-2
-28
2007
1211
3399
10708100
-35
-20
-8
2011
1227
3402
10709125
-23
-31
4
2011
1257
3416
10710150
-35
-33
8
2017
1257
3401
10711175
-32
-25
8
2015
1246
3364
10712200
-11
-14
7
2023
1257
3380
10713225
1
-7
8
2050
1266
3394
10714250
-1
-5
20
2055
1249
3358
10715275
-3
-5
24
2051
1212
3322
10716300
13
-2
22
2060
1193
3319
10717325
32
5
16
2049
1211
3316
10718350
24
1
13
2043
1206
3326
10719375
5
-5
11
2057
1191
3314
10720400
-13
-5
12
2057
1174
3318
10713216
-22
-4
7
2061
1175
3331
10714241
-15
2
3
2063
1193
3343
10715266
-10
7
-2
2073
1226
3347
10716291
-6
13
1
2046
1239
3364
10717316
-12
12
-3
2030
1244
3384
10718341
-21
9
-9
2027
1230
3354
10719366
-15
10
-5
2026
1231
3348
10720391
-8
8
-1
2028
1204
3376
10721416
6
9
4
2020
1201
3382
10722441
13
7
4
2001
1199
3385
10723466
6
0
4
1998
1196
3375
10724491
-2
-3
2
2001
1201
3366
10725516
-9
-6
1
2007
1196
3362
10726541
-4
-5
4
2011
1200
3356
10727566
-5
-2
4
2025
1217
3355
10728591
-11
-2
6
2026
1217
3367
10721407
-9
-2
8
2014
1206
3364
10722432
-3
-3
7
2015
1210
3369
10723457
3
-3
9
2020
1213
3369
10724482
0
-4
8
2032
1216
3359
10725507
-5
-3
10
2036
1218
3342
10726532
-13
-3
9
2040
1203
3350
10727557
-9
-3
10
2040
1206
3363
10728582
-5
-1
13
2025
1201
3347
10729607
-7
6
9
2037
1221
3324
10730632
-20
15
2
2033
1200
3353
10731657
-17
20
-3
2035
1194
3377
10732682
-8
22
1
2029
1204
3378
10733707
-5
17
11
2029
1211
3368
10734732
-8
11
16
2030
1216
3377
10735757
-14
9
10
2034
1198
3381
10736782
-9
9
4
2036
1190
3376
10729600
3
10
3
2034
1193
3360
10730625
8
13
4
2031
1203
3345
10731650
4
16
7
2030
1199
3357
10732675
-2
18
4
2032
1195
3380
10733700
-1
21
2
2030
1187
3397
10734725
-2
22
-1
2012
1193
3394
10735750
-6
17
-5
2002
1180
3390
10736775
-2
12
-10
2000
1204
3404
10737800
-9
4
-13
1989
1195
3407
10738825
-12
-1
-15
1983
1190
3411
10739850
-5
2
-13
1974
1196
3388
10740875
5
56
0
1914
1148
3225
10741900
113
143
42
1814
1105
3004
10742925
253
141
86
1866
1205
3045
10743950
258
62
85
2090
1365
3502
10744975
188
-8
114
2110
1374
3884
10737793
22
-106
93
2133
1269
3673
10738818
-61
-185
80
2163
1166
3426
10739843
30
-185
74
2079
1231
3461
10740868
86
-163
31
2027
1322
3552
10741893
24
-144
-26
2037
1244
3422
10742918
-44
-107
-65
2054
1062
3235
10743943
61
-40
-135
2129
946
3131
10744968
437
79
-138
1965
1354
3120
10745993
337
84
-145
1892
1464
3260
10747018
-11
27
-192
2090
1393
3462
10748043
-221
54
-192
2093
1548
3428
10749068
-254
71
-231
2100
1305
2348
10750093
387
126
-385
2119
558
1633
10751118
1357
353
-264
1285
1550
5628
10752143
-588
374
6
1385
5420
5906
10753168
-2985
-775
8
2279
-157
2197
10745984
-997
-683
469
2079
-2042
1908
10747009
1126
191
-24
1924
2509
3181
10748034
371
-16
104
2294
2111
3115
10749059
-13
144
290
2063
985
3034
10750084
273
109
433
1887
1197
3655
10751109
174
-113
397
2071
1350
4220
10752134
-171
-160
239
2224
915
3545
10753159
-134
-126
180
2325
1113
2779
10754184
-88
16
82
2022
1225
2799
10755209
-194
90
-86
2000
875
3283
10756234
-75
93
-121
2220
1163
3296
10757259
-98
75
-135
1941
387
3322
10758284
220
111
-199
2097
810
3151
10759309
250
256
-77
1792
1713
3204
10760334
-115
120
-92
1866
1174
3471
10761359
2
82
-86
2022
1251
3684
10754177
86
49
-16
1989
1475
3703
10755202
-6
-32
22
2024
1386
3596
10756227
-46
-59
43
2010
1266
3488
10757252
-20
-49
34
2022
1226
3463
10758277
5
-29
11
2046
1206
3499
10759302
26
-14
-8
2048
1181
3493
10760327
55
-6
-20
2014
1185
3451
10761352
53
-11
-29
1995
1185
3394
10762377
39
-14
-33
1992
1191
3309
10763402
24
-14
-32
1964
1198
3284
10764427
-9
-18
-29
1972
1194
3263
10765452
-15
-14
-21
1965
1187
3261
10766477
-18
-13
-20
1973
1180
3325
10767502
-25
-17
-11
1991
1197
3360
10768527
-34
-20
0
1974
1220
3358
10769552
-43
-17
-2
1988
1236
3362
10762369
-38
-5
-6
2005
1245
3398
10763394
-29
0
-6
2014
1235
3415
10764419
-11
2
6
2008
1242
3376
10765444
8
5
17
2004
1262
3377
10766469
1
0
20
2031
1248
3405
10767494
-2
-3
21
2031
1233
3428
10768519
0
-12
18
2025
1195
3418
10769544
12
-15
16
2017
1181
3383
10770569
21
-12
16
2010
1194
3358
10771594
7
-8
10
2004
1191
3373
10772619
-8
-5
6
2022
1171
3385
10773644
-7
1
3
2014
1177
3376
10774669
-11
7
-1
2006
1187
3358
10775694
-9
10
-2
1991
1200
3349
10776719
-5
15
-4
1996
1245
3318
10777744
-8
23
1
1991
1250
3313
10770561
-17
26
2
1982
1213
3338
10771586
-11
29
7
1993
1210
3395
10772611
-6
19
10
2008
1200
3443
10773636
-3
7
12
2008
1189
3456
10774661
1
-4
9
2001
1189
3455
10775686
-1
-11
2
2004
1212
3439
10776711
-5
-14
-2
1993
1212
3412
10777736
-6
-15
-6
1991
1213
3397
10778761
-4
-15
-7
1997
1211
3387
10779786
4
-13
-3
1988
1208
3374
10780811
10
-10
1
1976
1216
3363
10781836
5
-8
2
1980
1208
3356
10782861
-1
-5
3
1990
1201
3364
10783886
-1
-1
4
1985
1201
3368
10784911
-3
0
5
1994
1206
3369
10785936
-5
2
8
1998
1198
3354
10778752
-6
3
8
2001
1192
3383
10779777
-4
1
7
2018
1208
3400
10780802
-4
-1
10
1999
1221
3400
10781827
-12
-1
7
2009
1219
3389
10782852
-11
1
1
2007
1187
3410
10783877
8
3
-6
2005
1202
3429
10784902
11
-1
-2
1991
1207
3409
10785927
4
-6
6
1992
1195
3378
10786952
2
-10
5
1986
1199
3383
10787977
-3
-10
1
1987
1201
3394
10789002
-9
-12
-2
1993
1204
3367
10790027
-3
1
-1
1987
1180
3318
10791052
38
88
9
1907
1144
3200
10792077
106
116
45
1819
1116
3152
10793102
153
25
79
2010
1265
3355
10794127
69
-24
110
2088
1332
3591
10786944
-17
-66
118
2061
1251
3549
10787969
21
-103
112
2066
1214
3489
10788994
80
-97
92
2040
1238
3505
10790019
-17
-84
54
2003
1249
3536
10791044
-183
-72
38
1968
1171
3567
10792069
-251
-70
26
2010
1097
3568
10793094
-261
-46
-74
2161
821
3201
10794119
67
158
-98
1931
1071
2854
10795144
216
247
-125
1810
1681
2983
10796169
82
181
-285
2264
1724
2602
10797194
277
187
-464
2166
824
3658
10798219
330
32
-65
762
2046
6790
10799244
-1570
-364
165
2346
3691
4648
10800269
-1934
-1021
-20
2359
-2910
1184
10801294
743
-190
166
1901
381
2324
10802319
907
124
-6
2040
3066
2884
10795136
-345
-104
80
2301
1301
2945
10796161
-252
162
233
2187
1296
3068
10797186
-121
307
307
1910
1053
3150
10798211
137
158
323
2082
890
3482
10799236
384
52
341
2104
1028
3784
10800261
263
-23
260
2153
925
3616
10801286
7
24
150
2127
851
3102
10802311
-71
182
47
1957
687
2924
10803336
66
228
-28
1956
683
3238
10804361
207
202
-98
2016
821
3781
10805386
306
134
-86
2061
1464
3825
10806411
87
74
-70
1909
986
3663
10807436
33
15
-130
2111
1130
3501
10808461
-22
44
-31
1901
1514
3507
10809486
-209
-28
-92
1983
1110
3518
10810511
-131
-21
-84
2020
1093
3502
10803328
-40
-22
-71
2005
1140
3503
10804353
18
-27
-63
2016
1169
3506
10805378
49
-19
-56
1986
1173
3477
10806403
40
-10
-64
1977
1154
3445
10807428
24
4
-67
1963
1146
3433
10808453
10
12
-60
1942
1142
3362
10809478
3
21
-48
1900
1132
3317
10810503
-11
22
-41
1883
1097
3347
10811528
-22
20
-34
1908
1103
3369
10812553
-19
18
-20
1915
1125
3411
10813578
2
13
-7
1934
1164
3462
10814603
5
0
5
1951
1187
3469
10815628
-8
-9
10
1957
1177
3481
10816653
-14
-16
13
1961
1162
3479
10817678
-4
-19
14
1982
1166
3447
10818703
4
-11
13
1975
1159
3433
10811519
10
-10
11
1987
1151
3451
10812544
16
-11
13
1993
1170
3464
10813569
5
-14
10
1985
1153
3450
10814594
1
-18
8
1980
1109
3428
10815619
14
-18
10
1975
1130
3406
10816644
6
-17
10
1961
1136
3405
10817669
-3
-15
8
1970
1127
3409
10818694
-4
-10
6
1974
1124
3394
10819719
-6
-2
5
1973
1140
3378
10820744
-14
8
4
1976
1138
3386
10821769
-20
11
3
1980
1123
3416
10822794
-18
8
10
1979
1142
3442
10823819
-21
2
14
1978
1142
3443
10824844
-17
0
17
1981
1148
3421
10825869
-18
5
14
1970
1138
3417
10826894
-19
8
5
1978
1122
3465
10819964
-9
6
8
1967
1113
3472
10820989
1
2
12
1949
1114
3459
10822014
3
-4
8
1963
1114
3455
10823039
4
-10
3
1965
1136
3463
10824064
-7
-15
-1
1957
1131
3453
10825089
-13
-21
-4
1960
1126
3425
10826114
-11
-22
-2
1966
1122
3414
10827139
-8
-20
2
1964
1132
3407
10828164
-11
-15
3
1976
1120
3392
10829189
-9
-9
7
1962
1122
3426
10830214
-12
-3
2
1980
1157
3438
10831239
-31
-2
0
1966
1122
3419
10832264
-22
1
-2
1963
1123
3437
10833289
-14
0
-6
1977
1146
3460
10834314
-11
-1
-1
1971
1147
3454
10835339
-18
-4
7
1977
1117
3441
10827904
-5
-4
14
1979
1121
3451
10828929
5
-1
13
1971
1141
3456
10829954
-6
-5
10
1982
1134
3450
10830979
-8
-6
9
1983
1108
3445
10832004
1
-6
5
1983
1097
3444
10833029
8
-5
2
1980
1104
3436
10834054
4
-5
0
1970
1115
3430
10835079
-10
-8
-5
1972
1103
3434
10836104
-10
-9
-5
1969
1097
3442
10837129
-7
-12
-5
1968
1098
3435
10838154
-2
-11
-3
1956
1115
3426
10839179
-10
-14
-5
1957
1127
3442
10840204
-22
-13
-10
1982
1122
3439
10841229
-20
-12
-12
1988
1097
3447
10842254
0
-10
-13
1985
1106
3440
10843279
12
-9
-11
1965
1145
3428
10836096
-4
-12
-9
1967
1145
3427
10837121
-14
-13
-5
1974
1134
3435
10838146
-12
-12
-1
1966
1122
3411
10839171
-5
-6
-3
1961
1148
3419
10840196
-13
-2
-12
1968
1136
3420
10841221
6
17
-15
1960
1144
3379
10842246
19
26
-6
1926
1172
3415
10843271
-11
10
14
1939
1159
3463
10844296
-66
14
27
1956
1055
3418
10845321
-46
73
55
1863
893
3209
10846346
174
71
107
1931
1078
3240
10847371
287
28
106
2092
1465
3647
10848396
58
-62
43
2065
1144
3758
10849421
-49
-88
-6
2154
941
3586
10850446
51
-63
15
2059
999
3522
10851471
106
-57
-116
2199
656
3442
10844288
325
126
-332
2131
652
3024
10845313
897
200
-278
1741
1479
2685
10846338
812
118
-420
1978
2251
2364
10847363
175
68
-614
1122
932
5543
10848388
-1318
-128
46
1605
4511
6366
10849413
-2913
-912
-156
2079
-488
2942
10850438
-799
-935
109
2242
-2507
2142
10851463
1649
59
-166
1888
2724
2479
10852488
625
-59
-19
1913
2462
2556
10853513
-155
-153
99
2210
1596
2664
10854538
-26
119
249
2094
1394
3088
10855563
168
219
362
2056
1297
3741
10856588
203
69
394
2023
879
3737
10857613
334
-5
327
2051
846
3534
10858638
335
-1
199
2135
1024
3434
10859663
41
27
161
2125
1248
3086
10852481
-235
78
56
2090
1045
2905
10853506
-144
156
-43
2016
862
3182
10854531
224
203
-75
2015
1358
3140
10855556
243
118
-187
1892
128
3594
10856581
421
188
-230
2122
1326
3640
10857606
58
180
-87
1779
1873
3697
10858631
-376
-54
-117
1984
1138
3656
10859656
-227
-46
-83
2053
1218
3555
10860681
-102
-34
-17
2017
1341
3417
10861706
-22
-26
4
1991
1286
3357
10862731
63
11
-4
1977
1305
3459
10863756
68
26
-8
1994
1320
3527
10864781
46
27
7
1989
1264
3479
10865806
40
26
20
1941
1188
3432
10866831
49
21
17
1945
1159
3333
10867856
76
35
13
1920
1190
3261
10860673
51
42
-2
1895
1177
3296
10861698
11
36
-12
1927
1173
3334
10862723
-2
29
-2
1931
1173
3365
10863748
-15
15
7
1938
1182
3366
10864773
-23
11
11
1944
1222
3375
10865798
-45
11
8
1951
1233
3377
10866823
-51
19
6
1950
1250
3361
10867848
-46
22
-3
1957
1231
3429
10868873
-35
20
-10
1981
1260
3474
10869898
-28
9
-8
1971
1271
3501
10870923
-30
-4
-7
1988
1264
3499
10871948
-8
-10
-1
1974
1252
3492
10872973
15
-12
1
1950
1258
3460
10873998
26
-13
5
1927
1261
3423
10875023
20
-13
6
1926
1232
3408
10876048
6
-11
6
1943
1212
3396
10868865
4
-5
9
1932
1183
3374
10869890
7
3
10
1924
1180
3358
10870915
3
11
10
1931
1182
3349
10871940
-1
20
12
1934
1194
3351
10872965
-10
20
9
1934
1189
3383
10873990
-13
20
12
1949
1203
3391
10875015
-19
18
15
1950
1208
3395
10876040
-21
16
12
1962
1214
3414
10877065
-16
16
11
1951
1219
3424
10878090
-18
14
5
1952
1212
3450
10879115
-13
9
2
1959
1201
3460
10880140
-3
7
2
1951
1190
3431
10881165
6
3
0
1921
1200
3453
10882190
-11
-4
-9
1928
1210
3459
10883215
-30
-10
-17
1938
1189
3454
10884240
-18
-10
-23
1924
1200
3460
10877056
-6
-10
-25
1921
1217
3444
10878081
1
-12
-14
1894
1233
3425
10879106
2
-14
-2
1901
1246
3417
10880131
-5
-18
2
1919
1238
3430
10881156
-8
-16
5
1918
1229
3420
10882181
-7
-12
7
1925
1230
3391
10883206
-9
-12
10
1939
1224
3380
10884231
-3
-6
15
1939
1204
3386
10885256
2
1
16
1952
1207
3402
10886281
-2
6
20
1949
1206
3412
10887306
-4
8
20
1935
1199
3425
10888331
-12
8
17
1954
1193
3434
10889356
-14
5
15
1944
1175
3433
10890381
-2
2
9
1932
1197
3451
10891406
-13
-6
6
1926
1203
3454
10892431
-21
-11
5
1933
1170
3428
10885248
-8
-6
3
1941
1175
3426
10886273
1
2
-1
1932
1194
3416
10887298
-4
4
-3
1930
1203
3421
10888323
-11
5
-4
1934
1207
3404
10889348
-15
4
-4
1941
1201
3406
10890373
-9
7
-4
1947
1210
3431
10891398
-8
7
-2
1935
1210
3441
10892423
-4
5
2
1921
1218
3436
10893448
-6
0
5
1913
1218
3445
10894473
-9
-4
8
1922
1200
3455
10895498
-3
-5
10
1922
1205
3466
10896523
-6
-8
10
1926
1205
3458
10897548
-6
-11
9
1925
1200
3446
10898573
-2
-13
10
1937
1204
3426
10899598
-3
-11
12
1941
1196
3429
10900623
-1
-7
10
1938
1189
3422
10893440
4
-2
7
1936
1197
3419
10894465
6
-1
6
1937
1208
3423
10895490
-1
-1
8
1939
1213
3410
10896515
-12
-4
7
1944
1188
3433
10897540
-11
-4
4
1936
1164
3450
10898565
5
-1
2
1941
1172
3424
10899590
7
32
13
1917
1151
3317
10900615
41
114
42
1761
1013
3132
10901640
248
77
87
1832
1151
3275
10902665
293
4
118
2063
1566
3788
10903690
7
-71
117
1991
1302
3806
10904715
-65
-150
89
2038
1073
3508
10905740
62
-175
86
2087
1218
3504
10906765
119
-150
50
1959
1269
3491
10907790
62
-140
-35
2073
1153
3496
10908815
44
-111
-163
2221
872
3432
10901632
386
11
-165
1909
1333
3348
10902657
404
13
-249
2055
1812
2763
10903682
60
89
-500
2076
1686
1560
10904707
-78
207
-516
1179
141
3845
10905732
-229
287
-11
1478
4499
6963
10906757
-2587
-505
8
1627
926
3876
10907782
-1379
-1186
320
2500
-3274
2297
10908807
1673
45
-167
2012
2372
2371
10909832
601
-77
49
1787
2668
2800
10910857
-554
-264
158
2337
1570
3058
10911882
-560
103
320
2126
1164
3228
10912907
-199
111
432
2049
821
3332
10913932
254
74
432
2095
877
3329
10914957
413
109
363
2031
1057
3301
10915982
405
100
222
2178
1242
3141
10917007
128
185
138
2119
1428
2859
10909824
-16
150
-15
2179
48
3264
10910849
534
253
-101
2101
872
3495
10911874
340
289
-46
1684
1453
3505
10912899
-198
111
-144
1927
839
3543
10913924
-120
97
-137
1958
993
3669
10914949
-59
67
-99
1890
1339
3772
10915974
-160
-27
-82
1968
1294
3727
10916999
-145
-55
-54
2001
1263
3586
10918024
-83
-49
-37
2017
1285
3471
10919049
-30
-28
-26
2003
1308
3397
10920074
-4
5
-26
1981
1284
3431
10921099
14
28
-24
1970
1196
3423
10922124
83
51
-7
1945
1179
3421
10923149
111
56
-3
1910
1177
3418
10924174
96
47
1
1910
1195
3370
10925199
62
35
11
1885
1175
3348
10918016
11
15
11
1890
1122
3399
10919041
-8
1
16
1917
1105
3414
10920066
-6
-7
19
1916
1116
3437
10921091
-17
-15
13
1940
1123
3444
10922116
-21
-13
8
1958
1166
3454
10923141
-33
-13
-4
1955
1171
3450
10924166
-27
-7
-14
1960
1193
3456
10925191
-22
-6
-18
1963
1220
3450
10926216
-24
-9
-15
1982
1225
3431
10927241
-12
-4
-9
1976
1217
3425
10928266
3
0
-5
1947
1226
3422
10929291
8
2
-1
1931
1215
3435
10930316
3
-1
5
1933
1190
3434
10931341
-2
-2
7
1944
1165
3424
10932366
2
0
5
1939
1145
3415
10933391
5
7
2
1942
1150
3410
10926207
1
12
-2
1940
1160
3414
10927232
-7
11
-4
1931
1151
3446
10928257
-10
6
-5
1929
1145
3439
10929282
-7
2
0
1933
1162
3446
10930307
-8
-3
-1
1943
1163
3454
10931332
-10
-6
-3
1945
1170
3449
10932357
-17
-8
-11
1966
1154
3445
10933382
-9
-6
-15
1963
1159
3422
10934407
4
-1
-20
1947
1193
3427
10935432
1
-1
-14
1931
1216
3431
10936457
-11
-4
-7
1912
1230
3409
10937482
-23
-2
1
1919
1221
3400
10938507
-21
7
8
1926
1220
3413
10939532
-11
17
20
1916
1222
3422
10940557
-6
23
40
1903
1219
3424
10941582
-2
25
55
1906
1198
3427
10934400
1
27
60
1920
1173
3435
10935425
4
27
55
1915
1144
3458
10936450
2
21
47
1924
1136
3463
10937475
-6
14
39
1936
1121
3462
10938500
-7
9
31
1943
1107
3458
10939525
-2
6
23
1940
1124
3477
10940550
-11
0
18
1945
1134
3473
10941575
-24
-6
13
1951
1139
3467
10942600
-25
-8
4
1950
1140
3461
10943625
-18
-8
-2
1936
1158
3473
10944650
-17
-11
-5
1934
1173
3466
10945675
-16
-15
0
1920
1162
3448
10946700
-6
-17
5
1919
1142
3439
10947725
9
-13
9
1906
1142
3451
10948750
12
-8
9
1912
1136
3467
10949775
5
-5
9
1914
1147
3443
10942592
-4
-4
8
1922
1137
3435
10943617
-4
-3
6
1937
1135
3446
10944642
-3
-2
7
1944
1145
3449
10945667
-3
-4
9
1941
1148
3446
10946692
-3
-7
9
1934
1156
3451
10947717
-8
-8
11
1926
1159
3444
10948742
-11
-9
10
1943
1157
3441
10949767
-5
-8
8
1946
1134
3448
10950792
5
-4
6
1934
1153
3448
10951817
1
-5
4
1931
1162
3446
10952842
-7
-9
4
1939
1143
3452
10953867
-8
-10
5
1935
1138
3451
10954892
-6
-10
6
1943
1146
3443
10955917
-12
-6
5
1936
1160
3426
10956942
-19
-2
-1
1947
1157
3463
10957967
-12
8
-5
1942
1140
3468
10950784
6
34
-6
1913
1111
3434
10951809
36
40
9
1869
1083
3424
10952834
87
27
26
1920
1150
3424
10953859
98
11
37
1975
1198
3448
10954884
63
-13
49
1961
1205
3512
10955909
40
-41
45
1984
1185
3516
10956934
27
-65
45
1971
1152
3451
10957959
59
-84
43
1982
1151
3438
10958984
65
-78
39
1978
1183
3435
10960009
19
-52
29
1939
1179
3398
10961034
-1
-43
14
1931
1125
3387
10962059
64
-31
13
1968
1222
3300
10963084
142
26
-7
1940
1047
2802
10964109
342
269
-196
2235
843
2058
10965134
967
530
-289
2042
1334
2722
10966159
1160
336
-293
1870
1887
4763
10959120
277
-93
-209
1772
2404
6062
10960145
-667
-627
143
950
1495
5684
10961170
-1719
-481
75
1421
2350
4067
10962195
-2175
-846
160
2437
395
2247
10963220
-308
-546
275
1777
-892
2104
10964245
941
-177
-149
1773
1126
2641
10965270
634
-221
-60
2493
1793
2550
10966295
263
245
200
2342
1519
2369
10967320
334
470
342
1785
1329
3051
10968345
400
197
299
1757
1035
4182
10969370
278
-62
211
2212
1077
4129
10970395
50
-140
194
2513
1609
3565
10971420
-492
-163
187
2527
1950
2944
10972445
-701
-212
115
2029
-27
2686
10973470
249
44
-107
2197
558
2619
10974495
531
340
-32
1710
1567
3013
10967168
91
239
-113
1779
971
3363
10968193
98
213
-165
1993
1100
3803
10969218
-25
111
-146
1985
1243
4046
10970243
-218
-48
-111
2064
1224
3953
10971268
-263
-134
-67
2099
1193
3639
10972293
-257
-140
-50
2068
1224
3317
10973318
-243
-106
-52
2021
1218
3135
10974343
-181
-61
-82
2036
1156
3134
10975368
-81
0
-97
2038
1146
3277
10976393
2
43
-94
2014
1178
3337
10977418
43
53
-79
2004
1224
3374
10978443
37
47
-61
2006
1215
3402
10979468
18
39
-40
1985
1205
3383
10980493
-11
28
-17
1941
1189
3375
10981518
-35
18
-1
1933
1154
3358
10982543
-32
20
6
1913
1120
3376
10975359
-29
21
5
1909
1097
3433
10976384
-19
13
1
1962
1134
3477
10977409
-7
6
6
1986
1193
3488
10978434
-15
-1
7
1995
1212
3467
10979459
-23
-5
6
2009
1205
3461
10980484
-24
-12
2
2039
1179
3454
10981509
-4
-14
-3
2054
1188
3450
10982534
16
-9
-5
2054
1193
3423
10983559
31
0
-9
2051
1210
3427
10984584
42
6
-14
2028
1210
3476
10985609
60
6
-12
1982
1196
3505
10986634
79
-3
-1
1956
1186
3477
10987659
89
-12
32
1911
1199
3386
10988684
70
-26
68
1881
1241
3304
10989709
-6
-42
75
1975
1217
3250
10990734
-58
-30
70
2075
1121
3291
10983552
-37
-2
54
2128
1026
3338
10984577
50
33
29
2117
1033
3343
10985602
129
54
10
2043
1095
3414
10986627
127
37
-9
2006
1106
3465
10987652
95
14
-17
1972
1128
3470
10988677
51
-5
-15
1930
1139
3434
10989702
12
-20
-17
1909
1167
3385
10990727
-51
-29
-11
1931
1218
3323
10991752
-125
-25
-6
1990
1201
3250
10992777
-145
4
-16
2051
1176
3251
10993802
-99
43
-29
2083
1192
3315
10994827
-31
68
-32
2043
1228
3402
10995852
8
70
-29
1984
1224
3437
10996877
42
62
-17
1922
1242
3460
10997902
40
42
-3
1887
1242
3517
10998927
20
14
17
1868
1214
3547
10991744
-7
-11
33
1881
1168
3515
10992769
-16
-22
41
1914
1114
3452
10993794
0
-13
41
1914
1108
3424
10994819
-7
-3
30
1932
1138
3409
10995844
-36
3
22
1971
1135
3376
10996869
-49
10
15
2005
1123
3377
10997894
-26
20
5
2035
1131
3411
10998919
10
27
4
2001
1181
3455
10999944
12
13
1
1974
1227
3473
11000969
-9
-11
0
1983
1229
3471
11001994
-14
-29
4
1989
1200
3455
11003019
7
-35
9
1986
1188
3433
11004044
24
-33
14
1977
1200
3410
11005069
15
-30
17
1983
1180
3395
11006094
5
-20
17
1996
1151
3390
11007119
8
-3
17
1989
1120
3372
10999936
17
8
12
1976
1136
3385
11000961
12
11
9
1978
1143
3402
11001986
-5
7
8
1984
1130
3395
11003011
-15
0
4
1984
1118
3393
11004036
-15
-2
1
1975
1134
3394
11005061
-15
-2
1
1983
1160
3403
11006086
-20
-6
1
1970
1157
3411
11007111
-22
-4
1
1966
1186
3390
11008136
-35
0
-3
1967
1184
3415
11009161
-33
6
-3
1982
1172
3448
11010186
-15
11
6
1968
1167
3452
11011211
-4
9
18
1944
1170
3447
11012236
-4
2
26
1941
1167
3452
11013261
-11
-3
25
1963
1154
3454
11014286
-13
-3
22
1963
1141
3433
11015311
-10
-3
23
1963
1144
3398
11008128
-13
-3
26
1970
1153
3394
11009153
-15
-2
29
1979
1147
3430
11010178
-8
-7
45
1975
1203
3463
11011203
-31
-29
68
1977
1197
3439
11012228
-36
-46
90
1975
1201
3455
11013253
-38
-66
107
1980
1181
3479
11014278
-35
-81
118
1989
1164
3476
11015303
-30
-88
120
2002
1132
3446
11016328
-14
-79
112
2035
1100
3424
11017353
8
-59
102
2040
1093
3400
11018378
17
-38
89
2033
1097
3379
11019403
9
-26
73
2063
1082
3370
11020428
8
-15
60
2088
1049
3364
11021453
15
-6
52
2080
1063
3345
11022478
8
-4
44
2078
1081
3335
11023503
-11
-4
40
2097
1072
3336
11016319
-22
-2
40
2090
1088
3335
11017344
-29
2
37
2082
1092
3321
11018369
-20
13
36
2065
1092
3323
11019394
10
23
35
2048
1054
3340
11020419
97
32
36
2049
1022
3345
11021444
204
55
54
2019
1132
3353
11022469
210
65
68
1993
1199
3365
11023494
135
70
76
2016
1210
3357
11024519
46
75
80
2017
1159
3383
11025544
-17
80
78
2018
1101
3438
11026569
-44
81
65
2025
1051
3447
11027594
-40
77
50
2027
1027
3475
11028619
-22
70
36
2028
1043
3503
11029644
-14
59
25
2013
1072
3516
11030669
-20
46
24
1994
1083
3517
11031694
-25
30
23
1993
1087
3495
11024512
-28
19
21
1992
1081
3481
11025537
-30
10
13
1993
1088
3454
11026562
-37
7
6
1993
1092
3436
11027587
-38
11
7
1981
1097
3402
11028612
-36
17
15
1986
1115
3366
11029637
-35
26
27
1988
1122
3366
11030662
-37
40
48
1960
1147
3352
11031687
-47
51
60
1941
1164
3372
11032712
-70
59
68
1954
1134
3392
11033737
-70
73
81
1944
1136
3402
11034762
-71
83
93
1961
1135
3393
11035787
-74
93
113
1971
1089
3390
11036812
-65
101
132
1980
1040
3424
11037837
-50
102
144
1996
996
3492
11038862
-41
102
157
1990
987
3479
11039887
-48
98
170
1970
951
3443
11032705
-50
98
175
1955
908
3447
11033730
-38
97
167
1938
887
3492
11034755
-15
84
142
1922
842
3563
11035780
18
79
97
1973
883
3618
11036805
14
85
55
2020
935
3621
11037830
-21
89
42
1978
912
3619
11038855
-32
81
45
1926
894
3643
11039880
-29
59
53
1907
880
3638
11040905
-24
33
67
1888
877
3623
11041930
-24
4
67
1897
872
3592
11042955
-9
-11
50
1921
880
3555
11043980
2
-17
21
1978
929
3530
11045005
-14
-12
5
2003
935
3500
11046030
-21
2
-2
1993
933
3494
11047055
-15
15
-4
1960
936
3478
11048080
-10
19
9
1916
953
3461
11040896
-30
17
33
1894
947
3432
11041921
-48
19
51
1919
922
3414
11042946
-51
32
54
1932
892
3441
11043971
-48
48
44
1936
881
3489
11044996
-44
62
19
1958
881
3530
11046021
-21
75
-1
1966
872
3575
11047046
19
86
-12
1955
897
3588
11048071
45
83
-21
1960
925
3619
11049096
53
75
-27
1920
936
3667
11050121
45
62
-28
1896
975
3697
11051146
34
38
-23
1871
988
3700
11052171
22
13
-14
1857
981
3676
11053196
10
-9
-4
1853
993
3644
11054221
-11
-29
-1
1863
984
3604
11055246
-25
-33
-4
1902
953
3569
11056271
-15
-29
-4
1936
959
3596
11049088
26
-43
-8
1995
1070
3735
11050113
28
-83
-5
2092
1096
3765
11051138
34
-129
35
2082
1047
3657
11052163
49
-171
59
2046
1041
3606
11053188
17
-205
45
2087
971
3560
11054213
-22
-198
4
2254
888
3494
11055238
-49
-139
-58
2491
772
3401
11056263
25
-49
-70
2287
696
3358
11057288
133
-5
-118
2069
856
3461
11058313
116
-29
-183
1993
909
3502
11059338
66
-53
-205
1962
932
3443
11060363
25
-78
-206
1958
955
3414
11061388
-12
-108
-184
1873
945
3378
11062413
-50
-141
-163
1826
1023
3346
11063438
-138
-172
-143
1843
1044
3301
11064463
-217
-177
-107
1817
973
3226
11057280
-226
-162
-73
1783
991
3179
11058305
-249
-135
-48
1840
1041
3174
11059330
-333
-91
1
1876
958
3126
11060355
-383
-33
64
1881
762
3080
11061380
-300
26
122
1863
612
3136
11062405
-55
17
154
2026
384
3303
11063430
631
124
147
2110
475
3458
11064455
1172
251
166
1944
1256
3606
11065480
918
209
159
1955
1759
3608
11066505
362
172
176
1859
1835
3652
11067530
-166
193
196
1613
1618
3767
11068555
-560
199
143
1808
1234
3843
11069580
-745
218
148
2115
1017
3793
11070605
-774
250
150
2254
833
3738
11071630
-688
251
110
2207
688
3767
11072655
-504
213
59
2014
573
3828
11065471
-345
182
-23
1948
585
3739
11066496
-288
180
-67
1928
586
3541
11067521
-263
188
-50
1731
478
3380
11068546
-197
180
-36
1565
523
3334
11069571
-98
161
-17
1429
612
3322
11070596
-33
168
0
1202
509
3288
11071621
39
202
-12
1224
598
3208
11072646
89
232
10
1337
554
3144
11073671
100
270
26
1457
418
3253
11074696
74
383
51
1570
695
3405
11075721
-165
436
100
1542
822
3770
11076746
-243
339
219
1575
604
4121
11077771
-41
235
380
1641
706
4159
11078796
1
197
464
1617
1106
4287
11079821
-208
119
453
1579
968
4434
11080846
