Device = VHR-0009
time_stamp = 1779872651534
sample_rate = 50
Data format = INT16
TYPE = 6-AXIS IMU RAW DATA
-21
-128
116
198
-4189
33
10896513
5
-118
117
209
-4171
18
10897538
18
-110
112
179
-4174
-34
10898563
32
-116
90
189
-4114
-17
10899588
5
-117
76
178
-4035
35
10900613
-20
-121
70
181
-4077
59
10901638
-39
-127
66
189
-4162
68
10902663
-78
-135
60
204
-4224
92
10903688
-91
-143
47
168
-4266
27
10904713
-39
-143
23
236
-4183
32
10905738
-32
-138
38
224
-4257
58
10906763
-11
-129
34
229
-4198
95
10907788
-13
-120
40
223
-4251
91
10908813
0
-116
33
215
-4227
78
10909838
-5
-109
22
221
-4192
75
10910863
-17
-102
24
217
-4202
45
10911888
-39
-96
22
224
-4199
63
10904705
-56
-88
13
206
-4197
47
10905730
-19
-87
5
202
-4216
30
10906755
3
-85
-6
206
-4190
58
10907780
5
-79
-21
190
-4160
78
10908805
9
-82
-35
209
-4158
53
10909830
2
-83
-42
211
-4138
80
10910855
9
-80
-44
218
-4180
79
10911880
24
-65
-49
168
-4169
80
10912905
20
-60
-65
180
-4206
76
10913930
42
-52
-78
179
-4145
83
10914955
38
-50
-73
166
-4168
100
10915980
-3
-37
-64
184
-4213
78
10917005
-22
-20
-60
181
-4248
4
10918030
-14
-5
-48
178
-4301
1
10919055
-7
4
-36
164
-4328
60
10920080
3
12
-29
163
-4256
113
10912897
20
23
-6
167
-4227
170
10913922
43
29
9
159
-4237
83
10914947
62
34
15
139
-4214
-13
10915972
30
36
28
141
-4216
-10
10916997
-5
45
32
148
-4255
42
10918022
-5
57
29
164
-4260
92
10919047
-9
74
28
173
-4219
68
10920072
-4
91
28
165
-4184
40
10921097
-5
102
32
157
-4164
74
10922122
-38
109
25
164
-4199
79
10923147
-54
122
17
158
-4251
104
10924172
-46
126
-1
155
-4236
92
10925197
-28
126
-8
160
-4173
61
10926222
-19
120
9
165
-4204
55
10927247
-10
125
11
128
-4244
61
10928272
4
128
-10
127
-4193
54
10921087
-9
130
-12
128
-4185
16
10922112
-24
131
-12
101
-4237
11
10923137
-16
128
-15
112
-4265
13
10924162
-6
123
-15
105
-4255
15
10925187
-1
120
-7
116
-4242
15
10926212
-7
121
1
110
-4250
8
10927237
-11
117
6
98
-4246
13
10928262
-5
110
9
101
-4234
7
10929287
5
104
11
90
-4203
-3
10930312
-1
98
10
80
-4207
-14
10931337
-14
90
5
86
-4191
-12
10932362
-25
85
0
82
-4209
14
10933387
-31
78
-10
88
-4223
8
10934412
-25
68
-15
104
-4231
4
10935437
-15
60
-18
111
-4221
15
10936462
-5
110
9
101
-4234
7
10929287
5
104
11
90
-4203
-3
10930312
-1
98
10
80
-4207
-14
10931337
-14
90
5
86
-4191
-12
10932362
-25
85
0
82
-4209
14
10933387
-31
78
-10
88
-4223
8
10934412
-25
68
-15
104
-4231
4
10935437
-15
60
-18
111
-4221
15
10936462
-9
53
-21
114
-4226
26
10929514
-2
45
-23
118
-4258
20
10930539
13
35
-30
127
-4268
-6
10931564
21
21
-26
130
-4236
-17
10932589
28
8
-20
126
-4214
-24
10933614
23
-4
-14
117
-4246
-34
10934639
25
-15
-21
133
-4258
-31
10935664
19
-23
-26
149
-4255
-22
10936689
7
-29
-26
157
-4239
-7
10937714
6
-34
-22
157
-4216
-2
10938739
6
-40
-22
163
-4213
-7
10939764
7
-47
-26
154
-4204
-5
10940789
-6
-54
-33
150
-4193
-11
10941814
-20
-65
-40
151
-4208
-15
10942839
-21
-78
-43
174
-4232
-10
10943864
-18
-89
-42
183
-4235
-12
10944889
-15
-102
-35
189
-4243
-4
10937472
-4
-115
-27
200
-4258
11
10938497
9
-127
-19
213
-4244
23
10939522
13
-136
-9
208
-4236
7
10940547
20
-141
2
205
-4266
-9
10941572
33
-144
5
205
-4231
-6
10942597
36
-143
10
206
-4203
17
10943622
39
-137
13
222
-4177
23
10944647
34
-127
14
234
-4169
35
10945672
13
-113
10
236
-4171
19
10946697
-6
-96
0
231
-4182
10
10947722
-19
-83
-7
230
-4195
-3
10948747
-25
-76
-13
235
-4183
-26
10949772
-37
-73
-15
215
-4203
-42
10950797
-44
-77
-17
213
-4254
-42
10951822
-32
-86
-23
233
-4258
-52
10952847
34
-127
14
234
-4169
35
10945672
13
-113
10
236
-4171
19
10946697
-6
-96
0
231
-4182
10
10947722
-19
-83
-7
230
-4195
-3
10948747
-25
-76
-13
235
-4183
-26
10949772
-37
-73
-15
215
-4203
-42
10950797
-44
-77
-17
213
-4254
-42
10951822
-32
-86
-23
233
-4258
-52
10952847
-18
-96
-20
235
-4248
-50
10945664
-14
-107
-13
243
-4252
-38
10946689
-9
-113
-10
241
-4212
-41
10947714
0
-122
-7
224
-4176
-51
10948739
1
-125
-8
214
-4214
-42
10949764
3
-123
-20
260
-4274
-41
10950789
2
-114
-27
313
-4271
-24
10951814
-3
-97
-14
317
-4264
-14
10952839
7
-81
-1
304
-4220
-17
10953864
24
-63
9
306
-4219
-13
10954889
22
-43
4
325
-4210
-6
10955914
27
-21
3
346
-4223
-10
10956939
28
5
10
366
-4193
1
10957964
30
36
17
381
-4201
4
10958989
35
69
14
392
-4149
-8
10960014
25
106
8
389
-4121
-16
10961039
8
146
-4
390
-4142
-16
10953856
2
184
-20
417
-4199
-22
10954881
6
224
-39
450
-4203
-19
10955906
17
267
-50
473
-4183
-14
10956931
15
318
-59
514
-4175
-9
10957956
3
376
-79
552
-4159
6
10958981
-10
444
-109
627
-4133
18
10960006
-27
523
-141
700
-4136
4
10961031
-27
607
-173
746
-4115
-16
10962056
-32
694
-200
802
-4063
15
10963081
-61
785
-237
893
-4070
26
10964106
-76
882
-294
978
-4014
16
10965131
-84
977
-361
1065
-3951
16
10966156
-94
1070
-438
1171
-3927
20
10967181
-97
1153
-519
1246
-3905
0
10968206
-104
1234
-589
1291
-3878
2
10969231
-121
1304
-654
1387
-3882
20
10962048
-119
1372
-709
1422
-3913
5
10963073
-98
1434
-757
1396
-3926
-11
10964098
-128
1486
-802
1426
-4068
-37
10965123
-186
1534
-834
1460
-4067
-32
10966148
-264
1566
-836
1546
-4093
30
10967173
-341
1595
-808
1514
-4143
80
10968198
-356
1609
-770
1428
-4112
106
10969223
-340
1607
-739
1405
-4107
132
10970248
-338
1594
-738
1425
-4001
200
10971273
-413
1582
-728
1379
-3888
317
10972298
-531
1542
-695
1347
-3854
403
10973323
-539
1480
-678
1293
-3845
472
10974348
-404
1392
-719
1313
-3747
597
10975373
-273
1286
-782
1299
-3677
697
10976398
-99
1181
-872
1282
-3753
794
10977423
145
1069
-946
1342
-3904
849
10970239
191
965
-1010
1191
-3880
773
10971264
46
865
-1043
876
-3951
662
10972289
-192
753
-1034
496
-3994
577
10973314
-425
630
-1014
243
-3979
529
10974339
-480
505
-923
101
-4092
548
10975364
-393
362
-768
-105
-4228
623
10976389
-374
194
-575
-245
-4300
558
10977414
-397
19
-370
-361
-4318
380
10978439
-416
-180
-145
-421
-4326
295
10979464
-440
-414
93
-321
-4397
326
10980489
-401
-654
337
-128
-4525
369
10981514
-233
-892
573
115
-4694
366
10982539
48
-1093
770
366
-4872
346
10983564
336
-1245
928
624
-5156
318
10984589
558
-1342
1023
920
-5559
285
10985614
813
-1397
1052
1274
-5759
207
10978433
1023
-1399
1127
1455
-5940
41
10979458
1077
-1392
1244
1719
-6381
-198
10980483
1064
-1358
1256
2211
-6643
-387
10981508
1118
-1233
1211
2607
-6474
-451
10982533
1130
-1033
1174
2902
-5475
-429
10983558
959
-774
1188
2779
-4385
-396
10984583
720
-531
1186
2314
-3433
-384
10985608
487
-368
1058
2046
-2723
-394
10986633
282
-238
836
1960
-2258
-488
10987658
117
-97
547
1974
-1878
-586
10988683
-19
84
218
2098
-1687
-671
10989708
-147
320
-153
2168
-1617
-805
10990733
-291
579
-543
2109
-1575
-898
10991758
-476
790
-942
2194
-1903
-942
10992783
-560
978
-1318
2208
-2422
-898
10993808
-461
1074
-1608
2335
-3166
-599
10986625
-373
1104
-1781
2711
-3851
-210
10987650
-220
1144
-1776
2938
-4009
88
10988675
54
1217
-1601
2919
-4185
289
10989700
235
1357
-1460
2712
-5121
680
10990725
146
1406
-1473
2725
-7204
983
10991750
-80
1431
-1618
2552
-7830
1071
10992775
-209
1419
-1577
2243
-6770
1083
10993800
-510
1415
-1206
1338
-6073
1113
10994825
-952
1281
-947
316
-5738
973
10995850
-1232
1051
-875
-594
-4979
796
10996875
-1238
773
-737
-1271
-4439
620
10997900
-876
429
-418
-1616
-4424
403
10998925
-299
88
-63
-1633
-4053
399
10999950
219
-171
249
-1515
-3305
554
11000975
572
-361
555
-1275
-2501
571
11002000
569
-488
860
-1048
-1539
258
10994815
238
-585
1164
-872
-1294
-110
10995840
52
-724
1435
-500
-1772
-184
10996865
258
-938
1693
-40
-2115
-146
10997890
409
-1230
2045
319
-2275
-442
10998915
59
-1477
2174
860
-4003
-166
10999940
-32
-1608
1850
2028
-8675
179
11000965
775
-1591
1207
2959
-11368
-1148
11001990
1957
-1418
943
3819
-8828
-1073
11003015
2117
-1010
1534
3297
-7433
239
11004040
1408
-724
1799
2744
-6246
797
11005065
398
-605
1647
2625
-4102
861
11006090
-346
-469
1562
2086
-3203
826
11007115
-505
-424
1426
1937
-2762
673
11008140
-453
-309
1135
2089
-2208
562
11009165
-407
-107
798
2039
-1924
518
11010190
-282
96
478
1747
-2001
473
11003008
-153
273
100
1527
-1860
255
11004033
-341
455
-417
1512
-1684
21
11005058
-575
647
-1027
1482
-2307
-106
11006083
-391
738
-1503
1680
-4212
215
11007108
95
916
-1923
1646
-5218
1275
11008133
478
1368
-2306
1364
-4214
2190
11009158
993
1489
-2166
2026
-4028
982
11010183
1625
1613
-1682
1945
-3199
-301
11011208
1892
1935
-1397
419
-2164
65
11012233
794
1963
-2058
170
-828
765
11013258
-1076
1802
-2659
1758
-1130
315
11014283
-2178
2081
-2621
1602
-2401
141
11015308
-1877
1973
-2414
1322
-4236
489
11016333
-1210
1583
-2608
1809
-5934
1250
11017358
-918
1207
-2807
2221
-6218
1511
11018383
-849
783
-2430
2754
-7069
1571
11011200
-682
414
-1508
2867
-8139
1800
11012225
130
62
-455
2333
-7603
1863
11013250
1082
-253
270
1905
-5708
1859
11014275
1575
-413
688
1626
-4329
1753
11015300
1388
-437
835
1220
-3529
1366
11016325
780
-473
808
937
-3061
967
11017350
204
-566
816
625
-2743
750
11018375
-147
-741
896
398
-2417
745
11019400
-347
-954
1033
166
-2247
861
11020425
-382
-1190
1163
-10
-2189
905
11021450
-289
-1431
1231
-5
-2325
764
11022475
-103
-1624
1277
75
-2641
547
11023500
206
-1818
1336
258
-2920
414
11024525
580
-1984
1447
343
-2961
323
11025550
867
-2110
1579
338
-2938
192
11026575
770
-2228
1730
263
-2933
-13
11019391
288
-2317
1833
82
-3069
28
11020416
-265
-2401
1887
60
-3505
-119
11021441
-281
-2472
1980
0
-5136
-608
11022466
388
-2625
1965
236
-8477
-833
11023491
1764
-2887
1613
1786
-12261
-404
11024516
3171
-2884
1252
4213
-11967
-2
11025541
3146
-2272
1496
5513
-9099
532
11026566
2124
-1418
1961
4683
-6964
652
11027591
1191
-802
1961
3550
-4823
345
11028616
281
-448
1624
2826
-3170
-84
11029641
-553
-251
1221
2377
-2352
-447
11030666
-1020
-138
808
2050
-1601
-506
11031691
-1086
-57
454
1726
-1022
-427
11032716
-920
4
142
1452
-696
-338
11033741
-673
52
-219
1426
-499
-300
11034766
-424
153
-590
1491
-412
-396
11027584
-275
296
-962
1472
-278
-450
11028609
-265
436
-1298
1570
-254
-403
11029634
-289
616
-1610
1784
-303
-397
11030659
-283
857
-1908
1808
-101
-400
11031684
-365
1084
-2198
1716
46
-509
11032709
-477
1128
-2590
1950
-1143
-319
11033734
-158
1017
-2810
3188
-7060
593
11034759
-116
1061
-3043
4442
-14048
800
11035784
1527
963
-3172
5559
-13237
1788
11036809
2222
1073
-2048
5447
-10829
3840
11037834
1119
1341
-1248
2780
-7829
3790
11038859
354
1269
-971
1083
-4580
2878
11039884
-627
977
-432
206
-3072
2270
11040909
-1557
673
-38
-304
-3011
1599
11041934
-1528
502
13
-1171
-2746
1319
11042959
-1076
183
-1
-1309
-2409
1341
11035776
-710
-75
132
-1259
-2105
1349
11036801
-710
-228
161
-1459
-1292
1206
11037826
-999
-361
194
-1559
-1222
1022
11038851
-1098
-425
335
-1719
-1536
687
11039876
-803
-510
457
-1628
-1542
420
11040901
-548
-623
589
-1402
-1441
7
11041926
-312
-807
837
-1270
-1805
-443
11042951
-170
-1128
1201
-1160
-2474
-1027
11043976
163
-1570
1642
-1296
-3810
-2093
11045001
950
-2268
2077
-1475
-7582
-2320
11046026
1787
-3244
2066
896
-13859
-468
11047051
2391
-3607
1416
5419
-16713
-512
11048076
2709
-3098
1611
7939
-13252
-1690
11049101
2871
-2435
2480
6244
-10017
-1623
11050126
2566
-2014
2926
4429
-6438
-690
11051151
1870
-1803
2758
3811
-3956
-438
11043968
1362
-1628
2454
3332
-3212
-557
11044993
1121
-1503
1973
3071
-2009
-567
11046018
928
-1292
1470
2697
-447
-460
11047043
613
-1016
1064
2507
611
-656
11048068
410
-748
725
2406
768
-808
11049093
422
-624
230
2414
740
-629
11050118
493
-469
-495
2171
1458
-8
11051143
391
-534
-982
2240
2023
189
11052168
261
-356
-1542
1677
1790
559
11053193
221
-371
-2196
1701
1225
844
11054218
321
-397
-2774
1841
949
996
11055243
506
-383
-3256
1840
408
1170
11056268
484
-583
-3815
3642
-3967
1761
11057293
-290
-818
-4259
6184
-12530
2722
11058318
-222
-682
-4423
7155
-15212
4822
11059343
-320
-269
-3137
6453
-13313
5060
11052161
-248
77
-1243
3334
-11039
2762
11053186
1002
47
-348
529
-5902
2015
11054211
704
-164
130
-819
-3781
1932
11055236
-281
-368
438
-1309
-3894
1342
11056261
-288
-599
571
-1533
-3715
968
11057286
128
-892
732
-1730
-3142
623
11058311
527
-1241
970
-1733
-2755
207
11059336
772
-1615
1202
-1621
-2135
-310
11060361
765
-2015
1442
-1513
-1697
-684
11061386
744
-2442
1657
-1127
-1788
-752
11062411
956
-2866
1824
-551
-2016
-1079
11063436
1472
-3259
2083
50
-2225
-1622
11064461
2104
-3580
2308
574
-2250
-1889
11065486
2679
-3671
2385
793
-2590
-1968
11066511
2697
-3583
2458
1144
-4043
-2193
11067536
2364
-3360
2422
1232
-6096
-2207
11060351
2072
-3206
2115
2451
-9246
-969
11061376
1735
-3152
1747
5825
-12582
43
11062401
2210
-2665
1290
8399
-12701
4
11063426
2584
-1892
1220
7616
-9923
-194
11064451
2041
-1350
1417
5959
-5929
-7
11065476
1406
-971
1465
4272
-3301
362
11066501
1003
-836
1221
3129
-2082
339
11067526
609
-846
748
2541
-747
26
11068551
63
-801
354
1883
270
-34
11069576
-241
-868
11
1162
519
53
11070601
-201
-1048
-452
667
947
340
11071626
-375
-1204
-991
483
1563
767
11072651
-785
-1402
-1550
750
1857
1052
11073676
-796
-1638
-1833
1015
1435
1151
11074701
-243
-1650
-2404
1262
194
1260
11075726
823
-1695
-2928
1770
-912
1175
11068679
2273
-1874
-3303
2082
-4027
1524
11069704
2886
-2322
-3731
3872
-8401
3721
11070729
703
-2088
-3652
5415
-13475
4812
11071754
-411
-1281
-2775
5562
-11932
4049
11072779
25
-778
-829
3862
-9466
2527
11073804
1752
-683
442
1349
-6597
1916
11074829
1972
-824
881
-305
-4048
1352
11075854
917
-1139
903
-721
-3216
482
11076879
873
-1409
920
-1043
-3171
179
11077904
1287
-1664
883
-1035
-2719
172
11078929
1367
-1883
995
-1038
-2294
14
11079954
1216
-2110
1096
-961
-1863
-403
11080979
1071
-2317
1184
-795
-1588
-1362
11082004
1026
-2491
1341
-542
-1741
-2573
11083029
1310
-2682
1723
-150
-3000
-2419
11084054
1061
-2882
2016
240
-3763
-2104
11076736
734
-3044
2058
581
-3516
-2581
11077761
839
-3080
1953
780
-4211
-3384
11078786
1765
-2985
1702
1072
-7093
-3941
11079811
2930
-2755
1474
3207
-11970
-3347
11080836
2625
-2282
1530
7912
-14276
-2042
11081861
1817
-1425
2005
9916
-11562
-905
11082886
2045
-445
2683
8112
-8403
-134
11083911
2348
280
2734
6066
-5205
204
11084936
1298
598
2357
4585
-2923
-84
11085961
460
561
1937
3458
-1435
-285
11086986
163
375
1510
2731
186
-223
11088011
-457
298
1094
2410
2585
-412
11089036
-1495
123
903
1850
4147
-734
11090061
-2387
-123
409
1839
1490
-947
11091086
-1519
-289
-862
1784
171
72
11092111
57
-498
-2371
1841
1938
913
11084928
614
-582
-3494
2334
1012
681
11085953
638
-611
-4151
2696
-143
-81
11086978
580
-630
-4612
3201
64
-914
11088003
771
-541
-4685
4469
-1054
-1213
11089028
496
-371
-4339
6373
-4728
-62
11090053
-1726
-32
-4078
8447
-9026
979
11091078
-3668
715
-3434
7939
-10885
1125
11092103
-3440
1189
-2134
6022
-11856
1415
11093128
-1975
1275
-778
3943
-9716
1280
11094153
-1264
1222
148
1931
-6609
792
11095178
-1403
956
542
1196
-5184
399
11096203
-1581
730
724
534
-4419
38
11097228
-1463
491
844
34
-4601
-173
11098253
-702
196
876
-235
-4302
-166
11099278
-28
-55
874
-575
-3407
-195
11100303
240
-320
871
-735
-2868
-381
11093120
485
-624
858
-797
-2626
-451
11094145
792
-936
863
-770
-2231
-27
11095170
1120
-1239
1006
-696
-1882
206
11096195
1553
-1551
1129
-495
-1730
168
11097220
1976
-1855
1248
-205
-1709
-224
11098245
1739
-2051
1372
208
-2047
-684
11099270
699
-2167
1473
705
-3591
-1179
11100295
794
-2349
1515
1452
-6376
-1360
11101320
2790
-2727
1635
3749
-9359
-578
11102345
4033
-2763
1412
7006
-8867
-475
11103370
4222
-2200
1602
9170
-9977
-1276
11104395
3620
-1389
1880
8250
-9631
-1797
11105420
2755
-871
1846
6807
-6180
-1608
11106445
1909
-571
1788
5920
-4260
-1333
11107470
1309
-343
1587
4694
-2719
-997
11108495
721
-269
1248
3827
-1428
-839
11101312
474
-207
916
2753
-688
-660
11102337
607
-130
622
1742
-62
-609
11103362
725
-103
233
1172
282
-972
11104387
839
-105
-255
622
599
-1028
11105412
927
-179
-771
323
1595
-613
11106437
741
-225
-1153
655
1971
-245
11107462
437
-143
-1343
1078
1470
-140
11108487
106
10
-1511
1337
1283
-40
11109512
-263
191
-1718
1799
820
-11
11110537
-576
376
-1865
2511
-529
7
11111562
-580
511
-1979
3926
-3135
81
11112587
-251
544
-2043
6164
-8219
863
11113612
-481
680
-2562
7415
-9537
1733
11114637
-1403
948
-2436
7856
-9062
2030
11115662
-2417
1285
-1381
6199
-8631
2010
11116687
-2524
1364
-547
3477
-6038
1863
11109503
-1954
1211
55
1947
-5232
1703
11110528
-1328
1140
378
874
-5005
1716
11111553
-1101
1112
289
-28
-3690
1551
11112578
-1421
1017
300
-664
-3334
1154
11113603
-1537
837
428
-890
-3618
984
11114628
-1170
624
529
-940
-3117
842
11115653
-876
405
652
-1007
-2002
557
11116678
-947
196
952
-1023
-1708
252
11117703
-858
7
1329
-901
-2388
175
11118728
-394
-162
1536
-678
-2349
216
11119753
165
-311
1738
-381
-2088
292
11120778
622
-445
2045
149
-2330
440
11121803
909
-486
2354
401
-2359
635
11122828
818
-552
2515
810
-2683
451
11123853
991
-656
2610
1678
-5521
334
11124878
1612
-747
2145
2970
-9422
949
11117696
1973
-709
1340
4730
-11590
962
11118721
1105
-321
773
5884
-8976
683
11119746
294
124
1353
4464
-7554
656
11120771
-57
198
1709
3052
-6052
826
11121796
-280
92
1570
2248
-4246
803
11122821
-269
-21
1413
1877
-3808
735
11123846
38
-41
1002
1595
-2996
586
11124871
397
2
585
1265
-1784
411
11125896
548
95
362
1074
-1101
252
11126921
403
250
121
929
-740
113
11127946
86
410
-157
705
-389
-22
11128971
-277
567
-408
531
-298
13
11129996
-471
698
-578
703
-1083
454
11131021
-201
817
-661
1383
-2656
1023
11132046
181
1054
-741
2000
-3968
1022
11133071
456
1221
-958
2674
-4975
677
11125888
504
1256
-1127
3534
-6715
1267
11126913
286
1393
-1317
3515
-8807
2257
11127938
106
1432
-1666
3393
-9141
3046
11128963
238
1346
-1729
3005
-7921
3409
11129988
455
1202
-1587
2197
-6662
2745
11131013
376
1065
-1433
1127
-5040
1377
11132038
22
922
-1267
331
-3161
418
11133063
-594
811
-1054
-274
-1966
232
11134088
-975
673
-669
-651
-1601
177
11135113
-832
562
-342
-819
-1072
76
11136138
-614
512
-122
-1056
-338
-42
11137163
-599
488
101
-1130
331
-222
11138188
-678
479
398
-961
33
-151
11139213
-741
533
713
-668
-1487
512
11140238
-857
814
850
-292
-3323
1251
11141263
-693
1163
855
-294
-5244
1016
11134080
540
1241
874
-534
-6471
1036
11135105
1639
1035
926
-365
-4664
2090
11136130
934
789
1201
-366
-4160
3122
11137155
-393
516
1143
-599
-6131
3476
11138180
-1064
170
662
-73
-6959
3858
11139205
-827
-33
239
760
-8542
3757
11140230
429
-85
-229
1212
-7007
2929
11141255
1609
-60
-428
986
-4131
2056
11142280
1854
-109
-401
741
-1640
1241
11143305
1431
-287
-498
1211
413
422
11144330
1351
-295
-660
2012
850
-148
11145355
1682
-181
-890
2941
1048
-430
11146380
1744
-110
-1317
4590
1325
-520
11147405
1262
132
-1618
5065
613
-651
11148430
998
302
-2173
3159
-102
-237
11149455
1072
-490
-3422
2925
-1364
2068
11142272
460
-1731
-4997
5167
-5027
4758
11143297
-319
-2131
-5954
6198
-8435
5104
11144322
87
-1797
-5181
7144
-10581
7081
11145347
730
-952
-2843
5209
-11581
8801
11146372
-332
-206
-1120
1486
-7871
6025
11147397
-1338
92
-119
-429
-4222
3281
11148422
-1813
148
428
-1393
-2791
2466
11149447
-1972
78
507
-1552
-2683
1932
11150472
-1593
61
528
-1623
-2191
1601
11151497
-1125
36
607
-1398
-1676
1346
11152522
-1177
81
625
-1175
-1020
883
11153547
-1595
136
582
-1187
-362
389
11154572
-1892
79
630
-1075
-161
-213
11155597
-1533
-40
876
-1034
-885
-313
11156622
-725
-235
1144
-953
-1777
25
11157647
-198
-465
1323
-740
-2011
122
11150465
-87
-677
1474
-489
-2158
45
11151490
-255
-914
1658
-66
-2762
-22
11152515
-118
-1181
1983
371
-4713
358
11153540
979
-1597
2286
903
-9914
1815
11154565
2155
-2170
2136
3309
-14364
3378
11155590
3339
-2179
1994
6822
-14609
2602
11156615
3311
-1314
2281
7770
-12644
2041
11157640
2036
-347
2491
6262
-9775
2371
11158665
642
123
2274
5293
-6366
1378
11159690
-401
432
2016
3979
-3780
555
11160715
-914
428
1763
3193
-2293
-33
11161740
-1089
320
1427
2808
-1127
-469
11162765
-1124
230
1068
2185
-362
-586
11163790
-844
131
620
1698
-31
-596
11164815
-407
54
98
1761
613
-882
11165840
-97
102
-450
1731
1260
-983
11158657
-108
115
-960
1576
1375
-625
11159682
-301
76
-1561
1567
899
-120
11160707
-534
52
-2239
1903
325
-95
11161732
-570
78
-2847
2065
326
-166
11162757
-394
174
-3280
1871
317
34
11163782
-63
172
-3663
2181
-133
46
11164807
436
-29
-3943
3889
-3431
569
11165832
-1152
177
-3900
6464
-10058
1820
11166857
-4455
841
-3663
8512
-13111
1391
11167882
-5438
1851
-1824
6841
-15495
2745
11168907
-4833
2155
-60
2816
-11725
2742
11169932
-1876
1768
580
516
-7298
1889
11170957
496
1359
726
101
-4734
1156
11171982
687
1088
781
-638
-2606
436
11173007
168
866
735
-1457
-1455
162
11174032
-297
642
620
-1880
-1351
282
11166848
-563
377
477
-2107
-1378
186
11167873
-509
76
310
-2142
-1116
-293
11168898
-150
-241
175
-1954
-1242
-740
11169923
247
-600
101
-1535
-1700
-1039
11170948
482
-964
208
-1207
-1707
-1212
11171973
534
-1322
559
-872
-1852
-1231
11172998
683
-1704
1025
42
-3464
-682
11174023
768
-2029
1720
633
-5626
25
11175048
1004
-2242
2205
851
-5881
552
11176073
1926
-2631
2512
1855
-7686
752
11177098
3040
-2917
2354
3745
-11638
1763
11178123
3823
-2924
1791
6606
-13704
1209
11179148
3849
-2279
1578
7507
-11930
202
11180173
2778
-1460
1905
6316
-8583
897
11181198
1368
-898
2132
4805
-5444
1431
11182223
286
-670
2121
3642
-3786
858
11175040
7
-499
1786
2868
-2373
-116
11176065
217
-318
1407
2458
-1096
-700
11177090
363
-48
1111
2146
215
-909
11178115
156
242
870
1982
1292
-1091
11179140
-493
494
636
1674
1497
-1255
11180165
-1214
715
152
1555
1156
-1152
11181190
-1769
945
-522
1730
1236
-977
11182215
-2023
1175
-1166
1828
1132
-807
11183240
-1634
1352
-1669
1881
415
-431
11184265
-872
1381
-2147
2216
-228
-166
11185290
-8
1344
-2568
2275
-280
41
11186315
658
1325
-3015
2176
-14
93
11187340
891
1159
-3638
3361
-2183
356
11188365
-322
876
-4202
6257
-9807
1077
11189390
-2305
736
-4490
9230
-16144
2527
11190415
-3084
1229
-3283
7773
-15048
3501
11183232
-2058
1394
-1276
3959
-10369
2096
11184257
244
1126
8
1284
-6374
1482
11185282
889
747
264
-273
-4086
1106
11186307
414
395
125
-826
-2497
369
11187332
-151
206
12
-1265
-1936
148
11188357
-670
79
-76
-1658
-1815
364
11189382
-1038
-69
-120
-1705
-1594
590
11190407
-1177
-178
-76
-1697
-1337
597
11191432
-950
-279
112
-1686
-1730
475
11192457
-388
-439
383
-1463
-2117
249
11193482
315
-596
816
-1181
-2115
100
11194507
815
-719
1398
-834
-2627
313
11195532
796
-863
1936
-531
-3353
684
11196557
381
-993
2273
-421
-3501
518
11197582
389
-1185
2434
-411
-4629
-103
11198607
1158
-1649
2257
869
-9226
886
11191424
1624
-2112
1691
3881
-13098
931
11192449
2013
-1962
1266
5943
-12745
-41
11193474
1766
-1460
1668
6982
-10958
342
11194499
1432
-899
2342
5311
-8185
907
11195524
1323
-651
2352
3989
-5251
786
11196549
1179
-559
2082
3249
-3523
419
11197574
933
-466
1666
2745
-2312
-187
11198599
696
-378
1288
2458
-1269
-628
11199624
426
-264
913
2228
-325
-973
11200649
314
-116
485
1977
483
-1067
11201674
108
-5
70
1981
1348
-835
11202699
-649
179
-414
1946
1742
-780
11203724
-1601
420
-931
1863
1622
-862
11204749
-2200
560
-1494
1944
1395
-876
11205774
-2255
683
-2020
1935
1061
-572
11206799
-2010
786
-2389
1974
232
-201
11199615
-1463
880
-2718
2178
-420
115
11200640
-353
1021
-3005
2469
-1710
481
11201665
1239
910
-3267
4426
-7769
1329
11202690
857
834
-3507
7574
-15024
1691
11203715
-813
1217
-3096
9059
-13885
1621
11204740
-3266
2031
-1366
6545
-9991
2313
11205765
-3981
2277
440
2975
-7978
2417
11206790
-2823
1855
675
497
-5334
1129
11207815
-1371
1281
566
-376
-3652
-3
11208840
-35
883
512
-1021
-2683
-134
11209865
604
575
336
-1806
-1757
-59
11210890
629
255
42
-2016
-1078
-44
11211915
363
19
-182
-1874
-771
102
11212940
-43
-146
-272
-1642
-907
81
11213965
-327
-278
-235
-1355
-1381
-58
11214990
-228
-417
-25
-966
-2114
-22
11207845
53
-544
329
-606
-2562
233
11208870
218
-624
761
-355
-2358
527
11209895
-26
-693
1249
48
-2338
690
11210920
-909
-682
1719
449
-3030
625
11211945
-2476
-618
1918
1069
-5235
254
11212970
-3774
-497
1483
2803
-8833
-819
11213995
-1695
-474
964
6313
-14035
-2991
11215020
1340
43
1095
8992
-12834
-3114
11216045
1766
952
1708
6903
-6505
-1169
11217070
1054
1155
2345
4425
-4753
93
11218095
761
818
2224
3394
-4008
-95
11219120
161
492
1738
3255
-2923
-414
11220145
-148
323
1204
3095
-2484
-660
11221170
184
255
738
2534
-1891
-623
11222195
347
207
325
2185
-1155
-431
11223220
190
225
-3
2025
-812
-266
11216000
-7
336
-280
1846
-564
-211
11217025
-173
493
-534
2042
-133
-267
11218050
-419
739
-740
2602
354
-450
11219075
-645
1116
-841
2796
519
-476
11220100
-741
1504
-961
2621
396
-324
11221125
-661
1860
-1147
2448
208
-67
11222150
-413
2173
-1372
2398
99
84
11223175
-204
2536
-1707
2399
416
-357
11224200
-261
2794
-2413
3100
-359
-1670
11225225
-258
2724
-3093
4927
-6095
-2744
11226250
-1102
2597
-3967
7043
-11559
-2519
11227275
-2514
2508
-4155
8639
-11035
-58
11228300
-3267
2584
-1941
7438
-11681
692
11229325
-2515
2548
50
3852
-9211
-224
11230350
-1742
2079
382
1472
-6081
-717
11231375
-1378
1736
404
252
-3987
-1054
11224191
-1106
1542
532
-257
-2960
-629
11225216
-928
1411
547
-618
-2318
18
11226241
-825
1298
476
-781
-1667
442
11227266
-873
1252
425
-814
-1393
563
11228291
-832
1300
413
-819
-1334
544
11229316
-663
1363
373
-694
-1495
374
11230341
-445
1419
342
-565
-1687
306
11231366
-349
1477
409
-430
-1581
602
11232391
-634
1512
560
-133
-1933
824
11233416
-1057
1530
729
346
-3126
912
11234441
-1089
1538
850
1485
-5401
1302
11235466
-554
1646
901
3035
-8437
1827
11236491
536
1851
809
5074
-10144
1858
11237516
1568
2413
775
6554
-9348
1897
11238541
1496
3279
1034
5749
-7252
2074
11239566
654
3779
1222
4404
-5382
1635
11232384
-455
3802
1054
3575
-3953
853
11233409
-1656
3581
835
2733
-2700
482
11234434
-2642
3149
676
2256
-2118
428
11235459
-3100
2638
568
2105
-1948
580
11236484
-2851
2200
425
2131
-1811
799
11237509
-2135
1984
233
2126
-1424
517
11238534
-1433
1910
-41
2073
-953
-290
11239559
-765
1944
-331
2026
-637
-904
11240584
-365
2114
-636
2034
-233
-984
11241609
-431
2351
-994
2438
-149
-923
11242634
-745
2682
-1384
2962
-302
-829
11243659
-992
3079
-1722
3163
-333
-633
11244684
-1024
3419
-2090
3330
-349
-166
11245709
-947
3708
-2605
3600
-393
-247
11246734
-1126
3855
-3395
3762
-407
-1357
11247759
-1312
3693
-4506
4621
-2522
-2129
11240576
-1055
2985
-5535
7627
-10948
-1709
11241601
-2038
2497
-6272
7911
-11172
1160
11242626
-3414
2290
-4729
6751
-9876
1662
11243651
-3032
2199
-2105
3433
-10172
-96
11244676
-1455
1722
-1177
377
-6736
-307
11245701
-616
1170
-1184
-806
-4978
-208
11246726
-432
874
-1078
-892
-4422
-499
11247751
-504
855
-741
-1336
-4407
-338
11248776
-678
872
-328
-1924
-4128
-124
11249801
-1331
796
205
-2012
-4034
33
11250826
-2317
705
693
-1804
-4340
159
11251851
-2838
564
1090
-1652
-4712
185
11252876
-2582
328
1411
-1541
-4540
97
11253901
-1798
0
1704
-1270
-3978
39
11254926
-981
-343
1992
-804
-3704
0
11255951
-361
-685
2234
-79
-4222
-21
11248768
119
-970
2326
767
-5426
76
11249793
608
-1176
2340
1679
-7453
258
11250818
1240
-1475
2297
4264
-11121
1050
11251843
1998
-1538
2193
8344
-12069
1486
11252868
2789
-735
2187
9313
-10153
1752
11253893
3088
215
2250
7364
-6574
1622
11254918
2728
633
2171
6186
-3853
1079
11255943
1491
842
1936
4662
-2453
454
11256968
-12
751
1492
3286
-934
-94
11257993
-1248
398
1104
2518
-274
-112
11259018
-1868
30
733
2007
-380
243
11260043
-1665
-246
366
1758
-328
498
11261068
-1034
-398
-30
1779
-106
427
11262093
-494
-432
-451
1598
218
25
11263118
-208
-439
-872
1412
672
-244
11264143
-252
-366
-1349
1466
833
-298
11256961
-573
-277
-1885
2017
433
-235
11257986
-759
-101
-2185
2294
52
-74
11259011
-890
188
-2829
2846
-223
133
11260036
-591
452
-3459
4030
-650
31
11261061
307
553
-4002
5898
-3074
-197
11262086
1415
521
-4188
8062
-10582
994
11263111
1298
1035
-4930
7663
-11590
1942
11264136
-167
1356
-4383
6924
-9572
1802
11265161
-1994
1974
-2462
6111
-6595
3465
11266186
-3337
2286
-347
3074
-5784
4305
11267211
-4066
2154
-189
557
-5361
2042
11268236
-2423
1776
-43
-793
-4575
849
11269261
-916
1312
55
-1341
-3958
663
11270286
-345
932
64
-1752
-2711
673
11271311
-610
629
200
-1969
-1895
520
11272336
-904
364
487
-1975
-2098
371
11265152
-969
86
695
-1845
-2470
233
11266177
-808
-215
875
-1724
-2740
14
11267202
-531
-569
1044
-1464
-2638
-314
11268227
-304
-950
1198
-1030
-2234
-313
11269252
-269
-1299
1365
-537
-2033
-203
11270277
-56
-1618
1567
-233
-2708
-523
11271302
684
-1938
1644
665
-3306
-752
11272327
1571
-2282
1839
2306
-4973
-785
11273352
2370
-2563
2104
4840
-9659
695
11274377
2745
-2562
1762
8136
-13861
1364
11275402
3212
-1907
999
10589
-12427
363
11276427
3476
-889
1795
9564
-8104
141
11277452
2576
52
2720
6888
-5622
269
11278477
1296
569
2547
5074
-3743
-154
11279502
221
771
2091
4268
-1810
-432
11280527
-618
842
1752
3312
-1020
-493
11273344
-1116
749
1432
2478
-593
-531
11274369
-1450
472
1094
2182
209
-540
11275394
-1725
96
772
2287
942
-347
11276419
-1561
-206
454
2002
1365
98
11277444
-928
-406
193
1426
761
439
11278469
-49
-601
-220
986
-318
480
11279494
896
-801
-943
686
389
516
11280519
1264
-897
-1499
582
1662
782
11281544
1040
-880
-1677
1068
843
861
11282569
963
-642
-1829
1729
-460
553
11283594
1324
-366
-2004
3027
-2891
288
11284619
1212
-243
-2167
5668
-7381
508
11285644
406
28
-2612
8033
-9687
1223
11286669
-2055
655
-2363
7916
-9831
2256
11287694
-5704
1321
-1318
5521
-8666
1950
11288719
-6148
1403
-353
3205
-7956
1525
11281642
-3535
1171
-92
1055
-6291
1687
11282667
-1187
773
-14
141
-4930
1059
11283692
44
482
69
-405
-4133
311
11284717
506
372
166
-1289
-3042
229
11285742
60
218
245
-1626
-2283
343
11286767
-825
64
302
-1556
-2275
284
11287792
-904
-91
392
-1546
-2458
169
11288817
-60
-302
559
-1320
-2417
96
11289842
365
-516
753
-903
-2238
-52
11290867
225
-687
918
-822
-1653
-119
11291892
50
-928
1202
-541
-1821
-304
11292917
34
-1200
1518
-160
-2607
-541
11293942
307
-1516
1745
-10
-3578
-1180
11294967
977
-1865
1648
257
-6243
-1550
11295992
1750
-2298
1176
2653
-11900
-1179
11297017
1955
-2339
189
6121
-13948
-2305
11289728
1425
-1801
253
8442
-10727
-2550
11290753
1352
-1125
1753
6577
-8974
-903
11291778
1760
-780
2326
4304
-5816
-274
11292803
1977
-640
2172
3424
-3068
-581
11293828
1525
-512
2027
3154
-2016
-711
11294853
996
-392
1680
2938
-1126
-575
11295878
819
-272
1406
2517
-387
-447
11296903
798
-169
1202
2208
318
-420
11297928
505
-52
1015
1809
725
-396
11298953
97
8
776
1354
612
-284
11299978
-102
-2
430
933
626
-37
11301003
-186
-18
55
599
615
203
11302028
-210
-11
-320
412
358
258
11303053
-36
21
-726
549
-4
304
11304078
264
107
-1186
986
-211
372
11305103
617
229
-1701
1641
-411
403
11297920
932
386
-2214
2477
-2076
14
11298945
929
471
-2683
4031
-7386
-908
11299970
632
526
-3361
5903
-11978
-717
11300995
93
816
-3333
7622
-11540
2116
11302020
-2669
1520
-1895
6922
-12044
3110
11303045
-3871
1941
-686
3552
-9782
1488
11304070
-2264
1667
-551
1702
-4785
1029
11305095
-1653
1311
-152
949
-3938
603
11306120
-1490
1150
7
-138
-3668
225
11307145
-848
961
-119
-1115
-2199
132
11308170
-128
767
-118
-2034
-1569
322
11309195
149
500
-159
-2551
-1460
423
11310220
86
239
-326
-2674
-1252
388
11311245
-125
38
-416
-2492
-1711
561
11312270
-515
-140
-354
-1848
-3203
613
11313295
-415
-286
-115
-1288
-4259
550
11306112
377
-443
375
-848
-4805
563
11307137
1147
-672
1041
-420
-5036
263
11308162
1474
-820
1368
-343
-3303
103
11309187
1384
-1002
1893
-11
-2536
68
11310212
1030
-1188
2860
-90
-5331
-170
11311237
638
-1481
2843
-211
-6913
-110
11312262
431
-1870
2272
2167
-10521
291
11313287
-21
-1791
1568
4978
-12768
-195
11314312
144
-1449
938
5741
-8071
-704
11315337
701
-1145
1627
4107
-6427
-195
11316362
957
-1076
1751
3092
-5431
236
11317387
749
-970
1213
2659
-3940
119
11318412
395
-838
737
2251
-2816
-163
11319437
109
-722
329
1756
-1842
-296
11320462
12
-651
8
1364
-1021
-334
11321487
-4
-591
-228
1080
-432
-206
11314303
-37
-524
-450
926
-53
-61
11315328
-135
-413
-698
801
271
-30
11316353
-188
-270
-912
613
193
-23
11317378
-229
-173
-1135
560
-32
65
11318403
-203
-127
-1432
674
-253
179
11319428
162
-85
-1740
848
-691
411
11320453
1088
-84
-2035
1116
-1393
827
11321478
2822
-135
-2231
1535
-3713
1229
11322503
5770
-445
-2288
2870
-10065
2368
11323528
8820
-994
-3146
3755
-12035
2641
11324553
11215
-1425
-3355
4862
-8259
3687
11325578
8914
-1097
-2507
7220
-1178
5419
11326603
1444
232
-771
4974
1961
5800
11327628
-4794
530
843
2026
-3135
4538
11328653
-6808
356
739
1455
-4148
3694
11329678
-6522
371
515
455
-4645
2660
11322497
-4748
170
382
-268
-5032
1663
11323522
-1861
-334
452
-355
-4308
797
11324547
373
-710
614
-305
-3682
266
11325572
1681
-998
906
-423
-3212
216
11326597
2224
-1270
1110
-358
-2273
407
11327622
2026
-1468
1449
-451
-1830
655
11328647
1249
-1638
1834
-528
-1928
773
11329672
484
-1831
2184
-305
-2126
665
11330697
-102
-1993
2569
-154
-2401
441
11331722
-625
-2166
2934
4
-2783
325
11332747
-1040
-2259
3137
288
-3306
294
11333772
-925
-2346
3325
634
-4359
406
11334797
-338
-2393
3327
927
-5681
367
11335822
669
-2539
2854
2307
-7270
884
11336847
1844
-2440
1948
4129
-10184
1385
11337872
2571
-1995
689
5358
-9481
657
11330688
2575
-1455
-110
6002
-5929
193
11331713
1762
-917
-125
5531
-4535
414
11332738
800
-578
-177
4466
-3343
612
11333763
-177
-425
-374
3426
-1959
533
11334788
-975
-385
-609
2556
-1155
400
11335813
-1429
-388
-846
1797
-942
323
11336838
-1459
-441
-1035
1139
-875
421
11337863
-977
-635
-1235
599
-648
1155
11338888
182
-846
-1462
450
-808
2267
11339913
1691
-954
-1619
249
-980
2575
11340938
3326
-1087
-1621
-44
-879
1848
11341963
3984
-1180
-1627
-2
-861
1102
11342988
3005
-1189
-1955
809
-3138
1333
11344013
1874
-1244
-2592
1839
-7743
1850
11345038
1793
-1259
-2694
3608
-9672
3896
11346063
429
-716
-1410
5058
-7665
5380
11338880
-1946
9
748
2376
-7712
3699
11339905
-2510
-103
1647
30
-6636
1712
11340930
-1664
-789
1775
-73
-4438
954
11341955
-1119
-1253
1904
171
-3632
1016
11342980
-728
-1568
1971
170
-3190
1006
11344005
-166
-1908
1980
110
-2784
600
11345030
310
-2264
1950
125
-2234
33
11346055
560
-2599
1900
189
-1852
-301
11347080
664
-2904
1861
439
-1740
-419
11348105
800
-3140
1794
818
-1438
-628
11349130
903
-3302
1651
1138
-1210
-1134
11350155
1008
-3399
1395
1203
-1430
-1746
11351180
1327
-3642
1115
1885
-3220
-1677
11352205
2036
-3854
749
3372
-7051
-209
11353230
2609
-3732
270
4773
-10867
285
11354255
3235
-3207
-33
6801
-10885
387
11347072
3138
-2090
544
7360
-8941
64
11348097
2031
-1005
1289
4730
-6889
187
11349122
743
-794
1330
3322
-3817
198
11350147
-300
-800
1274
2590
-2184
577
11351172
-890
-900
1100
2278
-1938
823
11352197
-841
-923
815
1917
-1395
678
11353222
-487
-905
540
1539
-797
493
11354247
-99
-891
231
1223
-613
315
11355272
498
-842
-234
1040
-679
299
11356297
1142
-920
-676
1095
-648
270
11357322
1442
-948
-1155
1236
-526
301
11358347
1861
-1034
-1391
1509
-605
288
11359372
1972
-934
-1890
1171
-302
607
11360397
1632
-985
-2489
2034
-953
1011
11361422
1580
-1063
-2559
3083
-2786
2153
11362447
1267
-1031
-2378
4135
-5309
3443
11355265
593
-770
-2180
4388
-5834
3577
11356290
89
-467
-1642
3543
-5566
3535
11357315
-475
-384
-1044
2948
-6345
3881
11358340
-1166
-433
-718
2618
-6970
3869
11359365
-1020
-504
-451
2321
-6761
3402
11360390
-108
-541
1
1590
-5602
2971
11361415
552
-594
453
767
-4170
2430
11362440
899
-707
810
123
-3000
1739
11363465
1073
-853
1071
-270
-2395
1206
11364490
1066
-971
1222
-393
-2157
889
11365515
955
-1051
1290
-449
-2053
716
11366540
848
-1135
1339
-448
-1937
558
11367565
909
-1234
1397
-281
-2178
427
11368590
1203
-1341
1468
35
-2581
406
11369615
1393
-1418
1588
499
-3070
456
11370640
1429
-1457
1806
1039
-3832
589
11363456
1419
-1482
2043
1834
-4686
758
11364481
1532
-1489
2231
2705
-6029
1074
11365506
1704
-1520
2297
3802
-8060
1573
11366531
2002
-1437
2018
5489
-8970
1770
11367556
2238
-1007
1770
6442
-8336
1150
11368581
1892
-393
1732
5630
-6411
484
11369606
988
62
1734
4679
-4698
149
11370631
64
242
1593
3899
-3541
-135
11371656
-535
169
1336
3015
-2481
-216
11372681
-885
10
1046
2434
-1456
-96
11373706
-1169
-114
792
2025
-1114
-119
11374731
-1191
-212
499
1570
-1034
-147
11375756
-995
-314
138
1412
-717
-239
11376781
-827
-378
-244
1350
-432
-299
11377806
-722
-426
-614
1321
-377
-209
11378831
-630
-454
-1014
1485
-473
-5
11371648
-561
-398
-1503
1724
-559
165
11372673
-486
-330
-1969
2031
-583
203
11373698
-304
-268
-2421
2671
-782
38
11374723
291
-139
-2736
3490
-1839
197
11375748
816
25
-2845
4440
-3831
407
11376773
783
197
-2825
5345
-6119
893
11377798
269
445
-2655
5543
-7215
2142
11378823
-863
757
-2138
5143
-7503
3043
11379848
-1980
1020
-1618
4386
-7094
3102
11380873
-2321
1097
-1069
3431
-6613
2869
11381898
-2009
990
-673
2371
-6045
2266
11382923
-1343
754
-417
1273
-5120
1574
11383948
-573
459
-168
253
-3882
1313
11384973
39
167
106
-399
-2995
1342
11385998
463
-97
304
-671
-2534
1351
11387023
808
-344
406
-609
-2152
1295
11379843
911
-506
515
-460
-2013
1206
11380868
809
-599
645
-339
-1983
1048
11381893
599
-669
810
-180
-2125
821
11382918
440
-758
1024
35
-2453
679
11383943
450
-892
1254
535
-2859
674
11384968
696
-1048
1544
1253
-3473
711
11385993
992
-1205
1745
2089
-3982
746
11387018
1484
-1300
1796
3077
-4632
934
11388043
2195
-1312
1616
4476
-6079
1320
11389068
2768
-1146
1208
6046
-7268
1295
11390093
2785
-733
800
6407
-6580
786
11391118
2050
-251
744
5526
-5249
758
11392143
892
127
882
4658
-4574
742
11393168
174
338
838
3965
-3792
678
11394193
-365
421
646
3245
-2732
455
11395218
-902
403
441
2572
-2129
220
11388032
-1256
318
234
2100
-1961
69
11389057
-1265
224
53
1700
-1700
10
11390082
-1068
125
-116
1492
-1431
-45
11391107
-807
54
-284
1397
-1198
-100
11392132
-530
30
-445
1342
-1065
-43
11393157
-249
30
-633
1627
-999
37
11394182
18
76
-820
2078
-1002
101
11395207
271
201
-985
2365
-951
204
11396232
475
311
-1144
2864
-983
305
11397257
626
466
-1300
3496
-1731
495
11398282
610
556
-1509
4294
-3463
719
11399307
254
625
-1790
4730
-4862
1110
11400332
-384
703
-1961
4916
-5197
1714
11401357
-1279
822
-1691
4842
-5620
2315
11402382
-2167
938
-1192
4053
-6067
2685
11403407
-2482
903
-867
2927
-5547
2792
11396224
-2291
777
-695
2004
-4647
2525
11397249
-1744
659
-510
1068
-4196
2035
11398274
-974
513
-308
358
-3959
1489
11399299
-303
354
-102
-52
-3649
1098
11400324
-25
216
94
-280
-3375
996
11401349
-75
101
258
-280
-3151
1002
11402374
-226
23
448
-208
-2962
955
11403399
-407
-47
705
-242
-2820
732
11404424
-561
-174
998
-317
-2744
400
11405449
-619
-384
1294
-250
-2724
274
11406474
-537
-636
1568
-34
-2702
293
11407499
-242
-908
1804
183
-2770
266
11408524
255
-1181
1949
478
-3128
201
11409549
964
-1463
1955
1205
-4516
447
11410574
1564
-1836
1762
2835
-6521
940
11411599
1983
-2102
1384
4995
-7815
1515
11404415
2046
-1992
1231
7035
-8516
1577
11405440
2005
-1529
1297
7234
-7512
1250
11406465
2021
-1011
1429
6230
-5740
1122
11407490
1892
-512
1415
5175
-4398
979
11408515
1399
-146
1176
4399
-3196
471
11409540
424
129
792
3690
-1770
-185
11410565
-630
327
428
2952
-747
-597
11411590
-1240
416
100
2348
-135
-646
11412615
-1417
489
-214
1796
-81
-593
11413640
-1246
552
-561
1248
-268
-522
11414665
-876
540
-967
814
-212
-326
11415690
-571
481
-1434
534
-226
-12
11416715
-428
378
-1910
577
-394
304
11417740
-348
284
-2364
975
-336
571
11418765
-258
266
-2735
1545
-444
553
11419790
-156
294
-2934
2386
-964
106
11412608
95
392
-2858
3869
-3261
70
11413633
-68
480
-2287
6511
-7860
848
11414658
-935
816
-2028
8043
-8936
1369
11415683
-1651
1272
-1648
6900
-7449
1824
11416708
-2740
1593
-898
5233
-6689
2364
11417733
-3241
1708
-350
3887
-6168
2245
11418758
-2505
1592
-252
2240
-5108
1681
11419783
-1281
1283
-200
933
-3983
1288
11420808
-427
989
-49
67
-3232
1131
11421833
-29
767
109
-640
-2818
919
11422858
99
570
198
-1093
-2494
698
11423883
20
395
258
-1176
-2647
639
11424908
-247
241
318
-919
-3040
564
11425933
-521
101
488
-675
-3195
432
11426958
-705
-51
805
-552
-3100
302
11427983
-656
-252
1233
-241
-3138
306
11420808
-394
-474
1671
85
-3208
370
11421833
15
-705
1982
533
-3445
427
11422858
558
-976
2127
1522
-4412
435
11423883
1273
-1185
1965
2820
-6032
834
11424908
1773
-1335
1731
4507
-8292
916
11425933
1871
-1318
1345
5836
-8110
501
11426958
1713
-1058
1347
6020
-6589
835
11427983
1431
-724
1639
5384
-5782
1055
11429008
1378
-457
1567
4574
-4656
852
11430033
1070
-300
1293
3712
-3071
450
11431058
419
-272
1074
2894
-2266
165
11432083
-79
-348
808
2396
-1821
67
11433108
-240
-424
544
1984
-1191
80
11434133
-318
-478
327
1685
-901
56
11435158
-368
-518
139
1508
-1215
17
11436183
-364
-543
-113
1320
-1329
-60
11428992
-254
-542
-407
1066
-952
-98
11430017
-60
-529
-604
995
-1046
-63
11431042
177
-508
-761
1220
-1445
13
11432067
419
-453
-954
1671
-1624
74
11433092
598
-367
-1131
2304
-1731
105
11434117
694
-240
-1301
3123
-1937
263
11435142
652
-117
-1486
4138
-2928
304
11436167
504
-23
-1730
5065
-4659
718
11437192
-44
88
-2001
5572
-5950
1288
11438217
-956
206
-1877
5840
-7199
1826
11439242
-2241
436
-1527
4910
-6997
2087
11440267
-2948
534
-1218
3472
-5931
2292
11441292
-2618
515
-913
2061
-5263
2499
11442317
-1785
409
-709
962
-4452
2171
11443342
-948
287
-479
207
-4044
1500
11444367
-297
189
-262
-431
-3755
1079
11437185
15
114
-39
-975
-3343
1048
11438210
-108
17
144
-1163
-2859
1056
11439235
-184
-96
268
-1046
-2571
901
11440260
-1
-184
418
-1021
-2000
707
11441285
179
-322
622
-819
-1919
549
11442310
251
-475
860
-508
-2017
389
11443335
170
-643
1165
14
-2349
199
11444360
148
-871
1428
803
-3097
-50
11445385
814
-1119
1553
2046
-5222
176
11446410
1830
-1256
1557
4021
-8336
821
11447435
2531
-1175
949
5852
-8411
-87
11448460
2506
-794
729
6546
-7118
-375
11449485
1329
-285
1106
5613
-6156
198
11450510
575
39
1342
4685
-5366
362
11451535
435
248
1188
3674
-3794
262
11452560
104
294
1044
2854
-2905
167
11445376
-185
220
836
2432
-2569
54
11446401
-254
127
586
2006
-2066
-32
11447426
-173
43
353
1678
-1481
-57
11448451
-88
-6
149
1397
-1055
-94
11449476
-65
-26
-45
1150
-792
-63
11450501
-114
-27
-285
1117
-623
-17
11451526
-231
11
-561
1227
-568
-16
11452551
-342
71
-835
1480
-724
-38
11453576
-350
129
-1134
1951
-1084
-55
11454601
-147
209
-1452
2646
-1583
47
11455626
242
355
-1741
3416
-2252
40
11456651
701
517
-1934
4306
-3265
31
11457676
991
680
-1950
5188
-5227
553
11458701
837
858
-1896
5771
-6873
1633
11459726
95
1072
-1797
5426
-6360
2173
11460751
-864
1247
-1492
4340
-5114
2192
11453568
-1666
1246
-1047
3245
-4851
2183
11454593
-2043
1080
-748
2113
-4787
2031
11455618
-2047
837
-658
1019
-4295
1590
11456643
-1752
575
-497
80
-4079
1098
11457668
-1189
305
-243
-660
-4042
792
11458693
-471
29
17
-967
-3904
734
11459718
149
-185
290
-944
-3542
794
11460743
457
-301
579
-830
-3173
863
11461768
439
-347
863
-717
-2867
846
11462793
266
-365
1150
-609
-2615
749
11463818
87
-395
1445
-424
-2563
642
11464843
60
-448
1743
-135
-2671
586
11465868
219
-524
2012
310
-2929
634
11466893
620
-678
2158
1261
-4058
769
11467918
1403
-868
2080
3427
-6825
1854
11468943
1706
-789
1539
5936
-8215
1635
11461760
1797
-273
1093
7395
-7888
693
11462785
876
449
1110
7104
-5990
325
11463810
-293
1029
1386
5710
-4597
313
11464835
-852
1315
1442
4475
-3661
284
11465860
-1156
1384
1200
3247
-2543
277
11466885
-1522
1247
841
2896
-2299
115
11467910
-1482
1150
479
2609
-2141
-38
11468935
-1245
1100
113
2085
-1604
-333
11469960
-1031
1066
-182
1435
-1418
-603
11470985
-801
1020
-463
740
-1605
-513
11472010
-700
949
-830
664
-1553
-245
11473035
-788
964
-1141
1174
-1723
-202
11474060
-851
1119
-1290
1479
-2357
-368
11475085
-743
1329
-1367
1839
-2877
-527
11476110
-483
1598
-1371
2568
-3232
-404
11477135
-204
1972
-1328
3225
-3414
-107
11469952
-15
2357
-1375
3737
-3442
56
11470977
-233
2649
-1596
4521
-3331
-296
11472002
-908
2742
-1834
5255
-3800
-567
11473027
-1826
2706
-2133
4765
-3902
150
11474052
-2783
2567
-2307
3633
-3569
759
11475077
-3306
2320
-2063
3124
-4382
806
11476102
-3492
2176
-1817
2494
-6019
691
11477127
-3136
1721
-1391
1796
-7071
595
11478152
-2176
1305
-1572
960
-6638
336
11479177
-1320
1065
-1237
50
-5538
269
11480202
-1250
938
-493
-847
-5917
371
11481227
-777
761
-50
-1626
-4997
483
11482252
-18
533
368
-1736
-3769
667
11483277
422
362
707
-1303
-3190
686
11484302
585
269
1017
-887
-2675
547
11485327
429
259
1289
-411
-2027
367
11478144
246
307
1688
276
-2750
642
11479169
226
369
1951
898
-3660
1100
11480194
632
414
2050
1768
-3648
1519
11481219
1283
558
2069
3084
-4012
2040
11482244
1816
798
1963
4730
-5606
2384
11483269
1594
1164
1288
6801
-6399
2191
11484294
524
1710
448
8588
-6535
462
11485319
-1117
2554
-37
7489
-5012
-1166
11486344
-2996
3221
-258
4836
-3078
-621
11487369
-3932
3157
-203
3317
-3137
-79
11488394
-3174
2934
-281
2116
-2880
-300
11489419
-1876
2728
-650
1494
-2255
-966
11490444
-907
2527
-1102
1170
-2016
-1607
11491469
-354
2408
-1606
794
-1621
-1852
11492494
-124
2348
-2096
524
-894
-1979
11493519
-320
2355
-2436
526
-517
-1900
11486336
-862
2520
-2658
738
-615
-1937
11487361
-1122
2777
-2834
1023
-967
-2113
11488386
-655
2973
-3100
1554
-1479
-2488
11489411
104
3070
-3579
2406
-1334
-1857
11490436
16
2853
-4155
4602
-2817
-243
11491461
-1281
2547
-4630
7844
-7784
1374
11492486
-3460
2671
-5095
8445
-9150
1155
11493511
-5065
2749
-4246
6396
-8009
1072
11494536
-6446
2411
-2378
3426
-9011
1653
11495561
-6213
1591
-1114
638
-8246
2653
11496586
-4628
724
-851
-843
-5430
3114
11497611
-2553
172
-655
-1287
-4917
2502
11498636
-128
-122
-366
-1816
-5036
1572
11499661
1263
-244
66
-2019
-4034
1169
11500686
1148
-236
502
-1570
-3636
1110
11501711
435
-127
865
-1057
-3825
1045
11494603
-202
2
1195
-654
-3790
918
11495628
-628
82
1508
-138
-3649
1007
11496653
-793
92
1814
398
-3819
1188
11497678
-570
-16
2086
1074
-4286
1328
11498703
-80
-232
2310
2187
-4906
1495
11499728
550
-420
2480
3730
-5798
2150
11500753
1290
-469
2423
5750
-6883
2676
11501778
2223
-291
2166
7898
-7785
2387
11502803
2930
174
1895
8763
-7052
1549
11503828
2741
810
1696
7661
-4779
861
11504853
1494
1350
1512
5902
-2943
294
11505878
39
1499
1273
4179
-1771
35
11506903
-1152
1338
975
2979
-751
192
11507928
-2085
1148
664
2393
-328
275
11508953
-2474
1036
343
1994
-504
76
11509978
-2004
965
17
1606
-820
-26
11502720
-1263
912
-372
1304
-607
-2
11503745
-792
882
-772
1181
-253
17
11504770
-670
894
-1127
1218
-168
55
11505795
-636
904
-1437
1465
-212
124
11506820
-648
976
-1714
1712
-214
197
11507845
-612
1092
-1990
1977
-380
144
11508870
-301
1168
-2322
2504
-1046
97
11509895
341
1064
-2707
3798
-3640
598
11510920
188
878
-2997
5602
-7400
1361
11511945
-926
932
-3253
6151
-8308
1673
11512970
-2314
1137
-2807
5442
-7312
2018
11513995
-4148
1352
-1794
4084
-7245
2048
11515020
-4242
1312
-881
2363
-7481
2071
11516045
-2989
1047
-882
1114
-5422
1730
11517070
-1870
740
-786
371
-4432
933
11518095
-873
463
-500
-280
-4460
553
11510912
-98
215
-305
-593
-3771
644
11511937
139
48
-86
-763
-3118
791
11512962
98
-72
175
-905
-2792
892
11513987
-28
-176
448
-914
-2524
928
11515012
-186
-275
724
-860
-2335
830
11516037
-270
-395
1001
-755
-2441
648
11517062
-191
-546
1260
-518
-2709
522
11518087
3
-736
1474
-83
-3066
502
11519112
180
-984
1644
670
-4165
346
11520137
547
-1305
1715
1888
-6155
400
11521162
1193
-1648
1677
3945
-8147
1137
11522187
1961
-1749
1540
6191
-8828
1559
11523212
2504
-1388
1572
7179
-7962
1576
11524237
2645
-796
1838
6721
-6354
1385
11525262
2585
-175
1980
6147
-5172
837
11526287
2224
346
1831
5309
-3963
37
11519104
1338
625
1531
4050
-2486
-572
11520129
136
637
1166
3000
-1326
-639
11521154
-838
514
830
2311
-789
-289
11522179
-1429
421
552
1843
-436
-28
11523204
-1735
400
301
1578
-255
-57
11524229
-1874
385
-3
1571
-245
-301
11525254
-1855
375
-367
1658
-311
-466
11526279
-1628
381
-789
1897
-474
-486
11527304
-1216
387
-1225
2232
-684
-413
11528329
-709
395
-1655
2532
-816
-165
11529354
-148
358
-2131
3221
-1006
148
11530379
626
297
-2668
4166
-1159
473
11531404
1529
229
-3259
4709
-1087
614
11532429
2126
122
-3678
4780
-1569
1161
11533454
1040
-125
-3668
5900
-4194
1985
11534479
-940
-203
-3539
7056
-8173
2479
11527296
-1643
65
-3105
6394
-10068
1928
11528321
-746
327
-2320
4948
-8723
1918
11529346
223
504
-1240
3495
-6849
2294
11530371
159
707
-470
1616
-5052
2096
11531396
-651
789
-227
33
-3532
1331
11532421
-1241
719
-35
-610
-3345
810
11533446
-1218
604
140
-729
-3390
701
11534471
-853
446
339
-581
-3192
727
11535496
-436
300
572
-388
-2899
752
11536521
8
181
822
-281
-2568
827
11537546
317
60
1061
-73
-2461
811
11538571
480
-80
1269
330
-2613
718
11539596
702
-242
1432
924
-2698
684
11540621
970
-408
1609
1621
-2671
600
11541646
1316
-528
1830
2466
-3080
785
11542671
1687
-567
1963
3447
-4096
1461
11535488
1937
-627
1806
4881
-5447
2311
11536513
1870
-621
1485
6275
-6273
2406
11537538
1369
-432
1297
6373
-6222
1538
11538563
962
-292
1356
5991
-5570
697
11539588
937
-166
1655
5719
-5359
519
11540613
985
-12
1789
5008
-4864
677
11541638
834
127
1685
4161
-3621
635
11542663
482
270
1560
3297
-2590
309
11543688
-18
372
1404
2456
-1815
-37
11544713
-538
372
1193
1789
-1138
-292
11545738
-988
301
947
1721
-614
-355
11546763
-1385
296
640
1971
-31
-258
11547788
-1708
363
377
1958
155
-114
11548813
-2000
417
63
1843
-247
-200
11549838
-1987
387
-431
1916
-533
-241
11550863
-1458
322
-929
2094
-719
34
11543679
-551
247
-1363
2378
-1030
298
11544704
430
170
-1739
2913
-1360
407
11545729
772
212
-2076
3596
-2215
428
11546754
24
374
-2380
4505
-4196
252
11547779
-877
648
-2534
5326
-6234
693
11548804
-1479
939
-2433
5314
-7518
1370
11549829
-1985
1165
-2108
4400
-7598
2050
11550854
-2272
1226
-1685
3066
-6528
2268
11551879
-1837
1122
-1267
1790
-5066
2225
11552904
-1212
948
-1019
792
-3997
1937
11553929
-771
732
-828
117
-3716
1504
11554954
-279
470
-677
-300
-3551
1240
11555979
203
190
-538
-350
-3338
1270
11557004
452
-27
-342
-234
-3034
1401
11558029
580
-183
-83
-106
-2732
1493
11559054
679
-295
230
29
-2826
1500
11551872
851
-418
565
282
-3065
1348
11552897
991
-548
885
692
-3108
1148
11553922
1061
-633
1151
1057
-3054
1008
11554947
1135
-680
1327
1262
-3179
768
11555972
1218
-756
1370
1849
-3872
713
11556997
1221
-853
1226
2953
-4827
797
11558022
1136
-888
1027
4195
-5958
792
11559047
1152
-776
904
4879
-6596
667
11560072
1197
-555
926
4848
-6265
723
11561097
1137
-355
1161
4631
-5861
554
11562122
1200
-173
1391
4316
-4905
396
11563147
1059
11
1456
3677
-3506
341
11564172
503
136
1417
2956
-2587
146
11565197
-141
117
1311
2685
-2282
-94
11566222
-560
44
1115
2506
-1942
-107
11567247
-732
-37
940
2326
-1581
35
11560065
-738
-108
762
2408
-1279
122
11561090
-665
-77
561
2491
-977
86
11562115
-528
31
368
2516
-801
37
11563140
-361
183
140
2696
-511
24
11564165
-287
393
-137
3049
-127
55
11565190
-335
743
-463
3312
150
523
11566215
-401
1091
-838
3743
369
877
11567240
-686
1396
-1211
4562
494
311
11568265
-1344
1926
-1843
5180
41
-650
11569290
-1930
2321
-2542
5882
-3640
-1246
11570315
-2015
2511
-3072
6245
-9748
-250
11571340
-2444
2478
-3364
5221
-10257
1749
11572365
-2770
2021
-2492
3889
-9321
2714
11573390
-2466
1683
-1389
1978
-8535
3725
11574415
-1491
1094
-783
438
-7132
3178
11575440
-323
556
-442
-883
-5002
1271
11568255
458
81
-173
-1684
-4099
275
11569280
781
-347
-73
-1617
-3537
42
11570305
781
-627
39
-1497
-2999
24
11571330
473
-813
198
-1502
-2863
102
11572355
81
-977
377
-1372
-2816
46
11573380
-19
-1119
636
-1161
-2761
-202
11574405
217
-1258
1024
-1027
-2932
-407
11575430
432
-1416
1402
-863
-2890
-400
11576455
552
-1583
1710
-599
-2944
-381
11577480
731
-1750
1947
-182
-3341
-438
11578505
1048
-1878
2129
227
-4451
-650
11579530
1669
-2109
2301
1303
-8090
-418
11580555
2360
-2602
2344
4523
-12268
761
11581580
3029
-2576
2173
8420
-11981
435
11582605
3060
-1504
2335
8387
-8654
304
11583630
2207
-677
2819
6319
-6246
740
11576448
1375
-459
2779
5986
-5035
695
11577473
1028
-208
2348
5410
-3383
190
11578498
794
2
1955
4688
-1637
-194
11579523
432
170
1650
4151
-544
-456
11580548
-65
421
1309
3604
535
-653
11581573
-813
715
887
3207
1587
-901
11582598
-1401
919
443
2690
1581
-990
11583623
-1498
1035
-154
2086
232
-572
11584648
-1339
1009
-1012
2045
-71
-130
11585673
-1291
945
-1865
2184
695
241
11586698
-1276
890
-2466
2190
313
437
11587723
-901
735
-2895
2272
-205
679
11588748
-152
563
-3281
2362
-39
1318
11589773
420
453
-3625
2728
-776
1094
11590798
530
363
-4026
4287
-5109
355
11591823
-346
271
-4527
6467
-10358
1255
11584641
-1629
329
-4475
7368
-11952
2162
11585666
-2197
640
-3009
6104
-12408
2148
11586691
-1733
915
-1175
3262
-9747
1109
11587716
-818
822
-292
1098
-6405
789
11588741
-436
528
33
29
-4673
534
11589766
-190
335
241
-647
-3528
524
11590791
64
248
397
-1258
-2897
568
11591816
149
154
484
-1545
-2312
443
11592841
73
36
540
-1533
-1985
213
11593866
-38
-70
554
-1497
-1843
-52
11594891
-76
-229
551
-1325
-1867
-228
11595916
-22
-428
592
-982
-2182
-130
11596941
90
-682
730
-449
-2985
-11
11597966
195
-992
984
172
-3538
-160
11598991
415
-1319
1374
770
-4212
-372
11600016
733
-1671
1730
1589
-5999
-568
11592832
1156
-2070
1839
3174
-8887
-277
11593857
1332
-2395
1663
5710
-10347
-477
11594882
1073
-2215
1626
7806
-10042
-884
11595907
831
-1525
2074
7256
-8073
-556
11596932
830
-971
2591
5667
-5661
-51
11597957
653
-766
2576
5126
-4065
-373
11598982
490
-564
2249
4232
-2759
-873
11600007
400
-473
1842
3365
-1725
-902
11601032
337
-490
1480
2918
-1130
-549
11602057
496
-471
1186
2605
-715
-36
11603082
627
-417
878
2309
-107
178
11604107
526
-357
480
2165
596
48
11605132
307
-280
14
2034
756
3
11606157
125
-174
-529
1798
445
125
11607182
86
-72
-1142
1763
84
117
11608207
176
18
-1748
1952
-111
108
11601024
447
98
-2292
2121
-553
-9
11602049
1334
77
-2735
2409
-1192
-234
11603074
2958
-68
-3040
2642
-1911
-216
11604099
4262
-570
-3295
3179
-2418
32
11605124
3434
-1185
-3394
4966
-4077
1724
11606149
30
-1209
-3133
6615
-7413
3190
11607174
-2018
-805
-2474
6105
-9648
3659
11608199
-1283
-581
-1568
4697
-9360
3635
11609224
468
-558
-679
3183
-8602
3159
11610249
1314
-542
-312
1549
-5840
2487
11611274
616
-574
92
427
-4005
1996
11612299
-52
-599
395
-186
-4294
1977
11613324
191
-606
422
-530
-3845
2041
11614349
799
-676
458
-598
-3017
1867
11615374
1058
-768
587
-546
-2146
1336
11616399
905
-831
853
-606
-2183
838
11609215
717
-950
983
-513
-2145
473
11610240
644
-1120
1090
-285
-2291
214
11611265
680
-1417
1309
-52
-3037
-385
11612290
844
-1803
1421
59
-3304
-1457
11613315
1096
-2423
1608
520
-3796
-2443
11614340
1511
-3201
1919
1702
-4935
-2517
11615365
2391
-3770
1886
3306
-6573
-2031
11616390
3874
-4033
1465
4624
-8774
-1005
11617415
4528
-3830
953
6484
-10113
-1085
11618440
3840
-3052
802
6898
-8411
-2983
11619465
2908
-2005
1272
6010
-5619
-2725
11620490
1751
-1206
1719
5491
-3880
-1181
11621515
980
-664
1746
4577
-2363
-221
11622540
480
-350
1595
3911
-1799
-43
11623565
212
-187
1316
3548
-745
-122
11624590
-21
-50
1031
2872
163
-268
11617408
-200
19
748
2378
1079
-223
11618433
-418
125
426
1983
1641
105
11619458
-429
65
-32
1486
1913
324
11620483
-427
-126
-700
1421
1431
544
11621508
-291
-310
-1517
1398
49
391
11622533
463
-605
-2432
1398
-1481
-947
11623558
2730
-1165
-3137
1813
-3398
-2032
11624583
5790
-1947
-3493
4153
-6705
976
11625608
4943
-2687
-3213
7491
-6485
5342
11626633
1108
-2437
-2003
6223
-8742
6186
11627658
187
-2236
-634
4132
-10048
4763
11628683
875
-2055
482
2242
-7413
4405
11629708
1273
-1495
709
1399
-3304
5102
11630733
929
-942
636
920
-1761
4150
11631758
689
-671
675
108
-2462
2573
11632783
1094
-733
633
-204
-2880
1406
11625600
1299
-951
687
-556
-2817
598
11626625
978
-1260
747
-737
-2768
-209
11627650
511
-1636
880
-815
-3003
-800
11628675
476
-2123
1009
-825
-3203
-1121
11629700
837
-2693
1173
-586
-2931
-1125
11630725
1189
-3208
1371
-401
-2754
-1071
11631750
1461
-3547
1489
-255
-2487
-1264
11632775
1325
-3674
1547
-252
-2709
-2034
11633800
1143
-3726
1372
-4
-3397
-3375
11634825
1662
-3750
1083
537
-4772
-3534
11635850
2513
-3528
784
1965
-8236
-2194
11636875
2470
-2931
751
4972
-12487
-1569
11637900
1819
-2078
848
7522
-12590
-3155
11638925
1679
-1410
1549
7819
-9803
-4160
11639950
2184
-1072
2673
6622
-7061
-3291
11640975
2586
-840
2621
5082
-4484
-2126
11633791
2443
-897
2390
4425
-2755
-1772
11634816
1855
-957
2218
3924
-1498
-1879
11635841
1267
-1006
1933
3361
-595
-1434
11636866
1062
-1097
1582
3381
11
-781
11637891
975
-989
1237
3099
677
-659
11638916
981
-723
816
2561
1217
-1241
11639941
768
-613
191
2286
1518
-1542
11640966
36
-564
-768
2521
1660
-1032
11641991
-629
-364
-1733
2779
1354
-288
11643016
-1047
-122
-2608
3176
781
32
11644041
-1334
57
-3524
3906
82
200
11645066
-701
-263
-4089
5704
-664
-395
11646091
577
-126
-4447
7720
-2790
555
11647116
1388
76
-4338
8808
-6485
1671
11648141
1227
107
-4143
6924
-7077
3051
11649166
72
-37
-3940
6007
-7275
3171
11641984
-953
92
-3241
5154
-9591
2883
11643009
-1504
288
-2519
3378
-9698
2682
11644034
-1551
428
-1779
1701
-8615
2288
11645059
-938
497
-984
568
-7149
1919
11646084
-172
543
-296
-598
-4965
1422
11647109
136
517
288
-1686
-3436
806
11648134
45
395
687
-2150
-2635
200
11649159
-161
232
963
-2028
-2078
-164
11650184
-413
73
1272
-1638
-1884
-139
11651209
-695
-86
1600
-1312
-1861
133
11652234
-1156
-287
1863
-1012
-1845
104
11653259
-1761
-517
1949
-706
-2283
-230
11654284
-2180
-827
1968
-227
-2969
-533
11655309
-2325
-1223
1957
307
-3556
-876
11656334
-1983
-1738
1941
771
-4078
-1236
11657359
-885
-2243
1904
1518
-4936
-1579
11650177
480
-2663
1885
2698
-7427
-2222
11651202
1890
-3029
1765
5278
-10228
-2467
11652227
3006
-3058
1678
8265
-11163
-2886
11653252
3412
-2517
1864
9402
-9669
-3051
11654277
3183
-1681
2531
8290
-7661
-1823
11655302
2881
-1017
2985
7149
-6041
-638
11656327
2575
-583
2839
6237
-4084
-1053
11657352
2282
-192
2621
5269
-2029
-1712
11658377
1697
122
2619
4388
-1333
-1084
11659402
553
177
2487
3388
-1327
-414
11660427
-224
49
1944
2808
-629
-195
11661452
-288
-4
1296
2321
988
-472
11662477
160
-6
676
1766
2492
-827
11663502
863
5
75
1914
2655
-799
11664527
1019
78
-710
2315
2056
-871
11665552
566
70
-1716
2065
1537
-845
11658367
-92
-40
-2886
2196
1203
-451
11659392
-636
-34
-3944
2962
495
-116
11660417
-807
137
-4675
3425
-11
-345
11661442
-600
359
-5200
4007
-460
-1553
11662467
-380
404
-4980
6749
-6808
-1990
11663492
-4017
1081
-4422
8757
-12841
-135
11664517
-9056
1977
-3506
7548
-12025
-877
11665542
-10047
2425
-1464
5929
-12002
-1177
11666567
-5708
2175
-252
4160
-9989
-1649
11667592
-1133
1547
-220
2334
-7045
-1747
11668617
968
873
-140
1153
-4696
-1294
11669642
1635
363
-120
-27
-3360
-279
11670667
1697
-69
-165
-732
-2933
784
11671692
1689
-337
-180
-1133
-2516
1275
11672717
1698
-459
-117
-1215
-2232
1241
11673742
1616
-502
22
-1236
-2034
677
11666561
1471
-545
149
-1291
-1898
235
11667586
1218
-611
246
-1245
-1660
131
11668611
872
-701
411
-1011
-1645
179
11669636
572
-818
701
-864
-1872
-19
11670661
555
-1006
1080
-723
-2371
-319
11671686
933
-1262
1401
-371
-3117
-627
11672711
1566
-1491
1641
61
-3977
-1185
11673736
2278
-1767
1856
1506
-7810
-1492
11674761
2661
-2158
1613
5315
-12901
-1014
11675786
3255
-2076
1217
9485
-14754
-2330
11676811
2782
-1107
1577
10148
-11553
-2737
11677836
1981
-38
2754
7463
-7062
-883
11678861
1522
360
3295
5653
-4805
485
11679886
984
443
3210
4512
-3379
204
11680911
649
455
2884
3952
-1383
-573
11681936
207
425
2614
3528
-460
-978
11674752
-263
346
2316
2856
-37
-927
11675777
-674
233
1890
2402
776
-735
11676802
-899
171
1422
2142
1662
-666
11677827
-939
131
945
2185
1883
-658
11678852
-791
117
401
2303
866
-450
11679877
-439
143
-405
2119
147
-263
11680902
-40
93
-1409
2382
715
-15
11681927
103
-55
-2267
3092
808
136
11682952
383
-281
-2863
3598
229
219
11683977
1167
-326
-3269
3813
240
569
11685002
2033
9
-3634
3656
149
69
11686027
2797
16
-3670
5553
-5227
-426
11687052
1307
10
-4003
7812
-11630
1334
11688077
-2044
518
-4238
7808
-10766
2781
11689102
-5235
1302
-2950
6490
-11069
2295
11690127
-4519
1722
-1121
4102
-10210
346
11682945
-1445
1665
-399
1712
-6981
59
11683970
98
1367
-296
476
-4403
121
11684995
248
1140
-73
-653
-2918
158
11686020
-33
903
15
-1573
-2532
352
11687045
-438
600
-118
-1675
-2106
544
11688070
-993
363
-182
-1709
-1657
368
11689095
-1692
119
-146
-1770
-1693
-418
11690120
-2475
-241
-39
-1551
-2090
-1045
11691145
-2870
-683
143
-1099
-2905
-794
11692170
-2621
-1067
337
-628
-3134
372
11693195
-1749
-1317
578
-32
-3172
1341
11694220
-251
-1441
1004
355
-4249
986
11695245
1430
-1478
1374
442
-4833
-75
11696270
2410
-1427
1551
1475
-5885
-463
11697295
2143
-1253
1632
3409
-7971
-221
11698320
1094
-1078
1521
4212
-8343
-1660
11691137
-373
-1012
1840
5542
-9560
-2314
11692162
-733
-1067
2036
6363
-10771
-2336
11693187
1156
-1230
2385
5973
-9408
-1976
11694212
2870
-1272
2335
5069
-6859
-1361
11695237
3275
-1151
2377
4855
-5054
-804
11696262
2933
-918
2173
4641
-3511
-694
11697287
2517
-647
1962
3652
-2090
-720
11698312
2126
-495
1832
2791
-1011
-631
11699337
1619
-425
1731
2412
-415
-581
11700362
1078
-349
1522
2517
134
-674
11701387
598
-166
1252
2410
732
-864
11702412
250
77
876
2075
1377
-951
11703437
-25
334
351
2028
1495
-889
11704462
-416
601
-362
2159
1371
-858
11705487
-839
849
-1166
2134
1275
-650
11706512
-1188
1005
-1956
2241
629
-357
11699327
-1176
1011
-2721
2513
-216
70
11700352
-618
968
-3488
2628
-420
1076
11701377
213
907
-4261
2926
-956
1171
11702402
1592
576
-4508
4597
-5321
-781
11703427
1940
177
-4200
6621
-10337
207
11704452
632
-6
-4216
7648
-9509
2355
11705477
-1393
264
-3097
6708
-10301
3426
11706502
-2650
649
-1958
4838
-10311
2813
11707527
-1882
760
-1199
3156
-7526
1707
11708552
-932
757
-765
1572
-5720
1003
11709577
-421
641
-514
311
-4736
676
11710602
-116
444
-333
-518
-3854
596
11711627
17
277
-198
-1150
-3124
621
11712652
-12
146
20
-1741
-3045
636
11713677
-255
-6
156
-1915
-2961
526
11714702
-405
-139
315
-1792
-2857
376
11707521
-385
-248
566
-1685
-2845
321
11708546
-261
-384
875
-1502
-2614
259
11709571
-97
-542
1227
-1199
-2325
154
11710596
-41
-702
1607
-755
-2544
98
11711621
-154
-850
1989
-373
-3179
34
11712646
-57
-1006
2346
-71
-4744
-415
11713671
961
-1323
2567
1380
-10084
-116
11714696
2168
-1794
2255
6060
-13992
692
11715721
2820
-1443
1928
10565
-13010
127
11716746
1916
-389
2578
8796
-9501
543
11717771
1261
81
3507
6383
-6556
1128
11718796
1276
112
3479
5602
-4261
555
11719821
1082
106
3129
4486
-2506
85
11720846
653
34
2697
3957
-1299
-261
11721871
258
-13
2247
3516
-705
-560
11722896
91
-2
1784
2840
-67
-573
11715713
85
35
1263
2463
1012
-490
11716738
-27
203
748
2213
1728
-537
11717763
-273
419
200
2012
1447
-698
11718788
-625
576
-464
1936
975
-759
11719813
-1064
703
-1253
2027
811
-668
11720838
-1372
869
-2025
2284
552
-514
11721863
-1406
1036
-2665
2649
-105
-374
11722888
-1052
1170
-3199
2828
-623
-178
11723913
-317
1180
-3697
3276
-1431
-441
11724938
708
1068
-3951
4590
-4952
-913
11725963
797
983
-3955
6000
-9309
219
11726988
-1100
993
-3894
6456
-8360
1504
11728013
-3781
1394
-2898
5446
-9345
1919
11729038
-4846
1739
-1743
3608
-9943
1769
11730063
-3587
1680
-1285
1949
-7893
1181
11731088
-1946
1459
-1176
908
-6219
288
11723904
-740
1219
-875
118
-5395
89
11724929
-72
988
-601
-578
-4388
356
11725954
103
773
-446
-871
-3402
458
11726979
31
606
-265
-1022
-3032
484
11728004
-57
459
-52
-1055
-3026
429
11729029
-31
307
201
-987
-3013
297
11730054
98
146
493
-869
-2966
184
11731079
245
-31
790
-605
-2975
78
11732104
326
-202
1090
-184
-3151
-6
11733129
365
-367
1412
392
-3807
49
11734154
435
-541
1703
1208
-5058
231
11735179
836
-732
1794
2828
-6764
740
11736204
1419
-747
1784
4731
-7836
889
11737229
1863
-458
1745
5725
-7448
632
11738254
1815
19
1829
6020
-6662
830
11739279
1310
514
1895
6369
-5877
789
11732097
855
959
1725
6134
-4677
277
11733122
326
1294
1490
4999
-3113
11
11734147
-490
1454
1263
3964
-1986
-44
11735172
-1217
1479
950
3387
-1564
-63
11736197
-1502
1486
595
2889
-1324
-65
11737222
-1459
1499
246
2379
-926
-96
11738247
-1365
1515
-101
2002
-740
-171
11739272
-1239
1572
-457
1832
-727
-315
11740297
-1060
1663
-797
1806
-690
-484
11741322
-843
1831
-1116
1762
-708
-597
11742347
-651
2026
-1448
1906
-816
-656
11743372
-571
2310
-1868
2195
-797
-718
11744397
-507
2572
-2360
2840
-1036
-971
11745422
-415
2779
-2887
3513
-1161
-1212
11746447
-387
2876
-3385
4361
-2122
-1388
11747472
-499
2799
-3866
5471
-4312
-1463
11740289
-1506
2626
-4125
6420
-6513
-1124
11741314
-3673
2510
-3954
6543
-7564
-316
11742339
-5628
2612
-3308
5758
-7900
307
11743364
-5354
2534
-2426
4291
-8330
735
11744389
-3277
2049
-1869
2728
-7104
377
11745414
-1495
1528
-1600
1283
-5762
-214
11746439
-741
1128
-1359
212
-4596
-263
11747464
-901
915
-1110
-460
-4042
56
11748489
-1318
813
-818
-780
-4220
409
11749514
-1541
771
-496
-1003
-4150
611
11750539
-1545
771
-127
-1092
-4081
621
11751564
-1364
793
250
-966
-3971
563
11752589
-1208
806
599
-654
-3799
495
11753614
-1242
797
904
-288
-3660
568
11754639
-1354
767
1168
104
-3541
814
11755664
-1410
740
1433
533
-3616
1099
11748479
-1261
726
1719
959
-4040
1192
11749504
-915
685
1991
1539
-4889
1266
11750529
-738
608
2197
2435
-5699
1387
11751554
-603
532
2362
3544
-6507
1519
11752579
-168
538
2415
5124
-7082
1906
11753604
423
684
2241
6752
-7306
1642
11754629
602
940
1942
7173
-6802
838
11755654
185
1167
1611
6592
-5452
481
11756679
-489
1353
1364
5391
-3801
508
11757704
-855
1485
1256
4070
-2589
457
11758729
-1055
1548
1084
3030
-1477
92
11759754
-1212
1560
930
2174
-818
-313
11760779
-1267
1536
736
1555
-321
-550
11761804
-1197
1532
458
1304
110
-543
11762829
-947
1642
148
1260
445
-625
11763854
-703
1853
-206
1235
587
-835
11756672
-585
2052
-657
1293
413
-946
11757697
-506
2216
-1249
1435
-70
-739
11758722
-407
2318
-2040
1916
-545
-563
11759747
-164
2343
-2935
2582
-1213
-798
11760772
522
2149
-3850
3430
-2848
-1036
11761797
1270
1737
-4496
5139
-6589
-433
11762822
41
1573
-4756
6799
-8296
1139
11763847
-2850
1731
-4154
6936
-7315
1746
11764872
-4944
2050
-2593
4831
-8716
1227
11765897
-3921
1932
-1470
2209
-7996
1139
11766922
-1925
1398
-1243
620
-5892
778
11767947
-671
963
-1128
-402
-4644
334
11768972
-153
644
-922
-791
-4219
324
11769997
-236
460
-707
-888
-3904
547
11771022
-563
394
-460
-843
-3666
755
11772047
-742
394
-128
-619
-3787
1001
11764864
-867
399
272
-389
-3991
1104
11765889
-966
377
626
-254
-3757
997
11766914
-931
286
977
26
-3883
877
11767939
-741
133
1311
418
-4025
878
11768964
-508
-66
1649
910
-4084
991
11769989
-393
-302
2000
1509
-4559
994
11771014
-265
-557
2272
2058
-5436
813
11772039
207
-867
2375
3053
-6815
910
11773064
1075
-1135
2270
4903
-7926
1267
11774089
1831
-1095
2066
6451
-7748
1269
11775114
2010
-703
2020
6315
-6293
1091
11776139
1881
-271
2175
5615
-5091
1049
11777164
1822
98
2213
4995
-4197
900
11778189
1656
402
2025
4196
-2755
515
11779214
1099
617
1751
3543
-1536
27
11780239
328
763
1454
2900
-881
-246
11773056
-297
834
1075
2445
-315
-460
11774081
-568
887
630
2192
92
-749
11775106
-665
962
175
2082
395
-835
11776131
-757
1017
-304
2019
359
-683
11777156
-890
1032
-842
1961
3
-440
11778181
-993
1008
-1466
2077
-390
-92
11779206
-1001
955
-2149
2420
-535
149
11780231
-833
889
-2782
2784
-632
218
11781256
-472
852
-3294
3107
-1177
48
11782281
-65
845
-3579
4038
-3010
-15
11783306
-488
885
-3386
5587
-6337
436
11784331
-1722
1082
-3072
6155
-8021
1495
11785356
-2738
1392
-2635
5240
-8047
2178
11786381
-3198
1609
-2091
4130
-7705
2136
11787406
-2666
1610
-1564
2874
-7040
1475
11788431
-1643
1419
-1342
1479
-6031
831
11781248
-882
1098
-1209
322
-5024
605
11782273
-502
746
-986
-412
-4344
788
11783298
-391
432
-763
-613
-4063
958
11784323
-251
210
-477
-590
-4168
975
11785348
-21
61
-115
-474
-4202
884
11786373
117
-32
282
-452
-3788
722
11787398
111
-110
716
-523
-3477
629
11788423
59
-212
1088
-542
-3119
601
11789448
35
-354
1395
-427
-2917
534
11790473
153
-522
1632
-141
-3055
438
11791498
361
-707
1802
339
-3426
292
11792523
549
-907
1921
897
-4138
129
11793548
769
-1143
1961
1742
-5667
223
11794573
1055
-1444
1955
3609
-7915
636
11795598
1389
-1580
1863
5888
-8589
747
11796623
1718
-1300
1941
6612
-8052
830
11789440
1797
-914
2316
5932
-6946
944
11790465
2001
-606
2525
5434
-5616
1054
11791490
2157
-298
2406
5074
-4183
855
11792515
1881
-16
2171
4376
-2828
324
11793540
1236
162
1920
3554
-1823
-138
11794565
474
233
1633
2912
-1095
-343
11795590
-230
222
1307
2436
-570
-390
11796615
-780
190
933
2097
-143
-386
11797640
-1248
207
509
1921
282
-445
11798665
-1599
269
63
1881
441
-511
11799690
-1803
336
-440
2134
313
-561
11800715
-1883
391
-981
2419
-50
-488
11801740
-1821
400
-1572
2551
-393
-192
11802765
-1309
325
-2250
2848
-460
408
11803790
-215
274
-2915
3390
-483
1109
11804815
1118
280
-3474
3884
-737
1222
11797632
2279
113
-4028
4174
-1052
321
11798657
2433
-356
-4326
6345
-4638
-262
11799682
661
-460
-4390
8788
-9563
1833
11800707
-2126
42
-4166
8470
-9956
3027
11801732
-3666
669
-2807
6452
-9751
2868
11802757
-3103
1086
-1249
3757
-8598
2131
11803782
-1358
1113
-495
1016
-6335
1628
11804807
-380
853
-428
-337
-4190
859
11805832
-158
663
-232
-760
-3592
502
11806857
-59
576
-107
-1118
-3582
442
11807882
-67
488
16
-1333
-3349
366
11808907
-298
374
235
-1246
-3367
353
11809932
-584
253
507
-1051
-3289
319
11810957
-658
110
864
-866
-3454
192
11811982
-534
-105
1240
-626
-3686
-13
11813007
-197
-377
1588
-247
-3777
-145
11805825
232
-663
1890
375
-4111
-238
11806850
605
-938
2112
1159
-4519
-240
11807875
895
-1202
2239
2255
-5220
-33
11808900
1183
-1410
2233
3663
-6231
413
11809925
1551
-1501
2134
5078
-6943
583
11810950
1870
-1412
2015
6052
-6703
442
11811975
2023
-1161
2048
6044
-5999
582
11813000
1971
-899
2154
5617
-5233
906
11814025
1772
-683
2092
5362
-4446
906
11815050
1480
-449
1844
5046
-3418
641
11816075
965
-219
1587
4366
-2434
263
11817100
352
-56
1320
3509
-1737
65
11818125
-194
-14
997
2958
-1187
148
11819150
-632
-16
639
2715
-748
197
11820175
-951
14
303
2446
-372
-99
11821200
-1061
29
-29
2254
-149
-375
11814036
-1055
20
-448
2379
-88
-400
11815061
-1055
86
-932
2609
-142
-377
11816086
-1095
216
-1406
2786
-263
-386
11817111
-958
352
-1841
2929
-604
-179
11818136
-388
510
-2251
3230
-1015
286
11819161
540
810
-2607
3470
-946
748
11820186
1127
1187
-2977
3724
-749
618
11821211
311
1451
-3496
4412
-1746
609
11822236
-1730
1628
-4193
5119
-4644
-64
11823261
-3519
1753
-4704
6175
-5876
-706
11824286
-3844
1698
-3889
7684
-9185
1173
11825311
-2982
1385
-2097
6279
-12497
1925
11826336
-1029
875
-1254
3300
-9080
1325
11827361
544
221
-802
1624
-5476
808
11828386
881
-130
-261
34
-4113
596
11829411
665
-354
55
-861
-3830
474
11822209
626
-503
179
-854
-3377
452
11823234
553
-521
354
-778
-3155
442
11824259
393
-468
584
-884
-3258
400
11825284
299
-449
829
-841
-3015
380
11826309
203
-459
1138
-621
-2866
393
11827334
169
-493
1498
-367
-2963
396
11828359
285
-580
1877
69
-3299
343
11829384
539
-734
2228
689
-3925
-41
11830409
962
-981
2458
1647
-5023
-305
11831434
1431
-1328
2428
3462
-6808
242
11832459
1923
-1638
2200
6574
-9203
731
11833484
2051
-1482
1913
9028
-9085
-133
11834509
2041
-847
1955
8126
-6078
-512
11835534
1663
-352
2488
6490
-4440
-55
11836559
1062
-176
2588
5486
-3496
188
11837584
533
-166
2285
4387
-2135
193
11830400
184
-232
2001
3575
-1107
210
11831425
38
-265
1795
2899
-761
167
11832450
25
-253
1509
2386
-406
77
11833475
-4
-223
1160
2090
33
-17
11834500
-127
-158
734
1948
464
-83
11835525
-301
-70
205
1961
651
-64
11836550
-387
20
-367
2075
255
143
11837575
-348
112
-1006
2257
-48
426
11838600
-179
247
-1711
2550
53
542
11839625
159
406
-2398
3036
-39
732
11840650
393
558
-3057
3844
68
1149
11841675
-398
794
-3690
4785
608
1449
11842700
-2019
1088
-4391
5532
-227
467
11843725
-2434
1213
-4682
7120
-5484
-1250
11844750
-1683
1420
-4586
8120
-9824
-4
11845775
-1889
1404
-4040
7896
-9064
1281
11838591
-2238
1422
-2428
6404
-8490
2031
11839616
-1559
1288
-1085
4061
-7618
2277
11840641
-648
948
-698
2060
-5798
1129
11841666
-558
679
-539
234
-4415
-272
11842691
-456
375
-263
-795
-4434
-639
11843716
-9
47
-75
-1128
-4335
-409
11844741
271
-245
175
-1182
-3979
-150
11845766
289
-456
503
-1178
-3677
8
11846791
287
-602
867
-1079
-3241
204
11847816
164
-737
1289
-843
-3152
157
11848841
105
-882
1696
-576
-3340
-66
11849866
275
-1056
2006
-149
-3506
-211
11850891
575
-1242
2220
543
-3959
-268
11851916
999
-1451
2318
1602
-4969
-58
11852941
1326
-1672
2257
3256
-6331
458
11853966
1563
-1782
2206
5332
-8081
904
11846989
1736
-1664
2195
7144
-8477
464
11848014
1863
-1228
2427
7636
-7457
548
11849039
1826
-673
2886
7288
-6262
1072
11850064
1668
-187
2979
6862
-4881
915
11851089
1313
266
2729
5838
-3222
108
11852114
705
596
2463
4548
-1818
-464
11853139
-43
719
2142
3502
-923
-472
11854164
-471
697
1680
2615
-167
-197
11855189
-397
596
1129
2039
814
-140
11856214
-239
491
547
1800
1378
-222
11857239
-177
355
-128
1889
1261
-57
11858264
-206
228
-905
2126
1136
232
11859289
-292
167
-1641
2288
808
423
11860314
-381
183
-2262
2440
421
481
11861339
-454
151
-2847
2936
70
179
11862364
-353
160
-3296
3336
-490
-205
11854977
180
134
-3629
4129
-1710
-351
11856002
364
95
-3699
5658
-4128
107
11857027
-581
267
-3452
6988
-7457
1015
11858052
-2161
621
-2991
7118
-10259
1391
11859077
-2390
933
-2581
5652
-9333
967
11860102
-1215
996
-1642
4100
-7537
666
11861127
-444
932
-626
2603
-7269
1036
11862152
-629
815
-459
714
-5940
1052
11863177
-707
541
-490
-583
-4490
785
11864202
-553
216
-201
-1138
-4175
869
11865227
-251
-52
148
-1278
-4260
1026
11866252
106
-201
449
-1275
-3914
986
11867277
317
-262
663
-1166
-3279
823
11868302
300
-287
834
-805
-2943
653
11869327
96
-292
1025
-406
-3096
512
11870352
-73
-333
1223
3
-3425
441
11863167
-145
-396
1444
349
-3374
515
11864192
-126
-479
1694
656
-3328
676
11865217
-44
-588
2004
1063
-3779
736
11866242
136
-717
2288
1736
-4663
641
11867267
477
-829
2449
2833
-5684
542
11868292
716
-792
2383
4419
-6888
270
11869317
810
-579
2063
5854
-7210
-345
11870342
690
-245
1769
6327
-6241
-573
11871367
170
14
1736
5731
-4986
-353
11872392
-387
26
1686
5053
-4309
-35
11873417
-398
-156
1472
4677
-3633
183
11874442
-73
-362
1115
4136
-2491
349
11875467
186
-570
739
3323
-1465
355
11876492
448
-803
371
2587
-811
390
11877517
793
-1050
-60
2284
-393
649
11878542
1193
-1197
-546
2204
-473
996
11871360
1431
-1186
-1103
1939
-257
908
11872385
1207
-1129
-1739
1705
510
388
11873410
724
-1048
-2257
1671
715
-158
11874435
584
-920
-2648
2070
-292
105
11875460
937
-820
-2747
2971
-2516
785
11876485
971
-562
-2666
3760
-4619
1419
11877510
450
-165
-2458
4393
-6240
1559
11878535
-247
266
-1996
4353
-7062
1675
11879560
-1050
607
-1406
3424
-6862
1967
11880585
-1797
748
-771
2462
-6690
2027
11881610
-1906
679
-259
1868
-6855
1459
11882635
-1380
459
-83
1387
-6113
823
11883660
-768
137
55
999
-5377
662
11884685
-76
-218
264
707
-4801
944
11885710
521
-541
476
520
-4053
1243
11886735
899
-778
713
419
-3372
1280
11879552
1011
-925
953
357
-2934
1080
11880577
985
-1013
1150
347
-2858
787
11881602
957
-1066
1309
330
-2812
667
11882627
813
-1119
1462
381
-2801
573
11883652
673
-1173
1653
470
-2909
414
11884677
654
-1271
1890
610
-3111
177
11885702
809
-1404
2063
898
-3262
-50
11886727
1064
-1574
2152
1482
-3965
-198
11887752
1559
-1721
2048
2406
-5298
-102
11888777
2159
-1736
1724
3632
-6404
376
11889802
2340
-1539
1368
4870
-6878
158
11890827
2086
-1135
1001
5331
-5860
-330
11891852
1513
-689
979
5052
-4879
8
11892877
775
-329
929
4574
-4043
277
11893902
-71
-50
691
4140
-2788
-52
11894927
-1108
159
431
3362
-1594
-460
11887744
-2208
232
116
2647
-1057
-622
11888769
-2906
247
-225
2027
-963
-516
11889794
-3069
236
-559
1689
-887
-455
11890819
-2752
252
-862
1394
-1023
-358
11891844
-2049
248
-1241
1249
-1199
-149
11892869
-1098
218
-1692
1356
-1466
29
11893894
47
157
-2108
1602
-1747
117
11894919
1382
91
-2406
1958
-2131
266
11895944
2439
-6
-2460
2485
-3228
406
11896969
2949
-104
-2361
2972
-4677
668
11897994
2617
-156
-2202
3575
-5468
1274
11899019
1168
-135
-1936
4308
-5935
1789
11900044
-376
68
-1524
4149
-6562
2009
11901069
-1057
217
-1043
3003
-6364
1618
11902094
-813
120
-546
1625
-5722
950
11903119
-11
-230
-136
635
-5731
481
11895936
933
-701
-15
282
-5405
372
11896961
1524
-1108
24
477
-4739
343
11897986
1666
-1344
239
633
-4463
219
11899011
1649
-1470
551
589
-4303
129
11900036
1615
-1583
839
479
-3858
49
11901061
1626
-1716
1067
390
-3381
-41
11902086
1743
-1873
1242
325
-2918
-146
11903111
1754
-2082
1429
346
-2726
-360
11904136
1677
-2325
1579
503
-2813
-606
11905161
1842
-2598
1680
850
-2854
-703
11906186
1993
-2882
1788
1424
-3076
-791
11907211
1886
-3119
1849
1994
-3610
-1285
11908236
1952
-3300
1711
2588
-4561
-1811
11909261
2387
-3384
1345
3239
-5798
-1935
11910286
2906
-3304
928
4202
-7466
-1869
11911311
2874
-2988
621
5671
-8227
-2169
11904128
2346
-2345
535
6014
-6650
-2775
11905153
1887
-1606
951
5220
-4950
-2249
11906178
1293
-1015
1428
4174
-3772
-1527
11907203
867
-721
1497
3410
-2685
-1449
11908228
727
-601
1339
2930
-1676
-1391
11909253
486
-518
1113
2588
-856
-1167
11910278
156
-495
821
2174
-591
-823
11911303
-39
-557
383
1983
-477
-499
11912328
-86
-617
-128
1813
-407
-176
11913353
-13
-722
-680
1528
-575
145
11914378
264
-904
-1246
1398
-835
522
11915403
659
-1127
-1836
1593
-977
861
11916428
1334
-1339
-2315
1721
-1216
1094
11917453
2349
-1631
-2706
1911
-1179
1278
11918478
3259
-1998
-3000
2583
-1136
1323
11919503
3427
-2335
-3063
4059
-2480
1671
11912320
2296
-2469
-2950
5579
-4887
2791
11913345
-281
-2242
-2739
6173
-5978
3176
11914370
-1864
-1624
-2128
5944
-8383
3390
11915395
-2398
-894
-1442
4696
-8979
3639
11916420
-938
-621
-906
2909
-7754
2640
11917445
1164
-736
-489
2477
-5623
1480
11918470
1915
-558
179
1593
-4605
1362
11919495
1435
-430
420
833
-3277
1350
11920520
826
-364
440
406
-2795
816
11921545
755
-336
576
-2
-3018
374
11922570
856
-437
745
-210
-3217
7
11923595
843
-673
941
-438
-2936
-484
11924620
705
-1060
1130
-539
-2405
-729
11925645
666
-1544
1311
-316
-2472
-763
11926670
970
-2011
1412
26
-2665
-543
11927695
1449
-2403
1440
548
-2884
-217
11920513
1954
-2673
1468
1034
-3344
-354
11921538
2629
-2859
1481
1543
-4257
-834
11922563
3214
-2960
1437
2622
-5875
-1075
11923588
3342
-2865
1353
4394
-7709
-1357
11924613
3114
-2508
1356
5955
-8510
-1644
11925638
2740
-1894
1577
6369
-7745
-1350
11926663
2426
-1233
2070
5498
-6382
-1017
11927688
2325
-723
2328
5109
-5547
-1051
11928713
2072
-325
2180
5132
-4555
-1599
11929738
1361
-52
1948
4688
-3404
-1996
11930763
538
38
1793
3882
-2357
-1719
11931788
146
-43
1701
3240
-1624
-1214
11932813
115
-181
1551
2842
-1061
-956
11933838
174
-293
1318
2492
-561
-1008
11934863
201
-412
981
2354
-146
-1161
11935888
200
-510
552
2215
92
-1066
11928704
209
-581
-24
2202
108
-660
11929729
170
-636
-625
2291
-98
-342
11930754
44
-695
-1239
2363
-374
-137
11931779
-83
-782
-1872
2606
-375
-392
11932804
127
-809
-2366
3336
-729
-482
11933829
807
-784
-2399
4505
-3203
290
11934854
1035
-678
-2310
5185
-6574
1032
11935879
558
-521
-2440
4788
-6706
1157
11936904
-121
-390
-2252
4675
-5253
1563
11937929
-990
-100
-1655
4387
-6129
2286
11938954
-1499
184
-1115
3370
-6549
2343
11939979
-1495
319
-919
2417
-5791
1865
11941004
-1085
433
-641
1498
-5164
1824
11942029
-732
418
-517
928
-4325
1646
11943054
-784
465
-270
29
-3340
1479
11944079
-728
359
-134
-208
-3336
1534
11936896
-510
198
-68
-341
-2742
1440
11937921
-544
30
20
-493
-2468
1188
11938946
-353
-193
47
-327
-2892
873
11939971
-13
-401
155
-206
-2856
615
11940996
327
-630
288
-55
-2714
385
11942021
589
-824
581
150
-2808
420
11943046
746
-991
935
388
-3420
511
11944071
954
-1165
1206
974
-3960
479
11945096
1240
-1318
1378
1771
-4330
319
11946121
1594
-1425
1439
2618
-5191
311
11947146
1949
-1436
1420
3849
-6788
313
11948171
2399
-1299
1334
5294
-7866
141
11949196
2716
-886
1218
6099
-7216
39
11950221
2311
-346
1371
5628
-5598
19
11951246
1518
149
1560
4710
-4393
-71
11952271
771
448
1571
4147
-3653
-337
11945089
72
561
1395
3678
-2912
-575
11946114
-551
538
1117
3268
-2257
-800
11947139
-941
456
859
2852
-1764
-917
11948164
-1017
324
639
2471
-1423
-842
11949189
-918
198
388
2150
-999
-704
11950214
-776
137
69
2047
-624
-622
11951239
-651
165
-302
2134
-377
-746
11952264
-598
202
-695
2212
-343
-800
11953289
-588
190
-1143
2423
-489
-500
11954314
-506
214
-1627
2731
-673
-117
11955339
-280
279
-2066
3166
-733
-52
11956364
-4
425
-2419
3538
-582
-225
11957389
352
563
-2695
4202
-1352
-411
11958414
402
601
-2649
5195
-4733
-227
11959439
-352
532
-2716
5831
-6754
492
11960464
-899
536
-2733
5721
-5912
1551
11953279
-1161
578
-2032
5331
-6647
1675
11954304
-1172
544
-1307
4237
-7157
1265
11955329
-1144
414
-858
2784
-6206
1287
11956354
-893
307
-641
1614
-4979
1654
11957379
-588
260
-458
585
-4130
1584
11958404
-423
195
-231
-178
-3670
1250
11959429
-249
121
-25
-556
-3440
1202
11960454
-122
57
170
-622
-3291
1362
11961479
-29
-1
324
-436
-3005
1377
11962504
-5
-21
517
-227
-2731
1182
11963529
-36
-14
771
-215
-2667
983
11964554
-136
-77
1033
-77
-2766
748
11965579
-229
-189
1292
193
-3155
550
11966604
-72
-363
1519
549
-3475
368
11967629
336
-607
1724
1220
-4253
220
11968654
946
-904
1875
2260
-5504
258
11961472
1532
-1186
1853
3811
-6538
613
11962497
1916
-1276
1726
5362
-7134
545
11963522
2213
-1086
1693
6078
-7137
249
11964547
2239
-753
1800
6086
-6141
300
11965572
1944
-364
1928
5874
-5049
305
11966597
1421
28
1877
5297
-3966
74
11967622
689
312
1670
4415
-2748
-177
11968647
-131
417
1452
3638
-1861
-286
11969672
-712
381
1241
2990
-1350
-255
11970697
-978
290
1026
2474
-1021
-163
11971722
-1030
200
768
2066
-748
-126
11972747
-926
129
437
1768
-558
-152
11973772
-732
107
35
1682
-375
-230
11974797
-599
139
-422
1768
-239
-297
11975822
-542
189
-895
1857
-360
-286
11976847
-549
210
-1411
2048
-753
-114
11969665
-415
208
-1951
2306
-1059
-49
11970690
17
199
-2418
2722
-1369
-9
11971715
610
214
-2678
3553
-2493
-18
11972740
943
248
-2620
4869
-4961
19
11973765
489
394
-2400
5850
-6542
702
11974790
-604
664
-2130
5691
-6289
1652
11975815
-2020
952
-1704
4945
-6052
1996
11976840
-2913
1167
-1201
3989
-5889
1779
11977865
-2780
1194
-867
2857
-5618
1297
11978890
-2041
1038
-736
1882
-5183
804
11979915
-1079
814
-676
1046
-4609
643
11980940
-387
590
-579
382
-3856
698
11981965
-100
385
-427
-119
-3459
776
11982990
40
189
-306
-334
-3169
791
11984015
136
35
-142
-305
-3123
825
11985040
159
-96
4
-151
-3221
772
11977856
136
-200
182
52
-3329
617
11978881
155
-301
435
175
-3323
456
11979906
268
-436
743
291
-3136
304
11980931
435
-576
1122
378
-3109
400
11981956
551
-753
1431
533
-3425
428
11982981
797
-973
1630
1038
-4196
334
11984006
1092
-1219
1757
2133
-5594
307
11985031
1319
-1379
1771
3465
-6902
442
11986056
1516
-1386
1756
4671
-7599
445
11987081
1625
-1176
1856
5519
-7246
521
11988106
1559
-823
2057
5720
-6509
507
11989131
1559
-421
2121
5191
-5604
301
11990156
1473
-114
2002
4647
-4287
147
11991181
1064
116
1840
4095
-3102
63
11992206
560
250
1641
3465
-2247
-58
11993231
161
295
1399
2863
-1481
-202
11986156
-188
276
1124
2320
-957
-234
11987181
-422
205
826
1857
-708
-165
11988206
-511
129
474
1622
-493
-107
11989231
-506
98
81
1522
-323
-131
11990256
-456
110
-332
1459
-286
-208
11991281
-370
121
-785
1532
-428
-133
11992306
-333
136
-1293
1790
-722
-69
11993331
-217
168
-1850
2080
-967
-111
11994356
80
170
-2388
2469
-1354
-210
11995381
532
144
-2812
3157
-2566
-238
11996406
774
71
-2983
4419
-4636
-178
11997431
284
114
-2845
5322
-5848
275
11998456
-693
347
-2417
5185
-6122
1206
11999481
-1790
649
-1847
4698
-5759
1950
12000506
-2388
907
-1238
4081
-5850
2104
12001531
-2168
997
-926
3166
-5805
1714
11994240
-1557
891
-935
2498
-5201
1074
11995265
-968
734
-898
1975
-4681
742
11996290
-531
595
-786
1298
-4203
786
11997315
-279
437
-670
712
-3616
878
11998340
-200
260
-564
350
-3125
965
11999365
-256
90
-448
218
-2970
980
12000390
-267
-60
-313
236
-3076
905
12001415
-121
-193
-169
280
-3265
729
12002440
74
-324
27
381
-3396
531
12003465
197
-456
296
446
-3289
422
12004490
273
-590
610
470
-3196
467
12005515
374
-741
926
589
-3390
544
12006540
503
-913
1180
815
-3635
429
12007565
657
-1101
1372
1200
-4114
219
12008590
867
-1304
1488
2022
-5230
173
12009615
1274
-1479
1516
3399
-6818
448
12002431
1706
-1506
1546
4812
-7807
357
12003456
1953
-1314
1672
5705
-7601
228
12004481
1879
-950
1959
5718
-6669
332
12005506
1730
-548
2242
5187
-5752
373
12006531
1646
-211
2245
4862
-4773
250
12007556
1368
104
2105
4457
-3501
-115
12008581
842
376
1961
3833
-2463
-601
12009606
220
539
1801
3046
-1633
-960
12010631
-316
554
1574
2379
-954
-878
12011656
-732
471
1250
2225
-302
-667
12012681
-983
415
872
2161
402
-602
12013706
-987
343
448
2148
967
-491
12014731
-802
244
-61
2378
1105
-226
12015756
-582
216
-663
2617
714
62
12016781
-266
256
-1402
2594
532
249
12017806
-134
211
-2238
2801
339
292
12010624
-330
163
-3130
3256
-310
80
12011649
-379
190
-3965
3654
-914
-801
12012674
222
267
-4553
4525
-2332
-1521
12013699
1270
104
-4476
6536
-7066
-789
12014724
423
210
-4093
7453
-8801
2018
12015749
-2704
659
-3488
6615
-6581
2820
12016774
-4521
1145
-2086
5472
-8314
1787
12017799
-3694
1302
-1185
3687
-7959
850
12018824
-2529
1117
-954
2051
-6681
188
12019849
-1385
827
-763
944
-5581
36
12020874
-239
545
-478
-10
-4515
553
12021899
427
261
-257
-500
-3683
986
12022924
661
10
-76
-478
-3117
1122
12023949
590
-137
111
-335
-2902
1078
12024974
363
-215
291
-136
-2821
853
12025999
164
-267
502
117
-2922
637
12018816
95
-325
748
362
-3074
566
12019841
151
-411
1022
631
-3155
654
12020866
274
-528
1287
1059
-3209
733
12021891
527
-653
1543
1632
-3426
780
12022916
846
-764
1729
2579
-3832
852
12023941
1229
-821
1776
4036
-4589
844
12024966
1614
-731
1671
5519
-5285
506
12025991
1905
-475
1538
6659
-5587
71
12027016
1828
-66
1497
6882
-5012
-26
12028041
1163
410
1563
6248
-3900
5
12029066
349
783
1654
5666
-3521
-209
12030091
-169
988
1538
5280
-3065
-542
12031116
-623
1051
1290
4472
-2320
-723
12032141
-1004
1000
1074
3556
-1783
-538
12033166
-1149
916
858
2961
-1487
-319
12034191
-1015
818
621
2726
-1214
-349
12027008
-792
758
360
2374
-886
-450
12028033
-618
709
77
1993
-778
-396
12029058
-469
685
-245
1855
-713
-205
12030083
-373
717
-577
1974
-679
-76
12031108
-310
813
-887
2116
-725
-91
12032133
-229
955
-1193
2365
-880
-116
12033158
-96
1112
-1492
3029
-1633
-130
12034183
25
1262
-1754
4060
-3320
-202
12035208
-64
1408
-1960
4826
-5054
-99
12036233
-479
1557
-2125
4655
-5126
299
12037258
-1373
1699
-1967
3994
-4310
1034
12038283
-2503
1863
-1558
3350
-4176
1459
12039308
-3081
1930
-1200
2686
-4613
1455
12040333
-2956
1805
-1153
2077
-4605
1138
12041358
-2538
1555
-1224
1672
-4569
676
12042383
-2084
1288
-1199
1238
-4788
435
12035200
-1502
1026
-1045
776
-4603
577
12036225
-880
782
-775
484
-4158
865
12037250
-434
585
-465
329
-3669
1042
12038275
-233
439
-169
241
-3352
986
12039300
-219
326
96
290
-3291
793
12040325
-320
241
339
405
-3283
620
12041350
-405
163
579
526
-3231
546
12042375
-410
58
816
830
-3363
605
12043400
-349
-84
993
1305
-3608
678
12044425
-181
-253
1106
2058
-4216
715
12045450
73
-420
1164
3161
-5180
736
12046475
284
-492
1181
4279
-5771
605
12047500
457
-432
1245
5364
-5649
467
12048525
566
-196
1433
5744
-5084
638
12049550
553
148
1613
5589
-4400
757
12050575
591
480
1591
5506
-3764
485
12043391
593
774
1423
5213
-2997
34
12044416
312
1006
1214
4373
-2211
-232
12045441
-215
1151
1001
3365
-1569
-207
12046466
-752
1197
737
2724
-1123
-131
12047491
-1159
1210
428
2395
-782
-188
12048516
-1404
1250
115
2052
-641
-225
12049541
-1482
1302
-210
1805
-488
-209
12050566
-1424
1388
-567
1797
-558
-263
12051591
-1279
1523
-967
2030
-640
-429
12052616
-1079
1688
-1393
2451
-787
-600
12053641
-815
1878
-1839
3038
-1152
-613
12054666
-551
2063
-2256
3755
-2026
-759
12055691
-507
2196
-2540
4524
-3595
-1199
12056716
-804
2204
-2776
5061
-5046
-1222
12057741
-1543
2067
-2989
5051
-5086
-683
12058766
-2805
1927
-2800
4767
-5105
93
12051584
-4246
1914
-2324
4143
-5309
807
12052609
-4865
1873
-1813
3101
-5866
953
12053634
-4315
1651
-1538
2066
-5476
697
12054659
-3156
1341
-1364
1646
-4891
198
12055684
-1862
1067
-1160
1171
-4747
-277
12056709
-877
844
-890
585
-4623
-204
12057734
-344
686
-591
335
-4441
343
12058759
-206
624
-347
255
-4231
861
12059784
-356
663
-115
110
-4111
1249
12060809
-678
752
171
-5
-4012
1295
12061834
-1041
826
523
-24
-3984
1104
12062859
-1277
838
915
19
-4092
1039
12063884
-1236
765
1289
205
-4161
1186
12064909
-1001
644
1605
570
-4117
1420
12065934
-654
525
1847
1089
-4063
1555
12066959
-200
429
2032
1853
-4351
1526
12059953
260
369
2175
2682
-5000
1453
12060978
731
380
2211
3842
-5822
1708
12062003
1161
477
2092
5409
-6639
1709
12063028
1397
699
1811
6736
-6614
1347
12064053
1155
1052
1544
7070
-5553
883
12065078
334
1417
1398
6065
-3973
424
12066103
-757
1619
1311
4473
-2739
95
12067128
-1639
1569
1149
3184
-1731
4
12068153
-2075
1353
921
2393
-1053
55
12069178
-2044
1167
677
1739
-817
189
12070203
-1672
1030
322
1411
-674
151
12071228
-1155
964
-88
1298
-471
-76
12072253
-762
968
-537
1247
-272
-360
12073278
-561
1020
-984
1271
-409
-466
12074303
-469
1086
-1426
1511
-616
-414
12075328
-448
1195
-1844
1887
-742
-376
12067967
-352
1331
-2227
2489
-840
-613
12068992
-73
1503
-2550
3298
-1243
-840
12070017
348
1645
-2738
4638
-3114
-774
12071042
283
1739
-2829
6124
-5493
-389
12072067
-748
1814
-2898
6376
-6632
377
12073092
-2859
1925
-2598
5626
-6405
952
12074117
-4791
2096
-1957
4349
-6057
1069
12075142
-4659
2091
-1290
2745
-6203
1304
12076167
-3045
1805
-1173
1596
-5586
1106
12077192
-1463
1459
-1143
947
-4955
547
12078217
-561
1192
-944
382
-4478
264
12079242
-397
1010
-687
-93
-4127
319
12080267
-627
888
-444
-376
-3863
509
12081292
-974
799
-175
-560
-3666
676
12082317
-1233
698
149
-584
-3712
721
12083342
-1282
547
512
-483
-3757
598
12076160
-1080
333
868
-290
-3750
497
12077185
-691
73
1175
116
-3872
547
12078210
-262
-209
1392
646
-4094
560
12079235
64
-488
1529
1227
-4450
461
12080260
313
-730
1625
1942
-5249
562
12081285
673
-902
1709
3276
-6655
1082
12082310
1134
-882
1800
5112
-7516
1448
12083335
1504
-511
1874
5938
-7031
1446
12084360
1634
-1
2129
5751
-6050
1511
12085385
1545
540
2337
5254
-4995
1611
12086410
1440
1014
2335
4627
-4044
1254
12087435
1142
1333
2179
3863
-3144
479
12088460
482
1491
1927
3064
-2331
-89
12089485
-343
1466
1602
2494
-1625
-257
12090510
-1101
1229
1254
2201
-1175
-197
12091535
-1582
888
921
2029
-915
107
12084352
-1624
603
629
2073
-660
405
12085377
-1283
452
317
1991
-397
259
12086402
-776
348
-49
1855
-468
-83
12087427
-255
244
-550
1930
-537
-175
12088452
129
172
-1157
2173
-758
-6
12089477
333
166
-1789
2273
-1089
6
12090502
567
177
-2364
2445
-1407
16
12091527
686
214
-2874
3124
-2321
47
12092552
647
326
-3211
4185
-4609
246
12093577
326
516
-3300
4980
-6648
662
12094602
-544
833
-3084
4664
-6417
1204
12095627
-1985
1262
-2513
3883
-5784
1955
12096652
-3379
1681
-1861
3078
-5747
2230
12097677
-3639
1886
-1404
2348
-6135
1884
12098702
-2911
1844
-1292
1703
-5764
1078
12099727
-2034
1619
-1183
1231
-5537
343
12092543
-1305
1293
-993
678
-5298
147
12093568
-669
909
-823
176
-4441
375
12094593
-255
518
-615
-72
-3843
591
12095618
-40
160
-405
-116
-3642
672
12096643
41
-133
-195
-105
-3616
596
12097668
113
-371
9
-13
-3770
431
12098693
309
-568
209
180
-3831
396
12099718
511
-722
433
299
-3648
446
12100743
625
-851
691
366
-3386
528
12101768
630
-965
989
446
-3374
618
12102793
608
-1087
1272
653
-3604
701
12103818
686
-1207
1516
984
-3853
731
12104843
862
-1324
1754
1414
-4166
715
12105868
736
-1404
1962
1893
-4788
591
12106893
181
-1479
2038
2373
-6035
-58
12107918
403
-1692
2006
2935
-7843
-469
12100736
1415
-1896
2050
3753
-8748
-363
12101761
2265
-1924
2190
4737
-8033
-114
12102786
2713
-1735
2358
5254
-6555
20
12103811
2744
-1381
2460
4924
-5465
69
12104836
2391
-1057
2382
4440
-4407
19
12105861
1922
-784
2165
4077
-2933
-61
12106886
1412
-520
1918
3661
-1740
-174
12107911
960
-286
1674
3055
-1054
-370
12108936
631
-120
1386
2524
-548
-524
12109961
344
2
984
2267
62
-477
12110986
-86
121
512
2180
441
-442
12112011
-632
270
-3
2027
246
-442
12113036
-941
338
-662
1846
-52
-415
12114061
-888
321
-1398
1781
-148
-184
12115086
-695
288
-2105
1995
-360
183
12116111
-359
274
-2751
2396
-690
432
12108928
329
256
-3338
2723
-1309
337
12109953
1691
147
-3859
3163
-2501
123
12110978
2826
-79
-4158
4425
-3958
847
12112003
1797
-113
-4116
5674
-5203
1903
12113028
-591
95
-3864
6101
-6672
2817
12114053
-2647
433
-3102
6174
-8024
3370
12115078
-3258
868
-2197
4772
-7959
3483
12116103
-2707
1024
-1621
3343
-6892
2975
12117128
-1786
948
-1258
2085
-5506
2187
12118153
-1143
735
-923
1112
-4728
1607
12119178
-792
501
-652
492
-4075
1271
12120203
-681
298
-380
219
-3681
1155
12121228
-590
95
-112
188
-3532
1210
12122253
-329
-129
182
259
-3497
1309
12123278
50
-317
495
326
-3388
1291
12124303
380
-443
801
293
-2844
1157
12117120
487
-514
1125
116
-2568
900
12118145
417
-570
1401
-93
-2755
628
12119170
456
-647
1611
-17
-3267
609
12120195
529
-712
1837
317
-3749
627
12121220
454
-727
2125
612
-4745
569
12122245
602
-762
2314
1089
-6098
756
12123270
1124
-864
2402
2295
-7515
1319
12124295
1489
-888
2432
3859
-8367
1761
12125320
1592
-734
2437
5378
-8217
1738
12126345
1659
-410
2482
6041
-7169
1426
12127370
1639
-17
2515
5624
-5733
1178
12128395
1316
264
2371
5257
-3997
800
12129420
812
463
2155
4709
-2537
276
12130445
385
587
1893
3954
-1486
-106
12131470
15
645
1595
3245
-759
-309
12132495
-212
604
1232
2647
-202
-446
12125312
-300
499
816
2211
212
-501
12126337
-362
393
337
2021
336
-452
12127362
-447
332
-221
1844
274
-345
12128387
-550
289
-833
1723
28
-164
12129412
-714
217
-1506
1832
-222
-49
12130437
-841
135
-2162
1959
-429
65
12131462
-777
49
-2763
2276
-605
150
12132487
-485
18
-3255
2716
-770
-15
12133512
189
-2
-3624
3804
-2387
64
12134537
307
-63
-3683
5652
-5694
733
12135562
-1062
74
-3617
6689
-7641
1491
12136587
-2580
463
-3141
6017
-8106
1999
12137612
-3659
853
-2423
4860
-7868
2284
12138637
-3531
1033
-1718
3622
-7335
2204
12139662
-2345
990
-1433
2378
-6182
1669
12140687
-1187
808
-1275
1497
-5163
998
12133505
-529
600
-1008
607
-4559
696
12134530
-271
376
-784
14
-3957
696
12135555
-265
179
-612
-147
-3574
778
12136580
-264
48
-411
-159
-3534
837
12137605
-165
-46
-175
-101
-3491
784
12138630
-57
-119
103
-24
-3343
644
12139655
16
-186
418
-20
-3128
477
12140680
99
-272
750
-48
-2947
418
12141705
155
-396
1060
18
-2914
407
12142730
200
-556
1313
333
-3077
427
12143755
283
-748
1523
1000
-3586
391
12144780
495
-979
1640
2038
-4558
415
12145805
909
-1214
1621
3650
-6114
746
12146830
1302
-1342
1541
5541
-7278
752
12147855
1532
-1227
1480
6615
-6820
484
12148880
1556
-930
1675
6180
-5684
749
12141696
1484
-612
1918
5485
-4818
933
12142721
1575
-353
1888
4895
-3932
638
12143746
1604
-156
1697
4265
-2843
274
12144771
1298
7
1463
3861
-2152
25
12145796
805
157
1161
3379
-1710
-287
12146821
362
278
844
2691
-1209
-496
12147846
-41
333
505
2149
-756
-486
12148871
-422
362
135
1925
-533
-443
12149896
-674
398
-233
1816
-480
-514
12150921
-694
397
-592
1799
-578
-442
12151946
-504
305
-994
2083
-767
-283
12152971
6
115
-1440
2619
-712
36
12153996
1165
-49
-1876
3225
-234
1001
12155021
2565
-95
-2135
4011
-148
1662
12156046
3517
-122
-2271
4497
-710
1387
12157071
3617
-341
-2438
4938
-2329
1277
12149889
1802
-566
-2761
5663
-4750
1821
12150914
-833
-340
-3273
5485
-6089
2004
12151939
-1963
49
-3006
5114
-6473
2418
12152964
-2441
532
-2124
4388
-6686
3280
12153989
-2705
870
-1413
3028
-6398
3180
12155014
-2237
969
-1032
1912
-5098
2191
12156039
-1605
931
-683
855
-4230
1404
12157064
-1328
780
-383
40
-3814
1118
12158089
-1103
580
-155
-615
-3393
1136
12159114
-732
314
59
-1107
-3201
1346
12160139
-341
11
242
-1124
-3246
1535
12161164
-61
-213
465
-1027
-3341
1577
12162189
131
-392
752
-743
-3589
1441
12163214
301
-534
1089
-339
-3768
1307
12164239
447
-629
1476
77
-3817
1308
12165264
536
-698
1872
576
-4140
1380
12158079
601
-792
2165
1325
-4877
1487
12159104
719
-907
2316
2454
-5746
1717
12160129
913
-963
2448
3763
-6406
1862
12161154
1179
-892
2610
4729
-6459
1888
12162179
1340
-710
2760
5250
-6348
1966
12163204
1532
-515
2798
5914
-6216
2043
12164229
1826
-213
2658
6594
-5729
1912
12165254
1901
228
2436
6570
-4752
1437
12166279
1547
668
2177
6160
-3676
888
12167304
792
989
1869
5567
-2483
343
12168329
-132
1137
1589
4530
-1147
48
12169354
-1102
1074
1250
3712
-191
-310
12170379
-1541
835
869
3133
-167
-703
12171404
-1253
564
377
2563
150
-203
12172429
-753
261
-189
1944
327
241
12173454
-77
-64
-737
1390
-232
140
12166272
402
-414
-1431
1379
-594
-76
12167297
368
-720
-2115
1488
-575
-154
12168322
71
-908
-2734
1405
-438
-237
12169347
-94
-1022
-3240
1697
-443
-181
12170372
-268
-1092
-3445
2722
-1504
388
12171397
-1178
-922
-3336
4078
-4122
1478
12172422
-3178
-245
-3279
5028
-6566
1921
12173447
-4159
522
-2967
4872
-7429
1579
12174472
-3230
1116
-2327
4158
-7464
1930
12175497
-2064
1450
-1645
3461
-6702
1946
12176522
-1377
1574
-1140
2791
-6272
1391
12177547
-1295
1491
-978
2338
-5995
978
12178572
-1617
1301
-897
1763
-5257
755
12179597
-1644
1044
-648
1023
-4629
729
12180622
-996
725
-196
400
-4358
930
12181647
-231
396
203
-63
-3935
842
12174464
242
90
400
-301
-3381
600
12175489
411
-167
489
-305
-2873
482
12176514
360
-359
603
-231
-2700
517
12177539
255
-526
790
-69
-2799
571
12178564
314
-691
1023
156
-3057
602
12179589
551
-852
1239
542
-3331
617
12180614
918
-984
1407
1099
-3742
642
12181639
1341
-1079
1566
1878
-4511
868
12182664
1633
-1126
1670
2861
-5346
1122
12183689
1782
-1104
1740
4083
-6041
1338
12184714
1628
-926
1738
5138
-6301
1298
12185739
1311
-599
1716
5503
-5959
982
12186764
966
-205
1782
5101
-5334
844
12187789
683
75
1816
5093
-4958
818
12188814
413
291
1630
5051
-4114
528
12189839
86
466
1384
4387
-2966
146
12182655
-308
527
1192
3428
-2013
-1
12183680
-611
424
1009
2696
-1484
43
12184705
-708
254
787
2238
-1022
89
12185730
-671
91
487
2058
-629
-54
12186755
-509
-56
188
1896
-384
-104
12187780
-319
-184
-161
1835
-360
137
12188805
-143
-267
-583
2083
-473
378
12189830
39
-250
-1072
2422
-535
323
12190855
143
-171
-1577
2507
-405
159
12191880
249
-111
-2100
2613
-109
-80
12192905
709
-77
-2628
3352
-628
-69
12193930
1242
-140
-3222
4572
-1473
359
12194955
1132
-354
-3791
5591
-2364
1178
12195980
-283
-360
-4115
6821
-5235
2026
12197005
-2182
-36
-3802
7157
-7834
2692
12198030
-2874
252
-2864
6081
-8334
2521
12190848
-1923
328
-1794
4517
-7812
2557
12191873
-634
194
-1153
3103
-6829
2505
12192898
392
73
-779
1594
-5327
1974
12193923
787
-1
-388
317
-4051
1471
12194948
639
-55
-15
-407
-3645
1222
12195973
426
-93
239
-792
-3425
1145
12196998
269
-115
438
-977
-3405
986
12198023
214
-159
628
-969
-3505
737
12199048
239
-236
879
-762
-3418
547
12200073
201
-328
1188
-437
-3256
469
12201098
174
-443
1531
-76
-3296
408
12202123
361
-617
1866
442
-3783
275
12203148
673
-863
2106
1129
-4243
-141
12204173
1122
-1148
2246
2020
-5270
-442
12205198
1838
-1469
2223
3860
-6939
-167
12206223
2420
-1645
2144
6316
-8155
-75
12199119
2597
-1448
2150
7888
-7866
-381
12200144
2244
-965
2353
7620
-6012
-598
12201169
1625
-524
2674
6627
-4523
-406
12202194
1096
-277
2708
6084
-3528
-231
12203219
537
-135
2463
5733
-2213
-376
12204244
-145
35
2262
5096
-726
-561
12205269
-1009
225
2183
4161
16
-810
12206294
-1696
282
1940
3045
357
-745
12207319
-1813
200
1481
2170
705
-365
12208344
-1415
110
938
1500
545
211
12209369
-880
-88
224
1394
-184
662
12210394
-298
-310
-634
1323
-669
944
12211419
366
-497
-1584
1099
-544
1106
12212444
1041
-666
-2393
1214
-572
1034
12213469
1623
-814
-2827
1745
-1549
373
12214494
2106
-1013
-3118
3156
-5416
735
12207232
2243
-1065
-3449
4020
-8947
1311
12208257
1919
-782
-3278
4147
-7290
1782
12209282
-41
-316
-2377
3910
-4336
2598
12210307
-1278
-21
-797
2702
-5439
3556
12211332
-904
-74
-178
1629
-6203
2974
12212357
-37
-331
-81
679
-5449
1433
12213382
688
-701
25
77
-4705
843
12214407
889
-1091
112
182
-4335
839
12215432
979
-1377
211
160
-4065
1084
12216457
1445
-1615
364
169
-3653
1070
12217482
1997
-1827
546
117
-3093
706
12218507
2192
-2055
715
3
-2516
35
12219532
1976
-2310
934
49
-2460
-311
12220557
1772
-2579
1096
248
-2805
-290
12221582
1802
-2855
1209
515
-3116
-490
12222607
2215
-3069
1309
925
-3455
-882
12215424
2628
-3297
1569
1637
-3739
-1415
12216449
2899
-3373
1700
2475
-4372
-1704
12217474
3115
-3288
1673
2943
-4924
-1928
12218499
3266
-3236
1520
3272
-6534
-1762
12219524
3285
-3160
1184
5029
-8677
-106
12220549
2868
-2647
815
7356
-9549
193
12221574
2670
-1716
737
6795
-7871
-1006
12222599
2385
-1019
1118
5292
-4950
-1336
12223624
1572
-635
1391
4376
-2911
-770
12224649
862
-481
1326
3386
-2297
-113
12225674
703
-516
978
2753
-1212
121
12226699
684
-609
678
2329
36
179
12227724
579
-618
398
1825
549
282
12228749
540
-635
-6
1537
656
453
12229774
597
-857
-348
1589
756
529
12230799
590
-911
-921
1193
936
809
12223616
425
-1026
-1590
1320
572
884
12224641
290
-1066
-2236
1596
-56
845
12225666
457
-1090
-2793
2250
-915
688
12226691
1059
-1142
-3233
3151
-2234
807
12227716
1933
-1210
-3461
4191
-5626
823
12228741
3569
-1409
-3458
5733
-8911
1743
12229766
3925
-1207
-3120
6589
-5702
3400
12230791
1029
-651
-1812
5774
-3424
5150
12231816
-2078
-320
-398
4314
-5562
4939
12232841
-2255
-191
214
2689
-5814
3313
12233866
-744
-336
497
1520
-4926
2039
12234891
915
-490
797
904
-4417
1485
12235916
1969
-550
985
535
-3784
1143
12236941
2302
-551
1050
195
-3143
806
12237966
2213
-576
1089
17
-2505
707
12238991
1681
-617
1133
-28
-2280
766
12231808
915
-688
1211
-54
-2480
562
12232833
338
-847
1311
48
-2733
218
12233858
163
-1081
1431
257
-2996
-159
12234883
522
-1402
1589
647
-3611
-397
12235908
1145
-1726
1755
1450
-4161
-259
12236933
1769
-1953
1927
2143
-4521
-246
12237958
2322
-2098
2183
2606
-4938
-547
12238983
2547
-2151
2436
3043
-5321
-744
12240008
2418
-2141
2552
3671
-5733
-651
12241033
2180
-2082
2540
4361
-6451
-414
12242058
2158
-1993
2485
5301
-7206
-136
12243083
2282
-1780
2405
6060
-7168
-150
12244108
2277
-1415
2371
6058
-6261
-420
12245133
1995
-1023
2372
5790
-5165
-573
12246158
1527
-670
2326
5256
-4004
-604
12247183
959
-414
2190
4457
-2889
-683
12240000
401
-298
2012
3612
-1866
-678
12241025
49
-298
1854
2921
-1134
-603
12242050
-119
-365
1677
2375
-670
-578
12243075
-179
-444
1403
2084
-227
-612
12244100
-200
-518
1039
2004
226
-711
12245125
-212
-604
618
1878
330
-626
12246150
-172
-752
92
2103
93
-264
12247175
-258
-862
-546
2606
161
-363
12248200
-91
-980
-1157
2998
340
-433
12249225
131
-906
-1746
3679
-101
609
12250250
8
-676
-2500
4323
-1031
1242
12251275
75
-555
-3297
4958
-2753
1226
12252300
-88
-511
-3818
5747
-5444
1424
12253325
-1210
-361
-3647
6011
-7145
1754
12254350
-2502
-51
-2955
5588
-7542
1846
12255375
-2378
186
-2025
4545
-8176
2220
12248191
-909
259
-1439
3313
-7183
2497
12249216
156
240
-1182
2286
-5612
1823
12250241
293
177
-851
1045
-4851
1229
12251266
136
65
-574
-95
-4124
1171
12252291
-69
-91
-368
-764
-3575
1251
12253316
-127
-255
-173
-931
-3425
1326
12254341
124
-397
46
-857
-3331
1319
12255366
461
-504
293
-705
-3238
1135
12256391
600
-576
547
-511
-3204
824
12257416
552
-628
820
-293
-3084
555
12258441
493
-676
1107
19
-3157
439
12259466
584
-725
1389
427
-3593
364
12260491
800
-766
1629
1021
-4211
144
12261516
1064
-788
1816
2180
-5651
-71
12262541
1120
-743
1887
4078
-7386
-88
12263566
974
-586
1877
6045
-7919
-360
12256385
658
-266
1986
6294
-7014
-367
12257410
276
-32
2340
5389
-5893
59
12258435
312
61
2446
5288
-5197
306
12259460
829
101
2327
5004
-4243
222
12260485
1002
115
2075
4443
-3009
24
12261510
798
101
1881
3720
-2245
-72
12262535
608
24
1659
3067
-1646
-50
12263560
494
-107
1387
2561
-1115
27
12264585
428
-265
1067
2169
-648
148
12265610
354
-392
701
1917
-312
207
12266635
318
-436
273
1746
-160
204
12267660
246
-421
-231
1713
-90
176
12268685
79
-398
-743
1893
-399
90
12269710
-78
-360
-1276
1990
-734
42
12270735
-225
-324
-1849
2248
-888
-14
12271760
51
-318
-2292
2970
-1646
7
12264577
375
-191
-2765
3880
-3117
308
12265602
444
-42
-3065
5399
-5236
625
12266627
-162
272
-3007
5798
-5641
942
12267652
-1062
609
-2381
5089
-5687
1242
12268677
-1527
838
-1360
4003
-6102
1518
12269702
-1447
846
-845
2795
-5696
1364
12270727
-1153
674
-867
2092
-5088
999
12271752
-995
500
-970
1813
-4803
787
12272777
-985
360
-998
1414
-4572
821
12273802
-974
233
-875
769
-4095
930
12274827
-1001
101
-641
241
-3706
1039
12275852
-993
-37
-352
-93
-3659
1176
12276877
-813
-184
-96
-151
-3751
1341
12277902
-424
-340
58
-48
-3568
1402
12278927
76
-438
216
33
-3262
1443
12279952
474
-510
379
230
-2866
1378
12272915
499
-566
572
320
-2401
1159
12273940
227
-636
793
470
-2505
981
12274965
185
-722
1043
714
-3383
1075
12275990
500
-856
1211
1075
-4076
1142
12277015
825
-1016
1364
1612
-4909
870
12278040
998
-1171
1449
2571
-6247
689
12279065
1407
-1274
1436
3731
-7148
700
12280090
1892
-1169
1577
4264
-6921
643
12281115
2083
-911
1747
4343
-6282
675
12282140
2017
-609
1884
4449
-5948
719
12283165
1849
-276
1790
4320
-5142
484
12284190
1440
59
1634
3958
-4108
265
12285215
838
331
1488
3504
-3307
150
12286240
285
517
1354
2909
-2567
11
12287265
-167
578
1191
2460
-1948
-130
12288290
-537
546
1008
2098
-1544
-207
12280960
-735
449
800
1871
-1255
-293
12281985
-793
307
528
1871
-1172
-617
12283010
-681
177
216
1882
-1161
-936
12284035
-407
26
-135
1889
-1074
-1075
12285060
-113
-137
-513
1998
-1237
-906
12286085
104
-261
-885
2211
-1604
-576
12287110
204
-345
-1252
2520
-1935
-300
12288135
269
-338
-1593
3137
-2226
-52
12289160
219
-174
-1849
4122
-3299
33
12290185
144
125
-1864
4796
-5109
60
12291210
60
440
-1734
4833
-6137
450
12292235
-102
810
-1669
4242
-4796
1079
12293260
-399
1132
-1505
3816
-4223
1708
12294285
-923
1380
-1392
3144
-4751
2061
12295310
-1335
1402
-1463
2624
-5079
1800
12296335
-1547
1309
-1604
2022
-5007
1468
12289152
-1755
1145
-1575
1347
-4904
1357
12290177
-1883
946
-1452
587
-4560
1373
12291202
-1881
719
-1202
-28
-4363
1407
12292227
-1642
475
-934
-435
-4231
1384
12293252
-1151
225
-669
-677
-3976
1281
12294277
-548
-18
-387
-673
-3732
1168
12295302
-68
-205
-79
-596
-3555
1114
12296327
323
-345
202
-551
-3260
1042
12297352
497
-462
462
-426
-2820
917
12298377
398
-553
759
-331
-2798
833
12299402
183
-668
1009
-108
-3017
769
12300427
55
-835
1244
338
-3641
722
12301452
175
-1059
1415
1029
-4663
645
12302477
613
-1314
1545
2025
-6168
555
12303502
1137
-1504
1598
2936
-7112
505
12304527
1724
-1551
1691
4049
-7792
755
12297343
2063
-1344
1842
5072
-7988
690
12298368
2110
-902
2038
4859
-7263
342
12299393
1997
-466
2193
4428
-5950
259
12300418
1667
-95
2189
4154
-4519
366
12301443
1191
199
2007
3946
-3387
164
12302468
635
404
1738
3445
-2525
-275
12303493
153
482
1477
2880
-1652
-541
12304518
-317
462
1180
2632
-959
-566
12305543
-723
442
822
2477
-413
-600
12306568
-881
422
447
2188
45
-644
12307593
-834
356
36
2049
339
-559
12308618
-737
311
-497
2184
307
-406
12309643
-636
277
-1109
2349
-223
-325
12310668
-613
228
-1761
2260
-685
-232
12311693
-475
140
-2432
2306
-617
-125
12312718
-226
71
-3104
2880
-694
-170
12305537
225
71
-3567
3735
-1722
-296
12306562
672
17
-3740
5239
-4773
-120
12307587
327
15
-3577
6529
-7845
787
12308612
-735
224
-3265
6488
-7537
2005
12309637
-2091
645
-2591
5654
-6523
2367
12310662
-2872
1022
-1748
4575
-6986
2064
12311687
-2633
1148
-1261
3110
-6402
1550
12312712
-2110
1098
-1125
1781
-5182
839
12313737
-1484
871
-964
713
-4642
444
12314762
-714
519
-836
-58
-4103
532
12315787
-197
173
-732
-433
-3472
719
12316812
8
-103
-642
-456
-2978
820
12317837
84
-297
-461
-277
-2965
713
12318862
199
-425
-210
-108
-3237
513
12319887
265
-508
81
28
-3163
377
12320912
290
-565
429
133
-3107
332
12313728
341
-631
778
206
-3106
354
12314753
395
-731
1120
372
-3225
351
12315778
501
-854
1453
802
-3520
273
12316803
734
-1003
1761
1491
-4192
74
12317828
993
-1174
1910
2654
-5408
96
12318853
1306
-1310
1849
4624
-7661
404
12319878
1397
-1246
1721
6548
-8560
214
12320903
1273
-859
1723
7205
-7505
-14
12321928
782
-326
2150
6455
-6516
25
12322953
541
47
2405
5386
-5062
-252
12323978
502
230
2373
4421
-3365
-533
12325003
243
282
2279
3781
-2270
-606
12326028
-83
265
2079
3335
-1528
-591
12327053
-232
237
1840
2835
-1029
-507
12328078
-255
219
1567
2414
-612
-453
12329103
-290
210
1224
2162
-210
-547
12321920
-332
221
823
1944
66
-592
12322945
-351
233
331
1904
103
-504
12323970
-292
249
-231
1984
-32
-415
12324995
-221
217
-818
2161
-309
-274
12326020
-101
113
-1420
2377
-507
88
12327045
197
46
-2031
2622
-660
596
12328070
733
61
-2609
2919
-789
801
12329095
1125
58
-3196
3265
-976
763
12330120
662
-38
-3693
3929
-2037
200
12331145
-820
-69
-3928
5022
-4492
-1072
12332170
-2387
113
-3668
6207
-6704
-749
12333195
-3270
568
-2774
6438
-8268
1000
12334220
-3269
947
-1789
5135
-9194
1448
12335245
-2122
1000
-1089
3746
-7337
838
12336270
-1295
935
-698
2916
-5345
-73
12337295
-1338
892
-306
1962
-4976
-597
12330113
-1256
769
-24
957
-4359
-463
12331138
-895
556
105
415
-3639
-211
12332163
-505
320
244
94
-3437
-78
12333188
-97
70
385
-77
-3376
-93
12334213
249
-185
522
-13
-3275
-168
12335238
437
-415
703
117
-3098
-165
12336263
558
-606
942
148
-2963
-56
12337288
666
-782
1200
179
-2993
-18
12338313
827
-957
1395
349
-3085
-103
12339338
1081
-1103
1517
706
-3386
-236
12340363
1405
-1193
1536
1411
-4145
-367
12341388
1693
-1255
1416
2638
-5335
-507
12342413
1728
-1307
1304
4291
-6691
-532
12343438
1520
-1192
1243
5600
-6830
-364
12344463
1316
-883
1472
6005
-6327
21
12345488
1260
-530
1866
5948
-5751
138
12338303
1436
-216
1938
5707
-4636
-91
12339328
1334
65
1804
5117
-3199
-407
12340353
759
258
1672
4325
-2148
-539
12341378
15
348
1522
3407
-1390
-468
12342403
-682
340
1347
2694
-990
-337
12343428
-1281
299
1164
2140
-853
-161
12344453
-1574
244
899
1750
-840
-107
12345478
-1333
226
559
1592
-975
-150
12346503
-740
275
158
1598
-1040
-240
12347528
-204
383
-250
1603
-1082
-334
12348553
183
481
-684
1738
-1335
-415
12349578
509
563
-1150
2056
-1550
-383
12350603
896
618
-1612
2532
-1742
-297
12351628
1225
683
-1991
3111
-2083
-319
12352653
1080
734
-2254
3769
-2643
-540
12353678
489
756
-2389
4296
-3404
-372
12346496
-642
845
-2324
4526
-4437
433
12347521
-1821
984
-2152
4558
-5400
1059
12348546
-2563
1129
-1820
4235
-6288
984
12349571
-2594
1186
-1549
3538
-6601
659
12350596
-2056
1138
-1320
2688
-6306
405
12351621
-1395
1030
-1084
1837
-5656
208
12352646
-876
899
-849
919
-4631
148
12353671
-573
751
-622
204
-3776
170
12354696
-487
583
-405
-195
-3386
158
12355721
-454
416
-217
-365
-3294
108
12356746
-341
258
-41
-342
-3285
30
12357771
-164
119
155
-273
-3243
-72
12358796
-35
-14
387
-179
-3180
-177
12359821
-3
-147
641
-56
-3135
-216
12360846
0
-300
910
231
-3417
-244
12361871
55
-466
1171
761
-3986
-256
12354688
190
-621
1400
1537
-4698
-201
12355713
424
-757
1567
2674
-5642
-144
12356738
798
-826
1673
3783
-6552
-31
12357763
1225
-796
1737
4531
-6549
145
12358788
1426
-641
1878
4955
-6217
288
12359813
1540
-432
2036
5269
-5879
460
12360838
1754
-152
2038
5537
-5230
620
12361863
1874
194
1884
5465
-4298
554
12362888
1727
538
1703
4871
-3322
336
12363913
1303
806
1474
4182
-2388
89
12364938
665
990
1219
3368
-1529
-116
12365963
-58
1076
976
2491
-862
-206
12366988
-621
1106
640
1893
-524
-92
12368013
-891
1088
309
1720
-301
-85
12369038
-750
1152
-92
1612
-249
-456
12370063
-29
1130
-517
1639
-655
-621
12362880
852
993
-1012
1924
-867
-403
12363905
1397
916
-1579
2044
-657
-150
12364930
1678
834
-2292
2446
-378
-88
12365955
1494
652
-3001
3410
-879
-77
12366980
605
437
-3585
4928
-3378
104
12368005
-1125
426
-3966
6357
-6128
517
12369030
-3041
843
-3926
6402
-6434
1191
12370055
-4224
1253
-2999
5558
-6832
1523
12371080
-4411
1579
-2158
4033
-6943
1602
12372105
-3388
1588
-1610
2553
-6379
1547
12373130
-2192
1380
-1398
1609
-5246
1080
12374155
-1592
1184
-1215
838
-4483
677
12375180
-1387
1022
-1002
139
-4066
626
12376205
-1280
883
-753
-365
-3613
741
12377230
-1164
771
-452
-616
-3470
869
12378255
-1019
682
-150
-597
-3457
910
12371072
-896
613
104
-341
-3413
858
12372097
-837
560
359
45
-3424
785
12373122
-834
520
662
433
-3401
813
12374147
-841
475
989
744
-3317
968
12375172
-770
394
1261
1140
-3315
1133
12376197
-571
285
1431
1737
-3565
1244
12377222
-155
162
1451
2728
-4253
1341
12378247
335
82
1312
4130
-5351
1451
12379272
707
97
1044
5862
-6089
1314
12380297
779
374
782
6847
-5409
957
12381322
284
895
751
6217
-3801
836
12382347
-574
1306
877
5449
-3005
518
12383372
-1153
1541
832
4536
-2526
151
12384397
-1335
1632
635
3371
-1714
97
12385422
-1366
1625
366
2578
-1035
103
12386447
-1350
1634
110
2081
-946
49
12379264
-1243
1667
-165
1808
-943
-123
12380289
-1139
1698
-492
1732
-737
-366
12381314
-1127
1718
-816
1714
-668
-406
12382339
-1039
1736
-1085
1890
-911
-323
12383364
-828
1816
-1466
2541
-1105
-337
12384389
-532
1908
-1836
3594
-1656
-563
12385414
-547
2044
-2137
4355
-2887
-755
12386439
-1115
2126
-2266
4948
-4136
-561
12387464
-2082
2174
-2338
5334
-4710
34
12388489
-2875
2192
-2137
4953
-5353
550
12389514
-3146
2133
-1866
3974
-5672
787
12390539
-3067
1945
-1724
2919
-5325
777
12391564
-2789
1653
-1563
2057
-4819
572
12392589
-2239
1328
-1378
1566
-4577
404
12393614
-1554
1029
-1241
1196
-4354
370
12394639
-1141
810
-1063
810
-4007
472
12387455
-1107
661
-819
471
-3719
536
12388480
-1150
563
-533
200
-3596
606
12389505
-1105
497
-214
31
-3680
639
12390530
-1001
430
112
49
-3829
667
12391555
-923
346
415
226
-3783
718
12392580
-879
250
708
377
-3642
830
12393605
-803
142
999
548
-3646
964
12394630
-626
22
1233
896
-3783
1089
12395655
-340
-108
1387
1462
-4025
1203
12396680
-15
-213
1478
2143
-4367
1328
12397705
357
-268
1493
3075
-5019
1518
12398730
766
-241
1494
4337
-5850
1607
12399755
943
-75
1428
5458
-5789
1331
12400780
936
204
1440
5572
-4911
1124
12401805
649
497
1511
5074
-3973
1235
12402830
319
692
1475
4667
-3374
1198
12395648
145
846
1300
4142
-2842
904
12396673
-67
955
1053
3582
-2449
475
12397698
-319
1027
786
3085
-2128
198
12398723
-565
1066
500
2817
-1751
76
12399748
-823
1111
224
2527
-1478
30
12400773
-1054
1150
-50
2286
-1175
-34
12401798
-1270
1207
-329
2147
-891
-125
12402823
-1430
1293
-591
2234
-832
-256
12403848
-1507
1372
-865
2650
-893
-455
12404873
-1462
1467
-1146
3012
-945
-515
12405898
-1285
1595
-1427
3323
-937
-497
12406923
-1045
1705
-1727
3897
-1022
-595
12407948
-747
1757
-2077
4625
-1279
-814
12408973
-450
1746
-2343
5274
-3115
-693
12409998
-719
1635
-2588
5625
-5098
-39
12411023
-1678
1513
-2884
5243
-4911
611
12403840
-2648
1460
-2724
4569
-5288
955
12404865
-2804
1445
-2251
3762
-6663
1272
12405890
-2050
1338
-1870
2697
-6683
1400
12406915
-1366
1185
-1650
1886
-5627
1078
12407940
-1081
1109
-1327
1068
-5020
817
12408965
-988
1045
-984
328
-4666
870
12409990
-953
966
-692
-72
-4214
986
12411015
-927
907
-394
-211
-3906
1022
12412040
-894
865
-88
-165
-3709
932
12413065
-874
824
201
-101
-3406
748
12414090
-907
740
477
-94
-3103
594
12415115
-972
585
733
-102
-2896
515
12416140
-960
368
974
-52
-2859
514
12417165
-808
94
1196
183
-2995
556
12418190
-557
-207
1405
473
-3346
463
12419215
-254
-547
1549
1205
-4175
389
12412083
222
-895
1603
2472
-5758
672
12413108
687
-1173
1684
4163
-7574
897
12414133
877
-1237
1786
5815
-7738
864
12415158
923
-1072
2090
6732
-7265
1122
12416183
1027
-769
2490
6155
-6718
1232
12417208
1451
-504
2546
5458
-5432
1076
12418233
1735
-244
2419
4993
-4020
785
12419258
1662
-9
2270
4394
-3058
444
12420283
1377
165
2039
3636
-2105
81
12421308
1008
283
1804
2825
-1327
-18
12422333
535
322
1505
2473
-756
-11
12423358
-36
349
1128
2477
-358
-72
12424383
-528
416
744
2357
-173
-158
12425408
-871
494
348
2180
39
-241
12426433
-1081
565
-134
2229
169
-301
12427458
-1137
608
-672
2445
20
-199
12420225
-1014
642
-1234
2575
-378
103
12421250
-749
678
-1873
2723
-679
304
12422275
-288
734
-2592
3057
-632
418
12423300
347
776
-3332
3710
-746
759
12424325
900
831
-4061
4500
-1115
1092
12425350
-70
954
-4547
5334
-1205
1018
12426375
-2987
1132
-4667
7055
-3388
-812
12427400
-4858
1526
-4215
8584
-9736
-556
12428425
-3588
1799
-2961
7371
-12652
1403
12429450
-551
1515
-1769
5155
-9527
1538
12430475
393
1069
-959
2951
-6684
510
12431500
69
640
-607
732
-4575
90
12432525
-333
225
-366
-479
-4006
297
12433550
-282
-72
-168
-827
-4240
475
12434575
99
-235
-10
-1078
-3821
541
12435600
264
-326
245
-1254
-3407
517
12428417
172
-371
511
-1146
-3225
465
12429442
-12
-377
782
-954
-3148
438
12430467
-219
-387
1069
-824
-3077
272
12431492
-376
-432
1338
-816
-2943
-32
12432517
-527
-513
1559
-825
-3109
-193
12433542
-674
-666
1730
-309
-3723
-215
12434567
-545
-833
1864
681
-4475
-444
12435592
-8
-1026
2140
2626
-7019
-352
12436617
579
-1225
2216
5656
-8708
507
12437642
837
-1255
2040
7779
-8187
818
12438667
840
-1188
2290
7455
-7223
617
12439692
1373
-1182
2636
6502
-5949
687
12440717
2017
-1136
2688
6461
-5004
722
12441742
2439
-997
2470
6019
-3792
116
12442767
2367
-803
2143
5137
-2496
-475
12443792
1795
-588
1846
4146
-1559
-653
12436608
1141
-442
1502
3262
-759
-578
12437633
597
-369
1127
2634
-113
-392
12438658
130
-307
773
2136
331
-220
12439683
-236
-238
396
1798
441
-82
12440708
-458
-174
-40
1741
264
0
12441733
-490
-95
-505
1847
64
53
12442758
-371
8
-970
1982
54
63
12443783
-152
126
-1417
2090
3
107
12444808
179
249
-1864
2204
-102
269
12445833
501
350
-2396
2618
-282
314
12446858
720
371
-3128
3426
-669
-134
12447883
736
195
-3808
5154
-2731
-591
12448908
-63
46
-4119
7815
-7212
-316
12449933
-1020
234
-4064
9241
-10029
1954
12450958
-2520
638
-3050
7750
-8892
3117
12451983
-3785
926
-1782
5378
-7465
2521
12444800
-2765
904
-895
3003
-5565
2125
12445825
-1372
671
-779
1608
-3756
1563
12446850
-733
423
-579
580
-3841
951
12447875
-156
188
-455
-224
-3542
691
12448900
251
-6
-373
-545
-3012
704
12449925
346
-113
-235
-664
-2854
818
12450950
223
-145
-69
-734
-2777
869
12451975
-71
-144
131
-725
-2752
777
12453000
-406
-148
395
-649
-2807
629
12454025
-603
-183
716
-530
-2888
524
12455050
-560
-271
1048
-295
-3160
539
12456075
-284
-420
1327
345
-3801
520
12457100
117
-608
1514
1310
-4499
423
12458125
554
-788
1561
2628
-5570
489
12459150
908
-924
1588
4406
-7215
487
12460175
1051
-896
1571
6063
-7597
214
12452993
1131
-674
1779
6247
-7043
380
12454018
1137
-410
2103
5788
-6185
787
12455043
1289
-199
2253
5471
-5066
687
12456068
1402
-27
2198
4883
-3759
284
12457093
1305
78
2087
4120
-2724
10
12458118
1018
93
1922
3509
-2029
-87
12459143
674
45
1676
3039
-1416
-129
12460168
425
-15
1408
2634
-933
-28
12461193
253
-56
1080
2437
-450
-1
12462218
87
-29
732
2304
-74
-121
12463243
-120
28
358
2213
45
-279
12464268
-320
87
-87
2227
100
-320
12465293
-491
154
-582
2291
-42
-277
12466318
-651
216
-1071
2330
-412
-200
12467343
-653
262
-1600
2466
-673
-95
12468368
-347
263
-2177
2930
-870
-240
12461184
432
260
-2675
3583
-1521
-804
12462209
1681
70
-2776
5450
-4593
108
12463234
1637
9
-2481
6454
-7957
1771
12464259
334
306
-2331
5006
-6415
2689
12465284
-1787
538
-1710
4280
-4486
2483
12466309
-2444
551
-1075
3566
-6530
2558
12467334
-1652
397
-1363
2802
-5745
2192
12468359
-1187
226
-1312
2039
-5165
1670
12469384
-659
70
-1018
1169
-5275
1597
12470409
-23
-75
-718
454
-4350
1586
12471434
105
-185
-409
36
-3685
1485
12472459
9
-230
-133
-215
-3427
1434
12473484
-25
-227
110
-340
-3418
1359
12474509
-16
-202
351
-330
-3395
1195
12475534
-2
-174
617
-320
-3163
967
12476559
37
-179
892
-301
-2755
744
12469376
15
-220
1185
-230
-2540
622
12470401
-18
-314
1444
-7
-2771
531
12471426
113
-487
1621
599
-3504
433
12472451
462
-727
1675
1612
-4497
443
12473476
884
-952
1647
3217
-6092
768
12474501
1018
-957
1604
5425
-7613
665
12475526
820
-636
1567
7119
-7740
-89
12476551
322
-192
1667
6749
-6336
-508
12477576
-207
88
1907
5776
-4784
-230
12478601
-349
174
1973
5253
-3808
64
12479626
-188
120
1774
4498
-2821
137
12480651
22
-10
1436
3699
-1854
118
12481676
225
-133
1146
2929
-1271
136
12482701
391
-226
813
2344
-932
165
12483726
545
-288
459
1910
-529
229
12484751
596
-287
23
1670
81
216
12477567
392
-247
-440
1669
427
153
12478592
-59
-169
-962
1947
302
36
12479617
-647
-22
-1571
2343
-90
-216
12480642
-1260
178
-2188
2741
-204
-575
12481667
-1656
448
-2679
2988
-374
-718
12482692
-1659
699
-3104
3321
-907
-622
12483717
-1421
876
-3507
3875
-1381
-351
12484742
-850
990
-3820
4191
-1987
-157
12485767
-62
952
-4124
5010
-2778
154
12486792
46
845
-3897
6362
-4902
928
12487817
-1192
814
-3481
7453
-6826
1717
12488842
-2819
913
-2753
7514
-8545
1423
12489867
-3296
1004
-1875
6051
-8773
924
12490892
-2350
871
-1040
4040
-8049
881
12491917
-592
634
-471
2075
-6539
1056
12492942
627
423
-73
695
-4783
1059
12485760
791
282
262
-42
-3706
766
12486785
472
193
488
-357
-3218
391
12487810
113
139
714
-460
-3193
142
12488835
-100
90
912
-455
-3233
129
12489860
-121
19
1089
-369
-3019
134
12490885
-38
-89
1315
-257
-2733
-9
12491910
43
-234
1560
-187
-2604
-203
12492935
50
-437
1730
16
-2570
-429
12493960
11
-679
1857
485
-2932
-578
12494985
69
-944
1922
1072
-3463
-623
12496010
598
-1270
1944
2453
-5202
-454
12497035
1328
-1603
1945
5023
-7785
111
12498060
1781
-1672
1824
7582
-8151
51
12499085
1872
-1345
1929
8196
-6877
-58
12500110
1576
-927
2448
7391
-5712
330
12501135
1402
-636
2694
6908
-4986
615
12493952
1429
-391
2427
6474
-3850
251
12494977
1235
-148
2111
5421
-2286
-385
12496002
592
29
1921
4297
-1333
-547
12497027
-296
112
1761
3630
-1010
-344
12498052
-1067
185
1545
3108
-533
-205
12499077
-1520
274
1278
2602
77
-163
12500102
-1724
342
868
2181
623
-189
12501127
-1566
407
362
2063
526
-74
12502152
-990
507
-299
2181
-58
-37
12503177
-275
612
-1056
2066
-196
-54
12504202
179
623
-1802
1843
63
-55
12505227
496
567
-2395
1753
-127
163
12506252
887
504
-2875
1955
-457
500
12507277
1293
492
-3311
2345
-306
322
12508302
1734
322
-3644
3648
-1498
-200
12509327
1099
80
-3408
5982
-6163
369
12502143
-1044
106
-3384
7283
-9278
1261
12503168
-2045
324
-2893
6491
-9223
1808
12504193
-1505
471
-1672
5510
-9045
2420
12505218
-222
521
-481
3758
-7868
2359
12506243
770
501
-144
1876
-5658
1893
12507268
924
468
59
633
-3962
1378
12508293
635
427
379
-274
-3496
1067
12509318
466
326
509
-700
-3244
776
12510343
437
207
588
-848
-2799
592
12511368
354
62
650
-817
-2530
601
12512393
213
-85
657
-677
-2215
575
12513418
-18
-235
688
-486
-2205
359
12514443
-113
-434
730
-269
-2706
49
12515468
66
-722
812
85
-3156
-117
12516493
303
-1072
1021
573
-3461
-316
12517518
675
-1446
1340
1083
-3743
-468
12510336
1201
-1841
1636
1842
-4386
-656
12511361
1809
-2242
1789
3204
-6264
-746
12512386
2325
-2582
1711
5316
-8634
-660
12513411
2737
-2625
1575
7610
-9756
-947
12514436
2931
-2220
1666
8398
-8100
-1161
12515461
2965
-1574
2217
7162
-5551
-689
12516486
2723
-992
2618
6011
-4248
-340
12517511
2210
-609
2508
5169
-3009
-648
12518536
1356
-388
2200
4446
-1573
-776
12519561
488
-278
1957
3744
-846
-597
12520586
111
-233
1623
3124
-4
-420
12521611
104
-192
1253
2712
854
-355
12522636
-4
-167
965
2321
1091
-162
12523661
113
-358
607
1845
402
-96
12524686
307
-712
-147
1983
44
210
12525711
446
-1012
-936
2090
192
784
12518529
535
-1088
-1721
1736
347
1265
12519554
996
-1284
-2172
1998
-136
1100
12520579
1410
-1248
-2399
1902
-789
1068
12521604
1176
-1270
-2796
2683
-2644
1314
12522629
693
-1411
-2926
4106
-6000
1903
12523654
106
-1253
-3095
4654
-7446
2548
12524679
-178
-918
-2683
4788
-8264
3490
12525704
-705
-446
-1810
4332
-7751
3741
12526729
-784
-28
-807
2891
-7445
2924
12527754
-223
23
-168
1675
-6516
2178
12528779
14
-114
11
979
-5113
1559
12529804
77
-276
229
426
-4424
1056
12530829
418
-490
444
-116
-3943
774
12531854
853
-803
675
-387
-3369
644
12532879
1064
-1142
892
-469
-2815
363
12533904
1118
-1517
1099
-548
-2580
-415
12526720
1217
-2023
1243
-329
-2663
-1092
12527745
1567
-2582
1377
322
-2937
-920
12528770
1882
-3023
1465
741
-2737
-845
12529795
2044
-3416
1590
830
-2572
-1720
12530820
2266
-3859
1674
841
-2755
-2524
12531845
2554
-4310
1643
1301
-3347
-2768
12532870
2522
-4638
1524
1889
-4753
-3057
12533895
2342
-4749
1158
2007
-6864
-3057
12534920
2394
-4689
845
3281
-10752
-2465
12535945
2802
-4252
666
4478
-10275
-3081
12536970
3882
-3695
1260
4026
-8259
-3083
12537995
4428
-3018
2057
3875
-7106
-2440
12539020
3970
-2260
2345
3580
-5179
-1932
12540045
2836
-1614
2303
3148
-3597
-1564
12541070
1931
-1213
2135
2657
-2575
-1508
12542095
1382
-1027
1962
2275
-1675
-1427
12534912
791
-927
1707
2291
-1322
-1245
12535937
550
-864
1345
2220
-788
-852
12536962
312
-825
870
2085
-24
-592
12537987
68
-808
399
2191
117
-350
12539012
-85
-837
-199
2785
14
-101
12540037
-118
-933
-866
3509
-187
-7
12541062
-164
-1220
-1584
4304
-503
14
12542087
-240
-1568
-2372
4824
-807
243
12543112
6
-1813
-3265
4804
-799
900
12544137
614
-1992
-3874
4711
-1328
873
12545162
1740
-2245
-4293
5096
-3094
540
12546187
2498
-2514
-4314
5987
-6079
1532
12547212
1318
-2450
-4253
5919
-7166
2003
12548237
-145
-1946
-3632
5543
-8455
2661
12549262
-993
-1216
-2688
4625
-8631
3399
12550287
-1562
-608
-1824
3026
-7472
2910
12543104
-711
-229
-1146
2052
-7312
2211
12544129
844
91
-612
1072
-5664
1576
12545154
1415
310
-65
261
-3975
1264
12546179
1344
426
298
-345
-3088
934
12547204
904
403
429
-658
-2431
493
12548229
326
295
485
-840
-2319
138
12549254
-36
102
541
-952
-2354
-123
12550279
-152
-202
643
-894
-2315
-351
12551304
120
-606
797
-672
-2646
-474
12552329
772
-1068
961
-273
-3155
-517
12553354
1454
-1490
1073
323
-3577
-705
12554379
1908
-1825
1224
1019
-4180
-1303
12555404
2002
-2063
1451
2044
-5032
-1853
12556429
2258
-2168
1665
3122
-5997
-1734
12557454
3127
-2100
1818
3585
-7396
-769
12558479
3949
-1954
1804
4412
-9496
-474
12551296
4729
-1884
1621
6658
-9609
-1579
12552321
5183
-1596
1629
8440
-7201
-3301
12553346
4865
-713
2092
8842
-6367
-2396
12554371
3438
457
2461
7643
-4776
-28
12555396
1460
1087
2343
5989
-2053
555
12556421
-384
1153
2398
4798
-1452
-101
12557446
-1686
931
2487
3888
-1493
-933
12558471
-1660
585
2423
3284
-1420
-1270
12559496
-595
315
2312
3004
-1131
-1434
12560521
124
186
2045
2827
-87
-1755
12561546
269
177
1646
2410
602
-1665
12562571
119
143
1121
2274
975
-1234
12563596
-263
125
523
2362
810
-899
12564621
-780
130
-181
2300
413
-688
12565646
-1187
80
-1015
2145
39
-467
12566671
-1195
-56
-1903
2447
-350
-196
12559489
-708
-201
-2708
3186
-1038
181
12560514
195
-375
-3369
4267
-2563
655
12561539
1194
-470
-3709
5077
-4970
1030
12562564
1009
-472
-3903
5315
-5222
1464
12563589
-148
-460
-3610
5865
-5780
2452
12564614
-1744
-154
-2746
5613
-7703
3084
12565639
-2841
210
-2094
4309
-8592
2577
12566664
-2240
358
-1660
3049
-7505
2019
12567689
-1065
407
-1230
1783
-6076
1639
12568714
-65
374
-868
691
-4776
1380
12569739
285
283
-592
15
-3296
1106
12570764
132
181
-315
-347
-2790
787
12571789
-61
111
-74
-547
-2781
575
12572814
-106
44
124
-585
-2665
325
12573839
16
-26
384
-495
-2693
79
12574864
187
-79
693
-377
-2613
-8
12567680
239
-115
993
-333
-2337
12
12568705
103
-167
1287
-298
-2254
-7
12569730
-52
-256
1568
-138
-2647
-44
12570755
-5
-410
1802
270
-3313
-190
12571780
377
-674
1969
1094
-4857
-385
12572805
1012
-1087
2026
3167
-8270
332
12573830
1363
-1363
1607
6098
-9432
610
12574855
1676
-1110
1422
7700
-8930
223
12575880
1434
-551
1803
6769
-7664
425
12576905
1521
-265
2197
5918
-5844
720
12577930
1725
-59
2283
5277
-3944
760
12578955
1446
156
2134
4168
-2603
458
12579980
964
268
1892
3297
-1778
50
12581005
678
273
1606
2794
-1211
-31
12582030
450
246
1321
2500
-644
104
12583055
167
268
1051
2178
-155
174
12575872
-146
334
739
1984
280
69
12576897
-478
432
374
1900
563
-102
12577922
-775
485
-41
1970
496
-294
12578947
-1021
569
-503
2072
-147
-456
12579972
-994
671
-1071
2121
-1013
-108
12580997
-457
657
-1656
2533
-839
455
12582022
368
644
-2092
3038
-797
161
12583047
1103
539
-2582
4023
-2101
-600
12584072
920
307
-3063
5677
-4887
-334
12585097
-995
165
-3239
7134
-7302
772
12586122
-3182
355
-2768
6899
-7841
1684
12587147
-4152
531
-1800
5003
-7664
1463
12588172
-3815
407
-1124
3061
-6711
822
12589197
-3419
251
-1064
1742
-5325
247
12590222
-2744
135
-1141
1111
-4801
20
12591247
-1738
56
-1057
473
-4502
189
12584064
-739
-42
-873
-90
-4181
337
12585089
-13
-138
-638
-395
-3876
398
12586114
439
-205
-428
-558
-3493
404
12587139
481
-210
-183
-580
-3129
473
12588164
204
-169
114
-542
-3288
562
12589189
152
-166
347
-552
-3211
458
12590214
442
-249
576
-538
-2759
240
12591239
645
-372
849
-515
-2475
-15
12592264
526
-528
1118
-360
-2444
-262
12593289
340
-714
1338
28
-3011
-510
12594314
425
-952
1475
658
-4273
-921
12595339
772
-1290
1514
2012
-7468
-1185
12596364
1448
-1661
1294
4207
-10330
-1081
12597389
2448
-1793
987
6699
-9988
-1362
12598414
2684
-1349
1321
7196
-8611
-1055
12599439
2654
-824
1871
5971
-6272
-462
12592255
2407
-480
2163
5155
-4331
-55
12593280
1631
-188
2208
4274
-3042
-34
12594305
706
-38
2031
3528
-2103
-262
12595330
106
17
1782
2940
-1339
-320
12596355
-86
37
1563
2363
-727
-195
12597380
-129
15
1354
2012
-434
-112
12598405
-65
-11
1100
1825
-127
-110
12599430
-44
14
782
1604
151
-93
12600455
-132
72
384
1512
210
-80
12601480
-246
158
-119
1655
34
-112
12602505
-333
264
-675
1803
-327
-136
12603530
-459
336
-1291
1991
-697
-152
12604555
-423
369
-1962
2340
-1205
-114
12605580
-27
375
-2533
2973
-2342
-123
12606605
473
357
-2758
4120
-4813
-634
12607630
571
359
-2597
5493
-6877
-694
12600448
37
607
-2418
6009
-5896
757
12601473
-1312
968
-1762
5623
-5828
1894
12602498
-2217
1285
-940
4630
-7236
1660
12603523
-2269
1397
-683
3237
-6659
718
12604548
-2086
1279
-734
2265
-5482
-67
12605573
-1755
1137
-709
1552
-5185
-224
12606598
-1204
973
-701
918
-4549
103
12607623
-777
812
-670
336
-3647
433
12608648
-522
648
-535
-115
-3337
545
12609673
-309
487
-383
-425
-3191
501
12610698
-205
320
-294
-525
-2849
419
12611723
-292
176
-215
-520
-2608
320
12612748
-416
44
-110
-461
-2771
262
12613773
-372
-100
17
-384
-2802
204
12614798
-233
-275
226
-284
-2742
104
12615823
-143
-473
538
-166
-3052
39
12608641
-88
-692
846
94
-3472
10
12609666
37
-920
1205
607
-4351
-74
12610691
174
-1153
1565
1107
-5535
-320
12611716
577
-1393
1695
1795
-6676
-259
12612741
1153
-1605
1635
2967
-7970
-183
12613766
1407
-1664
1627
4277
-8749
-427
12614791
1429
-1524
1586
4886
-7503
-849
12615816
1591
-1276
1814
4732
-6515
-520
12616841
1907
-1030
1961
4374
-5881
-157
12617866
2017
-797
1810
4041
-4565
-201
12618891
1798
-564
1607
3654
-3383
-235
12619916
1407
-358
1387
3362
-2571
-192
12620941
946
-159
1126
2925
-1771
-277
12621966
457
-7
864
2403
-1048
-382
12622991
0
72
597
2017
-565
-353
12624016
-314
117
287
1772
-317
-314
12616832
-438
173
-34
1525
-198
-245
12617857
-435
209
-408
1575
-157
-160
12618882
-435
230
-835
1991
-276
-94
12619907
-514
312
-1257
2226
-384
-157
12620932
-577
456
-1670
2170
-243
-218
12621957
-563
578
-2084
2419
-303
-22
12622982
-409
687
-2576
3114
-660
135
12624007
-352
749
-3117
4199
-1620
-166
12625032
-856
823
-3367
5576
-4625
-1032
12626057
-1366
928
-3493
6582
-7531
-1104
12627082
-1341
1092
-3181
6483
-8064
534
12628107
-1309
1162
-2295
5814
-8508
1314
12629132
-1367
1141
-1516
4341
-8307
817
12630157
-1266
955
-1223
2688
-6741
344
12631182
-1220
701
-1062
1579
-5269
259
12632207
-917
527
-758
530
-4551
610
12625047
-418
376
-472
-363
-4031
752
12626072
4
214
-214
-859
-3693
608
12627097
284
62
-7
-946
-3437
539
12628122
316
-45
170
-917
-3013
534
12629147
107
-112
353
-882
-2639
471
12630172
-229
-188
583
-778
-2522
369
12631197
-432
-316
829
-559
-2675
271
12632222
-396
-493
1080
-165
-3060
128
12633247
-29
-732
1315
581
-4003
2
12634272
596
-1039
1460
1928
-5264
-140
12635297
1298
-1236
1534
3474
-6644
-85
12636322
1889
-1297
1500
5218
-7604
-393
12637347
2214
-1129
1509
6586
-7559
-612
12638372
1963
-671
1717
6544
-6721
-290
12639397
1423
-210
1980
5980
-5721
-245
12640422
958
150
1988
5420
-4413
-502
12633217
408
459
1823
4412
-2936
-687
12634242
-302
638
1641
3599
-1883
-852
12635267
-775
743
1548
2945
-1325
-768
12636292
-996
743
1451
2591
-1115
-442
12637317
-1155
702
1213
2279
-757
-178
12638342
-1162
643
944
1924
-349
-78
12639367
-978
561
588
1636
-18
-9
12640392
-590
483
157
1556
61
219
12641417
-147
411
-337
1904
17
367
12642442
247
401
-801
2111
-99
435
12643467
557
402
-1286
2343
-324
458
12644492
927
467
-1864
2687
-728
179
12645517
1377
486
-2516
3226
-1699
-244
12646542
1153
412
-3318
3937
-3397
28
12647567
-162
460
-4180
5119
-4276
1018
12648592
-2424
784
-4378
6421
-4259
1435
12641407
-4056
1150
-3687
7239
-5732
795
12642432
-3446
1465
-1642
5849
-10022
153
12643457
-1426
1386
-966
3223
-8457
422
12644482
-156
875
-1166
2589
-5279
278
12645507
-319
695
-930
1649
-4347
-54
12646532
-619
565
-535
664
-4133
59
12647557
-537
403
-267
42
-3606
180
12648582
-366
237
-9
-257
-3269
183
12649607
-196
97
216
-354
-3326
164
12650632
-44
-20
403
-375
-3093
154
12651657
-7
-128
611
-248
-2865
156
12652682
-32
-216
875
-14
-2814
209
12653707
10
-292
1163
341
-2911
285
12654732
174
-368
1442
939
-3417
419
12655757
401
-432
1648
1750
-3995
533
12656782
672
-433
1778
2909
-4758
655
12649600
1021
-339
1844
4287
-6015
771
12650625
1247
-163
1803
5913
-6929
725
12651650
1273
155
1707
7188
-6733
432
12652675
900
655
1782
6965
-5509
339
12653700
122
1102
1958
6326
-4372
415
12654725
-647
1372
1982
5698
-3335
127
12655750
-1177
1490
1867
4502
-2259
-108
12656775
-1417
1426
1696
3419
-1511
-52
12657800
-1378
1290
1462
2764
-1111
103
12658825
-1135
1193
1175
2515
-844
35
12659850
-889
1191
827
2205
-510
-147
12660875
-680
1236
444
1872
-407
-214
12661900
-517
1329
-19
1818
-243
-229
12662925
-564
1469
-538
2030
-213
-369
12663950
-690
1680
-1011
2238
-489
-545
12664975
-782
1952
-1529
2494
-551
-665
12657793
-766
2216
-2189
3367
-795
-945
12658818
-546
2442
-2922
4605
-1920
-1615
12659843
-277
2534
-3537
5510
-3821
-1944
12660868
-924
2587
-4074
5526
-4493
-1607
12661893
-2609
2580
-3989
5673
-5130
-852
12662918
-4158
2612
-2898
5686
-6495
-229
12663943
-4126
2669
-1878
4336
-6208
-221
12664968
-3208
2403
-1463
3178
-5937
-651
12665993
-2203
2034
-1347
2419
-5410
-1167
12667018
-1321
1730
-1242
1869
-4484
-1111
12668043
-1076
1531
-1154
1661
-3770
-902
12669068
-1274
1469
-1034
1480
-3385
-801
12670093
-1721
1468
-885
1267
-3319
-780
12671118
-2193
1456
-713
969
-3363
-711
12672143
-2498
1425
-507
695
-3428
-334
12673168
-2474
1414
-255
340
-3756
143
12665984
-2142
1361
21
-99
-3988
183
12667009
-1908
1186
276
-419
-4118
271
12668034
-1849
899
520
-417
-4436
709
12669059
-1630
572
768
-78
-4708
1212
12670084
-1114
277
1086
347
-4796
1425
12671109
-409
50
1459
725
-4736
1423
12672134
142
-113
1816
1197
-4686
1313
12673159
425
-220
2055
1996
-4993
1099
12674184
615
-289
2105
3387
-5896
998
12675209
721
-277
1893
5640
-6821
802
12676234
652
-69
1571
8159
-7538
209
12677259
285
490
1350
8227
-6297
-90
12678284
-535
1030
1438
6312
-3833
180
12679309
-1088
1219
1693
4889
-2382
276
12680334
-1162
1222
1786
3652
-1462
155
12681359
-1119
1180
1514
2794
-668
-65
12674176
-1075
1157
1147
2208
-147
-297
12675201
-1018
1199
711
1682
119
-485
12676226
-897
1303
164
1404
330
-542
12677251
-932
1399
-340
1442
289
-563
12678276
-1007
1580
-867
1381
-169
-450
12679301
-1067
1730
-1471
1695
-429
-336
12680326
-915
1893
-2006
2222
-573
-277
12681351
-509
2127
-2500
2796
-714
-507
12682376
-24
2254
-2986
3836
-1670
-1154
12683401
548
2146
-3272
5398
-4995
-1204
12684426
17
2050
-3415
6755
-7794
76
12685451
-2227
2128
-3344
6362
-6034
1344
12686476
-4814
2299
-2277
4770
-6405
1175
12687501
-4930
2310
-1299
2871
-6764
1100
12688526
-3377
1942
-1049
1416
-5595
674
12689551
-1783
1454
-974
587
-5033
-177
12682368
-492
1031
-795
38
-4735
-508
12683393
75
700
-578
-296
-4244
-226
12684418
1
487
-327
-358
-3668
154
12685443
-275
372
-10
-335
-3412
345
12686468
-533
287
356
-226
-3469
334
12687493
-685
177
723
17
-3538
244
12688518
-594
31
1048
292
-3541
182
12689543
-287
-154
1347
688
-3703
195
12690568
-31
-356
1596
1202
-3948
223
12691593
120
-575
1786
1829
-4541
255
12692618
331
-798
1879
2712
-5592
477
12693643
754
-984
1804
4156
-6439
894
12694668
1244
-991
1699
5737
-6762
1051
12695693
1563
-737
1724
6094
-5984
1077
12696718
1720
-387
1811
5860
-4798
1351
12697743
1843
-76
1846
5742
-3620
1289
12690560
1935
181
1743
5182
-2485
793
12691585
1669
359
1562
4462
-1564
317
12692610
1011
526
1203
3918
-737
-22
12693635
187
722
781
3381
-308
-355
12694660
-663
889
320
2883
-51
-762
12695685
-1431
969
-150
2474
-10
-923
12696710
-1965
1027
-627
2219
-163
-673
12697735
-2255
1143
-1087
2159
-360
-363
12698760
-2316
1286
-1470
2255
-609
-164
12699785
-2174
1345
-1850
2631
-909
-87
12700810
-1627
1307
-2251
3093
-1286
305
12701835
-528
1268
-2689
3370
-1645
884
12702860
867
1181
-3162
3468
-1671
895
12703885
1882
1005
-3586
3801
-1314
355
12704910
1436
739
-3714
5488
-2726
135
12705935
-800
730
-3546
6774
-6423
782
12698753
-2963
950
-3282
6402
-8589
1092
12699778
-2985
1098
-2347
5259
-8578
1642
12700803
-2249
1061
-1254
3910
-7259
1657
12701828
-1654
928
-560
2415
-6435
921
12702853
-1083
698
-347
1176
-5318
156
12703878
-767
454
2
379
-4582
141
12704903
-582
253
351
-117
-4177
520
12705928
-346
80
686
-425
-3892
739
12706953
-156
-87
991
-521
-3404
750
12707978
-47
-246
1267
-529
-2973
744
12709003
3
-407
1538
-466
-2869
715
12710028
53
-574
1766
-259
-2781
674
12711053
183
-739
1972
64
-2846
613
12712078
414
-901
2157
554
-3250
593
12713103
616
-1048
2272
1247
-3866
604
12714128
805
-1159
2211
2226
-4652
651
12706943
1122
-1266
2034
3730
-6237
897
12707968
1390
-1307
1907
5834
-7748
991
12708993
1338
-1081
1842
7196
-7164
775
12710018
967
-679
2095
6789
-5576
1090
12711043
663
-362
2443
6130
-4680
1425
12712068
838
-108
2395
5626
-3749
1213
12713093
1035
104
2117
4940
-2496
456
12714118
795
271
1834
3889
-1559
-215
12715143
275
319
1538
2909
-1232
-357
12716168
-147
270
1134
2270
-840
-199
12717193
-434
221
675
1903
-357
-107
12718218
-671
222
249
1651
-79
-112
12719243
-876
252
-168
1479
-82
-122
12720268
-1033
296
-641
1509
-239
-166
12721293
-1094
345
-1136
1702
-507
-225
12722318
-979
367
-1629
1926
-804
-121
12715136
-542
345
-2126
2326
-1117
192
12716161
156
345
-2629
2787
-1141
335
12717186
1009
360
-3078
3552
-1043
55
12718211
1342
318
-3277
5332
-2509
82
12719236
532
338
-3033
7283
-6708
600
12720261
-983
605
-2826
6988
-8187
1289
12721286
-2462
885
-2368
5786
-6398
1931
12722311
-3399
1152
-1428
4796
-6332
2244
12723336
-2712
1384
-747
3061
-6242
2028
12724361
-1783
1314
-722
1808
-4724
829
12725386
-1375
1092
-629
1002
-3919
16
12726411
-1171
868
-530
419
-3805
87
12727436
-1014
684
-473
-21
-3640
175
12728461
-834
525
-363
-445
-3396
36
12729486
-659
326
-157
-754
-3343
-85
12730511
-584
81
25
-869
-3276
-172
12723328
-583
-186
201
-749
-3377
-236
12724353
-480
-466
404
-479
-3688
-245
12725378
-199
-753
629
-95
-3943
-288
12726403
183
-1012
876
335
-4049
-354
12727428
483
-1226
1150
753
-4177
-421
12728453
618
-1404
1394
1241
-4599
-484
12729478
684
-1574
1560
1945
-5337
-493
12730503
811
-1743
1674
2766
-6003
-498
12731528
1061
-1913
1729
4022
-6771
-342
12732553
1468
-2009
1669
5677
-7280
-429
12733578
1927
-1892
1602
6240
-6816
-890
12734603
2117
-1726
1643
6104
-5504
-1062
12735628
2015
-1527
1652
6032
-4139
-929
12736653
1894
-1230
1581
5588
-2849
-888
12737678
1545
-911
1454
4701
-1827
-863
12738703
965
-646
1292
3801
-1183
-812
12731519
431
-444
1059
3128
-666
-708
12732544
129
-256
826
2613
-273
-520
12733569
-106
-24
576
2136
84
-388
12734594
-468
213
260
1862
225
-385
12735619
-867
442
-129
1785
136
-395
12736644
-1220
650
-570
1848
-176
-348
12737669
-1467
803
-1042
2065
-752
-227
12738694
-1437
902
-1586
2582
-1164
110
12739719
-1061
1081
-2185
3489
-1308
540
12740744
-485
1378
-2704
4551
-1199
57
12741769
146
1591
-3036
5570
-1718
-1082
12742794
402
1733
-3043
6271
-5120
-1204
12743819
-649
1807
-3176
6169
-7083
350
12744844
-2300
1707
-3130
5783
-6128
1464
12745869
-2752
1548
-2183
5294
-7103
968
12746894
-2259
1449
-1385
3799
-8151
398
12739712
-1281
1130
-1199
2559
-7336
52
12740737
147
907
-1058
990
-4885
211
12741762
424
702
-748
-33
-3829
550
12742787
-167
524
-494
-650
-3786
423
12743812
-386
337
-302
-953
-3866
310
12744837
-216
146
-75
-870
-3970
327
12745862
14
11
173
-762
-3746
277
12746887
144
-79
442
-655
-3186
151
12747912
99
-173
769
-566
-2841
12
12748937
10
-314
1083
-486
-2792
-55
12749962
-2
-518
1333
-219
-2955
-92
12750987
210
-765
1553
251
-3354
-158
12752012
481
-1050
1778
910
-3627
-608
12753037
541
-1382
1963
1978
-4954
-1022
12754062
935
-1769
1964
4409
-8343
-366
12755087
1659
-1965
1676
8144
-9896
-803
12747904
2051
-1443
1542
9416
-8382
-1949
12748929
1477
-641
2006
7490
-5710
-1309
12749954
812
-233
2588
6049
-4192
-362
12750979
484
-160
2670
4850
-3365
-142
12752004
396
-279
2376
4172
-2259
-5
12753029
456
-344
2150
3690
-1396
176
12754054
604
-346
1959
3102
-929
192
12755079
837
-335
1686
2628
-403
91
12756104
970
-310
1344
2213
38
11
12757129
954
-289
937
1780
266
96
12758154
833
-268
454
1444
409
278
12759179
580
-248
-89
1482
354
425
12760204
328
-215
-656
1792
-118
528
12761229
384
-120
-1242
1984
-602
607
12762254
689
17
-1865
2235
-626
477
12763279
1109
146
-2520
2669
-812
141
12756096
1575
141
-3181
3673
-1886
-11
12757121
1507
17
-3446
5404
-5318
845
12758146
444
100
-3466
6778
-7973
2394
12759171
-707
453
-3060
6379
-6996
3203
12760196
-1771
693
-2025
5320
-6485
2767
12761221
-2225
804
-1121
3649
-6230
1892
12762246
-2021
697
-873
1924
-5255
1227
12763271
-1562
487
-919
843
-4129
831
12764296
-915
268
-827
208
-3697
914
12765321
-215
79
-728
-145
-3377
1091
12766346
170
-67
-635
-259
-2961
1099
12767371
220
-159
-479
-234
-2867
1005
12768396
107
-198
-305
-154
-2948
871
12769421
-65
-213
-80
-23
-3122
766
12770446
-224
-235
225
110
-3347
697
12771471
-229
-294
566
219
-3526
667
12764288
-31
-402
899
427
-3733
689
12765313
280
-542
1181
802
-4005
640
12766338
545
-697
1418
1382
-4809
559
12767363
686
-869
1585
2472
-6011
731
12768388
751
-1008
1694
3965
-6721
972
12769413
872
-933
1802
4721
-6665
922
12770438
974
-756
2029
4684
-6478
907
12771463
1066
-670
2244
5121
-6276
950
12772488
1302
-518
2203
5561
-5403
689
12773513
1382
-259
2078
5384
-4161
271
12774538
1079
-11
1957
4865
-3092
9
12775563
597
154
1799
4240
-2173
-28
12776588
145
245
1607
3570
-1350
-40
12777613
-239
271
1378
3057
-801
-124
12778638
-526
282
1110
2608
-473
-250
12779663
-696
295
762
2180
-311
-354
12772480
-764
306
310
2047
-136
-435
12773505
-789
357
-197
2026
-28
-472
12774530
-805
408
-708
2072
-224
-335
12775555
-736
403
-1251
2479
-543
-129
12776580
-451
476
-1742
2828
-282
13
12777605
-27
655
-2221
2922
243
190
12778630
502
689
-2619
3337
-636
199
12779655
912
570
-3030
3903
-2937
166
12780680
241
420
-3749
4386
-5145
188
12781705
-1037
445
-4188
5394
-5814
217
12782730
-1835
748
-3433
6021
-7731
1229
12783755
-2453
1026
-2364
5217
-9531
2322
12784780
-2668
996
-1789
4042
-8986
2359
12785805
-2172
869
-1371
2869
-6867
1899
12786830
-1469
755
-893
1556
-5489
1384
12787855
-764
610
-454
462
-4602
1151
12780672
-175
458
-137
-187
-3541
1097
12781697
101
338
83
-548
-2892
980
12782722
167
231
224
-719
-2580
772
12783747
145
129
313
-714
-2317
565
12784772
89
38
407
-650
-2231
369
12785797
38
-72
507
-471
-2368
241
12786822
57
-226
626
-119
-2641
116
12787847
214
-414
794
434
-3330
-6
12788872
478
-650
999
1350
-4427
-20
12789897
696
-897
1194
2705
-5446
253
12790922
911
-1074
1341
4072
-6111
597
12791947
1178
-1102
1506
5010
-6885
740
12792972
1454
-1031
1635
5648
-7078
756
12793997
1700
-896
1753
5929
-6134
654
12795022
1920
-657
1926
5636
-5122
601
12796047
2293
-410
2030
5115
-4331
657
12788864
2735
-197
2001
4646
-3339
674
12789889
2629
56
1904
3958
-1986
431
12790914
1824
324
1786
2951
-993
101
12791939
757
440
1549
2183
-686
-169
12792964
-130
377
1199
1996
-366
-295
12793989
-768
311
771
2056
-179
-217
12795014
-1209
258
331
2050
-285
-143
12796039
-1193
170
-116
2111
-695
123
12797064
-854
88
-623
2396
-966
420
12798089
-390
76
-1177
2623
-1069
552
12799114
35
64
-1745
3101
-841
420
12800139
228
33
-2259
3707
-770
159
12801164
-152
-13
-2702
4326
-1632
-121
12802189
-862
48
-2960
5064
-3939
29
12803214
-1580
301
-2968
5371
-5479
1313
12804239
-2575
518
-2457
5138
-6398
2083
12797057
-3386
681
-1687
4180
-7194
1564
12798082
-2885
752
-1076
2781
-7092
1529
12799107
-1821
603
-735
1863
-5956
1534
12800132
-944
469
-565
955
-5010
1210
12801157
-428
358
-382
257
-4004
918
12802182
-300
248
-142
-94
-3539
857
12803207
-332
140
60
-319
-3505
862
12804232
-260
8
189
-289
-3579
823
12805257
-60
-104
295
-231
-3567
755
12806282
101
-214
416
-68
-3457
660
12807307
125
-328
582
232
-3388
574
12808332
86
-449
812
431
-3476
535
12809357
159
-618
1075
643
-3873
516
12810382
488
-824
1306
998
-4162
590
12811407
891
-1011
1520
1421
-4270
603
12812432
1205
-1175
1738
2042
-4674
553
12805248
1365
-1333
1921
2835
-5254
544
12806273
1372
-1408
1934
3572
-5448
603
12807298
1547
-1386
1950
3669
-5376
473
12808323
1866
-1317
1974
3438
-5382
407
12809348
1971
-1276
1871
3841
-5627
498
12810373
1971
-1149
1639
4382
-5541
362
12811398
1891
-845
1429
4287
-5128
40
12812423
1641
-467
1358
3724
-4476
74
12813448
1017
-134
1354
3110
-3301
253
12814473
272
92
1371
2654
-2459
225
12815498
-289
209
1300
2240
-1995
95
12816523
-597
238
1134
1923
-1590
-93
12817548
-662
212
918
1757
-1349
-103
12818573
-599
154
644
1866
-1315
-32
12819598
-428
97
246
2047
-1266
-31
12820623
-184
67
-205
1985
-1076
60
12813440
-6
52
-645
1844
-944
200
12814465
72
5
-1116
1952
-1112
295
12815490
185
-39
-1624
2112
-1411
378
12816515
391
-123
-2161
2368
-1744
548
12817540
507
-234
-2717
2864
-2129
752
12818565
298
-347
-3255
3784
-3006
762
12819590
-617
-302
-3544
4258
-4114
373
12820615
-2224
-175
-3233
4342
-6473
-109
12821640
-3414
-61
-2419
3986
-8251
443
12822665
-3370
-1
-1899
3213
-6961
1755
12823690
-2668
-51
-1661
2921
-5672
2533
12824715
-1444
-185
-1117
2961
-6435
1306
12825740
-93
-454
-544
2204
-7129
-123
12826765
555
-694
-242
1325
-5779
-159
12827790
1296
-833
145
671
-5461
815
12828815
2016
-915
350
425
-4371
1459
12821631
2263
-1049
414
155
-2591
970
12822656
2127
-1154
634
-149
-2172
417
12823681
1773
-1220
829
-149
-2304
243
12824706
1403
-1310
929
-54
-2543
-7
12825731
1068
-1449
1058
198
-2615
-440
12826756
781
-1560
1237
422
-3028
-809
12827781
985
-1733
1350
852
-3610
-985
12828806
1403
-1923
1545
1376
-3832
-957
12829831
1751
-2013
1634
1881
-4036
-891
12830856
2170
-2041
1614
2833
-4678
-1063
12831881
2434
-1978
1374
4412
-5804
-1132
12832906
2220
-1794
993
6017
-6868
-1231
12833931
1769
-1409
663
6066
-5945
-1291
12834956
1531
-1029
744
5573
-4067
-925
12835981
1230
-707
970
5441
-3231
-586
12837006
788
-403
867
4436
-2592
-406
12829824
298
-298
523
3460
-1843
-355
12830849
-63
-282
168
2581
-1784
-217
12831874
-61
-323
-253
1752
-1375
3
12832899
141
-427
-561
1115
-875
225
12833924
367
-564
-834
802
-796
491
12834949
661
-730
-1151
839
-774
761
12835974
1149
-903
-1471
1066
-1052
969
12836999
1768
-1053
-1800
1502
-1489
1014
12838024
2239
-1168
-2021
2329
-2377
1129
12839049
1967
-1194
-2104
3367
-3704
1251
12840074
1092
-1056
-2185
4087
-4710
924
12841099
359
-825
-2041
4462
-5375
742
12842124
-39
-515
-1627
4249
-5603
1340
12843149
-328
-299
-1172
3460
-5188
1808
12844174
-344
-281
-785
2490
-4597
1310
12845199
16
-393
-437
1556
-4693
510
12838266
351
-619
-210
913
-5231
119
12839291
436
-908
-145
575
-4805
-4
12840316
451
-1181
36
336
-4071
-71
12841341
740
-1472
372
81
-3854
-252
12842366
1320
-1806
701
-132
-3643
-467
12843391
1767
-2146
966
-147
-3306
-687
12844416
1957
-2476
1170
44
-2998
-988
12845441
2100
-2765
1296
235
-2816
-1265
12846466
2194
-3021
1439
562
-3010
-1570
12847491
2281
-3238
1570
1193
-3276
-1984
12848516
2435
-3391
1692
1915
-3939
-2525
12849541
2847
-3508
1752
2771
-5291
-2774
12850566
3139
-3530
1720
4010
-6843
-2591
12851591
3204
-3372
1564
6067
-8167
-2158
12852616
3201
-2927
1291
8099
-8299
-1848
12853641
2907
-2229
1315
7806
-6731
-1996
12846207
2251
-1580
1540
6428
-4078
-1793
12847232
1536
-1107
1665
5256
-2297
-1055
12848257
1150
-864
1586
4261
-1336
-560
12849282
852
-758
1163
3476
-47
-368
12850307
661
-742
810
2805
665
-344
12851332
665
-685
335
2345
538
-225
12852357
751
-680
-297
1905
378
186
12853382
675
-811
-1111
1917
786
461
12854407
500
-839
-1848
2088
440
726
12855432
447
-780
-2648
2364
-202
757
12856457
266
-669
-3436
3004
-413
218
12857482
285
-382
-4016
3369
-579
-94
12858507
733
-236
-4320
4119
-2050
375
12859532
950
-215
-4173
5317
-4769
1495
12860557
-84
41
-3744
5500
-5000
2638
12861582
-1968
421
-3016
5140
-4613
2230
12854400
-3079
784
-1956
4580
-6473
1224
12855425
-2760
912
-1422
3294
-7503
842
12856450
-1736
705
-1262
2456
-7412
547
12857475
-561
393
-885
2264
-7236
349
12858500
599
103
-234
2026
-6605
613
12859525
1401
-123
413
1683
-5457
733
12860550
1627
-238
898
1264
-4343
521
12861575
1380
-291
1244
868
-3755
191
12862600
1034
-350
1442
666
-3482
-40
12863625
857
-444
1562
657
-3284
-154
12864650
829
-565
1642
671
-3002
-213
12865675
861
-725
1698
707
-2678
-310
12866700
877
-933
1723
698
-2397
-520
12867725
909
-1194
1715
746
-2281
-679
12868750
1044
-1494
1679
891
-2310
-832
12869775
1334
-1814
1663
1241
-2575
-1002
12862592
1677
-2112
1666
2034
-3176
-1252
12863617
1947
-2311
1699
3233
-4020
-1477
12864642
2223
-2398
1807
4442
-5085
-1681
12865667
2352
-2353
1884
5978
-6533
-1571
12866692
2192
-2166
1757
7323
-6676
-1400
12867717
1927
-1824
1847
6762
-5317
-1028
12868742
1595
-1524
2149
5761
-4481
-612
12869767
1397
-1316
2149
5780
-4604
-561
12870792
1494
-1060
1872
5256
-3788
-715
12871817
1319
-836
1548
4674
-2750
-728
12872842
793
-664
1294
4028
-2176
-680
12873867
397
-578
1055
3209
-1626
-448
12874892
183
-587
801
2582
-1153
-187
12875917
66
-621
552
2075
-821
-62
12876942
-17
-667
284
1716
-637
-61
12877967
-50
-700
-26
1574
-589
-38
12870785
-10
-704
-425
1794
-492
-123
12871810
49
-640
-857
1891
-296
-371
12872835
184
-541
-1249
1947
-316
-295
12873860
340
-444
-1613
2283
-792
-47
12874885
526
-325
-1982
2641
-1254
113
12875910
811
-224
-2266
2983
-1718
73
12876935
1319
-174
-2290
3819
-3727
239
12877960
1544
-227
-1966
5483
-8024
617
12878985
865
57
-1838
5865
-7544
1097
12880010
40
417
-1448
4889
-5200
1365
12881035
-864
528
-740
4124
-6331
1293
12882060
-1198
459
-384
3306
-6115
1187
12883085
-1258
292
-332
2443
-4651
939
12884110
-1016
31
-244
1768
-4063
925
12885135
-627
-200
-212
1148
-3287
1123
12886160
-289
-403
-28
627
-3057
1185
12878976
146
-524
222
159
-3125
1227
12880001
891
-607
351
119
-3110
1522
12881026
1608
-630
336
372
-2304
1900
12882051
1596
-523
376
460
-1417
1940
12883076
1075
-406
466
437
-1510
1630
12884101
469
-343
525
441
-1677
1151
12885126
-41
-308
654
485
-2351
825
12886151
-317
-366
856
767
-3125
724
12887176
-321
-485
1061
1094
-3525
670
12888201
17
-627
1312
1498
-3979
618
12889226
550
-770
1596
2120
-4803
721
12890251
934
-910
1723
3279
-6210
1041
12891276
1539
-925
1549
4462
-7033
1105
12892301
2105
-739
1304
5152
-6988
777
12893326
2001
-375
1206
5326
-6307
512
12894351
1392
31
1216
5206
-5471
357
12887167
793
411
1281
4678
-4494
170
12888192
206
684
1182
4014
-3319
8
12889217
-460
810
1017
3333
-2435
-210
12890242
-1112
808
836
2725
-1887
-468
12891267
-1525
723
636
2266
-1499
-539
12892292
-1651
631
429
1957
-1156
-498
12893317
-1573
544
210
1805
-909
-524
12894342
-1283
461
-34
1715
-814
-537
12895367
-862
387
-326
1808
-685
-549
12896392
-461
328
-632
2015
-500
-586
12897417
-137
280
-935
2286
-476
-570
12898442
209
254
-1277
2542
-703
-349
12899467
623
268
-1677
2829
-888
14
12900492
1043
327
-2076
3520
-1453
-67
12901517
1421
307
-2412
5114
-3840
-219
12902542
1068
307
-2655
6295
-6666
39
12895360
67
395
-2793
6389
-7046
925
12896385
-1640
602
-2357
5777
-6164
1880
12897410
-3351
841
-1719
4478
-5576
2155
12898435
-3565
956
-1255
2858
-5038
2184
12899460
-2761
869
-1177
1692
-3988
1644
12900485
-1841
677
-1045
945
-3744
883
12901510
-942
444
-907
362
-3755
499
12902535
-128
213
-800
-63
-3438
492
12903560
325
4
-708
-153
-3025
639
12904585
446
-166
-583
-85
-2812
714
12905610
285
-282
-386
25
-2902
776
12906635
-25
-365
-101
101
-3221
736
12907660
-213
-457
211
110
-3349
565
12908685
-73
-566
584
151
-3481
457
12909710
399
-699
945
327
-3541
482
12910735
872
-829
1261
697
-3522
429
12903552
1084
-924
1535
1164
-4026
307
12904577
1194
-1012
1654
1937
-5226
242
12905602
1358
-1120
1700
3377
-7392
229
12906627
1434
-1137
1701
5240
-8472
125
12907652
1553
-892
1771
6331
-8013
162
12908677
1498
-486
2136
6305
-7258
230
12909702
1569
-116
2459
5628
-6017
181
12910727
1630
151
2438
5045
-4436
131
12911752
1366
312
2334
4544
-3137
-98
12912777
846
397
2188
3945
-2168
-293
12913802
381
404
1966
3307
-1404
-338
12914827
91
362
1741
2707
-903
-296
12915852
-91
292
1471
2393
-554
-321
12916877
-222
237
1165
2255
-290
-288
12917902
-299
222
817
2060
-78
-278
12918927
-324
244
418
1815
29
-248
12911745
-298
279
-26
1691
-25
-148
12912770
-229
318
-520
1781
-273
-33
12913795
-178
346
-1068
1988
-604
-28
12914820
-68
340
-1678
2231
-798
27
12915845
171
223
-2345
2790
-770
68
12916870
471
61
-3116
3718
-868
-77
12917895
717
-111
-3465
5074
-3185
211
12918920
25
-249
-3335
6730
-7500
1293
12919945
-1521
-118
-3181
7203
-8594
2204
12920970
-2519
244
-2411
6161
-8112
1960
12921995
-2503
493
-1579
4670
-7632
1904
12923020
-1525
547
-1016
3180
-6388
1673
12924045
-818
531
-972
2162
-4553
917
12925070
-767
512
-862
1161
-3500
335
12926095
-769
434
-721
124
-3110
298
12927120
-670
239
-701
-504
-2971
500
12919936
-467
-3
-666
-847
-3152
614
12920961
-107
-236
-557
-983
-3354
602
12921986
126
-444
-328
-979
-3402
365
12923011
235
-605
66
-951
-3469
227
12924036
170
-755
520
-717
-3571
226
12925061
-109
-883
961
-445
-3776
174
12926086
-51
-1026
1323
-150
-4190
-24
12927111
638
-1150
1614
417
-4508
-138
12928136
1406
-1154
1849
1272
-4860
28
12929161
1774
-1136
1936
2066
-5384
33
12930186
1475
-1113
2020
3403
-7279
76
12931211
1243
-1023
1992
5394
-8735
-58
12932236
1573
-788
1912
6937
-8494
-490
12933261
1821
-389
2167
6785
-7026
-286
12934286
1662
-47
2365
6120
-5101
84
12935311
1231
186
2300
5518
-3421
-74
12928129
715
293
2130
4644
-2226
-502
12929154
188
287
1895
3729
-1331
-618
12930179
-227
239
1577
3026
-720
-468
12931204
-376
200
1256
2525
-341
-346
12932229
-333
181
874
2192
107
-303
12933254
-354
219
427
1878
368
-269
12934279
-397
313
-53
1546
280
-167
12935304
-451
429
-607
1439
312
-119
12936329
-555
538
-1138
1512
63
-86
12937354
-583
612
-1692
1757
-348
91
12938379
-389
701
-2297
2158
-595
335
12939404
-11
774
-2953
2895
-873
176
12940429
594
744
-3635
4008
-2216
-509
12941454
1417
519
-3913
6597
-7585
157
12942479
182
632
-3968
8448
-10504
1845
12943504
-3131
1124
-3441
6974
-7663
2075
12936320
-5278
1592
-1552
5082
-7865
1361
12937345
-2661
1532
-75
2381
-9046
2348
12938370
-532
1013
-584
714
-4926
1344
12939395
-759
665
-462
-13
-3554
-99
12940420
-655
406
-125
-889
-4321
-219
12941445
-28
76
-70
-1448
-3136
50
12942470
235
-190
49
-1527
-2367
353
12943495
300
-375
169
-1243
-2556
420
12944520
263
-525
291
-967
-2695
324
12945545
241
-665
435
-756
-2935
100
12946570
451
-814
665
-405
-3170
-98
12947595
757
-966
980
175
-3147
-71
12948620
988
-1127
1348
857
-3544
-31
12949645
1210
-1354
1651
1671
-4753
-190
12950670
1362
-1622
1710
3056
-6953
58
12951695
1424
-1820
1451
5121
-9212
-126
12944512
1842
-1740
1157
6767
-9007
-728
12945537
2035
-1249
1440
6689
-6666
-736
12946562
2001
-745
1988
5334
-5290
-81
12947587
1747
-535
1895
4583
-3508
-138
12948612
1244
-377
1731
3964
-1790
-391
12949637
636
-262
1613
3172
-1056
-359
12950662
250
-225
1360
2623
-696
-238
12951687
117
-185
1019
2186
-108
-265
12952712
-31
-126
655
1716
272
-318
12953737
-262
-119
197
1530
262
-268
12954762
-502
-104
-334
1538
-4
-81
12955787
-664
-62
-887
1646
-420
172
12956812
-608
3
-1445
1982
-638
387
12957837
-244
99
-1949
2527
-781
290
12958862
411
226
-2417
3311
-681
-336
12959887
1101
261
-2780
4774
-1513
-532
12952704
286
422
-2660
6519
-4845
368
12953729
-2766
1017
-2526
6919
-8469
829
12954754
-4269
1636
-1982
5171
-8237
1264
12955779
-2686
1706
-962
3868
-6985
1888
12956804
-452
1431
-447
2859
-6863
1212
12957829
191
1084
-701
2003
-5333
-111
12958854
-461
820
-782
1254
-4392
-442
12959879
-1037
624
-606
404
-4292
101
12960904
-807
359
-428
-148
-4059
579
12961929
-136
92
-192
-645
-3499
543
12962954
531
-158
17
-892
-3227
238
12963979
818
-361
123
-889
-2829
20
12965004
644
-511
196
-672
-2678
-55
12966029
296
-608
322
-421
-2767
-9
12967054
98
-715
524
-164
-3018
63
12968079
180
-863
753
227
-3420
191
12960896
367
-1044
984
714
-3648
170
12961921
596
-1234
1172
1293
-3767
49
12962946
896
-1424
1283
2138
-4264
13
12963971
1167
-1577
1290
3286
-5231
50
12964996
1329
-1617
1228
4633
-6125
-183
12966021
1459
-1464
1178
5705
-6394
-346
12967046
1416
-1133
1183
6117
-5750
-294
12968071
1171
-713
1250
6010
-4982
-296
12969096
877
-331
1228
5706
-4254
-510
12970121
503
-56
1043
5088
-3260
-598
12971146
39
155
799
4041
-2089
-435
12972171
-563
281
557
2978
-1353
-270
12973196
-937
311
363
2281
-882
-241
12974221
-962
331
152
1891
-620
-199
12975246
-927
331
-140
1959
-591
-60
12976271
-841
384
-438
2033
-501
83
12969089
-566
518
-693
1982
-523
139
12970114
-189
701
-862
2098
-499
150
12971139
220
934
-1066
2705
-524
57
12972164
475
1193
-1371
3903
-1170
-115
12973189
115
1340
-1742
5327
-2843
-555
12974214
-786
1600
-2039
5708
-4327
-558
12975239
-2006
1909
-2121
5468
-4852
360
12976264
-2937
2047
-1662
5194
-5696
1098
12977289
-2863
2031
-1159
4199
-5754
1134
12978314
-2190
1828
-985
3156
-5289
799
12979339
-1438
1526
-952
2303
-4792
150
12980364
-855
1271
-860
1270
-4197
-112
12981389
-645
1021
-742
613
-3688
52
12982414
-680
814
-607
286
-3346
190
12983439
-625
651
-396
29
-3283
208
12984464
-389
523
-155
-107
-3155
167
12977279
-183
438
104
-84
-3124
150
12978304
-179
400
323
-33
-3101
120
12979329
-237
375
502
95
-3082
111
12980354
-314
344
689
347
-3164
195
12981379
-380
294
896
739
-3526
410
12982404
-326
207
1097
1378
-4090
700
12983429
-183
115
1280
2269
-4774
940
12984454
98
33
1403
3533
-5765
1183
12985479
513
38
1471
4936
-6799
1433
12986504
830
193
1569
5993
-7097
1439
12987529
792
493
1696
6103
-5814
1385
12988554
562
831
1997
5604
-4738
1581
12989579
376
1100
2179
5357
-4453
1671
12990604
306
1269
1951
5136
-3513
1236
12991629
245
1439
1716
4296
-2156
743
12992654
-37
1591
1492
3570
-1613
420
12985472
-343
1744
1233
2946
-1210
160
12986497
-607
1865
872
2746
-579
-202
12987522
-870
2004
476
2517
-133
-627
12988547
-1143
2128
45
2164
109
-805
12989572
-1407
2304
-471
1988
434
-795
12990597
-1554
2547
-996
2048
280
-919
12991622
-1509
2790
-1523
2332
-336
-1074
12992647
-1344
3035
-2125
2589
-767
-1062
12993672
-1237
3243
-2831
2921
-840
-1122
12994697
-1257
3397
-3559
3441
-634
-1402
12995722
-1328
3431
-4212
4622
-1605
-1911
12996747
-1729
3212
-4634
6563
-5641
-2060
12997772
-3219
2979
-4909
7495
-8643
-743
12998797
-5470
2881
-4565
6506
-7722
-135
12999822
-6124
2708
-3248
5186
-8003
-395
13000847
-4708
2235
-2184
3617
-7457
-517
12993665
-2990
1577
-1827
2372
-6593
-861
12994690
-1446
1008
-1634
1368
-5370
-1054
12995715
-564
630
-1352
640
-4082
-670
12996740
-499
428
-984
288
-3374
-97
12997765
-723
378
-626
93
-2997
271
12998790
-976
434
-305
-71
-3036
311
12999815
-1078
521
-43
-81
-3132
285
13000840
-1101
602
189
150
-3315
302
13001865
-1225
677
424
485
-3491
324
13002890
-1374
748
682
824
-3515
471
13003915
-1490
804
969
1206
-3564
743
13004940
-1593
805
1254
1479
-3692
802
13005965
-1493
692
1426
1903
-4303
751
13006990
-1154
489
1468
2675
-5263
786
13008015
-721
295
1513
3790
-5962
1096
13009040
-398
239
1622
4950
-5953
1284
13001856
-160
341
1803
5541
-5574
1200
13002881
214
509
1951
5640
-5179
1242
13003906
653
691
1909
5441
-4533
1189
13004931
904
877
1706
4923
-3478
866
13005956
776
1061
1489
4015
-2330
440
13006981
357
1160
1310
2936
-1434
249
13008006
-202
1149
1068
2172
-760
229
13009031
-651
1059
761
1771
-581
200
13010056
-747
968
431
1678
-326
239
13011081
-739
955
76
1757
-54
190
13012106
-737
1009
-304
1813
-15
36
13013131
-721
1082
-731
1943
-118
-48
13014156
-754
1200
-1201
2213
-306
-159
13015181
-784
1337
-1720
2792
-376
-420
13016206
-644
1473
-2185
3674
-947
-631
13017231
-460
1533
-2584
4824
-2951
-550
13010049
-989
1608
-2830
6007
-5830
317
13011074
-2662
1838
-3039
6584
-6437
1528
13012099
-4007
2079
-2504
6054
-6786
1477
13013124
-3665
2069
-1648
4802
-7013
545
13014149
-2451
1808
-1077
3324
-6346
-29
13015174
-1481
1441
-828
2262
-5346
-47
13016199
-993
1142
-725
1486
-4280
254
13017224
-802
885
-605
958
-3714
737
13018249
-697
674
-466
611
-3420
1015
13019274
-508
508
-282
368
-3093
1089
13020299
-335
376
-71
304
-2878
1160
13021324
-224
288
97
345
-2632
1229
13022349
-225
251
248
371
-2328
1269
13023374
-377
216
415
465
-2164
1282
13024399
-557
173
598
629
-2305
1339
13025424
-530
91
769
958
-2642
1412
13018240
-279
-27
906
1428
-2927
1448
13019265
76
-162
1033
1962
-3552
1423
13020290
415
-338
1089
2779
-4412
1508
13021315
695
-468
1020
3800
-4997
1676
13022340
800
-443
1017
4558
-5444
1687
13023365
740
-252
1102
4748
-5552
1531
13024390
683
26
1246
4603
-5406
1227
13025415
657
291
1362
4774
-5172
793
13026440
466
589
1255
4701
-4147
226
13027465
-18
886
1075
4011
-3075
-165
13028490
-418
1044
913
3305
-2583
-40
13029515
-347
1058
764
2900
-2324
239
13030540
83
968
697
2677
-1962
-63
13031565
388
864
604
2384
-1321
-570
13032590
296
724
394
2133
-800
-764
13033615
-15
564
93
2001
-566
-598
13026431
-352
466
-232
1848
-531
-329
13027456
-465
399
-541
1829
-654
-86
13028481
-388
340
-880
2155
-801
-60
13029506
-142
319
-1220
2707
-964
9
13030531
58
347
-1464
3214
-1129
282
13031556
-143
421
-1720
3895
-1799
531
13032581
-769
528
-1936
4776
-3630
746
13033606
-1514
772
-2044
4833
-5640
1239
13034631
-1878
825
-2164
4578
-6009
1931
13035656
-1951
753
-1948
4013
-6196
2140
13036681
-1496
564
-1541
3084
-6452
1716
13037706
-620
222
-1161
2186
-5872
1262
13038731
-229
-59
-824
1492
-4754
995
13039756
-290
-75
-357
781
-4202
1514
13040781
-712
26
50
271
-4387
2314
13041806
-701
100
246
-59
-4439
2528
13034625
211
32
206
43
-3373
2125
13035650
790
-48
255
205
-2353
1454
13036675
743
-103
386
326
-2177
990
13037700
634
-144
527
382
-2072
795
13038725
602
-235
679
468
-2002
689
13039750
497
-363
912
665
-2321
761
13040775
501
-532
1176
1150
-3373
922
13041800
697
-701
1378
1652
-3815
985
13042825
880
-887
1565
2517
-4452
1047
13043850
1111
-992
1692
3720
-5661
1254
13044875
1357
-881
1501
4771
-6846
1379
13045900
1566
-679
1364
5323
-7064
1111
13046925
1507
-341
1317
5270
-5975
817
13047950
1076
13
1448
4970
-4864
551
13048975
572
316
1568
4526
-3990
322
13050000
70
522
1514
3845
-3064
146
13042816
-373
572
1364
3249
-2305
-63
13043841
-650
523
1189
2817
-1802
-175
13044866
-795
422
974
2510
-1353
-203
13045891
-859
311
728
2283
-1034
-223
13046916
-840
205
455
2046
-795
-224
13047941
-722
104
143
1882
-703
-135
13048966
-498
38
-205
1866
-726
15
13049991
-232
10
-572
1884
-759
85
13051016
45
-26
-902
1996
-927
169
13052041
395
-83
-1259
2424
-1182
415
13053066
718
-80
-1586
2953
-1587
691
13054091
729
19
-1873
3558
-2229
769
13055116
304
129
-2071
4577
-3667
779
13056141
-455
293
-2055
5421
-5581
1044
13057166
-1285
580
-1957
4964
-6513
1564
13058191
-2092
754
-1746
4071
-6431
1938
13051230
-2402
770
-1452
3279
-6140
2036
13052255
-1932
663
-1131
2390
-5586
1895
13053280
-1198
496
-905
1548
-4696
1552
13054305
-684
294
-767
985
-4084
1112
13055330
-266
106
-612
532
-3757
861
13056355
134
-82
-482
289
-3392
862
13057380
327
-233
-335
202
-3054
976
13058405
330
-323
-154
159
-2854
1016
13059430
315
-378
41
115
-2696
891
13060455
325
-424
228
66
-2580
730
13061480
321
-480
437
107
-2662
620
13062505
292
-551
647
229
-2765
566
13063530
320
-643
873
570
-3136
646
13064555
425
-763
1115
1190
-4012
663
13065580
549
-899
1340
2018
-5214
627
13066605
672
-1030
1480
3177
-6342
636
13059200
885
-1059
1500
4104
-6949
590
13060225
1237
-988
1601
4723
-7249
778
13061250
1476
-813
1721
5083
-6856
861
13062275
1608
-538
1845
5048
-6028
681
13063300
1548
-237
1874
4905
-4730
332
13064325
917
60
1860
4556
-3315
-113
13065350
-237
248
1828
3967
-2362
-519
13066375
-1166
281
1689
3314
-1797
-625
13067400
-1389
214
1448
2837
-1281
-584
13068425
-1144
137
1159
2511
-914
-558
13069450
-734
77
842
2138
-588
-507
13070475
-331
16
410
2002
-197
-418
13071500
-17
5
-85
1948
-38
-289
13072525
190
26
-602
1926
-144
-118
13073550
291
8
-1131
1986
-448
70
13074575
432
-9
-1703
2198
-491
339
13067392
706
27
-2311
2725
-471
562
13068417
1014
52
-2893
3353
-546
485
13069442
598
4
-3252
4377
-1593
-209
13070467
-595
49
-3255
5593
-5847
-757
13071492
-1273
329
-3359
6055
-7026
371
13072517
-1788
657
-2900
6176
-5320
1968
13073542
-2895
987
-1817
5447
-7844
2212
13074567
-2740
1151
-1422
3785
-7610
1902
13075592
-1949
1013
-1268
2731
-5258
1090
13076617
-1534
872
-892
1778
-4936
470
13077642
-947
696
-607
771
-4337
579
13078667
-484
479
-439
215
-3372
874
13079692
-401
289
-232
-85
-3008
945
13080717
-383
119
-38
-249
-2960
790
13081742
-192
-28
161
-332
-2923
611
13082767
93
-181
388
-270
-2879
471
13075584
297
-329
637
-121
-2898
420
13076609
405
-465
866
105
-2954
424
13077634
511
-592
1066
564
-3257
421
13078659
658
-697
1247
1189
-3839
285
13079684
763
-793
1441
2190
-4942
130
13080709
802
-871
1567
3608
-6216
115
13081734
920
-866
1595
5148
-7044
209
13082759
1087
-683
1620
5973
-7036
199
13083784
1065
-434
1739
5963
-6301
176
13084809
1069
-239
1945
5800
-5385
170
13085834
1143
-56
1985
5492
-4303
77
13086859
1060
88
1892
4917
-3113
-164
13087884
788
167
1771
4019
-2064
-377
13088909
500
141
1620
3171
-1312
-345
13089934
273
72
1364
2677
-763
-176
13090959
147
26
1038
2365
-429
-124
13083777
134
1
648
2166
-197
-119
13084802
92
-19
195
2065
-133
-90
13085827
-51
-14
-294
2002
-293
-14
13086852
-186
4
-802
2047
-441
-56
13087877
-207
45
-1279
2305
-686
-174
13088902
3
194
-1747
2464
-1110
9
13089927
509
303
-2245
2743
-1047
296
13090952
1109
404
-2618
3030
-763
527
13091977
1402
464
-2763
3555
-1372
639
13093002
912
531
-2763
4456
-2976
1153
13094027
-727
673
-2666
5220
-4740
1562
13095052
-2581
918
-2458
5267
-5994
1365
13096077
-3759
1154
-2042
4922
-6457
1148
13097102
-4212
1291
-1481
4227
-6448
1203
13098127
-3890
1246
-1060
3392
-6065
1194
13099152
-3118
1081
-890
2594
-5236
944
13091989
-2065
865
-720
1751
-4438
651
13093014
-923
629
-509
972
-3877
520
13094039
-18
387
-320
435
-3275
539
13095064
414
166
-166
154
-2849
556
13096089
407
-18
-38
88
-2705
509
13097114
121
-182
100
139
-2850
384
13098139
-216
-347
262
220
-3111
250
13099164
-298
-524
474
389
-3308
218
13100189
-99
-706
757
622
-3540
203
13101214
239
-898
1027
1111
-4074
129
13102239
544
-1079
1137
1971
-4642
259
13103264
871
-1215
1140
3203
-5166
514
13104289
1215
-1253
1184
4186
-5644
582
13105314
1635
-1180
1307
4851
-5843
780
13106339
2207
-1027
1520
5657
-5827
1206
13107364
2788
-777
1677
6230
-5505
1168
13100160
3041
-461
1699
6102
-4641
623
13101185
2632
-171
1626
5664
-3406
96
13102210
1520
100
1483
5085
-2283
-231
13103235
133
333
1300
4251
-1383
-508
13104260
-1040
469
1131
3286
-630
-677
13105285
-1831
512
956
2550
-183
-838
13106310
-2065
485
715
2104
-173
-899
13107335
-1708
461
376
1803
-361
-732
13108360
-1072
468
-109
1754
-385
-566
13109385
-589
494
-665
1816
-492
-526
13110410
-320
510
-1214
1846
-686
-561
13111435
-102
478
-1775
1901
-691
-486
13112460
75
418
-2328
2249
-687
-140
13113485
271
346
-2804
2901
-964
157
13114510
344
275
-3196
3898
-1681
82
13115535
-304
251
-3288
5244
-3574
-68
13108352
-1576
370
-3032
5976
-5964
298
13109377
-2631
592
-2485
5297
-6857
1035
13110402
-2778
700
-1644
4849
-6387
1611
13111427
-2120
745
-856
4250
-6031
1642
13112452
-978
684
-464
3121
-5688
1112
13113477
-216
501
-423
2617
-5174
351
13114502
-132
340
-274
2007
-4721
12
13115527
-213
200
-49
1339
-4193
146
13116552
-200
79
191
943
-3783
357
13117577
-41
-25
448
657
-3548
347
13118602
217
-127
684
494
-3397
143
13119627
419
-216
865
475
-3248
-41
13120652
466
-298
1034
559
-3014
-150
13121677
400
-373
1233
557
-2725
-135
13122702
300
-476
1440
509
-2678
-146
13123727
225
-611
1587
627
-2844
-188
13116543
137
-754
1664
908
-2990
-246
13117568
173
-882
1742
1411
-3426
-294
13118593
432
-991
1806
2192
-4107
-231
13119618
780
-1028
1792
3353
-4947
1
13120643
1009
-962
1742
4630
-5701
71
13121668
949
-753
1818
5030
-6014
-35
13122693
775
-453
1933
5126
-6271
288
13123718
601
-197
2012
5626
-5893
441
13124743
460
77
1964
5444
-5188
186
13125768
383
253
1837
4724
-4169
-21
13126793
11
238
1669
4302
-2990
-141
13127818
-546
90
1462
3781
-2079
-88
13128843
-891
-147
1265
2904
-1317
190
13129868
-1096
-404
1029
2274
-672
488
13130893
-1030
-538
710
2012
-488
543
13131918
-530
-502
323
1827
-579
437
13124736
61
-353
-127
1597
-476
310
13125761
363
-242
-638
1703
-752
60
13126786
577
-157
-1195
1846
-1159
-87
13127811
756
-88
-1815
1992
-1254
-71
13128836
983
-25
-2410
2219
-1300
16
13129861
1108
50
-2931
2698
-1520
242
13130886
979
98
-3282
3552
-2674
504
13131911
269
195
-3378
4402
-4704
506
13132936
-644
371
-3316
4903
-5900
214
13133961
-1197
639
-2897
5189
-6098
381
13134986
-1828
960
-2172
4751
-6294
907
13136011
-2080
1144
-1367
3212
-6225
1032
13137036
-1201
1014
-768
2050
-5846
583
13138061
32
671
-293
1661
-5415
7
13139086
804
314
45
1669
-5044
-201
13140111
1041
4
209
2025
-4759
-251
13132928
857
-206
268
2110
-4495
-194
13133953
609
-400
353
1934
-4287
-150
13134978
534
-630
520
1611
-3952
-233
13136003
766
-916
751
1147
-3586
-314
13137028
1212
-1235
968
757
-3130
-302
13138053
1601
-1518
1085
546
-2705
-264
13139078
1843
-1743
1134
505
-2542
-304
13140103
1906
-1911
1149
592
-2358
-336
13141128
1880
-2032
1185
781
-2340
-140
13142153
1925
-2141
1205
920
-2270
-58
13143178
2066
-2247
1282
1120
-2274
26
13144203
2036
-2333
1370
1345
-2207
-39
13145228
1631
-2353
1466
1653
-2459
-309
13146253
1314
-2373
1511
2177
-3024
-888
13147278
1634
-2434
1456
3367
-4781
-1211
13148303
2355
-2476
1053
5708
-7296
-1391
13141119
2704
-2235
444
7478
-8682
-2067
13142144
2187
-1701
112
7407
-6898
-1793
13143169
1160
-1121
561
6464
-5263
-1123
13144194
859
-700
988
5098
-4283
-937
13145219
812
-550
843
3621
-2340
-790
13146244
216
-618
605
2774
-1422
-554
13147269
-71
-680
287
2161
-874
-197
13148294
119
-798
-14
1959
-145
76
13149319
453
-843
-135
1339
158
154
13150344
788
-888
-377
726
185
317
13151369
989
-962
-736
529
124
533
13152394
1096
-993
-1133
413
-94
715
13153419
1197
-999
-1516
459
-383
740
13154444
1228
-1001
-1804
700
-849
472
13155469
965
-1013
-2014
1499
-2658
121
13156494
673
-1024
-2194
3247
-6666
436
13149313
37
-1030
-2281
5168
-8928
1129
13150338
31
-857
-1708
5817
-9475
1625
13151363
153
-665
-578
4635
-8894
1397
13152388
547
-775
555
2558
-7375
932
13153413
1538
-1247
739
1216
-5421
892
13154438
2506
-1759
501
824
-3648
867
13155463
2913
-2101
398
832
-2718
656
13156488
2900
-2266
427
486
-2148
341
13157513
2636
-2392
464
83
-1665
137
13158538
2378
-2503
479
-122
-1784
-34
13159563
2364
-2616
535
-262
-2179
-475
13160588
2543
-2765
611
-149
-2425
-849
13161613
2678
-2854
676
244
-2394
-1099
13162638
2746
-2832
744
770
-2757
-1204
13163663
2752
-2712
783
1378
-3744
-965
13164688
2611
-2505
778
1841
-5343
-1383
13157505
2597
-2313
666
2734
-7174
-2090
13158530
2569
-2093
666
3865
-8495
-2464
13159555
2533
-1806
939
5103
-8880
-2533
13160580
2521
-1421
1476
5790
-8344
-2416
13161605
2286
-1052
1922
5466
-7037
-2242
13162630
1934
-873
2073
5085
-5441
-2149
13163655
1598
-798
2083
4644
-4022
-1933
13164680
1407
-784
2008
3911
-2666
-1496
13165705
1174
-842
1887
3455
-1494
-1032
13166730
931
-863
1751
3039
-617
-698
13167755
700
-845
1397
2821
437
-377
13168780
483
-834
1021
2703
1495
-268
13169805
388
-744
674
2286
1660
-88
13170830
276
-720
184
1655
1052
188
13171855
-41
-857
-653
1573
463
300
13172880
-185
-980
-1567
1727
-164
259
13165696
173
-1050
-2368
1860
-395
243
13166721
882
-1106
-2956
2666
-544
142
13167746
1856
-1435
-3079
4598
-1271
647
13168771
1136
-1433
-3082
7283
-5067
2525
13169796
-1718
-839
-3307
6999
-9054
2575
13170821
-2732
-354
-2721
5579
-9604
2237
13171846
-2023
-126
-1305
4369
-9568
2578
13172871
-435
-197
-576
2524
-8771
2501
13173896
1703
-433
-376
1298
-6275
1723
13174921
3088
-580
-92
620
-5576
1337
13175946
3301
-541
162
-96
-4173
918
13176971
2457
-455
451
-941
-2584
475
13177996
954
-443
732
-1507
-2239
169
13179021
-166
-515
902
-1630
-2861
-44
13180046
-558
-622
1020
-1480
-3418
-364
13181071
-268
-804
1195
-1188
-3541
-708
13173888
385
-1081
1515
-848
-3204
-966
13174913
867
-1367
1886
-428
-3010
-1035
13175938
960
-1616
2207
176
-3649
-987
13176963
810
-1826
2407
856
-4328
-881
13177988
799
-1986
2464
1781
-4995
-685
13179013
1225
-2075
2476
3063
-6562
-410
13180038
2106
-2110
2332
5032
-8808
-38
13181063
3063
-1856
2078
6886
-9615
125
13182088
3239
-1305
1956
7709
-7973
15
13183113
2396
-630
1986
6985
-5622
-19
13184138
1455
-131
2061
5941
-4423
86
13185163
825
116
1894
4939
-3418
-3
13186188
96
161
1576
3888
-2184
-336
13187213
-600
34
1238
3121
-1267
-415
13188238
-1019
-112
966
2531
-708
-269
13189263
-1172
-217
713
2070
-365
-174
13182080
-1194
-256
389
1923
152
-379
13183105
-1179
-231
25
1775
487
-721
13184130
-1023
-214
-423
1672
320
-675
13185155
-732
-191
-998
1777
-73
-356
13186180
-436
-123
-1635
2053
-407
-180
13187205
-147
-51
-2275
2412
-582
-157
13188230
139
-40
-2888
2773
-892
-81
13189255
542
-55
-3487
3266
-1152
-149
13190280
998
-76
-3932
4391
-2231
-667
13191305
958
-126
-3809
6175
-5646
-482
13192330
-465
44
-3415
7314
-8228
955
13193355
-2557
424
-2819
7045
-8394
1699
13194380
-3959
846
-1912
5723
-8055
1814
13195405
-3637
1042
-1045
3800
-7065
1662
13196430
-2121
949
-725
2260
-5944
1152
13197455
-774
774
-633
1080
-4750
439
13190397
34
573
-449
241
-3889
235
13191422
361
373
-289
-289
-3241
358
13192447
378
195
-170
-590
-2820
486
13193472
283
57
-58
-604
-2645
623
13194497
119
-45
76
-453
-2743
607
13195522
-2
-137
239
-350
-2960
371
13196547
10
-265
453
-265
-3064
84
13197572
117
-439
714
-44
-3175
-17
13198597
276
-644
1021
294
-3420
30
13199622
481
-881
1288
788
-3669
-77
13200647
825
-1149
1478
1564
-4380
-270
13201672
1196
-1442
1567
2771
-5566
-279
13202697
1602
-1633
1578
4539
-6976
-215
13203722
1940
-1596
1522
6179
-7273
-659
13204747
2151
-1282
1616
6570
-6586
-668
13205772
1985
-842
1883
6007
-5474
-351
13198464
1725
-464
1958
5451
-4297
-338
13199489
1440
-169
1838
4810
-3356
-446
13200514
940
9
1625
4227
-2599
-530
13201539
392
108
1355
3613
-1903
-518
13202564
2
152
1097
3006
-1394
-423
13203589
-187
171
842
2526
-991
-315
13204614
-293
188
573
2179
-626
-337
13205639
-417
198
279
1940
-394
-450
13206664
-526
207
-56
1768
-339
-445
13207689
-539
205
-429
1744
-412
-295
13208714
-434
186
-838
2025
-619
-131
13209739
-223
189
-1258
2339
-737
-67
13210764
162
230
-1638
2644
-808
-41
13211789
708
331
-1922
3365
-1487
1
13212814
1206
389
-1990
4733
-3845
-84
13213839
989
467
-1995
5718
-6038
16
13206656
-46
606
-2054
5415
-5702
615
13207681
-1751
750
-1735
5124
-5258
1250
13208706
-2853
988
-1184
4219
-5845
1533
13209731
-2538
996
-973
2959
-5633
1369
13210756
-1613
814
-1014
2095
-4917
882
13211781
-801
614
-956
1470
-4669
610
13212806
-283
420
-843
900
-4264
659
13213831
-108
261
-689
417
-3726
797
13214856
-147
145
-471
85
-3520
934
13215881
-176
52
-254
-52
-3354
944
13216906
-124
-12
-15
-136
-3274
829
13217931
-21
-65
218
-172
-3174
669
13218956
106
-129
434
-233
-2867
505
13219981
157
-210
668
-255
-2640
397
13221006
114
-309
910
-193
-2627
363
13222031
118
-443
1105
76
-2985
360
13214848
265
-612
1247
649
-3639
211
13215873
390
-819
1397
1542
-4704
49
13216898
577
-1060
1522
3139
-6598
381
13217923
924
-1185
1496
5551
-8085
694
13218948
1323
-952
1462
6883
-8036
161
13219973
1245
-573
1605
6363
-6613
-253
13220998
738
-245
1826
5498
-5037
-57
13222023
387
-36
1905
5046
-4071
-83
13223048
271
70
1734
4285
-2941
-332
13224073
73
102
1482
3431
-1659
-484
13225098
-285
83
1265
2743
-1224
-419
13226123
-450
35
1024
2171
-956
-255
13227148
-418
-41
739
1897
-550
-116
13228173
-363
-79
434
1722
-312
-42
13229198
-366
-75
56
1529
-267
-18
13230223
-365
-47
-391
1483
-373
2
13223040
-312
1
-872
1642
-599
0
13224065
-241
57
-1399
1859
-793
32
13225090
-71
103
-1922
2135
-1048
140
13226115
191
126
-2385
2509
-930
225
13227140
410
236
-2765
2807
-437
171
13228165
655
343
-3105
3559
-532
3
13229190
593
449
-3420
4346
-1204
119
13230215
309
470
-3792
5138
-3473
59
13231240
7
362
-3784
6884
-7097
899
13232265
-1465
509
-3344
8859
-7925
1953
13233290
-2350
865
-2104
8605
-8819
1680
13234315
-2338
1159
-887
5886
-8162
1219
13235340
-2038
1076
-239
3613
-6266
709
13236365
-1688
873
-54
1580
-4426
250
13237390
-1528
607
214
146
-3771
331
13238415
-2077
339
390
-359
-3476
462
13231233
-2564
130
502
-684
-3013
415
13232258
-2265
-61
646
-911
-3003
338
13233283
-1507
-250
797
-971
-3204
172
13234308
-657
-468
936
-917
-3035
-61
13235333
104
-711
1094
-700
-2644
-202
13236358
560
-952
1270
-319
-2363
-275
13237383
771
-1193
1396
413
-2554
-509
13238408
861
-1422
1449
1542
-3345
-961
13239433
1215
-1604
1385
3343
-5311
-1147
13240458
1843
-1692
1334
5877
-7961
-1409
13241483
2266
-1509
1090
8401
-7683
-2187
13242508
2078
-935
1199
8387
-5165
-1981
13243533
1363
-367
1808
6517
-3529
-1047
13244558
701
-196
2042
5545
-3037
-840
13245583
439
-214
1864
4731
-2403
-817
13246608
320
-297
1502
4064
-1387
-657
13239424
225
-343
1201
3428
-781
-519
13240449
267
-338
932
2621
-449
-428
13241474
381
-352
599
2006
-103
-291
13242499
446
-346
207
1715
143
-121
13243524
415
-292
-248
1618
127
0
13244549
264
-214
-772
1728
32
41
13245574
27
-120
-1307
1909
-274
-9
13246599
-90
-35
-1849
2150
-659
-55
13247624
0
61
-2333
2511
-844
120
13248649
-535
299
-2680
2955
-788
62
13249674
-1297
547
-2959
4034
-2289
-1014
13250699
-797
778
-2805
5130
-6218
-1269
13251724
-171
880
-2447
5315
-7394
287
13252749
-729
869
-2257
5377
-4477
1577
13253774
-1627
981
-1351
5629
-5451
1368
13254799
-1269
1051
-469
4195
-6596
448
13247616
-973
809
-366
2854
-5632
-361
13248641
-1204
447
-300
2134
-5037
-618
13249666
-1060
166
-180
1189
-4434
-434
13250691
-343
-109
-2
693
-4150
-44
13251716
459
-344
222
516
-3548
247
13252741
935
-506
472
495
-2997
408
13253766
1074
-577
703
488
-2712
482
13254791
1058
-602
881
455
-2533
448
13255816
1087
-621
973
409
-2271
359
13256841
1235
-667
1074
491
-2105
251
13257866
1308
-717
1236
615
-2037
185
13258891
1189
-766
1429
921
-2365
151
13259916
1136
-866
1649
1580
-3092
119
13260941
1057
-977
1634
3247
-4589
6
13261966
1157
-1018
1440
5384
-6992
-257
13262991
1171
-906
1131
6900
-7873
-1154
13255808
981
-690
1001
6862
-6051
-1233
13256833
673
-459
1408
5848
-4856
-395
13257858
855
-300
1678
5099
-4522
-288
13258883
1111
-220
1443
4412
-3285
-645
13259908
804
-209
1209
3662
-2012
-725
13260933
299
-224
1016
2920
-1478
-519
13261958
162
-254
759
2327
-1059
-280
13262983
217
-271
480
1879
-400
-115
13264008
128
-264
240
1527
-77
-2
13265033
-69
-244
-86
1302
84
48
13266058
-264
-265
-513
1515
210
-60
13267083
-416
-238
-893
1851
17
-273
13268108
-365
-114
-1204
1980
-521
-422
13269133
50
-6
-1571
2294
-1028
-358
13270158
556
141
-1958
2711
-889
-387
13271183
880
312
-2229
3333
-1311
-1108
13264001
1033
501
-2333
4636
-3983
-634
13265026
-57
725
-2150
5923
-7229
645
13266051
-2371
1082
-1911
5968
-6381
2082
13267076
-4355
1350
-1223
5612
-6655
1875
13268101
-3461
1276
-294
4674
-8163
717
13269126
-1170
922
-66
2956
-6577
-243
13270151
-227
507
10
1687
-4858
-381
13271176
3
154
158
548
-3904
395
13272201
244
-189
211
-137
-3277
1119
13273226
635
-493
169
-193
-2750
1450
13274251
996
-699
126
-100
-2413
1453
13275276
1197
-810
198
-111
-2109
1212
13276301
1208
-870
251
139
-1650
712
13277326
1146
-839
507
419
-2021
575
13278351
867
-858
959
641
-2933
464
13279376
519
-908
1189
824
-3152
172
13272192
783
-1007
1315
1543
-4085
-162
13273217
1176
-1105
1393
2985
-6072
-237
13274242
1340
-1095
1430
4655
-7409
-115
13275267
1207
-836
1349
5701
-7370
-515
13276292
880
-407
1462
5611
-6411
-755
13277317
707
24
1781
5156
-5549
-460
13278342
636
400
1845
5096
-4477
-337
13279367
332
810
1622
4709
-2761
-395
13280392
-389
1157
1432
4110
-1528
-456
13281417
-1179
1385
1273
3584
-961
-588
13282442
-1673
1439
1051
3011
-649
-921
13283467
-1806
1311
765
2353
-318
-779
13284492
-1644
1049
344
2111
94
-311
13285517
-1131
817
-120
1972
159
86
13286542
-391
660
-595
1754
-141
339
13287567
379
538
-1152
1724
-334
437
13280383
1018
451
-1724
1983
-107
428
13281408
1429
502
-2253
2474
-167
350
13282433
1270
569
-2818
3462
-974
-28
13283458
409
659
-3332
4754
-2805
-471
13284483
-661
842
-3503
6108
-5970
-53
13285508
-2689
1126
-3160
6897
-7340
1246
13286533
-4806
1525
-2131
6023
-8112
1233
13287558
-4243
1653
-1040
4302
-8391
1005
13288583
-1806
1400
-616
2727
-6294
490
13289608
-214
1115
-388
1536
-4622
-177
13290633
228
851
-174
753
-3581
-433
13291658
73
649
32
176
-2997
-277
13292683
-161
487
141
-168
-2708
-99
13293708
-218
354
248
-291
-2550
26
13294733
-186
245
354
-216
-2581
74
13295758
-100
144
476
-43
-2662
24
13288576
-104
56
649
230
-2684
9
13289601
-274
-3
900
438
-2714
90
13290626
-394
-61
1178
679
-2840
245
13291651
-310
-133
1441
1179
-3320
452
13292676
-97
-198
1617
2015
-3951
627
13293701
110
-167
1662
3522
-4319
962
13294726
117
-10
1692
5170
-5661
838
13295751
-4
218
1878
6476
-7857
333
13296776
-91
594
1706
7371
-6734
196
13297801
-336
1065
1829
7321
-5265
417
13298826
-571
1507
1903
6401
-4318
350
13299851
-799
1740
1717
5104
-2806
-41
13300876
-1233
1789
1444
3752
-1679
-176
13301901
-1551
1720
1148
2668
-1244
34
13302926
-1437
1628
824
2065
-974
122
13303951
-1142
1611
501
1680
-350
-124
13296768
-1021
1637
178
1454
218
-462
13297793
-968
1738
-203
1436
292
-604
13298818
-883
1940
-706
1545
100
-776
13299843
-861
2221
-1268
1807
-52
-1096
13300868
-1032
2567
-1867
2275
-177
-1361
13301893
-1312
2962
-2472
2934
-579
-1569
13302918
-1617
3304
-3025
3802
-661
-1941
13303943
-2142
3516
-3437
4607
211
-2391
13304968
-2657
3784
-3477
5291
-1088
-2415
13305993
-2589
3874
-3456
5986
-5057
-2204
13307018
-2124
3384
-4106
7753
-7082
-1178
13308043
-3288
2913
-4365
8597
-7006
-1089
13309068
-5337
2535
-3417
7137
-8039
-1551
13310093
-4866
1918
-1976
5078
-8294
-597
13311118
-2098
1234
-970
3315
-7278
-91
13312143
292
753
-614
1789
-5272
-492
13304961
557
510
-446
971
-4061
-581
13305986
-694
491
-281
380
-3905
-370
13307011
-1799
588
-74
-186
-3747
-85
13308036
-2001
756
217
-755
-4088
259
13309061
-1617
885
549
-1006
-4503
421
13310086
-1364
931
855
-813
-4274
380
13311111
-1458
945
1157
-555
-4004
652
13312136
-1497
930
1470
-356
-4091
1450
13313161
-1108
928
1760
-55
-4106
2496
13314186
-270
999
2082
324
-4328
3254
13315211
573
1075
2395
532
-4547
3058
13316236
773
944
2542
1357
-4938
2367
13317261
463
702
2503
2886
-5915
2258
13318286
270
501
2445
4846
-6802
2589
13319311
314
435
2475
7392
-7397
2983
13320336
281
682
2515
9409
-6697
2591
13313153
-57
1184
2577
8993
-5166
1253
13314178
-803
1520
2510
7348
-3523
-123
13315203
-1898
1518
2244
5920
-1805
-1001
13316228
-2257
1258
1894
4595
-913
-1264
13317253
-1486
1048
1401
3362
-94
-976
13318278
-568
976
872
2301
942
-639
13319303
-276
951
289
1720
1075
-677
13320328
-290
909
-514
1469
708
-961
13321353
-593
841
-1445
1038
717
-1030
13322378
-1289
791
-2367
955
599
-966
13323403
-1966
899
-3154
1171
287
-864
13324428
-2388
1102
-3682
1496
1
-604
13325453
-2478
1338
-4048
1898
-172
-122
13326478
-2383
1501
-4409
2893
-755
195
13327503
-2102
1659
-4467
4649
-3225
-1039
13328528
-1586
1704
-3807
7325
-9815
-2788
13321343
-1479
1919
-3298
8941
-11738
-1339
13322368
-2617
2085
-2305
8214
-8505
932
13323393
-4656
2175
-536
5950
-8583
1676
13324418
-4520
2001
279
3222
-5824
1226
13325443
-2978
1583
397
1559
-4199
257
13326468
-1219
1206
458
494
-3986
-52
13327493
100
870
381
-122
-3132
97
13328518
580
634
334
-651
-2359
388
13329543
453
477
242
-798
-1952
576
13330568
56
419
164
-851
-1960
535
13331593
-358
354
138
-797
-2355
298
13332618
-678
262
227
-602
-2587
139
13333643
-818
158
471
-327
-2804
160
13334668
-742
26
848
177
-3746
293
13335693
-533
-155
1234
810
-4794
200
13336718
-285
-396
1572
1703
-5322
-132
13329564
65
-583
1896
2695
-6325
-335
13330589
525
-745
2129
4028
-8195
99
13331614
1002
-890
2149
6046
-9007
627
13332639
1303
-747
2205
7135
-8444
509
13333664
1500
-388
2525
6727
-7428
267
13334689
1960
-103
2712
6360
-5881
182
13335714
2245
165
2708
5633
-4043
42
13336739
1968
369
2592
4556
-2308
-214
13337764
1265
439
2399
3559
-944
-288
13338789
425
382
2173
2804
-348
-369
13339814
71
247
1868
2347
-352
-478
13340839
188
171
1469
2039
-155
-512
13341864
231
213
967
1792
950
-732
13342889
111
306
426
1775
1802
-1056
13343914
-84
322
-104
1856
776
-924
13344939
-377
229
-996
1911
-385
-490
13337729
-785
190
-2185
2140
8
-153
13338754
-1247
230
-3121
2527
268
-60
13339779
-1542
315
-3801
3209
-6
-74
13340804
-1546
439
-4254
4119
-465
-462
13341829
-647
619
-4512
5571
-2665
-947
13342854
554
631
-3990
7634
-8386
-42
13343879
-562
660
-3743
8148
-9874
1522
13344904
-2523
850
-3281
7262
-7224
2030
13345929
-4191
1152
-2045
5746
-8240
1382
13346954
-3607
1158
-1258
3530
-8617
1184
13347979
-1710
840
-1100
1640
-6776
947
13349004
33
488
-927
488
-5128
655
13350029
765
242
-602
-321
-3880
707
13351054
608
65
-283
-671
-3309
930
13352079
265
-4
-32
-733
-3114
1052
13353104
173
5
162
-721
-3040
908
13345920
286
34
324
-615
-2865
620
13346945
208
52
518
-479
-2669
311
13347970
-48
31
710
-333
-2635
108
13348995
-213
-62
915
-135
-2742
24
13350020
-229
-212
1161
116
-2914
41
13351045
49
-383
1413
543
-3388
191
13352070
541
-572
1671
1384
-4165
352
13353095
948
-754
1892
2514
-4921
269
13354120
1270
-895
2000
3789
-6218
393
13355145
1612
-1004
1944
5818
-8024
781
13356170
1782
-910
1717
7673
-8233
694
13357195
1658
-572
1578
7399
-6781
527
13358220
1463
-305
1705
6420
-4992
232
13359245
1443
-130
1834
5831
-3764
-37
13360270
1325
17
1870
4860
-2906
-195
13361295
892
86
1698
3725
-1757
-306
13354113
272
89
1463
2913
-813
-334
13355138
-223
66
1312
2334
-436
-309
13356163
-581
54
1137
1986
-16
-347
13357188
-1036
102
842
1974
555
-568
13358213
-1523
201
479
1952
518
-798
13359238
-1747
277
17
1927
-63
-686
13360263
-1716
341
-600
2207
-363
-499
13361288
-1629
444
-1231
2473
-379
-372
13362313
-1419
514
-1753
2686
-515
-199
13363338
-912
639
-2273
3024
-667
25
13364363
-179
773
-2863
3578
-777
18
13365388
464
730
-3351
4611
-1998
-47
13366413
-42
630
-3409
6360
-5196
-190
13367438
-1207
582
-3159
8079
-7957
284
13368463
-1905
761
-2422
7273
-9238
376
13369488
-1430
859
-1370
4958
-8285
881
13362305
-792
713
-661
3057
-6611
1242
13363330
-423
631
-424
1434
-5388
1186
13364355
-121
557
-325
571
-4425
1117
13365380
-72
461
-273
198
-3695
1064
13366405
-215
398
-256
-110
-2823
776
13367430
-239
321
-94
-130
-2875
587
13368455
-245
286
-44
-167
-2509
475
13369480
-251
241
-17
-192
-2025
283
13370505
-268
158
152
-215
-1920
-16
13371530
-176
4
420
-242
-2194
-217
13372555
40
-236
679
-10
-2885
-342
13373580
318
-541
929
535
-3689
-476
13374605
654
-848
1243
1179
-4248
-503
13375630
1052
-1097
1641
1754
-5190
-496
13376655
1257
-1374
2095
2902
-7571
-272
13377680
1429
-1726
2079
5267
-9437
287
13370495
1814
-1776
1903
7448
-9399
211
13371520
2137
-1347
2026
7137
-6888
215
13372545
2152
-894
2483
6233
-5186
679
13373570
2059
-516
2663
5833
-4648
635
13374595
1811
-160
2395
5110
-3132
-44
13375620
1237
142
2138
4238
-1635
-648
13376645
392
362
1958
3510
-837
-882
13377670
-329
490
1706
2938
-204
-977
13378695
-828
574
1455
2281
333
-902
13379720
-1080
623
1145
1803
467
-705
13380745
-1141
693
780
1748
264
-593
13381770
-1100
780
366
1707
-6
-580
13382795
-1000
821
-101
1583
-74
-456
13383820
-889
810
-592
1654
-172
-263
13384845
-634
810
-1036
1792
-325
-123
13385870
-268
831
-1422
2051
-258
-22
13378689
60
854
-1903
2711
-232
-178
13379714
715
798
-2663
3929
-1378
-787
13380739
1519
525
-3229
5969
-5485
-616
13381764
422
249
-3506
8038
-10140
238
13382789
-2433
438
-3160
7638
-10969
895
13383814
-5183
1033
-1639
4865
-7736
1910
13384839
-4190
1077
-516
2603
-6814
2715
13385864
-1393
855
-878
1590
-6070
1486
13386889
-132
656
-883
954
-4900
-59
13387914
360
452
-534
2
-4374
-205
13388939
825
230
-359
-540
-3749
320
13389964
1053
22
-302
-767
-3084
765
13390989
1006
-107
-288
-881
-2322
1040
13392014
614
-171
-196
-797
-2026
1033
13393039
52
-199
-68
-816
-2213
728
13394064
-235
-245
49
-869
-2236
366
13386881
-278
-362
220
-631
-2458
136
13387906
-236
-497
479
-385
-2835
109
13388931
-50
-682
746
41
-3487
40
13389956
304
-919
1036
800
-4861
-212
13390981
835
-1183
1230
1804
-6547
-355
13392006
1558
-1469
1337
3660
-8713
-58
13393031
2248
-1562
1312
6178
-9648
16
13394056
2496
-1200
1430
7201
-8644
-191
13395081
2199
-650
1847
6348
-6673
-271
13396106
1803
-209
2182
5261
-4817
-91
13397131
1468
48
2188
4333
-3459
43
13398156
1049
120
2010
3661
-2368
-17
13399181
644
114
1752
3140
-1499
-100
13400206
347
89
1504
2657
-1025
-152
13401231
162
44
1214
2310
-734
-123
13402256
55
-3
870
2217
-512
96
13395072
-113
24
507
1964
-235
66
13396097
-448
96
70
1705
265
-246
13397122
-825
175
-424
1740
465
-516
13398147
-1015
273
-840
1940
147
-598
13399172
-1045
377
-1275
2225
-273
-581
13400197
-959
499
-1741
2451
-652
-500
13401222
-670
603
-2199
2697
-879
-323
13402247
-183
682
-2657
3122
-1039
-311
13403272
526
663
-3180
4191
-2377
-488
13404297
1801
490
-3236
6176
-8570
-560
13405322
2691
226
-3012
7358
-13966
785
13406347
1736
168
-3595
6163
-6068
2045
13407372
-286
113
-2774
5796
-2611
3501
13408397
-1689
-8
-927
4271
-5696
4335
13409422
-1744
-158
-318
2129
-6041
3259
13410447
-1570
-320
-313
723
-4401
1691
13403361
-1098
-500
-203
29
-4015
926
13404386
-63
-491
-34
-457
-3803
846
13405411
1269
-387
161
-1001
-3925
1319
13406436
2197
-304
268
-1219
-3254
1610
13407461
2003
-186
376
-1418
-1807
1379
13408486
919
-64
481
-1546
-1068
923
13409511
-249
-9
629
-1207
-1281
350
13410536
-869
13
995
-644
-2523
302
13411561
-964
5
1440
-183
-3949
371
13412586
-619
-69
1800
278
-4711
286
13413611
4
-187
2041
899
-5531
-34
13414636
623
-369
2234
1845
-7476
-10
13415661
1072
-601
2292
3655
-9630
440
13416686
1510
-690
2225
6413
-9900
893
13417711
1448
-335
2232
7757
-7972
806
13418736
809
156
2439
6534
-6152
442
13411456
171
225
2504
5988
-4893
89
13412481
-147
170
2287
5251
-3285
-45
13413506
-245
11
2026
4281
-1864
-115
13414531
-336
-194
1697
3478
-527
-250
13415556
-381
-410
1373
2792
536
-321
13416581
-280
-574
1022
2221
897
-41
13417606
-153
-573
588
1715
405
191
13418631
-36
-545
-94
1549
-36
223
13419656
50
-577
-967
1530
420
314
13420681
-82
-581
-1747
1597
580
436
13421706
-63
-532
-2369
1745
230
522
13422731
178
-461
-2778
2024
-26
400
13423756
587
-292
-3004
2308
-291
91
13424781
1127
-202
-3003
3647
-2480
413
13425806
871
-159
-2660
6042
-8298
1341
13426831
-893
210
-2841
7020
-9065
1638
13419648
-1987
631
-2468
6350
-8857
2129
13420673
-2501
867
-1240
4876
-9473
1854
13421698
-1531
814
-190
2842
-8658
812
13422723
-114
471
-86
1199
-6135
493
13423748
365
50
-160
337
-4118
617
13424773
107
-290
-21
-164
-3424
848
13425798
134
-542
187
-570
-3570
1057
13426823
728
-807
352
-780
-3495
1120
13427848
1395
-1084
311
-631
-2743
1046
13428873
1588
-1227
377
-628
-2022
864
13429898
1214
-1381
451
-482
-2058
286
13430923
748
-1610
563
-254
-2382
-408
13431948
858
-1936
779
349
-2983
-260
13432973
1499
-2321
1199
1319
-3778
-70
13433998
2178
-2519
1652
1633
-3902
-295
13435023
2284
-2679
1911
2201
-3745
-446
13427840
1904
-2694
1968
3035
-4638
-561
13428865
2039
-2535
1792
3822
-6236
-873
13429890
2481
-2336
1395
5153
-7858
-873
13430915
2596
-1906
918
6287
-7747
-731
13431940
2214
-1200
739
6031
-5652
-781
13432965
1542
-570
974
5285
-4248
-705
13433990
765
-192
1029
4768
-2959
-427
13435015
-208
-28
693
4736
-1536
-271
13436040
-854
30
264
4955
-296
-415
13437065
-884
62
48
4575
140
-487
13438090
-733
159
-75
3202
-287
118
13439115
-494
135
-769
1877
96
1004
13440140
59
-261
-1346
1923
52
1061
13441165
751
-233
-2136
688
-15
1137
13442190
1005
-445
-3124
715
-126
951
13443215
1108
-545
-3752
817
-256
805
13436031
1082
-568
-4061
1493
-1768
974
13437056
1030
-505
-4018
2612
-5011
1293
13438081
1057
-332
-3463
3237
-7457
1533
13439106
1412
-204
-2523
3985
-8688
2000
13440131
1431
2
-1359
4319
-9384
2671
13441156
355
296
-356
3424
-7782
2664
13442181
-842
414
521
2342
-6412
1887
13443206
-975
222
1222
1481
-5709
1545
13444231
-244
-162
1538
1036
-4964
1506
13445256
623
-525
1666
883
-4072
1255
13446281
1206
-809
1813
731
-3470
995
13447306
1455
-1033
1935
486
-3004
689
13448331
1456
-1256
1973
254
-2562
140
13449356
1390
-1577
1991
-66
-2119
-696
13450381
1322
-2059
1989
-418
-1812
-874
13451406
1609
-2638
1975
-153
-2008
-506
13444224
2066
-3087
1840
272
-1742
-764
13445249
2316
-3399
1773
506
-2833
-2061
13446274
2609
-3750
1632
1613
-4492
-3025
13447299
2723
-3953
1582
2999
-5692
-3067
13448324
2891
-3897
1777
3675
-6932
-2637
13449349
3498
-3691
2028
3997
-8341
-2448
13450374
4000
-3423
2300
4667
-9540
-2405
13451399
3787
-2996
2213
6159
-9690
-2640
13452424
3076
-2334
2078
6843
-8171
-2891
13453449
2226
-1578
1969
5805
-5533
-2280
13454474
1574
-1210
2056
5108
-3739
-897
13455499
1164
-1019
1913
4662
-2369
238
13456524
863
-820
1553
3880
-1459
410
13457549
610
-701
1174
3420
-532
95
13458574
443
-647
844
3010
162
-120
13459599
326
-578
493
2131
534
96
13452416
306
-638
42
1851
998
520
13453441
351
-648
-474
1721
1243
1006
13454466
217
-643
-1054
1326
1031
1063
13455491
-29
-703
-1875
1276
711
784
13456516
35
-791
-2622
1601
111
364
13457541
1348
-952
-3128
2066
-1069
335
13458566
3158
-1400
-3356
3314
-3209
1649
13459591
3153
-2033
-3529
5354
-7462
3851
13460616
1454
-2271
-3616
6901
-9236
4893
13461641
903
-1851
-2564
5871
-9124
5484
13462666
797
-1347
-853
3989
-8728
5509
13463691
951
-1076
72
1889
-6050
4023
13464716
1349
-1041
564
813
-3823
2823
13465741
1079
-1041
841
263
-3326
1967
13466766
762
-1058
835
-111
-3374
1219
13467791
919
-1072
755
-365
-3066
1053
13460607
867
-1043
676
-413
-2462
1152
13461632
433
-977
647
-521
-2182
1014
13462657
146
-936
614
-618
-2286
709
13463682
254
-939
602
-532
-2319
469
13464707
452
-951
709
-410
-2443
132
13465732
617
-1023
938
-243
-2959
-250
13466757
867
-1152
1189
195
-3371
-303
13467782
1227
-1266
1505
964
-4138
-45
13468807
1539
-1335
1937
1836
-5290
54
13469832
1740
-1329
2328
2553
-6372
-245
13470857
2253
-1342
2609
3485
-8460
21
13471882
2811
-1379
2614
5851
-10436
846
13472907
2741
-1016
2392
8228
-10092
577
13473932
2153
-210
2358
7654
-7466
-9
13474957
1389
407
2628
6242
-5625
323
13475982
732
662
2618
5602
-4365
421
13468801
169
724
2377
4659
-2744
-221
13469826
-184
577
2169
3792
-1613
-497
13470851
-235
344
1927
3404
-515
-310
13471876
-461
207
1615
2860
687
-358
13472901
-1142
118
1389
2321
1548
-657
13473926
-1701
-144
1036
1683
1643
-907
13474951
-2084
-436
323
1650
667
-830
13475976
-2185
-491
-695
1710
81
-379
13477001
-2118
-416
-1726
1713
195
71
13478026
-2165
-291
-2599
1996
51
155
13479051
-2009
-149
-3257
2531
-502
-183
13480076
-1340
44
-3669
3223
-1648
-724
13481101
-25
171
-3665
4607
-4680
-963
13482126
1439
286
-2898
6012
-8435
307
13483151
682
641
-2076
5974
-6595
1968
13484176
-2598
1154
-1395
5085
-4539
1357
13476993
-4216
1559
-685
3857
-6872
405
13478018
-3557
1515
-563
2863
-7636
-39
13479043
-2549
1209
-618
2495
-7007
-323
13480068
-1601
861
-461
2228
-6346
-117
13481093
-751
510
-252
1654
-5453
311
13482118
-210
183
-157
976
-4487
412
13483143
332
-71
-33
270
-3875
337
13484168
864
-279
102
-169
-3341
199
13485193
1305
-457
171
-278
-2868
96
13486218
1411
-563
234
-290
-2441
103
13487243
1117
-632
309
-216
-2134
70
13488268
772
-672
410
-212
-2281
-51
13489293
670
-730
528
-197
-2578
-114
13490318
713
-828
660
-31
-2719
-109
13491343
683
-940
861
289
-3108
-15
13492368
657
-1042
1071
619
-3447
77
13485184
838
-1150
1364
1073
-4273
37
13486209
1156
-1256
1557
1735
-5243
-166
13487234
1553
-1345
1627
2700
-6787
-149
13488259
1824
-1395
1538
4254
-8244
59
13489284
1862
-1206
1323
5695
-8063
-183
13490309
1675
-729
1399
5825
-7198
-380
13491334
1432
-263
1592
4931
-5789
-374
13492359
1147
29
1582
4185
-4338
-268
13493384
757
176
1437
3555
-3202
-279
13494409
294
228
1240
2969
-2224
-331
13495434
-284
210
1009
2573
-1452
-452
13496459
-820
181
786
2026
-881
-504
13497484
-1162
110
528
1742
-660
-517
13498509
-1191
49
212
1817
-605
-543
13499534
-970
50
-137
1831
-460
-607
13500559
-697
84
-508
1844
-350
-585
13493376
-445
126
-915
2177
-478
-522
13494401
-237
233
-1340
2555
-631
-422
13495426
-71
341
-1741
2896
-905
-288
13496451
-9
415
-2118
3525
-1368
-162
13497476
23
520
-2526
4608
-1834
-459
13498501
185
570
-2888
6186
-2840
-853
13499526
-4
732
-3122
6717
-4436
-321
13500551
-1018
801
-3229
6533
-6230
618
13501576
-2186
783
-3323
5991
-6373
1141
13502601
-2362
698
-3008
5049
-7230
964
13503626
-1141
521
-2435
3529
-7846
937
13504651
281
293
-1933
2299
-6823
1064
13505676
762
215
-1642
945
-4964
913
13506701
596
248
-1294
-555
-4016
542
13507726
289
206
-811
-1175
-4331
342
13508751
186
133
-364
-1366
-4485
250
13501568
384
81
113
-1558
-4113
230
13502593
577
20
627
-1528
-3683
258
13503618
590
-55
1099
-1309
-3272
227
13504643
512
-145
1499
-1029
-2954
127
13505668
475
-261
1797
-651
-2762
50
13506693
537
-407
2007
-209
-2816
-93
13507718
634
-616
2122
467
-3277
-407
13508743
1006
-948
2113
1867
-5118
-477
13509768
1695
-1372
2011
4930
-8355
465
13510793
2107
-1460
1636
8722
-9715
515
13511818
2235
-903
1628
9840
-9093
-234
13512843
1765
-221
2044
8415
-6206
-208
13513868
1092
186
2424
7748
-3914
-340
13514893
440
443
2514
6208
-3140
-379
13515918
-182
415
2142
4661
-1734
-355
13516943
-646
258
1770
3738
-686
-181
13509760
-869
155
1576
2702
-604
29
13510785
-717
65
1296
1846
-136
117
13511810
-480
35
909
1365
716
43
13512835
-498
61
529
1150
1081
-152
13513860
-667
131
62
1118
859
-133
13514885
-872
168
-528
1375
265
49
13515910
-957
220
-1196
1693
-404
127
13516935
-787
343
-1903
1867
-740
124
13517960
-298
490
-2616
2337
-1011
211
13518985
341
636
-3267
3086
-1236
-413
13520010
1213
608
-3784
4262
-2883
-1843
13521035
2137
376
-3521
6386
-8099
-1041
13522060
756
325
-2944
7766
-9919
2087
13523085
-2429
620
-2184
6803
-7428
3048
13524110
-4111
946
-1042
4854
-6345
2100
13525135
-3095
892
-309
3183
-5356
1455
13517952
-1653
617
10
2098
-5646
733
13518977
-448
322
32
1032
-4817
166
13520002
722
68
53
52
-3641
246
13521027
1680
-114
122
-484
-2851
579
13522052
2079
-252
240
-548
-2374
981
13523077
1849
-330
260
-453
-1717
1190
13524102
1252
-326
250
-409
-1139
1117
13525127
465
-309
309
-339
-1639
851
13526152
-245
-334
345
-70
-2320
521
13527177
-674
-400
511
425
-3090
301
13528202
-669
-460
871
842
-3878
359
13529227
-239
-558
1308
1272
-4302
502
13530252
401
-684
1685
1730
-4590
478
13531277
1047
-880
1971
2806
-5928
545
13532302
1657
-1013
1864
4444
-7385
910
13533327
2071
-923
1524
5873
-8043
604
13526143
1961
-575
1363
6313
-7210
-54
13527168
1504
-159
1527
6098
-5680
-75
13528193
954
236
1704
5573
-4609
-79
13529218
395
505
1600
4486
-3169
-359
13530243
-236
561
1428
3526
-1810
-458
13531268
-768
502
1255
2868
-1024
-387
13532293
-1004
431
1043
2409
-436
-375
13533318
-1063
369
790
2088
105
-504
13534343
-1050
304
522
1880
260
-556
13535368
-962
255
149
1825
151
-404
13536393
-919
248
-312
1907
-129
-233
13537418
-797
232
-768
2040
-457
-98
13538443
-546
233
-1239
2185
-536
78
13539468
-137
257
-1727
2578
-671
317
13540493
363
369
-2227
2970
-556
466
13541518
653
511
-2754
3236
-521
20
13534337
291
502
-3158
4461
-2394
-307
13535362
-1541
555
-3319
6243
-6216
-676
13536387
-3513
811
-3449
6847
-8829
-98
13537412
-4133
1153
-2573
5924
-10747
819
13538437
-2952
1228
-1324
4328
-10342
1552
13539462
-1720
1146
-695
2525
-7119
1515
13540487
-1355
1023
-512
1136
-4927
708
13541512
-875
709
-473
508
-3519
-18
13542537
-677
472
-192
-204
-2792
-180
13543562
-576
233
88
-373
-3682
23
13544587
-80
-4
150
-370
-3462
27
13545612
435
-189
270
-388
-2895
-48
13546637
550
-332
430
-263
-2723
-155
13547662
343
-474
675
-190
-2756
-352
13548687
219
-654
927
17
-2823
-432
13549712
404
-841
1201
324
-2894
-333
13542528
698
-1042
1441
771
-3365
-402
13543553
957
-1279
1541
1658
-4136
-671
13544578
1272
-1491
1422
2831
-4946
-919
13545603
1645
-1626
1286
4321
-6832
-1043
13546628
1899
-1666
1188
6329
-8225
-1103
13547653
1962
-1400
1071
7274
-6877
-1004
13548678
1853
-945
1452
6535
-5307
-626
13549703
1747
-572
1801
5609
-4209
-336
13550728
1461
-319
1791
4824
-3017
-316
13551753
883
-182
1641
4130
-1782
-455
13552778
313
-114
1492
3515
-1061
-408
13553803
6
-80
1318
2995
-603
-218
13554828
-219
-33
1061
2600
-45
-104
13555853
-230
22
735
2293
214
-59
13556878
-133
61
361
2110
284
-42
13557903
-121
131
-57
1966
32
-15
13550720
-82
234
-605
2017
-468
-10
13551745
220
341
-1231
2247
-669
142
13552770
495
440
-1878
2746
-706
136
13553795
619
621
-2434
3080
-1144
-166
13554820
519
794
-2765
3824
-2565
-165
13555845
-347
978
-2786
4873
-4993
423
13556870
-1892
1245
-2572
5406
-6607
1316
13557895
-3574
1528
-2086
5071
-6921
1379
13558920
-4128
1635
-1420
4167
-7502
903
13559945
-3321
1464
-811
2829
-7184
58
13560970
-1895
1164
-484
1405
-5868
-465
13561995
-808
785
-396
418
-4291
-610
13563020
-522
393
-324
-229
-3349
-796
13564045
-656
31
-300
-565
-3371
-832
13565070
-370
-239
-243
-743
-3809
-567
13566095
109
-439
-117
-757
-3956
-336
13558912
454
-583
33
-665
-3966
-67
13559937
713
-718
215
-588
-3507
-49
13560962
933
-835
453
-424
-3027
52
13561987
959
-905
684
-210
-2644
243
13563012
670
-1005
925
28
-2663
216
13564037
512
-1145
1048
518
-3680
0
13565062
993
-1432
1065
2346
-6465
-206
13566087
1603
-1639
959
5014
-9180
-801
13567112
2168
-1583
860
7089
-8656
-1871
13568137
2663
-1127
1284
7511
-6402
-1425
13569162
2401
-543
1941
6919
-4391
-548
13570187
1193
-108
2108
5986
-3567
-713
13571212
-109
143
1815
4767
-2184
-1056
13572237
-783
186
1613
3847
-1485
-810
13573262
-648
131
1454
3143
-1293
-554
13574287
-135
93
1216
2695
-451
-617
13567104
23
110
897
2373
64
-656
13568129
-56
140
504
1971
72
-510
13569154
-97
154
3
1677
-45
-262
13570179
-72
157
-553
1654
-339
-40
13571204
130
174
-1112
1820
-744
131
13572229
528
238
-1660
2031
-874
214
13573254
1092
336
-2186
2372
-927
88
13574279
1626
371
-2696
3149
-993
-330
13575304
1690
393
-3059
4348
-2081
-231
13576329
813
422
-3095
5958
-4894
367
13577354
-922
720
-2974
6469
-6246
918
13578379
-2032
1042
-2248
5974
-6111
1238
13579404
-2209
1250
-1214
5114
-5783
1167
13580429
-2039
1282
-719
3731
-5818
713
13581454
-1961
1116
-806
2680
-5182
-58
13582479
-1761
934
-844
1975
-4641
-71
13575296
-1298
774
-734
1196
-4459
350
13576321
-745
574
-531
686
-3979
504
13577346
-378
413
-233
302
-3512
461
13578371
-207
300
44
33
-3258
424
13579396
-155
213
239
14
-3055
432
13580421
-229
143
403
163
-2958
441
13581446
-319
89
579
310
-2870
437
13582471
-339
19
791
475
-2772
426
13583496
-308
-74
1020
664
-2774
510
13584521
-175
-185
1209
918
-2900
682
13585546
199
-302
1354
1476
-3273
985
13586571
598
-397
1450
2455
-3673
1178
13587596
827
-411
1473
3880
-4447
1083
13588621
1053
-320
1421
5430
-5418
693
13589646
1100
-38
1319
6785
-5879
533
13590671
697
490
1247
7223
-5069
409
13583489
-110
1087
1333
6830
-4151
220
13584514
-946
1537
1338
6196
-3447
-65
13585539
-1541
1798
1156
5067
-2415
-119
13586564
-1924
1859
965
3993
-1435
31
13587589
-2111
1866
789
3128
-988
132
13588614
-1995
1886
558
2374
-643
137
13589639
-1707
1894
312
1918
-312
84
13590664
-1511
1927
41
1721
-266
-96
13591689
-1410
2011
-328
1683
-255
-206
13592714
-1415
2123
-722
1894
-290
-427
13593739
-1540
2331
-1133
2131
-367
-676
13594764
-1686
2556
-1562
2631
-605
-879
13595789
-1563
2781
-1966
3525
-1440
-1236
13596814
-1061
2966
-2279
4488
-2451
-1690
13597839
-734
3089
-2454
5141
-3343
-1834
13598864
-1343
3125
-2423
5742
-4202
-1084
13591680
-3107
3136
-2278
6011
-4598
-90
13592705
-4812
3180
-1927
5488
-5627
-252
13593730
-5216
3058
-1581
4184
-6701
-920
13594755
-4389
2624
-1369
3085
-6744
-1302
13595780
-2679
2074
-1054
2238
-6316
-1156
13596805
-1015
1564
-776
1527
-5437
-701
13597830
-333
1174
-570
938
-4403
-385
13598855
-462
909
-326
455
-3829
-222
13599880
-717
731
-61
69
-3605
-82
13600905
-735
607
203
-125
-3568
28
13601930
-568
518
447
-120
-3474
90
13602955
-382
457
670
50
-3365
234
13603980
-316
415
859
288
-3236
444
13605005
-423
382
1017
499
-3089
538
13606030
-562
345
1168
811
-3089
606
13607055
-628
286
1299
1315
-3359
705
13599873
-514
226
1368
2065
-3958
912
13600898
-177
192
1369
3194
-4818
1204
13601923
171
219
1320
4520
-5248
974
13602948
325
369
1298
5656
-5209
685
13603973
182
678
1320
6084
-4890
829
13604998
-244
1021
1287
5631
-3997
738
13606023
-752
1275
1150
4761
-3195
318
13607048
-1095
1384
924
3784
-2486
31
13608073
-1413
1408
616
2817
-1770
-17
13609098
-1669
1390
327
2100
-1498
-4
13610123
-1767
1362
26
1684
-1258
-139
13611148
-1768
1351
-289
1449
-1081
-288
13612173
-1753
1364
-645
1398
-897
-311
13613198
-1713
1407
-994
1535
-816
-378
13614223
-1581
1499
-1310
1860
-878
-492
13615248
-1325
1651
-1610
2329
-1005
-690
13608065
-853
1817
-1872
3041
-1262
-910
13609090
-223
1982
-2028
4098
-1927
-944
13610115
191
2125
-2082
5365
-3222
-1002
13611140
-254
2231
-2013
6063
-4535
-975
13612165
-1738
2344
-1953
5765
-4653
-217
13613190
-3207
2406
-1605
5101
-5246
734
13614215
-3751
2405
-1262
4090
-5564
922
13615240
-3646
2298
-1094
2651
-5314
443
13616265
-3155
2039
-1020
1389
-5140
-171
13617290
-2371
1745
-874
332
-4830
-331
13618315
-1775
1440
-726
-342
-4543
-191
13619340
-1431
1156
-520
-732
-4252
-56
13620365
-1188
894
-226
-770
-4121
-36
13621390
-961
657
109
-602
-3994
-127
13622415
-763
451
459
-372
-3812
-260
13623440
-631
258
810
-150
-3759
-285
13616323
-562
56
1116
100
-3545
-150
13617348
-499
-162
1391
320
-3370
1
13618373
-374
-406
1620
515
-3472
-60
13619398
-60
-695
1748
942
-4247
-265
13620423
503
-1077
1751
2176
-6205
-153
13621448
775
-1477
1694
4648
-8173
427
13622473
667
-1589
1645
6902
-8225
410
13623498
812
-1347
1867
6987
-6981
621
13624523
1131
-1018
2276
5724
-5577
1071
13625548
1667
-816
2396
5176
-4697
1073
13626573
1852
-600
2158
4797
-3376
728
13627598
1288
-330
1862
4071
-2154
244
13628623
405
-86
1592
3217
-1563
-198
13629648
-602
121
1234
2428
-1241
-369
13630673
-1686
271
843
2097
-1194
-306
13631698
-2529
457
437
1936
-1007
-422
13624448
-2584
672
168
1499
-916
-452
13625473
-2044
857
-53
1144
-1071
-417
13626498
-1293
988
-365
1242
-1231
-352
13627523
-648
1084
-762
1532
-1191
-296
13628548
-116
1143
-1149
1772
-1167
-256
13629573
214
1209
-1520
2191
-1157
-50
13630598
284
1273
-1889
2893
-1262
61
13631623
214
1388
-2151
3321
-1877
-327
13632648
-74
1529
-2333
4062
-3210
-1116
13633673
-290
1686
-2280
5101
-5752
-1319
13634698
-554
1903
-1929
5469
-7895
-271
13635723
-1396
2041
-1594
4853
-7197
892
13636748
-2195
2072
-1171
3916
-5870
1194
13637773
-1996
1964
-730
2779
-5560
813
13638798
-1373
1708
-566
1600
-4898
254
13639823
-953
1387
-567
820
-4201
-175
13632640
-528
1107
-543
214
-3519
-217
13633665
-250
865
-465
-83
-3289
-24
13634690
-116
648
-466
-207
-2994
148
13635715
-95
476
-406
-276
-2872
278
13636740
-204
325
-261
-194
-3027
324
13637765
-350
191
-76
-156
-2997
224
13638790
-358
40
160
-181
-2923
79
13639815
-183
-147
441
-125
-3039
30
13640840
98
-376
725
91
-3317
63
13641865
467
-642
982
507
-3661
65
13642890
834
-928
1230
1083
-4218
15
13643915
1024
-1214
1470
1921
-5602
-5
13644940
1269
-1475
1544
3309
-7211
269
13645965
1689
-1599
1435
5097
-7958
220
13646990
1959
-1405
1394
5945
-7576
-186
13648015
1833
-999
1571
5725
-6366
-391
13640832
1443
-566
1760
5229
-5180
-516
13641857
1088
-182
1793
4399
-4097
-576
13642882
763
84
1688
3373
-2864
-764
13643907
255
256
1577
2698
-2175
-750
13644932
-200
325
1504
2497
-2098
-376
13645957
-347
300
1334
2319
-1490
-73
13646982
-461
240
1100
2091
-982
12
13648007
-416
123
879
1960
-688
-28
13649032
-175
16
549
1932
-326
20
13650057
133
-69
144
2032
-286
214
13651082
433
-134
-327
2225
-352
324
13652107
626
-134
-873
2264
-471
371
13653132
768
-129
-1512
2504
-507
358
13654157
858
-83
-2142
3094
-650
280
13655182
898
-28
-2633
3987
-1855
153
13656207
976
12
-2754
4854
-4797
406
13649024
789
37
-2582
5491
-7442
860
13650049
510
231
-2186
5509
-7061
1847
13651074
-143
470
-1456
4773
-6013
3161
13652099
-1339
611
-903
3305
-6119
3185
13653124
-1780
510
-878
2122
-5865
2186
13654149
-1508
319
-877
1097
-5236
1220
13655174
-1089
117
-691
288
-5133
903
13656199
-465
-72
-461
-243
-4675
910
13657224
138
-212
-198
-672
-3914
918
13658249
465
-294
70
-810
-3601
966
13659274
588
-324
291
-644
-3280
844
13660299
514
-305
494
-484
-2936
612
13661324
330
-271
716
-251
-2912
468
13662349
138
-255
982
-39
-2857
379
13663374
-22
-277
1271
154
-2901
372
13664399
-87
-349
1582
371
-3196
365
13657216
-122
-501
1857
585
-3422
0
13658241
-149
-785
2128
1018
-4124
-603
13659266
3
-1214
2314
1691
-5579
-1145
13660291
677
-1782
2216
3207
-7990
-377
13661316
1527
-2075
1880
6186
-9265
939
13662341
1552
-1635
1395
7085
-7038
382
13663366
1259
-1061
1453
5409
-4634
-471
13664391
1197
-724
1770
4329
-4014
-268
13665416
1116
-519
1612
3578
-3110
58
13666441
1025
-484
1137
2857
-1661
206
13667466
787
-478
697
2378
-790
213
13668491
337
-429
290
1984
-728
110
13669516
-79
-393
-236
1777
-397
58
13670541
-571
-326
-747
1630
20
-35
13671566
-1169
-255
-1238
1490
-15
-95
13672591
-1581
-200
-1690
1552
-250
55
13665407
-1607
-85
-2116
1870
-575
418
13666432
-1489
151
-2471
2326
-522
439
13667457
-1093
453
-2656
2844
-495
74
13668482
-88
723
-2625
4078
-2818
237
13669507
577
918
-2460
6280
-7913
343
13670532
-324
1259
-2602
7401
-9008
226
13671557
-1742
1702
-2302
6693
-7062
658
13672582
-3339
2037
-1188
5443
-7420
1322
13673607
-3824
2027
-579
3720
-6920
1081
13674632
-2852
1753
-532
1982
-4985
501
13675657
-1506
1367
-455
1079
-4169
233
13676682
-358
970
-425
635
-3906
275
13677707
351
641
-425
218
-2897
317
13678732
552
409
-362
-153
-2072
397
13679757
469
227
-245
-217
-2045
380
13680782
369
93
-108
-170
-2269
236
13673600
337
-10
31
-203
-2321
117
13674625
305
-102
220
-206
-2133
45
13675650
201
-180
484
-113
-2138
97
13676675
105
-270
778
113
-2751
174
13677700
179
-402
1027
569
-3476
167
13678725
333
-558
1191
1247
-3846
53
13679750
561
-752
1272
2207
-4939
-44
13680775
943
-978
1198
3602
-6853
177
13681800
1194
-1101
1012
5231
-7515
157
13682825
1322
-958
996
5964
-7058
26
13683850
1232
-647
1320
5642
-6706
199
13684875
1057
-384
1569
5011
-5756
200
13685900
988
-213
1575
4215
-4140
62
13686925
761
-131
1489
3499
-3010
-78
13687950
362
-151
1343
3090
-2583
-163
13688975
62
-202
1133
2694
-1976
-148
13681793
-72
-240
945
2337
-1296
-33
13682818
-138
-243
786
2208
-842
33
13683843
-191
-192
602
2162
-494
-45
13684868
-211
-115
387
2082
-244
-88
13685893
-146
-40
133
2047
-130
73
13686918
-16
46
-192
2194
-213
264
13687943
163
174
-549
2403
-396
372
13688968
375
363
-955
2815
-378
294
13689993
694
604
-1446
3602
-856
-157
13691018
1273
770
-1901
4587
-3763
-178
13692043
1968
728
-2261
5223
-7971
377
13693068
2546
708
-2677
5308
-7038
1515
13694093
1794
843
-2478
5012
-4186
2851
13695118
-666
971
-1639
4167
-4384
3236
13696143
-2370
976
-1043
2882
-4792
3208
13697168
-3016
896
-1058
1943
-4035
2397
13689983
-2902
744
-1007
962
-3844
1348
13691008
-1986
496
-874
291
-4051
929
13692033
-830
238
-723
-94
-3691
919
13693058
-37
-10
-524
-335
-3000
1020
13694083
293
-219
-303
-446
-2496
1068
13695108
514
-382
-72
-498
-2503
1018
13696133
979
-529
158
-517
-2732
933
13697158
1507
-658
421
-448
-2636
866
13698183
1849
-744
760
-173
-2662
983
13699208
1795
-779
1130
147
-2991
1223
13700233
1205
-798
1452
462
-3662
1244
13701258
606
-877
1666
1036
-5200
1482
13702283
683
-1059
1828
2594
-7916
2383
13703308
1339
-1086
1940
5103
-9467
3114
13704333
1990
-710
2124
6835
-8642
3218
13705358
1893
-52
2440
6253
-7064
2512
13698176
1440
532
2522
5408
-5751
1720
13699201
891
819
2503
5398
-4595
980
13700226
126
1048
2228
4831
-3167
249
13701251
-625
1153
1930
4209
-1949
-144
13702276
-1250
1176
1685
3465
-908
-170
13703301
-1667
1077
1421
2814
-265
-152
13704326
-1666
917
1125
2380
239
-167
13705351
-1377
789
768
2147
573
-117
13706376
-1008
707
321
1994
589
-66
13707401
-683
673
-209
1835
489
20
13708426
-530
644
-816
1795
186
138
13709451
-440
597
-1480
1911
-336
267
13710476
-285
563
-2140
2042
-466
375
13711501
-91
575
-2799
2262
-609
376
13712526
203
595
-3509
2828
-1466
211
13713551
444
521
-4132
3976
-3437
185
13706369
507
424
-4315
5412
-6819
886
13707394
296
550
-4032
6277
-9301
2956
13708419
-1301
909
-3449
5437
-7924
3296
13709444
-3059
1118
-2521
4374
-6606
2506
13710469
-3591
1112
-1505
3111
-6673
1932
13711494
-3380
1000
-1164
1873
-5939
1385
13712519
-2690
783
-882
726
-5258
784
13713544
-1138
486
-563
-297
-4542
709
13714569
255
163
-322
-763
-3529
860
13715594
751
-85
-86
-855
-2925
897
13716619
701
-248
92
-769
-2705
826
13717644
484
-346
273
-609
-2685
713
13718669
241
-421
500
-341
-2932
646
13719694
83
-490
764
-44
-3260
615
13720719
108
-580
1051
302
-3585
580
13721744
317
-706
1303
815
-4069
540
13714560
659
-859
1489
1448
-4824
489
13715585
1105
-1046
1592
2260
-5761
580
13716610
1563
-1269
1625
3654
-6791
1011
13717635
1968
-1367
1541
5479
-7089
1457
13718660
2216
-1137
1541
6425
-6885
1422
13719685
2252
-745
1626
6219
-6056
1014
13720710
1969
-413
1653
5842
-4868
596
13721735
1407
-153
1622
5034
-3508
283
13722760
691
-29
1534
3807
-2317
128
13723785
-16
-77
1412
2862
-1631
109
13724810
-571
-198
1222
2299
-1097
121
13725835
-943
-318
1039
1971
-696
58
13726860
-1198
-381
780
1724
-266
-135
13727885
-1283
-432
449
1566
-94
-346
13728910
-1218
-504
15
1663
-61
-362
13729935
-1029
-580
-493
1885
-295
-142
13722752
-750
-594
-998
1802
-605
153
13723777
-278
-620
-1568
1593
-396
430
13724802
694
-642
-2187
1594
-114
825
13725827
1854
-762
-2756
2399
-1066
832
13726852
2687
-1044
-3294
3159
-1909
451
13727877
3284
-1420
-3747
3775
-2357
234
13728902
3493
-1904
-3597
6700
-5522
1890
13729927
1280
-1479
-2663
9197
-7759
4251
13730952
-1673
-324
-1290
8144
-8592
4034
13731977
-2962
628
-204
5078
-7491
3518
13733002
-1852
746
420
2916
-6036
2621
13734027
-470
529
517
1454
-4637
1520
13735052
214
243
468
472
-3843
747
13736077
596
-155
646
179
-3264
565
13737102
804
-524
779
172
-2807
517
13738127
1319
-847
938
153
-3096
469
13730944
1938
-1038
1013
-44
-2943
491
13731969
2123
-1169
1100
-96
-2184
333
13732994
1660
-1258
1284
-109
-2014
41
13734019
1187
-1344
1407
-27
-2096
-205
13735044
1038
-1476
1560
220
-2448
-312
13736069
1165
-1668
1692
692
-3463
-461
13737094
1717
-1896
1701
1541
-4334
-824
13738119
2362
-2076
1661
2848
-5733
-1030
13739144
2816
-2163
1571
4878
-8044
-689
13740169
2899
-1988
1397
7473
-9203
-301
13741194
2403
-1383
1381
8348
-7816
-683
13742219
1624
-658
1804
6914
-5707
-1093
13743244
978
-286
2057
5728
-4180
-853
13744269
511
-225
1941
4837
-2864
-287
13745294
186
-300
1623
4138
-1663
-120
13746319
67
-376
1435
3444
-788
-163
13739136
-97
-522
1248
2759
7
-251
13740161
-317
-721
948
2086
993
-108
13741186
-414
-943
611
1599
1554
230
13742211
-331
-1236
399
1388
1175
788
13743236
-14
-1321
-266
640
396
1307
13744261
389
-1759
-836
782
-220
1234
13745286
673
-1864
-1854
448
-906
1178
13746311
863
-2054
-2957
885
-1472
897
13747336
898
-2142
-3794
1596
-3677
389
13748361
1574
-2452
-3991
3344
-9284
456
13749386
2098
-2336
-3667
5183
-9487
2382
13750411
1322
-1596
-2330
5731
-7227
4268
13751436
287
-603
-244
3958
-7844
4040
13752461
515
-259
686
1345
-5321
1583
13753486
1200
-376
1023
259
-4157
491
13754511
1256
-588
827
557
-3647
-146
13747328
886
-701
643
242
-2978
-499
13748353
602
-952
582
-40
-2701
-384
13749378
665
-1285
640
-187
-2444
-420
13750403
845
-1705
809
-543
-2580
-961
13751428
828
-2238
921
-773
-2478
-1345
13752453
71
-2719
877
-797
-1765
-1363
13753478
-470
-3115
697
-645
-2095
-1462
13754503
374
-3489
477
-322
-3303
-1705
13755528
2184
-3758
320
395
-4294
-2156
13756553
3677
-3794
252
1543
-5104
-3015
13757578
3968
-3624
342
2869
-7104
-3994
13758603
3548
-3232
504
5053
-10619
-4140
13759628
3320
-2579
780
8904
-12175
-3597
13760653
2957
-1446
1475
9484
-9362
-3854
13761678
2089
-474
2375
6687
-5803
-3689
13762703
1534
-301
2932
5557
-3800
-2676
13755519
1197
-452
2969
4729
-2682
-1972
13756544
941
-701
2630
4076
-1623
-1619
13757569
894
-952
2348
3371
-1039
-1470
13758594
961
-1221
2045
2683
-530
-1151
13759619
989
-1462
1660
2198
-169
-651
13760644
1034
-1593
1190
1780
289
-318
13761669
1019
-1659
665
1356
576
-238
13762694
877
-1668
7
751
437
-55
13763719
611
-1873
-700
979
111
300
13764744
195
-2009
-1346
1087
-259
846
13765769
-490
-1953
-2269
1643
-536
1426
13766794
-1179
-1673
-3184
2445
-435
670
13767819
-1167
-1385
-3851
3070
-885
-942
13768844
-841
-1029
-4228
4382
-2994
-803
13769869
-1596
-584
-4161
6065
-6873
374
13770894
-3035
12
-3887
6030
-7684
1638
13763712
-2626
416
-2817
5270
-8203
1348
13764737
-274
520
-1180
4290
-9722
151
13765762
909
418
-645
2990
-8081
-695
13766787
676
428
-366
1413
-5527
-804
13767812
234
363
-162
857
-4311
-421
13768837
-110
248
51
414
-4014
44
13769862
328
-29
138
-15
-3150
-262
13770887
1254
-317
299
-328
-2531
-577
13771912
1764
-577
394
-419
-2047
-692
13772937
1641
-827
388
-355
-1943
-757
13773962
1367
-1046
305
-264
-2205
-869
13774987
1285
-1282
235
-92
-2430
-917
13776012
1270
-1533
241
163
-2628
-948
13777037
1262
-1794
344
606
-3209
-1136
13778062
1424
-2056
556
1228
-4334
-1263
13779087
1593
-2286
818
2007
-5080
-1463
13771904
1737
-2430
1113
3108
-5771
-1821
13772929
1793
-2438
1359
4619
-6562
-1978
13773954
1555
-2252
1428
5902
-6602
-2115
13774979
861
-1868
1424
6282
-5855
-2182
13776004
292
-1437
1484
6286
-4874
-2025
13777029
202
-1023
1530
6073
-4023
-1846
13778054
291
-671
1527
5584
-3114
-2006
13779079
185
-487
1466
4629
-2167
-2161
13780104
115
-511
1329
3636
-1577
-1599
13781129
293
-580
1056
3087
-1084
-896
13782154
636
-539
718
2646
-550
-595
13783179
983
-452
409
2155
-100
-565
13784204
1180
-397
91
1944
29
-653
13785229
1121
-326
-274
1911
17
-818
13786254
927
-235
-711
1913
-107
-759
13787279
684
-102
-1157
1989
-428
-518
13780095
464
96
-1590
2232
-731
-440
13781120
314
331
-1976
2668
-762
-717
13782145
297
616
-2289
3264
-736
-808
13783170
24
928
-2574
4078
-1383
-1149
13784195
-448
1094
-2779
5181
-4131
-1583
13785220
-1154
1082
-2781
6604
-7918
-1185
13786245
-3058
1113
-2714
6471
-6522
-160
13787270
-4573
1135
-1575
5884
-6449
1017
13788295
-3356
1090
-431
4867
-9357
2414
13789320
-810
754
-396
2416
-8332
1478
13790345
1467
391
-16
930
-5259
808
13791370
2152
248
47
27
-2434
1250
13792395
1653
293
259
-743
-1886
1769
13793420
1256
351
404
-743
-2262
1641
13794445
1133
395
375
-593
-2131
1114
13795470
1110
373
215
-391
-2152
426
13788288
1030
290
52
-116
-2039
-368
13789313
649
219
68
122
-2171
-747
13790338
14
150
304
230
-2919
-491
13791363
-296
2
638
491
-3395
190
13792388
-76
-210
1070
1004
-3806
551
13793413
552
-426
1456
1803
-5032
466
13794438
1257
-635
1593
3134
-6932
371
13795463
1768
-781
1630
5247
-8602
253
13796488
1991
-590
1634
7222
-8410
-100
13797513
1649
-64
1818
7398
-6855
-267
13798538
895
458
2146
6082
-5356
-132
13799563
242
676
2187
5023
-4228
-97
13800588
-251
684
2011
3982
-2905
-117
13801613
-572
546
1779
3068
-1979
-146
13802638
-615
333
1566
2441
-1606
-179
13803663
-500
129
1306
1973
-1124
-156
13796480
-444
-61
1041
1726
-653
-173
13797505
-499
-194
754
1599
-348
-250
13798530
-532
-265
443
1570
-164
-278
13799555
-504
-249
109
1533
8
-195
13800580
-362
-194
-295
1773
-8
-42
13801605
-179
-80
-723
2167
-170
61
13802630
71
84
-1215
2587
-528
134
13803655
370
233
-1764
3099
-896
274
13804680
625
406
-2326
3633
-813
92
13805705
1037
489
-2826
4036
-537
-1143
13806730
2272
465
-3107
4832
-1942
-1022
13807755
3577
171
-2877
6987
-7459
1773
13808780
2313
-2
-2991
7843
-8385
3638
13809805
-399
442
-2814
6524
-4828
3115
13810830
-2649
790
-1714
5316
-5911
2764
13811855
-4271
978
-1174
3740
-6276
2726
13804673
-4778
1072
-1100
2287
-4990
1966
13805698
-3816
1058
-873
1049
-4713
1146
13806723
-1950
831
-664
-15
-4624
1113
13807748
-501
463
-503
-846
-3379
1062
13808773
-24
96
-305
-1252
-2689
907
13809798
119
-209
-210
-1308
-2518
704
13810823
114
-418
-158
-1336
-2369
419
13811848
0
-579
-28
-1122
-2615
190
13812873
-5
-721
225
-843
-2818
106
13813898
117
-866
592
-570
-2848
113
13814923
363
-1010
1014
-76
-3370
240
13815948
763
-1107
1363
648
-3934
436
13816973
1257
-1186
1604
1892
-4795
388
13817998
1849
-1294
1579
4459
-7282
995
13819023
1808
-1145
1460
7976
-9833
930
13820048
1445
-649
1296
9784
-9762
-370
13812865
656
1
1683
8240
-7076
-893
13813890
250
350
2572
6700
-5651
-845
13814915
389
466
2834
4869
-4062
-502
13815940
65
270
2715
3514
-2389
-403
13816965
-274
-30
2540
3036
-1479
-535
13817990
-232
-215
2407
2772
-942
-541
13819015
-103
-304
2238
2548
-221
-516
13820040
-79
-306
1923
2371
1059
-504
13821065
-227
-181
1486
2264
2310
-456
13822090
-572
75
941
2426
2783
-355
13823115
-946
348
338
2717
1833
-229
13824140
-1337
628
-497
3044
145
-470
13825165
-1399
950
-1763
3025
-447
-739
13826190
-778
1108
-2940
3032
-191
-577
13827215
17
1111
-3729
3149
-446
-238
13828240
633
926
-4374
3821
-1303
-433
13821056
1522
594
-4699
5587
-4716
-276
13822081
823
322
-4400
7645
-8099
1324
13823106
-1885
542
-3554
8111
-8260
1948
13824131
-3740
988
-2190
6473
-9281
1446
13825156
-2997
1096
-1065
4797
-8063
1265
13826181
-1591
935
-603
3329
-6331
791
13827206
-498
753
-428
2299
-5354
373
13828231
-42
624
-310
1686
-4335
460
13829256
-70
591
-107
875
-4050
697
13830281
64
501
132
160
-3723
828
13831306
260
443
332
-228
-3072
889
13832331
71
454
511
-361
-2613
689
13833356
-313
483
679
-467
-2282
334
13834381
-565
479
811
-588
-2249
1
13835406
-635
408
926
-689
-2061
-151
13836431
-666
258
1072
-660
-2003
-127
13829544
-628
17
1237
-511
-2212
-13
13830569
-427
-308
1410
-192
-2350
-46
13831594
-149
-698
1574
240
-2790
-232
13832619
328
-1144
1595
1290
-4383
-500
13833644
1159
-1709
1437
3659
-8095
-212
13834669
1896
-2224
944
6977
-9647
-341
13835694
2631
-2177
580
9046
-9061
-634
13836719
2395
-1568
1070
7788
-7489
-137
13837744
1810
-1090
1808
6467
-5124
86
13838769
622
-692
2110
4961
-2701
52
13839794
-668
-494
2104
3324
-1957
-203
13840819
-1096
-521
1868
2722
-1804
-234
13841844
-776
-500
1628
2449
-1182
105
13842869
-370
-416
1506
2321
-632
90
13843894
-145
-261
1349
2136
-232
-106
13844919
-10
-79
1066
1880
94
-54
13837440
105
79
702
1756
350
157
13838465
126
219
276
1832
246
410
13839490
157
367
-217
2088
-98
557
13840515
250
554
-788
2325
-301
496
13841540
414
731
-1466
2742
-325
238
13842565
528
845
-2263
3433
-708
-547
13843590
771
912
-2917
4351
-3083
-1266
13844615
973
862
-3215
5541
-7659
-1009
13845640
108
858
-3443
6291
-8121
1690
13846665
-1606
884
-2670
6061
-6860
2486
13847690
-1904
1026
-1194
4598
-8600
2074
13848715
-400
912
-561
2452
-6798
1661
13849740
718
646
-688
1250
-4503
874
13850765
945
397
-565
612
-3950
310
13851790
775
201
-400
-120
-3704
415
13852815
644
-18
-358
-376
-3392
854
13845632
564
-174
-324
-614
-2721
1133
13846657
418
-291
-205
-693
-2580
1193
13847682
402
-378
-115
-588
-2521
1117
13848707
347
-439
56
-587
-2417
932
13849732
339
-514
239
-523
-2356
738
13850757
354
-621
482
-414
-2259
665
13851782
334
-760
755
-138
-2642
748
13852807
478
-994
962
626
-3615
815
13853832
933
-1315
1044
1976
-5306
947
13854857
1660
-1618
1078
3840
-7386
955
13855882
2822
-1736
1142
5875
-8602
538
13856907
3847
-1502
1332
6857
-7899
562
13857932
3714
-1065
1547
6436
-6029
761
13858957
3039
-605
1747
5417
-4508
539
13859982
2232
-306
1839
4599
-3861
212
13861007
1373
-149
1738
3798
-2815
-84
13853824
626
-80
1555
3291
-1757
-203
13854849
-26
-24
1382
2856
-1236
-51
13855874
-399
46
1205
2419
-873
175
13856899
-547
168
927
2007
-585
243
13857924
-596
259
517
1714
-866
57
13858949
-476
285
-75
1600
-972
-87
13859974
-407
271
-723
1731
-384
168
13860999
-465
357
-1269
1853
52
530
13862024
-707
565
-1775
2226
-7
645
13863049
-918
741
-2180
2765
-398
406
13864074
-1005
882
-2560
3519
-948
-153
13865099
-1004
971
-2853
4390
-2298
-288
13866124
-1087
860
-3142
5234
-4072
137
13867149
-1464
758
-3037
5556
-5381
1215
13868174
-2273
845
-2536
5705
-6014
1962
13869199
-2868
1008
-1833
5181
-5673
1776
13862017
-2552
948
-1218
4071
-5390
1494
13863042
-1709
711
-934
3036
-5038
1384
13864067
-973
411
-843
2248
-4512
1218
13865092
-385
154
-732
1577
-4058
1087
13866117
188
33
-509
972
-3708
1242
13867142
546
-18
-210
570
-3223
1501
13868167
523
-10
90
258
-2807
1673
13869192
461
16
324
152
-2668
1766
13870217
486
71
501
300
-2756
1748
13871242
426
168
701
534
-2978
1649
13872267
327
276
971
755
-3195
1618
13873292
127
399
1296
848
-3095
1539
13874317
-131
523
1646
897
-2832
1513
13875342
-286
606
1992
1241
-3150
1680
13876367
-237
617
2254
2150
-3915
2009
13877392
78
559
2371
3739
-4967
2489
13870207
541
587
2292
5796
-5892
2748
13871232
1025
860
2086
7391
-6535
2520
13872257
1243
1297
1920
7902
-6412
1869
13873282
745
1804
1689
7641
-4786
1145
13874307
-378
2190
1465
6656
-3720
378
13875332
-1411
2219
1219
5226
-2735
-18
13876357
-2101
2015
878
3967
-1491
156
13877382
-2663
1841
395
3095
-817
340
13878407
-2714
1746
-102
2464
-677
155
13879432
-2080
1659
-561
1901
-580
-216
13880457
-1254
1592
-1120
1613
-257
-463
13881482
-775
1550
-1676
1707
89
-634
13882507
-675
1565
-2227
1884
97
-831
13883532
-926
1571
-2894
2361
-109
-1091
13884557
-1199
1534
-3421
3136
-218
-1268
13885582
-1207
1633
-3820
3603
-360
-1159
13878401
-1312
1681
-4528
4847
-772
-1377
13879426
-1516
1540
-4924
6606
-3337
-1461
13880451
-2589
1375
-4882
8237
-7022
-823
13881476
-4818
1573
-4438
8391
-7802
-236
13882501
-5716
1984
-3142
6600
-7982
63
13883526
-4557
2038
-1577
4106
-8370
-27
13884551
-2641
1742
-990
1735
-6760
-238
13885576
-1092
1298
-988
526
-4322
-292
13886601
-909
1020
-889
214
-3318
-162
13887626
-1521
953
-749
-112
-3310
102
13888651
-1967
950
-551
-279
-3293
316
13889676
-2036
967
-304
-271
-3119
467
13890701
-1873
992
-51
-60
-3332
560
13891726
-1739
1017
163
341
-3594
601
13892751
-1811
1045
373
723
-3606
708
13893776
-2187
1073
650
1012
-3532
802
13886592
-2552
1051
964
1185
-3578
979
13887617
-2585
938
1245
1215
-3940
1258
13888642
-2127
719
1404
1476
-4379
1487
13889667
-1351
450
1487
2190
-4886
1852
13890692
-390
224
1549
3060
-5114
2918
13891717
965
125
1510
5257
-5047
6334
13892742
3099
-32
2433
5222
-3796
3317
13893767
1903
1151
1866
2173
-3228
1131
13894792
-527
931
1141
5307
-4798
1505
13895817
-911
721
1972
5065
-4327
1634
13896842
-511
650
1777
4327
-3961
1786
13897867
22
574
1423
4954
-3568
1486
13898892
485
766
1286
4461
-2673
976
13899917
458
974
1060
3807
-2134
384
13900942
38
1169
800
3268
-1505
5
13901967
-582
1317
494
2599
-899
-231
13894784
-1256
1360
121
1957
-747
-414
13895809
-1796
1345
-346
1645
-835
-457
13896834
-2075
1353
-853
1610
-941
-451
13897859
-2161
1385
-1332
1660
-1074
-473
13898884
-2136
1416
-1785
1718
-1205
-510
13899909
-1931
1442
-2158
1761
-1279
-543
13900934
-1515
1440
-2385
1882
-1476
-526
13901959
-988
1378
-2470
2418
-1665
-408
13902984
-663
1357
-2378
3059
-1834
-149
13904009
-611
1404
-2105
3831
-2452
128
13905034
-852
1542
-1818
4747
-2925
280
13906059
-1378
1734
-1685
5552
-3635
332
13907084
-2105
1935
-1762
5909
-4868
214
13908109
-2771
2035
-1924
5857
-6015
116
13909134
-3363
2091
-1869
5266
-6119
292
13910159
-3763
2090
-1519
4440
-5903
558
13902976
-3763
1961
-1158
3585
-5656
735
13904001
-3304
1740
-946
2646
-4871
804
13905026
-2609
1473
-805
1930
-4270
723
13906051
-1831
1202
-635
1348
-4044
468
13907076
-1136
941
-423
780
-3761
329
13908101
-761
691
-225
475
-3420
424
13909126
-694
482
-44
319
-3237
582
13910151
-726
302
132
145
-3103
716
13911176
-676
125
344
60
-2984
792
13912201
-504
-51
591
77
-2874
843
13913226
-222
-225
847
181
-2800
924
13914251
159
-404
1076
562
-2850
1044
13915276
506
-552
1291
1039
-2990
1086
13916301
615
-666
1504
1436
-3231
885
13917326
568
-779
1681
2101
-3992
769
13918351
711
-882
1762
3361
-5441
1092
13911168
1172
-882
1761
5078
-6796
1371
13912193
1661
-676
1694
6298
-7153
1106
13913218
1794
-250
1691
6228
-6232
849
13914243
1480
247
1912
5695
-5416
963
13915268
973
661
2006
5123
-4511
872
13916293
510
933
1899
4183
-3123
591
13917318
-11
1042
1769
3259
-2052
341
13918343
-554
1006
1596
2589
-1514
199
13919368
-885
887
1352
2181
-1116
223
13920393
-984
763
1041
2085
-651
212
13921418
-1022
699
684
2092
-371
47
13922443
-1038
669
291
2007
-319
-134
13923468
-964
646
-143
1944
-351
-158
13924493
-783
635
-612
2057
-514
2
13925518
-561
671
-1113
2337
-722
167
13926543
-268
756
-1625
2658
-886
245
13919360
32
848
-2109
2967
-921
133
13920385
248
962
-2531
3267
-871
-275
13921410
521
1080
-2800
3998
-1622
-231
13922435
370
1171
-2873
5000
-3946
289
13923460
-696
1217
-2870
5815
-6441
1053
13924485
-2413
1381
-2803
5856
-6705
1477
13925510
-3636
1588
-2336
5241
-6822
1478
13926535
-3785
1686
-1673
4168
-7101
1421
13927560
-2883
1558
-1266
2902
-6561
1172
13928585
-1574
1291
-1126
1834
-5317
729
13929610
-611
1024
-885
902
-4371
490
13930635
-234
776
-655
281
-3836
511
13931660
-221
563
-536
13
-3480
545
13932685
-307
406
-428
-95
-3403
531
13933710
-369
283
-290
-171
-3464
458
13934735
-353
162
-102
-238
-3402
371
13927552
-307
15
167
-265
-3356
361
13928577
-257
-172
467
-250
-3257
366
13929602
-111
-402
747
-95
-3255
400
13930627
187
-654
980
315
-3548
444
13931652
565
-910
1183
923
-3930
387
13932677
919
-1137
1376
1638
-4278
302
13933702
1272
-1315
1532
2511
-4809
362
13934727
1658
-1456
1614
3509
-5418
533
13935752
2056
-1510
1594
4514
-5867
717
13936777
2265
-1433
1556
5454
-6263
757
13937802
2251
-1212
1552
6060
-6134
724
13938827
2055
-874
1570
6226
-5448
721
13939852
1696
-491
1595
5802
-4341
578
13940877
1152
-163
1540
4860
-3100
228
13941902
486
13
1445
3777
-2221
-65
13942927
-185
38
1261
2910
-1514
-124
13935745
-639
-26
1029
2378
-1024
-19
13936770
-876
-74
776
2114
-788
-13
13937795
-968
-81
496
1962
-630
-182
13938820
-960
-81
171
1876
-489
-350
13939845
-888
-68
-191
1871
-492
-355
13940870
-724
-45
-550
2030
-572
-244
13941895
-469
-4
-881
2251
-624
-118
13942920
-123
25
-1193
2602
-730
94
13943945
311
43
-1567
3074
-525
385
13944970
753
101
-2024
3503
-198
446
13945995
1169
86
-2475
4015
-751
351
13947020
1329
-97
-3058
4811
-1942
397
13948045
552
-263
-3530
6266
-4026
680
13949070
-1631
-140
-3450
7499
-6798
594
13950095
-3447
276
-2940
7349
-7754
636
13951120
-3611
793
-1753
5634
-8065
1550
13943936
-2470
882
-997
3747
-6969
2070
13944961
-1462
822
-774
2337
-4602
1189
13945986
-884
818
-320
1170
-3836
448
13947011
-346
724
0
280
-3684
363
13948036
-86
566
81
-154
-3069
438
13949061
-234
447
170
-299
-2716
513
13950086
-407
359
318
-477
-2744
569
13951111
-392
241
490
-707
-2763
507
13952136
-260
65
657
-773
-2615
378
13953161
-89
-148
836
-671
-2467
228
13954186
117
-394
993
-425
-2367
160
13955211
288
-671
1072
47
-2548
51
13956236
402
-974
1074
776
-3375
-182
13957261
771
-1344
1024
2389
-5579
-84
13958286
1237
-1694
1024
4954
-8006
417
13959311
1697
-1807
1116
7655
-9171
303
13952128
1903
-1448
1384
8693
-8458
149
13953153
1759
-867
2025
7775
-6668
175
13954178
1653
-372
2510
7088
-5064
7
13955203
1185
5
2598
5975
-3410
-465
13956228
-40
158
2560
4866
-2016
-878
13957253
-1248
148
2427
4046
-1072
-989
13958278
-1525
97
2343
3268
-960
-619
13959303
-1022
10
2243
2598
-870
-308
13960328
-349
-43
1970
2174
-125
-245
13961353
148
-4
1609
1919
458
-296
13962378
467
100
1167
1771
741
-256
13963403
594
184
653
1889
861
-258
13964428
578
191
64
2303
649
-204
13965453
544
179
-612
2767
256
-11
13966478
671
205
-1349
3064
49
165
13967503
1003
327
-2021
3137
-7
285
13960320
1419
427
-2729
3294
-377
-89
13961345
1855
275
-3551
3947
-1588
-665
13962370
1709
-18
-4008
5600
-4821
-215
13963395
-397
-15
-4156
7205
-7159
1751
13964420
-4025
357
-3615
7519
-8039
2209
13965445
-6031
980
-2450
5943
-9433
1717
13966470
-4400
1164
-1503
3795
-8372
1442
13967495
-1572
1027
-1090
2074
-6084
955
13968520
171
815
-758
674
-4763
328
13969545
757
544
-423
-616
-4022
304
13970570
690
220
-361
-1158
-3303
534
13971595
238
-47
-353
-1105
-3099
655
13972620
-181
-232
-221
-1052
-3231
665
13973645
-153
-403
24
-974
-3459
560
13974670
302
-581
375
-727
-3520
419
13975695
794
-751
788
-202
-3470
279
13968513
1076
-887
1182
466
-3494
189
13969538
1153
-1006
1497
1257
-3961
81
13970563
1173
-1112
1632
2608
-5059
118
13971588
1363
-1124
1688
4589
-6813
347
13972613
1488
-966
1675
6414
-7326
-182
13973638
1462
-636
1751
6731
-6357
-662
13974663
1034
-326
2127
6092
-5380
-473
13975688
695
-194
2344
5878
-4749
-329
13976713
654
-182
2194
5268
-3788
-531
13977738
617
-271
1934
4583
-2704
-597
13978763
574
-399
1707
4072
-2172
-398
13979788
719
-496
1466
3440
-1675
-246
13980813
890
-572
1202
2927
-978
-243
13981838
877
-601
949
2495
-547
-252
13982863
714
-593
666
2166
-300
-240
13983888
470
-539
324
1967
-50
-277
13976704
214
-460
-47
1803
35
-270
13977729
-27
-384
-456
1721
-160
-133
13978754
-187
-314
-918
1793
-536
13
13979779
-169
-231
-1426
1963
-797
73
13980804
130
-128
-1912
2190
-1060
116
13981829
706
-36
-2303
2639
-1989
32
13982854
1440
-18
-2447
3705
-4654
44
13983879
1476
-4
-2223
4846
-7074
507
13984904
607
249
-1975
4930
-5587
1306
13985929
-877
644
-1248
4398
-4862
2343
13986954
-2340
924
-400
3533
-5963
2478
13987979
-2397
875
-120
2803
-6039
1948
13989004
-1757
637
-218
2333
-5168
1153
13990029
-1099
396
-190
1788
-4859
797
13991054
-380
144
-72
1252
-4457
1050
13992079
