Device = VHR-0009
time_stamp = 1779774482593
sample_rate = 50
Data format = INT16
TYPE = 6-AXIS IMU RAW DATA
-10
-3
4
-652
-3757
2157
66690
-11
-1
4
-644
-3761
2160
67715
-2
0
4
-651
-3745
2141
68740
-3
2
1
-654
-3751
2156
69765
-8
0
1
-648
-3750
2166
70790
-7
-1
3
-650
-3754
2156
71815
-8
-1
5
-655
-3749
2157
72840
-12
-2
4
-656
-3756
2149
73865
-11
-3
4
-647
-3751
2152
74890
-5
-3
5
-647
-3752
2154
75915
-6
-2
6
-648
-3758
2155
76940
-8
-1
8
-656
-3745
2149
77965
-9
-1
6
-657
-3755
2147
78990
-6
-4
5
-649
-3746
2147
80015
-6
-4
6
-650
-3761
2151
81040
-2
-3
6
-653
-3746
2159
82065
-6
-3
6
-657
-3750
2161
74881
-7
-4
7
-657
-3764
2160
75906
-5
-3
7
-653
-3757
2147
76931
-6
1
5
-649
-3765
2144
77956
-1
3
4
-649
-3758
2150
78981
1
2
4
-649
-3751
2151
80006
-1
1
6
-655
-3753
2163
81031
-10
2
6
-662
-3741
2150
82056
-15
3
6
-661
-3762
2153
83081
-16
3
7
-645
-3752
2143
84106
-21
7
6
-657
-3755
2126
85131
-18
6
2
-660
-3758
2139
86156
-11
0
5
-662
-3753
2156
87181
-14
-4
8
-666
-3754
2152
88206
-20
-4
7
-665
-3754
2140
89231
-20
-1
4
-657
-3763
2126
90256
-3
-1
0
-658
-3770
2111
83074
12
-2
-2
-655
-3770
2121
84099
17
2
-4
-657
-3757
2128
85124
18
7
-8
-650
-3753
2139
86149
21
11
-8
-655
-3761
2132
87174
25
11
-9
-666
-3758
2114
88199
26
10
-11
-660
-3774
2142
89224
32
3
-9
-654
-3756
2172
90249
29
-1
-4
-648
-3745
2172
91274
19
-3
0
-651
-3741
2160
92299
10
-1
2
-646
-3734
2147
93324
11
-2
3
-653
-3765
2154
94349
19
-6
6
-647
-3746
2168
95374
16
-6
9
-656
-3732
2169
96399
1
-5
9
-650
-3732
2176
97424
-14
-5
10
-662
-3746
2161
98449
-13
-6
11
-655
-3754
2145
91264
-4
-9
8
-651
-3756
2136
92289
8
-8
7
-651
-3742
2140
93314
8
-8
6
-653
-3746
2161
94339
10
-6
6
-656
-3743
2166
95364
8
-4
5
-660
-3737
2163
96389
5
-5
6
-653
-3756
2160
97414
6
-6
5
-647
-3738
2155
98439
5
-4
3
-661
-3744
2163
99464
5
-5
4
-658
-3752
2176
100489
3
-6
6
-650
-3737
2164
101514
-1
-6
5
-650
-3750
2168
102539
2
-7
7
-652
-3744
2156
103564
0
-7
7
-656
-3756
2160
104589
4
-8
7
-657
-3742
2159
105614
2
-9
8
-657
-3749
2162
106639
6
-10
9
-656
-3748
2163
99457
4
-9
9
-651
-3738
2163
100482
3
-7
9
-651
-3742
2164
101507
1
-7
8
-655
-3743
2170
102532
-3
-7
7
-659
-3739
2172
103557
0
-7
5
-658
-3744
2157
104582
3
-8
6
-657
-3744
2167
105607
6
-8
6
-655
-3739
2161
106632
4
-4
4
-660
-3745
2162
107657
4
-1
1
-655
-3743
2166
108682
5
-1
1
-647
-3743
2171
109707
5
-3
3
-653
-3732
2181
110732
3
-4
6
-650
-3743
2175
111757
0
-3
5
-650
-3736
2159
112782
-2
-2
6
-657
-3730
2168
113807
-1
-3
7
-653
-3744
2170
114832
5
-7
7
-653
-3733
2174
107647
-1
-6
8
-650
-3752
2169
108672
-2
-4
7
-650
-3736
2180
109697
-7
0
4
-652
-3730
2179
110722
-14
1
4
-656
-3754
2136
111747
-6
-2
5
-661
-3764
2142
112772
17
-9
5
-653
-3740
2176
113797
16
-12
7
-650
-3722
2188
114822
-1
-8
6
-653
-3729
2198
115847
-8
-5
5
-660
-3746
2156
116872
-3
-2
5
-658
-3749
2148
117897
6
-6
3
-650
-3742
2165
118922
11
-7
3
-646
-3744
2177
119947
6
-4
3
-652
-3734
2182
120972
0
-1
4
-655
-3727
2176
121997
-1
-3
4
-653
-3746
2170
123022
3
-5
4
-655
-3753
2174
115840
6
-6
4
-653
-3727
2171
116865
4
-6
4
-652
-3736
2176
117890
2
-6
4
-650
-3745
2180
118915
1
-5
5
-652
-3737
2168
119940
2
-5
5
-653
-3731
2173
120965
1
-7
7
-654
-3738
2171
121990
3
-8
6
-651
-3736
2182
123015
5
-8
7
-656
-3736
2186
124040
0
-8
8
-652
-3733
2178
125065
-2
-9
8
-645
-3736
2178
126090
2
-9
8
-649
-3739
2169
127115
3
-6
6
-655
-3745
2167
128140
2
-3
3
-655
-3747
2171
129165
4
-3
2
-651
-3727
2178
130190
5
-4
3
-647
-3735
2176
131215
1
-3
4
-656
-3736
2168
124032
-1
-3
3
-654
-3736
2182
125057
-1
-4
4
-653
-3738
2170
126082
3
-4
5
-654
-3733
2171
127107
4
-5
5
-650
-3738
2188
128132
5
-4
6
-653
-3738
2177
129157
1
-2
5
-649
-3725
2172
130182
-1
-3
4
-654
-3732
2195
131207
0
-5
6
-653
-3721
2194
132232
-3
-4
5
-655
-3740
2176
133257
-1
-5
5
-648
-3742
2193
134282
0
-6
6
-651
-3732
2187
135307
-3
-5
6
-643
-3724
2180
136332
-9
-1
4
-652
-3740
2170
137357
-5
-1
3
-658
-3747
2169
138382
5
-4
3
-661
-3747
2167
139407
10
-6
3
-650
-3735
2179
132224
6
-5
3
-648
-3729
2184
133249
2
-5
4
-652
-3745
2179
134274
6
-5
4
-656
-3726
2191
135299
7
-2
5
-661
-3729
2189
136324
-4
-1
3
-654
-3741
2178
137349
-7
-1
3
-652
-3735
2172
138374
1
-4
6
-653
-3743
2170
139399
4
-5
4
-653
-3733
2185
140424
4
-6
5
-653
-3725
2193
141449
1
-7
5
-656
-3735
2184
142474
-2
-6
6
-650
-3741
2193
143499
0
-6
5
-650
-3735
2186
144524
1
-6
5
-656
-3735
2194
145549
1
-5
5
-649
-3726
2182
146574
0
-3
3
-659
-3745
2179
147599
-1
-3
2
-653
-3735
2178
140654
0
-2
2
-653
-3740
2189
141679
1
-4
3
-649
-3735
2192
142704
-4
-5
5
-653
-3728
2182
143729
-8
-3
4
-656
-3736
2184
144754
-9
-2
4
-656
-3746
2179
145779
-6
-4
6
-653
-3738
2184
146804
-2
-5
7
-648
-3729
2186
147829
-6
-5
9
-650
-3731
2179
148854
-8
-4
8
-652
-3743
2170
149879
-4
-5
9
-653
-3750
2178
150904
0
-6
8
-652
-3722
2177
151929
-7
-6
7
-653
-3740
2193
152954
-7
-5
7
-659
-3736
2192
153979
-6
-6
7
-656
-3731
2181
155004
-3
-5
5
-654
-3744
2178
156029
1
-4
3
-653
-3738
2174
148608
-1
-2
3
-654
-3737
2180
149633
-1
-1
4
-654
-3738
2180
150658
0
-2
2
-650
-3739
2178
151683
-2
-2
2
-652
-3739
2189
152708
-1
-3
3
-650
-3725
2184
153733
-5
-2
4
-651
-3735
2181
154758
-8
-2
5
-647
-3734
2181
155783
-8
-2
5
-650
-3737
2178
156808
-4
-3
5
-653
-3744
2172
157833
-1
-5
5
-657
-3736
2173
158858
-7
-5
6
-655
-3732
2184
159883
-8
-4
6
-654
-3735
2177
160908
-6
-5
8
-658
-3744
2164
161933
-3
-7
8
-656
-3737
2171
162958
-7
-6
6
-656
-3732
2179
163983
-7
-4
6
-651
-3736
2175
156800
-5
-4
6
-648
-3735
2172
157825
-6
-4
6
-654
-3742
2169
158850
-6
-2
5
-652
-3742
2179
159875
-9
1
3
-658
-3728
2173
160900
-11
0
3
-660
-3751
2178
161925
-7
-2
5
-648
-3737
2172
162950
-8
-3
6
-660
-3739
2162
163975
-9
-1
5
-658
-3739
2168
165000
-10
-2
5
-655
-3746
2168
166025
-8
-2
6
-650
-3742
2162
167050
-3
-3
7
-649
-3737
2166
168075
-6
-3
8
-655
-3748
2174
169100
-10
-1
6
-656
-3738
2174
170125
-10
-3
6
-651
-3739
2170
171150
-6
-4
6
-658
-3749
2155
172175
1
-5
4
-659
-3741
2169
164992
1
-6
5
-651
-3735
2182
166017
-1
-5
7
-652
-3743
2175
167042
-1
-3
5
-657
-3743
2164
168067
3
-4
4
-661
-3743
2152
169092
4
-4
3
-659
-3747
2163
170117
4
-3
2
-652
-3749
2165
171142
5
-2
3
-659
-3738
2163
172167
0
-3
4
-654
-3738
2179
173192
-3
-3
4
-647
-3745
2175
174217
-2
-4
4
-659
-3743
2168
175242
-1
-3
4
-662
-3741
2172
176267
0
-5
5
-654
-3745
2175
177292
-3
-6
6
-652
-3744
2175
178317
-5
-6
6
-654
-3735
2175
179342
-4
-5
7
-653
-3743
2162
180367
2
-7
5
-658
-3752
2169
173183
9
-7
5
-660
-3741
2168
174208
6
-7
4
-657
-3735
2175
175233
3
-7
4
-650
-3732
2175
176258
1
-4
5
-654
-3753
2176
177283
7
-3
2
-651
-3749
2157
178308
8
-3
2
-660
-3736
2170
179333
4
-2
2
-648
-3731
2188
180358
-1
-2
4
-649
-3737
2181
181383
-8
-1
5
-661
-3746
2175
182408
-8
-1
4
-663
-3744
2165
183433
2
-4
4
-663
-3745
2172
184458
5
-6
5
-648
-3732
2176
185483
-1
-5
6
-656
-3738
2182
186508
-5
-2
6
-656
-3737
2164
187533
-4
-1
5
-662
-3750
2168
188558
1
-4
6
-660
-3744
2177
181376
3
-4
5
-656
-3738
2167
182401
3
-4
2
-659
-3741
2182
183426
0
-4
3
-659
-3737
2178
184451
-5
-4
4
-658
-3738
2173
185476
-3
-2
4
-648
-3742
2164
186501
3
-4
3
-655
-3753
2161
187526
6
-5
2
-654
-3738
2162
188551
3
-3
2
-648
-3733
2185
189576
-2
-1
2
-653
-3738
2177
190601
-2
-2
4
-661
-3741
2170
191626
1
-5
5
-665
-3744
2174
192651
4
-6
3
-658
-3739
2176
193676
4
-5
3
-657
-3740
2179
194701
2
-4
5
-654
-3733
2174
195726
-1
-4
5
-647
-3735
2168
196751
-1
-4
5
-653
-3749
2171
189568
2
-6
5
-654
-3748
2174
190593
2
-6
4
-657
-3732
2177
191618
2
-6
3
-654
-3734
2172
192643
2
-7
5
-650
-3739
2182
193668
4
-7
6
-653
-3729
2177
194693
4
-4
5
-658
-3742
2172
195718
3
-3
3
-655
-3734
2166
196743
1
-1
2
-659
-3748
2179
197768
5
-2
2
-650
-3731
2185
198793
5
-5
4
-654
-3732
2184
199818
-3
-4
4
-662
-3742
2178
200843
-7
-2
3
-658
-3741
2175
201868
-3
-4
4
-655
-3736
2176
202893
2
-6
6
-657
-3732
2172
203918
1
-5
6
-654
-3740
2179
204943
-2
-3
7
-652
-3739
2180
197759
-6
-3
6
-651
-3744
2171
198784
0
-3
4
-656
-3732
2180
199809
4
-4
4
-654
-3744
2174
200834
7
-5
4
-653
-3733
2185
201859
4
-7
5
-654
-3728
2188
202884
-2
-6
6
-657
-3730
2183
203909
-7
-4
5
-658
-3742
2173
204934
-5
-2
2
-654
-3740
2168
205959
-1
-3
1
-658
-3741
2173
206984
3
-3
2
-649
-3736
2176
208009
1
-3
3
-652
-3734
2181
209034
-1
-3
4
-656
-3736
2182
210059
-2
-4
4
-654
-3728
2177
211084
-2
-3
3
-659
-3748
2179
212109
1
-4
4
-654
-3730
2182
213134
2
-5
5
-654
-3722
2175
205952
-4
-4
5
-658
-3747
2183
206977
-2
-5
5
-654
-3740
2180
208002
-2
-5
6
-657
-3735
2173
209027
-1
-6
5
-659
-3739
2183
210052
-1
-7
4
-649
-3746
2183
211077
1
-7
5
-653
-3735
2177
212102
1
-7
5
-652
-3737
2157
213127
8
-5
2
-653
-3753
2188
214152
11
-5
3
-654
-3724
2187
215177
0
-1
1
-657
-3727
2198
216202
-1
-2
3
-648
-3722
2181
217227
-1
-4
4
-653
-3749
2174
218252
4
-5
4
-660
-3738
2178
219277
5
-6
4
-659
-3730
2193
220302
1
-6
6
-648
-3732
2195
221327
-2
-5
6
-648
-3730
2193
214145
-6
-7
6
-655
-3735
2181
215170
-6
-10
5
-658
-3749
2166
216195
1
-8
5
-654
-3740
2170
217220
4
-7
5
-647
-3725
2184
218245
4
-5
6
-652
-3729
2178
219270
1
-4
5
-650
-3730
2199
220295
1
-4
7
-655
-3736
2190
221320
0
-4
6
-654
-3738
2190
222345
-1
-3
4
-655
-3738
2176
223370
3
-2
3
-657
-3744
2173
224395
6
-3
2
-656
-3741
2187
225420
6
-4
3
-652
-3732
2190
226445
5
-4
4
-649
-3734
2187
227470
4
-5
4
-653
-3732
2191
228495
0
-4
5
-656
-3725
2185
229520
0
-5
4
-657
-3738
2191
222335
0
-6
4
-648
-3734
2186
223360
-2
-6
4
-647
-3724
2183
224385
-5
-6
5
-651
-3737
2188
225410
-5
-7
6
-648
-3737
2182
226435
-2
-7
6
-651
-3730
2191
227460
-4
-7
6
-655
-3723
2190
228485
-4
-7
6
-650
-3732
2188
229510
-4
-7
6
-653
-3741
2185
230535
-5
-8
6
-649
-3732
2188
231560
-7
-5
5
-650
-3739
2179
232585
-5
-2
4
-654
-3736
2175
233610
-3
-1
2
-648
-3743
2179
234635
0
-2
2
-647
-3730
2199
235660
-2
-4
4
-647
-3729
2201
236685
-6
-2
6
-653
-3739
2186
237710
-8
-2
6
-660
-3728
2177
230529
-5
-4
5
-655
-3728
2176
231554
0
-6
6
-650
-3727
2187
232579
-4
-6
9
-647
-3731
2194
233604
-12
-3
9
-653
-3736
2178
234629
-11
-2
7
-652
-3746
2170
235654
-4
-4
6
-650
-3736
2178
236679
1
-7
7
-654
-3729
2176
237704
-3
-4
5
-651
-3730
2188
238729
-4
-4
5
-650
-3725
2191
239754
-5
-6
6
-659
-3740
2177
240779
-1
-6
6
-659
-3738
2172
241804
-2
-5
5
-656
-3731
2186
242829
-5
-4
3
-657
-3736
2176
243854
-1
-3
3
-653
-3737
2174
244879
6
-4
3
-651
-3736
2173
245904
7
-6
3
-652
-3727
2185
238720
-7
-3
4
-654
-3727
2203
239745
-14
0
4
-653
-3730
2186
240770
-11
-2
5
-654
-3740
2173
241795
-4
-4
5
-654
-3739
2175
242820
-4
-5
5
-655
-3731
2186
243845
-7
-4
6
-650
-3725
2192
244870
-12
-3
6
-657
-3733
2181
245895
-9
-4
6
-651
-3737
2172
246920
-4
-6
6
-651
-3740
2172
247945
-2
-6
6
-654
-3740
2184
248970
-7
-5
4
-654
-3750
2179
249995
-7
-4
4
-644
-3737
2174
251020
-5
-2
5
-655
-3745
2162
252045
-4
-2
3
-657
-3743
2174
253070
-2
-1
1
-656
-3742
2178
254095
0
-3
2
-640
-3731
2179
246912
-5
-3
4
-649
-3740
2184
247937
-7
-2
4
-664
-3732
2173
248962
-5
-2
3
-657
-3734
2167
249987
-3
-5
4
-651
-3742
2173
251012
-1
-6
5
-640
-3741
2183
252037
0
-4
6
-644
-3736
2178
253062
-2
-3
7
-656
-3746
2166
254087
-1
-3
5
-658
-3739
2175
255112
0
-4
4
-652
-3731
2168
256137
1
-4
5
-654
-3744
2159
257162
7
-4
4
-662
-3739
2186
258187
9
-7
4
-660
-3731
2182
259212
6
-8
4
-648
-3736
2174
260237
4
-6
4
-652
-3742
2173
261262
-2
-4
4
-658
-3739
2190
262287
-5
-3
3
-654
-3728
2174
255105
-3
-2
3
-653
-3743
2168
256130
0
-3
4
-657
-3742
2165
257155
4
-5
5
-650
-3732
2176
258180
0
-4
5
-653
-3729
2185
259205
-2
-4
4
-658
-3743
2176
260230
0
-4
5
-660
-3737
2172
261255
2
-6
5
-656
-3730
2170
262280
3
-5
5
-648
-3734
2174
263305
4
-6
5
-657
-3741
2185
264330
6
-7
6
-653
-3735
2171
265355
7
-7
5
-658
-3736
2178
266380
6
-7
4
-650
-3739
2184
267405
2
-6
4
-654
-3740
2185
268430
1
-6
5
-652
-3732
2176
269455
1
-4
5
-649
-3740
2171
270480
8
-3
2
-655
-3746
2169
263295
11
-3
1
-657
-3747
2169
264320
15
-6
1
-651
-3731
2185
265345
17
-8
3
-649
-3730
2186
266370
5
-4
5
-656
-3722
2194
267395
-6
0
2
-656
-3723
2190
268420
-8
-1
2
-652
-3740
2178
269445
0
-5
6
-656
-3745
2185
270470
4
-9
7
-646
-3722
2191
271495
-2
-6
6
-644
-3734
2185
272520
-3
-3
5
-652
-3742
2182
273545
2
-4
6
-657
-3730
2184
274570
3
-5
6
-650
-3729
2182
275595
1
-4
4
-657
-3738
2188
276620
4
-7
5
-656
-3730
2195
277645
1
-7
6
-654
-3724
2183
278670
-6
-4
5
-650
-3729
2193
271488
-6
-1
4
-654
-3738
2183
272513
1
-1
2
-661
-3742
2171
273538
10
-6
2
-659
-3724
2177
274563
11
-6
1
-650
-3722
2200
275588
2
-3
3
-644
-3720
2198
276613
-5
-2
4
-651
-3725
2187
277638
-2
-3
5
-662
-3750
2180
278663
8
-8
4
-663
-3731
2188
279688
5
-7
5
-650
-3722
2197
280713
-3
-4
5
-644
-3725
2204
281738
-9
-2
6
-649
-3733
2187
282763
-3
-3
5
-661
-3745
2179
283788
6
-6
4
-658
-3731
2187
284813
6
-6
4
-652
-3726
2205
285838
-1
-5
4
-646
-3722
2205
286863
-6
-4
5
-650
-3729
2183
279807
-4
-3
5
-651
-3733
2182
280832
0
-2
3
-655
-3738
2183
281857
1
-2
1
-645
-3733
2182
282882
2
0
1
-645
-3732
2186
283907
4
-2
2
-648
-3729
2203
284932
3
-4
5
-658
-3734
2198
285957
-1
-3
4
-657
-3733
2190
286982
-4
-3
3
-655
-3729
2186
288007
-1
-4
5
-651
-3733
2189
289032
4
-8
6
-648
-3734
2194
290057
3
-7
7
-651
-3725
2194
291082
-3
-4
7
-652
-3735
2196
292107
-4
-3
5
-650
-3743
2184
293132
-1
-3
4
-654
-3733
2189
294157
2
-6
4
-651
-3731
2189
295182
3
-5
3
-651
-3733
2192
287873
0
-5
4
-648
-3714
2199
288898
-6
-5
7
-654
-3736
2192
289923
-2
-4
4
-652
-3742
2183
290948
0
-3
3
-658
-3740
2181
291973
5
-4
2
-654
-3726
2191
292998
4
-4
2
-651
-3731
2187
294023
3
-4
3
-651
-3725
2193
295048
-1
-3
4
-653
-3726
2188
296073
1
-4
4
-650
-3735
2189
297098
2
-5
4
-647
-3737
2189
298123
3
-5
5
-649
-3734
2191
299148
4
-6
6
-650
-3732
2191
300173
4
-7
6
-649
-3729
2195
301198
2
-6
5
-648
-3732
2194
302223
-3
-5
6
-656
-3722
2198
303248
0
-6
5
-653
-3726
2187
296065
3
-7
6
-648
-3740
2193
297090
1
-8
5
-652
-3720
2203
298115
-7
-5
4
-652
-3727
2196
299140
-7
-4
4
-653
-3732
2189
300165
-7
-3
4
-654
-3733
2186
301190
0
-3
2
-657
-3738
2182
302215
6
-3
1
-652
-3732
2188
303240
8
-3
0
-649
-3734
2200
304265
5
-5
2
-640
-3720
2203
305290
-3
-4
5
-658
-3733
2196
306315
-8
-2
4
-656
-3737
2191
307340
-4
-4
4
-650
-3728
2194
308365
-1
-6
5
-648
-3723
2196
309390
-5
-7
7
-635
-3729
2202
310415
-12
-6
9
-642
-3735
2200
311440
-11
-4
7
-655
-3736
2187
304256
-7
-4
6
-649
-3741
2179
305281
-1
-6
6
-649
-3729
2186
306306
-1
-5
6
-656
-3732
2194
307331
-5
-3
5
-651
-3725
2197
308356
-5
-4
6
-652
-3729
2182
309381
-5
-4
5
-655
-3742
2193
310406
-4
-3
4
-655
-3738
2190
311431
-3
-2
3
-649
-3738
2185
312456
-1
-1
3
-653
-3738
2190
313481
-4
-2
3
-648
-3732
2192
314506
-4
-1
3
-654
-3734
2192
315531
-2
-2
4
-649
-3736
2203
316556
-2
-4
5
-654
-3730
2196
317581
-4
-4
5
-650
-3732
2197
318606
-7
-4
6
-650
-3737
2197
319631
-10
-4
6
-657
-3740
2188
312450
-11
-3
6
-649
-3735
2179
313475
-6
-3
6
-652
-3735
2190
314500
-5
-4
6
-654
-3739
2191
315525
-6
-5
6
-651
-3737
2188
316550
-6
-3
5
-651
-3729
2181
317575
-6
-3
4
-650
-3736
2187
318600
-7
-3
4
-656
-3742
2190
319625
-6
-3
3
-647
-3731
2188
320650
-6
-2
4
-659
-3738
2183
321675
-4
-1
3
-654
-3737
2179
322700
-4
0
2
-644
-3741
2173
323725
-2
0
1
-646
-3741
2188
324750
2
-3
3
-644
-3727
2190
325775
-4
-2
6
-658
-3732
2185
326800
-7
-2
4
-658
-3728
2183
327825
-10
-3
5
-660
-3742
2176
320641
-7
-5
5
-646
-3744
2181
321666
-8
-5
6
-648
-3729
2187
322691
-6
-5
8
-654
-3734
2179
323716
-7
-4
8
-658
-3735
2173
324741
-6
-4
7
-655
-3738
2178
325766
-4
-3
7
-651
-3735
2166
326791
-3
-3
5
-660
-3750
2171
327816
0
-5
3
-654
-3739
2184
328841
0
-4
5
-653
-3732
2188
329866
-2
-4
4
-660
-3738
2180
330891
-3
-2
3
-654
-3744
2179
331916
1
-2
3
-654
-3737
2172
332941
3
-3
2
-655
-3745
2175
333966
5
-3
1
-650
-3733
2185
334991
2
-3
3
-653
-3734
2189
336016
1
-2
5
-654
-3736
2184
328832
-5
-2
4
-659
-3733
2185
329857
-4
-4
4
-653
-3729
2172
330882
2
-5
5
-657
-3750
2175
331907
5
-7
5
-657
-3738
2185
332932
-4
-4
4
-651
-3726
2184
333957
-6
-4
5
-654
-3739
2179
334982
3
-5
5
-662
-3753
2167
336007
9
-7
4
-654
-3732
2175
337032
2
-6
4
-648
-3722
2187
338057
-5
-3
3
-656
-3735
2181
339082
0
-3
4
-659
-3747
2181
340107
6
-5
5
-655
-3739
2170
341132
6
-4
2
-650
-3738
2179
342157
3
-1
1
-652
-3747
2185
343182
4
-2
1
-646
-3724
2192
344207
1
-3
4
-650
-3731
2184
337024
-4
-2
4
-651
-3736
2176
338049
-3
-2
3
-656
-3743
2184
339074
3
-5
4
-659
-3740
2185
340099
2
-6
4
-643
-3719
2183
341124
-5
-4
7
-637
-3728
2187
342149
-6
-4
7
-664
-3746
2185
343174
-2
-3
6
-660
-3735
2178
344199
0
-3
5
-650
-3727
2185
345224
-1
-3
6
-653
-3735
2180
346249
1
-2
4
-659
-3736
2187
347274
3
-5
4
-657
-3725
2186
348299
3
-6
5
-656
-3730
2188
349324
-4
-3
2
-644
-3741
2191
350349
-4
-1
3
-651
-3718
2174
351374
3
-2
6
-675
-3783
2191
352399
5
-6
-2
-636
-3709
2176
345216
-2
-2
1
-637
-3726
2172
346241
4
-3
6
-659
-3769
2198
347266
5
-4
5
-652
-3718
2183
348291
-2
-5
2
-638
-3720
2174
349316
-2
-4
6
-651
-3761
2188
350341
1
-5
4
-658
-3731
2184
351366
-2
-5
5
-652
-3716
2179
352391
-7
-3
6
-650
-3747
2176
353416
0
-4
4
-658
-3741
2190
354441
0
-5
5
-655
-3734
2186
355466
-4
-5
4
-650
-3726
2188
356491
-4
-5
4
-655
-3730
2172
357516
1
-5
6
-669
-3759
2190
358541
4
-8
5
-655
-3724
2182
359566
-3
-4
3
-640
-3720
2171
360591
1
-1
2
-647
-3751
2174
353409
9
-1
2
-659
-3754
2177
354434
12
-4
1
-648
-3709
2196
355459
0
-4
3
-647
-3729
2192
356484
-4
-1
4
-655
-3732
2186
357509
-3
-2
3
-658
-3748
2181
358534
4
-6
4
-661
-3740
2185
359559
6
-8
4
-647
-3722
2189
360584
3
-6
7
-653
-3732
2200
361609
-2
-5
8
-659
-3734
2189
362634
-3
-4
5
-653
-3730
2179
363659
1
-5
5
-645
-3740
2191
364684
3
-6
5
-648
-3738
2190
365709
3
-4
5
-653
-3719
2195
366734
-3
-5
6
-657
-3723
2198
367759
-5
-5
4
-651
-3737
2183
368784
-5
-4
4
-650
-3740
2182
361600
-3
-3
3
-660
-3734
2151
362625
10
-8
1
-647
-3761
2190
363650
25
-11
3
-639
-3709
2208
364675
13
-6
5
-656
-3721
2212
365700
-5
0
1
-649
-3712
2198
366725
-8
-2
4
-655
-3742
2170
367750
5
-6
5
-657
-3747
2187
368775
9
-9
5
-657
-3714
2206
369800
0
-6
6
-647
-3724
2197
370825
-5
-4
6
-647
-3729
2195
371850
-1
-4
6
-654
-3739
2185
372875
5
-7
7
-651
-3727
2185
373900
5
-9
5
-654
-3733
2195
374925
5
-7
4
-649
-3730
2197
375950
3
-5
4
-655
-3724
2206
376975
-3
-5
4
-654
-3723
2199
369792
-7
-3
3
-647
-3735
2186
370817
0
-1
2
-661
-3734
2188
371842
6
-1
0
-655
-3727
2189
372867
4
0
-1
-650
-3731
2198
373892
5
-1
1
-644
-3718
2203
374917
4
-3
2
-651
-3723
2196
375942
-1
-2
2
-653
-3724
2206
376967
-6
-3
2
-651
-3728
2197
377992
-1
-8
3
-663
-3726
2191
379017
6
-20
5
-640
-3722
2193
380042
-11
-9
7
-628
-3715
2214
381067
-20
-3
9
-649
-3739
2189
382092
-7
-3
9
-666
-3747
2169
383117
7
-9
7
-654
-3724
2196
384142
-1
-8
5
-643
-3718
2199
385167
-12
-2
5
-653
-3720
2201
377983
-13
7
3
-649
-3733
2215
379008
3
41
-27
-664
-3716
2256
380033
-8
24
-1
-625
-3762
2096
381058
-20
20
-3
-703
-3727
2151
382083
-30
-3
-22
-655
-3730
2204
383108
-21
-33
-9
-654
-3735
2183
384133
-42
-29
-17
-606
-3709
2206
385158
-39
-7
-8
-625
-3750
2181
386183
-22
-5
4
-650
-3750
2175
387208
-17
-8
9
-658
-3750
2173
388233
9
-15
9
-654
-3743
2165
389258
24
-18
13
-635
-3726
2190
390283
17
-14
22
-641
-3725
2200
391308
14
-11
21
-638
-3727
2179
392333
15
-11
21
-651
-3747
2167
393358
17
-11
17
-653
-3734
2183
386176
17
-8
13
-654
-3727
2197
387201
8
-5
10
-647
-3720
2193
388226
-2
-1
10
-649
-3733
2192
389251
-2
-1
8
-645
-3744
2188
390276
5
-1
6
-651
-3733
2190
391301
3
0
5
-651
-3734
2188
392326
0
1
3
-650
-3729
2195
393351
-2
-1
4
-650
-3724
2199
394376
-6
-1
6
-652
-3714
2186
395401
-10
0
6
-660
-3737
2191
396426
-6
-2
5
-656
-3735
2187
397451
-3
-4
6
-652
-3725
2192
398476
-7
-4
7
-648
-3737
2194
399501
-10
-3
7
-647
-3728
2195
400526
-13
-2
7
-656
-3735
2175
401551
-8
-2
7
-649
-3737
2188
394368
-7
-2
5
-644
-3731
2194
395393
-14
1
3
-659
-3736
2189
396418
-16
2
0
-658
-3731
2186
397443
-4
-7
0
-649
-3743
2189
398468
-7
-11
-4
-653
-3722
2191
399493
-18
-19
-14
-645
-3743
2198
400518
-14
-13
-9
-644
-3745
2170
401543
-1
-5
-2
-650
-3740
2171
402568
9
-5
2
-637
-3738
2176
403593
9
-4
5
-642
-3739
2185
404618
7
0
8
-643
-3727
2183
405643
3
1
11
-648
-3728
2186
406668
2
-1
10
-647
-3744
2176
407693
5
-3
11
-643
-3741
2185
408718
4
-3
10
-644
-3729
2184
409743
0
-1
10
-649
-3732
2194
402559
-3
0
9
-651
-3738
2189
403584
-3
-2
8
-652
-3738
2189
404609
-3
-2
8
-651
-3726
2186
405634
-3
-4
7
-656
-3753
2193
406659
-4
-4
7
-646
-3711
2179
407684
-4
-2
6
-648
-3749
2171
408709
1
-2
6
-655
-3767
2184
409734
2
-1
2
-651
-3725
2175
410759
1
-1
3
-653
-3745
2192
411784
-2
0
3
-640
-3710
2165
412809
0
8
1
-653
-3765
2161
413834
10
10
-4
-662
-3745
2174
414859
17
2
-2
-664
-3721
2208
415884
6
-7
6
-646
-3714
2217
416909
-17
-7
13
-635
-3732
2205
417934
-30
2
14
-645
-3724
2145
410752
-19
7
8
-661
-3759
2143
411777
0
-5
8
-671
-3785
2189
412802
4
-14
9
-655
-3711
2195
413827
-13
-10
11
-639
-3703
2196
414852
-19
-4
10
-641
-3761
2171
415877
-7
-1
7
-654
-3780
2156
416902
12
-2
4
-680
-3720
2159
417927
22
0
-3
-690
-3718
2176
418952
6
3
-11
-667
-3728
2199
419977
-9
3
-12
-641
-3721
2216
421002
-10
0
-4
-629
-3716
2215
422027
-20
-1
5
-630
-3739
2192
423052
-29
0
12
-665
-3744
2169
424077
-21
-1
6
-681
-3741
2166
425102
-16
-6
1
-637
-3750
2160
426127
-10
-4
4
-636
-3753
2168
418960
-6
-4
5
-660
-3735
2172
419985
-11
-7
3
-664
-3722
2184
421010
-14
-10
2
-649
-3767
2192
422035
-11
-10
4
-638
-3729
2159
423060
-5
-5
4
-636
-3751
2147
424085
2
-3
3
-655
-3763
2156
425110
7
-6
3
-654
-3726
2183
426135
-1
-5
4
-644
-3730
2182
427160
-5
0
4
-649
-3740
2185
428185
-5
1
3
-654
-3737
2177
429210
-11
-2
3
-660
-3737
2179
430235
-12
-9
8
-650
-3744
2187
431260
-15
-13
12
-645
-3731
2163
432285
-16
-14
12
-665
-3752
2162
433310
-7
-18
14
-662
-3751
2170
434335
-4
-18
12
-652
-3755
2148
427135
4
-13
8
-642
-3757
2132
428160
13
-6
5
-648
-3761
2139
429185
28
-2
0
-657
-3761
2153
430210
34
0
-3
-655
-3740
2172
431235
35
2
-4
-643
-3726
2193
432260
24
5
-3
-644
-3732
2193
433285
13
6
-3
-663
-3726
2193
434310
7
2
0
-663
-3727
2195
435335
3
-4
4
-657
-3730
2199
436360
-6
-7
4
-648
-3728
2191
437385
-8
-6
5
-655
-3738
2181
438410
-5
-6
6
-655
-3741
2169
439435
-2
-7
4
-663
-3738
2175
440460
1
-6
2
-653
-3753
2171
441485
8
-7
0
-645
-3734
2174
442510
8
-6
2
-650
-3733
2181
435328
5
-4
1
-655
-3741
2189
436353
1
-2
-1
-655
-3737
2189
437378
-2
-4
-1
-646
-3726
2200
438403
-9
-5
3
-645
-3725
2197
439428
-18
-3
4
-646
-3725
2192
440453
-25
-2
6
-648
-3740
2179
441478
-25
-4
6
-667
-3754
2170
442503
-18
-9
6
-639
-3736
2179
443528
-12
-10
8
-631
-3736
2172
444553
-11
-4
9
-635
-3743
2162
445578
-8
-1
9
-640
-3758
2157
446603
4
-2
7
-653
-3762
2160
447628
9
-3
6
-655
-3729
2181
448653
4
-7
7
-649
-3735
2191
449678
2
-10
10
-652
-3732
2191
450703
-1
-11
13
-657
-3731
2190
443520
-3
-12
12
-651
-3737
2164
444545
1
-11
11
-644
-3752
2156
445570
12
-11
12
-648
-3754
2166
446595
18
-11
13
-658
-3730
2176
447620
13
-8
8
-654
-3738
2179
448645
7
-5
6
-649
-3735
2192
449670
3
-4
6
-657
-3719
2192
450695
-1
-3
6
-656
-3739
2193
451720
-2
-2
5
-656
-3738
2161
452745
5
-3
4
-644
-3734
2172
453770
16
-7
7
-653
-3752
2179
454795
18
-11
8
-652
-3708
2184
455820
5
-11
10
-668
-3728
2208
456845
-3
-14
11
-669
-3722
2204
457870
-10
-13
7
-653
-3729
2181
458895
-7
-11
3
-651
-3752
2158
451712
9
-9
-1
-660
-3744
2147
452737
21
-8
-7
-665
-3752
2178
453762
19
-5
-12
-658
-3724
2209
454787
6
0
-14
-642
-3712
2195
455812
-2
4
-14
-641
-3743
2167
456837
4
4
-12
-636
-3739
2190
457862
1
4
-9
-638
-3719
2185
458887
-4
7
-9
-636
-3725
2195
459912
-7
12
-12
-625
-3731
2198
460937
-9
18
-13
-629
-3725
2177
461962
-11
22
-12
-642
-3734
2189
462987
-8
17
-10
-633
-3733
2195
464012
-4
10
-3
-639
-3776
2209
465037
2
1
6
-636
-3743
2208
466062
-12
3
9
-631
-3636
2172
467087
-31
11
6
-640
-3778
2188
459904
-16
3
9
-658
-3774
2169
460929
-3
-2
9
-659
-3722
2174
461954
-4
-5
11
-664
-3770
2203
462979
-11
-5
5
-632
-3702
2166
464004
-15
1
5
-629
-3739
2166
465029
-5
3
6
-651
-3788
2165
466054
9
2
3
-652
-3719
2147
467079
8
4
3
-647
-3741
2179
468104
10
0
4
-645
-3739
2196
469129
1
-2
5
-653
-3712
2191
470154
-17
1
4
-643
-3727
2193
471179
-26
1
5
-646
-3737
2178
472204
-14
-2
6
-650
-3750
2164
473229
-5
-4
6
-646
-3756
2175
474254
-4
-2
4
-647
-3727
2170
475279
-10
2
4
-653
-3740
2175
468096
-4
0
4
-649
-3747
2173
469121
-1
-3
5
-645
-3740
2171
470146
-1
-5
6
-645
-3741
2186
471171
-2
-6
8
-651
-3738
2188
472196
-7
-4
8
-649
-3732
2171
473221
-9
-3
7
-648
-3760
2164
474246
-4
-5
7
-651
-3752
2176
475271
0
-7
8
-648
-3732
2175
476296
2
-7
9
-649
-3740
2182
477321
-1
-6
7
-647
-3748
2173
478346
-6
-6
7
-651
-3738
2166
479371
-8
-4
7
-652
-3751
2172
480396
2
-5
6
-651
-3746
2164
481421
3
-4
4
-655
-3743
2172
482446
-2
-2
2
-647
-3743
2172
483471
-2
-3
3
-646
-3740
2177
476288
-1
-3
6
-650
-3745
2173
477313
0
-2
7
-654
-3748
2172
478338
-1
-3
5
-656
-3734
2166
479363
-1
-4
4
-653
-3741
2174
480388
-5
-9
6
-653
-3733
2190
481413
-8
-9
10
-646
-3734
2202
482438
-6
6
9
-632
-3747
2259
483463
-47
31
10
-671
-3746
2270
484488
-137
33
32
-740
-3854
2485
485513
-115
39
77
-787
-4103
2762
486538
-142
144
125
-801
-4253
2966
487563
-361
292
235
-896
-4401
2899
488588
-404
309
359
-1251
-4517
2144
489613
-89
107
383
-1417
-4034
1458
490638
493
-184
421
-1149
-4987
1764
491663
1911
-424
522
-1095
-5689
2275
484480
3848
-624
665
-1121
-5546
2552
485505
5885
-973
743
-1061
-4870
2536
486530
8014
-1322
896
-655
-4306
2413
487555
10362
-1521
1018
-707
-3360
2446
488580
12430
-1827
1151
-771
-1472
2419
489605
12608
-1775
919
-428
237
2283
490630
11046
-1360
667
-269
1530
2485
491655
8331
-864
660
143
2847
2745
492680
4641
-179
612
484
3528
2822
493705
1510
475
623
298
3235
3001
494730
-145
786
673
-21
2122
3220
495755
-353
758
744
-232
1225
3311
496780
239
478
827
-308
1188
3252
497805
756
217
841
-214
1728
3100
498830
749
141
840
-120
2273
2939
499855
319
183
812
-91
2515
2805
492748
-176
227
751
-79
2500
2719
493773
-533
195
694
-108
2462
2778
494798
-889
178
594
-148
2278
2806
495823
-928
238
516
-197
1643
2814
496848
-204
99
595
-176
1331
3018
497873
466
-203
646
-45
2103
3203
498898
472
-261
548
146
2796
3292
499923
-64
-112
433
212
3035
3276
500948
-601
19
317
144
2880
3321
501973
-818
22
258
45
2567
3478
502998
-735
-41
240
-19
2340
3672
504023
-485
-120
227
33
2326
3816
505048
-211
-161
198
114
2375
3865
506073
-50
-159
160
136
2360
3793
507098
-1
-145
102
146
2336
3701
508123
14
-126
48
185
2241
3657
500864
22
-113
23
211
2125
3627
501889
21
-102
7
205
2036
3596
502914
16
-91
-12
212
1993
3573
503939
2
-78
-32
249
2031
3568
504964
-59
-53
-63
243
2028
3549
505989
-77
-22
-85
199
1908
3557
507014
12
-24
-73
175
1860
3571
508039
100
-47
-59
195
1977
3576
509064
87
-45
-66
224
2102
3593
510089
-21
-19
-73
213
2117
3609
511114
-103
-2
-73
172
2061
3635
512139
-119
-11
-63
152
2037
3639
513164
-99
-22
-51
128
2007
3609
514189
-39
-48
-42
142
1983
3643
515214
35
-84
-21
147
2030
3651
516239
53
-98
-13
159
2077
3625
509056
29
-94
-14
207
2069
3598
510081
5
-76
-10
228
2023
3587
511106
9
-60
-5
218
2004
3590
512131
17
-42
-12
211
2009
3582
513156
9
-22
-21
202
2019
3547
514181
-11
3
-30
194
2032
3527
515206
-33
15
-29
164
2027
3512
516231
-41
19
-30
157
2002
3549
517256
-38
23
-26
139
1979
3566
518281
-25
14
-19
141
2011
3539
519306
-36
11
-21
150
2042
3532
520331
-53
16
-25
153
2014
3556
521356
-30
17
-20
154
1959
3559
522381
38
20
-18
149
1945
3558
523406
131
-5
-18
155
1998
3537
524431
181
-41
-27
158
2133
3536
517247
127
-50
-55
177
2223
3567
518272
7
-26
-81
188
2179
3593
519297
-75
-15
-88
171
2113
3591
520322
-86
-29
-87
160
2061
3579
521347
-61
-42
-82
172
2051
3584
522372
-36
-43
-74
175
2028
3600
523397
-32
-46
-73
194
2056
3585
524422
-59
-34
-84
193
2060
3573
525447
-89
-21
-92
202
2031
3567
526472
-120
-16
-102
206
2035
3542
527497
-173
-11
-131
228
2060
3490
528522
-256
-9
-175
277
2095
3406
529547
-378
-2
-228
273
2105
3391
530572
-524
10
-293
200
2077
3452
531597
-645
0
-366
170
2036
3454
532622
-719
-34
-427
165
1952
3335
525440
-798
-110
-490
167
2007
3266
526465
-1200
-143
-615
259
2188
3301
527490
-1846
-46
-718
255
2093
3327
528515
-2346
-19
-753
225
1769
3220
529540
-2852
23
-818
294
1418
3446
530565
-3501
168
-909
334
1141
3738
531590
-4078
346
-943
260
695
3802
532615
-4297
431
-892
98
87
3759
533640
-4314
434
-872
22
-288
3595
534665
-4091
358
-838
-81
-668
3560
535690
-3640
297
-743
-54
-1688
4141
536715
-3109
274
-739
-179
-2062
4347
537740
-2676
233
-838
-191
-1319
4252
538765
-2768
224
-807
-150
-1385
3811
539790
-2819
381
-739
-114
-1968
3863
540815
-2879
574
-557
-478
-2569
4488
533632
-2862
811
-408
-869
-3579
5104
534657
-2709
968
-353
-878
-3462
4388
535682
-2773
1073
-229
-950
-3283
3616
536707
-2611
980
-144
-1079
-3158
3304
537732
-2163
668
-117
-658
-2702
2955
538757
-1852
417
217
-609
-2669
2521
539782
-1538
320
-36
-1174
-3637
2761
540807
-1119
148
-386
-333
-4181
3448
541832
-893
163
-173
-472
-3669
3030
542857
-991
206
-141
-447
-2930
2516
543882
-980
273
-165
-412
-3457
2698
544907
-734
187
-124
-472
-3676
2758
545932
-408
151
-86
-471
-3534
2566
546957
-168
106
-17
-584
-3457
2544
547982
-60
27
7
-597
-3603
2541
549007
82
-7
21
-604
-3527
2578
541824
124
-30
28
-584
-3439
2630
542849
90
-20
21
-576
-3431
2670
543874
42
-9
0
-546
-3415
2657
544899
17
3
-12
-522
-3442
2639
545924
13
15
-3
-544
-3432
2654
546949
-22
24
-7
-555
-3426
2658
547974
-45
15
-8
-561
-3414
2646
548999
-37
0
6
-573
-3464
2606
550024
15
5
6
-584
-3467
2631
551049
25
-5
14
-563
-3433
2654
552074
-4
-6
14
-559
-3430
2644
553099
-12
-5
10
-554
-3428
2651
554124
-24
5
6
-565
-3460
2649
555149
-40
4
4
-561
-3439
2633
556174
-52
6
-1
-557
-3465
2624
557199
-28
1
2
-568
-3484
2602
550017
9
-7
7
-575
-3487
2593
551042
38
-19
13
-574
-3477
2614
552067
41
-20
9
-563
-3453
2638
553092
23
-11
0
-561
-3439
2660
554117
19
-8
0
-558
-3431
2661
555142
18
-6
-8
-584
-3521
2619
556167
63
-7
-24
-609
-3606
2650
557192
167
-30
-6
-604
-3546
2888
558217
255
-47
63
-579
-3627
3225
559242
304
-19
134
-684
-3693
3285
560267
200
37
216
-755
-3765
3093
561292
11
50
358
-956
-3858
2856
562317
-147
-8
483
-1168
-3946
2572
563342
-121
-92
468
-1128
-4088
2445
564367
-15
-179
591
-1160
-4555
2490
565392
306
-258
650
-1165
-4477
2552
558208
979
-325
797
-1101
-4185
2544
559233
1789
-480
920
-1029
-4037
2418
560258
2809
-665
1142
-931
-4291
2507
561283
4030
-873
1272
-985
-3963
2635
562308
5558
-1079
1544
-886
-3559
2841
563333
6602
-1188
1605
-763
-2578
3088
564358
6831
-1125
1563
-516
-1104
3218
565383
6383
-940
1769
-421
-206
3213
566408
5638
-658
1734
-606
-479
3356
567433
4682
-547
1506
-396
660
3447
568458
3380
-424
1689
-217
1255
3407
569483
1814
-136
1603
-269
1073
3464
570508
1103
-63
1427
-163
982
3618
571533
1139
-106
1390
-126
839
3808
572558
1315
-201
1438
-80
1044
3799
573583
1310
-250
1390
-118
1124
3650
566399
1117
-320
1182
-24
1419
3548
567424
849
-328
990
210
2023
3672
568449
504
-227
1067
179
1909
3852
569474
196
-149
937
89
1619
3886
570499
147
-156
788
107
1590
3890
571524
204
-160
694
124
1525
3861
572549
292
-177
606
164
1566
3825
573574
276
-176
496
214
1716
3807
574599
100
-140
384
231
1806
3823
575624
-88
-84
278
189
1674
3881
576649
-94
-72
190
176
1557
3896
577674
8
-99
121
206
1538
3874
578699
59
-104
55
235
1532
3889
579724
14
-83
-2
227
1540
3951
580749
-38
-60
-45
184
1505
3989
581774
-47
-59
-70
124
1417
3985
574592
-3
-76
-80
108
1399
3963
575617
59
-98
-79
135
1434
3939
576642
55
-103
-80
134
1465
3952
577667
-1
-90
-82
89
1447
3961
578692
-36
-88
-85
68
1398
3946
579717
-27
-94
-80
81
1373
3928
580742
4
-100
-67
109
1358
3909
581767
23
-110
-49
129
1378
3903
582792
28
-127
-23
151
1395
3918
583817
37
-145
4
132
1369
3977
584842
62
-157
17
129
1404
4006
585867
116
-161
9
139
1467
3988
586892
120
-154
-11
145
1560
3960
587917
46
-119
-45
139
1555
3954
588942
4
-79
-64
137
1437
3960
589967
44
-65
-61
121
1402
3971
582784
89
-59
-57
122
1449
3955
583809
85
-50
-43
111
1493
3916
584834
68
-44
-24
110
1490
3918
585859
88
-57
-4
149
1467
3934
586884
129
-77
14
191
1469
3900
587909
145
-89
18
225
1518
3847
588934
118
-84
9
215
1538
3833
589959
78
-82
-2
183
1521
3846
590984
67
-81
-9
179
1514
3870
592009
80
-86
-12
197
1513
3848
593034
96
-85
-21
207
1540
3818
594059
106
-77
-36
236
1586
3831
595084
75
-66
-53
266
1650
3844
596109
-41
-36
-85
282
1689
3828
597134
-210
3
-128
313
1670
3793
598159
-377
34
-161
383
1623
3828
590977
-477
37
-178
425
1622
3906
592002
-605
28
-216
492
1696
3885
593027
-849
46
-295
607
1750
3828
594052
-1187
96
-399
646
1676
3790
595077
-1476
140
-510
589
1459
3756
596102
-1556
139
-639
556
1262
3742
597127
-1616
105
-810
606
1238
3647
598152
-1707
110
-971
690
1091
3648
599177
-1850
136
-1138
693
959
3663
600202
-1992
186
-1310
601
787
3680
601227
-2096
239
-1446
444
455
3688
602252
-2178
285
-1596
391
286
3776
603277
-2389
359
-1721
468
173
3869
604302
-2659
463
-1745
329
-76
3940
605327
-2783
567
-1675
218
-723
3865
606352
-2720
728
-1681
-186
-952
3843
599169
-2870
822
-1783
-88
-968
3748
600194
-3095
1000
-1718
-243
-1505
3642
601219
-3040
1095
-1607
-626
-2268
3712
602244
-2557
1026
-1517
-872
-2509
3821
603269
-2181
924
-1433
-850
-2345
3657
604294
-2148
910
-1306
-819
-2522
3518
605319
-2178
844
-1118
-973
-2961
3547
606344
-2074
738
-940
-1116
-3089
3545
607369
-2101
609
-935
-1169
-2947
3380
608394
-2108
583
-807
-930
-3120
3324
609419
-2211
692
-577
-1116
-3949
3648
610444
-2319
743
-351
-1111
-4084
3410
611469
-2350
745
-277
-973
-3892
2800
612494
-2091
639
-242
-775
-3669
2422
613519
-1545
475
105
-452
-3321
2295
614544
-1196
330
56
-1090
-3834
2513
607359
-999
96
-302
-691
-3927
2767
608384
-683
22
-305
-386
-3993
2942
609409
-218
42
-83
-423
-3715
2863
610434
-202
68
26
-506
-3396
2510
611459
-232
73
-21
-593
-3471
2359
612484
-133
45
-18
-601
-3631
2416
613509
-134
16
18
-674
-3749
2415
614534
-139
5
8
-659
-3734
2328
615559
-25
-12
13
-637
-3617
2346
616584
28
-33
15
-619
-3582
2426
617609
-15
-38
0
-609
-3631
2437
618634
-1
-21
0
-543
-3606
2421
619659
3
1
2
-572
-3590
2440
620684
-15
13
-10
-575
-3601
2438
621709
-49
29
-20
-594
-3613
2414
622734
-40
36
-21
-604
-3621
2397
615553
-16
35
-17
-603
-3589
2395
616578
-11
26
-16
-612
-3610
2385
617603
17
8
-3
-604
-3595
2390
618628
28
-6
7
-606
-3572
2425
619653
-12
-6
11
-592
-3586
2431
620678
-37
-5
11
-592
-3598
2423
621703
-64
-15
-4
-594
-3590
2420
622728
-61
-14
-7
-571
-3629
2385
623753
-30
1
7
-605
-3614
2394
624778
-24
2
5
-601
-3628
2384
625803
-9
-1
6
-594
-3623
2385
626828
-11
-3
6
-599
-3608
2395
627853
8
-8
8
-605
-3613
2396
628878
8
-7
9
-600
-3605
2401
629903
-9
-4
5
-597
-3620
2384
630928
7
-3
4
-600
-3611
2399
623744
-5
-2
-5
-588
-3620
2401
624769
-2
4
-2
-594
-3630
2395
625794
11
1
-3
-602
-3613
2404
626819
12
-4
-6
-595
-3617
2398
627844
15
-4
1
-608
-3611
2406
628869
7
-7
-3
-590
-3601
2404
629894
2
-3
3
-585
-3604
2412
630919
-11
1
3
-598
-3612
2402
631944
-10
-2
3
-586
-3617
2389
632969
-1
-4
6
-588
-3616
2395
633994
4
-7
8
-597
-3620
2402
635019
8
-8
9
-598
-3619
2401
636044
8
-7
7
-593
-3594
2401
637069
-4
-1
3
-596
-3626
2399
638094
10
-4
4
-589
-3621
2393
639119
19
-7
3
-597
-3600
2409
631935
5
-4
3
-601
-3610
2412
632960
4
-1
1
-591
-3610
2396
633985
14
-4
2
-591
-3594
2408
635010
8
-7
4
-590
-3603
2409
636035
5
-7
5
-593
-3608
2399
637060
10
-11
8
-596
-3596
2412
638085
11
-25
14
-605
-3604
2419
639110
20
-53
31
-587
-3592
2394
640135
34
-73
45
-616
-3597
2399
641160
31
-84
40
-673
-3683
2389
642185
96
-104
19
-729
-3816
2444
643210
341
-168
34
-804
-4025
2645
644235
732
-264
69
-930
-4359
2842
645260
964
-352
185
-1020
-4353
2873
646285
942
-405
284
-1242
-4440
2614
647310
1034
-549
423
-1418
-4275
2417
640128
1371
-787
569
-1202
-4009
2442
641153
1840
-899
664
-1299
-3982
2841
642178
2413
-1001
822
-1137
-4358
3141
643203
3267
-1094
959
-820
-4195
3212
644228
4076
-1158
1165
-770
-3670
3188
645253
4857
-1127
1406
-532
-3394
3260
646278
5427
-1066
1591
-305
-2602
3461
647303
5590
-933
1781
-191
-1685
3553
648328
5288
-686
1881
-111
-839
3584
649353
4636
-446
1959
-177
-374
3527
650378
3979
-294
2025
-256
-185
3428
651403
3355
-182
1998
-275
-222
3383
652428
2853
-144
1809
-110
285
3268
653453
2619
-102
1679
86
976
3393
654478
2359
-10
1656
114
1229
3693
655503
1863
60
1535
232
1466
3738
648320
1209
137
1395
323
1739
3596
649345
551
222
1317
309
1705
3503
650370
135
242
1233
261
1430
3564
651395
41
162
1130
253
1362
3668
652420
58
70
1002
256
1417
3762
653445
76
12
854
306
1472
3820
654470
57
-15
716
360
1499
3861
655495
-38
-8
587
338
1482
3857
656520
-157
0
464
288
1410
3853
657545
-191
-13
368
259
1299
3889
658570
-125
-65
309
239
1234
3950
659595
-52
-121
263
249
1304
4017
660620
-78
-123
202
264
1345
4028
661645
-119
-94
132
272
1295
4018
662670
-131
-82
70
258
1259
3994
663695
-144
-64
4
220
1227
4040
656511
-116
-54
-47
179
1151
4096
657536
-32
-64
-74
181
1103
4105
658561
22
-66
-98
152
1160
4121
659586
-2
-46
-130
107
1182
4084
660611
-22
-27
-154
67
1123
4070
661636
-6
-25
-164
59
1098
4059
662661
5
-22
-172
44
1089
4045
663686
15
-20
-171
15
1094
4071
664711
11
-26
-160
-2
1120
4085
665736
-16
-25
-141
-22
1108
4106
666761
-36
-35
-117
-62
1104
4099
667786
-19
-50
-92
-71
1105
4114
668811
3
-65
-71
-50
1131
4097
669836
9
-65
-57
-24
1152
4080
670861
16
-62
-44
-13
1144
4085
671886
37
-68
-28
-10
1134
4097
664705
46
-69
-16
-2
1160
4102
665730
39
-57
-11
25
1160
4088
666755
28
-43
-14
30
1141
4060
667780
24
-31
-16
16
1124
4050
668805
31
-22
-18
6
1130
4052
669830
21
-18
-27
20
1141
4025
670855
-4
-4
-34
30
1120
4014
671880
-15
9
-36
23
1092
4028
672905
-14
7
-36
26
1105
4028
673930
-16
6
-28
33
1116
4043
674955
-35
12
-11
18
1130
4077
675980
-5
0
22
2
1088
4068
677005
6
-21
23
30
1122
4076
678030
-14
-14
21
25
1148
4081
679055
7
-23
30
24
1174
4091
680080
17
-24
29
26
1178
4092
672897
11
-23
27
34
1161
4071
673922
25
-23
21
48
1171
4067
674947
23
-14
12
46
1176
4052
675972
10
-3
6
41
1145
4041
676997
6
3
0
46
1127
4023
678022
6
5
-2
54
1137
4004
679047
-7
8
-5
53
1141
3993
680072
-21
12
-6
28
1132
4000
681097
-20
5
-7
19
1142
4002
682122
-24
-3
-12
23
1164
4002
683147
-35
-4
-15
21
1153
4018
684172
-26
-12
-14
21
1148
4043
685197
-19
-22
-20
43
1183
4056
686222
-40
-15
-30
53
1181
4032
687247
-53
-9
-34
47
1141
4042
688272
-37
-14
-38
58
1110
4063
681088
-17
-18
-39
57
1119
4058
682113
-22
-14
-44
54
1131
4031
683138
-40
-6
-51
33
1138
4030
684163
-51
-4
-48
19
1115
4064
685188
-38
-15
-39
15
1113
4090
686213
-24
-26
-30
21
1129
4087
687238
-23
-29
-26
32
1145
4094
688263
-29
-27
-23
31
1134
4090
689288
-22
-26
-25
27
1110
4084
690313
-16
-22
-35
25
1121
4090
691338
-21
-17
-44
40
1138
4095
692363
-53
-5
-59
80
1147
4073
693388
-94
14
-78
124
1146
4058
694413
-157
34
-108
145
1193
4043
695438
-299
59
-171
228
1297
4022
696463
-549
118
-259
331
1345
3978
689280
-841
202
-359
440
1310
3957
690305
-1134
300
-496
585
1228
3907
691330
-1463
382
-639
613
1051
3712
692355
-1637
436
-781
613
788
3749
693380
-1668
444
-957
604
710
3835
694405
-1663
428
-1089
535
567
3865
695430
-1680
418
-1251
473
386
3801
696455
-1648
386
-1445
447
292
3714
697480
-1617
364
-1592
381
115
3780
698505
-1610
381
-1770
203
-5
3950
699530
-1551
379
-1888
-28
-161
4055
700555
-1504
360
-1969
-146
-365
3940
701580
-1526
359
-2059
-174
-708
3796
702605
-1766
369
-2042
-290
-994
4029
703630
-2341
446
-1984
-498
-1039
4227
704655
-2909
559
-1847
-620
-1473
4056
697471
-3150
638
-1682
-788
-2285
3874
698496
-2953
579
-1559
-825
-2640
3709
699521
-2579
490
-1386
-1015
-2977
3710
700546
-2341
398
-1267
-1262
-3142
3641
701571
-2076
297
-1132
-978
-3028
3480
702596
-1850
211
-1117
-1296
-3315
3409
703621
-1502
88
-1098
-573
-2768
3158
704646
-1248
187
-628
-617
-2943
3244
705671
-1483
359
-422
-1082
-3618
3519
706696
-1463
494
-139
-896
-4059
3487
707721
-1515
649
-17
-845
-3742
3214
708746
-1693
709
-118
-731
-3319
2899
709771
-1531
666
-152
-595
-3108
2849
710796
-1119
500
-162
-525
-3461
3010
711821
-706
184
-230
-445
-3654
3203
712846
-317
-43
-181
-155
-3408
3220
705665
-378
52
-70
-222
-3005
2975
706690
-768
173
-87
-333
-3313
2717
707715
-720
219
-121
-401
-3549
2622
708740
-648
185
109
-349
-3540
2499
709765
-585
204
-1
-830
-3817
2591
710790
-357
97
141
-309
-3458
2453
711815
-251
103
115
-922
-3844
2422
712840
24
44
-39
-523
-3656
2418
713865
123
4
-1
-489
-3540
2506
714890
121
-18
11
-490
-3526
2568
715915
157
-33
27
-456
-3407
2650
716940
67
-22
22
-462
-3462
2658
717965
-26
-2
15
-441
-3457
2634
718990
-113
22
-1
-476
-3460
2612
720015
-138
32
-9
-482
-3470
2573
721040
-162
29
6
-519
-3565
2537
713857
-102
30
-9
-558
-3592
2490
714882
-5
5
1
-532
-3539
2484
715907
44
-18
7
-529
-3551
2529
716932
39
-23
18
-511
-3520
2562
717957
16
-22
20
-504
-3487
2574
718982
-10
-14
11
-503
-3498
2572
720007
-21
-4
4
-511
-3516
2560
721032
-57
8
1
-511
-3526
2559
722057
-61
11
2
-511
-3530
2531
723082
-30
0
1
-514
-3549
2502
724107
14
-14
4
-519
-3556
2506
725132
28
-18
7
-520
-3535
2544
726157
6
-9
5
-511
-3513
2564
727182
-1
0
4
-503
-3501
2556
728207
-7
3
0
-507
-3538
2529
729232
8
-1
3
-506
-3537
2541
722047
17
-4
3
-510
-3535
2527
723072
32
-5
3
-503
-3533
2529
724097
35
-3
-1
-513
-3532
2545
725122
19
1
-1
-513
-3504
2575
726147
-1
5
0
-509
-3495
2575
727172
-4
2
2
-520
-3546
2571
728197
23
7
14
-534
-3672
2645
729222
131
-5
48
-618
-3817
2755
730247
446
-96
127
-710
-4185
2810
731272
979
-236
291
-808
-4542
2795
732297
1337
-337
492
-1020
-4362
2608
733322
1280
-436
673
-1263
-4085
2463
734347
1539
-596
636
-1388
-4102
2839
735372
2198
-852
834
-1230
-4145
3017
736397
2906
-937
966
-1196
-4264
3109
737422
3898
-995
1405
-1189
-3653
3288
730240
4373
-1141
1663
-1277
-3451
3598
731265
4412
-1172
1473
-1044
-2764
3722
732290
4289
-1141
1847
-743
-1454
3694
733315
3912
-947
2199
-626
-1773
3787
734340
3909
-868
2041
-608
-1746
3711
735365
4068
-949
2071
-132
-697
3479
736390
3704
-814
2159
171
3
3548
737415
3262
-556
1924
337
351
3653
738440
2832
-379
1740
443
673
3681
739465
2360
-217
1691
380
974
3829
740490
2010
-98
1661
407
712
3892
741515
1811
1
1361
480
650
3803
742540
1539
-29
1190
488
1488
3637
743565
850
107
1147
472
1284
3528
744590
282
210
987
327
1171
3544
745615
158
203
868
355
1170
3603
738432
160
182
771
320
1087
3624
739457
245
115
685
215
1133
3648
740482
350
47
588
187
1198
3712
741507
453
-7
510
258
1273
3734
742532
527
-38
421
347
1278
3677
743557
602
-42
328
252
1522
3831
744582
526
-85
335
206
1578
3850
745607
364
-61
221
191
1482
3867
746632
261
-68
136
249
1550
3873
747657
129
-40
79
208
1609
3917
748682
30
-30
63
193
1502
3954
749707
-16
-32
25
143
1368
3992
750732
18
-67
9
114
1423
4008
751757
33
-69
-10
142
1408
4024
752782
38
-69
-12
190
1403
4027
753807
-4
-59
-15
123
1381
4036
746623
-68
-50
-24
50
1329
4034
747648
-63
-59
-33
72
1325
4010
748673
-24
-71
-23
107
1324
4005
749698
-20
-60
-22
112
1333
4013
750723
-41
-46
-25
41
1329
3983
751748
-57
-48
-25
4
1350
3957
752773
-66
-46
-19
38
1350
3974
753798
-62
-41
-5
81
1337
3971
754823
-58
-38
7
72
1330
3943
755848
-65
-37
4
29
1350
3945
756873
-68
-44
1
33
1364
3952
757898
-61
-50
-1
67
1380
3937
758923
-73
-51
-15
74
1389
3938
759948
-91
-45
-35
75
1371
3978
760973
-69
-46
-44
78
1315
3995
761998
-27
-56
-41
80
1291
4004
754816
-12
-63
-43
102
1325
4012
755841
-28
-50
-46
123
1315
4019
756866
-40
-40
-39
110
1272
4006
757891
-32
-39
-32
107
1272
4006
758916
-25
-32
-35
131
1278
4000
759941
-31
-22
-38
135
1289
3974
760966
-53
-9
-42
116
1280
3976
761991
-67
-4
-38
72
1264
4028
763016
-57
-13
-29
43
1277
4031
764041
-26
-27
-23
62
1282
4026
765066
6
-30
-26
103
1303
4046
766091
10
-20
-33
112
1315
4040
767116
6
-5
-43
127
1309
4023
768141
10
10
-58
173
1328
4024
769166
13
29
-85
234
1374
4042
770191
-13
60
-135
288
1404
3988
763009
-81
91
-201
333
1469
3904
764034
-221
114
-293
427
1610
3924
765059
-677
182
-433
585
1861
3869
766084
-1363
357
-602
727
1746
3698
767109
-1868
523
-724
749
1235
3633
768134
-2078
566
-847
696
960
3542
769159
-2142
564
-995
606
765
3550
770184
-2187
546
-1132
484
505
3662
771209
-2268
523
-1294
471
346
3671
772234
-2284
546
-1424
405
-26
3611
773259
-2206
500
-1480
126
-285
3685
774284
-2115
446
-1587
3
-390
3852
775309
-2141
476
-1717
31
-566
3856
776334
-2233
528
-1755
-108
-748
3838
777359
-2434
607
-1762
-349
-883
4024
778384
-2792
637
-1773
-437
-1307
4023
771200
-2830
803
-1807
-517
-1739
4048
772225
-2784
856
-1739
-671
-1945
3784
773250
-2638
810
-1625
-1036
-2137
3690
774275
-2263
706
-1530
-1147
-2806
3656
775300
-1608
598
-1511
-1161
-2838
3802
776325
-1323
471
-1468
-1024
-2528
3661
777350
-1564
365
-1209
-977
-2605
3373
778375
-1698
410
-960
-1174
-3308
3274
779400
-1490
382
-895
-1235
-3422
3287
780425
-1409
355
-782
-1166
-3359
3273
781450
-1761
337
-803
-906
-3353
3141
782475
-2024
496
-504
-901
-3981
3346
783500
-1950
650
-245
-1072
-4823
3448
784525
-1803
736
-8
-685
-4247
2794
785550
-1577
686
20
-771
-3538
2366
786575
-1212
504
-73
-610
-3072
2227
779392
-888
335
-90
-492
-3212
2346
780417
-714
173
-184
-526
-3898
2559
781442
-311
37
-254
-485
-4253
2726
782467
81
-35
-114
-479
-3880
2679
783492
108
-43
-5
-547
-3372
2483
784517
57
-54
-25
-568
-3364
2456
785542
133
-47
-45
-544
-3539
2551
786567
141
-13
-26
-544
-3596
2588
787592
73
18
-3
-537
-3508
2586
788617
-20
24
8
-534
-3427
2601
789642
-62
5
6
-520
-3504
2576
790667
-65
12
-1
-538
-3540
2546
791692
-48
9
5
-532
-3541
2528
792717
-50
6
6
-546
-3546
2494
793742
-24
4
2
-539
-3578
2499
794767
3
5
2
-541
-3544
2519
787584
4
0
0
-535
-3535
2527
788609
4
1
0
-539
-3515
2541
789634
-21
6
-2
-527
-3498
2550
790659
-32
9
-2
-549
-3542
2527
791684
-8
11
-9
-546
-3559
2514
792709
24
0
-3
-550
-3537
2499
793734
45
-13
3
-549
-3555
2516
794759
78
-23
11
-524
-3524
2546
795784
44
-13
6
-536
-3503
2572
796809
20
2
-2
-522
-3501
2572
797834
12
7
-9
-533
-3513
2539
798859
15
-1
-6
-534
-3545
2520
799884
54
-18
7
-536
-3541
2522
800909
73
-28
16
-533
-3510
2563
801934
14
-14
5
-529
-3488
2596
802959
-3
-4
5
-524
-3465
2583
795777
-14
-2
5
-541
-3528
2543
796802
-17
-5
7
-533
-3542
2533
797827
-1
-8
7
-527
-3512
2544
798852
16
-11
8
-539
-3518
2533
799877
47
-21
10
-538
-3534
2541
800902
41
-19
11
-534
-3505
2579
801927
-9
0
1
-524
-3479
2601
802952
-20
4
4
-522
-3466
2579
803977
-25
0
4
-537
-3535
2538
805002
-6
-4
8
-540
-3542
2528
806027
15
-10
12
-541
-3519
2547
807052
17
-8
10
-528
-3506
2562
808077
18
5
6
-509
-3515
2554
809102
1
28
-18
-527
-3571
2529
810127
25
35
-41
-525
-3561
2556
811152
103
16
-36
-517
-3568
2628
803968
214
6
-12
-523
-3667
2755
804993
308
26
41
-611
-3770
2928
806018
439
44
142
-644
-4054
3023
807043
631
5
323
-764
-4549
2686
808068
1012
-141
474
-1142
-4411
2333
809093
1552
-319
567
-1291
-4160
2303
810118
2087
-493
598
-1293
-3799
2852
811143
2262
-613
802
-1122
-3702
3275
812168
2246
-624
958
-1309
-3714
3409
813193
2584
-605
1197
-1270
-3637
3385
814218
3110
-684
1405
-1349
-3491
3468
815243
3614
-855
1492
-1201
-3090
3481
816268
4240
-880
1679
-1085
-2490
3555
817293
4771
-866
1816
-915
-2208
3616
818318
5043
-832
1732
-734
-1216
3703
819343
4978
-797
1870
-589
-465
3726
812159
4483
-601
1815
-278
-81
3647
813184
3891
-415
1724
-228
495
3668
814209
3292
-205
1568
20
994
3711
815234
2557
23
1592
21
1100
3746
816259
1754
156
1465
5
1048
3652
817284
1115
149
1329
-69
1317
3529
818309
596
129
1227
-61
1180
3411
819334
327
30
1139
-20
1057
3432
820359
316
-91
1089
57
1022
3576
821384
434
-209
1041
44
1006
3640
822409
586
-318
989
74
1078
3611
823434
648
-387
913
205
1210
3640
824459
628
-390
826
359
1312
3726
825484
557
-336
723
409
1414
3780
826509
440
-294
647
351
1519
3765
827534
329
-240
563
352
1532
3864
820352
259
-208
476
422
1536
3906
821377
169
-150
374
413
1630
3900
822402
60
-91
306
362
1703
3940
823427
-14
-30
222
319
1623
3996
824452
-14
-6
154
301
1590
3967
825477
-1
10
95
277
1570
3935
826502
10
15
45
236
1550
3949
827527
2
11
3
164
1522
3977
828552
5
-6
-25
123
1490
3958
829577
12
-21
-36
109
1442
3946
830602
23
-37
-41
113
1416
3931
831627
30
-48
-42
141
1399
3913
832652
36
-51
-46
156
1394
3913
833677
39
-59
-46
119
1418
3941
834702
35
-64
-42
93
1439
3956
835727
32
-62
-38
117
1442
3935
828544
31
-54
-35
118
1443
3919
829569
27
-45
-30
57
1433
3918
830594
37
-51
-25
13
1441
3932
831619
55
-58
-13
40
1451
3936
832644
67
-49
-6
83
1464
3922
833669
70
-30
-5
114
1489
3917
834694
51
-8
-8
72
1492
3901
835719
35
-7
-10
62
1486
3882
836744
31
-17
-8
110
1500
3870
837769
15
-16
-10
127
1508
3860
838794
-10
-12
-20
85
1506
3856
839819
-19
-21
-32
58
1501
3859
840844
-3
-39
-34
68
1494
3883
841869
11
-55
-28
94
1484
3900
842894
12
-61
-26
104
1482
3910
843919
21
-65
-24
96
1489
3910
836735
33
-64
-23
102
1477
3939
837760
42
-59
-18
128
1491
3973
838785
33
-41
-17
143
1485
3974
839810
34
-25
-16
158
1467
3938
840835
61
-14
-12
148
1448
3941
841860
109
-12
-6
144
1457
3937
842885
136
-15
-1
140
1508
3917
843910
121
-8
0
139
1554
3908
844935
77
2
1
141
1562
3891
845960
35
3
4
136
1563
3863
846985
3
4
7
116
1548
3859
848010
5
-3
12
109
1520
3884
849035
18
-17
17
127
1548
3883
850060
10
-18
13
134
1563
3861
851085
-2
-11
4
143
1545
3868
852110
3
-15
5
119
1532
3895
845098
11
-19
3
132
1540
3915
846123
24
-24
0
150
1556
3894
847148
25
-24
-2
146
1567
3881
848173
25
-25
-1
129
1548
3874
849198
36
-31
2
137
1548
3864
850223
52
-36
5
149
1550
3842
851248
57
-40
4
155
1549
3834
852273
64
-45
-1
159
1579
3851
853298
79
-50
-1
163
1589
3865
854323
75
-53
-10
168
1621
3856
855348
38
-40
-19
176
1609
3821
856373
15
-29
-25
162
1578
3830
857398
32
-32
-25
153
1576
3871
858423
38
-36
-25
150
1605
3853
859448
19
-28
-31
144
1623
3821
860473
0
-14
-45
136
1633
3853
853120
-27
3
-59
114
1617
3889
854145
-35
11
-66
103
1612
3890
855170
-23
17
-65
108
1612
3903
856195
-22
17
-55
91
1588
3908
857220
-35
17
-46
91
1552
3880
858245
-13
11
-37
128
1569
3860
859270
15
5
-29
179
1581
3850
860295
2
11
-34
246
1612
3836
861320
-90
28
-56
310
1669
3796
862345
-253
63
-91
351
1659
3769
863370
-411
101
-137
408
1601
3737
864395
-501
127
-196
507
1534
3693
865420
-624
146
-281
663
1587
3659
866445
-1005
213
-408
867
1725
3660
867470
-1662
375
-565
995
1697
3662
868495
-2370
578
-721
1017
1406
3621
861313
-2799
733
-840
877
868
3580
862338
-2887
743
-931
555
565
3651
863363
-2885
733
-1095
267
327
3744
864388
-2919
702
-1243
150
359
3993
865413
-3202
711
-1286
6
-17
3923
866438
-3178
833
-1424
-139
-479
3959
867463
-3117
735
-1298
-501
-646
3874
868488
-3004
766
-1326
-688
-1006
3827
869513
-3130
708
-1427
-628
-1024
3756
870538
-3490
784
-1427
-559
-1135
3647
871563
-3743
855
-1351
-846
-1831
3602
872588
-3464
862
-1327
-1056
-2519
3703
873613
-3147
850
-1360
-921
-2420
3496
874638
-2995
978
-1463
-795
-2113
3380
875663
-3049
1020
-1318
-813
-2708
3079
876688
-2797
1135
-1186
-1086
-3663
2866
869504
-2190
1097
-1149
-1126
-3742
2699
870529
-1772
923
-1074
-954
-3653
2321
871554
-1595
866
-959
-922
-4167
2097
872579
-1428
815
-905
-1101
-3970
2209
873604
-1521
713
-894
-743
-3696
2108
874629
-1771
865
-524
-1330
-5012
2453
875654
-1861
882
-119
-1111
-6474
2322
876679
-1153
878
476
-1307
-5479
1756
877704
-544
619
378
-1226
-3448
1520
878729
-361
411
-4
-807
-3419
1538
879754
16
170
-12
-978
-3803
1602
880779
259
-8
-162
-839
-3751
1845
881804
247
-83
-285
-823
-4198
2311
882829
323
-181
-84
-768
-4281
2455
883854
254
-177
92
-633
-3516
2162
884879
151
-133
36
-666
-3414
2035
877696
261
-114
-29
-668
-3790
2170
878721
272
-53
-19
-652
-3785
2263
879746
-3
38
-12
-691
-3820
2212
880771
-96
75
-13
-713
-3697
2145
881796
-133
72
-34
-706
-3670
2102
882821
-112
55
-51
-724
-3855
2077
883846
-13
30
-31
-729
-3834
2020
884871
44
4
-22
-718
-3831
2031
885896
37
-6
-11
-708
-3804
2062
886921
50
-17
-3
-710
-3787
2101
887946
103
-24
1
-686
-3771
2127
888971
132
-32
-2
-696
-3759
2132
889996
136
-39
-2
-699
-3722
2162
891021
79
-31
-2
-689
-3711
2197
892046
36
-22
-1
-694
-3728
2200
893071
31
-21
3
-691
-3715
2192
885888
48
-25
10
-691
-3716
2190
886913
35
-28
12
-688
-3737
2175
887938
10
-26
10
-700
-3752
2172
888963
4
-22
-1
-683
-3728
2166
889988
10
-14
3
-664
-3728
2160
891013
14
-5
15
-692
-3750
2170
892038
4
-4
10
-688
-3728
2175
893063
-8
-2
8
-688
-3733
2185
894088
-8
-7
9
-702
-3722
2189
895113
-9
-12
19
-694
-3736
2171
896138
-37
-17
27
-724
-3784
2157
897163
-83
0
24
-777
-3907
2232
898188
-13
9
6
-1004
-4183
2426
899213
323
-72
-3
-1096
-4385
2526
900238
676
-180
154
-1039
-4284
2006
901263
805
-266
405
-1553
-4901
1521
894080
912
-523
414
-1513
-4860
1749
895105
1413
-684
579
-1437
-4431
2225
896130
1754
-769
847
-1248
-3832
2537
897155
1674
-625
1113
-1015
-3831
2728
898180
1507
-531
1279
-1196
-3630
2884
899205
1463
-647
1246
-1311
-3830
2892
900230
2015
-712
1386
-1143
-3825
2880
901255
2918
-791
1540
-1216
-3609
2969
902280
3881
-1002
1562
-1135
-3184
3085
903305
4717
-1208
1468
-864
-2590
3123
904330
5475
-1163
1471
-708
-1922
3332
905355
5648
-1130
1595
-740
-1097
3565
906380
5407
-1027
1629
-476
-654
3596
907405
5017
-888
1548
-405
-52
3716
908430
4542
-691
1485
-375
296
3769
909455
3874
-545
1428
-313
683
3692
902271
3119
-367
1359
-312
771
3671
903296
2310
-247
1252
-218
1109
3601
904321
1673
-131
1124
-32
1377
3598
905346
1170
-40
1135
10
1419
3711
906371
697
28
1098
-115
1269
3761
907396
458
-7
1017
-112
1277
3713
908421
364
-56
957
-61
1316
3675
909446
304
-87
878
5
1339
3635
910471
269
-119
803
48
1364
3651
911496
256
-160
749
57
1389
3728
912521
263
-207
697
76
1404
3764
913546
258
-236
625
162
1488
3748
914571
230
-222
540
247
1536
3761
915596
180
-186
458
242
1562
3778
916621
134
-156
374
189
1574
3788
917646
104
-137
295
169
1594
3795
910465
103
-122
227
184
1641
3871
911490
99
-92
165
157
1650
3924
912515
34
-56
92
110
1663
3870
913540
-24
-41
36
100
1676
3863
914565
-76
-25
8
35
1632
3922
915590
-72
-33
2
-12
1557
3962
916615
-38
-50
-6
6
1544
3935
917640
-57
-50
-14
-3
1554
3918
918665
-101
-38
-17
-37
1504
3943
919690
-90
-48
-6
-76
1444
4008
920715
-53
-59
2
-52
1447
4030
921740
-37
-48
8
-19
1481
4019
922765
-49
-25
13
-35
1464
3995
923790
-63
-4
4
-32
1430
3961
924815
-53
14
-3
-50
1400
3945
925840
-4
15
-1
-70
1406
3940
918656
33
10
1
-55
1447
3912
919681
27
11
3
-35
1464
3889
920706
19
6
10
-41
1443
3884
921731
27
-8
12
-41
1439
3887
922756
57
-23
15
-36
1453
3912
923781
69
-31
21
-37
1488
3925
924806
56
-30
18
-51
1482
3915
925831
44
-25
7
-38
1504
3920
926856
37
-20
5
-38
1498
3934
927881
21
-19
10
-58
1501
3927
928906
2
-18
11
-51
1474
3911
929931
3
-24
18
-48
1476
3916
930956
11
-27
25
-33
1495
3948
931981
9
-23
34
-8
1498
3941
933006
9
-18
44
21
1490
3920
934031
-24
-3
41
33
1499
3859
926848
-53
9
32
-12
1477
3872
927873
-35
-7
26
-53
1447
3906
928898
11
-38
27
-26
1466
3926
929923
23
-49
19
41
1497
3892
930948
2
-34
4
47
1489
3896
931973
-8
-21
-8
33
1447
3909
932998
-1
-22
-5
31
1445
3917
934023
17
-26
-1
19
1474
3952
935048
41
-28
-5
20
1479
3974
936073
46
-26
-10
22
1495
3930
937098
35
-15
-11
23
1502
3920
938123
24
-10
-4
21
1497
3938
939148
26
-13
5
12
1517
3945
940173
18
-12
6
3
1509
3912
941198
11
-10
4
15
1496
3892
942223
9
-5
6
-10
1498
3901
935040
21
-10
5
-19
1515
3903
936065
22
-8
4
1
1518
3900
937090
8
2
-2
3
1512
3903
938115
-2
12
-10
-8
1491
3888
939140
-2
18
-18
-6
1494
3887
940165
-5
19
-20
-9
1485
3887
941190
-9
18
-19
1
1488
3904
942215
-13
16
-15
5
1490
3883
943240
-14
14
-8
-13
1483
3872
944265
-8
1
1
-19
1484
3878
945290
-5
-13
10
-11
1482
3890
946315
-4
-19
17
17
1501
3916
947340
-9
-14
17
9
1511
3919
948365
-16
-10
13
-6
1497
3895
949390
-9
-16
11
-1
1500
3896
950415
-4
-17
9
35
1508
3929
943232
-12
-5
7
47
1507
3936
944257
-26
7
0
34
1491
3907
945282
-25
12
-13
33
1503
3908
946307
-19
18
-22
61
1517
3919
947332
-28
27
-34
87
1532
3906
948357
-53
37
-57
120
1548
3886
949382
-94
48
-85
156
1558
3879
950407
-173
60
-129
226
1619
3888
951432
-439
78
-194
356
1880
3925
952457
-1127
210
-317
512
2093
3900
953482
-1832
440
-430
568
1664
3829
954507
-2092
555
-485
504
1044
3756
955532
-1991
533
-586
442
907
3710
956557
-1861
494
-763
357
977
3832
957582
-1952
489
-913
402
998
3851
958607
-2102
580
-1071
257
662
3824
951423
-2170
569
-1208
144
511
3834
952448
-2239
577
-1341
104
166
3763
953473
-2149
621
-1539
12
-85
3807
954498
-2121
615
-1646
-83
-52
3769
955523
-2389
709
-1752
-168
-262
3669
956548
-2608
788
-1823
-251
-753
3655
957573
-2514
845
-1887
-487
-1182
3799
958598
-2277
800
-1875
-804
-1312
3933
959623
-2251
753
-1863
-852
-1510
3916
960648
-2577
853
-1941
-660
-1747
3639
961673
-3035
978
-1832
-730
-2160
3360
962698
-3345
1084
-1692
-992
-2882
3355
963723
-3461
1133
-1579
-1041
-3205
3195
964748
-3411
1178
-1430
-1057
-3285
2937
965773
-3585
1133
-1228
-1109
-3746
2554
966798
-3441
1067
-1039
-1247
-4120
2334
959616
-3106
933
-840
-1450
-4214
2058
960641
-2645
733
-712
-1490
-4566
1987
961666
-1937
542
-604
-1043
-4417
1898
962691
-1435
588
-215
-1302
-4249
1846
963716
-1238
478
-201
-1364
-4455
1834
964741
-1231
396
-10
-1092
-4107
1801
965766
-1299
301
-94
-1229
-4074
1559
966791
-607
201
-84
-1022
-4314
1617
967816
51
123
76
-940
-4315
1823
968841
143
63
73
-856
-4168
1653
969866
86
8
-14
-929
-4134
1526
970891
228
-106
-77
-887
-4138
1757
971916
406
-222
-122
-823
-3938
2005
972941
456
-259
-97
-775
-3911
1998
973966
502
-225
-52
-767
-3845
2042
974991
401
-168
-51
-763
-3787
2161
967808
173
-93
-55
-717
-3834
2138
968833
7
-23
-40
-729
-3876
2049
969858
-46
7
-35
-747
-3857
1982
970883
-59
-1
-38
-732
-3882
1954
971908
-41
-18
-25
-722
-3894
1920
972933
34
-39
-15
-738
-3898
1950
973958
119
-60
-9
-740
-3858
1986
974983
128
-64
-5
-707
-3797
2005
976008
41
-38
-4
-707
-3835
2012
977033
0
-13
-1
-695
-3823
2020
978058
-49
4
-2
-696
-3798
2014
979083
-63
12
-1
-707
-3814
2006
980108
-33
13
1
-711
-3842
1991
981133
-6
5
1
-732
-3834
1963
982158
24
-10
-4
-730
-3834
1975
983183
50
-20
-3
-727
-3834
1980
976000
43
-18
-4
-720
-3821
1995
977025
21
-13
-9
-713
-3831
2000
978050
29
-12
-7
-704
-3821
2005
979075
35
-14
-4
-705
-3829
1993
980100
48
-19
-3
-714
-3835
1998
981125
43
-19
-4
-706
-3813
2019
982150
13
-10
-3
-698
-3797
2040
983175
-17
0
-1
-699
-3811
2025
984200
-16
1
0
-705
-3822
2011
985225
-9
-5
0
-708
-3833
1984
986250
18
-13
0
-713
-3846
1977
987275
47
-17
-1
-718
-3827
1998
988300
48
-20
-5
-711
-3804
1994
989325
21
-18
-11
-699
-3827
2019
990350
24
-13
-8
-695
-3808
2031
991375
27
-11
-7
-699
-3811
2011
984250
37
-13
-8
-708
-3823
2019
985275
30
-16
-8
-707
-3800
2051
986300
20
-17
-6
-690
-3788
2074
987325
5
-8
-2
-681
-3821
2008
988350
-23
5
-5
-709
-3893
2003
989375
-6
7
-1
-764
-3896
2140
990400
74
-14
18
-826
-3964
2278
991425
142
-12
75
-816
-4203
2187
992450
143
2
162
-960
-4333
1989
993475
99
-55
263
-1164
-4489
1755
994500
-25
-162
391
-1345
-4830
1756
995525
175
-305
549
-1381
-4872
2048
996550
948
-441
802
-1429
-4736
2174
997575
1695
-610
940
-1448
-4556
2101
998600
2221
-678
1136
-1471
-4557
2137
999625
2528
-853
1313
-1676
-4634
2324
992384
3346
-1245
1080
-1518
-4256
2401
993409
4417
-1406
1322
-1223
-3681
2656
994434
5464
-1580
1488
-1149
-3079
2828
995459
6505
-1733
1584
-891
-2642
3022
996484
7013
-1669
1651
-686
-1610
3197
997509
6842
-1504
1707
-576
-798
3366
998534
6222
-1273
1671
-262
-79
3458
999559
5617
-956
1785
-177
386
3646
1000584
4950
-774
1743
-91
536
3452
1001609
4292
-570
1593
19
1163
3350
1002634
3256
-385
1491
197
1501
3135
1003659
2281
-116
1376
273
1857
3226
1004684
1500
2
1357
261
1764
3243
1005709
1134
116
1274
156
1630
3437
1006734
1120
-2
1203
177
1567
3352
1007759
1188
-100
1079
251
1701
3303
1000576
1147
-157
969
375
2015
3286
1001601
963
-104
898
474
2147
3327
1002626
770
-72
805
489
2231
3456
1003651
564
-37
685
536
2348
3492
1004676
322
41
545
551
2313
3411
1005701
145
82
420
515
2309
3384
1006726
34
99
304
475
2300
3430
1007751
-8
109
201
466
2241
3466
1008776
-23
109
112
449
2223
3428
1009801
-49
100
38
386
2215
3415
1010826
-69
76
-8
296
2191
3471
1011851
-64
32
-27
229
2161
3525
1012876
-43
-11
-28
223
2147
3543
1013901
-38
-41
-22
225
2125
3534
1014926
-51
-58
-26
213
2107
3536
1015951
-65
-74
-28
174
2066
3581
1008768
-50
-77
-34
183
2059
3618
1009793
-17
-70
-35
236
2050
3627
1010818
-37
-46
-46
249
2060
3572
1011843
-75
-19
-65
187
2029
3543
1012868
-78
-14
-66
135
2024
3590
1013893
-54
-21
-57
113
2052
3614
1014918
-54
-12
-56
126
2040
3587
1015943
-53
-3
-53
109
2014
3584
1016968
-41
-7
-49
90
2015
3586
1017993
-27
-17
-35
72
2041
3598
1019018
-22
-16
-28
84
2054
3602
1020043
-25
-5
-27
106
2031
3615
1021068
-19
-3
-19
126
2026
3612
1022093
-15
-4
-12
125
2043
3598
1023118
-15
4
-9
128
2030
3607
1024143
-4
1
-1
127
2042
3615
1016960
-1
-1
5
106
2061
3609
1017985
-1
-1
3
105
2058
3597
1019010
-6
0
6
124
2044
3580
1020035
-13
4
6
122
2035
3585
1021060
-6
-2
12
113
2024
3598
1022085
4
-17
17
115
2053
3578
1023110
1
-16
16
113
2091
3592
1024135
-7
-8
11
107
2062
3605
1025160
-10
-9
4
113
2044
3575
1026185
-4
-15
1
114
2038
3582
1027210
-13
-17
2
105
2055
3599
1028235
-28
-6
0
117
2033
3589
1029260
-19
-8
5
122
2007
3606
1030285
-3
-20
9
130
2032
3612
1031310
2
-19
14
131
2039
3603
1032335
2
-9
16
137
2037
3611
1025152
0
2
18
152
2014
3610
1026177
2
7
19
149
2007
3601
1027202
4
8
18
134
2024
3598
1028227
-4
12
16
132
2029
3596
1029252
-7
16
19
149
2021
3605
1030277
-16
15
19
156
2018
3592
1031302
-17
13
18
178
2014
3583
1032327
-10
9
21
164
2034
3582
1033352
-13
2
17
122
2051
3582
1034377
-14
-4
7
118
2035
3577
1035402
2
-12
10
120
2022
3595
1036427
16
-18
12
124
2027
3600
1037452
13
-18
11
118
2039
3588
1038477
6
-16
8
118
2052
3589
1039502
-1
-12
8
129
2055
3619
1040527
-9
-2
4
139
2039
3615
1033344
-13
8
-7
151
2036
3596
1034369
-19
14
-13
175
2040
3585
1035394
-35
16
-17
194
2055
3568
1036419
-56
20
-44
258
2078
3568
1037444
-148
19
-82
323
2173
3561
1038469
-399
31
-147
405
2314
3531
1039494
-854
74
-246
529
2438
3515
1040519
-1474
196
-379
656
2414
3551
1041544
-2032
428
-538
729
2015
3534
1042569
-2159
565
-673
691
1572
3571
1043594
-2052
560
-813
604
1524
3650
1044619
-2107
590
-1009
521
1485
3666
1045644
-2331
631
-1175
398
1432
3744
1046669
-2546
738
-1329
313
1044
3814
1047694
-2667
723
-1393
217
714
3752
1048719
-2672
833
-1520
131
230
3673
1041535
-2593
754
-1581
-68
282
3590
1042560
-3158
736
-1600
-418
154
3432
1043585
-3716
815
-1689
-493
-737
3234
1044610
-3586
679
-1631
-559
-1073
3459
1045635
-3670
611
-1646
-739
-984
3450
1046660
-3780
598
-1617
-761
-1359
3425
1047685
-3534
632
-1557
-707
-2339
3454
1048710
-2881
605
-1573
-715
-2687
3479
1049735
-2420
549
-1505
-660
-2612
3467
1050760
-2407
621
-1425
-685
-2809
3434
1051785
-2531
746
-1344
-718
-3196
3219
1052810
-2368
797
-1280
-833
-3228
3151
1053835
-2388
776
-1164
-898
-3299
2941
1054860
-2366
776
-1088
-1138
-3835
2778
1055885
-2037
721
-1016
-1015
-3936
2736
1056910
-1626
620
-605
-1609
-3976
2799
1049728
-924
339
-30
-1681
-4431
2878
1050753
-1357
785
-577
-1213
-5635
3164
1051778
-1714
982
-90
-2419
-5704
2641
1052803
-1106
562
109
-1470
-3699
1971
1053828
-764
324
-25
-910
-2629
1856
1054853
-548
183
-112
-1049
-2885
1755
1055878
-479
32
-298
-989
-3387
1760
1056903
-238
-139
-477
-751
-4639
2030
1057928
534
-250
-179
-464
-5192
2404
1058953
494
-229
132
-529
-3606
2318
1059978
-79
-160
-93
-471
-3234
2280
1061003
78
-85
-105
-324
-3782
2479
1062028
286
-42
3
-511
-3653
2562
1063053
5
25
7
-636
-3528
2364
1064078
-106
68
-13
-755
-3744
2284
1065103
-56
59
-21
-709
-3709
2256
1057921
-19
42
-10
-700
-3698
2213
1058946
12
21
-8
-662
-3723
2227
1059971
54
4
-1
-644
-3690
2278
1060996
-8
11
-1
-637
-3636
2347
1062021
-122
26
-11
-619
-3659
2310
1063046
-78
37
1
-634
-3637
2306
1064071
-73
30
11
-661
-3711
2257
1065096
-52
14
15
-670
-3724
2211
1066121
-4
-7
16
-679
-3720
2214
1067146
54
-26
20
-684
-3736
2212
1068171
120
-46
19
-687
-3721
2219
1069196
136
-50
25
-658
-3675
2291
1070221
77
-29
21
-643
-3650
2332
1071246
22
1
11
-626
-3636
2321
1072271
-14
21
4
-660
-3687
2294
1073296
4
20
4
-662
-3702
2264
1066113
21
13
1
-677
-3703
2251
1067138
50
1
5
-668
-3689
2269
1068163
82
-10
6
-674
-3680
2283
1069188
98
-16
5
-670
-3672
2297
1070213
103
-20
11
-664
-3663
2314
1071238
84
-20
12
-650
-3641
2351
1072263
29
-12
9
-646
-3618
2347
1073288
-5
-4
4
-648
-3635
2330
1074313
-14
-1
4
-659
-3684
2310
1075338
-1
-6
8
-661
-3678
2307
1076363
1
-8
8
-661
-3648
2314
1077388
-4
-7
5
-657
-3643
2329
1078413
-5
-7
6
-660
-3661
2321
1079438
0
-10
6
-663
-3665
2302
1080463
10
-15
4
-661
-3675
2290
1081488
42
-26
2
-668
-3679
2289
1074304
84
-39
-4
-655
-3678
2323
1075329
78
-31
-4
-651
-3642
2358
1076354
52
-1
-7
-633
-3625
2396
1077379
19
36
-11
-641
-3618
2380
1078404
-5
51
-9
-652
-3624
2363
1079429
-29
43
-6
-678
-3627
2316
1080454
-44
26
-12
-680
-3675
2282
1081479
-30
6
-15
-680
-3666
2300
1082504
-15
-2
-11
-664
-3649
2328
1083529
-7
7
-10
-645
-3648
2386
1084554
-27
30
1
-632
-3663
2386
1085579
-57
46
22
-642
-3717
2413
1086604
-80
48
42
-708
-3771
2562
1087629
-54
66
59
-784
-3945
2775
1088654
-51
118
171
-802
-4198
2502
1089679
-133
126
335
-840
-4592
2106
1082496
-241
134
519
-1261
-4619
2056
1083521
27
-30
764
-1706
-4558
2059
1084546
563
-376
719
-1924
-4635
2323
1085571
855
-478
785
-1273
-4123
2391
1086596
764
-347
1152
-1595
-3981
2427
1087621
742
-405
1118
-1632
-4085
2370
1088646
1070
-506
1221
-1658
-4276
2306
1089671
1749
-641
1342
-1645
-4178
2349
1090696
2558
-854
1326
-1740
-4017
2467
1091721
3597
-1224
1066
-1369
-3410
2505
1092746
4242
-1225
1558
-1105
-2746
2741
1093771
4733
-1261
1512
-1127
-2485
2850
1094796
5212
-1316
1621
-1047
-2500
3034
1095821
5953
-1514
1446
-808
-1544
3001
1096846
5865
-1337
1675
-426
-571
3251
1097871
5413
-1188
1569
-408
-145
3417
1090688
4932
-1073
1560
-302
366
3607
1091713
4263
-896
1454
-76
823
3589
1092738
3432
-716
1430
-119
1116
3529
1093763
2501
-557
1371
-28
1260
3402
1094788
1818
-424
1247
6
1364
3491
1095813
1417
-374
1200
32
1456
3556
1096838
1312
-347
1105
142
1409
3615
1097863
1127
-329
942
205
1651
3521
1098888
949
-309
859
255
1854
3512
1099913
710
-262
755
310
1920
3558
1100938
430
-148
628
324
1907
3622
1101963
337
-145
517
328
1850
3608
1102988
268
-115
434
312
1898
3622
1104013
205
-78
336
260
1857
3637
1105038
232
-94
252
252
1889
3666
1106063
241
-84
168
228
1901
3728
1098881
205
-64
95
225
1976
3758
1099906
123
-38
58
189
1956
3749
1100931
35
-24
30
185
1944
3740
1101956
-53
-4
3
128
1878
3771
1102981
-38
-17
-7
87
1838
3819
1104006
-13
-33
-14
67
1824
3801
1105031
1
-42
-22
65
1807
3784
1106056
28
-78
-18
49
1774
3760
1107081
50
-81
-9
97
1811
3781
1108106
7
-50
-24
47
1790
3797
1109131
-7
-43
-21
71
1798
3778
1110156
-12
-34
-24
51
1796
3757
1111181
-6
-36
-21
27
1780
3758
1112206
-2
-29
-19
6
1804
3770
1113231
-1
-20
-23
-11
1816
3760
1114256
-11
-11
-27
-15
1799
3737
1107072
-5
-12
-20
-28
1801
3750
1108097
3
-17
-15
-31
1802
3755
1109122
-7
-7
-18
-30
1808
3728
1110147
1
-4
-16
-16
1813
3720
1111172
-13
4
-9
-18
1797
3733
1112197
-20
6
0
-44
1761
3760
1113222
-3
3
7
-74
1772
3783
1114247
23
-5
19
-48
1801
3776
1115272
17
2
28
1
1830
3773
1116297
-5
23
35
14
1820
3767
1117322
-2
29
36
23
1811
3754
1118347
12
29
28
33
1812
3734
1119372
11
31
26
24
1829
3733
1120397
9
26
26
11
1822
3732
1121422
7
16
26
40
1826
3713
1122447
-6
13
23
52
1816
3690
1115264
-19
6
17
15
1808
3693
1116289
-12
-10
12
-33
1813
3738
1117314
1
-21
14
-10
1794
3754
1118339
4
-23
21
-27
1820
3775
1119364
5
-17
13
-25
1812
3788
1120389
12
-4
11
-44
1803
3806
1121414
27
11
16
-51
1807
3819
1122439
27
34
20
-30
1823
3799
1123464
21
57
21
-20
1821
3769
1124489
19
74
22
21
1798
3748
1125514
13
84
24
39
1803
3706
1126539
6
82
27
-3
1810
3693
1127564
5
67
29
1
1819
3678
1128589
4
52
31
45
1839
3667
1129614
-14
44
17
110
1844
3649
1130639
-34
33
-2
160
1831
3629
1123456
-64
4
-25
198
1877
3641
1124481
-237
-39
-76
293
2069
3703
1125506
-752
-19
-151
427
2285
3732
1126531
-1421
174
-246
544
2046
3717
1127556
-1927
409
-329
623
1575
3684
1128581
-2269
499
-452
708
1520
3706
1129606
-2988
655
-670
897
1793
3710
1130631
-3984
1066
-889
960
1202
3527
1131656
-4391
1262
-896
740
165
3229
1132681
-3875
1293
-973
258
-483
3302
1133706
-3437
1034
-1072
-124
-233
3315
1134731
-3392
982
-1312
-120
-360
3321
1135756
-3611
1060
-1461
-75
-645
3281
1136781
-3580
1144
-1446
-477
-1199
3349
1137806
-3085
1038
-1352
-1107
-1772
3761
1138831
-2820
889
-1624
-1080
-1713
3724
1131648
-2376
1058
-1702
-750
-1742
3726
1132673
-2652
1108
-1582
-914
-1789
3483
1133698
-2970
1177
-1614
-1325
-2505
3382
1134723
-2960
999
-1641
-1653
-2785
3356
1135748
-2800
933
-1801
-1254
-3227
3092
1136773
-1976
882
-1594
-1241
-3367
3075
1137798
-1673
628
-1675
-1359
-3439
2999
1138823
-1245
356
-1457
-1174
-4064
2819
1139848
-606
267
-1326
-1422
-4442
2691
1140873
-177
95
-1104
-1416
-4112
2779
1141898
-435
77
-881
-1159
-4417
3138
1142923
-1119
471
-281
-1742
-6333
3472
1143948
-1158
559
146
-1333
-5153
2394
1144973
-768
460
252
-1031
-2540
1736
1145998
-547
266
83
-1053
-2480
1801
1147023
-403
103
-93
-749
-3186
2062
1139840
-258
58
-194
-641
-4123
2549
1140865
120
82
-88
-591
-4795
2965
1141890
137
100
85
-609
-3835
2714
1142915
-51
90
33
-507
-2909
2529
1143940
-218
84
-78
-578
-3404
2630
1144965
-168
67
-108
-560
-3726
2572
1145990
-162
58
-3
-664
-3573
2430
1147015
-256
78
-22
-735
-3591
2383
1148040
-201
67
-2
-718
-3588
2388
1149065
-126
68
10
-748
-3698
2354
1150090
-37
49
12
-721
-3628
2366
1151115
-34
36
8
-698
-3607
2400
1152140
-19
26
5
-688
-3589
2413
1153165
-62
29
8
-679
-3543
2470
1154190
-170
46
0
-679
-3593
2411
1155215
-168
55
-12
-669
-3616
2370
1148033
-195
65
-22
-680
-3652
2328
1149058
-160
62
-17
-725
-3674
2298
1150083
-115
31
-4
-724
-3670
2303
1151108
-47
26
-2
-721
-3713
2285
1152133
39
5
9
-705
-3627
2318
1153158
24
-9
5
-699
-3636
2345
1154183
10
-7
5
-690
-3646
2341
1155208
1
-5
6
-698
-3623
2344
1156233
-33
6
5
-693
-3622
2348
1157258
-40
10
0
-700
-3665
2330
1158283
-24
11
0
-696
-3639
2335
1159308
-41
8
-1
-708
-3656
2311
1160333
-13
5
1
-703
-3667
2311
1161358
11
-5
4
-702
-3657
2314
1162383
15
-8
4
-701
-3654
2330
1163408
3
-1
5
-694
-3643
2332
1156223
-6
6
2
-695
-3636
2338
1157248
-6
6
2
-707
-3646
2334
1158273
2
-2
2
-707
-3665
2308
1159298
11
-7
6
-699
-3655
2320
1160323
13
-8
6
-697
-3648
2341
1161348
6
-2
6
-699
-3630
2338
1162373
4
2
6
-707
-3646
2319
1163398
6
1
5
-701
-3662
2315
1164423
10
-4
4
-708
-3657
2324
1165448
18
-8
5
-699
-3639
2325
1166473
23
-8
6
-691
-3645
2339
1167498
18
-6
8
-700
-3636
2335
1168523
15
-6
7
-708
-3633
2342
1169548
9
-7
6
-705
-3640
2330
1170573
8
-12
4
-710
-3656
2328
1171598
19
-9
5
-697
-3646
2341
1164416
17
-5
5
-707
-3643
2331
1165441
30
-11
5
-700
-3642
2331
1166466
36
-16
8
-697
-3647
2353
1167491
14
-9
8
-704
-3620
2364
1168516
-7
0
4
-708
-3606
2357
1169541
-12
4
3
-704
-3634
2343
1170566
-11
0
6
-701
-3643
2339
1171591
-29
1
7
-704
-3639
2347
1172616
-37
1
3
-702
-3644
2338
1173641
-48
4
1
-700
-3633
2357
1174666
-87
9
1
-709
-3631
2333
1175691
-83
5
-2
-703
-3638
2325
1176716
-60
-4
-2
-705
-3659
2313
1177741
-68
-8
3
-709
-3657
2345
1178766
-84
-5
1
-702
-3614
2359
1179791
-108
8
-3
-695
-3644
2323
1172608
-122
20
-4
-708
-3728
2270
1173633
-101
15
0
-728
-3762
2267
1174658
-62
10
1
-789
-3824
2404
1175683
1
17
15
-904
-3859
2502
1176708
1
27
12
-1002
-4007
2406
1177733
-35
1
50
-1100
-4284
2351
1178758
85
-57
199
-1239
-4351
2439
1179783
183
-185
340
-1581
-4387
2348
1180808
312
-465
393
-1890
-4453
2204
1181833
416
-646
493
-1487
-4264
2196
1182858
574
-757
484
-1407
-4304
2095
1183883
1164
-913
614
-1330
-4666
2031
1184908
2007
-1073
832
-1302
-4720
2269
1185933
2663
-1224
986
-1179
-4211
2617
1186958
3004
-1255
1162
-1082
-3802
2847
1187983
3356
-1233
1366
-1041
-3686
2912
1180800
3930
-1270
1439
-877
-3287
2858
1181825
4653
-1366
1507
-826
-2762
2817
1182850
5477
-1491
1717
-577
-2318
2843
1183875
6179
-1433
1689
-186
-1416
3137
1184900
6448
-1338
1689
34
-768
3363
1185925
6320
-1225
1576
166
173
3379
1186950
5479
-903
1584
331
718
3415
1187975
4421
-602
1409
266
1039
3554
1189000
3503
-406
1358
586
1441
3469
1190025
2300
35
1158
512
1608
3567
1191050
1547
99
1042
325
1429
3512
1192075
1131
141
988
509
1599
3512
1193100
692
256
862
346
1416
3502
1194125
722
59
821
348
1517
3498
1195150
678
33
756
429
1701
3523
1196175
439
133
634
278
1687
3613
1188992
429
20
535
313
1763
3586
1190017
433
-36
446
332
1890
3650
1191042
344
-73
360
332
1996
3634
1192067
164
16
262
271
2000
3720
1193092
89
11
156
268
1939
3768
1194117
91
4
91
249
1907
3818
1195142
28
9
31
168
1896
3775
1196167
-30
3
-8
87
1839
3757
1197192
-14
-23
-27
50
1723
3819
1198217
46
-47
-30
92
1698
3880
1199242
61
-51
-40
98
1693
3868
1200267
73
-70
-45
98
1694
3805
1201292
31
-32
-49
38
1681
3786
1202317
23
-23
-47
36
1683
3797
1203342
31
-30
-38
48
1680
3783
1204367
17
-28
-34
28
1691
3745
1197445
4
-35
-34
-11
1693
3730
1198470
-19
-40
-34
-34
1719
3724
1199495
-42
-31
-43
-28
1704
3753
1200520
-51
-15
-46
-30
1689
3740
1201545
-52
-6
-47
-33
1703
3753
1202570
-57
1
-46
-27
1728
3755
1203595
-62
14
-39
-39
1736
3781
1204620
-59
14
-29
-67
1733
3806
1205645
-39
2
-20
-79
1753
3816
1206670
-12
-3
-15
-73
1764
3843
1207695
10
-32
-3
-64
1759
3826
1208720
13
-23
9
-58
1757
3846
1209745
-4
-6
0
-68
1713
3847
1210770
25
-27
13
-10
1727
3841
1211795
20
-18
16
24
1713
3832
1212820
3
-7
16
31
1690
3812
1205376
6
-5
16
6
1675
3810
1206401
22
-10
14
4
1691
3818
1207426
23
-6
17
16
1706
3798
1208451
11
4
16
25
1697
3777
1209476
-6
14
10
15
1702
3750
1210501
-11
14
7
-27
1692
3742
1211526
2
-3
12
-44
1708
3761
1212551
3
-9
18
-41
1748
3780
1213576
-8
-7
20
-18
1747
3783
1214601
-9
-9
23
-21
1746
3775
1215626
2
-14
24
-24
1737
3797
1216651
12
-13
24
3
1742
3815
1217676
12
-7
25
16
1738
3826
1218701
7
1
16
11
1734
3806
1219726
3
8
9
33
1724
3788
1220751
-4
17
9
26
1709
3798
1213568
1
13
6
5
1709
3799
1214593
1
9
5
4
1717
3786
1215618
0
9
5
7
1711
3773
1216643
1
6
4
10
1729
3760
1217668
-9
4
5
-6
1722
3767
1218693
-14
-1
1
-6
1712
3768
1219718
-3
-7
-2
-19
1731
3782
1220743
-7
-10
-6
-14
1742
3782
1221768
-22
-9
-8
8
1754
3788
1222793
-37
-1
-11
21
1744
3789
1223818
-32
2
-18
37
1730
3789
1224843
-20
1
-31
74
1758
3793
1225868
-21
0
-50
120
1812
3779
1226893
-57
3
-95
167
1890
3726
1227918
-139
14
-165
213
1956
3658
1228943
-304
15
-277
337
2049
3586
1221760
-563
36
-406
525
2092
3530
1222785
-937
69
-556
669
2073
3463
1223810
-1568
119
-728
808
2128
3449
1224835
-2545
317
-909
871
1959
3392
1225860
-3286
562
-1053
728
1233
3421
1226885
-3482
642
-1177
584
836
3574
1227910
-3688
657
-1359
425
579
3533
1228935
-3754
737
-1524
560
248
3391
1229960
-4168
876
-1559
289
-553
3104
1230985
-3999
1018
-1601
-10
-1247
3487
1232010
-4006
910
-1589
-377
-1311
3610
1233035
-3650
943
-1635
-286
-1678
3562
1234060
-3334
952
-1592
-385
-2241
3379
1235085
-2669
852
-1426
-833
-2500
3645
1236110
-2365
626
-1396
-1107
-2335
3782
1237135
-2019
683
-1492
-914
-2779
3734
1229952
-1467
579
-1296
-849
-2707
3645
1230977
-1526
560
-1268
-1099
-2964
3701
1232002
-1358
500
-1201
-1383
-3431
3755
1233027
-1114
398
-1076
-1376
-3457
3504
1234052
-896
348
-1017
-1213
-3455
3280
1235077
-810
295
-801
-1143
-3294
3338
1236102
-850
301
-534
-1243
-3335
3173
1237127
-833
234
-421
-1253
-3180
3005
1238152
-842
193
-348
-1213
-3255
2963
1239177
-539
189
-252
-1371
-3883
3416
1240202
-279
188
-115
-1371
-4149
3625
1241227
-234
200
125
-1313
-3382
3141
1242252
-372
250
84
-816
-2709
2944
1243277
-637
368
-79
-781
-2667
2968
1244302
-850
363
-184
-821
-2886
2985
1245327
-968
340
-352
-700
-3514
3024
1238144
-647
293
-344
-509
-3764
3208
1239169
-746
247
-207
-566
-3693
3023
1240194
-803
196
-220
-550
-3362
2681
1241219
-680
134
-187
-478
-3218
2661
1242244
-565
83
-137
-605
-3605
2645
1243269
-296
61
-23
-626
-3620
2529
1244294
-153
48
21
-664
-3576
2469
1245319
32
29
5
-655
-3551
2544
1246344
140
12
18
-641
-3460
2619
1247369
98
24
-5
-658
-3439
2669
1248394
85
27
-10
-619
-3374
2719
1249419
30
14
-7
-641
-3379
2740
1250444
-13
7
-4
-619
-3358
2703
1251469
-50
11
-4
-629
-3443
2648
1252494
-45
14
1
-620
-3451
2662
1253519
-106
45
-12
-616
-3385
2637
1246335
-162
77
-33
-639
-3427
2653
1247360
-118
43
-19
-672
-3502
2632
1248385
-58
21
-3
-632
-3482
2573
1249410
-4
13
1
-637
-3473
2616
1250435
-16
9
2
-641
-3449
2627
1251460
-11
8
-3
-636
-3460
2606
1252485
14
5
3
-645
-3457
2616
1253510
11
3
0
-637
-3456
2614
1254535
18
-4
-2
-638
-3458
2612
1255560
28
-9
1
-635
-3434
2632
1256585
7
-4
-2
-640
-3443
2638
1257610
8
-4
-2
-642
-3438
2644
1258635
-2
3
1
-641
-3439
2638
1259660
-19
6
-2
-648
-3461
2623
1260685
-21
2
-10
-644
-3460
2619
1261710
-4
-3
-7
-633
-3466
2615
1254529
14
-5
5
-637
-3469
2618
1255554
19
-6
7
-639
-3455
2636
1256579
7
-3
7
-634
-3435
2647
1257604
-5
4
3
-634
-3436
2630
1258629
-10
6
3
-637
-3461
2615
1259654
-1
0
6
-638
-3469
2613
1260679
16
-9
7
-639
-3467
2611
1261704
33
-18
7
-641
-3468
2624
1262729
38
-25
5
-636
-3456
2636
1263754
29
-24
4
-633
-3433
2647
1264779
1
-11
-1
-629
-3415
2672
1265804
-27
1
-6
-641
-3427
2666
1266829
-36
4
-1
-637
-3449
2623
1267854
-25
-1
-6
-637
-3487
2606
1268879
-1
-13
-7
-645
-3475
2611
1269904
12
-24
-8
-643
-3465
2630
1262720
7
-27
-12
-620
-3450
2652
1263745
-9
-21
-14
-623
-3438
2651
1264770
-20
-15
-18
-631
-3447
2641
1265795
-28
-16
-21
-653
-3476
2611
1266820
-26
-19
-24
-675
-3518
2602
1267845
7
-12
-26
-661
-3495
2728
1268870
21
7
5
-661
-3458
2877
1269895
-12
57
52
-687
-3546
2850
1270920
-67
124
121
-833
-3797
2848
1271945
-107
97
154
-1054
-3896
2803
1272970
-134
36
201
-1066
-4032
2715
1273995
-86
-18
317
-1260
-4263
2708
1275020
22
-170
440
-1590
-4406
2529
1276045
94
-331
596
-1514
-4006
2551
1277070
670
-363
638
-1311
-4357
2637
1278095
1552
-513
806
-1451
-4684
2619
1270913
2135
-672
964
-1145
-4304
2583
1271938
2223
-689
1234
-1095
-4027
2717
1272963
2566
-814
1356
-1195
-3617
2919
1273988
3166
-981
1500
-1175
-3513
3099
1275013
4020
-1053
1689
-943
-3318
3140
1276038
5287
-1192
1706
-1044
-3000
3138
1277063
6814
-1466
1785
-728
-1566
3116
1278088
6794
-1395
2094
-495
-648
3301
1279113
6079
-1105
1895
-295
-244
3426
1280138
5726
-970
1616
-216
299
3490
1281163
5183
-842
1603
125
1222
3460
1282188
4034
-366
1534
261
1603
3406
1283213
2922
-62
1396
22
1429
3430
1284238
2357
-140
1329
208
1650
3496
1285263
1695
148
1224
318
1822
3538
1286288
1237
321
1091
175
1681
3476
1279104
1091
250
958
221
1749
3333
1280129
883
254
859
150
1914
3354
1281154
682
247
772
218
2067
3327
1282179
401
320
655
191
2132
3342
1283204
154
345
530
132
2081
3212
1284229
87
328
442
97
1985
3153
1285254
203
277
389
23
1864
3153
1286279
492
82
355
-24
1929
3185
1287304
611
-102
284
98
2382
3288
1288329
302
-54
176
147
2575
3353
1289354
-11
1
137
81
2464
3446
1290379
-207
68
92
-48
2189
3526
1291404
-127
-3
79
-45
2097
3589
1292429
25
-111
82
14
2152
3638
1293454
139
-192
65
135
2300
3609
1294479
-31
-93
18
14
2282
3667
1287296
-108
-53
-14
-32
2119
3649
1288321
-33
-82
-23
-33
2093
3644
1289346
9
-91
-43
-39
2106
3620
1290371
13
-94
-65
-53
2128
3601
1291396
-14
-86
-79
-78
2125
3575
1292421
-57
-79
-86
-132
2123
3555
1293446
-100
-73
-109
-109
2100
3520
1294471
-137
-64
-127
-98
2049
3509
1295496
-154
-45
-126
-163
1993
3529
1296521
-115
-45
-116
-202
1967
3567
1297546
-53
-48
-105
-186
1957
3586
1298571
-11
-55
-89
-176
2006
3592
1299596
-20
-53
-76
-183
2064
3592
1300621
-59
-42
-65
-194
2085
3589
1301646
-97
-25
-58
-185
2045
3605
1302671
-87
-16
-43
-187
1986
3624
1295489
-37
-29
-29
-177
2012
3634
1296514
-11
-27
-25
-174
2049
3638
1297539
-12
-7
-27
-192
2013
3636
1298564
1
-4
-24
-204
2003
3630
1299589
22
-2
-19
-185
2009
3638
1300614
13
2
-9
-150
2018
3634
1301639
-13
4
-2
-151
2017
3634
1302664
-42
12
3
-172
2007
3657
1303689
-45
12
17
-181
2014
3650
1304714
-34
17
32
-153
1988
3612
1305739
-11
17
45
-122
2006
3588
1306764
13
7
51
-124
2044
3602
1307789
14
-2
40
-136
2059
3604
1308814
-8
-5
32
-132
2071
3598
1309839
-29
-3
27
-139
2047
3594
1310864
-14
-5
26
-132
2007
3610
1303680
24
-11
31
-139
1997
3608
1304705
39
-22
31
-132
2044
3577
1305730
36
-28
24
-113
2034
3577
1306755
11
-27
23
-117
2048
3603
1307780
-16
-18
16
-113
2024
3591
1308805
-19
-21
14
-112
1998
3584
1309830
-7
-26
19
-112
2028
3616
1310855
-7
-28
17
-111
2051
3627
1311880
-8
-24
8
-100
2031
3620
1312905
-6
-18
6
-94
2028
3612
1313930
3
-17
4
-108
2037
3619
1314955
4
-18
-1
-118
2041
3629
1315980
-3
-9
-9
-120
2029
3623
1317005
-11
-2
-7
-98
2020
3605
1318030
-12
2
-4
-95
2017
3608
1319055
-11
-2
-1
-130
2027
3624
1311872
-14
-10
-6
-141
2022
3598
1312897
-18
-18
-7
-104
2025
3583
1313922
-44
-22
-8
-89
2052
3602
1314947
-98
-22
-17
-95
2060
3603
1315972
-131
-24
-22
-122
2005
3602
1316997
-92
-32
-8
-123
1927
3618
1318022
-41
-38
-7
-96
1972
3615
1319047
-11
-43
-20
-59
2044
3614
1320072
-40
-37
-38
-32
2061
3587
1321097
-104
-44
-67
1
2066
3556
1322122
-210
-67
-101
77
2088
3512
1323147
-399
-80
-150
158
2143
3433
1324172
-703
-84
-235
296
2194
3346
1325197
-1164
-8
-343
484
2056
3317
1326222
-1632
127
-440
626
1799
3300
1327247
-1935
209
-515
686
1440
3259
1320064
-2055
200
-601
654
1198
3162
1321089
-1947
118
-665
550
991
3305
1322114
-1833
15
-784
457
968
3620
1323139
-2102
-43
-986
612
1383
3776
1324164
-3016
171
-1185
570
1364
3736
1325189
-3421
393
-1338
485
594
3794
1326214
-3972
508
-1324
171
671
3954
1327239
-5195
909
-1527
-141
368
3897
1328264
-5853
1474
-1759
-261
-1125
3700
1329289
-5459
1571
-1714
-651
-2280
3339
1330314
-4425
1521
-1675
-954
-2796
3430
1331339
-3803
1351
-1620
-1020
-2627
3547
1332364
-3329
1352
-1522
-975
-2870
3415
1333389
-3075
1225
-1293
-1220
-3126
3232
1334414
-2938
1096
-1206
-1583
-3353
3099
1335439
-2492
903
-1196
-1525
-3552
2877
1328257
-1650
694
-1079
-1326
-3599
2738
1329282
-1390
504
-991
-1061
-3375
2686
1330307
-1250
427
-897
-1140
-3666
2682
1331332
-751
343
-863
-1771
-3727
2927
1332357
-823
201
-441
-1902
-4624
3267
1333382
-1384
562
-46
-1614
-6097
3104
1334407
-1139
525
154
-1597
-4936
2214
1335432
-387
347
128
-1242
-2612
1976
1336457
-297
271
-129
-1123
-2418
1944
1337482
-359
127
-377
-903
-3111
2050
1338507
-679
188
-491
-841
-4506
2468
1339532
-351
103
-507
-647
-4935
2594
1340557
28
-20
-70
-614
-3763
2367
1341582
-68
-71
-17
-620
-3518
2213
1342607
34
-93
-144
-410
-3650
2386
1343632
174
-73
-32
-548
-3723
2449
1336447
150
-56
39
-672
-3625
2332
1337472
82
-1
29
-680
-3586
2402
1338497
40
33
28
-765
-3570
2458
1339522
16
50
8
-746
-3583
2419
1340547
-6
51
0
-741
-3635
2376
1341572
-28
48
-15
-714
-3622
2401
1342597
-75
51
-21
-681
-3618
2386
1343622
-93
43
-20
-674
-3606
2347
1344647
-71
51
-13
-683
-3641
2341
1345672
-40
42
-6
-700
-3675
2318
1346697
-30
42
-7
-713
-3641
2328
1347722
-10
32
-6
-718
-3634
2334
1348747
11
25
-8
-710
-3639
2346
1349772
10
21
-13
-722
-3657
2318
1350797
39
9
-14
-713
-3643
2334
1351822
49
0
-4
-702
-3635
2368
1344640
38
-2
2
-699
-3617
2351
1345665
36
-1
1
-697
-3611
2362
1346690
18
1
1
-694
-3630
2374
1347715
3
5
4
-697
-3614
2374
1348740
-9
8
2
-711
-3631
2346
1349765
-8
8
3
-711
-3620
2378
1350790
-35
14
5
-712
-3600
2372
1351815
-49
19
1
-703
-3623
2342
1352840
-46
21
0
-704
-3658
2339
1353865
-24
14
1
-708
-3657
2327
1354890
-4
6
1
-711
-3646
2323
1355915
13
1
3
-714
-3648
2329
1356940
29
-2
3
-707
-3639
2349
1357965
28
-3
3
-711
-3624
2348
1358990
16
-3
1
-707
-3607
2371
1360015
-8
4
0
-716
-3620
2363
1352832
-20
10
-3
-708
-3625
2354
1353857
-21
10
-4
-705
-3635
2339
1354882
-9
4
-1
-711
-3654
2332
1355907
-1
-1
2
-713
-3638
2350
1356932
-6
1
0
-706
-3615
2358
1357957
-3
6
0
-708
-3628
2341
1358982
0
7
1
-707
-3643
2342
1360007
-8
8
2
-706
-3635
2354
1361032
-19
10
2
-708
-3633
2352
1362057
-19
14
1
-711
-3641
2329
1363082
-6
10
-4
-723
-3666
2322
1364107
7
-2
-14
-708
-3646
2329
1365132
19
-8
2
-702
-3633
2346
1366157
16
-7
5
-712
-3632
2335
1367182
22
-9
-3
-706
-3658
2344
1368207
29
-5
0
-697
-3619
2353
1361023
21
-5
-1
-705
-3626
2360
1362048
19
-7
5
-701
-3624
2367
1363073
8
-7
8
-708
-3613
2364
1364098
-7
-5
5
-711
-3633
2354
1365123
-16
0
2
-718
-3640
2354
1366148
-7
2
2
-716
-3654
2387
1367173
-15
10
6
-709
-3667
2429
1368198
-51
26
19
-735
-3696
2495
1369223
-89
41
28
-780
-3745
2615
1370248
-128
95
32
-740
-3783
2813
1371273
-252
203
99
-726
-3704
2801
1372298
-489
364
160
-852
-3558
2587
1373323
-651
365
235
-1238
-3893
2244
1374348
-537
250
208
-1344
-4185
1984
1375373
-274
54
241
-1503
-4569
1924
1376398
305
-128
306
-1495
-4848
2001
1369216
1031
-320
336
-1376
-4608
2071
1370241
1500
-416
406
-1311
-4219
2147
1371266
1562
-378
512
-1187
-3768
2310
1372291
1783
-474
658
-1385
-4048
2311
1373316
2299
-601
765
-1277
-4222
2391
1374341
2902
-725
900
-1265
-4072
2646
1375366
3548
-912
942
-1438
-3912
2876
1376391
4322
-1138
955
-1030
-3050
2840
1377416
4681
-1106
1327
-900
-2624
2956
1378441
5266
-1210
1335
-1163
-2503
3164
1379466
6228
-1455
1494
-741
-1378
3413
1380491
6312
-1368
1530
-491
-583
3695
1381516
6177
-1243
1540
-493
-310
3768
1382541
6064
-1228
1535
-330
211
3661
1383566
5150
-927
1484
-65
841
3582
1384591
3986
-507
1353
0
1160
3481
1377408
3441
-530
1293
205
1781
3411
1378433
2288
17
1256
261
1992
3657
1379458
1452
277
1190
-16
1469
3654
1380483
1377
110
1188
174
1538
3496
1381508
1119
248
1162
154
1561
3464
1382533
1081
175
1129
125
1607
3412
1383558
1111
84
1085
226
1903
3346
1384583
905
209
1007
388
2113
3305
1385608
592
331
938
281
2082
3206
1386633
623
191
860
258
2137
3218
1387658
546
221
777
337
2285
3258
1388683
402
304
680
338
2242
3208
1389708
422
241
598
392
2430
3184
1390733
276
272
510
350
2509
3161
1391758
152
264
428
324
2499
3114
1392783
68
210
363
335
2562
3156
1385599
-55
190
288
297
2579
3212
1386624
-125
174
218
223
2434
3230
1387649
-73
119
172
214
2395
3296
1388674
-9
71
138
214
2418
3336
1389699
67
0
109
209
2385
3336
1390724
136
-105
87
290
2506
3355
1391749
-31
-28
43
236
2459
3374
1392774
-67
-26
7
189
2330
3418
1393799
-5
-65
-10
183
2309
3459
1394824
32
-69
-20
209
2263
3458
1395849
116
-83
-23
182
2188
3425
1396874
223
-148
-28
219
2310
3413
1397899
122
-98
-58
215
2412
3435
1398924
-39
-53
-74
191
2311
3417
1399949
-82
-50
-60
169
2243
3422
1400974
-80
-48
-50
163
2226
3436
1393792
-29
-50
-40
139
2200
3431
1394817
22
-63
-31
131
2267
3419
1395842
14
-65
-29
101
2350
3432
1396867
-37
-44
-31
97
2321
3433
1397892
-52
-25
-31
110
2274
3429
1398917
-31
-11
-28
130
2241
3420
1399942
-3
-11
-19
139
2274
3414
1400967
-10
-12
-18
134
2299
3412
1401992
-48
-9
-19
127
2293
3425
1403017
-77
-2
-13
132
2266
3430
1404042
-50
5
5
125
2213
3429
1405067
21
-10
14
133
2268
3440
1406092
33
-16
5
154
2345
3427
1407117
-5
-7
-5
142
2331
3420
1408142
-26
0
-4
114
2295
3427
1409167
4
-6
-6
114
2293
3423
1401985
37
-15
-9
122
2321
3424
1403010
28
-20
-17
135
2350
3416
1404035
-6
-11
-23
135
2325
3408
1405060
-13
-4
-22
130
2263
3406
1406085
20
-9
-21
153
2272
3402
1407110
20
-11
-23
154
2309
3393
1408135
-13
-8
-25
125
2288
3403
1409160
-36
-10
-22
119
2266
3393
1410185
-38
-6
-13
132
2243
3372
1411210
-10
-11
-9
152
2259
3384
1412235
3
-20
-17
152
2303
3390
1413260
-9
-10
-26
139
2267
3368
1414285
17
-5
-36
158
2243
3347
1415310
48
-24
-63
232
2394
3326
1416335
-35
-23
-130
312
2464
3278
1417360
-190
-15
-213
350
2446
3269
1410386
-368
-26
-329
403
2509
3255
1411411
-628
-56
-473
487
2621
3210
1412436
-1146
-60
-648
677
2718
3192
1413461
-1838
138
-858
800
2625
3196
1414486
-2488
417
-1017
650
2162
3241
1415511
-2827
546
-1120
310
1702
3391
1416536
-3185
554
-1272
253
1898
3601
1417561
-4340
794
-1456
322
2213
3366
1418586
-5392
1336
-1621
268
926
3114
1419611
-5257
1559
-1464
-140
-806
3318
1420636
-4415
1295
-1287
-445
-950
3819
1421661
-4071
1200
-1408
-240
-468
3824
1422686
-4346
1337
-1393
-183
-973
3599
1423711
-4589
1429
-1188
-519
-1461
3607
1424736
-4746
1495
-1220
-687
-2024
3433
1425761
-4504
1395
-1207
-639
-2626
2988
1418368
-3612
1312
-1149
-983
-2897
3082
1419393
-3334
992
-1149
-1088
-2843
2804
1420418
-3165
886
-1330
-1028
-3376
2640
1421443
-2358
783
-1233
-1143
-3714
2701
1422468
-1947
564
-1147
-1374
-3791
2517
1423493
-1655
374
-1260
-1473
-3960
2354
1424518
-1357
268
-1250
-1338
-3852
2294
1425543
-1331
239
-1124
-1161
-3803
2382
1426568
-1470
364
-1045
-1379
-4090
2232
1427593
-838
255
-944
-1411
-4149
2154
1428618
-335
207
-730
-1309
-4083
2094
1429643
-53
263
-561
-1522
-3812
2255
1430668
-137
122
-33
-1632
-3854
2208
1431693
-228
176
46
-1668
-4628
2500
1432718
-268
249
158
-1660
-5235
2265
1433743
-321
397
51
-1566
-4340
1966
1426560
-161
257
112
-1339
-3477
1818
1427585
-287
307
-207
-923
-3379
1850
1428610
-106
296
-306
-1004
-4002
2047
1429635
284
103
-221
-829
-4244
2212
1430660
230
68
-185
-683
-3935
2299
1431685
11
30
-149
-678
-3625
2243
1432710
-51
-11
-128
-631
-3634
2237
1433735
-5
-31
-59
-599
-3780
2232
1434760
-14
-10
-19
-664
-3835
2196
1435785
-70
1
9
-736
-3744
2129
1436810
-71
11
15
-752
-3757
2106
1437835
-74
17
23
-788
-3764
2114
1438860
-93
24
10
-801
-3809
2079
1439885
-53
16
1
-768
-3751
2082
1440910
-67
23
-3
-754
-3799
2097
1441935
-37
13
-5
-739
-3786
2074
1434752
0
8
4
-745
-3763
2097
1435777
-47
14
4
-747
-3802
2091
1436802
-16
13
8
-750
-3764
2083
1437827
15
8
8
-758
-3763
2090
1438852
-11
11
5
-760
-3804
2086
1439877
-8
12
3
-759
-3770
2082
1440902
-34
19
-4
-751
-3761
2117
1441927
-111
28
-14
-750
-3791
2086
1442952
-91
35
-7
-751
-3740
2086
1443977
-108
31
-8
-758
-3774
2071
1445002
-139
40
-26
-737
-3792
2029
1446027
-74
28
-11
-767
-3816
2003
1447052
8
-1
6
-765
-3826
2032
1448077
15
-8
5
-761
-3791
2036
1449102
30
-15
3
-756
-3793
2051
1450127
18
-12
5
-752
-3795
2065
1442945
7
-7
4
-755
-3780
2060
1443970
7
-6
3
-752
-3788
2058
1444995
0
-2
5
-759
-3809
2038
1446020
14
-3
3
-758
-3802
2038
1447045
30
-10
3
-759
-3792
2055
1448070
27
-9
4
-762
-3798
2050
1449095
28
-6
2
-752
-3779
2061
1450120
22
-4
1
-753
-3772
2079
1451145
2
0
1
-750
-3787
2074
1452170
-3
2
2
-750
-3783
2060
1453195
2
-1
3
-751
-3800
2051
1454220
8
-3
6
-755
-3813
2046
1455245
21
-6
6
-751
-3782
2062
1456270
25
-8
6
-761
-3787
2054
1457295
37
-14
3
-754
-3791
2061
1458320
25
-12
5
-748
-3777
2094
1451135
9
-4
6
-749
-3758
2097
1452160
-6
3
4
-753
-3772
2081
1453185
-7
4
2
-756
-3803
2054
1454210
8
-1
2
-761
-3791
2057
1455235
17
-3
3
-757
-3790
2067
1456260
16
-4
3
-752
-3776
2075
1457285
14
-5
1
-755
-3769
2081
1458310
10
-7
0
-756
-3775
2074
1459335
14
-10
-2
-746
-3794
2065
1460360
17
-9
1
-740
-3787
2088
1461385
6
-4
4
-746
-3759
2100
1462410
-4
0
4
-747
-3766
2090
1463435
-8
1
4
-757
-3771
2077
1464460
-3
0
2
-757
-3796
2061
1465485
9
-2
-1
-769
-3783
2058
1466510
17
-1
-8
-771
-3787
2062
1459328
29
-5
-13
-767
-3806
2061
1460353
34
-20
-15
-801
-3818
2113
1461378
61
-35
-25
-887
-3837
2242
1462403
172
-49
-17
-907
-4046
2388
1463428
282
-70
81
-1010
-4357
2374
1464453
349
-77
260
-1255
-4155
2288
1465478
141
-69
418
-1506
-4073
2056
1466503
153
-156
486
-1822
-4273
2008
1467528
530
-371
444
-1992
-4349
2157
1468553
993
-531
460
-1611
-4408
2318
1469578
1687
-642
572
-1519
-4569
2481
1470603
2549
-852
609
-1644
-4428
2578
1471628
3350
-1052
774
-1270
-4161
2659
1472653
3978
-1121
978
-1238
-4031
2822
1473678
4943
-1279
943
-1353
-4026
3026
1474703
6015
-1459
1182
-647
-2804
3010
1467520
6032
-1124
1548
-524
-2309
3397
1468545
6134
-996
1548
-716
-1883
3617
1469570
6802
-1280
1623
-388
-852
3408
1470595
5961
-917
1771
-62
-74
3827
1471620
4864
-539
1607
-166
199
3734
1472645
4218
-370
1656
-182
384
3662
1473670
3542
-166
1504
129
913
3615
1474695
2946
-13
1424
76
1326
3590
1475720
2321
148
1366
219
1603
3546
1476745
1607
342
1252
155
1583
3435
1477770
1388
203
1239
109
1547
3400
1478795
1122
203
1193
265
1767
3404
1479820
694
303
1075
171
1659
3275
1480845
671
161
1003
241
1756
3226
1481870
584
163
939
292
1882
3204
1482895
489
141
865
249
1909
3156
1475746
463
4
782
258
2112
3190
1476771
344
-56
667
375
2328
3263
1477796
106
39
522
377
2330
3366
1478821
-19
90
389
307
2201
3412
1479846
-61
86
279
227
2129
3406
1480871
-33
34
197
211
2189
3451
1481896
-28
7
140
210
2222
3531
1482921
-61
-9
98
175
2172
3553
1483946
-71
-11
46
125
2069
3571
1484971
-8
-36
18
99
2000
3597
1485996
94
-88
15
89
2063
3652
1487021
117
-121
3
91
2116
3659
1488046
52
-110
-22
90
2100
3652
1489071
-12
-87
-43
68
2039
3637
1490096
-11
-87
-46
48
1992
3641
1491121
12
-93
-50
55
1983
3658
1483905
14
-86
-62
49
1997
3647
1484930
8
-55
-74
32
1964
3613
1485955
23
-38
-81
13
1962
3606
1486980
32
-29
-83
7
1971
3585
1488005
19
-20
-76
-12
1964
3592
1489030
21
-21
-60
-35
1971
3588
1490055
47
-25
-38
-48
1957
3622
1491080
77
-45
-16
-40
2025
3619
1492105
67
-56
-1
-25
2105
3597
1493130
27
-37
-2
-54
2095
3606
1494155
17
-40
-1
-28
2064
3605
1495180
46
-72
13
-2
2081
3612
1496205
39
-73
28
25
2090
3592
1497230
18
-65
35
-5
2066
3613
1498255
28
-82
42
1
2075
3624
1499280
33
-88
49
2
2066
3620
1492096
47
-91
48
24
2070
3624
1493121
56
-82
45
64
2064
3615
1494146
67
-61
40
86
2028
3608
1495171
88
-44
41
80
2007
3611
1496196
134
-47
47
75
2011
3599
1497221
158
-44
38
80
2110
3579
1498246
97
-10
18
95
2133
3559
1499271
17
22
9
84
2095
3553
1500296
4
31
19
45
2027
3552
1501321
44
9
33
34
2087
3561
1502346
67
-4
42
60
2123
3581
1503371
61
10
54
84
2110
3556
1504396
61
8
56
86
2154
3543
1505421
55
10
46
74
2132
3534
1506446
72
15
50
88
2108
3528
1507471
121
-20
50
69
2169
3531
1500287
128
-28
41
150
2236
3542
1501312
-2
41
16
109
2165
3517
1502337
-10
42
14
90
2091
3518
1503362
26
21
26
93
2104
3511
1504387
46
4
32
101
2163
3494
1505412
19
8
21
127
2180
3474
1506437
-7
17
11
130
2131
3475
1507462
3
5
9
118
2125
3483
1508487
7
-9
4
137
2148
3484
1509512
-13
-11
-1
158
2137
3470
1510537
-28
-16
-1
152
2127
3477
1511562
-36
-25
-6
111
2138
3504
1512587
-35
-30
-17
82
2140
3521
1513612
-26
-28
-26
80
2162
3526
1514637
-25
-22
-34
76
2177
3537
1515662
-33
-15
-34
50
2166
3551
1508481
-29
-13
-26
22
2154
3568
1509506
-14
-14
-15
-7
2154
3571
1510531
-9
-11
-7
-8
2156
3563
1511556
-6
-5
7
11
2154
3573
1512581
-4
-1
13
47
2156
3560
1513606
-22
10
11
103
2159
3529
1514631
-60
12
-6
174
2178
3512
1515656
-147
12
-45
248
2243
3512
1516681
-287
23
-97
305
2256
3466
1517706
-418
47
-174
354
2173
3456
1518731
-552
87
-238
402
2043
3388
1519756
-575
90
-301
447
1940
3313
1520781
-581
86
-398
535
1885
3211
1521806
-631
86
-529
632
1850
3092
1522831
-758
103
-690
674
1802
2990
1523856
-896
124
-831
595
1755
3001
1516672
-1067
74
-975
419
1879
3160
1517697
-1638
33
-1167
423
2023
3234
1518722
-2620
188
-1326
522
1855
3187
1519747
-3481
444
-1429
500
1391
3251
1520772
-4065
602
-1511
391
881
3406
1521797
-4375
663
-1522
216
590
3734
1522822
-4786
719
-1513
-48
45
3847
1523847
-4915
798
-1514
36
-424
3879
1524872
-5357
926
-1625
-247
-1056
3855
1525897
-5009
1020
-1761
-432
-1954
3917
1526922
-4293
777
-1451
-803
-2175
3907
1527947
-4480
916
-1729
-1027
-2734
3601
1528972
-4052
941
-1715
-753
-3371
3488
1529997
-3603
952
-1529
-1152
-3754
3281
1531022
-3107
791
-1299
-1361
-3525
3019
1532047
-3246
722
-1264
-1175
-3761
2771
1524865
-2799
761
-1109
-1200
-4224
2455
1525890
-1883
517
-805
-1323
-3990
2507
1526915
-1677
431
-692
-1619
-4012
2492
1527940
-1169
530
-272
-1436
-4928
2869
1528965
-1301
609
-11
-2028
-4736
2740
1529990
-899
362
408
-1508
-4093
1913
1531015
-904
469
-32
-1253
-3245
1841
1532040
-879
390
-79
-1225
-3358
1752
1533065
-641
392
-312
-998
-4181
1951
1534090
-26
192
-68
-909
-4747
2012
1535115
324
103
59
-692
-4055
2111
1536140
63
53
-9
-749
-4004
2304
1537165
-56
-74
-99
-635
-3904
2279
1538190
178
-144
-122
-437
-3597
2209
1539215
403
-158
-16
-509
-3500
2359
1540240
99
-81
-25
-625
-3693
2333
1533057
-65
16
-5
-686
-3766
2219
1534082
-16
40
68
-799
-3708
2181
1535107
8
39
43
-761
-3742
2155
1536132
-6
46
13
-770
-3768
2153
1537157
22
28
-1
-740
-3764
2142
1538182
64
6
-12
-709
-3721
2175
1539207
65
-8
-9
-691
-3740
2188
1540232
83
-19
-4
-692
-3730
2207
1541257
29
-5
-3
-689
-3712
2228
1542282
-10
11
-6
-708
-3704
2228
1543307
17
8
3
-701
-3707
2212
1544332
-13
15
0
-701
-3733
2201
1545357
-8
14
-4
-704
-3733
2178
1546382
25
7
-1
-707
-3737
2170
1547407
36
2
-1
-709
-3754
2180
1548432
50
0
-6
-694
-3712
2197
1541247
35
1
-11
-692
-3708
2223
1542272
13
3
-10
-697
-3721
2218
1543297
19
1
-2
-700
-3710
2226
1544322
17
-2
2
-701
-3710
2213
1545347
13
-4
4
-703
-3710
2223
1546372
-3
-3
7
-704
-3709
2225
1547397
-10
-2
7
-697
-3706
2211
1548422
-9
-4
7
-700
-3729
2202
1549447
3
-7
7
-705
-3727
2205
1550472
5
-8
7
-702
-3718
2219
1551497
-7
-1
7
-698
-3709
2226
1552522
-12
4
5
-691
-3705
2212
1553547
-8
2
3
-703
-3733
2199
1554572
5
0
2
-705
-3734
2189
1555597
11
0
0
-705
-3728
2201
1556622
10
0
0
-693
-3704
2234
1549535
5
1
1
-699
-3707
2228
1550560
1
0
1
-703
-3714
2197
1551585
5
-1
1
-706
-3737
2217
1552610
2
-1
2
-702
-3706
2215
1553635
-4
-1
1
-691
-3701
2220
1554660
-9
-1
2
-703
-3715
2221
1555685
-13
0
3
-701
-3731
2212
1556710
-11
-2
4
-701
-3727
2206
1557735
-8
-4
5
-700
-3709
2206
1558760
-6
-1
2
-708
-3728
2208
1559785
0
2
2
-705
-3741
2201
1560810
8
1
4
-696
-3701
2210
1561835
6
-2
4
-702
-3710
2219
1562860
0
3
2
-705
-3734
2212
1563885
-3
6
0
-698
-3704
2218
1564910
-6
6
-1
-699
-3711
2197
1557632
7
2
-2
-708
-3742
2201
1558657
16
1
-1
-709
-3714
2222
1559682
3
2
-1
-695
-3703
2213
1560707
-8
2
0
-688
-3713
2220
1561732
-9
1
5
-699
-3723
2217
1562757
-7
-4
8
-705
-3725
2198
1563782
-10
-9
8
-702
-3711
2210
1564807
-14
-6
6
-708
-3726
2217
1565832
-17
-1
5
-711
-3747
2174
1566857
-31
7
-9
-700
-3749
2190
1567882
-97
27
-27
-746
-3749
2277
1568907
-107
26
-8
-788
-3814
2447
1569932
-141
81
36
-866
-3890
2679
1570957
-314
123
154
-902
-4148
2395
1571982
-594
143
295
-1291
-4278
2130
1573007
-765
70
423
-1583
-4416
2049
1565824
-462
-59
550
-1904
-4678
2104
1566849
49
-212
502
-1934
-4493
2124
1567874
387
-236
591
-1631
-4572
2158
1568899
623
-383
637
-1792
-4788
2092
1569924
983
-493
672
-1594
-4601
1974
1570949
1308
-589
966
-1666
-4648
2039
1571974
1758
-781
1084
-1714
-4482
2053
1572999
2406
-976
1042
-1380
-4277
2076
1574024
3245
-1167
1093
-1255
-4070
2083
1575049
4405
-1302
1226
-1189
-3862
2213
1576074
5814
-1473
1364
-957
-3168
2405
1577099
6769
-1499
1626
-587
-2603
2544
1578124
7988
-1538
1579
-564
-1908
2828
1579149
8925
-1704
1834
-338
-754
3080
1580174
8546
-1722
1884
-70
271
3445
1581199
7090
-1293
1674
153
896
3451
1574017
5289
-599
1528
205
1220
3183
1575042
4078
-376
1413
354
1921
3049
1576067
2678
57
1273
465
2365
3211
1577092
1355
385
1128
260
2143
3205
1578117
710
453
1019
254
1881
3227
1579142
443
447
937
212
1756
3197
1580167
484
360
896
144
1763
3174
1581192
650
223
861
156
1912
3168
1582217
665
106
810
248
2182
3114
1583242
566
-35
749
228
2368
3033
1584267
314
-16
659
304
2604
3127
1585292
-39
60
533
219
2479
3136
1586317
-82
61
426
193
2334
3252
1587342
-33
12
337
135
2306
3306
1588367
29
-65
263
138
2401
3352
1589392
23
-91
190
113
2418
3397
1582209
10
-115
127
129
2397
3476
1583234
-66
-90
61
120
2361
3497
1584259
-133
-51
0
46
2250
3467
1585284
-45
-93
-26
23
2190
3497
1586309
51
-139
-31
26
2237
3561
1587334
12
-107
-67
26
2238
3563
1588359
-11
-80
-94
9
2206
3538
1589384
39
-93
-95
-61
2123
3541
1590409
227
-198
-70
-41
2091
3506
1591434
227
-142
-64
-31
2330
3611
1592459
7
-44
-98
-69
2217
3511
1593484
16
-63
-92
-31
2207
3500
1594509
-35
-46
-88
-60
2178
3493
1595534
-59
-34
-83
-67
2138
3494
1596559
-44
-36
-76
-72
2166
3490
1597584
-33
-32
-78
-58
2189
3500
1590399
-39
-17
-75
-76
2179
3488
1591424
-29
-14
-65
-93
2172
3493
1592449
-11
-25
-52
-92
2196
3511
1593474
-7
-29
-32
-85
2192
3529
1594499
-3
-41
-26
-86
2242
3515
1595524
-21
-35
-34
-60
2234
3510
1596549
-35
-27
-31
-59
2184
3513
1597574
-14
-27
-24
-53
2163
3543
1598599
6
-34
-18
-42
2183
3536
1599624
8
-33
-15
-14
2189
3522
1600649
0
-30
-9
-2
2184
3512
1601674
-6
-34
-9
-25
2180
3504
1602699
-5
-35
-5
-67
2186
3507
1603724
-1
-35
-1
-69
2182
3496
1604749
1
-34
1
-66
2183
3496
1605774
4
-29
4
-51
2165
3484
1598592
4
-27
8
-47
2172
3484
1599617
-2
-14
15
-62
2155
3495
1600642
7
-9
20
-60
2173
3504
1601667
5
-3
18
-44
2199
3481
1602692
-10
6
15
-32
2195
3470
1603717
-24
15
12
-17
2187
3474
1604742
-32
21
15
-19
2165
3479
1605767
-15
6
20
-27
2177
3507
1606792
-6
-14
21
-21
2211
3523
1607817
-23
-14
20
-10
2217
3515
1608842
-19
-10
24
-4
2200
3531
1609867
-1
-14
24
-6
2186
3530
1610892
17
-24
23
-11
2201
3522
1611917
11
-22
14
-7
2223
3534
1612942
-3
-8
9
0
2200
3533
1613967
5
-4
6
-7
2182
3516
1606784
15
-10
-2
9
2205
3501
1607809
10
-10
-9
2
2213
3488
1608834
-1
-13
-19
10
2216
3467
1609859
-24
-10
-35
45
2213
3462
1610884
-71
-17
-64
97
2301
3429
1611909
-209
-44
-123
178
2470
3389
1612934
-580
-166
-214
274
2895
3397
1613959
-1530
-84
-394
523
3034
3468
1614984
-2715
477
-620
614
2534
3450
1616009
-3238
904
-794
594
1803
3532
1617034
-3165
1011
-945
615
1484
3619
1618059
-3051
1052
-1036
563
1176
3615
1619084
-2965
1147
-1160
491
806
3656
1620109
-3022
1163
-1205
352
863
3691
1621134
-3531
1285
-1317
156
403
3509
1622159
-3357
1279
-1363
-59
-309
3601
1614976
-3226
995
-1279
-161
-145
3482
1616001
-3846
1121
-1467
-263
-549
3253
1617026
-3865
1087
-1429
-359
-1044
3283
1618051
-4221
1021
-1400
-784
-1638
3033
1619076
-4039
1011
-1485
-994
-2022
3006
1620101
-3737
915
-1541
-1010
-2600
2767
1621126
-2880
751
-1504
-1113
-2645
3047
1622151
-2822
590
-1512
-1279
-2593
2999
1623176
-2909
697
-1590
-1501
-3041
2749
1624201
-2385
764
-1518
-1673
-3439
2625
1625226
-1783
555
-1408
-1614
-3537
2701
1626251
-1493
510
-1384
-1609
-3611
2733
1627276
-1421
504
-1224
-1638
-3568
2534
1628301
-1644
533
-1050
-1591
-3575
2491
1629326
-2237
549
-1047
-1690
-3879
2237
1630351
-1604
248
-1094
-1442
-4217
2089
1623169
-547
-1
-451
-1924
-4380
2338
1624194
-196
26
-348
-1230
-4881
2951
1625219
-832
472
-687
-2156
-6913
3399
1626244
-518
460
56
-1508
-5569
2121
1627269
-435
355
242
-812
-2771
1645
1628294
-393
224
-20
-1073
-2828
1846
1629319
-7
-16
-126
-923
-3860
2139
1630344
240
-141
-178
-607
-4309
2268
1631369
228
-127
-87
-628
-4069
2319
1632394
58
-77
-6
-565
-3652
2224
1633419
5
-17
-21
-586
-3518
2181
1634444
65
12
-53
-677
-3708
2243
1635469
66
22
-51
-734
-3836
2229
1636494
27
23
-30
-768
-3760
2172
1637519
-12
24
-30
-758
-3682
2181
1638544
-70
-3
-50
-778
-3778
2188
1631360
-39
-15
-36
-711
-3705
2189
1632385
-44
6
-6
-736
-3687
2226
1633410
-68
6
-4
-725
-3736
2194
1634435
-147
17
-24
-700
-3707
2203
1635460
-261
57
-40
-678
-3787
2143
1636485
-189
51
-22
-698
-3756
2099
1637510
-135
41
-29
-690
-3808
2082
1638535
-89
40
-16
-696
-3814
2062
1639560
-65
34
-13
-717
-3814
2052
1640585
-23
22
-14
-716
-3805
2057
1641610
26
8
-2
-733
-3792
2072
1642635
38
-3
4
-717
-3766
2096
1643660
18
-6
6
-707
-3761
2102
1644685
9
-2
6
-704
-3766
2102
1645710
5
0
5
-707
-3778
2103
1646735
-6
0
8
-702
-3773
2088
1639553
3
-4
10
-714
-3770
2090
1640578
-3
-5
12
-719
-3783
2100
1641603
0
-6
13
-717
-3783
2095
1642628
4
-5
11
-711
-3774
2081
1643653
-1
-4
11
-714
-3788
2089
1644678
-4
2
9
-714
-3780
2095
1645703
-8
7
6
-711
-3789
2090
1646728
7
4
5
-707
-3784
2088
1647753
23
-2
3
-719
-3795
2076
1648778
35
-6
5
-713
-3770
2087
1649803
28
-6
3
-724
-3764
2096
1650828
27
-4
-1
-711
-3787
2127
1651853
16
-1
5
-705
-3744
2115
1652878
-3
3
1
-718
-3748
2117
1653903
-9
-1
-6
-719
-3790
2102
1654928
-6
-4
-3
-716
-3793
2075
1647745
0
-10
3
-724
-3769
2101
1648770
0
-12
3
-708
-3770
2108
1649795
-7
-8
4
-719
-3780
2089
1650820
-16
-5
-3
-724
-3822
2105
1651845
-9
-11
3
-743
-3810
2139
1652870
10
-17
12
-797
-3874
2284
1653895
56
-11
38
-880
-4144
2450
1654920
28
15
139
-1006
-4410
2399
1655945
-280
78
337
-1216
-4536
2126
1656970
-639
7
587
-1660
-4765
2000
1657995
-591
-108
808
-2050
-4683
2026
1659020
-437
-191
953
-2146
-4584
2229
1660045
71
-265
860
-2019
-4770
2396
1661070
357
-370
831
-1801
-4665
2258
1662095
581
-440
1053
-1811
-4696
2085
1663120
972
-550
1169
-1883
-4602
1946
1655937
1499
-734
1213
-1787
-4528
1798
1656962
2201
-913
1187
-1595
-4414
1768
1657987
3256
-1116
1251
-1462
-4025
1734
1659012
4404
-1303
1455
-1230
-3773
1741
1660037
5531
-1402
1308
-1118
-3483
1928
1661062
6950
-1584
1401
-773
-2664
2105
1662087
8137
-1514
1702
-536
-1931
2256
1663112
8977
-1514
1748
-586
-1105
2478
1664137
9447
-1825
1740
-345
304
2500
1665162
8695
-1929
1699
137
1415
2918
1666187
5911
-882
1346
508
2258
3121
1667212
3601
-161
1196
137
2184
2925
1668237
2419
52
1155
248
2183
2952
1669262
1406
387
1013
147
1691
2861
1670287
1527
98
1034
-50
1461
2785
1671312
1597
-175
990
249
2354
3002
1664128
818
-33
828
195
2798
3071
1665153
234
73
696
188
2665
3058
1666178
-3
109
627
122
2491
3128
1667203
-150
78
577
17
2499
3181
1668228
-130
-21
504
51
2594
3275
1669253
-142
-87
427
115
2702
3405
1670278
-213
-88
347
94
2624
3487
1671303
-218
-83
273
49
2454
3520
1672328
-138
-101
213
5
2410
3532
1673353
-46
-126
144
17
2483
3560
1674378
-24
-126
74
45
2480
3531
1675403
-56
-103
15
-1
2400
3503
1676428
-80
-102
-23
-85
2327
3514
1677453
-71
-104
-53
-95
2243
3537
1678478
-55
-75
-76
-98
2183
3520
1679503
-17
-54
-87
-124
2147
3491
1672320
16
-64
-94
-163
2211
3465
1673345
14
-65
-98
-172
2218
3486
1674370
-16
-42
-87
-192
2188
3480
1675395
-33
-33
-82
-202
2216
3492
1676420
-34
-30
-73
-196
2196
3494
1677445
-29
-24
-56
-196
2174
3467
1678470
-31
-26
-47
-199
2234
3473
1679495
-48
-12
-44
-198
2191
3479
1680520
-26
4
-33
-217
2155
3473
1681545
17
-9
-31
-201
2253
3486
1682570
1
-6
-38
-187
2284
3475
1683595
-41
14
-38
-187
2228
3463
1684620
-49
9
-27
-213
2209
3462
1685645
-40
-2
-20
-249
2201
3483
1686670
-24
-2
-16
-231
2179
3487
1687695
-12
-7
-9
-218
2230
3481
1680511
-14
-8
-7
-207
2235
3492
1681536
-28
-8
-6
-212
2216
3500
1682561
-38
-8
-3
-223
2208
3507
1683586
-31
-6
1
-214
2200
3507
1684611
-23
-4
5
-194
2203
3503
1685636
-16
-2
8
-187
2198
3504
1686661
-13
0
8
-191
2207
3524
1687686
-19
8
7
-183
2195
3506
1688711
-16
13
10
-176
2186
3495
1689736
-3
10
11
-185
2205
3496
1690761
8
11
12
-178
2211
3508
1691786
-4
18
9
-179
2218
3467
1692811
-6
29
4
-198
2155
3425
1693836
68
17
8
-192
2110
3428
1694861
183
-11
19
-137
2156
3414
1695886
272
-81
8
-30
2322
3395
1688704
192
-98
-40
126
2464
3391
1689729
-63
-46
-106
166
2393
3334
1690754
-242
-63
-175
243
2325
3310
1691779
-442
-103
-272
369
2367
3249
1692804
-766
-209
-414
542
2525
3194
1693829
-1547
-246
-609
855
2679
3295
1694854
-2745
154
-753
997
2308
3183
1695879
-3466
569
-785
752
1556
3223
1696904
-3476
609
-843
491
1134
3373
1697929
-3330
522
-1036
384
1071
3475
1698954
-3646
573
-1354
363
1065
3399
1699979
-4055
740
-1594
321
502
3233
1701004
-4047
738
-1426
73
95
3424
1702029
-4348
810
-1417
-346
-863
3469
1703054
-4068
777
-1584
-462
-1136
3680
1704079
-4131
805
-1657
-499
-1296
3503
1696896
-4018
922
-1498
-862
-1838
3415
1697921
-4054
941
-1429
-1500
-2464
3331
1698946
-3760
875
-1455
-1468
-2689
3238
1699971
-3307
801
-1428
-1379
-2789
3318
1700996
-3009
795
-1301
-1538
-3178
3257
1702021
-2598
695
-1096
-1734
-3095
3240
1703046
-2480
578
-1163
-1701
-3316
3108
1704071
-1924
384
-1217
-1375
-3563
3113
1705096
-1995
340
-977
-1811
-3600
2969
1706121
-1101
145
-545
-1451
-3703
2756
1707146
-1530
540
-732
-1518
-4587
3534
1708171
-2370
767
-731
-2705
-6467
3374
1709196
-1720
647
-222
-1345
-5056
2160
1710221
-1024
445
-9
-1013
-3020
1770
1711246
-636
244
-69
-1126
-2884
1900
1712271
-628
100
-258
-847
-3863
2021
1705087
-304
-61
-220
-664
-4622
2159
1706112
225
-126
-37
-463
-4234
2238
1707137
271
-138
126
-535
-3482
2242
1708162
120
-105
2
-564
-3569
2243
1709187
214
-77
-56
-552
-3752
2339
1710212
162
-32
-45
-646
-3720
2409
1711237
-23
-5
-68
-715
-3709
2310
1712262
-23
40
-49
-744
-3650
2270
1713287
2
27
-37
-765
-3675
2252
1714312
9
22
-26
-748
-3702
2254
1715337
8
13
-8
-730
-3673
2263
1716362
-21
11
-9
-698
-3703
2248
1717387
-34
15
-1
-683
-3666
2274
1718412
-105
32
-3
-673
-3695
2272
1719437
-153
39
-16
-682
-3711
2215
1720462
-175
17
-39
-681
-3708
2203
1713280
-208
56
-36
-681
-3830
2091
1714305
10
32
9
-728
-3752
2135
1715330
38
11
-5
-697
-3720
2186
1716355
40
6
-4
-704
-3734
2173
1717380
70
-2
2
-694
-3715
2200
1718405
31
6
-3
-684
-3709
2227
1719430
-20
19
-4
-684
-3688
2233
1720455
-18
16
-5
-695
-3712
2209
1721480
-19
12
-2
-692
-3739
2195
1722505
-18
6
2
-698
-3733
2179
1723530
-1
-1
4
-692
-3700
2205
1724555
-40
10
2
-696
-3720
2223
1725580
-56
12
3
-699
-3697
2206
1726605
-114
0
1
-712
-3699
2192
1727630
-97
5
-13
-685
-3819
2110
1728655
-2
1
7
-701
-3730
2154
1721472
0
-3
2
-691
-3748
2184
1722497
-11
2
5
-691
-3732
2171
1723522
-6
1
4
-696
-3733
2172
1724547
-5
-2
2
-699
-3753
2156
1725572
9
-5
2
-700
-3758
2159
1726597
18
-6
5
-699
-3737
2170
1727622
20
-5
4
-698
-3732
2175
1728647
22
-3
2
-693
-3740
2180
1729672
19
-1
3
-690
-3731
2189
1730697
5
-2
4
-691
-3723
2186
1731722
-5
0
4
-694
-3734
2172
1732747
-8
1
6
-697
-3731
2178
1733772
-12
-1
6
-704
-3734
2183
1734797
-12
-6
7
-697
-3728
2182
1735822
-22
-9
8
-691
-3730
2189
1736847
-28
-7
6
-707
-3744
2175
1729664
-9
21
-7
-734
-3819
2183
1730689
12
89
-17
-771
-3789
2160
1731714
-1
131
-24
-739
-3768
2314
1732739
-76
159
1
-767
-3776
2557
1733764
-249
183
41
-847
-3808
2641
1734789
-451
270
119
-975
-3941
2567
1735814
-837
318
252
-1146
-4081
2246
1736839
-1079
204
414
-1643
-4284
1784
1737864
-920
9
402
-1882
-4591
1523
1738889
-293
-210
389
-1885
-4864
1515
1739914
441
-376
471
-1668
-4890
1699
1740939
1029
-494
562
-1734
-4897
1929
1741964
1493
-643
717
-1788
-4807
1967
1742989
1970
-759
807
-1501
-4690
1817
1744014
2781
-906
892
-1489
-4619
1878
1745039
3745
-1104
1020
-1407
-4669
2089
1737856
4900
-1325
1262
-1265
-4396
2334
1738881
6479
-1527
1607
-974
-3866
2422
1739906
7997
-1482
1793
-656
-2443
2628
1740931
7254
-1140
1851
-724
-1579
3326
1741956
7542
-1494
1751
-650
-823
3122
1742981
7165
-1323
2028
84
727
3902
1744006
4363
-330
1766
90
1022
3867
1745031
3099
229
1670
-385
263
3847
1746056
3720
-205
1678
-7
611
3557
1747081
3265
268
1578
214
1236
3565
1748106
2882
509
1588
-272
775
3361
1749131
2927
134
1503
-30
1432
3166
1750156
2404
13
1304
365
2306
3035
1751181
1251
481
1184
307
2390
3108
1752206
609
704
1074
63
1835
2994
1753231
705
529
1017
-64
1796
2970
1746048
853
268
920
-76
2171
2939
1747073
813
130
782
81
2613
3014
1748098
476
153
654
110
2754
3006
1749123
196
213
543
43
2599
2975
1750148
131
174
438
-33
2411
2979
1751173
211
71
348
-79
2395
3035
1752198
226
-22
261
-110
2525
3103
1753223
163
-67
182
-161
2618
3191
1754248
73
-115
121
-166
2612
3231
1755273
-100
-81
71
-172
2535
3316
1756298
-207
-46
57
-276
2301
3336
1757323
-110
-104
66
-342
2271
3395
1758348
-24
-163
75
-342
2391
3443
1759373
-45
-164
75
-304
2450
3496
1760398
-116
-129
40
-216
2399
3505
1761423
-176
-71
24
-192
2241
3488
1754240
-125
-52
23
-233
2141
3444
1755265
22
-86
15
-240
2212
3428
1756290
66
-97
-3
-187
2370
3424
1757315
-36
-61
-25
-171
2413
3408
1758340
-111
-27
-51
-232
2320
3395
1759365
-87
-35
-55
-308
2240
3395
1760390
-9
-70
-37
-328
2267
3423
1761415
25
-87
-25
-284
2354
3420
1762440
-11
-78
-22
-243
2387
3399
1763465
-54
-65
-15
-265
2311
3410
1764490
-28
-69
2
-339
2232
3454
1765515
45
-95
23
-301
2295
3472
1766540
42
-73
6
-222
2358
3433
1767565
-11
-40
-15
-174
2339
3409
1768590
-40
-20
-23
-201
2265
3417
1769615
-18
-18
-30
-221
2235
3423
1762729
7
-20
-37
-202
2273
3440
1763754
-23
4
-40
-193
2262
3436
1764779
-50
28
-38
-200
2251
3452
1765804
-57
28
-33
-220
2259
3435
1766829
-45
9
-21
-275
2281
3420
1767854
-29
-15
-13
-284
2317
3466
1768879
-20
-15
-6
-250
2289
3486
1769904
3
-11
-4
-244
2293
3471
1770929
38
-22
-14
-234
2342
3459
1771954
29
-26
-28
-212
2373
3441
1772979
-9
-11
-50
-163
2382
3449
1774004
-77
-2
-94
-94
2428
3446
1775029
-205
-1
-154
-26
2450
3426
1776054
-416
-30
-216
18
2518
3441
1777079
-804
-24
-304
138
2488
3485
1778104
-1402
96
-394
254
2392
3555
1770624
-2060
255
-465
356
2323
3554
1771649
-2622
516
-566
373
2149
3640
1772674
-3078
734
-671
258
1899
3705
1773699
-3530
932
-824
111
1602
3705
1774724
-3762
1097
-1003
-3
1014
3513
1775749
-3481
1067
-944
-164
646
3485
1776774
-3525
1014
-951
-280
450
3287
1777799
-4047
1160
-1224
-302
16
3329
1778824
-4040
1194
-1395
-403
-405
3213
1779849
-3299
987
-1106
-529
-602
3329
1780874
-3566
966
-1160
-827
-1040
3320
1781899
-3560
1022
-1474
-617
-1180
3189
1782924
-3262
921
-1401
-772
-1357
3037
1783949
-3318
1032
-1511
-1124
-1840
2939
1784974
-2878
913
-1493
-1249
-2249
3143
1785999
-2938
843
-1629
-1133
-2492
3043
1778816
-3007
914
-1714
-1094
-2798
2748
1779841
-2721
971
-1592
-1491
-3352
2574
1780866
-2154
820
-1478
-1807
-3761
2696
1781891
-1611
614
-1453
-1852
-3976
2686
1782916
-981
476
-1451
-1648
-3861
2630
1783941
-609
375
-1324
-1729
-3932
2615
1784966
-275
269
-1250
-1784
-3933
2785
1785991
-186
203
-1091
-1626
-3868
2698
1787016
-50
92
-1117
-1517
-3780
2586
1788041
-188
-7
-904
-1119
-3504
2601
1789066
-988
31
-605
-1746
-3801
2322
1790091
-721
73
-346
-1096
-4555
2789
1791116
-1383
440
-253
-1225
-5738
2963
1792141
-1385
600
-392
-1403
-5276
2340
1793166
-523
347
-39
-1019
-3813
1808
1794191
-15
191
6
-746
-3252
1843
1787009
279
51
-115
-822
-3914
2123
1788034
670
-110
-101
-774
-4283
2582
1789059
649
-241
-58
-677
-3828
2779
1790084
310
-234
-28
-588
-3142
2686
1791109
13
-130
-19
-573
-3109
2599
1792134
-23
-42
-32
-653
-3578
2613
1793159
11
32
-21
-692
-3620
2518
1794184
-79
62
-18
-725
-3532
2418
1795209
-159
54
-30
-730
-3645
2366
1796234
-131
38
-21
-700
-3680
2332
1797259
-66
19
-10
-691
-3680
2311
1798284
-66
16
-10
-693
-3641
2329
1799309
-55
13
-15
-706
-3640
2367
1800334
-55
16
-5
-681
-3571
2411
1801359
-174
32
-16
-669
-3570
2409
1802384
-255
58
-50
-679
-3685
2297
1795199
-130
65
-11
-687
-3654
2331
1796224
-248
42
-34
-700
-3594
2356
1797249
-410
54
-88
-681
-3776
2179
1798274
-143
68
-4
-711
-3707
2257
1799299
-190
54
-19
-685
-3666
2221
1800324
-113
47
-23
-733
-3759
2192
1801349
0
15
0
-694
-3738
2188
1802374
8
-3
3
-691
-3745
2180
1803399
20
-11
9
-690
-3716
2213
1804424
20
-12
7
-684
-3701
2247
1805449
23
-13
5
-689
-3665
2260
1806474
-9
-6
5
-691
-3689
2257
1807499
-28
-3
8
-694
-3725
2249
1808524
-18
-3
10
-693
-3689
2239
1809549
-33
3
10
-700
-3717
2230
1810574
-29
4
7
-691
-3723
2222
1803392
-22
0
2
-702
-3706
2215
1804417
-38
-6
-11
-694
-3730
2191
1805442
12
-6
-2
-685
-3731
2203
1806467
38
-12
6
-692
-3718
2224
1807492
36
-14
4
-689
-3705
2250
1808517
21
-12
7
-686
-3673
2260
1809542
-5
-5
8
-685
-3692
2252
1810567
-15
-4
8
-689
-3698
2233
1811592
-20
-11
9
-701
-3706
2211
1812617
-9
-25
10
-700
-3715
2200
1813642
-12
-35
13
-695
-3721
2223
1814667
-34
-28
14
-683
-3702
2250
1815692
-28
-21
12
-677
-3685
2241
1816717
-22
-16
7
-696
-3726
2213
1817742
-10
-14
7
-691
-3733
2204
1818767
2
-14
6
-685
-3720
2215
1811584
11
-12
5
-686
-3714
2209
1812609
14
-6
2
-693
-3722
2222
1813634
12
-2
3
-690
-3709
2233
1814659
11
-3
1
-687
-3703
2221
1815684
10
-3
0
-691
-3722
2211
1816709
15
-3
2
-706
-3716
2217
1817734
14
-6
1
-697
-3696
2233
1818759
10
-4
2
-677
-3711
2244
1819784
7
-3
4
-672
-3698
2240
1820809
0
-4
4
-688
-3702
2234
1821834
-3
-6
4
-697
-3736
2251
1822859
-12
-6
8
-709
-3738
2277
1823884
-28
-10
14
-780
-3726
2329
1824909
-21
-11
7
-855
-3837
2425
1825934
11
-12
-1
-951
-3982
2517
1826959
-48
-9
12
-833
-3875
2345
1819776
-116
25
173
-952
-3791
2356
1820801
-180
31
218
-1180
-3852
2447
1821826
-38
41
273
-1211
-3918
2385
1822851
222
8
275
-1512
-4107
2268
1823876
422
-51
289
-1420
-4354
2095
1824901
494
-53
374
-1526
-4384
2141
1825926
608
-159
478
-1578
-4521
2304
1826951
904
-328
524
-1680
-4645
2419
1827976
1259
-482
651
-1277
-4523
2158
1829001
1865
-511
784
-1431
-4520
2265
1830026
2860
-760
880
-1542
-4632
2426
1831051
4018
-923
972
-1098
-4066
2537
1832076
4792
-984
1329
-1008
-3464
2794
1833101
5556
-1031
1413
-1093
-3281
2882
1834126
6834
-1269
1474
-719
-1820
3069
1835151
6590
-1170
1764
-657
-1217
3504
1827968
6295
-1120
1763
-388
-421
3567
1828993
5567
-1017
1649
-375
-203
3585
1830018
5221
-1043
1546
43
866
3495
1831043
3685
-533
1473
-11
1016
3515
1832068
2509
-193
1350
1
1004
3409
1833093
2104
-327
1282
-16
894
3267
1834118
1788
-295
1203
320
1351
3356
1835143
1240
-53
1130
142
1131
3387
1836168
1274
-266
1061
201
1280
3322
1837193
1063
-310
982
258
1611
3389
1838218
750
-289
878
313
1694
3380
1839243
529
-185
779
350
1748
3526
1840268
463
-172
696
392
1730
3438
1841293
377
-78
625
247
1696
3552
1842318
504
-190
538
281
1825
3620
1843343
617
-245
455
415
2108
3720
1836160
431
-120
312
420
2149
3619
1837185
244
-16
208
339
2088
3632
1838210
177
-33
129
254
2060
3692
1839235
148
-35
53
189
2017
3768
1840260
152
-73
15
181
2000
3743
1841285
99
-52
-8
143
1956
3742
1842310
108
-71
-4
124
1878
3723
1843335
176
-105
14
105
1840
3747
1844360
254
-187
20
90
1900
3730
1845385
271
-225
17
201
2068
3740
1846410
44
-116
3
172
2017
3728
1847435
-55
-71
-19
158
1890
3726
1848460
-53
-65
-37
142
1895
3727
1849485
-22
-15
-54
130
1844
3702
1850510
25
12
-66
116
1871
3652
1851535
22
22
-73
110
1935
3645
1844355
-27
40
-76
55
1925
3664
1845380
-72
44
-60
-15
1896
3651
1846405
-72
30
-47
-8
1897
3641
1847430
-57
30
-29
3
1888
3653
1848455
-34
18
-9
0
1897
3661
1849480
-4
4
2
6
1905
3675
1850505
18
-8
9
23
1924
3679
1851530
16
-5
10
41
1948
3683
1852555
-1
11
9
60
1930
3693
1853580
-9
15
10
71
1907
3685
1854605
-3
14
9
46
1886
3682
1855630
-3
14
10
18
1912
3690
1856655
-6
23
9
-3
1903
3690
1857680
-9
30
15
22
1883
3679
1858705
-4
26
26
63
1896
3692
1859730
-7
28
34
83
1913
3696
1852544
3
30
42
54
1906
3692
1853569
29
16
39
58
1939
3701
1854594
22
16
30
105
1976
3676
1855619
-7
26
24
122
1948
3660
1856644
-6
17
17
85
1914
3665
1857669
21
-1
14
80
1914
3676
1858694
31
-11
12
98
1948
3653
1859719
10
-9
4
127
1964
3639
1860744
-22
3
-6
96
1927
3627
1861769
-15
-4
-12
18
1881
3633
1862794
21
-25
-11
16
1908
3660
1863819
14
-27
-7
54
1945
3673
1864844
-19
-8
-5
53
1898
3674
1865869
-15
-7
1
41
1875
3672
1866894
-2
-12
7
27
1900
3678
1867919
0
-7
12
45
1890
3701
1860736
-6
4
12
80
1900
3698
1861761
-15
16
9
71
1918
3671
1862786
-21
20
-1
49
1921
3672
1863811
-19
21
-7
47
1971
3723
1864836
-23
33
-23
77
2009
3753
1865861
-31
41
-40
110
2020
3736
1866886
-45
50
-78
150
2097
3706
1867911
-110
63
-135
177
2162
3703
1868936
-285
40
-198
232
2307
3687
1869961
-599
14
-261
312
2350
3713
1870986
-1155
174
-358
372
2136
3668
1872011
-1599
324
-417
388
1852
3648
1873036
-1876
405
-474
444
1594
3615
1874061
-2004
485
-553
516
1306
3601
1875086
-2029
517
-625
561
1112
3592
1876111
-2060
536
-682
445
975
3604
1868928
-2132
586
-777
269
688
3602
1869953
-2075
632
-903
224
425
3621
1870978
-2200
671
-1007
167
433
3526
1872003
-2455
779
-1169
131
325
3480
1873028
-2750
778
-1058
-51
149
3572
1874053
-3517
941
-1017
-365
-493
3664
1875078
-3800
1025
-1183
-359
-1030
3743
1876103
-3328
914
-1077
-293
-841
3862
1877128
-3477
929
-990
-725
-1003
3793
1878153
-3619
982
-1068
-1150
-1652
3796
1879178
-3513
891
-1176
-1078
-1874
3433
1880203
-3503
791
-1195
-1056
-1875
3330
1881228
-3946
899
-1330
-1201
-2756
3128
1882253
-3004
705
-1204
-1346
-2940
3271
1883278
-2754
535
-1259
-1284
-2947
3107
1884303
-2592
522
-1382
-1067
-3342
2889
1877120
-1880
553
-1261
-1223
-3552
2863
1878145
-1326
591
-1050
-1589
-3604
2916
1879170
-1364
560
-1222
-1635
-3236
2820
1880195
-1509
488
-1182
-1300
-3374
2428
1881220
-1111
580
-726
-1495
-3908
2194
1882245
-1181
709
-267
-1839
-4302
3010
1883270
-1992
1004
202
-1992
-7072
2555
1884295
-1460
928
-40
-1411
-6252
1442
1885320
-383
383
187
-1176
-3336
1344
1886345
78
98
-110
-1099
-3137
1750
1887370
232
-34
-335
-915
-3902
2328
1888395
293
-243
-233
-754
-4270
2332
1889420
252
-294
-42
-586
-3759
2096
1890445
25
-197
-51
-621
-3624
2051
1891470
225
-173
-31
-672
-3737
2233
1892495
406
-125
20
-657
-3649
2484
1885311
170
-47
35
-747
-3609
2456
1886336
27
-20
37
-786
-3592
2358
1887361
-2
-22
24
-795
-3565
2297
1888386
-53
-6
-3
-801
-3749
2235
1889411
-45
15
-5
-792
-3728
2186
1890436
-28
24
-9
-781
-3716
2203
1891461
-6
23
-14
-756
-3711
2202
1892486
-16
28
-13
-743
-3688
2252
1893511
-60
31
-9
-730
-3698
2246
1894536
-31
22
3
-747
-3695
2193
1895561
29
-1
9
-767
-3741
2194
1896586
54
-17
11
-780
-3734
2192
1897611
68
-21
5
-776
-3687
2198
1898636
59
-15
-5
-777
-3690
2249
1899661
69
-26
-5
-757
-3664
2266
1900686
19
-10
-5
-747
-3643
2273
1893505
-29
3
-8
-754
-3686
2267
1894530
-16
1
-3
-753
-3657
2261
1895555
-22
0
2
-755
-3705
2244
1896580
-17
1
1
-755
-3705
2224
1897605
2
-7
0
-762
-3692
2218
1898630
12
-7
3
-758
-3700
2220
1899655
2
-5
1
-764
-3695
2251
1900680
21
-11
1
-743
-3681
2262
1901705
18
-9
7
-752
-3681
2246
1902730
19
-13
5
-760
-3697
2230
1903755
32
-21
3
-758
-3687
2234
1904780
31
-23
5
-757
-3684
2254
1905805
18
-19
5
-750
-3668
2277
1906830
-3
-10
4
-741
-3669
2275
1907855
-13
-4
4
-752
-3694
2252
1908880
-10
-2
4
-757
-3703
2234
1901880
5
-6
4
-757
-3697
2230
1902905
29
-12
1
-761
-3705
2243
1903930
53
-17
-1
-757
-3698
2247
1904955
69
-23
-2
-753
-3676
2259
1905980
56
-19
-2
-739
-3656
2296
1907005
19
-7
-1
-740
-3646
2298
1908030
0
4
-3
-739
-3656
2285
1909055
-8
8
-3
-747
-3686
2258
1910080
5
-1
-1
-753
-3709
2238
1911105
31
-9
2
-751
-3688
2258
1912130
44
-12
1
-741
-3669
2283
1913155
41
-4
6
-719
-3652
2297
1914180
26
1
14
-743
-3665
2280
1915205
25
-9
10
-754
-3661
2291
1916230
15
-12
9
-773
-3664
2282
1917255
15
-14
2
-774
-3707
2243
1909887
63
-12
-5
-772
-3710
2276
1910912
99
-2
-10
-784
-3726
2351
1911937
63
18
-3
-845
-3751
2439
1912962
2
42
-11
-949
-3832
2581
1913987
38
48
3
-1093
-4011
2747
1915012
26
45
90
-1193
-4128
2639
1916037
-228
101
275
-1310
-4066
2372
1917062
-408
58
450
-1630
-3899
2231
1918087
-363
-79
465
-2008
-3968
2108
1919112
-241
-202
461
-1797
-4350
1941
1920137
-77
-258
668
-1782
-4617
1898
1921162
272
-372
799
-1955
-4569
2050
1922187
435
-543
805
-1729
-4333
2058
1923212
656
-622
1013
-1524
-4457
2191
1924237
1058
-741
1186
-1590
-4425
2253
1925262
1684
-864
1161
-1376
-4319
2211
1918081
2396
-1008
1266
-1289
-4253
2252
1919106
3323
-1226
1217
-1196
-4118
2261
1920131
4562
-1409
1330
-937
-3543
2362
1921156
5588
-1448
1589
-755
-3085
2516
1922181
6913
-1597
1513
-686
-2428
2629
1923206
7415
-1625
1648
-367
-1363
3153
1924231
7582
-1723
1593
-50
-56
3128
1925256
6685
-1508
1701
100
509
3480
1926281
5385
-1079
1610
183
962
3620
1927306
4126
-734
1499
221
1220
3387
1928331
3054
-453
1421
148
1201
3415
1929356
2229
-337
1378
341
1464
3336
1930381
1610
-145
1207
231
1481
3204
1931406
1640
-240
1137
237
1439
3197
1932431
1712
-299
1099
389
1723
3288
1933456
1484
-203
987
307
1966
3359
1926272
1225
-219
846
417
2229
3319
1927297
750
-120
691
451
2473
3303
1928322
294
4
538
373
2375
3270
1929347
177
5
401
324
2176
3269
1930372
210
26
323
291
2248
3449
1931397
198
-26
235
148
2255
3471
1932422
373
-264
162
175
2414
3441
1933447
199
-210
102
227
2609
3596
1934472
-207
-10
12
97
2336
3601
1935497
-166
-7
-29
125
2111
3629
1936522
-22
-58
-33
92
2082
3611
1937547
72
-88
-40
92
2116
3593
1938572
125
-118
-42
94
2191
3647
1939597
81
-102
-57
135
2203
3661
1940622
-24
-40
-76
130
2098
3614
1941647
-20
-9
-79
69
1969
3569
1934463
48
-44
-74
25
2056
3555
1935488
49
-52
-74
41
2091
3537
1936513
-1
-32
-62
46
2071
3527
1937538
-43
-24
-55
16
2071
3518
1938563
-63
-15
-52
3
2035
3509
1939588
-61
-22
-38
1
2067
3505
1940613
-77
-28
-24
-22
2122
3530
1941638
-89
-18
-27
-49
2105
3565
1942663
-70
-7
-29
-36
2089
3565
1943688
-22
-1
-23
-26
2105
3558
1944713
-17
13
-21
-23
2130
3539
1945738
-16
16
-22
-45
2131
3536
1946763
-17
10
-25
-45
2132
3558
1947788
-29
15
-26
-21
2114
3573
1948813
-36
26
-22
3
2071
3583
1949838
-27
16
-13
-21
2086
3580
1942656
-29
12
-10
-14
2082
3578
1943681
-29
11
-3
9
2051
3598
1944706
-26
4
1
29
2059
3606
1945731
-26
3
3
27
2059
3588
1946756
-31
7
4
16
2042
3588
1947781
-31
6
4
25
2070
3588
1948806
-47
10
3
24
2091
3575
1949831
-55
11
7
13
2054
3563
1950856
-33
-6
10
3
2071
3578
1951881
-15
-16
8
24
2111
3586
1952906
-35
-9
7
9
2102
3577
1953931
-40
-10
8
-26
2073
3587
1954956
-17
-16
4
-6
2050
3582
1955981
-6
-18
0
16
2062
3579
1957006
-19
-13
-10
27
2083
3595
1958031
-42
-4
-14
13
2051
3596
1950848
-35
-4
-12
15
2029
3609
1951873
-18
-10
-13
64
2054
3596
1952898
-13
-6
-22
131
2063
3582
1953923
-15
-8
-38
190
2095
3582
1954948
-36
-24
-68
264
2176
3563
1955973
-83
-37
-125
343
2265
3542
1956998
-216
-30
-220
472
2329
3507
1958023
-502
-51
-344
648
2466
3463
1959048
-1108
-52
-487
828
2594
3446
1960073
-1950
153
-634
913
2353
3438
1961098
-2647
425
-733
779
1834
3475
1962123
-2917
527
-845
582
1414
3568
1963148
-3010
515
-1011
461
1265
3629
1964173
-3332
584
-1201
415
1099
3557
1965198
-3588
710
-1276
387
622
3495
1966223
-3822
788
-1218
112
195
3529
1959040
-4230
924
-1342
-187
-599
3415
1960065
-3790
867
-1404
-325
-687
3628
1961090
-3865
791
-1411
-358
-796
3169
1962115
-3870
938
-1429
-328
-1152
3138
1963140
-4246
934
-1363
-578
-1591
3020
1964165
-4231
1087
-1457
-729
-2299
2934
1965190
-3311
1009
-1402
-656
-2764
3018
1966215
-2497
904
-1308
-859
-2682
3286
1967240
-2377
862
-1363
-1185
-2576
3290
1968265
-2384
878
-1461
-1106
-3054
3139
1969290
-1851
859
-1364
-1093
-3401
3207
1970315
-1437
762
-1190
-1189
-3379
3260
1971340
-1641
787
-1203
-1464
-3360
3066
1972365
-1789
767
-1307
-1429
-3351
2710
1973390
-2015
609
-924
-1819
-3381
2493
1974415
-1870
675
-199
-1719
-4825
3037
1967232
-2717
1110
74
-2484
-6973
3185
1968257
-1843
905
81
-2186
-6766
2072
1969282
-628
354
53
-1178
-3217
1724
1970307
-290
74
4
-1334
-2993
1526
1971332
65
90
-242
-1123
-3895
2079
1972357
19
-16
-245
-803
-4086
2218
1973382
-139
-136
-147
-859
-4045
2142
1974407
235
-227
-71
-621
-3735
2120
1975432
354
-191
-120
-568
-3534
2332
1976457
364
-154
-75
-530
-3593
2437
1977482
262
-93
25
-613
-3581
2513
1978507
50
-37
67
-739
-3544
2485
1979532
-97
-8
44
-752
-3607
2335
1980557
-140
26
33
-801
-3689
2208
1981582
-106
31
21
-859
-3778
2135
1982607
-19
16
-5
-839
-3746
2168
1975425
37
12
-23
-792
-3715
2224
1976450
41
16
-27
-766
-3683
2267
1977475
-3
26
-24
-730
-3655
2298
1978500
-43
31
-13
-730
-3657
2272
1979525
-48
25
2
-752
-3687
2246
1980550
-52
12
10
-773
-3722
2206
1981575
-11
-2
8
-795
-3714
2179
1982600
37
-14
0
-793
-3697
2213
1983625
16
-39
-22
-799
-3699
2256
1984650
-29
-32
-36
-716
-3697
2218
1985675
13
-2
5
-762
-3663
2255
1986700
-1
2
-4
-748
-3677
2275
1987725
-24
0
2
-758
-3692
2245
1988750
-29
1
1
-751
-3700
2223
1989775
-10
-2
5
-767
-3702
2203
1990800
10
-13
5
-770
-3711
2210
1983616
37
-23
4
-767
-3702
2225
1984641
33
-18
4
-757
-3683
2264
1985666
-2
0
6
-755
-3667
2281
1986691
-30
12
1
-756
-3672
2247
1987716
-39
15
1
-758
-3707
2211
1988741
-20
4
6
-768
-3721
2205
1989766
11
-12
4
-770
-3714
2207
1990791
39
-20
4
-764
-3707
2224
1991816
55
-23
3
-770
-3704
2220
1992841
57
-24
2
-752
-3681
2265
1993866
22
-12
4
-747
-3673
2282
1994891
3
-1
4
-755
-3671
2263
1995916
-3
-2
0
-761
-3689
2251
1996941
-10
-5
-1
-764
-3699
2244
1997966
-14
-7
-3
-759
-3702
2252
1998991
-20
-4
-3
-751
-3701
2255
1991808
-27
-1
0
-762
-3746
2267
1992833
-30
11
15
-785
-3822
2446
1993858
-61
84
35
-794
-3970
2816
1994883
-238
220
98
-958
-4039
2861
1995908
-599
306
179
-1401
-4146
2475
1996933
-668
122
272
-1922
-4567
2053
1997958
-511
-189
357
-2325
-4800
1969
1998983
-226
-469
215
-2204
-5010
1817
2000008
801
-637
220
-1753
-5127
1902
2001033
1758
-798
532
-1655
-4519
2181
2002058
2035
-872
729
-1309
-4091
2310
2003083
2061
-883
851
-1375
-4106
2357
2004108
2202
-941
971
-1238
-4187
2399
2005133
2553
-963
1053
-1131
-4057
2426
2006158
3223
-1097
1128
-1086
-3696
2444
2007183
3817
-1056
1307
-709
-2965
2603
1999999
4168
-1167
1294
-665
-2557
2685
2001024
4603
-1138
1423
-464
-2407
2819
2002049
5641
-1299
1409
-349
-1640
2841
2003074
5527
-1051
1689
-299
-1452
3413
2004099
6099
-1304
1538
-298
-1105
3008
2005124
6348
-1275
1608
-59
-512
3338
2006149
6300
-1497
1484
164
326
3040
2007174
5414
-1170
1515
526
1296
3301
2008199
3834
-439
1476
245
1429
3389
2009224
3044
-355
1405
289
1617
3230
2010249
2391
-256
1225
631
2013
3109
2011274
1475
71
1196
532
2146
3268
2012299
819
220
1099
349
1986
3278
2013324
676
227
979
334
2006
3422
2014349
622
187
868
407
2130
3341
2015374
514
172
743
529
2337
3235
2008192
300
205
640
468
2444
3274
2009217
155
217
538
343
2413
3381
2010242
130
178
435
365
2410
3452
2011267
85
174
347
356
2353
3461
2012292
106
110
267
280
2271
3479
2013317
225
-26
207
363
2371
3463
2014342
82
35
162
327
2418
3557
2015367
-32
39
111
311
2269
3562
2016392
-23
-6
72
281
2218
3586
2017417
0
-7
40
239
2119
3570
2018442
74
-38
17
215
2146
3569
2019467
97
-58
-18
263
2196
3552
2020492
22
-41
-48
278
2183
3532
2021517
-64
-17
-66
174
2097
3533
2022542
-68
-24
-75
131
2025
3535
2023567
-12
-46
-64
139
2051
3550
2016384
10
-51
-52
150
2085
3533
2017409
-9
-53
-44
119
2115
3531
2018434
-9
-79
-33
69
2092
3533
2019459
43
-109
-23
98
2100
3570
2020484
29
-74
-24
122
2143
3578
2021509
11
-42
-26
131
2152
3576
2022534
-16
-22
-30
130
2148
3548
2023559
-28
-10
-35
113
2114
3547
2024584
-21
-2
-39
97
2102
3545
2025609
-7
9
-40
93
2106
3546
2026634
-3
15
-41
114
2120
3540
2027659
-21
22
-43
120
2120
3529
2028684
-44
23
-41
102
2087
3525
2029709
-38
14
-29
92
2092
3538
2030734
-15
10
-20
105
2070
3530
2031759
2
-4
-13
80
2119
3524
2024575
-5
-18
-16
73
2147
3543
2025600
-35
-16
-12
87
2115
3564
2026625
-28
-18
2
89
2120
3577
2027650
-1
-27
-2
132
2115
3581
2028675
4
-20
-9
114
2125
3582
2029700
4
-13
-15
110
2120
3571
2030725
-2
-8
-13
141
2117
3565
2031750
-20
-3
-8
178
2111
3548
2032775
-35
0
-9
193
2093
3523
2033800
-38
-6
-14
167
2097
3519
2034825
-49
-15
-21
133
2114
3545
2035850
-60
-14
-26
145
2100
3542
2036875
-53
-17
-24
151
2072
3531
2037900
-23
-37
-31
105
2106
3533
2038925
-12
-54
-46
81
2129
3550
2039950
-30
-52
-46
81
2113
3582
2032768
-42
-46
-47
90
2107
3570
2033793
-34
-34
-57
99
2057
3559
2034818
-13
-36
-60
88
2081
3567
2035843
-16
-29
-69
96
2111
3588
2036868
-40
-3
-77
109
2084
3580
2037893
-48
11
-80
132
2083
3565
2038918
-44
13
-85
168
2094
3573
2039943
-36
7
-92
221
2150
3607
2040968
-65
6
-131
301
2255
3614
2041993
-171
38
-199
388
2285
3597
2043018
-287
63
-286
459
2303
3552
2044043
-433
48
-413
579
2380
3553
2045068
-845
45
-549
662
2477
3555
2046093
-1515
110
-655
643
2447
3569
2047118
-2245
377
-741
520
2068
3543
2048143
-2635
617
-813
360
1456
3523
2041030
-2613
603
-889
186
1184
3567
2042055
-2592
562
-1009
12
1148
3653
2043080
-2892
642
-1148
-68
986
3654
2044105
-3313
809
-1259
-120
717
3495
2045130
-3808
999
-1428
-253
120
3218
2046155
-3326
982
-1397
-238
-377
3553
2047180
-3195
784
-1201
-352
-149
3750
2048205
-3779
955
-1463
-532
-477
3547
2049230
-3411
913
-1384
-474
-835
3342
2050255
-3096
780
-1175
-647
-1265
3309
2051280
-3163
683
-1425
-703
-1915
3282
2052305
-2449
535
-1417
-512
-2038
3530
2053330
-2239
437
-1317
-821
-1838
3670
2054355
-2660
559
-1478
-974
-2366
3382
2055380
-2320
605
-1442
-763
-2626
3182
2056405
-2315
563
-1263
-861
-2898
2907
2049151
-2076
655
-1291
-1094
-3432
3071
2050176
-1683
537
-1047
-1179
-3290
3164
2051201
-1604
575
-1012
-1344
-3210
3034
2052226
-1297
451
-972
-1081
-3358
2815
2053251
-1566
403
-798
-1466
-3381
2719
2054276
-1208
252
-439
-1343
-3583
2774
2055301
-1673
721
-111
-1921
-5704
4159
2056326
-1947
899
-274
-2597
-7336
3730
2057351
-964
556
-61
-1078
-4439
2541
2058376
-1104
495
-267
-1065
-2480
2218
2059401
-457
68
-183
-1362
-2872
2236
2060426
-135
-95
-293
-733
-3559
2365
2061451
-388
-22
-215
-731
-4064
2326
2062476
-133
-55
-72
-681
-3938
2216
2063501
-56
-28
-17
-629
-3629
2281
2064526
40
-37
-74
-555
-3514
2323
2057344
61
-37
-20
-629
-3674
2461
2058369
177
-53
20
-667
-3620
2525
2059394
79
-59
7
-722
-3626
2454
2060419
49
-29
9
-742
-3542
2441
2061444
24
-23
5
-760
-3569
2410
2062469
10
2
-22
-747
-3577
2419
2063494
10
3
-21
-745
-3622
2388
2064519
25
6
-23
-719
-3598
2398
2065544
-26
25
-27
-703
-3575
2423
2066569
-50
21
-20
-689
-3603
2435
2067594
-42
19
-2
-700
-3589
2404
2068619
-55
20
4
-710
-3604
2384
2069644
-57
23
6
-729
-3606
2387
2070669
-50
22
2
-734
-3626
2369
2071694
-25
16
-3
-727
-3626
2350
2072719
0
5
-5
-724
-3628
2356
2065536
27
-4
-2
-714
-3629
2368
2066561
43
-9
2
-709
-3620
2367
2067586
38
-5
-2
-722
-3603
2383
2068611
40
-5
1
-711
-3604
2396
2069636
18
10
-8
-723
-3594
2409
2070661
22
2
3
-717
-3586
2409
2071686
18
-1
7
-714
-3594
2410
2072711
2
-2
9
-729
-3594
2401
2073736
-3
-4
6
-724
-3607
2386
2074761
1
-7
5
-722
-3609
2388
2075786
2
-6
1
-720
-3602
2406
2076811
-8
0
-1
-718
-3590
2410
2077836
-18
5
-1
-716
-3600
2394
2078861
-12
6
-3
-712
-3626
2381
2079886
8
0
2
-724
-3627
2366
2080911
38
-11
4
-716
-3601
2390
2073728
40
-11
4
-722
-3596
2415
2074753
26
-5
4
-717
-3585
2416
2075778
4
0
2
-722
-3591
2426
2076803
-7
3
0
-707
-3580
2410
2077828
-27
7
1
-714
-3597
2408
2078853
-31
8
1
-711
-3600
2392
2079878
-27
8
3
-725
-3596
2379
2080903
-19
4
2
-721
-3622
2391
2081928
-9
-1
5
-718
-3602
2386
2082953
-2
1
3
-718
-3596
2389
2083978
-3
4
0
-724
-3614
2393
2085003
-6
4
0
-715
-3591
2400
2086028
-26
8
1
-714
-3595
2412
2087053
-52
18
2
-722
-3612
2403
2088078
-66
20
-2
-729
-3614
2380
2089103
-52
14
-8
-729
-3622
2357
2081920
-33
3
-10
-726
-3616
2355
2082945
-33
-3
-12
-728
-3627
2383
2083970
-49
1
-14
-726
-3631
2396
2084995
-78
19
-20
-724
-3618
2435
2086020
-156
52
-22
-724
-3609
2495
2087045
-291
119
-24
-757
-3665
2579
2088070
-434
222
-26
-845
-3745
2665
2089095
-546
351
-1
-878
-3836
2669
2090120
-649
472
84
-909
-3987
2669
2091145
-833
492
183
-1329
-4218
2825
2092170
-1178
452
178
-1224
-4308
2126
2093195
-1052
500
508
-1929
-4508
1737
2094220
-935
266
510
-2164
-4624
1421
2095245
-409
-32
528
-1850
-4754
1217
2096270
385
-311
421
-1621
-4593
1246
2097295
1007
-577
332
-1351
-4193
1407
2090111
1300
-692
609
-1285
-4353
1803
2091136
1297
-665
903
-1486
-4587
2178
2092161
1174
-639
1083
-1439
-4599
2125
2093186
1264
-691
1220
-1327
-4416
1927
2094211
1783
-825
1322
-1356
-4347
1887
2095236
2657
-1054
1452
-1257
-4183
1900
2096261
3471
-1218
1604
-1064
-3849
2042
2097286
4392
-1453
1665
-1071
-3578
2207
2098311
5967
-1696
1732
-706
-3014
2178
2099336
7248
-1637
1683
-594
-1847
2551
2100361
7814
-1781
1849
-673
-1110
2887
2101386
8381
-1970
1807
-330
161
2909
2102411
7625
-1731
1809
77
1157
3284
2103436
5714
-1174
1699
94
1602
3305
2104461
4056
-647
1637
74
1830
3241
2105486
2591
-236
1482
-84
1599
3171
2098305
1984
-109
1334
119
1547
3118
2099330
1976
-215
1261
126
1658
3047
2100355
1981
-303
1263
156
2009
3139
2101380
1641
-382
1184
105
2376
3151
2102405
1122
-179
944
281
2461
3177
2103430
705
14
808
223
2266
3100
2104455
667
-112
730
144
2405
3166
2105480
701
-291
576
242
2697
3232
2106505
385
-140
447
318
2799
3351
2107530
-17
50
343
163
2520
3299
2108555
35
-25
262
155
2424
3328
2109580
120
-132
205
170
2516
3367
2110605
74
-129
145
249
2617
3433
2111630
-136
-54
70
184
2522
3458
2112655
-167
-24
24
125
2288
3470
2113680
-67
-62
17
88
2271
3472
2106496
30
-95
3
141
2361
3480
2107521
16
-76
-20
179
2379
3437
2108546
-43
-33
-41
168
2297
3426
2109571
-39
-17
-43
68
2184
3413
2110596
25
-67
-39
45
2269
3433
2111621
2
-88
-51
123
2388
3433
2112646
-146
-34
-68
118
2335
3414
2113671
-239
5
-71
44
2216
3430
2114696
-191
10
-64
-10
2160
3440
2115721
-68
-8
-56
-12
2183
3441
2116746
12
-27
-48
34
2274
3441
2117771
30
-32
-47
52
2323
3441
2118796
-2
-34
-51
16
2320
3459
2119821
-31
-27
-50
-4
2277
3478
2120846
-27
-32
-32
16
2285
3500
2121871
-16
-35
-25
38
2264
3493
2114816
8
-29
-21
26
2211
3455
2115841
53
-42
-19
20
2272
3470
2116866
46
-42
-24
56
2308
3493
2117891
-5
-18
-25
74
2269
3474
2118916
-39
-4
-29
52
2241
3459
2119941
-34
-4
-28
19
2178
3432
2120966
23
-14
-13
14
2170
3430
2121991
62
-37
-1
64
2283
3441
2123016
7
-32
-4
84
2306
3437
2124041
-53
-10
-7
16
2223
3430
2125066
-20
-20
-7
12
2225
3424
2126091
24
-28
-12
65
2277
3437
2127116
8
-15
-22
67
2294
3424
2128141
-17
-6
-26
0
2249
3424
2129166
4
-13
-31
-21
2228
3456
2130191
62
-12
-23
39
2231
3446
2122881
86
8
-26
42
2264
3422
2123906
106
-6
-33
36
2322
3419
2124931
65
3
-45
7
2337
3413
2125956
24
11
-48
-11
2302
3420
2126981
32
-15
-39
26
2278
3404
2128006
29
-18
-36
83
2327
3414
2129031
-4
-9
-44
104
2323
3405
2130056
-17
-31
-60
159
2395
3423
2131081
-78
-25
-107
277
2495
3483
2132106
-241
-25
-190
395
2814
3567
2133131
-663
-157
-348
631
3368
3705
2134156
-1656
171
-628
836
3089
3745
2135181
-2524
868
-772
720
1840
3494
2136206
-2351
964
-771
458
1358
3505
2137231
-1965
639
-869
473
1896
3688
2138256
-2442
706
-1006
556
2259
3693
2131072
-3214
1054
-1051
277
1655
3540
2132097
-3612
1250
-1084
-87
687
3342
2133122
-3329
1211
-1232
-265
-69
3249
2134147
-2574
878
-1184
-382
-242
3405
2135172
-2152
593
-1195
-448
147
3572
2136197
-2793
633
-1319
-514
503
3498
2137222
-3673
915
-1519
-447
-370
3286
2138247
-3286
738
-1332
-622
-1265
3101
2139272
-2552
547
-1249
-750
-1362
3393
2140297
-2619
486
-1292
-759
-1279
3366
2141322
-2505
564
-1455
-831
-1693
3307
2142347
-2326
488
-1360
-743
-1382
3140
2143372
-2878
707
-1391
-1140
-1668
2954
2144397
-3019
766
-1363
-1467
-2409
2768
2145422
-2777
765
-1422
-1522
-2764
2630
2146447
-2627
704
-1421
-1492
-2839
2356
2139263
-2484
574
-1364
-1729
-2994
2454
2140288
-2560
490
-1280
-1826
-3437
2773
2141313
-2961
490
-1126
-1885
-3835
2889
2142338
-2779
254
-1239
-2214
-3979
2480
2143363
-1418
-58
-811
-1952
-4484
3105
2144388
-1670
-2
-1581
-2581
-5679
3808
2145413
-863
267
-1842
-2251
-10213
5137
2146438
-282
172
122
-558
-5705
2742
2147463
-474
225
554
-942
-186
1783
2148488
-871
-28
252
-1187
-1622
1534
2149513
-499
-125
-5
-837
-3426
1612
2150538
-243
-165
-374
-691
-3343
1793
2151563
5
-279
-738
-286
-4982
2578
2152588
986
-292
-277
-441
-6006
3076
2153613
638
-112
260
-385
-2661
2324
2154638
-332
19
-57
-136
-2655
2138
2147456
-119
7
-178
-369
-4000
2527
2148481
296
7
-32
-523
-3692
2549
2149506
-8
56
10
-599
-3511
2335
2150531
-257
100
-9
-694
-3781
2277
2151556
-146
97
-12
-736
-3667
2268
2152581
-46
86
-17
-683
-3637
2267
2153606
-14
62
-27
-655
-3771
2252
2154631
42
34
-19
-608
-3708
2276
2155656
26
12
2
-586
-3645
2321
2156681
17
-3
11
-566
-3653
2331
2157706
31
-6
6
-588
-3673
2324
2158731
23
-7
8
-603
-3677
2308
2159756
16
-6
11
-614
-3646
2332
2160781
-3
2
9
-629
-3665
2324
2161806
-4
6
5
-627
-3670
2307
2162831
-4
11
-2
-616
-3662
2317
2155649
-9
12
-6
-609
-3674
2296
2156674
0
12
-3
-612
-3686
2312
2157699
7
9
1
-616
-3690
2298
2158724
22
4
4
-609
-3674
2301
2159749
32
-4
8
-607
-3652
2348
2160774
-3
1
10
-614
-3643
2342
2161799
-27
8
6
-615
-3645
2323
2162824
-35
12
4
-613
-3660
2319
2163849
-44
11
6
-621
-3682
2292
2164874
-23
2
5
-624
-3689
2277
2165899
3
-3
6
-619
-3696
2293
2166924
9
-6
8
-622
-3674
2304
2167949
12
-10
6
-616
-3661
2312
2168974
6
-6
5
-616
-3681
2319
2169999
4
-2
6
-616
-3683
2306
2171024
16
-3
2
-618
-3678
2296
2163839
33
-9
-1
-628
-3695
2285
2164864
55
-18
-2
-623
-3674
2310
2165889
47
-17
0
-610
-3642
2352
2166914
11
-3
1
-612
-3635
2356
2167939
-20
8
-2
-615
-3632
2343
2168964
-37
12
-3
-617
-3664
2321
2169989
-27
7
-3
-615
-3693
2289
2171014
-1
-4
1
-619
-3691
2289
2172039
17
-11
6
-617
-3677
2320
2173064
18
-14
5
-613
-3655
2329
2174089
12
-14
2
-610
-3648
2338
2175114
-2
-6
1
-619
-3670
2330
2176139
-15
4
3
-616
-3669
2324
2177164
-14
6
3
-608
-3650
2314
2178189
-9
5
4
-616
-3685
2313
2179214
2
2
6
-621
-3693
2306
2172032
19
-4
5
-616
-3665
2315
2173057
19
-7
3
-617
-3659
2323
2174082
12
-4
5
-608
-3662
2338
2175107
3
0
6
-611
-3648
2328
2176132
-1
1
3
-613
-3665
2316
2177157
-1
-1
4
-611
-3666
2326
2178182
3
-3
6
-610
-3671
2311
2179207
6
-3
6
-614
-3663
2328
2180232
-5
1
7
-619
-3643
2338
2181257
-13
2
4
-616
-3658
2315
2182282
-12
1
4
-611
-3669
2322
2183307
-12
0
7
-622
-3665
2304
2184332
3
-5
6
-623
-3662
2313
2185357
10
-6
7
-620
-3667
2320
2186382
9
-6
8
-623
-3658
2326
2187407
6
-6
5
-616
-3655
2328
2180223
-5
2
4
-617
-3659
2326
2181248
-10
9
3
-620
-3672
2311
2182273
1
2
2
-617
-3670
2315
2183298
8
-5
5
-622
-3674
2317
2184323
11
-7
5
-618
-3666
2320
2185348
7
0
3
-623
-3648
2332
2186373
2
2
3
-618
-3649
2334
2187398
-8
2
4
-620
-3675
2322
2188423
-9
-2
3
-614
-3664
2324
2189448
-8
-2
4
-620
-3672
2324
2190473
-5
0
4
-619
-3667
2317
2191498
-3
-1
5
-619
-3652
2320
2192523
-2
-4
4
-617
-3670
2316
2193548
10
-5
4
-616
-3669
2326
2194573
12
-4
7
-615
-3643
2339
2195598
0
-1
6
-622
-3649
2341
2188416
-7
3
4
-626
-3670
2321
2189441
-4
5
3
-630
-3674
2314
2190466
4
2
2
-621
-3670
2313
2191491
11
-1
3
-619
-3663
2326
2192516
11
1
4
-621
-3653
2331
2193541
-24
-9
-9
-676
-3633
2380
2194566
-102
-36
-55
-555
-3676
2280
2195591
-16
0
8
-615
-3683
2305
2196616
-3
-1
11
-635
-3654
2323
2197641
-21
-5
-2
-636
-3690
2300
2198666
-20
-5
-8
-661
-3692
2330
2199691
-31
-9
18
-700
-3753
2524
2200716
-97
6
47
-804
-3770
2681
2201741
-266
24
59
-917
-3967
2827
2202766
-472
104
106
-1094
-4164
3123
2203791
-526
134
318
-1272
-4086
2820
2196608
-949
129
494
-1598
-4279
2059
2197633
-999
65
592
-2060
-4821
1882
2198658
-294
-119
546
-2115
-5196
1899
2199683
662
-300
574
-1745
-4917
1860
2200708
1135
-328
671
-1447
-4264
1901
2201733
1200
-510
859
-1356
-4037
1865
2202758
1312
-630
959
-1249
-4282
2011
2203783
1769
-733
970
-1176
-4516
2079
2204808
2508
-887
1050
-1087
-4434
2067
2205833
3351
-1051
1174
-1003
-4052
2062
2206858
4467
-1278
1182
-977
-3886
2115
2207883
6079
-1478
1453
-473
-3139
2026
2208908
7247
-1347
1516
-562
-2626
2501
2209933
8479
-1637
1659
-451
-1606
2813
2210958
9146
-1766
1872
-89
-326
2954
2211983
8553
-1854
1889
122
751
3266
2204800
6712
-1473
1717
433
1414
3014
2205825
4329
-471
1570
402
1918
3235
2206850
2792
-263
1451
462
1972
3032
2207875
1594
-92
1301
450
2146
3015
2208900
763
181
1131
317
1813
3091
2209925
634
174
1003
279
1587
3295
2210950
807
-21
897
333
1907
3422
2211975
734
-69
762
364
2232
3465
2213000
390
25
625
362
2352
3406
2214025
54
148
497
282
2294
3410
2215050
-40
198
383
262
2140
3507
2216075
-26
204
309
186
2009
3559
2217100
89
117
267
29
1953
3603
2218125
310
-48
246
118
2105
3584
2219150
228
-28
223
109
2196
3614
2220175
142
-38
191
140
2101
3608
2212992
203
-109
180
219
2125
3624
2214017
56
-22
153
116
2071
3645
2215042
43
-37
124
141
2006
3606
2216067
74
-67
116
200
2061
3630
2217092
34
-43
98
215
2036
3639
2218117
-15
-28
66
164
2046
3616
2219142
-40
-9
35
112
2010
3595
2220167
-3
-2
24
108
1983
3603
2221192
74
2
25
83
1972
3614
2222217
134
-16
24
56
2049
3617
2223242
186
-82
11
62
2110
3573
2224267
124
-78
1
33
2146
3585
2225292
69
-62
2
83
2108
3592
2226317
-39
-4
3
6
2065
3596
2227342
-6
-20
1
36
2022
3592
2228367
21
-25
7
44
2049
3600
2221184
17
-15
13
71
2077
3606
2222209
-7
-10
17
66
2065
3582
2223234
-11
-13
20
45
2026
3596
2224259
11
-23
21
71
2057
3596
2225284
14
-19
16
102
2099
3585
2226309
-9
-2
2
96
2076
3550
2227334
-6
-5
-10
56
2061
3550
2228359
13
-17
-16
62
2065
3570
2229384
6
-18
-16
86
2103
3576
2230409
-8
-9
-27
105
2075
3566
2231434
-12
-7
-25
90
2031
3572
2232459
12
-14
-13
59
2027
3590
2233484
42
-28
-6
77
2061
3591
2234509
49
-33
-3
99
2058
3582
2235534
53
-34
4
96
2067
3585
2236559
59
-38
5
110
2086
3576
2229375
45
-36
-1
127
2091
3569
2230400
23
-32
-5
107
2098
3560
2231425
5
-33
-10
81
2096
3578
2232450
6
-43
-13
90
2080
3575
2233475
3
-34
-16
103
2077
3562
2234500
-5
-22
-19
76
2065
3557
2235525
2
-27
-19
67
2067
3564
2236550
-2
-27
-22
80
2073
3561
2237575
-14
-19
-22
89
2060
3555
2238600
-19
-16
-19
70
2047
3564
2239625
-12
-24
-10
66
2058
3574
2240650
-4
-24
-4
78
2054
3574
2241675
6
-26
-5
110
2058
3562
2242700
20
-40
-9
168
2090
3567
2243725
19
-49
-18
205
2106
3568
2244750
-6
-42
-31
210
2126
3571
2237568
-36
-45
-54
232
2138
3559
2238593
-86
-58
-86
289
2159
3522
2239618
-208
-82
-132
341
2170
3450
2240643
-433
-151
-180
395
2234
3398
2241668
-813
-227
-239
488
2415
3471
2242693
-1385
-110
-335
588
2316
3555
2243718
-1919
118
-408
622
1945
3561
2244743
-2321
265
-478
649
1789
3566
2245768
-2850
406
-627
781
1901
3511
2246793
-3344
671
-768
754
1393
3440
2247818
-3281
824
-779
500
434
3443
2248843
-2725
721
-850
141
22
3573
2249868
-2149
466
-1037
113
234
3590
2250893
-2061
380
-1205
243
478
3625
2251918
-2678
538
-1308
233
538
3736
2252943
-3393
745
-1358
117
-441
3700
2245760
-3118
765
-1257
152
-605
3888
2246785
-3499
771
-1235
-165
-700
3690
2247810
-3802
983
-1498
-344
-1373
3628
2248835
-3497
895
-1298
-386
-1537
3602
2249860
-3721
940
-1219
-759
-1946
3584
2250885
-4018
1024
-1436
-749
-2354
3278
2251910
-3567
992
-1274
-1051
-2910
3209
2252935
-3171
970
-1279
-1393
-3446
3286
2253960
-2506
895
-1211
-1275
-3228
3228
2254985
-2129
809
-1133
-1347
-2997
3081
2256010
-2123
791
-1208
-1376
-3427
2947
2257035
-2072
762
-1048
-1626
-3689
2809
2258060
-1680
553
-760
-1640
-3819
2385
2259085
-1302
538
-727
-1157
-3626
2499
2260110
-1819
892
-409
-1755
-5880
3110
2261135
-1590
1116
581
-2033
-6887
2711
2253967
-1144
389
59
-550
-3965
1615
2254992
-487
439
-68
-1195
-3502
1668
2256017
-104
304
-113
-1117
-3505
2001
2257042
87
62
-187
-716
-4126
2400
2258067
524
-267
-176
-606
-3969
2552
2259092
371
-365
-92
-562
-3437
2446
2260117
179
-225
1
-622
-3554
2414
2261142
292
-135
19
-635
-3495
2527
2262167
142
-36
38
-671
-3438
2516
2263192
-108
49
36
-697
-3619
2441
2264217
-166
93
45
-743
-3692
2347
2265242
-148
88
26
-747
-3689
2275
2266267
-117
49
14
-754
-3677
2261
2267292
-55
27
3
-736
-3703
2256
2268317
24
6
-2
-733
-3667
2274
2269342
61
-8
-4
-730
-3654
2311
2262144
60
-11
-5
-713
-3660
2338
2263169
44
-4
-1
-714
-3638
2343
2264194
24
2
3
-722
-3641
2326
2265219
34
-2
6
-718
-3667
2326
2266244
39
-10
1
-727
-3643
2346
2267269
24
-8
7
-730
-3637
2333
2268294
24
2
4
-730
-3624
2349
2269319
7
7
2
-731
-3643
2341
2270344
7
4
2
-725
-3661
2318
2271369
26
-2
1
-730
-3638
2325
2272394
30
-9
1
-730
-3641
2346
2273419
21
-9
2
-721
-3637
2361
2274444
7
-4
4
-723
-3623
2361
2275469
-20
0
2
-722
-3636
2351
2276494
-19
0
0
-724
-3631
2320
2277519
-10
-10
0
-722
-3647
2334
2270336
-1
-13
4
-715
-3659
2345
2271361
5
-8
5
-721
-3646
2335
2272386
11
-7
4
-720
-3634
2337
2273411
16
-7
4
-721
-3630
2350
2274436
0
-5
4
-718
-3639
2359
2275461
-12
1
4
-719
-3627
2347
2276486
-28
6
4
-721
-3648
2339
2277511
-19
8
3
-721
-3652
2327
2278536
1
0
4
-722
-3642
2320
2279561
21
-9
4
-729
-3649
2327
2280586
41
-16
4
-729
-3629
2363
2281611
20
-10
6
-716
-3619
2376
2282636
-17
2
5
-721
-3616
2358
2283661
-30
8
3
-724
-3631
2340
2284686
-25
4
3
-723
-3657
2322
2285711
2
-3
3
-728
-3652
2321
2278528
14
-7
3
-720
-3642
2349
2279553
12
-4
4
-717
-3621
2350
2280578
-1
-1
5
-718
-3629
2345
2281603
-7
0
5
-721
-3648
2343
2282628
2
-2
5
-725
-3643
2333
2283653
10
-4
5
-725
-3639
2335
2284678
15
-5
4
-725
-3636
2347
2285703
13
-5
2
-724
-3626
2346
2286728
2
-3
3
-725
-3626
2355
2287753
-12
1
4
-721
-3630
2351
2288778
-12
1
4
-726
-3640
2340
2289803
-8
-1
3
-726
-3636
2335
2290828
-3
-3
1
-720
-3637
2350
2291853
-5
-1
3
-722
-3645
2341
2292878
-12
3
1
-725
-3636
2344
2293903
-24
0
-11
-732
-3630
2346
2286720
-59
-14
-18
-719
-3637
2350
2287745
-54
-5
-9
-693
-3659
2316
2288770
-18
3
9
-742
-3638
2345
2289795
-55
14
-15
-733
-3659
2442
2290820
-181
109
-36
-745
-3721
2675
2291845
-359
318
10
-880
-3943
2879
2292870
-473
311
90
-1267
-4151
2859
2293895
-619
204
149
-1643
-4265
2606
2294920
-534
-13
394
-1875
-4837
2097
2295945
-1029
-91
468
-2252
-5008
1725
2296970
-1064
-269
602
-2142
-5371
1436
2297995
-46
-381
820
-1921
-5038
1671
2299020
573
-654
677
-1731
-4033
1656
2300045
894
-924
800
-1220
-3976
1615
2301070
1261
-1051
1114
-1264
-4592
1816
2302095
1671
-1121
1245
-1495
-4973
1911
2294913
2535
-1313
1407
-1292
-4800
1851
2295938
3851
-1519
1584
-1027
-4185
1833
2296963
5156
-1770
1579
-978
-3722
1906
2297988
6940
-1961
1708
-470
-3341
1727
2299013
9080
-1853
1646
-219
-2099
1983
2300038
10530
-2080
1954
-188
-553
2294
2301063
10602
-2330
1908
93
841
2700
2302088
9141
-2184
1778
784
2003
2926
2303113
5618
-751
1519
711
2414
3020
2304138
3367
-82
1380
478
2353
3003
2305163
1996
-150
1263
593
2477
2890
2306188
611
162
1066
532
2233
3021
2307213
34
306
912
432
1783
3116
2308238
160
220
809
328
1673
3254
2309263
322
90
711
281
1838
3222
2310288
362
13
623
247
2082
3238
2303104
364
-39
520
333
2266
3331
2304129
254
-42
409
252
2258
3391
2305154
138
16
338
266
2343
3575
2306179
-49
37
260
114
2203
3590
2307204
85
-66
237
191
2198
3650
2308229
40
-51
223
132
2245
3723
2309254
74
-88
203
145
2208
3724
2310279
132
-142
183
200
2272
3736
2311304
68
-121
142
261
2253
3708
2312329
-11
-69
98
262
2140
3656
2313354
3
-57
54
274
2058
3626
2314379
32
-44
10
268
2020
3576
2315404
38
-25
-31
194
1992
3545
2316429
27
-28
-63
117
2020
3518
2317454
-3
-17
-77
102
2005
3512
2318479
-35
-12
-69
80
2022
3527
2311296
-63
-7
-72
52
2029
3534
2312321
-78
-4
-64
14
1992
3532
2313346
-35
-20
-40
-16
2034
3579
2314371
-9
-29
-21
9
2097
3621
2315396
-32
-24
-6
5
2108
3626
2316421
-45
-23
3
14
2092
3624
2317446
-32
-17
7
28
2089
3619
2318471
-3
-11
-1
72
2069
3623
2319496
8
-2
-14
105
2082
3614
2320521
-13
15
-22
78
2049
3604
2321546
-16
16
-28
55
2012
3614
2322571
-4
4
-36
71
2026
3616
2323596
-12
4
-39
87
2017
3589
2324621
-15
5
-34
77
1981
3581
2325646
-3
-10
-24
72
2009
3590
2326671
-5
-20
-18
68
2027
3601
2319487
-8
-21
-15
89
2023
3593
2320512
-13
-19
-16
83
2057
3579
2321537
-29
-18
-23
66
2059
3578
2322562
-32
-20
-22
43
2052
3598
2323587
-18
-31
-11
47
2073
3622
2324612
-19
-37
-8
59
2093
3618
2325637
-27
-32
-5
47
2077
3617
2326662
-7
-45
0
5
2052
3624
2327687
9
-54
2
30
2044
3646
2328712
-5
-48
7
65
2019
3621
2329737
-2
-45
12
82
2016
3616
2330762
2
-57
9
55
2044
3632
2331787
-19
-54
-2
89
2056
3624
2332812
-61
-26
-2
138
2031
3604
2333837
-78
-2
-12
141
2027
3590
2334862
-75
-8
-27
160
2042
3590
2327681
-112
-31
-34
147
2092
3590
2328706
-203
-42
-44
183
2111
3606
2329731
-319
-38
-80
230
2120
3598
2330756
-450
-42
-124
269
2130
3576
2331781
-643
-19
-190
285
2141
3564
2332806
-889
20
-277
319
2163
3532
2333831
-1192
60
-394
414
2242
3528
2334856
-1721
169
-549
530
2377
3438
2335881
-2441
418
-747
561
2360
3332
2336906
-3156
693
-983
586
2030
3391
2337931
-3679
929
-1172
599
1403
3507
2338956
-3923
1091
-1310
494
743
3561
2339981
-3921
1188
-1429
357
86
3496
2341006
-3549
1104
-1366
128
-495
3509
2342031
-3480
1057
-1394
-125
-657
3716
2343056
-3928
1178
-1608
-20
-1072
3677
2335872
-3887
1162
-1442
44
-1369
3565
2336897
-4079
1241
-1296
-250
-1670
3303
2337922
-4113
1286
-1157
-554
-2109
3285
2338947
-4229
1229
-1116
-663
-2466
3157
2339972
-4108
1243
-1108
-695
-2797
2950
2340997
-3443
1205
-1129
-850
-3156
2826
2342022
-2944
1055
-1084
-1258
-3200
2869
2343047
-3333
968
-1141
-1353
-3012
2515
2344072
-3800
1069
-1155
-1105
-3434
1758
2345097
-2904
1055
-1056
-1322
-4097
2032
2346122
-2382
818
-1049
-1651
-4218
2225
2347147
-1960
751
-1045
-1744
-4278
1844
2348172
-1473
592
-876
-1698
-3896
1819
2349197
-1840
604
-956
-1392
-3645
1327
2350222
-1526
457
-996
-1572
-3892
1260
2351247
-1004
344
-897
-2147
-6732
1756
2344063
502
-42
-292
-2299
-8116
1701
2345088
409
312
356
-1184
-3505
1191
2346113
-297
256
-6
-1287
-3383
1232
2347138
410
-50
41
-1146
-3864
1469
2348163
1037
-214
-24
-876
-4311
1729
2349188
1088
-278
-42
-787
-4326
1969
2350213
705
-276
2
-610
-3828
2150
2351238
383
-263
6
-480
-3598
2175
2352263
305
-189
-22
-387
-3597
2151
2353288
238
-96
-42
-418
-3858
2148
2354313
61
14
-21
-585
-3889
2083
2355338
-96
71
-13
-661
-3802
1987
2356363
-128
74
-35
-713
-3877
1913
2357388
-75
60
-31
-744
-3931
1874
2358413
-21
33
-19
-769
-3899
1876
2359438
11
20
-6
-753
-3842
1898
2352257
42
-2
-1
-760
-3896
1917
2353282
103
-26
13
-697
-3858
1949
2354307
81
-26
22
-667
-3822
1974
2355332
39
-20
17
-651
-3858
1989
2356357
37
-11
7
-644
-3844
1980
2357382
16
4
0
-663
-3859
1961
2358407
9
14
-8
-687
-3871
1970
2359432
24
15
-9
-692
-3831
1972
2360457
3
16
-2
-709
-3841
1974
2361482
-11
11
3
-708
-3840
1970
2362507
-3
4
2
-695
-3830
1966
2363532
-3
-2
4
-696
-3871
1949
2364557
9
-9
6
-690
-3858
1945
2365582
23
-11
7
-674
-3851
1963
2366607
16
-7
7
-689
-3853
1967
2367632
24
-8
-1
-688
-3862
1990
2360448
23
-5
4
-682
-3816
1974
2361473
13
-6
0
-691
-3830
1952
2362498
26
-10
-2
-698
-3899
1972
2363523
36
-9
8
-686
-3821
1979
2364548
0
-6
9
-682
-3800
1983
2365573
-2
-7
1
-675
-3863
2013
2366598
-14
9
11
-690
-3862
1994
2367623
-43
14
8
-682
-3799
1955
2368648
-32
6
-5
-681
-3866
1961
2369673
-9
3
0
-694
-3913
1940
2370698
18
-4
1
-694
-3840
1953
2371723
24
-9
0
-685
-3835
1972
2372748
29
-9
1
-689
-3847
1977
2373773
25
-7
3
-680
-3838
1994
2374798
6
-4
5
-681
-3822
1990
2375823
-8
-2
7
-678
-3816
1982
2368640
-8
-2
5
-689
-3874
1987
2369665
-3
-3
6
-694
-3854
1976
2370690
-11
-6
5
-687
-3822
1957
2371715
-4
-8
4
-689
-3863
1987
2372740
2
-4
9
-692
-3866
1976
2373765
5
-3
6
-680
-3830
1966
2374790
11
-2
-1
-688
-3867
1959
2375815
29
-4
0
-691
-3857
1980
2376840
25
-7
3
-680
-3827
2003
2377865
9
-4
4
-679
-3825
1992
2378890
-10
1
4
-684
-3831
2000
2379915
-13
1
5
-687
-3845
1989
2380940
-15
-2
7
-691
-3850
1967
2381965
-16
-7
9
-686
-3832
1966
2382990
-10
-13
6
-686
-3860
1967
2384015
-4
-13
9
-691
-3852
1979
2376832
-16
-12
11
-686
-3819
1990
2377857
-21
-13
7
-690
-3846
1962
2378882
-6
-14
8
-685
-3878
1958
2379907
15
-21
9
-691
-3837
1979
2380932
7
-26
9
-691
-3827
2001
2381957
-19
-18
10
-683
-3826
2029
2382982
-39
-5
10
-692
-3802
2048
2384007
-58
5
8
-716
-3827
2007
2385032
-84
28
-1
-751
-3859
1997
2386057
-100
45
-10
-739
-3881
2006
2387082
-133
44
-18
-759
-3902
2077
2388107
-176
40
-16
-772
-3982
2114
2389132
-257
69
-2
-927
-4177
2206
2390157
-354
106
16
-1040
-4148
2239
2391182
-434
120
120
-1162
-4230
2202
2392207
-616
99
206
-1273
-4256
2105
2385024
-783
112
293
-1528
-4171
1889
2386049
-718
83
249
-1726
-4572
1510
2387074
-197
-33
295
-1560
-4882
1244
2388099
415
-259
382
-1720
-4863
1168
2389124
739
-480
450
-1466
-4670
1145
2390149
1046
-635
563
-1322
-4685
1322
2391174
1521
-765
626
-1403
-4611
1512
2392199
2170
-981
651
-1207
-4621
1591
2393224
3065
-1179
716
-998
-4587
1669
2394249
4180
-1369
826
-1026
-4391
1878
2395274
5316
-1531
1070
-708
-3840
2007
2396299
6549
-1576
1388
-512
-3114
2258
2397324
7624
-1644
1569
-438
-2391
2701
2398349
8057
-1697
1558
-140
-1228
2958
2399374
7497
-1458
1491
-33
-292
3561
2400399
6545
-1438
1497
44
-256
3453
2393216
5871
-1211
1602
461
510
3362
2394241
4353
-579
1582
456
1007
3509
2395266
3491
-508
1485
195
997
3353
2396291
3036
-595
1375
629
1686
3269
2397316
1663
5
1248
462
1759
3432
2398341
952
111
1142
341
1386
3368
2399366
868
-3
1069
387
1529
3516
2400391
930
-189
1002
381
1723
3380
2401416
727
6
849
477
2086
3631
2402441
310
130
708
350
2005
3585
2403466
246
104
571
399
2120
3666
2404491
60
162
431
353
2106
3631
2405516
-61
206
317
287
1955
3611
2406541
-25
168
246
231
1896
3652
2407566
85
102
197
177
1889
3735
2408591
160
21
153
153
1944
3768
2401409
149
-23
105
191
1962
3770
2402434
52
-11
68
217
1937
3777
2403459
-43
3
47
158
1817
3762
2404484
-31
-30
29
122
1736
3796
2405509
31
-64
11
196
1758
3831
2406534
-4
-29
-15
223
1751
3795
2407559
-45
-6
-37
193
1722
3736
2408584
-50
-5
-48
112
1693
3753
2409609
-20
-17
-51
85
1706
3804
2410634
-5
-28
-51
89
1726
3822
2411659
-30
-25
-47
98
1751
3781
2412684
-42
-25
-42
70
1710
3770
2413709
-27
-29
-35
38
1682
3794
2414734
9
-36
-26
32
1702
3831
2415759
18
-41
-20
62
1745
3816
2416784
-8
-21
-16
71
1721
3790
2409600
-6
-7
-15
59
1731
3803
2410625
10
-4
-18
48
1729
3805
2411650
19
-6
-21
47
1727
3792
2412675
13
-11
-21
47
1761
3766
2413700
-21
-8
-24
49
1754
3764
2414725
-50
1
-25
50
1722
3785
2415750
-50
5
-20
19
1680
3778
2416775
-15
-5
-15
21
1670
3778
2417800
14
-12
-6
54
1709
3803
2418825
-1
-4
-2
70
1731
3810
2419850
-33
10
-1
80
1703
3787
2420875
-32
12
9
55
1677
3791
2421900
-3
0
16
66
1717
3838
2422925
-6
5
24
94
1736
3831
2423950
-23
15
28
79
1710
3801
2424975
-8
6
32
50
1703
3803
2417793
7
-4
37
41
1730
3821
2418818
2
-7
40
72
1719
3829
2419843
3
-13
47
92
1701
3810
2420868
8
-18
52
101
1714
3792
2421893
10
-16
49
119
1728
3789
2422918
10
-9
39
126
1728
3766
2423943
6
-12
26
117
1750
3734
2424968
3
-12
9
118
1744
3767
2425993
-10
-10
7
133
1750
3787
2427018
-16
-4
-1
130
1762
3767
2428043
-15
-4
-17
116
1737
3753
2429068
-11
-15
-23
94
1737
3771
2430093
-17
-13
-28
94
1722
3764
2431118
-34
0
-29
89
1697
3730
2432143
-36
3
-33
74
1684
3717
2433168
-26
-10
-38
57
1713
3754
2425984
-33
-14
-40
56
1723
3775
2427009
-55
-10
-38
84
1716
3785
2428034
-64
-13
-41
131
1712
3791
2429059
-66
-25
-59
185
1738
3800
2430084
-91
-26
-87
260
1780
3793
2431109
-147
-17
-134
338
1814
3799
2432134
-217
-24
-200
435
1848
3814
2433159
-357
-26
-302
598
1909
3805
2434184
-624
41
-448
792
1922
3795
2435209
-1064
130
-597
937
1986
3765
2436234
-1774
301
-752
981
1983
3659
2437259
-2565
632
-906
819
1668
3657
2438284
-3140
913
-1053
628
1225
3712
2439309
-3517
1059
-1197
557
835
3633
2440334
-3730
1144
-1268
445
469
3559
2441359
-3920
1236
-1306
225
-1
3659
2434175
-4175
1344
-1435
-9
-506
3587
2435200
-4026
1347
-1477
-58
-568
3571
2436225
-4331
1273
-1348
-363
-809
3407
2437250
-4674
1447
-1638
-711
-1819
3176
2438275
-4111
1300
-1508
-1027
-1933
3259
2439300
-4163
1112
-1512
-1223
-2164
3102
2440325
-3985
1121
-1513
-1107
-2889
2950
2441350
-3317
1151
-1547
-1076
-3241
2728
2442375
-2845
1048
-1479
-1278
-3129
2557
2443400
-3029
975
-1435
-1404
-3257
2330
2444425
-2948
1037
-1287
-1227
-3542
2068
2445450
-2269
1069
-1140
-1324
-3828
2246
2446475
-2191
903
-1114
-1729
-3912
2097
2447500
-1719
587
-1123
-1644
-4223
1343
2448525
-517
492
-1007
-1291
-3990
1527
2449550
-973
618
-741
-2307
-4928
2128
2442368
-812
436
533
-2733
-9473
2532
2443393
-908
502
-267
-307
-4697
1510
2444418
-375
629
-224
-1652
-2993
1390
2445443
241
-5
127
-1295
-3186
1513
2446468
637
-191
-73
-846
-4200
1901
2447493
882
-366
-109
-769
-4364
2203
2448518
644
-348
-34
-598
-3475
2307
2449543
143
-161
50
-536
-3467
2269
2450568
20
-58
21
-493
-3746
2227
2451593
84
0
-40
-620
-3735
2235
2452618
-22
53
-22
-734
-3816
2156
2453643
-135
84
4
-742
-3805
2045
2454668
-162
94
-5
-798
-3830
2005
2455693
-75
45
-12
-797
-3838
1973
2456718
-20
17
-17
-772
-3763
1985
2457743
-51
10
-36
-792
-3860
1990
2450560
53
-11
-31
-794
-3844
2004
2451585
92
-18
-10
-736
-3779
2071
2452610
44
-9
11
-721
-3787
2075
2453635
36
-8
8
-692
-3768
2070
2454660
27
-1
8
-719
-3800
2064
2455685
4
-4
12
-745
-3800
2032
2456710
-3
-12
7
-740
-3817
2046
2457735
7
-3
-5
-745
-3816
2051
2458760
17
0
-2
-743
-3807
2048
2459785
15
2
-7
-739
-3792
2053
2460810
6
2
-11
-737
-3809
2048
2461835
17
-5
-5
-729
-3798
2064
2462860
18
-3
1
-738
-3795
2061
2463885
8
-4
2
-739
-3791
2061
2464910
-3
-4
3
-734
-3780
2068
2465935
-18
-3
5
-736
-3787
2057
2458752
-15
-5
8
-741
-3796
2055
2459777
-15
-2
8
-748
-3814
2058
2460802
-13
-2
3
-737
-3797
2039
2461827
-8
-2
6
-729
-3786
2058
2462852
-30
2
3
-739
-3800
2053
2463877
-24
1
1
-726
-3811
2044
2464902
-13
3
6
-740
-3806
2057
2465927
-20
6
5
-746
-3797
2040
2466952
-9
-2
0
-741
-3804
2037
2467977
7
-9
0
-742
-3817
2032
2469002
24
-12
0
-742
-3811
2028
2470027
46
-17
-4
-739
-3799
2041
2471052
45
-16
-7
-728
-3794
2072
2472077
23
-10
-4
-727
-3785
2070
2473102
8
-4
0
-728
-3778
2073
2474127
-2
-1
5
-728
-3794
2065
2467160
-6
-3
6
-736
-3812
2041
2468185
6
-8
5
-740
-3802
2040
2469210
24
-15
1
-737
-3793
2050
2470235
35
-20
-5
-732
-3796
2059
2471260
23
-19
-7
-746
-3769
2089
2472285
-7
-24
24
-752
-3773
2078
2473310
-26
-27
20
-761
-3808
2057
2474335
-48
-32
8
-834
-3863
2085
2475360
-108
-20
20
-881
-4051
2185
2476385
-310
20
41
-983
-4253
2255
2477410
-621
43
102
-1111
-4325
2456
2478435
-1078
50
278
-1293
-4203
2289
2479460
-1615
74
487
-1559
-4190
1574
2480485
-1668
23
617
-1706
-4396
1279
2481510
-1153
-186
641
-1761
-4638
1282
2482535
-341
-360
608
-1744
-4925
1224
2475137
408
-519
648
-1675
-4981
1319
2476162
907
-637
749
-1578
-4514
1485
2477187
1053
-777
858
-1585
-4426
1556
2478212
1200
-859
961
-1533
-4436
1560
2479237
1471
-908
944
-1502
-4275
1566
2480262
1792
-998
931
-1401
-4227
1621
2481287
2163
-1094
1004
-1264
-4044
1762
2482312
2628
-1198
1074
-1090
-3749
1987
2483337
3139
-1312
1010
-1128
-3565
2133
2484362
3741
-1418
1063
-932
-3355
2207
2485387
4469
-1516
1073
-872
-3170
2389
2486412
5560
-1630
1372
-592
-2754
2468
2487437
6671
-1691
1556
-565
-2108
2888
2488462
7088
-1715
1589
-200
-1418
3009
2489487
7121
-1555
1409
-257
-280
3394
2490512
6865
-1769
1608
-232
78
3385
2483327
5715
-1524
1576
330
1034
3294
2484352
3620
-759
1404
206
1353
3380
2485377
2749
-590
1400
332
1419
3415
2486402
2257
-526
1274
275
1361
3474
2487427
1670
-381
1125
443
1916
3482
2488452
832
-40
1017
250
1761
3538
2489477
652
-95
903
321
1670
3525
2490502
580
-80
793
369
1870
3633
2491527
327
21
666
245
1913
3602
2492552
269
7
563
234
1991
3648
2493577
253
-71
430
128
1940
3654
2494602
287
-82
343
344
2151
3809
2495627
-39
57
244
189
2043
3783
2496652
-9
16
159
207
1912
3820
2497677
56
-56
112
160
1924
3901
2498702
88
-110
56
175
1924
3913
2491521
91
-107
15
191
1906
3942
2492546
48
-93
-30
145
1831
3887
2493571
28
-88
-66
105
1788
3884
2494596
-1
-66
-99
78
1732
3861
2495621
-16
-42
-119
63
1667
3829
2496646
-8
-27
-122
47
1647
3838
2497671
-12
-11
-121
27
1621
3812
2498696
-24
7
-112
9
1623
3775
2499721
-35
13
-97
-25
1611
3761
2500746
-28
11
-76
-32
1645
3755
2501771
-5
14
-62
-50
1699
3793
2502796
-22
23
-59
-71
1686
3775
2503821
-33
23
-52
-83
1710
3760
2504846
-26
24
-42
-86
1729
3780
2505871
-35
24
-38
-89
1717
3766
2506896
-36
23
-33
-88
1712
3773
2499712
-19
19
-27
-87
1716
3803
2500737
-13
12
-17
-88
1716
3820
2501762
-10
6
-6
-82
1710
3841
2502787
-9
8
-4
-49
1710
3834
2503812
-16
11
-1
-33
1703
3805
2504837
-19
12
1
-46
1692
3807
2505862
-14
8
0
-49
1670
3822
2506887
-6
0
2
-42
1676
3821
2507912
-2
-5
4
-25
1699
3814
2508937
-10
0
5
-30
1674
3789
2509962
-20
-1
8
-50
1670
3782
2510987
-26
-5
12
-27
1658
3804
2512012
-18
-7
17
-25
1677
3789
2513037
-14
-14
11
-45
1701
3776
2514062
-5
-27
14
-16
1713
3788
2515087
-24
-10
5
-18
1718
3813
2507904
-28
-5
1
-42
1711
3832
2508929
-10
-18
-3
-35
1725
3833
2509954
-11
-11
-10
-30
1713
3817
2510979
-14
-8
-15
-63
1722
3828
2512004
-8
-7
-25
-68
1724
3844
2513029
-8
-6
-27
-59
1717
3828
2514054
-11
-6
-26
-57
1702
3814
2515079
-13
-4
-30
-57
1707
3818
2516104
-3
-5
-32
-13
1710
3847
2517129
-2
1
-35
16
1689
3832
2518154
1
-4
-50
91
1717
3803
2519179
-23
1
-66
127
1726
3795
2520204
-70
-22
-96
172
1783
3764
2521229
-215
-67
-158
246
1897
3741
2522254
-619
-109
-233
383
1992
3705
2523279
-1386
-29
-358
596
1949
3651
2516097
-2276
274
-469
780
1695
3584
2517122
-2806
570
-549
735
1309
3679
2518147
-3083
663
-650
588
1060
3739
2519172
-3372
738
-782
515
866
3684
2520197
-3526
833
-943
500
570
3572
2521222
-3451
899
-1024
392
108
3550
2522247
-3592
894
-1129
251
-63
3514
2523272
-3863
1006
-1406
-8
-166
3714
2524297
-3980
1047
-1594
-45
-1026
3645
2525322
-3476
1061
-1604
-81
-1188
3595
2526347
-3375
1021
-1473
-362
-1553
3431
2527372
-3480
1093
-1641
-648
-2157
3413
2528397
-3377
1147
-1614
-638
-2243
3275
2529422
-3377
1162
-1514
-755
-2579
3007
2530447
-3399
1323
-1525
-864
-3247
2688
2531472
-2869
1258
-1465
-1089
-3107
2725
2524287
-2965
1162
-1455
-1376
-3091
2572
2525312
-2799
1132
-1321
-1161
-3590
2234
2526337
-2361
1145
-1116
-1266
-3978
1997
2527362
-1852
1020
-1137
-1697
-4310
1856
2528387
-1254
658
-1106
-1787
-4135
2016
2529412
-1081
450
-972
-1334
-4292
1708
2530437
-1129
691
-967
-1791
-5372
2780
2531462
-1213
903
-77
-2598
-9114
2855
2532487
-701
653
-5
-657
-4622
1413
2533512
-822
499
-246
-1415
-2496
1291
2534537
-306
126
61
-1280
-3244
1632
2535562
410
-72
-132
-787
-4196
2186
2536587
626
-208
-98
-709
-4411
2258
2537612
571
-216
61
-542
-3662
2202
2538637
201
-169
39
-491
-3466
2134
2539662
162
-118
-1
-436
-3702
2212
2532521
218
-58
6
-456
-3775
2338
2533546
34
28
24
-554
-3708
2295
2534571
-177
86
13
-636
-3697
2159
2535596
-260
100
-12
-686
-3785
2055
2536621
-218
80
-27
-719
-3866
2008
2537646
-173
60
-17
-748
-3849
1962
2538671
-156
10
-36
-743
-3872
1929
2539696
-59
9
2
-698
-3867
1959
2540721
-19
6
27
-692
-3853
1999
2541746
-15
6
21
-643
-3834
2002
2542771
6
8
8
-631
-3827
2022
2543796
-2
14
0
-649
-3838
2024
2544821
-19
17
-6
-677
-3830
2016
2545846
-22
17
-5
-679
-3805
2015
2546871
-37
15
3
-690
-3841
1992
2547896
-15
7
7
-692
-3837
1990
2540672
-5
4
7
-677
-3842
1984
2541697
-7
4
6
-677
-3849
1984
2542722
5
8
4
-664
-3830
1999
2543747
5
10
2
-667
-3844
1999
2544772
7
10
2
-664
-3831
2009
2545797
3
10
2
-683
-3830
2002
2546822
3
11
0
-683
-3825
2000
2547847
-8
8
3
-682
-3835
2008
2548872
-4
2
3
-688
-3823
2003
2549897
2
-3
5
-683
-3830
1994
2550922
9
-11
7
-680
-3839
1993
2551947
13
-11
7
-678
-3829
2006
2552972
-2
-6
7
-679
-3825
2022
2553997
-9
-1
7
-672
-3829
2014
2555022
-11
3
5
-686
-3838
1997
2556047
-8
2
5
-680
-3845
1993
2548865
-1
-2
6
-684
-3839
1996
2549890
6
-4
4
-684
-3839
1985
2550915
14
-7
2
-678
-3845
1991
2551940
12
-4
5
-686
-3826
2025
2552965
-5
-2
5
-681
-3824
2014
2553990
-13
-2
2
-679
-3824
2002
2555015
-15
-5
-2
-677
-3854
1986
2556040
-12
-19
-1
-693
-3830
2015
2557065
-29
-27
-4
-702
-3847
2059
2558090
-47
-13
-2
-667
-3875
2101
2559115
-79
23
-15
-755
-3922
2210
2560140
-126
52
-17
-868
-4014
2322
2561165
-223
106
-1
-895
-4159
2342
2562190
-494
166
52
-973
-4347
2323
2563215
-686
82
237
-1332
-4347
2109
2564240
-817
37
314
-1464
-4250
1907
2557056
-735
-60
347
-1842
-4825
1762
2558081
-182
-286
196
-1976
-5230
1497
2559106
648
-439
197
-1530
-4874
1297
2560131
1206
-611
281
-1503
-4442
1386
2561156
1138
-725
417
-1484
-4127
1575
2562181
678
-716
579
-1283
-4212
1844
2563206
403
-685
767
-1231
-4494
1839
2564231
511
-733
963
-1298
-4530
1713
2565256
830
-835
1092
-1208
-4379
1576
2566281
1266
-979
1162
-1032
-4188
1481
2567306
1951
-1147
1196
-900
-4159
1545
2568331
2952
-1328
1231
-742
-3849
1674
2569356
3812
-1421
1308
-654
-3413
1932
2570381
4626
-1592
1243
-606
-3097
2099
2571406
5411
-1674
1257
-194
-2413
2272
2572431
6423
-1687
1627
-98
-1986
2490
2565248
6772
-1689
1647
60
-1033
3008
2566273
6869
-1794
1606
16
-334
3159
2567298
6163
-1558
1464
411
968
3699
2568323
3517
-905
1146
377
753
3754
2569348
2813
-692
1228
362
467
3687
2570373
2494
-543
1155
359
861
3803
2571398
1957
-513
987
417
1157
3780
2572423
1803
-601
926
323
1438
3660
2573448
875
-231
650
572
1691
3913
2574473
143
38
544
272
1196
3903
2575498
361
-124
475
277
1240
3938
2576523
206
-62
340
246
1387
4040
2577548
69
-53
253
146
1305
4071
2578573
95
-99
190
169
1316
4119
2579598
103
-103
142
120
1273
4150
2580623
114
-129
98
61
1229
4139
2573440
81
-161
59
15
1222
4169
2574465
45
-168
26
46
1213
4211
2575490
31
-144
4
68
1148
4215
2576515
60
-116
-9
22
1086
4191
2577540
106
-136
-25
-37
1052
4120
2578565
164
-158
-50
52
1060
4030
2579590
99
-54
-70
94
1088
4049
2580615
47
8
-74
18
1073
4042
2581640
38
2
-78
-27
1115
4049
2582665
-26
2
-84
-25
1111
4060
2583690
-54
9
-72
-26
1059
4058
2584715
-26
-3
-52
-49
1046
4076
2585740
6
-26
-38
-93
1103
4098
2586765
9
-34
-33
-77
1112
4111
2587790
0
-23
-28
-20
1112
4108
2588815
-19
-4
-15
-18
1107
4115
2581632
-34
8
-6
-38
1088
4111
2582657
-22
14
-1
-30
1089
4093
2583682
-8
24
1
-11
1115
4068
2584707
-7
29
1
-19
1117
4055
2585732
-27
28
3
-54
1123
4055
2586757
-42
31
2
-76
1106
4079
2587782
-36
32
4
-71
1084
4057
2588807
-6
29
7
-60
1079
4043
2589832
-2
26
7
-76
1096
4046
2590857
-10
28
6
-85
1087
4066
2591882
-15
32
10
-55
1078
4047
2592907
-30
38
16
-33
1077
4028
2593932
-46
40
20
-26
1053
4028
2594957
-32
30
26
-49
1066
4073
2595982
-8
18
28
-27
1105
4083
2597007
-13
17
23
16
1142
4078
2589824
-37
29
14
42
1138
4070
2590849
-44
34
-5
92
1141
4098
2591874
-42
38
-35
152
1171
4119
2592899
-126
46
-82
200
1297
4120
2593924
-466
74
-151
254
1523
4145
2594949
-1063
201
-260
314
1480
4116
2595974
-1641
404
-343
390
1181
4011
2596999
-1969
514
-352
355
939
4025
2598024
-2279
617
-434
369
784
3961
2599049
-2561
738
-540
372
507
3818
2600074
-2718
847
-595
287
81
3708
2601099
-2604
880
-684
176
-227
3688
2602124
-2331
819
-755
168
-286
3738
2603149
-2398
807
-892
220
-175
3602
2604174
-2796
896
-1025
54
-298
3540
2605199
-3228
980
-1096
-2
-636
3414
2598016
-3465
917
-1131
-200
-1349
3330
2599041
-3267
993
-1324
-92
-1582
3318
2600066
-2960
928
-1264
-381
-1827
3332
2601091
-2925
950
-1363
-526
-2468
3285
2602116
-2639
988
-1474
-368
-2519
3270
2603141
-2738
1019
-1421
-513
-3151
3055
2604166
-2364
1093
-1439
-781
-3734
3175
2605191
-2190
972
-1340
-1143
-3540
2885
2606216
-2144
900
-1180
-1102
-3746
2442
2607241
-2150
827
-1066
-1113
-3956
2416
2608266
-2021
826
-967
-1374
-4351
2627
2609291
-1240
650
-863
-1712
-4527
2533
2610316
-470
470
-704
-1524
-3878
2418
2611341
-676
418
-631
-1181
-3519
2152
2612366
-903
401
-548
-1351
-3458
2046
2613391
-1255
401
-720
-1681
-3443
1948
2606309
-1373
352
-824
-1416
-3489
2099
2607334
-1011
382
-261
-2125
-6632
2857
2608359
-131
604
61
-1648
-6867
2680
2609384
-32
526
129
-755
-3414
2030
2610409
-441
269
-20
-1026
-2626
1743
2611434
-55
-8
-73
-944
-3759
2178
2612459
383
-185
-93
-541
-4051
2395
2613484
302
-178
-20
-379
-3635
2235
2614509
-41
-87
-1
-338
-3696
2109
2615534
-70
-14
4
-404
-3819
2117
2616559
18
38
-1
-534
-3782
2165
2617584
-28
39
-13
-638
-3786
2164
2618609
-108
23
-32
-683
-3831
2120
2619634
-119
14
-27
-695
-3815
2094
2620659
-29
-14
-24
-689
-3743
2097
2621684
2
-20
-13
-675
-3775
2085
2614401
21
-22
4
-678
-3822
2069
2615426
66
-35
17
-642
-3786
2101
2616451
40
-26
28
-617
-3779
2127
2617476
4
-18
26
-592
-3778
2149
2618501
16
-14
9
-586
-3751
2148
2619526
10
-1
-3
-613
-3783
2140
2620551
-9
8
-3
-634
-3804
2113
2621576
7
-1
-3
-643
-3776
2098
2622601
31
-9
1
-645
-3769
2121
2623626
16
-9
10
-652
-3782
2124
2624651
12
-14
12
-627
-3755
2123
2625676
13
-15
8
-621
-3764
2131
2626701
1
-11
9
-625
-3778
2122
2627726
-3
-8
6
-626
-3774
2121
2628751
-1
-6
3
-630
-3797
2117
2629776
14
-9
2
-632
-3786
2107
2622592
21
-12
2
-631
-3773
2123
2623617
28
-16
4
-634
-3765
2133
2624642
20
-12
6
-619
-3760
2153
2625667
4
-7
8
-626
-3764
2156
2626692
-7
-3
10
-622
-3748
2154
2627717
-28
3
7
-624
-3775
2136
2628742
-26
4
4
-625
-3776
2116
2629767
-21
4
4
-635
-3791
2118
2630792
-22
4
6
-631
-3774
2125
2631817
-15
3
3
-626
-3771
2121
2632842
-11
6
2
-633
-3796
2105
2633867
7
1
1
-637
-3793
2099
2634892
19
-5
1
-631
-3774
2121
2635917
24
-8
1
-625
-3781
2127
2636942
27
-7
4
-625
-3760
2139
2637967
13
-5
5
-634
-3747
2162
2630785
-6
-5
7
-630
-3750
2160
2631810
-20
-2
8
-626
-3769
2127
2632835
-16
-2
6
-631
-3787
2112
2633860
0
-4
4
-631
-3795
2109
2634885
16
-6
4
-630
-3772
2117
2635910
15
-4
5
-629
-3760
2140
2636935
6
3
2
-637
-3777
2128
2637960
4
3
0
-633
-3750
2135
2638985
1
-2
-1
-632
-3774
2149
2640010
6
0
4
-629
-3750
2158
2641035
-17
2
1
-651
-3776
2108
2642060
-8
0
-3
-628
-3805
2120
2643085
12
-1
2
-624
-3767
2117
2644110
18
-4
0
-621
-3792
2125
2645135
28
-4
5
-624
-3768
2150
2646160
8
0
5
-622
-3750
2159
2638975
-11
-1
2
-628
-3757
2149
2640000
-16
-4
3
-640
-3770
2135
2641025
-13
-10
7
-643
-3766
2134
2642050
-22
-13
12
-639
-3765
2128
2643075
-25
-12
12
-630
-3775
2120
2644100
-19
-11
9
-628
-3779
2113
2645125
-10
-9
7
-633
-3788
2106
2646150
-4
-8
7
-633
-3775
2128
2647175
-10
-5
9
-633
-3766
2133
2648200
-16
-5
6
-630
-3768
2124
2649225
-10
-6
-1
-630
-3799
2122
2650250
-2
0
1
-625
-3805
2180
2651275
-21
20
16
-647
-3832
2267
2652300
-94
48
34
-786
-3921
2381
2653325
-134
57
33
-918
-4055
2604
2654350
-244
66
70
-935
-4179
2555
2647168
-617
118
207
-1005
-4199
2069
2648193
-755
71
469
-1356
-4317
1686
2649218
-645
-18
457
-1455
-4292
1611
2650243
-134
-173
400
-1462
-4380
1571
2651268
626
-222
442
-1246
-4280
1852
2652293
969
-269
480
-1356
-3955
2083
2653318
787
-350
504
-1507
-3773
2107
2654343
556
-401
479
-1317
-3967
2122
2655368
546
-439
586
-1375
-4388
2055
2656393
863
-529
707
-1644
-4724
1971
2657418
1551
-674
737
-1385
-4539
1963
2658443
2406
-826
808
-1298
-4287
2058
2659468
3242
-1024
814
-1105
-3788
2241
2660493
3648
-1068
970
-1023
-3423
2457
2661518
4354
-1206
1048
-938
-3210
2575
2662543
5206
-1312
1249
-663
-2769
2790
2655360
5600
-1326
1388
-402
-2118
3115
2656385
5809
-1346
1413
-508
-1811
3320
2657410
6260
-1563
1661
-272
-971
3329
2658435
6003
-1622
1746
93
-91
3589
2659460
4358
-1210
1472
188
528
3770
2660485
2919
-813
1355
172
443
3600
2661510
2404
-599
1292
245
575
3608
2662535
2092
-596
1200
325
839
3626
2663560
1780
-422
1126
316
897
3802
2664585
1825
-475
960
542
1233
3588
2665610
1227
-146
781
407
1511
3666
2666635
780
-54
620
366
1416
3646
2667660
416
61
484
358
1406
3785
2668685
128
127
373
323
1327
3785
2669710
166
60
308
198
1291
3814
2670735
412
-81
267
275
1463
3927
2663551
274
-12
216
82
1452
4026
2664576
333
-101
169
151
1454
4021
2665601
330
-106
154
130
1510
4063
2666626
313
-135
130
78
1478
4071
2667651
307
-173
99
111
1513
4086
2668676
288
-203
69
176
1465
4023
2669701
226
-152
47
162
1475
4099
2670726
152
-120
14
113
1435
4054
2671751
108
-78
-6
146
1418
4007
2672776
25
-26
-25
117
1364
3930
2673801
4
-12
-34
96
1335
3920
2674826
-11
-2
-33
54
1339
3896
2675851
-10
3
-22
3
1346
3893
2676876
-7
-3
-13
10
1384
3878
2677901
-27
1
-2
0
1428
3872
2678926
-31
1
-6
-58
1434
3893
2671744
-5
-18
-4
-59
1430
3934
2672769
-21
-11
-3
-52
1444
3949
2673794
-10
-10
4
-25
1443
3967
2674819
1
-6
8
-5
1432
3990
2675844
6
1
10
-5
1436
3993
2676869
9
6
10
-15
1433
4011
2677894
15
11
5
1
1432
4005
2678919
19
21
4
21
1439
3992
2679944
10
32
2
23
1412
3983
2680969
7
31
4
6
1389
3963
2681994
14
22
10
3
1388
3941
2683019
17
13
18
15
1397
3928
2684044
11
14
27
24
1415
3929
2685069
-3
17
23
37
1400
3891
2686094
-5
11
20
20
1411
3873
2687119
-1
-2
20
-8
1415
3886
2679937
-7
-14
18
-12
1442
3901
2680962
-21
-17
21
-1
1436
3915
2681987
22
-65
18
-41
1372
3939
2683012
129
-107
35
81
1494
3962
2684037
15
-26
19
16
1443
3963
2685062
12
-23
13
39
1443
3966
2686087
6
-9
17
54
1447
3994
2687112
1
4
14
60
1419
3978
2688137
10
5
10
70
1430
3959
2689162
5
13
10
61
1440
3959
2690187
-2
17
8
62
1434
3963
2691212
7
13
4
81
1450
3949
2692237
12
15
-8
107
1463
3919
2693262
11
23
-25
122
1483
3903
2694287
2
29
-53
160
1487
3905
2695312
4
29
-88
209
1473
3932
2688127
4
26
-131
286
1517
3933
2689152
-17
38
-189
368
1576
3913
2690177
-77
62
-260
467
1590
3888
2691202
-188
63
-351
580
1682
3833
2692227
-523
2
-466
716
1923
3808
2693252
-1373
74
-603
857
1980
3774
2694277
-2409
411
-708
864
1521
3693
2695302
-3053
679
-752
695
1119
3762
2696327
-3440
780
-876
593
930
3814
2697352
-3722
942
-1016
553
397
3760
2698377
-3899
1095
-1064
251
-463
3678
2699402
-3752
1048
-1097
-26
-477
3687
2700427
-3925
1115
-1283
-11
27
3731
2701452
-4926
1320
-1495
-69
-672
3458
2702477
-5000
1619
-1544
-100
-1935
3153
2703502
-4258
1400
-1149
-731
-2210
3150
2696321
-4211
1378
-1314
-867
-2192
2925
2697346
-4208
1380
-1484
-817
-2552
2622
2698371
-3661
1406
-1358
-961
-3189
2475
2699396
-3141
1184
-1276
-1452
-3529
2392
2700421
-2498
1047
-1229
-1257
-3513
2253
2701446
-2044
1002
-1257
-1127
-3449
2209
2702471
-1887
959
-1091
-1511
-4274
1994
2703496
-1189
840
-871
-1694
-4438
1953
2704521
-999
684
-746
-1751
-4012
1916
2705546
-1153
527
-736
-1582
-3711
1688
2706571
-1229
527
-731
-1394
-3670
1738
2707596
-1700
502
-655
-1927
-4467
1862
2708621
-1191
288
-518
-2557
-7665
2353
2709646
167
398
146
-1601
-6587
1955
2710671
-135
403
46
-981
-3312
1581
2711696
-320
-40
-14
-1319
-3191
1678
2704512
75
-264
-93
-880
-3543
1932
2705537
311
-285
-120
-578
-3849
1880
2706562
381
-233
-53
-531
-4237
1944
2707587
389
-117
23
-517
-4077
1970
2708612
274
-82
15
-522
-3749
2075
2709637
162
-77
-12
-512
-3711
2218
2710662
94
-27
-8
-577
-3665
2248
2711687
-33
20
-33
-654
-3750
2091
2712712
-116
42
-46
-704
-3865
1941
2713737
-102
43
-40
-749
-3900
1928
2714762
-69
46
-17
-748
-3860
1918
2715787
-44
34
-7
-772
-3906
1892
2716812
26
9
-3
-730
-3876
1917
2717837
25
-1
3
-680
-3870
1956
2718862
38
-8
8
-656
-3847
1958
2719887
40
-5
3
-653
-3836
1979
2712705
18
3
-4
-677
-3859
2000
2713730
-4
10
-1
-687
-3809
1981
2714755
-24
12
-6
-697
-3854
1964
2715780
-7
12
-6
-703
-3866
1946
2716805
-5
19
-12
-687
-3889
1939
2717830
4
22
-10
-697
-3881
1934
2718855
37
13
-10
-686
-3829
1955
2719880
37
6
-6
-684
-3846
1962
2720905
38
0
-3
-691
-3835
1987
2721930
16
1
1
-684
-3822
1999
2722955
-12
2
5
-694
-3829
1986
2723980
-12
0
4
-674
-3828
1980
2725005
-44
7
6
-685
-3847
1981
2726030
-60
12
4
-689
-3856
1951
2727055
-38
7
3
-691
-3844
1951
2728080
-39
12
4
-691
-3856
1962
2720896
-55
24
3
-688
-3868
1946
2721921
-54
23
0
-684
-3832
1938
2722946
-56
21
-1
-684
-3862
1937
2723971
-35
15
3
-702
-3872
1916
2724996
-8
7
2
-705
-3878
1917
2726021
13
0
3
-706
-3879
1912
2727046
39
-7
0
-700
-3859
1930
2728071
37
-6
3
-689
-3853
1964
2729096
13
-1
6
-690
-3841
1973
2730121
2
1
4
-688
-3834
1962
2731146
-21
6
1
-687
-3859
1953
2732171
-30
6
3
-698
-3861
1927
2733196
-7
1
2
-696
-3872
1921
2734221
11
-5
4
-701
-3868
1937
2735246
10
-6
6
-699
-3845
1946
2736271
1
-5
5
-689
-3836
1958
2729087
-6
-3
6
-685
-3856
1948
2730112
-3
-6
6
-696
-3865
1935
2731137
-3
-7
6
-706
-3862
1943
2732162
-6
-7
7
-696
-3856
1945
2733187
1
-7
9
-688
-3857
1934
2734212
7
-7
5
-699
-3868
1932
2735237
18
-6
7
-697
-3874
1939
2736262
22
-8
10
-697
-3845
1955
2737287
20
-13
7
-685
-3840
1958
2738312
15
-15
5
-686
-3858
1955
2739337
6
-14
5
-705
-3865
1963
2740362
-1
-11
11
-688
-3850
2001
2741387
-33
3
17
-744
-3879
1991
2742412
-56
27
20
-846
-3996
2042
2743437
-36
61
37
-969
-4192
2161
2744462
-64
83
69
-1046
-4399
2300
2737281
-170
59
189
-1214
-4277
2178
2738306
-460
41
320
-1513
-4034
1807
2739331
-608
-20
421
-1878
-4291
1459
2740356
-150
-168
410
-2201
-4616
1392
2741381
746
-414
329
-2151
-4738
1389
2742406
1776
-611
408
-1886
-4759
1712
2743431
2664
-787
586
-1662
-4412
1932
2744456
3115
-865
691
-1608
-3906
2320
2745481
2970
-982
763
-1559
-4068
2457
2746506
3156
-1069
849
-1352
-4109
2581
2747531
3755
-1140
1174
-1005
-3888
2513
2748556
4944
-1240
1258
-869
-3750
2608
2749581
6150
-1377
1467
-453
-2654
2951
2750606
6687
-1346
1632
-337
-2361
3196
2751631
7973
-1633
1824
-95
-1427
3392
2752656
7357
-1511
1590
249
-371
3584
2745472
6270
-1356
1799
388
142
3511
2746497
4939
-956
1863
721
844
3429
2747522
3516
-419
1638
523
969
3447
2748547
2611
-446
1542
659
1310
3316
2749572
1516
-233
1489
671
1531
3209
2750597
748
-79
1333
560
1468
3197
2751622
500
-105
1197
600
1414
3340
2752647
420
-105
1080
565
1426
3482
2753672
424
-102
962
513
1508
3533
2754697
609
-257
855
595
1638
3379
2755722
402
-82
741
608
1932
3624
2756747
29
-8
606
504
1906
3689
2757772
-37
-12
474
565
1974
3874
2758797
-188
101
354
483
1863
3933
2759822
-230
134
264
432
1727
3900
2760847
-134
88
206
418
1696
3947
2753664
-29
66
147
434
1726
4004
2754689
-8
80
83
412
1723
3975
2755714
-33
86
18
367
1674
3895
2756739
-55
75
-23
305
1571
3889
2757764
-42
53
-42
261
1490
3896
2758789
0
24
-57
274
1464
3866
2759814
1
17
-72
242
1457
3813
2760839
-6
12
-81
157
1442
3822
2761864
6
-5
-75
110
1440
3857
2762889
20
-14
-62
135
1465
3865
2763914
-4
2
-47
158
1484
3861
2764939
-19
10
-24
102
1464
3880
2765964
6
-2
-12
54
1489
3937
2766989
19
-9
8
70
1525
3969
2768014
20
-1
22
92
1563
3954
2769039
29
0
16
150
1540
3944
2761856
26
4
13
162
1552
3934
2762881
23
10
-1
131
1554
3933
2763906
26
12
-14
128
1528
3921
2764931
30
10
-21
163
1512
3893
2765956
20
5
-23
173
1493
3863
2766981
23
-5
-22
154
1487
3849
2768006
33
-15
-24
142
1486
3862
2769031
27
-19
-29
163
1495
3858
2770056
17
-12
-33
146
1507
3841
2771081
13
-9
-39
127
1495
3866
2772106
-6
-6
-39
118
1522
3867
2773131
-22
5
-27
106
1521
3875
2774156
-11
-2
-17
88
1511
3874
2775181
1
-9
-10
84
1530
3888
2776206
-5
-2
0
79
1528
3878
2777231
-3
-4
10
86
1532
3887
2770048
0
-10
19
99
1522
3875
2771073
1
-18
25
95
1524
3862
2772098
7
-32
26
101
1550
3864
2773123
12
-39
29
130
1542
3896
2774148
6
-42
31
158
1539
3896
2775173
8
-46
26
183
1538
3876
2776198
18
-44
14
204
1534
3878
2777223
12
-32
0
208
1550
3893
2778248
-12
-14
-14
180
1529
3876
2779273
-13
-9
-25
173
1510
3875
2780298
-5
-12
-28
166
1513
3894
2781323
-14
-7
-27
139
1522
3869
2782348
-23
-6
-20
129
1498
3860
2783373
-16
-16
-9
133
1496
3880
2784398
-8
-24
-1
149
1511
3889
2785423
-2
-27
4
149
1524
3887
2778240
-3
-26
5
152
1533
3892
2779265
-4
-26
5
175
1522
3901
2780290
-8
-13
4
194
1522
3902
2781315
-5
-9
2
196
1531
3899
2782340
1
-12
-3
187
1546
3889
2783365
2
-11
-12
189
1549
3879
2784390
-7
-1
-22
218
1559
3862
2785415
-23
10
-32
222
1554
3861
2786440
-24
8
-46
220
1519
3863
2787465
-7
-4
-65
227
1550
3875
2788490
-21
2
-92
273
1588
3860
2789515
-61
21
-124
317
1563
3870
2790540
-80
18
-152
398
1562
3898
2791565
-107
4
-191
509
1633
3896
2792590
-237
-26
-266
659
1805
3866
2793615
-584
-27
-371
864
1895
3862
2786432
-1233
148
-505
948
1796
3786
2787457
-1796
375
-595
831
1475
3755
2788482
-2221
524
-662
577
1212
3815
2789507
-2579
587
-786
508
1062
3882
2790532
-3003
667
-891
574
911
3892
2791557
-3499
847
-948
559
595
3871
2792582
-3849
1054
-976
317
58
3859
2793607
-4005
1154
-951
-61
-576
3849
2794632
-3951
1144
-1006
-133
-787
3724
2795657
-4324
1197
-1044
-283
-790
3634
2796682
-4710
1375
-1270
-259
-1910
3256
2797707
-3776
1368
-1059
-441
-2245
3457
2798732
-3308
1138
-908
-767
-2046
3249
2799757
-3351
1230
-1038
-643
-2255
3112
2800782
-3440
1273
-993
-686
-2664
2737
2801807
-3059
1406
-1014
-1023
-2847
2725
2794624
-2899
1233
-998
-1502
-3183
2714
2795649
-2401
1064
-925
-1412
-3662
2428
2796674
-1489
992
-903
-1296
-3342
2367
2797699
-1261
896
-961
-1532
-2853
2395
2798724
-1540
829
-1003
-1338
-3200
2035
2799749
-1075
754
-928
-1386
-3788
2153
2800774
-915
642
-834
-1453
-4030
2011
2801799
-488
450
-881
-1477
-3740
1866
2802824
-229
285
-770
-1148
-3328
2042
2803849
-1289
520
-891
-2116
-4879
2833
2804874
-974
465
-635
-2407
-8850
2988
2805899
-313
680
-58
-1203
-5807
1947
2806924
-9
221
75
-1112
-2680
1681
2807949
87
-221
-226
-1155
-2279
2020
2808974
8
-224
-224
-647
-3299
2185
2809999
-16
-193
-102
-637
-4618
2153
2802816
386
-148
52
-593
-4244
2049
2803841
393
-88
56
-529
-3390
2131
2804866
141
-60
-50
-548
-3559
2249
2805891
238
-74
-24
-571
-3862
2432
2806916
206
-62
-8
-540
-3664
2414
2807941
-38
-12
-30
-612
-3595
2286
2808966
-106
21
-47
-677
-3729
2202
2809991
-64
24
-35
-696
-3763
2183
2811016
-69
-13
-16
-737
-3717
2154
2812041
-46
-14
-17
-693
-3772
2148
2813066
13
-17
12
-697
-3748
2172
2814091
46
-29
12
-636
-3741
2200
2815116
54
-30
9
-617
-3744
2198
2816141
68
-25
-2
-631
-3752
2198
2817166
87
-25
-8
-642
-3758
2211
2818191
105
-26
-4
-654
-3716
2219
2811008
93
-21
-3
-658
-3726
2231
2812033
93
-23
0
-647
-3696
2255
2813058
74
-22
2
-644
-3668
2266
2814083
48
-17
1
-640
-3700
2276
2815108
39
-12
5
-640
-3687
2275
2816133
5
0
4
-640
-3700
2270
2817158
-1
3
3
-645
-3700
2257
2818183
-4
2
4
-640
-3698
2259
2819208
-24
3
2
-641
-3718
2257
2820233
-14
0
3
-649
-3696
2240
2821258
-11
-1
3
-652
-3717
2245
2822283
-4
-5
6
-651
-3711
2249
2823308
-7
-2
5
-647
-3700
2256
2824333
-11
4
3
-650
-3718
2243
2825358
-3
4
2
-643
-3699
2249
2826383
-30
6
-1
-648
-3711
2265
2819499
-37
6
-3
-642
-3704
2241
2820524
-25
11
-2
-643
-3713
2221
2821549
-9
6
-1
-651
-3713
2223
2822574
1
2
2
-652
-3716
2233
2823599
9
-4
4
-643
-3703
2243
2824624
5
-4
5
-643
-3688
2261
2825649
-18
2
7
-646
-3710
2247
2826674
-28
6
5
-650
-3702
2241
2827699
-26
4
3
-648
-3724
2230
2828724
-23
4
4
-653
-3736
2200
2829749
0
-1
3
-648
-3706
2227
2830774
8
-3
6
-652
-3712
2234
2831799
2
-5
6
-648
-3708
2240
2832824
-6
-3
6
-651
-3704
2251
2833849
-13
-1
6
-654
-3711
2234
2834874
-3
-2
4
-651
-3730
2218
2827395
10
-5
4
-648
-3738
2218
2828420
21
-8
4
-642
-3719
2235
2829445
19
-8
5
-642
-3698
2263
2830470
-3
-1
7
-649
-3697
2248
2831495
-8
0
5
-647
-3696
2241
2832520
-10
0
4
-647
-3722
2236
2833545
-8
1
6
-652
-3728
2216
2834570
7
-4
3
-647
-3715
2232
2835595
12
-5
5
-647
-3714
2245
2836620
9
-6
5
-646
-3712
2236
2837645
7
-5
4
-643
-3704
2251
2838670
-6
0
5
-650
-3712
2238
2839695
-5
-2
6
-647
-3713
2237
2840720
1
-2
3
-654
-3734
2216
2841745
13
-2
3
-649
-3722
2223
2842770
19
0
3
-644
-3708
2255
2835585
7
1
4
-649
-3695
2257
2836610
-1
-1
2
-646
-3709
2244
2837635
-2
0
2
-654
-3714
2236
2838660
2
-1
4
-660
-3705
2234
2839685
6
-3
6
-651
-3702
2235
2840710
7
-5
8
-651
-3698
2245
2841735
1
-6
9
-637
-3701
2253
2842760
-7
-3
8
-649
-3711
2242
2843785
-8
0
5
-647
-3718
2236
2844810
-1
-1
4
-649
-3705
2236
2845835
4
-1
3
-655
-3722
2226
2846860
12
-2
4
-654
-3710
2241
2847885
14
-5
5
-649
-3699
2257
2848910
4
-4
5
-645
-3699
2258
2849935
-4
1
5
-641
-3709
2251
2850960
-3
4
4
-649
-3711
2245
2843776
-2
4
3
-655
-3707
2236
2844801
-7
4
1
-646
-3704
2247
2845826
-16
3
6
-642
-3697
2263
2846851
-43
5
11
-653
-3693
2301
2847876
-105
19
18
-749
-3688
2353
2848901
-205
69
40
-999
-3767
2376
2849926
-388
113
117
-1371
-4060
2312
2850951
-458
85
175
-1812
-4483
2459
2851976
-561
-6
219
-2121
-4699
2400
2853001
-1005
-215
387
-2326
-4772
1529
2854026
-853
-499
541
-2644
-5002
913
2855051
66
-897
623
-2142
-4795
1184
2856076
1069
-1195
831
-1417
-4634
1631
2857101
1675
-1275
897
-1206
-4611
2035
2858126
2269
-1392
1018
-1107
-4749
2066
2859151
3022
-1532
1330
-1103
-4664
2103
2851968
3910
-1724
1486
-878
-4486
2059
2852993
5133
-1800
1604
-382
-3961
2118
2854018
6357
-1739
1735
-217
-3229
2351
2855043
7468
-1677
1911
112
-1891
2713
2856068
7577
-1554
2025
292
-1225
3065
2857093
8018
-1610
1910
619
56
3177
2858118
6634
-1251
1747
679
815
3683
2859143
4749
-905
1674
512
603
3430
2860168
3641
-588
1490
690
1111
3267
2861193
2588
-270
1291
688
1397
3544
2862218
1971
-315
1082
784
1551
3565
2863243
1270
-75
995
637
1637
3572
2864268
949
-143
933
298
1397
3472
2865293
810
-145
814
612
1670
3654
2866318
310
7
656
480
1695
3575
2867343
253
1
547
432
1751
3602
2860160
231
8
435
340
1760
3674
2861185
224
1
324
351
1740
3748
2862210
196
-42
251
335
1706
3746
2863235
107
-37
189
294
1734
3802
2864260
39
-7
115
219
1721
3867
2865285
25
2
54
185
1673
3926
2866310
-13
8
10
170
1654
3906
2867335
-54
12
-20
113
1606
3852
2868360
-50
-1
-33
44
1553
3860
2869385
19
-50
-34
-14
1500
3931
2870410
203
-191
-23
139
1573
3837
2871435
71
-48
-24
58
1626
3958
2872460
-77
-5
-63
35
1519
3808
2873485
-29
-29
-62
32
1510
3838
2874510
-17
-29
-53
55
1526
3874
2875535
-18
-16
-43
71
1523
3871
2868351
-31
-8
-35
58
1525
3841
2869376
-48
-9
-33
25
1515
3819
2870401
-56
-20
-26
-7
1535
3843
2871426
-51
-29
-22
21
1556
3890
2872451
-64
-26
-18
39
1553
3894
2873476
-70
-24
-21
22
1527
3878
2874501
-53
-41
-18
-8
1522
3890
2875526
-33
-60
-9
-11
1545
3937
2876551
-20
-56
-6
33
1572
3955
2877576
-23
-41
-8
45
1554
3958
2878601
-14
-40
-12
26
1528
3948
2879626
-3
-38
-16
47
1548
3945
2880651
-11
-22
-18
58
1561
3941
2881676
-31
-5
-20
59
1523
3920
2882701
-36
-2
-19
53
1500
3902
2883726
-26
-7
-15
49
1504
3892
2876544
-29
-9
-6
29
1503
3865
2877569
-33
-13
1
37
1499
3855
2878594
-38
-14
4
39
1495
3844
2879619
-36
-22
8
-10
1492
3854
2880644
-34
-33
19
-23
1496
3866
2881669
-22
-44
24
14
1520
3873
2882694
-11
-44
26
67
1504
3888
2883719
-6
-43
26
87
1512
3905
2884744
-2
-36
20
91
1504
3922
2885769
-5
-26
17
103
1499
3932
2886794
-12
-15
15
120
1502
3939
2887819
-19
-5
10
126
1482
3927
2888844
-11
-2
4
117
1474
3927
2889869
0
-4
2
106
1481
3931
2890894
-6
2
-1
131
1494
3943
2891919
-38
21
-11
155
1507
3945
2884736
-111
20
-36
188
1616
3914
2885761
-318
9
-74
281
1764
3976
2886786
-785
130
-146
374
1795
4043
2887811
-1280
332
-232
435
1649
4004
2888836
-1643
512
-317
459
1412
3926
2889861
-1923
607
-417
563
1381
3955
2890886
-2352
723
-541
750
1442
3933
2891911
-2837
924
-631
809
1049
3831
2892936
-3046
1045
-669
692
452
3753
2893961
-2974
1022
-790
595
173
3640
2894986
-2831
963
-976
576
36
3601
2896011
-2856
955
-1118
530
-90
3573
2897036
-3185
1063
-1245
400
-293
3485
2898061
-3774
1106
-1404
45
-884
3353
2899086
-3815
1209
-1716
-5
-1635
3350
2900111
-3283
1108
-1509
-32
-1518
3340
2892928
-3709
1114
-1530
-463
-1808
3181
2893953
-4111
1277
-1648
-720
-2678
2960
2894978
-3446
1175
-1569
-1153
-3112
2927
2896003
-3056
1111
-1651
-1253
-3349
2757
2897028
-2572
971
-1682
-1270
-3389
2832
2898053
-2375
832
-1641
-1421
-3554
2716
2899078
-1750
775
-1384
-1376
-3659
2527
2900103
-1829
809
-1285
-1549
-3705
2157
2901128
-1627
666
-1256
-1550
-3716
2049
2902153
-1430
585
-1151
-1341
-3840
2185
2903178
-1364
480
-1095
-1378
-3909
2261
2904203
-1506
684
-503
-2011
-5883
2973
2905228
-1505
671
-44
-2320
-7507
2461
2906253
-698
668
248
-1185
-4572
1398
2907278
-633
544
95
-1252
-2512
1244
2908303
-197
273
21
-1150
-3628
1621
2901121
389
166
-2
-844
-4878
2081
2902146
693
-13
95
-712
-4577
2168
2903171
704
-181
112
-612
-3648
2341
2904196
393
-287
23
-454
-3181
2431
2905221
71
-194
-76
-304
-3320
2335
2906246
-2
-62
-83
-450
-3902
2296
2907271
-41
51
-14
-608
-3883
2189
2908296
-127
92
-10
-701
-3648
2127
2909321
-177
75
-31
-764
-3805
2129
2910346
-92
31
-17
-758
-3852
2066
2911371
-34
14
-10
-734
-3776
2036
2912396
20
-6
-13
-720
-3802
2077
2913421
15
7
-4
-683
-3739
2154
2914446
-66
24
1
-661
-3760
2158
2915471
-87
33
-20
-615
-3770
2112
2916496
-66
40
-8
-628
-3819
2111
2909312
-39
31
-2
-645
-3808
2072
2910337
-4
14
-6
-667
-3796
2042
2911362
29
4
-18
-676
-3817
2053
2912387
65
-11
-6
-695
-3803
2083
2913412
92
-19
3
-676
-3741
2121
2914437
69
-15
-3
-672
-3752
2143
2915462
38
-6
2
-652
-3760
2146
2916487
19
6
2
-647
-3772
2134
2917512
11
10
0
-645
-3774
2122
2918537
4
11
4
-651
-3778
2125
2919562
-12
14
7
-653
-3754
2149
2920587
-62
14
3
-657
-3736
2171
2921612
-123
41
1
-657
-3743
2151
2922637
-153
54
8
-675
-3764
2113
2923662
-159
49
8
-669
-3797
2046
2924687
-111
34
7
-680
-3830
2009
2917505
-40
11
7
-683
-3845
2013
2918530
14
-7
10
-683
-3829
2035
2919555
38
-14
11
-675
-3778
2086
2920580
17
-6
12
-680
-3760
2111
2921605
-12
1
8
-668
-3774
2093
2922630
-26
8
7
-669
-3792
2080
2923655
-38
18
7
-671
-3813
2073
2924680
-43
21
9
-680
-3797
2052
2925705
-21
10
5
-681
-3798
2034
2926730
14
-2
4
-685
-3816
2035
2927755
37
-12
6
-683
-3813
2043
2928780
48
-19
5
-676
-3781
2070
2929805
48
-20
2
-672
-3778
2076
2930830
52
-23
2
-673
-3800
2068
2931855
68
-29
0
-675
-3813
2060
2932880
79
-27
2
-675
-3805
2089
2925696
72
-16
5
-673
-3770
2131
2926721
52
-6
3
-665
-3751
2124
2927746
38
0
-3
-666
-3783
2097
2928771
38
-4
-5
-675
-3770
2113
2929796
31
-13
2
-690
-3773
2099
2930821
30
-21
-1
-693
-3787
2121
2931846
7
-31
-5
-714
-3793
2166
2932871
-47
-68
-12
-802
-3762
2236
2933896
-118
-107
-25
-874
-3980
2362
2934921
-117
-95
-45
-973
-4275
2790
2935946
-175
-46
41
-1258
-4382
3081
2936971
-548
-21
293
-1765
-4405
2509
2937996
-928
-90
535
-2321
-4661
1782
2939021
-773
-360
382
-2437
-5165
1391
2940046
543
-647
271
-1927
-5550
1406
2941071
1747
-722
535
-1432
-4827
1703
2933889
2140
-846
720
-1370
-4285
1927
2934914
2203
-990
936
-1176
-4177
1981
2935939
2413
-1006
1091
-973
-4215
2043
2936964
2805
-1014
1281
-927
-4033
2011
2937989
3298
-1098
1343
-855
-3707
2100
2939014
4106
-1236
1490
-681
-3436
2232
2940039
5095
-1241
1693
-391
-2942
2448
2941064
6300
-1338
1605
-486
-2128
2684
2942089
6973
-1340
1723
-143
-1412
2872
2943114
7059
-1084
1515
-79
-510
3351
2944139
7000
-1275
1539
-127
-140
3450
2945164
6918
-1585
1470
356
1316
3465
2946189
4430
-671
1259
694
2034
3658
2947214
2125
-36
1046
321
1460
3554
2948239
1340
-112
966
541
1264
3334
2949264
803
-27
864
507
1375
3390
2942080
488
79
753
246
1135
3491
2943105
725
-35
670
297
1066
3576
2944130
1064
-142
584
333
1317
3611
2945155
1247
-227
515
226
1599
3648
2946180
1172
-251
436
330
2014
3600
2947205
635
-26
315
209
2039
3686
2948230
396
-70
221
206
1964
3676
2949255
188
-41
154
190
1990
3814
2950280
-55
29
110
62
1783
3814
2951305
11
-24
88
-6
1744
3849
2952330
128
-73
68
64
1801
3847
2953355
140
-68
49
54
1844
3815
2954380
106
-67
25
20
1848
3823
2955405
63
-75
-3
-33
1839
3866
2956430
38
-90
-22
-34
1798
3831
2957455
8
-62
-41
-18
1768
3782
2950272
-18
-47
-54
-53
1735
3739
2951297
-22
-59
-56
-119
1718
3741
2952322
-20
-78
-59
-161
1706
3747
2953347
-15
-91
-52
-149
1709
3751
2954372
-3
-85
-54
-115
1749
3789
2955397
-32
-50
-68
-124
1726
3780
2956422
-48
-26
-68
-141
1692
3780
2957447
-30
-28
-61
-131
1698
3793
2958472
-32
-25
-51
-148
1720
3807
2959497
-33
-26
-39
-132
1710
3797
2960522
-44
-6
-30
-116
1734
3811
2961547
-48
1
-15
-130
1719
3814
2962572
-22
-16
-3
-112
1717
3837
2963597
2
-28
6
-102
1744
3863
2964622
1
-23
8
-83
1756
3860
2965647
-7
-11
2
-62
1748
3829
2958650
-11
-3
-5
-81
1733
3814
2959675
0
-6
-8
-102
1716
3829
2960700
8
-11
-9
-101
1718
3830
2961725
7
-8
-9
-76
1731
3810
2962750
0
-5
-7
-59
1721
3786
2963775
-2
-7
-5
-73
1712
3781
2964800
4
-13
-4
-93
1714
3779
2965825
14
-15
-9
-70
1727
3789
2966850
-1
-4
-17
-61
1733
3754
2967875
-23
4
-22
-84
1712
3738
2968900
-23
-7
-27
-89
1716
3749
2969925
-24
-27
-35
-62
1762
3734
2970950
-61
-45
-49
7
1827
3726
2971975
-155
-85
-89
87
2006
3677
2973000
-462
-241
-162
252
2353
3612
2974025
-1245
-251
-314
509
2560
3672
2966656
-2337
151
-486
671
2032
3655
2967681
-2934
503
-550
632
1238
3631
2968706
-2785
515
-597
549
701
3700
2969731
-2269
372
-715
659
437
3833
2970756
-1973
256
-855
797
606
3833
2971781
-2036
276
-953
717
650
3817
2972806
-2284
378
-992
540
279
3751
2973831
-2491
489
-1022
388
-166
3781
2974856
-2636
511
-1116
311
-430
3690
2975881
-2764
555
-1164
166
-638
3716
2976906
-3119
726
-1168
-276
-927
3914
2977931
-3217
742
-1229
-529
-1649
3786
2978956
-2694
730
-1289
-364
-1843
3657
2979981
-2316
652
-1068
-539
-1785
3605
2981006
-2590
770
-1037
-808
-2118
3573
2982031
-2228
815
-1048
-1036
-2518
3653
2974848
-1729
677
-941
-1044
-2052
3596
2975873
-1876
702
-958
-1036
-2172
3366
2976898
-1653
692
-889
-1261
-2323
3462
2977923
-1663
617
-834
-1705
-2458
3496
2978948
-1282
426
-900
-1698
-2833
3293
2979973
-548
196
-930
-1394
-2733
3261
2980998
-493
101
-911
-1198
-2570
3280
2982023
-995
126
-909
-1204
-2520
3304
2983048
-1601
224
-607
-1463
-3433
3575
2984073
-1684
452
-135
-1635
-5124
4349
2985098
-1959
715
-567
-1734
-4726
4160
2986123
-1657
663
-758
-1249
-3395
3042
2987148
-1022
446
-265
-1061
-2757
2637
2988173
-775
269
-111
-1016
-2954
2807
2989198
-649
141
-188
-863
-3742
2956
2990223
-448
-15
-166
-595
-3993
2991
2983039
-257
-32
-36
-444
-3387
2932
2984064
-244
-24
39
-515
-3076
2726
2985089
-183
24
-26
-521
-3283
2726
2986114
-171
51
-81
-538
-3524
2758
2987139
-195
58
-88
-574
-3518
2713
2988164
-126
54
-49
-638
-3445
2649
2989189
-30
10
-23
-691
-3420
2641
2990214
-12
-18
-28
-658
-3439
2682
2991239
-7
-10
-15
-639
-3416
2706
2992264
4
-10
-11
-635
-3383
2695
2993289
14
-7
-18
-628
-3408
2696
2994314
3
-5
-18
-616
-3435
2690
2995339
19
-5
-16
-601
-3443
2679
2996364
52
-8
-13
-604
-3439
2658
2997389
88
-15
-10
-603
-3427
2695
2998414
65
-5
-4
-601
-3364
2735
2991232
20
5
-11
-618
-3376
2735
2992257
20
5
-9
-620
-3346
2736
2993282
8
0
-9
-622
-3401
2714
2994307
25
-8
-4
-608
-3416
2691
2995332
52
-18
-2
-611
-3410
2698
2996357
55
-22
1
-610
-3389
2730
2997382
44
-20
6
-598
-3343
2758
2998407
10
-7
7
-589
-3337
2773
2999432
-24
4
5
-602
-3374
2736
3000457
-34
6
1
-607
-3386
2724
3001482
-32
5
-2
-617
-3402
2710
3002507
-8
-1
2
-616
-3411
2701
3003532
12
-4
5
-606
-3396
2715
3004557
13
-2
3
-608
-3377
2724
3005582
6
-4
1
-609
-3369
2738
3006607
-3
-4
1
-608
-3395
2721
2999424
0
-4
3
-600
-3393
2712
3000449
4
-5
3
-611
-3387
2719
3001474
8
-5
3
-609
-3383
2731
3002499
5
-4
2
-607
-3384
2725
3003524
2
-3
3
-607
-3376
2729
3004549
0
0
3
-595
-3387
2728
3005574
-1
-1
2
-606
-3379
2722
3006599
0
-5
4
-615
-3378
2735
3007624
-6
-5
2
-607
-3379
2728
3008649
-7
-5
0
-608
-3389
2716
3009674
-1
-4
1
-612
-3392
2713
3010699
7
-5
0
-606
-3390
2723
3011724
12
-6
1
-608
-3386
2727
3012749
14
-4
0
-610
-3381
2731
3013774
12
-1
-2
-608
-3387
2720
3014799
11
1
-2
-606
-3380
2739
3007616
8
0
0
-602
-3386
2733
3008641
7
1
1
-612
-3371
2718
3009666
12
-1
1
-604
-3372
2741
3010691
4
-1
4
-612
-3363
2740
3011716
-9
-2
3
-606
-3364
2748
3012741
-26
1
2
-605
-3359
2740
3013766
-30
3
2
-602
-3398
2730
3014791
-19
-1
4
-612
-3407
2705
3015816
-2
-7
6
-612
-3394
2720
3016841
4
-8
8
-608
-3383
2734
3017866
3
-4
8
-606
-3377
2729
3018891
-10
-1
7
-603
-3362
2740
3019916
-22
-1
6
-605
-3381
2728
3020941
-24
-2
6
-615
-3400
2711
3021966
-14
-2
5
-615
-3395
2709
3022991
0
-4
4
-613
-3402
2712
3015808
8
-5
5
-608
-3394
2728
3016833
6
-4
4
-605
-3373
2729
3017858
-5
-2
3
-600
-3376
2738
3018883
-14
3
1
-606
-3385
2733
3019908
-16
5
0
-613
-3392
2729
3020933
-21
0
2
-611
-3397
2740
3021958
-47
0
4
-602
-3355
2800
3022983
-117
16
3
-637
-3310
2767
3024008
-178
20
-8
-637
-3401
2769
3025033
-187
30
-3
-611
-3462
2803
3026058
-193
70
14
-629
-3531
2849
3027083
-281
118
43
-784
-3576
2831
3028108
-274
107
92
-882
-3763
3044
3029133
-202
188
180
-899
-3936
3484
3030158
-113
298
396
-1025
-4000
3177
3031183
-343
351
589
-1674
-4167
2393
3024000
-520
166
645
-2058
-4373
1989
3025025
-469
-56
595
-2079
-4831
2510
3026050
160
-230
814
-1706
-4741
2718
3027075
787
-341
968
-1688
-4403
2701
3028100
1203
-459
1054
-1650
-4068
2737
3029125
1544
-549
1215
-1613
-3872
2733
3030150
1906
-641
1219
-1533
-3657
2620
3031175
2249
-770
1216
-1429
-3537
2538
3032200
2618
-920
1306
-1395
-3379
2553
3033225
3134
-1097
1379
-1299
-3098
2600
3034250
3586
-1321
1371
-1138
-2653
2665
3035275
4142
-1438
1402
-826
-2179
2679
3036300
4590
-1451
1408
-654
-1888
2858
3037325
5481
-1606
1526
-441
-1226
2848
3038350
5362
-1392
1671
-222
-507
3335
3039375
4710
-1408
1288
-345
-533
3293
3032192
5341
-1582
1541
159
245
3311
3033217
4237
-1167
1480
426
892
3378
3034242
2934
-852
1396
329
1036
3302
3035267
2275
-712
1338
460
1166
3445
3036292
1645
-534
1197
510
1336
3492
3037317
1026
-230
1047
562
1504
3596
3038342
631
-106
919
501
1399
3606
3039367
499
-99
807
450
1448
3606
3040392
311
-14
701
390
1516
3721
3041417
301
14
587
410
1545
3855
3042442
355
35
502
454
1664
3876
3043467
350
-15
433
377
1706
3776
3044492
239
8
374
353
1848
3949
3045517
97
39
284
322
1788
4029
3046542
84
27
223
332
1769
4004
3047567
79
-19
170
248
1701
3932
3040384
159
-88
125
264
1697
3960
3041409
88
-30
81
221
1635
4013
3042434
104
-35
47
223
1597
3988
3043459
142
-67
31
244
1660
3917
3044484
54
-37
3
192
1646
3883
3045509
4
-28
-23
191
1575
3879
3046534
1
-28
-32
165
1548
3862
3047559
16
-29
-40
124
1537
3833
3048584
27
-36
-49
124
1570
3824
3049609
13
-29
-56
106
1571
3831
3050634
-13
-22
-54
78
1545
3819
3051659
-17
-27
-40
53
1540
3824
3052684
-8
-35
-35
46
1566
3858
3053709
-14
-30
-32
63
1569
3868
3054734
-18
-22
-27
79
1564
3861
3055759
-12
-19
-23
58
1566
3840
3048576
-5
-19
-23
72
1583
3843
3049601
-11
-11
-25
100
1583
3858
3050626
-29
-2
-31
91
1568
3846
3051651
-36
0
-35
63
1564
3853
3052676
-34
-4
-39
50
1560
3877
3053701
-40
-7
-37
58
1551
3877
3054726
-29
-17
-25
56
1543
3887
3055751
-10
-30
-17
75
1551
3914
3056776
-10
-28
-12
73
1565
3918
3057801
-7
-23
-8
69
1552
3912
3058826
1
-20
-9
78
1552
3904
3059851
1
-13
-7
107
1548
3899
3060876
1
-9
2
109
1529
3905
3061901
4
-11
9
109
1534
3888
3062926
10
-12
13
90
1537
3870
3063951
16
-10
13
101
1544
3855
3056769
11
-8
20
125
1549
3844
3057794
-3
-7
21
143
1533
3828
3058819
-3
-14
22
102
1536
3843
3059844
4
-23
17
89
1557
3867
3060869
0
-24
14
119
1573
3882
3061894
-11
-19
13
125
1569
3877
3062919
-10
-18
10
130
1548
3882
3063944
8
-24
6
119
1549
3893
3064969
24
-26
5
101
1562
3904
3065994
29
-18
6
122
1565
3901
3067019
26
-10
9
156
1583
3881
3068044
13
-6
5
164
1590
3857
3069069
1
0
-8
159
1590
3837
3070094
-5
5
-22
163
1584
3822
3071119
-15
4
-33
185
1581
3797
3072144
-28
-2
-49
237
1593
3789
3064961
-74
-25
-77
285
1677
3800
3065986
-332
-75
-126
410
1853
3823
3067011
-855
-24
-194
563
1928
3865
3068036
-1547
231
-291
731
1636
3762
3069061
-1948
485
-346
775
1116
3680
3070086
-1937
549
-406
690
859
3693
3071111
-1869
534
-516
662
954
3713
3072136
-1935
592
-641
580
857
3727
3073161
-2003
640
-725
465
608
3758
3074186
-2017
610
-821
406
521
3756
3075211
-2122
621
-953
375
339
3687
3076236
-2254
662
-1055
185
41
3629
3077261
-2335
661
-1108
-114
-161
3674
3078286
-2407
624
-1209
-220
-404
3668
3079311
-2432
614
-1310
-113
-666
3717
3080336
-2744
679
-1381
-220
-760
3740
3073151
-3116
714
-1464
-451
-1295
3653
3074176
-2851
741
-1478
-607
-1770
3734
3075201
-2355
534
-1286
-760
-1920
3748
3076226
-2318
550
-1379
-702
-2058
3615
3077251
-1954
497
-1335
-784
-2432
3619
3078276
-1399
388
-1255
-1098
-2394
3768
3079301
-1204
374
-1235
-1293
-2372
3681
3080326
-1219
353
-1273
-1116
-2464
3527
3081351
-1101
351
-1226
-1111
-2484
3500
3082376
-1194
254
-1047
-1248
-2293
3388
3083401
-2277
542
-1013
-1211
-3039
3649
3084426
-2677
862
-385
-1626
-4899
4551
3085451
-3170
1090
-807
-1983
-4977
4361
3086476
-2571
925
-906
-1469
-3898
3339
3087501
-1552
671
-252
-1057
-3374
2773
3088526
-1096
544
-112
-1019
-3374
2712
3081344
-918
317
-221
-928
-3813
2624
3082369
-434
74
-132
-631
-3826
2538
3083394
-123
-61
5
-573
-3564
2536
3084419
18
-143
30
-508
-3507
2588
3085444
153
-140
0
-421
-3478
2705
3086469
223
-94
-15
-394
-3469
2772
3087494
131
-59
-33
-496
-3385
2775
3088519
3
-15
-60
-447
-3423
2634
3089544
175
-12
7
-641
-3402
2704
3090569
195
-48
-9
-612
-3404
2739
3091594
168
-58
-13
-618
-3406
2737
3092619
170
-67
-1
-621
-3325
2787
3093644
90
-51
-1
-599
-3263
2849
3094669
45
-28
0
-534
-3297
2838
3095694
-3
-1
-1
-522
-3300
2776
3096719
-37
17
-13
-531
-3403
2761
3089536
-19
13
-7
-544
-3406
2730
3090561
13
0
-1
-561
-3392
2728
3091586
35
-5
4
-573
-3376
2750
3092611
57
-9
7
-566
-3351
2776
3093636
55
-9
12
-563
-3309
2800
3094661
19
-5
8
-560
-3323
2819
3095686
-7
0
5
-547
-3321
2790
3096711
-31
14
-1
-549
-3349
2776
3097736
-46
23
-9
-556
-3383
2736
3098761
-12
16
-7
-566
-3380
2745
3099786
9
3
-4
-565
-3374
2754
3100811
21
1
5
-561
-3360
2769
3101836
21
1
6
-565
-3333
2772
3102861
18
1
8
-570
-3326
2783
3103886
4
2
7
-563
-3340
2777
3104911
-11
1
6
-560
-3332
2784
3097799
-21
1
5
-561
-3357
2771
3098824
-18
2
6
-558
-3369
2767
3099849
-12
4
8
-568
-3351
2763
3100874
-10
2
5
-573
-3360
2772
3101899
-7
0
3
-563
-3356
2761
3102924
-4
-1
2
-569
-3344
2750
3103949
2
-3
-1
-572
-3358
2759
3104974
8
-4
0
-569
-3364
2763
3105999
10
-6
-1
-567
-3351
2771
3107024
10
-5
-2
-561
-3339
2771
3108049
3
-1
-2
-568
-3337
2775
3109074
-1
1
-4
-561
-3361
2769
3110099
0
0
-3
-561
-3357
2766
3111124
2
-3
0
-566
-3350
2767
3112149
1
-6
2
-569
-3355
2779
3113174
-3
-7
2
-566
-3343
2788
3105920
-11
-4
4
-559
-3332
2819
3106945
-24
14
13
-523
-3320
2946
3107970
-98
79
41
-499
-3303
3046
3108995
-248
153
66
-656
-3476
3235
3110020
-312
239
78
-885
-3614
3647
3111045
-431
362
169
-1123
-3678
3466
3112070
-664
332
390
-1687
-3992
2924
3113095
-571
165
654
-1813
-4129
2486
3114120
-249
-26
676
-2289
-4600
2482
3115145
496
-198
628
-2112
-4682
2672
3116170
952
-301
514
-1772
-4236
2741
3117195
1056
-375
634
-1486
-3696
2683
3118220
906
-428
818
-1616
-3760
2601
3119245
923
-521
897
-1474
-3785
2610
3120270
1174
-559
966
-1190
-3670
2600
3121295
1581
-653
1012
-1180
-3694
2498
3114112
2237
-859
1078
-1157
-3686
2485
3115137
3055
-1079
1118
-977
-3412
2540
3116162
3883
-1358
1144
-717
-2931
2615
3117187
4454
-1331
1195
-351
-2299
2847
3118212
5059
-1404
1286
-254
-1919
2929
3119237
5221
-1202
1374
90
-1323
3257
3120262
4926
-1124
1345
32
-1137
3391
3121287
5418
-1359
1335
61
-510
3327
3122312
4946
-1208
1420
562
785
3424
3123337
2844
-609
1288
308
635
3451
3124362
2316
-611
1187
414
770
3285
3125387
1866
-323
1130
421
926
3562
3126412
1903
-417
1038
289
803
3501
3127437
2042
-421
920
462
1502
3663
3128462
1715
-355
806
313
1624
3673
3129487
1473
-378
705
604
2037
3657
3122303
750
-103
610
407
2064
3801
3123328
315
-65
486
363
1846
3806
3124353
137
-61
385
379
1793
3874
3125378
67
-35
313
322
1657
3889
3126403
133
-47
262
273
1611
3922
3127428
260
-111
220
234
1665
3961
3128453
303
-129
160
273
1738
4003
3129478
238
-88
108
239
1721
3995
3130503
191
-103
74
240
1724
3926
3131528
74
-59
40
239
1707
3895
3132553
-9
-8
10
178
1593
3881
3133578
17
-3
-16
160
1569
3893
3134603
21
4
-41
138
1574
3847
3135628
32
-1
-45
103
1587
3836
3136653
20
3
-42
108
1585
3859
3137678
5
9
-29
107
1574
3883
3130496
20
-1
-22
89
1593
3884
3131521
19
-11
-16
60
1614
3848
3132546
22
-19
-9
38
1642
3860
3133571
30
-17
-15
60
1628
3869
3134596
26
-2
-19
92
1618
3858
3135621
16
10
-23
106
1611
3836
3136646
7
14
-28
85
1604
3834
3137671
1
13
-32
38
1596
3839
3138696
-1
19
-38
65
1601
3840
3139721
-12
28
-38
97
1614
3811
3140746
-27
34
-37
82
1595
3786
3141771
-17
15
-34
33
1562
3806
3142796
3
-7
-35
55
1593
3824
3143821
-10
-2
-36
77
1619
3821
3144846
-36
8
-38
50
1608
3819
3145871
-43
0
-38
12
1590
3835
3138688
-32
-17
-31
8
1596
3845
3139713
-16
-29
-23
46
1607
3865
3140738
-21
-24
-19
80
1603
3859
3141763
-28
-21
-13
60
1592
3862
3142788
-17
-24
-11
26
1599
3897
3143813
-11
-20
-15
44
1607
3900
3144838
-15
-7
-12
71
1605
3870
3145863
-24
1
-7
60
1584
3848
3146888
-17
-4
-3
47
1568
3869
3147913
-5
-10
4
39
1583
3879
3148938
-2
-10
8
49
1595
3856
3149963
-4
-7
14
65
1594
3861
3150988
-6
-8
15
59
1579
3869
3152013
3
-14
15
37
1597
3856
3153038
7
-14
9
68
1610
3867
3154063
-10
-2
4
74
1596
3869
3146880
-19
4
9
65
1577
3873
3147905
-5
-6
12
63
1580
3866
3148930
8
-12
15
56
1599
3860
3149955
7
-12
13
67
1608
3863
3150980
2
-8
15
80
1599
3875
3152005
7
-8
16
77
1597
3875
3153030
12
-9
12
95
1600
3856
3154055
10
-4
9
94
1616
3861
3155080
5
1
4
72
1605
3876
3156105
0
0
1
60
1586
3867
3157130
1
-2
1
82
1586
3861
3158155
-4
-1
3
85
1581
3841
3159180
4
-4
1
93
1588
3826
3160205
-1
-3
-5
83
1599
3819
3161230
-10
0
-11
55
1588
3838
3162255
-16
0
-19
66
1591
3824
3155072
-31
6
-26
89
1582
3807
3156097
-46
14
-32
92
1577
3810
3157122
-51
17
-37
71
1580
3808
3158147
-54
16
-44
51
1588
3815
3159172
-76
19
-50
58
1590
3808
3160197
-97
25
-55
82
1590
3825
3161222
-107
18
-65
121
1605
3853
3162247
-133
12
-85
167
1644
3863
3163272
-191
11
-116
222
1678
3881
3164297
-336
-29
-151
315
1781
3910
3165322
-752
-52
-211
468
1981
3916
3166347
-1381
118
-320
614
1756
3925
3167372
-1991
331
-380
705
1381
3844
3168397
-2339
451
-432
715
1198
3767
3169422
-2482
552
-506
519
894
3894
3170447
-2704
635
-582
255
637
3825
3163263
-3097
736
-707
87
187
3614
3164288
-3197
852
-731
117
-337
3717
3165313
-3206
871
-551
-123
-678
3934
3166338
-3085
906
-452
-204
-903
4170
3167363
-2939
958
-461
-200
-956
4175
3168388
-3004
1019
-557
-312
-990
4041
3169413
-3036
1024
-678
-181
-1417
3663
3170438
-2298
937
-526
-248
-1408
3773
3171463
-2144
776
-520
-465
-1421
3800
3172488
-2188
828
-709
-510
-1789
3798
3173513
-1756
709
-828
-680
-1870
3669
3174538
-1577
668
-954
-787
-1792
3543
3175563
-1661
678
-1086
-897
-2084
3364
3176588
-1532
632
-1159
-894
-2204
3186
3177613
-1662
627
-1255
-1074
-2375
3181
3178638
-1762
663
-1273
-1203
-2684
3165
3171586
-1478
626
-1252
-1282
-2951
3045
3172611
-1192
582
-1242
-1317
-3012
2962
3173636
-1284
561
-1151
-1397
-3189
2834
3174661
-894
507
-1098
-1422
-3381
2875
3175686
-557
310
-935
-1456
-3349
2820
3176711
-365
226
-842
-1343
-3276
2705
3177736
-522
177
-755
-1333
-2958
2628
3178761
-722
188
-356
-1172
-3544
3008
3179786
-1613
779
-412
-1515
-5234
4003
3180811
-1713
890
-262
-1904
-5866
3566
3181836
-864
668
-120
-1115
-4198
2676
3182861
-590
235
-151
-939
-2961
2668
3183886
-692
-112
-225
-640
-3024
2826
3184911
-348
-15
-186
-452
-3100
2541
3185936
-332
-28
-70
-595
-3643
2414
3186961
-261
92
-157
-504
-4053
2312
3179649
-31
129
-52
-601
-3692
2381
3180674
-7
64
-22
-663
-3639
2471
3181699
36
-4
-28
-637
-3694
2494
3182724
73
-42
-1
-667
-3534
2423
3183749
80
-46
-46
-688
-3587
2429
3184774
146
-42
-43
-661
-3599
2501
3185799
147
-27
-6
-661
-3452
2563
3186824
71
-9
-10
-670
-3475
2585
3187849
17
5
-21
-637
-3512
2581
3188874
-25
15
-20
-620
-3513
2528
3189899
-34
10
-13
-604
-3551
2497
3190924
-23
-2
2
-624
-3568
2514
3191949
-14
-9
10
-637
-3569
2502
3192974
-4
-10
13
-649
-3503
2497
3193999
-10
-4
1
-651
-3530
2512
3195024
-10
4
-2
-638
-3549
2507
3187839
-13
8
-2
-629
-3547
2502
3188864
-9
6
-1
-624
-3549
2495
3189889
5
-1
2
-637
-3550
2500
3190914
13
-2
3
-641
-3565
2496
3191939
26
-3
4
-633
-3545
2497
3192964
18
6
-10
-632
-3539
2519
3193989
17
2
-1
-634
-3533
2519
3195014
14
0
-2
-636
-3525
2512
3196039
-5
6
-12
-633
-3534
2522
3197064
-3
-2
1
-643
-3522
2518
3198089
4
-7
5
-645
-3539
2511
3199114
6
-8
0
-632
-3536
2514
3200139
9
-7
0
-638
-3530
2507
3201164
6
-2
1
-636
-3538
2505
3202189
5
-2
1
-630
-3523
2523
3203214
-3
1
0
-630
-3544
2523
3196033
-4
2
2
-629
-3535
2506
3197058
1
-4
2
-634
-3546
2512
3198083
4
-8
3
-637
-3546
2510
3199108
8
-7
3
-623
-3524
2526
3200133
5
-6
2
-630
-3528
2525
3201158
-1
0
2
-632
-3533
2525
3202183
-1
2
2
-630
-3538
2512
3203208
-1
0
1
-629
-3533
2516
3204233
-1
-4
4
-632
-3540
2519
3205258
3
-6
6
-640
-3538
2514
3206283
-1
-2
2
-629
-3527
2520
3207308
-7
1
-1
-640
-3528
2519
3208333
-5
0
4
-635
-3531
2505
3209358
-1
-4
4
-632
-3544
2510
3210383
-1
-5
7
-631
-3536
2520
3211408
-4
-4
7
-634
-3520
2528
3204224
-5
-3
6
-637
-3532
2521
3205249
-5
-4
5
-629
-3544
2514
3206274
-3
-3
6
-632
-3529
2500
3207299
2
-4
2
-634
-3530
2515
3208324
0
-4
2
-639
-3537
2524
3209349
-6
-3
7
-628
-3525
2514
3210374
-10
-1
3
-632
-3536
2505
3211399
-6
1
2
-637
-3550
2505
3212424
2
1
3
-636
-3543
2508
3213449
7
0
3
-636
-3533
2504
3214474
9
-4
4
-632
-3536
2510
3215499
10
-5
6
-628
-3536
2528
3216524
1
-2
7
-636
-3522
2523
3217549
-7
-1
4
-635
-3522
2510
3218574
-10
-1
3
-637
-3550
2512
3219599
-7
-2
5
-638
-3536
2505
3212415
-2
-4
5
-635
-3536
2500
3213440
2
-6
5
-634
-3538
2523
3214465
-3
-5
6
-638
-3530
2518
3215490
-9
-2
5
-630
-3527
2516
3216515
-8
-2
4
-633
-3540
2508
3217540
-5
-3
5
-630
-3547
2510
3218565
-6
-4
6
-637
-3523
2503
3219590
-2
-2
3
-636
-3548
2506
3220615
7
3
2
-641
-3557
2505
3221640
14
1
4
-636
-3543
2506
3222665
21
-8
6
-626
-3531
2517
3223690
30
-14
11
-621
-3585
2519
3224715
61
-34
27
-619
-3633
2558
3225740
189
-78
32
-601
-3748
2665
3226765
409
-120
92
-651
-3929
2632
3227790
745
-161
143
-754
-4023
2554
3220608
1252
-266
210
-740
-3794
2564
3221633
1509
-335
249
-604
-3762
2705
3222658
1878
-404
364
-548
-3813
2817
3223683
2226
-329
518
-507
-3274
2988
3224708
2158
-212
518
-595
-2811
3372
3225733
1882
-244
608
-631
-2573
3419
3226758
1760
-286
525
-691
-2422
3346
3227783
1512
-163
465
-474
-2230
3315
3228808
1055
-89
296
-785
-2173
3249
3229833
989
-80
304
-684
-2125
3367
3230858
864
-57
253
-735
-2067
3676
3231883
451
-62
110
-760
-1601
3658
3232908
37
-7
71
-766
-1871
3516
3233933
-121
32
60
-872
-2204
3485
3234958
-17
-15
-20
-846
-2183
3584
3235983
17
-22
-84
-733
-2081
3714
3228800
-145
21
-91
-695
-2199
3712
3229825
-291
43
-63
-714
-2400
3666
3230850
-293
42
-62
-712
-2444
3614
3231875
-284
37
-55
-716
-2462
3547
3232900
-271
27
-45
-739
-2471
3530
3233925
-193
10
-55
-745
-2504
3567
3234950
-129
1
-60
-745
-2531
3589
3235975
-79
-5
-50
-742
-2557
3577
3237000
-42
-12
-45
-726
-2512
3566
3238025
-26
-21
-33
-716
-2468
3562
3239050
0
-23
-18
-726
-2475
3610
3240075
33
-16
-18
-712
-2462
3651
3241100
25
4
-17
-712
-2426
3608
3242125
-6
11
-11
-747
-2420
3542
3243150
-6
1
-10
-733
-2444
3550
3244175
5
-2
-13
-695
-2444
3603
3236992
-4
11
-12
-691
-2435
3607
3238017
-34
20
-3
-729
-2380
3553
3239042
-60
19
-1
-749
-2403
3543
3240067
-70
18
-9
-738
-2443
3556
3241092
-61
23
-18
-701
-2533
3583
3242117
-30
22
-13
-694
-2573
3575
3243142
20
10
-3
-690
-2510
3545
3244167
50
-12
6
-706
-2470
3525
3245192
75
-30
8
-709
-2452
3554
3246217
92
-31
4
-685
-2449
3588
3247242
67
-15
-11
-710
-2395
3619
3248267
35
-17
14
-741
-2392
3598
3249292
0
-16
24
-756
-2380
3550
3250317
-15
-18
20
-742
-2403
3549
3251342
-10
-16
22
-733
-2353
3606
3252367
-58
4
25
-714
-2394
3659
3245185
-113
27
28
-707
-2434
3629
3246210
-139
31
35
-725
-2454
3565
3247235
-131
19
41
-722
-2487
3499
3248260
-100
4
29
-719
-2499
3486
3249285
-55
-12
23
-732
-2507
3533
3250310
-31
-9
21
-723
-2508
3607
3251335
-46
7
25
-748
-2474
3586
3252360
-58
10
30
-750
-2480
3500
3253385
-34
1
4
-732
-2490
3441
3254410
15
-24
-9
-774
-2523
3484
3255435
52
-40
-4
-717
-2539
3575
3256460
51
-28
5
-698
-2497
3623
3257485
21
-9
11
-715
-2438
3582
3258510
-9
2
10
-753
-2407
3524
3259535
-12
5
5
-760
-2438
3532
3260560
3
-7
20
-724
-2505
3553
3253376
-2
-2
7
-724
-2517
3566
3254401
-33
-23
-174
-413
-2240
3577
3255426
-174
26
-436
-811
-2528
3561
3256451
-129
47
-364
-708
-2555
3569
3257476
-55
74
-130
-675
-2690
3562
3258501
-85
53
-52
-662
-2884
3452
3259526
37
3
-195
-786
-2218
3457
3260551
-100
-51
-172
-712
-2367
3500
3261576
-317
-149
-310
-675
-2551
3511
3262601
-225
-86
-333
-588
-2333
3555
3263626
-130
-40
-134
-666
-2413
3586
3264651
-404
-52
-121
-621
-2801
3463
3265676
-377
-49
-239
-534
-2767
3400
3266701
-198
-22
-194
-431
-2923
3398
3267726
-50
23
-208
-411
-2955
3420
3268751
124
73
-231
-512
-2713
3481
3261568
143
36
-175
-574
-2447
3460
3262593
-23
-35
-73
-691
-2531
3399
3263618
-136
-17
-212
-664
-2610
3396
3264643
-128
-11
-360
-572
-2743
3460
3265668
-181
-64
-500
-407
-2655
3424
3266693
-208
-9
-466
-331
-2654
3426
3267718
-255
61
-561
-664
-2767
3374
3268743
-173
3
-763
42
-2520
3365
3269768
-188
31
-1128
91
-3819
3398
3270793
381
-401
1576
-1461
-2433
3669
3271818
373
17
130
-130
-1663
3578
3272843
-252
4
-104
-379
-2999
3137
3273868
50
-37
188
-629
-2732
3346
3274893
297
-40
592
-729
-2638
3556
3275918
488
58
990
-175
-2827
3549
3276943
669
426
833
-427
-2440
3597
3269761
684
668
759
-590
-2339
3426
3270786
280
209
372
-973
-1908
3420
3271811
-747
-787
-402
-540
-2681
3419
3272836
-193
16
15
-219
-3499
3484
3273861
116
57
140
-684
-2629
3518
3274886
78
-41
74
-696
-2452
3483
3275911
87
-46
130
-527
-2577
3447
3276936
76
-29
9
-530
-2540
3460
3277961
107
-56
101
-364
-2963
3423
3278986
311
25
208
-921
-2285
3585
3280011
97
-137
-95
-499
-2257
3578
3281036
-41
-13
-165
-600
-2507
3649
3282061
-70
-2
-160
-708
-2296
3605
3283086
-137
-163
-159
-643
-2584
3398
3284111
58
-139
-84
-386
-2717
3471
3285136
