Device = VHR-0009
time_stamp = 1780026378624
sample_rate = 50
Data format = INT16
TYPE = 6-AXIS IMU RAW DATA
30
-14
38
-632
-4056
1140
16262276
10
-16
47
-665
-4107
1112
16263301
27
-19
25
-675
-4124
1094
16264326
40
-18
9
-665
-4112
1125
16265351
18
-13
-1
-663
-4069
1150
16266376
-16
-7
-7
-651
-4050
1159
16267401
-61
-2
-15
-654
-4073
1134
16268426
-80
0
-21
-644
-4114
1101
16269451
-71
1
-15
-651
-4101
1090
16270476
-55
-6
-9
-628
-4102
1080
16271501
-39
-10
8
-631
-4118
1067
16272526
-14
-8
20
-644
-4134
1059
16273551
-1
7
12
-626
-4090
1092
16274576
-16
21
19
-636
-4092
1126
16275601
-52
19
34
-647
-4081
1116
16276626
-78
13
33
-670
-4096
1080
16277651
-57
5
18
-694
-4155
1031
16270465
-11
-7
-1
-676
-4138
1043
16271490
19
-23
-2
-660
-4116
1061
16272515
44
-29
-1
-676
-4133
1056
16273540
72
-33
-17
-661
-4142
1049
16274565
108
-31
-29
-652
-4128
1076
16275590
111
-26
-33
-639
-4072
1128
16276615
76
-11
-29
-625
-4073
1130
16277640
36
4
-27
-631
-4072
1133
16278665
9
12
-26
-643
-4071
1147
16279690
-17
8
-28
-645
-4098
1135
16280715
-29
3
-26
-624
-4127
1088
16281740
-8
5
-14
-605
-4100
1079
16282765
21
1
11
-617
-4098
1117
16283790
26
-5
26
-624
-4117
1098
16284815
42
0
31
-645
-4115
1103
16285840
61
-2
17
-668
-4107
1137
16278656
58
-9
1
-624
-4074
1120
16279681
60
-6
12
-635
-4070
1142
16280706
37
-2
6
-683
-4077
1174
16281731
2
-1
-43
-690
-4096
1167
16282756
-29
1
-82
-614
-4048
1170
16283781
-72
10
-76
-591
-4076
1152
16284806
-89
22
-57
-615
-4114
1120
16285831
-78
25
-55
-632
-4131
1109
16286856
-60
15
-58
-583
-4118
1094
16287881
-34
9
-33
-559
-4128
1046
16288906
19
10
-4
-610
-4155
1043
16289931
68
9
-17
-626
-4126
1096
16290956
79
3
-18
-535
-4102
1131
16291981
70
19
27
-568
-4128
1147
16293006
48
31
36
-651
-4044
1155
16294031
24
22
-27
-685
-4057
1195
16286849
-18
14
-79
-600
-4152
1186
16287874
-48
30
-69
-528
-4123
1082
16288899
-21
46
-48
-615
-4053
1107
16289924
-10
38
-88
-668
-4180
1163
16290949
-11
33
-157
-563
-4182
1088
16291974
19
50
-155
-469
-4104
1054
16292999
32
73
-91
-478
-4122
1076
16294024
45
91
-31
-506
-4143
1055
16295049
84
104
8
-507
-4083
1090
16296074
114
104
40
-504
-4049
1188
16297099
73
102
61
-617
-3987
1218
16298124
-20
81
30
-709
-4089
1213
16299149
-107
54
-36
-633
-4078
1246
16300174
-189
45
-73
-521
-4042
1220
16301199
-219
59
-76
-530
-4114
1125
16302224
-194
59
-75
-513
-4141
1034
16295040
-175
72
-39
-444
-4139
1056
16296065
-161
95
6
-457
-4070
1077
16297090
-132
120
5
-663
-4153
1041
16298115
-18
121
-59
-769
-4434
1039
16299140
172
101
-91
-533
-3910
1078
16300165
-187
135
-115
-460
-4012
1011
16301190
-247
136
-54
-521
-4152
1048
16302215
-221
102
-17
-488
-4155
1011
16303240
-203
71
13
-489
-4212
985
16304265
-171
40
31
-517
-4227
967
16305290
-171
24
17
-731
-4279
941
16306315
-203
-33
-76
-959
-4665
1063
16307340
-251
-98
-192
-761
-4901
1138
16308365
-612
-102
-206
-628
-4868
1169
16309390
-881
-122
-89
-782
-5163
875
16310415
-145
-301
46
-489
-6402
115
16303317
1597
-591
234
2
-7438
-348
16304342
2821
-914
662
584
-6825
-141
16305367
2847
-1016
1410
224
-6029
307
16306392
2565
-1238
2008
-408
-6359
525
16307417
3099
-1647
2240
16
-6603
626
16308442
3936
-1839
2454
-53
-6117
699
16309467
4182
-1939
2631
-198
-4324
777
16310492
4154
-1983
2854
-26
-2825
1355
16311517
4248
-1940
3419
-331
-3788
1927
16312542
4485
-1980
3669
-541
-3860
1887
16313567
4745
-2096
3683
-268
-2675
1619
16314592
4807
-2073
3717
-68
-1705
1566
16315617
5072
-2011
3860
251
-1542
1761
16316642
5696
-1905
3974
618
-1331
1748
16317667
6387
-1667
4141
846
-357
1820
16318692
6434
-1325
4349
1011
522
1926
16311424
5855
-910
4416
1120
1430
2042
16312449
4814
-518
4382
1349
2392
2118
16313474
3243
-110
4304
1527
2724
1915
16314499
1307
323
4082
1463
3141
1816
16315524
-226
606
3738
1406
3885
2453
16316549
-1369
673
3328
1565
4025
2753
16317574
-1896
721
2889
1494
3256
2960
16318599
-1549
761
2181
1413
3285
3666
16319624
-748
718
1482
1495
3563
3964
16320649
-224
749
877
1152
3749
3668
16321674
-37
758
377
669
3511
3635
16322699
-74
694
-50
583
2963
3813
16323724
-57
613
-285
412
2458
3645
16324749
176
465
-403
90
1876
3602
16325774
466
216
-484
126
1606
3893
16326799
598
30
-475
223
1616
4131
16319616
478
-86
-391
195
1643
3944
16320641
234
-149
-277
230
1601
3840
16321666
75
-156
-175
315
1356
4009
16322691
-37
-106
-94
189
1359
4021
16323716
-103
-46
-54
71
1565
3953
16324741
-139
-30
-37
106
1689
3912
16325766
-149
-13
-35
156
1632
3913
16326791
-180
42
-42
-9
1628
3864
16327816
-196
59
-63
-106
1690
3751
16328841
-173
24
-68
1
1720
3595
16329866
-150
27
-40
10
1552
3629
16330891
-85
60
-46
-150
1462
3812
16331916
83
24
-54
-194
1505
3804
16332941
210
-31
-61
-109
1649
3759
16333966
205
-54
-85
18
1827
3796
16334991
80
-32
-103
98
1818
3719
16327808
-43
1
-92
70
1716
3604
16328833
-103
11
-63
13
1544
3775
16329858
-140
-6
-56
23
1482
3984
16330883
-90
-13
-33
-52
1390
4011
16331908
48
-28
-10
-220
1375
3855
16332933
165
-82
-13
-166
1655
3742
16333958
123
-96
27
10
1726
3824
16334983
-52
-44
66
-12
1596
3973
16336008
-174
1
73
-93
1563
3943
16337033
-136
-14
77
-44
1568
3858
16338058
-33
-50
85
11
1577
3772
16339083
47
-53
98
21
1522
3880
16340108
83
-48
89
103
1548
3894
16341133
117
-42
70
83
1800
3720
16342158
-9
-10
46
14
1902
3629
16343183
-206
9
21
-14
1623
3781
16336018
-133
1
-28
99
1218
3906
16337043
230
-8
-34
68
1384
3910
16338068
371
-25
-2
-50
1833
3837
16339093
151
-20
8
51
1988
3732
16340118
-74
16
43
104
1728
3748
16341143
-88
33
40
61
1558
3861
16342168
-7
2
-2
100
1857
3993
16343193
-69
-12
-41
212
2088
4013
16344218
-209
13
-96
278
1977
3896
16345243
-254
31
-171
245
2001
3847
16346268
-235
27
-237
152
2034
3785
16347293
-136
5
-337
179
1921
3815
16348318
-38
8
-452
239
1748
3923
16349343
37
45
-542
110
1949
4039
16350368
4
64
-652
139
2482
4127
16351393
-227
140
-822
322
2822
3925
16344192
-608
287
-993
282
2611
3633
16345217
-968
393
-1205
125
2597
3673
16346242
-1069
397
-1451
248
2898
3945
16347267
-1086
426
-1760
534
3161
3851
16348292
-1186
554
-2102
597
2846
3432
16349317
-1410
715
-2460
404
2340
3191
16350342
-1728
841
-2839
205
1958
3107
16351367
-1891
976
-3169
193
1603
3114
16352392
-1856
1073
-3317
84
1004
3048
16353417
-2193
1149
-3442
-79
534
3118
16354442
-2837
1259
-3556
44
-16
3262
16355467
-3095
1380
-3571
127
-477
2828
16356492
-3251
1476
-3417
-259
-640
2442
16357517
-3461
1481
-3242
-284
-1013
2556
16358542
-3271
1547
-3090
-61
-2232
2576
16359567
-3135
1695
-3090
-140
-2908
1938
16352384
-3369
1772
-2964
-767
-2099
1674
16353409
-3507
1694
-2848
-556
-2661
2192
16354434
-2985
1811
-2772
-156
-3489
2456
16355459
-2426
1970
-2673
-477
-3681
1907
16356484
-2599
1933
-2515
-868
-3752
1490
16357509
-2887
1782
-2399
-707
-4042
1252
16358534
-2688
1751
-2254
-536
-4196
1154
16359559
-2970
1781
-2038
-570
-4163
1109
16360584
-3607
1756
-1701
-701
-5208
1024
16361609
-3734
1724
-1440
-741
-5779
750
16362634
-2970
1592
-1290
-717
-5487
-141
16363659
-1740
1298
-1104
-783
-5624
-805
16364684
-766
875
-942
-876
-5519
-633
16365709
-110
451
-882
-711
-5042
-98
16366734
579
128
-862
-978
-5676
447
16367759
521
43
-45
-1853
-10104
414
16360575
-569
-111
31
-540
-8107
-594
16361600
679
-196
66
-1069
-327
93
16362625
413
-350
-88
-446
-2176
826
16363650
652
-238
-212
-421
-4945
1251
16364675
1037
-169
-36
-532
-5127
1066
16365700
250
-13
-36
-251
-3840
402
16366725
25
121
250
-375
-3728
1354
16367750
-470
204
352
-513
-3607
1541
16368775
-885
255
284
-692
-4506
676
16369800
-612
202
196
-1064
-4743
367
16370825
-204
53
73
-1028
-4240
565
16371850
20
-54
-27
-849
-4213
676
16372875
178
-108
-28
-732
-4281
426
16373900
286
-134
43
-734
-4246
360
16374925
424
-155
80
-757
-4318
574
16375950
518
-148
45
-714
-4070
918
16368768
394
-109
46
-642
-3992
948
16369793
249
-57
100
-708
-4127
851
16370818
207
-37
101
-768
-4188
836
16371843
218
-30
63
-774
-4140
941
16372868
184
-29
35
-723
-4040
969
16373893
104
-5
27
-793
-4079
1000
16374918
9
8
-31
-797
-4068
986
16375943
-55
11
-64
-723
-4061
1007
16376968
-138
23
-41
-705
-4085
917
16377993
-152
37
-16
-747
-4173
842
16379018
-135
39
-32
-763
-4160
884
16380043
-138
36
-58
-710
-4076
914
16381068
-131
37
-29
-700
-4160
799
16382093
-84
39
1
-747
-4213
787
16383118
-71
45
-25
-738
-4129
900
16384143
-137
51
-49
-695
-4065
864
16376961
-124
47
-23
-707
-4304
652
16377986
36
34
-5
-752
-4258
710
16379011
115
19
-23
-720
-4064
934
16380036
6
17
-8
-705
-4019
953
16381061
-81
24
19
-697
-4153
785
16382086
-49
30
20
-772
-4208
789
16383111
-30
17
-31
-773
-4130
880
16384136
-88
22
-74
-700
-4053
871
16385161
-146
44
-70
-692
-4150
795
16386186
-153
47
-64
-737
-4162
798
16387211
-171
40
-99
-771
-4153
804
16388236
-189
33
-168
-764
-4252
761
16389261
-201
17
-219
-688
-4206
783
16390286
-240
21
-212
-659
-4267
701
16391311
-161
34
-159
-958
-4656
604
16392336
186
-20
-104
-1140
-5088
831
16385152
476
-230
-378
-550
-5030
1079
16386177
552
-246
-336
-498
-4872
615
16387202
795
-336
-159
-1017
-5688
-115
16388227
2132
-771
98
-822
-6871
233
16389252
3553
-1153
395
176
-7033
852
16390277
3956
-1144
996
346
-6146
1318
16391302
3463
-1024
1658
80
-5508
1127
16392327
3307
-1050
2345
-367
-6283
1327
16393352
3631
-1249
2682
-85
-5600
1715
16394377
4021
-1325
3012
106
-4864
2098
16395402
3984
-1300
3271
25
-4201
2109
16396427
3883
-1232
3457
8
-3197
2118
16397452
3708
-1115
3637
-225
-2445
2109
16398477
3665
-1020
3737
-409
-1736
2249
16399502
3838
-959
3819
-520
-1649
2493
16400527
3927
-952
3757
-511
-1482
2468
16393344
4006
-932
3608
-450
-674
2427
16394369
4206
-862
3493
-393
227
2412
16395394
4433
-780
3466
-320
542
2329
16396419
4403
-697
3446
-339
709
2232
16397444
3904
-629
3341
-112
1327
2251
16398469
3259
-516
3170
254
2032
2258
16399494
2649
-364
3116
358
2461
2210
16400519
1809
-222
3063
136
2817
2175
16401544
1023
-196
2925
170
3037
2220
16402569
493
-214
2780
363
3165
2420
16403594
33
-238
2614
354
2821
2594
16404619
-253
-284
2262
387
2651
2891
16405644
-271
-307
1825
544
3006
3295
16406669
-218
-316
1477
601
3347
3186
16407694
-258
-308
1208
554
3042
2979
16408719
-410
-298
838
572
2983
3336
16401536
-707
-322
452
881
3235
4030
16402561
-1425
-180
168
992
2917
4321
16403586
-1877
47
8
684
2276
4115
16404611
-1550
64
-50
421
1568
3866
16405636
-498
-12
-112
545
855
4073
16406661
539
-61
-177
748
1000
4537
16407686
745
59
-211
569
1846
4367
16408711
445
219
-191
221
2177
4101
16409736
97
254
-192
294
1890
3862
16410761
42
276
-146
210
1532
3842
16411786
162
256
-118
-9
1442
3792
16412811
279
194
-138
-73
1727
3771
16413836
185
124
-155
42
1968
3718
16414861
-18
103
-144
106
1964
3665
16415886
-71
79
-77
37
1692
3625
16416911
43
9
-34
42
1685
3586
16409728
150
-29
8
179
1721
3690
16410753
3
32
37
124
1685
3804
16411778
-146
64
56
48
1673
3839
16412803
-144
51
67
74
1540
3761
16413828
17
23
63
117
1612
3701
16414853
89
9
71
73
1790
3654
16415878
11
-13
78
86
1831
3589
16416903
-66
-33
72
153
1646
3706
16417928
-15
-49
60
244
1549
3894
16418953
74
-57
62
186
1672
3852
16419978
64
-60
45
120
1821
3703
16421003
-32
-67
25
275
1779
3685
16422028
-103
-44
32
296
1679
3819
16423053
-108
-33
30
133
1697
3896
16424078
-122
-41
12
62
1715
3796
16425103
-110
-52
-1
147
1696
3755
16417920
-27
-58
25
152
1572
3763
16418945
68
-76
46
140
1669
3805
16419970
49
-59
36
196
1742
3888
16420995
-1
-24
15
236
1756
3861
16422020
20
2
30
137
1763
3817
16423045
10
19
17
87
1798
3830
16424070
-59
35
-10
139
1789
3831
16425095
-66
41
-1
93
1685
3837
16426120
0
16
-1
103
1675
3759
16427145
77
4
16
179
1604
3790
16428170
91
17
0
178
1607
3811
16429195
69
29
-19
125
1714
3797
16430220
4
32
-5
164
1684
3779
16431245
-21
29
22
209
1622
3780
16432270
-10
27
25
159
1605
3769
16433295
5
9
30
106
1695
3736
16426111
-17
-26
59
95
1758
3680
16427136
-21
-55
72
214
1711
3758
16428161
-17
-46
67
206
1635
3851
16429186
-12
-45
59
102
1707
3861
16430211
9
-79
68
158
1698
3773
16431236
56
-83
74
217
1624
3717
16432261
129
-61
62
243
1573
3795
16433286
214
-51
62
197
1637
3749
16434311
290
-79
70
151
1827
3640
16435336
227
-100
45
230
1925
3591
16436361
70
-83
11
305
1880
3732
16437386
-64
-45
-5
254
1747
3718
16438411
-67
-43
-9
202
1758
3655
16439436
-14
-59
-20
325
1759
3729
16440461
-19
-26
-24
342
1765
3894
16441486
-91
26
-8
157
1750
3958
16434304
-105
26
-20
137
1746
3914
16435329
-43
1
-18
254
1752
3881
16436354
-117
-24
-9
269
2054
3924
16437379
-666
20
-11
271
2317
3919
16438404
-1213
129
-1
296
1801
3900
16439429
-845
139
-10
383
926
3805
16440454
273
66
-94
311
1065
3804
16441479
868
-33
-256
329
2412
3928
16442504
365
31
-370
534
3106
3911
16443529
-459
210
-486
683
2827
3774
16444554
-949
365
-641
564
2382
3683
16445579
-1163
447
-909
444
2542
3764
16446604
-1255
502
-1156
519
2597
3948
16447629
-1275
586
-1376
546
2335
3888
16448654
-1034
665
-1623
259
2079
3494
16449679
-517
663
-1894
-119
1765
3211
16442496
23
512
-2217
-190
1938
3244
16443521
104
342
-2455
-18
2432
3324
16444546
-575
368
-2633
98
2529
3340
16445571
-1548
532
-2769
69
1894
3134
16446596
-2133
667
-2899
-65
1144
3167
16447621
-2247
720
-3054
-27
787
3533
16448646
-2385
796
-3195
84
425
3498
16449671
-2789
945
-3243
44
-82
3221
16450696
-3132
1067
-3205
-273
-288
3232
16451721
-3140
1076
-3219
-273
-657
3112
16452746
-3052
1080
-3221
-27
-1467
2377
16453771
-3004
1312
-3029
-320
-2692
2422
16454796
-2870
1347
-3022
-565
-3150
3114
16455821
-2716
1243
-3071
-186
-1758
3228
16456846
-3425
1480
-2894
-18
-2019
2244
16457871
-4826
1729
-2424
-465
-3071
1470
16450688
-5471
1758
-2070
-529
-3937
1574
16451713
-4907
1679
-1916
-421
-4477
1526
16452738
-4278
1569
-1733
-679
-4678
770
16453763
-4006
1309
-1483
-834
-5227
279
16454788
-3139
961
-1334
-797
-5398
459
16455813
-1859
706
-1218
-654
-4713
602
16456838
-1127
543
-986
-894
-4700
377
16457863
-837
345
-831
-1233
-5149
508
16458888
-292
149
-837
-919
-5271
871
16459913
202
81
-803
-644
-4616
961
16460938
172
119
-722
-440
-3768
988
16461963
-170
173
-702
-710
-4087
1185
16462988
200
163
-164
-2049
-11097
1968
16464013
154
74
152
-502
-8957
781
16465038
564
47
-123
-940
185
853
16466063
534
-59
-107
-813
-2328
1226
16458880
1038
-130
-367
-507
-3189
1277
16459905
729
-205
-204
-117
-6521
1620
16460930
143
-11
61
-628
-4770
1027
16461955
489
-87
47
-480
-2694
1482
16462980
465
-93
136
-555
-4186
1720
16464005
208
-94
88
-596
-4046
1531
16465030
47
-69
55
-513
-3852
1557
16466055
-113
-2
45
-590
-3879
1539
16467080
-215
24
-5
-489
-4001
1475
16468105
-267
30
37
-478
-3999
1404
16469130
-265
35
87
-552
-4024
1332
16470155
-213
28
82
-638
-4144
1283
16471180
-99
-19
57
-593
-4237
1164
16472205
121
-66
76
-578
-4195
1241
16473230
217
-74
79
-578
-3834
1469
16474255
86
-48
67
-626
-3926
1463
16467073
12
-35
16
-639
-4132
1337
16468098
70
-49
-16
-560
-4058
1351
16469123
93
-36
2
-539
-3886
1465
16470148
-13
-2
17
-570
-3936
1489
16471173
-115
23
11
-591
-4017
1408
16472198
-118
16
12
-575
-4067
1351
16473223
-80
3
21
-580
-4015
1379
16474248
-88
5
13
-604
-3938
1403
16475273
-114
16
-1
-599
-4085
1326
16476298
-65
10
0
-593
-4111
1287
16477323
7
-4
9
-588
-4021
1334
16478348
23
-4
10
-606
-4032
1373
16479373
5
2
-1
-579
-4059
1342
16480398
48
2
1
-589
-4105
1290
16481423
121
3
-5
-611
-3998
1384
16482448
94
7
-26
-601
-3943
1451
16475265
23
10
-33
-592
-4030
1399
16476290
17
1
-25
-543
-4041
1356
16477315
44
4
8
-570
-4016
1364
16478340
56
-2
16
-607
-4038
1384
16479365
64
-20
9
-596
-4028
1418
16480390
41
-39
14
-574
-3977
1431
16481415
24
-60
36
-576
-4041
1390
16482440
47
-79
49
-567
-4011
1415
16483465
30
-81
62
-620
-3913
1495
16484490
-56
-79
31
-664
-3913
1489
16485515
-122
-87
-28
-648
-4052
1421
16486540
-153
-88
-79
-577
-3958
1482
16487565
-267
-55
-123
-667
-3998
1502
16488590
-361
-27
-245
-677
-4180
1435
16489615
-354
1
-316
-427
-4392
1367
16490640
394
9
71
-660
-5023
1353
16483457
450
-54
30
-687
-4215
1336
16484482
-238
-49
-17
-714
-5369
1609
16485507
-147
-45
190
-244
-5301
1705
16486532
-95
60
515
-140
-4983
1401
16487557
21
89
753
-543
-5662
1233
16488582
268
-30
949
-349
-5791
1279
16489607
506
-111
1270
-143
-5874
1196
16490632
1103
-232
1551
-534
-6064
987
16491657
1821
-496
1715
-832
-5748
1031
16492682
2055
-750
1939
-677
-5067
1054
16493707
2171
-878
2212
-564
-4688
904
16494732
2777
-985
2470
-845
-4775
946
16495757
3559
-1092
2565
-980
-4223
1476
16496782
4301
-1139
2658
-793
-3797
1753
16497807
5381
-1062
2757
-604
-3231
1800
16498832
6292
-918
2891
-746
-1421
1892
16491649
6325
-792
3297
-1147
-1096
2186
16492674
5912
-749
3440
-970
-1486
2315
16493699
5733
-692
3407
-642
-790
2508
16494724
5157
-578
3410
-807
61
2316
16495749
4443
-489
3384
-897
586
2116
16496774
3568
-402
3408
-804
1156
2227
16497799
2611
-274
3460
-689
1451
2537
16498824
1972
-192
3461
-597
1249
2442
16499849
1694
-212
3404
-574
1500
2225
16500874
1416
-258
3309
-305
2166
2231
16501899
986
-197
3258
-11
2695
2500
16502924
687
-117
3202
190
2842
2665
16503949
580
-116
3071
227
2683
2355
16504974
507
-156
2824
324
3053
2406
16505999
274
-147
2502
615
3745
2935
16507024
-26
-81
2254
804
3651
3180
16499841
-109
-62
2003
720
3609
3008
16500866
-159
-69
1661
546
3687
2944
16501891
-277
-85
1296
602
3560
3235
16502916
-284
-89
956
777
3456
3535
16503941
-205
-50
662
661
3330
3607
16504966
-106
-27
373
516
3113
3501
16505991
-58
-2
110
513
2994
3396
16507016
-86
42
-71
618
2688
3588
16508041
-153
96
-165
613
2489
3669
16509066
-265
158
-193
396
2494
3505
16510091
-399
180
-215
307
2438
3325
16511116
-374
146
-212
415
2214
3355
16512141
-234
109
-134
376
1945
3474
16513166
-90
96
-71
182
1909
3462
16514191
95
53
-47
137
2100
3456
16515216
98
22
-37
192
2292
3391
16508032
-74
33
2
204
2235
3396
16509057
-185
40
40
211
2129
3490
16510082
-155
48
50
181
2105
3506
16511107
14
41
35
186
2083
3468
16512132
97
35
20
189
2248
3368
16513157
25
50
25
186
2322
3457
16514182
-61
72
27
218
2189
3571
16515207
1
77
25
162
2089
3525
16516232
101
59
17
131
2216
3368
16517257
112
48
34
102
2304
3381
16518282
52
30
48
160
2298
3553
16519307
-15
24
44
208
2176
3514
16520332
-31
32
39
155
2216
3399
16521357
9
19
37
217
2214
3495
16522382
32
9
51
259
2178
3530
16523407
50
23
58
151
2187
3537
16516259
60
17
31
151
2210
3509
16517284
38
13
14
216
2261
3472
16518309
-10
25
14
219
2254
3410
16519334
-5
23
17
158
2202
3418
16520359
31
-7
6
165
2179
3392
16521384
74
-36
3
176
2259
3358
16522409
73
-59
3
225
2274
3445
16523434
69
-74
3
274
2209
3510
16524459
106
-74
6
220
2179
3476
16525484
130
-75
-14
219
2223
3499
16526509
71
-67
-18
265
2328
3526
16527534
-4
-26
5
179
2231
3520
16528559
-5
-8
-3
113
2162
3494
16529584
14
-14
-27
152
2274
3453
16530609
-5
0
-21
183
2247
3453
16531634
23
14
-8
184
2144
3550
16524416
62
18
-9
203
2230
3525
16525441
35
33
-1
224
2284
3366
16526466
7
45
16
222
2257
3324
16527491
23
40
37
178
2243
3438
16528516
23
25
26
162
2262
3447
16529541
22
5
16
220
2293
3383
16530566
33
-15
39
223
2256
3333
16531591
48
-34
54
181
2278
3296
16532616
28
-46
43
149
2320
3346
16533641
-20
-55
29
193
2312
3456
16534666
-42
-67
51
214
2248
3481
16535691
-2
-82
72
214
2208
3436
16536716
59
-92
61
245
2252
3431
16537741
81
-84
40
273
2348
3485
16538766
18
-60
37
277
2304
3503
16539791
-36
-36
37
270
2280
3468
16532608
-17
-19
20
281
2259
3400
16533633
30
0
0
245
2263
3401
16534658
17
15
-3
199
2346
3434
16535683
-28
24
3
219
2288
3458
16536708
13
19
-6
226
2228
3426
16537733
62
14
-25
206
2302
3355
16538758
25
16
-24
248
2379
3346
16539783
1
14
-2
318
2286
3409
16540808
70
4
5
315
2305
3464
16541833
86
12
-17
209
2433
3461
16542858
13
26
-49
192
2357
3438
16543883
-9
28
-63
241
2283
3442
16544908
57
17
-40
227
2254
3469
16545933
100
4
-30
210
2280
3408
16546958
77
9
-22
191
2335
3367
16547983
7
13
2
175
2297
3337
16540801
-10
7
36
181
2214
3383
16541826
63
-15
35
255
2209
3413
16542851
89
-15
28
218
2299
3324
16543876
28
-4
20
226
2360
3328
16544901
-24
0
29
279
2305
3400
16545926
5
-6
27
277
2248
3419
16546951
58
-6
5
189
2335
3354
16547976
33
-3
-29
199
2456
3297
16549001
-10
3
-34
270
2389
3406
16550026
-13
11
-15
184
2252
3482
16551051
7
3
-17
153
2271
3406
16552076
12
1
-27
221
2320
3295
16553101
22
6
1
204
2274
3313
16554126
13
-3
44
171
2312
3419
16555151
-9
-13
66
246
2281
3464
16556176
21
-18
64
248
2246
3312
16548992
32
-22
51
197
2376
3208
16550017
-29
-22
56
248
2401
3322
16551042
-51
-30
68
322
2284
3392
16552067
-13
-32
35
346
2341
3353
16553092
-10
-19
-17
391
2548
3351
16554117
-49
6
-65
462
2653
3380
16555142
10
19
-150
574
2777
3485
16556167
150
33
-307
654
3028
3475
16557192
201
71
-512
656
3163
3236
16558217
122
129
-722
596
3053
3115
16559242
53
125
-986
605
3519
3120
16560267
42
106
-1264
665
3801
3110
16561292
2
108
-1529
578
3578
2982
16562317
-416
117
-1811
341
3678
2841
16563342
-1158
196
-2148
303
3612
2826
16564367
-1766
324
-2424
287
3329
2872
16557184
-1976
432
-2604
62
2753
2865
16558209
-2030
466
-2752
-185
2225
2875
16559234
-2356
539
-2851
-330
1997
3190
16560259
-2732
637
-2939
-275
1790
3280
16561284
-2941
742
-2969
-427
1304
2810
16562309
-3085
890
-2954
-794
996
2603
16563334
-3382
1040
-2940
-869
626
2976
16564359
-3775
1192
-2972
-620
-63
3042
16565384
-3995
1324
-2990
-760
-782
2449
16566409
-4202
1426
-2858
-1256
-1054
2723
16567434
-4630
1519
-2810
-927
-852
3105
16568459
-4936
1677
-2791
-466
-1696
2441
16569484
-4504
1848
-2607
-1011
-2858
1935
16570509
-4221
1818
-2393
-1330
-2483
1964
16571534
-4554
1793
-2237
-935
-2983
1468
16572559
-4201
1801
-2193
-758
-4364
1071
16565375
-3234
1721
-2032
-1121
-4302
905
16566400
-2464
1489
-2013
-1315
-4336
856
16567425
-2111
1257
-1920
-816
-4547
1001
16568450
-1818
1115
-1678
-493
-4739
884
16569475
-1087
915
-1427
-940
-5106
642
16570500
-280
578
-1336
-1252
-5315
557
16571525
-17
270
-1232
-1158
-5266
588
16572550
-181
90
-1037
-925
-5026
625
16573575
-273
71
-823
-1074
-4754
994
16574600
-348
115
-647
-1216
-4516
1194
16575625
-535
154
-536
-941
-4223
996
16576650
-578
169
-513
-579
-3874
539
16577675
-177
101
-619
-715
-3626
337
16578700
459
-110
-938
-972
-4308
1066
16579725
326
-266
-1296
-1186
-5256
1622
16580750
51
-222
-927
-2222
-7701
2521
16573568
328
-145
-44
-977
-8200
1842
16574593
535
-22
-284
33
-1060
175
16575618
489
-80
180
-790
-2580
951
16576643
297
-106
-46
-629
-4368
1461
16577668
463
-100
-26
-518
-5511
1767
16578693
118
71
-57
-695
-4026
1382
16579718
96
63
-113
-460
-3082
1494
16580743
15
69
25
-602
-4299
1477
16581768
-124
62
-22
-658
-4208
1369
16582793
-140
18
-70
-585
-3890
1450
16583818
-230
4
-81
-645
-3769
1459
16584843
-310
-31
-125
-551
-4067
1325
16585868
-313
-40
-94
-403
-4154
1208
16586893
-257
-17
19
-423
-4160
1143
16587918
-147
16
97
-519
-4106
1213
16588943
-100
36
105
-566
-4061
1227
16581760
-73
43
86
-607
-4188
1133
16582785
45
37
61
-626
-4250
1120
16583810
174
24
31
-628
-4138
1196
16584835
237
14
8
-588
-4031
1306
16585860
188
19
-3
-586
-3915
1362
16586885
117
17
-10
-603
-4035
1341
16587910
80
3
-19
-584
-4083
1294
16588935
77
-2
-14
-556
-4014
1318
16589960
51
11
0
-559
-3948
1372
16590985
-7
19
15
-572
-4016
1346
16592010
-29
15
15
-597
-4111
1304
16593035
-13
9
4
-576
-4073
1287
16594060
30
13
6
-568
-4086
1231
16595085
151
9
25
-571
-4189
1156
16596110
394
-35
64
-571
-4268
1175
16597135
553
-93
115
-617
-4004
1431
16589973
446
-122
98
-674
-3689
1666
16590998
212
-102
5
-674
-3813
1658
16592023
-3
-45
-96
-626
-4000
1541
16593048
-133
15
-139
-491
-3902
1525
16594073
-246
75
-97
-480
-3921
1508
16595098
-338
109
-46
-535
-3978
1443
16596123
-370
113
-21
-589
-4060
1334
16597148
-303
83
-21
-612
-4160
1273
16598173
-198
41
-35
-590
-4072
1291
16599198
-133
0
-29
-599
-4036
1367
16600223
-157
-31
-31
-569
-4079
1423
16601248
-240
-36
-28
-523
-4208
1385
16602273
-290
-19
-38
-637
-4150
1430
16603298
-47
-32
-48
-921
-4667
1549
16604323
891
-112
204
-819
-4757
1611
16605348
359
-75
-133
-667
-4551
1358
16598144
-255
2
191
-978
-5333
1355
16599169
-229
21
493
-1102
-5811
1539
16600194
454
-49
706
-1003
-6533
1658
16601219
1144
-195
939
-555
-7079
1454
16602244
1613
-343
1310
-387
-6760
1003
16603269
2462
-459
1642
-703
-6248
734
16604294
3228
-629
2075
-748
-6050
869
16605319
2956
-814
2638
-729
-5585
1016
16606344
2428
-950
2950
-618
-4753
1089
16607369
2775
-1042
3061
-554
-3992
1297
16608394
3445
-1123
3185
-808
-3126
1290
16609419
3686
-1266
3296
-851
-2824
1136
16610444
3715
-1439
3279
-549
-2432
955
16611469
3949
-1496
3263
-377
-1657
1260
16612494
3946
-1488
3319
-433
-740
1762
16613519
4035
-1499
3421
-348
-537
2204
16606336
4284
-1448
3469
-243
-434
2326
16607361
4446
-1358
3509
-327
-661
2001
16608386
4500
-1282
3373
-326
-227
1747
16609411
4714
-1205
3210
6
1383
2091
16610436
4475
-1011
3226
307
2299
2382
16611461
3442
-711
3224
72
2423
2200
16612486
2231
-527
3005
104
3084
2484
16613511
1015
-443
2781
417
3571
2595
16614536
-37
-306
2558
366
3376
2597
16615561
-527
-279
2218
311
3431
3081
16616586
-723
-380
1893
479
3414
3491
16617611
-734
-441
1594
622
3036
3753
16618636
-334
-459
1250
746
2769
4009
16619661
191
-438
898
654
2854
3966
16620686
311
-389
606
494
3220
3843
16621711
0
-282
397
658
3035
4274
16614528
-290
-149
254
834
2453
4525
16615553
-256
7
124
491
2129
4220
16616578
-51
81
-30
226
2115
3873
16617603
96
71
-107
314
2119
3864
16618628
108
65
-77
394
2048
3921
16619653
71
110
-32
254
1996
3911
16620678
85
110
-53
172
1989
3699
16621703
98
85
-80
87
2069
3476
16622728
55
59
-83
92
2203
3484
16623753
-66
58
-42
83
1953
3570
16624778
-112
41
-45
28
1877
3483
16625803
-87
6
-48
-15
1851
3436
16626828
-29
-48
-22
10
1820
3510
16627853
75
-102
30
76
1756
3537
16628878
162
-114
39
104
1836
3561
16629903
138
-100
28
117
1899
3594
16622720
21
-78
28
117
1906
3572
16623745
-34
-62
51
119
1896
3610
16624770
-23
-54
73
119
1868
3653
16625795
-20
-43
50
119
1946
3627
16626820
-67
-22
33
109
1938
3600
16627845
-66
-26
41
144
1919
3637
16628870
-35
-44
58
185
1960
3694
16629895
-37
-42
52
236
1926
3704
16630920
-53
-22
45
209
1959
3625
16631945
-65
-14
55
140
1990
3601
16632970
-49
-24
58
163
1950
3717
16633995
-29
-27
39
202
1970
3774
16635020
-32
-12
14
163
1998
3709
16636045
-33
-13
-2
158
1976
3649
16637070
-5
-25
-3
209
1961
3666
16638095
18
-14
-1
220
1893
3760
16630913
11
3
-19
168
1911
3751
16631938
-34
10
-20
117
1910
3675
16632963
-50
1
4
140
1888
3673
16633988
-30
-5
35
174
1842
3712
16635013
-22
2
39
127
1857
3673
16636038
-23
-5
31
123
1893
3615
16637063
-21
-18
48
149
1804
3619
16638088
-6
-25
64
189
1867
3630
16639113
-41
-14
81
209
1938
3626
16640138
-97
-2
111
172
1859
3617
16641163
-87
-18
120
189
1909
3689
16642188
-34
-34
104
275
1941
3732
16643213
39
-27
76
249
1941
3657
16644238
55
-20
40
206
2046
3665
16645263
-14
-14
20
244
2023
3749
16646288
-30
-6
3
273
1927
3759
16639104
9
5
-27
201
1859
3724
16640129
36
10
-66
213
1938
3684
16641154
15
19
-62
245
1971
3687
16642179
-21
28
-46
216
1854
3670
16643204
-16
30
-62
207
1801
3662
16644229
22
22
-59
256
1810
3701
16645254
49
18
-17
220
1853
3666
16646279
27
17
16
135
1909
3632
16647304
-36
11
9
146
1887
3636
16648329
-29
2
16
168
1818
3690
16649354
41
-13
38
144
1855
3661
16650379
61
-21
43
161
1941
3620
16651404
-18
-10
23
231
1973
3624
16652429
-91
19
19
197
1876
3635
16653454
-61
30
13
118
1767
3677
16654479
27
17
-9
192
1838
3689
16647296
42
31
-23
250
1954
3716
16648321
-58
68
-31
214
1964
3673
16649346
-147
89
-20
160
1921
3640
16650371
-138
75
-10
185
1837
3683
16651396
-45
37
-1
193
1867
3708
16652421
0
14
8
139
1934
3688
16653446
7
-7
0
207
1962
3684
16654471
14
-27
-7
259
1983
3648
16655496
-40
-34
-30
201
2054
3671
16656521
-168
-51
-75
206
2079
3744
16657546
-309
-58
-127
317
2126
3756
16658571
-394
8
-180
340
2053
3781
16659596
-349
76
-259
255
1959
3771
16660621
-84
103
-385
317
2124
3852
16661646
106
100
-523
381
2707
3855
16662671
-182
138
-701
408
3115
3614
16655487
-712
227
-930
493
3151
3501
16656512
-1120
321
-1167
524
2927
3609
16657537
-1280
364
-1415
444
2734
3705
16658562
-1358
371
-1721
499
2730
3792
16659587
-1611
444
-2022
591
2751
3815
16660612
-2195
614
-2259
491
2493
3727
16661637
-2802
817
-2486
317
2006
3486
16662662
-3017
971
-2701
319
1422
3218
16663687
-2969
1150
-2836
261
777
3158
16664712
-3367
1407
-2880
-67
444
3371
16665737
-4247
1696
-2874
-270
180
3363
16666762
-4762
1921
-2825
-135
-545
3076
16667787
-4517
2133
-2700
-361
-1412
2899
16668812
-4081
2248
-2563
-834
-1826
2865
16669837
-4301
2361
-2569
-759
-1963
2506
16670862
-4448
2585
-2520
-466
-2693
2082
16663680
-3907
2732
-2356
-697
-3446
1741
16664705
-3181
2713
-2266
-1145
-2917
1448
16665730
-3117
2715
-2250
-730
-2704
1198
16666755
-3402
2715
-2059
-432
-4129
612
16667780
-2891
2504
-1766
-1040
-4928
602
16668805
-1453
2063
-1771
-1035
-4279
887
16669830
-560
1685
-1858
-742
-3870
514
16670855
-708
1388
-1738
-1147
-4478
-286
16671880
-906
1016
-1647
-1303
-4755
18
16672905
-769
673
-1661
-794
-4658
495
16673930
-566
507
-1524
-399
-4892
600
16674955
-706
457
-1219
-617
-5011
373
16675980
-788
339
-987
-840
-4943
425
16677005
-386
133
-843
-648
-5040
611
16678030
123
59
-696
-576
-4847
841
16679055
487
47
-584
-714
-4476
725
16671872
550
6
-518
-726
-4061
983
16672897
155
-21
-476
-387
-3671
1272
16673922
-406
114
-423
-342
-3742
1210
16674947
146
289
-42
-1292
-6641
1436
16675972
372
289
595
-1129
-8394
924
16676997
-210
78
310
-486
-4288
386
16678022
-279
-37
253
-1226
-2674
1037
16679047
-318
-123
-71
-848
-3517
1104
16680072
456
-226
-115
-566
-4399
1123
16681097
716
-309
-45
-633
-5001
1034
16682122
666
-343
71
-473
-4032
905
16683147
597
-286
144
-611
-3776
1092
16684172
681
-281
115
-733
-4356
1209
16685197
801
-313
18
-571
-4308
1327
16686222
815
-274
23
-537
-3953
1398
16687247
770
-216
56
-561
-3921
1494
16680063
636
-143
64
-556
-3901
1621
16681088
458
-68
71
-540
-3799
1683
16682113
279
10
85
-585
-3762
1752
16683138
73
57
55
-689
-3862
1714
16684163
-65
65
-28
-653
-4032
1605
16685188
-134
78
-67
-574
-3826
1671
16686213
-260
94
-48
-544
-3751
1631
16687238
-347
106
-5
-595
-3985
1491
16688263
-318
85
9
-630
-4148
1375
16689288
-164
26
24
-641
-4223
1215
16690313
182
-48
24
-741
-4357
1221
16691338
453
-113
-58
-704
-4008
1544
16692363
417
-144
-105
-621
-3767
1601
16693388
401
-150
-95
-591
-4062
1495
16694413
442
-134
-74
-512
-3915
1624
16695438
396
-98
-33
-495
-3734
1756
16688256
288
-51
-8
-557
-3882
1748
16689281
193
-17
-19
-558
-3907
1765
16690306
100
5
-16
-505
-3763
1824
16691331
-34
36
11
-517
-3676
1857
16692356
-179
49
37
-575
-3876
1715
16693381
-192
42
34
-607
-4074
1610
16694406
-121
30
15
-570
-3944
1634
16695431
-87
27
19
-577
-3865
1696
16696456
-107
26
15
-612
-3927
1668
16697481
-113
20
3
-584
-3963
1609
16698506
-75
14
7
-586
-4007
1567
16699531
-19
8
-1
-604
-3935
1621
16700556
-20
4
-26
-605
-3882
1709
16701581
-85
4
-42
-572
-3909
1653
16702606
-106
3
-26
-568
-3998
1558
16703631
-34
-9
-10
-589
-3992
1551
16696448
27
-22
-24
-624
-3893
1681
16697473
-34
-25
-63
-579
-3852
1702
16698498
-109
-12
-72
-532
-3962
1595
16699523
-111
7
-56
-523
-3961
1611
16700548
-145
30
-57
-560
-3831
1717
16701573
-275
50
-93
-567
-3862
1700
16702598
-410
82
-140
-539
-3941
1703
16703623
-566
130
-187
-545
-4025
1611
16704648
-670
155
-235
-609
-4455
1450
16705673
-519
141
-241
-746
-4737
1480
16706698
189
83
115
-792
-4495
1847
16707723
-92
-32
-119
-450
-4278
1491
16708748
-557
-11
82
-783
-5737
1157
16709773
-698
-59
363
-499
-5883
1135
16710798
-411
-210
635
-63
-6119
1041
16711823
515
-365
904
-283
-6432
736
16704640
1506
-570
1329
-277
-6474
667
16705665
1880
-735
1792
-237
-5979
741
16706690
1834
-867
2111
-552
-5292
847
16707715
1786
-1110
2324
-669
-4924
906
16708740
2244
-1378
2551
-653
-5009
1181
16709765
3126
-1512
2647
-666
-4743
1410
16710790
4140
-1549
2737
-926
-3990
1465
16711815
5201
-1592
2888
-935
-3259
1392
16712840
6399
-1611
3139
-812
-3197
1398
16713865
7189
-1551
3176
-644
-2504
1506
16714890
7579
-1371
3122
-242
-865
1704
16715915
7112
-1014
3305
-298
402
2153
16716940
5637
-674
3433
-522
1076
2598
16717965
3728
-428
3390
-432
1258
2657
16718990
2166
-231
3294
-374
1206
2576
16720015
1401
-111
3164
-279
1284
2660
16712832
1356
-81
3080
-196
1195
2801
16713857
1384
-127
2939
-26
1450
2644
16714882
949
-117
2858
78
1749
2364
16715907
182
-31
2780
49
2010
2544
16716932
-162
-54
2723
254
1988
2931
16717957
-105
-83
2644
250
1818
2937
16718982
68
-120
2513
163
2167
3169
16720007
131
-176
2287
344
2388
3342
16721032
200
-165
2046
431
2652
3485
16722057
333
-163
1842
388
3060
3786
16723082
366
-176
1612
488
3118
3935
16724107
325
-133
1303
551
3129
4012
16725132
218
-58
965
579
3174
4189
16726157
46
10
660
443
3068
4063
16727182
-180
64
425
287
3049
3867
16728207
-404
90
231
330
2857
3898
16721025
-434
108
48
455
2267
4134
16722050
-202
136
-108
377
1911
4108
16723075
105
146
-197
129
1922
3750
16724100
229
133
-247
-37
2039
3539
16725125
86
109
-238
21
2057
3610
16726150
-206
133
-189
-5
1900
3676
16727175
-353
130
-138
-109
1644
3695
16728200
-226
66
-97
-111
1519
3670
16729225
105
-9
-52
-82
1583
3659
16730250
387
-60
-26
-43
1779
3640
16731275
401
-44
-33
-77
1909
3633
16732300
209
-5
-49
-85
1924
3652
16733325
7
29
-60
-53
1856
3667
16734350
-47
52
-71
-49
1690
3649
16735375
4
62
-78
-156
1731
3579
16736400
-12
46
-77
-161
1855
3600
16729461
-61
21
-41
4
1744
3750
16730486
-18
15
13
-1
1666
3815
16731511
73
3
24
-70
1816
3770
16732536
72
-9
25
-51
1971
3700
16733561
1
-7
59
-17
1979
3725
16734586
-83
5
78
-15
1867
3816
16735611
-61
0
53
-33
1845
3814
16736636
33
-14
23
-62
1876
3779
16737661
66
-24
13
-71
2003
3701
16738686
23
-20
15
-48
1940
3684
16739711
9
-7
4
-61
1824
3765
16740736
61
-4
-17
-131
1801
3748
16741761
143
-17
-22
-128
1884
3652
16742786
165
-27
-6
-80
1950
3616
16743811
91
-24
4
-49
1942
3636
16744836
-4
-11
4
-64
1859
3694
16737408
-20
-15
15
-55
1798
3694
16738433
25
-24
33
-47
1814
3635
16739458
23
-22
27
-47
1880
3598
16740483
-11
-16
11
-4
1867
3679
16741508
-35
-9
4
-13
1799
3727
16742533
-23
-7
-4
-27
1855
3736
16743558
-39
-6
-13
0
1854
3675
16744583
-36
-11
-3
-27
1886
3651
16745608
-35
-15
17
-78
1929
3711
16746633
-29
-26
20
-63
1878
3782
16747658
5
-39
7
-40
1889
3751
16748683
38
-44
5
-58
1958
3740
16749708
51
-48
14
-31
1964
3753
16750733
45
-34
10
-28
1933
3711
16751758
47
-14
-10
-21
1875
3695
16752783
51
3
-13
-47
1903
3728
16745601
28
16
-1
-84
1928
3707
16746626
-10
23
-10
-64
1827
3651
16747651
-3
28
-27
-61
1848
3630
16748676
2
30
-10
-85
1858
3664
16749701
3
13
22
-62
1837
3662
16750726
0
-1
38
-41
1892
3638
16751751
-14
-9
27
-3
1921
3636
16752776
-12
-16
29
-25
1951
3700
16753801
-6
-29
41
-42
1951
3706
16754826
17
-46
26
-13
1995
3662
16755851
35
-53
-8
15
2003
3643
16756876
56
-58
-30
15
1952
3705
16757901
103
-61
-42
27
1926
3761
16758926
208
-70
-33
-10
1799
3670
16759951
319
-87
-41
-12
1823
3583
16760976
292
-80
-36
-14
1846
3593
16753792
116
-40
-34
-23
1974
3650
16754817
-93
6
-11
-55
1989
3643
16755842
-170
18
18
-35
1713
3601
16756867
-21
6
20
-21
1745
3692
16757892
85
-3
28
-17
2055
3779
16758917
-34
34
27
-13
2190
3729
16759942
-132
59
12
12
2089
3663
16760967
-187
71
-4
-19
1999
3658
16761992
-199
84
-21
-48
1975
3655
16763017
-114
75
-24
-13
1921
3661
16764042
21
56
-34
2
2004
3699
16765067
67
44
-61
0
2146
3675
16766092
-38
57
-104
17
2229
3653
16767117
-169
59
-157
115
2275
3679
16768142
-243
57
-228
189
2285
3704
16769167
-255
62
-334
200
2210
3600
4294952064
-211
70
-475
113
2213
3536
4294953089
-183
48
-670
139
2547
3538
4294954114
-232
36
-863
94
2762
3369
4294955139
-215
18
-1093
-66
2879
3174
4294956164
-54
-64
-1422
32
3156
3117
4294957189
86
-156
-1729
145
3213
3182
4294958214
-151
-222
-2030
143
3348
3242
4294959239
-767
-231
-2335
213
3435
3309
4294960264
-1517
-140
-2622
296
3173
3254
4294961289
-1935
-30
-2889
349
2606
3284
4294962314
-2324
62
-3136
397
2356
3431
4294963339
-2997
270
-3341
418
2006
3385
4294964364
-3772
583
-3462
306
1444
3195
4294965389
-4427
889
-3472
182
780
3146
4294966414
-4742
1148
-3434
114
-260
3207
143
-4643
1360
-3417
38
-1563
3090
4294960255
-4348
1458
-3370
-261
-2419
2684
4294961280
-4140
1432
-3302
-614
-1998
2553
4294962305
-3797
1500
-3217
-393
-2110
2770
4294963330
-3412
1671
-3102
107
-3715
2456
4294964355
-3259
1813
-2876
-145
-4040
2204
4294965380
-3533
1880
-2620
-596
-2700
2198
4294966405
-4356
1958
-2339
-289
-2780
1783
134
-4985
2068
-2026
-6
-4250
943
1159
-4641
2044
-1721
-421
-4606
489
2184
-3749
1848
-1443
-745
-4542
431
3209
-2854
1532
-1325
-456
-5164
145
4234
-1770
1277
-1222
-411
-5041
-62
5259
-1117
1015
-1041
-556
-4500
-72
6284
-1271
771
-881
-622
-4439
192
7309
-1381
590
-839
-598
-5047
8
8334
-801
428
-835
-546
-5138
-166
1152
-122
245
-738
-591
-4552
-282
2177
315
113
-694
-640
-4396
211
3202
603
36
-677
-517
-4605
797
4227
1302
109
297
-1148
-8458
1771
5252
459
112
491
-670
-6118
-64
6277
-978
8
244
-536
-4252
118
7302
-455
-54
246
-1404
-3348
1067
8327
516
-204
-92
-474
-3270
1002
9352
1171
-228
41
-645
-4400
800
10377
858
-261
119
-705
-5101
711
11402
638
-235
125
-645
-4279
1079
12427
486
-175
68
-583
-3448
1486
13452
86
-105
50
-552
-4009
1281
14477
-100
-73
51
-631
-4249
990
15502
-55
-59
40
-629
-4234
967
16527
-1
-36
32
-595
-4133
1072
9344
-9
-22
43
-570
-4083
1092
10369
14
-16
63
-626
-4120
1086
11394
69
-21
63
-672
-4169
1055
12419
122
-24
32
-675
-4266
956
13444
197
-37
-1
-681
-4208
879
14469
295
-68
4
-657
-4066
1041
15494
267
-62
-6
-674
-4017
1193
16519
158
-40
-31
-644
-4073
1152
17544
122
-27
-48
-609
-4106
1124
18569
121
-16
-49
-605
-4004
1183
19594
85
-7
-43
-589
-4025
1243
20619
-12
15
-21
-570
-4060
1283
21644
-117
27
4
-644
-4100
1134
22669
-72
15
-16
-651
-4126
1078
23694
9
0
-34
-599
-4123
1116
24719
42
-4
-21
-583
-4056
1191
17536
12
-3
0
-586
-4070
1149
18561
30
-2
21
-625
-4199
1066
19586
111
-17
22
-612
-4104
1146
20611
111
-14
13
-614
-3943
1277
21636
10
4
-13
-646
-4027
1277
22661
-88
15
-51
-631
-4126
1162
23686
-70
15
-63
-577
-4144
1120
24711
-3
18
-45
-587
-4066
1160
25736
0
25
-49
-607
-4058
1198
26761
-46
27
-63
-578
-4126
1169
27786
-54
26
-46
-540
-4108
1156
28811
-38
31
-13
-577
-4016
1176
29836
-34
29
-13
-622
-4141
1124
30861
-2
15
-41
-580
-4214
1101
31886
28
21
-34
-502
-4027
1151
32911
14
55
16
-524
-3979
1179
25729
-27
84
33
-645
-4126
1215
26754
-92
68
-32
-666
-4159
1187
27779
-124
51
-99
-620
-4112
1156
28804
-103
41
-156
-741
-4140
1177
29829
-98
4
-287
-733
-4211
1226
30854
-125
-2
-329
-567
-4291
1253
31879
255
44
-70
-679
-4609
1348
32904
317
-11
-147
-410
-4169
1108
33929
-111
-4
-237
-515
-4923
1018
34954
-255
-77
-176
-538
-5406
1189
35979
-286
-175
38
-84
-5013
1093
37004
-461
-194
346
83
-4941
850
38029
-424
-301
733
126
-5981
134
39054
276
-537
1274
69
-7030
-465
40079
717
-793
1858
-85
-7373
-251
41104
861
-973
2212
-546
-6577
381
33921
1074
-1114
2304
-643
-4710
872
34946
1355
-1194
2531
-826
-3877
1224
35971
1857
-1317
2755
-1361
-4371
1332
36996
2431
-1427
2788
-1482
-4133
1285
38021
2692
-1495
2803
-1342
-3767
1187
39046
2604
-1510
2798
-1171
-3266
1109
40071
2622
-1536
2759
-1104
-2533
1050
41096
2913
-1574
2791
-1296
-2470
1256
42121
2880
-1615
2820
-1214
-2159
1491
43146
2709
-1634
2807
-1171
-1717
1758
44171
2880
-1672
2844
-1222
-1278
2136
45196
3241
-1817
2990
-1064
-1459
2303
46221
3742
-1954
3099
-845
-2384
2086
47246
4556
-1969
3090
-786
-1584
1979
48271
5314
-1938
3126
-485
-120
2206
49296
5613
-1788
3260
-109
746
2571
42111
5292
-1573
3457
104
1417
2772
43136
3915
-1300
3429
227
2493
2775
44161
1729
-950
3093
321
3889
2777
45186
-266
-628
2911
128
3863
3083
46211
-1380
-570
2718
40
2599
3567
47236
-1143
-711
2311
448
1826
3929
48261
-230
-730
1869
545
2205
3967
49286
512
-658
1481
232
2742
3798
50311
613
-583
1123
250
3001
3885
51336
236
-401
841
470
2891
4425
52361
-166
-155
612
293
2394
4661
53386
-271
11
392
15
2100
4475
54411
-357
98
233
-150
2139
4146
55436
-728
159
120
-76
2045
3859
56461
-1032
226
43
-6
1703
3904
57486
-935
264
11
-154
1155
4079
50304
-382
173
-23
-226
1016
4055
51329
208
29
-41
-198
1288
3833
52354
451
-45
-59
-136
1586
3809
53379
383
-49
-42
-142
1616
4026
54404
131
-22
-28
-193
1495
4049
55429
-12
-16
-15
-239
1447
3906
56454
-13
-44
1
-227
1388
3871
57479
54
-82
13
-152
1341
3956
58504
56
-88
24
-176
1437
3972
59529
-12
-70
18
-233
1552
3924
60554
-52
-77
25
-183
1441
3862
61579
5
-86
22
-135
1396
3870
62604
112
-85
14
-156
1309
3925
63629
265
-93
3
-186
1222
3947
64654
387
-104
-17
-138
1453
3912
65679
304
-70
-17
-92
1655
3944
58496
27
-11
-6
-80
1610
3965
59521
-199
66
11
-200
1482
3996
60546
-196
93
19
-247
1252
4001
61571
-21
68
2
-176
1336
3946
62596
123
61
11
-151
1546
3996
63621
91
67
20
-126
1581
3950
64646
-4
83
15
-151
1594
3870
65671
-69
83
-3
-138
1529
3912
66696
-137
70
-6
-143
1533
3940
67721
-207
53
11
-137
1484
3907
68746
-280
47
12
-171
1389
3883
69771
-336
43
3
-233
1438
3852
70796
-334
24
19
-206
1298
3886
71821
-185
-3
46
-161
1078
3957
72846
62
-31
49
-153
1165
3988
73871
174
-32
46
-214
1379
3926
66689
88
-11
40
-247
1517
3861
67714
-57
4
33
-182
1476
3894
68739
-101
17
19
-131
1332
4001
69764
-24
12
16
-186
1279
3975
70789
36
14
16
-272
1417
3896
71814
5
7
9
-217
1453
3921
72839
-30
0
11
-145
1332
4004
73864
-41
4
11
-167
1336
3976
74889
-75
11
5
-195
1385
3852
75914
-81
10
-3
-134
1296
3876
76939
4
-2
-5
-102
1219
3976
77964
57
3
-15
-177
1266
3954
78989
9
10
-24
-190
1380
3876
80014
-66
12
-4
-208
1376
3884
81039
-49
-10
14
-234
1271
3966
82064
20
-36
3
-205
1244
3994
74880
81
-35
-6
-249
1382
3964
75905
53
-41
-5
-227
1514
3945
76930
-30
-36
13
-162
1394
4004
77955
-15
-27
15
-142
1276
4098
78980
67
-15
0
-166
1320
4118
80005
86
-6
-12
-189
1489
4020
81030
9
7
-8
-140
1489
3982
82055
-38
24
-1
-115
1385
4040
83080
-57
40
-6
-182
1339
4018
84105
-49
49
-22
-234
1339
3970
85130
-28
30
-15
-230
1306
3891
86155
21
8
-2
-201
1291
3884
87180
46
11
6
-209
1231
3924
88205
72
9
10
-239
1315
3922
89230
57
-3
23
-244
1355
3917
90255
7
-8
25
-184
1334
3950
83071
-9
4
22
-156
1391
3954
84096
-14
16
15
-185
1398
3921
85121
-46
19
-2
-190
1458
3915
86146
-42
4
-18
-109
1513
3952
87171
20
-2
-57
-79
1456
4007
88196
46
10
-141
-106
1629
4024
89221
24
27
-222
-1
1783
4155
90246
56
43
-313
167
1958
4328
91271
-53
103
-473
170
2321
4232
92296
-425
217
-699
156
2447
4018
93321
-701
342
-967
223
2412
4038
94346
-604
405
-1230
210
2552
4081
95371
-543
430
-1527
119
2923
3980
96396
-1011
527
-1918
133
3183
3831
97421
-1670
698
-2288
126
2869
3677
98446
-2106
826
-2574
48
2261
3419
91400
-2380
941
-2825
112
1580
3382
92425
-2695
1177
-3039
113
1048
3512
93450
-2968
1432
-3112
-245
617
3338
94475
-3337
1569
-3144
-436
117
2957
95500
-3441
1699
-3192
-347
-614
2952
96525
-3358
1889
-3234
-234
-965
3243
97550
-3909
2111
-3145
-359
-1057
3051
98575
-4565
2248
-2993
-489
-1532
2381
99600
-4400
2351
-3033
-325
-2575
2114
100625
-3490
2381
-3032
-193
-3151
1824
101650
-3172
2364
-2798
-341
-3021
1696
102675
-3329
2270
-2557
-398
-3370
1213
103700
-3163
2131
-2358
-464
-4274
319
104725
-2296
2003
-2317
-608
-4790
110
105750
-1241
1712
-2262
-694
-4296
36
106775
-667
1294
-2127
-585
-4400
331
99456
-563
982
-1953
-396
-4814
694
100481
-409
774
-1800
-428
-4903
712
101506
-130
555
-1661
-658
-4834
594
102531
-47
319
-1483
-638
-4979
702
103556
-255
161
-1206
-466
-5105
966
104581
-442
156
-936
-461
-5064
1261
105606
-278
190
-752
-726
-4928
1365
106631
-102
170
-645
-769
-4592
1294
107656
-84
125
-549
-546
-4453
1159
108681
614
118
-109
-752
-7414
2047
109706
1256
151
328
-690
-6865
1825
110731
-502
180
218
-245
-3518
1119
111756
-911
170
287
-1098
-2819
1200
112781
-143
-7
-51
-404
-3261
1306
113806
741
-145
32
-338
-5567
1472
114831
1103
-208
215
-535
-4868
1293
107647
985
-142
221
-500
-3293
1993
108672
394
-28
172
-538
-3339
2431
109697
-328
88
84
-493
-3565
2128
110722
-698
145
33
-549
-3939
1549
111747
-596
154
5
-620
-4148
1372
112772
-485
168
-45
-645
-3950
1507
113797
-526
170
-85
-552
-4032
1468
114822
-505
154
-63
-498
-4111
1302
115847
-316
101
-12
-563
-4225
1137
116872
-39
29
38
-615
-4177
1183
117897
145
-30
62
-583
-4220
1269
118922
283
-68
89
-506
-4195
1255
119947
430
-91
162
-516
-4004
1417
120972
394
-63
162
-622
-3719
1710
121997
144
-19
80
-607
-3806
1687
123022
-54
26
35
-620
-4020
1511
115840
-91
36
13
-608
-3953
1489
116865
-132
43
-2
-622
-3833
1567
117890
-220
51
-30
-653
-4038
1439
118915
-200
44
-71
-603
-4126
1362
119940
-117
32
-63
-547
-4028
1373
120965
-53
22
-29
-584
-3990
1388
121990
-11
13
-33
-652
-4055
1389
123015
16
0
-73
-603
-4090
1397
124040
45
-12
-77
-548
-4010
1407
125065
80
-23
-58
-631
-4001
1455
126090
65
-55
-109
-674
-4024
1472
127115
39
-90
-192
-573
-4071
1449
128140
51
-94
-207
-457
-3978
1430
129165
101
-106
-180
-657
-4171
1389
130190
217
-207
-282
-782
-4403
1520
131215
194
-293
-419
-411
-4063
1738
124032
373
-233
-242
-446
-4420
1729
125057
1134
-267
78
-462
-4404
1823
126082
553
-301
-279
-379
-4741
2039
127107
308
-260
-163
-245
-5534
2097
128132
582
-179
155
-41
-5014
1867
129157
899
-164
490
-130
-5469
1501
130182
1328
-312
825
-184
-6090
1258
131207
1669
-411
1157
-71
-5951
1362
132232
2324
-432
1571
-65
-5686
1387
133257
2988
-480
1972
-269
-5396
1394
134282
3290
-574
2268
-462
-4941
1617
135307
3538
-644
2482
-286
-4527
1988
136332
3704
-642
2741
-204
-3989
2296
137357
3800
-596
3005
-470
-3430
2593
138382
3994
-586
3270
-565
-3092
2887
139407
4159
-581
3435
-540
-2621
2753
132223
4171
-510
3498
-625
-1671
2550
133248
3886
-454
3636
-848
-963
2546
134273
3302
-405
3720
-798
-689
2792
135298
2752
-358
3581
-478
175
2950
136323
2312
-280
3476
-550
1427
3048
137348
1531
-228
3505
-715
1700
3048
138373
622
-246
3493
-637
1054
2984
139398
352
-353
3403
-495
226
2934
140423
651
-530
3183
-410
556
2758
141448
1086
-668
2930
-212
1473
2695
142473
1476
-731
2810
136
1787
2972
143498
1708
-702
2716
293
1652
3260
144523
1616
-612
2482
207
1907
3379
145548
1300
-506
2178
236
2467
3508
146573
887
-436
1934
310
2903
3655
147598
371
-324
1717
354
2913
3781
140417
-25
-183
1415
335
2514
3721
141442
-190
-74
1087
270
2310
3631
142467
-114
-21
819
131
2191
3701
143492
-26
-11
559
114
2277
3948
144517
1
31
361
188
2183
3982
145542
-36
107
210
-3
2047
3770
146567
15
120
73
-119
1925
3732
147592
113
77
-9
-70
1814
3929
148617
73
60
-36
-47
1881
3955
149642
-83
83
-35
-190
1849
3758
150667
-188
45
-25
-280
1789
3552
151692
-98
-50
2
-245
1520
3694
152717
112
-126
-9
-57
1358
4140
153742
188
-103
1
-56
1549
4167
154767
155
-48
23
-270
1780
3933
155792
73
-74
27
-146
1771
3658
148608
-5
-46
56
-98
1691
3653
149633
-104
23
63
-253
1708
3835
150658
-173
42
45
-345
1656
3863
151683
-110
-3
37
-311
1660
3773
152708
-11
-44
39
-183
1655
3817
153733
70
-53
57
-138
1486
3828
154758
126
-58
58
-242
1688
3793
155783
77
-65
42
-226
1874
3752
156808
-33
-53
34
-96
1720
3831
157833
-24
-29
39
-112
1515
3950
158858
50
-21
16
-209
1605
3920
159883
43
-24
-11
-181
1734
3805
160908
-33
-14
-8
-98
1719
3764
161933
-47
6
26
-99
1568
3868
162958
5
22
11
-137
1517
3924
163983
20
36
-25
-166
1694
3811
156800
-29
53
-27
-202
1699
3720
157825
-33
36
-24
-182
1625
3781
158850
12
17
-17
-188
1611
3845
159875
-6
16
-21
-214
1653
3722
160900
-35
7
-28
-231
1667
3674
161925
-33
-28
-7
-197
1659
3794
162950
-18
-35
34
-231
1583
3947
163975
-30
-30
20
-220
1593
3911
165000
-22
-27
-10
-188
1689
3772
166025
-24
-32
-1
-172
1666
3717
167050
-49
-22
16
-147
1674
3871
168075
-83
5
22
-139
1523
3979
169100
-53
20
4
-194
1523
3904
170125
2
7
4
-232
1667
3782
171150
-12
5
14
-154
1670
3762
172175
-65
32
25
-158
1639
3863
164993
-93
42
17
-210
1565
3919
166018
-71
22
0
-197
1639
3854
167043
-79
12
-5
-162
1657
3730
168068
-41
6
-17
-134
1600
3799
169093
30
-5
-2
-230
1579
3965
170118
8
-13
-14
-248
1673
3980
171143
-63
-5
-25
-179
1647
3847
172168
-68
9
-22
-201
1528
3778
173193
14
-9
-16
-179
1526
3908
174218
84
-15
5
-98
1525
4073
175243
83
11
12
-115
1581
3970
176268
53
38
8
-204
1617
3831
177293
23
30
0
-176
1574
3764
178318
43
18
5
-144
1637
3801
179343
-22
33
0
-224
1747
3796
180368
-98
36
-14
-300
1649
3814
173185
-51
-12
-24
-220
1587
3847
174210
75
-46
-6
-161
1537
3822
175235
102
-31
-10
-239
1635
3771
176260
36
-15
-29
-272
1682
3804
177285
-31
-15
-10
-237
1610
3897
178310
-50
-20
27
-208
1515
3892
179335
-21
-12
30
-246
1435
3844
180360
56
-13
15
-250
1500
3862
181385
105
-29
32
-205
1668
3824
182410
24
-22
65
-190
1694
3822
183435
-59
5
69
-162
1533
3916
184460
7
9
60
-175
1527
3915
185485
101
4
53
-195
1648
3826
186510
127
4
28
-111
1771
3782
187535
74
20
11
-107
1808
3755
188560
-15
42
-18
-186
1774
3814
181376
-74
51
-57
-152
1739
3885
182401
-41
54
-71
-121
1685
3848
183426
52
41
-96
-115
1692
3793
184451
104
28
-144
-82
1921
3858
185476
88
43
-210
54
2093
4026
186501
130
83
-329
138
2172
3985
187526
150
133
-529
55
2504
3731
188551
60
173
-820
185
3122
3764
189576
152
257
-1245
741
3569
4278
190601
384
428
-1779
1061
3550
3894
191626
97
687
-2290
540
3393
2933
192651
-715
808
-2802
188
3000
2438
193676
-1317
857
-3267
191
2660
2643
194701
-1491
884
-3475
87
2238
2890
195726
-1732
885
-3571
-218
1697
2821
196751
-2291
868
-3695
-516
1519
2675
189568
-2898
851
-3774
-601
1185
2632
190593
-3392
834
-3798
-521
669
2517
191618
-3828
890
-3773
-476
-116
2291
192643
-4373
1035
-3711
-675
-1182
2253
193668
-4733
1104
-3671
-780
-1857
2578
194693
-4538
1083
-3669
-540
-2155
2841
195718
-4198
1161
-3645
-298
-2673
2383
196743
-4316
1312
-3475
-321
-3701
1701
197768
-4853
1340
-3181
-191
-4174
1275
198793
-5009
1506
-2841
-281
-3936
1294
199818
-4701
1686
-2523
-580
-4108
1377
200843
-4304
1682
-2213
-612
-4635
1168
201868
-3958
1641
-1914
-361
-5207
418
202893
-3755
1608
-1628
-360
-5454
-392
203918
-2655
1439
-1448
-547
-5595
-511
204943
-640
1122
-1335
-711
-5631
-199
197759
467
829
-1194
-678
-5182
-160
198784
332
609
-1040
-416
-4995
-176
199809
161
481
-927
-429
-4667
-116
200834
344
342
-851
-478
-4314
-48
201859
964
151
-676
-457
-5862
359
202884
1854
137
723
-1363
-8791
1365
203909
747
-108
596
-131
-5411
-302
204934
-484
-103
155
-489
-3305
326
205959
160
-63
400
-1553
-3403
1166
206984
1240
-278
297
-651
-3745
1290
208009
1005
-291
333
-526
-5299
1194
209034
640
-184
308
-853
-4685
1159
210059
597
-208
139
-617
-3370
1468
211084
380
-128
113
-569
-3617
1544
212109
104
-49
106
-672
-4030
1390
213134
-16
-55
86
-632
-4183
1333
205952
-120
-13
105
-646
-4009
1328
206977
-203
27
88
-707
-3863
1314
208002
-214
34
54
-710
-4181
1200
209027
-164
31
21
-737
-4181
1175
210052
-96
12
-13
-693
-4063
1181
211077
-31
10
-22
-695
-4117
1182
212102
25
3
-28
-667
-4074
1193
213127
54
-1
-6
-647
-4026
1236
214152
35
5
14
-686
-4066
1241
215177
16
14
-2
-681
-4036
1256
216202
-14
20
-7
-652
-3998
1268
217227
-76
37
1
-692
-3985
1275
218252
-131
42
-18
-718
-4067
1222
219277
-126
30
-45
-682
-4113
1189
220302
-121
26
-41
-627
-3987
1244
221327
-175
39
-14
-661
-3984
1246
214144
-209
39
-16
-726
-4183
1125
215169
-156
22
-45
-663
-4173
1086
216194
-96
19
-20
-607
-4045
1151
217219
-98
27
17
-673
-4007
1172
218244
-105
20
10
-717
-4146
1109
219269
-70
1
-31
-707
-4154
1103
220294
-53
-8
-55
-636
-4064
1151
221319
-77
3
-34
-629
-4026
1146
222344
-105
19
-24
-697
-4106
1111
223369
-89
15
-65
-710
-4174
1066
224394
-35
8
-113
-649
-4124
1070
225419
-2
3
-113
-622
-4108
1104
226444
-16
1
-94
-620
-4105
1108
227469
-6
-10
-78
-603
-4128
1032
228494
73
-29
-55
-609
-4161
1052
229519
97
-46
-37
-582
-4025
1179
222335
19
-42
-3
-567
-4003
1178
223360
-30
-28
20
-661
-4135
1095
224385
11
-50
-23
-678
-4196
1047
225410
73
-73
-76
-630
-4098
1143
226435
52
-88
-107
-641
-4090
1196
227460
-10
-102
-149
-583
-4125
1179
228485
-69
-88
-160
-471
-4065
1146
229510
-64
-62
-119
-631
-4326
994
230535
82
-113
-196
-874
-4580
1171
231560
412
-226
-298
-897
-5023
1455
232585
1708
-445
112
-437
-4699
1596
233610
836
-393
-306
-367
-3528
1148
234635
414
-342
-110
-1113
-5151
872
235660
965
-535
81
-368
-5999
1543
236685
1827
-619
273
739
-5795
1969
237710
2737
-526
693
345
-5636
1435
230555
3310
-517
1251
-7
-5905
1247
231580
3384
-598
1687
211
-5692
1367
232605
3426
-622
2006
87
-5093
1612
233630
3301
-657
2385
-117
-4638
1769
234655
3212
-712
2708
-226
-4384
1944
235680
3752
-855
2915
-264
-4136
2104
236705
4935
-947
3136
-84
-3652
2380
237730
5697
-917
3437
-12
-2568
2536
238755
5822
-807
3685
-188
-1594
2461
239780
5838
-672
3811
-571
-750
2416
240805
5993
-597
3854
-624
-358
2265
241830
6318
-512
3795
-322
-229
2080
242855
6216
-382
3666
-41
975
1921
243880
5439
-158
3592
102
2375
2018
244905
4365
117
3575
149
2881
2067
245930
3355
347
3508
202
3138
1783
238720
2271
479
3423
347
3499
1747
239745
1234
532
3248
569
3675
1893
240770
578
513
2924
649
3709
1794
241795
108
439
2580
502
3803
1908
242820
-166
310
2249
571
3845
2561
243845
-110
175
1877
816
3821
2953
244870
28
104
1519
676
3669
2787
245895
-59
55
1161
421
3646
2584
246920
-366
24
817
515
3616
2794
247945
-528
57
613
597
3003
3255
248970
-404
53
480
490
2561
3407
249995
-183
15
326
381
2695
3158
251020
-159
5
216
457
2907
2985
252045
-313
24
188
607
2713
3079
253070
-440
54
179
613
2509
3343
254095
-391
88
90
575
2312
3496
246912
-169
89
-7
509
2311
3427
247937
-8
66
-49
410
2569
3293
248962
-73
65
-66
409
2629
3230
249987
-219
85
-95
409
2499
3257
251012
-251
85
-115
376
2290
3392
252037
-84
44
-90
363
2191
3525
253062
98
-6
-28
307
2302
3431
254087
88
-23
-2
292
2539
3231
255112
-94
-9
-2
361
2481
3185
256137
-232
0
16
414
2273
3363
257162
-160
5
22
363
2230
3502
258187
39
-14
-4
325
2312
3425
259212
112
-32
-53
387
2476
3263
260237
-12
-2
-65
366
2534
3237
261262
-166
32
-47
319
2357
3328
262287
-170
31
-39
295
2209
3372
255104
-38
5
-63
301
2231
3338
256129
53
-14
-71
306
2323
3308
257154
10
-12
-35
273
2395
3343
258179
-57
-6
7
290
2312
3405
259204
-27
-11
18
318
2253
3428
260229
20
-18
14
337
2317
3375
261254
3
-12
24
311
2379
3394
262279
-24
-11
50
301
2376
3424
263304
-1
-20
70
355
2333
3465
264329
47
-22
63
386
2356
3386
265354
55
-13
47
358
2386
3299
266379
-1
-8
35
355
2400
3315
267404
-58
-1
30
351
2328
3362
268429
-34
-3
15
349
2256
3344
269454
19
-6
-2
313
2263
3343
270479
0
-11
-11
309
2345
3251
263296
-60
-10
0
358
2317
3256
264321
-81
-6
17
352
2207
3400
265346
-27
-9
2
332
2252
3442
266371
5
-14
-19
326
2332
3355
267396
-34
-23
-21
370
2422
3264
268421
-84
-25
-8
427
2407
3332
269446
-101
-25
-4
416
2303
3455
270471
-70
-34
-34
376
2335
3406
271496
-55
-43
-69
357
2381
3317
272521
-64
-49
-74
359
2370
3335
273546
-71
-59
-75
388
2332
3431
274571
-56
-62
-101
426
2276
3456
275596
-26
-59
-138
418
2328
3355
276621
-18
-55
-145
362
2365
3313
277646
-59
-63
-141
345
2348
3354
278671
-86
-73
-137
399
2198
3517
271488
-24
-68
-127
377
2142
3493
272513
50
-67
-108
251
2206
3386
273538
13
-87
-96
310
2305
3319
274563
-77
-83
-57
398
2320
3368
275588
-101
-72
-30
409
2156
3461
276613
-58
-84
-34
347
2203
3419
277638
-32
-103
-37
359
2314
3349
278663
-51
-110
-12
358
2373
3298
279688
-75
-124
-5
278
2396
3301
280713
-62
-171
-52
357
2399
3286
281738
-22
-204
-93
433
2491
3238
282763
9
-230
-103
386
2526
3318
283788
53
-285
-149
494
2511
3366
284813
110
-323
-214
635
2622
3262
285838
135
-329
-273
623
2828
3179
286863
143
-356
-366
590
3014
3148
279680
146
-412
-520
675
3062
3062
280705
107
-463
-703
675
3119
2903
281730
70
-521
-888
596
3238
2937
282755
161
-617
-1080
772
3117
3259
283780
304
-671
-1266
818
3153
3243
284805
261
-648
-1436
531
3344
3060
285830
-141
-619
-1650
475
3553
2896
286855
-766
-548
-1792
566
3631
2914
287880
-1537
-416
-1867
497
3223
3006
288905
-2331
-254
-2010
386
2809
3026
289930
-3066
-47
-2185
360
2558
3023
290955
-3659
217
-2310
328
2138
3062
291980
-3989
467
-2416
197
1434
3104
293005
-4179
664
-2541
97
986
3104
294030
-4395
876
-2674
94
763
3130
295055
-4403
1089
-2748
104
366
3194
287871
-4111
1243
-2783
97
-235
3180
288896
-3862
1373
-2845
172
-580
3179
289921
-4072
1567
-2850
137
-739
2868
290946
-4748
1810
-2763
-156
-1059
2545
291971
-5418
1971
-2683
-379
-1874
2423
292996
-5685
2033
-2663
-225
-2690
2228
294021
-6018
2054
-2473
-47
-3309
1584
295046
-6297
2041
-1987
-215
-4481
1047
296071
-5421
1853
-1641
-354
-5330
1425
297096
-3918
1534
-1539
-267
-4589
1800
298121
-3029
1248
-1344
-485
-3775
831
299146
-2472
938
-1088
-772
-4782
-78
300171
-1888
634
-960
-545
-5589
838
301196
-1626
491
-830
-526
-5059
1311
302221
-1309
437
-681
-1025
-4709
1039
303246
-724
362
-632
-1235
-4638
999
296064
-172
272
-653
-1031
-4254
1200
297089
-315
264
-592
-925
-3979
1140
298114
-869
262
-579
-925
-4093
413
299139
-889
188
-662
-722
-4354
206
300164
-353
99
-696
-504
-4810
1053
301189
374
65
-582
-650
-6367
1543
302214
924
107
101
-976
-7438
1157
303239
256
71
247
-636
-4062
173
304264
-612
47
72
-722
-2976
161
305289
-225
-85
-78
-522
-4024
814
306314
739
-187
-169
-371
-3948
1115
307339
1075
-237
-119
-273
-4117
1120
308364
558
-193
65
-412
-4586
899
309389
327
-178
163
-620
-4538
1055
310414
521
-213
129
-567
-3875
1394
311439
415
-195
116
-503
-3769
1332
304346
224
-159
185
-541
-4251
1207
305371
196
-127
164
-554
-4300
1282
306396
104
-68
107
-527
-3831
1466
307421
-156
25
60
-539
-3723
1380
308446
-317
93
57
-496
-4148
1140
309471
-260
130
76
-532
-4368
1028
310496
-126
130
69
-637
-4143
1135
311521
-74
106
17
-646
-4025
1182
312546
-50
70
-1
-581
-4196
1048
313571
84
36
36
-578
-4245
981
314596
271
-5
61
-611
-4086
1144
315621
320
-34
42
-658
-4005
1302
316646
231
-61
6
-612
-4075
1271
317671
158
-60
16
-560
-4134
1238
318696
133
-43
38
-554
-3968
1291
319721
57
-18
51
-565
-3888
1427
312448
-151
13
37
-605
-3908
1393
313473
-291
22
27
-593
-4112
1232
314498
-288
23
29
-611
-4163
1127
315523
-197
6
27
-598
-4120
1096
316548
-83
-8
34
-618
-4181
1109
317573
2
-18
16
-654
-4143
1127
318598
69
-25
-11
-631
-4178
1101
319623
165
-20
-26
-617
-4185
1097
320648
258
-21
-37
-605
-4061
1192
321673
259
-18
-47
-607
-4001
1281
322698
193
-13
-55
-581
-4037
1286
323723
151
-9
-40
-546
-4044
1253
324748
137
-8
-7
-548
-3986
1339
325773
51
-1
21
-558
-3941
1378
326798
-52
7
34
-575
-4043
1297
327823
-82
16
39
-594
-4103
1250
320640
-66
17
30
-603
-4035
1265
321665
-66
16
18
-612
-4060
1267
322690
-80
21
-7
-653
-4113
1244
323715
-70
18
-44
-608
-4121
1183
324740
4
15
-51
-608
-4111
1206
325765
40
10
-61
-594
-4051
1293
326790
6
5
-75
-585
-4043
1260
327815
12
-3
-68
-542
-4137
1196
328840
52
0
-34
-529
-4067
1245
329865
47
-3
-5
-544
-3980
1286
330890
25
-4
6
-584
-4071
1276
331915
19
-11
1
-536
-4107
1258
332940
17
0
16
-537
-4045
1280
333965
23
3
14
-594
-4156
1226
334990
107
-25
-21
-637
-4384
1172
336015
244
-95
-38
-645
-4296
1330
328832
347
-248
-68
-720
-4147
1473
329857
387
-396
-187
-892
-4626
1597
330882
663
-637
-418
-572
-4877
1490
331907
25
-505
-23
-440
-4839
1374
332932
85
-585
239
-300
-5761
1460
333957
1013
-652
269
-535
-5338
1333
334982
2048
-759
474
-340
-5457
1433
336007
2582
-824
757
-57
-5386
1875
337032
2495
-713
1102
-359
-4993
2163
338057
1996
-601
1456
-832
-5190
2181
339082
1578
-608
1784
-697
-5575
2005
340107
1762
-643
1968
-463
-5344
1919
341132
2364
-686
2214
-389
-4774
2027
342157
2876
-739
2468
-363
-4250
1965
343182
3443
-818
2652
-352
-4062
1896
344207
4035
-903
2792
-93
-3556
1906
337023
4342
-932
2955
84
-2680
1898
338048
4549
-908
3109
-21
-1989
1938
339073
4827
-899
3290
-11
-1870
2046
340098
5236
-905
3393
66
-1541
2029
341123
5672
-867
3478
156
-733
2137
342148
5850
-708
3675
346
-313
2412
343173
5906
-497
3932
360
-50
2647
344198
5670
-399
4148
229
846
2438
345223
4875
-303
4335
185
1682
1833
346248
3672
-189
4293
598
2293
1457
347273
1966
27
3881
1283
3353
1758
348298
154
269
3441
1601
4552
2035
349323
-1057
471
3139
1186
4970
2229
350348
-1137
322
2852
705
4041
2797
351373
-465
-72
2197
1093
4029
3063
352398
-63
-228
1599
1002
4546
3031
345216
-262
-256
1092
629
4278
3036
346241
-392
-352
598
576
3701
3236
347266
-211
-438
208
458
3103
3563
348291
36
-524
-63
412
2868
3451
349316
210
-570
-196
348
2823
3203
350341
227
-569
-283
409
2590
3323
351366
182
-522
-302
456
2213
3490
352391
204
-478
-274
520
2076
3383
353416
232
-410
-217
517
2260
3195
354441
94
-320
-153
440
2444
3182
355466
-107
-249
-116
552
2158
3435
356491
-136
-174
-70
681
1923
3557
357516
39
-88
16
520
2078
3482
358541
155
-53
49
458
2342
3318
359566
40
-7
46
531
2433
3295
360591
-126
60
61
616
2188
3367
353408
-133
124
68
558
2210
3458
354433
-11
140
47
457
2295
3472
355458
35
117
6
535
2398
3296
356483
-46
127
-2
605
2494
3232
357508
-90
128
20
607
2299
3268
358533
-10
85
23
572
2277
3279
359558
68
38
-12
623
2357
3264
360583
16
35
-47
649
2369
3183
361608
-57
53
-40
541
2223
3220
362633
-25
24
-37
512
2103
3355
363658
52
-20
-49
560
2158
3323
364683
53
-18
-65
572
2235
3292
365708
-21
8
-46
505
2218
3364
366733
-80
18
-11
482
2153
3426
367758
-86
15
10
509
2146
3409
368783
-76
23
16
558
2217
3425
361600
-85
45
24
577
2252
3541
362625
-75
51
23
607
2272
3527
363650
-42
58
20
636
2317
3473
364675
-54
81
7
651
2361
3395
365700
-101
113
-4
596
2314
3450
366725
-85
111
-10
561
2204
3515
367750
18
85
-17
552
2189
3497
368775
76
73
-43
540
2293
3396
369800
29
88
-47
481
2291
3351
370825
-49
86
-26
441
2176
3384
371850
-57
57
4
441
2142
3413
372875
-34
38
18
457
2179
3415
373900
-21
29
15
450
2194
3461
374925
-16
12
18
471
2190
3423
375950
-19
3
40
454
2257
3400
376975
-61
-2
47
513
2246
3445
369792
-75
7
44
508
2208
3531
370817
-10
7
35
505
2154
3573
371842
55
4
24
505
2296
3456
372867
19
20
4
537
2317
3386
373892
-66
45
-24
530
2245
3442
374917
-105
57
-53
444
2190
3489
375942
-50
23
-77
462
2203
3440
376967
18
-2
-102
529
2268
3340
377992
11
4
-139
509
2323
3362
379017
-36
7
-181
478
2275
3399
380042
-64
-1
-197
440
2250
3374
381067
-66
-11
-213
448
2297
3360
382092
-59
-16
-238
460
2287
3354
383117
-73
-13
-272
414
2320
3304
384142
-115
-24
-307
436
2477
3275
385167
-192
-29
-349
508
2615
3268
377984
-278
-32
-448
513
2727
3175
379009
-383
-51
-597
519
2844
3093
380034
-538
-74
-738
508
2983
3135
381059
-728
-107
-898
523
3109
3150
382084
-946
-146
-1088
542
3120
3111
383109
-1341
-158
-1267
459
3034
3066
384134
-1885
-121
-1444
336
2849
3044
385159
-2340
-72
-1590
283
2432
3077
386184
-2512
-35
-1678
225
1822
3295
387209
-2426
-13
-1774
125
1383
3667
388234
-2148
1
-1878
82
1231
3951
389259
-1824
0
-1917
127
1221
4030
390284
-1542
8
-1865
331
994
4210
391309
-1475
92
-1821
368
689
4375
392334
-1599
247
-1886
256
687
4364
393359
-1807
421
-1998
213
630
4258
386177
-2162
601
-2101
206
539
4054
387202
-2609
804
-2161
223
382
3848
388227
-3047
1035
-2187
113
14
3512
389252
-3341
1227
-2220
-96
-393
3317
390277
-3700
1369
-2279
-141
-768
3102
391302
-3894
1519
-2317
-107
-1131
2868
392327
-3911
1661
-2301
-208
-1450
2501
393352
-4004
1721
-2271
-410
-1879
2283
394377
-4102
1715
-2312
-367
-2430
2406
395402
-4084
1721
-2362
-147
-2755
2202
396427
-4254
1762
-2218
61
-2854
1564
397452
-4609
1800
-1899
-162
-3040
1212
398477
-4567
1718
-1760
-309
-3790
1135
399502
-3865
1504
-1812
142
-4927
942
400527
-2888
1297
-1597
-16
-5257
464
401552
-1928
928
-1285
-515
-5368
318
394369
-1315
475
-1199
-420
-5631
1051
395394
-1004
191
-1099
-89
-5304
1507
396419
-625
164
-868
-235
-4908
1517
397444
-272
180
-701
-537
-4555
1209
398469
-152
143
-544
-514
-4260
1190
399494
-443
293
422
-520
-9274
3003
400519
-558
355
519
-690
-6876
978
401544
-141
79
203
-239
-1535
874
402569
-1148
222
242
-952
-3702
1019
403594
-452
115
61
-490
-3863
879
404619
141
19
225
-268
-4340
1134
405644
13
73
350
-723
-5128
765
406669
311
-66
305
-647
-4347
944
407694
453
-138
262
-633
-3840
1310
408719
315
-131
171
-626
-3883
1319
409744
205
-113
119
-612
-4200
1257
402561
108
-94
89
-602
-4058
1277
403586
20
-65
55
-620
-3960
1259
404611
-32
-35
10
-620
-4060
1279
405636
-139
-24
-19
-542
-4002
1278
406661
-255
-12
24
-484
-3961
1257
407686
-389
28
107
-554
-4004
1219
408711
-451
53
126
-595
-4185
1058
409736
-372
58
117
-603
-4241
965
410761
-262
58
123
-634
-4161
977
411786
-195
60
107
-657
-4151
1055
412811
-167
65
85
-699
-4294
1022
413836
-136
54
53
-624
-4112
894
414861
-47
55
66
-595
-3979
977
415886
-8
59
112
-704
-4198
1075
416911
-51
44
83
-710
-4186
1013
417936
-72
42
60
-649
-4068
995
410753
-79
52
75
-689
-4064
1047
411778
-112
45
57
-723
-4095
1003
412803
-124
31
27
-725
-4156
958
413828
-116
21
13
-693
-4152
935
414853
-87
19
20
-680
-4084
937
415878
-62
19
23
-721
-4155
906
416903
-12
7
12
-726
-4242
854
417928
63
-6
12
-690
-4164
887
418953
113
-8
26
-708
-4087
974
419978
97
-8
10
-753
-4069
1031
421003
49
-13
-37
-740
-4149
984
422028
43
-17
-67
-682
-4155
931
423053
76
-16
-49
-644
-4104
984
424078
44
-8
-17
-692
-4021
1068
425103
-25
-6
-31
-723
-4116
1009
426128
-38
-11
-56
-685
-4176
966
418944
-38
-10
-50
-641
-4087
1034
419969
-115
-3
-16
-660
-3985
1094
420994
-228
-7
-19
-750
-4055
1061
422019
-317
-35
-96
-756
-4168
1027
423044
-418
-49
-161
-613
-4072
1023
424069
-523
-37
-132
-550
-4071
941
425094
-539
-42
-116
-690
-4291
834
426119
-488
-90
-206
-659
-4550
711
427144
-272
-124
-263
-510
-5025
486
428169
2129
-413
55
-1112
-6557
631
429194
2999
-755
-49
-283
-3937
792
430219
1389
-661
-286
-342
-5180
371
431244
1371
-719
422
-460
-6991
-660
432269
2917
-932
1091
-135
-7912
-389
433294
6033
-1241
1748
402
-8550
1898
434319
8039
-1290
2242
520
-5873
2810
427135
6897
-990
3074
-344
-3918
2858
428160
4757
-676
3589
-834
-3065
2729
429185
3363
-558
3814
-843
-2649
2286
430210
2766
-586
3816
-630
-3015
2022
431235
2664
-696
3651
-15
-2190
2051
432260
2830
-688
3488
434
-774
2302
433285
3188
-497
3558
283
-658
2940
434310
3475
-451
3627
194
-672
3065
435335
3728
-403
3518
272
355
2761
436360
3930
-253
3501
94
664
2439
437385
4043
-166
3340
-59
612
2385
438410
4059
-162
3133
100
1123
2367
439435
3851
-26
2954
-170
2144
2216
440460
3598
52
2845
-454
2344
2031
441485
3044
21
2629
-312
2095
1851
442510
2076
4
2310
-64
3338
1939
435328
1004
31
2126
22
4254
2348
436353
16
42
1984
134
3628
2572
437378
-340
11
1654
424
3310
2993
438403
-121
-68
1297
418
3574
3159
439428
-119
-79
918
-9
4063
3251
440453
-308
-75
500
18
4373
3478
441478
-490
-18
204
-25
3987
3789
442503
-492
62
-36
-309
3326
4031
443528
-277
97
-239
-591
2995
3885
444553
-109
95
-358
-674
2869
3552
445578
-153
92
-370
-629
2729
3267
446603
-292
100
-277
-624
2301
3287
447628
-336
78
-178
-618
1924
3407
448653
-169
-2
-94
-532
1790
3437
449678
43
-91
-20
-480
1883
3241
450703
105
-140
36
-416
2007
3038
443520
-9
-144
88
-326
1983
3094
444545
-134
-139
116
-283
1906
3286
445570
-169
-125
107
-365
1876
3395
446595
-114
-131
77
-364
2054
3397
447620
-54
-121
60
-378
2271
3377
448645
-17
-99
66
-382
2132
3524
449670
-15
-72
53
-395
2141
3585
450695
-27
-21
26
-458
2188
3605
451720
-8
8
-2
-423
2257
3581
452745
-3
36
3
-411
2296
3561
453770
-68
70
12
-396
2243
3592
454795
-108
94
17
-392
2206
3581
455820
-76
87
23
-397
2239
3536
456845
-46
59
34
-369
2226
3506
457870
-47
47
29
-302
2240
3543
458895
-36
46
24
-306
2222
3557
451711
-9
34
19
-376
2211
3519
452736
7
5
14
-374
2219
3450
453761
-1
-6
5
-394
2219
3406
454786
9
-1
-9
-414
2128
3512
455811
33
9
-14
-488
2126
3547
456836
40
10
-15
-513
2164
3472
457861
5
17
-12
-471
2191
3403
458886
-37
41
2
-443
2163
3486
459911
-30
53
24
-410
2003
3642
460936
31
44
46
-376
2002
3637
461961
73
50
59
-327
2189
3554
462986
38
68
74
-291
2218
3503
464011
-31
80
71
-307
2242
3485
465036
-91
87
67
-341
2193
3508
466061
-90
66
54
-352
2117
3505
467086
-21
33
34
-377
2108
3510
459905
48
-2
13
-378
2132
3472
460930
40
-21
8
-381
2193
3437
461955
-25
-26
9
-373
2168
3488
462980
-39
-34
5
-363
2056
3581
464005
30
-51
6
-389
2083
3547
465030
70
-56
14
-381
2150
3529
466055
8
-36
22
-342
2154
3526
467080
-68
-8
20
-377
2139
3493
468105
-63
1
11
-407
2107
3559
469130
3
-10
15
-405
2079
3576
470155
56
-11
8
-416
2172
3501
471180
25
7
-6
-415
2253
3452
472205
-59
21
7
-410
2265
3486
473230
-81
15
22
-394
2114
3581
474255
35
-6
6
-355
2129
3611
475280
152
-19
-20
-351
2295
3539
468097
116
-5
-52
-337
2433
3479
469122
-5
21
-82
-316
2369
3513
470147
-51
36
-115
-362
2201
3536
471172
20
21
-159
-424
2164
3517
472197
80
-11
-187
-432
2197
3412
473222
59
-22
-175
-458
2143
3419
474247
17
-25
-133
-489
1955
3459
475272
-5
-34
-88
-566
1866
3445
476297
-39
-46
-45
-568
1827
3393
477322
-84
-52
28
-523
1897
3417
478347
-120
-47
125
-465
1947
3487
479372
-132
-53
201
-434
1929
3514
480397
-104
-73
211
-340
2130
3526
481422
-75
-67
207
-296
2303
3541
482447
-92
-43
198
-333
2353
3572
483472
-122
-37
155
-326
2439
3566
476288
-103
-39
83
-287
2411
3578
477313
-10
-49
-4
-263
2385
3624
478338
85
-42
-79
-307
2441
3627
479363
124
-31
-144
-309
2494
3606
480388
90
-22
-205
-277
2589
3546
481413
-36
-11
-293
-251
2746
3456
482438
-187
-8
-396
-240
2798
3409
483463
-315
-37
-497
-268
3127
3332
484488
-741
-70
-658
-275
3915
2917
485513
-1579
-44
-918
-234
4287
2502
486538
-2407
-8
-1224
-98
3813
2655
487563
-2672
-54
-1631
35
3103
3124
488588
-2501
-184
-2120
247
2753
3382
489613
-2514
-146
-2566
353
2529
3273
490638
-2764
54
-2925
355
2068
3206
491663
-3047
277
-3138
429
1449
3407
484480
-3312
518
-3277
432
843
3653
485505
-3742
815
-3422
422
197
3533
486530
-4245
1188
-3529
264
-399
3167
487555
-4606
1511
-3535
32
-967
3042
488580
-4663
1730
-3496
44
-1631
3111
489605
-4549
1969
-3440
29
-2334
2793
490630
-4446
2136
-3336
-393
-2925
1762
491655
-4428
2030
-3133
-777
-3675
1012
492680
-4959
1862
-2955
-496
-3907
1113
493705
-5492
1900
-2832
-130
-3191
1396
494730
-5412
1941
-2444
210
-3228
1033
495755
-4682
1895
-1989
188
-4041
545
496780
-3556
1691
-1600
228
-5436
209
497805
-2458
1485
-1411
217
-5538
-287
498830
-1128
1227
-1289
150
-4995
-426
499855
124
933
-1144
-45
-5107
13
492672
658
666
-1028
-9
-4851
433
493697
189
512
-829
191
-4343
664
494722
-380
457
-653
37
-4729
768
495747
761
443
336
-1189
-9026
1966
496772
932
363
1263
-978
-7499
640
497797
-834
151
68
-341
-2935
51
498822
-928
109
204
-1406
-3910
960
499847
379
-80
229
-1045
-3825
959
500872
582
-250
124
-350
-4477
450
501897
556
-245
225
-749
-5585
376
502922
1043
-323
110
-830
-4352
1070
503947
1078
-392
-39
-455
-3394
1541
504972
798
-264
-13
-334
-3617
1590
505997
534
-125
88
-419
-3862
1492
507022
348
-51
179
-544
-4020
1477
508047
198
2
158
-654
-3884
1528
500865
83
12
90
-647
-3916
1519
501890
-16
26
48
-626
-3980
1485
502915
-102
31
35
-598
-3972
1464
503940
-155
45
50
-624
-3986
1420
504965
-154
49
37
-647
-4062
1325
505990
-64
26
19
-634
-4173
1312
507015
0
6
17
-602
-4070
1376
508040
5
13
29
-600
-3977
1388
509065
5
24
37
-609
-4018
1350
510090
44
27
46
-633
-4094
1341
511115
79
14
49
-651
-4055
1400
512140
43
12
24
-651
-3899
1459
513165
-11
7
8
-654
-3955
1420
514190
-15
-3
6
-708
-4084
1390
515215
-12
-26
-21
-622
-3986
1427
516240
-78
-8
-19
-627
-3873
1472
509056
-163
16
-23
-643
-3970
1401
510081
-176
23
-30
-620
-4126
1301
511106
-105
29
-22
-619
-4119
1293
512131
-49
35
-22
-635
-4001
1378
513156
-68
36
-42
-651
-3990
1381
514181
-77
29
-54
-618
-4116
1289
515206
-22
24
-44
-604
-4091
1294
516231
10
18
-45
-688
-3997
1397
517256
-45
-21
-126
-775
-3945
1594
518281
-280
-42
-275
-565
-3804
1675
519306
-584
59
-289
-386
-3855
1369
520331
-683
170
-209
-546
-4214
1095
521356
-559
148
-228
-762
-4466
1065
522381
-396
59
-374
-690
-4508
1351
523406
122
45
-256
-829
-5211
1480
524431
918
-106
14
-354
-4443
1328
517546
-298
-63
-414
-568
-4049
1227
518571
-677
-97
-148
-1037
-5654
1493
519596
-543
-272
-56
-433
-5714
1060
520621
-282
-333
153
-155
-5432
529
521646
840
-456
318
156
-7134
1013
522671
2734
-467
634
556
-6916
1155
523696
3936
-452
1658
508
-6158
439
524721
3887
-435
2593
-267
-6304
661
525746
3357
-559
2793
-328
-5312
1170
526771
2715
-646
2967
-259
-4484
1193
527796
2518
-671
3235
-603
-4322
1108
528821
2920
-743
3440
-844
-3791
1213
529846
3308
-887
3610
-894
-3093
1546
530871
3286
-1022
3673
-748
-2574
1963
531896
3279
-1106
3701
-602
-1952
2135
532921
3652
-1169
3767
-678
-1694
1953
525440
4563
-1257
3776
-595
-1779
1836
526465
5378
-1305
3759
-234
-1192
1715
527490
5905
-1194
3770
-76
-688
1782
528515
6364
-1089
3869
33
-532
2009
529540
6428
-1010
3936
115
875
2008
530565
5672
-865
3840
423
2737
1771
531590
4136
-575
3851
844
3485
1412
532615
2173
-193
3825
920
4216
1290
533640
219
-10
3558
900
4952
1381
534665
-1179
52
3080
696
5040
1754
535690
-1656
-86
2571
653
4543
2319
536715
-1221
-192
2023
579
3762
3382
537740
-338
-238
1354
433
3531
4296
538765
445
-221
703
170
3475
4342
539790
821
-157
136
-100
3386
3783
540815
798
-109
-231
-155
3421
3306
533633
582
-49
-353
-35
3040
3359
534658
348
68
-378
50
2469
3639
535683
344
162
-408
58
2262
3570
536708
496
155
-401
-72
2592
3113
537733
519
130
-343
-139
2813
2891
538758
216
128
-283
-103
2794
2960
539783
-98
129
-227
-134
2465
3142
540808
-133
86
-179
-214
2214
3302
541833
20
26
-133
-411
2142
3210
542858
134
-43
-131
-477
2334
2887
543883
87
-90
-104
-356
2519
2782
544908
-17
-81
-29
-241
2333
3103
545933
-110
-49
37
-295
2423
3279
546958
-177
-19
47
-378
2524
3229
547983
-184
-28
38
-253
2483
3226
549008
-110
-44
93
-222
2388
3291
541823
-20
-52
124
-190
2390
3333
542848
29
-30
99
-180
2586
3300
543873
-21
-1
73
-189
2640
3273
544898
-147
21
53
-190
2632
3238
545923
-189
32
39
-175
2500
3279
546948
-70
20
15
-135
2365
3359
547973
51
3
-12
-174
2526
3318
548998
30
-3
-20
-195
2639
3244
550023
-33
-11
-3
-140
2567
3251
551048
-53
-14
-3
-141
2435
3262
552073
-5
-11
-26
-183
2353
3326
553098
60
-30
-44
-161
2414
3369
554123
59
-46
-52
-103
2523
3250
555148
-9
-44
-68
-59
2524
3155
556173
-77
-31
-74
-88
2463
3231
557198
-86
-32
-56
-196
2390
3331
550016
-45
-53
-55
-299
2360
3298
551041
-9
-65
-94
-269
2476
3241
552066
-17
-43
-112
-257
2581
3257
553091
-47
-22
-92
-289
2461
3328
554116
-42
-21
-72
-320
2435
3341
555141
-3
-12
-69
-313
2475
3345
556166
35
-4
-71
-263
2479
3297
557191
41
21
-39
-311
2490
3297
558216
29
29
-9
-301
2505
3341
559241
29
28
12
-231
2453
3351
560266
32
46
5
-230
2458
3280
561291
29
62
-2
-277
2534
3251
562316
4
60
4
-273
2525
3281
563341
-10
44
-4
-234
2491
3249
564366
22
34
-27
-240
2451
3219
565391
63
24
-45
-254
2458
3225
558208
73
6
-36
-248
2513
3233
559233
21
-7
-20
-256
2477
3199
560258
-22
-13
-25
-240
2433
3193
561283
-18
-13
-18
-291
2446
3227
562308
8
-31
0
-274
2401
3302
563333
21
-48
8
-256
2459
3265
564358
17
-41
-1
-264
2505
3219
565383
-5
-25
-12
-275
2516
3224
566408
-33
-11
-6
-310
2485
3308
567433
-39
-12
-16
-256
2474
3326
568458
-15
0
-37
-240
2467
3288
569483
7
16
-66
-279
2520
3224
570508
8
23
-70
-292
2565
3244
571533
-19
27
-51
-305
2545
3297
572558
-38
23
-51
-291
2493
3284
573583
-7
25
-66
-303
2517
3238
566400
17
16
-79
-357
2605
3192
567425
5
-10
-97
-308
2698
3170
568450
-11
-29
-124
-222
2677
3189
569475
-29
-31
-187
-239
2681
3123
570500
-75
-29
-294
-285
2833
3047
571525
-121
-40
-456
-202
3164
3047
572550
-219
-34
-661
-101
3320
2917
573575
-483
12
-908
-188
3490
2636
574600
-785
47
-1159
-187
3672
2700
575625
-1110
58
-1382
-37
3570
3026
576650
-1512
80
-1628
63
3461
3184
577675
-1952
186
-1866
-81
3181
3230
578700
-2258
277
-2130
-237
3035
3336
579725
-2367
348
-2400
-226
2840
3425
580750
-2470
425
-2609
-312
2312
3286
581775
-2604
513
-2808
-486
1930
3209
574592
-2782
601
-3007
-554
1462
3222
575617
-3024
692
-3156
-578
1018
3099
576642
-3318
790
-3213
-598
644
2899
577667
-3808
940
-3228
-564
64
2682
578692
-4149
1116
-3266
-627
-557
2625
579717
-4136
1206
-3308
-688
-1131
2638
580742
-4047
1253
-3373
-547
-1772
2582
581767
-3874
1317
-3432
-298
-2836
2429
582792
-3486
1331
-3335
-158
-3991
2059
583817
-3273
1463
-3074
-546
-3046
1780
584842
-3036
1636
-2701
-433
-2372
2204
585867
-3295
1832
-2348
-38
-4048
2083
586892
-3558
1925
-2051
-434
-5118
1201
587917
-3727
1826
-1749
-931
-4320
668
588942
-3658
1638
-1549
-952
-4022
682
589967
-2968
1408
-1484
-962
-4467
700
582785
-2112
1098
-1390
-1136
-4547
355
583810
-1898
791
-1310
-1080
-4725
64
584835
-1837
535
-1317
-850
-4885
-14
585860
-957
307
-1328
-711
-4985
167
586885
271
149
-1250
-809
-4956
625
587910
595
46
-1093
-591
-4764
1087
588935
279
46
-994
-642
-4904
1313
589960
862
71
-720
-1125
-8217
1282
590985
874
11
553
-1249
-9652
380
592010
-437
-217
288
-802
-2812
101
593035
-712
-227
-125
-650
-1488
1171
594060
60
-230
-312
-227
-3808
937
595085
1375
-198
-46
-460
-4780
864
596110
1169
-264
150
-520
-5186
858
597135
871
-284
213
-499
-4730
1041
598160
976
-249
277
-420
-3213
1718
590975
555
-136
333
-454
-3204
1779
592000
84
6
391
-637
-4132
1583
593025
-217
79
334
-722
-4116
1429
594050
-365
119
238
-755
-3854
1373
595075
-453
157
144
-820
-3999
1382
596100
-571
165
21
-785
-4127
1220
597125
-551
143
-19
-717
-4256
1002
598150
-358
111
6
-707
-4228
985
599175
-213
76
36
-706
-4058
1124
600200
-194
57
57
-721
-4070
1076
601225
-140
42
83
-736
-4250
955
602250
-23
30
87
-780
-4169
992
603275
45
18
59
-771
-4026
1118
604300
0
29
24
-765
-4052
1142
605325
-47
33
9
-737
-4138
1065
606350
-35
40
21
-745
-4104
1062
599168
-28
39
21
-768
-4034
1097
600193
-34
29
7
-754
-4086
1091
601218
-45
27
16
-727
-4144
1069
602243
-65
40
44
-746
-4067
1084
603268
-94
46
37
-787
-3953
1142
604293
-164
45
-7
-782
-4041
1109
605318
-212
46
-33
-804
-4185
1028
606343
-228
51
-61
-735
-4095
984
607368
-211
57
-60
-788
-4047
983
608393
-173
45
-96
-803
-4185
946
609418
-124
23
-149
-782
-4224
890
610443
-14
-14
-202
-783
-4290
863
611468
123
-46
-298
-763
-4317
914
612493
217
-78
-381
-739
-4333
1066
613518
238
-111
-499
-749
-4402
1187
614543
277
-181
-731
-830
-4749
1263
607360
815
-311
-928
-990
-5907
1577
608385
2363
-659
-594
-727
-5223
1326
609410
1175
-523
-679
-889
-4109
1137
610435
847
-530
-219
-671
-5918
2013
611460
1159
-509
-21
562
-6259
2475
612485
1596
-284
603
895
-5906
1459
613510
1681
-61
1617
111
-6018
935
614535
1686
-103
2313
-187
-6035
1425
615560
1357
-289
2539
-8
-5554
1543
616585
1057
-406
2766
-42
-4963
1250
617610
1114
-544
3021
-292
-4488
775
618635
1686
-759
3146
-481
-4331
780
619660
2546
-961
3247
-361
-4014
1218
620685
2959
-1080
3356
-176
-3378
1476
621710
3178
-1095
3339
-392
-2457
1353
622735
3653
-1138
3352
-706
-1886
1305
615552
4129
-1212
3394
-653
-1637
1611
616577
4438
-1315
3492
-320
-1800
1664
617602
4884
-1291
3474
-360
-1055
1583
618627
5345
-1199
3559
-681
101
1752
619652
5336
-1150
3682
-766
531
2132
620677
4974
-1109
3697
-548
674
2314
621702
4680
-1065
3666
-309
1068
2219
622727
4246
-959
3621
-297
1942
2172
623752
3317
-825
3531
-213
3094
2366
624777
1640
-642
3339
142
4064
2698
625802
-350
-353
2964
414
4798
2875
626827
-1953
-97
2481
215
5046
2878
627852
-2511
17
2031
4
4035
3343
628877
-1892
-65
1490
76
3031
4210
629902
-980
-228
934
183
3107
4587
630927
-607
-180
476
-95
3238
4299
623744
-464
-88
145
-283
2637
4139
624769
-219
-59
-73
-94
1883
4258
625794
99
-5
-128
-177
1532
4231
626819
343
37
-133
-418
1494
4125
627844
483
-7
-175
-307
1622
3956
628869
419
-35
-157
-130
1801
3796
629894
164
9
-87
-151
1697
3699
630919
-17
55
-56
-258
1416
3729
631944
52
34
-58
-296
1328
3697
632969
211
5
-53
-305
1402
3616
633994
272
6
-55
-328
1506
3606
635019
105
33
-26
-410
1676
3609
636044
-115
58
5
-461
1629
3637
637069
-148
42
22
-417
1581
3637
638094
7
20
32
-381
1565
3648
639119
148
3
22
-385
1619
3638
631935
113
-13
18
-420
1935
3702
632960
-199
20
7
-392
2012
3753
633985
-464
75
-11
-318
1753
3768
635010
-403
96
-27
-374
1514
3786
636035
-159
66
-35
-470
1550
3834
637060
-29
27
-38
-471
1733
3850
638085
-59
28
-33
-412
1717
3871
639110
-35
21
-26
-401
1603
3834
640135
91
-11
-9
-448
1693
3842
641160
145
-35
2
-442
1750
3908
642185
91
-41
-9
-365
1762
3952
643210
-29
-16
-18
-349
1742
3884
644235
-81
14
-10
-384
1606
3895
645260
-54
27
0
-408
1533
3926
646285
-4
31
0
-422
1570
3866
647310
-13
42
-9
-434
1594
3761
640128
-66
54
-3
-453
1657
3719
641153
-120
64
26
-477
1581
3757
642178
-87
57
35
-470
1479
3840
643203
3
32
28
-438
1512
3807
644228
45
19
36
-464
1649
3735
645253
-29
24
53
-485
1718
3721
646278
-111
28
53
-448
1633
3777
647303
-87
25
34
-403
1542
3883
648328
-2
20
15
-430
1565
3891
649353
29
20
13
-487
1659
3811
650378
-7
17
9
-452
1672
3800
651403
-7
13
-3
-363
1626
3871
652428
22
19
-9
-394
1565
3942
653453
-3
23
-14
-475
1651
3922
654478
-43
30
-13
-450
1636
3864
655503
-24
25
-5
-400
1547
3835
648320
29
22
-4
-422
1555
3876
649345
8
26
-4
-490
1663
3863
650370
-37
31
5
-524
1645
3816
651395
-42
21
-8
-480
1586
3768
652420
14
10
-15
-467
1624
3809
653445
16
3
-9
-506
1659
3846
654470
-33
-3
-11
-497
1658
3802
655495
-60
2
-17
-466
1622
3786
656520
-29
12
-22
-462
1557
3824
657545
14
13
-24
-498
1576
3893
658570
11
11
-28
-449
1580
3933
659595
-48
40
-31
-430
1588
3851
660620
-73
71
-25
-481
1547
3809
661645
-56
76
-6
-515
1514
3867
662670
-16
53
22
-489
1539
3927
663695
-8
47
41
-452
1498
3871
656704
-26
58
60
-523
1597
3764
657729
-45
55
86
-564
1634
3763
658754
-44
41
76
-481
1652
3835
659779
-14
46
24
-423
1814
3791
660804
-9
75
-42
-463
1860
3694
661829
-44
83
-123
-465
2040
3769
662854
-159
87
-236
-304
2363
3919
663879
-340
142
-402
-157
2510
3920
664904
-529
218
-619
-189
2515
3619
665929
-719
280
-889
-286
2722
3498
666954
-933
311
-1190
-240
3035
3594
667979
-1245
373
-1487
-119
2936
3581
669004
-1680
532
-1792
-186
2514
3328
670029
-2045
729
-2087
-585
2194
3150
671054
-2086
769
-2365
-763
1964
3387
672079
-2058
747
-2658
-428
1516
3670
664704
-2480
910
-2912
-259
1053
3518
665729
-3177
1190
-3013
-556
793
3183
666754
-3621
1410
-3019
-692
130
3158
667779
-3584
1572
-3104
-405
-962
3244
668804
-3493
1773
-3198
-197
-1717
2836
669829
-3811
2012
-3178
-458
-1770
2177
670854
-4272
2155
-3092
-512
-1996
1900
671879
-4367
2248
-2984
-347
-2614
2191
672904
-4460
2363
-2845
-256
-3302
2118
673929
-4761
2441
-2701
-309
-3169
1746
674954
-4929
2450
-2471
-523
-3090
950
675979
-4117
2369
-2269
-662
-4267
653
677004
-2784
2142
-2179
-379
-5411
487
678029
-2030
1897
-2019
-321
-5038
178
679054
-2082
1670
-1814
-701
-4188
-219
680079
-1979
1341
-1771
-848
-4675
-450
672896
-1219
981
-1762
-498
-5506
-514
673921
-431
729
-1584
-253
-5268
-342
674946
62
570
-1375
-357
-4742
-85
675971
631
397
-1261
-642
-5727
237
676996
1335
321
73
-2362
-11224
815
678021
-937
111
391
-238
-8308
-1441
679046
-938
155
117
-1300
-1130
-171
680071
-488
-29
-29
-1058
-2075
417
681096
560
-135
-396
-228
-3937
285
682121
1510
-105
0
-973
-5163
865
683146
770
-259
27
-762
-6364
316
684171
755
-282
-63
-571
-3635
574
685196
865
-338
46
-419
-3214
1217
686221
695
-285
74
-393
-3917
1164
687246
516
-228
133
-576
-4245
1027
688271
369
-184
175
-595
-4398
979
681087
258
-122
176
-600
-3880
1120
682112
122
-46
138
-614
-3821
1188
683137
-24
12
85
-704
-4227
1024
684162
-24
21
23
-654
-4385
912
685187
55
41
15
-577
-4163
951
686212
86
64
67
-550
-3962
1083
687237
4
96
122
-625
-3960
1122
688262
-71
104
126
-704
-4138
1028
689287
-69
89
95
-725
-4239
980
690312
-28
63
64
-739
-4127
1019
691337
-53
49
32
-667
-3966
1106
692362
-125
62
42
-722
-4110
1006
693387
-111
56
14
-762
-4227
911
694412
-25
33
-17
-724
-4185
910
695437
45
16
-31
-710
-4126
972
696462
67
1
-43
-693
-4155
968
689280
98
-6
-29
-651
-4192
920
690305
178
-7
14
-638
-4161
919
691330
264
-19
58
-687
-4146
1020
692355
263
-50
46
-817
-4106
1141
693380
203
-107
-66
-873
-4122
1148
694405
191
-198
-229
-950
-4209
1183
695430
158
-327
-433
-885
-4188
1378
696455
-50
-420
-604
-601
-4152
1499
697480
-366
-374
-744
-386
-4245
1384
698505
-246
-316
-799
-828
-5196
1278
699530
1488
-601
-467
-982
-5403
1500
700555
1033
-612
-761
-182
-4395
1675
701580
786
-472
-558
93
-5408
949
702605
747
-330
-76
85
-5138
220
703630
455
-445
253
532
-5263
800
704655
735
-574
960
811
-7262
1645
697472
1916
-575
1970
612
-7938
1055
698497
2555
-574
2726
113
-6585
209
699522
2528
-751
3119
-357
-5704
359
700547
2935
-986
3222
-171
-5445
956
701572
3697
-995
3396
37
-4512
1462
702597
3982
-870
3593
-123
-3337
1688
703622
3817
-804
3785
-341
-2677
1709
704647
3703
-839
3876
-374
-2288
1777
705672
3894
-857
3847
-354
-1640
1795
706697
4345
-858
3840
-389
-1327
1603
707722
4692
-907
3790
-361
-1020
1307
708747
4763
-917
3744
-377
-271
1345
709772
4204
-937
3764
-262
-83
1370
710797
3321
-967
3775
-315
-139
1192
711822
2794
-1067
3841
-358
653
1726
712847
3015
-1226
3979
-37
1218
2508
705665
3534
-1244
4096
488
902
2958
706690
3836
-1162
3779
1002
1795
2788
707715
3500
-983
3024
1544
5306
2531
708740
1911
-410
2417
1517
7883
2988
709765
-423
212
2038
952
6684
3551
710790
-1405
459
1474
293
4477
4002
711815
-677
343
726
-240
3354
4019
712840
364
135
78
-571
3346
3505
713865
647
-4
-296
-658
3669
3049
714890
150
-39
-439
-556
3331
3057
715915
-364
-20
-385
-489
2478
3264
716940
-362
-56
-275
-557
1733
3491
717965
-35
-165
-230
-453
1733
3566
718990
221
-265
-157
-293
2068
3468
720015
152
-275
-57
-206
2181
3508
721040
-18
-218
7
-210
2122
3553
713857
-66
-148
36
-278
2051
3509
714882
-99
-83
39
-358
2085
3434
715907
-179
-37
9
-357
2059
3449
716932
-178
4
-36
-351
1980
3525
717957
-131
33
-61
-457
1927
3489
718982
-122
20
-75
-489
1931
3353
720007
-156
-1
-61
-422
2011
3299
721032
-183
-8
-24
-340
2020
3427
722057
-182
-10
15
-329
1865
3578
723082
-110
-21
39
-367
1987
3602
724107
-68
-29
81
-416
2184
3581
725132
-116
-40
95
-347
2278
3572
726157
-154
-35
100
-293
2202
3650
727182
-134
-31
98
-343
2116
3715
728207
-58
-41
90
-381
2120
3707
729232
28
-47
71
-335
2192
3652
722047
67
-34
40
-276
2289
3617
723072
6
6
16
-274
2227
3643
724097
-82
37
-9
-337
2152
3650
725122
-77
35
-14
-356
2013
3627
726147
2
21
-18
-378
1944
3544
727172
79
9
-35
-372
2048
3484
728197
41
24
-52
-376
2099
3516
729222
-48
44
-40
-371
1995
3581
730247
-63
51
-12
-404
1871
3598
731272
-20
39
-14
-423
1943
3530
732297
-7
39
-34
-421
2081
3534
733322
-55
45
-30
-396
2065
3589
734347
-104
49
-10
-407
1952
3605
735372
-63
34
-5
-388
1926
3590
736397
17
23
-10
-371
2037
3600
737422
0
29
-9
-376
2079
3600
730240
-71
45
-10
-377
2059
3619
731265
-82
54
-11
-394
2020
3658
732290
-30
45
-16
-414
2014
3662
733315
22
29
-12
-416
1996
3657
734340
12
24
-12
-422
2073
3630
735365
-20
28
-12
-393
2078
3646
736390
-38
30
-9
-418
2022
3613
737415
-32
23
-3
-457
2012
3600
738440
-15
8
1
-430
1987
3615
739465
15
-4
-3
-412
2028
3622
740490
20
-9
-6
-415
2010
3588
741515
12
-4
5
-455
2024
3594
742540
5
-11
24
-459
2001
3589
743565
12
-20
22
-431
2003
3590
744590
31
-19
8
-425
2021
3596
745615
26
-14
8
-452
2061
3567
738432
-6
-5
20
-477
2074
3571
739457
-29
-5
20
-448
1997
3599
740482
8
-12
0
-432
2005
3597
741507
53
-6
-12
-444
1984
3630
742532
50
4
-8
-443
2037
3616
743557
-6
19
3
-441
2065
3611
744582
-56
31
4
-419
1987
3629
745607
-41
36
9
-446
2008
3614
746632
-42
33
19
-469
2086
3564
747657
-119
29
33
-449
2108
3496
748682
-191
27
31
-446
2066
3536
749707
-154
15
9
-399
2017
3675
750732
-43
8
-21
-405
2034
3672
751757
50
2
-56
-408
2133
3583
752782
88
-2
-114
-302
2264
3561
753807
61
6
-189
-223
2479
3631
746623
-120
21
-317
-129
3029
3764
747648
-531
96
-489
-83
3322
3759
748673
-957
190
-749
-126
3323
3533
749698
-1200
224
-1083
-149
3375
3379
750723
-1441
241
-1390
-191
3355
3447
751748
-1982
292
-1652
-237
3269
3614
752773
-2699
426
-1909
-264
2795
3595
753798
-3310
589
-2154
-289
2266
3534
754823
-4024
775
-2367
-315
2084
3349
755848
-4589
1021
-2528
-299
1393
3078
756873
-4441
1256
-2686
-151
300
3147
757898
-3687
1428
-2835
-125
-396
3282
758923
-2975
1558
-2963
-263
-596
3212
759948
-2834
1693
-3047
-426
-503
3080
760973
-3074
1863
-3093
-459
-700
3161
761998
-3224
2054
-3178
-409
-1293
2895
754816
-3275
2223
-3153
-620
-2005
2087
755841
-3836
2356
-3017
-893
-2703
1178
756866
-4732
2407
-2816
-734
-3356
810
757891
-5372
2529
-2553
-791
-3776
1055
758916
-5118
2578
-2304
-1170
-4406
1151
759941
-4457
2450
-2168
-582
-4801
980
760966
-3731
2326
-2023
-352
-4840
98
761991
-1988
1968
-1956
-366
-5105
-501
763016
558
1478
-1991
-89
-5126
-11
764041
1775
1057
-1776
72
-5078
326
765066
1307
760
-1540
190
-4685
263
766091
130
612
-1278
136
-4327
226
767116
-750
545
-1075
-258
-4461
377
768141
-849
465
-1008
-310
-4536
539
769166
-472
408
-939
-336
-4305
560
770191
-308
380
-868
-387
-3860
533
763008
-397
343
-914
-355
-3702
498
764033
-199
276
-1031
-118
-4586
228
765058
1492
316
673
-1061
-11067
1568
766083
476
27
1289
5
-5846
-219
767108
-473
25
261
-554
-2070
147
768133
-435
49
295
-1262
-4458
1314
769158
492
-10
484
-897
-4248
1432
770183
250
-28
207
-441
-4165
1005
771208
-43
83
137
-746
-4317
1058
772233
-175
85
29
-631
-4019
1082
773258
-302
79
7
-530
-3934
1041
774283
-377
68
43
-508
-4146
830
775308
-270
32
112
-517
-4234
705
776333
-87
-13
181
-592
-4302
702
777358
59
-51
202
-635
-4349
706
778383
177
-63
197
-657
-4207
818
771200
224
-62
163
-671
-4123
894
772225
221
-55
133
-676
-4182
918
773250
188
-52
112
-682
-4168
949
774275
130
-39
79
-692
-4086
984
775300
75
-28
50
-661
-4080
991
776325
25
-16
56
-638
-4114
969
777350
-7
1
72
-657
-4122
951
778375
-14
12
74
-684
-4135
943
779400
-13
16
59
-697
-4143
944
780425
-4
13
52
-682
-4151
920
781450
24
12
48
-702
-4152
900
782475
68
3
41
-704
-4151
903
783500
106
-7
41
-689
-4147
930
784525
108
0
36
-733
-4113
994
785550
92
4
1
-704
-4112
970
786575
110
10
-5
-707
-4136
955
779392
129
12
-21
-748
-4115
990
780417
128
5
-51
-725
-4122
1027
781442
103
5
-64
-705
-4077
1052
782467
40
19
-73
-681
-3927
1136
783492
-130
75
-92
-665
-3891
1176
784517
-291
147
-136
-751
-4296
984
785542
-286
144
-226
-724
-4302
926
786567
-247
143
-295
-587
-4037
978
787592
-296
190
-312
-661
-3991
1020
788617
-362
220
-417
-744
-4411
894
789642
-291
193
-572
-745
-4614
738
790667
-95
105
-680
-615
-4402
767
791692
39
37
-722
-557
-4448
781
792717
279
-52
-718
-692
-4980
976
793742
1700
-214
-339
-798
-5454
1461
794767
1619
-471
-820
417
-4252
1495
787584
888
-373
-793
-34
-5098
1070
788609
310
-431
-246
-341
-5331
260
789634
-385
-524
473
482
-5749
392
790659
-1177
-462
1087
1249
-5788
767
791684
-690
-365
1774
726
-6079
230
792709
1221
-567
2605
-228
-7315
-90
793734
2735
-849
2842
-538
-6219
224
794759
2957
-1098
2845
-380
-4858
446
795784
2622
-1251
3041
-525
-4651
376
796809
2803
-1407
3130
-688
-4196
533
797834
3316
-1511
3182
-775
-3617
1247
798859
3700
-1583
3233
-584
-3270
1647
799884
3790
-1604
3305
-291
-2713
1685
800909
3897
-1586
3403
-224
-2132
1542
801934
4368
-1570
3513
-294
-1771
1528
802959
4958
-1536
3609
-346
-1171
1728
795861
5289
-1540
3705
-214
-899
1885
796886
5300
-1482
3697
-79
-406
1922
797911
5259
-1433
3728
-60
372
1890
798936
5111
-1369
3780
-47
975
1913
799961
4814
-1288
3795
151
1456
2042
800986
4339
-1180
3727
432
2174
2217
802011
3707
-1022
3554
531
2776
2243
803036
2816
-858
3172
606
3451
2042
804061
1546
-687
2625
748
4664
2080
805086
196
-457
2121
816
5416
2884
806111
-722
-217
1698
572
4987
3983
807136
-879
-126
1265
323
4061
4418
808161
-489
-70
696
105
3640
4270
809186
107
-12
168
86
3774
4140
810211
380
88
-119
-76
3820
3763
811236
221
220
-277
-302
3495
3620
803968
-121
327
-377
-320
2910
3727
804993
-333
392
-400
-332
2434
3718
806018
-322
379
-376
-355
2081
3522
807043
-133
290
-310
-319
1851
3281
808068
99
188
-200
-280
1837
3219
809093
211
129
-73
-277
1806
3365
810118
173
89
20
-259
1943
3341
811143
60
62
74
-237
1996
3193
812168
-41
28
91
-182
2013
3107
813193
-69
3
123
-201
1964
3267
814218
-5
-25
148
-243
1919
3412
815243
80
-49
140
-283
2134
3367
816268
56
-56
93
-296
2288
3267
817293
-89
-58
39
-302
2328
3240
818318
-204
-54
28
-344
2209
3462
819343
-190
-79
31
-367
2120
3617
812161
-80
-126
47
-383
2195
3559
813186
-24
-168
71
-341
2285
3458
814211
-43
-185
115
-253
2277
3565
815236
-15
-181
171
-214
2140
3722
816261
94
-171
190
-184
2131
3641
817286
148
-140
179
-131
2243
3507
818311
56
-77
150
-76
2365
3528
819336
-77
0
127
-112
2295
3577
820361
-121
46
98
-195
2163
3547
821386
-32
38
37
-169
2203
3490
822411
20
25
-20
-142
2291
3424
823436
-36
22
-53
-132
2265
3404
824461
-113
10
-58
-118
2161
3456
825486
-86
-27
-36
-77
2077
3538
826511
5
-79
-4
-102
2066
3483
827536
25
-117
6
-158
2095
3406
820352
-72
-143
9
-151
2236
3348
821377
-197
-150
56
-125
2172
3435
822402
-213
-170
115
-133
1996
3503
823427
-101
-207
136
-160
1969
3475
824452
-26
-238
113
-100
2172
3385
825477
-92
-214
127
-74
2288
3438
826502
-189
-176
165
-77
2130
3570
827527
-160
-161
185
-119
2091
3597
828552
-73
-156
161
-123
2167
3574
829577
-40
-139
125
-79
2246
3573
830602
-83
-103
114
-70
2271
3623
831627
-105
-74
98
-1
2164
3695
832652
-56
-57
64
54
2059
3681
833677
19
-40
15
72
2127
3611
834702
21
-6
-5
56
2166
3613
835727
-73
23
5
8
2199
3598
828544
-160
39
-1
35
2115
3643
829569
-107
31
-27
98
2036
3687
830594
19
16
-31
69
2063
3633
831619
79
2
-11
51
2166
3587
832644
32
3
23
101
2116
3565
833669
-23
20
28
98
2083
3576
834694
-1
25
3
90
2040
3629
835719
48
25
-8
84
2051
3609
836744
58
27
-2
46
2096
3513
837769
-12
38
-22
45
2128
3458
838794
-63
47
-46
47
2029
3574
839819
-13
43
-51
14
1974
3680
840844
94
24
-34
-48
1976
3650
841869
123
4
-39
-4
2150
3544
842894
44
13
-34
63
2189
3551
843919
-41
37
3
15
2032
3658
836735
-33
26
26
-9
2019
3636
837760
20
0
32
50
2082
3533
838785
15
-16
23
94
2256
3410
839810
-55
-3
22
58
2215
3492
840835
-78
-9
10
79
2159
3573
841860
-2
-26
-42
115
2329
3535
842885
95
-47
-159
223
2669
3466
843910
170
-54
-359
358
3165
3474
844935
177
-41
-630
412
3367
3432
845960
7
-43
-967
381
3794
3292
846985
-532
-24
-1334
430
4247
3158
848010
-1330
74
-1701
509
4163
3113
849035
-2063
193
-2023
528
3706
3285
850060
-2596
341
-2379
483
3175
3404
851085
-2934
528
-2734
362
2657
3299
852110
-3146
727
-2976
172
2088
3216
844929
-3451
928
-3104
83
1515
3270
845954
-3846
1173
-3211
89
889
3061
846979
-4233
1440
-3237
-23
319
2638
848004
-4567
1685
-3159
-331
-354
2446
849029
-4709
1841
-3097
-455
-1102
2535
850054
-4956
1962
-3073
-372
-1683
2365
851079
-5500
2127
-2963
-518
-2018
1922
852104
-5671
2199
-2827
-738
-2405
1845
853129
-5358
2163
-2764
-539
-2976
1747
854154
-5143
2155
-2635
-238
-3880
1095
855179
-5031
2156
-2326
-466
-3948
1114
856204
-4632
1997
-2173
-522
-3617
1040
857229
-3392
1724
-2117
-517
-4211
192
858254
-2002
1416
-1893
-604
-4953
-885
859279
-1111
1093
-1627
-447
-5591
-385
860304
-620
873
-1544
-556
-5318
705
853121
-171
709
-1508
-505
-4542
973
854146
-33
648
-1284
-523
-4413
634
855171
-198
611
-1085
-784
-4605
416
856196
-155
509
-1059
-711
-4632
528
857221
113
437
-1063
-429
-4480
838
858246
136
432
-1011
-236
-4197
873
859271
-18
440
-873
-307
-5113
825
860296
240
513
674
-660
-11301
2318
861321
-265
344
390
-185
-4641
-696
862346
-825
119
61
-368
-1917
214
863371
-735
112
113
-989
-4486
1009
864396
745
-75
322
-745
-3744
1162
865421
546
-213
335
-626
-4712
897
866446
190
-178
230
-642
-5278
567
867471
467
-198
138
-590
-3864
1030
868496
425
-172
92
-580
-3549
1360
861311
91
-82
25
-644
-4045
1222
862336
-98
-47
-39
-521
-4273
1033
863361
-111
-5
-25
-495
-4126
982
864386
-68
21
12
-511
-4033
1032
865411
-78
38
28
-548
-4060
1078
866436
-127
45
21
-532
-4196
980
867461
-74
56
39
-551
-4285
892
868486
36
49
35
-595
-4195
960
869511
89
20
10
-572
-4108
1076
870536
29
4
12
-543
-4059
1073
871561
-2
4
32
-559
-4144
997
872586
33
2
22
-633
-4214
990
873611
71
-16
-26
-598
-4154
1039
874636
57
-18
-43
-511
-4051
1079
875661
1
12
-13
-514
-4046
1087
876686
-62
38
-1
-570
-4092
1049
869651
-67
38
-14
-578
-4183
1000
870676
-49
28
-26
-544
-4139
1010
871701
-42
23
-5
-515
-4086
1017
872726
-39
30
17
-583
-4132
1026
873751
-48
23
-18
-597
-4169
1033
874776
-65
11
-49
-551
-4161
978
875801
-32
4
-47
-579
-4148
995
876826
-16
-17
-73
-610
-4118
1110
877851
-85
-43
-128
-574
-4107
1115
878876
-178
-39
-155
-468
-4119
1094
879901
-271
-3
-160
-434
-4097
1113
880926
-340
36
-199
-539
-4232
1104
881951
-400
52
-315
-572
-4632
913
882976
683
-63
-191
-766
-5890
815
884001
1502
-279
-265
-273
-4180
1066
885026
837
-274
-552
-498
-4517
1249
877696
838
-358
-353
-522
-5390
750
878721
1305
-596
-41
-74
-5891
-48
879746
2257
-768
155
156
-6338
905
880771
2891
-835
374
448
-5347
1929
881796
3412
-795
1192
535
-5481
1953
882821
3662
-768
2070
182
-6472
1571
883846
4404
-766
2373
-61
-6074
1683
884871
4817
-751
2668
40
-4610
1955
885896
4618
-681
3055
63
-3811
2228
886921
4428
-582
3321
-20
-3396
2452
887946
4505
-575
3528
-201
-3050
2213
888971
4987
-643
3643
-304
-2385
1867
889996
5441
-700
3747
-130
-1450
1756
891021
5577
-713
3836
118
-961
1799
892046
5492
-679
3852
213
-521
1733
893071
5508
-621
3845
318
-60
1897
885887
5290
-510
3871
404
912
2202
886912
4863
-376
3964
487
1482
2311
887937
4444
-206
3965
515
2033
2083
888962
3755
-33
3783
506
3135
1783
889987
2782
133
3402
824
4017
1731
891012
1620
270
2910
1136
4871
1777
892037
473
447
2465
885
5365
2021
893062
-266
500
2045
366
5025
2384
894087
-216
319
1544
339
4335
2736
895112
177
99
998
479
3965
2961
896137
405
-14
522
378
3844
3002
897162
250
-55
210
193
3733
2793
898187
-89
-61
37
194
3496
2724
899212
-270
-56
-57
394
2899
3185
900237
-121
-73
-117
505
2455
3567
901262
110
-77
-180
395
2577
3402
894080
90
-43
-219
338
2754
3112
895105
-182
2
-209
354
2673
2985
896130
-356
35
-172
331
2324
3256
897155
-173
24
-158
235
2062
3438
898180
173
-21
-158
109
2299
3185
899205
244
-41
-132
103
2556
2878
900230
-43
-7
-89
94
2593
2818
901255
-300
34
-61
108
2427
3051
902280
-237
23
-38
72
2256
3214
903305
7
-45
-32
56
2363
3097
904330
105
-94
-36
136
2626
2945
905355
-32
-83
-33
189
2672
3037
906380
-181
-63
-33
199
2498
3219
907405
-113
-70
-48
202
2398
3326
908430
85
-84
-65
206
2457
3296
909455
120
-68
-72
170
2588
3236
902272
-29
-36
-65
150
2651
3227
903297
-170
-5
-51
157
2535
3314
904322
-149
-3
-41
145
2445
3365
905347
-5
-20
-55
162
2464
3380
906372
66
-16
-58
161
2589
3332
907397
2
11
-44
163
2600
3242
908422
-67
40
-36
166
2483
3267
909447
-50
57
-32
125
2438
3318
910472
6
54
-12
11
2499
3261
911497
20
32
9
0
2510
3180
912522
4
13
27
59
2489
3240
913547
-6
16
47
35
2509
3221
914572
-20
16
56
18
2482
3172
915597
-12
1
66
85
2465
3199
916622
30
-6
74
100
2492
3273
917647
60
-7
61
118
2511
3264
910465
30
7
53
121
2518
3240
911490
-13
28
53
126
2474
3245
912515
-15
44
57
95
2514
3225
913540
-23
43
65
79
2560
3213
914565
-44
31
69
73
2561
3153
915590
-58
18
60
13
2551
3153
916615
-41
-4
37
16
2503
3219
917640
8
-25
32
30
2496
3237
918665
38
-47
36
54
2500
3209
919690
39
-61
30
106
2498
3213
920715
16
-49
26
92
2485
3253
921740
-20
-37
20
75
2485
3254
922765
-38
-40
17
121
2435
3202
923790
-34
-41
10
170
2440
3203
924815
-23
-32
2
213
2420
3309
925840
6
-17
-4
218
2414
3337
918656
20
0
-12
200
2520
3249
919681
-49
25
-21
181
2585
3184
920706
-142
44
-36
161
2601
3201
921731
-154
43
-47
149
2555
3287
922756
-82
26
-60
151
2540
3253
923781
13
6
-71
147
2604
3191
924806
30
-1
-88
165
2683
3170
925831
-11
6
-78
169
2595
3256
926856
0
12
-57
146
2473
3302
927881
65
20
-49
121
2514
3263
928906
76
29
-38
104
2555
3221
929931
18
39
-10
63
2529
3223
930956
-10
48
22
40
2419
3225
931981
50
46
47
36
2420
3284
933006
77
40
59
73
2478
3272
934031
33
55
71
66
2522
3202
926847
-22
72
77
52
2529
3196
927872
-24
69
73
73
2538
3229
928897
6
59
63
122
2563
3236
929922
21
62
42
142
2694
3188
930947
3
64
-2
167
2825
3131
931972
-26
60
-79
200
2925
3135
932997
-71
60
-171
180
2904
3113
934022
-148
60
-264
109
2916
3066
935047
-204
55
-356
63
2878
3035
936072
-216
30
-459
-24
2777
2875
937097
-293
-16
-589
-122
2990
2671
938122
-700
-66
-713
-95
3613
2628
939147
-1533
-77
-858
139
3850
2754
940172
-2344
-28
-1136
294
3463
2867
941197
-2642
52
-1513
260
3209
3093
942222
-2705
122
-1805
167
3110
3401
935040
-2931
210
-2068
196
2900
3561
936065
-3316
387
-2315
302
2383
3492
937090
-3560
679
-2535
179
1596
3427
938115
-3551
915
-2733
-27
1137
3414
939140
-3747
1090
-2860
-67
926
3278
940165
-4315
1365
-2936
56
403
3090
941190
-4973
1731
-2970
118
-303
2678
942215
-5450
2040
-2902
-217
-1000
2248
943240
-5562
2190
-2825
-485
-1628
2393
944265
-5369
2269
-2886
-239
-2183
2567
945290
-5313
2356
-2896
-144
-2525
1682
946315
-5595
2333
-2648
-769
-2684
766
947340
-5820
2177
-2454
-951
-3181
1021
948365
-5552
1994
-2468
-102
-4441
1234
949390
-4540
1897
-2338
344
-5018
966
950415
-3295
1741
-2017
-88
-4375
-33
943233
-2092
1435
-1778
-374
-4447
-583
944258
-1166
1067
-1608
-65
-5602
-336
945283
-638
836
-1410
197
-5368
68
946308
-738
765
-1171
-15
-4396
211
947333
-1137
698
-992
-275
-4444
168
948358
-1297
649
-893
-202
-4840
186
949383
63
620
-205
-1047
-9168
1617
950408
13
647
1452
-1118
-9505
-185
951433
-1702
388
-3
-56
-3209
-1166
952458
-1412
307
75
-1544
-2869
274
953483
-348
140
158
-1273
-3768
431
954508
431
-71
239
-879
-4828
76
955533
241
-144
162
-900
-5273
66
956558
123
-157
1
-621
-4050
303
957583
133
-127
6
-620
-3717
510
958608
-18
-72
18
-740
-4208
425
951424
-115
-83
-48
-652
-4337
229
952449
-77
-82
-14
-575
-4274
192
953474
-30
-44
28
-668
-4129
307
954499
-32
-22
-9
-644
-4217
289
955524
-27
-9
-7
-640
-4313
224
956549
28
-12
14
-582
-4260
199
957574
106
-1
70
-604
-4217
262
958599
122
11
100
-666
-4195
334
959624
91
5
84
-683
-4202
342
960649
64
-3
63
-675
-4230
328
961674
58
-1
62
-677
-4213
317
962699
66
2
62
-691
-4205
337
963724
49
5
37
-728
-4222
383
964749
9
0
-11
-701
-4194
357
965774
-8
-2
-27
-667
-4177
334
966799
-2
-2
-27
-774
-4223
333
959616
41
-27
-110
-773
-4317
297
960641
96
-67
-195
-752
-4271
367
961666
97
-105
-268
-722
-4244
387
962691
117
-154
-334
-801
-4323
344
963716
198
-262
-469
-1007
-4442
448
964741
449
-408
-509
-1230
-5029
637
965766
1673
-630
-196
-587
-4866
825
966791
1675
-682
-554
-307
-4176
921
967816
1688
-706
-630
-778
-4897
1009
968841
2032
-833
-873
-485
-5394
1195
969866
2377
-896
-1005
-209
-5100
1654
970891
2109
-796
-872
-21
-4379
1532
971916
1100
-626
-364
167
-4630
798
972941
516
-498
195
244
-6068
881
973966
1030
-515
852
584
-7865
1335
974991
2246
-409
1476
673
-7332
1524
967809
3156
-308
2135
916
-5693
1081
968834
3210
-351
2714
565
-5351
722
969859
3324
-525
3020
302
-5356
727
970884
3356
-703
3193
355
-4463
868
971909
3179
-856
3345
314
-3536
1202
972934
3208
-970
3409
153
-2754
1567
973959
3422
-1011
3463
-75
-1849
1737
974984
3574
-989
3558
-133
-1260
1762
976009
3862
-928
3623
-219
-1095
1877
977034
4445
-897
3584
-285
-1045
2016
978059
5122
-926
3470
-262
-619
2010
979084
5551
-919
3408
-198
-101
1986
980109
5638
-866
3389
-167
360
1936
981134
5789
-790
3424
-121
905
2203
982159
5721
-697
3467
8
1691
2322
983184
5358
-510
3482
102
2385
2444
975999
4835
-277
3440
235
2559
2447
977024
3901
-156
3187
641
3551
2095
978049
2311
77
2822
1000
5049
1958
979074
241
384
2328
934
6303
2114
980099
-1198
591
1840
873
5764
2586
981124
-1310
604
1300
772
4517
3185
982149
-498
407
698
464
4060
3373
983174
251
246
85
115
3916
3156
984199
530
139
-372
-131
3773
2680
985224
353
69
-547
-214
3492
2625
986249
8
55
-545
-215
2807
2975
987274
-133
39
-447
-336
2430
3079
988299
-36
-15
-347
-458
2321
2823
989324
131
-109
-217
-312
2303
2741
990349
146
-157
-27
-186
2308
3031
991374
16
-135
80
-207
2437
3112
984192
-59
-119
78
-205
2468
3023
985217
-74
-122
59
-143
2419
2994
986242
-58
-117
64
-120
2394
3093
987267
-42
-85
55
-167
2494
3149
988292
-50
-48
11
-200
2590
3045
989317
-139
-14
-19
-221
2642
2951
990342
-244
23
-19
-212
2573
3122
991367
-231
38
2
-185
2501
3294
992392
-116
31
-2
-210
2554
3217
993417
-56
14
-27
-188
2698
3063
994442
-128
17
-10
-179
2776
3083
995467
-203
29
31
-185
2652
3226
996492
-157
8
49
-212
2577
3260
997517
-58
-32
17
-190
2662
3210
998542
-42
-47
6
-176
2739
3205
999567
-66
-51
27
-169
2673
3229
992384
-39
-60
36
-127
2571
3239
993409
-8
-57
25
-158
2574
3231
994434
-46
-47
19
-198
2659
3199
995459
-109
-40
40
-207
2566
3200
996484
-96
-63
54
-159
2476
3155
997509
-20
-70
49
-120
2468
3190
998534
0
-58
45
-166
2532
3220
999559
-40
-44
54
-201
2536
3192
1000584
-50
-45
61
-164
2499
3176
1001609
-9
-50
48
-102
2526
3194
1002634
-5
-29
26
-105
2578
3237
1003659
-59
3
12
-151
2609
3276
1004684
-81
15
11
-167
2572
3252
1005709
-36
11
-1
-127
2570
3200
1006734
-13
17
-8
-121
2646
3230
1007759
-55
36
-6
-158
2633
3270
1000576
-33
32
-9
-145
2551
3283
1001601
69
8
-25
-140
2574
3241
1002626
86
1
-44
-147
2675
3170
1003651
2
24
-38
-134
2609
3271
1004676
-21
33
-16
-133
2448
3313
1005701
60
21
-21
-153
2446
3224
1006726
89
18
-35
-158
2593
3153
1007751
-12
39
-16
-198
2599
3161
1008776
-86
43
5
-199
2443
3195
1009801
-26
22
8
-185
2394
3205
1010826
70
-1
-9
-165
2514
3142
1011851
39
3
-9
-173
2634
3088
1012876
-86
16
2
-153
2551
3134
1013901
-109
15
1
-144
2440
3200
1014926
-7
0
-8
-177
2464
3220
1015951
40
-16
-12
-190
2634
3156
1008808
-37
-14
2
-167
2657
3155
1009833
-88
-5
-3
-144
2518
3272
1010858
-31
-9
-30
-181
2551
3279
1011883
16
-17
-36
-236
2607
3196
1012908
-15
-26
-24
-179
2560
3228
1013933
-35
-24
-12
-135
2467
3312
1014958
7
-16
-16
-192
2458
3281
1015983
35
-10
-15
-246
2497
3195
1017008
-29
6
-2
-269
2478
3230
1018033
-69
31
2
-244
2384
3358
1019058
-6
50
-22
-224
2448
3337
1020083
38
72
-56
-170
2644
3235
1021108
-44
108
-68
-99
2790
3197
1022133
-177
143
-82
-62
2874
3268
1023158
-323
152
-162
-4
3084
3265
1024183
-489
165
-295
18
3301
3146
1016960
-672
158
-457
47
3559
3045
1017985
-876
128
-673
113
3687
2982
1019010
-1206
100
-961
114
3746
2817
1020035
-1725
102
-1277
3
3692
2675
1021060
-2179
121
-1574
-73
3330
2692
1022085
-2371
101
-1827
-121
2807
2843
1023110
-2447
84
-2090
-230
2414
2933
1024135
-2499
81
-2367
-268
2148
3059
1025160
-2759
122
-2587
-195
2001
3145
1026185
-3329
277
-2723
-124
1677
3091
1027210
-3948
560
-2818
-44
962
3210
1028235
-4257
873
-2923
-7
181
3398
1029260
-4190
1145
-3019
-112
-351
3368
1030285
-3995
1357
-3067
-276
-691
3310
1031310
-4056
1555
-3085
-344
-984
3228
1032335
-4272
1791
-3116
-276
-1455
2971
1025152
-4317
2004
-3102
-288
-1982
2511
1026177
-4407
2127
-3001
-525
-2423
1935
1027202
-4849
2168
-2831
-453
-3291
1447
1028227
-5215
2277
-2686
-251
-3751
1679
1029252
-4912
2374
-2470
-409
-3356
1945
1030277
-4287
2294
-2223
-513
-3508
1168
1031302
-3780
2106
-1985
-556
-4369
-138
1032327
-3282
1847
-1823
-382
-5095
-956
1033352
-2662
1559
-1558
-196
-5248
-607
1034377
-2211
1318
-1363
-330
-5108
-181
1035402
-1654
1038
-1269
-479
-5613
-409
1036427
-952
786
-1053
-471
-5720
-585
1037452
-644
616
-748
-494
-4851
-487
1038477
-675
452
-527
-753
-4682
-300
1039502
-113
229
-511
-873
-6058
89
1040527
1617
91
-61
-1682
-8429
725
1033345
935
65
485
-1119
-5546
-83
1034370
-1081
-45
249
-969
-3524
-232
1035395
-949
-146
16
-1066
-3549
128
1036420
220
-267
-122
-305
-3828
337
1037445
1366
-256
-139
-358
-4080
599
1038470
1379
-260
-59
-628
-3991
659
1039495
534
-244
156
-767
-4994
504
1040520
324
-224
215
-761
-4671
493
1041545
612
-259
137
-585
-3809
663
1042570
660
-237
170
-607
-4129
841
1043595
514
-175
206
-744
-4404
839
1044620
441
-133
121
-742
-4165
903
1045645
377
-89
28
-720
-3979
1043
1046670
229
-56
-43
-687
-3981
1087
1047695
67
-33
-47
-608
-4127
947
1048720
21
-1
-1
-634
-4157
909
1041536
12
10
17
-691
-4052
996
1042561
-44
-7
2
-695
-4111
1000
1043586
-105
-21
-1
-634
-4148
923
1044611
-103
-15
34
-638
-4174
852
1045636
-54
-6
58
-671
-4140
859
1046661
-19
-5
44
-710
-4137
914
1047686
-17
-11
15
-692
-4179
888
1048711
-12
0
11
-666
-4143
903
1049736
-29
24
16
-686
-4078
909
1050761
-25
36
3
-702
-4146
865
1051786
15
34
-24
-698
-4235
864
1052811
24
30
-43
-664
-4128
926
1053836
-16
41
-30
-652
-4045
958
1054861
-63
56
-15
-682
-4117
896
1055886
-53
54
-27
-699
-4213
842
1056911
-9
42
-36
-661
-4205
839
1049728
3
50
-32
-638
-4047
949
1050753
-94
88
-31
-598
-3913
1009
1051778
-201
136
-13
-654
-4182
842
1052803
-186
141
-16
-745
-4339
768
1053828
-127
97
-76
-731
-4160
849
1054853
-143
70
-141
-692
-4066
884
1055878
-177
59
-194
-683
-4236
815
1056903
-161
36
-237
-666
-4344
722
1057928
-43
-13
-292
-735
-4404
749
1058953
64
-89
-451
-861
-4522
894
1059978
70
-164
-720
-692
-4803
871
1061003
1323
-307
-530
-983
-6128
756
1062028
3337
-870
-383
-369
-5214
277
1063053
3514
-1169
-852
344
-5584
68
1064078
3451
-1176
-405
981
-6738
1235
1065103
3147
-981
335
1213
-6256
2214
1057920
3076
-730
1271
375
-5597
2730
1058945
3137
-577
2245
-426
-5772
2780
1059970
3215
-577
2785
-730
-5323
2556
1060995
2917
-661
2901
-606
-4592
2190
1062020
2956
-679
2983
-589
-3995
2046
1063045
3490
-701
3077
-597
-3395
2086
1064070
4375
-684
3199
-435
-3164
2265
1065095
5212
-579
3284
-240
-2706
2367
1066120
5848
-406
3318
-214
-1705
2316
1067145
5943
-191
3374
-240
-895
2215
1068170
5550
12
3377
-148
-477
1984
1069195
5098
151
3318
-12
-167
1760
1070220
4492
271
3227
-22
432
1649
1071245
3741
372
3163
-143
852
1703
1072270
3028
418
3104
-242
1223
1860
1073295
2414
409
3091
-169
1804
2122
1066111
2025
365
3141
-54
1984
2443
1067136
1802
301
3155
85
2167
2462
1068161
1649
244
3089
211
2744
2567
1069186
1424
200
2902
445
3397
2647
1070211
866
215
2590
550
3887
2517
1071236
99
222
2233
563
4302
2633
1072261
-476
306
1760
582
4283
3129
1073286
-498
314
1326
523
3746
3530
1074311
-248
261
927
215
3455
3667
1075336
-84
206
475
192
3602
3682
1076361
-136
221
122
229
3602
3398
1077386
-175
268
-23
-2
3112
3073
1078411
-90
179
-79
-232
2744
2983
1079436
-40
79
-95
-314
2606
3127
1080461
26
1
-59
-429
2598
3204
1081486
87
-91
-16
-413
2577
3290
1074304
53
-145
37
-337
2377
3354
1075329
13
-165
47
-357
2396
3306
1076354
-50
-144
6
-294
2416
3242
1077379
-85
-109
-16
-207
2381
3233
1078404
-96
-72
-14
-236
2425
3222
1079429
-72
-42
-49
-243
2279
3330
1080454
9
-24
-106
-229
2244
3446
1081479
40
20
-134
-326
2383
3471
1082504
15
53
-138
-310
2401
3424
1083529
-7
66
-129
-293
2355
3331
1084554
7
85
-133
-342
2322
3345
1085579
86
101
-144
-356
2286
3484
1086604
177
107
-145
-391
2442
3485
1087629
173
111
-168
-372
2532
3345
1088654
68
113
-181
-351
2536
3286
1089679
-27
115
-142
-320
2469
3336
1082496
-22
102
-88
-300
2391
3396
1083521
18
68
-71
-331
2425
3270
1084546
16
34
-63
-325
2516
3172
1085571
-9
9
-2
-315
2381
3269
1086596
-1
-33
61
-353
2253
3333
1087621
49
-83
67
-346
2306
3271
1088646
42
-97
47
-315
2387
3195
1089671
-58
-89
37
-301
2447
3176
1090696
-151
-77
60
-313
2314
3253
1091721
-130
-79
67
-358
2198
3298
1092746
-38
-94
39
-403
2323
3271
1093771
-50
-79
9
-408
2475
3268
1094796
-141
-44
4
-384
2441
3350
1095821
-166
-21
14
-393
2293
3417
1096846
-72
-20
9
-363
2312
3427
1097871
5
-11
11
-344
2451
3418
1090709
-45
19
21
-354
2559
3358
1091734
-134
49
34
-339
2452
3406
1092759
-117
46
48
-328
2303
3507
1093784
-15
27
57
-344
2290
3458
1094809
39
7
51
-339
2398
3319
1095834
-14
5
45
-307
2416
3296
1096859
-105
14
57
-300
2349
3373
1097884
-119
11
71
-308
2229
3456
1098909
-35
-14
62
-297
2224
3403
1099934
14
-25
38
-294
2386
3318
1100959
-45
-14
31
-277
2424
3356
1101984
-103
-11
53
-263
2343
3409
1103009
-96
-18
63
-293
2325
3365
1104034
-55
-26
34
-285
2311
3372
1105059
-22
-28
15
-306
2354
3416
1106084
-19
-30
25
-335
2348
3401
1098880
-29
-38
39
-314
2286
3382
1099905
-32
-37
32
-294
2287
3410
1100930
-7
-24
16
-312
2284
3475
1101955
26
-11
-9
-322
2330
3476
1102980
21
15
-40
-297
2374
3407
1104005
-24
67
-74
-324
2346
3484
1105030
-54
104
-110
-360
2284
3466
1106055
-45
119
-115
-419
2313
3431
1107080
-18
113
-97
-358
2297
3458
1108105
17
106
-68
-353
2302
3427
1109130
29
110
-45
-432
2350
3399
1110155
19
101
-24
-437
2415
3399
1111180
-3
80
7
-403
2457
3397
1112205
-8
52
2
-328
2493
3373
1113230
14
32
-41
-270
2641
3378
1114255
33
17
-125
-208
2876
3390
1107072
55
-5
-266
-71
3107
3355
1108097
56
-23
-472
-1
3379
3267
1109122
-43
-44
-754
-7
3725
3060
1110147
-336
-63
-1079
-32
4112
2910
1111172
-916
-66
-1393
-7
4226
2879
1112197
-1641
-32
-1721
66
3848
2851
1113222
-2054
23
-2058
58
3241
2974
1114247
-2089
37
-2384
6
2766
3138
1115272
-2128
53
-2685
-27
2545
3229
1116297
-2505
161
-2929
-16
2332
3229
1117322
-3120
349
-3083
-12
1820
3123
1118347
-3716
565
-3171
-24
1087
2974
1119372
-4073
779
-3214
-120
359
2756
1120397
-3859
945
-3285
-215
-288
2788
1121422
-3354
1012
-3450
-47
-517
2861
1122447
-3217
1118
-3635
154
-591
2316
1115265
-3579
1285
-3669
-42
-947
1740
1116290
-4192
1442
-3598
-64
-1844
1888
1117315
-4856
1566
-3505
197
-3435
1776
1118340
-5007
1665
-3311
-299
-4217
1664
1119365
-4688
1628
-3093
-970
-3359
2186
1120390
-4848
1675
-2900
-440
-3004
1933
1121415
-5484
1865
-2453
35
-3929
951
1122440
-5603
1992
-1931
-355
-4519
109
1123465
-4634
1894
-1664
-711
-4968
-458
1124490
-2990
1628
-1661
-680
-5586
-775
1125515
-1689
1365
-1627
-388
-5135
-675
1126540
-1566
1200
-1386
-81
-4850
-461
1127565
-1917
1061
-1126
-272
-5088
-312
1128590
-1741
900
-981
-418
-5130
-404
1129615
-832
678
-948
-184
-6117
-551
1130640
1358
483
344
-1665
-10635
584
1123456
539
174
1000
-574
-7105
-1732
1124481
-599
5
-140
-548
-1990
-1281
1125506
-253
-166
110
-1304
-3912
424
1126531
1127
-249
194
-757
-4017
619
1127556
1075
-299
256
-572
-4412
152
1128581
660
-229
279
-836
-5315
-36
1129606
891
-240
140
-726
-4058
414
1130631
909
-225
82
-609
-3835
795
1131656
629
-180
42
-679
-4126
849
1132681
386
-167
-13
-606
-4177
680
1133706
318
-128
11
-615
-4148
711
1134731
243
-78
11
-599
-4043
750
1135756
180
-34
16
-634
-4143
801
1136781
66
-17
-2
-643
-4174
771
1137806
3
-18
-1
-581
-4164
716
1138831
5
-10
41
-610
-4174
705
1131648
28
-13
75
-614
-4171
711
1132673
43
-21
96
-667
-4193
736
1133698
40
-35
79
-675
-4182
742
1134723
28
-38
60
-635
-4137
756
1135748
5
-23
49
-712
-4136
746
1136773
19
-19
-11
-723
-4218
716
1137798
56
-19
-63
-688
-4235
720
1138823
78
-17
-84
-600
-4132
758
1139848
50
0
-43
-597
-4057
811
1140873
-7
14
-11
-649
-4143
779
1141898
-22
9
-20
-664
-4243
727
1142923
7
-2
-35
-626
-4183
744
1143948
3
5
-20
-619
-4098
787
1144973
-19
16
-11
-659
-4159
763
1145998
-20
13
-41
-670
-4221
747
1147023
-26
10
-78
-636
-4137
801
1139840
-121
34
-106
-622
-3957
978
1140865
-419
103
-189
-660
-3831
1074
1141890
-724
182
-351
-802
-4388
808
1142915
-803
182
-584
-796
-4660
532
1143940
-684
131
-740
-627
-4544
374
1144965
518
55
-311
-1131
-5288
540
1145990
1191
-246
-379
-452
-4066
780
1147015
852
-353
-662
-204
-4631
914
1148040
1156
-425
-684
-171
-5279
1161
1149065
1694
-511
-799
51
-5389
1143
1150090
1851
-520
-757
-324
-5335
964
1151115
1252
-556
-361
-67
-5177
604
1152140
579
-501
171
881
-5436
511
1153165
1070
-451
1083
778
-7032
726
1154190
2231
-440
1917
80
-7214
1376
1155215
2724
-482
2168
451
-5061
1190
1148032
2277
-470
2553
268
-4751
857
1149057
1731
-565
2841
-359
-4940
790
1150082
1587
-806
2923
-337
-4449
828
1151107
1696
-972
3019
-268
-4186
1099
1152132
2124
-1104
3095
-291
-4114
1288
1153157
3075
-1202
3110
-490
-3592
1386
1154182
4029
-1280
3152
-634
-2839
1399
1155207
4690
-1357
3178
-467
-2258
1428
1156232
5109
-1349
3190
-251
-1594
1606
1157257
5500
-1261
3250
-375
-646
1713
1158282
5759
-1193
3402
-601
-72
1733
1159307
5712
-1135
3476
-703
231
1743
1160332
5035
-1157
3489
-733
902
1459
1161357
3428
-1184
3494
-714
1539
1065
1162382
1759
-1114
3472
-410
1523
1819
1163407
651
-1147
3331
-89
1510
2679
1156224
542
-1272
3165
188
1240
3143
1157249
1592
-1410
2980
550
1112
3758
1158274
3022
-1532
2847
848
1340
3713
1159299
3965
-1469
2639
946
2055
3254
1160324
3813
-1268
2182
1263
4119
3187
1161349
2461
-824
1707
1719
5912
3708
1162374
473
-155
1482
1339
5379
4063
1163399
-1013
286
1225
370
4248
3959
1164424
-1283
318
782
109
3581
3828
1165449
-806
190
366
423
3139
3840
1166474
-256
122
90
573
2748
3887
1167499
63
103
-71
434
2689
3751
1168524
124
77
-150
286
2712
3518
1169549
3
56
-182
324
2601
3371
1170574
-150
55
-153
435
2230
3446
1171599
-143
64
-140
458
1891
3618
1164416
38
42
-135
365
1788
3579
1165441
183
3
-121
281
1980
3364
1166466
144
-13
-105
318
2133
3202
1167491
24
12
-79
331
1917
3372
1168516
-48
17
-74
239
1806
3490
1169541
-48
14
-88
116
1922
3406
1170566
-65
-2
-99
117
2005
3317
1171591
-103
-12
-87
202
1932
3426
1172616
-145
1
-74
207
1796
3570
1173641
-185
21
-71
120
1841
3545
1174666
-211
29
-48
113
2009
3484
1175691
-230
25
13
182
1995
3556
1176716
-235
21
43
233
2007
3678
1177741
-178
14
42
270
2122
3727
1178766
-114
7
58
234
2252
3657
1179791
-80
0
76
220
2289
3676
1172608
-71
-8
51
274
2243
3729
1173633
-13
-1
-4
280
2157
3802
1174658
51
15
-52
234
2132
3806
1175683
101
31
-60
192
2119
3703
1176708
84
49
-65
178
2113
3652
1177733
26
77
-93
222
2047
3699
1178758
-9
114
-110
160
1993
3668
1179783
-8
132
-92
67
1931
3614
1180808
-22
125
-64
62
1944
3537
1181833
-48
115
-40
78
1966
3512
1182858
-63
109
-27
75
1907
3548
1183883
-45
95
-5
38
1929
3502
1184908
-3
66
33
32
1977
3488
1185933
2
36
49
76
2005
3510
1186958
-33
19
40
96
2050
3494
1187983
-71
9
28
110
2098
3486
1180799
-110
-9
15
109
2097
3477
1181824
-146
-37
1
110
2098
3480
1182849
-135
-66
-18
144
2019
3607
1183874
-16
-97
-46
206
1894
3726
1184899
148
-112
-65
180
1895
3703
1185924
200
-99
-78
150
1993
3637
1186949
99
-67
-68
168
2029
3717
1187974
-36
-15
-33
182
1899
3853
1188999
-59
28
-5
100
1839
3786
1190024
2
44
4
42
1927
3689
1191049
2
51
21
75
2067
3690
1192074
-62
69
61
67
2065
3689
1193099
-90
77
80
32
2017
3622
1194124
-44
61
64
52
2073
3585
1195149
20
43
58
86
2065
3620
1196174
53
35
67
81
2066
3615
1188992
64
29
71
104
2050
3605
1190017
76
31
48
146
2055
3598
1191042
70
46
27
139
2114
3585
1192067
27
66
32
166
2151
3579
1193092
-18
93
52
225
2174
3567
1194117
-47
119
53
225
2240
3528
1195142
-61
136
21
205
2351
3541
1196167
-87
125
-36
257
2564
3599
1197192
-200
118
-143
405
2908
3685
1198217
-428
173
-310
514
3047
3710
1199242
-670
260
-518
486
2915
3649
1200267
-781
322
-785
428
3042
3723
1201292
-897
355
-1056
459
3327
3800
1202317
-1221
438
-1323
383
3261
3643
1203342
-1716
564
-1607
161
3067
3446
1204367
-2147
686
-1898
65
2834
3545
1197184
-2386
790
-2152
137
2352
3711
1198209
-2492
912
-2391
40
1847
3544
1199234
-2639
1030
-2614
-144
1635
3226
1200259
-3030
1188
-2808
-59
1397
3086
1201284
-3522
1433
-2960
19
766
2937
1202309
-3851
1674
-3012
-180
1
2775
1203334
-4112
1881
-3062
-367
-333
2748
1204359
-4293
2074
-3134
-329
-725
2614
1205384
-4215
2260
-3168
-401
-1462
2464
1206409
-4027
2363
-3165
-488
-2382
2282
1207434
-4318
2426
-3165
-488
-2880
1776
1208459
-4892
2479
-3053
-493
-2761
872
1209484
-5214
2560
-2788
-719
-2610
474
1210509
-4990
2529
-2508
-615
-3527
851
1211534
-4980
2344
-2316
18
-4631
521
1212559
-4847
2238
-1986
-31
-4481
-40
1205376
-4084
2065
-1820
-538
-3947
-425
1206401
-2647
1586
-1809
-670
-4798
-1183
1207426
-1388
1087
-1714
-338
-5774
-1362
1208451
-735
769
-1581
-136
-5478
-918
1209476
-262
567
-1409
-406
-4905
-389
1210501
159
387
-1250
-648
-4799
-154
1211526
180
299
-1128
-546
-4476
-38
1212551
628
217
-929
-713
-7297
1102
1213576
1385
378
1057
-2376
-10673
699
1214601
-1003
3
289
-235
-4727
-1723
1215626
-937
-64
-98
-1120
-2639
203
1216651
13
-126
33
-1175
-2974
684
1217676
889
-264
88
-373
-4177
59
1218701
566
-218
277
-565
-5834
24
1219726
365
-136
263
-740
-4607
266
1220751
463
-134
198
-528
-3266
833
1213568
148
-5
246
-687
-3986
828
1214593
-198
35
207
-800
-4375
511
1215618
-233
29
141
-667
-4306
364
1216643
-170
64
169
-811
-4178
460
1217668
-183
56
68
-920
-4208
456
1218693
-156
12
-74
-843
-4359
310
1219718
-20
-32
-133
-687
-4315
262
1220743
128
-53
-67
-626
-4197
369
1221768
149
-55
24
-665
-4085
490
1222793
100
-47
63
-684
-4166
438
1223818
111
-38
83
-715
-4280
401
1224843
141
-26
88
-721
-4219
477
1225868
99
-8
79
-724
-4111
531
1226893
33
16
66
-759
-4108
531
1227918
-11
30
30
-814
-4205
502
1228943
-22
22
-24
-776
-4240
439
1222013
23
14
-37
-723
-4204
445
1223038
57
10
-18
-721
-4164
485
1224063
52
9
-1
-733
-4186
480
1225088
68
7
9
-729
-4240
440
1226113
122
6
27
-714
-4218
444
1227138
165
9
52
-731
-4155
523
1228163
143
15
50
-779
-4133
590
1229188
80
22
11
-763
-4171
551
1230213
70
34
10
-684
-4201
504
1231238
80
58
65
-727
-4143
582
1232263
17
77
68
-770
-4069
642
1233288
-68
87
31
-853
-4186
565
1234313
-73
67
-38
-830
-4224
550
1235338
-104
45
-66
-751
-4066
649
1236363
-221
37
-61
-783
-4064
611
1237388
-257
11
-76
-741
-4301
422
1229951
-260
17
-74
-666
-4329
879
1230976
-660
153
-227
-541
-4228
1238
1232001
-1135
430
-625
-803
-5212
936
1233026
1481
-30
-584
-1535
-7190
30
1234051
1855
-64
-392
-1222
-3892
-195
1235076
615
21
-413
-1231
-4261
-106
1236101
131
-22
-185
-1507
-5442
-308
1237126
488
-275
-107
-543
-5001
-18
1238151
850
-457
442
483
-6012
35
1239176
1531
-519
1100
200
-7398
80
1240201
2460
-614
1605
-299
-6279
389
1241226
2571
-800
1996
-409
-5283
681
1242251
2352
-1059
2253
-204
-5605
703
1243276
2534
-1239
2454
-246
-5274
270
1244301
3026
-1358
2653
-410
-4709
432
1245326
3690
-1392
2891
-489
-4406
1100
1238144
4281
-1416
3184
-533
-4250
1473
1239169
4823
-1418
3377
-491
-3830
1629
1240194
5172
-1379
3496
-394
-2661
1720
1241219
5546
-1228
3720
-500
-1638
1936
1242244
5906
-1104
3975
-602
-1297
1957
1243269
6355
-1047
4051
-431
-1079
1839
1244294
6727
-944
4014
-160
-297
1724
1245319
6847
-739
3974
-192
861
1530
1246344
6354
-473
3935
-294
1889
1512
1247369
5291
-251
3881
-137
2446
1647
1248394
4037
-32
3730
225
2712
1838
1249419
2765
146
3509
408
3275
1550
1250444
1310
310
3294
221
3876
1332
1251469
5
309
2998
280
4141
1526
1252494
-633
222
2613
516
4237
2165
1253519
-608
141
2242
536
3850
2604
1246336
-337
15
1854
372
4013
2869
1247361
-193
-79
1469
260
4416
3030
1248386
-103
-105
1016
294
4299
2988
1249411
36
-137
556
377
3945
3088
1250436
49
-102
174
316
3601
3330
1251461
-62
-4
-96
-12
3411
3292
1252486
-109
29
-262
-197
3163
3029
1253511
-54
-7
-341
-59
2955
2913
1254536
-58
-5
-322
-4
2604
3043
1255561
-115
14
-255
-135
2420
3054
1256586
-88
3
-199
-253
2520
2989
1257611
11
-30
-164
-163
2525
3019
1258636
61
-59
-120
-118
2551
2947
1259661
-34
-45
-93
-200
2528
2946
1260686
-125
-37
-80
-193
2416
3065
1261711
-12
-41
-48
-192
2501
3186
1254528
107
-38
-33
-219
2591
3092
1255553
49
-16
-51
-215
2736
2958
1256578
-165
42
-20
-302
2763
3032
1257603
-287
63
26
-287
2569
3241
1258628
-176
40
64
-262
2437
3204
1259653
12
7
60
-288
2616
3035
1260678
24
-11
56
-231
2777
3003
1261703
-89
2
99
-170
2729
3137
1262728
-111
3
139
-115
2551
3260
1263753
10
-5
126
-75
2550
3291
1264778
90
12
95
-98
2685
3195
1265803
9
37
81
-160
2863
3052
1266828
-133
57
74
-109
2752
3092
1267853
-173
61
64
-83
2590
3143
1268878
-106
64
36
-164
2566
3170
1269903
-32
45
12
-204
2604
3124
1262720
10
13
13
-196
2720
3041
1263745
-33
-1
6
-143
2698
2970
1264770
-93
6
-14
-158
2609
3084
1265795
-104
11
-25
-196
2517
3235
1266820
-27
-7
-16
-216
2495
3186
1267845
68
-39
-3
-181
2525
3057
1268870
53
-41
-3
-150
2593
3047
1269895
-69
-12
3
-181
2619
3139
1270920
-144
6
17
-176
2474
3244
1271945
-81
-5
22
-160
2395
3240
1272970
30
-22
12
-137
2527
3215
1273995
40
-16
19
-130
2634
3210
1275020
-51
9
54
-169
2697
3177
1276045
-151
26
78
-169
2618
3212
1277070
-145
21
65
-144
2533
3278
1278095
-51
10
49
-174
2557
3266
1270911
30
-5
41
-211
2649
3216
1271936
39
-22
36
-164
2706
3137
1272961
-5
-13
25
-125
2636
3153
1273986
-31
4
-4
-128
2553
3255
1275011
7
9
-21
-178
2520
3276
1276036
65
3
-28
-192
2528
3195
1277061
74
2
-36
-147
2564
3120
1278086
28
23
-37
-114
2562
3197
1279111
-12
48
-14
-159
2473
3270
1280136
-6
52
4
-219
2493
3204
1281161
2
45
2
-214
2533
3122
1282186
-24
46
-4
-202
2586
3109
1283211
-58
52
12
-220
2559
3165
1284236
-63
30
23
-194
2540
3125
1285261
-51
6
22
-196
2548
3074
1286286
-44
-11
-1
-172
2530
3148
1279104
-49
-17
-24
-180
2578
3149
1280129
-72
-15
-45
-167
2582
3120
1281154
-99
-17
-97
-50
2673
3120
1282179
-115
-9
-158
7
2793
3126
1283204
-165
-6
-251
31
3027
3102
1284229
-381
-13
-401
113
3526
2993
1285254
-876
17
-623
214
3913
2869
1286279
-1481
59
-900
309
4076
2814
1287304
-2070
87
-1212
360
3951
2841
1288329
-2566
110
-1607
441
3927
2974
1289354
-3025
194
-2040
561
3716
3034
1290379
-3305
358
-2486
563
3091
2996
1291404
-3338
532
-2919
390
2517
3055
1292429
-3328
685
-3307
278
2024
3124
1293454
-3380
851
-3602
135
1504
3015
1294479
-3605
1000
-3724
-58
947
2790
1287297
-4151
1221
-3774
-93
414
2715
1288322
-4602
1509
-3796
-127
-209
2692
1289347
-4633
1722
-3761
-463
-814
2521
1290372
-4471
1806
-3785
-617
-1300
2528
1291397
-4541
1903
-3943
-130
-2294
2234
1292422
-4698
2053
-3942
80
-3964
1486
1293447
-4886
2066
-3688
-86
-4654
1403
1294472
-5407
2144
-3366
30
-3212
1425
1295497
-5362
2260
-2989
597
-2971
1362
1296522
-4421
2319
-2529
861
-4807
579
1297547
-3237
2149
-2036
205
-5692
-658
1298572
-2899
1745
-1723
154
-5214
-1171
1299597
-2732
1355
-1559
316
-5029
-886
1300622
-2006
1054
-1384
-181
-5205
-664
1301647
-1003
763
-1248
-626
-5364
-455
1302672
-372
549
-1171
-552
-4993
-48
1295487
73
407
-1105
-182
-5853
199
1296512
1889
440
578
-1479
-10462
1565
1297537
474
230
1467
-353
-5774
-752
1298562
-1383
130
-119
-160
-2848
-984
1299587
-823
94
217
-1261
-4559
780
1300612
842
-47
614
-1038
-3913
1290
1301637
806
-206
473
-530
-4245
759
1302662
351
-96
395
-997
-5091
626
1303687
225
-128
126
-882
-3916
874
1304712
84
-123
-21
-612
-3825
934
1305737
-172
-48
-28
-685
-4141
863
1306762
-334
-51
-45
-573
-4103
684
1307787
-347
-46
26
-616
-4171
615
1308812
-303
-32
62
-662
-4317
461
1309837
-130
-30
79
-641
-4359
406
1310862
38
-27
106
-665
-4245
535
1303680
104
-23
103
-690
-4171
610
1304705
131
-18
78
-693
-4225
564
1305730
204
-14
68
-690
-4296
554
1306755
262
-14
71
-702
-4178
682
1307780
212
-10
57
-722
-4065
796
1308805
105
-9
27
-710
-4104
752
1309830
47
-6
19
-708
-4176
699
1310855
35
-8
22
-705
-4174
702
1311880
32
-14
26
-742
-4141
750
1312905
-6
-27
-13
-744
-4142
761
1313930
-34
-35
-42
-694
-4203
673
1314955
-4
-27
-35
-677
-4164
687
1315980
-10
-10
-22
-678
-4104
736
1317005
-25
5
-15
-704
-4202
675
1318030
1
4
-26
-689
-4219
665
1319055
29
11
-28
-667
-4163
695
1311872
30
28
-21
-690
-4170
711
1312897
49
31
-25
-675
-4213
653
1313922
123
22
-12
-658
-4235
644
1314947
188
13
18
-632
-4151
719
1315972
198
22
73
-641
-4126
736
1316997
222
29
102
-694
-4179
755
1318022
215
19
90
-672
-4130
830
1319047
157
31
84
-747
-4157
834
1320072
117
43
32
-761
-4167
820
1321097
110
62
-22
-722
-4131
821
1322122
117
77
-44
-730
-4146
824
1323147
109
78
-65
-780
-4165
869
1324172
84
58
-125
-837
-4219
872
1325197
85
9
-233
-819
-4241
897
1326222
52
-54
-329
-743
-4186
1041
1327247
-155
-88
-393
-668
-4042
1214
1320063
-448
-94
-468
-645
-4232
1100
1321088
-622
-116
-628
-669
-4677
1115
1322113
-590
-192
-1000
-770
-5568
1775
1323138
527
-468
-1163
-368
-5757
1610
1324163
-373
-200
-1178
-694
-4893
337
1325188
-1307
-318
-634
-853
-5447
-753
1326213
-1483
-571
3
451
-5699
-577
1327238
-1478
-492
788
1014
-6968
83
1328263
-262
-534
1512
70
-6841
247
1329288
1745
-799
1797
269
-6086
-484
1330313
3120
-1060
2109
-8
-6228
-939
1331338
3467
-1348
2403
-57
-5432
-990
1332363
3475
-1572
2621
-126
-4798
-470
1333388
3661
-1717
2718
-325
-4750
157
1334413
4122
-1796
2784
-239
-4416
318
1335438
4682
-1781
2958
-212
-3916
460
1328256
5070
-1735
3174
-414
-3333
873
1329281
5478
-1737
3294
-348
-2785
1234
1330306
6060
-1667
3411
-193
-2327
1516
1331331
6547
-1488
3496
-27
-1362
1675
1332356
7316
-1220
3631
16
-703
1627
1333381
7876
-926
3787
-168
-161
1417
1334406
8052
-643
3867
-279
597
1410
1335431
7844
-376
3909
15
1096
1611
1336456
7163
-37
3816
453
2092
1780
1337481
5930
413
3812
522
3046
1893
1338506
4150
742
3701
460
3650
1840
1339531
2028
973
3143
963
4495
1407
1340556
53
1159
2462
1173
5361
845
1341581
-1533
1239
1912
632
6094
692
1342606
-2306
1180
1528
-51
5244
1167
1343631
-1799
765
1085
-270
3936
1839
1336448
-538
196
517
-169
3723
2417
1337473
272
-179
83
-321
3793
2745
1338498
463
-352
-109
-731
3721
2770
1339523
273
-387
-188
-872
3651
2635
1340548
21
-410
-210
-533
3241
2704
1341573
-53
-416
-163
-244
2826
2959
1342598
38
-343
-82
-299
2592
3302
1343623
138
-270
-26
-408
2761
3262
1344648
88
-204
-16
-375
3048
3061
1345673
-216
-112
-24
-235
3082
2915
1346698
-520
7
-11
-285
2826
3024
1347723
-545
66
5
-424
2587
3118
1348748
-295
30
0
-455
2547
3006
1349773
-29
-24
-20
-393
2666
2798
1350798
48
-43
-27
-341
2747
2831
1351823
-23
-22
1
-392
2706
3007
1344640
-80
-10
27
-424
2694
2982
1345665
-90
-12
38
-373
2643
2895
1346690
-80
-9
30
-303
2664
2980
1347715
-84
19
49
-366
2687
3132
1348740
-93
41
67
-439
2738
3088
1349765
-93
35
67
-358
2776
3011
1350790
-96
36
49
-291
2815
3037
1351815
-96
49
45
-317
2775
3187
1352840
-63
45
53
-335
2762
3201
1353865
-19
37
57
-313
2817
3098
1354890
1
29
26
-239
2821
3059
1355915
-3
36
-2
-270
2785
3124
1356940
-14
48
-17
-327
2741
3166
1357965
0
44
-26
-327
2694
3093
1358990
12
38
-45
-312
2683
2987
1360015
-14
38
-62
-357
2730
2968
1352832
-44
36
-46
-401
2649
3050
1353857
-36
17
-14
-417
2603
3037
1354882
0
-4
-1
-411
2613
2963
1355907
2
-16
-7
-387
2658
2973
1356932
-19
-17
4
-386
2704
3062
1357957
-18
-22
32
-380
2658
3068
1358982
8
-35
42
-346
2653
3037
1360007
24
-31
24
-311
2710
3096
1361032
-10
0
3
-371
2749
3123
1362057
-38
18
-12
-379
2718
3112
1363082
-32
18
-17
-347
2669
3071
1364107
-10
21
-24
-346
2668
3077
1365132
-11
33
-27
-393
2723
3092
1366157
-44
39
-12
-447
2720
3051
1367182
-31
25
-3
-393
2657
3072
1368207
24
10
-3
-377
2723
3059
1361169
22
15
-13
-414
2776
3030
1362194
-30
17
-15
-407
2798
3024
1363219
-57
12
-10
-380
2704
3034
1364244
-8
-3
-31
-366
2653
3033
1365269
54
-15
-61
-395
2749
2985
1366294
30
-14
-67
-413
2773
2959
1367319
-37
-17
-61
-400
2698
3012
1368344
-15
-24
-69
-362
2549
3123
1369369
87
-31
-84
-411
2610
3072
1370394
98
-25
-81
-476
2737
2990
1371419
-11
-10
-58
-413
2669
3068
1372444
-58
13
-27
-407
2545
3179
1373469
25
25
-11
-488
2541
3161
1374494
62
36
-1
-546
2698
3058
1375519
-11
68
12
-514
2698
3097
1376544
-49
112
16
-480
2569
3177
1369216
-2
149
3
-545
2723
3097
1370241
13
165
-16
-488
2895
3008
1371266
-45
181
-44
-401
3102
2964
1372291
-129
190
-130
-342
3321
2905
1373316
-264
195
-295
-283
3513
2888
1374341
-396
188
-505
-220
3637
2900
1375366
-533
154
-737
-179
3888
2791
1376391
-859
150
-982
-224
4026
2604
1377416
-1353
184
-1255
-359
3901
2475
1378441
-1798
178
-1503
-469
3684
2521
1379466
-2090
138
-1747
-481
3251
2586
1380491
-2072
109
-2034
-517
2624
2489
1381516
-1750
62
-2314
-660
2259
2542
1382541
-1591
-29
-2515
-792
2632
2834
1383566
-1965
-94
-2640
-722
2859
3012
1384591
-2753
-12
-2796
-426
2105
2959
1377408
-3447
181
-2960
-516
1297
2767
1378433
-3738
320
-3112
-656
925
2619
1379458
-3790
441
-3237
-558
490
2651
1380483
-3844
589
-3352
-338
-268
2717
1381508
-4018
754
-3484
-176
-1257
2405
1382533
-4446
883
-3442
-415
-2324
2170
1383558
-5111
901
-3332
-560
-2451
2204
1384583
-5390
1060
-3240
-207
-2696
1913
1385608
-5295
1255
-2892
56
-4733
1575
1386633
-5567
1326
-2468
-271
-5117
1582
1387658
-6070
1387
-2065
-461
-3757
1331
1388683
-6195
1472
-1623
-532
-3680
1010
1389708
-5365
1429
-1353
-925
-4353
700
1390733
-3452
1195
-1386
-1181
-4632
207
1391758
-1369
977
-1439
-1115
-4888
-65
1392783
35
781
-1336
-837
-5600
5
1385599
543
634
-1302
-620
-4972
506
1386624
516
547
-1363
-464
-4122
996
1387649
93
548
-1199
-359
-4192
984
1388674
-587
608
-953
-279
-4231
602
1389699
-952
592
-824
-150
-5807
811
1390724
35
502
552
-1474
-13605
1568
1391749
-757
297
424
-58
-6090
-1147
1392774
-960
185
400
-943
-70
192
1393799
-1188
-37
10
-890
-3356
572
1394824
489
-172
-128
-759
-4189
607
1395849
1361
-284
247
-1317
-4833
965
1396874
114
-310
174
-688
-5924
267
1397899
197
-273
75
-415
-3787
535
1398924
473
-252
82
-582
-3458
957
1399949
226
-140
152
-775
-4040
854
1400974
71
-97
130
-725
-4422
729
1393793
14
-53
93
-718
-4222
717
1394818
18
4
37
-680
-4061
752
1395843
11
60
4
-707
-4205
722
1396868
40
59
-28
-706
-4296
646
1397893
149
28
-34
-667
-4237
713
1398918
176
17
-17
-665
-4111
834
1399943
113
16
11
-625
-4079
793
1400968
98
18
71
-620
-4152
750
1401993
140
16
127
-691
-4218
802
1403018
129
5
118
-742
-4139
855
1404043
80
-5
66
-733
-4081
867
1405068
29
6
32
-712
-4137
835
1406093
30
17
22
-715
-4201
770
1407118
91
10
9
-739
-4177
780
1408143
159
-10
-8
-745
-4180
806
1409168
203
-34
-18
-752
-4169
856
1401984
202
-48
-42
-721
-4091
922
1403009
163
-49
-46
-680
-4069
963
1404034
90
-40
-26
-671
-4074
971
1405059
20
-26
-3
-655
-4075
960
1406084
-48
-3
21
-674
-4083
937
1407109
-77
10
29
-698
-4178
856
1408134
-45
13
25
-716
-4200
852
1409159
-7
10
3
-722
-4138
874
1410184
12
9
-13
-709
-4099
900
1411209
28
2
-24
-708
-4174
869
1412234
72
-14
-26
-705
-4197
870
1413259
104
-25
-24
-680
-4098
919
1414284
89
-17
-15
-672
-4044
974
1415309
43
-5
-3
-676
-4119
940
1416334
27
1
5
-682
-4149
917
1417359
31
5
10
-678
-4109
942
1410175
7
16
12
-694
-4093
953
1411200
-5
17
6
-692
-4165
898
1412225
32
9
8
-698
-4177
898
1413250
74
-6
8
-710
-4136
929
1414275
88
-15
4
-697
-4101
970
1415300
77
-23
-2
-714
-4113
978
1416325
66
-27
-11
-672
-4137
967
1417350
46
-16
2
-680
-4073
1003
1418375
-4
-5
5
-683
-4061
1014
1419400
-34
2
6
-705
-4147
948
1420425
-7
-6
1
-695
-4152
940
1421450
14
-9
3
-681
-4102
983
1422475
-3
-4
4
-690
-4089
991
1423500
-23
1
-1
-685
-4113
982
1424525
-44
8
-1
-684
-4107
988
1425550
-69
12
2
-686
-4112
963
1418368
-79
13
8
-684
-4121
938
1419393
-67
9
12
-692
-4135
927
1420418
-46
3
10
-719
-4169
936
1421443
-35
-2
-10
-707
-4116
957
1422468
-47
1
-18
-668
-4095
939
1423493
-55
5
-3
-687
-4128
914
1424518
-38
-6
-5
-717
-4170
904
1425543
-5
-32
-35
-749
-4166
906
1426568
33
-73
-104
-834
-4219
927
1427593
48
-133
-261
-910
-4293
1048
1428618
-24
-187
-468
-825
-4437
1154
1429643
-100
-209
-690
-782
-4957
825
1430668
401
-444
-780
-1131
-6092
124
1431693
2342
-885
-57
-1199
-7340
161
1432718
2497
-913
19
472
-5894
1195
1433743
2253
-708
646
999
-5440
1092
1426560
3776
-548
1708
470
-6772
1621
1427585
5051
-446
2560
-301
-7151
1896
1428610
4688
-386
2968
-586
-5465
1556
1429635
3310
-384
3243
-480
-4141
1415
1430660
2498
-443
3442
-614
-3777
1475
1431685
2849
-552
3524
-700
-3529
1744
1432710
3705
-721
3651
-701
-3191
1889
1433735
4511
-860
3691
-529
-2637
1856
1434760
5437
-940
3684
-414
-1815
1857
1435785
6120
-949
3790
-362
-1035
1636
1436810
6548
-939
3916
-290
-518
1376
1437835
6690
-848
4005
59
-5
1537
1438860
6242
-661
4100
267
798
1716
1439885
5504
-439
4239
294
1679
1904
1440910
4167
-158
4327
294
2704
1979
1441935
2699
52
4341
396
3073
2039
1434962
1245
147
4117
783
3341
2065
1435987
-203
237
3694
1099
3738
1925
1437012
-995
281
3144
1184
4140
2252
1438037
-891
266
2496
1173
4626
3042
1439062
-208
208
1930
1030
4355
3482
1440087
358
171
1321
671
4335
3483
1441112
376
196
730
344
4273
3459
1442137
145
236
311
78
3806
3294
1443162
-26
230
24
-78
3330
3041
1444187
-80
176
-165
32
2779
3036
1445212
-49
124
-221
48
2528
3137
1446237
-50
83
-195
40
2528
3242
1447262
-75
52
-147
133
2461
3214
1448287
-96
23
-104
163
2407
3145
1449312
-128
-2
-94
182
2307
3140
1450337
-117
-16
-89
108
2242
3204
1442944
-76
-35
-88
0
2317
3259
1443969
-33
-68
-109
-16
2356
3199
1444994
-45
-83
-121
-91
2422
3097
1446019
-102
-84
-118
-120
2421
3200
1447044
-93
-90
-108
-95
2295
3391
1448069
-11
-94
-108
-141
2261
3368
1449094
39
-86
-103
-203
2417
3287
1450119
-32
-72
-56
-156
2504
3316
1451144
-116
-53
7
-54
2369
3417
1452169
-117
-38
33
-49
2334
3393
1453194
-66
-30
25
-91
2384
3355
1454219
-42
-29
34
-78
2428
3416
1455244
-57
-25
65
-73
2474
3393
1456269
-58
-30
78
-1
2404
3391
1457294
-53
-31
60
22
2430
3384
1458319
-35
-25
54
-45
2404
3416
1451136
2
-37
54
-42
2408
3366
1452161
19
-40
56
12
2435
3307
1453186
-21
-25
32
31
2444
3297
1454211
-71
1
-1
-18
2374
3354
1455236
-68
3
-21
-61
2335
3351
1456261
-5
-12
-28
-43
2315
3295
1457286
34
-11
-29
-16
2319
3291
1458311
4
14
-25
-64
2361
3346
1459336
-60
39
-11
-123
2326
3367
1460361
-71
38
5
-93
2297
3375
1461386
-18
22
14
-10
2305
3413
1462411
39
21
25
4
2345
3431
1463436
14
44
37
-73
2445
3363
1464461
-71
55
44
-85
2449
3345
1465486
-114
50
40
-25
2385
3409
1466511
-51
30
37
11
2338
3448
1459328
28
24
44
-51
2387
3403
1460353
31
16
48
-76
2481
3355
1461378
-12
3
28
19
2477
3328
1462403
-22
12
9
20
2359
3409
1463428
11
16
-1
-70
2363
3409
1464453
46
1
-6
-81
2366
3361
1465478
50
-10
-12
-17
2304
3324
1466503
19
1
-29
-28
2334
3341
1467528
-29
31
-35
-81
2318
3381
1468553
-43
35
-23
-105
2263
3389
1469578
-8
16
-11
-57
2222
3373
1470603
30
9
-14
-68
2329
3328
1471628
7
21
-6
-104
2404
3352
1472653
-71
32
9
-93
2397
3362
1473678
-85
32
22
-74
2297
3420
1474703
-4
15
18
-85
2289
3450
1467521
74
-3
3
-90
2445
3363
1468546
48
-2
4
-50
2523
3322
1469571
-62
16
4
-42
2430
3376
1470596
-89
30
-16
-75
2281
3475
1471621
11
15
-32
-111
2287
3465
1472646
94
-12
-31
-82
2404
3330
1473671
44
-15
-18
-42
2469
3265
1474696
-62
12
-18
-45
2335
3437
1475721
-48
16
-22
-102
2280
3533
1476746
85
-15
-35
-46
2426
3455
1477771
168
-38
-76
114
2717
3358
1478796
104
-13
-176
171
3005
3263
1479821
-85
13
-354
191
3352
3227
1480846
-422
12
-587
331
3761
3233
1481871
-959
51
-846
413
3738
3121
1482896
-1549
115
-1163
323
3811
2917
1475711
-2300
203
-1429
130
3859
2819
1476736
-3251
293
-1673
142
3824
3091
1477761
-3933
447
-1962
477
3189
3616
1478786
-4007
686
-2318
504
2144
3759
1479811
-3756
887
-2697
201
1764
3668
1480836
-3705
1057
-2999
146
1621
3475
1481861
-3788
1297
-3135
243
1009
3269
1482886
-3882
1591
-3156
97
45
3120
1483911
-3892
1845
-3203
-95
-640
2983
1484936
-3762
2040
-3273
-205
-861
2698
1485961
-3621
2188
-3284
-310
-1141
2391
1486986
-3639
2297
-3260
-267
-1386
2201
1488011
-4242
2495
-3178
-2
-1844
1798
1489036
-4824
2723
-3032
4
-2883
1103
1490061
-3964
2709
-2898
-333
-3975
1376
1491086
-2663
2506
-2918
-181
-4598
1508
1483905
-2226
2327
-2724
-206
-4322
104
1484930
-2921
2195
-2196
-1163
-3248
-304
1485955
-3556
1881
-1914
-1283
-3779
805
1486980
-2993
1499
-2012
-404
-5628
825
1488005
-1828
1294
-1853
-400
-5574
-198
1489030
-1074
1086
-1602
-769
-4536
-802
1490055
-979
809
-1436
-591
-4961
135
1491080
-1346
633
-1285
-326
-5017
628
1492105
-1593
607
-1108
-477
-4472
430
1493130
-1191
545
-997
-767
-4865
553
1494155
51
415
-877
-1674
-6735
1141
1495180
95
280
501
-1686
-12031
700
1496205
-745
102
51
-388
-5263
-1346
1497230
-120
155
320
-1581
-230
556
1498255
-635
-26
-232
-448
-3369
381
1499280
581
-34
-272
-266
-4218
460
1492096
700
-84
-14
-341
-5228
706
1493121
-247
-4
47
-542
-5218
-24
1494146
174
-37
185
-619
-3376
550
1495171
236
-41
240
-536
-4072
691
1496196
166
-25
259
-724
-4392
575
1497221
181
-68
213
-776
-4392
603
1498246
124
-75
135
-732
-4061
721
1499271
-2
-34
74
-678
-4070
677
1500296
-54
-6
69
-713
-4312
542
1501321
8
-21
47
-712
-4219
556
1502346
64
-31
28
-722
-4186
631
1503371
35
-30
1
-724
-4195
635
1504396
17
-30
-13
-661
-4175
600
1505421
31
-22
14
-681
-4161
630
1506446
4
-14
14
-731
-4158
669
1507471
-59
-8
-33
-746
-4184
631
1500287
-47
-9
-84
-735
-4251
568
1501312
4
-15
-105
-648
-4185
608
1502337
-3
-19
-81
-697
-4149
650
1503362
-32
-32
-108
-712
-4228
632
1504387
-57
-36
-149
-639
-4164
652
1505412
-139
-11
-132
-532
-4023
687
1506437
-207
34
-77
-598
-4185
558
1507462
-183
54
-77
-695
-4338
561
1508487
-209
59
-150
-628
-4193
644
1509512
-269
84
-203
-606
-4276
534
1510537
-211
83
-286
-761
-4652
407
1511562
-58
13
-505
-894
-4832
556
1512587
720
-139
-467
-1045
-5605
851
1513612
1591
-343
-376
-486
-4522
1004
1514637
979
-330
-676
-897
-4720
447
1515662
1206
-610
-521
-1573
-6351
96
1508480
2573
-1148
-426
-405
-7437
658
1509505
3859
-1170
-278
782
-6462
1191
1510530
4485
-914
686
692
-5906
873
1511555
4371
-817
2004
-52
-7061
719
1512580
4203
-909
2418
-193
-6568
974
1513605
4098
-1036
2657
224
-5280
1296
1514630
4101
-1032
3022
76
-4673
1382
1515655
4613
-1129
3336
-113
-4391
1474
1516680
5169
-1215
3476
-126
-3262
1692
1517705
5299
-1249
3676
-49
-2341
1863
1518730
5151
-1228
3831
-165
-1926
1882
1519755
5233
-1193
3887
-170
-1201
1974
1520780
5516
-1144
3934
229
-416
2163
1521805
5882
-968
4016
422
-59
2299
1522830
6052
-821
4022
431
424
2075
1523855
5616
-682
3853
620
1611
1871
1516673
4414
-430
3628
861
2698
1919
1517698
2864
-145
3385
1125
3161
1864
1518723
1334
76
3197
1095
3233
1774
1519748
209
158
3018
987
2993
2163
1520773
-167
97
2676
1275
2614
2752
1521798
106
-4
2302
1515
2383
2830
1522823
501
-27
1940
1334
2735
2729
1523848
668
-80
1598
1245
3113
2849
1524873
528
-105
1284
1300
3303
3143
1525898
182
-47
1012
1187
3204
3261
1526923
-241
43
712
942
3018
3355
1527948
-598
70
424
970
2880
3584
1528973
-561
102
250
1149
2371
3851
1529998
-218
166
132
1039
2064
3807
1531023
-80
216
-19
758
2269
3617
1532048
-200
234
-158
684
2382
3620
1524864
-241
233
-199
770
2212
3736
1525889
-158
275
-193
616
1925
3764
1526914
-149
263
-214
380
1926
3598
1527939
-217
182
-198
395
1958
3522
1528964
-176
115
-114
392
1759
3576
1529989
30
66
-29
353
1633
3692
1531014
97
41
20
259
1702
3637
1532039
12
20
47
231
1898
3587
1533064
-50
-2
86
337
1844
3581
1534089
-39
8
115
336
1797
3523
1535114
-53
26
105
279
1858
3476
1536139
-146
16
77
320
1922
3560
1537164
-179
-6
88
409
1926
3638
1538189
-89
-5
102
406
1887
3633
1539214
-4
0
71
378
1868
3582
1540239
36
-30
31
423
2024
3631
1533056
32
-50
23
534
2061
3756
1534081
5
-15
30
512
1907
3769
1535106
-41
27
-14
422
1961
3695
1536131
-106
36
-44
461
2004
3734
1537156
-131
41
-12
476
1822
3799
1538181
-101
47
8
413
1778
3762
1539206
-103
59
-8
388
1864
3667
1540231
-115
59
-5
411
1841
3680
1541256
-81
35
27
400
1787
3709
1542281
-4
12
42
367
1821
3676
1543306
28
-6
20
398
1870
3593
1544331
-18
-21
20
395
1940
3616
1545356
-115
-40
39
397
1886
3720
1546381
-154
-40
38
444
1737
3704
1547406
-76
-36
37
430
1696
3631
1548431
3
-48
40
358
1719
3654
1541248
23
-70
40
372
1822
3727
1542273
-5
-66
46
427
1817
3715
1543298
-30
-40
30
420
1783
3650
1544323
-46
-32
16
394
1831
3680
1545348
-65
-36
15
450
1821
3755
1546373
-58
-21
17
503
1720
3747
1547398
-29
4
8
440
1738
3720
1548423
-17
1
-2
454
1851
3778
1549448
-49
-4
3
522
1846
3834
1550473
-77
21
9
513
1759
3760
1551498
-37
44
0
423
1731
3734
1552523
5
27
-11
418
1818
3836
1553548
14
-1
0
447
1814
3841
1554573
43
-8
1
460
1746
3750
1555598
93
9
-33
522
1829
3752
1556623
71
30
-34
510
1948
3813
1549440
-10
39
-46
524
1989
3846
1550465
-16
56
-101
641
2038
3803
1551490
14
89
-180
634
2145
3652
1552515
-91
119
-297
535
2396
3526
1553540
-329
133
-420
568
2523
3610
1554565
-493
160
-533
652
2332
3692
1555590
-468
174
-647
546
2116
3529
1556615
-449
150
-812
369
2244
3358
1557640
-573
78
-971
397
2482
3231
1558665
-867
39
-1063
479
2381
3140
1559690
-1037
12
-1189
619
2031
3227
1560715
-828
-50
-1383
820
1851
3288
1561740
-569
-107
-1606
815
2263
3336
1562765
-687
-105
-1856
812
2702
3462
1563790
-1212
6
-2159
985
2653
3584
1564815
-1802
218
-2503
1109
2412
3521
1557632
-2309
468
-2764
903
2096
3485
1558657
-2849
708
-2979
757
1672
3677
1559682
-3571
1013
-3174
771
1171
3612
1560707
-4285
1423
-3291
563
561
3173
1561732
-4724
1737
-3269
87
-198
2975
1562757
-4828
1894
-3266
-2
-1137
3328
1563782
-4886
2091
-3362
359
-2001
3065
1564807
-4959
2362
-3275
230
-2273
2286
1565832
-5208
2500
-2933
-241
-2144
1672
1566857
-5451
2593
-2617
-339
-2775
1727
1567882
-5473
2669
-2505
9
-4027
1680
1568907
-5341
2636
-2335
80
-4392
675
1569932
-5194
2531
-1906
-442
-3629
-5
1570957
-4832
2352
-1668
-498
-3914
108
1571982
-4024
2165
-1618
-277
-4647
208
1573007
-2987
1919
-1464
-471
-4405
-606
1565823
-2373
1562
-1322
-644
-4487
-1171
1566848
-2139
1198
-1325
-507
-4967
-1047
1567873
-1573
941
-1275
-356
-4978
-931
1568898
-591
751
-1158
-675
-4956
-916
1569923
285
537
-1081
-858
-4885
-638
1570948
507
343
-1042
-507
-4922
-328
1571973
1518
274
-105
-1647
-9692
1063
1572998
963
-21
1753
-1200
-9491
-1082
1574023
-179
-197
121
-284
-2360
-1361
1575048
-110
-252
149
-1298
-3718
701
1576073
1140
-354
389
-1240
-4647
1243
1577098
1378
-561
57
-236
-3886
605
1578123
1130
-444
208
-511
-4882
440
1579148
1082
-322
252
-771
-4247
945
1580173
881
-305
114
-478
-3546
1242
1581198
530
-185
143
-461
-3818
1261
1574120
149
-80
208
-508
-3856
1230
1575145
-167
11
285
-584
-4078
1136
1576170
-401
105
281
-780
-4084
1047
1577195
-495
135
182
-714
-4100
887
1578220
-450
156
159
-771
-4307
741
1579245
-302
121
117
-778
-4317
684
1580270
-131
80
81
-773
-4286
689
1581295
22
41
53
-798
-4264
717
1582320
166
-13
20
-758
-4218
720
1583345
294
-53
31
-736
-4189
816
1584370
300
-67
50
-748
-4076
959
1585395
203
-66
45
-750
-4001
1013
1586420
97
-48
33
-737
-4066
977
1587445
23
-28
36
-740
-4107
948
1588470
-35
-7
37
-744
-4066
961
1589495
-83
8
33
-770
-4106
923
1582208
-90
11
12
-785
-4185
844
1583233
-35
2
-6
-748
-4161
829
1584258
26
-3
3
-766
-4144
878
1585283
50
-11
1
-778
-4148
883
1586308
74
-16
-12
-760
-4147
875
1587333
105
-17
-10
-742
-4122
906
1588358
108
-19
-1
-758
-4085
954
1589383
74
-13
-3
-758
-4091
955
1590408
50
-8
-12
-750
-4127
933
1591433
49
-4
-8
-731
-4119
952
1592458
30
4
3
-742
-4072
977
1593483
-10
13
3
-759
-4073
978
1594508
-29
13
-13
-765
-4137
935
1595533
-2
3
-23
-759
-4156
907
1596558
34
-8
-20
-731
-4117
929
1597583
43
-8
-6
-744
-4093
973
1590400
18
-3
-5
-748
-4102
964
1591425
13
2
-8
-735
-4136
937
1592450
12
5
-9
-726
-4086
987
1593475
-25
12
1
-739
-4066
987
1594500
-42
18
-1
-759
-4133
938
1595525
-29
17
-22
-744
-4161
921
1596550
-14
14
-23
-726
-4108
960
1597575
-51
28
-11
-710
-4028
987
1598600
-97
54
2
-727
-4105
929
1599625
-78
68
1
-749
-4205
861
1600650
-36
60
-9
-734
-4102
957
1601675
-128
70
-16
-710
-3918
1056
1602700
-287
112
-22
-785
-4091
948
1603725
-345
136
-85
-767
-4233
813
1604750
-303
132
-111
-694
-4202
759
1605775
-256
121
-89
-718
-4104
844
1598593
-305
109
-100
-752
-4099
899
1599618
-406
100
-163
-787
-4222
798
1600643
-429
59
-283
-935
-4313
787
1601668
-406
-73
-548
-1112
-4400
1034
1602693
-534
-214
-957
-625
-4437
1116
1603718
-463
-118
-1111
-614
-5686
1024
1604743
2695
-487
-209
-1056
-6013
939
1605768
2324
-667
-1125
-199
-4153
1236
1606793
2313
-649
-1250
-477
-6456
1812
1607818
2714
-811
-1060
361
-6164
1496
1608843
2473
-695
-321
1185
-5392
523
1609868
3144
-478
836
500
-6394
550
1610893
4005
-439
1693
-81
-6877
1673
1611918
3818
-517
1959
275
-5270
1933
1612943
2710
-404
2259
424
-3969
1810
1613968
1921
-343
2614
-300
-4431
1732
1606785
2296
-522
2771
-541
-4919
1643
1607810
3376
-715
2830
-124
-4890
1741
1608835
4305
-682
2907
-42
-3861
1773
1609860
5001
-590
3038
-176
-2322
1960
1610885
5343
-504
3331
-149
-2112
2357
1611910
5650
-382
3526
104
-2434
2493
1612935
6114
-173
3539
232
-1582
2134
1613960
6511
95
3553
-99
-445
1794
1614985
6564
274
3565
-348
157
1847
1616010
6260
387
3455
-59
673
2056
1617035
5415
558
3306
223
1624
1851
1618060
4164
796
3308
132
2396
1797
1619085
2713
900
3411
194
2578
1869
1620110
1390
921
3469
536
2485
1941
1621135
707
959
3479
818
2517
2110
1622160
596
919
3457
780
2950
1964
1614975
494
796
3393
684
3152
1744
1616000
302
644
3158
910
3440
1774
1617025
162
539
2810
1087
4028
2069
1618050
-97
513
2412
928
4470
2200
1619075
-455
455
1973
779
4798
2385
1620100
-626
361
1538
906
4608
2906
1621125
-408
284
1098
958
4069
3277
1622150
-34
238
652
701
3779
3262
1623175
159
208
205
575
3797
2967
1624200
130
192
-78
574
3865
2719
1625225
-127
226
-219
447
3659
2738
1626250
-436
266
-317
250
3084
2845
1627275
-518
227
-411
155
2635
2938
1628300
-316
129
-443
181
2561
3160
1629325
-2
29
-395
261
2462
3219
1630350
252
-36
-297
170
2331
3026
1623169
312
-86
-243
17
2488
2853
1624194
141
-108
-195
25
2555
2962
1625219
-41
-106
-123
80
2434
3139
1626244
-93
-80
-41
-29
2326
3133
1627269
-50
-74
-8
-53
2284
3059
1628294
-39
-90
16
49
2419
3043
1629319
-96
-76
64
162
2470
3138
1630344
-134
-38
106
192
2496
3197
1631369
-101
-11
102
153
2552
3185
1632394
-113
0
82
140
2716
3125
1633419
-190
18
78
184
2750
3219
1634444
-181
28
77
233
2600
3282
1635469
-75
31
49
132
2675
3186
1636494
-52
31
-3
84
2759
3118
1637519
-121
26
-34
157
2761
3164
1638544
-156
28
-38
150
2611
3212
1631361
-85
19
-59
114
2493
3226
1632386
15
-1
-66
74
2590
3186
1633411
15
-22
-40
99
2629
3144
1634436
-50
-29
-10
162
2550
3215
1635461
-33
-25
9
150
2506
3322
1636486
30
-19
11
63
2537
3274
1637511
39
-31
8
71
2647
3165
1638536
-22
-39
27
150
2668
3154
1639561
-58
-21
47
165
2495
3280
1640586
-13
-11
44
81
2505
3296
1641611
28
-15
30
40
2577
3190
1642636
8
-28
23
129
2592
3120
1643661
-27
-20
33
168
2537
3176
1644686
-16
-2
32
126
2471
3275
1645711
52
-1
35
90
2461
3260
1646736
94
-2
27
149
2583
3126
1639553
41
19
31
172
2652
3108
1640578
-64
49
37
159
2586
3220
1641603
-110
58
25
125
2523
3233
1642628
-53
40
1
124
2505
3181
1643653
28
13
-26
173
2553
3146
1644678
42
5
-33
199
2622
3173
1645703
7
8
-11
156
2575
3200
1646728
-22
4
-7
127
2530
3223
1647753
-13
-4
-14
164
2525
3221
1648778
3
-2
-1
137
2571
3219
1649803
2
-8
22
128
2556
3213
1650828
-12
-8
30
94
2526
3168
1651853
-20
-6
14
103
2554
3178
1652878
-25
-2
19
132
2559
3214
1653903
-21
-6
27
120
2524
3186
1654928
1
-6
6
119
2526
3142
1647745
4
6
-19
125
2585
3168
1648770
-38
18
-9
141
2593
3211
1649795
-57
23
19
129
2515
3234
1650820
-6
18
15
96
2503
3234
1651845
54
11
-5
104
2585
3223
1652870
36
16
-2
129
2659
3200
1653895
-30
29
19
144
2608
3217
1654920
-25
34
19
142
2463
3274
1655945
44
28
2
82
2506
3229
1656970
53
23
-9
76
2631
3159
1657995
-9
24
0
144
2622
3151
1659020
-54
33
6
120
2545
3177
1660045
-35
39
-20
57
2509
3192
1661070
4
24
-54
114
2588
3179
1662095
11
15
-69
190
2676
3149
1663120
7
22
-84
193
2722
3144
1655937
-2
24
-139
196
2780
3121
1656962
-2
15
-213
220
2849
3134
1657987
-9
-13
-317
322
3046
3149
1659012
-130
-48
-458
469
3392
3040
1660037
-591
-44
-653
567
3823
2729
1661062
-1359
2
-942
671
4203
2560
1662087
-2165
47
-1282
876
4270
2781
1663112
-2723
103
-1750
1101
4041
3003
1664137
-2916
195
-2398
1293
3577
2976
1665162
-3051
427
-3099
1170
3413
2945
1666187
-3389
758
-3617
830
3169
2983
1667212
-3795
1070
-3910
522
2355
2916
1668237
-4000
1313
-4036
290
1277
2767
1669262
-4206
1493
-4080
-34
558
2574
1670287
-4574
1651
-3944
-565
87
2620
1671312
-4961
1787
-3763
-790
-735
3052
1664128
-5122
1862
-3691
-608
-1741
2867
1665153
-4933
1900
-3519
-807
-2437
2422
1666178
-4446
1891
-3397
-1010
-2754
2047
1667203
-4039
1861
-3352
-561
-3445
1919
1668228
-3961
1893
-3217
-168
-3859
1623
1669253
-4036
1975
-2980
-76
-3286
1433
1670278
-4290
2052
-2719
55
-2624
1297
1671303
-4193
2027
-2450
312
-3689
705
1672328
-3455
1901
-2180
353
-4726
-467
1673353
-2664
1704
-1782
257
-4996
-862
1674378
-2080
1451
-1514
-35
-5147
-269
1675403
-1227
1128
-1471
-206
-5234
118
1676428
-448
915
-1303
-350
-4799
-72
1677453
-327
739
-1009
-546
-4579
-301
1678478
-541
535
-832
-535
-4747
70
1679503
-560
369
-781
-394
-4766
373
1672320
-441
288
-703
-325
-4468
363
1673345
-438
239
-605
-250
-4187
292
1674370
167
178
-343
-380
-6448
1057
1675395
840
207
1590
-1034
-10822
1849
1676420
-484
148
845
-305
-4035
-1106
1677445
131
-58
694
-940
-3157
823
1678470
107
-35
715
-1877
-3856
1489
1679495
-189
-175
130
-971
-4555
752
1680520
-342
-143
-102
-748
-4748
484
1681545
-287
-55
-206
-713
-4001
632
1682570
-227
-19
-234
-602
-4072
590
1683595
-144
-33
-175
-586
-4342
445
1684620
56
-84
-79
-501
-4278
426
1685645
261
-110
83
-521
-4192
556
1686670
359
-99
178
-628
-4191
625
1687695
413
-95
181
-693
-4190
721
1680513
393
-89
138
-705
-4182
806
1681538
294
-63
88
-687
-4105
869
1682563
174
-30
38
-695
-4052
892
1683588
94
-27
0
-700
-4186
812
1684613
97
-42
-11
-651
-4231
738
1685638
158
-48
30
-612
-4115
805
1686663
160
-41
87
-651
-4100
873
1687688
136
-44
110
-684
-4196
788
1688713
224
-64
112
-705
-4274
727
1689738
383
-92
115
-724
-4256
760
1690763
544
-134
125
-724
-4231
815
1691788
653
-174
136
-749
-4124
950
1692813
714
-195
93
-793
-4082
1105
1693838
677
-192
16
-798
-4075
1239
1694863
524
-158
-57
-695
-3880
1328
1695888
334
-94
-74
-642
-3831
1358
1688704
142
-30
-61
-665
-3923
1340
1689729
-4
11
-50
-657
-3973
1293
1690754
-85
29
-20
-671
-4048
1227
1691779
-109
26
2
-693
-4067
1192
1692804
-99
21
6
-692
-4042
1188
1693829
-78
22
13
-703
-4104
1177
1694854
-58
17
6
-729
-4096
1182
1695879
-41
6
-18
-715
-4076
1159
1696904
3
-9
-39
-713
-4101
1156
1697929
36
-16
-49
-673
-4077
1182
1698954
39
-6
-31
-666
-4051
1190
1699979
34
1
-23
-689
-4042
1188
1701004
37
-4
-39
-710
-4075
1194
1702029
25
-8
-68
-692
-4065
1240
1703054
-47
12
-90
-664
-3979
1256
1704079
-127
37
-104
-670
-3967
1244
1696896
-191
49
-148
-712
-4079
1226
1697921
-243
50
-218
-658
-4169
1174
1698946
-273
61
-245
-602
-4092
1136
1699971
-244
43
-230
-669
-4198
1091
1700996
-166
-32
-310
-789
-4354
1209
1702021
-208
-118
-493
-586
-4313
1295
1703046
-270
-122
-626
-342
-4727
1166
1704071
74
-153
-700
-890
-5684
1227
1705096
1605
-581
-567
-1095
-5601
1314
1706121
1095
-610
-588
-614
-4946
1370
1707146
502
-625
-124
207
-5540
1327
1708171
52
-527
219
458
-5436
774
1709196
714
-563
781
-77
-7103
385
1710221
2282
-722
1440
-25
-7778
492
1711246
3106
-819
1975
549
-6122
331
1712271
2678
-872
2454
501
-5265
231
1705087
2342
-1025
2779
77
-4997
348
1706112
2657
-1199
2856
-178
-4254
653
1707137
3066
-1335
2945
-254
-3716
978
1708162
3420
-1382
3018
-124
-3126
1196
1709187
3867
-1355
3083
103
-2350
1517
1710212
4362
-1243
3196
-6
-1517
1940
1711237
4749
-1148
3328
-231
-1274
2268
1712262
5430
-1078
3325
-196
-1292
2307
1713287
6434
-967
3254
-59
-772
2161
1714312
7214
-776
3248
-93
117
1986
1715337
7602
-579
3303
-269
948
2028
1716362
7274
-460
3286
-340
1725
2038
1717387
6265
-286
3183
-196
2125
2182
1718412
4800
-68
3050
73
2744
2350
1719437
3055
165
2970
151
3791
2300
1720462
1198
362
2973
48
4100
2248
1713280
-191
425
2897
157
3166
2313
1714305
-499
330
2634
634
2880
2784
1715330
-13
247
2357
820
3580
3273
1716355
302
226
2064
495
4342
3075
1717380
146
218
1665
386
4656
2605
1718405
-154
230
1184
563
4314
2597
1719430
-344
240
782
468
3993
2925
1720455
-348
262
534
42
3706
3120
1721480
-202
216
330
-87
3299
3135
1722505
30
121
144
150
2964
3051
1723530
114
93
46
202
2822
2961
1724555
-4
121
-8
35
2803
2869
1725580
-109
126
-32
-31
2675
2942
1726605
-131
99
-13
31
2501
3098
1727630
-159
88
7
44
2422
3122
1728655
-215
92
-9
51
2407
2990
1721472
-310
95
9
14
2537
3005
1722497
-379
88
65
46
2459
3203
1723522
-303
72
130
62
2139
3275
1724547
-139
36
126
-36
2149
3138
1725572
-70
17
60
-82
2463
3118
1726597
-107
27
30
-32
2623
3353
1727622
-128
41
38
-8
2498
3442
1728647
-62
53
16
-84
2480
3352
1729672
-15
59
-34
-94
2545
3293
1730697
-42
66
-46
-29
2613
3298
1731722
-81
81
-24
6
2558
3307
1732747
-52
90
-19
-48
2459
3333
1733772
-8
77
-37
-93
2456
3317
1734797
-34
53
-33
-58
2435
3291
1735822
-63
37
-17
5
2425
3321
1736847
9
21
13
10
2354
3419
1729663
84
12
25
-92
2344
3371
1730688
84
8
15
-126
2456
3309
1731713
-9
9
12
-37
2473
3293
1732738
-58
26
12
-16
2361
3361
1733763
-24
32
4
-103
2365
3338
1734788
14
22
-3
-126
2411
3276
1735813
-4
9
3
-4
2429
3295
1736838
-33
20
21
40
2418
3370
1737863
-47
39
27
-83
2422
3321
1738888
-40
29
3
-136
2476
3266
1739913
-40
-4
-5
-35
2495
3261
1740938
-39
-16
8
12
2426
3352
1741963
5
-14
-1
-43
2357
3394
1742988
71
-22
-14
-119
2437
3360
1744013
61
-31
-25
-80
2499
3339
1745038
6
-30
-17
7
2457
3338
1737857
-23
-9
-4
-51
2424
3347
1738882
-25
-1
-7
-142
2394
3316
1739907
-23
-20
-14
-119
2404
3279
1740932
-19
-36
0
-54
2413
3329
1741957
23
-43
12
-13
2362
3388
1742982
81
-36
19
-95
2409
3319
1744007
59
-24
-5
-123
2475
3260
1745032
-24
-17
-15
-51
2473
3281
1746057
-72
0
0
-34
2369
3363
1747082
-32
10
3
-87
2352
3366
1748107
25
-1
-14
-125
2429
3244
1749132
11
-14
-24
-78
2522
3203
1750157
-59
-14
4
-41
2477
3280
1751182
-68
-20
29
-55
2358
3363
1752207
9
-32
24
-84
2356
3352
1753232
76
-49
5
-75
2472
3292
1746048
43
-50
10
-59
2550
3276
1747073
-37
-36
26
-29
2482
3333
1748098
-32
-19
18
-15
2352
3393
1749123
35
-6
-9
-51
2368
3363
1750148
52
2
-19
-95
2516
3321
1751173
-8
10
-2
-41
2474
3307
1752198
-32
29
15
-45
2360
3350
1753223
4
44
0
-90
2401
3346
1754248
26
48
-5
-100
2499
3309
1755273
-3
35
22
-62
2550
3280
1756298
-16
25
40
11
2542
3289
1757323
25
24
29
12
2547
3290
1758348
74
18
-11
-37
2664
3324
1759373
81
-1
-73
75
2888
3369
1760398
44
-2
-161
234
3197
3393
1761423
-270
45
-314
251
3704
3192
1754240
-973
184
-555
225
4163
2982
1755265
-1805
312
-848
443
4300
3222
1756290
-2528
427
-1203
686
4305
3407
1757315
-3182
604
-1643
778
4026
3098
1758340
-3713
890
-2172
683
3417
3071
1759365
-3964
1163
-2660
513
2723
3198
1760390
-3934
1401
-2966
365
2079
3193
1761415
-3702
1637
-3153
212
1280
3125
1762440
-3450
1822
-3342
55
663
2985
1763465
-3398
1977
-3451
-137
237
2748
1764490
-3659
2131
-3468
-324
-266
2470
1765515
-4114
2270
-3445
-394
-657
2201
1766540
-4497
2403
-3343
-417
-1358
1957
1767565
-4426
2480
-3203
-664
-2157
1866
1768590
-4072
2418
-3138
-823
-2854
1817
1769615
-4137
2321
-3161
-678
-3044
1481
1762433
-4035
2260
-3087
-612
-3105
1331
1763458
-3497
2153
-2991
-725
-3259
1121
1764483
-3014
1958
-2817
-440
-3858
742
1765508
-2793
1811
-2587
-282
-4165
392
1766533
-2180
1618
-2427
-536
-4423
50
1767558
-1491
1289
-2326
-566
-5267
-174
1768583
-1119
973
-2239
-231
-5585
78
1769608
-1070
850
-1979
-71
-4969
196
1770633
-939
836
-1601
-322
-5115
326
1771658
-672
738
-1273
-574
-5428
350
1772683
-779
622
-1015
-448
-4711
187
1773708
-1179
570
-789
-389
-4553
165
1774733
-1265
540
-668
-489
-4650
196
1775758
-341
502
-216
-1243
-7259
1057
1776783
-242
337
1061
-1285
-10424
233
1777808
-1048
49
154
-202
-3386
-1047
1770624
-399
-23
279
-1151
-2303
734
1771649
-177
-83
181
-868
-4215
646
1772674
-98
-130
81
-514
-5280
136
1773699
-69
-96
159
-603
-4532
78
1774724
35
-48
181
-526
-3755
522
1775749
-107
25
251
-758
-4129
488
1776774
-172
23
172
-781
-4451
267
1777799
-75
-22
97
-705
-4250
260
1778824
24
-42
130
-706
-4182
319
1779849
52
-46
141
-759
-4178
364
1780874
77
-59
96
-785
-4279
314
1781899
156
-81
38
-747
-4358
279
1782924
232
-86
28
-676
-4218
349
1783949
233
-80
78
-659
-4034
528
1784974
118
-58
129
-715
-4126
506
1785999
53
-39
135
-742
-4305
366
1778818
106
-31
138
-728
-4258
371
1779843
139
-22
148
-775
-4080
553
1780868
34
-5
122
-787
-4097
537
1781893
-17
13
93
-801
-4241
406
1782918
43
10
80
-806
-4245
397
1783943
87
5
79
-825
-4130
515
1784968
46
4
49
-855
-4106
540
1785993
12
5
-1
-852
-4225
449
1787018
33
10
-30
-796
-4214
434
1788043
66
15
-24
-801
-4128
500
1789068
58
13
-25
-832
-4160
526
1790093
37
6
-52
-811
-4218
473
1791118
68
4
-51
-754
-4225
423
1792143
138
1
-17
-778
-4181
492
1793168
165
-12
-14
-798
-4176
526
1794193
178
-23
-27
-794
-4207
510
1787325
232
-37
-25
-784
-4226
480
1788350
337
-66
-26
-848
-4207
566
1789375
348
-109
-78
-859
-4097
754
1790400
237
-136
-144
-790
-4117
709
1791425
201
-157
-157
-748
-4235
658
1792450
171
-174
-173
-827
-4158
852
1793475
-71
-184
-283
-795
-3983
1154
1794500
-539
-132
-465
-610
-4101
1166
1795525
-830
-4
-705
-733
-4759
626
1796550
-364
16
-959
-1298
-6208
667
1797575
2737
-577
-546
-1026
-6325
1167
1798600
2204
-476
-1018
-158
-4343
1418
1799625
1434
-235
-576
-427
-4830
844
1800650
1085
-152
94
-97
-5115
191
1801675
1415
-222
840
174
-7555
739
1802700
1938
-317
1600
-115
-8443
1318
1795201
2634
-342
2008
74
-6087
739
1796226
3004
-486
2534
-238
-5668
443
1797251
3218
-735
2815
-697
-5705
604
1798276
3679
-1064
2879
-384
-4939
621
1799301
4221
-1200
2998
-117
-4409
749
1800326
4581
-1221
3177
-160
-3471
1146
1801351
4865
-1202
3376
-348
-2923
1414
1802376
5293
-1162
3506
-467
-2571
1520
1803401
5793
-1110
3576
-286
-1673
1590
1804426
6277
-979
3737
-334
-889
1662
1805451
6631
-863
3860
-386
-465
1732
1806476
6826
-743
3848
-97
19
1811
1807501
6723
-558
3832
231
667
1734
1808526
6135
-318
3843
282
1565
1466
1809551
4913
-52
3808
301
2458
1350
1810576
3414
177
3677
552
2822
1423
1803392
1973
385
3456
914
3009
1479
1804417
761
520
3252
916
3188
1299
1805442
-112
542
3036
687
3512
1344
1806467
-352
480
2673
858
3817
2119
1807492
-43
390
2179
1108
3686
2629
1808517
439
371
1578
853
4171
2856
1809542
535
438
933
295
5002
3092
1810567
73
504
385
-9
5017
2977
1811592
-418
557
-4
83
4318
2931
1812617
-493
559
-143
255
3662
3255
1813642
-343
536
-108
-8
3343
3205
1814667
-220
440
-105
-192
3282
2891
1815692
-251
294
-63
-15
3218
2812
1816717
-312
170
57
119
3013
3059
1817742
-314
73
143
101
2807
3162
1818767
-307
-20
126
101
2789
3005
1811584
-415
-93
49
226
2975
2914
1812609
-638
-111
-7
355
2996
3011
1813634
-732
-88
-20
303
2636
3197
1814659
-513
-61
-56
96
2194
3516
1815684
-124
-78
-159
-138
2143
3565
1816709
174
-94
-245
-248
2408
3453
1817734
214
-67
-236
-276
2407
3407
1818759
67
-9
-190
-332
2448
3284
1819784
-75
66
-135
-498
2382
3258
1820809
-105
107
-83
-582
2106
3321
1821834
-1
99
-39
-485
2134
3285
1822859
101
108
20
-390
2338
3195
1823884
31
158
89
-376
2471
3147
1824909
-116
195
155
-350
2427
3181
1825934
-163
190
193
-249
2384
3270
1826959
-73
151
201
-120
2396
3261
1819775
1
133
192
-156
2589
3156
1820800
-58
124
170
-180
2735
3145
1821825
-117
87
128
-49
2630
3291
1822850
-60
56
76
6
2511
3302
1823875
20
50
12
-139
2613
3200
1824900
-15
45
-59
-214
2689
3149
1825925
-112
43
-103
-187
2562
3244
1826950
-135
48
-138
-231
2341
3258
1827975
-76
39
-180
-284
2406
3193
1829000
-59
12
-169
-274
2465
3188
1830025
-106
-8
-119
-258
2408
3211
1831050
-119
-17
-71
-286
2330
3299
1832075
-27
-47
-32
-288
2324
3367
1833100
70
-78
21
-312
2417
3336
1834125
74
-94
70
-297
2475
3314
1835150
31
-86
85
-254
2486
3349
1827968
-7
-64
85
-275
2448
3436
1828993
8
-54
84
-248
2385
3504
1830018
96
-53
78
-163
2407
3499
1831043
164
-22
58
-130
2533
3384
1832068
76
39
34
-189
2654
3311
1833093
-117
92
29
-241
2615
3356
1834118
-184
99
40
-231
2424
3407
1835143
-39
64
33
-213
2341
3334
1836168
122
42
18
-260
2508
3208
1837193
81
35
19
-271
2639
3154
1838218
-36
34
48
-238
2491
3223
1839243
-28
16
63
-266
2294
3246
1840268
87
-12
27
-293
2344
3195
1841293
118
-13
4
-258
2448
3218
1842318
25
-5
31
-233
2485
3198
1843343
-61
6
60
-238
2383
3235
1836160
-39
8
38
-241
2318
3306
1837185
30
12
1
-250
2492
3280
1838210
15
17
10
-224
2543
3258
1839235
-58
24
24
-191
2532
3264
1840260
-75
37
20
-221
2483
3316
1841285
-14
25
-9
-239
2443
3360
1842310
56
3
-16
-243
2527
3325
1843335
44
-4
1
-235
2563
3246
1844360
-32
2
-1
-238
2543
3228
1845385
-65
0
-19
-241
2452
3301
1846410
-14
-14
-19
-246
2394
3358
1847435
65
-39
1
-235
2404
3308
1848460
64
-46
16
-225
2467
3229
1849485
-15
-28
15
-231
2480
3254
1850510
-59
-13
27
-226
2357
3340
1851535
-12
-18
57
-234
2334
3332
1844352
31
-28
77
-228
2434
3275
1845377
-14
-15
67
-225
2525
3223
1846402
-76
6
43
-250
2500
3226
1847427
-71
6
32
-248
2449
3282
1848452
-14
-14
33
-216
2433
3291
1849477
31
-28
14
-202
2504
3223
1850502
9
-12
-13
-237
2579
3237
1851527
-56
3
-36
-211
2564
3331
1852552
-59
12
-48
-170
2475
3405
1853577
17
16
-73
-195
2500
3345
1854602
56
33
-100
-256
2636
3307
1855627
15
52
-117
-193
2740
3377
1856652
-8
65
-144
-109
2851
3427
1857677
-37
58
-240
-9
3211
3377
1858702
-394
79
-398
127
3875
3325
1859727
-992
203
-664
277
4055
3394
1852544
-1335
339
-1031
427
3937
3457
1853569
-1504
458
-1419
276
3885
3315
1854594
-1840
547
-1817
133
3984
3202
1855619
-2364
668
-2173
171
3586
3173
1856644
-2750
842
-2483
112
2868
3200
1857669
-2851
989
-2728
-120
2264
3128
1858694
-2907
1069
-2910
-357
1872
3023
1859719
-3125
1139
-3023
-496
1418
2932
1860744
-3541
1247
-3108
-532
904
2667
1861769
-4038
1400
-3160
-576
337
2301
1862794
-4388
1533
-3137
-630
-306
2320
1863819
-4395
1637
-3126
-537
-1052
2518
1864844
-4191
1753
-3164
-392
-1815
2120
1865869
-4177
1880
-3114
-677
-1892
1738
1866894
-4043
1935
-3021
-871
-1939
2177
1867919
-3635
1932
-3067
-379
-3146
2017
1860737
-3478
1952
-2990
-248
-4423
844
1861762
-3838
1940
-2626
-861
-4262
302
1862787
-4526
1902
-2238
-1229
-3440
809
1863812
-4732
1829
-2109
-775
-3763
1472
1864837
-4106
1858
-2023
-633
-4010
997
1865862
-2737
1691
-1787
-1438
-4182
-469
1866887
-1430
1291
-1687
-1627
-4856
-1042
1867912
-665
902
-1681
-756
-5741
-477
1868937
-180
767
-1647
-567
-5205
20
1869962
128
693
-1534
-1002
-4675
98
1870987
115
529
-1285
-1052
-5322
227
1872012
-520
439
-978
-713
-5241
234
1873037
-1176
426
-739
-613
-4745
-96
1874062
-968
328
-567
-786
-5048
-163
1875087
12
131
-532
-796
-5603
234
1876112
1162
-49
-335
-899
-6920
683
1868927
858
-55
301
-961
-6079
228
1869952
-577
-79
251
-926
-3649
-257
1870977
-598
-167
-83
-852
-3332
-103
1872002
463
-276
-175
-405
-4162
416
1873027
1208
-289
-85
-347
-4621
923
1874052
813
-227
111
-425
-4216
763
1875077
79
-119
274
-614
-4294
522
1876102
145
-93
351
-692
-4248
520
1877127
384
-87
327
-696
-4358
493
1878152
585
-105
305
-857
-4562
707
1879177
553
-147
173
-878
-4150
988
1880202
339
-132
11
-713
-3870
1047
1881227
154
-81
-43
-677
-4024
986
1882252
28
-70
-50
-691
-4156
932
1883277
-45
-84
-37
-652
-4145
841
1884302
-44
-83
11
-608
-4140
837
1877121
-69
-52
71
-586
-3979
919
1878146
-175
2
131
-660
-4026
935
1879171
-282
30
129
-759
-4274
779
1880196
-265
38
70
-730
-4261
693
1881221
-174
59
36
-691
-4155
709
1882246
-103
77
36
-717
-4167
718
1883271
-65
72
27
-771
-4211
728
1884296
-40
49
-10
-759
-4174
725
1885321
9
23
-29
-707
-4168
697
1886346
82
4
-2
-694
-4188
705
1887371
127
-9
32
-706
-4158
769
1888396
101
-11
39
-743
-4086
836
1889421
35
-9
11
-741
-4128
828
1890446
-22
-3
-8
-704
-4108
802
1891471
-52
8
2
-709
-4127
775
1892496
-49
13
-10
-778
-4197
739
1885312
-1
-6
-63
-786
-4239
730
1886337
49
-33
-108
-706
-4156
771
1887362
50
-39
-99
-684
-4076
786
1888387
54
-36
-120
-815
-4223
763
1889412
100
-65
-263
-853
-4359
765
1890437
132
-99
-412
-657
-4269
828
1891462
97
-80
-397
-456
-4139
836
1892487
68
-22
-309
-535
-4157
813
1893512
69
-5
-319
-663
-4269
882
1894537
1
-10
-434
-500
-4312
962
1895562
-83
8
-438
-392
-4259
903
1896587
318
0
-134
-639
-4500
933
1897612
579
-55
-126
-298
-4007
1058
1898637
223
-6
-330
-316
-4281
1081
1899662
216
-28
-290
-499
-4863
880
1900687
153
-103
-246
-459
-4894
697
1893505
-18
-158
-113
-434
-4765
927
1894530
233
-201
-58
-207
-4815
1333
1895555
1095
-200
47
-142
-5626
1316
1896580
2049
-258
455
-234
-6548
1026
1897605
2170
-263
916
-219
-6214
1014
1898630
1817
-272
1285
-220
-5572
1181
1899655
1863
-323
1587
-724
-5540
1283
1900680
2284
-461
1743
-856
-5617
1322
1901705
2561
-593
1886
-585
-5353
1232
1902730
2672
-643
2096
-567
-4679
1257
1903755
2902
-705
2313
-890
-4289
1502
1904780
3480
-863
2460
-893
-4269
1707
1905805
4106
-977
2535
-617
-3822
1788
1906830
4481
-975
2663
-486
-2921
1842
1907855
4772
-921
2847
-583
-2398
1888
1908880
5222
-914
2996
-597
-2163
1898
1901697
5626
-901
3075
-408
-1585
1979
1902722
5961
-829
3186
-244
-1201
2043
1903747
6225
-750
3252
-121
-844
1840
1904772
6174
-621
3339
-40
-222
1699
1905797
5702
-499
3480
-43
493
1721
1906822
4952
-368
3613
103
894
1656
1907847
3792
-144
3696
180
1385
1583
1908872
2534
7
3797
278
1894
1781
1909897
1450
63
3757
514
2081
1727
1910922
606
93
3566
643
2133
1472
1911947
124
87
3181
980
3712
2137
1912972
150
98
2848
1338
4652
2719
1913997
352
120
2571
1382
4455
2838
1915022
529
122
2051
1274
4803
3001
1916047
480
130
1354
1164
5138
3071
1917072
-17
179
767
820
5025
3107
1909887
-536
239
415
661
4063
3602
1910912
-526
252
225
780
3281
4159
1911937
-114
265
94
520
2941
3927
1912962
144
263
-47
331
2954
3253
1913987
27
264
-62
414
3162
2946
1915012
-364
313
44
375
3065
3160
1916037
-625
323
122
298
2561
3460
1917062
-434
237
101
271
2310
3430
1918087
-23
104
63
295
2430
3208
1919112
253
6
89
391
2574
3151
1920137
311
-34
145
433
2458
3145
1921162
249
-47
125
375
2402
3089
1922187
138
-34
31
327
2560
3073
1923212
32
-3
-17
307
2514
3213
1924237
26
2
-14
298
2362
3241
1925262
90
-1
-36
214
2414
3158
1918080
77
4
-89
181
2450
3116
1919105
-3
14
-111
227
2481
3157
1920130
-19
40
-73
226
2400
3310
1921155
43
48
-47
163
2292
3313
1922180
79
48
-63
148
2459
3196
1923205
15
62
-45
210
2498
3203
1924230
-50
75
6
252
2491
3298
1925255
2
84
39
198
2420
3343
1926280
69
77
9
143
2560
3267
1927305
26
80
-10
159
2715
3248
1928330
-40
83
10
224
2599
3304
1929355
13
79
28
176
2460
3339
1930380
101
68
-3
102
2537
3258
1931405
110
55
-42
170
2642
3156
1932430
37
62
-23
202
2558
3172
1933455
11
65
4
179
2442
3234
1926272
52
61
-13
142
2476
3198
1927297
36
62
-40
118
2554
3077
1928322
-47
58
-30
122
2514
3134
1929347
-60
41
8
118
2357
3265
1930372
38
17
10
86
2379
3206
1931397
97
-1
-4
104
2507
3095
1932422
27
2
9
146
2602
3178
1933447
-69
15
50
136
2491
3267
1934472
-57
19
55
53
2403
3320
1935497
36
-2
12
87
2492
3287
1936522
46
-8
-1
138
2642
3222
1937547
-7
-2
19
172
2668
3251
1938572
-10
-2
42
170
2525
3314
1939597
29
-5
19
121
2449
3308
1940622
47
-3
-29
152
2565
3292
1941647
5
11
-33
173
2624
3245
1934463
-24
7
-15
188
2533
3208
1935488
-9
2
-21
174
2471
3200
1936513
3
6
-43
118
2490
3195
1937538
-5
0
-32
96
2470
3279
1938563
35
-29
6
125
2436
3271
1939588
96
-42
35
118
2487
3183
1940613
73
-27
30
107
2546
3140
1941638
-33
-5
39
103
2538
3250
1942663
-84
2
65
108
2477
3308
1943688
10
-9
74
133
2460
3267
1944713
99
-17
55
111
2589
3158
1945738
32
-9
34
125
2698
3150
1946763
-73
12
56
160
2451
3302
1947788
-14
15
65
150
2422
3307
1948813
91
17
46
125
2548
3209
1949838
47
35
18
138
2665
3134
1942656
-75
59
29
118
2610
3184
1943681
-83
54
45
130
2423
3279
1944706
49
23
27
169
2459
3215
1945731
109
20
5
148
2609
3104
1946756
-4
31
8
145
2661
3109
1947781
-106
28
32
168
2535
3191
1948806
-48
9
42
181
2412
3231
1949831
54
-13
18
161
2540
3157
1950856
38
-26
8
180
2649
3127
1951881
-27
-33
26
227
2566
3218
1952906
-3
-33
20
236
2473
3278
1953931
57
-29
-13
203
2530
3217
1954956
29
-12
-33
221
2648
3177
1955981
-46
13
-30
237
2659
3197
1957006
-64
19
-51
224
2671
3208
1958031
-7
7
-112
236
2751
3238
1950848
54
-6
-184
276
2832
3254
1951873
125
-29
-279
365
3147
3207
1952898
82
-26
-389
410
3381
3175
1953923
-277
29
-546
383
3520
3173
1954948
-638
119
-781
434
3568
3283
1955973
-664
161
-1041
487
3510
3339
1956998
-598
146
-1322
488
3798
3198
1958023
-845
202
-1664
463
3998
3008
1959048
-1420
329
-1989
334
3865
3005
1960073
-1964
465
-2248
223
3546
3328
1961098
-1980
543
-2513
286
2907
3536
1962123
-1700
594
-2772
145
2257
3110
1963148
-1742
671
-2925
-364
2231
2822
1964173
-2292
710
-2951
-543
2175
2886
1965198
-2966
771
-2913
-378
1498
2835
1966223
-3389
878
-2855
-348
665
2645
1959039
-3554
962
-2840
-550
204
2420
1960064
-3756
993
-2833
-746
26
2253
1961089
-4147
1038
-2841
-740
-105
2207
1962114
-4605
1140
-2874
-441
-489
2142
1963139
-5026
1344
-2884
-231
-1117
1850
1964164
-5597
1593
-2804
-449
-1634
1383
1965189
-6030
1737
-2641
-505
-2802
1346
1966214
-5752
1864
-2594
-334
-3867
1708
1967239
-4589
2009
-2464
-962
-3504
1753
1968264
-3477
1937
-2275
-1327
-3284
1176
1969289
-3015
1795
-2190
-1203
-3858
751
1970314
-2630
1702
-2133
-1148
-4271
499
1971339
-2368
1575
-2026
-1083
-4430
236
1972364
-2265
1437
-1964
-924
-4752
230
1973389
-1972
1286
-1917
-717
-5222
102
1974414
-1162
1120
-1694
-490
-5749
-180
1967232
-411
961
-1368
-513
-5270
54
1968257
-445
772
-1101
-605
-4855
264
1969282
-587
560
-965
-614
-5172
237
1970307
-112
420
-856
-647
-5013
162
1971332
407
316
-730
-663
-4349
631
1972357
47
241
-646
-868
-4838
1002
1973382
-273
303
115
-1987
-10846
1453
1974407
-1057
130
346
-780
-8474
-1018
1975432
-43
-120
291
-1033
-33
-139
1976457
-813
-80
-123
-800
-2812
396
1977482
476
-199
-240
-677
-4992
579
1978507
1260
-294
-41
-725
-4882
808
1979532
531
-264
10
-493
-5103
411
1980557
530
-227
143
-562
-3391
913
1981582
354
-125
156
-541
-3803
1086
1982607
47
-13
97
-618
-4139
939
1975424
-155
23
95
-670
-4188
856
1976449
-303
50
88
-700
-4129
822
1977474
-403
54
40
-724
-4117
741
1978499
-412
26
-16
-725
-4300
601
1979524
-310
-34
-34
-641
-4274
490
1980549
-163
-64
21
-603
-4164
569
1981574
-119
-50
62
-681
-4140
639
1982599
-114
-40
25
-692
-4254
515
1983624
-9
-41
11
-627
-4289
469
1984649
99
-26
62
-622
-4197
599
1985674
79
4
100
-664
-4099
653
1986699
41
37
80
-722
-4186
603
1987724
74
40
34
-724
-4279
576
1988749
128
28
7
-685
-4180
634
1989774
123
21
15
-685
-4115
686
1990799
85
14
17
-713
-4181
643
1983615
96
7
6
-700
-4196
652
1984640
97
3
5
-672
-4109
722
1985665
36
10
11
-695
-4088
761
1986690
-42
24
-4
-698
-4180
661
1987715
-11
32
-14
-669
-4254
583
1988740
78
40
6
-654
-4210
612
1989765
142
48
38
-668
-4198
625
1990790
187
65
62
-672
-4129
687
1991815
197
91
75
-625
-4160
690
1992840
195
120
129
-740
-4167
741
1993865
149
132
94
-761
-4088
816
1994890
51
150
25
-812
-4105
878
1995915
-91
165
-82
-819
-4133
866
1996940
-180
147
-210
-977
-4299
748
1997965
-114
41
-486
-1138
-4550
870
1998990
-102
-82
-859
-729
-4575
970
1991808
-249
-59
-997
-448
-4717
790
1992833
721
-223
-403
-1252
-5860
803
1993858
612
-505
-314
-496
-4307
715
1994883
-406
-551
-398
125
-5598
541
1995908
-141
-609
20
345
-6613
332
1996933
-551
-519
395
566
-4255
-148
1997958
-1323
-410
1047
190
-5168
436
1998983
-593
-502
1860
-645
-7768
590
2000008
1034
-613
2253
-811
-6973
25
2001033
1912
-808
2453
-858
-5638
-121
2002058
2200
-1063
2626
-1105
-5589
310
2003083
2850
-1221
2667
-1057
-5528
541
2004108
3836
-1212
2689
-1154
-4671
533
2005133
4621
-1211
2757
-1369
-4107
383
2006158
5081
-1338
2802
-1262
-3957
254
2007183
5733
-1446
2760
-958
-3189
641
2000000
6347
-1417
2873
-792
-1825
1054
2001025
6691
-1368
3162
-885
-1333
1171
2002050
6911
-1412
3392
-931
-1547
1157
2003075
6940
-1483
3460
-598
-928
1249
2004100
6554
-1373
3564
-378
493
1375
2005125
5883
-1152
3782
-449
1260
1514
2006150
4956
-1032
4024
-494
1207
1604
2007175
3704
-1049
4140
-243
1274
1656
2008200
2405
-1037
4048
269
1801
1901
2009225
1361
-931
3866
574
2714
2222
2010250
742
-776
3665
597
3015
2386
2011275
588
-709
3368
668
2501
2306
2012300
871
-776
2888
1099
2865
2515
2013325
1215
-643
2298
1509
4223
2999
2014350
1134
-311
1757
1221
4983
3135
2015375
491
-81
1177
932
5046
3030
2008192
-378
129
649
765
4757
3178
2009217
-1050
279
254
542
3953
3517
2010242
-1135
267
-35
440
3236
3663
2011267
-830
243
-195
240
2789
3525
2012292
-367
168
-275
137
2512
3358
2013317
17
56
-297
213
2446
3418
2014342
153
-8
-250
241
2430
3490
2015367
117
-7
-165
102
2369
3464
2016392
88
-3
-92
24
2160
3424
2017417
94
-42
-87
144
2104
3314
2018442
91
-63
-76
262
2111
3276
2019467
62
-42
-42
277
2136
3341
2020492
-29
4
12
211
2276
3393
2021517
-126
55
41
168
2304
3354
2022542
-198
82
34
173
2298
3279
2023567
-285
100
37
71
2393
3312
2016384
-394
97
50
29
2405
3360
2017409
-392
77
62
94
2289
3463
2018434
-206
39
41
156
2136
3553
2019459
42
0
8
82
2280
3540
2020484
194
-17
10
-1
2430
3476
2021509
224
-35
13
54
2456
3393
2022534
223
-44
4
147
2437
3470
2023559
208
-39
-24
192
2398
3546
2024584
121
-14
-32
121
2512
3466
2025609
11
6
-18
123
2410
3379
2026634
-31
3
-13
235
2259
3376
2027659
4
12
-37
277
2182
3407
2028684
33
36
-67
175
2260
3315
2029709
0
49
-61
48
2296
3272
2030734
-81
27
-41
90
2276
3265
2031759
-116
9
-19
135
2253
3304
2024575
-111
-2
-25
115
2268
3349
2025600
-94
-16
-28
45
2321
3374
2026625
-69
-47
-8
33
2314
3401
2027650
-9
-87
4
137
2293
3427
2028675
62
-105
-10
212
2322
3444
2029700
85
-93
-36
227
2388
3410
2030725
7
-66
-30
176
2431
3398
2031750
-121
-39
-9
113
2409
3404
2032775
-170
-37
-11
102
2285
3417
2033800
-89
-47
-43
142
2208
3513
2034825
54
-55
-65
119
2256
3517
2035850
124
-47
-56
82
2297
3459
2036875
69
-26
-51
122
2332
3415
2037900
-16
6
-46
136
2307
3448
2038925
-34
26
-45
111
2280
3507
2039950
9
32
-15
46
2272
3505
2032768
18
41
19
39
2320
3468
2033793
0
62
44
53
2364
3422
2034818
-27
74
68
2
2369
3406
2035843
-13
50
78
37
2362
3446
2036868
78
23
78
137
2293
3456
2037893
179
15
49
174
2343
3351
2038918
177
34
15
128
2410
3274
2039943
68
43
10
115
2397
3310
2040968
-56
39
17
137
2332
3349
2041993
-56
32
12
132
2236
3390
2043018
42
9
-13
148
2215
3404
2044043
78
-6
-19
159
2358
3331
2045068
-3
7
8
154
2347
3274
2046093
-81
21
23
149
2256
3334
2047118
-87
19
10
117
2298
3381
2048143
-80
15
5
73
2371
3385
2040960
-74
0
26
50
2347
3402
2041985
-20
-31
34
152
2314
3463
2043010
61
-44
13
186
2322
3495
2044035
83
-34
-26
165
2406
3423
2045060
11
-9
-42
144
2425
3365
2046085
-72
12
-39
140
2311
3423
2047110
-79
14
-43
120
2224
3524
2048135
-14
5
-46
62
2272
3481
2049160
40
-6
-32
98
2346
3394
2050185
55
5
-16
194
2375
3386
2051210
35
40
-31
204
2494
3397
2052235
-60
77
-97
183
2765
3368
2053260
-244
118
-209
308
3162
3477
2054285
-464
178
-366
439
3359
3451
2055310
-737
269
-592
313
3340
3267
2056335
-1255
351
-891
244
3813
3217
2049151
-1997
490
-1162
292
3904
3291
2050176
-2530
630
-1411
336
3240
3284
2051201
-2677
723
-1762
252
2876
3176
2052226
-2751
811
-2157
265
2812
3120
2053251
-2990
963
-2491
358
2401
3150
2054276
-3239
1177
-2752
408
1729
3204
2055301
-3303
1418
-2956
338
1112
3147
2056326
-3348
1692
-3125
256
686
2979
2057351
-3365
1983
-3221
107
117
2856
2058376
-3390
2210
-3267
-131
-199
2707
2059401
-3531
2383
-3293
-356
-436
2399
2060426
-4041
2533
-3295
-607
-862
1768
2061451
-4766
2629
-3206
-1045
-1376
1279
2062476
-5091
2587
-3118
-1215
-2068
1435
2063501
-4979
2428
-3112
-759
-3041
1649
2064526
-5083
2333
-3036
-626
-3561
1186
2057345
-4968
2205
-2804
-1061
-3852
707
2058370
-4212
1865
-2763
-893
-4517
415
2059395
-3110
1541
-2693
-676
-4659
-121
2060420
-2169
1281
-2393
-603
-4844
-464
2061445
-1965
1050
-2093
-309
-5584
-16
2062470
-1887
892
-1954
-313
-5825
344
2063495
-1284
768
-1695
-598
-5564
79
2064520
-461
633
-1353
-910
-5247
-270
2065545
54
447
-1133
-844
-5157
165
2066570
-100
336
-1023
-565
-4808
597
2067595
-271
306
-966
-436
-5253
572
2068620
503
411
303
-1427
-10472
1085
2069645
-748
220
470
-212
-6530
-1268
2070670
-1030
110
170
-1012
-1226
-258
2071695
-661
-27
33
-1017
-3215
295
2072720
360
-175
63
-469
-5562
335
2065536
603
-188
205
-652
-5464
234
2066561
535
-198
194
-475
-3721
362
2067586
591
-109
324
-524
-3732
776
2068611
344
32
380
-782
-4275
697
2069636
219
41
282
-744
-4353
520
2070661
279
41
262
-743
-4260
559
2071686
319
45
239
-849
-4134
698
2072711
258
25
149
-863
-4107
794
2073736
134
5
67
-880
-4140
738
2074761
102
-25
-6
-815
-4150
674
2075786
136
-43
-14
-738
-4132
699
2076811
137
-46
20
-741
-4115
763
2077836
77
-43
55
-731
-4098
772
2078861
6
-25
103
-750
-4104
764
2079886
-54
2
128
-774
-4134
716
2080911
-34
23
127
-821
-4178
681
2073727
10
33
94
-850
-4158
690
2074752
55
29
60
-846
-4214
689
2075777
85
23
36
-907
-4157
755
2076802
62
0
-35
-888
-4057
764
2077827
57
-19
-68
-848
-4166
742
2078852
69
-42
-82
-866
-4166
750
2079877
69
-95
-119
-895
-4069
871
2080902
-46
-156
-179
-839
-4044
909
2081927
-181
-175
-201
-736
-4106
773
2082952
-219
-150
-168
-681
-4119
717
2083977
-257
-122
-113
-690
-4063
847
2085002
-457
-88
-105
-683
-3971
918
2086027
-711
-23
-117
-674
-4081
687
2087052
-796
59
-124
-700
-4264
494
2088077
-722
99
-173
-819
-4327
377
2089102
-576
75
-317
-865
-4494
378
2081920
-503
38
-498
-632
-4528
360
2082945
-439
32
-533
-515
-4649
206
2083970
-32
-29
-524
-1032
-5326
300
2084995
2226
-432
-138
-1156
-5919
618
2086020
1485
-433
-669
-369
-4402
550
2087045
675
-440
-454
-872
-5633
-169
2088070
455
-667
156
-676
-5792
199
2089095
746
-891
418
102
-6897
1052
2090120
2535
-931
902
-81
-8015
839
2091145
4576
-909
1777
-491
-7699
297
2092170
4712
-936
2327
-372
-5710
272
2093195
3527
-943
2536
-474
-4332
658
2094220
2591
-979
2734
-650
-4103
910
2095245
2312
-1050
2798
-579
-3906
1004
2096270
2618
-1125
2818
-455
-3540
1192
2097295
3188
-1179
2834
-301
-2955
1396
2090112
3644
-1218
2885
-232
-2433
1477
2091137
3886
-1275
2919
-326
-1949
1418
2092162
4279
-1392
2920
-398
-1600
1577
2093187
4818
-1486
2863
-175
-1285
1951
2094212
5428
-1512
2872
51
-976
1919
2095237
5909
-1476
3019
-124
-496
1849
2096262
6257
-1427
3231
-172
51
2197
2097287
6383
-1326
3339
-84
864
2316
2098312
6386
-1183
3429
47
1199
2076
2099337
5959
-1047
3430
232
1250
1709
2100362
4867
-858
3230
634
2721
1624
2101387
3127
-463
3079
750
4396
1736
2102412
1042
-122
3087
416
4410
1789
2103437
-634
-33
2964
396
3436
1789
2104462
-1306
-161
2672
623
3154
2258
2105487
-914
-326
2305
948
3516
3499
2098304
49
-495
1890
1203
3449
3796
2099329
717
-569
1448
1203
4018
3292
2100354
459
-456
941
1323
4767
3103
2101379
-246
-206
503
1574
4551
3594
2102404
-651
37
165
1413
3643
3969
2103429
-585
212
-193
1120
2990
3991
2104454
-415
304
-470
935
2775
3813
2105479
-413
357
-566
807
2551
3668
2106504
-509
404
-527
668
2213
3489
2107529
-437
417
-429
523
1904
3342
2108554
-308
374
-314
400
1870
3289
2109579
-248
301
-200
362
1936
3300
2110604
-207
225
-100
376
2005
3304
2111629
-150
157
-24
373
1996
3206
2112654
-128
78
21
401
2015
3089
2113679
-153
12
47
472
2097
3149
2106497
-124
-29
63
572
2114
3393
2107522
-38
-49
78
551
2069
3354
2108547
7
-57
85
405
2199
3252
2109572
-80
-58
79
392
2248
3364
2110597
-180
-51
83
450
2228
3536
2111622
-184
-31
77
398
2216
3537
2112647
-136
-25
43
339
2177
3469
2113672
-125
-30
18
330
2216
3453
2114697
-150
-25
17
388
2214
3544
2115722
-77
-21
30
445
2048
3671
2116747
54
-23
11
419
2097
3617
2117772
97
-11
-18
423
2283
3533
2118797
-2
11
-8
495
2237
3541
2119822
-115
36
20
488
2154
3532
2120847
-121
39
14
436
2091
3497
2121872
-33
9
-23
451
2073
3491
2114687
8
-12
-33
441
2141
3460
2115712
-8
-16
-7
423
2095
3468
2116737
7
-26
1
431
2007
3462
2117762
23
-31
-17
415
2080
3451
2118787
-43
-20
-20
425
2143
3482
2119812
-102
-8
4
435
2069
3529
2120837
-61
-16
20
436
1989
3521
2121862
32
-22
10
427
2061
3488
2122887
17
-8
3
406
2212
3505
2123912
-93
11
18
398
2194
3540
2124937
-134
13
28
421
2069
3572
2125962
-40
5
15
433
2055
3575
2126987
62
1
4
407
2151
3571
2128012
56
4
10
399
2221
3542
2129037
-2
14
19
410
2173
3564
2130062
0
27
-4
458
2088
3622
2122880
60
35
-32
461
2087
3607
2123905
75
47
-36
413
2163
3555
2124930
32
56
-21
405
2108
3495
2125955
8
57
-16
413
2070
3492
2126980
-6
57
-30
400
2090
3504
2128005
-47
54
-32
389
2091
3453
2129030
-68
42
-12
381
2041
3434
2130055
-24
16
-1
407
1975
3485
2131080
55
-4
-7
412
2005
3513
2132105
45
-8
-5
392
2111
3497
2133130
-31
-5
9
406
2135
3520
2134155
-60
-6
22
438
2034
3581
2135180
-8
-10
7
418
2071
3581
2136205
32
-9
-7
403
2145
3554
2137230
-11
-1
1
403
2175
3548
2138255
-72
8
10
398
2181
3566
2131072
-64
14
-7
389
2138
3588
2132097
-2
11
-46
395
2185
3572
2133122
14
13
-68
408
2239
3568
2134147
5
20
-73
430
2154
3610
2135172
49
25
-88
429
2072
3605
2136197
88
40
-116
357
2099
3551
2137222
52
52
-108
353
2130
3540
2138247
-17
58
-62
344
1988
3552
2139272
-16
47
-25
344
1885
3532
2140297
46
37
-16
296
1944
3499
2141322
49
31
-8
277
2044
3469
2142347
-37
27
29
293
2093
3435
2143372
-112
28
76
317
1963
3477
2144397
-93
9
77
353
2052
3526
2145422
-23
1
59
345
2127
3512
2146447
11
-14
46
362
2231
3480
2139433
8
-30
44
418
2295
3508
2140458
-8
-37
14
467
2322
3557
2141483
-73
-32
-64
512
2562
3564
2142508
-163
-8
-158
567
2676
3608
2143533
-150
-4
-280
644
2721
3657
2144558
-18
-19
-468
696
2841
3620
2145583
78
-35
-693
658
3096
3466
2146608
-60
-57
-912
587
3490
3342
2147633
-574
-82
-1128
640
3690
3278
2148658
-1356
-44
-1366
700
3502
3220
2149683
-2098
66
-1626
649
3122
3247
2150708
-2534
168
-1901
571
2863
3327
2151733
-2820
261
-2129
513
2501
3282
2152758
-3228
422
-2335
468
2030
3232
2153783
-3750
660
-2530
439
1569
3226
2154808
-4147
921
-2653
361
1102
3144
2147456
-4335
1174
-2710
293
519
3006
2148481
-4377
1433
-2745
214
-172
2903
2149506
-4269
1688
-2821
176
-780
2928
2150531
-3953
1897
-2908
140
-1002
2855
2151556
-3497
2016
-2912
38
-1027
2593
2152581
-3094
2088
-2893
-12
-1450
2595
2153606
-2924
2109
-2886
94
-1846
2528
2154631
-3471
2182
-2761
-113
-2175
1882
2155656
-4226
2254
-2542
-453
-2777
1675
2156681
-4898
2280
-2426
-431
-2982
1922
2157706
-5199
2302
-2289
-202
-2939
1722
2158731
-5097
2264
-2026
-195
-3665
722
2159756
-4726
2166
-1711
-498
-4396
-38
2160781
-4428
1955
-1443
-510
-4774
-326
2161806
-3988
1684
-1365
-308
-5134
-378
2162831
-3108
1397
-1350
-405
-5457
-687
2155648
-1932
1102
-1292
-643
-5527
-913
2156673
-996
815
-1168
-565
-5237
-597
2157698
-586
596
-1010
-338
-4967
-32
2158723
-321
450
-924
-286
-5474
30
2159748
1201
344
389
-2130
-11084
1218
2160773
-219
172
690
-713
-7679
-2037
2161798
-280
-30
10
-923
-1791
-760
2162823
149
-262
33
-1396
-3348
570
2163848
1416
-448
-93
-483
-4286
680
2164873
1502
-478
172
-534
-4602
578
2165898
921
-373
298
-487
-4847
383
2166923
940
-303
316
-590
-3899
765
2167948
884
-249
303
-680
-3778
933
2168973
723
-171
255
-762
-4097
1051
2169998
464
-128
158
-740
-4026
1191
2171023
134
-65
104
-724
-3958
1128
2163839
-98
23
72
-758
-4003
1024
2164864
-199
66
21
-738
-4105
874
2165889
-142
73
2
-725
-4305
737
2166914
21
50
16
-720
-4307
727
2167939
192
16
44
-704
-4195
820
2168964
281
-4
77
-704
-4124
912
2169989
291
-13
108
-730
-4110
983
2171014
232
-28
126
-719
-4052
1047
2172039
139
-30
147
-712
-4067
1014
2173064
96
-8
145
-820
-4029
1047
2174089
59
-5
86
-818
-4078
1036
2175114
30
2
37
-834
-4132
1037
2176139
-3
3
-9
-818
-4049
1047
2177164
-39
13
-38
-779
-4041
1025
2178189
-53
24
-41
-778
-4114
975
2179214
-20
16
-35
-772
-4133
983
2172032
4
7
-28
-789
-4113
994
2173057
9
3
-38
-780
-4099
978
2174082
42
5
-43
-763
-4135
964
2175107
69
10
-43
-750
-4089
1014
2176132
47
18
-46
-751
-4086
1035
2177157
19
26
-54
-751
-4121
990
2178182
39
31
-57
-721
-4112
982
2179207
58
40
-37
-736
-4071
1039
2180232
35
42
-27
-756
-4080
1046
2181257
1
48
-45
-759
-4116
1032
2182282
-17
53
-79
-739
-4099
1046
2183307
-36
56
-95
-724
-4067
1054
2184332
-71
60
-93
-737
-4107
1033
2185357
-98
58
-109
-748
-4131
1026
2186382
-144
51
-163
-775
-4052
1075
2187407
-205
28
-251
-784
-4185
1053
2180224
-244
-7
-378
-823
-4311
1099
2181249
-323
-43
-553
-761
-4320
1097
2182274
-321
-71
-692
-660
-4761
673
2183299
73
-145
-785
-630
-5703
495
2184324
1004
-451
-876
-904
-6846
1163
2185349
1904
-921
-1044
-574
-7122
1387
2186374
2186
-879
-998
-417
-5923
937
2187399
2054
-684
-365
597
-4483
1088
2188424
2315
-505
733
1037
-5993
2408
2189449
3565
-415
1791
-162
-7613
2758
2190474
4869
-487
1997
-89
-5962
1884
2191499
4800
-454
2263
275
-4439
1450
2192524
3986
-375
2581
-11
-3992
1554
2193549
3422
-358
2706
-151
-3609
1711
2194574
3121
-307
2837
-74
-3136
1798
2195599
2929
-172
3000
-289
-2811
1770
2188416
2897
-100
3090
-603
-2251
1645
2189441
2996
-132
3154
-787
-1941
1753
2190466
3161
-252
3194
-568
-2036
1996
2191491
3254
-350
3170
-263
-1438
1846
2192516
3320
-359
3212
-448
-544
1586
2193541
3568
-407
3320
-731
-162
1740
2194566
4007
-507
3394
-579
-312
2174
2195591
4384
-592
3405
-265
-142
2205
2196616
4633
-566
3437
-234
553
2086
2197641
4608
-539
3550
-284
1240
2096
2198666
4393
-496
3613
38
1604
2602
2199691
4234
-426
3593
718
1498
2762
2200716
3884
-284
3531
833
2318
2199
2201741
2942
-90
3359
821
3934
1983
2202766
1302
139
2944
1285
4969
2184
2203791
-416
440
2400
1622
5176
2420
2196608
-1581
724
1912
1102
5006
2867
2197633
-1774
742
1421
605
4432
3539
2198658
-1006
520
870
586
3773
3665
2199683
-56
325
400
471
3678
3459
2200708
300
264
81
249
3833
3327
2201733
179
249
-57
0
3654
3197
2202758
-124
210
-68
-222
3434
3166
2203783
-321
145
-45
-94
2847
3316
2204808
-182
68
-44
77
2458
3405
2205833
110
8
-36
77
2345
3335
2206858
226
-25
-28
62
2406
3218
2207883
83
-11
-35
70
2628
3115
2208908
-146
28
-43
113
2473
3147
2209933
-277
28
-40
99
2255
3168
2210958
-267
8
-42
11
2287
3122
2211983
-178
-21
-38
-10
2261
3186
2204799
-9
-68
-40
22
2182
3257
2205824
125
-99
-52
-28
2340
3132
2206849
64
-93
-51
-72
2494
3077
2207874
-76
-81
-20
1
2408
3267
2208899
-109
-70
31
-19
2271
3393
2209924
-25
-68
31
-119
2298
3336
2210949
32
-65
-7
-103
2494
3227
2211974
-58
-34
-2
-59
2594
3274
2212999
-160
-9
27
20
2431
3442
2214024
-115
-7
37
46
2390
3462
2215049
-2
-12
15
18
2506
3370
2216074
-10
-10
-11
65
2640
3278
2217099
-112
9
1
81
2606
3355
2218124
-149
11
18
65
2422
3458
2219149
-35
-11
14
18
2312
3450
2220174
102
-26
-18
-9
2387
3321
2212993
86
-13
-38
-29
2516
3226
2214018
-64
17
-29
-31
2440
3288
2215043
-162
38
-21
-54
2257
3414
2216068
-92
29
-38
-58
2236
3416
2217093
18
4
-36
-62
2340
3347
2218118
0
-18
-7
-42
2489
3284
2219143
-90
-25
31
-13
2392
3331
2220168
-99
-32
43
-8
2277
3417
2221193
-24
-50
47
-41
2316
3400
2222218
-1
-60
54
-33
2424
3295
2223243
-43
-54
67
11
2427
3257
2224268
-72
-41
62
41
2338
3339
2225293
-51
-20
49
-25
2349
3396
2226318
-35
-6
24
-71
2419
3366
2227343
-34
-2
0
-34
2426
3355
2228368
-30
2
-18
3
2415
3394
2221185
-20
9
-27
6
2381
3450
2222210
-1
16
-30
-1
2373
3477
2223235
17
20
-27
8
2389
3462
2224260
20
23
-21
25
2382
3437
2225285
7
33
-19
4
2379
3407
2226310
-15
44
-24
-42
2357
3388
2227335
-17
40
-27
-56
2341
3391
2228360
3
19
-18
-30
2311
3398
2229385
19
3
-15
-15
2328
3329
2230410
17
5
-13
-25
2329
3322
2231435
-8
8
-3
-6
2366
3340
2232460
-51
9
24
-8
2385
3342
2233485
-66
0
28
27
2344
3375
2234510
-38
-5
11
5
2402
3339
2235535
-30
-1
4
-38
2436
3289
2236560
-51
-7
14
-31
2417
3302
2229377
-71
-15
22
-44
2372
3341
2230402
-40
-23
2
-66
2327
3355
2231427
18
-34
-17
-115
2379
3324
2232452
28
-42
-28
-99
2402
3333
2233477
1
-40
-42
1
2375
3369
2234502
-6
-17
-47
9
2299
3426
2235527
6
0
-47
-46
2264
3450
2236552
31
1
-41
-46
2286
3447
2237577
40
9
-29
-6
2302
3422
2238602
-5
38
-20
-46
2313
3416
2239627
-81
61
-9
-82
2325
3430
2240652
-90
61
18
-43
2240
3461
2241677
-1
44
44
-50
2222
3451
2242702
69
36
41
-89
2368
3401
2243727
24
46
33
-55
2485
3397
2244752
-72
66
36
-28
2489
3391
2237569
-117
75
16
-34
2488
3365
2238594
-139
77
-44
-37
2592
3330
2239619
-230
87
-116
-1
2770
3312
2240644
-395
98
-206
89
3002
3337
2241669
-650
111
-357
208
3288
3294
2242694
-936
147
-595
268
3386
3088
2243719
-1275
166
-908
311
3719
3027
2244744
-1790
200
-1248
469
3982
3275
2245769
-2278
275
-1621
735
3713
3594
2246794
-2598
412
-2046
773
3191
3497
2247819
-2729
599
-2498
520
2981
3362
2248844
-2839
748
-2876
455
2701
3323
2249869
-3038
922
-3171
460
2011
3204
2250894
-3357
1130
-3423
426
1412
3102
2251919
-3854
1440
-3651
514
826
3074
2252944
-4183
1837
-3821
522
111
2813
2245761
-4244
2185
-3857
241
-421
2433
2246786
-4365
2461
-3877
22
-609
2236
2247811
-4616
2704
-3923
23
-1269
1788
2248836
-5069
2928
-3857
-105
-2515
1238
2249861
-5566
2940
-3629
-360
-4041
846
2250886
-5769
2766
-3374
-457
-4090
956
2251911
-5402
2763
-3074
-547
-2966
1230
2252936
-4450
2651
-2776
-340
-3389
768
2253961
-3539
2292
-2522
42
-5052
-545
2254986
-3028
1890
-2303
-52
-5411
-1326
2256011
-2564
1516
-2159
-83
-4895
-1332
2257036
-1533
1194
-2095
-126
-5254
-808
2258061
-495
919
-1991
-111
-5731
-317
2259086
-62
775
-1822
-164
-5206
-139
2260111
-146
711
-1600
-131
-4413
-18
2261136
-147
655
-1309
-348
-5874
155
2253951
540
663
1307
-1799
-13026
1015
2254976
-1184
212
953
-348
-5586
-2264
2256001
-1103
-66
-246
-430
-1408
-272
2257026
-713
25
325
-1573
-4477
1180
2258051
723
-141
474
-1032
-4043
697
2259076
521
-315
352
-318
-5129
-304
2260101
373
-142
366
-807
-4905
-263
2261126
734
-173
232
-687
-3739
655
2262151
481
-119
190
-618
-3837
961
2263176
71
-61
116
-719
-4166
597
2264201
5
-50
136
-665
-4329
338
2265226
93
-24
190
-731
-4136
449
2266251
114
12
182
-842
-4145
552
2267276
56
36
99
-847
-4199
603
2268301
-32
37
13
-725
-4210
517
2269326
-34
43
4
-733
-4198
483
2262145
-10
32
-3
-714
-4140
533
2263170
-35
20
17
-711
-4167
547
2264195
-79
12
49
-701
-4174
519
2265220
-117
21
62
-736
-4142
524
2266245
-142
30
46
-761
-4192
475
2267270
-133
33
18
-761
-4237
421
2268295
-102
33
1
-750
-4197
433
2269320
-85
36
-14
-753
-4154
443
2270345
-63
31
-26
-754
-4204
425
2271370
-34
21
-35
-749
-4219
443
2272395
-48
11
-36
-718
-4134
484
2273420
-95
14
-20
-711
-4158
445
2274445
-107
20
-9
-729
-4188
414
2275470
-119
23
-7
-737
-4190
452
2276495
-193
33
-25
-762
-4151
461
2277520
-255
37
-65
-754
-4174
380
2270337
-242
29
-102
-776
-4293
303
2271362
-218
11
-161
-756
-4236
374
2272387
-260
-3
-210
-727
-4158
355
2273412
-236
-27
-274
-855
-4387
291
2274437
-208
-80
-459
-818
-4401
521
2275462
-385
-62
-661
-550
-4326
501
2276487
285
-34
-473
-1093
-5497
456
2277512
1187
-225
-381
-770
-4483
392
2278537
532
-208
-699
-275
-5038
342
2279562
388
-180
-536
-601
-5598
-21
2280587
106
-396
-185
-592
-5310
-808
2281612
-921
-606
288
70
-5806
-750
2282637
-1358
-770
966
473
-6766
-141
2283662
-32
-953
1691
241
-6925
-491
2284687
2094
-1157
2273
-490
-6875
-1236
2285712
3031
-1560
2468
-790
-5959
-1564
2278593
3242
-1956
2511
-834
-5230
-1194
2279618
3624
-2199
2553
-795
-4684
-645
2280643
4179
-2386
2609
-582
-4321
-229
2281668
4873
-2513
2697
-401
-3843
293
2282693
5625
-2566
2871
-128
-3133
880
2283718
6155
-2518
3244
96
-2644
1242
2284743
6574
-2423
3589
56
-2003
1368
2285768
7101
-2328
3857
129
-1431
1607
2286793
7491
-2153
4069
375
-1149
1807
2287818
7839
-1882
4237
554
-819
1766
2288843
7893
-1514
4357
578
287
1524
2289868
7687
-1089
4459
587
1213
1665
2290893
6732
-659
4427
731
2062
1717
2291918
5272
-257
4212
1107
3184
1719
2292943
3209
141
3879
1351
4470
1370
2293968
676
496
3516
1323
5539
1249
2286730
-1505
640
3050
1326
5666
1559
2287755
-2358
569
2550
1314
4800
2337
2288780
-1745
321
1934
1172
4020
3021
2289805
-615
29
1193
924
3965
3277
2290830
173
-159
531
755
3745
3322
2291855
492
-270
90
580
3545
3083
2292880
307
-309
-152
381
3592
2892
2293905
-244
-256
-265
446
2944
3198
2294930
-923
-161
-247
541
2253
3673
2295955
-1382
-33
-178
437
1979
4002
2296980
-1290
27
-145
481
1521
3916
2298005
-643
10
-106
515
1193
3660
2299030
26
-50
-82
439
1533
3501
2300055
283
-75
-79
479
1995
3521
2301080
137
-19
-35
466
2132
3472
2302105
-57
50
-4
329
2113
3388
2294912
-172
78
-33
252
2021
3313
2295937
-211
75
-52
264
2040
3430
2296962
-170
79
-33
284
1936
3652
2297987
-28
78
-19
261
1869
3666
2299012
91
91
-32
154
2069
3417
2300037
30
104
-53
150
2240
3263
2301062
-208
130
-41
239
2267
3442
2302087
-343
156
-6
332
2024
3757
2303112
-190
157
4
270
1878
3773
2304137
94
132
-23
143
2012
3530
2305162
205
101
-47
123
2301
3420
2306187
47
95
-12
183
2419
3637
2307212
-144
113
35
233
2136
3803
2308237
-84
106
40
148
2014
3707
2309262
118
57
8
154
2041
3589
2310287
220
11
3
254
2223
3594
2303105
143
20
50
277
2142
3722
2304130
62
37
73
249
1943
3732
2305155
115
32
63
232
1958
3573
2306180
157
14
59
244
2072
3454
2307205
60
9
82
278
2142
3492
2308230
-111
27
99
271
2089
3545
2309255
-166
30
73
272
1983
3537
2310280
-83
9
23
249
2061
3441
2311305
-34
-15
8
189
2245
3408
2312330
-79
-33
20
206
2160
3575
2313355
-71
-50
20
201
2003
3616
2314380
37
-67
-14
206
2027
3587
2315405
121
-73
-38
248
2110
3598
2316430
117
-51
-16
225
2137
3634
2317455
63
-25
-6
203
2053
3642
2318480
35
-3
-24
213
2079
3644
2311296
35
26
-40
239
2104
3643
2312321
19
48
-30
217
2111
3588
2313346
-26
67
-5
189
2113
3545
2314371
-56
69
8
225
2049
3566
2315396
0
56
5
255
2012
3593
2316421
61
37
2
218
2157
3507
2317446
22
34
15
178
2197
3433
2318471
-52
29
10
254
2120
3483
2319496
-26
27
-8
269
1975
3597
2320521
96
19
-32
180
1983
3580
2321546
183
9
-43
152
2092
3501
2322571
171
12
-35
249
2137
3452
2323596
82
42
-22
250
2124
3472
2324621
-29
78
-29
203
2106
3524
2325646
-67
103
-26
163
2055
3523
2326671
-4
102
-7
141
2056
3480
2319490
50
90
-10
163
2165
3443
2320515
22
95
-26
199
2272
3491
2321540
-43
111
-37
185
2294
3543
2322565
-44
107
-65
206
2328
3570
2323590
31
84
-129
295
2445
3582
2324615
58
65
-220
399
2767
3578
2325640
-193
92
-345
444
3156
3597
2326665
-699
163
-529
536
3305
3575
2327690
-1123
249
-777
607
3290
3537
2328715
-1353
316
-1061
619
3294
3477
2329740
-1632
382
-1390
555
3323
3389
2330765
-1964
472
-1757
573
3377
3531
2331790
-2174
602
-2119
710
3126
3698
2332815
-2353
784
-2483
610
2633
3418
2333840
-2710
1024
-2831
364
2426
3124
2334865
-3125
1281
-3027
221
1801
3122
2327681
-3354
1489
-3131
98
950
3186
2328706
-3606
1687
-3210
-27
371
3013
2329731
-4120
1953
-3200
-334
28
2694
2330756
-4548
2195
-3101
-610
-393
2778
2331781
-4533
2353
-3041
-551
-1131
2749
2332806
-4219
2484
-2995
-661
-1793
2235
2333831
-4153
2555
-2947
-968
-1877
1797
2334856
-4510
2562
-2874
-1014
-1882
1610
2335881
-4825
2577
-2810
-742
-2382
1334
2336906
-4660
2623
-2731
-646
-3324
708
2337931
-4234
2562
-2617
-600
-4425
336
2338956
-4314
2362
-2507
-500
-4385
202
2339981
-4217
2159
-2311
-529
-3738
-336
2341006
-3339
1961
-2054
-530
-4418
-1007
2342031
-1973
1674
-1862
-469
-5942
-850
2343056
-1345
1332
-1735
-253
-5788
-504
2335872
-1458
1108
-1526
-242
-4961
-607
2336897
-1060
892
-1264
-628
-5239
-928
2337922
100
620
-1040
-953
-5543
-618
2338947
543
369
-868
-690
-4808
-18
2339972
229
265
-823
-750
-4895
466
2340997
369
258
-256
-1937
-8388
447
2342022
-854
123
292
-861
-9643
-1425
2343047
-82
32
353
-1045
-1976
-618
2344072
-183
-237
-22
-457
-1711
75
2345097
357
-291
-327
-2
-4768
147
2346122
1395
-295
207
-663
-5364
624
2347147
776
-281
264
-491
-4541
184
2348172
737
-263
384
-602
-3613
572
2349197
628
-196
376
-797
-4045
833
2350222
301
-152
262
-828
-4177
718
2351247
81
-96
138
-790
-4153
728
2344063
-181
5
45
-781
-4019
738
2345088
-385
70
-22
-758
-4131
552
2346113
-390
84
-54
-762
-4347
375
2347138
-279
55
-62
-737
-4262
375
2348163
-199
31
-45
-736
-4174
368
2349188
-101
16
-43
-735
-4330
268
2350213
70
-6
-28
-691
-4287
305
2351238
188
-27
19
-679
-4151
441
2352263
179
-36
59
-711
-4137
500
2353288
117
-29
68
-745
-4174
486
2354313
103
-22
51
-748
-4193
463
2355338
114
-15
22
-825
-4193
517
2356363
101
-25
-56
-799
-4194
529
2357388
75
-27
-122
-753
-4190
529
2358413
70
-23
-159
-733
-4193
491
2359438
109
-37
-164
-672
-4179
526
2352385
91
-44
-127
-641
-4101
612
2353410
11
-46
-83
-635
-4137
583
2354435
-47
-44
-30
-627
-4169
546
2355460
-74
-43
20
-639
-4145
542
2356485
-67
-42
51
-665
-4215
488
2357510
-25
-43
63
-682
-4236
471
2358535
18
-36
62
-671
-4206
484
2359560
61
-19
59
-702
-4230
472
2360585
114
-12
39
-706
-4223
485
2361610
176
-16
24
-703
-4232
502
2362635
227
-22
12
-705
-4191
580
2363660
200
-19
2
-697
-4158
626
2364685
167
-21
6
-673
-4151
615
2365710
152
-25
40
-658
-4124
658
2366735
91
-23
80
-705
-4109
687
2367760
44
-28
82
-724
-4182
632
2360448
53
-30
73
-722
-4212
601
2361473
108
-41
70
-740
-4210
603
2362498
160
-55
62
-747
-4181
655
2363523
156
-48
37
-750
-4150
687
2364548
133
-36
5
-756
-4158
707
2365573
105
-27
-29
-741
-4125
741
2366598
59
-20
-54
-720
-4121
740
2367623
22
-17
-55
-692
-4155
721
2368648
-7
-13
-33
-678
-4136
722
2369673
-40
-5
9
-660
-4143
723
2370698
-69
5
63
-669
-4139
677
2371723
-58
16
96
-729
-4148
693
2372748
-76
28
80
-745
-4179
697
2373773
-103
40
58
-727
-4152
683
2374798
-107
43
61
-739
-4157
691
2375823
-119
37
59
-760
-4171
663
2368639
-121
30
46
-779
-4139
666
2369664
-119
21
18
-787
-4170
629
2370689
-94
7
-7
-773
-4211
581
2371714
-42
-8
-21
-750
-4198
585
2372739
3
-16
-22
-751
-4154
612
2373764
22
-18
-30
-746
-4166
622
2374789
30
-20
-37
-751
-4186
616
2375814
45
-24
-38
-744
-4198
618
2376839
61
-27
-39
-733
-4153
648
2377864
40
-23
-39
-747
-4127
687
2378889
-1
-17
-54
-726
-4156
637
2379914
-2
-8
-55
-707
-4183
629
2380939
1
-4
-41
-703
-4168
640
2381964
2
-2
-30
-717
-4182
630
2382989
12
-6
-32
-709
-4176
625
2384014
35
-11
-22
-689
-4198
621
2376832
53
-11
-1
-712
-4166
656
2377857
47
-14
-6
-707
-4156
658
2378882
49
-17
-11
-701
-4178
651
2379907
59
-17
-9
-690
-4153
665
2380932
52
-13
0
-698
-4150
693
2381957
29
-7
-4
-710
-4183
672
2382982
30
-3
-9
-706
-4180
660
2384007
36
0
-12
-704
-4143
694
2385032
21
3
-20
-705
-4179
687
2386057
19
4
-30
-695
-4190
660
2387082
35
2
-22
-676
-4157
675
2388107
46
0
-1
-679
-4164
677
2389132
44
4
8
-698
-4162
690
2390157
45
8
4
-681
-4180
678
2391182
58
12
21
-662
-4174
684
2392207
67
16
43
-684
-4148
715
2385024
52
22
52
-696
-4146
738
2386049
19
26
57
-702
-4150
734
2387074
5
21
60
-724
-4175
704
2388099
27
10
52
-732
-4156
714
2389124
34
-2
35
-752
-4164
726
2390149
34
-12
6
-750
-4158
716
2391174
43
-18
-22
-734
-4146
735
2392199
33
-17
-38
-723
-4165
744
2393224
17
-15
-45
-702
-4146
741
2394249
5
-14
-37
-678
-4134
731
2395274
-6
-8
-9
-687
-4135
749
2396299
-30
-1
4
-690
-4157
726
2397324
-30
1
18
-680
-4176
700
2398349
-9
3
41
-696
-4168
706
2399374
5
2
49
-726
-4152
728
2400399
3
0
33
-742
-4158
722
2393216
11
-5
11
-727
-4166
729
2394241
5
-8
3
-721
-4150
736
2395266
-5
-10
1
-717
-4133
753
2396291
-35
-6
-10
-722
-4128
765
2397316
-64
-5
-23
-709
-4185
701
2398341
-42
-7
-14
-680
-4182
686
2399366
-11
-10
14
-700
-4156
706
2400391
0
-14
21
-732
-4157
706
2401416
10
-17
6
-729
-4165
697
2402441
26
-15
-6
-716
-4172
708
2403466
35
-11
-15
-700
-4178
698
2404491
38
-7
-10
-694
-4133
727
2405516
22
-6
-2
-710
-4128
763
2406541
0
-8
-12
-737
-4164
728
2407566
16
-15
-36
-714
-4194
693
2408591
56
-22
-39
-693
-4178
710
2401409
74
-21
-33
-671
-4145
732
2402434
82
-15
-14
-652
-4137
758
2403459
57
-3
15
-667
-4134
779
2404484
17
7
40
-664
-4134
766
2405509
-9
23
62
-694
-4115
782
2406534
-40
32
57
-742
-4168
752
2407559
-27
21
16
-762
-4192
721
2408584
15
3
-33
-752
-4190
727
2409609
63
-16
-70
-732
-4201
718
2410634
111
-32
-89
-699
-4171
748
2411659
130
-41
-85
-663
-4152
765
2412684
132
-43
-52
-627
-4120
795
2413709
100
-29
-5
-624
-4076
832
2414734
47
-10
38
-634
-4126
828
2415759
-3
3
77
-648
-4120
821
2416784
-35
9
106
-679
-4116
825
2409600
-74
12
112
-737
-4117
827
2410625
-105
8
80
-747
-4162
786
2411650
-93
-1
51
-736
-4175
753
2412675
-54
-15
37
-733
-4187
746
2413700
-26
-20
22
-737
-4149
757
2414725
-28
-19
-4
-713
-4122
770
2415750
-36
-10
-4
-694
-4164
760
2416775
-31
-3
18
-689
-4159
748
2417800
-31
3
41
-692
-4113
771
2418825
-64
11
56
-726
-4110
790
2419850
-88
11
46
-749
-4184
735
2420875
-76
5
35
-746
-4156
742
2421900
-69
-3
28
-743
-4139
738
2422925
-68
-4
10
-763
-4143
727
2423950
-61
-4
-17
-737
-4178
700
2424975
-41
-3
-16
-711
-4165
697
2417792
-23
-3
2
-705
-4167
702
2418817
-17
-1
28
-715
-4121
728
2419842
-30
3
34
-741
-4153
711
2420867
-25
3
27
-754
-4181
693
2421892
-1
-3
15
-742
-4159
706
2422917
8
-7
8
-761
-4166
712
2423942
13
-15
-6
-754
-4172
695
2424967
37
-23
-14
-758
-4146
713
2425992
45
-28
-42
-756
-4141
731
2427017
44
-27
-71
-724
-4178
707
2428042
63
-20
-68
-703
-4171
713
2429067
67
-12
-48
-698
-4141
753
2430092
30
0
-31
-696
-4121
762
2431117
-3
13
-18
-679
-4143
745
2432142
-12
20
13
-687
-4160
734
2433167
