Device = VHR-0009
time_stamp = 1779862603184
sample_rate = 50
Data format = INT16
TYPE = 6-AXIS IMU RAW DATA
-30
-5
2
347
2040
3603
10921088
-18
1
3
336
2052
3598
10922113
-21
2
9
340
2049
3587
10923138
-25
0
12
354
2068
3583
10924163
-24
7
15
371
2078
3561
10925188
-32
12
16
368
2043
3564
10926213
-8
14
17
369
1997
3593
10927238
29
23
15
389
2055
3608
10928263
15
18
16
382
2046
3613
10929288
-2
10
20
388
2025
3603
10930313
-10
7
20
382
2038
3586
10931338
-27
2
18
380
1992
3561
10932363
-2
-4
17
376
1949
3588
10933388
35
-5
13
381
2015
3603
10934413
1
-12
8
406
2029
3578
10935438
-25
-17
11
400
2030
3561
10936463
-21
-19
11
374
2025
3547
10929280
-10
-21
4
385
2024
3567
10930305
-24
-15
4
380
2059
3576
10931330
-47
-8
8
382
2051
3545
10932355
-29
-7
14
367
2041
3540
10933380
0
0
16
381
2040
3573
10934405
-2
7
21
404
2054
3601
10935430
-16
12
26
390
2027
3610
10936455
-18
11
22
379
1999
3604
10937480
-10
12
17
387
1996
3619
10938505
-2
9
9
391
1982
3625
10939530
-4
3
3
390
1988
3638
10940555
-7
-7
-4
371
1963
3633
10941580
12
-13
-8
359
2015
3624
10942605
-11
-23
-14
366
2029
3634
10943630
-30
-28
-13
377
2018
3614
10944655
-18
11
22
379
1999
3604
10937480
-10
12
17
387
1996
3619
10938505
-2
9
9
391
1982
3625
10939530
-4
3
3
390
1988
3638
10940555
-7
-7
-4
371
1963
3633
10941580
12
-13
-8
359
2015
3624
10942605
-11
-23
-14
366
2029
3634
10943630
-30
-28
-13
377
2018
3614
10944655
-17
-30
-7
369
2010
3567
10937473
6
-28
-5
368
2039
3569
10938498
5
-21
-5
391
2063
3583
10939523
-9
-14
1
396
2048
3574
10940548
-9
-8
11
388
2029
3563
10941573
-6
-3
20
385
2043
3567
10942598
-11
6
24
389
2023
3564
10943623
-17
11
25
373
1999
3581
10944648
-11
13
28
377
2010
3553
10945673
-14
9
30
387
1998
3554
10946698
5
8
26
391
1993
3574
10947723
26
14
35
372
2057
3606
10948748
-11
6
28
391
1982
3577
10949773
-19
7
21
403
1973
3606
10950798
-6
4
16
385
1993
3640
10951823
8
-2
12
391
1998
3646
10952848
-3
-5
5
379
1998
3652
10945665
-12
-13
-3
396
1968
3657
10946690
9
-16
-3
400
2006
3637
10947715
5
-19
-2
391
2014
3588
10948740
-1
-20
1
370
2004
3599
10949765
2
-17
-4
372
2003
3616
10950790
6
-15
-11
384
2036
3584
10951815
8
-9
-4
363
2056
3560
10952840
3
-12
7
337
2021
3548
10953865
1
-12
11
378
2017
3584
10954890
-6
-7
26
396
2020
3591
10955915
-3
-4
33
408
2039
3590
10956940
1
-4
32
407
1984
3590
10957965
26
4
26
414
1974
3602
10958990
18
11
22
431
2036
3597
10960015
-2
9
15
426
1954
3604
10961040
29
10
7
404
1951
3619
10953856
40
6
1
411
2010
3609
10954881
4
1
-5
395
2045
3601
10955906
-35
-6
-19
399
1992
3591
10956931
9
-11
-23
421
1986
3595
10957956
46
-9
-15
392
2110
3593
10958981
-2
-17
-13
405
2093
3560
10960006
-20
-21
-12
427
2009
3556
10961031
16
-16
-9
425
2029
3596
10962056
30
-13
-1
410
2059
3594
10963081
15
-16
5
384
2066
3573
10964106
-1
-23
2
386
2003
3570
10965131
3
-19
-4
365
2005
3566
10966156
-1
-22
-6
366
2015
3570
10967181
3
-23
-7
387
1997
3579
10968206
8
-13
-7
377
2035
3571
10969231
-15
-13
-9
374
2038
3563
10962048
-23
-6
-8
392
2023
3543
10963073
-9
5
-6
389
2020
3559
10964098
5
10
-3
383
2009
3591
10965123
13
15
2
393
2030
3580
10966148
-2
17
7
375
2027
3583
10967173
-13
17
8
377
2015
3587
10968198
-5
10
10
381
1979
3607
10969223
16
9
10
365
2008
3615
10970248
0
4
10
357
2018
3597
10971273
-22
-9
6
382
1999
3595
10972298
-16
-11
8
406
2031
3592
10973323
-19
-7
13
392
2018
3574
10974348
-14
-5
13
393
2008
3583
10975373
6
0
16
396
2045
3597
10976398
9
0
16
403
2033
3598
10977423
12
2
17
391
2049
3600
10970240
-3
1
21
388
2045
3605
10971265
-6
-7
22
397
2002
3583
10972290
13
-12
28
376
2021
3584
10973315
12
-19
31
376
2044
3588
10974340
-19
-23
32
392
2073
3589
10975365
-48
-26
28
394
2004
3572
10976390
-20
-14
10
432
1971
3555
10977415
-48
45
-22
469
2059
3517
10978440
-110
96
-63
427
1835
3628
10979465
-89
135
-120
520
1767
3726
10980490
44
188
-118
610
1800
3767
10981515
330
211
-81
615
2168
3582
10982540
296
362
-7
894
2836
2212
10983565
-526
675
-122
44
2306
2660
10984590
-726
149
-215
-1045
483
5734
10985615
148
-139
-367
-459
2064
6898
10978594
-1661
252
-87
788
4121
2081
10979619
-1526
-32
-282
491
665
1295
10980644
-312
-17
-531
-115
-98
3647
10981669
-97
65
-46
353
2483
4158
10982694
137
67
-252
148
2030
3636
10983719
330
-73
-72
-18
1767
3504
10984744
389
-219
175
-2
2649
3981
10985769
69
-296
204
72
2226
4513
10986794
-207
-314
148
50
994
4411
10987819
541
-504
148
63
616
4411
10988844
1394
-686
305
245
1058
3243
10989869
981
-609
149
1367
3058
2857
10990894
-406
-190
189
1014
4323
3650
10991919
-1313
-196
171
55
797
3525
10992944
180
-217
-26
455
170
3308
10993969
1371
10
94
476
2425
3401
10986625
823
11
118
231
2606
3507
10987650
88
-4
40
322
2328
3561
10988675
-250
-5
33
312
2086
3614
10989700
-269
-33
20
411
1688
3599
10990725
-16
-26
25
473
1776
3664
10991750
73
-4
31
500
2029
3625
10992775
-15
-1
31
500
2049
3593
10993800
-30
9
27
508
2064
3597
10994825
-65
27
22
524
2020
3573
10995850
-16
36
38
512
1988
3597
10996875
53
51
48
492
2061
3602
10997900
20
66
48
489
2102
3531
10998925
-28
61
35
462
1971
3594
10999950
31
53
43
463
2046
3685
11000975
18
41
56
473
2057
3638
11002000
-4
26
61
469
1968
3615
10994815
-7
20
55
449
1952
3606
10995840
11
4
49
489
1934
3546
10996865
24
-2
48
447
1962
3639
10997890
-24
-13
29
457
1887
3624
10998915
6
-21
44
457
1960
3581
10999940
6
-19
39
424
2025
3597
11000965
-33
-19
20
456
1945
3608
11001990
-15
-13
11
481
1945
3601
11003015
-7
-1
15
476
2020
3577
11004040
-5
10
13
480
2011
3551
11005065
9
18
8
468
2017
3623
11006090
6
21
10
462
1987
3643
11007115
10
23
14
456
1977
3636
11008140
2
23
10
453
1953
3632
11009165
8
19
12
478
1974
3617
11010190
6
11
12
487
1987
3584
11003009
-16
5
9
486
1971
3594
11004034
-15
1
4
469
1924
3624
11005059
23
1
11
454
1983
3600
11006084
19
-5
14
424
2011
3593
11007109
-14
-9
13
424
1999
3608
11008134
-36
-14
15
418
1958
3571
11009159
-20
-15
21
430
2008
3547
11010184
-16
-6
21
461
2048
3556
11011209
-20
0
22
483
1976
3594
11012234
13
9
26
475
1995
3608
11013259
20
15
32
484
2041
3603
11014284
-7
9
29
512
1994
3601
11015309
-5
8
34
525
1954
3629
11016334
14
6
30
506
1934
3620
11017359
17
-2
24
497
1947
3601
11018384
15
-15
16
476
1929
3655
11011200
23
-23
3
467
1938
3658
11012225
0
-29
-2
443
1979
3627
11013250
-31
-37
-5
430
1989
3610
11014275
-21
-39
-11
461
1969
3580
11015300
-8
-32
-12
470
1998
3575
11016325
-8
-29
-4
467
2006
3569
11017350
13
-23
11
481
2037
3546
11018375
2
-11
21
501
2053
3544
11019400
-12
-5
27
502
1987
3578
11020425
0
1
30
485
1941
3596
11021450
27
8
27
477
1959
3611
11022475
23
9
19
474
1960
3610
11023500
-1
0
7
490
1953
3612
11024525
-12
-4
0
493
1927
3615
11025550
0
-5
-5
485
1949
3622
11026575
2
-7
-11
494
1997
3616
11019392
-13
-12
-14
515
1982
3609
11020417
-2
-16
-11
507
1970
3609
11021442
14
-11
-3
463
2003
3595
11022467
8
-14
-6
454
1984
3603
11023492
10
-13
-4
477
1993
3599
11024517
6
-11
0
466
2013
3593
11025542
8
-12
1
455
1972
3614
11026567
38
-13
2
439
2010
3608
11027592
46
-15
0
452
2052
3554
11028617
27
-19
5
500
2072
3556
11029642
5
-7
6
519
2047
3573
11030667
-1
10
12
520
2019
3548
11031692
1
22
17
524
2008
3538
11032717
-2
36
8
509
1976
3568
11033742
5
45
-2
506
1954
3580
11034767
32
40
-12
495
1932
3625
11027584
52
41
-12
484
1997
3641
11028609
14
32
-15
469
1973
3608
11029634
-7
16
-17
451
1939
3591
11030659
17
1
-16
447
1957
3605
11031684
18
-13
-14
452
1993
3613
11032709
-8
-21
-10
462
1994
3588
11033734
-14
-25
-1
456
2020
3565
11034759
-15
-27
5
473
2013
3505
11035784
-2
-22
5
461
2005
3541
11036809
12
-11
3
448
2011
3585
11037834
-1
-4
7
476
2004
3568
11038859
-7
6
15
466
2021
3581
11039884
-9
14
13
461
1986
3585
11040909
-1
17
11
461
1961
3592
11041934
9
19
10
437
1995
3617
11042959
4
15
6
446
1993
3614
11035776
-1
11
4
460
1987
3614
11036801
-6
8
0
478
2033
3617
11037826
-15
2
1
481
2011
3580
11038851
2
2
-2
459
1998
3576
11039876
10
7
-3
452
2038
3597
11040901
-1
5
-2
460
2033
3591
11041926
1
3
8
456
2016
3583
11042951
11
0
14
444
2023
3573
11043976
5
-4
18
430
2014
3578
11045001
-20
-7
18
445
1968
3566
11046026
-15
-6
18
466
1963
3550
11047051
-10
-8
22
450
1968
3557
11048076
1
-6
21
457
1993
3566
11049101
-37
-4
14
452
1989
3529
11050126
-50
-3
8
475
1949
3546
11051151
-36
6
2
465
1999
3598
11043968
-33
4
-2
471
1989
3647
11044993
-32
4
5
497
1993
3632
11046018
-36
18
9
522
2071
3547
11047043
-103
50
2
496
2084
3500
11048068
-138
65
-27
485
1835
3606
11049093
-33
118
-61
531
1841
3752
11050118
17
203
-118
550
1906
3906
11051143
-51
238
-176
548
2037
3969
11052168
-138
307
-137
871
1953
3536
11053193
-370
663
-112
730
2246
2238
11054218
-582
875
-22
-366
2016
1433
11055243
18
188
-181
-814
134
4616
11056268
1995
-450
-313
-325
1589
8422
11057293
-249
259
224
446
6819
3841
11058318
-2905
3
-185
516
1732
965
11059343
-2101
-235
-901
-110
-2315
3241
11052160
-23
-253
-133
610
1097
4501
11053185
759
-90
-37
377
2686
3635
11054210
708
-191
-185
64
1891
3165
11055235
497
-316
55
236
2639
3689
11056260
44
-343
150
323
2536
4237
11057285
-244
-292
97
211
1367
3925
11058310
429
-360
150
119
723
3845
11059335
1564
-432
239
48
1096
3579
11060360
757
-480
163
985
3771
3469
11061385
-285
-430
213
943
2360
3677
11062410
-217
-268
174
646
1344
3305
11063435
319
-212
168
647
1702
3365
11064460
720
-154
106
411
1966
3337
11065485
641
-65
134
466
2541
3397
11066510
97
-59
66
457
2207
3530
11067535
-163
-47
23
458
1955
3659
11060352
-145
-44
41
487
1938
3633
11061377
-91
-57
32
533
1878
3520
11062402
-1
-27
22
567
2032
3459
11063427
2
1
10
602
2171
3452
11064452
-13
0
0
607
2038
3573
11065477
79
6
6
614
2007
3607
11066502
107
13
23
582
2136
3673
11067527
18
7
30
584
2171
3628
11068552
-49
15
43
611
2137
3427
11069577
-27
30
46
607
2049
3378
11070602
44
40
36
583
2018
3574
11071627
86
42
44
587
2082
3617
11072652
48
38
55
583
2059
3570
11073677
-11
38
51
575
2045
3543
11074702
-29
25
45
561
1993
3514
11075727
13
15
37
543
2020
3545
11068543
26
1
26
519
1980
3591
11069568
36
-13
18
548
1998
3565
11070593
13
-11
20
551
2101
3524
11071618
-64
-13
14
550
2030
3469
11072643
-73
-12
9
574
1950
3472
11073668
25
-5
13
561
2019
3485
11074693
47
3
18
544
2159
3531
11075718
-12
-1
21
544
2081
3547
11076743
-6
2
27
569
2042
3546
11077768
5
3
28
584
2044
3566
11078793
7
5
35
590
2079
3529
11079818
-2
7
37
569
2065
3520
11080843
-3
4
28
567
2034
3559
11081868
9
0
25
581
2046
3563
11082893
11
2
28
568
2091
3577
11083918
-4
-5
24
582
2029
3551
11076736
-9
-6
19
596
2028
3524
11077761
-18
-3
21
593
2081
3475
11078786
-28
-4
14
581
2024
3498
11079811
21
0
8
599
2027
3543
11080836
38
8
9
584
2078
3545
11081861
-7
1
3
590
2032
3522
11082886
-22
-3
4
580
2055
3548
11083911
-28
-7
4
587
2046
3509
11084936
-4
-7
11
584
2051
3536
11085961
-2
-4
4
577
2028
3548
11086986
-14
1
4
589
2049
3534
11088011
-17
-2
6
583
2033
3519
11089036
7
-5
10
609
2061
3524
11090061
-16
-7
6
595
2016
3563
11091086
-16
-9
1
580
2014
3548
11092111
1
-12
0
565
2042
3564
11084927
8
-13
-3
555
2076
3550
11085952
-21
-17
-6
569
2056
3531
11086977
-28
-20
-1
586
2054
3514
11088002
-7
-15
8
586
2052
3521
11089027
15
-7
10
586
2078
3531
11090052
-2
-2
11
581
2068
3551
11091077
-3
-4
12
581
2016
3559
11092102
19
1
15
585
2044
3553
11093127
9
1
15
582
2030
3549
11094152
6
2
15
584
2029
3546
11095177
1
3
10
579
2045
3532
11096202
-18
0
1
586
1988
3531
11097227
16
7
2
581
2031
3535
11098252
25
9
2
570
2087
3534
11099277
-8
-4
-1
575
2045
3547
11100302
-8
-9
2
588
2037
3537
11093120
0
-9
8
581
2057
3547
11094145
-8
-12
9
598
2051
3537
11095170
-7
-11
12
598
2035
3503
11096195
6
-9
12
595
2049
3520
11097220
-1
-8
12
597
2049
3518
11098245
3
-6
13
583
2020
3516
11099270
9
-6
8
584
2030
3531
11100295
4
-5
3
597
2063
3539
11101320
-8
-9
3
585
2051
3529
11102345
-15
-9
3
592
2049
3511
11103370
-10
-7
-1
597
2052
3541
11104395
-11
-4
-2
596
2064
3539
11105420
-4
-7
5
581
2077
3524
11106445
-4
-8
5
581
2063
3535
11107470
0
-6
5
583
2038
3557
11108495
1
-8
7
579
2044
3555
11101312
-7
-9
8
574
2054
3549
11102337
-13
-10
8
574
2035
3535
11103362
6
-11
11
579
2040
3542
11104387
5
-11
14
578
2057
3536
11105412
-14
-11
16
595
2037
3525
11106437
-10
-9
13
597
2000
3542
11107462
7
-6
13
606
2022
3537
11108487
-5
-3
16
581
2067
3542
11109512
-23
-8
12
582
2016
3542
11110537
1
-7
7
591
2011
3564
11111562
8
-5
6
586
2052
3532
11112587
-23
-8
11
595
2078
3501
11113612
-41
-8
12
609
2011
3518
11114637
-4
1
14
624
2004
3541
11115662
33
6
20
597
2071
3583
11116687
-2
1
11
605
2035
3583
11109504
-19
-1
9
613
2003
3551
11110529
6
-3
10
600
2026
3564
11111554
13
-6
6
586
2036
3578
11112579
10
-10
5
593
1999
3569
11113604
7
-9
5
600
2056
3547
11114629
-12
-9
7
571
2058
3536
11115654
-22
-8
3
594
2068
3521
11116679
-33
-6
3
594
2045
3512
11117704
-31
-6
-2
592
1993
3529
11118729
-3
1
-1
612
2029
3534
11119754
2
6
0
622
2030
3520
11120779
6
11
7
621
2095
3488
11121804
-10
9
11
603
2052
3503
11122829
-10
1
1
604
1999
3567
11123854
13
-12
7
602
2013
3587
11124879
3
-24
10
595
2040
3533
11117754
-13
-32
10
584
2050
3603
11118779
-38
-42
-3
636
1948
3573
11119804
-18
-36
-3
659
2011
3468
11120829
-19
-19
-3
598
2068
3505
11121854
-22
-16
-19
616
1970
3569
11122879
-1
2
-31
652
1988
3499
11123904
-18
71
-46
693
2194
3359
11124929
-240
187
-113
638
2290
3677
11125954
-554
303
-206
730
1660
3651
11126979
-139
386
-209
762
788
3577
11128004
745
418
-64
606
2639
2999
11129029
633
399
7
355
3183
2590
11130054
-1169
250
-381
-467
1319
4397
11131079
-170
-349
-490
-230
63
6596
11132104
-466
122
-124
616
3802
3889
11133129
-1396
-16
222
816
3510
1846
11125888
-1147
-40
-298
168
462
2612
11126913
-184
-47
-173
535
813
3505
11127938
716
-82
86
549
2530
3595
11128963
810
-53
182
161
2416
3612
11129988
413
-153
229
152
1958
4461
11131013
-334
-199
128
317
1646
4404
11132038
-97
-422
139
266
485
3931
11133063
762
-567
202
751
1401
3083
11134088
592
-421
244
1364
4011
3577
11135113
-553
-243
213
780
2106
3626
11136138
-201
-283
85
784
597
3388
11137163
1052
-115
173
766
2199
3330
11138188
829
15
213
567
2881
3108
11139213
-115
47
103
508
2122
3331
11140238
-342
46
40
453
1679
3763
11141263
-124
14
55
541
1664
3686
11134079
52
7
66
620
1854
3526
11135104
52
24
47
579
1938
3490
11136129
7
27
7
651
1889
3551
11137154
39
30
-5
699
2002
3653
11138179
-7
28
-5
706
1987
3708
11139204
-30
35
10
732
2023
3563
11140229
-37
49
21
702
2000
3571
11141254
-19
60
8
703
2039
3508
11142279
45
58
20
683
2090
3573
11143304
49
48
10
622
2024
3719
11144329
9
26
11
688
1969
3611
11145354
35
9
37
624
2008
3628
11146379
19
-3
29
614
2004
3627
11147404
-30
-20
15
673
1915
3519
11148429
-2
-21
20
624
1943
3473
11149454
7
-20
4
618
1934
3545
11142272
23
-24
-1
626
1930
3602
11143297
31
-23
8
626
1990
3549
11144322
-12
-23
6
607
1981
3528
11145347
-43
-15
-1
610
1967
3523
11146372
-30
-9
0
618
1946
3511
11147397
14
2
3
582
2004
3569
11148422
15
0
5
587
1996
3592
11149447
-2
1
10
643
2014
3570
11150472
-32
11
20
648
2025
3551
11151497
-21
16
21
637
1989
3570
11152522
9
18
23
651
1984
3595
11153547
19
17
23
651
1975
3587
11154572
22
12
23
645
1983
3599
11155597
12
8
27
624
2007
3604
11156622
-10
-3
25
635
1962
3576
11157647
-12
-6
23
626
1995
3544
11150464
-10
-15
14
632
1955
3564
11151489
2
-6
13
668
1987
3539
11152514
15
-11
17
673
1989
3555
11153539
16
-8
21
677
2041
3566
11154564
-15
-11
21
685
1987
3551
11155589
-2
-6
22
694
1957
3518
11156614
11
2
19
673
1973
3527
11157639
12
-2
10
674
1953
3542
11158664
30
-5
12
660
1973
3578
11159689
3
-11
3
636
1961
3595
11160714
-15
-21
-2
654
1932
3590
11161739
-7
-22
0
655
1981
3561
11162764
-20
-25
-1
646
1985
3558
11163789
-20
-21
-8
656
1976
3542
11164814
-4
-11
-7
652
2015
3543
11165839
-1
-3
-3
654
2037
3534
11158656
-3
4
4
662
2004
3535
11159681
4
10
8
654
1987
3557
11160706
19
10
14
648
2005
3597
11161731
9
8
21
640
1996
3585
11162756
-10
1
19
651
1957
3546
11163781
-15
1
19
634
1972
3553
11164806
-12
-7
7
642
1933
3555
11165831
1
-5
1
647
1949
3557
11166856
-1
-3
2
640
1991
3557
11167881
-12
-3
5
661
1980
3552
11168906
-3
1
6
664
1987
3558
11169931
-10
3
6
651
1977
3581
11170956
1
0
7
638
1983
3591
11171981
8
-5
10
640
1986
3598
11173006
-10
-9
8
676
1993
3572
11174031
-9
-13
12
662
1945
3595
11166848
12
-14
13
648
1974
3588
11167873
9
-15
13
628
1993
3593
11168898
-3
-19
11
624
2001
3572
11169923
4
-22
16
645
1999
3561
11170948
9
-18
17
655
1990
3552
11171973
3
-15
16
675
1973
3556
11172998
5
-7
22
691
1995
3535
11174023
5
-5
23
685
1985
3539
11175048
9
-2
22
665
1960
3541
11176073
12
0
19
659
1969
3554
11177098
1
1
15
656
1966
3545
11178123
-7
0
14
654
1958
3526
11179148
-9
1
18
670
1992
3535
11180173
-27
0
17
696
1962
3529
11181198
-20
3
13
708
1948
3540
11182223
-3
6
5
696
1958
3586
11175039
1
6
0
698
1970
3597
11176064
-1
1
3
678
1978
3597
11177089
-5
-6
5
664
1982
3590
11178114
-12
-13
2
666
1965
3582
11179139
-3
-20
1
651
1970
3589
11180164
-6
-22
-2
651
1979
3579
11181189
-8
-17
0
660
1995
3555
11182214
-4
-16
-1
684
1992
3562
11183239
1
-12
-2
686
1995
3554
11184264
-1
-4
2
667
2010
3547
11185289
2
-4
1
669
1979
3545
11186314
23
2
5
680
1989
3549
11187339
25
1
12
669
1993
3577
11188364
5
-3
14
656
1997
3549
11189389
-21
-11
16
651
1944
3555
11190414
11
-15
14
664
1928
3581
11183234
25
-14
12
689
1996
3557
11184259
-12
-18
9
675
1974
3542
11185284
-19
-16
6
674
1968
3533
11186309
-8
-11
3
687
1960
3518
11187334
4
-5
4
699
1974
3534
11188359
4
0
1
685
1976
3574
11189384
4
-1
0
658
1967
3575
11190409
1
-1
1
656
1978
3565
11191434
-12
-3
4
656
1995
3587
11192459
-12
-6
7
650
1990
3565
11193484
6
-8
12
662
2028
3536
11194509
5
-7
18
677
2012
3576
11195534
10
1
26
690
2037
3576
11196559
1
5
34
680
1980
3550
11197584
4
9
34
672
1985
3546
11198609
-7
10
31
684
1948
3547
11191424
22
9
26
690
1928
3569
11192449
25
11
20
690
1973
3560
11193474
-5
6
13
686
1956
3556
11194499
-6
6
14
675
1988
3542
11195524
-14
2
13
672
1959
3543
11196549
-8
1
9
670
1972
3534
11197574
-10
-3
13
671
1978
3512
11198599
-23
-3
18
688
1986
3494
11199624
-42
5
14
700
1960
3541
11200649
-21
10
9
722
1932
3575
11201674
12
22
8
696
1974
3589
11202699
-18
28
-21
684
1939
3589
11203724
-13
45
-48
703
1975
3616
11204749
-31
95
-48
696
2288
3691
11205774
-229
156
-108
709
2165
3784
11206799
-278
202
-197
834
1507
3783
11199615
32
266
-131
998
1518
3433
11200640
53
457
-115
866
1928
1925
11201665
-486
642
-173
2
1901
2571
11202690
100
101
-276
-47
1297
4905
11203715
1314
-215
-290
-149
1847
7223
11204740
-1027
215
-38
-106
3790
4208
11205765
-2330
-93
4
1346
2891
577
11206790
-835
-246
-295
521
-301
2854
11207815
439
-125
26
506
1457
4123
11208840
814
-112
207
581
3292
3633
11209865
392
-107
128
364
1785
3412
11210890
421
-122
256
485
1575
3998
11211915
252
-229
228
490
2061
4072
11212940
185
-366
154
217
933
4156
11213965
364
-412
-15
541
1188
3616
11214990
337
-374
70
1482
3231
3323
11207808
-18
-231
213
866
2156
3346
11208833
-25
-215
63
738
1478
3372
11209858
491
-160
76
822
1847
3560
11210883
615
-98
70
637
2159
3555
11211908
318
-72
81
640
2314
3353
11212933
-104
-41
62
648
2158
3318
11213958
-220
-17
36
618
1850
3410
11214983
-115
25
36
659
1907
3433
11216008
-100
47
20
678
1846
3373
11217033
57
66
5
625
1878
3614
11218058
174
64
-5
690
2020
3790
11219083
131
35
6
779
2120
3686
11220108
-15
36
29
782
2215
3539
11221133
-193
36
16
792
1985
3400
11222158
-89
53
24
744
1917
3529
11223183
89
50
14
672
1973
3728
11216000
137
27
21
736
2111
3675
11217025
36
12
29
734
2119
3593
11218050
-117
-3
13
785
1999
3368
11219075
-70
-4
20
734
1955
3492
11220100
23
-3
2
680
1952
3660
11221125
72
-25
-1
741
1961
3600
11222150
65
-35
8
731
2036
3497
11223175
-30
-40
3
722
2018
3483
11224200
-56
-41
5
717
1978
3426
11225225
-9
-33
4
676
1915
3498
11226250
35
-20
-5
667
1975
3524
11227275
23
-13
-5
689
2018
3499
11228300
-4
-6
-1
707
2035
3488
11229325
-29
4
8
691
2040
3487
11230350
-29
14
12
671
2018
3508
11231375
-16
30
9
694
2046
3482
11224191
-34
36
6
716
1996
3474
11225216
24
45
16
706
2012
3517
11226241
51
47
18
713
2050
3597
11227266
13
34
24
703
2041
3625
11228291
-24
12
28
711
2007
3585
11229316
-26
-3
21
738
1958
3566
11230341
0
-2
15
726
2015
3541
11231366
-3
-10
6
720
1983
3533
11232391
26
-11
5
716
2050
3547
11233416
9
-15
4
731
2066
3522
11234441
-16
-18
1
738
1974
3512
11235466
7
-9
6
727
2037
3490
11236491
5
-10
10
729
2044
3487
11237516
-8
-6
6
721
1981
3492
11238541
14
1
9
710
1986
3517
11239566
23
3
11
702
2025
3536
11232384
-6
-2
12
705
2003
3513
11233409
-11
-6
11
709
1999
3529
11234434
-26
-3
7
709
2021
3528
11235459
-25
-5
8
704
1961
3508
11236484
11
-4
5
711
1994
3511
11237509
6
0
1
724
2027
3542
11238534
-9
-1
-2
735
2022
3554
11239559
-8
0
2
721
2024
3559
11240584
-14
0
5
694
2004
3551
11241609
-13
-2
4
701
1996
3535
11242634
-9
-1
0
714
2008
3525
11243659
-21
4
-5
702
1994
3479
11244684
-12
9
-12
694
1963
3491
11245709
20
11
-3
676
2055
3570
11246734
-12
2
0
716
2050
3569
11247759
-32
1
11
730
2000
3553
11240576
-13
2
13
716
1990
3540
11241601
-9
0
8
721
2003
3518
11242626
-11
-1
7
704
1990
3542
11243651
-13
-3
3
707
1985
3575
11244676
-9
-11
-1
707
1943
3568
11245701
8
-18
-6
683
1958
3575
11246726
-1
-20
-10
685
2042
3555
11247751
-30
-22
-13
706
2021
3531
11248776
-14
-20
-11
713
2005
3517
11249801
17
-14
-7
714
2026
3504
11250826
15
-8
-3
703
2039
3523
11251851
-1
-2
7
708
2042
3501
11252876
-1
4
17
716
2016
3488
11253901
18
12
23
712
2035
3500
11254926
14
11
22
708
1981
3545
11255951
19
9
23
705
1982
3551
11248768
15
5
25
692
2001
3536
11249793
-12
-2
15
728
1970
3503
11250818
-10
-3
6
741
1955
3515
11251843
14
-2
-2
722
1975
3547
11252868
10
-3
-8
718
2023
3532
11253893
-14
-5
-6
705
2004
3527
11254918
-7
-6
-7
719
2000
3548
11255943
1
-5
-7
713
2031
3565
11256968
-3
-2
-4
689
2032
3536
11257993
-3
-2
-3
686
2000
3532
11259018
19
1
-3
714
2006
3543
11260043
26
6
-1
720
2065
3567
11261068
-1
5
3
706
2034
3540
11262093
6
6
6
697
1999
3487
11263118
21
8
4
692
2005
3531
11264143
14
7
0
698
2011
3566
11256960
8
1
3
707
1991
3524
11257985
9
-2
-2
701
1995
3530
11259010
3
-1
-7
701
2009
3537
11260035
-7
-2
-5
724
2023
3499
11261060
-11
-3
-5
696
2006
3504
11262085
10
-2
-9
679
2000
3529
11263110
26
-1
-5
683
2045
3530
11264135
-7
-1
-2
696
2046
3495
11265160
-27
0
4
704
2021
3500
11266185
-20
7
8
709
1992
3488
11267210
8
12
10
683
1985
3525
11268235
29
8
7
657
2014
3585
11269260
2
-1
-2
684
1994
3594
11270285
-20
-8
2
702
2016
3544
11271310
-22
-14
5
691
2001
3527
11272335
0
-14
1
688
1995
3532
11265152
9
-13
0
693
2027
3536
11266177
-3
-11
1
698
2037
3545
11267202
-9
-4
7
701
2029
3509
11268227
-26
8
13
695
2060
3487
11269252
-27
11
15
670
1994
3482
11270277
23
15
7
666
1994
3491
11271302
26
24
5
677
2023
3528
11272327
-9
25
8
699
2029
3550
11273352
-19
20
21
692
2042
3547
11274377
-19
9
27
684
2003
3530
11275402
-25
7
16
691
1992
3550
11276427
-47
13
6
704
1971
3545
11277452
-23
32
-15
714
1919
3578
11278477
0
83
-55
693
2058
3708
11279502
-87
143
-120
769
2023
3902
11280527
-62
217
-188
1090
1743
4152
11273344
78
303
-126
1228
2761
3834
11274369
-934
700
131
757
3526
777
11275394
-2862
816
-134
-684
717
1860
11276419
-257
-215
-650
-389
-2332
6042
11277444
2497
53
-358
663
2593
6162
11278469
297
395
316
856
5789
2613
11279494
-1891
170
-170
246
1395
1922
11280519
-1401
-10
-507
254
-327
3860
11281544
51
-23
-185
722
1656
4521
11282569
433
2
-29
393
2161
3897
11283594
402
-100
-36
232
1922
3569
11284619
254
-243
68
398
2298
3518
11285644
218
-411
129
370
2036
3889
11286669
587
-468
264
429
2155
4429
11287694
141
-432
266
308
1674
3954
11288719
379
-541
162
283
513
3535
11281536
402
-544
93
1222
1848
3327
11282561
114
-442
259
1580
3251
3474
11283586
-97
-268
299
695
2225
3067
11284611
102
-194
219
493
1374
3327
11285636
697
-110
101
708
1439
3484
11286661
858
-8
173
775
2368
3508
11287686
141
34
135
651
2237
3412
11288711
-378
35
47
637
1684
3409
11289736
-212
41
17
696
1593
3538
11290761
53
51
7
707
1788
3669
11291786
131
40
-10
683
1899
3749
11292811
111
14
-34
768
1963
3629
11293836
39
12
-17
832
2148
3515
11294861
-64
20
-10
784
2088
3545
11295886
-76
28
-7
778
2051
3628
11296911
-7
24
9
772
2070
3665
11289727
33
24
14
800
2053
3555
11290752
24
29
21
820
2049
3490
11291777
-5
33
23
787
2030
3509
11292802
4
23
19
752
1936
3590
11293827
70
12
14
710
1972
3626
11294852
66
-10
8
703
1964
3575
11295877
15
-18
7
719
2048
3450
11296902
-76
-30
0
698
1893
3469
11297927
-13
-36
-5
710
1875
3523
11298952
35
-28
-8
727
1972
3508
11299977
-10
-17
-13
716
1983
3450
11301002
-47
-2
-16
731
1966
3436
11302027
-21
12
-11
744
1969
3515
11303052
16
24
0
725
2024
3559
11304077
-12
26
-1
711
2004
3558
11305102
-31
25
2
708
1979
3555
11297920
-2
29
7
722
1987
3553
11298945
16
28
7
707
1985
3595
11299970
-7
24
1
714
1973
3602
11300995
-11
18
6
724
2014
3579
11302020
-6
10
14
721
2028
3573
11303045
-15
5
5
750
1935
3553
11304070
6
7
8
744
1995
3539
11305095
11
5
10
732
1997
3551
11306120
23
3
8
733
2014
3573
11307145
6
0
7
743
1995
3555
11308170
-12
-2
9
749
1977
3497
11309195
-12
-1
5
724
1988
3452
11310220
-6
0
-2
731
1962
3505
11311245
12
3
-2
746
1977
3533
11312270
12
0
4
716
1979
3554
11313295
-4
0
7
707
1975
3533
11306112
-29
-2
3
717
1978
3536
11307137
-23
-2
3
733
1955
3551
11308162
-2
5
-1
729
1951
3552
11309187
0
8
-2
728
1989
3555
11310212
3
6
0
702
1978
3570
11311237
1
7
-5
693
1969
3606
11312262
-13
-1
-12
698
1976
3581
11313287
-9
-5
-9
726
1992
3566
11314312
16
-1
-3
727
2023
3524
11315337
3
6
-6
732
2042
3482
11316362
-17
8
-10
710
2035
3559
11317387
0
4
-9
745
1966
3568
11318412
37
5
1
746
2009
3555
11319437
11
3
0
707
2006
3563
11320462
-13
-7
-5
725
1951
3545
11321487
11
-10
-1
724
1955
3543
11314303
11
-14
-3
700
1958
3545
11315328
1
-18
-4
677
1963
3566
11316353
-1
-21
-5
694
1985
3522
11317378
-9
-21
-1
683
2001
3510
11318403
-23
-22
-3
681
1962
3516
11319428
-6
-11
0
711
1989
3492
11320453
-1
1
4
698
2004
3503
11321478
-6
9
8
693
2034
3528
11322503
-20
9
8
705
2003
3541
11323528
-10
13
10
704
1946
3563
11324553
17
19
14
686
1993
3584
11325578
-1
17
12
690
2006
3575
11326603
-17
5
6
712
1966
3595
11327628
2
-1
6
701
1963
3604
11328653
11
-2
6
709
1995
3576
11329678
1
-3
10
701
2020
3551
11322496
-14
-8
9
719
2004
3500
11323521
-4
-6
10
717
1980
3511
11324546
7
3
5
707
1976
3535
11325571
10
8
6
727
1989
3535
11326596
8
10
10
708
2002
3535
11327621
-7
10
4
712
1963
3513
11328646
-8
11
2
720
1974
3523
11329671
-12
8
0
695
1967
3558
11330696
-5
4
-2
708
1951
3560
11331721
7
4
1
704
1989
3550
11332746
-22
-1
-2
706
1982
3551
11333771
-33
-1
-2
728
1971
3553
11334796
-1
5
0
707
1980
3573
11335821
7
9
-9
714
1987
3561
11336846
-1
11
-15
727
2001
3540
11337871
-16
12
-16
716
1961
3511
11330962
-19
18
-18
728
1983
3472
11331987
-40
22
-34
777
2025
3450
11333012
-50
23
-53
817
1943
3503
11334037
10
31
-44
722
1930
3563
11335062
46
33
-32
645
2009
3619
11336087
-3
21
-31
583
2007
3624
11337112
-33
-1
-17
541
2001
3598
11338137
-43
-16
-9
576
2008
3594
11339162
-53
-13
-16
670
1915
3595
11340187
-15
16
-15
740
1941
3583
11341212
16
49
-19
732
2009
3551
11342237
1
72
-42
730
1966
3525
11343262
-9
97
-67
728
1941
3552
11344287
12
110
-77
695
1906
3572
11345312
70
122
-80
630
1955
3578
11346337
67
110
-87
571
2012
3592
11338879
10
77
-93
524
1999
3593
11339904
-3
42
-84
504
2026
3602
11340929
7
15
-62
545
2064
3583
11341954
-1
-3
-42
580
2056
3537
11342979
-5
-16
-19
560
2038
3530
11344004
2
-28
2
552
2035
3543
11345029
1
-36
24
569
2033
3526
11346054
-7
-38
42
541
2005
3545
11347079
-4
-40
44
524
1961
3572
11348104
-5
-34
32
552
1978
3565
11349129
-30
-24
17
565
1988
3537
11350154
-30
-11
2
569
1986
3546
11351179
-1
4
-5
575
2056
3550
11352204
-14
19
-4
579
2033
3540
11353229
-31
33
-5
575
1981
3524
11354254
-23
46
-4
578
1992
3508
11347072
-24
53
6
588
2032
3482
11348097
-42
60
8
593
1977
3449
11349122
-54
71
-2
585
1934
3540
11350147
-62
65
-17
587
1873
3593
11351172
-63
55
-18
585
1863
3617
11352197
-6
40
-17
552
1899
3645
11353222
29
43
-22
612
1989
3708
11354247
-43
65
-69
646
2018
3915
11355272
-88
87
-131
676
1911
4093
11356297
-31
169
-142
833
1850
3994
11357322
53
292
-99
1113
1890
2962
11358347
-426
551
-135
832
2556
1464
11359372
-572
401
34
-500
2196
3253
11360397
654
-178
-376
-736
-191
6641
11361422
18
256
-432
456
2765
5213
11362447
-1362
274
192
1459
4227
1400
11355264
-1021
201
-274
-160
445
2819
11356289
-454
101
-245
103
915
4137
11357314
4
65
-52
525
2241
3833
11358339
308
-12
-126
54
1513
3619
11359364
334
-195
124
204
2357
3576
11360389
112
-339
178
252
2244
4138
11361414
34
-330
96
213
1218
4346
11362439
470
-440
155
287
658
4204
11363464
1049
-500
208
489
1720
3446
11364489
233
-561
320
1340
4077
3019
11365514
-303
-294
189
879
2042
2649
11366539
23
-181
146
505
863
3089
11367564
956
-100
204
670
2010
3938
11368589
1243
-66
254
524
2341
3868
11369614
633
42
200
480
2659
3326
11370639
-374
66
68
470
2006
3471
11363456
-617
4
-39
492
1332
3701
11364481
86
-52
41
526
1634
3677
11365506
517
-46
34
538
2095
3534
11366531
296
0
-18
646
2307
3349
11367556
-40
29
-30
645
2163
3484
11368581
-100
42
1
569
2135
3612
11369606
-49
26
32
512
2108
3602
11370631
30
13
31
528
2122
3574
11371656
48
1
29
575
2175
3559
11372681
25
-6
32
634
2139
3445
11373706
18
3
41
661
2152
3445
11374731
4
-1
42
638
2178
3487
11375756
-58
-16
26
658
2070
3494
11376781
-56
-28
7
679
1962
3475
11377806
-6
-24
2
697
2060
3474
11378831
-36
-37
-2
712
2048
3485
11371648
-51
-40
-4
686
2081
3518
11372673
-72
-36
-18
691
2032
3494
11373698
-62
-19
-24
682
2030
3494
11374723
-15
-5
-31
621
2089
3550
11375748
-5
-2
-33
620
2119
3564
11376773
-30
4
-33
609
2071
3574
11377798
-50
15
-29
571
2071
3553
11378823
-68
15
-25
576
2019
3573
11379848
-30
22
-19
576
2053
3581
11380873
-2
17
1
582
2115
3524
11381898
-30
11
2
581
2087
3531
11382923
-50
10
4
598
2011
3521
11383948
-6
15
5
606
1976
3544
11384973
26
19
6
630
2059
3545
11385998
-12
14
1
625
2062
3542
11387023
-49
18
-15
637
2000
3533
11379839
-56
33
-31
673
2000
3499
11380864
-29
41
-44
692
1965
3513
11381889
44
62
-54
634
2015
3585
11382914
49
63
-75
557
2057
3646
11383939
19
41
-77
502
2090
3611
11384964
13
9
-72
484
2071
3569
11385989
23
-15
-68
498
2105
3572
11387014
16
-33
-47
520
2137
3519
11388039
19
-42
-21
513
2131
3485
11389064
23
-43
-8
520
2134
3505
11390089
7
-34
3
548
2137
3497
11391114
3
-27
16
560
2079
3462
11392139
29
-19
22
548
2071
3473
11393164
34
-4
21
554
2082
3493
11394189
20
9
20
571
2070
3488
11395214
11
16
18
585
2058
3480
11388032
5
20
18
550
2062
3508
11389057
6
14
12
549
2006
3532
11390082
27
8
9
579
2045
3536
11391107
9
1
6
577
2079
3503
11392132
-26
-3
4
592
2078
3459
11393157
-28
-7
0
590
2033
3544
11394182
8
-8
-2
593
2049
3545
11395207
8
-6
3
560
2130
3505
11396232
-27
-13
-2
550
2074
3502
11397257
-21
-17
-6
557
2041
3512
11398282
-2
-16
-1
523
2065
3542
11399307
1
-16
6
508
2104
3537
11400332
-29
-20
6
534
2092
3530
11401357
-49
-17
7
551
2092
3495
11402382
-56
-13
7
533
2075
3511
11403407
-52
-6
1
539
2023
3527
11396224
-25
0
5
551
2052
3514
11397249
-23
6
8
566
2051
3487
11398274
-32
18
10
559
2062
3521
11399299
-48
17
3
538
2041
3558
11400324
-58
17
7
549
2039
3556
11401349
-60
14
9
541
2009
3607
11402374
-53
6
6
568
2003
3592
11403399
-25
-4
13
599
2028
3535
11404424
-26
1
19
570
2067
3513
11405449
-33
0
19
573
2072
3515
11406474
-24
0
23
594
2030
3543
11407499
6
1
31
599
2040
3548
11408524
23
1
35
598
2067
3545
11409549
3
1
35
592
2050
3555
11410574
-5
2
31
583
2030
3568
11411599
1
1
27
563
2005
3591
11404417
14
-1
22
569
2013
3574
11405442
13
-3
25
577
2064
3533
11406467
13
-9
31
592
2084
3474
11407492
14
1
26
587
2062
3514
11408517
-10
10
13
578
1997
3536
11409542
10
14
18
560
2027
3514
11410567
31
10
25
542
2040
3563
11411592
18
1
16
597
2011
3561
11412617
-13
0
14
588
2013
3544
11413642
-16
-4
13
540
1984
3567
11414667
1
-7
7
571
2022
3558
11415692
-14
-6
5
593
2011
3564
11416717
-12
-4
5
594
2015
3534
11417742
8
1
15
574
2085
3488
11418767
-20
1
20
544
2103
3506
11419792
-52
-6
14
556
1991
3530
11412608
-1
0
20
577
2022
3573
11413633
14
3
22
574
2049
3555
11414658
2
1
21
561
2036
3520
11415683
-21
4
12
553
2069
3594
11416708
-33
-5
7
566
2004
3599
11417733
-4
-8
11
582
1999
3547
11418758
24
0
22
613
2047
3514
11419783
7
12
26
580
2008
3514
11420808
-17
7
5
582
2006
3630
11421833
-73
25
-13
621
1955
3489
11422858
-34
61
-13
621
1947
3366
11423883
56
111
-33
617
2002
3617
11424908
48
189
-66
667
2150
3753
11425933
-219
332
-51
745
2424
3558
11426958
-424
362
21
628
1952
3149
11427983
-72
378
-16
567
1862
2858
11420801
93
437
-75
306
2179
3447
11421826
25
171
-122
-343
1537
4933
11422851
94
-167
-243
-94
2443
6485
11423876
-1598
149
-299
278
3074
3367
11424901
-2049
-69
-270
926
334
1428
11425926
-448
-100
-381
389
113
3081
11426951
368
46
-205
211
2114
4115
11427976
302
-56
-205
395
2206
3624
11429001
427
-202
-139
332
2007
3513
11430026
341
-283
48
278
2564
3982
11431051
-44
-321
152
257
1923
4123
11432076
67
-292
51
414
1188
3753
11433101
834
-347
163
539
1724
3707
11434126
887
-390
197
53
1510
3911
11435151
4
-465
26
825
2615
3230
11436176
-295
-416
106
1366
2233
3398
11428992
73
-197
207
627
1613
2909
11430017
298
-88
128
651
1940
3224
11431042
422
-45
19
639
2108
3881
11432067
553
-45
94
519
2109
3856
11433092
237
-28
155
627
2463
3471
11434117
-234
-12
123
550
2177
3510
11435142
-288
-9
73
528
1701
3717
11436167
4
-7
85
671
1882
3458
11437192
138
27
103
647
2017
3212
11438217
106
54
46
630
1879
3487
11439242
142
72
34
619
2039
3747
11440267
30
54
59
630
2066
3659
11441292
-65
34
60
633
1918
3567
11442317
-30
38
33
657
1953
3542
11443342
-7
35
16
671
1938
3529
11444367
48
35
19
631
2021
3597
11437185
67
28
18
619
2018
3598
11438210
39
15
4
645
1984
3577
11439235
36
6
11
635
2033
3554
11440260
28
3
11
612
2010
3521
11441285
44
3
10
617
2028
3566
11442310
53
-5
5
626
2033
3575
11443335
35
-3
9
656
2061
3534
11444360
5
-3
14
623
2009
3564
11445385
19
-3
24
632
2077
3471
11446410
14
0
27
615
2019
3524
11447435
25
5
16
596
2000
3560
11448460
34
6
24
602
2062
3559
11449485
16
-1
29
585
2020
3546
11450510
14
3
30
623
2035
3478
11451535
-4
10
25
625
2059
3533
11452560
-12
5
15
634
1999
3556
11445376
-6
3
14
654
2033
3542
11446401
-29
10
29
653
2079
3483
11447426
-42
9
39
645
2064
3464
11448451
-3
7
51
629
2123
3553
11449476
-10
2
52
621
1990
3573
11450501
12
-3
48
622
1968
3567
11451526
19
-3
45
614
2014
3578
11452551
-9
-1
35
636
1976
3539
11453576
-6
6
19
671
1974
3512
11454601
1
12
7
668
2019
3543
11455626
-1
15
-1
659
1993
3554
11456651
12
20
-7
647
2026
3545
11457676
7
18
-5
655
2025
3543
11458701
2
11
-6
663
2029
3555
11459726
8
7
5
631
2039
3548
11460751
3
1
11
627
2053
3487
11453569
-12
-2
17
627
2040
3507
11454594
-15
-7
8
622
2000
3557
11455619
6
-7
11
644
2012
3533
11456644
10
-9
16
607
2002
3542
11457669
5
-10
6
649
2028
3536
11458694
-6
-7
11
632
2048
3514
11459719
-20
-1
7
615
2021
3536
11460744
-18
-2
-1
650
2016
3531
11461769
6
0
2
663
2043
3531
11462794
19
7
5
636
2074
3535
11463819
-2
5
7
616
2058
3548
11464844
-6
-5
2
632
2011
3541
11465869
22
-2
6
635
2073
3554
11466894
-10
-3
10
621
2077
3556
11467919
-34
-10
12
642
1975
3523
11468944
-27
-5
6
665
1996
3522
11461760
-9
1
1
660
1971
3522
11462785
20
5
-16
635
2023
3605
11463810
-5
-4
-25
639
2010
3562
11464835
1
-10
-12
645
2022
3529
11465860
2
-12
-9
620
2037
3556
11466885
0
-16
-8
607
2007
3543
11467910
13
-16
-6
601
2029
3549
11468935
-5
-16
-5
611
2040
3537
11469960
-9
-14
3
638
2015
3514
11470985
-3
-1
8
626
2030
3532
11472010
-6
4
6
617
2027
3529
11473035
15
3
8
604
2005
3505
11474060
13
4
3
593
2049
3499
11475085
-52
-3
-2
609
2044
3474
11476110
-61
-1
-3
629
2018
3475
11477135
-13
5
3
646
2045
3511
11469951
-1
12
8
640
2053
3518
11470976
-14
18
15
616
2063
3519
11472001
-28
20
14
605
2020
3570
11473026
-23
24
15
625
2033
3579
11474051
-20
22
16
647
2004
3559
11475076
-11
28
15
649
1989
3573
11476101
-10
36
8
630
1978
3596
11477126
-9
33
0
611
1952
3616
11478151
17
21
-1
617
2003
3636
11479176
10
1
-4
641
2038
3630
11480201
-16
-13
-8
656
1989
3583
11481226
12
-15
1
624
2002
3562
11482251
13
-17
1
622
2055
3545
11483276
0
-18
1
634
2013
3510
11484301
20
-14
0
642
2019
3520
11485326
19
-7
-3
633
2038
3538
11478144
10
-6
-1
630
2023
3550
11479169
23
0
-1
636
2013
3522
11480194
30
9
-9
612
2051
3510
11481219
15
5
-16
590
2007
3556
11482244
24
-1
-14
599
2043
3552
11483269
15
-9
-3
600
2056
3502
11484294
-8
-13
-5
595
2036
3533
11485319
-5
-13
2
621
2017
3531
11486344
-3
-12
6
614
2014
3525
11487369
2
-9
10
594
2015
3539
11488394
-9
-4
9
620
2018
3521
11489419
-17
0
7
622
1989
3530
11490444
-14
0
-3
581
1983
3527
11491469
6
-1
-17
601
2008
3542
11492494
8
-3
0
593
2049
3549
11493519
-27
-10
11
592
2015
3508
11486336
-29
-8
4
610
1987
3535
11487361
-2
3
0
603
2044
3572
11488386
-11
10
3
603
2070
3542
11489411
-38
25
-6
637
2036
3552
11490436
-47
56
-25
643
2029
3731
11491461
-163
111
-82
677
2000
4044
11492486
-356
192
-128
845
1712
3727
11493511
-215
322
-57
954
1997
3079
11494536
78
487
21
724
2596
2989
11495561
-629
716
-85
351
2521
2213
11496586
-1553
618
-167
-110
919
2883
11497611
222
95
-329
-477
-412
5705
11498636
814
255
-136
261
3627
5299
11499661
-1047
240
114
579
3815
3016
11500686
-1857
31
-358
202
189
2957
11501711
-754
-74
-357
320
605
4317
11494528
88
-50
-121
472
1761
4093
11495553
451
-118
-116
310
1842
3552
11496578
291
-266
16
316
2511
3405
11497603
79
-414
37
223
2162
4015
11498628
199
-490
83
149
1544
4543
11499653
408
-453
23
349
955
3939
11500678
1165
-585
112
466
641
3974
11501703
911
-501
137
812
2375
2777
11502728
234
-527
60
1340
3065
3462
11503753
6
-313
145
615
2089
3586
11504778
358
-323
238
607
1454
3508
11505803
1009
-253
217
652
1979
3464
11506828
773
-101
196
568
2342
3173
11507853
-33
-30
63
674
1973
3099
11508878
-305
51
20
511
1956
3424
11509903
-234
44
4
548
1772
3540
11502720
-35
43
0
685
1797
3457
11503745
66
77
-11
663
2103
3514
11504770
-21
84
-29
696
2149
3485
11505795
-31
70
-23
721
2016
3622
11506820
60
77
1
689
2188
3755
11507845
11
56
32
683
2231
3712
11508870
-19
32
58
674
2235
3628
11509895
-98
31
63
687
2088
3524
11510920
-51
25
73
702
1980
3592
11511945
79
29
80
661
2052
3674
11512970
79
13
72
680
2069
3657
11513995
26
2
61
670
1996
3552
11515020
-44
10
42
684
1938
3453
11516045
-57
30
29
646
1882
3547
11517070
7
35
31
600
1943
3514
11518095
66
25
44
606
2022
3431
11510913
9
18
24
606
1939
3496
11511938
-33
21
16
619
1928
3489
11512963
-26
17
28
608
1956
3500
11513988
24
12
25
608
2000
3546
11515013
8
7
13
639
1992
3586
11516038
-27
1
6
682
1989
3550
11517063
-14
5
13
670
2028
3523
11518088
-6
13
7
658
2047
3539
11519113
-15
19
-3
685
2016
3552
11520138
-10
28
-7
691
1999
3571
11521163
17
33
-9
646
2010
3594
11522188
35
29
-11
614
2004
3623
11523213
35
21
-11
621
2047
3606
11524238
24
13
3
618
2055
3582
11525263
3
3
-6
596
1976
3589
11526288
33
-6
-1
601
2040
3579
11519103
26
-13
10
600
2002
3562
11520128
16
-14
7
647
2018
3507
11521153
10
-12
15
645
2025
3515
11522178
-10
-14
20
615
2021
3510
11523203
-28
-24
33
607
1974
3500
11524228
13
-31
46
617
1974
3487
11525253
31
-27
36
637
1986
3514
11526278
-17
-23
24
663
2015
3502
11527303
-50
-15
24
665
1996
3509
11528328
-24
-7
16
674
1972
3546
11529353
17
7
14
709
2056
3530
11530378
-7
10
6
700
2022
3545
11531403
-1
15
-7
666
1996
3597
11532428
15
14
-9
671
2017
3610
11533453
17
10
-9
671
2037
3613
11534478
0
3
-8
652
2026
3570
11527297
6
-4
-8
643
2037
3551
11528322
4
-11
-7
611
2030
3553
11529347
-8
-17
-7
623
2021
3529
11530372
-3
-19
-7
644
2023
3526
11531397
18
-17
-8
646
2028
3521
11532422
24
-9
-8
637
2025
3488
11533447
-7
6
-8
622
2016
3480
11534472
-10
14
-7
631
2026
3502
11535497
12
14
-2
647
2002
3548
11536522
32
21
1
629
2040
3556
11537547
3
22
3
623
2065
3540
11538572
-19
13
4
647
2002
3524
11539597
5
14
3
653
1983
3547
11540622
18
12
-2
635
2020
3566
11541647
7
4
-2
629
2042
3565
11542672
-8
-5
-6
659
2011
3548
11535488
0
-12
-7
654
2015
3547
11536513
12
-17
-9
637
2024
3550
11537538
-1
-18
-11
637
2050
3552
11538563
-13
-20
-11
643
2025
3505
11539588
10
-15
-8
630
2018
3537
11540613
23
-11
-12
614
2059
3548
11541638
6
-15
-4
607
2023
3547
11542663
-4
-16
-4
598
2003
3544
11543688
-3
-15
4
627
2049
3458
11544713
4
-12
6
621
1978
3554
11545738
22
-6
-2
622
2027
3577
11546763
17
-11
8
620
2072
3500
11547788
-4
-13
10
609
2004
3512
11548813
4
-6
0
630
2012
3547
11549838
11
-3
12
636
2062
3504
11550863
6
-6
15
610
2034
3532
11543915
0
-4
12
635
2062
3544
11544940
-20
-4
17
671
2039
3508
11545965
-18
1
20
647
2016
3491
11546990
6
1
11
641
2009
3537
11548015
23
0
3
657
2012
3579
11549040
18
-1
6
670
2062
3551
11550065
-2
-8
9
644
2047
3523
11551090
-15
-16
5
624
2027
3522
11552115
0
-23
3
626
2021
3537
11553140
20
-23
1
652
2030
3550
11554165
1
-22
3
650
2072
3542
11555190
-33
-25
5
642
2055
3467
11556215
-21
-18
4
638
2033
3471
11557240
1
-5
-2
661
2026
3488
11558265
16
3
-1
674
2048
3510
11559290
11
8
4
632
2043
3527
11551872
1
6
5
625
2041
3547
11552897
-16
-5
5
631
2010
3537
11553922
-13
-9
1
639
2000
3546
11554947
-1
-6
4
629
2052
3536
11555972
-17
-14
4
628
2016
3538
11556997
-12
-18
4
644
2051
3533
11558022
-14
-15
2
644
2030
3538
11559047
-24
-6
-18
615
2012
3519
11560072
0
0
-21
668
2060
3485
11561097
27
6
1
662
2100
3496
11562122
13
5
11
635
2102
3542
11563147
-27
-4
13
637
2017
3563
11564172
-14
-5
19
657
2002
3542
11565197
13
-10
19
657
2029
3559
11566222
-1
-17
14
642
2018
3568
11567247
-8
-23
12
645
1997
3549
11560064
-4
-22
8
654
2016
3550
11561089
-6
-28
6
673
1989
3543
11562114
10
-24
10
669
2047
3512
11563139
-8
-19
7
622
2042
3518
11564164
-22
-15
2
609
2017
3533
11565189
-4
-11
5
627
2034
3508
11566214
4
-6
7
640
2050
3499
11567239
-4
0
11
648
2043
3500
11568264
-6
8
12
637
2049
3545
11569289
-10
13
17
634
2056
3553
11570314
-8
13
19
676
2025
3523
11571339
-2
16
17
677
2025
3526
11572364
3
19
12
669
1999
3548
11573389
9
16
10
678
2000
3530
11574414
12
8
8
659
1993
3566
11575439
15
3
6
668
2032
3566
11568256
-5
-6
6
662
2025
3530
11569281
-8
-16
2
659
2017
3517
11570306
0
-18
-1
661
2041
3530
11571331
5
-20
-1
658
2038
3545
11572356
-5
-13
-3
666
2064
3514
11573381
-20
-10
-2
665
2041
3488
11574406
5
-6
3
649
2048
3501
11575431
10
-3
4
642
2062
3526
11576456
-10
-6
4
655
2006
3527
11577481
4
-3
9
658
2021
3515
11578506
0
-1
8
643
2029
3518
11579531
-13
1
2
627
2013
3548
11580556
-12
-1
3
646
2027
3521
11581581
-12
-2
5
653
2058
3508
11582606
-26
0
4
658
2012
3535
11583631
-18
9
-1
666
2017
3565
11576448
-31
33
-5
666
2083
3565
11577473
-77
72
-35
713
2148
3705
11578498
-230
224
-121
861
2185
3771
11579523
-235
409
-177
935
1910
3343
11580548
361
430
-53
488
2753
3755
11581573
-40
415
-196
642
1843
2724
11582598
-1473
418
-665
157
826
2636
11583623
-102
-101
-470
-319
-301
5235
11584648
1053
-87
-422
4
1868
6041
11585673
-780
133
132
1108
5808
2669
11586698
-1587
-44
-161
256
1610
2038
11587723
-833
-32
-449
378
9
3184
11588748
341
27
-29
796
2019
4176
11589773
518
133
142
201
2633
3806
11590798
279
-39
155
185
2199
3382
11591823
-32
-131
210
361
2182
3323
11584641
80
-207
281
295
1640
3728
11585666
329
-230
259
334
1350
3815
11586691
681
-324
184
359
1324
4099
11587716
919
-366
157
274
1207
3958
11588741
228
-429
59
834
2808
3588
11589766
-304
-484
141
1414
2269
3470
11590791
316
-325
222
787
1543
3262
11591816
712
-138
227
619
2500
3259
11592841
405
-139
115
680
2205
3478
11593866
291
-104
84
681
2098
3535
11594891
159
-72
129
591
2182
3485
11595916
-11
-106
108
622
1980
3508
11596941
-11
-64
84
634
2162
3485
11597966
-81
-30
65
658
2060
3407
11598991
-61
-14
19
694
1907
3466
11600016
86
6
19
708
2018
3551
11592832
140
22
35
762
2098
3356
11593857
89
48
29
772
2188
3308
11594882
-18
72
5
705
2128
3428
11595907
-49
78
-14
714
1975
3533
11596932
44
81
-1
726
2079
3552
11597957
34
61
4
734
2129
3504
11598982
-4
36
8
750
2124
3457
11600007
6
22
5
706
2135
3509
11601032
-7
5
-3
686
2117
3547
11602057
-5
-13
0
687
2097
3564
11603082
5
-20
8
706
2145
3513
11604107
-35
-23
12
702
2081
3440
11605132
-27
-17
14
692
2094
3420
11606157
9
-4
21
658
2105
3452
11607182
13
-3
3
693
2041
3464
11608207
34
10
10
676
2108
3495
11601025
-12
21
10
678
2131
3424
11602050
-41
16
9
699
2048
3464
11603075
18
21
10
710
2117
3516
11604100
20
20
9
708
2115
3512
11605125
14
14
6
717
2100
3482
11606150
5
5
3
712
2074
3483
11607175
-2
-1
1
692
2068
3510
11608200
8
-7
-2
661
2115
3552
11609225
1
-20
-5
684
2099
3479
11610250
3
-17
-1
687
2135
3420
11611275
-16
-14
0
698
2134
3416
11612300
-14
-11
2
709
2082
3463
11613325
25
-3
8
690
2095
3471
11614350
30
-1
12
685
2117
3455
11615375
-6
0
6
706
2079
3428
11616400
-19
5
2
717
2086
3429
11609215
-13
7
4
684
2063
3474
11610240
11
7
3
659
2091
3495
11611265
8
2
3
670
2098
3463
11612290
-4
3
3
702
2118
3431
11613315
-19
4
4
699
2112
3464
11614340
-27
6
3
695
2113
3488
11615365
-26
10
9
690
2152
3488
11616390
-10
8
12
685
2099
3473
11617415
4
6
0
716
2060
3493
11618440
6
5
0
706
2082
3496
11619465
-3
5
2
690
2089
3494
11620490
4
3
-2
674
2117
3511
11621515
1
-3
-6
689
2098
3487
11622540
4
-5
-6
683
2086
3508
11623565
18
-6
-1
668
2099
3496
11624590
11
-7
3
660
2146
3447
11617411
-7
-9
9
670
2154
3420
11618436
-9
-1
7
688
2119
3438
11619461
-1
4
5
694
2092
3444
11620486
9
17
5
696
2073
3430
11621511
16
22
3
688
2065
3469
11622536
27
24
-2
679
2120
3490
11623561
-6
15
-11
686
2071
3498
11624586
-3
7
-17
663
2076
3521
11625611
14
-3
-11
658
2116
3511
11626636
6
-14
-6
679
2129
3478
11627661
-19
-18
-4
686
2133
3476
11628686
-29
-19
-4
682
2105
3430
11629711
3
-14
2
679
2097
3420
11630736
18
1
-5
702
2102
3436
11631761
10
9
-5
685
2102
3459
11632786
9
8
-3
632
2124
3485
11625600
7
1
-4
631
2120
3484
11626625
-7
1
-6
645
2122
3477
11627650
-4
-5
-3
656
2100
3478
11628675
14
-2
6
658
2143
3462
11629700
-4
-4
14
655
2153
3473
11630725
-23
-5
16
682
2111
3460
11631750
-10
2
14
704
2069
3459
11632775
22
13
9
690
2094
3494
11633800
32
11
6
687
2107
3487
11634825
20
3
2
657
2101
3508
11635850
2
-2
-4
664
2079
3501
11636875
3
-13
-2
670
2099
3474
11637900
15
-17
-1
646
2124
3493
11638925
-9
-21
-4
668
2108
3432
11639950
-8
-20
5
673
2132
3445
11640975
-5
-12
3
665
2136
3457
11633791
-7
-8
-3
689
2098
3436
11634816
7
4
4
667
2132
3444
11635841
-3
7
8
685
2136
3404
11636866
0
9
14
684
2113
3446
11637891
12
11
13
673
2110
3463
11638916
1
9
9
659
2104
3455
11639941
0
2
4
650
2069
3495
11640966
14
-4
0
677
2147
3510
11641991
-9
-18
3
686
2147
3507
11643016
-23
-28
0
663
2093
3477
11644041
-6
-22
-3
673
2132
3447
11645066
6
-22
-2
672
2114
3479
11646091
14
-16
-8
687
2137
3484
11647116
3
-12
-1
679
2147
3442
11648141
-4
-13
4
659
2119
3441
11649166
-2
-6
1
658
2110
3439
11641984
8
-1
3
657
2111
3452
11643009
14
-5
4
651
2102
3469
11644034
10
-6
7
655
2143
3477
11645059
-17
-11
8
662
2101
3450
11646084
-15
-9
7
666
2097
3440
11647109
-8
-6
8
672
2108
3443
11648134
-5
-6
3
695
2114
3464
11649159
2
0
7
694
2115
3460
11650184
-4
3
9
671
2127
3465
11651209
-20
1
11
654
2111
3457
11652234
-18
2
14
663
2107
3421
11653259
-12
8
6
659
2101
3483
11654284
-12
11
3
665
2122
3470
11655309
-15
13
14
667
2140
3444
11656334
-21
15
16
673
2109
3498
11657359
-11
16
16
688
2121
3516
11650176
-5
15
16
684
2116
3500
11651201
-7
12
7
690
2111
3493
11652226
3
13
4
691
2085
3497
11653251
9
15
4
678
2103
3489
11654276
-5
15
7
674
2093
3524
11655301
-60
43
-36
721
2030
3772
11656326
-258
152
-158
814
2085
4142
11657351
-512
239
-185
940
2060
3846
11658376
-453
342
34
833
2964
2700
11659401
-770
548
34
892
2137
1547
11660426
-2095
840
-402
102
971
2447
11661451
-768
341
-295
-215
374
4536
11662476
1752
-21
-304
-375
1018
6808
11663501
145
332
-20
590
4677
4124
11664526
-1813
153
42
850
3358
1804
11665551
-1783
-53
-529
77
-966
3368
11658369
-226
-129
-165
584
945
4433
11659394
515
-17
71
433
2719
3831
11660419
433
-177
-42
273
1621
3477
11661444
415
-288
111
454
2114
3451
11662469
439
-371
167
451
2233
3830
11663494
435
-405
208
320
1717
4268
11664519
308
-429
137
299
1160
4226
11665544
824
-506
134
400
609
3763
11666569
708
-400
45
931
2821
3258
11667594
-63
-446
219
1342
3028
3339
11668619
74
-272
207
607
1071
2882
11669644
661
-94
130
698
1785
3206
11670669
728
-29
89
620
2207
3710
11671694
565
-55
87
599
2033
3606
11672719
386
-15
107
617
2352
3370
11673744
-34
-14
67
587
2125
3319
11666560
-188
-6
-3
608
1848
3506
11667585
-39
7
-10
668
1817
3690
11668610
119
5
-12
763
1960
3646
11669635
149
6
3
780
2258
3533
11670660
-4
3
3
778
2271
3454
11671685
-98
4
-2
745
2079
3451
11672710
-10
21
4
695
2075
3567
11673735
81
25
10
674
2119
3671
11674760
120
16
20
705
2167
3619
11675785
57
18
40
734
2233
3420
11676810
-59
24
38
749
2130
3316
11677835
-61
38
23
705
1998
3419
11678860
62
45
19
682
2004
3560
11679885
126
39
13
683
2122
3547
11680910
56
14
10
674
2104
3488
11681935
-27
-6
4
678
2073
3439
11674752
-56
-17
7
687
2037
3469
11675777
-10
-20
11
665
2031
3487
11676802
18
-14
7
675
2111
3475
11677827
-40
-10
-5
683
2096
3445
11678852
-80
8
-8
714
2099
3316
11679877
-76
32
-7
709
2054
3320
11680902
10
48
-11
628
2043
3510
11681927
67
54
-10
647
2163
3588
11682952
23
40
4
662
2159
3563
11683977
-14
27
12
666
2108
3520
11685002
-26
23
11
686
2099
3503
11686027
-12
14
21
677
2089
3507
11687052
27
10
30
659
2137
3515
11688077
27
3
21
676
2088
3560
11689102
30
-5
19
686
2122
3562
11690127
-1
-14
21
688
2068
3495
11683075
-21
-13
16
695
2044
3424
11684100
5
-3
6
694
2048
3476
11685125
34
3
-4
710
2112
3475
11686150
16
0
2
690
2081
3434
11687175
1
1
-8
659
2029
3455
11688200
15
5
-11
684
2097
3469
11689225
0
0
-5
664
2081
3455
11690250
-1
-5
-7
657
2070
3479
11691275
6
-6
-8
655
2135
3503
11692300
-17
-13
-1
659
2118
3491
11693325
-24
-15
-1
688
2066
3450
11694350
-7
-3
1
696
2101
3440
11695375
-5
7
-1
679
2134
3455
11696400
-6
12
-7
650
2103
3499
11697425
-8
13
-11
651
2077
3484
11698450
19
10
-10
659
2073
3494
11691136
21
11
-10
656
2135
3503
11692161
-15
2
-11
653
2083
3522
11693186
-6
7
-3
652
2130
3501
11694211
-4
5
3
660
2125
3486
11695236
4
1
0
675
2104
3519
11696261
19
1
1
676
2115
3502
11697286
23
-2
8
641
2085
3495
11698311
27
-3
10
631
2100
3475
11699336
15
-7
8
655
2082
3491
11700361
19
-10
9
650
2082
3474
11701386
18
-11
6
655
2071
3450
11702411
15
-10
2
660
2092
3467
11703436
4
-6
0
678
2098
3442
11704461
-3
-3
-2
663
2099
3433
11705486
6
-3
-8
653
2083
3464
11706511
13
0
-4
668
2121
3451
11699328
9
2
1
649
2143
3464
11700353
-7
1
5
649
2133
3468
11701378
-6
-2
6
655
2106
3469
11702403
10
-7
10
648
2105
3488
11703428
10
-9
14
665
2140
3468
11704453
-17
-8
12
663
2104
3457
11705478
-17
-5
8
675
2074
3425
11706503
9
-1
7
669
2111
3450
11707528
7
-2
3
673
2123
3464
11708553
-10
-5
2
670
2091
3468
11709578
-2
-6
5
665
2117
3474
11710603
-7
-7
5
673
2120
3461
11711628
-17
-8
1
674
2072
3474
11712653
1
-7
4
645
2109
3473
11713678
-5
-14
2
639
2107
3502
11714703
-11
-15
0
659
2120
3477
11707520
-13
-14
5
671
2108
3485
11708545
-5
-9
7
652
2123
3493
11709570
1
-8
14
666
2115
3460
11710595
6
-5
16
639
2123
3492
11711620
-5
-7
10
667
2099
3475
11712645
-1
-3
12
682
2080
3460
11713670
4
4
14
668
2114
3471
11714695
-1
3
8
654
2105
3489
11715720
-3
0
2
671
2081
3472
11716745
0
-3
1
657
2092
3456
11717770
-1
-7
2
643
2089
3487
11718795
0
-9
4
659
2110
3500
11719820
-9
-15
12
676
2130
3491
11720845
-18
-19
13
685
2112
3473
11721870
-5
-10
9
668
2100
3486
11722895
11
-3
4
667
2111
3490
11715713
12
-4
6
681
2118
3471
11716738
3
-2
6
675
2101
3480
11717763
3
-6
8
662
2089
3471
11718788
17
-10
10
658
2099
3469
11719813
8
-7
7
656
2122
3461
11720838
-16
-7
2
680
2105
3478
11721863
-8
-9
3
677
2097
3460
11722888
7
-7
2
659
2116
3435
11723913
-2
-5
1
653
2135
3446
11724938
-14
-3
-1
684
2120
3457
11725963
-8
1
3
699
2100
3455
11726988
11
3
4
684
2101
3475
11728013
18
4
10
671
2150
3479
11729038
-8
-7
8
675
2117
3482
11730063
-16
-12
8
679
2086
3489
11731088
-1
-11
8
666
2090
3502
11723903
-7
-14
5
671
2075
3472
11724928
-10
-16
3
671
2087
3459
11725953
-11
-12
-2
673
2124
3465
11726978
-20
-9
-5
674
2112
3465
11728003
-2
-4
2
673
2114
3454
11729028
14
3
8
664
2138
3471
11730053
1
3
10
643
2113
3505
11731078
-12
0
12
649
2093
3489
11732103
-6
-1
14
654
2103
3474
11733128
-6
-3
12
679
2101
3469
11734153
-1
-2
8
672
2080
3497
11735178
11
-2
6
668
2105
3497
11736203
-4
-2
8
677
2103
3447
11737228
-14
-5
10
685
2086
3427
11738253
1
-1
8
683
2107
3470
11739278
4
2
4
670
2102
3499
11732096
2
-2
5
668
2084
3490
11733121
-3
-5
8
669
2101
3485
11734146
-15
-6
7
675
2114
3481
11735171
-16
-11
5
652
2116
3507
11736196
-3
-13
3
669
2094
3494
11737221
4
-9
11
696
2112
3461
11738246
-6
-4
18
684
2133
3468
11739271
-10
-1
16
684
2103
3492
11740296
4
3
10
687
2086
3510
11741321
11
5
5
688
2094
3490
11742346
11
5
6
682
2091
3484
11743371
13
9
-1
679
2063
3518
11744396
17
17
-12
680
2075
3536
11745421
24
35
-17
691
2156
3459
11746446
-86
80
-37
714
2396
3543
11747471
-365
140
-120
735
2065
3785
11740288
-324
230
-174
837
1627
3620
11741313
187
314
-43
762
2211
3647
11742338
373
319
17
990
2733
2711
11743363
-1101
669
-233
569
2363
1301
11744388
-1686
134
-286
-451
169
4500
11745413
1054
-210
-403
-580
435
7694
11746438
-287
295
-48
1008
5177
3424
11747463
-1832
18
132
977
3261
1196
11748488
-1622
21
-427
137
-520
2487
11749513
-28
-85
-182
674
551
3919
11750538
1069
-13
96
539
3097
3690
11751563
781
-130
192
155
2398
3640
11752588
318
-280
239
273
1815
4104
11753613
-75
-352
147
392
1359
4097
11754638
407
-524
149
305
641
4581
11755663
1105
-567
84
628
1092
3674
11748480
773
-494
118
1808
4069
3458
11749505
-154
-362
301
868
2873
3441
11750530
-282
-425
173
542
1091
3354
11751555
754
-307
123
873
1518
3478
11752580
996
-177
126
752
2516
3333
11753605
304
-141
68
682
2282
3065
11754630
-209
-70
-48
731
1823
3001
11755655
-120
8
-62
707
1917
3245
11756680
61
30
-55
651
2097
3492
11757705
99
27
-59
704
2031
3444
11758730
112
56
-44
799
2189
3289
11759755
73
82
-15
768
2309
3337
11760780
-36
85
7
775
2332
3391
11761805
-84
78
30
776
2178
3475
11762830
-2
90
40
762
2175
3531
11763855
20
99
52
833
2192
3467
11756868
15
96
59
846
2167
3403
11757893
17
97
54
840
2143
3484
11758918
-6
88
43
809
2207
3524
11759943
-35
62
39
758
2041
3580
11760968
32
38
16
709
2017
3616
11761993
67
6
21
739
2129
3510
11763018
0
-22
17
708
2097
3431
11764043
-49
-30
0
703
2071
3438
11765068
-27
-33
-2
692
2048
3447
11766093
30
-29
-1
688
2132
3427
11767118
3
-24
-2
726
2145
3362
11768143
-32
-6
0
725
2119
3354
11769168
-11
14
-1
699
2141
3399
11770193
4
23
2
720
2106
3415
11771218
28
28
6
722
2138
3472
11772243
19
33
10
726
2172
3493
11764865
-35
30
13
742
2130
3432
11765890
-23
31
19
734
2088
3440
11766915
14
34
16
733
2134
3465
11767940
-9
35
8
750
2124
3481
11768965
-39
33
1
728
2096
3476
11769990
-34
24
0
732
2100
3484
11771015
1
12
1
720
2122
3499
11772040
25
-2
3
735
2108
3498
11773065
25
-11
4
748
2131
3455
11774090
5
-11
5
741
2135
3428
11775115
-21
-7
1
732
2124
3396
11776140
-6
-3
7
719
2101
3407
11777165
32
4
5
724
2110
3423
11778190
30
14
3
702
2151
3476
11779215
-10
7
-1
696
2108
3459
11780240
-7
5
3
705
2119
3455
11773055
-5
0
0
738
2097
3427
11774080
7
9
3
743
2150
3430
11775105
-7
9
3
721
2116
3446
11776130
10
9
6
706
2126
3468
11777155
23
6
10
700
2151
3475
11778180
-2
1
8
715
2126
3454
11779205
-17
2
4
727
2097
3446
11780230
-2
1
4
718
2099
3451
11781255
10
-5
3
707
2133
3472
11782280
-3
-9
2
711
2129
3473
11783305
-14
-5
2
720
2115
3447
11784330
-12
-6
-2
728
2081
3468
11785355
10
-6
-2
702
2115
3473
11786380
28
-9
1
689
2144
3481
11787405
8
-12
-1
698
2146
3461
11788430
-13
-11
7
717
2128
3409
11781248
-3
-6
11
690
2106
3413
11782273
21
-4
6
684
2129
3457
11783298
4
-6
3
716
2116
3456
11784323
-3
-3
5
715
2126
3448
11785348
-3
-4
4
717
2122
3407
11786373
-14
-1
1
718
2117
3402
11787398
-4
3
0
710
2100
3449
11788423
15
6
0
708
2138
3470
11789448
4
-2
5
715
2145
3466
11790473
-15
-6
11
717
2144
3447
11791498
-15
-8
10
714
2126
3438
11792523
-2
-5
8
708
2122
3443
11793548
4
-4
2
713
2129
3439
11794573
12
-6
5
718
2146
3449
11795598
0
-6
6
716
2148
3423
11796623
-21
-4
7
711
2148
3411
11789440
-23
-3
8
707
2111
3428
11790465
3
0
5
725
2095
3462
11791490
18
0
8
721
2126
3466
11792515
-5
-1
9
712
2144
3438
11793540
-31
-6
6
696
2099
3456
11794565
-17
-4
5
714
2100
3461
11795590
2
-2
3
711
2107
3466
11796615
0
-3
6
719
2120
3440
11797640
-5
-2
6
714
2115
3449
11798665
-4
-1
5
702
2144
3464
11799690
-12
-3
6
726
2149
3454
11800715
-9
-7
8
716
2097
3456
11801740
14
-5
9
710
2137
3452
11802765
0
-7
9
701
2140
3455
11803790
-16
-10
9
701
2121
3441
11804815
-22
-14
10
713
2085
3417
11797632
2
-15
11
713
2063
3451
11798657
39
-9
12
724
2131
3478
11799682
15
-8
12
731
2155
3464
11800707
-22
-1
7
738
2130
3434
11801732
-26
5
3
743
2098
3442
11802757
9
9
4
706
2116
3511
11803782
19
3
6
716
2113
3484
11804807
10
-4
6
720
2115
3476
11805832
4
-10
5
705
2125
3485
11806857
-4
-12
3
706
2139
3457
11807882
-14
-12
4
714
2136
3430
11808907
-5
-5
4
726
2126
3420
11809932
5
3
1
715
2129
3445
11810957
10
8
3
705
2147
3442
11811982
13
6
7
710
2141
3430
11813007
-8
11
7
735
2142
3408
11805824
-40
18
3
743
2082
3407
11806849
-19
29
2
721
2116
3484
11807874
-8
49
-16
745
2114
3543
11808899
-90
90
-37
725
2134
3551
11809924
-178
136
-91
713
1981
3621
11810949
-133
176
-126
789
1947
3731
11811974
-50
201
-129
881
2201
3559
11812999
5
264
-53
998
2597
3164
11814024
-290
496
-13
915
2643
2569
11815049
-1411
658
-121
180
1956
2262
11816074
-791
145
-184
-128
360
4131
11817099
805
121
-279
-533
1273
6491
11818124
-645
277
-73
904
4263
3502
11819149
-1420
49
-16
666
2091
2236
11820174
-1081
-21
-182
222
624
3237
11821199
-177
-111
-153
617
1285
4004
11814015
512
-88
-25
630
2054
3432
11815040
733
-202
103
334
2194
3385
11816065
611
-360
163
440
2173
3858
11817090
287
-397
136
502
1835
4216
11818115
158
-509
82
413
1387
4467
11819140
613
-599
90
377
1160
4170
11820165
820
-573
49
856
1682
3240
11821190
589
-492
86
1474
2717
3019
11822215
251
-321
160
1172
2842
2985
11823240
17
-248
123
575
2000
3112
11824265
369
-169
60
681
1787
3512
11825290
679
-97
84
787
2142
3560
11826315
515
-88
131
723
2389
3330
11827340
98
-66
91
758
2223
3008
11828365
-129
11
13
760
2003
3136
11829390
-75
63
-12
719
2018
3405
11822234
74
66
-3
788
2099
3444
11823259
136
67
-3
809
2158
3441
11824284
36
64
-12
829
2214
3349
11825309
-104
61
-15
828
2125
3361
11826334
-64
65
-18
760
2145
3555
11827359
3
66
-13
775
2290
3517
11828384
-3
61
0
837
2255
3388
11829409
-17
68
-2
813
2240
3377
11830434
-11
57
16
805
2237
3436
11831459
21
51
29
794
2239
3423
11832484
19
53
25
783
2170
3446
11833509
36
44
10
751
2128
3484
11834534
35
33
18
752
2200
3415
11835559
-38
18
23
754
2151
3293
11836584
-13
16
25
683
2143
3425
11837609
-13
-4
9
703
2079
3443
11830400
-9
-9
9
772
2091
3370
11831425
0
1
12
708
2165
3412
11832450
-38
0
-2
752
2168
3377
11833475
-59
9
1
739
2128
3332
11834500
-18
21
2
711
2107
3408
11835525
28
30
-1
733
2182
3436
11836550
21
24
6
729
2209
3448
11837575
-9
19
11
710
2195
3462
11838600
-21
10
13
716
2141
3457
11839625
10
5
22
745
2168
3447
11840650
29
-2
27
786
2151
3419
11841675
42
2
27
764
2200
3437
11842700
24
-4
24
755
2173
3435
11843725
17
-5
18
760
2138
3392
11844750
34
7
14
742
2164
3430
11845775
25
5
5
748
2199
3423
11838591
12
-4
8
770
2162
3370
11839616
16
4
12
766
2211
3348
11840641
-6
7
15
771
2194
3385
11841666
-2
10
12
783
2179
3391
11842691
14
8
10
772
2164
3389
11843716
20
7
8
770
2180
3392
11844741
10
9
5
774
2148
3401
11845766
5
12
0
758
2144
3405
11846791
2
8
-6
754
2152
3405
11847816
9
1
-10
752
2173
3412
11848841
-4
-4
-10
741
2175
3395
11849866
-15
-7
-5
728
2172
3410
11850891
-18
-6
0
725
2197
3393
11851916
-21
-6
-4
736
2165
3373
11852941
-14
8
-2
737
2204
3345
11853966
-19
18
-2
740
2181
3352
11846784
10
25
-1
741
2188
3419
11847809
18
30
-1
761
2193
3433
11848834
9
28
2
726
2213
3441
11849859
-6
12
-3
727
2194
3459
11850884
-11
-1
-2
760
2163
3432
11851909
12
-4
-1
747
2159
3428
11852934
11
-9
-7
743
2185
3422
11853959
-4
-18
-8
728
2162
3424
11854984
3
-23
-6
712
2145
3411
11856009
6
-24
-4
704
2153
3388
11857034
-16
-19
2
706
2166
3335
11858059
-29
-8
3
699
2139
3362
11859084
-8
5
-4
689
2144
3382
11860109
17
15
-1
673
2179
3402
11861134
8
19
1
688
2204
3422
11862159
-18
21
4
732
2212
3403
11854976
-12
21
14
732
2204
3376
11856001
11
23
15
715
2197
3416
11857026
16
24
10
731
2200
3460
11858051
14
19
19
751
2225
3438
11859076
3
7
22
722
2190
3419
11860101
1
-5
20
725
2159
3426
11861126
-5
-10
16
736
2174
3394
11862151
-26
-12
18
732
2160
3375
11863176
-36
-7
22
731
2157
3357
11864201
-29
-2
31
729
2156
3303
11865226
-6
9
35
748
2190
3335
11866251
-48
15
24
705
2176
3431
11867276
-61
7
19
721
2151
3451
11868301
-25
0
27
717
2121
3413
11869326
8
-5
16
751
2090
3441
11870351
32
-3
13
755
2144
3464
11863167
1
-6
4
732
2180
3458
11864192
-37
-15
-2
729
2163
3454
11865217
-26
-22
3
731
2174
3430
11866242
-12
-19
3
750
2160
3428
11867267
5
-11
5
743
2164
3423
11868292
16
-8
5
739
2202
3401
11869317
1
-4
8
732
2201
3369
11870342
-32
3
6
736
2155
3351
11871367
-12
11
8
733
2119
3382
11872392
31
16
11
724
2153
3453
11873417
23
8
6
721
2154
3457
11874442
-19
-4
2
711
2123
3451
11875467
-23
-16
1
722
2093
3431
11876492
3
-14
2
736
2169
3413
11877517
-24
-12
-1
735
2179
3391
11878542
-23
-14
-2
743
2143
3402
11871360
5
-8
0
743
2169
3406
11872385
-5
-4
3
737
2188
3401
11873410
-8
-4
9
729
2143
3411
11874435
10
1
8
734
2166
3416
11875460
1
-1
3
710
2157
3455
11876485
-6
-9
0
734
2141
3432
11877510
-1
-13
5
733
2151
3414
11878535
-2
-10
2
721
2151
3433
11879560
-9
-11
-2
716
2149
3458
11880585
-3
-17
0
742
2152
3439
11881610
-7
-13
4
745
2177
3374
11882635
-15
-10
3
756
2148
3366
11883660
8
-3
3
733
2172
3412
11884685
23
-1
11
714
2175
3422
11885710
21
4
13
694
2200
3422
11886735
-1
2
17
714
2198
3428
11879552
-9
-5
24
727
2170
3421
11880577
-4
-6
31
736
2141
3407
11881602
12
-1
26
740
2141
3439
11882627
-8
-1
17
743
2141
3458
11883652
-16
-6
8
773
2093
3424
11884677
0
0
3
763
2128
3402
11885702
-4
-3
-3
767
2141
3420
11886727
2
-6
-5
744
2121
3429
11887752
8
-5
-7
727
2152
3423
11888777
-7
-10
-3
732
2177
3406
11889802
-37
-17
1
741
2157
3383
11890827
-40
-19
7
734
2153
3357
11891852
-17
-13
10
729
2133
3368
11892877
7
2
6
726
2184
3412
11893902
-11
3
3
741
2161
3402
11894927
-22
4
3
753
2165
3383
11887745
-12
10
8
735
2144
3427
11888770
-9
9
-1
761
2127
3458
11889795
-5
5
-2
758
2141
3467
11890820
-23
-3
-2
744
2149
3443
11891845
-6
-11
0
729
2123
3445
11892870
20
-8
-4
740
2186
3466
11893895
-25
-9
-10
764
2164
3447
11894920
-42
-7
-2
752
2145
3407
11895945
-32
6
-4
744
2152
3371
11896970
-70
37
-15
758
2189
3385
11897995
-173
76
-37
775
1975
3650
11899020
-290
151
-91
775
1938
3711
11900045
-358
195
-88
780
2148
3516
11901070
-261
214
-98
825
2230
3317
11902095
-183
305
-145
836
2504
3350
11903120
-408
329
-133
849
2167
3150
11896027
-522
450
-88
640
2175
2600
11897052
-931
619
-199
232
2167
2329
11898077
-639
-64
-264
-162
-743
4859
11899102
1186
-173
-42
-331
1593
7163
11900127
269
291
56
417
5970
3669
11901152
-1972
-100
-398
1371
2682
1218
11902177
-1987
-225
-645
524
-2575
2865
11903202
105
-27
-8
474
1272
4091
11904227
1139
-18
4
366
4024
3765
11905252
407
-297
49
490
1719
3556
11906277
324
-283
188
472
1699
4113
11907302
238
-334
221
457
2033
4076
11908327
550
-477
188
514
1421
3965
11909352
995
-473
280
470
1324
3441
11910377
825
-353
125
1197
2582
3099
11911402
314
-276
149
1220
3096
3467
11904129
29
-236
238
654
1656
3304
11905154
275
-171
145
786
1838
3415
11906179
467
-102
112
798
2101
3244
11907204
344
-47
77
729
1991
3160
11908229
122
12
17
676
2152
3275
11909254
-107
33
-34
689
2179
3306
11910279
-147
38
-41
703
1968
3481
11911304
13
49
-20
684
1987
3559
11912329
82
48
0
761
2283
3465
11913354
1
25
29
783
2367
3463
11914379
-53
15
53
791
2270
3499
11915404
-31
17
67
814
2118
3509
11916429
53
30
77
819
2189
3516
11917454
60
27
78
809
2180
3530
11918479
63
16
81
815
2205
3470
11919504
48
14
80
798
2178
3528
11912320
-6
8
57
838
2116
3371
11913345
-32
15
45
837
2039
3349
11914370
14
28
24
766
1993
3378
11915395
81
23
11
766
2050
3414
11916420
84
19
-6
717
2092
3467
11917445
9
6
-16
769
2098
3373
11918470
-30
1
-9
739
2057
3402
11919495
-18
-4
-9
706
2049
3428
11920520
2
-9
2
760
2176
3312
11921545
-20
-9
5
691
2115
3461
11922570
-2
-5
-7
724
2122
3514
11923595
7
1
15
785
2199
3452
11924620
-23
-1
25
781
2123
3428
11925645
-5
17
17
771
2181
3440
11926670
-20
17
16
785
2150
3424
11927695
31
21
19
752
2089
3491
11920512
72
33
8
759
2151
3507
11921537
13
33
8
796
2183
3415
11922562
-14
38
20
757
2161
3395
11923587
1
41
16
753
2150
3408
11924612
19
38
14
782
2104
3421
11925637
44
38
17
758
2120
3439
11926662
49
30
12
711
2142
3518
11927687
16
8
4
751
2124
3485
11928712
1
-6
9
787
2121
3417
11929737
-12
-11
7
773
2098
3362
11930762
18
-12
4
744
2128
3408
11931787
18
-14
-5
763
2132
3377
11932812
11
-11
-7
765
2121
3410
11933837
7
-11
-13
764
2134
3412
11934862
-11
-9
-13
767
2183
3381
11935887
-32
-10
-14
755
2132
3355
11928704
21
2
-14
749
2144
3408
11929729
25
7
-15
755
2190
3436
11930754
-4
2
-8
751
2171
3475
11931779
-2
-7
0
742
2144
3457
11932804
-4
-9
-2
748
2144
3414
11933829
-10
-9
-5
739
2137
3404
11934854
4
-6
-5
732
2139
3443
11935879
10
-11
-8
733
2120
3453
11936904
3
-14
-4
749
2150
3426
11937929
-10
-12
1
740
2164
3375
11938954
-23
-7
-4
728
2137
3360
11939979
6
-2
-5
738
2116
3416
11941004
21
3
3
747
2157
3421
11942029
0
2
9
732
2154
3405
11943054
-25
5
9
728
2165
3405
11944079
-33
1
12
733
2113
3420
11936897
-11
3
19
741
2119
3390
11937922
-9
5
21
724
2128
3406
11938947
-28
0
8
735
2136
3469
11939972
-40
-4
5
774
2139
3446
11940997
-29
-4
5
769
2131
3399
11942022
-3
1
4
756
2159
3421
11943047
3
3
0
747
2178
3436
11944072
-2
1
2
730
2167
3455
11945097
-1
-6
4
732
2149
3451
11946122
-9
-9
6
736
2175
3444
11947147
-21
-13
16
739
2141
3395
11948172
-16
-10
16
737
2120
3407
11949197
3
-1
10
749
2110
3457
11950222
14
6
8
775
2142
3460
11951247
-11
3
8
771
2146
3444
11952272
-23
-7
4
761
2083
3417
11945088
1
-6
-5
756
2088
3451
11946113
21
-7
-7
744
2111
3461
11947138
21
-17
-2
739
2125
3447
11948163
-12
-23
-1
746
2150
3416
11949188
-37
-23
3
738
2136
3402
11950213
-17
-17
-1
720
2117
3442
11951238
9
-8
-2
740
2173
3435
11952263
9
-6
8
740
2180
3404
11953288
-10
1
10
730
2181
3385
11954313
-27
10
10
741
2136
3406
11955338
-6
20
9
778
2125
3419
11956363
24
22
9
768
2124
3464
11957388
33
15
4
745
2147
3464
11958413
8
7
-2
751
2143
3445
11959438
-6
4
-5
758
2128
3451
11960463
-3
-5
-6
774
2126
3434
11953279
4
-10
-5
737
2117
3432
11954304
5
-13
-12
738
2138
3428
11955329
8
-15
-9
730
2149
3425
11956354
3
-16
-15
725
2112
3442
11957379
-18
-9
-28
749
2149
3382
11958404
-28
-4
-19
751
2147
3337
11959429
-10
5
-3
697
2135
3401
11960454
2
7
4
705
2126
3433
11961479
-10
7
5
720
2121
3458
11962504
-24
1
10
717
2128
3437
11963529
-6
-9
12
724
2129
3446
11964554
7
-13
9
729
2139
3473
11965579
-14
-11
7
751
2170
3469
11966604
-24
-17
11
774
2150
3428
11967629
-1
-12
16
778
2140
3412
11968654
2
-2
14
743
2162
3445
11961472
-5
-6
9
732
2123
3465
11962497
14
-7
9
727
2142
3459
11963522
14
-10
11
720
2146
3444
11964547
-11
-10
17
727
2165
3409
11965572
-28
-12
18
766
2121
3397
11966597
-3
-3
18
766
2104
3441
11967622
18
2
11
751
2086
3434
11968647
28
8
1
755
2136
3415
11969672
-10
11
-2
744
2160
3423
11970697
-27
0
-3
746
2076
3446
11971722
3
2
2
745
2100
3439
11972747
4
-2
-3
733
2079
3414
11973772
8
-8
-8
740
2115
3398
11974797
1
-9
-10
764
2079
3426
11975822
-33
1
-27
795
2026
3416
11976847
-23
29
-67
777
2031
3463
11969665
14
99
-106
822
2257
3591
11970690
-78
172
-175
800
2513
3747
11971715
-354
244
-212
1069
2447
3600
11972740
-652
366
-149
880
1899
3021
11973765
-994
584
-228
310
1266
1920
11974790
-468
215
-421
-10
826
4054
11975815
1247
8
-307
204
1758
5616
11976840
162
562
-288
-10
4110
4601
11977865
-2444
210
-86
1243
4216
1485
11978890
-1689
-71
-168
268
-34
2662
11979915
90
-19
-125
240
160
3977
11980940
1023
-39
187
607
3343
3745
11981965
645
-184
174
390
2455
3454
11982990
388
-305
293
455
1676
3931
11984015
170
-295
254
459
2011
4336
11985040
-85
-378
107
519
1270
4203
11977855
416
-460
137
557
1031
3685
11978880
757
-432
180
867
2394
3308
11979905
248
-410
201
1211
2831
3224
11980930
201
-350
189
894
1810
3269
11981955
458
-164
183
797
1918
3199
11982980
371
-62
141
786
2244
3240
11984005
243
-33
125
698
2182
3252
11985030
195
3
113
599
2158
3444
11986055
17
11
61
643
2046
3476
11987080
-87
12
42
725
1993
3352
11988105
-60
41
38
721
2069
3327
11989130
-17
46
17
756
2059
3410
11990155
40
50
6
794
2089
3514
11991180
54
53
1
818
2176
3578
11992205
-15
52
6
812
2209
3534
11993230
-71
50
18
818
2159
3408
11986049
-29
56
21
809
2167
3484
11987074
27
51
19
757
2171
3589
11988099
69
35
21
795
2127
3562
11989124
72
27
18
794
2120
3468
11990149
23
26
9
763
2155
3458
11991174
-32
7
5
751
2101
3377
11992199
21
-2
7
724
2056
3520
11993224
81
-9
-9
723
2054
3519
11994249
52
-16
-9
778
2169
3359
11995274
-15
-24
-6
729
2089
3380
11996299
-21
-16
-18
757
2101
3328
11997324
-16
-2
-8
772
2161
3309
11998349
5
7
-7
699
2092
3443
11999374
48
14
-14
721
2128
3465
12000399
31
9
-9
737
2129
3436
12001424
-1
9
-8
715
2137
3430
11994240
-28
9
-5
727
2194
3446
11995265
-26
0
-2
757
2142
3472
11996290
28
4
1
748
2110
3500
11997315
50
11
2
756
2132
3445
11998340
45
16
4
762
2114
3403
11999365
22
37
-1
752
2187
3365
12000390
-16
46
5
716
2226
3388
12001415
-22
34
0
696
2108
3456
12002440
45
24
-8
712
2057
3497
12003465
64
23
-10
735
2148
3485
12004490
6
5
-8
725
2145
3465
12005515
-11
-6
-6
715
2153
3446
12006540
-12
-13
-7
735
2154
3407
12007565
-2
-14
-5
737
2136
3399
12008590
28
-8
-4
717
2174
3366
12009615
13
-2
-5
731
2196
3357
12002433
-15
5
-10
730
2168
3395
12003458
-3
13
-5
737
2193
3403
12004483
11
12
-3
743
2146
3414
12005508
0
21
-5
745
2158
3422
12006533
-9
22
-6
733
2143
3457
12007558
11
13
-9
726
2112
3499
12008583
16
9
-14
717
2150
3499
12009608
0
-4
-10
694
2113
3471
12010633
23
-10
-9
675
2122
3489
12011658
20
-16
-9
670
2156
3467
12012683
-1
-28
-2
672
2136
3430
12013708
1
-25
0
678
2155
3403
12014733
3
-18
5
684
2156
3430
12015758
5
-10
8
698
2202
3382
12016783
-12
-1
11
696
2178
3352
12017808
-4
15
12
701
2160
3330
12010624
25
31
16
721
2162
3354
12011649
30
41
20
722
2157
3392
12012674
30
47
25
686
2145
3441
12013699
28
44
25
676
2186
3463
12014724
12
31
22
696
2170
3435
12015749
4
24
22
717
2132
3422
12016774
19
25
16
699
2158
3459
12017799
19
17
18
697
2177
3460
12018824
3
-1
15
719
2172
3424
12019849
-5
-12
12
718
2168
3408
12020874
4
-17
9
732
2156
3414
12021899
5
-20
10
738
2158
3421
12022924
-16
-23
4
727
2154
3368
12023949
-22
-24
-1
733
2129
3376
12024974
8
-24
-4
716
2154
3417
12025999
3
-26
-5
697
2160
3434
12018815
-30
-27
-5
704
2157
3394
12019840
-56
-29
-5
716
2142
3369
12020865
-30
-22
-6
697
2125
3399
12021890
5
-15
-11
685
2166
3446
12022915
-3
-16
-10
685
2217
3463
12023940
-35
-18
-1
707
2203
3424
12024965
-43
-12
2
715
2172
3413
12025990
-11
-3
7
687
2183
3447
12027015
5
1
14
708
2176
3430
12028040
5
7
24
722
2169
3446
12029065
-8
15
24
711
2177
3486
12030090
-24
14
22
718
2144
3445
12031115
-7
12
19
698
2107
3440
12032140
30
12
7
693
2115
3467
12033165
37
4
3
708
2133
3448
12034190
9
-4
5
691
2151
3405
12027009
-5
-17
3
685
2116
3439
12028034
4
-25
3
714
2154
3417
12029059
1
-32
8
732
2177
3384
12030084
-16
-30
10
724
2154
3389
12031109
-12
-21
11
713
2155
3378
12032134
-1
-14
11
700
2162
3403
12033159
-1
-9
7
708
2155
3409
12034184
-3
-1
6
722
2184
3381
12035209
-18
-1
9
715
2149
3380
12036234
-3
9
6
712
2124
3437
12037259
8
13
3
719
2164
3467
12038284
7
6
7
709
2183
3484
12039309
-6
-7
13
703
2173
3475
12040334
-16
-18
18
705
2138
3444
12041359
-5
-17
18
705
2145
3433
12042384
-4
-10
10
734
2155
3420
12035200
1
-2
10
735
2170
3409
12036225
0
6
10
745
2162
3406
12037250
-5
13
11
753
2165
3392
12038275
5
15
10
748
2123
3391
12039300
23
20
3
730
2145
3411
12040325
14
19
-1
712
2159
3448
12041350
2
10
3
721
2158
3440
12042375
-8
-2
7
727
2152
3425
12043400
-15
-10
4
719
2124
3433
12044425
-8
-12
-1
735
2122
3430
12045450
-3
-14
-1
731
2138
3421
12046475
-2
-12
-2
728
2145
3424
12047500
-7
-11
-4
706
2177
3402
12048525
-15
-13
-2
701
2166
3398
12049550
-6
-11
2
704
2145
3419
12050575
-3
-4
5
735
2132
3450
12043392
-11
-4
9
734
2139
3432
12044417
-19
-5
9
709
2173
3418
12045442
-17
-8
-1
704
2120
3455
12046467
11
-5
-7
731
2118
3465
12047492
20
-3
-5
719
2161
3465
12048517
8
-12
-4
699
2165
3449
12049542
2
-17
-5
690
2188
3454
12050567
-8
-19
-2
701
2172
3430
12051592
6
-14
1
733
2153
3413
12052617
22
-9
9
713
2165
3418
12053642
21
-5
12
698
2176
3406
12054667
-7
-7
13
706
2172
3389
12055692
-4
-6
7
716
2117
3423
12056717
33
2
8
743
2131
3423
12057742
30
9
15
722
2186
3404
12058767
-10
5
13
731
2160
3360
12051584
-8
7
6
710
2117
3422
12052609
25
6
2
696
2146
3469
12053634
13
-3
6
714
2165
3441
12054659
-19
-10
10
703
2175
3428
12055684
-31
-15
6
742
2158
3390
12056709
-6
-10
3
722
2139
3414
12057734
25
0
-2
709
2168
3440
12058759
19
3
4
741
2217
3421
12059784
-15
-1
13
730
2197
3397
12060809
-27
-1
11
741
2123
3412
12061834
-28
14
3
735
2171
3385
12062859
-142
67
-12
774
2496
3177
12063884
-383
137
-69
716
2226
3345
12064909
-328
158
-209
720
1556
4004
12065934
123
142
-223
868
1839
4215
12066959
179
206
-133
794
2361
3540
12059776
-309
261
-235
741
1899
2610
12060801
-866
248
-411
590
2103
2454
12061826
-270
-131
-320
-388
1092
5149
12062851
201
73
-423
-128
2036
5674
12063876
-1232
279
-213
1518
4666
1871
12064901
-1512
142
-35
743
2021
1484
12065926
-1007
120
-288
-69
-624
3571
12066951
396
101
-94
559
2027
4161
12067976
743
16
54
378
2817
3633
12069001
609
-218
215
314
1707
3615
12070026
551
-303
388
505
2236
3775
12071051
269
-411
418
442
2245
4196
12072076
201
-443
204
447
1421
4280
12073101
626
-484
182
539
679
3760
12074126
690
-399
50
1190
2420
3241
12075151
259
-392
214
1422
3261
3565
12067967
13
-270
229
710
2031
2919
12068992
70
-188
107
783
1677
3050
12070017
405
-66
45
781
1848
3455
12071042
495
2
89
705
2512
3429
12072067
6
12
114
697
2623
3140
12073092
-335
6
79
678
1908
3053
12074117
-99
57
44
663
1881
3403
12075142
140
58
67
670
2096
3589
12076167
179
58
91
715
2243
3434
12077192
47
62
80
780
2278
3370
12078217
-126
57
60
832
2173
3365
12079242
-188
52
52
872
1999
3408
12080267
-14
59
48
827
2024
3522
12081292
149
68
35
820
2174
3635
12082317
119
43
18
847
2163
3569
12083342
-21
33
16
885
2180
3368
12076160
-98
32
6
796
2038
3425
12077185
-6
33
-6
757
2100
3484
12078210
62
25
-4
709
2163
3508
12079235
57
3
-18
700
2140
3510
12080260
25
-16
-12
756
2182
3443
12081285
-8
-24
0
755
2117
3382
12082310
-17
-18
8
752
2111
3378
12083335
4
-16
12
733
2137
3463
12084360
11
-13
10
750
2115
3465
12085385
4
-4
8
777
2111
3409
12086410
-20
13
5
756
2094
3353
12087435
-23
30
10
739
2103
3345
12088460
10
39
9
724
2154
3427
12089485
13
35
7
753
2145
3489
12090510
7
27
13
761
2127
3452
12091535
-1
22
19
776
2116
3428
12084353
-1
23
11
777
2134
3464
12085378
-1
19
1
789
2129
3496
12086403
10
7
-6
785
2128
3508
12087428
27
-5
-4
777
2117
3479
12088453
19
-6
-1
758
2120
3429
12089478
16
-8
5
726
2153
3435
12090503
8
-13
9
710
2161
3452
12091528
10
-19
18
670
2198
3443
12092553
9
-24
25
693
2136
3390
12093578
0
-12
28
721
2182
3343
12094603
-13
0
33
740
2165
3337
12095628
-2
17
28
785
2146
3346
12096653
24
33
31
786
2161
3376
12097678
21
40
29
787
2131
3389
12098703
12
45
28
782
2101
3407
12099728
19
42
29
766
2111
3457
12092544
3
26
19
762
2093
3460
12093569
-10
13
12
779
2125
3431
12094594
-25
5
-2
798
2102
3446
12095619
-33
3
-13
807
2119
3436
12096644
-41
-2
-20
787
2132
3452
12097669
-40
-12
-26
784
2100
3440
12098694
-15
-16
-23
775
2143
3443
12099719
-7
-28
-15
736
2147
3481
12100744
11
-37
2
736
2154
3477
12101769
-4
-41
15
759
2159
3443
12102794
-31
-42
13
754
2134
3447
12103819
-33
-40
7
759
2134
3427
12104844
-2
-31
2
741
2089
3402
12105869
28
-17
-6
756
2087
3406
12106894
42
-1
-9
759
2137
3422
12107919
14
-1
-9
753
2129
3402
12100736
-3
-5
-5
710
2119
3404
12101761
-6
-5
-4
715
2115
3405
12102786
10
-1
3
741
2161
3407
12103811
4
-1
4
737
2156
3422
12104836
-8
-5
10
748
2159
3413
12105861
-8
-5
18
747
2142
3398
12106886
-3
2
18
753
2126
3403
12107911
11
9
18
766
2147
3416
12108936
10
7
14
753
2147
3444
12109961
4
4
13
769
2139
3447
12110986
-10
-2
8
774
2107
3443
12112011
-13
-6
3
791
2128
3429
12113036
-18
-12
-2
806
2141
3386
12114061
-17
-20
-11
782
2104
3427
12115086
-2
-25
-13
785
2112
3430
12116111
-3
-33
-5
775
2136
3425
12108978
-18
-40
-3
770
2117
3421
12110003
-18
-37
-3
745
2126
3415
12111028
-33
-35
-7
709
2130
3449
12112053
-23
-37
-3
731
2119
3444
12113078
-2
-23
1
758
2142
3408
12114103
-18
-10
2
777
2153
3395
12115128
-22
3
8
762
2143
3404
12116153
-5
10
10
750
2119
3432
12117178
8
13
9
758
2121
3452
12118203
4
17
13
753
2127
3444
12119228
-6
17
13
738
2131
3440
12120253
-15
13
11
750
2144
3439
12121278
-16
6
12
761
2115
3466
12122303
-1
5
14
773
2119
3468
12123328
-2
5
14
786
2153
3441
12124353
-2
1
14
775
2130
3470
12117120
5
2
9
782
2117
3445
12118145
8
3
10
782
2131
3435
12119170
6
1
10
773
2116
3425
12120195
11
-2
8
768
2100
3442
12121220
9
-1
6
769
2118
3449
12122245
-5
-5
5
768
2122
3432
12123270
-7
-9
2
778
2107
3406
12124295
6
-9
-1
773
2098
3433
12125320
22
-8
-2
763
2112
3445
12126345
12
-6
-2
775
2140
3410
12127370
-2
-6
1
779
2156
3427
12128395
-2
-10
2
780
2136
3433
12129420
16
-7
6
778
2125
3427
12130445
19
-6
8
750
2146
3422
12131470
9
-13
8
750
2129
3435
12132495
0
-12
4
770
2115
3421
12125312
-2
-6
1
756
2133
3422
12126337
-3
-10
3
759
2128
3408
12127362
4
-9
5
766
2146
3406
12128387
-2
-6
4
776
2135
3415
12129412
-6
2
7
790
2126
3392
12130437
-5
5
7
770
2118
3385
12131462
-2
2
6
761
2119
3431
12132487
3
-1
6
764
2124
3442
12133512
3
0
9
766
2148
3439
12134537
-13
-3
6
784
2108
3420
12135562
-10
-3
4
788
2121
3430
12136587
-1
-6
9
765
2121
3471
12137612
11
-9
5
763
2115
3470
12138637
-1
-7
1
768
2167
3414
12139662
-24
-13
4
753
2152
3410
12140687
-7
-16
7
759
2110
3443
12133505
18
-5
10
779
2142
3449
12134530
-2
-2
11
784
2134
3422
12135555
-10
0
9
775
2144
3418
12136580
-6
0
9
779
2109
3426
12137605
13
4
10
765
2099
3430
12138630
10
3
6
762
2106
3428
12139655
6
-2
6
770
2117
3444
12140680
9
-8
7
772
2107
3445
12141705
5
-8
2
762
2127
3440
12142730
-8
-10
4
765
2147
3425
12143755
-3
-9
3
762
2127
3411
12144780
12
-5
2
788
2134
3417
12145805
7
1
2
786
2172
3406
12146830
-9
7
4
779
2166
3398
12147855
-12
8
7
782
2119
3402
12148880
16
11
6
779
2127
3426
12141696
24
10
8
786
2151
3424
12142721
9
6
9
774
2130
3422
12143746
-6
0
4
749
2111
3450
12144771
-26
-7
1
769
2097
3428
12145796
-16
4
-10
810
2061
3479
12146821
-45
73
-68
836
2311
3416
12147846
-174
143
-144
773
2207
3780
12148871
-217
195
-147
849
2017
3832
12149896
-82
255
-28
1022
2367
3406
12150921
-473
394
-55
1043
1981
2115
12151946
-1047
526
-205
148
1063
2469
12152971
117
27
-300
152
1551
4816
12153996
1316
114
-290
-167
2083
5947
12155021
-1416
366
-227
695
4113
2884
12156046
-1811
-85
-11
1128
2057
1855
12157071
-607
-7
-160
171
456
3537
12149888
137
-28
-80
559
1737
3964
12150913
544
-79
-23
674
2336
3583
12151938
604
-146
87
516
2068
3371
12152963
481
-237
152
563
2289
3566
12153988
156
-294
174
525
2032
4058
12155013
-8
-348
95
467
1337
4001
12156038
541
-380
101
617
1404
3700
12157063
1086
-384
173
648
1633
3488
12158088
793
-286
4
1039
2673
3080
12159113
98
-258
126
1261
3233
3282
12160138
-168
-175
145
628
1563
3151
12161163
223
-80
58
781
1897
3187
12162188
476
-14
75
807
2354
3369
12163213
320
-9
53
725
2133
3394
12164238
181
8
19
695
2206
3437
12165263
21
-8
7
695
2195
3428
12158079
-36
-29
-2
755
2142
3496
12159104
-4
-34
6
788
2219
3396
12160129
-21
-25
11
849
2361
3194
12161154
-30
-4
7
833
2262
3289
12162179
34
30
2
834
2234
3412
12163204
49
45
-2
887
2224
3429
12164229
53
47
-2
849
2218
3442
12165254
1
52
-5
867
2354
3265
12166279
-53
47
0
813
2244
3305
12167304
29
40
3
707
2196
3484
12168329
81
16
5
725
2170
3509
12169354
35
1
0
748
2183
3333
12170379
-53
0
-1
740
2215
3252
12171404
-66
3
5
684
2194
3349
12172429
-19
-3
3
699
2156
3357
12173454
39
8
1
743
2222
3318
12166272
-1
22
-7
737
2219
3302
12167297
-26
27
-10
775
2170
3295
12168322
5
40
-3
767
2233
3343
12169347
-10
37
-3
760
2217
3390
12170372
-7
31
-5
749
2212
3443
12171397
1
18
3
769
2206
3414
12172422
-16
8
7
783
2187
3350
12173447
-16
5
5
755
2211
3377
12174472
-25
-1
-3
730
2194
3418
12175497
-8
-6
-5
708
2212
3457
12176522
3
-12
4
713
2249
3380
12177547
1
-13
6
756
2201
3342
12178572
9
-2
3
735
2189
3393
12179597
15
0
13
728
2264
3353
12180622
-8
-4
20
735
2221
3338
12181647
1
2
23
736
2198
3393
12174464
0
7
25
759
2207
3374
12175489
-14
7
25
761
2198
3328
12176514
-2
7
18
724
2169
3365
12177539
23
4
7
730
2180
3429
12178564
12
-4
10
766
2230
3387
12179589
-22
-12
19
768
2227
3343
12180614
-34
-13
18
763
2189
3308
12181639
-13
-4
15
768
2191
3338
12182664
2
2
10
751
2212
3367
12183689
10
-2
7
757
2207
3395
12184714
5
-6
4
768
2235
3386
12185739
-19
-11
8
758
2230
3382
12186764
-20
-14
7
756
2188
3373
12187789
14
-13
9
777
2240
3360
12188814
3
-12
7
750
2200
3376
12189839
1
-11
8
761
2202
3363
12182657
2
-12
11
757
2212
3370
12183682
-17
-13
6
760
2191
3355
12184707
-5
-12
7
740
2189
3360
12185732
7
-10
0
731
2186
3391
12186757
6
-8
2
755
2224
3365
12187782
-15
-9
6
773
2205
3349
12188807
-16
-3
6
766
2176
3358
12189832
-13
2
5
756
2201
3360
12190857
-10
0
11
740
2207
3379
12191882
3
-1
12
748
2198
3391
12192907
3
1
9
760
2219
3401
12193932
-11
-8
14
756
2200
3407
12194957
-3
-7
15
752
2193
3380
12195982
1
0
9
753
2205
3395
12197007
-7
-2
4
757
2202
3375
12198032
-3
-7
11
766
2224
3372
12190848
-14
-9
17
781
2185
3344
12191873
-21
-2
13
779
2157
3344
12192898
-3
5
7
744
2195
3366
12193923
-2
2
3
734
2209
3384
12194948
0
-2
6
758
2191
3386
12195973
-5
0
9
785
2235
3376
12196998
-25
-3
16
780
2215
3390
12198023
-5
-4
14
772
2181
3419
12199048
23
-4
7
777
2200
3438
12200073
17
-6
8
784
2209
3412
12201098
1
-8
9
782
2205
3383
12202123
-4
-8
5
768
2172
3364
12203148
17
-10
3
742
2185
3374
12204173
22
-10
2
735
2213
3366
12205198
13
-7
0
764
2184
3340
12206223
7
2
1
761
2213
3334
12199040
-9
1
5
749
2223
3338
12200065
-10
2
6
764
2200
3326
12201090
10
13
3
747
2216
3363
12202115
2
10
3
773
2186
3368
12203140
-2
11
9
789
2214
3350
12204165
-3
13
13
777
2204
3360
12205190
-1
11
9
761
2184
3389
12206215
-4
9
8
751
2202
3396
12207240
-22
-2
7
756
2181
3389
12208265
-16
-11
3
760
2179
3413
12209290
-5
-14
3
753
2210
3417
12210315
-12
-22
5
764
2222
3368
12211340
-23
-24
2
778
2194
3346
12212365
-7
-12
0
774
2196
3365
12213390
15
-4
4
765
2202
3375
12214415
17
-2
6
742
2200
3396
12207233
-3
-2
2
748
2201
3400
12208258
-10
0
2
748
2179
3385
12209283
9
7
4
741
2174
3373
12210308
12
7
4
729
2215
3377
12211333
6
-2
8
741
2199
3404
12212358
14
-1
8
770
2202
3398
12213383
3
1
10
791
2210
3348
12214408
-9
2
11
777
2181
3335
12215433
11
6
8
755
2195
3373
12216458
25
6
4
751
2221
3379
12217483
12
6
3
754
2208
3358
12218508
-16
4
9
762
2183
3332
12219533
-1
2
8
777
2175
3364
12220558
13
3
12
768
2201
3392
12221583
-7
-6
8
755
2215
3422
12222608
-12
-15
7
780
2192
3396
12215424
-7
-18
3
799
2206
3377
12216449
-7
-21
5
781
2221
3360
12217474
-2
-23
-3
775
2185
3355
12218499
21
-17
-2
757
2198
3371
12219524
18
-12
0
770
2238
3359
12220549
-9
-10
2
768
2230
3340
12221574
-10
-10
1
756
2202
3366
12222599
13
-9
3
760
2200
3360
12223624
11
-3
1
758
2215
3314
12224649
-1
11
6
793
2194
3291
12225674
21
42
-1
800
2195
3398
12226699
-8
90
-40
810
2270
3486
12227724
-131
142
-75
752
2244
3686
12228749
-220
167
-103
811
2061
3694
12229774
-10
178
-65
947
2246
3435
12230799
109
321
-51
1076
2596
2991
12223617
-948
567
-137
732
2161
2073
12224642
-1442
404
-140
-135
1145
2859
12225667
700
-52
-109
163
1431
4728
12226692
673
180
-245
-98
2748
6089
12227717
-1337
130
-166
1035
3318
2918
12228742
-1451
18
-122
921
2009
1672
12229767
-841
-86
-130
320
763
3517
12230792
170
-72
-63
563
1823
3873
12231817
701
-84
25
685
2441
3303
12232842
469
-183
159
488
2315
3541
12233867
109
-257
180
400
2070
4168
12234892
-64
-309
135
559
1694
3642
12235917
312
-407
164
579
1313
3711
12236942
902
-408
202
440
1492
4023
12237967
641
-408
82
1437
2948
3253
12238992
185
-361
296
1252
2969
3072
12231808
-125
-239
284
644
1850
3020
12232833
248
-164
162
786
1716
3487
12233858
693
-91
176
805
2125
3414
12234883
543
-58
168
778
2164
3260
12235908
104
-32
74
812
2115
3247
12236933
-158
-7
28
796
2115
3311
12237958
-156
-6
24
792
2081
3355
12238983
-49
21
11
857
2036
3270
12240008
56
64
-8
864
2134
3221
12241033
86
87
-12
821
2283
3348
12242058
37
60
-14
801
2216
3563
12243083
29
37
5
850
2259
3483
12244108
-23
34
23
920
2303
3337
12245133
-65
33
23
886
2235
3381
12246158
1
37
39
853
2267
3440
12247183
35
34
39
877
2253
3403
12240000
13
33
36
878
2155
3336
12241025
4
35
25
879
2156
3331
12242050
28
27
26
827
2155
3394
12243075
43
22
23
809
2189
3417
12244100
17
7
7
800
2172
3404
12245125
-7
-5
2
829
2107
3342
12246150
-1
-4
-2
813
2088
3366
12247175
-15
-8
2
792
2174
3320
12248200
-32
-22
0
814
2176
3323
12249225
0
-11
-5
795
2145
3375
12250250
19
-3
-9
813
2174
3377
12251275
-5
-5
4
832
2255
3330
12252300
-76
-1
12
840
2199
3294
12253325
-76
12
3
822
2045
3364
12254350
6
38
0
795
2174
3442
12255375
19
35
10
785
2225
3440
12248191
-3
26
17
808
2202
3409
12249216
-3
20
20
800
2229
3443
12250241
-10
3
22
816
2211
3443
12251266
-9
-5
24
844
2148
3425
12252291
15
-2
22
854
2146
3401
12253316
16
0
17
862
2181
3409
12254341
-10
-11
12
862
2166
3330
12255366
-16
-11
4
839
2131
3349
12256391
15
-7
-11
806
2123
3383
12257416
27
-5
-11
845
2216
3318
12258441
9
-6
-3
825
2193
3332
12259466
-9
-1
-6
839
2162
3375
12260491
-10
-5
-1
837
2172
3354
12261516
4
-7
4
821
2150
3379
12262541
11
-3
0
819
2180
3387
12263566
3
-6
-2
831
2161
3402
12256385
0
-11
-2
833
2133
3389
12257410
4
-11
-1
805
2150
3367
12258435
2
-7
-7
801
2185
3380
12259460
1
-7
-13
807
2175
3382
12260485
6
-6
-14
829
2176
3387
12261510
7
0
-6
820
2215
3375
12262535
-4
0
-2
804
2229
3346
12263560
-7
-5
0
808
2215
3351
12264585
-2
1
-2
822
2159
3318
12265610
-2
13
-2
830
2128
3302
12266635
17
22
-6
828
2165
3385
12267660
14
19
-6
818
2235
3426
12268685
-23
5
-4
820
2186
3389
12269710
-22
3
-6
805
2162
3392
12270735
2
-1
-7
811
2157
3406
12271760
13
-3
-10
830
2187
3396
12264576
-1
-6
-9
828
2226
3365
12265601
-19
-9
-7
812
2182
3377
12266626
2
-1
-8
801
2148
3377
12267651
22
5
-7
800
2188
3372
12268676
5
2
-10
797
2181
3372
12269701
6
3
-11
797
2195
3386
12270726
6
0
-7
769
2186
3383
12271751
5
-5
-3
781
2182
3385
12272776
15
-10
5
765
2202
3396
12273801
15
-10
6
793
2194
3371
12274826
4
-6
10
804
2197
3338
12275851
-8
1
13
797
2184
3327
12276876
-7
9
11
775
2173
3330
12277901
11
17
13
774
2182
3341
12278926
12
23
5
793
2192
3363
12279951
-1
23
2
821
2176
3378
12272767
7
23
4
833
2175
3386
12273792
1
26
5
846
2202
3400
12274817
-17
22
4
841
2197
3366
12275842
1
7
-2
820
2128
3415
12276867
49
5
-11
813
2155
3448
12277892
38
-3
-12
812
2203
3426
12278917
-1
-16
-8
776
2188
3390
12279942
-3
-21
-9
771
2187
3331
12280967
2
-19
-9
786
2204
3335
12281992
8
-10
-11
771
2198
3363
12283017
16
0
-7
793
2239
3347
12284042
1
2
-3
802
2234
3324
12285067
-7
10
-1
801
2227
3302
12286092
-6
18
0
787
2194
3338
12287117
17
19
5
791
2178
3374
12288142
23
17
7
806
2174
3378
12280960
2
9
3
784
2193
3412
12281985
-21
-8
-3
781
2168
3403
12283010
-13
-14
-8
778
2182
3382
12284035
1
-14
-8
794
2193
3356
12285060
12
-14
-7
800
2212
3357
12286085
5
-11
-5
766
2229
3341
12287110
-13
-12
-1
755
2215
3363
12288135
-13
-11
2
771
2206
3355
12289160
-6
-8
12
776
2194
3348
12290185
7
-6
14
770
2190
3360
12291210
6
-6
12
759
2188
3383
12292235
-5
-11
11
758
2169
3399
12293260
-4
-11
9
785
2175
3376
12294285
-11
-8
6
798
2192
3331
12295310
2
-8
6
781
2161
3348
12296335
31
-3
7
794
2204
3352
12289153
16
-1
12
797
2230
3356
12290178
-13
-1
14
776
2230
3372
12291203
-23
-6
14
781
2219
3357
12292228
5
-7
18
774
2191
3393
12293253
27
-4
15
755
2222
3425
12294278
-4
-9
14
784
2241
3392
12295303
-20
-13
22
791
2206
3357
12296328
-4
-5
23
811
2198
3362
12297353
7
0
21
808
2188
3408
12298378
12
1
15
815
2181
3396
12299403
14
0
18
817
2185
3348
12300428
3
1
21
783
2196
3324
12301453
-8
0
19
784
2179
3321
12302478
23
2
20
781
2163
3339
12303503
26
11
15
798
2191
3342
12304528
8
13
18
791
2191
3344
12297344
-13
11
17
776
2210
3335
12298369
-35
7
8
792
2202
3375
12299394
-19
5
8
804
2184
3375
12300419
6
10
3
841
2203
3358
12301444
-21
20
2
831
2221
3354
12302469
-50
26
5
827
2177
3328
12303494
-48
54
-3
846
2157
3353
12304519
-146
118
-46
828
2263
3376
12305544
-339
176
-144
791
2125
3492
12306569
-276
194
-186
825
1827
3853
12307594
14
236
-132
984
2334
3640
12308619
-188
353
-54
1095
3012
2765
12309644
-953
480
60
737
2034
1995
12310669
-1161
460
-213
157
1012
2986
12311694
567
37
-249
-183
881
5017
12312719
1096
287
-387
122
2193
5517
12305536
-889
248
-210
976
3927
3551
12306561
-1585
103
-143
695
2719
2127
12307586
-1110
-43
-297
329
686
3194
12308611
-85
-92
-181
521
1291
3797
12309636
848
-79
32
517
2438
3679
12310661
716
-213
180
397
2512
3585
12311686
271
-362
230
445
2303
4090
12312711
-59
-459
254
392
1796
4121
12313736
288
-584
276
518
1043
3955
12314761
1160
-576
363
560
1236
3642
12315786
1008
-488
198
1110
2612
3251
12316811
80
-461
289
1686
4073
2622
12317836
-73
-400
468
945
1689
2523
12318861
880
-145
341
654
1307
3123
12319886
1295
82
218
831
2485
3609
12320911
486
33
196
798
2468
3573
12313728
-262
-45
113
753
2114
3104
12314753
-402
-32
40
856
1888
3013
12315778
-98
-4
-23
805
1768
3397
12316803
210
12
-54
864
2125
3461
12317828
229
-11
-47
937
2378
3293
12318853
44
-10
-40
970
2586
3041
12319878
-174
-14
-34
958
2425
3117
12320903
-73
5
-26
866
2259
3424
12321928
121
25
-11
912
2339
3446
12322953
115
25
6
977
2425
3303
12323978
-28
30
17
981
2426
3147
12325003
-130
29
16
936
2265
3130
12326028
-30
58
20
855
2313
3304
12327053
45
67
16
836
2251
3437
12328078
68
48
16
877
2251
3374
12329103
23
21
27
860
2256
3276
12322186
-14
-1
21
849
2249
3258
12323211
5
-11
18
814
2231
3337
12324236
31
-21
11
854
2249
3351
12325261
11
-27
6
914
2254
3254
12326286
-29
-23
2
919
2222
3213
12327311
-18
-12
-2
897
2256
3228
12328336
22
0
0
874
2272
3231
12329361
56
17
-5
856
2258
3268
12330386
59
32
-7
855
2342
3280
12331411
7
27
-3
854
2311
3286
12332436
-22
24
3
862
2262
3261
12333461
6
26
4
865
2258
3293
12334486
42
32
6
869
2303
3346
12335511
19
26
11
901
2305
3319
12336536
-13
22
11
880
2271
3284
12337561
-4
22
5
855
2300
3308
12330112
-28
16
-2
863
2269
3297
12331137
-16
13
-3
875
2290
3267
12332162
4
11
-2
873
2274
3276
12333187
26
14
-2
877
2286
3303
12334212
28
18
-1
867
2333
3311
12335237
-23
13
-6
872
2294
3255
12336262
-23
12
-10
865
2255
3266
12337287
31
16
-11
861
2284
3319
12338312
38
6
-9
861
2262
3317
12339337
26
3
-3
848
2288
3321
12340362
-17
-1
-2
848
2308
3250
12341387
-51
-6
-2
828
2272
3211
12342412
-24
-1
-7
814
2196
3246
12343437
42
15
-19
812
2230
3283
12344462
70
30
-19
810
2347
3270
12345487
17
36
-28
848
2314
3265
12338304
-23
59
-32
844
2354
3272
12339329
-50
67
-23
845
2349
3250
12340354
-20
70
-10
852
2299
3224
12341379
35
83
-12
858
2304
3288
12342404
37
80
-16
850
2337
3353
12343429
17
59
-4
845
2288
3357
12344454
11
41
-1
839
2254
3333
12345479
-1
28
-9
828
2286
3308
12346504
-37
9
-17
810
2267
3250
12347529
-24
-6
-25
787
2224
3260
12348554
13
-10
-27
796
2299
3253
12349579
2
-15
-34
807
2301
3221
12350604
-26
-9
-38
815
2320
3213
12351629
-38
-1
-39
800
2268
3237
12352654
-21
11
-32
785
2314
3241
12353679
-13
12
-28
768
2298
3292
12346496
-13
14
-28
770
2314
3319
12347521
-27
8
-26
775
2268
3334
12348546
-17
7
-22
761
2262
3344
12349571
-18
2
-19
745
2294
3313
12350596
-25
-6
-22
746
2270
3320
12351621
-1
-2
-26
749
2281
3355
12352646
-5
2
-23
767
2315
3324
12353671
-22
4
-12
744
2312
3317
12354696
-19
5
-10
762
2282
3303
12355721
10
14
-16
749
2258
3317
12356746
61
25
-20
715
2307
3350
12357771
56
27
-19
728
2361
3334
12358796
11
20
-7
751
2338
3305
12359821
-5
19
1
751
2290
3311
12360846
26
18
3
743
2293
3324
12361871
35
16
6
743
2334
3288
12354689
15
9
5
755
2287
3285
12355714
28
10
3
761
2293
3312
12356739
14
6
5
769
2312
3293
12357764
4
0
1
757
2299
3274
12358789
17
3
-3
754
2335
3260
12359814
11
-3
2
762
2323
3247
12360839
10
-8
6
758
2285
3225
12361864
34
-10
10
742
2301
3254
12362889
24
-20
18
746
2322
3255
12363914
-23
-31
23
774
2299
3210
12364939
-51
-35
21
774
2252
3207
12365964
-42
-36
17
788
2224
3237
12366989
-20
-30
14
776
2280
3255
12368014
-46
-33
16
768
2306
3233
12369039
-75
-39
17
769
2253
3251
12370064
-48
-33
6
791
2279
3330
12362879
-47
-31
5
802
2310
3316
12363904
-46
-32
6
760
2314
3335
12364929
-36
-30
4
748
2316
3340
12365954
-30
-34
7
749
2293
3345
12366979
-4
-36
10
751
2325
3403
12368004
-1
-44
11
780
2337
3368
12369029
-16
-44
12
782
2347
3303
12370054
-26
-41
11
764
2313
3313
12371079
5
-36
12
784
2309
3309
12372104
24
-26
15
799
2325
3293
12373129
2
-18
12
782
2304
3276
12374154
-19
-13
12
781
2287
3265
12375179
-14
-8
13
782
2240
3288
12376204
10
2
13
794
2251
3325
12377229
-2
7
10
788
2278
3350
12378254
-36
10
5
785
2318
3313
12371072
-113
18
-5
803
2328
3256
12372097
-186
36
-43
780
2223
3344
12373122
-191
77
-102
785
2297
3509
12374147
-234
144
-145
824
2468
3890
12375172
-327
182
-146
911
2626
3915
12376197
-636
241
-95
1067
2662
3025
12377222
-1061
516
-208
902
2001
2382
12378247
-1353
659
-567
451
1397
2028
12379272
-780
298
-764
318
-362
3184
12380297
1095
126
-599
-430
50
6420
12381322
-94
501
-348
303
5784
4984
12382347
-2270
99
-179
1074
4718
1933
12383372
-1945
-58
-463
312
-916
1995
12384397
298
-89
-233
373
-95
3948
12385422
1592
-10
198
530
4111
3754
12386447
994
-255
329
300
3013
3530
12379264
430
-378
412
347
1726
4332
12380289
203
-368
497
477
2127
3944
12381314
393
-491
554
578
1334
3523
12382339
1135
-531
505
243
494
3990
12383364
918
-491
195
1385
2747
3086
12384389
624
-419
417
1680
3547
3098
12385414
377
-228
455
562
1798
2736
12386439
660
-139
233
839
1482
3126
12387464
1131
2
230
973
2435
3281
12388489
742
68
334
644
3453
3393
12389514
-292
-52
237
557
2630
3373
12390539
-518
-107
148
913
1623
2902
12391564
-7
7
125
903
1762
3114
12392589
257
38
79
740
2226
3481
12393614
130
-13
54
824
2438
3385
12394639
-78
-38
27
905
2404
3201
12387456
-199
-26
17
911
2371
3015
12388481
-124
-2
7
919
2118
3131
12389506
118
55
-5
894
2232
3374
12390531
179
64
-3
912
2492
3471
12391556
19
35
2
935
2517
3322
12392581
-128
12
0
945
2359
3210
12393606
-77
13
6
881
2234
3247
12394631
66
15
1
837
2146
3378
12395656
148
17
-1
831
2342
3429
12396681
44
-12
4
837
2419
3325
12397706
-92
-38
3
875
2309
3135
12398731
-106
-25
-3
868
2217
3121
12399756
23
0
-8
833
2230
3225
12400781
97
22
-4
836
2388
3269
12401806
14
8
5
858
2370
3218
12402831
-46
-3
22
882
2304
3193
12395649
-31
14
21
890
2259
3217
12396674
-4
37
13
924
2300
3200
12397699
20
44
10
882
2312
3233
12398724
22
28
2
862
2286
3323
12399749
10
6
0
868
2291
3359
12400774
-15
-6
7
875
2321
3308
12401799
-35
-19
7
868
2273
3269
12402824
-4
-23
2
884
2293
3260
12403849
26
-17
2
873
2366
3263
12404874
15
-21
-2
869
2348
3261
12405899
12
-15
1
892
2348
3245
12406924
-5
-6
4
911
2347
3198
12407949
4
-1
4
897
2307
3224
12408974
33
7
5
904
2322
3240
12409999
19
12
7
890
2319
3219
12411024
3
11
8
877
2313
3191
12403840
-12
3
9
894
2273
3206
12404865
8
-3
2
874
2226
3277
12405890
36
-1
-4
858
2311
3269
12406915
-10
-10
-9
862
2362
3224
12407940
-44
-17
-16
844
2282
3253
12408965
-20
-13
-17
868
2326
3270
12409990
-17
-9
-3
891
2360
3246
12411015
-20
-5
1
886
2323
3237
12412040
-2
4
6
895
2356
3240
12413065
7
9
13
879
2353
3263
12414090
-1
13
12
841
2339
3313
12415115
-10
5
13
852
2303
3293
12416140
1
-6
17
858
2287
3280
12417165
12
-9
13
850
2281
3281
12418190
1
-6
3
864
2305
3262
12419215
-22
-6
2
875
2311
3226
12412031
-17
-4
3
861
2301
3219
12413056
9
2
1
866
2342
3250
12414081
-1
7
9
867
2357
3231
12415106
-22
8
13
874
2308
3190
12416131
-8
9
10
864
2292
3256
12417156
-4
7
6
871
2293
3282
12418181
0
-1
8
877
2296
3271
12419206
10
-8
7
869
2299
3268
12420231
16
-14
0
870
2311
3281
12421256
-3
-25
1
879
2323
3261
12422281
-4
-31
9
879
2317
3240
12423306
17
-31
9
887
2360
3247
12424331
-9
-26
7
902
2338
3205
12425356
-21
-17
5
889
2311
3199
12426381
5
-1
3
860
2304
3227
12427406
15
1
-1
858
2294
3263
12420225
11
-5
0
874
2297
3253
12421250
9
-7
-2
881
2293
3242
12422275
6
2
-3
861
2358
3254
12423300
-27
-9
2
860
2327
3267
12424325
-15
-16
10
888
2299
3244
12425350
9
-12
12
896
2320
3238
12426375
5
-9
12
893
2302
3228
12427400
-16
0
5
888
2301
3222
12428425
-27
4
-1
865
2293
3261
12429450
0
4
-6
875
2300
3274
12430475
11
4
0
869
2349
3261
12431500
-24
3
1
855
2348
3231
12432525
-35
2
0
869
2295
3260
12433550
-11
8
6
894
2309
3272
12434575
-8
7
9
900
2298
3262
12435600
-17
6
3
895
2305
3241
12428416
-21
8
1
869
2260
3243
12429441
-7
13
-17
852
2230
3293
12430466
15
12
-22
850
2299
3291
12431491
10
6
-24
850
2322
3264
12432516
-12
6
-26
845
2327
3256
12433541
-14
-2
-19
844
2337
3266
12434566
4
-4
-3
840
2370
3274
12435591
-13
-4
8
853
2375
3225
12436616
-31
1
16
858
2334
3202
12437641
-12
5
17
865
2280
3226
12438666
36
17
16
863
2308
3270
12439691
35
19
17
861
2337
3294
12440716
-11
13
14
876
2275
3252
12441741
-15
11
7
857
2269
3285
12442766
12
2
3
853
2279
3312
12443791
22
-3
2
857
2291
3289
12436608
12
-11
0
856
2332
3279
12437633
-7
-19
1
868
2338
3246
12438658
-28
-14
2
868
2318
3232
12439683
-19
-8
5
858
2305
3227
12440708
9
-3
9
875
2310
3241
12441733
6
5
7
863
2306
3235
12442758
-48
16
-7
854
2313
3222
12443783
-76
18
-14
840
2241
3248
12444808
-48
42
-28
876
2319
3305
12445833
-186
117
-93
902
2512
3362
12446858
-329
227
-192
818
2238
3728
12447883
-412
266
-207
957
2492
3815
12448908
-876
253
-128
1232
2915
3120
12449933
-1926
498
-12
1010
2157
1923
12450958
-2020
663
-271
355
784
2729
12451983
-156
331
-304
249
985
4375
12444800
828
318
-388
-789
586
6022
12445825
-1029
344
-358
1308
4552
2889
12446850
-1590
196
-114
1097
2955
2247
12447875
-1255
148
-301
-200
175
3320
12448900
284
-88
-206
563
934
3991
12449925
1129
-74
37
702
2868
3714
12450950
657
-196
237
369
2530
3769
12451975
262
-402
184
349
1520
4622
12453000
293
-465
179
603
1409
3861
12454025
767
-510
250
719
1285
3263
12455050
1283
-431
83
272
1088
4026
12456075
684
-494
17
1430
3481
3399
12457100
762
-502
262
1459
2192
2953
12458125
842
-243
342
707
2099
3020
12459150
886
-181
236
663
2055
3583
12460175
820
-109
187
750
2589
3410
12452991
132
-54
244
843
3054
3089
12454016
-456
-125
175
677
2128
3105
12455041
-155
-110
146
780
1777
3078
12456066
180
-4
116
884
2048
3153
12457091
129
44
44
847
2142
3264
12458116
27
52
8
928
2276
3216
12459141
-30
51
1
930
2358
3282
12460166
-58
48
-13
868
2274
3359
12461191
-69
45
-38
927
2155
3294
12462216
-10
55
-30
935
2266
3300
12463241
58
59
-32
873
2367
3449
12464266
-4
31
-38
906
2370
3454
12465291
-54
1
-21
913
2325
3334
12466316
-50
0
-19
889
2301
3268
12467341
-50
-4
-20
882
2220
3279
12468366
33
-7
-11
820
2287
3407
12461184
1
-23
-5
859
2334
3318
12462209
-84
-38
-8
865
2187
3281
12463234
-43
-28
-7
835
2225
3274
12464259
-38
-25
-5
873
2239
3177
12465284
-10
2
-9
829
2171
3188
12466309
0
39
-22
844
2275
3192
12467334
-37
49
-21
831
2236
3222
12468359
-43
66
-21
836
2232
3294
12469384
-52
80
-25
895
2259
3298
12470409
-76
101
-26
926
2284
3250
12471434
-122
130
-37
976
2272
3168
12472459
-154
169
-67
981
2141
3233
12473484
-67
201
-95
888
2112
3324
12474509
34
209
-121
794
2223
3396
12475534
0
185
-142
719
2262
3433
12476559
-71
141
-149
665
2216
3403
12469377
-77
110
-146
658
2214
3359
12470402
-48
96
-134
648
2252
3352
12471427
-30
83
-124
623
2249
3333
12472452
-25
76
-131
593
2295
3389
12473477
-58
65
-128
597
2243
3401
12474502
-51
58
-119
564
2222
3401
12475527
-12
47
-109
531
2219
3418
12476552
-26
27
-103
579
2249
3410
12477577
-68
17
-102
618
2239
3444
12478602
-100
8
-101
604
2204
3428
12479627
-106
-9
-97
598
2209
3374
12480652
-107
-28
-113
593
2137
3477
12481677
-57
-35
-121
575
2128
3506
12482702
-21
-47
-111
541
2242
3472
12483727
-58
-80
-111
523
2169
3493
12484752
-60
-101
-91
528
2221
3437
12477568
-55
-116
-56
495
2243
3386
12478593
-17
-120
-25
476
2240
3394
12479618
-5
-118
4
491
2242
3434
12480643
-2
-120
31
528
2213
3480
12481668
-3
-108
46
567
2310
3417
12482693
-39
-98
59
558
2298
3392
12483718
-34
-83
60
593
2264
3401
12484743
-21
-64
64
661
2198
3392
12485768
4
-42
71
659
2192
3422
12486793
-12
-32
72
658
2195
3410
12487818
-36
-30
68
692
2148
3356
12488843
-37
-19
55
751
2108
3316
12489868
-11
-1
40
788
2120
3391
12490893
28
4
43
750
2160
3495
12491918
3
-8
39
787
2234
3531
12492943
-61
-31
30
817
2173
3506
12485760
-45
-38
34
780
2203
3476
12486785
-13
-42
41
732
2217
3470
12487810
12
-55
43
727
2169
3461
12488835
25
-72
43
768
2117
3423
12489860
32
-76
41
797
2113
3398
12490885
37
-73
40
779
2204
3409
12491910
3
-70
45
823
2118
3283
12492935
6
-36
30
884
1975
3322
12493960
22
18
18
877
2154
3376
12494985
-41
42
17
837
2110
3388
12496010
-40
83
15
739
2069
3443
12497035
-31
123
-6
687
2079
3419
12498060
-38
146
-26
653
2098
3383
12499085
-60
155
-39
650
2162
3359
12500110
-88
162
-40
661
2170
3350
12501135
-89
174
-9
600
2177
3369
12493952
-64
161
32
563
2245
3409
12494977
-87
124
42
668
2251
3464
12496002
-139
92
39
833
2121
3474
12497027
-99
71
55
847
2075
3562
12498052
-6
53
68
775
2124
3622
12499077
-6
31
65
706
2170
3628
12500102
-36
-9
53
637
2128
3598
12501127
-22
-27
48
658
2148
3525
12502152
-15
-22
45
669
2143
3447
12503177
-8
-4
45
647
2145
3380
12504202
-21
19
26
659
2139
3343
12505227
-21
50
0
670
2080
3357
12506252
-7
84
-24
675
2075
3402
12507277
-17
90
-35
652
2118
3461
12508302
-36
65
-20
581
2137
3450
12509327
-79
36
-16
541
2126
3429
12502143
-89
24
-27
566
2038
3479
12503168
-34
22
-30
550
2061
3536
12504193
-16
5
-16
536
2139
3536
12505218
-58
-24
-2
534
2117
3537
12506243
-82
-50
0
530
2035
3608
12507268
-56
-75
12
556
2007
3643
12508293
-20
-95
36
597
2046
3660
12509318
-33
-123
55
614
2100
3649
12510343
-99
-148
62
607
2141
3570
12511368
-183
-167
52
592
2026
3541
12512393
-164
-164
45
651
2041
3521
12513418
-97
-146
43
717
2059
3438
12514443
-60
-118
34
782
2062
3378
12515468
-13
-85
26
794
2058
3451
12516493
13
-52
20
781
2078
3543
12517518
-10
-32
9
812
1984
3548
12510336
-19
-3
-5
832
1976
3511
12511361
-77
51
-32
850
2125
3430
12512386
-234
132
-77
827
2251
3420
12513411
-284
159
-134
737
1825
3896
12514436
-107
195
-162
777
1763
4347
12515461
-163
268
-208
928
2470
4061
12516486
-717
367
-220
892
2602
3303
12517511
-1334
330
-362
521
1811
2930
12518536
-1547
66
-590
203
383
2522
12519561
-198
194
-625
-441
-618
5190
12520586
285
357
-462
1254
3650
3935
12521611
-988
373
-151
508
4211
2694
12522636
-1838
165
-368
111
297
2496
12523661
-250
74
-377
406
-1177
3417
12524686
1498
98
134
214
2584
3980
12525711
1432
-95
236
-24
3191
4641
12518528
400
-294
161
276
1679
4568
12519553
73
-364
191
400
1264
4199
12520578
506
-576
306
151
874
4048
12521603
1160
-780
254
350
852
4102
12522628
1140
-794
241
1703
3862
3968
12523653
711
-688
605
1258
2758
2914
12524678
508
-501
449
683
1775
2574
12525703
977
-264
343
588
2162
3245
12526728
808
-119
259
669
2519
3489
12527753
91
-109
215
726
2225
3347
12528778
-320
-122
153
687
1675
3166
12529803
-62
-80
111
742
1792
3407
12530828
91
-55
59
753
1908
3585
12531853
96
-49
-6
857
1929
3391
12532878
38
-9
-49
961
2230
3128
12533903
-95
3
-65
976
2145
3189
12526720
24
34
-55
876
2110
3467
12527745
116
48
-54
850
2168
3603
12528770
76
44
-62
876
2269
3476
12529795
-91
43
-53
885
2390
3268
12530820
-133
23
-31
859
2099
3360
12531845
82
41
-16
798
2174
3566
12532870
99
40
-15
823
2263
3522
12533895
-50
37
-15
849
2327
3251
12534920
-225
55
-31
825
2393
3185
12535945
-373
44
-63
738
2105
3443
12536970
-271
0
-85
776
1668
3612
12537995
-38
4
-77
846
1875
3476
12539020
-20
3
-60
847
2123
3304
12540045
-57
0
-61
793
2116
3405
12541070
-39
3
-41
805
2195
3432
12542095
-47
11
-19
832
2129
3375
12535138
-8
36
3
794
2165
3341
12536163
46
49
16
743
2175
3423
12537188
61
52
20
799
2191
3418
12538213
28
64
20
819
2126
3465
12539238
-13
65
2
815
1994
3508
12540263
29
61
0
789
2027
3512
12541288
46
49
-7
737
2052
3537
12542313
54
26
-2
734
2055
3475
12543338
53
25
-5
737
2122
3510
12544363
3
13
-4
750
2110
3437
12545388
-6
9
-2
766
2049
3426
12546413
36
24
-13
699
2063
3524
12547438
42
17
-7
749
2161
3382
12548463
1
11
13
742
2144
3357
12549488
-23
11
9
722
2066
3435
12550513
14
3
13
799
2020
3342
12543104
78
16
35
777
2099
3274
12544129
80
38
35
724
2159
3380
12545154
17
41
23
753
2160
3387
12546179
-34
43
31
743
2156
3447
12547204
-57
34
21
742
2092
3485
12548229
-29
27
24
768
2145
3476
12549254
-24
19
21
761
2102
3489
12550279
2
20
16
766
2085
3475
12551304
43
15
15
762
2131
3471
12552329
38
9
6
712
2186
3529
12553354
-35
-2
-3
751
2188
3439
12554379
-69
3
-6
775
2106
3366
12555404
-29
28
-27
761
2036
3403
12556429
43
54
-41
719
2090
3451
12557454
68
64
-59
712
2090
3483
12558479
86
73
-62
692
2221
3484
12551297
42
64
-44
689
2221
3490
12552322
23
46
-30
666
2135
3559
12553347
53
23
1
687
2197
3479
12554372
46
-3
33
679
2155
3484
12555397
64
-22
35
646
2075
3532
12556422
79
-34
40
694
2132
3467
12557447
44
-36
46
682
2156
3399
12558472
-25
-30
31
680
2154
3378
12559497
-55
-33
28
698
2100
3359
12560522
19
-25
28
716
2064
3392
12561547
53
-2
12
765
2154
3348
12562572
-12
15
2
750
2174
3284
12563597
-50
29
-25
702
2056
3397
12564622
6
39
-37
724
2106
3510
12565647
32
37
-26
714
2164
3482
12566672
-15
33
-34
687
2149
3415
12559488
-45
28
-37
690
2191
3414
12560513
-23
17
-18
672
2204
3476
12561538
14
7
-1
675
2231
3514
12562563
7
-10
15
692
2213
3483
12563588
-16
-26
19
690
2152
3484
12564613
10
-33
19
678
2135
3503
12565638
34
-30
17
685
2135
3474
12566663
16
-24
11
692
2113
3406
12567688
6
-22
2
690
2135
3405
12568713
9
-14
1
690
2142
3395
12569738
17
0
-3
692
2153
3397
12570763
10
7
-4
684
2163
3405
12571788
18
5
0
700
2162
3396
12572813
37
13
9
716
2181
3394
12573838
5
19
6
702
2165
3407
12574863
-4
11
11
686
2128
3394
12567679
28
13
12
713
2120
3347
12568704
32
26
9
724
2153
3330
12569729
10
36
5
715
2181
3348
12570754
-16
37
6
704
2147
3408
12571779
14
37
-1
688
2155
3510
12572804
35
27
5
695
2271
3541
12573829
2
-5
15
699
2240
3476
12574854
2
-21
11
697
2155
3486
12575879
31
-28
4
712
2167
3472
12576904
23
-35
6
703
2177
3459
12577929
1
-42
1
695
2170
3443
12578954
7
-40
-2
692
2164
3414
12579979
15
-33
-2
680
2178
3382
12581004
13
-27
-6
637
2143
3378
12582029
20
-21
-8
652
2183
3385
12583054
21
-13
-5
654
2195
3412
12575872
12
-8
1
688
2178
3370
12576897
15
-1
11
674
2203
3400
12577922
5
-3
14
666
2172
3421
12578947
21
2
20
678
2169
3400
12579972
24
12
24
686
2195
3383
12580997
1
8
21
690
2160
3417
12582022
4
6
24
694
2166
3426
12583047
9
4
24
691
2158
3428
12584072
15
1
20
686
2174
3434
12585097
7
-4
17
701
2181
3410
12586122
4
-7
12
735
2191
3390
12587147
7
-3
13
747
2199
3386
12588172
15
2
18
726
2201
3367
12589197
6
9
18
694
2224
3385
12590222
-9
4
11
678
2189
3412
12591247
1
-7
10
728
2155
3389
12584064
30
-10
6
725
2157
3410
12585089
18
-12
8
720
2213
3399
12586114
-31
-25
11
720
2152
3384
12587139
-7
-33
13
707
2158
3407
12588164
55
-50
21
713
2208
3400
12589189
106
-60
36
730
2238
3389
12590214
148
-55
46
736
2216
3333
12591239
163
-33
44
723
2275
3419
12592264
74
-23
41
720
2292
3440
12593289
-48
-25
50
723
2273
3401
12594314
-85
-35
42
746
2135
3366
12595339
6
-25
32
760
2131
3361
12596364
65
-1
16
754
2178
3336
12597389
26
28
-13
763
2210
3355
12598414
-41
69
-47
751
2250
3489
12599439
-137
146
-106
796
2160
3737
12592255
-255
273
-178
972
1967
3640
12593280
-164
443
-101
1073
2257
2963
12594305
-70
590
62
717
2858
2184
12595330
-516
615
22
263
2312
2288
12596355
-806
351
-194
-91
1600
4670
12597380
208
-17
-262
-239
1019
6366
12598405
-556
174
-189
442
3222
3662
12599430
-1461
-44
-72
1522
2801
1335
12600455
-795
-4
-114
218
624
3212
12601480
35
11
-166
294
1604
4033
12602505
332
-132
-77
652
2457
3690
12603530
286
-201
108
400
2135
3706
12604555
220
-359
206
303
1870
4357
12605580
153
-487
144
563
1853
3915
12606605
627
-557
218
639
1694
3669
12607630
813
-531
288
488
1798
3120
12600457
96
-470
80
1072
3069
3208
12601482
-14
-458
246
1394
2701
3129
12602507
635
-322
452
813
1320
2909
12603532
1046
-28
256
730
2317
3539
12604557
523
-34
131
785
2348
3607
12605582
49
-87
126
807
2080
3313
12606607
-142
-81
93
740
2004
3264
12607632
-154
-66
17
786
1961
3208
12608657
-6
-24
-20
826
1974
3205
12609682
103
14
-50
825
2099
3295
12610707
60
17
-72
840
2269
3291
12611732
-25
8
-52
856
2266
3325
12612757
2
-9
-27
805
2183
3433
12613782
91
2
0
817
2270
3413
12614807
47
36
2
870
2352
3332
12615832
-47
57
10
903
2399
3330
12608640
-113
48
34
887
2292
3292
12609665
-38
39
42
840
2138
3476
12610690
129
34
33
795
2181
3588
12611715
115
18
24
853
2228
3394
12612740
28
11
2
857
2190
3233
12613765
-25
16
-19
828
2219
3297
12614790
-21
-7
-20
820
2102
3409
12615815
67
-14
-13
840
2145
3348
12616840
31
-17
-6
820
2250
3251
12617865
-101
-39
-26
820
2239
3117
12618890
-193
-38
-55
905
2234
3006
12619915
-165
-34
-56
882
1902
3135
12620940
41
-9
-67
818
2027
3335
12621965
75
-12
-59
869
2377
3413
12622990
-83
-49
-34
906
2244
3357
12624015
-120
-35
-5
873
2306
3333
12616831
-116
-13
6
809
2233
3464
12617856
-42
15
4
776
2167
3503
12618881
56
46
-3
782
2235
3528
12619906
60
66
-12
766
2283
3603
12620931
13
61
1
763
2296
3591
12621956
-7
52
15
772
2202
3584
12622981
51
54
19
777
2148
3575
12624006
100
64
26
783
2191
3480
12625031
81
72
19
808
2209
3374
12626056
60
88
13
806
2161
3342
12627081
72
108
-1
799
2137
3381
12628106
108
113
-9
806
2161
3343
12629131
126
114
-14
768
2244
3284
12630156
80
98
-30
747
2263
3206
12631181
59
74
-39
771
2244
3186
12632206
80
56
-29
789
2327
3197
12625024
75
32
-7
780
2307
3268
12626049
64
10
5
792
2323
3292
12627074
11
-17
23
825
2329
3271
12628099
-19
-36
30
815
2230
3250
12629124
-12
-30
19
796
2255
3292
12630149
-70
-28
3
797
2279
3310
12631174
-155
-26
-5
820
2283
3273
12632199
-209
-21
-19
840
2207
3276
12633224
-138
-22
-34
858
2102
3319
12634249
-6
13
-40
882
2222
3412
12635274
23
47
-54
889
2202
3476
12636299
31
82
-59
847
2281
3461
12637324
-2
93
-56
770
2258
3418
12638349
2
94
-53
695
2234
3461
12639374
12
93
-41
638
2189
3451
12640399
6
93
-43
608
2155
3374
12633216
3
106
-50
588
2133
3364
12634241
-7
114
-61
547
2154
3334
12635266
-20
108
-64
527
2162
3307
12636291
-32
101
-60
524
2187
3261
12637316
-33
101
-44
526
2228
3272
12638341
-52
106
-40
575
2216
3280
12639366
-52
113
-37
658
2301
3340
12640391
-44
109
-31
613
2329
3399
12641416
-14
90
-26
606
2332
3442
12642441
14
75
-23
583
2293
3528
12643466
-8
57
-24
591
2311
3423
12644491
-45
34
-19
614
2249
3332
12645516
-33
29
-30
599
2240
3408
12646541
-23
20
-42
622
2212
3420
12647566
-8
10
-33
580
2215
3395
12648591
-12
2
-38
574
2210
3367
12641408
-40
0
-46
582
2173
3377
12642433
-35
-1
-41
553
2175
3444
12643458
-5
-7
-34
513
2214
3510
12644483
-8
-19
-30
539
2212
3481
12645508
-37
-19
-27
553
2196
3405
12646533
-58
-16
-26
515
2167
3439
12647558
-19
-12
-25
524
2165
3465
12648583
25
2
-20
526
2245
3445
12649608
7
5
-18
526
2245
3413
12650633
-12
13
-12
544
2243
3407
12651658
-31
22
0
562
2222
3382
12652683
-16
38
7
534
2166
3397
12653708
26
54
4
527
2222
3456
12654733
13
53
3
541
2247
3484
12655758
-33
51
7
538
2222
3466
12656783
-51
51
7
537
2200
3440
12649600
-29
55
3
543
2168
3399
12650625
5
72
-4
536
2181
3380
12651650
15
89
-15
518
2198
3407
12652675
4
101
-23
507
2226
3422
12653700
-22
104
-31
502
2218
3457
12654725
-1
95
-36
490
2180
3496
12655750
53
89
-33
493
2248
3500
12656775
36
73
-26
507
2272
3467
12657800
2
58
-14
496
2245
3447
12658825
14
46
-7
488
2253
3454
12659850
23
38
-3
485
2252
3433
12660875
27
33
0
479
2250
3430
12661900
29
25
1
476
2239
3435
12662925
23
18
1
478
2233
3437
12663950
11
8
-2
458
2191
3444
12664975
20
-1
-7
469
2198
3428
12657791
28
-8
-9
458
2218
3398
12658816
8
-9
-11
452
2227
3411
12659841
-29
-7
-18
476
2200
3397
12660866
-23
-7
-18
468
2184
3379
12661891
-3
5
-16
444
2283
3336
12662916
-22
12
-12
445
2190
3336
12663941
-9
33
-27
411
2151
3426
12664966
-17
36
-38
447
2164
3441
12665991
-22
50
-55
467
2213
3457
12667016
-51
82
-72
455
2293
3601
12668041
-167
110
-103
549
2256
3646
12669066
-270
213
-163
709
2280
3636
12670091
-300
410
-210
778
2528
3665
12671116
-566
660
-70
656
2830
2799
12672141
-1919
718
-128
-219
2241
2469
12673166
-2092
256
-345
-481
412
3683
12665984
-291
174
-532
-307
35
5458
12667009
120
336
-357
1024
3452
3987
12668034
-1138
398
-18
101
3762
2408
12669059
-1496
139
-303
-568
348
3288
12670084
-349
-89
-368
103
-133
4461
12671109
890
17
-25
169
2440
4323
12672134
579
-101
93
-147
2504
3719
12673159
25
-399
163
123
1861
3403
12674184
213
-442
278
152
2049
3815
12675209
370
-476
260
-249
1266
4879
12676234
748
-598
153
-342
-143
5286
12677259
681
-749
119
754
1064
3234
12678284
62
-707
418
2030
4818
1728
12679309
252
-439
306
595
1734
1803
12680334
1364
-69
251
-108
1633
3011
12681359
1949
179
114
139
2244
4653
12674296
824
125
26
446
2666
4777
12675321
-593
-62
153
367
2454
3651
12676346
-964
-184
21
363
1286
3212
12677371
-205
-118
-102
459
1294
3582
12678396
438
-58
-104
460
1941
3602
12679421
483
-38
-100
459
2532
3468
12680446
166
-56
-97
531
2496
3459
12681471
-59
-56
-64
552
2317
3356
12682496
-100
-6
-25
426
2217
3338
12683521
-4
46
-23
354
2104
3366
12684546
202
85
-20
380
2213
3424
12685571
310
97
2
416
2375
3528
12686596
193
86
23
441
2344
3495
12687621
23
86
37
446
2225
3419
12688646
-78
86
41
407
2093
3471
12689671
-19
68
40
388
2049
3534
12682368
79
51
37
392
2106
3530
12683393
100
35
30
406
2160
3482
12684418
34
22
24
450
2222
3389
12685443
-69
10
18
433
2157
3372
12686468
-53
2
23
416
2121
3416
12687493
8
-2
22
425
2147
3459
12688518
-10
-9
17
443
2175
3370
12689543
-58
-14
17
426
2171
3359
12690568
-66
-21
15
433
2130
3416
12691593
-19
-21
17
459
2165
3495
12692618
-32
-16
13
456
2209
3505
12693643
-65
-22
8
457
2158
3522
12694668
-46
-19
4
426
2163
3544
12695693
-36
-23
0
421
2172
3549
12696718
-31
-27
-1
402
2196
3557
12697743
-39
-25
3
380
2240
3544
12690560
-85
-19
-3
376
2197
3533
12691585
-92
-15
-11
389
2090
3556
12692610
-48
-8
-20
399
2103
3556
12693635
-26
2
-24
414
2187
3520
12694660
-14
9
-20
384
2186
3539
12695685
-26
11
-26
410
2139
3525
12696710
-1
14
-18
426
2138
3543
12697735
32
18
-7
429
2172
3516
12698760
29
20
1
437
2152
3498
12699785
22
31
2
423
2158
3457
12700810
28
35
3
425
2091
3478
12701835
35
42
-4
436
2106
3509
12702860
21
36
3
417
2175
3511
12703885
-6
20
12
384
2133
3448
12704910
-22
9
20
393
2112
3361
12705935
-20
7
28
388
2070
3392
12698752
-14
8
31
387
2169
3448
12699777
-52
-7
35
401
2164
3458
12700802
-68
-20
37
413
2166
3446
12701827
-66
-26
42
416
2109
3484
12702852
-24
-18
48
445
2142
3513
12703877
-10
-10
49
448
2205
3579
12704902
-32
-16
48
444
2191
3572
12705927
-39
-23
50
434
2164
3542
12706952
-18
-33
46
446
2111
3500
12707977
31
-21
44
455
2105
3507
12709002
45
0
39
458
2143
3538
12710027
-15
19
30
506
2157
3498
12711052
-80
27
22
514
1996
3496
12712077
-19
41
13
500
1991
3541
12713102
23
48
0
509
2079
3570
12714127
-13
39
-21
498
2025
3599
12706944
14
21
-24
428
2034
3616
12707969
40
0
-24
379
2135
3607
12708994
-7
-32
-26
394
2127
3611
12710019
-27
-51
-21
416
2089
3562
12711044
5
-50
-17
397
2122
3538
12712069
12
-49
-20
372
2189
3513
12713094
-6
-58
-24
396
2163
3488
12714119
-5
-52
-21
406
2143
3432
12715144
22
-42
-14
390
2160
3445
12716169
29
-35
-14
377
2260
3464
12717194
-24
-48
-16
428
2186
3397
12718219
-31
-42
-4
435
2175
3373
12719244
-16
-39
2
402
2208
3405
12720269
-22
-48
9
430
2176
3379
12721294
-36
-40
20
488
2163
3331
12722319
-67
-10
39
498
2171
3338
12715137
-99
16
40
523
2095
3444
12716162
-79
42
41
545
2045
3565
12717187
-47
69
39
498
2035
3616
12718212
-34
73
23
416
2018
3688
12719237
-15
54
0
361
1994
3740
12720262
25
28
-5
347
2034
3750
12721287
24
0
-9
364
2070
3703
12722312
-11
-24
-8
394
2064
3621
12723337
-16
-37
-15
422
2071
3558
12724362
-3
-39
-22
474
2069
3504
12725387
56
-25
-19
468
2090
3525
12726412
92
-14
-22
461
2181
3540
12727437
41
-17
-24
464
2196
3482
12728462
-2
-15
-13
423
2168
3437
12729487
21
-10
-7
388
2124
3455
12730512
51
-6
-9
385
2162
3515
12723328
26
-15
1
401
2152
3497
12724353
-2
-27
7
403
2118
3437
12725378
0
-32
15
411
2113
3406
12726403
3
-30
21
402
2081
3397
12727428
-11
-19
27
437
2085
3392
12728453
-22
-11
30
449
2073
3428
12729478
-14
-5
30
432
2095
3471
12730503
-3
1
26
426
2170
3507
12731528
-18
4
12
436
2154
3576
12732553
-5
1
12
460
2139
3622
12733578
25
-10
25
440
2184
3613
12734603
18
-24
30
431
2177
3586
12735628
-11
-33
32
439
2131
3569
12736653
-21
-35
33
439
2091
3534
12737678
4
-37
27
447
2037
3517
12738703
46
-30
15
471
2072
3538
12731520
36
-21
5
474
2110
3547
12732545
-2
-14
0
464
2145
3491
12733570
-13
-9
5
467
2103
3487
12734595
21
3
5
459
2116
3525
12735620
37
6
15
462
2154
3506
12736645
11
9
20
499
2148
3485
12737670
-14
18
12
507
2152
3503
12738695
-53
30
5
508
2188
3533
12739720
-171
68
-8
565
2162
3583
12740745
-364
210
-140
617
2106
3857
12741770
-498
329
-212
735
2099
3992
12742795
-622
385
-163
822
2417
3539
12743820
-1079
557
-92
405
2117
1796
12744845
-1819
586
-305
-254
1009
2527
12745870
-296
70
-406
-339
197
5140
12746895
1370
94
-498
-444
1378
6784
12739713
-819
222
-96
702
5294
3541
12740738
-2195
20
118
726
2958
1088
12741763
-1131
12
-300
-241
-1153
2812
12742788
692
-87
-123
13
731
4442
12743813
1393
-145
230
103
3382
4092
12744838
899
-360
355
-33
2251
4215
12745863
204
-487
330
-52
1269
4492
12746888
256
-641
254
323
1033
4291
12747913
1049
-710
278
181
643
3729
12748938
512
-681
133
1444
3492
3315
12749963
460
-515
468
1336
3062
3075
12750988
522
-337
489
424
1511
2608
12752013
1159
-170
279
530
1362
3236
12753038
1192
53
206
523
2711
3990
12754063
151
-41
199
436
2386
3850
12755088
-520
-67
116
578
2023
3008
12748087
-539
3
68
692
1496
2604
12749112
-12
116
-28
499
1549
3348
12750137
375
135
-87
438
1940
3920
12751162
303
63
-115
668
2072
3776
12752187
62
36
-86
683
2410
3521
12753212
-206
-18
-55
591
2284
3507
12754237
-182
-57
-36
551
2067
3577
12755262
44
-43
-4
552
2211
3553
12756287
130
-26
-8
578
2294
3527
12757312
41
-14
2
654
2324
3432
12758337
-72
-4
27
635
2214
3370
12759362
-47
8
24
589
2076
3379
12760387
56
34
0
567
2147
3504
12761412
51
35
-7
577
2137
3506
12762437
38
23
-6
597
2083
3418
12763462
31
23
-6
588
2136
3484
12756096
6
6
-10
577
2113
3549
12757121
16
-3
-5
561
2094
3532
12758146
14
0
-9
562
2121
3533
12759171
-48
2
-2
576
2191
3507
12760196
-137
0
16
565
2161
3392
12761221
-167
10
25
554
2050
3350
12762246
-64
16
17
557
1957
3386
12763271
104
33
27
586
2160
3453
12764296
53
43
19
582
2197
3535
12765321
-55
35
5
598
2094
3517
12766346
-54
36
9
586
2139
3501
12767371
-30
30
19
598
2133
3480
12768396
5
31
23
589
2108
3457
12769421
34
33
16
603
2137
3478
12770446
46
28
12
598
2157
3544
12771471
27
18
13
603
2151
3543
12764289
-22
8
18
590
2117
3498
12765314
-64
0
17
604
2068
3445
12766339
-35
2
16
580
2103
3461
12767364
-34
1
14
546
2120
3492
12768389
-55
-14
6
537
2026
3444
12769414
-4
-15
4
563
2066
3451
12770439
-18
-5
3
562
2175
3525
12771464
-93
-13
3
548
2065
3485
12772489
-58
-5
-2
522
2045
3470
12773514
9
3
3
528
2110
3504
12774539
25
7
4
551
2132
3556
12775564
-17
6
5
584
2149
3561
12776589
-36
0
10
586
2117
3520
12777614
-11
1
10
581
2101
3543
12778639
-1
-1
6
583
2096
3548
12779664
19
-8
11
567
2068
3546
12772480
41
-12
10
563
2098
3535
12773505
24
-20
10
560
2114
3514
12774530
-14
-18
6
571
2085
3447
12775555
-13
-8
5
526
2062
3468
12776580
23
-7
5
522
2101
3515
12777605
38
-10
5
554
2112
3494
12778630
16
-4
5
567
2124
3486
12779655
-9
-1
9
576
2110
3479
12780680
2
5
14
582
2104
3481
12781705
17
8
15
578
2107
3474
12782730
21
5
16
577
2079
3506
12783755
28
7
13
600
2084
3506
12784780
9
8
11
592
2098
3486
12785805
-14
4
10
568
2096
3452
12786830
-1
-6
4
552
2059
3491
12787855
12
-9
-4
570
2101
3506
12780672
-7
-11
-4
575
2137
3472
12781697
-28
-12
-5
573
2118
3477
12782722
-23
-9
-11
581
2105
3504
12783747
-6
-5
-9
583
2125
3490
12784772
-2
-2
-8
568
2155
3486
12785797
-8
0
-4
564
2147
3493
12786822
-9
4
-2
565
2091
3504
12787847
2
6
4
570
2104
3483
12788872
-2
5
7
562
2125
3501
12789897
-25
4
1
558
2084
3510
12790922
-33
10
-6
533
2118
3517
12791947
-39
-1
-7
548
2073
3526
12792972
-17
-10
-2
572
2080
3522
12793997
-10
-10
-2
581
2075
3507
12795022
1
-7
6
578
2098
3489
12796047
4
-4
9
561
2117
3473
12788866
1
3
8
558
2137
3476
12789891
-4
7
10
529
2093
3497
12790916
5
4
12
514
2091
3528
12791941
17
-7
24
522
2133
3511
12792966
8
-6
31
546
2163
3492
12793991
-13
6
35
589
2112
3464
12795016
-4
23
26
606
2058
3470
12796041
35
41
12
573
2094
3533
12797066
25
47
3
557
2094
3539
12798091
0
40
-7
562
2059
3529
12799116
14
29
-6
577
2066
3555
12800141
5
16
-7
576
2108
3558
12801166
-50
5
-7
570
2133
3489
12802191
-113
-7
-18
546
2032
3384
12803216
-98
18
-49
568
2047
3321
12804241
-64
46
-76
500
2056
3515
12797055
-41
25
-91
546
1934
3705
12798080
-53
38
-115
632
2021
3649
12799105
-104
80
-157
717
2120
3693
12800130
-182
149
-213
632
2330
4038
12801155
-388
142
-182
662
2228
3487
12802180
-610
239
-102
380
1878
2966
12803205
-704
117
-255
-10
1913
3781
12804230
-184
-2
-452
136
1033
4466
12805255
-723
269
-369
164
2081
4040
12806280
-976
171
-61
745
2961
2300
12807305
-644
98
-85
208
1874
3007
12808330
-91
2
-67
45
1275
3905
12809355
348
-124
22
260
2131
3851
12810380
405
-222
192
193
2061
4289
12811405
221
-338
289
115
1320
4549
12812430
352
-458
255
636
1305
3746
12805248
834
-504
381
483
1236
3584
12806273
505
-487
138
815
2644
3345
12807298
88
-368
302
1563
3738
2815
12808323
58
-198
489
767
1330
2597
12809348
1005
19
279
462
1342
3169
12810373
1332
201
234
478
2726
3852
12811398
321
141
201
517
2337
3827
12812423
-338
66
123
498
1764
3586
12813448
-273
19
103
535
1758
3456
12814473
-50
-6
59
564
1627
3520
12815498
155
11
-22
600
1821
3625
12816523
172
-9
-42
654
2116
3644
12817548
87
-61
-22
661
2289
3601
12818573
-80
-75
-8
688
2302
3416
12819598
-179
-56
0
666
2144
3322
12820623
-64
-13
4
653
2079
3413
12813455
106
24
2
655
2149
3523
12814480
128
34
0
684
2230
3538
12815505
-28
35
7
691
2220
3416
12816530
-147
31
2
652
2043
3415
12817555
-74
31
-21
646
1978
3522
12818580
28
21
-40
713
2037
3536
12819605
3
15
-56
741
2047
3452
12820630
-79
9
-74
700
2087
3379
12821655
-105
-7
-81
651
2019
3481
12822680
-36
0
-84
622
2001
3559
12823705
25
16
-73
589
2104
3656
12824730
-5
18
-77
510
2073
3684
12825755
-59
23
-82
517
2089
3505
12826780
-59
43
-72
487
2117
3430
12827805
9
82
-78
400
2118
3652
12828830
60
94
-75
466
2159
3641
12821632
73
86
-33
529
2233
3538
12822657
51
82
-11
507
2169
3577
12823682
26
78
-6
505
2122
3534
12824707
29
62
26
494
2126
3440
12825732
60
55
42
488
2080
3481
12826757
72
52
36
546
2124
3541
12827782
24
37
38
608
2034
3506
12828807
14
40
27
584
2018
3413
12829832
18
50
4
569
2021
3447
12830857
52
54
-21
559
2069
3516
12831882
54
44
-24
561
2145
3508
12832907
16
22
-25
541
2141
3477
12833932
14
12
-22
539
2134
3518
12834957
33
6
-21
561
2138
3503
12835982
40
5
-7
519
2195
3452
12837007
17
-10
-5
486
2164
3455
12829824
37
-21
0
521
2176
3509
12830849
26
-25
7
535
2175
3450
12831874
-31
-25
10
535
2140
3401
12832899
-43
-11
12
503
2063
3383
12833924
-10
16
2
514
2090
3406
12834949
7
21
1
520
2104
3376
12835974
19
27
0
506
2092
3485
12836999
-1
30
-2
490
2141
3545
12838024
-48
12
6
546
2093
3528
12839049
-56
10
-1
527
2065
3556
12840074
-35
3
-4
538
2132
3516
12841099
-17
-6
2
521
2137
3525
12842124
-21
-11
-7
501
2111
3538
12843149
-14
-15
-8
532
2142
3519
12844174
-3
-18
-9
506
2102
3526
12845199
9
-21
-11
504
2162
3504
12838016
-18
-25
-1
486
2141
3470
12839041
-29
-20
-9
492
2077
3504
12840066
0
-10
-11
510
2144
3522
12841091
-8
-9
-9
518
2142
3495
12842116
-11
-5
-8
502
2138
3489
12843141
1
-3
-7
495
2115
3512
12844166
10
-6
-4
498
2123
3526
12845191
8
-13
7
506
2122
3502
12846216
0
-15
11
491
2107
3489
12847241
-16
-17
8
489
2094
3473
12848266
-16
-19
10
511
2054
3429
12849291
-3
-6
6
520
2119
3431
12850316
-39
3
-8
519
2111
3474
12851341
-42
6
-15
498
2092
3540
12852366
-20
4
-15
501
2118
3534
12853391
-10
-4
-11
504
2145
3498
12846208
-18
-11
-10
506
2158
3500
12847233
-26
-15
-9
512
2107
3517
12848258
-8
-12
-4
511
2120
3539
12849283
1
-17
5
511
2135
3523
12850308
-2
-19
12
512
2122
3527
12851333
-31
-16
11
503
2105
3507
12852358
-37
-18
6
497
2044
3473
12853383
15
-11
5
482
2075
3502
12854408
33
-5
-2
482
2122
3547
12855433
-18
-9
-1
507
2124
3527
12856458
-56
-13
13
502
2099
3456
12857483
-23
-18
17
492
2057
3459
12858508
26
-9
12
496
2100
3508
12859533
3
-5
15
510
2124
3517
12860558
-44
-8
24
515
2111
3456
12861583
-40
-8
31
504
2060
3486
12854400
-3
3
24
521
2086
3550
12855425
-8
4
23
514
2103
3556
12856450
-36
-5
17
514
2114
3531
12857475
-31
-13
9
530
2081
3543
12858500
-5
-9
0
554
2077
3570
12859525
-6
-6
4
552
2115
3532
12860550
-18
-14
9
523
2101
3522
12861575
-3
-18
7
501
2086
3534
12862600
0
-14
6
519
2082
3547
12863625
-18
-11
7
521
2086
3537
12864650
-30
-11
15
525
2095
3495
12865675
-9
-12
23
510
2107
3511
12866700
7
-12
24
523
2099
3522
12867725
16
-15
28
544
2076
3529
12868750
17
-11
29
546
2071
3536
12869775
-4
-4
26
554
2074
3528
12862593
-22
-1
15
564
2044
3498
12863618
-8
8
4
563
2037
3494
12864643
22
47
-21
593
2098
3502
12865668
-43
130
-80
551
2284
3553
12866693
-180
181
-136
574
2082
3818
12867718
-193
263
-158
739
2119
4121
12868743
-248
367
-83
800
2702
3677
12869768
-1248
583
-46
722
2412
1239
12870793
-1790
379
-157
-566
-506
3169
12871818
1174
-136
-583
-473
-319
6760
12872843
1004
335
-560
45
4511
5731
12873868
-2149
-50
1
1348
4661
1436
12874893
-2005
-30
-93
377
600
1326
12875918
-73
74
-225
-132
159
3775
12876943
817
23
82
200
2707
4108
12877968
750
-135
267
100
2458
4006
12870784
450
-282
335
37
1520
4759
12871809
18
-376
227
369
1552
4011
12872834
326
-531
269
471
952
4016
12873859
707
-465
155
119
713
4211
12874884
65
-513
87
1291
3672
3630
12875909
221
-534
408
1213
1836
2756
12876934
500
-122
318
603
2296
2419
12877959
412
40
261
344
2160
2966
12878984
579
74
110
448
1482
3366
12880009
754
221
171
449
2346
3578
12881034
203
176
157
464
2199
3562
12882059
-187
116
63
563
1853
3683
12883084
-201
67
26
667
1645
3684
12884109
-26
43
-8
656
1694
3620
12885134
112
31
-42
649
1932
3627
12886159
125
-8
-63
689
2132
3665
12878976
62
-52
-65
646
2171
3742
12880001
1
-78
-51
607
2182
3663
12881026
-45
-76
-39
562
2226
3586
12882051
-91
-64
-45
542
2132
3506
12883076
-13
-43
-48
546
2045
3349
12884101
117
14
-43
502
2180
3473
12885126
153
19
-52
484
2117
3548
12886151
179
16
-24
535
2240
3582
12887176
81
20
-9
477
2141
3678
12888201
-16
9
-24
553
1966
3587
12889226
-4
25
-10
567
2130
3403
12890251
-4
38
-1
504
2105
3394
12891276
21
40
-22
530
2081
3436
12892301
71
37
-9
542
2093
3506
12893326
91
30
-7
487
2075
3614
12894351
36
9
-11
522
2103
3562
12887246
-32
-8
-2
516
2117
3442
12888271
-19
-15
-5
516
2035
3429
12889296
44
-6
-17
531
2103
3505
12890321
44
-11
-12
560
2145
3488
12891346
21
-11
-6
545
2141
3474
12892371
-9
-4
-16
550
2154
3458
12893396
-32
2
-15
542
2109
3452
12894421
-14
6
-10
505
2113
3472
12895446
23
1
-5
500
2129
3513
12896471
40
-4
0
522
2172
3529
12897496
6
-14
7
534
2164
3501
12898521
-22
-16
12
527
2113
3498
12899546
-23
-13
17
530
2109
3447
12900571
1
-11
18
516
2064
3513
12901596
32
-9
5
514
2127
3539
12902621
1
-18
12
540
2159
3452
12895360
-21
-23
7
539
2047
3473
12896385
18
-11
-2
575
2092
3478
12897410
9
-13
14
553
2131
3471
12898435
-11
-21
12
523
2099
3475
12899460
-17
-20
9
539
2108
3448
12900485
-6
-21
13
529
2099
3468
12901510
4
-24
14
533
2149
3493
12902535
-11
-28
19
539
2120
3501
12903560
-22
-31
17
543
2116
3523
12904585
-24
-40
22
523
2117
3495
12905610
-24
-49
26
506
2080
3483
12906635
-3
-58
26
513
2095
3498
12907660
9
-68
31
523
2096
3537
12908685
-1
-73
34
514
2129
3573
12909710
-29
-90
25
557
2083
3567
12910735
-19
-93
20
553
2110
3554
12903552
-20
-89
15
541
2161
3549
12904577
-22
-83
1
549
2167
3560
12905602
-13
-79
-16
591
2201
3516
12906627
11
-74
-19
604
2163
3470
12907652
57
-57
-15
594
2253
3480
12908677
35
-58
-5
608
2272
3458
12909702
4
-69
4
627
2141
3419
12910727
32
-72
15
639
2094
3402
12911752
59
-74
26
630
2142
3416
12912777
24
-81
25
660
2123
3412
12913802
-22
-87
26
704
2067
3384
12914827
-29
-92
28
700
2011
3385
12915852
-7
-98
29
662
2039
3399
12916877
-10
-102
25
633
2055
3410
12917902
-7
-102
12
635
2078
3489
12918927
-16
-99
7
662
2154
3523
12911743
-45
-106
12
702
2116
3486
12912768
-10
-102
20
683
2101
3474
12913793
30
-87
22
651
2159
3525
12914818
2
-80
14
667
2171
3538
12915843
-12
-81
9
714
2126
3526
12916868
28
-66
14
726
2162
3507
12917893
40
-56
16
714
2143
3516
12918918
56
-48
19
708
2122
3546
12919943
76
-42
26
680
2126
3540
12920968
100
-45
32
688
2146
3532
12921993
118
-45
40
718
2188
3523
12923018
102
-41
48
703
2164
3473
12924043
104
-39
44
744
2110
3403
12925068
121
-28
40
794
2133
3373
12926093
125
-22
39
790
2158
3403
12927118
122
-19
44
779
2220
3402
12919936
101
-25
46
811
2202
3366
12920961
110
-26
49
838
2196
3364
12921986
107
-20
49
835
2254
3370
12923011
66
-33
53
866
2206
3339
12924036
84
-43
51
881
2177
3422
12925061
84
-59
42
939
2194
3424
12926086
56
-79
31
1000
2173
3337
12927111
64
-76
17
955
2128
3303
12928136
116
-73
2
893
2151
3305
12929161
139
-78
-3
876
2197
3311
12930186
107
-70
-4
865
2211
3306
12931211
51
-70
-10
862
2182
3283
12932236
30
-59
-9
839
2202
3263
12933261
28
-45
-13
784
2227
3328
12934286
25
-26
-14
777
2269
3303
12935311
-13
21
-10
819
2399
3181
12928128
-129
108
-74
742
2303
3316
12929153
-305
217
-181
754
2271
3183
12930178
-394
279
-168
794
2378
3177
12931203
-426
314
-144
855
2292
3429
12932228
-484
368
-145
820
2128
3635
12933253
-474
406
-90
705
2306
2944
12934278
-1001
326
-183
379
2337
2658
12935303
-738
-217
-202
129
307
5194
12936328
-245
92
-418
-426
1177
6229
12937353
-1324
16
-167
1944
4465
1404
12938378
-1023
-18
-121
977
2098
2194
12939403
-794
114
-270
185
-112
3035
12940428
677
-8
-63
699
1729
3398
12941453
1221
-62
77
365
2974
4079
12942478
576
-229
129
328
2171
4576
12943503
137
-328
66
636
1457
3906
12936320
579
-424
22
660
702
4072
12937345
1079
-417
68
495
1248
3351
12938370
671
-449
-90
1542
3964
3348
12939395
309
-313
253
1027
3195
3177
12940420
149
-231
212
518
1606
2836
12941445
722
-123
62
810
1965
3364
12942470
916
-10
82
735
2351
3472
12943495
553
24
83
635
2492
3333
12944520
30
21
21
660
2366
3248
12945545
-174
20
-25
692
2129
3305
12946570
-59
9
-31
743
2020
3360
12947595
120
7
-43
770
2094
3356
12948620
178
13
-61
804
2308
3289
12949645
68
23
-61
816
2512
3216
12950670
-69
12
-56
800
2407
3212
12951695
-52
21
-44
751
2300
3287
12944512
51
30
-34
795
2339
3253
12945537
68
40
-26
805
2401
3230
12946562
29
44
-24
775
2387
3282
12947587
33
47
-16
801
2371
3249
12948612
37
55
-10
787
2381
3300
12949637
1
47
-28
781
2341
3310
12950662
14
38
-27
758
2279
3309
12951687
69
34
-23
731
2328
3322
12952712
49
25
-25
750
2340
3315
12953737
-21
6
-35
741
2259
3266
12954762
-8
5
-36
697
2282
3286
12955787
30
-2
-42
674
2298
3265
12956812
37
-5
-45
680
2308
3243
12957837
34
-1
-48
692
2334
3296
12958862
6
2
-46
690
2359
3299
12959887
-2
-2
-32
683
2310
3277
12952705
11
7
-25
668
2349
3286
12953730
4
14
-28
666
2355
3305
12954755
5
6
-26
674
2316
3295
12955780
60
10
-11
685
2381
3278
12956805
49
16
-10
666
2381
3298
12957830
11
9
-12
653
2337
3307
12958855
31
0
3
662
2409
3244
12959880
11
-9
13
665
2380
3189
12960905
4
-10
12
670
2346
3209
12961930
28
-6
-4
666
2302
3328
12962955
44
-13
-10
673
2275
3335
12963980
36
-16
2
689
2459
3246
12965005
-35
-29
-1
716
2371
3262
12966030
-44
-31
-11
749
2329
3264
12967055
8
-25
7
756
2375
3131
12968080
25
-13
6
729
2377
3136
12960896
31
1
9
682
2399
3237
12961921
3
1
22
703
2399
3224
12962946
-39
7
16
694
2328
3221
12963971
-67
6
-3
667
2224
3271
12964996
-28
3
-13
662
2299
3295
12966021
2
-2
-15
655
2392
3306
12967046
-28
-13
-25
675
2385
3329
12968071
-52
-21
-12
699
2366
3287
12969096
-41
-16
10
696
2387
3234
12970121
-41
-4
25
696
2388
3228
12971146
-29
8
31
686
2370
3253
12972171
1
16
40
694
2365
3270
12973196
27
16
37
672
2343
3346
12974221
23
10
33
704
2351
3346
12975246
-19
4
29
724
2319
3312
12976271
-6
4
20
701
2313
3312
12969088
7
10
17
705
2376
3269
12970113
-7
0
17
722
2340
3257
12971138
10
0
22
721
2352
3273
12972163
15
-5
24
719
2298
3285
12973188
19
-6
21
713
2322
3274
12974213
6
-14
26
700
2343
3238
12975238
-20
-18
20
706
2344
3267
12976263
-48
-25
12
717
2282
3314
12977288
-22
-34
13
745
2302
3289
12978313
5
-41
14
753
2332
3294
12979338
18
-47
5
768
2354
3286
12980363
4
-40
2
748
2399
3241
12981388
-39
-41
-2
722
2334
3220
12982413
-13
-34
-4
703
2343
3251
12983438
16
-25
-3
713
2370
3257
12984463
17
-23
2
702
2378
3282
12977280
-5
-27
6
695
2379
3286
12978305
-13
-29
11
707
2344
3249
12979330
-7
-19
14
718
2350
3241
12980355
-17
-7
13
717
2364
3257
12981380
-16
-5
10
719
2337
3283
12982405
21
-2
11
731
2331
3311
12983430
10
4
17
742
2368
3261
12984455
-25
5
22
741
2341
3258
12985480
-8
7
18
728
2292
3290
12986505
27
14
14
750
2335
3296
12987530
8
14
17
751
2356
3296
12988555
-11
4
19
740
2324
3307
12989580
-4
-5
23
741
2323
3286
12990605
2
-12
20
747
2303
3259
12991630
14
-11
12
754
2305
3281
12992655
17
-7
5
766
2365
3293
12985472
-3
-13
11
756
2371
3255
12986497
-22
-13
9
746
2329
3252
12987522
2
-11
8
732
2328
3285
12988547
20
-10
10
753
2373
3273
12989572
2
-11
12
752
2362
3228
12990597
-5
-4
7
735
2324
3262
12991622
2
2
1
750
2346
3297
12992647
-10
-6
3
762
2333
3277
12993672
2
-9
3
755
2333
3263
12994697
11
-5
0
748
2359
3279
12995722
-1
-7
-1
755
2312
3259
12996747
5
-1
0
754
2359
3251
12997772
6
5
2
764
2376
3269
12998797
-2
17
-1
790
2331
3264
12999822
-12
56
-19
786
2379
3272
13000847
-86
145
-77
805
2550
3365
12993665
-244
253
-138
845
2321
3324
12994690
-406
371
-171
967
2223
3147
12995715
-409
497
-101
873
2544
3083
12996740
-728
557
-100
270
2701
2050
12997765
-857
109
-305
-153
607
3966
12998790
850
-249
-605
-183
327
7606
12999815
-466
217
-341
677
5007
4231
13000840
-2307
-200
164
1518
4290
214
13001865
-1285
-111
-247
207
210
1871
13002890
254
10
-214
507
18
3263
13003915
1409
75
165
651
3592
3663
13004940
901
-23
312
62
3114
4456
13005965
-209
-260
296
262
1482
3836
13006990
194
-428
150
730
935
3715
13008015
1100
-464
243
283
914
3686
13009040
619
-458
16
1194
3612
3371
13001855
105
-396
251
1563
3628
2996
13002880
-48
-323
279
697
1716
2697
13003905
790
-183
182
672
1856
3205
13004930
1093
-20
136
778
2688
3537
13005955
343
-27
71
750
2440
3470
13006980
-219
-45
29
691
2339
3247
13008005
-254
-57
52
711
2374
3138
13009030
-144
-51
22
759
2123
3021
13010055
42
9
-24
772
2101
3070
13011080
140
51
-51
756
2343
3299
13012105
70
31
-28
810
2530
3342
13013130
-38
-6
15
803
2483
3266
13014155
-74
-3
39
816
2435
3134
13015180
-17
23
46
792
2343
3217
13016205
77
41
29
786
2339
3327
13017230
91
34
29
826
2351
3361
13010048
11
34
26
845
2355
3290
13011073
-73
31
12
840
2274
3194
13012098
-22
41
16
792
2408
3198
13013123
21
29
19
766
2397
3332
13014148
25
13
-5
771
2291
3378
13015173
20
7
-1
776
2397
3286
13016198
-46
-5
3
770
2406
3168
13017223
-87
-4
-2
783
2305
3152
13018248
-25
1
-3
769
2318
3215
13019273
41
1
4
785
2342
3273
13020298
23
-4
10
794
2367
3185
13021323
-26
-3
14
756
2332
3210
13022348
-44
2
9
759
2342
3242
13023373
-51
-2
21
786
2346
3220
13024398
-35
2
28
752
2328
3227
13025423
-26
4
23
794
2316
3203
13018240
-8
16
32
783
2357
3240
13019265
-18
23
17
769
2307
3358
13020290
-34
19
7
807
2351
3375
13021315
-25
2
21
814
2335
3328
13022340
-5
2
21
814
2356
3291
13023365
-18
1
24
802
2346
3298
13024390
-29
-5
20
794
2336
3289
13025415
-18
-8
19
796
2285
3256
13026440
17
-1
14
795
2283
3264
13027465
27
3
13
789
2349
3273
13028490
-15
1
17
800
2378
3204
13029515
-52
4
12
784
2298
3228
13030540
-9
12
0
780
2274
3288
13031565
23
15
-3
786
2320
3307
13032590
-11
8
6
785
2364
3250
13033615
-43
8
10
788
2318
3209
13026432
-18
13
5
792
2260
3287
13027457
26
14
5
796
2338
3347
13028482
-2
-2
3
803
2307
3296
13029507
-15
-8
-1
792
2311
3251
13030532
-10
-7
0
780
2344
3273
13031557
-19
-7
-6
779
2314
3300
13032582
-1
-12
-6
786
2278
3312
13033607
13
-12
-6
799
2349
3315
13034632
-17
-20
-3
786
2334
3270
13035657
-15
-15
-1
785
2338
3268
13036682
-24
-10
-5
762
2341
3288
13037707
-16
-12
-1
783
2341
3258
13038732
8
-7
3
767
2293
3291
13039757
32
-6
4
782
2343
3297
13040782
20
-6
16
765
2375
3309
13041807
-19
-9
14
781
2316
3254
13034624
-5
-4
16
776
2288
3249
13035649
35
-3
15
737
2295
3321
13036674
20
-8
12
783
2334
3302
13037699
-4
-13
18
784
2293
3266
13038724
14
-7
21
793
2342
3275
13039749
6
-9
22
802
2331
3247
13040774
8
-6
23
782
2306
3268
13041799
17
-1
21
806
2328
3253
13042824
10
2
22
816
2320
3225
13043849
8
11
21
775
2345
3257
13044874
-6
9
18
767
2313
3262
13045899
-3
4
18
804
2273
3223
13046924
11
14
16
820
2290
3229
13047949
11
17
5
794
2325
3316
13048974
18
10
4
783
2360
3360
13049999
-2
-4
5
798
2328
3294
13042816
-10
-9
7
814
2345
3275
13043841
-8
-13
4
810
2301
3274
13044866
17
-9
8
793
2345
3284
13045891
11
-9
7
779
2336
3281
13046916
0
-10
4
799
2309
3255
13047941
18
-5
9
815
2322
3269
13048966
18
-1
14
810
2347
3253
13049991
0
0
14
778
2354
3256
13051016
-4
-4
9
777
2290
3264
13052041
27
0
7
811
2304
3259
13053066
19
0
9
822
2346
3244
13054091
-13
-6
10
821
2318
3225
13055116
0
-2
7
802
2308
3240
13056141
11
2
2
810
2334
3252
13057166
19
-1
5
821
2343
3268
13058191
19
-8
6
821
2315
3264
13051008
9
-9
2
799
2338
3270
13052033
-5
-12
0
776
2340
3261
13053058
-14
-10
-2
793
2333
3251
13054083
-22
-5
-5
807
2338
3239
13055108
-6
-3
-3
804
2338
3243
13056133
21
-2
-1
785
2326
3253
13057158
17
-1
1
772
2383
3276
13058183
-23
-9
4
795
2360
3253
13059208
-24
-9
8
810
2319
3222
13060233
9
-3
12
795
2325
3217
13061258
25
2
12
781
2336
3226
13062283
20
7
8
800
2328
3287
13063308
10
9
-1
814
2328
3291
13064333
-1
10
-1
788
2366
3293
13065358
-16
3
-3
792
2343
3280
13066383
-1
-3
-4
794
2346
3285
13059200
15
-5
-3
811
2334
3288
13060225
20
-2
1
809
2373
3282
13061250
7
-4
7
803
2370
3281
13062275
1
7
-7
821
2323
3267
13063300
-41
65
-35
802
2509
3207
13064325
-260
174
-71
791
2613
3267
13065350
-392
298
-160
763
2155
3497
13066375
-156
398
-263
1039
2103
3782
13067400
-99
463
-205
1227
2591
3376
13068425
-1171
670
-76
361
2830
1673
13069450
-1866
285
-185
-245
1251
2446
13070475
778
-271
-377
-105
-384
5931
13071500
1200
181
-427
355
3476
6509
13072525
-1412
7
162
1385
5152
2307
13073550
-1489
-109
246
674
2524
1069
13074575
-268
43
-210
402
66
2526
13067392
201
75
-190
831
732
3225
13068417
1076
85
164
272
2854
3758
13069442
1168
6
171
140
2476
4064
13070467
500
-201
91
490
2090
3873
13071492
51
-403
34
547
1844
3832
13072517
296
-534
11
294
803
3465
13073542
267
-513
-166
1109
2940
3096
13074567
464
-519
155
1329
2975
3389
13075592
553
-375
168
854
2413
2962
13076617
663
-249
186
872
2848
3155
13077642
491
-228
148
740
2510
3380
13078667
313
-200
167
777
2544
3204
13079692
17
-119
149
734
2507
2928
13080717
-113
-61
68
705
2174
3020
13081742
86
-27
33
740
2215
3203
13082767
196
-2
8
833
2244
3059
13075584
206
25
-43
848
2299
3222
13076609
151
23
-38
828
2518
3357
13077634
26
-8
-14
850
2501
3202
13078659
-42
0
-5
802
2495
3134
13079684
-9
9
12
803
2520
3078
13080709
23
27
25
833
2508
3086
13081734
33
43
29
818
2448
3117
13082759
24
55
36
827
2490
3140
13083784
-8
57
33
802
2460
3180
13084809
-26
52
17
817
2405
3205
13085834
-13
50
10
830
2430
3157
13086859
7
40
7
851
2401
3179
13087884
20
45
-3
813
2466
3187
13088909
-26
29
0
807
2456
3112
13089934
-3
24
7
778
2436
3158
13090959
13
23
10
789
2487
3187
13083776
-50
1
18
834
2401
3134
13084801
-33
7
28
827
2395
3136
13085826
2
17
24
808
2427
3168
13086851
-7
14
13
792
2426
3182
13087876
-19
1
1
782
2395
3198
13088901
-1
1
-6
796
2418
3190
13089926
-10
-2
-8
805
2415
3171
13090951
-25
-5
-7
769
2395
3201
13091976
-20
-13
1
753
2409
3185
13093001
-11
-13
8
745
2425
3159
13094026
-29
-15
11
771
2435
3152
13095051
-55
-19
23
799
2436
3149
13096076
-45
-19
29
796
2386
3165
13097101
-14
-13
26
772
2433
3192
13098126
-33
-17
24
803
2447
3144
13099151
-52
-11
20
813
2363
3152
13091967
-11
0
19
790
2388
3190
13092992
12
1
29
760
2479
3230
13094017
-32
-18
28
796
2453
3202
13095042
-41
-25
29
821
2432
3176
13096067
-28
-27
33
817
2412
3177
13097092
-7
-22
30
795
2419
3221
13098117
-30
-20
26
824
2403
3179
13099142
-46
-13
26
856
2388
3145
13100167
-40
-3
20
854
2384
3136
13101192
-30
2
15
832
2392
3175
13102217
-15
5
13
820
2393
3214
13103242
-17
9
12
845
2431
3198
13104267
-38
9
19
878
2411
3210
13105292
-32
12
25
866
2360
3193
13106317
-6
17
27
825
2356
3225
13107342
2
8
28
761
2369
3251
13100198
-16
-14
31
773
2351
3219
13101223
-43
-25
25
815
2321
3181
13102248
-63
-24
18
823
2304
3168
13103273
-55
-19
17
835
2330
3149
13104298
-38
-4
16
819
2379
3207
13105323
-46
7
13
803
2391
3243
13106348
-51
9
21
798
2404
3248
13107373
-33
12
29
835
2414
3226
13108398
-20
23
31
839
2398
3248
13109423
-29
24
29
847
2382
3230
13110448
-27
26
28
869
2376
3241
13111473
-23
23
22
874
2333
3250
13112498
-2
16
16
899
2275
3245
13113523
35
11
13
926
2296
3192
13114548
36
4
-1
925
2309
3182
13115573
6
4
-22
899
2333
3270
13108352
-38
-4
-22
853
2350
3268
13109377
-41
-24
-15
842
2351
3267
13110402
-33
-37
-15
832
2376
3251
13111427
-47
-43
-15
822
2372
3226
13112452
-35
-38
-9
793
2389
3262
13113477
-13
-36
-1
780
2413
3282
13114502
-11
-34
14
762
2395
3217
13115527
-28
-25
23
753
2385
3166
13116552
-52
-15
27
767
2341
3143
13117577
-36
3
27
796
2313
3149
13118602
-21
30
21
815
2337
3159
13119627
-49
53
12
823
2332
3175
13120652
-58
73
13
779
2320
3171
13121677
-41
83
15
771
2326
3173
13122702
-45
81
16
772
2323
3196
13123727
-65
75
21
791
2344
3231
13116543
-76
66
39
785
2342
3284
13117568
-79
49
55
807
2322
3286
13118593
-70
31
75
787
2318
3269
13119618
-64
15
80
752
2311
3290
13120643
-67
-2
78
769
2283
3277
13121668
-71
-13
82
815
2300
3290
13122693
-102
-20
84
851
2268
3287
13123718
-122
-20
83
874
2225
3253
13124743
-111
-9
74
856
2197
3257
13125768
-99
-1
61
851
2215
3225
13126793
-101
5
54
836
2180
3285
13127818
-107
5
49
830
2151
3336
13128843
-110
-1
55
850
2161
3315
13129868
-140
-3
50
845
2181
3320
13130893
-157
-7
27
861
2166
3364
13131918
-125
-7
0
920
2156
3343
13124737
-69
13
-23
962
2227
3324
13125762
-48
46
-49
976
2269
3346
13126787
-32
74
-63
996
2277
3338
13127812
33
106
-59
985
2327
3349
13128837
58
140
-59
953
2426
3413
13129862
-4
156
-64
924
2412
3491
13130887
-33
152
-50
872
2265
3526
13131912
29
144
-31
769
2221
3547
13132937
60
120
-25
671
2219
3540
13133962
10
77
-34
651
2161
3493
13134987
-43
39
-50
713
2068
3453
13136012
-41
28
-56
762
2029
3406
13137037
-37
29
-61
760
2076
3358
13138062
-70
25
-68
752
2101
3269
13139087
-96
31
-64
722
2103
3226
13140112
-85
44
-53
695
2107
3303
13132928
-57
57
-34
692
2163
3361
13133953
-61
53
-7
690
2212
3333
13134978
-99
44
7
679
2214
3326
13136003
-113
34
16
680
2160
3327
13137028
-87
42
28
712
2203
3371
13138053
-74
51
39
711
2156
3443
13139078
-46
70
44
723
2213
3438
13140103
-68
81
45
727
2199
3399
13141128
-77
96
37
721
2201
3400
13142153
-77
115
22
740
2206
3476
13143178
-72
125
8
728
2155
3476
13144203
-26
136
3
679
2227
3511
13145228
-28
136
1
612
2271
3560
13146253
-53
119
7
574
2245
3534
13147278
-38
100
20
584
2227
3496
13148303
-5
86
35
565
2187
3490
13141119
49
75
49
553
2169
3421
13142144
98
68
59
596
2116
3342
13143169
163
73
71
653
2089
3245
13144194
229
105
82
644
2152
3278
13145219
174
124
63
602
2166
3381
13146244
51
121
40
654
2157
3381
13147269
-41
118
33
665
2106
3419
13148294
-65
119
34
629
2092
3472
13149319
-60
105
32
591
2091
3565
13150344
-56
74
32
550
2114
3623
13151369
-54
41
41
526
2148
3615
13152394
-83
9
46
545
2165
3545
13153419
-136
-9
39
591
2149
3448
13154444
-152
-5
27
616
2069
3426
13155469
-81
17
16
626
2056
3457
13156494
-23
34
5
660
2126
3480
13149312
-38
40
-4
663
2121
3499
13150337
-66
46
-10
647
2110
3484
13151362
-83
43
-17
634
2061
3519
13152387
-46
31
-11
619
2026
3573
13153412
4
21
-6
618
2064
3610
13154437
2
1
-16
617
2070
3630
13155462
-26
-20
-25
597
2077
3619
13156487
-41
-31
-27
558
2078
3564
13157512
-28
-36
-27
519
2074
3578
13158537
18
-42
-27
528
2101
3613
13159562
22
-44
-26
535
2136
3555
13160587
-10
-38
-22
544
2104
3462
13161612
-9
-8
-17
522
2122
3442
13162637
-2
8
-23
547
2120
3462
13163662
20
22
-20
570
2112
3467
13164687
40
36
-15
559
2114
3470
13157504
29
44
-13
553
2123
3453
13158529
2
51
-14
526
2107
3488
13159554
-22
39
-16
531
2072
3510
13160579
7
26
-12
551
2028
3519
13161604
58
30
-14
542
2100
3528
13162629
19
18
-20
532
2140
3508
13163654
-33
2
-20
556
2093
3465
13164679
-18
3
-17
566
2088
3441
13165704
23
10
-9
565
2098
3475
13166729
33
13
-2
554
2130
3505
13167754
7
12
7
532
2103
3508
13168779
-6
13
12
503
2103
3477
13169804
0
9
17
501
2119
3416
13170829
6
13
7
491
2084
3499
13171854
28
20
0
508
2099
3557
13172879
24
21
11
549
2154
3523
13165696
-25
12
14
577
2139
3451
13166721
-45
6
4
573
2080
3458
13167746
9
9
-4
545
2069
3537
13168771
62
7
-1
550
2134
3559
13169796
26
-8
7
548
2158
3524
13170821
-37
-29
11
532
2123
3466
13171846
-34
-37
10
493
2086
3491
13172871
12
-30
7
489
2114
3504
13173896
32
-20
13
507
2140
3479
13174921
-6
-15
11
526
2133
3454
13175946
-52
-9
7
532
2103
3396
13176971
-34
13
2
516
2054
3453
13177996
11
31
-13
530
2081
3508
13179021
34
33
-3
547
2137
3482
13180046
1
31
7
533
2146
3455
13181071
-46
23
2
511
2073
3519
13173888
-22
19
1
549
2078
3522
13174913
33
17
9
563
2115
3526
13175938
12
7
3
555
2146
3544
13176963
-27
-19
6
569
2127
3529
13177988
-19
-32
12
548
2086
3487
13179013
5
-29
11
515
2104
3525
13180038
3
-32
9
498
2142
3543
13181063
-5
-44
17
515
2119
3502
13182088
5
-44
26
499
2109
3479
13183113
0
-33
31
471
2119
3458
13184138
-15
-22
27
452
2117
3474
13185163
-2
-13
27
477
2145
3476
13186188
-13
-10
28
510
2133
3463
13187213
-33
-1
36
519
2143
3456
13188238
-64
16
43
521
2135
3395
13189263
-94
37
33
574
2111
3377
13182081
-98
47
18
631
2117
3417
13183106
-71
47
11
640
2055
3470
13184131
-5
53
11
629
2061
3534
13185156
10
48
21
559
2101
3535
13186181
-28
22
26
521
2038
3563
13187206
-30
9
18
519
1988
3621
13188231
-15
-10
13
570
1990
3646
13189256
4
-23
17
553
2025
3621
13190281
-7
-33
15
504
2043
3586
13191306
-31
-55
10
537
2059
3545
13192331
-31
-60
13
540
2033
3562
13193356
-6
-56
18
541
2048
3545
13194381
11
-51
22
550
2064
3506
13195406
-2
-47
15
558
2058
3503
13196431
-14
-44
12
546
2058
3507
13197456
-8
-36
12
537
2057
3512
13190272
5
-25
9
534
2097
3518
13191297
6
-22
5
524
2107
3533
13192322
-5
-20
0
564
2091
3518
13193347
-8
-4
5
553
2108
3498
13194372
-9
4
6
543
2112
3497
13195397
10
8
2
535
2122
3532
13196422
23
6
9
561
2127
3529
13197447
20
3
24
561
2117
3530
13198472
-10
-3
30
585
2078
3493
13199497
-22
-5
33
588
2033
3469
13200522
-10
-2
31
576
2003
3476
13201547
-11
5
21
571
2037
3489
13202572
-27
3
18
589
2032
3495
13203597
-32
3
12
606
2038
3489
13204622
-34
6
9
591
2066
3463
13205647
-29
1
8
563
2038
3492
13198464
-13
2
1
575
2058
3554
13199489
-33
0
5
590
2109
3555
13200514
-81
-10
10
595
2087
3529
13201539
-99
-14
9
612
2026
3532
13202564
-49
-14
17
591
2017
3529
13203589
-5
-9
16
573
2052
3551
13204614
-29
-10
9
575
2052
3532
13205639
-64
-9
8
586
2028
3521
13206664
-66
0
3
585
1999
3522
13207689
-36
10
-2
602
2002
3536
13208714
-5
21
-5
609
2051
3556
13209739
-19
23
-8
587
2062
3572
13210764
-41
13
-8
578
2041
3572
13211789
-29
8
-4
565
2023
3565
13212814
-3
3
-5
567
2022
3588
13213839
7
0
-1
585
2037
3579
13206655
-16
-6
2
578
2024
3572
13207680
-25
-10
5
557
2017
3575
13208705
-23
-13
5
559
2009
3547
13209730
-15
-11
1
557
2003
3557
13210755
-8
-4
-4
549
2006
3574
13211780
6
1
-5
557
2045
3552
13212805
3
6
-1
541
2051
3547
13213830
-20
9
0
551
2039
3540
13214855
-20
15
5
541
2020
3549
13215880
-4
22
8
559
2029
3550
13216905
-1
24
10
575
2013
3561
13217930
4
21
10
579
2020
3564
13218955
11
17
10
568
2017
3561
13219980
4
15
6
570
2011
3553
13221005
-6
12
4
556
2010
3575
13222030
