Device = VHR-0009
time_stamp = 1779957271992
sample_rate = 50
Data format = INT16
TYPE = 6-AXIS IMU RAW DATA
75
115
182
2979
-1066
2399
6602493
139
116
178
3007
-1011
2717
6603518
79
64
73
2992
-1077
2968
6604543
84
-4
99
2895
-927
2810
6605568
53
-23
192
2854
-991
2587
6606593
38
-27
168
3007
-918
2687
6607618
-34
-21
95
3048
-949
2723
6608643
-104
-34
49
2898
-1227
2743
6609668
6
-51
54
2924
-1212
2716
6610693
75
-45
71
2964
-1006
2617
6611718
-11
-18
64
2972
-1008
2484
6612743
-85
26
47
3019
-1043
2431
6613768
-55
55
55
2992
-1155
2473
6614793
43
61
72
2979
-1092
2643
6615818
111
43
82
2964
-1007
2738
6616843
34
30
60
2951
-980
2747
6617868
-35
33
72
2922
-962
2662
6610561
4
53
150
2894
-1087
2606
6611586
62
61
142
2866
-1230
2708
6612611
71
57
94
2882
-1212
2797
6613636
125
42
95
2899
-1115
2776
6614661
125
38
112
2923
-947
2736
6615686
-22
42
92
2916
-984
2669
6616711
-102
58
73
2892
-1088
2628
6617736
-52
66
77
2895
-1186
2688
6618761
-26
68
83
2920
-1166
2679
6619786
-81
65
100
2921
-1078
2632
6620811
-152
66
96
2875
-1263
2698
6621836
-143
73
68
2883
-1375
2755
6622861
23
49
104
2879
-1227
2772
6623886
151
10
117
2850
-1090
2779
6624911
83
9
96
2847
-1033
2732
6625936
11
28
110
2841
-1175
2671
6618753
7
46
99
2869
-1269
2702
6619778
-9
41
69
2874
-1319
2764
6620803
-8
36
60
2863
-1294
2742
6621828
23
27
70
2844
-1228
2732
6622853
2
16
54
2847
-1176
2721
6623878
-28
20
49
2853
-1215
2714
6624903
-11
28
48
2829
-1305
2764
6625928
26
23
32
2822
-1291
2810
6626953
22
12
18
2830
-1231
2779
6627978
-22
9
15
2843
-1228
2694
6629003
-45
23
18
2842
-1285
2675
6630028
-6
21
6
2836
-1324
2783
6631053
38
4
5
2835
-1244
2820
6632078
30
-9
12
2822
-1220
2764
6633103
10
-10
3
2842
-1199
2737
6634128
4
-10
0
2839
-1172
2774
6626944
0
-11
5
2827
-1198
2779
6627969
-4
-12
13
2828
-1261
2743
6628994
23
-7
19
2842
-1255
2697
6630019
34
-5
11
2852
-1185
2751
6631044
20
-20
9
2840
-1207
2799
6632069
12
-33
19
2827
-1230
2775
6633094
-3
-31
18
2845
-1224
2720
6634119
1
-25
11
2851
-1218
2692
6635144
12
-22
8
2853
-1211
2714
6636169
7
-17
15
2846
-1213
2720
6637194
-5
-13
20
2842
-1231
2725
6638219
4
-6
18
2835
-1221
2725
6639244
14
-8
14
2844
-1238
2753
6640269
14
-12
4
2868
-1253
2736
6641294
19
-7
5
2852
-1205
2695
6642319
22
-5
10
2833
-1211
2709
6635136
17
-7
5
2849
-1266
2754
6636161
25
-10
-3
2859
-1225
2751
6637186
6
-10
-3
2844
-1179
2709
6638211
-25
-10
-5
2841
-1222
2705
6639236
-11
-4
3
2836
-1264
2732
6640261
17
-4
3
2841
-1250
2744
6641286
14
-5
-6
2866
-1167
2741
6642311
-9
-7
-8
2860
-1182
2732
6643336
-13
-9
-3
2836
-1233
2743
6644361
1
-12
0
2835
-1229
2746
6645386
13
-16
2
2848
-1222
2744
6646411
19
-17
3
2855
-1183
2754
6647436
10
-25
2
2843
-1199
2769
6648461
13
-31
5
2835
-1248
2765
6649486
29
-34
6
2836
-1216
2741
6650511
25
-38
8
2848
-1211
2733
6643329
12
-39
1
2853
-1247
2741
6644354
20
-37
-1
2855
-1228
2729
6645379
27
-42
-2
2842
-1232
2745
6646404
21
-49
-13
2865
-1232
2748
6647429
9
-48
-17
2889
-1189
2693
6648454
-10
-44
-19
2879
-1170
2653
6649479
-11
-39
-17
2868
-1196
2682
6650504
4
-37
-13
2867
-1217
2726
6651529
27
-35
-6
2857
-1188
2724
6652554
28
-35
-2
2876
-1148
2703
6653579
9
-31
4
2875
-1150
2699
6654604
7
-31
9
2875
-1181
2700
6655629
15
-32
8
2883
-1203
2695
6656654
21
-31
6
2896
-1203
2691
6657679
14
-33
3
2885
-1161
2676
6658704
-12
-32
4
2882
-1159
2662
6651520
-22
-21
13
2865
-1219
2645
6652545
2
-12
18
2879
-1223
2663
6653570
17
-11
12
2899
-1234
2713
6654595
21
-10
12
2898
-1186
2671
6655620
15
1
14
2893
-1157
2638
6656645
-1
0
1
2895
-1149
2715
6657670
-15
-14
-1
2897
-1186
2758
6658695
-12
-17
1
2882
-1200
2697
6659720
-1
-11
1
2881
-1192
2656
6660745
15
-10
-2
2890
-1188
2685
6661770
16
-9
9
2883
-1160
2676
6662795
3
-5
20
2878
-1174
2650
6663820
9
-5
19
2896
-1166
2711
6664845
10
-10
15
2877
-1202
2750
6665870
11
-11
20
2865
-1208
2719
6666895
12
-9
14
2884
-1212
2686
6659712
12
-9
6
2887
-1192
2685
6660737
0
-11
4
2881
-1187
2692
6661762
-6
-9
1
2885
-1217
2686
6662787
-2
-5
-4
2895
-1187
2664
6663812
-12
-4
-4
2895
-1178
2645
6664837
-8
-1
0
2899
-1225
2643
6665862
-9
30
-10
2955
-1103
2586
6666887
-37
81
18
3093
-1456
2426
6667912
-54
290
59
3080
-1215
1458
6668937
-564
951
-110
2765
126
185
6669962
-1377
1408
-167
3797
-40
566
6670987
-999
1262
-288
3520
-2964
5543
6672012
-3344
-79
-667
-582
-700
12417
6673037
-5393
-645
-574
3574
-1697
-2236
6674062
-1040
-469
-604
2609
-7394
819
6675087
2534
180
-152
1514
-2102
2544
6667904
3767
-281
109
3015
813
3583
6668929
1872
-646
156
2897
-114
2875
6669954
622
-534
67
2497
-956
2591
6670979
559
-426
153
3383
-508
2427
6672004
542
-426
297
3470
-1371
1844
6673029
262
-256
148
2787
-1095
2358
6674054
131
-134
26
3207
-1245
2547
6675079
566
-96
-11
3024
-1909
2366
6676104
1152
-41
13
2732
-856
2570
6677129
799
-12
19
3053
-415
2843
6678154
87
47
41
2997
-735
2621
6679179
-288
161
16
2813
-902
2497
6680204
-395
249
-31
2877
-1414
2677
6681229
-211
212
-29
2844
-1437
2962
6682254
-164
104
-41
2773
-1318
3023
6683279
-132
18
-60
2855
-1300
2908
6676096
-10
-18
-28
2865
-1108
2721
6677121
24
-22
-2
2834
-1051
2634
6678146
31
-10
-5
2885
-1095
2648
6679171
83
19
9
2906
-1026
2693
6680196
117
21
55
2821
-1006
2717
6681221
69
11
58
2881
-1111
2716
6682246
5
18
51
2958
-1226
2670
6683271
33
35
41
2885
-1206
2661
6684296
47
42
27
2854
-1108
2718
6685321
18
45
26
2872
-1189
2666
6686346
27
48
33
2895
-1147
2655
6687371
4
39
7
2891
-1154
2781
6688396
8
26
3
2836
-1167
2850
6689421
27
-1
20
2791
-1250
2837
6690446
45
-14
12
2869
-1150
2723
6691471
33
-1
25
2879
-1055
2647
6684287
-1
20
44
2856
-1076
2636
6685312
21
33
52
2861
-1201
2729
6686337
100
29
52
2844
-1238
2848
6687362
143
10
49
2829
-1121
2833
6688387
100
10
48
2855
-1060
2734
6689412
4
29
35
2849
-1051
2732
6690437
-84
39
29
2817
-1146
2783
6691462
-94
43
36
2819
-1291
2770
6692487
-2
43
41
2835
-1288
2803
6693512
43
32
25
2821
-1178
2802
6694537
-5
20
8
2838
-1100
2764
6695562
-69
29
14
2829
-1102
2732
6696587
-95
44
21
2873
-1134
2710
6697612
-94
50
27
2878
-1208
2702
6698637
-44
43
30
2850
-1200
2755
6699662
-14
28
37
2822
-1140
2822
6692480
-58
12
40
2802
-1159
2845
6693505
-134
16
24
2818
-1163
2787
6694530
-203
28
14
2805
-1152
2802
6695555
-247
37
13
2760
-1189
2803
6696580
-214
48
32
2760
-1287
2748
6697605
-115
48
51
2813
-1276
2765
6698630
-50
40
63
2809
-1206
2792
6699655
-9
24
88
2781
-1215
2783
6700680
45
20
94
2764
-1317
2806
6701705
93
16
92
2760
-1294
2857
6702730
69
3
82
2797
-1275
2819
6703755
38
1
88
2820
-1240
2713
6704780
9
9
93
2801
-1298
2697
6705805
19
13
75
2802
-1378
2791
6706830
54
8
68
2802
-1324
2798
6707855
40
12
64
2795
-1282
2704
6700672
9
24
50
2781
-1261
2752
6701697
-33
29
37
2760
-1379
2805
6702722
-10
29
27
2763
-1362
2809
6703747
-10
32
10
2758
-1288
2798
6704772
-38
42
2
2747
-1281
2766
6705797
-43
61
3
2766
-1273
2749
6706822
-48
67
4
2775
-1272
2778
6707847
-70
72
1
2781
-1293
2758
6708872
-75
122
-20
2809
-1208
2754
6709897
-111
217
-49
2942
-1609
2724
6710922
-63
522
-37
3127
-1540
1855
6711947
-430
1002
-162
2855
-68
611
6712972
-1028
1335
-184
3159
-9
1248
6713997
-1474
886
-159
2027
-2706
8268
6715022
-4118
-210
-465
-253
-535
9481
6716047
-3471
-695
-131
4027
-3050
-3387
6708865
44
-299
-526
2146
-5871
609
6709890
3200
10
107
1813
-2343
2736
6710915
3863
-381
429
3466
1161
3454
6711940
1616
-393
293
2612
379
3249
6712965
-141
-264
115
2572
-972
3036
6713990
-644
-253
155
3262
-1791
2592
6715015
-339
-227
41
2756
-2137
2892
6716040
178
-272
-6
2654
-1494
2597
6717065
631
-209
-136
2762
-2255
2308
6718090
1406
-56
-157
2653
-1052
2746
6719115
875
41
-53
2771
2
3162
6720140
-356
104
-50
2783
-830
2748
6721165
-638
149
-23
2587
-1486
2668
6722190
-311
117
-40
2632
-1780
2981
6723215
182
50
-17
2709
-1379
3220
6724240
337
-14
22
2610
-1128
3081
6717057
221
-20
38
2628
-1129
2816
6718082
101
8
42
2724
-1138
2815
6719107
26
-1
59
2713
-1140
2942
6720132
-35
-48
77
2654
-1278
2985
6721157
-26
-75
82
2673
-1382
2954
6722182
42
-74
78
2691
-1335
2779
6723207
116
-53
88
2703
-1246
2725
6724232
122
-16
73
2738
-1276
2886
6725257
71
-6
46
2750
-1310
2917
6726282
3
-5
36
2725
-1265
2845
6727307
-44
-13
50
2684
-1305
2784
6728332
-50
-40
41
2714
-1366
2753
6729357
7
-21
49
2697
-1382
2809
6730382
57
3
32
2690
-1363
2907
6731407
91
3
20
2724
-1238
2923
6732432
68
-6
28
2699
-1194
2913
6725247
18
-18
22
2673
-1273
2888
6726272
60
-23
31
2675
-1311
2849
6727297
180
-23
54
2683
-1368
2914
6728322
269
-30
65
2671
-1281
2940
6729347
226
-34
68
2664
-1175
2917
6730372
148
-46
74
2656
-1233
2960
6731397
115
-52
86
2655
-1278
2965
6732422
77
-53
84
2674
-1261
2895
6733447
26
-48
76
2689
-1239
2873
6734472
-17
-56
70
2692
-1275
2873
6735497
11
-67
78
2735
-1310
2848
6736522
64
-61
87
2730
-1285
2804
6737547
73
-45
85
2704
-1271
2841
6738572
42
-45
72
2720
-1279
2884
6739597
26
-48
73
2724
-1310
2856
6740622
44
-38
67
2721
-1303
2890
6733440
70
-54
54
2732
-1243
2999
6734465
60
-89
58
2737
-1195
2916
6735490
56
-97
69
2742
-1225
2794
6736515
62
-87
70
2774
-1328
2813
6737540
62
-80
43
2726
-1389
2832
6738565
72
-82
21
2683
-1352
2832
6739590
57
-79
29
2670
-1302
2789
6740615
9
-57
33
2738
-1312
2744
6741640
-5
-37
16
2759
-1343
2845
6742665
34
-43
0
2765
-1280
2878
6743690
72
-46
-4
2751
-1180
2877
6744715
73
-62
-1
2749
-1091
2959
6745740
21
-87
21
2773
-1109
2881
6746765
16
-91
51
2819
-1172
2667
6747790
35
-62
63
2783
-1153
2699
6748815
4
-40
80
2735
-1177
2805
6741650
3
-35
104
2752
-1352
2755
6742675
98
-24
104
2807
-1329
2739
6743700
106
-6
101
2790
-1191
2711
6744725
-37
38
129
2757
-1079
2546
6745750
-198
90
175
2798
-1259
2515
6746775
-201
141
186
2785
-1429
2634
6747800
-110
175
182
2658
-1365
2846
6748825
-81
173
172
2563
-1537
2904
6749850
-8
175
137
2629
-1665
2894
6750875
70
185
75
2661
-1589
2978
6751900
79
165
10
2614
-1522
3010
6752925
95
129
-28
2620
-1535
2981
6753950
104
107
-54
2625
-1524
2954
6754975
88
88
-94
2611
-1474
3023
6756000
53
47
-131
2616
-1396
3132
6757025
33
-3
-129
2591
-1309
3065
6749823
63
-32
-103
2566
-1237
2966
6750848
80
-38
-79
2594
-1203
2962
6751873
6
-34
-87
2621
-1318
2998
6752898
26
-36
-79
2628
-1317
2915
6753923
118
-33
-41
2648
-1145
2850
6754948
119
-32
-19
2663
-1132
2955
6755973
54
-40
-11
2659
-1228
2996
6756998
74
-60
-1
2664
-1266
3002
6758023
107
-80
12
2684
-1208
2928
6759048
72
-86
11
2718
-1215
2851
6760073
37
-72
5
2706
-1288
2825
6761098
57
-62
-5
2706
-1283
2866
6762123
72
-64
-11
2732
-1258
2888
6763148
67
-64
-16
2736
-1240
2849
6764173
36
-52
-25
2730
-1178
2810
6765198
7
-38
-27
2733
-1198
2803
6758016
33
-30
-25
2761
-1210
2896
6759041
57
73
-52
2944
-1205
2922
6760066
45
403
-38
3079
-929
1819
6761091
-297
980
-103
2994
972
472
6762116
-941
1425
-142
3500
-282
354
6763141
-2981
670
-659
864
-3536
11134
6764166
-6140
-148
-803
1105
-229
5627
6765191
-2167
-924
-230
3262
-6365
-1522
6766216
1079
-434
-464
1920
-4505
1992
6767241
3623
-211
116
2623
-760
2276
6768266
3251
-445
59
2931
-73
3914
6769291
1791
-907
292
1992
-375
3590
6770316
708
-894
105
2689
-595
2483
6771341
649
-643
139
3566
-738
2234
6772366
441
-586
258
2825
-1171
2784
6773391
69
-649
198
3004
18
2765
6766209
-130
-558
188
3185
-1973
1733
6767234
987
-263
66
2564
-2035
2061
6768259
1450
-55
234
3053
14
2699
6769284
394
-32
201
3137
-785
2461
6770309
-1
23
209
2801
-921
2499
6771334
-194
31
151
2837
-1601
3143
6772359
26
-77
96
2858
-1778
3184
6773384
346
-198
83
2714
-1310
2816
6774409
240
-190
15
2872
-1105
2594
6775434
-21
-113
-26
2931
-1152
2677
6776459
-148
-87
-41
2824
-1311
2654
6777484
-11
-103
-47
2877
-1265
2657
6778509
64
-107
-50
2957
-1195
2616
6779534
50
-107
-66
2915
-1150
2648
6780559
80
-126
-51
2948
-1038
2690
6781584
105
-140
-33
2964
-1042
2727
6774399
169
-176
-20
2959
-971
2700
6775424
238
-199
13
3014
-910
2514
6776449
131
-140
19
3030
-979
2356
6777474
-35
-65
-30
3029
-1194
2452
6778499
63
-36
-14
3001
-1092
2606
6779524
116
-34
14
2982
-1031
2591
6780549
43
-27
3
2977
-992
2564
6781574
-30
-19
0
2971
-1083
2599
6782599
33
-26
-2
2930
-1162
2729
6783624
135
-53
8
2947
-1067
2770
6784649
70
-68
0
2928
-1042
2675
6785674
-27
-65
-17
2970
-1168
2596
6786699
2
-42
-33
2987
-1159
2547
6787724
20
-30
-46
2967
-1068
2528
6788749
10
-26
-54
2993
-1073
2565
6789774
33
-7
-60
3033
-1055
2516
6782593
81
12
-56
3026
-1011
2493
6783618
91
24
-41
3034
-925
2532
6784643
29
26
-25
2996
-990
2645
6785668
-9
27
-26
2989
-1030
2691
6786693
-21
32
-23
3003
-1014
2644
6787718
3
29
-18
2993
-952
2598
6788743
26
28
-3
2984
-926
2560
6789768
-1
46
5
2997
-948
2585
6790793
-47
54
3
2978
-1021
2709
6791818
-47
41
2
2980
-1024
2706
6792843
-20
29
15
2988
-986
2599
6793868
-52
38
8
3000
-950
2579
6794893
-128
49
-8
2972
-963
2637
6795918
-169
45
-8
2985
-966
2612
6796943
-239
58
-4
3030
-910
2571
6797968
-398
88
-14
2976
-1011
2599
6790784
-424
70
-13
2946
-1128
2646
6791809
-330
55
6
2927
-1228
2660
6792834
-192
58
12
2929
-1239
2616
6793859
-110
77
15
2917
-1146
2575
6794884
-64
93
19
2912
-1146
2674
6795909
-29
77
15
2929
-1149
2742
6796934
-15
49
14
2938
-1152
2697
6797959
-19
39
13
2923
-1115
2634
6798984
-38
36
10
2930
-1164
2643
6800009
-30
34
5
2932
-1183
2640
6801034
0
40
8
2931
-1118
2587
6802059
-19
64
3
2937
-1100
2583
6803084
-48
82
-5
2940
-1131
2634
6804109
-26
74
-4
2924
-1190
2710
6805134
21
61
-2
2929
-1145
2691
6806159
17
60
-5
2926
-1083
2634
6798976
-35
72
-12
2903
-1074
2662
6800001
-79
77
-8
2892
-1165
2704
6801026
-49
71
-2
2895
-1206
2765
6802051
7
52
-4
2888
-1143
2762
6803076
-15
38
-20
2888
-1121
2738
6804101
-57
43
-28
2877
-1130
2680
6805126
-62
55
-17
2880
-1168
2600
6806151
-18
68
-2
2888
-1134
2658
6807176
-23
71
-6
2879
-1145
2769
6808201
-45
59
-15
2876
-1158
2753
6809226
-48
64
-19
2888
-1165
2637
6810251
-15
86
-24
2888
-1145
2647
6811276
-13
95
-30
2887
-1098
2717
6812301
-34
92
-27
2868
-1129
2789
6813326
-48
85
-27
2843
-1169
2811
6814351
-46
73
-30
2852
-1156
2719
6807168
-7
75
-17
2858
-1090
2687
6808193
3
85
-7
2839
-1077
2758
6809218
-34
92
-8
2845
-1132
2798
6810243
-48
99
-9
2853
-1139
2744
6811268
-9
96
0
2846
-1118
2727
6812293
-4
105
3
2847
-1153
2715
6813318
28
144
5
2902
-1339
2566
6814343
140
330
12
3161
-1422
1834
6815368
-146
913
-93
3160
-1081
530
6816393
-731
1541
-309
3156
882
782
6817418
-775
1312
-206
3379
390
3438
6818443
-547
364
-328
253
-4367
10927
6819468
-2698
274
-304
1074
-628
4244
6820493
237
-532
277
4268
-2589
-1284
6821518
532
17
-186
1672
-2279
3187
6822543
695
188
-123
2324
-1123
3927
6815441
1409
-614
77
2872
-2385
5303
6816466
1622
-1212
482
1745
-674
3598
6817491
1233
-1129
224
2645
-193
2463
6818516
615
-979
230
3763
-493
2018
6819541
100
-804
224
2663
-1173
2117
6820566
143
-634
80
2794
-288
2371
6821591
292
-443
56
3279
-1577
2161
6822616
848
-160
115
2776
-534
2196
6823641
345
38
155
2987
-16
2606
6824666
-312
31
177
3163
-911
2789
6825691
-390
-15
237
2710
-1288
2705
6826716
-195
-65
139
2742
-1747
3037
6827741
382
-176
107
2966
-1411
3081
6828766
446
-186
91
2852
-887
2456
6829791
43
-70
20
2899
-955
2437
6830816
-178
13
-8
3061
-1232
2690
6823555
-156
3
-18
2876
-1227
2749
6824580
-97
-40
-46
2817
-1208
2711
6825605
43
-73
-66
2944
-1113
2730
6826630
75
-44
-55
2936
-1052
2577
6827655
14
8
-84
2913
-1007
2492
6828680
-17
64
-86
2991
-934
2569
6829705
-47
95
-81
2920
-981
2738
6830730
-25
78
-60
2901
-866
2800
6831755
-32
53
-33
2900
-929
2744
6832780
-28
43
-33
2969
-927
2736
6833805
-35
44
-21
2932
-991
2761
6834830
15
29
-15
2817
-1051
2875
6835855
47
-3
-22
2857
-1051
2929
6836880
43
-43
-29
2902
-1013
2877
6837905
-6
-56
-26
2875
-931
2750
6838930
-131
-26
-41
2874
-982
2712
6831744
-189
-16
-65
2908
-1152
2833
6832769
-133
-41
-72
2860
-1110
2796
6833794
-46
-65
-69
2889
-992
2673
6834819
34
-73
-51
2944
-948
2741
6835844
58
-77
-20
2952
-822
2728
6836869
47
-87
19
2950
-834
2638
6837894
80
-82
65
2978
-811
2549
6838919
43
-50
97
3010
-804
2470
6839944
-2
-10
119
2990
-946
2502
6840969
57
32
138
2970
-910
2719
6841994
24
43
154
2952
-879
2777
6843019
-45
25
180
2894
-1000
2776
6844044
-79
23
174
2895
-1056
2767
6845069
-40
8
171
2898
-1090
2752
6846094
79
-40
209
2866
-956
2839
6847119
22
-69
203
2833
-1158
2875
6839936
-22
-78
178
2873
-1308
2729
6840961
6
-67
152
2883
-1279
2604
6841986
41
-45
121
2900
-1218
2576
6843011
28
-18
91
2892
-1195
2618
6844036
-18
-7
63
2899
-1288
2638
6845061
55
-11
60
2908
-1136
2679
6846086
13
-9
37
2923
-1090
2681
6847111
-70
7
9
2918
-1133
2671
6848136
-61
9
2
2915
-1199
2672
6849161
6
1
1
2928
-1126
2645
6850186
42
1
14
2951
-1062
2601
6851211
18
18
13
2924
-1088
2645
6852236
-45
27
8
2929
-1112
2644
6853261
-61
35
10
2915
-1177
2610
6854286
-9
44
10
2899
-1104
2699
6855311
-27
47
-1
2896
-1109
2718
6848128
-26
53
7
2878
-1127
2710
6849153
-13
50
11
2862
-1130
2739
6850178
-12
30
14
2880
-1172
2780
6851203
1
16
10
2878
-1213
2794
6852228
-3
9
1
2869
-1161
2740
6853253
-9
9
7
2867
-1082
2694
6854278
-34
10
21
2879
-1112
2670
6855303
-42
20
30
2874
-1153
2726
6856328
-40
26
23
2883
-1125
2708
6857353
-58
37
26
2916
-1102
2642
6858378
-65
44
26
2895
-1178
2687
6859403
-55
37
25
2891
-1161
2750
6860428
-69
22
24
2871
-1216
2768
6861453
-45
4
20
2856
-1181
2741
6862478
-36
-3
15
2856
-1237
2738
6863503
-11
1
0
2846
-1282
2764
6856321
1
-4
-23
2845
-1256
2744
6857346
4
-7
-37
2850
-1231
2744
6858371
21
-4
-45
2850
-1225
2736
6859396
-3
-1
-60
2868
-1169
2753
6860421
-45
-9
-74
2867
-1199
2772
6861446
-15
-27
-73
2885
-1143
2732
6862471
-15
-32
-70
2891
-1120
2691
6863496
-23
-31
-67
2901
-1121
2677
6864521
-27
-25
-62
2899
-1072
2694
6865546
-32
-23
-44
2888
-1051
2696
6866571
-24
-24
-25
2892
-1063
2675
6867596
-19
-15
-14
2898
-1094
2643
6868621
1
6
-6
2904
-1115
2638
6869646
20
26
1
2879
-1131
2668
6870671
1
39
-3
2873
-1133
2705
6871696
-47
66
-37
2931
-1262
2668
6864511
60
193
-51
3120
-1410
2488
6865536
166
632
-90
3246
-901
1784
6866561
-424
942
-273
2893
921
1927
6867586
-1170
597
-301
3172
-1176
3247
6868611
-2157
6
-643
1172
-3363
7681
6869636
-4535
-8
-503
2606
1206
2918
6870661
-2353
-271
-286
3408
-3695
-1590
6871686
-27
110
-359
2066
-4535
1774
6872711
2609
103
215
3075
-1082
3031
6873736
2867
-116
301
3321
-300
3329
6874761
1755
-331
290
2092
-513
3125
6875786
640
-343
115
2893
-398
2899
6876811
176
-316
70
3664
-1201
2462
6877836
145
-361
147
2765
-1429
2727
6878861
-136
-342
8
2958
-423
2960
6879886
-76
-336
-53
3060
-2167
2191
6872705
1071
-160
-4
2569
-1042
2294
6873730
911
41
74
2980
-180
2810
6874755
76
104
3
3038
-926
2785
6875780
-6
65
73
2709
-810
2784
6876805
-178
59
58
2818
-1285
2937
6877830
-87
71
42
2942
-1201
2755
6878855
48
83
82
2811
-1028
2551
6879880
-8
114
76
2942
-1100
2579
6880905
-52
127
36
2930
-1281
2787
6881930
140
46
35
2832
-1174
2989
6882955
247
-42
53
2839
-1059
3067
6883980
108
-104
18
2883
-1096
2896
6885005
-17
-112
-1
2880
-1190
2520
6886030
-11
-63
-15
2880
-1146
2474
6887055
27
-34
-31
2915
-1063
2778
6888080
27
-42
-18
2852
-1071
2966
6880896
-1
-69
-2
2867
-1073
2729
6881921
-49
-45
-18
2935
-1182
2472
6882946
-20
11
-45
2887
-1111
2604
6883971
4
26
-38
2885
-1005
2834
6884996
-22
6
-25
2890
-1088
2849
6886021
-35
-17
-24
2879
-1088
2697
6887046
-46
3
-22
2905
-1119
2606
6888071
29
16
-14
2896
-1125
2706
6889096
20
0
-44
2870
-1133
2861
6890121
5
-32
-60
2826
-1115
2888
6891146
16
-58
-53
2840
-1101
2801
6892171
34
-36
-53
2903
-1086
2676
6893196
10
17
-79
2925
-982
2657
6894221
-56
30
-89
2883
-1047
2687
6895246
-21
5
-75
2904
-1096
2731
6896271
48
-12
-57
2939
-1037
2771
6889087
55
-34
-57
2918
-974
2761
6890112
-10
-40
-59
2927
-954
2665
6891137
-42
-29
-51
2945
-1064
2594
6892162
23
-13
-44
2926
-1009
2667
6893187
43
-12
-43
2908
-992
2783
6894212
23
-24
-35
2879
-989
2780
6895237
-14
-28
-31
2875
-989
2723
6896262
-50
-8
-36
2930
-1015
2651
6897287
-32
15
-46
2944
-1008
2609
6898312
-18
33
-51
2961
-962
2626
6899337
-29
48
-44
2950
-999
2651
6900362
-36
65
-39
2943
-1002
2601
6901387
-41
87
-37
2942
-1005
2604
6902412
-54
112
-45
2932
-956
2633
6903437
-100
139
-45
2930
-934
2611
6904462
-116
170
-27
2924
-937
2587
6897281
-115
208
-18
2925
-889
2571
6898306
-109
251
5
2924
-839
2588
6899331
-71
285
44
2835
-1037
2815
6900356
-11
273
56
2804
-1112
2923
6901381
-14
239
51
2787
-1103
2888
6902406
-51
232
53
2805
-1064
2791
6903431
-90
243
31
2734
-1174
2906
6904456
-28
223
1
2748
-1251
2999
6905481
71
190
1
2751
-1110
2971
6906506
-13
175
-29
2759
-1057
2895
6907531
-131
178
-62
2755
-1095
2923
6908556
-134
173
-63
2737
-1111
2949
6909581
-116
159
-75
2726
-1063
2962
6910606
-145
149
-85
2740
-1021
2917
6911631
-178
163
-84
2746
-943
2869
6912656
-173
189
-66
2747
-928
2866
6905472
-161
207
-74
2736
-1047
2925
6906497
-151
225
-90
2735
-1007
2853
6907522
-159
251
-81
2682
-1059
2811
6908547
-120
272
-66
2612
-1182
3038
6909572
-54
252
-55
2580
-1217
3178
6910597
-20
219
-52
2584
-1147
3089
6911622
-82
209
-73
2588
-1110
3020
6912647
-120
201
-90
2569
-1120
3129
6913672
-58
179
-71
2559
-1175
3187
6914697
70
140
-55
2565
-1072
3146
6915722
58
110
-65
2577
-997
3191
6916747
-45
93
-85
2574
-981
3200
6917772
-60
78
-75
2545
-1002
3127
6918797
7
66
-47
2539
-995
3118
6919822
7
63
-37
2556
-968
3189
6920847
-37
53
-28
2529
-1017
3224
6913664
-3
30
-10
2523
-1041
3190
6914689
44
9
12
2544
-1019
3090
6915714
28
2
31
2526
-999
3038
6916739
-15
8
20
2522
-1058
3069
6917764
7
4
23
2559
-1131
3135
6918789
60
-7
31
2549
-1092
3161
6919814
28
-17
30
2570
-1032
3070
6920839
-18
-9
19
2562
-1059
3031
6921864
-22
0
5
2551
-1072
3073
6922889
-2
-3
-4
2570
-1065
3099
6923914
-3
-5
-14
2582
-1060
3079
6924939
-31
30
-37
2632
-1195
3050
6925964
101
157
14
2904
-1405
2698
6926989
203
550
-4
2839
-405
1806
6928014
-919
1042
-140
2848
1568
1686
6929039
-2335
905
-183
3093
-295
2979
6921856
-3422
7
-835
-201
-4320
9948
6922881
-4621
-71
-706
2236
-1426
3187
6923906
-1108
-473
-55
3478
-3132
-903
6924931
473
-60
-310
1630
-3805
2025
6925956
2156
118
201
2406
-1396
2419
6926981
3152
-141
344
3126
-435
3302
6928006
2541
-462
623
1918
37
3792
6929031
1315
-534
395
2221
-543
3859
6930056
612
-379
232
3391
-1548
2667
6931081
645
-353
375
2788
-956
2397
6932106
266
-239
201
2281
-651
3563
6933131
-213
-258
-38
2941
-1672
3592
6934156
461
-390
-33
2384
-2041
2808
6935181
1321
-298
95
2466
-484
2642
6936206
625
-73
9
2742
-532
3030
6937231
-170
42
-74
2531
-824
2927
6930047
-407
91
-34
2533
-986
2822
6931072
-326
111
-49
2607
-1347
3085
6932097
14
46
-51
2523
-1239
3314
6933122
232
-33
-21
2547
-999
3325
6934147
246
-92
3
2674
-868
3204
6935172
132
-94
22
2582
-894
2920
6936197
100
-52
31
2599
-909
2835
6937222
72
0
28
2646
-911
3028
6938247
26
17
22
2623
-1026
3149
6939272
13
-8
5
2578
-1123
3182
6940297
82
-48
5
2632
-1014
3185
6941322
135
-87
19
2584
-1001
3145
6942347
106
-99
8
2609
-929
3083
6943372
68
-84
10
2614
-974
3079
6944397
51
-78
5
2599
-965
3060
6945422
4
-86
-7
2650
-957
3009
6938240
1
-83
-5
2673
-996
2976
6939265
27
-63
-14
2658
-928
2968
6940290
6
-46
-13
2676
-907
2941
6941315
-15
-41
-4
2683
-1004
3006
6942340
-14
-50
-15
2691
-999
3014
6943365
16
-66
-9
2688
-1006
3012
6944390
39
-74
-13
2666
-959
3106
6945415
12
-91
-30
2630
-996
3102
6946440
29
-98
-24
2657
-915
2965
6947465
0
-80
-20
2683
-870
2872
6948490
-45
-34
-25
2677
-962
2903
6949515
34
-19
-23
2654
-983
3089
6950540
115
-38
-7
2680
-922
3099
6951565
62
-52
-3
2700
-860
3011
6952590
-77
-44
-12
2748
-909
2892
6953615
-102
-29
-8
2747
-931
2888
6946432
-60
-23
2
2716
-899
2965
6947457
-34
-25
11
2689
-952
2996
6948482
-1
-24
10
2695
-968
2970
6949507
19
-16
16
2700
-916
2949
6950532
15
-7
21
2690
-869
2983
6951557
-29
2
23
2684
-917
2999
6952582
-26
4
21
2706
-993
3035
6953607
10
0
21
2698
-992
2997
6954632
17
-7
16
2687
-965
3000
6955657
-9
-19
5
2693
-974
3031
6956682
-26
-25
13
2697
-974
2960
6957707
-19
-22
7
2688
-1046
2967
6958732
26
-15
1
2704
-992
2967
6959757
20
-11
-5
2691
-947
2985
6960782
-28
-6
-19
2692
-956
2992
6961807
-43
-3
-22
2704
-963
2969
6954623
0
-6
-6
2714
-938
3001
6955648
10
-9
0
2699
-944
2969
6956673
14
-4
6
2711
-980
2871
6957698
34
10
4
2710
-945
2982
6958723
6
7
-7
2738
-947
3047
6959748
1
-1
0
2694
-966
3016
6960773
-20
-13
-8
2685
-912
3036
6961798
-59
-23
-14
2700
-964
3020
6962823
-39
-22
-7
2698
-974
2938
6963848
-7
-6
-2
2698
-951
2904
6964873
-4
10
-9
2711
-939
3005
6965898
-7
4
-6
2694
-969
3051
6966923
-2
-7
-5
2681
-939
2993
6967948
-16
-4
-8
2738
-897
2913
6968973
-29
17
-2
2737
-910
2882
6969998
-6
27
9
2717
-948
3007
6962816
13
20
7
2691
-968
3069
6963841
-7
8
4
2686
-928
3007
6964866
-44
8
5
2709
-951
2926
6965891
-36
15
11
2710
-961
2953
6966916
-24
16
12
2695
-992
3015
6967941
-15
12
4
2702
-1018
3009
6968966
-1
9
-2
2703
-987
2967
6969991
1
9
-7
2698
-943
2995
6971016
-22
5
-14
2699
-955
3037
6972041
-34
-3
-15
2681
-982
3018
6973066
-21
-9
-15
2680
-970
2988
6974091
-2
-10
-8
2709
-947
2975
6975116
-12
-4
2
2690
-951
2964
6976141
-22
4
4
2690
-948
2972
6977166
-23
5
0
2708
-943
3019
6978191
-9
-1
5
2693
-952
3010
6971008
5
-2
13
2696
-942
2950
6972033
-8
7
9
2691
-970
2973
6973058
-8
7
0
2690
-989
3037
6974083
-5
0
-1
2696
-1009
3016
6975108
0
5
-3
2698
-951
2936
6976133
-19
18
-8
2683
-938
2959
6977158
-68
34
-6
2649
-1016
2961
6978183
-93
52
2
2669
-989
2892
6979208
-190
113
-22
2806
-1098
3003
6980233
-258
273
-64
2969
-1494
2701
6981258
-238
672
-121
3103
25
1245
6982283
-738
1122
-57
2733
2157
1275
6983308
-1860
873
79
3126
-47
3645
6984333
-3620
202
-693
807
-5448
8559
6985358
-4632
234
-495
1714
-1263
3036
6986383
-140
-426
-43
3296
-4562
639
6979199
1319
-27
-168
1805
-2160
2519
6980224
2133
-179
103
2575
-264
3262
6981249
1349
-279
109
3021
-911
3421
6982274
774
-389
306
2099
-851
2369
6983299
644
-403
217
2329
-1211
3208
6984324
831
-375
161
3238
-1600
3470
6985349
962
-444
214
2764
-979
2930
6986374
395
-468
163
2502
-260
2908
6987399
-364
-374
-71
3080
-1324
2866
6988424
168
-352
-89
2574
-2273
2607
6989449
1226
-260
10
2506
-929
2638
6990474
930
-92
29
2925
-281
2818
6991499
0
16
-4
2752
-562
2697
6992524
-371
84
6
2663
-969
2754
6993549
-273
126
10
2741
-1301
2897
6994574
-82
123
-5
2665
-1271
3032
6987393
42
72
-38
2675
-1063
3185
6988418
84
17
0
2748
-1017
3062
6989443
46
-15
20
2668
-1071
2984
6990468
-1
-37
17
2648
-1058
3007
6991493
-25
-38
1
2724
-1047
2919
6992518
-9
-12
11
2744
-1011
2753
6993543
49
18
24
2703
-1054
2831
6994568
126
19
22
2720
-1100
3060
6995593
144
-8
11
2687
-1107
3151
6996618
97
-26
9
2663
-979
2954
6997643
-14
6
1
2706
-1051
2759
6998668
-6
36
2
2697
-1114
2874
6999693
-2
32
-11
2710
-1080
3034
7000718
5
13
-10
2717
-1024
3058
7001743
-3
-9
-18
2691
-1031
3009
7002768
-11
-19
-26
2689
-1074
2945
6995584
25
-19
-25
2701
-1051
2911
6996609
59
-10
-4
2700
-978
2969
6997634
48
-12
1
2712
-991
3015
6998659
27
-14
1
2700
-1032
2957
6999684
29
-15
3
2682
-1031
2914
7000709
42
-5
7
2724
-997
2890
7001734
44
7
17
2708
-1031
2917
7002759
48
13
11
2708
-1054
2959
7003784
52
6
-5
2708
-1044
3046
7004809
30
-5
-18
2710
-1019
3019
7005834
25
-18
-17
2692
-1023
2974
7006859
23
-23
-26
2682
-1023
2970
7007884
32
-19
-21
2686
-975
2951
7008909
27
-11
-8
2685
-973
2947
7009934
22
-5
-11
2689
-987
3001
7010959
11
-4
-5
2675
-1000
3035
7003776
10
-11
-3
2665
-994
3017
7004801
-3
-12
4
2687
-967
2938
7005826
-18
-4
0
2714
-998
2921
7006851
-13
7
1
2750
-980
2957
7007876
-22
23
-2
2725
-961
2968
7008901
-38
28
-1
2708
-993
2960
7009926
-23
8
3
2695
-1010
3008
7010951
-35
-16
6
2722
-1007
2967
7011976
-33
-18
3
2708
-1065
2944
7013001
5
-12
-7
2683
-1029
2986
7014026
2
-9
-11
2695
-1060
2960
7015051
12
-8
-20
2700
-1015
2986
7016076
-16
-18
-32
2720
-980
3006
7017101
-30
-28
-26
2719
-1012
2981
7018126
4
-29
-15
2700
-983
2938
7019151
22
-25
-10
2704
-925
2923
7011968
10
-18
6
2733
-936
2938
7012993
1
-8
21
2719
-983
2947
7014018
1
-4
23
2699
-1004
2952
7015043
27
-4
21
2717
-1001
2979
7016068
31
-4
20
2716
-1006
2978
7017093
4
-5
15
2718
-1003
2935
7018118
-13
-2
5
2724
-1009
2971
7019143
-15
-6
-3
2707
-1021
3003
7020168
-8
-16
-10
2706
-1039
2977
7021193
-3
-14
-18
2716
-1005
2946
7022218
-26
-6
-23
2707
-995
2953
7023243
-27
-3
-19
2706
-1004
2928
7024268
2
4
-7
2717
-947
2934
7025293
-17
14
-1
2714
-968
2952
7026318
-33
16
-9
2729
-1006
2933
7027343
-22
17
-10
2711
-993
2971
7020159
-6
8
-4
2698
-986
3015
7021184
6
-5
4
2715
-1007
2999
7022209
-11
-7
0
2714
-1000
2956
7023234
-50
-6
-8
2715
-1001
2951
7024259
-45
-9
-11
2710
-978
2965
7025284
-27
-13
-6
2709
-997
2969
7026309
-10
-17
-6
2713
-1000
2967
7027334
-4
-14
-1
2717
-998
2938
7028359
-5
-8
0
2702
-992
2942
7029384
1
-8
0
2710
-977
2991
7030409
-7
-10
-1
2730
-975
2949
7031434
-26
-4
6
2732
-982
2894
7032459
-32
27
6
2797
-1017
2913
7033484
-46
213
-19
2979
-1181
2753
7034509
-146
671
-52
3084
-929
1463
7035534
-684
1172
-144
2893
856
916
7028352
-1457
1158
-89
3113
453
2567
7029377
-2065
343
-316
1387
-3672
9007
7030402
-4610
-121
-749
344
-973
6885
7031427
-1974
-299
-66
4229
-3406
-3511
7032452
1871
-61
-326
1891
-4960
1461
7033477
2664
281
198
2038
476
3412
7034502
1752
-35
114
3646
427
3940
7035527
426
-9
197
2136
-767
3093
7036552
551
-246
252
1811
-967
3368
7037577
758
-321
216
3197
-899
3767
7038602
817
-418
388
3007
-1168
3053
7039627
357
-394
233
2215
-1343
2884
7040652
156
-289
23
2770
-707
3237
7041677
119
-294
30
2775
-1406
3174
7042702
387
-318
20
2482
-1518
2690
7043727
583
-171
2
2698
-1004
2578
7036545
422
-13
6
2665
-704
2748
7037570
118
47
3
2588
-812
2890
7038595
-67
75
-6
2728
-964
3142
7039620
-110
63
-10
2654
-1173
3242
7040645
42
4
-11
2607
-1056
3213
7041670
233
-58
20
2704
-874
3101
7042695
172
-57
29
2679
-809
2956
7043720
-27
-42
12
2653
-905
2994
7044745
-124
-38
10
2691
-1057
3039
7045770
-49
-30
21
2637
-1064
3029
7046795
14
-31
25
2592
-1005
2995
7047820
22
-31
6
2679
-1007
2872
7048845
73
-7
15
2716
-989
2887
7049870
91
-4
11
2701
-935
3046
7050895
75
-20
33
2706
-920
3091
7051920
1
-34
26
2640
-1005
3118
7044736
-44
-50
-4
2644
-1060
3060
7045761
-21
-56
-15
2661
-1058
2951
7046786
0
-40
-32
2670
-1006
2932
7047811
-3
-27
-31
2690
-962
2940
7048836
18
-10
-3
2704
-905
2941
7049861
29
3
15
2686
-900
2980
7050886
20
-1
8
2693
-1048
3035
7051911
16
-18
-10
2683
-1025
3078
7052936
-28
-35
-21
2669
-1010
3060
7053961
-36
-46
-25
2661
-1012
2988
7054986
17
-42
-10
2686
-952
2931
7056011
30
-28
0
2678
-907
2951
7057036
-7
-11
0
2684
-961
2953
7058061
7
0
2
2687
-1018
2982
7059086
62
-2
2
2693
-985
3040
7060111
74
-13
-5
2696
-990
3024
7052928
62
-19
-7
2703
-940
2982
7053953
33
-15
-2
2716
-924
2926
7054978
7
-3
0
2705
-949
2948
7056003
-17
2
-8
2698
-974
3015
7057028
-2
-3
-6
2701
-979
3039
7058053
22
-8
-7
2679
-956
3003
7059078
9
-11
-13
2689
-929
2972
7060103
-21
-8
-16
2706
-924
2953
7061128
-43
10
-8
2692
-936
2978
7062153
-18
9
-2
2661
-971
3044
7063178
26
-9
3
2699
-933
3028
7064203
14
-18
3
2706
-895
3011
7065228
-28
-18
-1
2704
-920
2984
7066253
-29
-15
7
2688
-950
2967
7067278
-10
-6
9
2679
-971
2980
7068303
0
1
4
2694
-958
2990
7061121
1
3
7
2700
-949
2982
7062146
-14
9
11
2704
-931
2953
7063171
-29
13
7
2703
-988
2962
7064196
-19
6
-6
2705
-997
3033
7065221
-4
-9
-7
2702
-994
3022
7066246
17
-14
-1
2691
-952
2971
7067271
9
-13
-6
2679
-934
2997
7068296
-20
-23
-13
2686
-963
3059
7069321
-26
-32
-13
2692
-972
3017
7070346
-11
-30
-3
2688
-943
2943
7071371
10
-20
7
2693
-934
2947
7072396
17
-9
9
2694
-921
2992
7073421
-2
-11
5
2698
-961
3030
7074446
-5
-16
6
2707
-951
2976
7075471
-7
-16
10
2706
-955
2920
7076496
8
-3
16
2707
-959
2953
7069311
13
2
13
2709
-941
3005
7070336
-16
-3
4
2712
-970
3014
7071361
-36
-10
-8
2713
-990
3019
7072386
-13
-19
3
2701
-979
2991
7073411
-3
-18
-3
2686
-952
2993
7074436
-37
-13
-14
2709
-974
2955
7075461
-22
-7
-7
2711
-987
2937
7076486
-1
-8
-10
2708
-969
2980
7077511
2
-10
-12
2727
-920
2990
7078536
-23
-8
-9
2702
-935
2982
7079561
-19
-7
-1
2711
-952
2966
7080586
-6
-2
8
2721
-943
2957
7081611
-5
11
4
2718
-949
2954
7082636
15
30
6
2712
-939
2935
7083661
-34
63
-5
2793
-952
2915
7084686
-102
230
-17
2943
-1045
2644
7077504
-126
583
-30
2914
-565
1876
7078529
-324
866
-112
2707
593
2074
7079554
-628
786
-48
3144
-173
2845
7080579
-1623
318
-402
1819
-2427
6854
7081604
-3776
200
-341
1064
-467
4444
7082629
-955
-169
-40
3431
-4989
-300
7083654
985
150
-81
1824
-2046
2872
7084679
1165
-9
90
2564
-5
3832
7085704
536
-241
-23
3015
-1851
4016
7086729
893
-555
214
1912
-1385
3533
7087754
865
-719
114
2300
-516
3089
7088779
566
-681
5
3494
-1221
2590
7089804
463
-612
62
2856
-889
2652
7090829
6
-513
71
2412
116
3190
7091854
-331
-484
-72
3121
-2018
2484
7092879
1064
-379
-75
2611
-1410
2234
7085696
1395
-167
72
2636
300
2870
7086721
207
-3
19
3026
-501
2985
7087746
-374
78
39
2710
-700
2571
7088771
-578
144
32
2652
-1068
2657
7089796
-320
157
33
2890
-1280
2814
7090821
178
119
86
2734
-1133
2999
7091846
369
62
69
2700
-1038
3238
7092871
289
-8
52
2849
-874
3188
7093896
31
-31
62
2742
-864
2818
7094921
-124
24
50
2738
-1005
2611
7095946
-84
84
12
2793
-1184
2850
7096971
27
76
-8
2778
-1028
3049
7097996
63
34
2
2698
-945
3044
7099021
7
13
-22
2747
-959
3003
7100046
-23
15
-29
2719
-1002
2967
7101071
-31
31
-27
2719
-947
2835
7093888
-37
59
-11
2762
-907
2820
7094913
-29
61
-15
2747
-976
3008
7095938
26
28
-7
2714
-933
3168
7096963
65
-18
15
2655
-998
3101
7097988
52
-37
7
2720
-987
2942
7099013
23
-20
-1
2734
-961
2890
7100038
16
-3
14
2728
-898
2939
7101063
-19
-6
15
2734
-993
2989
7102088
-24
-13
11
2735
-1065
2967
7103113
7
-10
5
2730
-996
2908
7104138
25
-2
8
2746
-845
2910
7105163
-3
6
13
2730
-927
2954
7106188
4
10
7
2710
-1010
3015
7107213
9
-9
-10
2728
-994
3051
7108238
-7
-24
-3
2742
-973
2888
7109263
8
-11
10
2732
-981
2878
7102080
7
-7
-12
2727
-989
3035
7103105
4
-19
-24
2706
-1000
3077
7104130
7
-38
-26
2718
-980
2994
7105155
1
-51
-32
2739
-902
2946
7106180
-20
-48
-18
2744
-884
2893
7107205
-44
-21
-11
2744
-995
2820
7108230
3
5
-14
2751
-965
2915
7109255
43
-3
-10
2785
-868
3006
7110280
33
-19
16
2773
-848
2975
7111305
-33
-5
17
2736
-858
2886
7112330
-105
40
0
2734
-950
2847
7113355
-78
49
1
2734
-1079
2947
7114380
9
22
12
2723
-996
3015
7115405
24
-5
25
2726
-924
2987
7116430
-19
-9
13
2741
-990
2956
7117455
-35
-7
-7
2739
-1010
2942
7110273
-4
-11
-7
2746
-951
2937
7111298
15
-11
8
2745
-924
2954
7112323
10
-5
13
2720
-936
2923
7113348
-14
8
5
2724
-968
2902
7114373
-24
15
-2
2744
-987
2986
7115398
-12
2
1
2748
-954
3021
7116423
0
-13
15
2719
-957
2975
7117448
14
-15
25
2715
-963
2941
7118473
-10
-14
2
2731
-993
2973
7119498
-10
-18
-10
2744
-992
2969
7120523
10
-21
-6
2742
-976
2905
7121548
10
-11
-8
2737
-973
2917
7122573
-2
-7
-15
2738
-977
2983
7123598
5
-17
-13
2750
-944
2986
7124623
-5
-29
-10
2752
-921
2939
7125648
-28
-20
-7
2751
-938
2885
7118465
-20
-7
-5
2735
-966
2917
7119490
9
-7
-4
2758
-942
2970
7120515
11
-11
0
2760
-907
2952
7121540
-18
-8
8
2742
-921
2903
7122565
-29
-1
15
2743
-965
2903
7123590
7
4
11
2730
-1013
2967
7124615
26
-1
0
2753
-960
2968
7125640
-4
-1
-1
2764
-944
2914
7126665
-30
4
-2
2767
-971
2878
7127690
-9
11
-2
2744
-975
2936
7128715
23
6
3
2739
-927
2992
7129740
10
1
8
2736
-923
2954
7130765
-18
2
11
2746
-939
2924
7131790
-25
7
11
2729
-975
2914
7132815
16
6
21
2742
-971
2947
7133840
29
5
21
2751
-957
2966
7126656
-4
7
12
2743
-955
2947
7127681
-22
8
7
2728
-988
2942
7128706
-6
1
-1
2727
-1000
2962
7129731
-6
-4
-15
2730
-999
2960
7130756
-26
8
-29
2754
-956
2939
7131781
-84
57
-50
2821
-961
2887
7132806
-52
166
-54
2875
-1254
2867
7133831
271
395
14
3044
-938
2513
7134856
22
728
-6
2908
364
1458
7135881
-922
1150
25
2849
744
1454
7136906
-1467
880
-93
2889
-1112
4751
7137931
-2486
65
-332
-299
-2041
9580
7138956
-2959
-215
-85
3579
-2268
105
7139981
283
-153
32
2567
-3741
-60
7141006
1993
-258
130
1393
-1464
4271
7142031
1600
-600
401
3361
-114
4062
7134849
651
-593
199
2842
-1519
3036
7135874
638
-455
112
2174
-1162
2630
7136899
505
-481
38
3279
-1004
2687
7137924
168
-397
32
3091
-992
2858
7138949
-147
-398
-8
2451
-756
3113
7139974
-137
-425
-61
2944
-1276
2539
7140999
720
-305
-103
2705
-2291
2330
7142024
1758
-158
-6
2638
-262
2681
7143049
895
-31
35
2860
285
3022
7144074
-336
101
-18
2810
-652
2904
7145099
-594
178
-16
2679
-1100
2829
7146124
-393
141
-1
2711
-1162
2953
7147149
19
55
32
2784
-1219
3078
7148174
314
-1
52
2740
-924
3040
7149199
191
-19
23
2800
-834
3037
7150224
-90
-18
2
2774
-952
2900
7143041
-170
-8
-6
2744
-1122
2841
7144066
-59
12
-15
2786
-1077
2874
7145091
15
2
-22
2769
-926
2951
7146116
11
-19
-22
2733
-911
2981
7147141
-27
-17
-23
2736
-964
2892
7148166
-32
0
-21
2765
-956
2835
7149191
-33
19
-22
2775
-1000
2836
7150216
13
29
-8
2785
-992
2919
7151241
58
21
-6
2760
-942
3026
7152266
35
-3
-11
2754
-888
3049
7153291
-1
-26
0
2722
-921
2971
7154316
-41
-32
-3
2747
-937
2855
7155341
-8
-21
15
2754
-1009
2883
7156366
37
-14
12
2737
-1021
3001
7157391
16
-20
-8
2767
-993
2967
7158416
6
-26
-11
2785
-960
2870
7151232
9
-19
-8
2767
-967
2859
7152257
2
-13
-18
2760
-982
2915
7153282
2
-19
-28
2756
-1014
2927
7154307
31
-20
-28
2761
-983
2910
7155332
60
-20
-23
2803
-858
2925
7156357
16
-16
-12
2794
-843
2908
7157382
-44
-4
-9
2780
-952
2879
7158407
-39
9
-14
2776
-971
2918
7159432
13
10
8
2773
-884
2933
7160457
14
11
29
2746
-938
2921
7161482
11
4
25
2770
-925
2961
7162507
-21
-3
20
2766
-971
2963
7163532
-49
-1
6
2754
-1014
2900
7164557
8
3
10
2770
-961
2923
7165582
46
-3
18
2772
-908
2964
7166607
1
-12
10
2771
-946
2941
7159423
-30
-10
1
2748
-1001
2914
7160448
-19
2
-2
2757
-987
2877
7161473
15
6
3
2764
-969
2943
7162498
11
-4
1
2775
-931
2963
7163523
-42
-9
-4
2780
-937
2913
7164548
-67
-4
-14
2769
-974
2865
7165573
-5
6
-8
2746
-959
2907
7166598
27
11
1
2774
-904
2927
7167623
-13
10
4
2784
-916
2931
7168648
-42
9
10
2763
-947
2915
7169673
-29
9
16
2756
-969
2911
7170698
-10
13
13
2746
-983
2978
7171723
-5
2
3
2763
-984
2978
7172748
-11
-7
3
2782
-925
2909
7173773
-42
-1
7
2762
-974
2871
7174798
-38
8
-1
2754
-1018
2899
7167804
-11
11
-11
2754
-990
2939
7168829
-3
5
-13
2756
-943
2914
7169854
-8
4
2
2775
-931
2903
7170879
-19
14
7
2754
-977
2893
7171904
-13
23
-1
2738
-974
2954
7172929
-7
16
-7
2746
-975
3005
7173954
3
2
-4
2755
-972
2954
7174979
17
-2
7
2752
-937
2899
7176004
-7
-2
4
2759
-956
2949
7177029
-27
-3
-3
2744
-1036
2995
7178054
8
-14
-5
2734
-988
2967
7179079
16
-22
-1
2763
-935
2915
7180104
-18
-16
-4
2774
-946
2880
7181129
-29
-6
-7
2762
-936
2906
7182154
-11
-3
1
2749
-973
2933
7183179
29
-5
5
2737
-966
2960
7175808
23
-5
2
2757
-921
2944
7176833
-10
4
4
2754
-958
2929
7177858
-12
7
11
2749
-932
2939
7178883
-34
-5
11
2778
-966
2986
7179908
-25
-24
17
2764
-980
2972
7180933
-25
-31
18
2730
-1013
2889
7181958
-2
-21
12
2736
-1039
2867
7182983
27
-11
5
2776
-985
2923
7184008
17
-13
3
2772
-949
2951
7185033
-16
-18
2
2780
-955
2935
7186058
-30
-20
2
2773
-947
2887
7187083
-5
-28
4
2774
-930
2888
7188108
2
-20
5
2782
-946
2901
7189133
2
-9
7
2762
-951
2899
7190158
-16
5
9
2807
-983
2907
7191183
85
69
2
2898
-1440
3090
7183999
480
286
110
3004
-941
1951
7185024
-214
879
47
2750
1526
343
7186049
-943
1051
-143
3007
-921
2325
7187074
-674
644
-446
3440
-2478
5758
7188099
-2207
-3
-259
-161
617
9714
7189124
-4698
-189
-470
3095
-1467
-693
7190149
-1833
-262
-390
3278
-5142
-9
7191174
1067
197
-57
1504
-2588
2980
7192199
2940
-175
281
3059
-364
3416
7193224
2243
-385
382
3129
43
3215
7194249
656
-248
280
2086
-351
2832
7195274
239
-268
176
2862
-854
3298
7196299
267
-362
209
3335
-1509
2721
7197324
541
-394
265
2413
-1500
3189
7198349
303
-412
43
2694
-529
3694
7199374
20
-488
-21
3086
-1432
2565
7192193
735
-375
-45
2436
-1831
1699
7193218
1372
-57
-4
2675
-293
2854
7194243
519
36
-7
2966
-194
3209
7195268
-344
44
20
2649
-796
2660
7196293
-499
131
-25
2768
-1086
2677
7197318
-289
181
-41
2862
-1286
3068
7198343
21
122
-14
2717
-1099
3069
7199368
182
16
4
2789
-868
2989
7200393
130
-10
15
2843
-800
2994
7201418
-38
-5
17
2736
-887
2971
7202443
-85
-6
22
2734
-1042
2919
7203468
-8
-2
9
2769
-1045
2901
7204493
40
8
15
2737
-951
2887
7205518
63
6
12
2696
-1028
2956
7206543
186
-27
11
2777
-994
3027
7207568
160
-29
24
2731
-902
2952
7200385
-28
-12
-6
2756
-995
2906
7201410
-80
8
-24
2811
-1075
2876
7202435
-13
14
-28
2755
-1021
2929
7203460
7
-9
-44
2770
-893
3001
7204485
-11
-30
-31
2748
-889
2988
7205510
-42
-34
-28
2745
-913
2893
7206535
-23
-15
-3
2796
-879
2778
7207560
-24
15
8
2770
-915
2889
7208585
-25
20
2
2775
-964
2971
7209610
9
4
5
2774
-936
2963
7210635
0
-3
5
2764
-906
2901
7211660
-43
13
8
2774
-954
2847
7212685
-16
30
14
2759
-978
2925
7213710
11
26
15
2744
-975
2979
7214735
10
11
10
2752
-992
2985
7215760
-5
11
8
2747
-1004
2891
7208576
15
22
13
2744
-960
2864
7209601
9
26
3
2773
-915
2952
7210626
-30
16
1
2760
-949
3022
7211651
-17
-1
10
2736
-967
2965
7212676
0
-9
5
2745
-933
2954
7213701
-15
-11
6
2741
-959
2924
7214726
-26
1
13
2742
-1009
2858
7215751
2
11
2
2746
-1010
2949
7216776
21
-2
-9
2755
-958
2990
7217801
-4
-13
-13
2749
-954
2930
7218826
-22
-13
-19
2756
-940
2916
7219851
-15
-11
-18
2749
-952
2952
7220876
-1
-10
-9
2750
-931
2946
7221901
-13
-10
-4
2744
-925
2929
7222926
-29
-6
-2
2757
-947
2916
7223951
-25
8
-2
2780
-961
2893
7216768
-11
26
-4
2762
-922
2899
7217793
2
24
4
2753
-959
2949
7218818
13
16
6
2753
-973
2955
7219843
18
12
4
2739
-978
2970
7220868
12
1
-7
2738
-976
2950
7221893
22
-5
-3
2760
-974
2907
7222918
50
-8
9
2751
-915
2953
7223943
29
-15
9
2745
-944
2996
7224968
21
-23
9
2714
-1004
2992
7225993
22
-25
0
2712
-988
2961
7227018
21
-30
-9
2748
-959
2935
7228043
-3
-22
-18
2760
-947
2877
7229068
-20
-6
-22
2777
-970
2868
7230093
-1
8
-26
2767
-973
2912
7231118
39
13
-14
2758
-896
2950
7232143
28
11
-12
2767
-893
2951
7224960
-5
11
-20
2772
-916
2922
7225985
-4
12
-18
2751
-907
2924
7227010
15
10
-12
2762
-933
2951
7228035
48
4
3
2737
-905
2985
7229060
38
-6
8
2740
-896
2998
7230085
3
-7
12
2745
-923
2951
7231110
-2
-3
17
2746
-943
2925
7232135
0
5
14
2755
-933
2927
7233160
-11
10
0
2765
-943
2937
7234185
-8
13
-4
2770
-939
2912
7235210
-7
20
-3
2762
-918
2897
7236235
-16
27
-10
2753
-936
2960
7237260
-3
24
-3
2725
-951
3011
7238285
22
6
2
2727
-907
2986
7239310
15
-4
11
2737
-865
2950
7240335
-25
2
15
2737
-935
2917
7233152
-14
8
9
2750
-974
2961
7234177
34
1
6
2740
-930
3006
7235202
37
-13
8
2733
-895
2993
7236227
-6
-16
8
2748
-915
2934
7237252
-37
-2
4
2752
-949
2888
7238277
-20
-1
2
2739
-956
2998
7239302
-18
-8
-11
2778
-1031
3058
7240327
40
69
2
2919
-1235
2933
7241352
-46
431
-4
3076
-880
1778
7242377
-524
975
-193
2830
502
992
7243402
-915
1151
-87
3200
1060
1983
7244427
-1193
735
-37
2749
-1984
5565
7245452
-3408
-8
-676
-655
-2078
10877
7246477
-3884
-224
-135
4175
-370
-2582
7247502
7
-87
36
2568
-4580
-536
7248527
1242
296
119
1277
-2040
4100
7241345
2297
-124
377
3511
-339
4758
7242370
1258
-392
344
2444
-1133
3851
7243395
764
-607
395
1929
-1104
1958
7244420
908
-474
183
3117
-1322
3420
7245445
736
-444
182
3152
-1237
3328
7246470
306
-514
149
2533
-435
2766
7247495
-298
-354
-16
2943
-1422
1860
7248520
325
-80
-253
2558
-2400
2051
7249545
1674
48
-40
2566
-373
3349
7250570
799
28
-42
2868
-35
3464
7251595
-370
99
-116
2650
-809
2833
7252620
-330
135
-85
2545
-1054
2834
7253645
176
91
-27
2758
-1026
3150
7254670
340
59
20
2687
-830
3248
7255695
138
17
-9
2616
-905
3242
7256720
73
-21
-27
2728
-917
3045
7249536
190
-34
30
2679
-880
2932
7250561
191
-25
35
2637
-837
3073
7251586
31
-10
0
2676
-917
3193
7252611
-1
-15
-3
2650
-948
3122
7253636
96
-57
33
2620
-851
2982
7254661
51
-53
32
2697
-868
2914
7255686
-23
-10
2
2740
-993
2976
7256711
7
5
-3
2705
-924
3029
7257736
1
-3
-16
2684
-910
3010
7258761
12
-15
-16
2725
-855
3028
7259786
-17
-21
-11
2698
-853
3020
7260811
-65
-11
-22
2676
-899
2999
7261836
-64
-3
-30
2666
-953
2999
7262861
3
-8
-11
2681
-871
2997
7263886
33
-6
15
2702
-798
2986
7264911
-11
-4
17
2724
-828
2958
7257729
-55
-1
7
2713
-952
2992
7258754
-25
8
-2
2667
-989
3032
7259779
20
6
0
2670
-914
3058
7260804
30
-16
5
2682
-891
3054
7261829
0
-24
-1
2689
-905
3012
7262854
-44
-20
-18
2692
-926
3005
7263879
-47
-14
-28
2685
-973
3009
7264904
4
-22
-18
2692
-889
3018
7265929
8
-32
-10
2712
-833
3023
7266954
-20
-32
-7
2690
-862
3014
7267979
-38
-17
-6
2691
-928
2951
7269004
13
5
2
2708
-949
2903
7270029
68
11
6
2739
-806
3009
7271054
0
0
6
2732
-830
3068
7272079
-34
-19
9
2693
-932
3020
7273104
-12
-23
8
2673
-942
2970
7265920
8
-13
-7
2699
-927
2974
7266945
32
-8
1
2715
-856
3002
7267970
8
-3
4
2695
-870
3003
7268995
-18
-1
-1
2711
-878
3007
7270020
-9
1
1
2701
-936
2991
7271045
17
-8
-1
2713
-887
3016
7272070
12
-11
-1
2706
-879
3002
7273095
33
-6
11
2681
-867
3002
7274120
47
-11
17
2694
-855
3070
7275145
21
-26
19
2706
-883
3065
7276170
-5
-37
12
2688
-935
3014
7277195
-11
-41
7
2691
-961
2981
7278220
40
-40
10
2712
-901
2998
7279245
54
-39
14
2721
-816
3001
7280270
-7
-32
3
2713
-864
2977
7281295
-32
-27
-6
2735
-916
2957
7274111
8
-26
1
2721
-899
2953
7275136
30
-20
0
2718
-888
2974
7276161
14
-17
-3
2724
-880
2993
7277186
-8
-19
3
2714
-872
3018
7278211
1
-27
17
2713
-861
3021
7279236
22
-37
24
2731
-847
3008
7280261
8
-39
15
2737
-873
2976
7281286
-16
-40
-1
2731
-909
2956
7282311
0
-43
-3
2723
-954
2959
7283336
26
-37
-2
2745
-892
2945
7284361
-4
-23
-7
2756
-856
2908
7285386
-43
-7
-15
2745
-911
2917
7286411
-16
-3
-17
2737
-916
2975
7287436
17
-8
-6
2736
-866
2991
7288461
-6
-10
-7
2742
-835
2954
7289486
-38
-6
-11
2744
-875
2939
7282304
-14
0
-9
2728
-900
2956
7283329
18
-2
-5
2729
-881
3001
7284354
15
-9
0
2741
-862
3000
7285379
-12
-10
0
2749
-854
2972
7286404
-31
-6
-4
2737
-898
2961
7287429
-17
-6
-8
2727
-915
2967
7288454
11
-7
-1
2734
-890
2974
7289479
22
-13
0
2752
-830
2976
7290504
-6
-12
3
2749
-840
2960
7291529
-30
-7
1
2727
-894
2966
7292554
-6
-6
-4
2730
-925
2984
7293579
16
-6
-2
2741
-864
2982
7294604
-5
-11
-2
2771
-844
2930
7295629
-64
33
-14
2788
-726
2798
7296654
-181
120
-22
2837
-920
2756
7297679
-316
332
-37
3038
-974
2588
7290496
-809
800
-113
3051
-588
1083
7291521
-1153
1469
-210
2928
788
-346
7292546
-319
1338
-17
3205
-1530
3501
7293571
-697
276
-431
1122
-2349
11365
7294596
-4503
-215
-403
435
1945
6078
7295621
-3998
-342
-165
4171
-3041
-3654
7296646
-628
87
-260
1481
-5652
2658
7297671
2267
-20
235
1763
-1131
3883
7298696
3150
-363
436
3450
-425
3483
7299721
2145
-489
437
2191
-667
3325
7300746
1094
-530
344
2277
-316
3127
7301771
464
-478
248
3463
-1195
2968
7302796
350
-447
319
2975
-1322
2751
7303821
130
-448
125
2344
-843
3508
7304846
-182
-512
-81
2919
-1731
2923
7305871
859
-496
-118
2520
-2122
2167
7298688
1812
-277
4
2412
-33
2596
7299713
762
-58
-50
2982
0
3225
7300738
-480
76
-50
2762
-724
2665
7301763
-783
162
-58
2586
-1110
2555
7302788
-363
181
-72
2841
-1329
2953
7303813
134
120
-46
2747
-1079
3166
7304838
202
23
-44
2712
-842
3137
7305863
88
-10
-35
2824
-781
3072
7306888
-33
-18
-36
2723
-863
2995
7307913
-15
-16
-10
2649
-854
2996
7308938
42
-14
11
2680
-913
3041
7309963
20
-14
-22
2687
-951
3048
7310988
20
-31
-24
2650
-910
3030
7312013
61
-35
20
2708
-867
2923
7313038
33
6
58
2731
-929
2668
7314063
-37
74
28
2751
-1108
2695
7306961
9
94
-48
2788
-1137
3091
7307986
139
51
-51
2759
-996
3231
7309011
197
-19
-38
2699
-846
3149
7310036
113
-40
-24
2704
-712
3007
7311061
-69
-19
-43
2669
-878
2901
7312086
-108
12
-56
2666
-958
2942
7313111
-27
25
-45
2691
-928
2998
7314136
69
18
-24
2688
-860
3081
7315161
81
-18
-8
2702
-813
3150
7316186
3
-37
-4
2695
-862
3059
7317211
-50
-29
-14
2700
-864
2932
7318236
-30
-9
0
2718
-876
2926
7319261
15
-6
-1
2712
-908
3019
7320286
59
-28
9
2725
-807
3054
7321311
43
-41
28
2722
-805
3009
7322336
-38
-28
9
2728
-880
2930
7315073
-42
-6
4
2734
-947
2891
7316098
31
7
15
2732
-925
2946
7317123
35
8
5
2745
-856
3002
7318148
3
8
5
2722
-851
3015
7319173
-31
9
0
2692
-874
2994
7320198
-37
9
6
2707
-917
2952
7321223
-1
10
7
2724
-947
3003
7322248
10
7
-2
2723
-860
3045
7323273
-14
-4
-1
2687
-838
3038
7324298
-28
-6
2
2678
-881
3040
7325323
-5
-4
5
2679
-931
3010
7326348
23
-5
-9
2718
-836
3005
7327373
3
-16
-12
2748
-804
2980
7328398
-5
-20
8
2752
-821
2963
7329423
-1
-19
22
2708
-878
3019
7330448
12
-28
22
2699
-936
3021
7323264
29
-31
27
2695
-881
2978
7324289
17
-23
43
2709
-841
2909
7325314
7
2
55
2714
-912
2949
7326339
2
12
32
2721
-933
3042
7327364
-8
4
15
2727
-927
3045
7328389
-13
-13
6
2712
-937
2997
7329414
2
-16
4
2712
-951
2945
7330439
24
-1
1
2706
-948
2972
7331464
10
0
-17
2713
-896
3012
7332489
-27
-8
-22
2723
-882
2965
7333514
-31
-8
-13
2736
-868
2946
7334539
-18
2
-9
2707
-907
2989
7335564
15
0
-14
2701
-880
3022
7336589
19
-4
-9
2726
-828
3017
7337614
-17
-3
-3
2719
-836
2974
7338639
-36
3
3
2718
-859
2952
7331456
-8
2
10
2717
-916
3032
7332481
27
-10
7
2712
-894
3054
7333506
33
-19
10
2717
-873
3002
7334531
12
-21
14
2711
-858
2975
7335556
-7
-22
18
2704
-908
2998
7336581
-4
-17
12
2704
-937
3007
7337606
3
-16
1
2718
-910
2987
7338631
-13
-15
-7
2734
-880
2941
7339656
-17
-8
-4
2750
-865
2939
7340681
-3
-3
3
2726
-870
3003
7341706
16
-11
1
2695
-888
3056
7342731
27
-22
2
2697
-878
3052
7343756
22
-31
12
2708
-871
3012
7344781
27
-39
22
2717
-862
3011
7345806
24
-47
26
2729
-894
3012
7346831
13
-49
19
2741
-904
2960
7339648
16
-48
11
2742
-894
2959
7340673
27
-44
8
2748
-867
2948
7341698
31
-37
12
2740
-866
2949
7342723
28
-34
12
2745
-883
2957
7343748
7
-29
2
2739
-897
2952
7344773
2
-27
-3
2750
-895
2963
7345798
7
-23
0
2751
-838
2954
7346823
3
-21
7
2742
-851
2940
7347848
4
-17
4
2755
-897
2949
7348873
6
-5
-1
2747
-897
2952
7349898
2
-4
-1
2719
-881
2976
7350923
-13
-11
-1
2744
-884
2975
7351948
-31
-4
-10
2758
-886
2935
7352973
-31
8
-12
2758
-868
2912
7353998
-21
9
-17
2759
-864
3015
7355023
-37
13
-16
2764
-886
3044
7347840
-37
37
-8
2762
-974
2992
7348865
1
105
3
2854
-1024
2799
7349890
-48
322
-22
2921
-800
2036
7350915
-229
712
-111
2942
51
1557
7351940
-575
1117
-73
2986
758
2193
7352965
-1107
918
-83
2965
-862
4077
7353990
-1788
189
-306
897
-2922
7939
7355015
-3815
-144
-590
2038
62
4483
7356040
-2915
-175
-336
3689
-2011
-844
7357065
-864
1
-325
1327
-3540
1837
7358090
571
-53
21
2800
-1780
2516
7359115
1625
50
148
3541
-1219
2951
7360140
1601
224
235
2144
-807
3063
7361165
1262
-217
264
2104
-821
3692
7362190
986
-411
257
2885
-1282
3214
7363215
1237
-375
347
2756
-1569
3039
7356032
1455
-525
341
2549
-836
3936
7357057
605
-645
150
2926
111
3581
7358082
-496
-562
107
2747
-690
2393
7359107
-230
-434
-52
2370
-2536
2146
7360132
1177
-221
23
2758
-697
2382
7361157
888
8
94
2770
-191
3145
7362182
16
69
-15
2685
-900
3482
7363207
-116
-5
8
2699
-823
3120
7364232
-192
8
31
2788
-919
2438
7365257
-241
109
-4
2854
-1025
2362
7366282
-100
178
-21
2903
-1054
2786
7367307
100
152
-20
2790
-1067
3262
7368332
215
56
-15
2673
-977
3351
7369357
163
-18
5
2671
-810
3099
7370382
-5
-24
-5
2647
-806
2958
7371407
-156
19
-23
2634
-914
2944
7364223
-139
50
-28
2621
-1120
3050
7365248
1
43
-26
2679
-1002
3094
7366273
-5
20
-18
2725
-905
2989
7367298
-71
15
-22
2740
-972
2937
7368323
-19
1
-10
2727
-975
3001
7369348
85
-19
13
2694
-917
3030
7370373
65
-14
-3
2709
-917
2985
7371398
15
9
-9
2739
-886
2811
7372423
30
31
13
2740
-878
2877
7373448
-3
31
-1
2714
-961
3087
7374473
-7
4
-9
2676
-1037
3156
7375498
13
-19
-19
2648
-971
2992
7376523
4
-14
-17
2695
-859
2877
7377548
-11
3
-10
2708
-892
2974
7378573
-16
8
-20
2715
-957
3074
7379598
2
-1
-18
2693
-939
3049
7372416
-5
-6
-17
2697
-930
3003
7373441
-3
-7
-20
2692
-937
2988
7374466
21
-14
-12
2711
-871
2947
7375491
16
3
0
2725
-871
2915
7376516
13
17
3
2720
-865
3002
7377541
32
3
15
2697
-963
3089
7378566
21
-10
-3
2693
-941
3045
7379591
22
-24
-1
2684
-869
2995
7380616
18
-28
9
2693
-890
2965
7381641
-18
1
1
2701
-982
2930
7382666
25
14
-2
2684
-1006
2988
7383691
75
-5
-1
2723
-870
3102
7384716
0
-22
-14
2723
-882
3041
7385741
-58
-23
-27
2688
-888
2951
7386766
-27
-15
-14
2696
-908
2962
7387791
32
-10
4
2706
-897
3014
7380609
16
-9
-5
2707
-870
3009
7381634
-20
-1
-7
2723
-895
2953
7382659
-25
11
-4
2716
-931
2943
7383684
-21
19
3
2724
-911
2954
7384709
-17
22
6
2709
-899
2987
7385734
-21
13
-7
2704
-945
3011
7386759
8
7
-9
2683
-907
3015
7387784
2
11
-10
2692
-867
3009
7388809
-23
19
-6
2704
-871
2972
7389834
-25
23
1
2713
-876
2981
7390859
-22
22
7
2700
-928
3021
7391884
8
15
7
2679
-926
3048
7392909
34
-2
9
2685
-898
3068
7393934
32
-17
13
2696
-868
3056
7394959
-10
-23
9
2690
-888
3022
7395984
-41
-26
0
2695
-936
2987
7388799
-18
-23
8
2691
-957
2961
7389824
32
-12
17
2705
-900
2980
7390849
17
-4
22
2716
-878
2968
7391874
-32
4
16
2695
-926
2970
7392899
-28
3
15
2692
-904
3014
7393924
0
0
25
2706
-881
3011
7394949
-2
2
24
2693
-908
2989
7395974
-32
3
8
2706
-969
2980
7396999
-16
5
1
2700
-980
2979
7398024
10
9
4
2687
-920
3008
7399049
-12
7
-4
2693
-954
3021
7400074
-24
7
-10
2689
-947
3007
7401099
-4
6
-11
2701
-920
3007
7402124
23
7
-7
2699
-872
3013
7403149
1
10
-12
2692
-863
3071
7404174
-31
21
-11
2721
-1008
3089
7396993
55
78
39
2771
-1110
2865
7398018
-19
313
31
2865
-890
2094
7399043
-407
763
-66
2888
236
1482
7400068
-490
987
-99
2894
-194
2960
7401093
-538
661
-159
3180
-979
4276
7402118
-1725
112
-329
188
-1697
8224
7403143
-4735
-201
-508
2483
652
3645
7404168
-2332
-389
-279
3446
-4370
-924
7405193
1170
-72
-138
1265
-3582
1170
7406218
2135
21
355
3422
446
2246
7407243
667
227
145
3653
103
3750
7408268
-298
300
49
1801
-1186
3612
7409293
129
-145
113
2136
-1982
3939
7410318
858
-351
239
2781
-1804
2954
7411343
1254
-336
276
2300
-1426
2477
7412368
1264
-309
224
2557
-942
3379
7405185
784
-365
142
2864
-732
3983
7406210
183
-504
58
2642
-869
3673
7407235
-467
-528
16
2519
-869
2820
7408260
-463
-416
-77
2745
-1656
2141
7409285
464
-311
-78
2621
-1631
2581
7410310
1121
-253
-37
2694
-671
3032
7411335
815
-159
36
2828
-156
2822
7412360
219
-41
74
2785
-467
2604
7413385
-100
62
68
2841
-838
2716
7414410
-81
102
88
2861
-1015
2980
7415435
-23
83
96
2716
-1104
3022
7416460
-91
59
38
2730
-1209
2907
7417485
-20
58
-2
2723
-1207
2911
7418510
182
35
-12
2683
-1070
3043
7419535
337
-13
-5
2663
-992
3172
7420560
242
-33
-27
2663
-794
3183
7413375
-26
-29
-26
2671
-804
2958
7414400
-97
3
-4
2679
-930
2863
7415425
22
13
16
2725
-904
2991
7416450
42
-6
9
2708
-919
3097
7417475
2
-34
4
2727
-917
3083
7418500
-32
-48
-5
2727
-1001
2994
7419525
-16
-46
-17
2747
-963
2890
7420550
21
-22
6
2743
-904
2833
7421575
31
4
4
2710
-903
2914
7422600
8
8
-13
2721
-902
3034
7423625
12
-5
3
2711
-968
3021
7424650
-4
-5
-7
2729
-972
2919
7425675
-9
13
-15
2733
-918
2899
7426700
-25
28
-12
2709
-961
2935
7427725
-38
35
-14
2729
-987
2960
7428750
-10
27
-23
2707
-931
3038
7421568
25
4
-12
2709
-834
3044
7422593
-4
-4
6
2688
-828
2974
7423618
-42
13
17
2715
-927
2922
7424643
-11
18
14
2712
-932
3004
7425668
-8
4
10
2729
-946
3050
7426693
2
-5
11
2687
-986
3035
7427718
41
-18
11
2691
-917
3004
7428743
18
-16
13
2718
-914
2936
7429768
-25
-2
-1
2737
-964
2938
7430793
-19
2
-9
2716
-983
2991
7431818
19
0
4
2716
-919
2979
7432843
10
2
8
2704
-875
2959
7433868
-40
9
-4
2730
-928
2972
7434893
-28
11
-5
2717
-951
2969
7435918
11
12
10
2700
-913
2969
7436943
4
17
8
2693
-929
3007
7429760
-13
12
3
2713
-925
3014
7430785
-24
14
6
2702
-937
2963
7431810
-23
16
-1
2697
-971
2970
7432835
9
16
0
2707
-935
2994
7433860
12
8
3
2693
-908
3025
7434885
-35
6
-12
2702
-955
3025
7435910
-44
11
-20
2696
-941
2974
7436935
-22
14
-10
2699
-925
2970
7437960
33
10
3
2695
-927
3038
7438985
24
-4
-4
2694
-896
3076
7440010
-24
-18
-8
2694
-929
3019
7441035
-30
-23
-4
2687
-956
2998
7442060
2
-21
5
2688
-944
2994
7443085
18
-23
5
2710
-891
2986
7444110
-8
-17
3
2725
-913
2950
7445135
-8
-6
1
2714
-966
2935
7437952
30
0
6
2712
-943
2977
7438977
29
-4
5
2719
-891
3026
7440002
-32
-8
-7
2717
-940
2994
7441027
-46
-5
-13
2702
-958
2955
7442052
-2
-4
-10
2689
-936
2997
7443077
25
-12
-4
2709
-874
3049
7444102
-3
-18
4
2700
-877
3005
7445127
-23
-11
8
2705
-931
2946
7446152
4
-2
8
2718
-977
2967
7447177
19
2
4
2708
-948
3008
7448202
-7
-4
1
2698
-913
3008
7449227
-46
-6
-2
2720
-962
2952
7450252
-30
-1
-12
2708
-984
2942
7451277
14
2
-15
2715
-927
2986
7452302
7
9
-15
2722
-892
2995
7453327
-27
9
-13
2701
-884
2995
7446144
-48
10
-10
2688
-940
2996
7447169
-14
8
-1
2702
-948
3008
7448194
12
0
6
2696
-927
3005
7449219
-1
-3
2
2709
-919
2987
7450244
-16
0
-2
2718
-920
2979
7451269
-32
6
-12
2710
-943
2986
7452294
-42
27
-29
2736
-1017
3032
7453319
-67
87
-26
2804
-1045
3124
7454344
-197
263
-45
2973
-735
2816
7455369
-385
718
-134
2986
353
1239
7456394
-568
1150
-28
2752
83
261
7457419
-1121
1219
9
2952
-1532
3758
7458444
-3499
391
-390
628
197
11446
7459469
-4167
-354
-309
2811
-1980
1341
7460494
-1065
-376
-228
2278
-4800
-399
7461519
518
-62
-33
2014
-2150
1963
7454337
1338
-5
118
3208
-1789
2661
7455362
1641
86
166
2595
-1007
3782
7456387
1498
-93
305
2118
-726
3251
7457412
1277
-305
354
2522
-852
2935
7458437
1156
-331
249
2774
-1110
3323
7459462
941
-286
197
2492
-1392
3192
7460487
823
-299
215
2589
-1179
3100
7461512
592
-310
132
2764
-1124
3326
7462537
141
-320
-38
2703
-546
3190
7463562
-158
-284
-100
2660
-1213
2921
7464587
240
-228
-111
2650
-1670
2757
7465612
739
-179
-63
2519
-850
2901
7466637
526
-89
-98
2556
-619
3029
7467662
390
-26
-65
2668
-545
3151
7468687
271
-17
5
2666
-449
3047
7469712
-69
39
17
2720
-659
2851
7462529
-254
91
-6
2776
-961
3042
7463554
-152
68
0
2691
-1053
3196
7464579
25
-2
1
2641
-961
3193
7465604
89
-55
14
2633
-881
3053
7466629
43
-26
33
2640
-815
2767
7467654
-21
49
27
2657
-899
2861
7468679
-83
93
-17
2692
-1039
3143
7469704
-61
77
-31
2648
-1051
3233
7470729
-5
34
-24
2643
-936
3126
7471754
32
-9
0
2638
-864
3063
7472779
-20
-12
-17
2621
-924
3030
7473804
-38
-12
-28
2610
-930
3092
7474829
-31
-24
-37
2638
-927
3133
7475854
-19
-27
-35
2654
-901
3017
7476879
-25
-15
-29
2669
-885
2925
7477904
-26
-5
-42
2679
-925
3028
7470721
2
-8
-30
2667
-881
3111
7471746
6
-19
-21
2636
-880
3074
7472771
1
-19
-17
2659
-878
3039
7473796
-14
-8
-23
2663
-862
3024
7474821
-30
1
-21
2670
-873
3010
7475846
-30
8
-6
2675
-891
2956
7476871
4
23
5
2673
-934
2960
7477896
32
36
-11
2680
-911
3051
7478921
36
26
-17
2679
-909
3127
7479946
25
7
-17
2656
-883
3119
7480971
8
-9
-8
2632
-886
3084
7481996
-13
-13
-7
2630
-909
3047
7483021
-20
-7
-16
2625
-928
3057
7484046
-29
-3
-31
2638
-929
3039
7485071
-12
0
-35
2658
-921
3036
7486096
30
-14
-19
2661
-841
3110
7478911
30
-28
2
2647
-819
3101
7479936
-31
-27
-8
2649
-854
3052
7480961
-57
-18
-4
2645
-877
2977
7481986
-12
-10
6
2668
-964
3018
7483011
62
-11
0
2682
-869
3078
7484036
60
-18
11
2654
-776
3057
7485061
-37
-19
1
2656
-855
3060
7486086
-74
-17
-8
2661
-997
3057
7487111
4
-13
-7
2649
-925
3015
7488136
36
-9
-2
2666
-820
3014
7489161
-8
-9
0
2674
-832
3031
7490186
-14
-8
11
2654
-892
3100
7491211
-2
-12
12
2672
-886
3042
7492236
-8
-3
9
2683
-887
2978
7493261
4
-3
5
2687
-859
3026
7494286
3
-14
14
2685
-857
3053
7487104
-8
-10
17
2649
-877
3054
7488129
-14
-7
7
2663
-910
3066
7489154
-9
-7
4
2662
-918
3046
7490179
-4
-14
5
2681
-901
3005
7491204
7
-3
8
2682
-858
2982
7492229
-3
4
8
2662
-859
3031
7493254
-19
1
11
2666
-937
3056
7494279
3
-1
12
2651
-947
3042
7495304
39
-7
24
2643
-898
3032
7496329
29
-5
17
2659
-888
3050
7497354
1
-1
7
2678
-895
3065
7498379
-17
-2
1
2668
-902
3043
7499404
-10
-6
-4
2690
-895
3035
7500429
-3
-7
-11
2676
-873
3041
7501454
-5
-7
-7
2666
-845
3006
7502479
-15
1
9
2677
-875
2977
7495296
-9
8
8
2671
-888
3067
7496321
2
3
7
2664
-866
3092
7497346
-4
0
7
2657
-872
3041
7498371
-16
2
13
2668
-868
3001
7499396
-10
5
14
2668
-912
3025
7500421
20
8
10
2663
-913
3093
7501446
12
-1
2
2655
-895
3096
7502471
-21
-5
-7
2660
-882
3044
7503496
-37
-4
-5
2659
-902
3039
7504521
-26
-4
7
2648
-938
3040
7505546
-17
-5
-2
2653
-941
3040
7506571
-24
-4
-9
2664
-890
3035
7507596
-35
-2
-12
2686
-855
3037
7508621
-106
55
-36
2781
-667
2957
7509646
-384
259
-77
2974
-831
2651
7510671
-484
584
-25
2947
-1291
2025
7503487
-432
1073
-83
2421
568
1355
7504512
-868
1159
-135
3100
122
1867
7505537
-1084
451
-236
2018
-2666
8381
7506562
-3315
-318
-347
222
-190
8637
7507587
-2516
-576
-62
3674
-2760
-1857
7508612
105
-273
-231
1839
-3692
771
7509637
1726
-108
319
2213
-979
2705
7510662
1933
-86
382
3588
-362
2951
7511687
1537
47
384
2408
-472
3036
7512712
979
-57
241
2164
-904
3627
7513737
522
-128
120
2952
-1342
3867
7514762
318
-180
147
2691
-1152
3342
7515787
10
-282
105
2378
-907
2755
7516812
90
-273
-4
2692
-1314
3043
7517837
242
-238
-99
2522
-1528
3364
7518862
365
-245
-95
2388
-887
3330
7511680
275
-230
-96
2560
-827
3238
7512705
313
-216
-48
2573
-734
2955
7513730
274
-168
40
2553
-461
2811
7514755
26
-86
25
2699
-817
2913
7515780
14
-17
15
2678
-986
3097
7516805
151
-16
63
2636
-921
3130
7517830
133
-35
62
2739
-878
3099
7518855
61
-40
46
2682
-899
3010
7519880
15
-32
40
2656
-938
2946
7520905
-15
0
11
2652
-985
2983
7521930
13
-8
-8
2607
-953
3123
7522955
101
-62
17
2593
-926
3254
7523980
85
-92
26
2625
-893
3158
7525005
-19
-82
16
2639
-967
2951
7526030
-53
-53
-6
2637
-1000
2949
7527055
-21
-32
-16
2691
-949
2994
7519909
27
-26
4
2703
-861
2930
7520934
40
-15
18
2698
-904
2917
7521959
23
-6
-15
2705
-921
3023
7522984
8
-14
-22
2692
-877
3104
7524009
-18
-15
-17
2649
-848
3034
7525034
-60
-1
-11
2645
-917
2963
7526059
-46
14
-11
2651
-993
3000
7527084
18
12
3
2666
-885
3039
7528109
30
2
16
2676
-830
3083
7529134
-8
3
18
2664
-898
3087
7530159
-39
-4
6
2640
-977
3078
7531184
-51
-12
-7
2649
-1002
3014
7532209
6
-14
-1
2685
-916
2983
7533234
27
-7
14
2697
-849
2989
7534259
7
-3
16
2654
-902
3061
7535284
-3
-11
3
2644
-964
3091
7528063
-6
-14
-3
2655
-921
3016
7529088
-6
-5
5
2678
-864
2967
7530113
-26
2
13
2709
-864
2967
7531138
-19
11
22
2678
-900
3020
7532163
16
14
36
2659
-837
3039
7533188
7
18
56
2649
-895
3036
7534213
-24
26
46
2644
-995
3034
7535238
-12
26
38
2656
-1011
3009
7536263
28
23
35
2659
-962
3061
7537288
7
14
24
2670
-956
3082
7538313
-29
10
13
2648
-1014
3052
7539338
-7
10
1
2637
-980
3051
7540363
-2
6
-10
2644
-930
3054
7541388
-24
0
-25
2666
-944
3045
7542413
-26
-2
-20
2652
-905
3022
7543438
-14
7
-3
2644
-890
2998
7536256
17
8
4
2644
-935
3069
7537281
38
3
5
2639
-888
3101
7538306
-2
4
10
2644
-889
2997
7539331
-19
18
21
2644
-925
2984
7540356
1
20
30
2651
-930
3088
7541381
8
11
29
2658
-947
3077
7542406
-6
2
18
2654
-929
3017
7543431
-31
1
13
2648
-913
2995
7544456
-15
15
22
2642
-978
3030
7545481
21
15
25
2634
-925
3085
7546506
1
8
33
2631
-912
3096
7547531
-28
11
34
2619
-974
3052
7548556
-14
7
23
2616
-990
3102
7549581
13
-10
16
2626
-953
3119
7550606
-7
-16
14
2625
-968
3066
7551631
-19
-12
4
2639
-972
2997
7544448
-17
-2
-3
2656
-938
2998
7545473
-6
1
-7
2639
-987
3048
7546498
14
1
-12
2632
-976
3063
7547523
-4
-1
-22
2650
-949
3062
7548548
-22
-1
-15
2627
-942
3031
7549573
-15
-1
-8
2633
-947
3034
7550598
-11
-1
-10
2651
-934
3046
7551623
-24
-2
-10
2624
-960
3035
7552648
0
3
-5
2623
-959
3066
7553673
27
-3
7
2629
-909
3102
7554698
9
-11
15
2625
-908
3086
7555723
-11
-5
23
2644
-955
3002
7556748
-10
4
19
2652
-1013
2982
7557773
20
9
0
2662
-1006
3109
7558798
40
3
-3
2659
-918
3082
7559823
3
9
4
2630
-908
2955
7552640
-30
33
-11
2628
-1048
3029
7553665
39
43
-22
2636
-1029
3105
7554690
60
49
-20
2616
-871
3039
7555715
-71
82
-37
2654
-917
2932
7556740
-232
166
-97
2682
-1043
2774
7557765
-168
305
-126
2778
-747
2743
7558790
-94
530
-65
2911
-281
2400
7559815
-216
729
-65
2635
-1323
2504
7560840
210
754
-106
2583
-1522
3762
7561865
170
607
369
3266
2050
2083
7562890
-930
664
575
1960
1157
4156
7563915
-4505
236
-857
364
-3863
8750
7564940
-4329
162
-495
3177
-3608
34
7565965
292
-170
-161
1067
-2721
2827
7566990
759
-413
-89
2404
-1464
2916
7568015
169
-320
-171
3230
-1476
2701
7560832
70
-11
-171
2469
-1641
3031
7561857
718
-73
23
2102
-1249
3304
7562882
1386
-520
283
2946
-643
2116
7563907
1263
-335
389
2813
165
2188
7564932
417
-142
198
2163
-885
3686
7565957
131
-177
59
2572
-1813
4222
7566982
500
-280
153
2523
-1456
3282
7568007
275
-323
136
2264
-1092
3040
7569032
134
-302
62
2680
-1364
2939
7570057
199
-300
67
2720
-992
3273
7571082
-209
-286
44
2357
-1047
3356
7572107
-401
-274
-8
2611
-1253
3021
7573132
-201
-212
60
2696
-1080
2518
7574157
-157
-143
34
2588
-1503
2730
7575182
127
-134
0
2726
-1363
2969
7576207
346
-162
49
2653
-1278
2980
7569023
345
-137
46
2641
-1141
2701
7570048
169
-41
33
2796
-860
2538
7571073
-29
70
34
2753
-1173
2694
7572098
-58
120
2
2639
-1455
3045
7573123
123
71
-10
2596
-1345
3286
7574148
188
5
6
2579
-1065
3077
7575173
-5
17
-7
2573
-978
2907
7576198
-191
70
-41
2602
-1222
2950
7577223
-96
62
-40
2580
-1333
3140
7578248
44
8
-11
2600
-1158
3105
7579273
-16
-5
0
2667
-1099
2814
7580298
-31
27
5
2685
-1224
2748
7581323
59
40
-13
2649
-1286
3036
7582348
216
8
-19
2581
-1363
3126
7583373
317
-16
-27
2589
-1091
3088
7584398
151
-5
-28
2615
-962
2975
7577216
0
19
-30
2595
-1149
2965
7578241
30
19
-39
2589
-1168
3054
7579266
112
1
-21
2577
-1142
3068
7580291
158
-15
-13
2618
-1078
3011
7581316
141
-15
-12
2661
-1113
2976
7582341
160
-7
-18
2630
-1122
2996
7583366
206
-16
-29
2628
-1095
3086
7584391
259
-40
-16
2610
-1053
3120
7585416
214
-50
-10
2594
-1000
3041
7586441
110
-37
-21
2617
-1001
2990
7587466
61
-28
-22
2658
-965
3031
7588491
40
-23
-3
2650
-944
3029
7589516
15
-16
6
2619
-1015
3002
7590541
6
-5
-5
2647
-1054
2982
7591566
12
-2
-15
2668
-1000
2980
7592591
11
2
-7
2650
-994
3005
7585408
18
4
3
2613
-1047
3074
7586433
6
-4
1
2627
-1029
3056
7587458
8
-1
9
2630
-979
3018
7588483
-18
7
9
2643
-957
3016
7589508
-50
14
9
2628
-1054
3066
7590533
-25
2
4
2617
-1066
3110
7591558
-36
-11
1
2614
-1038
3012
7592583
-27
-8
2
2640
-1016
2961
7593608
-18
4
11
2659
-974
2951
7594633
-27
22
24
2627
-1051
3015
7595658
-4
23
7
2602
-1150
3108
7596683
29
2
-10
2631
-1060
3084
7597708
30
-14
-12
2653
-981
3024
7598733
-9
-13
-9
2638
-998
3012
7599758
-28
-6
-7
2600
-1064
3040
7600783
-14
-9
-16
2604
-1108
3077
7593600
10
-14
-27
2634
-1026
3071
7594625
2
-21
-23
2661
-955
2984
7595650
-20
-8
-9
2651
-993
2945
7596675
-21
8
-13
2629
-1006
3003
7597700
-20
7
-9
2643
-1029
3019
7598725
12
5
-1
2637
-1010
3019
7599750
12
13
1
2633
-976
3036
7600775
-10
15
3
2622
-1028
3052
7601800
-17
16
2
2615
-1028
3027
7602825
-27
17
-1
2627
-1065
3008
7603850
-13
16
-11
2648
-1042
3021
7604875
-8
13
-11
2626
-1020
3046
7605900
-11
7
-12
2607
-1022
3073
7606925
-11
1
-10
2628
-1004
3078
7607950
-23
-3
-6
2613
-992
3045
7608975
-49
-5
-6
2620
-1000
3025
7601792
-33
-1
-2
2619
-1055
3051
7602817
2
-3
-2
2621
-1022
3051
7603842
-4
-8
0
2636
-1014
3016
7604867
-11
-5
4
2628
-1022
2983
7605892
16
2
18
2623
-996
3022
7606917
19
1
18
2625
-1049
3089
7607942
9
-7
6
2624
-1067
3076
7608967
-4
-8
4
2598
-1070
3012
7609992
10
-4
0
2621
-1017
3019
7611017
3
-7
-4
2639
-1003
3087
7612042
-10
-16
-3
2622
-1024
3063
7613067
-17
-17
0
2616
-1022
3021
7614092
-6
-12
-3
2624
-1028
3030
7615117
13
-9
4
2626
-975
3039
7616142
3
-7
14
2624
-1011
2995
7617167
-3
-4
13
2637
-1029
3016
7609984
-4
-8
4
2631
-1057
3104
7611009
15
-20
7
2622
-1025
3081
7612034
2
-25
8
2621
-976
3025
7613059
-47
-21
0
2629
-1042
3008
7614084
-18
-18
0
2646
-1097
3038
7615109
-5
-12
-10
2639
-1112
3147
7616134
3
-29
-17
2602
-1241
3244
7617159
37
-20
-9
2629
-856
2947
7618184
-189
87
-44
2789
-1021
2744
7619209
-129
325
-87
3016
-616
2395
7620234
-189
707
-31
2655
895
1523
7621259
-1031
968
-72
3387
-227
1573
7622284
-2582
533
-415
709
-2576
8482
7623309
-4504
-63
-320
2883
-996
4298
7624334
-1406
-167
-530
2546
-5598
-630
7625359
610
50
-263
1241
-2416
2672
7618184
1184
-392
30
3524
-146
3403
7619209
721
-244
-179
2708
-1542
3514
7620234
1037
-385
13
1776
-1249
3200
7621259
1318
-568
199
2653
-1091
1993
7622284
1392
-288
255
2920
-808
1926
7623309
1661
-198
246
2815
-833
3657
7624334
1246
-381
239
3105
-484
3791
7625359
329
-486
141
2800
-519
3405
7626384
-190
-446
43
2639
-884
2624
7627409
126
-308
51
2553
-1625
2108
7628434
919
-97
62
2586
-1126
2645
7629459
838
61
83
2755
-484
3271
7630484
0
114
53
2737
-513
3033
7631509
-455
140
49
2670
-1049
2720
7632534
-265
160
39
2751
-1276
2885
7633559
35
151
26
2807
-1142
2974
7626369
113
107
3
2756
-965
3049
7627394
86
61
-9
2708
-969
3131
7628419
98
22
-6
2641
-967
3135
7629444
101
-13
9
2667
-818
3119
7630469
-9
-11
23
2619
-940
3008
7631494
-78
14
-2
2612
-1057
3000
7632519
-34
23
-11
2604
-1081
3033
7633544
60
8
3
2662
-932
3059
7634569
50
6
18
2706
-935
2988
7635594
-22
14
-2
2712
-958
2925
7636619
-55
18
-19
2709
-998
2978
7637644
-4
7
-20
2684
-999
3019
7638669
41
-3
-10
2691
-886
3026
7639694
32
2
10
2669
-919
3003
7640719
-31
17
-6
2668
-938
2945
7641744
-36
33
-10
2649
-1047
2989
7634560
57
21
-12
2663
-981
3129
7635585
87
-7
1
2658
-927
3147
7636610
37
-25
-8
2653
-942
3060
7637635
-11
-21
-13
2658
-912
2972
7638660
-31
-1
-6
2661
-938
2942
7639685
5
16
3
2692
-941
2967
7640710
30
13
2
2684
-941
3066
7641735
4
-3
-1
2693
-918
3081
7642760
-28
-13
8
2667
-944
3021
7643785
-13
-12
11
2653
-923
2982
7644810
-4
-4
19
2673
-933
3004
7645835
18
0
22
2668
-999
3031
7646860
8
-1
0
2656
-998
3047
7647885
-8
-1
-8
2671
-988
2987
7648910
2
5
-4
2699
-937
2953
7649935
-1
2
-4
2683
-904
3032
7642752
6
-12
2
2632
-987
3070
7643777
81
-43
-2
2615
-964
3095
7644802
94
-48
4
2666
-904
3072
7645827
24
-26
2
2701
-894
2980
7646852
-34
-7
0
2709
-882
2937
7647877
-52
8
9
2698
-954
2947
7648902
-3
21
20
2667
-960
3019
7649927
18
13
18
2648
-923
3026
7650952
7
6
24
2683
-944
3002
7651977
-14
9
9
2691
-975
3039
7653002
-38
7
-9
2652
-997
3058
7654027
-17
-1
-4
2634
-972
3041
7655052
9
-6
5
2670
-907
3010
7656077
10
-7
11
2684
-904
3032
7657102
-23
-6
3
2664
-941
3032
7658127
-27
-5
6
2655
-971
3000
7650944
18
-1
11
2662
-956
3016
7651969
32
-6
13
2675
-909
3041
7652994
-11
-13
10
2683
-952
3004
7654019
-41
-6
-3
2672
-1016
2991
7655044
-12
1
-13
2664
-986
2990
7656069
14
3
-11
2671
-922
3009
7657094
-5
-2
-9
2680
-911
3062
7658119
-28
-10
-10
2669
-928
3064
7659144
-19
-16
-4
2659
-940
3034
7660169
9
-15
1
2652
-968
3003
7661194
34
-17
-6
2669
-952
3024
7662219
14
-24
-12
2686
-940
3044
7663244
-8
-31
-11
2672
-950
3019
7664269
-4
-35
-13
2666
-961
2975
7665294
17
-35
-17
2693
-928
2961
7666319
-1
-20
-15
2703
-928
2960
7659135
-22
6
-11
2702
-931
2985
7660160
-6
11
-6
2677
-909
3015
7661185
11
6
0
2683
-868
3015
7662210
-15
7
2
2699
-878
2979
7663235
-44
15
3
2700
-932
2992
7664260
-24
16
9
2650
-989
3033
7665285
21
11
14
2660
-944
3041
7666310
4
15
16
2675
-920
3011
7667335
-47
20
7
2674
-951
2990
7668360
-44
18
1
2682
-973
3023
7669385
4
8
10
2685
-940
3045
7670410
12
0
13
2674
-905
3026
7671435
-26
1
1
2686
-955
3003
7672460
-36
11
-7
2665
-954
3002
7673485
-21
7
-7
2654
-984
3021
7674510
11
-11
-10
2662
-955
3047
7667328
12
-41
-12
2679
-978
3115
7668353
15
-32
-22
2696
-1031
3108
7669378
31
22
-18
2673
-1008
2964
7670403
17
141
4
2878
-794
2605
7671428
-258
591
-39
3066
-34
1575
7672453
-1009
1249
-113
2931
174
634
7673478
-1218
1477
-90
3124
-1790
2076
7674503
-691
742
-160
1153
-3894
9886
7675528
-2167
-200
-572
745
1008
7761
7676553
-1841
-551
-194
3616
-2056
-1710
7677578
-72
-199
-524
1529
-3007
786
7678603
204
-61
-36
2614
-220
2830
7679628
319
53
12
3369
-987
3091
7680653
934
66
120
1990
-1132
3707
7681678
951
-267
281
2317
-661
3579
7682703
754
-243
294
2982
-827
2683
7675520
847
-154
253
2514
-1153
3064
7676545
911
-236
249
2325
-1210
3818
7677570
501
-306
196
2762
-1122
3509
7678595
234
-338
144
2545
-1146
3162
7679620
52
-349
68
2410
-971
3067
7680645
38
-283
-23
2657
-1363
3255
7681670
214
-275
-48
2578
-1052
3277
7682695
218
-260
20
2472
-746
2763
7683720
69
-115
15
2652
-843
2414
7684745
40
56
-9
2741
-1006
2583
7685770
93
152
5
2776
-876
2910
7686795
34
155
24
2816
-847
3099
7687820
-41
96
23
2675
-957
3179
7688845
29
17
19
2539
-1117
3223
7689870
157
-12
25
2598
-956
3178
7690895
39
61
19
2539
-727
2938
7683713
-256
146
-14
2506
-1066
2919
7684738
-174
141
-28
2577
-1342
3159
7685763
116
53
-15
2576
-1026
3416
7686788
111
-29
-11
2560
-953
3341
7687813
-3
-63
-25
2570
-947
3130
7688838
-36
-52
-16
2569
-969
3009
7689863
-14
-25
-5
2571
-942
2977
7690888
-15
-6
-11
2624
-917
3066
7691913
-9
-8
-4
2622
-963
3093
7692938
20
-20
-2
2608
-1040
3052
7693963
20
-18
-25
2616
-1066
3027
7694988
19
-12
-52
2616
-1062
3040
7696013
32
5
-56
2614
-942
3067
7697038
16
-2
-40
2588
-890
3094
7698063
-28
-12
-48
2594
-963
3091
7699088
-1
-13
-43
2588
-942
3109
7691904
4
-18
-36
2589
-878
3052
7692929
-21
-9
-25
2600
-913
3047
7693954
-25
-1
-18
2630
-924
3024
7694979
7
4
8
2624
-933
3014
7696004
42
9
7
2618
-903
3078
7697029
23
6
11
2623
-926
3107
7698054
23
-3
19
2594
-971
3087
7699079
11
-5
8
2604
-942
3068
7700104
-9
-6
10
2602
-945
3063
7701129
-16
8
12
2590
-975
3040
7702154
-17
17
-5
2580
-998
3050
7703179
8
17
-7
2616
-952
3104
7704204
-9
9
-10
2628
-948
3123
7705229
-28
-1
-13
2591
-970
3060
7706254
12
-1
2
2582
-917
3035
7707279
17
11
5
2615
-936
3050
7700096
8
18
-2
2610
-913
3133
7701121
3
1
2
2587
-946
3163
7702146
7
-11
11
2576
-913
3139
7703171
-10
-16
12
2579
-920
3097
7704196
-10
-15
14
2602
-945
3073
7705221
11
-11
26
2597
-956
3070
7706246
8
-2
22
2587
-932
3085
7707271
-17
0
10
2593
-1007
3090
7708296
28
-13
4
2607
-981
3120
7709321
36
-29
10
2629
-880
3104
7710346
-13
-27
10
2604
-962
3064
7711371
-23
-17
-5
2575
-1003
3050
7712396
3
-8
-5
2592
-999
3033
7713421
64
0
10
2626
-902
3042
7714446
61
-2
21
2601
-865
3129
7715471
-9
-6
11
2590
-929
3145
7708287
-25
-6
3
2603
-973
3075
7709312
9
-7
0
2624
-899
3048
7710337
6
-12
7
2621
-895
3092
7711362
5
-18
20
2587
-940
3121
7712387
-16
-18
11
2565
-990
3053
7713412
-17
-10
-1
2607
-1004
3035
7714437
2
-6
-5
2628
-941
3069
7715462
4
-18
9
2608
-907
3087
7716487
-14
-20
18
2604
-939
3038
7717512
-11
-6
9
2616
-945
3041
7718537
-8
5
0
2615
-977
3072
7719562
-1
9
-2
2610
-965
3053
7720587
-1
12
5
2597
-913
3039
7721612
-28
12
9
2594
-948
3080
7722637
-35
8
4
2612
-1007
3082
7723662
-6
7
0
2600
-986
3059
7716480
12
9
2
2601
-896
3070
7717505
-16
11
11
2617
-872
3091
7718530
-44
10
10
2603
-949
3093
7719555
-15
6
3
2604
-951
3071
7720580
18
1
8
2592
-911
3094
7721605
4
-1
17
2590
-916
3075
7722630
-23
7
16
2608
-1007
3027
7723655
3
7
7
2614
-1003
3104
7724680
20
-4
-5
2589
-979
3216
7725705
1
-22
-11
2551
-950
3162
7726730
-6
-24
-1
2555
-959
2997
7727755
11
-13
-2
2613
-922
3021
7728780
0
-6
-3
2629
-938
3064
7729805
13
-2
6
2596
-901
3061
7730830
-8
5
3
2593
-963
3107
7731855
-5
-2
-3
2603
-1006
3139
7724672
11
-21
-2
2586
-964
3120
7725697
22
-31
2
2564
-954
3064
7726722
31
-25
-2
2624
-924
3078
7727747
2
10
-15
2668
-1091
3108
7728772
76
61
13
2637
-1192
2881
7729797
12
207
-13
2744
-672
2602
7730822
-416
488
-113
2831
-365
2611
7731847
-603
688
-95
2696
-1052
2581
7732872
-305
861
-66
3008
-34
2431
7733897
-706
805
510
2469
807
2428
7734922
-2606
231
-350
507
-3008
9993
7735947
-4175
-129
-745
3106
-1932
2852
7736972
-887
-307
-348
1537
-3031
401
7737997
337
-349
-258
2173
-1615
1971
7739022
616
-160
46
3448
-883
2232
7740047
628
81
61
2498
-1183
2921
7733113
1239
-122
273
2162
-1128
3348
7734138
1369
-279
377
2684
-800
3139
7735163
1448
-278
338
2610
-1237
2897
7736188
1500
-222
318
2369
-1413
3319
7737213
1251
-215
355
2524
-829
3524
7738238
318
-243
195
2596
-854
3579
7739263
-26
-317
64
2608
-1276
3421
7740288
10
-345
51
2493
-1094
3441
7741313
-393
-318
-63
2494
-1121
3054
7742338
-205
-278
-86
2545
-1420
2806
7743363
459
-265
-47
2533
-1419
2995
7744388
712
-221
-49
2564
-939
2881
7745413
443
-94
-40
2742
-337
2576
7746438
-107
53
-38
2822
-611
2588
7747463
-292
138
-55
2808
-1153
2976
7748488
-77
105
-20
2637
-999
3359
7741056
-47
35
-16
2596
-934
3198
7742081
-49
12
-25
2575
-993
2952
7743106
61
12
-10
2585
-928
2971
7744131
144
37
11
2572
-1005
3058
7745156
180
63
18
2593
-929
3130
7746181
130
50
19
2592
-985
3157
7747206
88
22
27
2645
-878
3190
7748231
63
-5
42
2585
-961
3122
7749256
59
-27
21
2576
-967
3086
7750281
17
-22
11
2581
-1000
3069
7751306
-2
-10
-18
2624
-997
3086
7752331
-23
-5
-25
2643
-913
3020
7753356
-27
-9
-12
2605
-947
3014
7754381
26
-16
-4
2605
-943
3123
7755406
33
-16
-8
2585
-968
3118
7756431
15
-11
-20
2587
-948
3075
7749248
-12
-5
-22
2623
-931
3028
7750273
4
-6
-12
2612
-902
3076
7751298
4
-14
-8
2598
-898
3156
7752323
-2
-22
2
2603
-932
3092
7753348
14
-20
13
2619
-933
3030
7754373
47
-23
15
2623
-874
3092
7755398
30
-32
22
2633
-871
3093
7756423
5
-28
27
2602
-936
3066
7757448
-26
-12
13
2613
-943
3047
7758473
-55
6
5
2647
-1004
2970
7759498
-19
27
3
2622
-1037
2980
7760523
39
17
-9
2612
-926
3106
7761548
61
-2
6
2619
-885
3190
7762573
22
-14
6
2594
-936
3110
7763598
-26
-14
-17
2614
-982
3054
7764623
-28
-10
-25
2641
-962
3021
7757440
-18
-9
-24
2622
-944
3078
7758465
-7
-18
-29
2609
-900
3130
7759490
16
-33
-8
2607
-874
3129
7760515
0
-29
1
2604
-884
3057
7761540
-32
-14
2
2623
-918
2966
7762565
-12
0
10
2635
-907
3005
7763590
-6
3
11
2652
-911
3068
7764615
1
4
16
2640
-979
3046
7765640
35
0
9
2630
-935
3108
7766665
5
-12
-7
2621
-938
3094
7767690
-30
-11
-13
2602
-952
3051
7768715
-22
-6
-6
2596
-942
3063
7769740
-11
-7
-1
2625
-926
3051
7770765
-9
0
7
2633
-927
3025
7771790
-9
10
7
2629
-961
3000
7772815
26
13
-3
2648
-929
3086
7765632
26
-1
-6
2622
-896
3141
7766657
-14
-12
-6
2626
-913
3080
7767682
-25
-10
-9
2615
-927
3066
7768707
-7
-13
-7
2604
-912
3097
7769732
7
-18
8
2610
-897
3088
7770757
-1
-16
10
2620
-936
3055
7771782
-5
-12
6
2635
-918
3031
7772807
-8
-3
10
2644
-931
3046
7773832
-10
3
5
2634
-954
3061
7774857
-17
-2
-6
2625
-955
3059
7775882
-2
-7
-9
2626
-924
3037
7776907
-12
-2
-10
2622
-916
3039
7777932
-24
6
-13
2625
-971
3083
7778957
7
0
-9
2629
-936
3115
7779982
7
-11
-6
2622
-890
3075
7781007
-16
-11
-1
2625
-906
3039
7773824
-33
-3
-1
2637
-953
3031
7774849
-10
0
-7
2645
-968
3066
7775874
23
-10
-10
2631
-915
3094
7776899
11
-17
0
2616
-900
3081
7777924
-15
-16
-2
2610
-920
3076
7778949
-18
-13
-5
2623
-930
3068
7779974
1
-14
0
2637
-911
3053
7780999
9
-16
4
2650
-898
3045
7782024
11
-12
8
2652
-907
3021
7783049
-4
-1
6
2626
-896
3053
7784074
-15
-1
6
2626
-972
3089
7785099
13
-5
7
2635
-928
3073
7786124
-5
-8
7
2636
-898
3036
7787149
0
-6
8
2630
-988
3129
7788174
35
-11
5
2631
-1064
3245
7789199
68
10
-12
2649
-1073
3258
7782015
-44
145
-61
2802
-646
3010
7783040
-488
519
-151
2994
120
1981
7784065
-790
938
3
2724
1093
1261
7785090
-1095
912
22
2704
-1702
2929
7786115
-2386
448
-421
1079
-2111
8153
7787140
-3796
-208
-180
2785
-635
5042
7788165
-2339
-599
-799
2340
-5000
698
7789190
-9
-433
-345
1671
-2218
1157
7790215
976
-292
-64
3302
-1219
1414
7791240
1127
28
18
2833
-1043
2154
7792265
1605
73
240
2439
-314
2971
7793290
1454
-45
356
2692
-290
3319
7794315
1086
-103
314
2631
-1173
3440
7795340
1292
-193
382
2495
-1099
3346
7796365
1216
-304
404
2757
-519
3374
7797390
505
-383
226
3007
-1102
3280
7790209
-38
-284
78
2381
-1053
3439
7791234
19
-324
97
2379
-1456
3349
7792259
477
-342
13
2455
-1791
2899
7793284
942
-193
47
2458
-767
2755
7794309
566
-46
13
2708
-567
2921
7795334
-89
29
-47
2811
-769
2783
7796359
-321
89
-48
2714
-947
2831
7797384
-159
97
-33
2818
-947
3029
7798409
-35
86
-25
2794
-880
2959
7799434
-65
86
-37
2711
-900
2852
7800459
-102
102
-38
2652
-960
2966
7801484
49
83
2
2576
-926
3229
7802509
146
36
20
2533
-966
3295
7803534
157
2
9
2543
-1028
3247
7804559
145
10
12
2593
-889
3047
7805584
47
47
30
2633
-748
2950
7798399
-74
50
22
2631
-1080
3103
7799424
22
4
5
2615
-1129
3285
7800449
113
-45
4
2622
-859
3169
7801474
10
-45
0
2653
-725
2960
7802499
-94
-18
0
2645
-938
2954
7803524
-30
-11
-1
2628
-1032
3039
7804549
69
-28
3
2615
-932
3119
7805574
61
-32
5
2644
-864
3055
7806599
-31
-16
-7
2651
-955
2989
7807624
-35
-4
-18
2630
-987
3045
7808649
6
0
-15
2620
-930
3101
7809674
1
3
-14
2611
-888
3056
7810699
-36
1
-17
2624
-907
2969
7811724
-13
-4
-18
2669
-880
3044
7812749
21
-6
-2
2669
-885
3076
7813774
25
-3
15
2605
-873
3054
7806595
5
-2
6
2616
-923
3092
7807620
-9
-6
0
2628
-921
3094
7808645
-41
-3
1
2642
-944
2979
7809670
-27
10
1
2653
-960
2968
7810695
14
22
7
2667
-892
3019
7811720
26
23
23
2637
-843
3088
7812745
-2
12
27
2614
-845
3104
7813770
-55
8
22
2613
-977
3051
7814795
-33
17
13
2642
-1025
2994
7815820
37
21
11
2633
-936
3061
7816845
27
10
15
2631
-954
3110
7817870
8
3
2
2609
-971
3117
7818895
-8
-1
-11
2610
-917
3054
7819920
-21
5
-5
2622
-937
2984
7820945
29
18
12
2639
-948
3065
7821970
42
15
-7
2617
-915
3176
7814784
0
-3
-19
2588
-879
3147
7815809
-26
-14
-12
2607
-881
3067
7816834
-31
-11
-7
2638
-892
3008
7817859
-14
5
1
2620
-926
3049
7818884
8
3
3
2611
-903
3125
7819909
-3
-9
7
2617
-916
3089
7820934
-2
-3
9
2629
-878
3031
7821959
-13
8
16
2619
-846
3072
7822984
-19
3
29
2605
-975
3137
7824009
-6
-8
13
2588
-1026
3106
7825034
-21
-8
-8
2614
-939
3002
7826059
-54
0
-10
2663
-937
2956
7827084
-23
8
-5
2671
-962
3040
7828109
21
9
4
2618
-886
3118
7829134
-9
5
0
2611
-867
3079
7830159
-55
15
-4
2618
-930
3025
7822976
-42
19
0
2617
-983
3034
7824001
11
23
10
2623
-916
3059
7825026
3
23
13
2628
-902
3073
7826051
-21
26
8
2591
-975
3110
7827076
10
14
11
2603
-990
3130
7828101
11
-9
1
2598
-967
3100
7829126
-15
-9
-14
2599
-938
3044
7830151
-16
8
-10
2619
-935
3037
7831176
30
15
5
2627
-931
3096
7832201
20
9
2
2604
-933
3141
7833226
-8
10
-10
2587
-945
3128
7834251
-8
8
-9
2576
-927
3138
7835276
2
-4
-4
2600
-901
3080
7836301
-3
-3
4
2624
-856
3034
7837326
-46
25
-2
2627
-984
3095
7838351
-5
97
-20
2689
-1059
3133
7831168
128
204
29
2819
-1137
2897
7832193
-57
510
17
2850
-303
1940
7833218
-888
1082
-47
2621
796
654
7834243
-450
1064
43
3356
-1643
2986
7835268
34
570
54
855
-1841
9769
7836293
-2986
80
-431
900
591
4680
7837318
-2605
-438
-274
3541
-3330
259
7838343
-1205
-187
-520
1587
-2968
2539
7839368
738
-256
-29
2799
-1871
1824
7840393
1158
-79
67
3123
-257
2845
7841418
641
35
29
2268
-347
3220
7842443
577
-174
89
2208
-1150
3201
7843468
1007
-250
247
2866
-1146
2812
7844493
1319
-112
300
2394
-712
2816
7845518
1077
-157
258
2193
-783
3976
7846543
660
-270
154
2646
-1194
4119
7839361
156
-276
177
2477
-1022
3219
7840386
92
-273
136
2392
-1186
2786
7841411
334
-230
64
2630
-1153
3214
7842436
426
-226
65
2537
-698
3683
7843461
54
-275
53
2526
-720
3394
7844486
-312
-243
-25
2628
-1164
2763
7845511
82
-173
-16
2558
-1250
2585
7846536
422
-96
-36
2563
-1144
2804
7847561
490
-32
-58
2771
-735
3124
7848586
183
33
8
2740
-192
2993
7849611
-427
102
2
2597
-770
2928
7850636
-480
104
-18
2634
-1174
3107
7851661
-213
47
-28
2534
-1272
3193
7852686
-39
40
-50
2533
-952
3051
7853711
14
43
-23
2559
-870
3129
7854736
0
20
-34
2555
-973
3282
7847552
17
-20
-29
2516
-915
3281
7848577
5
-36
-10
2535
-865
3163
7849602
-18
-19
7
2537
-906
3124
7850627
-54
-21
4
2566
-955
3082
7851652
-11
-34
20
2622
-954
3066
7852677
45
-40
29
2624
-982
3080
7853702
54
-41
8
2601
-959
3076
7854727
10
-32
-6
2602
-980
3032
7855752
14
-17
-15
2614
-991
3043
7856777
59
-5
-5
2604
-850
3095
7857802
22
-5
5
2570
-840
3095
7858827
-59
-1
-7
2580
-962
3025
7859852
-31
14
-11
2615
-1036
3060
7860877
38
11
-10
2609
-915
3208
7861902
40
-19
2
2577
-838
3209
7862927
-9
-40
10
2546
-845
3121
7855744
-46
-37
16
2576
-966
3060
7856769
12
-22
37
2606
-951
3047
7857794
64
-28
45
2608
-915
3103
7858819
23
-36
30
2624
-961
3121
7859844
-3
-38
17
2617
-990
3061
7860869
-3
-31
3
2594
-972
3040
7861894
-14
-16
5
2602
-949
2984
7862919
8
0
5
2619
-948
3037
7863944
18
2
-2
2621
-933
3131
7864969
-4
-1
-8
2598
-931
3141
7865994
-36
-6
-8
2590
-927
3071
7867019
-33
0
-2
2595
-963
3024
7868044
-7
10
-2
2618
-958
3049
7869069
3
16
-6
2620
-935
3134
7870094
7
1
0
2590
-896
3156
7871119
-22
-14
10
2585
-901
3073
7863936
-65
-11
5
2603
-992
2966
7864961
-18
10
-6
2626
-1038
3024
7865986
58
9
-16
2621
-919
3162
7867011
57
-14
0
2586
-822
3200
7868036
-15
-27
13
2585
-875
3121
7869061
-48
-25
11
2581
-1000
3043
7870086
4
-22
-1
2592
-1001
3072
7871111
36
-24
-7
2613
-927
3116
7872136
25
-23
2
2618
-894
3084
7873161
-6
-20
11
2622
-922
3047
7874186
-13
-12
2
2614
-935
3039
7875211
-20
1
-2
2605
-877
3029
7876236
-44
6
-1
2619
-987
3052
7877261
1
3
2
2628
-962
3139
7878286
14
-16
0
2605
-941
3173
7879311
-9
-32
-8
2582
-945
3099
7872269
-3
-34
-5
2582
-942
3030
7873294
14
-23
-2
2618
-925
3036
7874319
21
-13
3
2628
-918
3067
7875344
24
-17
7
2617
-893
3083
7876369
4
-15
5
2638
-914
3058
7877394
-19
-4
-2
2653
-939
3028
7878419
-18
0
-4
2610
-963
3036
7879444
18
-7
3
2614
-935
3100
7880469
14
-4
1
2613
-905
3127
7881494
-39
-8
-10
2620
-936
3068
7882519
-32
-9
-5
2630
-939
3018
7883544
11
-6
7
2601
-942
3032
7884569
33
-4
7
2619
-926
3071
7885594
14
-4
-1
2636
-896
3116
7886619
-30
-6
-9
2622
-912
3083
7887644
-23
2
2
2601
-901
3047
7880320
-6
7
8
2606
-927
3074
7881345
-11
7
7
2623
-915
3061
7882370
-32
9
9
2653
-890
3044
7883395
-57
29
0
2662
-911
3035
7884420
-28
52
-2
2662
-943
3026
7885445
14
96
3
2664
-946
3019
7886470
-161
234
11
2805
-978
2909
7887495
-470
538
18
2916
-506
2105
7888520
-750
923
-3
2508
-461
1423
7889545
-382
1068
-87
2994
-1633
2327
7890570
410
785
431
2644
-249
5741
7891595
-1253
-157
-22
-559
662
11372
7892620
-3926
-631
-196
3159
-1068
734
7893645
-2110
-366
-335
2233
-3198
-1586
7894670
74
-83
-90
1937
-3447
1679
7895695
1476
78
337
3502
-985
2926
7888513
781
236
214
2852
22
3423
7889538
-196
119
-38
2094
-1796
3522
7890563
309
-162
42
2561
-2046
3122
7891588
1166
-261
86
2496
-1826
3355
7892613
1516
-370
132
2064
-1154
3529
7893638
1227
-349
189
2334
-601
3014
7894663
695
-301
81
2624
-977
3364
7895688
268
-265
58
2728
-743
3149
7896713
102
-216
58
2490
-1316
3053
7897738
119
-133
-28
2543
-1010
3193
7898763
115
-138
39
2590
-632
3269
7899788
-61
-155
-23
2465
-1409
3310
7900813
243
-175
-56
2506
-1370
3060
7901838
437
-138
-24
2557
-849
2818
7902863
274
-46
-33
2681
-788
2801
7903888
79
50
-28
2771
-768
2819
7896705
-62
112
-1
2625
-986
3019
7897730
-32
93
-32
2549
-1131
3259
7898755
166
16
-27
2528
-1078
3343
7899780
237
-16
-8
2503
-797
3255
7900805
26
4
-14
2508
-779
3051
7901830
-141
50
-33
2520
-1019
2977
7902855
-40
59
-35
2561
-1047
3153
7903880
92
24
-15
2590
-934
3347
7904905
106
-12
-14
2542
-904
3263
7905930
-20
-13
-8
2517
-816
3052
7906955
-81
-10
-15
2544
-1024
3035
7907980
22
1
-3
2590
-972
3141
7909005
62
-6
7
2544
-869
3183
7910030
-37
-23
-12
2579
-929
3178
7911055
-50
-37
-14
2557
-998
3126
7912080
9
-48
-9
2538
-963
3134
7904896
20
-43
-7
2523
-975
3137
7905921
14
-43
-7
2549
-972
3132
7906946
20
-47
-8
2598
-944
3080
7907971
15
-47
-17
2610
-944
3077
7908996
19
-34
-22
2617
-915
3064
7910021
18
-14
-7
2576
-857
3033
7911046
-25
2
-16
2567
-951
3035
7912071
-5
9
-23
2602
-935
3162
7913096
29
-2
-3
2575
-889
3195
7914121
-29
-3
5
2538
-927
3061
7915146
-48
4
1
2568
-991
2992
7916171
-1
21
-5
2617
-918
3065
7917196
-22
31
-9
2607
-882
3176
7918221
-57
15
-16
2575
-884
3161
7919246
-63
8
-11
2566
-884
3069
7920271
-61
19
-7
2587
-947
3058
7913087
-58
24
-10
2589
-943
3112
7914112
-25
16
2
2553
-938
3189
7915137
14
-7
16
2558
-926
3159
7916162
6
-11
14
2555
-967
3120
7917187
0
-9
2
2563
-983
3146
7918212
11
-8
7
2558
-926
3145
7919237
16
-10
16
2563
-906
3126
7920262
-4
-14
7
2584
-964
3103
7921287
5
-15
5
2578
-989
3113
7922312
34
-16
17
2553
-915
3124
7923337
27
-20
29
2557
-898
3091
7924362
-13
-7
19
2588
-1005
3070
7925387
-10
-1
-6
2583
-1012
3125
7926412
11
-9
-17
2577
-947
3180
7927437
-8
-19
-20
2559
-893
3144
7928462
-43
-19
-9
2559
-921
3065
7921280
-10
-13
0
2582
-962
3055
7922305
43
-15
13
2598
-895
3119
7923330
20
-11
11
2564
-915
3129
7924355
-10
-8
3
2573
-921
3120
7925380
-31
-8
0
2589
-997
3104
7926405
-3
-10
4
2589
-944
3090
7927430
12
-13
4
2595
-907
3099
7928455
2
-10
-3
2580
-940
3101
7929480
7
-6
-9
2570
-969
3117
7930505
15
-8
-2
2555
-935
3150
7931530
4
-16
9
2574
-889
3123
7932555
-19
-10
17
2561
-915
3031
7933580
-6
3
7
2585
-971
3034
7934605
35
3
1
2621
-958
3128
7935630
35
2
6
2591
-886
3165
7936655
-18
2
9
2532
-901
3141
7929472
-38
-6
12
2554
-976
3101
7930497
6
-7
9
2589
-989
3117
7931522
38
-7
7
2589
-909
3124
7932547
0
-3
11
2578
-884
3106
7933572
-24
-4
8
2586
-938
3100
7934597
-12
-11
4
2579
-959
3128
7935622
-3
-15
2
2580
-968
3092
7936647
7
-4
-3
2588
-862
3077
7937672
-42
3
-7
2574
-916
3059
7938697
-26
-5
1
2590
-1027
3122
7939722
20
-13
2
2588
-936
3208
7940747
-21
-36
-1
2553
-965
3193
7941772
-22
-55
-14
2561
-1031
3150
7942797
32
-48
-24
2581
-923
3118
7943822
-12
-17
-32
2597
-941
3024
7944847
9
-22
-29
2620
-1119
3018
7937664
110
25
-18
2825
-903
2917
7938689
-111
339
-29
2999
-525
1809
7939714
-527
1004
-46
2538
138
462
7940739
-143
1448
53
3061
-1148
1398
7941764
560
1218
233
3563
-1724
5414
7942789
-677
158
-259
-1499
-263
13997
7943814
-3884
-277
-513
2968
-171
-970
7944839
-1554
-337
-502
2674
-4401
-2
7945864
451
-147
-316
1006
-1277
3367
7946889
1210
-424
168
3317
-334
3217
7947914
733
-260
37
2693
-769
3787
7948939
628
-386
198
1939
-924
2802
7949964
648
-412
243
2811
-729
2764
7950989
1045
-262
228
2971
-893
3290
7952014
915
-329
258
2453
-743
3669
7953039
416
-483
213
2509
-986
3869
7945857
-66
-456
32
2644
-1178
3361
7946882
-284
-351
-47
2319
-824
2936
7947907
-183
-280
-69
2520
-1274
3176
7948932
346
-287
-50
2571
-1551
2947
7949957
865
-290
22
2463
-783
2599
7950982
636
-113
18
2775
-331
2594
7952007
71
129
4
2904
-352
2550
7953032
-351
226
39
2714
-748
2696
7954057
-341
191
21
2783
-1175
3208
7955082
-32
91
24
2714
-1097
3463
7956107
63
-2
9
2524
-914
3220
7957132
-45
5
-22
2559
-872
2893
7958157
-54
75
-20
2544
-955
2991
7959182
54
78
-14
2483
-1042
3283
7960207
136
37
-15
2549
-923
3345
7961232
72
13
-17
2600
-757
3236
7954048
-105
9
-23
2570
-847
3114
7955073
-167
-3
-31
2625
-1022
2995
7956098
13
6
-12
2618
-879
3054
7957123
40
10
-16
2605
-800
3215
7958148
-25
-12
-24
2577
-905
3271
7959173
-22
-39
-19
2543
-905
3205
7960198
-33
-48
-18
2537
-924
3132
7961223
-61
-48
-34
2608
-941
3013
7962248
-64
-24
-42
2645
-876
2922
7963273
-39
5
-53
2646
-879
2984
7964298
13
7
-46
2644
-869
3110
7965323
34
-24
-20
2641
-859
3178
7966348
-2
-47
-17
2588
-851
3175
7967373
-38
-48
-15
2581
-812
3113
7968398
-71
-37
-3
2583
-884
3055
7969423
-15
-36
9
2595
-948
3084
7962239
49
-37
20
2638
-882
3109
7963264
9
-33
16
2640
-852
3053
7964289
-26
-26
13
2614
-914
3037
7965314
-11
-25
19
2621
-917
3041
7966339
18
-24
31
2658
-883
3042
7967364
6
-17
23
2636
-915
3043
7968389
-29
-8
0
2631
-913
3051
7969414
-44
4
-8
2630
-924
3046
7970439
-35
8
0
2634
-934
3023
7971464
-2
10
-2
2633
-896
3068
7972489
0
10
-9
2644
-868
3103
7973514
-36
10
-17
2598
-885
3101
7974539
-45
5
-22
2614
-920
3092
7975564
-13
0
-12
2629
-866
3090
7976589
-22
2
0
2630
-855
3016
7977614
-16
17
7
2646
-878
2979
7970432
-1
31
6
2636
-871
3116
7971457
-10
23
8
2638
-902
3162
7972482
-11
8
12
2622
-879
3102
7973507
-42
9
14
2590
-926
3001
7974532
-32
23
7
2584
-1002
3014
7975557
25
30
1
2620
-904
3180
7976582
14
6
8
2608
-860
3212
7977607
-29
-12
15
2601
-872
3111
7978632
-59
-13
8
2570
-924
3094
7979657
-41
-11
14
2549
-937
3102
7980682
-2
-10
45
2582
-920
3087
7981707
4
-3
67
2638
-864
3035
7982732
-51
14
43
2670
-918
2962
7983757
-98
42
-11
2670
-1016
2977
7984782
-57
51
-39
2647
-993
3039
7985807
-41
48
-41
2602
-980
3090
7978624
-49
47
-46
2591
-968
3094
7979649
-46
46
-44
2565
-891
3134
7980674
-68
40
-46
2570
-899
3164
7981699
-62
29
-42
2588
-963
3113
7982724
3
24
-32
2586
-890
3134
7983749
22
4
-16
2579
-836
3245
7984774
1
-26
1
2577
-915
3209
7985799
28
-39
20
2579
-912
3132
7986824
25
-40
35
2566
-931
3055
7987849
27
-37
28
2593
-973
3090
7988874
34
-41
22
2610
-955
3141
7989899
13
-46
13
2631
-948
3067
7990924
4
-41
8
2629
-899
3003
7991949
-12
-23
6
2599
-930
3069
7992974
11
-16
7
2618
-967
3115
7993999
29
-19
4
2617
-879
3072
7986818
-25
-16
-3
2632
-906
2988
7987843
-19
-1
-5
2638
-989
2999
7988868
51
-7
-8
2621
-896
3145
7989893
37
-20
-4
2622
-878
3161
7990918
-48
44
-14
2669
-690
2885
7991943
-266
192
-31
2744
-1144
2707
7992968
-538
524
-22
3102
-962
2126
7993993
-1496
1311
-79
3302
1757
-861
7995018
-2233
1730
132
2950
560
1600
7996043
-806
530
31
1338
-6969
11936
7997068
-801
-185
-726
-1548
-2976
8939
7998093
-363
-543
431
4401
2953
-5331
7999118
-2059
142
-585
2870
-3105
1944
8000143
135
486
80
1408
-3908
3324
8001168
1493
-44
187
3565
513
3856
8002193
555
-16
-32
2247
-1274
4001
7995008
626
-357
17
1676
-2011
3028
7996033
1317
-448
151
2952
-770
3277
7997058
1167
-263
89
2251
-494
3502
7998083
583
-341
41
2086
-1051
3902
7999108
274
-474
-44
2758
-1636
3826
8000133
415
-495
-13
2374
-871
3256
8001158
228
-450
-7
2271
-438
2904
8002183
127
-353
-72
2708
-1299
3242
8003208
460
-314
-9
2551
-976
3135
8004233
539
-306
74
2431
-626
2650
8005258
487
-182
65
2756
-798
2635
8006283
400
-7
54
2753
-548
2685
8007308
94
38
49
2661
-754
3084
8008333
4
-8
62
2802
-983
3255
8009358
-7
-38
54
2609
-1014
3086
8010383
-35
-42
5
2553
-1067
2997
8003199
40
3
-21
2615
-908
3084
8004224
33
36
7
2555
-769
3010
8005249
-90
59
-6
2564
-933
2994
8006274
-85
42
-28
2646
-984
3139
8007299
-3
11
-20
2616
-850
3262
8008324
12
-5
12
2547
-762
3172
8009349
-55
6
21
2576
-873
2965
8010374
-16
39
7
2614
-924
2954
8011399
-8
67
-9
2621
-860
3087
8012424
21
47
3
2580
-906
3325
8013449
23
-8
6
2562
-869
3284
8014474
-40
-19
5
2554
-927
3054
8015499
20
-5
10
2568
-951
3063
8016524
43
-3
-8
2589
-911
3158
8017549
45
-13
0
2558
-861
3158
8018574
14
-19
1
2581
-837
3122
8011426
-8
-15
11
2602
-896
3109
8012451
8
-3
2
2590
-871
3087
8013476
11
-1
-2
2559
-871
3150
8014501
-11
-25
-4
2585
-884
3142
8015526
-19
-29
3
2596
-948
3080
8016551
15
-22
5
2612
-928
3051
8017576
42
-11
7
2607
-825
3064
8018601
16
-11
1
2591
-864
3150
8019626
-8
-15
-1
2578
-875
3151
8020651
14
-13
0
2567
-901
3137
8021676
11
-21
-8
2592
-876
3100
8022701
-2
-17
-6
2599
-877
3090
8023726
16
-8
1
2598
-832
3115
8024751
-2
-6
0
2605
-847
3115
8025776
-6
-10
-2
2587
-941
3092
8026801
39
-5
9
2588
-821
3060
8019584
24
5
18
2589
-879
3107
8020609
-12
8
-10
2612
-952
3162
8021634
-5
-7
-20
2577
-867
3199
8022659
-23
-28
-12
2592
-849
3149
8023684
-20
-29
-2
2576
-876
3082
8024709
20
-27
7
2566
-883
3069
8025734
57
-27
15
2615
-776
3109
8026759
11
-24
18
2622
-825
3127
8027784
-15
-22
15
2604
-893
3098
8028809
1
-24
10
2618
-894
3061
8029834
-2
-18
3
2607
-883
3052
8030859
-14
-5
5
2609
-885
3087
8031884
14
-5
14
2610
-837
3145
8032909
10
-19
16
2602
-825
3127
8033934
-6
-15
18
2608
-861
3084
8034959
6
-10
19
2596
-890
3071
8027775
16
-11
21
2597
-880
3074
8028800
21
-12
30
2615
-898
3109
8029825
29
-13
28
2631
-864
3115
8030850
15
-15
21
2624
-865
3083
8031875
5
-12
12
2618
-883
3038
8032900
9
-4
6
2601
-911
3078
8033925
18
-7
2
2612
-916
3157
8034950
15
-15
2
2605
-874
3147
8035975
-4
-19
2
2590
-861
3075
8037000
-3
-15
-2
2581
-901
3084
8038025
16
-15
-5
2599
-891
3128
8039050
16
-21
-5
2623
-846
3119
8040075
-10
-20
-5
2637
-832
3075
8041100
-9
-9
0
2617
-830
3049
8042125
-8
-7
-3
2606
-868
3081
8043150
-8
-10
-5
2625
-880
3082
8035969
5
-13
4
2614
-841
3056
8036994
10
-3
11
2620
-812
3059
8038019
-12
9
9
2619
-859
3086
8039044
-19
13
3
2620
-913
3099
8040069
5
6
-3
2629
-885
3126
8041094
7
-3
-3
2627
-848
3107
8042119
-9
3
0
2598
-827
3066
8043144
-32
19
-10
2622
-868
3111
8044169
-20
29
-17
2598
-1008
3178
8045194
49
5
-8
2575
-850
3161
8046219
2
-17
1
2626
-727
3027
8047244
-57
16
8
2653
-798
2946
8048269
-25
74
15
2677
-807
2977
8049294
-58
137
6
2803
-976
2970
8050319
-171
376
15
2963
-404
2416
8051344
-636
816
20
2729
20
1805
8044161
-841
1165
77
2647
32
1879
8045186
-561
1197
383
3599
-1232
3134
8046211
-1588
786
-97
-1054
-2421
10108
8047236
-2867
-111
-253
3184
-2233
2549
8048261
-445
-228
-618
1650
-3952
576
8049286
914
-260
-98
2074
-589
2951
8050311
721
-307
6
3170
-764
3375
8051336
934
-396
-47
2291
-1019
3710
8052361
1181
-568
140
2142
-563
2980
8053386
1048
-466
207
2465
-485
2238
8054411
1184
-257
173
2650
-536
2869
8055436
1102
-244
135
2495
-693
3834
8056461
486
-314
227
2691
-603
3952
8057486
241
-360
201
2756
-1115
3658
8058511
141
-427
120
2483
-659
3463
8059536
-186
-417
108
2465
-725
3149
8052351
-330
-287
34
2611
-1490
2643
8053376
230
-189
-8
2413
-1531
2616
8054401
684
-117
-18
2601
-717
2823
8055426
409
4
3
2889
-71
2881
8056451
-324
136
8
2722
-428
2819
8057476
-537
150
-8
2676
-1145
3018
8058501
-178
86
-16
2686
-1206
3297
8059526
52
13
-29
2550
-926
3282
8060551
-9
-1
-36
2536
-829
3134
8061576
-43
27
-37
2560
-861
3067
8062601
1
34
-21
2514
-834
3071
8063626
26
10
-14
2542
-847
3206
8064651
37
-27
-12
2625
-872
3284
8065676
26
-45
-6
2558
-845
3169
8066701
-10
-41
-13
2603
-810
3028
8067726
-57
-4
-7
2634
-878
2906
8060544
-23
24
-12
2639
-960
2968
8061569
51
22
-23
2660
-861
3126
8062594
60
3
-17
2617
-751
3219
8063619
-29
-13
-19
2589
-799
3164
8064644
-62
-16
-23
2564
-914
3099
8065669
1
-4
-16
2559
-873
3063
8066694
21
13
-4
2588
-802
3030
8067719
-9
29
-8
2619
-798
3101
8068744
-39
31
-14
2604
-865
3175
8069769
-29
12
-14
2594
-883
3159
8070794
-11
6
-4
2600
-825
3127
8071819
-23
1
-3
2578
-806
3101
8072844
-30
-3
-2
2586
-850
3075
8073869
2
-7
3
2604
-853
3110
8074894
20
-16
10
2605
-839
3138
8075919
-1
-23
6
2601
-878
3122
8068736
8
-24
0
2584
-889
3102
8069761
29
-21
3
2568
-839
3088
8070786
23
-25
6
2601
-825
3137
8071811
2
-32
2
2610
-869
3166
8072836
-4
-36
-7
2584
-883
3108
8073861
10
-35
-6
2598
-841
3066
8074886
9
-27
-3
2629
-828
3062
8075911
19
-17
8
2630
-810
3081
8076936
9
-11
9
2597
-829
3097
8077961
2
-16
-2
2605
-844
3142
8078986
0
-28
2
2602
-836
3122
8080011
-7
-29
15
2613
-832
3000
8081036
10
-8
17
2641
-841
3012
8082061
13
2
2
2636
-869
3146
8083086
19
-12
-2
2594
-842
3184
8084111
3
-30
3
2589
-817
3130
8076928
-15
-27
10
2612
-856
3039
8077953
-2
-9
0
2629
-858
3049
8078978
9
-8
-7
2625
-828
3119
8080003
-3
-21
2
2622
-830
3100
8081028
-11
-18
3
2625
-868
3063
8082053
25
-13
13
2627
-832
3075
8083078
21
-15
9
2616
-793
3110
8084103
-21
-18
4
2607
-829
3109
8085128
-18
-18
6
2611
-867
3077
8086153
12
-9
11
2616
-860
3057
8087178
21
-7
10
2638
-830
3069
8088203
-1
-5
4
2637
-824
3076
8089228
-6
-4
2
2624
-814
3091
8090253
5
-16
14
2617
-834
3095
8091278
22
-20
25
2616
-859
3092
8092303
1
-9
14
2619
-824
3076
8085217
-41
-1
4
2635
-862
3069
8086242
-35
0
5
2637
-892
3038
8087267
7
-7
3
2648
-854
3074
8088292
24
-14
0
2630
-836
3139
8089317
10
-19
2
2595
-826
3133
8090342
-10
-16
-1
2601
-829
3066
8091367
-19
-6
-3
2638
-854
3055
8092392
-10
-9
-4
2644
-861
3066
8093417
-8
-9
-5
2630
-839
3084
8094442
-14
-14
-6
2628
-840
3103
8095467
-8
-22
1
2622
-835
3074
8096492
4
-14
7
2620
-819
3046
8097517
6
-3
2
2639
-806
3070
8098542
-21
-2
-6
2641
-897
3080
8099567
-22
-9
-10
2672
-871
3114
8100592
-46
53
-26
2783
-870
3117
8093312
-89
292
-71
3053
-611
2673
8094337
-465
799
-135
2841
303
2026
8095362
-2044
1361
-43
2621
2059
489
8096387
-2845
1228
116
2901
-2907
2725
8097412
-2799
446
-405
606
-3345
11510
8098437
-2103
-354
37
2505
-1257
1015
8099462
-275
-290
-295
2084
-4421
-349
8100487
1706
-236
205
1882
-1235
3023
8101512
2079
-377
338
2791
-1057
3422
8102537
1354
-276
283
2614
-561
3184
8103562
847
-275
96
2237
-324
3087
8104587
974
-296
97
2637
-1244
3482
8105612
651
-279
42
3130
-1427
3628
8106637
187
-342
-23
2446
-627
3615
8107662
-63
-364
-3
2425
-439
3262
8108687
123
-295
-41
2569
-2102
2871
8101504
1072
-313
-116
2221
-1897
2828
8102529
1469
-201
-51
2567
-20
2834
8103554
582
22
4
2782
121
2988
8104579
-314
135
-5
2622
-521
3070
8105604
-598
138
0
2654
-1007
3025
8106629
-396
106
-3
2694
-1105
3059
8107654
-82
65
-16
2615
-1141
3130
8108679
129
30
-28
2594
-973
3245
8109704
122
4
-45
2576
-869
3172
8110729
125
-5
-17
2498
-817
3187
8111754
209
-29
23
2501
-752
3262
8112779
124
-42
26
2519
-726
3251
8113804
-60
-29
14
2496
-882
3111
8114829
-41
-14
20
2578
-966
3040
8115854
73
-9
30
2632
-891
3132
8116879
43
-20
18
2611
-858
3179
8109696
2
-37
15
2588
-899
3135
8110721
7
-40
7
2593
-878
3056
8111746
20
-24
7
2590
-826
3010
8112771
-30
10
-16
2593
-867
3002
8113796
-22
25
-35
2592
-946
3146
8114821
40
6
-23
2604
-811
3203
8115846
6
-12
-10
2563
-809
3138
8116871
-41
-11
-16
2558
-914
3119
8117896
-7
-10
-13
2552
-869
3171
8118921
8
-23
-11
2572
-865
3188
8119946
-13
-25
-15
2600
-856
3101
8120971
-22
-12
-8
2579
-847
3053
8121996
-10
-6
-13
2595
-848
3113
8123021
-7
-10
-14
2600
-846
3148
8124046
7
-17
-10
2579
-853
3124
8125071
30
-16
5
2604
-760
3081
8117887
-2
-8
23
2619
-777
3060
8118912
-27
3
18
2580
-859
3108
8119937
2
1
18
2574
-913
3133
8120962
26
-4
19
2595
-868
3105
8121987
7
2
17
2591
-855
3075
8123012
-9
13
17
2602
-820
3095
8124037
-20
16
20
2586
-870
3129
8125062
-11
5
11
2577
-928
3175
8126087
4
-10
-2
2581
-913
3170
8127112
24
-18
-5
2565
-864
3151
8128137
4
-23
-8
2583
-834
3162
8129162
-30
-25
-11
2585
-896
3113
8130187
-9
-19
-9
2593
-865
3085
8131212
20
-18
-4
2586
-825
3127
8132237
14
-19
5
2588
-797
3143
8133262
-22
-18
5
2591
-853
3053
8126080
-5
-12
3
2623
-854
3041
8127105
20
-6
8
2623
-805
3076
8128130
26
-6
24
2590
-834
3142
8129155
3
0
24
2577
-847
3161
8130180
-2
-2
29
2577
-842
3141
8131205
-12
-8
26
2597
-862
3079
8132230
-24
3
23
2612
-860
2998
8133255
-29
28
21
2587
-907
3025
8134280
29
32
20
2608
-879
3174
8135305
49
9
23
2586
-879
3236
8136330
22
-12
17
2546
-876
3179
8137355
-19
-16
2
2554
-905
3115
8138380
-24
-14
-20
2585
-924
3154
8139405
-15
-22
-22
2575
-875
3147
8140430
-9
-30
-19
2583
-868
3104
8141455
4
-28
-16
2601
-855
3100
8134272
4
-24
-9
2594
-836
3099
8135297
1
-22
-9
2602
-824
3086
8136322
-9
-21
-11
2626
-832
3096
8137347
-16
-15
-12
2601
-861
3064
8138372
-4
-6
-12
2603
-847
3072
8139397
-5
-3
-12
2601
-848
3107
8140422
-6
-4
-9
2606
-843
3113
8141447
-14
-1
-4
2608
-806
3068
8142472
-38
15
-7
2624
-868
3062
8143497
-13
39
-25
2619
-1077
3213
8144522
-29
88
-58
2735
-1096
3384
8145547
-347
314
-161
3181
-718
2603
8146572
-448
878
-205
2624
680
1513
8147597
-984
1238
342
2303
2982
1564
8148622
-3076
1201
492
3487
-288
2834
8149647
-5690
643
-691
90
-5879
9376
8142463
-3550
-66
-865
2608
-6132
2492
8143488
1526
-405
-239
1445
-1998
393
8144513
1166
-300
-56
2629
322
1422
8145538
-211
38
-168
3094
-1652
2658
8146563
128
63
-135
2470
-1839
3761
8147588
1348
-209
-11
1860
-1335
3401
8148613
1871
-457
80
2342
-1545
3320
8149638
1990
-436
85
2654
-1086
3704
8150663
1739
-412
168
2342
-237
3039
8151688
1247
-382
170
2647
-427
2868
8152713
593
-260
189
2836
-508
2952
8153738
57
-177
118
2634
-1085
3290
8154763
6
-177
73
2548
-1185
3316
8155788
168
-152
113
2524
-1033
3072
8156813
249
-78
79
2506
-934
2855
8157838
388
13
75
2602
-762
2703
8150656
354
144
43
2622
-884
2788
8151681
280
185
24
2591
-1178
3144
8152706
408
110
16
2584
-1024
3510
8153731
432
-21
22
2539
-751
3616
8154756
238
-88
59
2421
-509
3401
8155781
-116
-91
13
2411
-877
3222
8156806
-133
-54
-24
2431
-1081
3160
8157831
44
-29
-6
2483
-903
3154
8158856
77
-31
4
2578
-798
3216
8159881
13
-44
-5
2606
-861
3225
8160906
-42
-31
-2
2574
-793
2973
8161931
-67
6
-10
2584
-880
2880
8162956
-17
27
-27
2641
-929
3113
8163981
40
13
-21
2563
-861
3289
8165006
15
-16
-18
2505
-829
3294
8166031
-14
-29
2
2490
-822
3209
8158848
1
-36
11
2496
-878
3156
8159873
40
-38
6
2543
-898
3179
8160898
42
-30
2
2555
-813
3169
8161923
-6
-17
4
2556
-786
3078
8162948
-50
-10
-13
2599
-869
3104
8163973
-11
-7
-17
2577
-902
3174
8164998
30
-21
-11
2554
-832
3202
8166023
-20
-14
-1
2548
-766
3072
8167048
-67
0
-3
2551
-902
3044
8168073
-1
0
-15
2594
-898
3172
8169098
50
-9
-3
2544
-840
3255
8170123
38
-28
3
2526
-808
3216
8171148
-18
-24
4
2539
-818
3143
8172173
-43
-12
1
2549
-888
3084
8173198
-9
-3
-9
2585
-892
3093
8174223
23
-1
-7
2579
-864
3148
8167040
48
-8
6
2549
-820
3155
8168065
15
-4
5
2558
-815
3135
8169090
2
-2
0
2577
-861
3151
8170115
-24
-7
-15
2563
-860
3129
8171140
-8
-14
-20
2539
-910
3185
8172165
44
-23
-17
2534
-836
3221
8173190
24
-28
-13
2559
-787
3154
8174215
-30
-26
-16
2594
-813
3109
8175240
-54
-18
-22
2562
-858
3116
8176265
-23
-15
-25
2569
-865
3151
8177290
15
-6
-9
2572
-785
3185
8178315
23
-20
7
2564
-771
3129
8179340
-24
-19
-4
2597
-868
3080
8180365
-19
-2
-5
2585
-847
3129
8181390
1
-10
-5
2561
-838
3171
8182415
0
-19
-6
2564
-850
3155
8175233
19
-18
9
2563
-826
3123
8176258
22
-21
7
2569
-834
3129
8177283
-9
-18
-13
2590
-848
3148
8178308
-25
-18
-12
2593
-827
3120
8179333
-19
-8
-2
2590
-813
3098
8180358
1
-7
0
2593
-828
3108
8181383
-2
-5
-7
2575
-819
3128
8182408
-11
-4
-7
2574
-827
3150
8183433
-12
-6
0
2588
-830
3142
8184458
-6
1
6
2576
-848
3147
8185483
21
0
6
2556
-831
3170
8186508
9
-11
-2
2578
-811
3161
8187533
-17
-19
-2
2590
-806
3117
8188558
-24
-20
0
2586
-860
3111
8189583
10
-20
4
2572
-855
3147
8190608
19
-19
4
2569
-817
3133
8183424
-8
-11
7
2595
-793
3096
8184449
-27
-8
15
2599
-813
3067
8185474
-40
2
28
2576
-856
3064
8186499
-5
5
39
2582
-877
3115
8187524
10
-5
33
2636
-835
3133
8188549
-8
52
15
2845
-1130
3155
8189574
-80
446
64
3111
-279
1956
8190599
-1463
1212
53
2416
1262
569
8191624
-2479
1437
-75
3108
-795
2108
8192649
-1295
913
370
3464
-2868
5285
8193674
-1404
202
-395
-2236
-1641
12460
8194699
-1362
-455
-254
3437
-2364
-671
8195724
-256
-288
-124
2597
-905
-481
8196749
-350
60
-122
1605
-2598
2905
8197774
1268
-112
256
3172
-1910
3335
8198799
1687
-172
281
2700
32
3884
8191616
745
-257
175
2055
-806
2787
8192641
769
-318
142
2588
-1508
2854
8193666
1404
-253
157
2490
-1048
3725
8194691
1253
-299
117
2014
-1011
3951
8195716
573
-374
92
2489
-995
3870
8196741
208
-396
-7
2543
-1021
3456
8197766
212
-395
33
2388
-638
2943
8198791
3
-298
15
2538
-823
2908
8199816
-20
-199
-15
2673
-1283
3039
8200841
351
-170
-16
2508
-1074
3197
8201866
663
-201
33
2559
-785
3093
8202891
598
-181
17
2617
-606
3066
8203916
243
-119
-2
2572
-523
3008
8204941
-79
-46
-28
2672
-677
2885
8205966
-204
38
-33
2660
-840
2956
8206991
-192
65
-56
2592
-1014
3189
8199808
-62
44
-71
2562
-930
3359
8200833
20
-38
-56
2540
-618
3337
8201858
-47
-54
-11
2505
-691
3042
8202883
-116
1
-16
2524
-866
3036
8203908
-68
38
-5
2563
-901
3087
8204933
18
28
-4
2585
-836
3143
8205958
69
-3
2
2616
-743
3224
8206983
48
-21
14
2570
-778
3195
8208008
-25
-10
1
2562
-794
3106
8209033
-98
6
-14
2579
-896
3038
8210058
-50
9
-9
2574
-906
3079
8211083
54
4
5
2587
-859
3149
8212108
97
-6
3
2575
-781
3220
8213133
22
-21
-15
2558
-865
3188
8214158
-32
-24
-40
2535
-943
3159
8215183
-31
-13
-59
2562
-809
3109
8207999
-65
23
-52
2584
-618
2979
8209024
-93
35
-45
2574
-804
3026
8210049
31
8
-33
2630
-944
3254
8211074
75
-11
-23
2579
-806
3303
8212099
-14
-28
-13
2514
-803
3236
8213124
-37
-32
3
2547
-846
3113
8214149
27
-23
6
2572
-795
3131
8215174
15
-21
-15
2582
-768
3167
8216199
-38
-23
-27
2595
-815
3119
8217224
-23
-24
-9
2586
-795
3066
8218249
3
-29
-1
2615
-806
3132
8219274
0
-28
-8
2602
-805
3160
8220299
1
-25
-7
2574
-757
3153
8221324
-44
-12
-10
2586
-774
3081
8222349
-33
-5
3
2588
-850
3020
8223374
57
-2
23
2622
-813
3093
8216192
87
-6
19
2618
-731
3217
8217217
26
-19
7
2568
-755
3244
8218242
-7
-35
6
2527
-834
3198
8219267
31
-53
15
2563
-820
3167
8220292
50
-59
15
2588
-795
3181
8221317
34
-60
12
2592
-729
3157
8222342
-24
-54
16
2605
-792
3044
8223367
1
-42
26
2612
-873
3002
8224392
78
-37
40
2643
-785
3130
8225417
54
-49
35
2608
-771
3221
8226442
5
-60
27
2577
-805
3145
8227467
-11
-46
19
2604
-791
3022
8228492
-28
-29
6
2652
-821
2990
8229517
-12
-26
-1
2659
-861
3090
8230542
26
-33
6
2631
-821
3181
8231567
29
-43
20
2602
-763
3101
8224384
5
-37
20
2648
-785
3006
8225409
-25
-19
3
2649
-883
3020
8226434
12
-6
-4
2629
-858
3062
8227459
-2
26
-15
2625
-739
2985
8228484
-92
47
-37
2642
-956
3010
8229509
-82
42
-61
2683
-938
3096
8230534
-58
37
-73
2658
-873
3103
8231559
-55
74
-117
2623
-860
3048
8232584
-12
123
-168
2547
-974
3246
8233609
-12
149
-251
2680
-662
3300
8234634
-217
201
-214
2707
-383
2971
8235659
-498
312
-128
2589
-624
2556
8236684
-524
403
-99
2558
-960
2718
8237709
-384
398
-200
2503
-1142
3065
8238734
-248
347
-286
2572
-1316
3161
8239759
-3
299
-328
2659
-1157
3070
8232576
259
276
-376
2528
-956
3122
8233601
247
249
-434
2273
-1077
3407
8234626
256
221
-422
2395
-763
3409
8235651
231
213
-390
2442
-462
3303
8236676
-11
215
-417
2353
-627
3302
8237701
-75
200
-437
2325
-680
3603
8238726
97
134
-374
2379
-472
3829
8239751
81
36
-318
2431
-364
3751
8240776
-75
-30
-303
2456
-388
3474
8241801
-152
-21
-284
2423
-362
3156
8242826
-84
-7
-249
2391
-447
3220
8243851
-56
-4
-207
2449
-507
3354
8244876
-70
-9
-189
2487
-565
3362
8245901
-79
-18
-197
2497
-485
3292
8246926
-64
6
-168
2425
-294
3168
8247951
-139
24
-151
2352
-423
3147
8240768
-166
52
-156
2399
-532
3203
8241793
-127
72
-168
2454
-530
3295
8242818
-95
96
-142
2419
-204
3286
8243843
-178
89
-120
2386
-323
3268
8244868
-204
95
-109
2412
-585
3295
8245893
-107
92
-100
2407
-611
3482
8246918
-17
70
-48
2369
-368
3552
8247943
-80
36
-13
2364
-413
3491
8248968
-90
12
-6
2351
-631
3436
8249993
8
-6
-20
2388
-698
3444
8251018
101
-17
-12
2414
-440
3416
8252043
72
-27
3
2421
-376
3309
8253068
12
-23
10
2426
-496
3245
8254093
9
-10
3
2439
-590
3279
8255118
48
5
1
2409
-450
3339
8256143
18
1
7
2385
-406
3367
8248960
-39
-4
7
2397
-536
3375
8249985
-39
-9
1
2398
-629
3369
8251010
-4
-19
-11
2396
-620
3401
8252035
30
-29
-14
2396
-537
3404
8253060
22
-30
-5
2395
-448
3329
8254085
-21
-23
-12
2434
-458
3279
8255110
-33
-13
-18
2449
-462
3294
8256135
-22
-6
-3
2416
-402
3270
8257160
-32
-2
10
2397
-455
3284
8258185
-25
2
12
2419
-591
3335
8259210
17
-3
10
2428
-531
3430
8260235
22
-27
21
2410
-456
3503
8261260
-25
-45
41
2386
-467
3410
8262285
-33
-53
45
2373
-572
3311
8263310
18
-49
32
2394
-597
3302
8264335
65
-48
15
2420
-546
3360
8257151
54
-56
14
2453
-515
3368
8258176
5
-60
9
2466
-537
3320
8259201
-18
-57
-2
2432
-630
3290
8260226
12
-46
-11
2412
-617
3276
8261251
32
-30
-11
2441
-514
3285
8262276
-5
-22
-11
2483
-420
3275
8263301
-56
-26
-25
2479
-531
3283
8264326
-22
-28
-34
2445
-590
3299
8265351
33
-28
-26
2435
-483
3314
8266376
1
-26
-17
2455
-435
3294
8267401
-36
-30
-19
2469
-491
3295
8268426
-32
-35
-24
2442
-528
3306
8269451
6
-35
-30
2452
-559
3310
8270476
23
-24
-17
2474
-433
3307
8271501
-42
-19
-20
2470
-431
3268
8272526
-71
-12
-24
2469
-474
3253
8265345
-39
-10
-10
2464
-515
3279
8266370
-2
-11
4
2444
-522
3323
8267395
-10
-13
1
2457
-510
3340
8268420
-27
-13
-7
2450
-489
3306
8269445
-19
-13
1
2435
-444
3279
8270470
-24
-16
9
2475
-544
3284
8271495
-21
-16
-4
2486
-607
3307
8272520
-12
-21
-21
2477
-555
3333
8273545
0
-36
-25
2450
-568
3350
8274570
19
-42
-20
2434
-533
3325
8275595
-11
-38
-16
2470
-490
3278
8276620
-55
-37
-29
2497
-567
3273
8277645
-26
-38
-49
2488
-580
3278
8278670
22
-39
-48
2474
-455
3307
8279695
0
-45
-35
2473
-451
3325
8280720
-32
-47
-24
2485
-505
3290
8273536
-11
-53
-23
2487
-542
3255
8274561
30
-57
-36
2499
-538
3256
8275586
56
-53
-30
2501
-463
3263
8276611
31
-50
-19
2490
-421
3252
8277636
-24
-48
-24
2523
-491
3250
8278661
-25
-41
-29
2518
-526
3231
8279686
-5
-39
-30
2496
-483
3216
8280711
-14
-33
-25
2519
-431
3221
8281736
-54
-19
-21
2541
-426
3213
8282761
-77
-11
-26
2524
-487
3221
8283786
-53
-8
-30
2521
-487
3230
8284811
-30
-1
-16
2519
-436
3230
8285836
-46
4
-1
2516
-446
3231
8286861
-56
6
-1
2518
-539
3240
8287886
-24
7
-7
2519
-511
3273
8288911
10
-1
-2
2497
-461
3324
8281729
3
-12
7
2493
-482
3320
8282754
2
-17
13
2497
-489
3283
8283779
3
-19
16
2503
-506
3243
8284804
29
-26
9
2508
-567
3255
8285829
64
-30
13
2521
-507
3277
8286854
37
-32
16
2521
-448
3251
8287879
-16
-31
10
2520
-483
3217
8288904
-19
-26
6
2524
-525
3212
8289929
-5
-21
2
2546
-517
3222
8290954
-6
-16
2
2535
-492
3226
8291979
-13
-13
-6
2518
-508
3227
8293004
-7
-9
-5
2519
-461
3227
8294029
-17
-5
7
2533
-440
3211
8295054
-39
1
11
2546
-487
3197
8296079
-24
6
9
2534
-507
3238
8297104
12
0
16
2505
-476
3285
8289921
19
-8
22
2509
-472
3289
8290946
1
-12
26
2522
-486
3261
8291971
-10
-18
18
2520
-562
3255
8292996
22
-24
10
2513
-565
3267
8294021
42
-26
11
2516
-486
3260
8295046
9
-26
9
2529
-470
3226
8296071
-20
-22
1
2546
-533
3202
8297096
-2
-16
-2
2537
-519
3205
8298121
17
-12
7
2530
-466
3209
8299146
9
-5
14
2532
-468
3199
8300171
0
2
8
2549
-504
3208
8301196
15
2
1
2535
-513
3242
8302221
36
-2
6
2524
-505
3274
8303246
30
-4
17
2515
-491
3268
8304271
4
0
20
2525
-477
3229
8305296
-14
2
14
2553
-504
3188
8298419
1
2
7
2560
-517
3215
8299444
19
3
8
2540
-485
3226
8300469
3
6
5
2528
-496
3236
8301494
-16
10
-5
2526
-516
3237
8302519
-14
14
-10
2528
-480
3239
8303544
-17
12
-4
2518
-462
3250
8304569
-20
8
2
2525
-525
3271
8305594
-6
6
1
2523
-527
3267
8306619
1
3
-1
2514
-492
3241
8307644
6
-2
-1
2520
-482
3249
8308669
8
-3
4
2528
-470
3262
8309694
1
-7
3
2507
-498
3268
8310719
-2
-12
-2
2526
-524
3252
8311744
13
-14
-3
2531
-491
3247
8312769
19
-18
5
2526
-451
3252
8313794
