Device = VHR-0009
time_stamp = 1780035855214
sample_rate = 50
Data format = INT16
TYPE = 6-AXIS IMU RAW DATA
4
-4
10
-2808
-1586
2886
14279808
18
2
10
-2806
-1573
2895
14280833
19
4
11
-2818
-1543
2874
14281858
7
3
14
-2826
-1537
2868
14282883
3
0
15
-2819
-1549
2861
14283908
11
-5
12
-2838
-1517
2863
14284933
-3
-13
10
-2839
-1487
2843
14285958
-21
-22
9
-2840
-1486
2848
14286983
-32
-30
8
-2836
-1503
2859
14288008
-25
-38
2
-2829
-1496
2873
14289033
-22
-41
-8
-2811
-1500
2886
14290058
-33
-38
-17
-2798
-1526
2889
14291083
-38
-34
-18
-2796
-1565
2906
14292108
-23
-29
-14
-2789
-1598
2927
14293133
-3
-20
-14
-2783
-1582
2936
14294158
-12
-7
-12
-2789
-1569
2930
14295183
-30
2
-4
-2794
-1580
2899
14288000
-26
3
2
-2799
-1589
2866
14289025
-17
2
6
-2803
-1555
2867
14290050
-16
2
4
-2799
-1555
2889
14291075
-8
1
-4
-2796
-1564
2867
14292100
4
0
-11
-2809
-1537
2879
14293125
-10
-3
-9
-2805
-1560
2869
14294150
-13
-6
-4
-2810
-1580
2860
14295175
-7
-11
-1
-2814
-1574
2882
14296200
-9
-13
-2
-2805
-1568
2871
14297225
-11
-15
-8
-2797
-1565
2869
14298250
-15
-16
-7
-2792
-1579
2884
14299275
-7
-16
-8
-2794
-1601
2893
14300300
0
-13
-7
-2792
-1592
2911
14301325
-7
-7
-3
-2796
-1583
2888
14302350
-9
-4
2
-2794
-1594
2878
14303375
-1
-4
6
-2795
-1603
2902
14296192
15
-1
6
-2777
-1594
2905
14297217
15
4
5
-2802
-1564
2887
14298242
-3
4
8
-2812
-1575
2868
14299267
-4
1
11
-2791
-1609
2866
14300292
24
-2
15
-2798
-1585
2889
14301317
22
-4
15
-2808
-1547
2876
14302342
1
-7
11
-2806
-1549
2871
14303367
-7
-11
8
-2804
-1565
2859
14304392
6
-16
2
-2799
-1574
2882
14305417
13
-20
0
-2803
-1563
2874
14306442
8
-21
-1
-2802
-1561
2876
14307467
-6
-22
8
-2783
-1605
2898
14308492
3
-20
15
-2790
-1598
2894
14309517
21
-16
15
-2781
-1577
2912
14310542
29
-9
13
-2785
-1530
2927
14311567
18
-2
9
-2781
-1544
2922
14304385
13
2
10
-2795
-1553
2917
14305410
25
8
7
-2794
-1559
2921
14306435
30
14
7
-2795
-1540
2903
14307460
16
16
7
-2801
-1535
2878
14308485
3
13
7
-2806
-1565
2875
14309510
19
11
7
-2805
-1570
2892
14310535
32
9
4
-2792
-1530
2889
14311560
13
7
7
-2822
-1518
2879
14312585
-5
2
6
-2804
-1556
2871
14313610
10
-2
7
-2805
-1568
2878
14314635
29
-5
4
-2812
-1526
2887
14315660
11
-8
8
-2814
-1507
2906
14316685
-15
-8
13
-2788
-1561
2899
14317710
1
-8
15
-2792
-1575
2886
14318735
29
-7
12
-2799
-1519
2908
14319760
8
-1
6
-2790
-1500
2925
14312577
-13
7
2
-2791
-1550
2917
14313602
8
9
-1
-2805
-1543
2911
14314627
8
12
-1
-2801
-1530
2896
14315652
-3
15
-1
-2800
-1546
2879
14316677
3
12
-1
-2811
-1547
2872
14317702
6
5
-3
-2813
-1537
2864
14318727
1
-1
-4
-2815
-1557
2859
14319752
10
-3
-2
-2812
-1565
2894
14320777
6
-2
6
-2799
-1554
2905
14321802
-8
-4
12
-2803
-1564
2870
14322827
-3
-9
13
-2818
-1556
2852
14323852
12
-12
7
-2811
-1533
2885
14324877
19
-8
5
-2801
-1532
2918
14325902
17
-1
2
-2790
-1546
2929
14326927
13
3
-5
-2801
-1505
2895
14327952
15
5
-19
-2815
-1517
2872
14320768
15
3
-8
-2812
-1590
2868
14321793
38
3
-7
-2804
-1537
2905
14322818
19
5
-6
-2814
-1505
2913
14323843
-10
-2
0
-2809
-1550
2882
14324868
-1
-6
7
-2808
-1557
2868
14325893
5
-12
8
-2814
-1541
2854
14326918
0
-20
11
-2821
-1532
2869
14327943
-8
-26
12
-2810
-1546
2877
14328968
-2
-32
10
-2815
-1520
2887
14329993
0
-39
4
-2805
-1527
2883
14331018
2
-43
3
-2811
-1486
2891
14332043
-13
-44
-3
-2807
-1509
2898
14333068
-1
-46
-11
-2790
-1540
2919
14334093
28
-36
-21
-2775
-1521
2965
14335118
44
-1
-30
-2780
-1572
2952
14336143
108
21
-44
-2818
-1615
2805
14328959
318
-24
-39
-2975
-1769
2269
14329984
927
-120
-127
-3167
-1468
1088
14331009
1593
-373
-323
-3222
-385
2662
14332034
1107
-396
-294
-2345
-3039
7544
14333059
689
121
86
-892
-3033
6505
14334084
925
896
282
-3306
603
-777
14335109
333
127
421
-2838
-469
2015
14336134
-140
303
21
-2874
-1508
2840
14337159
446
107
10
-2907
-503
2618
14338184
-91
4
-4
-3035
-410
2500
14339209
-515
-75
-52
-2761
-1125
2965
14340234
-727
-158
67
-2950
-1274
3570
14341259
-889
-144
25
-2766
-1597
3265
14342284
-582
-82
0
-2671
-1860
3109
14343309
-239
-49
63
-2772
-1591
3150
14344334
-501
-62
162
-2796
-1144
3377
14337152
-759
27
188
-2807
-1385
3332
14338177
-708
75
148
-2758
-1619
2837
14339202
-328
53
78
-2768
-1338
2617
14340227
-173
2
55
-2992
-1063
2586
14341252
-276
-58
55
-3011
-1389
2639
14342277
-241
-74
38
-2844
-1640
2831
14343302
-105
-47
28
-2785
-1586
2939
14344327
-23
-25
21
-2764
-1505
2990
14345352
-35
-16
26
-2784
-1412
3000
14346377
-67
-17
16
-2811
-1345
2946
14347402
-83
-4
14
-2810
-1516
2928
14348427
-52
12
32
-2830
-1635
2888
14349452
8
16
38
-2822
-1564
2878
14350477
-6
11
45
-2829
-1451
2852
14351502
-44
-4
43
-2823
-1457
2890
14352527
-42
-16
45
-2839
-1452
2897
14345345
-2
-19
18
-2848
-1420
2878
14346370
-17
-30
9
-2839
-1442
2823
14347395
-37
-44
4
-2863
-1473
2815
14348420
-2
-63
-10
-2816
-1506
2911
14349445
2
-64
-12
-2829
-1442
2929
14350470
-23
-56
-14
-2767
-1525
2977
14351495
-27
-45
2
-2780
-1536
2955
14352520
-16
-37
-5
-2813
-1451
2921
14353545
-31
-34
-14
-2781
-1498
2936
14354570
-23
-30
-10
-2802
-1502
2915
14355595
2
-27
-25
-2806
-1436
2934
14356620
-30
-26
-28
-2790
-1493
2943
14357645
-12
-24
-32
-2788
-1503
2925
14358670
1
-23
-30
-2789
-1510
2934
14359695
-20
-21
-19
-2794
-1537
2918
14360720
-13
-22
-19
-2771
-1569
2948
14353536
3
-12
-4
-2765
-1579
2997
14354561
-5
6
8
-2767
-1553
2970
14355586
-11
15
4
-2786
-1499
2924
14356611
-15
8
0
-2804
-1520
2922
14357636
21
6
-4
-2795
-1502
2914
14358661
37
-2
-19
-2792
-1429
2900
14359686
12
-10
-23
-2809
-1462
2911
14360711
1
-10
-30
-2794
-1529
2909
14361736
25
-11
-45
-2781
-1494
2884
14362761
27
-26
-49
-2795
-1478
2895
14363786
-15
-40
-42
-2806
-1513
2885
14364811
-17
-40
-46
-2771
-1526
2903
14365836
8
-44
-46
-2767
-1486
2926
14366861
2
-45
-26
-2768
-1515
2935
14367886
-9
-38
-14
-2750
-1595
2966
14368911
5
-23
-8
-2728
-1578
3014
14361728
-4
-2
-3
-2721
-1551
3034
14362753
-12
21
-1
-2741
-1560
2983
14363778
5
29
-2
-2772
-1529
2904
14364803
-2
23
4
-2800
-1516
2865
14365828
-9
10
7
-2782
-1542
2900
14366853
14
1
1
-2764
-1534
2950
14367878
31
5
-5
-2759
-1492
2971
14368903
8
4
-6
-2776
-1504
2920
14369928
-3
-5
-13
-2779
-1545
2880
14370953
10
-10
-13
-2769
-1560
2919
14371978
13
-7
-9
-2772
-1553
2963
14373003
11
0
-14
-2748
-1512
3005
14374028
-4
13
-12
-2760
-1502
2956
14375053
-14
12
-9
-2784
-1525
2880
14376078
13
2
-11
-2795
-1545
2882
14377103
27
-6
-9
-2783
-1536
2909
14369921
2
-8
-5
-2784
-1491
2893
14370946
-25
-10
-16
-2780
-1530
2895
14371971
21
-1
-36
-2757
-1555
2942
14372996
107
-7
-35
-2837
-1614
2873
14374021
271
-58
-47
-2928
-1651
1923
14375046
943
-59
-334
-3076
-1193
2275
14376071
779
-230
-439
-3229
-261
4154
14377096
567
-312
-321
-832
-3350
9125
14378121
-28
910
103
-2900
-2431
-638
14379146
288
115
545
-2851
307
1899
14380171
-587
397
118
-2973
-2231
2187
14381196
507
122
-35
-2694
-957
2095
14382221
346
-41
41
-3273
-279
2542
14383246
-171
-129
-81
-2573
-1403
3371
14384271
-364
-132
146
-2857
-1715
3512
14385296
-443
-138
109
-2906
-1680
3228
14378112
-323
-131
48
-2599
-1507
3074
14379137
-232
-91
94
-2730
-1384
3052
14380162
-332
-97
96
-2813
-1329
3184
14381187
-490
-60
48
-2785
-1208
3181
14382212
-532
6
3
-2794
-1485
2983
14383237
-359
24
-34
-2721
-1716
2796
14384262
-79
29
-39
-2759
-1628
2733
14385287
6
-5
-34
-2858
-1524
2813
14386312
-61
-19
-27
-2826
-1673
2860
14387337
-57
-8
-15
-2759
-1701
2896
14388362
-1
5
-9
-2716
-1590
3020
14389387
-29
26
27
-2724
-1633
3042
14390412
-38
41
51
-2739
-1591
2984
14391437
-33
49
43
-2801
-1497
2885
14392462
-46
34
31
-2812
-1541
2850
14393487
-61
10
36
-2866
-1449
2682
14386304
-41
-42
3
-2906
-1492
2589
14387329
14
-87
-8
-2835
-1618
2823
14388354
58
-84
-1
-2762
-1561
3002
14389379
31
-76
-7
-2700
-1467
3060
14390404
-36
-56
5
-2723
-1493
3072
14391429
-81
-34
6
-2745
-1564
2954
14392454
-42
-23
-3
-2772
-1576
2889
14393479
-14
-21
-1
-2768
-1616
2907
14394504
-21
-14
15
-2750
-1643
2952
14395529
-21
-1
15
-2726
-1622
2964
14396554
-22
3
17
-2751
-1546
2938
14397579
-18
-3
18
-2787
-1496
2888
14398604
-14
-19
-2
-2793
-1485
2856
14399629
-44
-34
6
-2792
-1564
2835
14400654
-47
-43
8
-2784
-1678
2859
14401679
22
-37
2
-2735
-1620
3002
14394495
21
-16
1
-2715
-1495
3044
14395520
-47
-5
8
-2739
-1572
2959
14396545
-28
-11
2
-2752
-1609
2895
14397570
19
1
-4
-2772
-1602
2882
14398595
20
6
5
-2763
-1595
2949
14399620
22
16
18
-2738
-1596
3006
14400645
57
23
19
-2739
-1590
2926
14401670
92
13
13
-2794
-1519
2826
14402695
58
-13
2
-2790
-1507
2882
14403720
23
-8
-2
-2768
-1572
2935
14404745
36
-6
-4
-2730
-1574
2954
14405770
34
-12
-2
-2764
-1538
2933
14406795
11
-16
-3
-2788
-1524
2897
14407820
-4
-21
0
-2762
-1514
2915
14408845
-4
-22
5
-2744
-1538
2960
14409870
7
-16
2
-2730
-1546
2980
14402688
-6
-10
1
-2753
-1537
2942
14403713
-11
-8
-2
-2758
-1534
2938
14404738
-24
-4
5
-2769
-1562
2926
14405763
0
-5
0
-2743
-1571
2954
14406788
9
-4
2
-2750
-1551
2957
14407813
-8
-4
0
-2750
-1536
2930
14408838
-24
-9
3
-2769
-1561
2893
14409863
-9
-19
-3
-2768
-1561
2924
14410888
14
-19
-7
-2746
-1546
2951
14411913
11
-14
-10
-2737
-1549
2948
14412938
4
-11
-7
-2754
-1545
2943
14413963
-7
-11
-5
-2746
-1575
2941
14414988
2
-8
-4
-2743
-1584
2966
14416013
16
-1
-4
-2727
-1569
2980
14417038
18
9
1
-2745
-1550
2940
14418063
11
9
3
-2754
-1567
2939
14410880
19
9
0
-2745
-1562
2955
14411905
23
13
-4
-2754
-1538
2941
14412930
16
12
-6
-2755
-1541
2915
14413955
15
7
-7
-2754
-1548
2922
14414980
22
7
-11
-2748
-1554
2937
14416005
20
4
-12
-2767
-1537
2925
14417030
0
0
-11
-2760
-1544
2923
14418055
-9
-4
-8
-2747
-1573
2922
14419080
15
-5
-9
-2754
-1548
2953
14420105
16
-2
-9
-2758
-1557
2960
14421130
6
0
-10
-2742
-1550
2922
14422155
-1
-4
-9
-2758
-1551
2903
14423180
22
-1
-15
-2764
-1599
2921
14424205
92
2
-27
-2732
-1566
2957
14425230
111
12
-28
-2731
-1504
2947
14426255
104
20
-29
-2769
-1567
2902
14419071
206
13
-44
-2816
-1610
2831
14420096
382
-57
-51
-2974
-1501
2147
14421121
650
-176
-158
-3053
-1141
1882
14422146
721
-318
-287
-3045
-574
3531
14423171
526
-220
-346
-1742
-2615
7640
14424196
-242
389
245
-1610
-3457
3359
14425221
196
638
408
-3614
40
657
14426246
-254
98
376
-2568
-1173
2595
14427271
87
329
-52
-2708
-1833
2336
14428296
484
91
70
-2910
-427
2363
14429321
76
65
-30
-2966
-810
2545
14430346
-87
-56
-4
-2712
-1487
3324
14431371
-240
-93
104
-3094
-1403
3394
14432396
-443
-149
-18
-2834
-1431
2860
14433421
-373
-185
-17
-2633
-1705
2925
14434446
-298
-186
100
-2780
-1661
3216
14427265
-221
-144
82
-2789
-1309
3341
14428290
-297
-51
42
-2700
-1412
3135
14429315
-295
-11
46
-2684
-1524
2908
14430340
-142
-6
21
-2771
-1561
2856
14431365
-37
-11
15
-2789
-1537
2886
14432390
8
-17
1
-2805
-1427
2934
14433415
-44
-22
-17
-2773
-1398
2935
14434440
-93
-19
1
-2783
-1459
2926
14435465
-97
-5
23
-2799
-1566
2939
14436490
-58
-6
19
-2760
-1530
2940
14437515
-29
-4
22
-2720
-1548
3014
14438540
-55
14
48
-2761
-1556
2962
14439565
-61
17
45
-2768
-1529
2929
14440590
-54
11
31
-2754
-1465
2955
14441615
-74
9
26
-2781
-1433
2934
14442640
-66
-7
6
-2772
-1442
2917
14435456
-72
-16
2
-2794
-1452
2911
14436481
-81
-28
-10
-2793
-1471
2895
14437506
-71
-40
-22
-2757
-1551
2940
14438531
-58
-44
-14
-2764
-1543
2934
14439556
-52
-54
-21
-2773
-1532
2872
14440581
-39
-67
-29
-2749
-1611
2922
14441606
-17
-59
-15
-2732
-1663
2986
14442631
13
-42
-15
-2713
-1602
3011
14443656
-6
-28
-10
-2739
-1544
2962
14444681
-37
-21
-5
-2750
-1578
2922
14445706
-18
-22
-1
-2744
-1563
2906
14446731
11
-26
-1
-2771
-1534
2905
14447756
31
-30
-10
-2737
-1540
3006
14448781
15
-16
-7
-2702
-1532
3039
14449806
-6
-3
-8
-2701
-1545
3007
14450831
5
7
-11
-2716
-1549
2977
14443648
5
17
-5
-2752
-1563
2915
14444673
4
13
0
-2756
-1571
2924
14445698
1
8
9
-2751
-1562
2950
14446723
-3
8
10
-2743
-1546
2937
14447748
-3
2
4
-2763
-1536
2906
14448773
7
-7
-7
-2770
-1540
2900
14449798
6
-18
-17
-2741
-1566
2924
14450823
14
-24
-15
-2718
-1592
2986
14451848
25
-22
-12
-2721
-1570
2999
14452873
9
-17
-4
-2720
-1538
2973
14453898
-6
-13
8
-2727
-1547
2971
14454923
6
-5
15
-2726
-1603
3022
14455948
29
11
11
-2719
-1550
3023
14456973
24
25
2
-2710
-1519
2992
14457998
-5
32
10
-2734
-1531
2953
14459023
-8
33
10
-2774
-1522
2910
14451840
5
25
6
-2757
-1545
2921
14452865
27
21
8
-2747
-1533
2946
14453890
25
16
6
-2753
-1519
2931
14454915
20
9
3
-2757
-1520
2911
14455940
13
0
0
-2769
-1526
2906
14456965
26
-3
-5
-2755
-1560
2951
14457990
43
-3
-12
-2751
-1581
2955
14459015
58
-5
-9
-2743
-1571
2970
14460040
46
2
-3
-2747
-1476
2978
14461065
-3
6
-2
-2764
-1500
2921
14462090
-12
-15
-4
-2772
-1574
2892
14463115
47
-26
-5
-2741
-1556
3004
14464140
62
-8
-6
-2707
-1502
3081
14465165
19
17
0
-2709
-1464
3030
14466190
-27
19
7
-2740
-1496
2937
14467215
-27
19
5
-2761
-1556
2947
14460032
27
28
-6
-2744
-1528
2991
14461057
41
42
-17
-2726
-1494
2991
14462082
5
43
-20
-2763
-1522
2903
14463107
-9
22
-27
-2791
-1527
2841
14464132
15
8
-32
-2756
-1551
2905
14465157
31
6
-28
-2757
-1533
2926
14466182
15
-2
-23
-2756
-1537
2919
14467207
-8
-10
-7
-2756
-1573
2911
14468232
-4
-20
2
-2760
-1567
2915
14469257
7
-28
2
-2748
-1533
2939
14470282
9
-21
8
-2736
-1530
2961
14471307
-4
-16
21
-2772
-1575
3014
14472332
-45
-67
43
-2899
-1508
2037
14473357
160
-178
-79
-3246
-1180
973
14474382
-277
-460
-228
-3645
-100
3088
14475407
-1177
-175
-267
-1425
-2898
11216
14468381
-2255
423
562
-250
-2629
2093
14469406
-1424
1163
622
-4511
-2111
-925
14470431
-243
42
564
-2335
-1117
2584
14471456
52
501
67
-3226
-1848
1601
14472481
573
39
3
-2914
-714
2045
14473506
19
-75
-9
-3199
-1352
2617
14474531
-117
-167
-131
-2732
-2292
3084
14475556
171
-131
-88
-2842
-2058
3047
14476581
331
-152
-132
-2735
-1867
2793
14477606
544
-143
-99
-2719
-1646
2588
14478631
474
-171
-22
-2944
-1628
2809
14479656
213
-195
7
-2825
-1791
3142
14480681
195
-121
3
-2745
-1700
3069
14481706
128
-76
2
-2796
-1497
2921
14482731
-52
-86
3
-2754
-1404
2842
14483756
-170
-74
-12
-2783
-1652
2814
14476417
-93
-71
-31
-2762
-1798
2824
14477442
48
-64
-53
-2734
-1675
2881
14478467
82
-32
-58
-2754
-1696
2917
14479492
46
-20
-26
-2747
-1751
2963
14480517
50
-3
-12
-2679
-1703
3051
14481542
6
33
20
-2685
-1693
3047
14482567
-36
60
48
-2734
-1702
2960
14483592
-26
72
53
-2778
-1635
2848
14484617
-26
65
44
-2789
-1593
2758
14485642
-7
54
34
-2806
-1649
2798
14486667
0
43
26
-2803
-1600
2812
14487692
-23
29
16
-2813
-1582
2764
14488717
-57
7
21
-2823
-1624
2790
14489742
-57
-17
10
-2804
-1645
2766
14490767
-27
-34
-6
-2796
-1649
2819
14491792
-25
-41
-13
-2809
-1645
2812
14484609
-37
-52
-32
-2790
-1664
2797
14485634
-28
-52
-35
-2756
-1709
2897
14486659
-10
-44
-41
-2763
-1713
2835
14487684
32
-47
-46
-2745
-1700
2846
14488709
35
-42
-29
-2765
-1705
2913
14489734
19
-30
-20
-2742
-1728
2938
14490759
20
-18
-18
-2739
-1700
2869
14491784
20
-25
-16
-2752
-1679
2821
14492809
-11
-30
1
-2768
-1688
2878
14493834
-20
-20
4
-2734
-1753
2954
14494859
15
-2
-1
-2724
-1725
2923
14495884
24
7
0
-2741
-1669
2869
14496909
-1
-1
7
-2769
-1656
2814
14497934
4
-8
6
-2795
-1694
2817
14498959
32
-16
-4
-2770
-1707
2812
14499984
53
-23
-11
-2758
-1643
2845
14492801
23
-30
-12
-2743
-1657
2893
14493826
9
-29
-13
-2720
-1703
2924
14494851
29
-21
-21
-2737
-1702
2892
14495876
51
-22
-32
-2738
-1656
2869
14496901
34
-23
-29
-2756
-1630
2879
14497926
10
-25
-29
-2738
-1653
2920
14498951
16
-22
-26
-2729
-1669
2934
14499976
32
-15
-22
-2739
-1640
2923
14501001
7
-16
-15
-2748
-1644
2900
14502026
-19
-14
-9
-2717
-1685
2890
14503051
5
-8
-4
-2707
-1695
2920
14504076
21
-1
-3
-2718
-1659
2925
14505101
-4
2
-2
-2735
-1643
2886
14506126
-18
-1
-10
-2736
-1692
2858
14507151
3
-3
-16
-2734
-1711
2886
14508176
10
-2
-12
-2730
-1714
2940
14500992
-17
6
0
-2720
-1736
2896
14502017
8
-1
-7
-2739
-1720
2844
14503042
45
-18
-3
-2750
-1699
2858
14504067
54
-22
-3
-2754
-1657
2917
14505092
30
-25
1
-2718
-1717
2945
14506117
51
-24
8
-2697
-1709
2967
14507142
75
-9
5
-2735
-1664
2909
14508167
60
-4
-3
-2757
-1568
2818
14509192
54
-20
-26
-2763
-1627
2732
14510217
82
-54
-18
-2727
-1795
2797
14511242
135
-61
-2
-2727
-1721
2936
14512267
137
-50
-27
-2703
-1479
2991
14513292
31
-48
-39
-2693
-1488
2958
14514317
-44
-49
-26
-2682
-1699
2962
14515342
12
-30
-33
-2640
-1742
3048
14516367
42
-4
-24
-2640
-1684
3039
14509183
-5
14
-1
-2681
-1674
2959
14510208
-35
15
4
-2717
-1665
2900
14511233
-7
9
-8
-2714
-1617
2926
14512258
20
5
-14
-2696
-1640
2944
14513283
10
-2
-8
-2716
-1649
2918
14514308
-18
-14
-4
-2728
-1661
2864
14515333
-33
-26
-2
-2729
-1649
2869
14516358
-48
-36
7
-2742
-1657
2854
14517383
-8
-73
10
-2785
-1709
2570
14518408
296
-116
-30
-2729
-1805
1955
14519433
1033
-102
-233
-3029
-717
2502
14520458
145
-174
-282
-3312
-384
4486
14521483
-148
-8
-246
-667
-5299
9008
14522508
130
926
460
-2189
-2198
50
14523533
600
591
612
-3571
63
1406
14524558
-78
314
296
-2528
-2022
2232
14517376
540
277
51
-2802
-1031
2100
14518401
374
39
96
-3325
-69
2174
14519426
-73
-98
-116
-2863
-1255
2996
14520451
-182
-185
-41
-2693
-1769
3311
14521476
-127
-190
-7
-3046
-1721
2954
14522501
-98
-255
-84
-2712
-1409
2941
14523526
-321
-251
6
-2713
-1455
3100
14524551
-526
-231
62
-2762
-1571
3200
14525576
-529
-159
41
-2710
-1556
3274
14526601
-437
-80
28
-2653
-1629
3104
14527626
-279
-44
27
-2707
-1787
2782
14528651
8
-56
-2
-2711
-1690
2802
14529676
29
-72
23
-2779
-1641
2793
14530701
-39
-88
34
-2767
-1701
2896
14531726
-11
-85
12
-2680
-1645
3069
14532751
-34
-59
17
-2646
-1596
3080
14525568
-39
-32
22
-2685
-1497
2964
14526593
8
-33
-21
-2741
-1428
2919
14527618
-25
-48
-36
-2747
-1480
2856
14528643
-83
-68
-22
-2751
-1668
2846
14529668
8
-72
-35
-2690
-1732
3003
14530693
56
-58
-35
-2676
-1614
3041
14531718
-21
-44
-14
-2638
-1646
3002
14532743
-48
-31
12
-2638
-1692
3039
14533768
3
-9
18
-2666
-1615
3066
14534793
52
12
12
-2631
-1562
3120
14535818
75
40
14
-2632
-1568
3151
14536843
85
74
13
-2712
-1536
3064
14537868
85
92
2
-2688
-1582
3020
14538893
92
110
-15
-2629
-1660
2942
14539918
110
106
-42
-2678
-1636
2773
14540943
108
70
-59
-2785
-1590
2769
14533760
100
49
-58
-2808
-1610
2929
14534785
93
39
-52
-2752
-1693
2855
14535810
136
16
-41
-2725
-1660
2838
14536835
89
-10
-20
-2748
-1554
2876
14537860
-12
-26
-11
-2725
-1641
2926
14538885
-4
-38
-12
-2693
-1644
2944
14539910
36
-42
-14
-2708
-1531
2967
14540935
1
-43
-8
-2727
-1502
2976
14541960
-34
-43
-1
-2718
-1536
3010
14542985
-27
-34
5
-2699
-1560
3051
14544010
-5
-21
13
-2693
-1525
3014
14545035
-12
-15
15
-2704
-1513
2971
14546060
-39
-12
17
-2698
-1571
2997
14547085
-27
-1
12
-2679
-1637
3007
14548110
5
8
4
-2668
-1615
2982
14549135
4
11
2
-2689
-1588
2974
14541953
-12
13
2
-2708
-1614
2982
14542978
-19
10
-1
-2691
-1615
2938
14544003
8
10
-6
-2703
-1586
2949
14545028
8
10
-9
-2710
-1602
2966
14546053
15
9
-5
-2691
-1617
2985
14547078
35
12
-3
-2706
-1614
2965
14548103
41
10
3
-2710
-1599
2949
14549128
31
8
16
-2714
-1585
2983
14550153
15
10
25
-2696
-1611
2967
14551178
38
8
29
-2711
-1587
2952
14552203
50
0
24
-2726
-1538
2937
14553228
18
-7
21
-2745
-1521
2924
14554253
1
-15
16
-2741
-1551
2940
14555278
10
-20
9
-2715
-1568
2925
14556303
32
-25
-2
-2722
-1532
2934
14557328
14
-37
-8
-2739
-1510
2937
14550144
-13
-42
-6
-2711
-1574
2982
14551169
13
-35
-6
-2693
-1617
3012
14552194
49
-33
-5
-2685
-1571
3008
14553219
34
-27
11
-2696
-1564
3016
14554244
6
-21
19
-2690
-1585
3000
14555269
33
-11
8
-2684
-1569
3004
14556294
61
-6
1
-2698
-1524
2985
14557319
52
-8
1
-2703
-1529
3014
14558344
22
0
10
-2690
-1519
2985
14559369
27
4
0
-2683
-1542
2987
14560394
46
2
10
-2704
-1558
3034
14561419
44
6
12
-2710
-1491
3006
14562444
17
7
-2
-2686
-1479
2969
14563469
7
5
0
-2703
-1520
2992
14564494
10
4
0
-2699
-1562
3007
14565519
4
4
-3
-2699
-1514
2967
14558336
-33
-14
2
-2706
-1490
2927
14559361
-75
-47
19
-2725
-1537
2917
14560386
-82
-47
26
-2696
-1654
2968
14561411
-19
-18
17
-2652
-1547
3032
14562436
-2
10
-7
-2670
-1499
3019
14563461
25
32
-21
-2760
-1560
2868
14564486
179
-18
-51
-2837
-1501
2268
14565511
498
-95
-149
-3060
-855
2504
14566536
-45
-125
-157
-3158
-996
3883
14567561
-601
-382
-95
-1009
-4934
8420
14568586
-1279
810
576
-2898
-1443
99
14569611
349
272
576
-2664
-789
1342
14570636
195
248
276
-2652
-1350
2282
14571661
389
99
84
-2907
-306
2232
14572686
204
-54
18
-3163
-668
2705
14573711
17
-107
-114
-2646
-1470
3458
14566528
-40
-87
-40
-2643
-1789
3592
14567553
-4
-32
-85
-2803
-1900
3168
14568578
-43
-59
-90
-2733
-1529
2702
14569603
-151
-118
-19
-2803
-1525
2858
14570628
-258
-139
15
-2751
-1785
3057
14571653
-68
-91
10
-2747
-1666
3089
14572678
35
-53
13
-2735
-1433
3006
14573703
-52
-46
25
-2733
-1420
2870
14574728
-93
-59
10
-2763
-1472
2873
14575753
-99
-79
-5
-2724
-1614
2947
14576778
-17
-74
-20
-2701
-1573
3038
14577803
37
-49
-39
-2686
-1481
3088
14578828
-43
-29
-18
-2682
-1553
3011
14579853
-63
-23
-16
-2714
-1614
2964
14580878
62
-13
-60
-2675
-1582
3010
14581903
68
-4
-51
-2711
-1541
2914
14574720
-5
-20
-30
-2725
-1614
2894
14575745
10
-23
-25
-2712
-1654
2979
14576770
25
-13
-15
-2687
-1622
3024
14577795
-1
-3
6
-2661
-1602
3039
14578820
-17
2
20
-2712
-1547
2956
14579845
-5
3
21
-2711
-1570
2960
14580870
-5
0
28
-2694
-1575
2997
14581895
-10
2
21
-2689
-1549
2979
14582920
-4
1
7
-2700
-1535
2979
14583945
-21
-9
4
-2718
-1521
2918
14584970
-26
-30
-5
-2733
-1523
2860
14585995
-14
-48
-9
-2731
-1564
2931
14587020
-4
-53
-7
-2678
-1606
3007
14588045
-7
-44
-5
-2654
-1626
3043
14589070
-23
-31
3
-2676
-1553
3032
14590095
-61
-25
5
-2673
-1549
2992
14582912
-46
-21
5
-2690
-1569
2991
14583937
-4
-20
-11
-2687
-1536
3006
14584962
-8
-21
-24
-2682
-1522
2971
14585987
-30
-23
-32
-2684
-1587
2985
14587012
-29
-28
-32
-2688
-1593
2993
14588037
-11
-27
-27
-2661
-1654
3009
14589062
-4
-25
-4
-2672
-1648
2997
14590087
-7
-23
7
-2670
-1623
3004
14591112
-26
-15
12
-2635
-1648
3016
14592137
-15
-5
13
-2616
-1687
3017
14593162
38
4
12
-2647
-1634
3032
14594187
42
14
9
-2672
-1559
3016
14595212
15
21
13
-2669
-1603
2987
14596237
37
27
10
-2659
-1623
3016
14597262
61
34
14
-2666
-1581
3017
14598287
36
38
20
-2687
-1549
2979
14591104
12
34
24
-2707
-1543
2941
14592129
12
25
24
-2718
-1545
2949
14593154
18
14
18
-2696
-1565
2952
14594179
24
4
12
-2696
-1568
2956
14595204
11
-4
13
-2694
-1564
2983
14596229
-17
-8
17
-2695
-1565
2970
14597254
-18
-9
18
-2697
-1590
2953
14598279
11
-13
11
-2708
-1553
2969
14599304
9
-19
3
-2700
-1533
2969
14600329
-5
-19
3
-2686
-1559
3017
14601354
-3
-15
1
-2672
-1578
3021
14602379
0
-21
-1
-2693
-1540
2973
14603404
-10
-23
4
-2690
-1584
3015
14604429
2
-7
20
-2678
-1647
3044
14605454
35
-9
25
-2690
-1577
2965
14606479
45
-12
7
-2696
-1491
2937
14599295
21
-13
-2
-2725
-1533
2974
14600320
23
-25
-14
-2684
-1556
3001
14601345
42
-21
-18
-2645
-1542
3015
14602370
21
-16
-19
-2689
-1524
2976
14603395
5
-20
-24
-2706
-1548
2971
14604420
-5
-23
-24
-2673
-1597
2975
14605445
18
-19
-21
-2643
-1593
3016
14606470
37
-16
-28
-2670
-1519
3043
14607495
2
-17
-34
-2671
-1525
3022
14608520
-6
-3
-40
-2638
-1575
3079
14609545
-6
13
-40
-2639
-1540
3037
14610570
-3
17
-42
-2657
-1559
2968
14611595
16
8
-50
-2696
-1554
2959
14612620
6
-1
-48
-2684
-1584
2968
14613645
-2
-3
-35
-2656
-1640
2995
14614670
2
-6
-23
-2649
-1587
2998
14607537
-55
-46
4
-2763
-1504
2858
14608562
-72
-110
32
-2762
-1729
2133
14609587
88
-75
-102
-2896
-1278
2323
14610612
-1123
-159
-108
-3085
-237
4083
14611637
-1381
-31
-176
-1071
-3536
8464
14612662
-822
719
459
-1907
-2903
1239
14613687
-645
725
532
-3741
-1076
567
14614712
-593
110
467
-2497
-1593
2357
14615737
-107
292
100
-2987
-2045
2073
14616762
478
10
50
-2969
-776
2359
14617787
129
-57
-29
-2960
-1298
2634
14618812
-12
-109
-87
-2746
-2247
2930
14619837
317
-120
-56
-2752
-2266
2946
14620862
688
-96
-86
-2675
-1832
2865
14621887
727
-91
-50
-2691
-1660
2791
14622912
459
-115
20
-2910
-1587
2794
14615680
195
-161
25
-2845
-1562
2967
14616705
122
-152
-5
-2686
-1583
3107
14617730
151
-110
5
-2610
-1613
3146
14618755
182
-70
13
-2676
-1471
3050
14619780
83
-64
-6
-2741
-1416
2943
14620805
-44
-68
-39
-2712
-1458
2951
14621830
-114
-47
-43
-2722
-1667
2935
14622855
-78
-35
-37
-2692
-1752
2968
14623880
5
-15
-27
-2667
-1673
3074
14624905
-23
11
-6
-2653
-1631
3009
14625930
-61
8
4
-2729
-1613
2797
14626955
-4
-19
-15
-2747
-1662
2848
14627980
27
-28
-2
-2729
-1668
2949
14629005
26
-27
-2
-2710
-1606
2931
14630030
7
-33
-3
-2707
-1577
2939
14631055
-35
-40
3
-2707
-1589
2933
14623871
-39
-49
-9
-2706
-1613
2876
14624896
-6
-63
-14
-2700
-1665
2940
14625921
10
-62
-16
-2666
-1635
3018
14626946
-13
-50
-16
-2650
-1637
3017
14627971
-13
-37
-16
-2647
-1656
3028
14628996
-8
-23
-14
-2654
-1658
3045
14630021
-20
-6
-8
-2654
-1645
3004
14631046
-35
-1
-12
-2689
-1624
2902
14632071
-37
-12
-13
-2708
-1668
2897
14633096
-2
-18
-10
-2686
-1686
2974
14634121
9
-14
-8
-2659
-1650
3003
14635146
-28
-8
2
-2662
-1617
2986
14636171
-57
-6
8
-2667
-1627
2949
14637196
-50
-14
8
-2692
-1664
2887
14638221
2
-25
-2
-2693
-1626
2912
14639246
3
-25
-1
-2668
-1636
3008
14632064
-25
-15
0
-2641
-1654
3001
14633089
-22
-7
-4
-2636
-1681
3007
14634114
-16
-7
-5
-2661
-1684
2965
14635139
-3
-5
-3
-2671
-1687
2938
14636164
-8
-1
3
-2679
-1663
2939
14637189
-16
-2
3
-2658
-1693
2948
14638214
10
-9
3
-2658
-1673
2942
14639239
25
-14
1
-2671
-1646
2961
14640264
-5
-17
5
-2672
-1655
2976
14641289
-19
-13
7
-2652
-1684
2964
14642314
3
-13
14
-2653
-1688
2969
14643339
26
-13
17
-2659
-1663
2991
14644364
13
-8
14
-2657
-1648
2974
14645389
-7
-4
11
-2674
-1627
2935
14646414
-13
-6
8
-2681
-1655
2937
14647439
10
-15
5
-2667
-1658
2967
14640256
28
-16
2
-2649
-1629
3007
14641281
12
-11
-1
-2653
-1614
2992
14642306
-14
-6
0
-2668
-1659
2951
14643331
1
-11
-4
-2659
-1673
2977
14644356
35
-9
-8
-2634
-1670
3046
14645381
35
14
0
-2611
-1663
3102
14646406
21
43
24
-2631
-1715
3059
14647431
77
53
25
-2665
-1645
2951
14648456
72
48
8
-2676
-1550
2897
14649481
-24
28
19
-2742
-1619
2812
14650506
-20
-1
12
-2728
-1661
2818
14651531
24
-23
4
-2699
-1610
2928
14652556
22
-31
1
-2670
-1625
2994
14653581
12
-32
-2
-2651
-1622
2981
14654606
0
-23
-5
-2666
-1616
2995
14655631
-1
-13
-12
-2648
-1640
3028
14648447
18
6
-16
-2632
-1653
3078
14649472
16
18
-12
-2653
-1662
3046
14650497
39
25
2
-2692
-1681
2949
14651522
98
11
0
-2713
-1588
2903
14652547
77
-8
-20
-2690
-1524
2862
14653572
7
-27
-11
-2690
-1665
2859
14654597
-8
-50
4
-2677
-1732
2902
14655622
-2
-54
9
-2654
-1668
2996
14656647
6
-46
4
-2614
-1650
3054
14657672
31
-35
1
-2594
-1621
3064
14658697
12
-21
9
-2628
-1587
3054
14659722
-31
1
17
-2630
-1623
3060
14660747
-9
23
13
-2636
-1634
3056
14661772
46
38
-1
-2662
-1552
3040
14662797
51
50
-17
-2674
-1513
3001
14663822
0
44
-19
-2721
-1614
2989
14656640
-15
-20
-21
-2832
-1607
2503
14657665
137
-70
-145
-2809
-1157
2843
14658690
-277
-49
-207
-2842
-388
2939
14659715
-978
-126
-256
-1992
-3018
5489
14660740
-661
320
249
-2392
-4044
3449
14661765
232
554
350
-2936
-987
806
14662790
190
107
349
-2316
-1374
2780
14663815
48
176
140
-2888
-1465
2192
14664840
226
-72
42
-2979
-747
2376
14665865
-36
-152
-48
-2862
-1359
2778
14666890
-70
-171
-139
-2663
-1826
3162
14667915
56
-163
-106
-2653
-1841
3182
14668940
167
-103
-108
-2687
-1750
3004
14669965
196
-79
-93
-2612
-1786
2936
14670990
162
-93
-11
-2674
-1897
2958
14672015
51
-95
51
-2713
-1728
3085
14664832
52
-60
30
-2648
-1655
3056
14665857
43
-42
38
-2605
-1677
3048
14666882
91
-25
49
-2634
-1574
3025
14667907
102
-15
26
-2672
-1532
2982
14668932
112
-7
7
-2694
-1595
3017
14669957
72
-8
3
-2667
-1566
2982
14670982
4
-9
2
-2688
-1602
2929
14672007
13
-24
-13
-2667
-1606
3011
14673032
13
-18
-14
-2657
-1597
3028
14674057
-2
-13
-6
-2633
-1621
3005
14675082
-14
-8
-3
-2653
-1638
2987
14676107
-25
-11
-3
-2689
-1600
2949
14677132
-34
-15
-9
-2660
-1662
2970
14678157
-25
-15
0
-2641
-1690
2994
14679182
-9
-18
2
-2666
-1632
2967
14680207
-34
-29
12
-2677
-1633
2962
14673024
-72
-40
23
-2675
-1675
2936
14674049
-43
-58
27
-2646
-1643
2952
14675074
2
-66
23
-2644
-1618
2985
14676099
1
-66
23
-2632
-1616
3006
14677124
-27
-64
23
-2629
-1644
2953
14678149
-25
-63
26
-2657
-1710
2914
14679174
21
-67
30
-2636
-1665
3043
14680199
37
-46
22
-2592
-1633
3117
14681224
35
-17
24
-2574
-1612
3140
14682249
7
5
32
-2607
-1562
3105
14683274
-15
25
24
-2614
-1599
3060
14684299
0
39
16
-2611
-1621
3047
14685324
22
51
11
-2638
-1586
3020
14686349
13
55
8
-2650
-1577
2966
14687374
-10
48
5
-2669
-1620
2955
14688399
-6
36
-2
-2682
-1624
2935
14681328
13
22
-9
-2665
-1606
2955
14682353
5
8
-7
-2667
-1609
2956
14683378
-20
-3
-9
-2687
-1658
2915
14684403
-8
-22
-9
-2667
-1656
2952
14685428
4
-29
-3
-2654
-1621
2991
14686453
-7
-28
2
-2640
-1609
2992
14687478
-4
-26
1
-2649
-1615
2995
14688503
14
-39
-15
-2646
-1617
3010
14689528
36
-48
-22
-2639
-1623
3012
14690553
-6
-38
-7
-2633
-1582
3017
14691578
-66
-28
-9
-2612
-1645
2989
14692603
-12
-31
-17
-2620
-1685
2974
14693628
44
-35
-11
-2633
-1631
3026
14694653
13
-32
-4
-2620
-1627
3025
14695678
-9
-26
-4
-2614
-1640
3034
14696703
-11
-22
2
-2614
-1652
3024
14689408
4
-17
7
-2607
-1645
3017
14690433
17
-10
6
-2627
-1628
3014
14691458
11
-11
6
-2626
-1602
3015
14692483
1
-10
4
-2619
-1598
3035
14693508
-11
-11
4
-2622
-1618
3018
14694533
-7
-13
3
-2619
-1623
2978
14695558
-10
-23
3
-2640
-1606
2950
14696583
-1
-37
0
-2635
-1601
2982
14697608
-2
-46
-4
-2626
-1594
3007
14698633
-4
-42
-15
-2611
-1608
3027
14699658
-6
-38
-21
-2607
-1599
3051
14700683
-11
-29
-22
-2593
-1646
3072
14701708
-14
-21
-17
-2588
-1668
3031
14702733
-16
-24
-12
-2605
-1653
2999
14703758
1
-23
-9
-2608
-1670
3050
14704783
17
-17
0
-2583
-1657
3083
14697600
-5
-16
10
-2575
-1660
3054
14698625
19
-10
22
-2602
-1699
3033
14699650
63
-6
18
-2619
-1607
2994
14700675
40
-14
5
-2615
-1583
2987
14701700
32
-16
-5
-2603
-1576
3023
14702725
28
-16
-18
-2594
-1581
3045
14703750
39
-18
-32
-2581
-1607
3066
14704775
48
-10
-38
-2604
-1583
3055
14705800
9
-6
-32
-2585
-1590
3046
14706825
-27
-10
-25
-2574
-1671
3023
14707850
-8
-15
-23
-2588
-1659
3021
14708875
0
-20
-11
-2582
-1644
3035
14709900
-18
-20
2
-2589
-1637
3023
14710925
-25
-21
3
-2567
-1587
3049
14711950
-22
-7
-7
-2593
-1607
3047
14712975
-25
-20
-15
-2663
-1554
3018
14705792
-33
-106
-17
-2753
-1440
2072
14706817
217
-127
-181
-2927
39
2473
14707842
-1073
13
-59
-2606
-990
5167
14708867
-2373
109
298
-367
-6937
8163
14709892
-1046
1281
867
-3414
-1534
-793
14710917
119
470
665
-3147
51
1610
14711942
-330
228
165
-2200
-2525
1833
14712967
458
218
137
-3162
-1106
1974
14713992
7
-159
65
-3249
-551
2399
14715017
-326
-207
-213
-2758
-1715
2922
14716042
99
-170
-261
-2538
-2037
3177
14717067
516
-137
-293
-2720
-1996
2976
14718092
674
-170
-307
-2613
-1946
2829
14719117
619
-167
-210
-2608
-1987
2924
14720142
473
-181
-58
-2736
-2082
2935
14721167
459
-166
3
-2748
-1869
3000
14713983
451
-144
-2
-2572
-1609
3145
14715008
309
-118
44
-2602
-1599
2984
14716033
256
-114
46
-2606
-1516
2998
14717058
181
-110
10
-2650
-1431
3040
14718083
55
-99
-19
-2646
-1499
3045
14719108
47
-74
-50
-2561
-1647
3101
14720133
155
-52
-61
-2570
-1623
3137
14721158
152
-33
-55
-2608
-1530
3156
14722183
-12
-10
-29
-2575
-1582
3074
14723208
-111
5
-27
-2588
-1675
2993
14724233
-68
16
-30
-2611
-1704
3018
14725258
13
21
-28
-2595
-1707
3005
14726283
43
14
-14
-2608
-1650
2985
14727308
19
-3
-7
-2627
-1604
3015
14728333
-39
-20
-1
-2609
-1643
2985
14729358
-36
-35
8
-2622
-1653
2961
14722176
5
-56
7
-2616
-1614
3000
14723201
4
-65
8
-2612
-1571
3014
14724226
-25
-70
7
-2588
-1636
3028
14725251
-24
-71
9
-2571
-1650
3080
14726276
-24
-62
9
-2548
-1659
3123
14727301
-15
-44
14
-2557
-1659
3098
14728326
15
-27
8
-2569
-1642
3043
14729351
32
-24
5
-2559
-1638
3049
14730376
37
-18
15
-2581
-1631
3086
14731401
19
-12
13
-2580
-1564
3024
14732426
-26
-17
10
-2586
-1596
3003
14733451
0
-12
3
-2559
-1631
3153
14734476
15
4
0
-2534
-1586
3170
14735501
0
16
-4
-2538
-1617
3092
14736526
-11
22
0
-2592
-1640
3007
14737551
-4
16
-8
-2593
-1645
2990
14730368
6
10
-5
-2589
-1665
3024
14731393
13
8
1
-2563
-1699
3068
14732418
19
14
11
-2576
-1641
3063
14733443
-10
11
20
-2588
-1614
3013
14734468
-5
-2
15
-2587
-1612
3012
14735493
9
-11
13
-2603
-1584
3029
14736518
4
-16
0
-2593
-1569
3045
14737543
-8
-20
-13
-2580
-1601
3045
14738568
-22
-23
-9
-2584
-1664
3038
14739593
-32
-31
2
-2600
-1673
2995
14740618
-21
-40
8
-2569
-1660
3042
14741643
-19
-37
21
-2565
-1651
3072
14742668
-10
-35
24
-2551
-1625
3108
14743693
5
-24
17
-2544
-1614
3128
14744718
15
-12
8
-2554
-1579
3103
14745743
1
-2
3
-2563
-1587
3115
14738559
-15
10
-3
-2566
-1646
3072
14739584
4
17
-10
-2559
-1633
3041
14740609
5
16
-8
-2583
-1618
3018
14741634
-5
11
-6
-2581
-1653
3042
14742659
3
6
-5
-2576
-1657
3032
14743684
4
-2
-2
-2584
-1644
3000
14744709
9
-10
-1
-2590
-1623
2996
14745734
16
-16
-3
-2567
-1605
3069
14746759
8
-15
-2
-2561
-1634
3097
14747784
10
-16
-1
-2560
-1643
3080
14748809
20
-7
0
-2569
-1647
3100
14749834
13
-10
13
-2572
-1666
3104
14750859
61
-6
9
-2564
-1611
3103
14751884
63
11
-15
-2550
-1527
3058
14752909
-18
3
-11
-2584
-1574
2963
14753934
-27
-29
-7
-2600
-1658
2975
14746752
31
-34
-19
-2582
-1642
3090
14747777
30
-29
-19
-2541
-1602
3128
14748802
-12
-23
-26
-2536
-1541
3055
14749827
-41
-28
-37
-2565
-1566
3001
14750852
-20
-41
-52
-2575
-1613
3004
14751877
12
-52
-63
-2566
-1605
3049
14752902
-16
-54
-56
-2549
-1651
3055
14753927
-34
-49
-41
-2523
-1727
3100
14754952
-12
-34
-26
-2501
-1704
3164
14755977
-15
-15
-11
-2502
-1652
3166
14757002
-40
-4
2
-2512
-1650
3115
14758027
-37
10
3
-2527
-1661
3093
14759052
0
27
-8
-2523
-1684
3131
14760077
32
45
-12
-2620
-1754
3022
14761102
138
-7
-44
-2538
-1826
2679
14762127
481
-103
-108
-2543
-1487
2549
14754945
468
-157
-144
-2820
-679
2949
14755970
-928
-42
-139
-3088
-208
3264
14756995
-532
228
-282
-1188
-5069
8121
14758020
29
759
514
-1535
-3194
2365
14759045
350
918
630
-3478
-107
1055
14760070
-234
268
464
-2335
-1704
2179
14761095
121
339
177
-2762
-1575
1887
14762120
570
77
144
-3134
-5
2202
14763145
175
-121
-27
-3133
-1109
2708
14764170
21
-243
-171
-2781
-1734
3113
14765195
111
-295
-182
-2653
-1600
3031
14766220
174
-305
-173
-2612
-1589
3018
14767245
181
-301
-127
-2594
-1597
3100
14768270
-10
-302
-66
-2590
-1636
3316
14769295
-225
-242
-8
-2580
-1785
3361
14770320
-180
-156
7
-2473
-1817
3358
14763135
-57
-105
14
-2455
-1737
3207
14764160
-22
-77
30
-2520
-1513
3083
14765185
-17
-48
-5
-2560
-1441
3104
14766210
-42
-36
-32
-2550
-1555
3127
14767235
-42
-24
-31
-2549
-1627
3129
14768260
-22
-12
-40
-2540
-1645
3110
14769285
10
10
-42
-2555
-1579
3114
14770310
-21
21
-26
-2556
-1626
3105
14771335
-33
16
-20
-2561
-1622
3027
14772360
3
10
-27
-2565
-1635
3025
14773385
-7
3
-8
-2583
-1645
3082
14774410
-13
-9
-8
-2588
-1617
3020
14775435
-24
-41
-7
-2608
-1610
2890
14776460
-28
-78
10
-2614
-1660
2931
14777485
-1
-93
16
-2588
-1638
3065
14778510
13
-90
14
-2502
-1603
3169
14771329
-8
-76
24
-2492
-1561
3198
14772354
-33
-53
24
-2506
-1553
3207
14773379
-38
-36
7
-2496
-1586
3170
14774404
-18
-19
-5
-2475
-1652
3176
14775429
1
7
-6
-2478
-1658
3184
14776454
14
29
-13
-2497
-1649
3144
14777479
-5
39
-6
-2523
-1658
3110
14778504
-18
40
9
-2536
-1671
3064
14779529
3
33
9
-2545
-1669
3022
14780554
32
29
17
-2545
-1608
3087
14781579
15
27
26
-2561
-1546
3091
14782604
-20
21
31
-2556
-1588
3073
14783629
-23
13
33
-2572
-1590
3016
14784654
-4
-1
14
-2575
-1589
3002
14785679
13
-13
3
-2563
-1583
3076
14786704
-11
-16
5
-2534
-1639
3110
14779520
-7
-12
5
-2508
-1666
3116
14780545
0
-8
7
-2542
-1657
3074
14781570
-4
-8
9
-2565
-1600
3073
14782595
-17
-7
10
-2562
-1589
3063
14783620
-15
-11
13
-2550
-1611
3070
14784645
18
-9
2
-2542
-1578
3119
14785670
11
-9
-6
-2536
-1569
3110
14786695
-10
-10
-7
-2536
-1599
3098
14787720
-18
-9
-4
-2555
-1632
3064
14788745
4
-11
-10
-2555
-1605
3057
14789770
15
-12
-13
-2540
-1593
3091
14790795
0
-7
-12
-2545
-1601
3093
14791820
-14
-6
-12
-2533
-1614
3097
14792845
-17
-4
-8
-2540
-1637
3118
14793870
-4
-1
-5
-2521
-1646
3111
14794895
0
1
-2
-2532
-1630
3072
14787712
-20
2
0
-2548
-1634
3050
14788737
-23
-3
-2
-2536
-1658
3066
14789762
-3
-7
-4
-2551
-1657
3064
14790787
9
-11
-3
-2555
-1636
3048
14791812
-5
-15
3
-2551
-1616
3037
14792837
-15
-22
6
-2556
-1636
3054
14793862
1
-29
3
-2536
-1633
3095
14794887
22
-29
-5
-2514
-1609
3098
14795912
16
-29
-10
-2530
-1580
3091
14796937
-3
-29
-9
-2532
-1623
3128
14797962
2
-15
-7
-2511
-1635
3174
14798987
14
2
-6
-2492
-1642
3147
14800012
14
3
-3
-2519
-1618
3083
14801037
6
8
-1
-2534
-1622
3099
14802062
1
18
-3
-2521
-1633
3114
14803087
5
22
0
-2508
-1640
3105
14795905
7
25
7
-2520
-1638
3104
14796930
-15
27
15
-2541
-1627
3074
14797955
-37
22
21
-2552
-1616
3051
14798980
-47
9
19
-2562
-1600
3027
14800005
-47
-7
9
-2568
-1568
3027
14801030
-55
-11
3
-2556
-1606
3063
14802055
-61
-10
-3
-2527
-1659
3090
14803080
-33
1
-14
-2521
-1662
3133
14804105
-24
5
-27
-2532
-1616
3082
14805130
-36
9
-37
-2536
-1603
3064
14806155
-62
1
-31
-2632
-1691
3069
14807180
-21
-88
-29
-2746
-1858
2368
14808205
184
-199
-209
-2800
-1265
1908
14809230
-556
-254
-299
-3070
-723
4069
14810255
-748
-178
-236
-356
-3183
9686
14811280
-418
959
474
-1896
-4058
16
14804095
1141
812
522
-3773
-920
1177
14805120
138
223
497
-2328
-669
2668
14806145
280
421
-18
-2539
-2290
2150
14807170
811
78
136
-3010
-530
2330
14808195
231
-67
-12
-3058
-622
2672
14809220
-94
-170
-106
-2638
-1656
3189
14810245
39
-161
-70
-2707
-1722
3281
14811270
105
-171
-89
-2574
-1461
3209
14812295
-24
-168
-52
-2526
-1461
3080
14813320
-203
-169
21
-2632
-1711
3145
14814345
-344
-169
53
-2666
-1662
3198
14815370
-341
-124
16
-2578
-1667
3242
14816395
-216
-70
13
-2547
-1669
3071
14817420
-121
-66
3
-2545
-1632
2930
14818445
-66
-78
7
-2546
-1684
3087
14819470
-78
-55
26
-2610
-1775
3142
14812288
-69
-20
13
-2544
-1737
3124
14813313
-64
8
5
-2499
-1607
3149
14814338
-104
33
30
-2528
-1637
3113
14815363
-102
49
41
-2584
-1683
3023
14816388
-7
50
8
-2613
-1604
3029
14817413
11
48
-3
-2602
-1612
3050
14818438
-53
46
14
-2594
-1653
3007
14819463
-64
43
12
-2612
-1654
2994
14820488
-71
42
16
-2645
-1655
2967
14821513
-83
30
19
-2636
-1654
2934
14822538
-75
21
15
-2606
-1644
2988
14823563
-81
20
7
-2617
-1659
2997
14824588
-83
21
1
-2623
-1719
3026
14825613
-64
16
-9
-2577
-1733
3027
14826638
-46
19
-25
-2512
-1737
3012
14827663
-38
30
-21
-2564
-1751
3010
14820485
-24
40
-8
-2627
-1744
3008
14821510
-23
48
2
-2647
-1698
2984
14822535
-37
57
12
-2653
-1690
2946
14823560
-51
51
18
-2635
-1704
2899
14824585
-19
39
15
-2644
-1679
2929
14825610
-17
22
12
-2654
-1647
2937
14826635
-45
5
4
-2654
-1634
2906
14827660
-76
-9
-6
-2666
-1685
2897
14828685
-79
-25
-14
-2662
-1718
2886
14829710
-68
-41
-15
-2652
-1744
2904
14830735
-67
-52
-15
-2621
-1747
2933
14831760
-78
-55
-22
-2597
-1760
2918
14832785
-80
-58
-17
-2617
-1771
2940
14833810
-79
-63
-10
-2644
-1766
2955
14834835
-71
-66
-15
-2602
-1813
2945
14835860
-44
-68
-16
-2592
-1772
2939
14828672
-43
-73
-12
-2615
-1748
2955
14829697
-64
-77
-8
-2597
-1778
2967
14830722
-39
-77
-18
-2577
-1814
2972
14831747
-1
-73
-23
-2571
-1764
2983
14832772
-3
-70
-19
-2562
-1762
3016
14833797
-6
-59
-14
-2534
-1833
3057
14834822
27
-40
-13
-2529
-1806
3029
14835847
34
-25
-7
-2547
-1756
3023
14836872
18
-12
1
-2548
-1790
3067
14837897
39
5
1
-2527
-1795
3084
14838922
61
23
-3
-2539
-1722
3034
14839947
39
35
1
-2575
-1720
3013
14840972
22
34
3
-2586
-1754
2978
14841997
45
31
2
-2570
-1735
2997
14843022
50
35
5
-2569
-1707
3042
14844047
4
26
7
-2605
-1759
2959
14836864
13
12
14
-2586
-1818
2917
14837889
77
-3
16
-2603
-1768
2947
14838914
62
-15
13
-2613
-1699
2953
14839939
4
-21
10
-2564
-1788
2930
14840964
37
-23
4
-2566
-1775
2939
14841989
46
-34
1
-2578
-1718
2995
14843014
18
-33
7
-2580
-1709
3035
14844039
13
-23
9
-2574
-1731
3012
14845064
23
-16
-1
-2531
-1726
3006
14846089
32
-1
-5
-2527
-1684
3056
14847114
6
10
4
-2548
-1716
3073
14848139
-17
22
9
-2561
-1765
3051
14849164
-20
39
7
-2566
-1762
2989
14850189
-26
41
7
-2577
-1757
2916
14851214
-7
32
10
-2604
-1715
2958
14852239
2
32
1
-2615
-1657
3010
14845057
-3
29
-14
-2600
-1688
2966
14846082
5
13
-22
-2606
-1712
2968
14847107
-17
-26
-13
-2740
-1695
2858
14848132
-27
-129
-65
-2726
-1504
2292
14849157
168
-128
-247
-2727
-521
3156
14850182
-897
-120
-186
-2666
-1348
3616
14851207
-1309
-200
111
-1283
-5975
6723
14852232
203
878
467
-3068
-2429
651
14853257
767
255
502
-2320
-20
1902
14854282
-176
354
229
-2521
-1864
2488
14855307
243
177
25
-2829
-1220
2084
14856332
239
-61
-22
-3020
-645
2414
14857357
-43
-118
-148
-2825
-1490
3087
14858382
6
-123
-181
-2521
-2108
3423
14859407
257
-54
-168
-2558
-2209
3262
14860432
266
-23
-128
-2596
-1798
2962
14853247
18
-35
-41
-2622
-1808
2795
14854272
-172
-60
30
-2689
-2071
2947
14855297
-45
-53
37
-2660
-2004
3092
14856322
94
-19
46
-2619
-1802
3038
14857347
106
-8
68
-2577
-1530
2963
14858372
-19
-14
62
-2654
-1534
2822
14859397
-81
-51
10
-2664
-1705
2811
14860422
-11
-76
-5
-2668
-1771
2877
14861447
104
-68
-30
-2682
-1674
3003
14862472
92
-43
-33
-2607
-1706
3036
14863497
15
-26
-16
-2554
-1733
2979
14864522
-9
-11
-13
-2572
-1755
3027
14865547
-34
1
-1
-2598
-1786
3048
14866572
-57
-5
0
-2622
-1761
2937
14867597
-39
-13
-9
-2620
-1806
2892
14868622
-2
-13
8
-2622
-1829
2912
14861441
9
-17
25
-2655
-1751
2870
14862466
-1
-26
30
-2621
-1724
2972
14863491
-6
-18
33
-2589
-1724
3064
14864516
-15
-10
28
-2602
-1708
2962
14865541
-2
-14
12
-2633
-1657
2906
14866566
-47
-38
-10
-2669
-1646
2899
14867591
-62
-51
-1
-2604
-1918
2952
14868616
6
-37
31
-2573
-1832
2998
14869641
11
-27
35
-2585
-1703
2996
14870666
-36
-27
48
-2593
-1777
2999
14871691
-4
-30
41
-2613
-1749
2967
14872716
25
-34
29
-2584
-1687
2951
14873741
-15
-36
33
-2617
-1687
2891
14874766
-24
-52
16
-2640
-1779
2930
14875791
35
-49
-4
-2603
-1772
3038
14876816
33
-35
-2
-2535
-1729
3085
14869632
15
-17
8
-2515
-1747
3087
14870657
42
5
3
-2574
-1738
3084
14871682
33
26
11
-2597
-1741
3058
14872707
18
44
13
-2579
-1732
3012
14873732
18
58
5
-2583
-1731
2914
14874757
12
47
-2
-2655
-1739
2825
14875782
46
31
-7
-2656
-1708
2969
14876807
15
32
-8
-2615
-1723
3013
14877832
-1
32
-8
-2587
-1754
2924
14878857
25
15
-9
-2623
-1708
2863
14879882
9
-15
-3
-2666
-1689
2896
14880907
-15
-30
-1
-2682
-1711
2912
14881932
0
-35
-2
-2667
-1693
2955
14882957
-36
-40
-13
-2593
-1670
2992
14883982
-107
-45
-14
-2561
-1723
2987
14885007
-78
-51
-4
-2595
-1791
2947
14877824
29
-46
-10
-2640
-1709
2976
14878849
22
-46
-24
-2586
-1660
3009
14879874
-54
-36
-21
-2563
-1760
3023
14880899
-46
-21
-14
-2558
-1820
3035
14881924
3
-11
-19
-2547
-1770
3021
14882949
-1
-4
-13
-2571
-1728
2978
14883974
-34
-6
-3
-2594
-1759
2966
14884999
-29
-10
0
-2583
-1779
2979
14886024
0
-12
-7
-2580
-1759
2970
14887049
2
-14
-9
-2598
-1737
2967
14888074
-16
-17
-13
-2577
-1748
2967
14889099
-17
-16
-16
-2571
-1798
2966
14890124
15
-13
-20
-2563
-1785
3023
14891149
23
-2
-23
-2548
-1757
3053
14892174
-7
14
-15
-2565
-1760
3023
14893199
-27
26
-4
-2586
-1746
2998
14886016
-37
33
2
-2612
-1757
2964
14887041
-36
32
-3
-2597
-1755
2937
14888066
-26
23
-11
-2566
-1746
2945
14889091
-14
16
-15
-2595
-1746
2973
14890116
-25
11
-24
-2602
-1753
2967
14891141
-59
9
-28
-2568
-1799
2955
14892166
-59
7
-25
-2562
-1814
2991
14893191
-58
12
-23
-2588
-1801
2989
14894216
-71
22
-22
-2580
-1827
2962
14895241
-75
25
-14
-2585
-1835
2936
14896266
-65
23
-8
-2586
-1846
2923
14897291
-45
18
2
-2596
-1831
2940
14898316
-24
20
9
-2574
-1829
2959
14899341
-11
23
14
-2592
-1844
2930
14900366
-3
23
22
-2618
-1840
2925
14901391
-10
19
26
-2586
-1838
2904
14894209
26
13
30
-2583
-1839
2914
14895234
89
4
28
-2617
-1815
2929
14896259
96
-7
27
-2626
-1766
2933
14897284
54
-12
23
-2611
-1752
2919
14898309
39
-13
20
-2601
-1774
2960
14899334
51
-17
17
-2583
-1796
3015
14900359
85
-8
15
-2579
-1762
2989
14901384
73
-6
6
-2628
-1674
2891
14902409
19
-18
-4
-2622
-1716
2892
14903434
34
-23
-13
-2597
-1768
2995
14904459
55
-14
-15
-2568
-1754
3022
14905484
20
-7
-9
-2582
-1808
2930
14906509
8
-9
2
-2594
-1796
2944
14907534
20
-8
1
-2576
-1757
2956
14908559
20
-11
-1
-2578
-1752
2934
14909584
16
-13
-9
-2595
-1702
2980
14902400
-33
-19
-11
-2602
-1721
3063
14903425
-105
-60
2
-2630
-1817
2614
14904450
34
-75
-52
-2669
-1890
2580
14905475
174
-93
-218
-2857
-564
3009
14906500
-953
-9
-263
-2659
-965
4225
14907525
-709
40
55
-1036
-5303
6516
14908550
561
846
504
-3073
-3578
-151
14909575
1017
302
574
-2975
289
2208
14910600
-429
220
383
-2449
-1759
2491
14911625
72
144
121
-2693
-1849
2104
14912650
297
-115
106
-3069
-278
2245
14913675
-72
-204
-94
-2843
-1160
2794
14914700
-132
-244
-175
-2734
-1733
3091
14915725
40
-275
-221
-2640
-1724
3239
14916750
143
-216
-250
-2561
-1793
3138
14917775
129
-166
-201
-2579
-1843
3036
14910592
-87
-179
-94
-2524
-1950
3200
14911617
-289
-136
-12
-2513
-1993
3252
14912642
-183
-64
-9
-2523
-2034
3103
14913667
-8
-21
17
-2577
-1890
2962
14914692
43
-21
5
-2554
-1693
2942
14915717
-48
-30
-5
-2593
-1739
2826
14916742
-35
-55
-17
-2588
-1821
2872
14917767
22
-58
-16
-2578
-1826
3024
14918792
-5
-41
20
-2590
-1865
3020
14919817
37
-17
27
-2544
-1777
3063
14920842
13
-3
33
-2560
-1682
2963
14921867
-68
-14
44
-2608
-1771
2842
14922892
-38
-32
12
-2607
-1764
2893
14923917
-3
-42
-20
-2567
-1734
3019
14924942
-49
-38
-3
-2543
-1826
3084
14925967
-57
-21
3
-2544
-1822
3048
14918784
-53
-9
5
-2563
-1756
2954
14919809
-73
-17
16
-2590
-1787
2890
14920834
-54
-31
14
-2604
-1789
2943
14921859
-55
-38
3
-2581
-1799
2988
14922884
-76
-36
0
-2524
-1836
2973
14923909
-72
-38
2
-2516
-1833
2935
14924934
-64
-43
-2
-2550
-1868
2915
14925959
-38
-44
-11
-2559
-1887
2887
14926984
-20
-46
-19
-2524
-1939
2961
14928009
24
-29
-16
-2483
-1936
3076
14929034
40
-7
-8
-2485
-1855
3062
14930059
3
5
9
-2529
-1840
2983
14931084
-11
4
17
-2571
-1855
2899
14932109
13
-6
11
-2579
-1825
2907
14933134
29
-20
4
-2573
-1780
2935
14934159
23
-33
-2
-2561
-1763
2939
14926977
13
-46
4
-2572
-1771
2945
14928002
10
-60
7
-2552
-1809
2980
14929027
23
-59
13
-2510
-1831
3032
14930052
27
-49
15
-2502
-1767
3051
14931077
-5
-31
13
-2532
-1781
3045
14932102
-21
-13
2
-2513
-1841
3010
14933127
14
-4
-16
-2488
-1806
3004
14934152
23
-2
-21
-2524
-1738
3013
14935177
-27
0
-18
-2553
-1778
2989
14936202
-46
-4
-17
-2545
-1831
2944
14937227
-8
-12
-24
-2539
-1824
2948
14938252
2
-22
-26
-2532
-1804
2960
14939277
-17
-32
-25
-2532
-1819
2975
14940302
-25
-34
-20
-2504
-1846
3013
14941327
-22
-30
-16
-2490
-1834
3011
14942352
-32
-27
-8
-2504
-1841
2984
14935168
-35
-27
-8
-2516
-1852
2989
14936193
-30
-26
-11
-2505
-1865
3016
14937218
-34
-21
-9
-2494
-1869
3007
14938243
-35
-19
-5
-2487
-1880
2997
14939268
-26
-15
-4
-2488
-1869
2994
14940293
-20
-13
-3
-2496
-1838
2990
14941318
-32
-12
2
-2503
-1875
3027
14942343
-40
-9
5
-2486
-1854
3051
14943368
-60
1
12
-2458
-1816
3123
14944393
-107
23
11
-2470
-1773
3156
14945418
-161
56
-3
-2480
-1834
3058
14946443
-158
79
-12
-2497
-1901
2987
14947468
-139
90
-7
-2509
-1907
3025
14948493
-171
101
3
-2514
-1907
3021
14949518
-249
105
17
-2490
-1939
2931
14950543
-269
103
34
-2532
-2005
2834
14943359
-203
92
42
-2569
-2000
2788
14944384
-100
73
36
-2586
-1980
2757
14945409
-16
53
30
-2600
-1960
2755
14946434
37
26
18
-2593
-1915
2748
14947459
29
-4
14
-2586
-1887
2777
14948484
12
-28
9
-2586
-1924
2860
14949509
25
-39
-4
-2581
-1922
2877
14950534
35
-41
-16
-2535
-1889
2931
14951559
-5
-32
-11
-2524
-1947
2964
14952584
-6
-23
-7
-2536
-2009
2957
14953609
34
-7
-1
-2550
-1978
2967
14954634
2
1
-7
-2502
-1858
2939
14955659
-59
18
-3
-2556
-1964
2877
14956684
-7
23
-14
-2569
-1992
2851
14957709
47
33
-18
-2529
-2004
2954
14958734
65
60
10
-2518
-1975
3009
14951552
123
78
20
-2529
-1941
2936
14952577
121
68
12
-2553
-1917
2810
14953602
46
46
34
-2609
-1931
2777
14954627
15
27
28
-2594
-1903
2812
14955652
-4
1
26
-2620
-1879
2828
14956677
12
-64
28
-2670
-2080
2731
14957702
170
-157
-76
-2607
-1831
1749
14958727
158
-265
-100
-2803
-534
2964
14959752
-903
-121
-88
-2714
-2182
5430
14960777
-1308
-13
49
-849
-4108
6869
14961802
-904
846
632
-2952
-2343
-655
14962827
1028
494
444
-2813
-2332
1473
14963852
850
333
271
-2666
-1345
2281
14964877
86
140
197
-2934
-801
2228
14965902
-459
-87
148
-2892
-1365
2423
14966927
-379
-173
-1
-2631
-1901
2799
14959744
47
-158
-52
-2710
-1953
3122
14960769
343
-135
-148
-2668
-1889
3077
14961794
390
-107
-201
-2562
-1839
2871
14962819
289
-95
-173
-2676
-1794
2697
14963844
57
-141
-131
-2724
-2001
2816
14964869
-174
-164
-84
-2619
-2191
2986
14965894
-128
-125
-55
-2539
-2164
2999
14966919
-6
-94
-4
-2530
-2116
2914
14967944
155
-75
15
-2580
-1893
2855
14968969
148
-84
8
-2618
-1753
2816
14969994
87
-96
-13
-2584
-1895
2859
14971019
98
-93
-18
-2574
-1951
2907
14972044
119
-85
-19
-2564
-1895
2959
14973069
111
-76
-11
-2539
-1902
3000
14974094
78
-67
-5
-2557
-1870
2914
14975119
51
-62
-9
-2565
-1819
2889
14967935
29
-64
-14
-2562
-1855
2900
14968960
-24
-75
-10
-2564
-1904
2923
14969985
-40
-74
-13
-2532
-1934
2990
14971010
-27
-57
-24
-2517
-1890
3008
14972035
-38
-47
-25
-2514
-1872
2991
14973060
-60
-38
-23
-2505
-1871
3017
14974085
-53
-19
-33
-2491
-1875
3029
14975110
-57
1
-26
-2488
-1970
2995
14976135
-39
11
-6
-2520
-1962
2925
14977160
-26
9
0
-2547
-1888
2861
14978185
-30
1
9
-2546
-1905
2871
14979210
-8
-10
16
-2538
-1943
2897
14980235
9
-17
14
-2537
-1903
2904
14981260
-2
-24
6
-2530
-1858
2910
14982285
-38
-29
-1
-2529
-1875
2906
14983310
-27
-32
-12
-2516
-1929
2925
14976129
16
-29
-24
-2523
-1934
2936
14977154
17
-31
-25
-2531
-1946
2904
14978179
0
-39
-18
-2501
-2021
2940
14979204
21
-22
-6
-2482
-1951
2986
14980229
0
-13
2
-2510
-1911
2924
14981254
-14
-22
15
-2524
-1951
2866
14982279
26
-31
9
-2533
-1914
2876
14983304
35
-48
1
-2533
-1867
2884
14984329
13
-56
-9
-2494
-1900
2951
14985354
39
-42
-12
-2479
-1898
3056
14986379
43
-20
-13
-2472
-1887
3076
14987404
9
-6
-7
-2449
-1884
3030
14988429
3
5
-5
-2498
-1914
2985
14989454
26
11
-9
-2512
-1926
2961
14990479
29
15
-8
-2505
-1891
2936
14991504
9
14
-1
-2491
-1886
2959
14984320
-1
7
5
-2500
-1903
2949
14985345
6
3
10
-2501
-1920
2952
14986370
20
0
10
-2509
-1911
2952
14987395
9
-5
6
-2512
-1875
2948
14988420
-15
-7
12
-2484
-1914
2967
14989445
-21
-4
17
-2502
-1927
2966
14990470
-14
-4
13
-2482
-1916
2966
14991495
-7
4
13
-2480
-1917
2965
14992520
-13
9
20
-2506
-1937
2961
14993545
-19
8
28
-2512
-1932
2937
14994570
-14
8
29
-2501
-1901
2942
14995595
-2
9
27
-2507
-1895
2950
14996620
8
9
23
-2512
-1885
2957
14997645
8
9
11
-2516
-1874
2938
14998670
-1
7
5
-2524
-1885
2928
14999695
6
2
-6
-2520
-1876
2929
14992515
2
-3
-10
-2525
-1889
2941
14993540
-3
-9
-13
-2514
-1895
2945
14994565
-1
-8
-17
-2510
-1912
2946
14995590
4
-9
-17
-2500
-1920
2948
14996615
11
-9
-18
-2509
-1902
2952
14997640
10
-10
-13
-2509
-1916
2962
14998665
11
-11
-10
-2499
-1947
2968
14999690
41
-8
-3
-2497
-1983
2995
15000715
72
-5
5
-2494
-1926
2995
15001740
19
-11
4
-2509
-1892
2966
15002765
-5
-12
1
-2505
-1913
2958
15003790
43
-3
0
-2510
-1890
2958
15004815
55
-12
-4
-2519
-1838
2891
15005840
22
-33
-8
-2528
-1850
2879
15006865
23
-36
-7
-2514
-1902
2968
15007890
57
-27
-13
-2463
-1876
3031
15000704
31
-15
-11
-2458
-1862
3023
15001729
-17
-10
-4
-2485
-1898
2965
15002754
-30
-11
0
-2498
-1904
2942
15003779
-21
-11
10
-2485
-1910
3004
15004804
-20
-3
16
-2476
-1898
3015
15005829
-32
-1
13
-2491
-1865
2946
15006854
-44
-10
12
-2506
-1865
2913
15007879
-22
-10
6
-2520
-1893
2955
15008904
2
-10
-2
-2500
-1884
2996
15009929
-7
-14
-6
-2496
-1837
2972
15010954
-30
-35
2
-2563
-1936
2868
15011979
78
-104
-22
-2546
-1841
2591
15013004
309
-142
-210
-2732
-813
2584
15014029
-679
-233
-190
-2781
-711
2286
15015054
-799
-33
133
-1710
-7059
8004
15016079
549
783
605
-1811
-3524
3377
15008896
1554
905
638
-2316
904
481
15009921
-206
602
445
-2566
-1101
2357
15010946
-484
366
206
-2644
-1480
2055
15011971
22
135
-27
-2951
-743
2056
15012996
24
-17
-183
-3150
-1104
2658
15014021
-108
-136
-252
-2808
-2027
3059
15015046
-71
-171
-235
-2668
-2147
3095
15016071
-167
-190
-199
-2575
-2085
2861
15017096
-159
-171
-133
-2624
-2106
2635
15018121
-228
-211
-52
-2701
-2114
2838
15019146
-229
-219
-22
-2535
-2285
2915
15020171
137
-163
-5
-2531
-2249
2959
15021196
389
-131
10
-2581
-1817
2969
15022221
286
-130
2
-2540
-1565
2977
15023246
-5
-137
15
-2567
-1678
2990
15024271
-165
-131
0
-2512
-1834
3072
15017088
-152
-97
-18
-2494
-1896
3024
15018113
-63
-69
-19
-2519
-1926
2942
15019138
-3
-56
-15
-2541
-1865
2916
15020163
-25
-50
-13
-2546
-1793
2928
15021188
-113
-30
1
-2499
-1953
2990
15022213
-84
6
23
-2430
-2214
3150
15023238
53
54
35
-2446
-2043
3118
15024263
72
83
24
-2522
-1728
2936
15025288
-34
69
19
-2589
-1768
2833
15026313
-45
29
-7
-2572
-1895
2814
15027338
24
15
-20
-2577
-1896
2904
15028363
9
-5
-18
-2584
-1838
2840
15029388
-38
-32
-16
-2576
-1869
2829
15030413
-48
-55
-9
-2550
-1928
2886
15031438
-33
-73
-7
-2554
-1895
2882
15032463
-3
-80
-13
-2507
-1912
2966
15025280
-18
-66
-11
-2486
-1903
3029
15026305
-67
-46
-6
-2499
-1906
3004
15027330
-70
-34
-12
-2493
-1909
2968
15028355
-55
-28
-18
-2494
-1942
2941
15029380
-41
-26
-15
-2529
-1919
2904
15030405
-51
-38
-18
-2549
-1848
2882
15031430
-83
-51
-15
-2537
-1946
2910
15032455
-65
-63
-10
-2504
-1996
2924
15033480
-28
-71
-11
-2476
-1942
2933
15034505
-39
-68
-6
-2473
-1961
2976
15035530
-53
-57
-1
-2458
-1999
3008
15036555
-49
-34
-1
-2458
-1992
3012
15037580
-34
-13
4
-2457
-2043
2991
15038605
3
5
9
-2444
-2008
3009
15039630
5
21
16
-2444
-1978
3005
15040655
-6
29
27
-2471
-1957
2948
15033687
0
29
32
-2491
-1958
2922
15034712
9
32
36
-2507
-1973
2955
15035737
18
35
34
-2492
-1945
2944
15036762
19
34
33
-2497
-1911
2907
15037787
-3
24
28
-2524
-1916
2911
15038812
-9
22
22
-2520
-1974
2952
15039837
15
25
14
-2499
-1935
2939
15040862
13
26
8
-2511
-1893
2913
15041887
-4
20
5
-2525
-1886
2919
15042912
-16
14
-2
-2523
-1915
2910
15043937
13
11
-11
-2522
-1946
2918
15044962
40
1
-22
-2521
-1891
2961
15045987
-14
10
-26
-2510
-1884
2998
15047012
-76
13
-11
-2513
-2053
2896
15048037
23
0
0
-2528
-2072
2862
15049062
108
-20
-6
-2545
-1855
2877
15041664
32
-19
6
-2512
-1925
2964
15042689
-4
-12
29
-2481
-2061
2979
15043714
84
0
13
-2460
-1932
2924
15044739
74
-1
3
-2500
-1843
2902
15045764
15
-3
-7
-2545
-1842
2945
15046789
-12
-2
-18
-2517
-1894
2965
15047814
-14
1
-29
-2488
-1900
2935
15048839
-12
3
-38
-2524
-1888
2913
15049864
-40
-2
-26
-2539
-1938
2932
15050889
-55
-4
-15
-2513
-1981
2909
15051914
-37
-4
-9
-2488
-1955
2910
15052939
-23
-14
-7
-2495
-1959
2930
15053964
-18
-14
2
-2514
-1944
2944
15054989
-37
-12
7
-2515
-1947
2931
15056014
-43
-11
10
-2484
-1972
2928
15057039
-17
-4
2
-2482
-1931
2927
15049856
-3
6
-6
-2503
-1947
2919
15050881
-11
4
-8
-2506
-1963
2927
15051906
-43
1
-8
-2502
-1959
2926
15052931
-42
2
-22
-2484
-1970
2927
15053956
-9
-4
-29
-2523
-1887
2923
15054981
-8
-32
-28
-2615
-1805
2763
15056006
5
-101
-27
-2610
-2154
2648
15057031
334
-88
-135
-2459
-2180
2979
15058056
232
-27
-325
-2660
221
2567
15059081
-1068
-101
-195
-2039
-4131
5593
15060106
-244
363
244
-1738
-5775
5104
15061131
1124
749
513
-2560
-119
58
15062156
299
438
461
-2520
-738
2250
15063181
-344
342
248
-2750
-2237
2066
15064206
289
78
41
-2770
-966
2014
15065231
267
-65
-28
-2961
-888
2796
15058047
-61
-150
-78
-2648
-1867
3119
15059072
15
-141
-117
-2672
-2134
3003
15060097
280
-137
-178
-2589
-1898
2859
15061122
318
-115
-161
-2616
-1874
2872
15062147
-62
-136
-49
-2652
-1865
3197
15063172
-389
-96
13
-2461
-2041
3423
15064197
-239
0
31
-2421
-2136
3151
15065222
-53
17
43
-2588
-2117
2655
15066247
27
-41
20
-2559
-1854
2631
15067272
-24
-89
-12
-2608
-1733
2852
15068297
-76
-94
-38
-2563
-1989
3000
15069322
-21
-74
-28
-2470
-2078
2987
15070347
26
-50
-6
-2504
-2003
2949
15071372
-8
-28
11
-2535
-1887
2963
15072397
-41
10
23
-2527
-1919
2924
15073422
5
31
10
-2562
-1876
2864
15066240
109
20
-47
-2533
-1768
2960
15067265
2
20
-14
-2570
-1890
2975
15068290
-95
15
-6
-2574
-1942
2845
15069315
-43
8
-27
-2541
-1955
2843
15070340
-7
-1
-10
-2567
-1947
2844
15071365
8
-24
-3
-2576
-1920
2812
15072390
-4
-40
1
-2546
-1917
2914
15073415
-44
-41
13
-2525
-1937
2952
15074440
-36
-43
3
-2528
-1946
2923
15075465
17
-44
-10
-2498
-1915
2960
15076490
2
-31
4
-2525
-1917
2966
15077515
-18
-16
0
-2516
-1936
2945
15078540
-6
-7
-9
-2515
-1937
2925
15079565
8
-1
-7
-2522
-1913
2944
15080590
0
6
-3
-2516
-1936
2963
15081615
-8
11
-3
-2534
-1951
2907
15074432
-14
4
3
-2534
-1973
2878
15075457
5
-1
7
-2531
-1942
2907
15076482
8
-1
14
-2528
-1952
2918
15077507
9
-5
18
-2537
-1943
2899
15078532
17
-12
13
-2536
-1937
2914
15079557
1
-19
15
-2546
-1948
2885
15080582
-9
-25
18
-2547
-1959
2863
15081607
7
-24
23
-2507
-1972
2967
15082632
27
-11
25
-2491
-1959
3003
15083657
32
4
21
-2520
-1896
2941
15084682
9
12
21
-2560
-1855
2903
15085707
-18
6
21
-2562
-1891
2882
15086732
17
-4
13
-2541
-1899
2919
15087757
39
-5
10
-2528
-1888
2978
15088782
20
-1
7
-2521
-1921
2946
15089807
10
-2
7
-2536
-1918
2905
15082624
14
-2
8
-2539
-1922
2925
15083649
24
1
9
-2522
-1912
2975
15084674
29
10
4
-2521
-1888
2973
15085699
16
16
-3
-2541
-1855
2917
15086724
-5
15
-5
-2571
-1866
2878
15087749
-3
4
-11
-2551
-1945
2891
15088774
44
-3
-14
-2523
-1911
2932
15089799
38
-5
-12
-2538
-1881
2928
15090824
11
-7
-12
-2546
-1908
2899
15091849
17
-11
-16
-2538
-1926
2906
15092874
21
-12
-14
-2534
-1937
2919
15093899
21
-13
-8
-2541
-1935
2927
15094924
12
-15
-1
-2522
-1935
2916
15095949
13
-19
4
-2534
-1913
2901
15096974
24
-25
6
-2537
-1903
2926
15097999
32
-27
0
-2535
-1869
2947
15090816
37
-25
-10
-2535
-1851
2941
15091841
25
-25
-16
-2554
-1865
2927
15092866
16
-27
-14
-2547
-1895
2970
15093891
26
-25
-9
-2500
-1949
2976
15094916
52
-21
-9
-2460
-1927
2991
15095941
50
-13
1
-2489
-1922
3018
15096966
41
-5
7
-2506
-1941
2982
15097991
47
13
10
-2498
-1907
2988
15099016
37
24
18
-2501
-1904
2988
15100041
33
29
24
-2525
-1872
2954
15101066
35
35
24
-2535
-1845
2952
15102091
23
32
25
-2543
-1836
2959
15103116
12
26
24
-2545
-1847
2928
15104141
19
18
15
-2538
-1840
2893
15105166
19
9
6
-2553
-1842
2911
15106191
-6
-8
3
-2568
-1880
2906
15099008
-12
-21
1
-2544
-1882
2901
15100033
8
-19
2
-2521
-1878
2973
15101058
14
-16
9
-2523
-1880
3004
15102083
10
-15
7
-2519
-1857
2972
15103108
19
-12
3
-2532
-1963
3057
15104133
89
-26
-25
-2579
-2136
2957
15105158
216
-93
-95
-2571
-1547
2304
15106183
-296
-272
-140
-2939
30
2140
15107208
-1917
-253
-193
-2812
-1835
4203
15108233
-958
65
-103
-854
-5890
7521
15109258
206
668
559
-2172
-2613
287
15110283
399
589
536
-3340
38
1377
15111308
-394
213
364
-2557
-2512
2173
15112333
421
172
93
-2590
-2179
2190
15113358
686
-1
67
-2848
-666
2605
15114383
36
-112
-32
-2769
-1279
2628
15107200
-113
-160
-88
-2663
-2187
3046
15108225
228
-147
-139
-2562
-2395
3219
15109250
642
-48
-193
-2521
-1963
2937
15110275
724
-21
-142
-2600
-1610
2781
15111300
212
-99
-11
-2717
-1756
3056
15112325
-107
-100
8
-2569
-1881
3427
15113350
-135
-29
10
-2560
-1859
3108
15114375
-9
2
23
-2521
-2129
2647
15115400
289
-31
-21
-2442
-1774
2765
15116425
236
-61
-38
-2635
-1726
2993
15117450
43
-74
-19
-2587
-1892
3095
15118475
-11
-51
-13
-2518
-1869
3014
15119500
-75
-36
6
-2562
-1791
2874
15120525
-79
-63
0
-2619
-1799
2777
15121550
19
-83
-21
-2594
-1764
2943
15122575
23
-76
-17
-2540
-1733
3078
15115393
-51
-56
-10
-2495
-1823
3018
15116418
-60
-44
-7
-2527
-1936
2950
15117443
16
-28
-16
-2508
-1893
3033
15118468
8
-7
-13
-2469
-1839
3054
15119493
-26
8
-10
-2478
-1885
2997
15120518
-21
16
-10
-2527
-1882
2967
15121543
-11
22
-8
-2573
-1840
2915
15122568
7
11
-15
-2527
-1877
2935
15123593
46
13
-13
-2515
-1869
3012
15124618
45
21
-14
-2534
-1826
3006
15125643
12
25
-11
-2535
-1816
2985
15126668
-12
24
1
-2567
-1830
2937
15127693
11
11
3
-2555
-1833
2945
15128718
33
5
4
-2558
-1782
2967
15129743
7
2
-1
-2547
-1790
2974
15130768
-13
3
-7
-2526
-1853
2995
15123585
-13
8
-10
-2507
-1878
2996
15124610
-14
14
-10
-2515
-1900
2987
15125635
-16
16
-4
-2546
-1889
2964
15126660
-16
18
1
-2560
-1865
2916
15127685
1
17
0
-2561
-1886
2927
15128710
30
12
0
-2538
-1925
2958
15129735
33
5
10
-2544
-1869
2912
15130760
-4
-4
16
-2564
-1847
2881
15131785
-18
-18
20
-2587
-1888
2898
15132810
30
-31
17
-2567
-1829
2925
15133835
49
-41
11
-2546
-1744
2957
15134860
-5
-49
15
-2546
-1756
2975
15135885
-44
-52
19
-2544
-1830
2986
15136910
-22
-50
20
-2525
-1837
3017
15137935
0
-38
13
-2521
-1780
3020
15138960
-37
-27
16
-2509
-1799
2999
15131777
-45
-15
9
-2514
-1818
3020
15132802
-32
-5
-3
-2523
-1833
3001
15133827
-30
1
-7
-2521
-1844
2968
15134852
-44
3
-6
-2535
-1870
2961
15135877
-47
4
0
-2542
-1907
2945
15136902
-32
1
9
-2536
-1882
2931
15137927
-31
-2
16
-2541
-1859
2926
15138952
-34
-8
17
-2544
-1857
2918
15139977
-27
-17
11
-2535
-1854
2936
15141002
-23
-19
6
-2538
-1887
2960
15142027
-25
-14
5
-2523
-1901
2985
15143052
-14
-11
3
-2506
-1872
3003
15144077
-20
-8
5
-2523
-1845
2967
15145102
-21
-9
5
-2532
-1815
2968
15146127
-37
-10
3
-2534
-1822
2953
15147152
-49
-15
-1
-2545
-1856
2939
15139969
-35
-29
-7
-2563
-1850
2880
15140994
-35
-48
-7
-2567
-1878
2841
15142019
-23
-59
-3
-2559
-1929
2924
15143044
14
-49
-3
-2500
-1931
3041
15144069
48
-22
-1
-2461
-1847
3106
15145094
13
-3
-1
-2490
-1790
3055
15146119
-50
-4
-6
-2534
-1860
2929
15147144
-30
-13
-19
-2553
-1892
2874
15148169
16
-24
-34
-2545
-1865
2895
15149194
48
-24
-40
-2520
-1852
3000
15150219
44
-21
-37
-2487
-1895
3082
15151244
25
1
-16
-2479
-1945
3048
15152269
45
11
-2
-2475
-1927
2987
15153294
57
19
1
-2467
-1848
3005
15154319
31
29
10
-2498
-1837
2989
15155344
4
30
6
-2529
-1869
2926
15148159
3
23
1
-2535
-1843
2924
15149184
-3
12
2
-2517
-1829
2975
15150209
-14
0
9
-2521
-1830
2996
15151234
-57
-38
1
-2544
-1766
2783
15152259
-12
-48
-39
-2542
-1996
2895
15153284
144
-69
-114
-2753
-1458
2675
15154309
-412
-196
-296
-2939
-67
2259
15155334
-821
-280
-292
-1887
-3470
5629
15156359
-269
161
376
-1451
-6036
5206
15157384
839
825
633
-2958
-1640
486
15158409
434
268
685
-2270
-245
2284
15159434
-210
399
421
-2547
-2351
2498
15160459
411
167
273
-2624
-988
2303
15161484
348
38
117
-3061
-170
2199
15162509
46
-92
-103
-2766
-1211
2975
15163534
109
-113
-139
-2746
-2104
3175
15156353
349
-144
-247
-2673
-1834
3173
15157378
286
-148
-271
-2521
-1702
2846
15158403
225
-141
-189
-2622
-1988
2903
15159428
3
-193
-65
-2682
-1851
3103
15160453
-329
-180
-16
-2568
-1784
3226
15161478
-246
-116
0
-2413
-2083
3157
15162503
19
-73
31
-2485
-1894
2979
15163528
89
-75
24
-2543
-1700
2886
15164553
54
-90
7
-2571
-1701
3010
15165578
-22
-114
7
-2584
-1626
2997
15166603
-103
-125
17
-2531
-1709
2979
15167628
-103
-67
37
-2467
-2044
3185
15168653
-4
-1
62
-2427
-1994
3233
15169678
55
49
53
-2467
-1698
3132
15170703
27
71
29
-2523
-1619
3056
15171728
-25
71
10
-2559
-1721
3015
15164544
-25
56
-18
-2593
-1697
2934
15165569
15
28
-59
-2583
-1711
2934
15166594
-13
3
-52
-2576
-1766
2946
15167619
-64
-27
-36
-2591
-1744
2846
15168644
-61
-63
-31
-2578
-1874
2846
15169669
-26
-95
-8
-2555
-1909
2943
15170694
3
-105
5
-2542
-1821
2965
15171719
4
-106
11
-2498
-1814
3048
15172744
-1
-87
19
-2467
-1813
3140
15173769
5
-61
13
-2456
-1766
3112
15174794
1
-42
7
-2462
-1764
3090
15175819
-10
-16
8
-2487
-1782
3122
15176844
1
7
-7
-2472
-1781
3118
15177869
14
25
-13
-2496
-1777
3058
15178894
-2
27
-14
-2529
-1754
2983
15179919
-31
23
-10
-2532
-1834
2956
15172736
-13
16
-4
-2526
-1870
3003
15173761
3
10
2
-2511
-1824
2991
15174786
-13
-2
11
-2518
-1775
2960
15175811
-24
-16
20
-2524
-1811
2988
15176836
-5
-22
17
-2514
-1799
3036
15177861
13
-17
11
-2485
-1783
3050
15178886
14
-10
9
-2496
-1771
3016
15179911
3
-7
10
-2530
-1787
3002
15180936
-8
-3
6
-2513
-1820
3017
15181961
4
-2
0
-2499
-1799
3019
15182986
16
0
2
-2499
-1781
3042
15184011
1
1
3
-2513
-1758
3022
15185036
-7
3
-1
-2529
-1764
2971
15186061
3
-4
-12
-2521
-1782
3005
15187086
7
-11
-16
-2514
-1779
3025
15188111
1
-12
-18
-2509
-1791
3030
15180928
-12
-10
-10
-2499
-1818
3023
15181953
-15
-8
-3
-2504
-1811
3011
15182978
-8
-9
1
-2503
-1812
3002
15184003
0
-15
-2
-2503
-1793
2995
15185028
-2
-21
-5
-2497
-1801
3021
15186053
-12
-18
-1
-2499
-1829
3049
15187078
-10
-12
3
-2495
-1817
3017
15188103
-11
-10
8
-2493
-1811
3010
15189128
-6
-9
10
-2503
-1804
3027
15190153
3
-7
5
-2499
-1780
3023
15191178
6
-7
-2
-2501
-1776
3005
15192203
3
-8
-5
-2511
-1778
2998
15193228
6
-11
-10
-2505
-1797
3023
15194253
7
-11
-9
-2491
-1837
3029
15195278
21
-5
-5
-2482
-1852
3044
15196303
12
-2
0
-2492
-1831
3033
15189120
2
3
1
-2492
-1788
3039
15190145
8
7
5
-2503
-1794
3023
15191170
26
-2
5
-2513
-1761
2984
15192195
26
-13
-4
-2516
-1732
2988
15193220
-4
-19
-13
-2516
-1763
3022
15194245
13
-19
-27
-2480
-1778
3040
15195270
24
-13
-18
-2488
-1820
3045
15196295
5
-5
-10
-2475
-1839
3061
15197320
-4
0
-5
-2471
-1847
3025
15198345
15
6
8
-2496
-1816
3020
15199370
10
5
16
-2506
-1788
3034
15200395
1
2
12
-2482
-1790
3041
15201420
19
12
13
-2486
-1817
3042
15202445
33
16
17
-2497
-1805
3022
15203470
46
18
15
-2501
-1793
3010
15204495
47
16
8
-2525
-1735
3009
15197312
16
3
1
-2514
-1744
3030
15198337
12
0
2
-2502
-1794
3033
15199362
29
10
-1
-2501
-1765
3027
15200387
23
6
-13
-2515
-1749
3012
15201412
12
-10
-20
-2498
-1784
2960
15202437
15
-16
-22
-2505
-1792
3008
15203462
16
-13
-17
-2487
-1785
3090
15204487
2
-3
-10
-2472
-1754
3066
15205512
-29
-5
6
-2487
-1800
3037
15206537
-30
-4
6
-2466
-1845
3027
15207562
-22
-9
4
-2492
-1721
2894
15208587
-64
-10
-7
-2562
-1751
3013
15209612
-42
6
-47
-2525
-1752
3101
15210637
-19
-10
-74
-2592
-1640
2805
15211662
34
-90
-138
-2756
-1604
2617
15212687
15
-84
-323
-2602
-347
3529
15205505
-600
188
-323
-1766
-2308
6163
15206530
-829
388
348
-1211
-5313
4028
15207555
468
1115
569
-3749
-2221
277
15208580
371
238
538
-2225
-363
2653
15209605
-375
341
215
-2338
-2226
2048
15210630
187
90
131
-3063
-766
1787
15211655
1
-203
34
-3018
-870
2701
15212680
-83
-224
-179
-2819
-2084
2829
15213705
337
-253
-262
-2822
-1732
2822
15214730
395
-326
-263
-2616
-1403
2964
15215755
62
-333
-210
-2485
-1756
3159
15216780
-237
-323
-108
-2457
-2068
3183
15217805
-240
-254
-48
-2485
-2117
3323
15218830
-106
-166
-11
-2426
-2054
3199
15219855
-30
-125
11
-2375
-1991
3065
15220880
0
-103
27
-2417
-1796
3013
15213696
-17
-94
8
-2492
-1738
2969
15214721
-10
-101
-10
-2466
-1816
3069
15215746
15
-76
0
-2432
-1942
3243
15216771
22
-16
13
-2401
-1958
3227
15217796
-2
20
27
-2433
-1859
3035
15218821
-33
20
39
-2484
-1809
2927
15219846
-2
20
23
-2522
-1793
2978
15220871
23
11
-5
-2509
-1759
2983
15221896
38
-7
-26
-2496
-1758
2951
15222921
-30
-45
-15
-2548
-1797
2855
15223946
-97
-85
-3
-2559
-1900
2815
15224971
-23
-91
-15
-2457
-1977
3047
15225996
72
-73
-8
-2401
-1835
3180
15227021
52
-65
-4
-2400
-1769
3120
15228046
-19
-36
22
-2420
-1821
3182
15229071
-48
2
20
-2417
-1900
3157
15221888
20
26
5
-2392
-1852
3074
15222913
42
41
2
-2441
-1774
3058
15223938
-7
47
3
-2472
-1847
3043
15224963
-18
41
-2
-2473
-1861
2980
15225988
-10
22
-2
-2486
-1831
2946
15227013
-4
1
7
-2490
-1867
2974
15228038
1
-15
10
-2496
-1820
2989
15229063
-25
-31
8
-2466
-1798
2981
15230088
-46
-46
12
-2473
-1856
3003
15231113
-22
-53
15
-2467
-1848
3051
15232138
-17
-49
16
-2450
-1836
3056
15233163
-29
-38
21
-2428
-1884
3079
15234188
-14
-20
23
-2427
-1850
3079
15235213
-5
-13
14
-2436
-1822
3049
15236238
0
-6
15
-2429
-1847
3110
15237263
8
11
10
-2439
-1848
3080
15230080
18
24
6
-2444
-1828
3044
15231105
13
27
4
-2470
-1796
3036
15232130
-11
26
0
-2467
-1837
3006
15233155
7
24
-8
-2472
-1857
2990
15234180
18
15
-8
-2484
-1824
2992
15235205
-4
0
-3
-2476
-1842
2992
15236230
-7
-12
-2
-2464
-1840
3008
15237255
-2
-19
-1
-2469
-1845
3018
15238280
-6
-23
4
-2465
-1844
3022
15239305
-8
-23
5
-2459
-1835
3035
15240330
-18
-27
6
-2442
-1853
3029
15241355
-6
-22
6
-2455
-1865
3056
15242380
7
-15
0
-2448
-1836
3057
15243405
-2
-7
-1
-2450
-1825
3031
15244430
-9
0
-2
-2454
-1846
3029
15245455
6
-3
-9
-2466
-1815
3006
15238271
7
-10
-17
-2459
-1851
3012
15239296
15
-18
-19
-2441
-1865
3055
15240321
18
-6
-8
-2436
-1871
3097
15241346
2
6
3
-2441
-1862
3066
15242371
4
6
11
-2453
-1838
3011
15243396
15
0
16
-2466
-1853
3017
15244421
42
-1
4
-2456
-1823
3044
15245446
36
-1
-7
-2457
-1789
3038
15246471
9
-6
-11
-2462
-1819
3030
15247496
6
-11
-13
-2453
-1859
3023
15248521
18
-12
-15
-2443
-1856
3043
15249546
7
-21
-13
-2460
-1844
3025
15250571
1
-25
-11
-2447
-1842
3036
15251596
-4
-20
-3
-2444
-1839
3028
15252621
-1
-16
1
-2442
-1856
3035
15253646
0
-19
2
-2435
-1843
3043
15246637
6
-16
-1
-2437
-1820
3057
15247662
0
-13
-2
-2420
-1853
3061
15248687
5
-10
-3
-2418
-1843
3074
15249712
-8
-7
1
-2452
-1800
3049
15250737
-20
-8
7
-2445
-1819
3051
15251762
2
-7
9
-2425
-1828
3086
15252787
23
2
3
-2409
-1803
3111
15253812
2
11
2
-2426
-1792
3071
15254837
-28
14
-1
-2469
-1803
3000
15255862
-33
7
-11
-2485
-1828
2967
15256887
-9
-1
-16
-2456
-1864
3016
15257912
18
-3
-16
-2423
-1874
3081
15258937
18
-1
-18
-2423
-1815
3072
15259962
-27
-7
-13
-2452
-1789
2989
15260987
-39
-10
-4
-2489
-1880
3012
15262012
-10
-25
0
-2463
-2025
3043
15254656
45
-52
-16
-2369
-1755
2928
15255681
65
-66
-59
-2577
-1368
2586
15256706
-161
-143
-88
-2777
-1646
2070
15257731
-447
-136
-48
-2458
-2554
3806
15258756
269
207
58
-1047
-3911
8372
15259781
-624
756
730
-1550
-1720
2174
15260806
-665
1061
653
-3833
-960
189
15261831
-274
112
427
-2340
-1801
2474
15262856
62
232
183
-2849
-2014
1919
15263881
610
-50
58
-3073
-803
2285
15264906
56
-247
-36
-2822
-843
2508
15265931
-185
-285
-160
-2597
-1891
3163
15266956
86
-282
-207
-2458
-2336
3224
15267981
528
-227
-235
-2427
-1986
3043
15269006
624
-206
-203
-2458
-1685
3035
15270031
280
-226
-117
-2550
-1854
3172
15262847
78
-203
-90
-2493
-1817
3373
15263872
-98
-142
-79
-2404
-1898
3267
15264897
-105
-86
-52
-2344
-1943
3178
15265922
23
-33
-43
-2428
-1826
3081
15266947
21
-9
-34
-2506
-1830
2993
15267972
8
-13
-39
-2469
-1853
3004
15268997
38
-14
-42
-2412
-1854
3062
15270022
41
-7
-13
-2430
-1921
3114
15271047
65
-1
16
-2426
-1831
3132
15272072
32
20
38
-2439
-1746
3135
15273097
2
39
45
-2467
-1723
3062
15274122
2
41
34
-2498
-1713
3002
15275147
-23
26
27
-2513
-1699
2970
15276172
-24
3
-9
-2469
-1725
2998
15277197
-35
-12
-25
-2499
-1740
2975
15278222
-73
-30
-28
-2523
-1812
2990
15271040
-82
-40
-32
-2478
-1834
3014
15272065
-73
-47
-26
-2430
-1890
3048
15273090
-58
-48
-5
-2411
-1949
3124
15274115
-40
-36
6
-2444
-1908
3096
15275140
-41
-20
21
-2466
-1901
2991
15276165
-10
-8
33
-2448
-1920
3031
15277190
44
4
42
-2406
-1856
3166
15278215
45
20
54
-2431
-1775
3098
15279240
12
26
62
-2466
-1771
3028
15280265
-10
25
51
-2486
-1716
3011
15281290
-19
20
23
-2505
-1740
2991
15282315
-3
7
4
-2481
-1748
3026
15283340
-12
-2
-5
-2485
-1737
3001
15284365
-56
-13
-4
-2488
-1824
2992
15285390
-47
-23
-4
-2469
-1851
3024
15286415
-18
-23
-2
-2450
-1858
3043
15279232
-2
-24
1
-2459
-1844
3023
15280257
-16
-28
4
-2473
-1826
3021
15281282
-37
-29
8
-2454
-1851
3038
15282307
-19
-27
10
-2459
-1848
3035
15283332
11
-22
16
-2440
-1832
3086
15284357
13
-14
15
-2445
-1813
3055
15285382
-11
-7
19
-2450
-1813
3077
15286407
-37
5
17
-2469
-1847
3033
15287432
-18
4
11
-2458
-1855
2978
15288457
18
0
12
-2460
-1815
3046
15289482
9
1
14
-2465
-1811
3066
15290507
-10
0
12
-2457
-1811
3021
15291532
-11
-6
7
-2471
-1815
2995
15292557
-7
-16
5
-2485
-1823
2988
15293582
3
-21
1
-2476
-1825
3047
15294607
0
-22
-1
-2428
-1834
3091
15287423
5
-14
5
-2435
-1814
3083
15288448
-6
-8
13
-2469
-1828
3068
15289473
-20
-5
11
-2469
-1807
2998
15290498
-13
-9
3
-2467
-1800
2995
15291523
-8
-16
-1
-2471
-1839
3032
15292548
-6
-14
-9
-2462
-1889
3030
15293573
-6
-12
-11
-2445
-1876
3007
15294598
-8
-17
-1
-2443
-1892
3012
15295623
12
-22
13
-2431
-1902
3051
15296648
49
-18
30
-2434
-1873
3072
15297673
63
-12
37
-2449
-1852
3066
15298698
57
-6
38
-2452
-1799
3063
15299723
42
1
35
-2463
-1761
3050
15300748
39
-2
31
-2477
-1757
3007
15301773
42
-15
22
-2499
-1746
2964
15302798
31
-38
17
-2505
-1736
2984
15295617
33
-52
9
-2484
-1738
3079
15296642
6
-58
6
-2455
-1752
3101
15297667
-10
-56
-1
-2457
-1777
3072
15298692
-23
-62
-14
-2453
-1762
3031
15299717
-32
-58
-22
-2424
-1773
3069
15300742
-12
-65
-29
-2442
-1835
3074
15301767
24
-64
-47
-2412
-1792
3113
15302792
9
-47
-47
-2423
-1763
3118
15303817
-37
-46
-45
-2412
-1807
3080
15304842
-41
-49
-49
-2409
-1801
3076
15305867
-47
-46
-47
-2403
-1799
3107
15306892
-39
-44
-35
-2400
-1801
3117
15307917
-30
-37
-34
-2405
-1745
3121
15308942
-66
-28
-41
-2409
-1748
3069
15309967
-92
-32
-52
-2381
-1827
3075
15310992
-69
-32
-59
-2377
-1871
3130
15303808
-47
-22
-67
-2382
-1857
3107
15304833
-55
-15
-75
-2395
-1825
3011
15305858
-87
-31
-72
-2412
-1829
2985
15306883
-101
-48
-64
-2403
-1906
3038
15307908
-68
-38
-66
-2363
-1951
3123
15308933
-10
-80
-54
-2473
-2009
2838
15309958
295
-153
-141
-2407
-1728
2332
15310983
422
-186
-368
-2645
-256
2437
15312008
-1465
-271
-205
-2052
-2078
5523
15313033
-937
208
165
-170
-6459
8023
15314058
1383
1370
433
-2758
-2433
-827
15315083
1735
642
403
-3567
854
2110
15316108
-881
169
258
-2209
-822
2393
15317133
-583
296
-47
-2633
-2913
1968
15318158
512
-69
36
-2783
-1483
2579
15319183
285
-205
-75
-2697
-1338
2866
15312000
-36
-223
-141
-2522
-2115
3253
15313025
-25
-226
-108
-2349
-2182
3269
15314050
83
-186
-71
-2348
-2058
2955
15315075
109
-210
18
-2476
-1850
3108
15316100
63
-199
42
-2375
-1702
3502
15317125
-26
-111
71
-2477
-1695
3182
15318150
-104
-126
43
-2558
-1841
2611
15319175
18
-206
4
-2327
-1873
2818
15320200
92
-221
-13
-2377
-1741
3163
15321225
7
-217
-41
-2376
-1716
3332
15322250
-116
-189
-36
-2247
-1808
3351
15323275
-119
-149
-25
-2269
-1842
3305
15324300
-46
-109
-31
-2274
-1808
3267
15325325
-54
-76
-19
-2314
-1853
3190
15326350
-120
-43
-5
-2314
-1920
3160
15327375
-74
-11
-10
-2274
-1988
3162
15320192
20
14
1
-2289
-1939
3204
15321217
28
31
17
-2325
-1832
3154
15322242
-27
32
21
-2329
-1844
3120
15323267
-57
24
25
-2351
-1854
3117
15324292
-35
7
16
-2359
-1810
3032
15325317
-37
-21
2
-2369
-1816
2980
15326342
-58
-47
-3
-2431
-1833
2960
15327367
-21
-70
-25
-2351
-1919
3093
15328392
39
-67
-19
-2270
-1871
3256
15329417
15
-49
-12
-2277
-1814
3231
15330442
-61
-30
-2
-2277
-1936
3173
15331467
-47
-10
5
-2305
-1947
3115
15332492
3
0
-1
-2313
-1880
3146
15333517
3
11
3
-2303
-1877
3196
15334542
-13
19
4
-2306
-1865
3129
15335567
-9
16
5
-2320
-1894
3085
15328384
-18
6
20
-2366
-1907
3061
15329409
-3
-6
15
-2334
-1865
3073
15330434
-9
-19
13
-2322
-1841
3078
15331459
-16
-28
13
-2317
-1889
3137
15332484
-2
-25
6
-2311
-1890
3176
15333509
0
-19
-3
-2306
-1865
3120
15334534
-5
-15
-1
-2312
-1872
3118
15335559
-7
-12
0
-2328
-1885
3130
15336584
-3
-11
-1
-2307
-1864
3131
15337609
-10
-10
-1
-2299
-1873
3131
15338634
-9
-6
-2
-2304
-1882
3134
15339659
-3
-5
-4
-2315
-1861
3112
15340684
-11
-7
-7
-2313
-1873
3095
15341709
-17
-15
-4
-2326
-1894
3070
15342734
-5
-15
-6
-2320
-1901
3129
15343759
14
-10
-11
-2284
-1866
3167
15336576
2
-9
-8
-2291
-1865
3151
15337601
-16
-6
-7
-2309
-1884
3137
15338626
-9
-5
-15
-2318
-1876
3096
15339651
-5
-12
-15
-2314
-1874
3082
15340676
-10
-18
-13
-2306
-1914
3125
15341701
3
-19
-17
-2298
-1901
3129
15342726
-8
-21
-11
-2297
-1926
3107
15343751
-10
-25
2
-2292
-1940
3130
15344776
12
-16
6
-2289
-1901
3188
15345801
0
-9
10
-2267
-1869
3189
15346826
-12
1
12
-2296
-1872
3153
15347851
-1
9
5
-2296
-1891
3143
15348876
18
13
2
-2296
-1863
3139
15349901
12
12
1
-2295
-1863
3140
15350926
-7
10
-4
-2294
-1908
3112
15351951
-4
10
-6
-2306
-1908
3104
15344768
-2
7
-1
-2317
-1899
3090
15345793
-5
0
5
-2311
-1915
3096
15346818
1
-5
5
-2290
-1900
3122
15347843
0
-5
4
-2302
-1895
3116
15348868
-2
-8
3
-2307
-1879
3105
15349893
2
-11
2
-2301
-1901
3123
15350918
15
-10
-2
-2299
-1898
3150
15351943
13
-6
0
-2303
-1864
3144
15352968
2
-3
3
-2296
-1895
3140
15353993
20
0
-1
-2286
-1887
3146
15355018
28
2
-9
-2301
-1846
3146
15356043
4
2
-13
-2300
-1870
3125
15357068
-10
4
-10
-2303
-1895
3108
15358093
-10
1
-7
-2298
-1944
3112
15359118
5
-1
3
-2296
-1954
3130
15360143
19
1
13
-2294
-1907
3138
15352961
6
3
23
-2295
-1888
3124
15353986
4
2
22
-2311
-1854
3107
15355011
7
-5
8
-2310
-1844
3079
15356036
19
-7
-7
-2303
-1836
3130
15357061
12
-6
-13
-2311
-1852
3156
15358086
-5
-14
-17
-2296
-1877
3128
15359111
2
-20
-21
-2292
-1902
3093
15360136
19
-10
-16
-2302
-1907
3126
15361161
22
-3
-14
-2291
-1887
3157
15362186
19
9
-11
-2270
-1880
3203
15363211
15
18
-6
-2309
-1956
3184
15364236
88
-16
6
-2419
-2417
2930
15365261
344
-165
-66
-2329
-2127
1773
15366286
519
-307
-189
-2636
-322
2357
15367311
-1109
-224
-327
-2684
-1012
5633
15368336
-379
277
-404
311
-4731
10126
15361152
1299
1263
555
-1477
-3668
21
15362177
1316
1245
718
-4211
-818
1179
15363202
-617
425
509
-2065
-832
1856
15364227
56
499
160
-2350
-2940
1845
15365252
807
98
297
-3051
-267
1986
15366277
6
-186
93
-2953
-72
2352
15367302
-300
-328
4
-2515
-1873
3257
15368327
21
-347
9
-2632
-2350
3586
15369352
168
-372
-115
-2333
-1621
3362
15370377
74
-259
-130
-2446
-1249
3060
15371402
-268
-287
-86
-2445
-1598
3384
15372427
-615
-240
-37
-2367
-1702
3635
15373452
-456
-89
-77
-2344
-1979
3379
15374477
-179
-52
-60
-2315
-2172
2891
15375502
40
-85
-43
-2313
-1821
2939
15376527
-16
-98
-49
-2460
-1689
3124
15369344
-137
-103
-40
-2413
-1903
3191
15370369
-127
-86
-29
-2317
-1893
3186
15371394
-31
-63
-46
-2305
-1792
3185
15372419
-44
-59
-19
-2337
-1844
3146
15373444
-83
-72
1
-2380
-1785
3032
15374469
-60
-82
-27
-2330
-1875
3088
15375494
-29
-69
-19
-2295
-1921
3223
15376519
9
-43
-14
-2303
-1840
3231
15377544
23
-20
-16
-2295
-1855
3264
15378569
-16
-5
3
-2313
-1850
3176
15379594
-32
-4
5
-2314
-1854
3066
15380619
0
-5
10
-2359
-1796
3092
15381644
2
-13
6
-2385
-1818
3083
15382669
-1
-24
7
-2302
-1909
3162
15383694
17
-12
4
-2275
-1891
3200
15384719
17
0
-2
-2299
-1838
3137
15377535
-15
-4
5
-2349
-1814
3097
15378560
-30
-15
10
-2378
-1823
3083
15379585
-10
-25
-2
-2315
-1826
3098
15380610
10
-36
-13
-2297
-1811
3110
15381635
0
-41
-9
-2374
-1737
3144
15382660
-54
-39
-10
-2370
-1810
3198
15383685
-58
-25
-24
-2277
-1928
3183
15384710
11
-13
-45
-2255
-1868
3111
15385735
39
-21
-57
-2302
-1788
3121
15386760
-11
-19
-37
-2315
-1898
3209
15387785
-14
-10
-27
-2280
-1950
3222
15388810
26
7
-18
-2254
-1927
3215
15389835
33
21
0
-2290
-1873
3136
15390860
26
26
9
-2301
-1885
3141
15391885
27
24
24
-2314
-1877
3154
15392910
33
21
28
-2318
-1867
3113
15385793
42
15
26
-2300
-1856
3110
15386818
26
6
24
-2339
-1781
3102
15387843
-14
-5
23
-2356
-1793
3137
15388868
-46
-16
19
-2334
-1777
3198
15389893
-79
-19
4
-2276
-1741
3249
15390918
-134
-3
-5
-2304
-1775
3194
15391943
-188
13
-20
-2297
-1855
3199
15392968
-206
30
-23
-2260
-1934
3225
15393993
-247
44
-3
-2300
-1851
3231
15395018
-345
56
22
-2306
-1947
3118
15396043
-338
63
38
-2314
-2079
3005
15397068
-211
56
35
-2330
-2093
2932
15398093
-49
49
39
-2362
-2063
2887
15399118
91
31
30
-2387
-1988
2921
15400143
144
5
20
-2397
-1882
2986
15401168
86
-19
18
-2392
-1852
3000
15393921
17
-43
16
-2345
-1915
3030
15394946
5
-53
22
-2335
-1967
3065
15395971
37
-53
24
-2327
-1947
3081
15396996
55
-47
21
-2317
-1888
3130
15398021
33
-34
19
-2318
-1893
3146
15399046
20
-23
10
-2308
-1880
3149
15400071
12
-10
7
-2302
-1904
3170
15401096
14
6
2
-2299
-1927
3175
15402121
21
25
3
-2316
-1914
3134
15403146
22
37
4
-2336
-1877
3097
15404171
2
39
8
-2334
-1903
3082
15405196
12
35
5
-2359
-1905
3047
15406221
25
25
-9
-2361
-1887
3022
15407246
20
12
-14
-2353
-1891
3045
15408271
-6
2
-11
-2358
-1902
3046
15409296
-19
-6
-9
-2356
-1945
3060
15402111
5
-14
-3
-2338
-1944
3064
15403136
21
-22
2
-2336
-1906
3074
15404161
30
-20
2
-2322
-1947
3134
15405186
61
-10
11
-2327
-1964
3159
15406211
88
2
7
-2303
-1895
3186
15407236
50
17
9
-2312
-1864
3138
15408261
18
26
7
-2343
-1837
3061
15409286
40
24
1
-2375
-1860
3057
15410311
57
15
-8
-2368
-1863
3065
15411336
35
2
-19
-2350
-1859
3052
15412361
5
-12
-17
-2371
-1845
3008
15413386
-5
-25
-13
-2371
-1864
3007
15414411
13
-24
-7
-2332
-1965
3085
15415436
81
-9
-13
-2332
-1928
3111
15416461
150
-4
-25
-2357
-1876
3003
15417486
272
-65
-24
-2459
-1859
2557
15410305
490
-170
-92
-2559
-1763
2074
15411330
522
-310
-251
-2765
-739
2519
15412355
-432
-164
-168
-2479
-1992
6517
15413380
-329
278
67
898
-5268
10082
15414405
94
1887
865
-3024
-2580
-1565
15415430
1405
862
696
-3138
213
2185
15416455
-470
563
320
-1743
-1190
1804
15417480
-4
503
161
-2932
-1429
1500
15418505
-66
-20
125
-3492
-141
1688
15419530
-474
-293
-187
-2967
-1516
2938
15420555
-223
-368
-258
-2472
-2506
3412
15421580
237
-369
-265
-2529
-2062
3326
15422605
187
-402
-225
-2407
-1494
2914
15423630
-240
-417
-105
-2517
-1665
2899
15424655
-438
-429
-47
-2452
-1884
3454
15425680
-322
-296
-62
-2365
-2116
3454
15418496
-102
-198
-21
-2335
-2172
3123
15419521
66
-178
-12
-2287
-1909
2940
15420546
88
-176
-3
-2359
-1758
3036
15421571
41
-159
-6
-2347
-1874
3283
15422596
19
-121
2
-2262
-1943
3450
15423621
16
-49
-1
-2243
-1753
3453
15424646
-66
21
15
-2284
-1777
3325
15425671
-105
48
37
-2316
-1864
3103
15426696
-49
45
13
-2431
-1750
2953
15427721
32
31
-42
-2404
-1760
3014
15428746
15
10
-30
-2409
-1820
3033
15429771
4
-24
-38
-2433
-1765
2907
15430796
-47
-60
-33
-2402
-1918
2990
15431821
-74
-75
0
-2367
-1967
3084
15432846
-20
-81
2
-2337
-1879
3077
15433871
-8
-80
11
-2314
-1844
3183
15426688
-14
-62
17
-2293
-1859
3269
15427713
-5
-37
7
-2297
-1832
3208
15428738
-18
-25
5
-2311
-1869
3139
15429763
-26
-10
11
-2320
-1861
3159
15430788
-7
5
1
-2315
-1854
3159
15431813
4
13
-2
-2321
-1837
3129
15432838
-6
10
-4
-2332
-1847
3114
15433863
-13
8
-7
-2327
-1882
3109
15434888
-16
4
-3
-2361
-1838
3082
15435913
-24
-7
0
-2342
-1851
3083
15436938
-14
-16
4
-2347
-1868
3102
15437963
-16
-23
4
-2350
-1825
3109
15438988
-39
-32
3
-2335
-1859
3072
15440013
-34
-47
3
-2354
-1883
3053
15441038
-13
-57
1
-2330
-1905
3125
15442063
-8
-48
6
-2297
-1896
3208
15434880
-18
-28
12
-2289
-1864
3182
15435905
-26
-17
14
-2296
-1857
3131
15436930
-22
-9
13
-2314
-1869
3148
15437955
-13
-4
8
-2326
-1867
3137
15438980
9
-8
-11
-2310
-1844
3122
15440005
-13
-11
-4
-2320
-1878
3104
15441030
-34
-7
4
-2310
-1913
3157
15442055
-8
7
4
-2304
-1906
3176
15443080
-2
9
6
-2301
-1857
3132
15444105
-11
9
9
-2326
-1861
3114
15445130
-22
8
4
-2353
-1863
3072
15446155
-16
3
-1
-2333
-1877
3093
15447180
-10
-4
-1
-2317
-1880
3112
15448205
-14
-13
4
-2324
-1885
3091
15449230
-16
-19
8
-2324
-1901
3094
15450255
-14
-19
10
-2314
-1896
3121
15443071
-1
-16
9
-2311
-1880
3142
15444096
-5
-9
8
-2307
-1870
3156
15445121
-9
-2
5
-2311
-1874
3133
15446146
-1
2
-1
-2314
-1876
3131
15447171
3
5
-4
-2321
-1865
3113
15448196
1
4
-7
-2323
-1867
3101
15449221
3
4
-8
-2306
-1906
3128
15450246
10
4
-8
-2319
-1908
3117
15451271
14
3
1
-2328
-1894
3111
15452296
0
1
10
-2316
-1906
3104
15453321
3
0
16
-2307
-1912
3119
15454346
15
0
14
-2323
-1860
3115
15455371
13
0
8
-2321
-1850
3132
15456396
9
0
2
-2335
-1825
3105
15457421
1
-5
-8
-2326
-1844
3107
15458446
-1
-6
-9
-2329
-1873
3112
15451264
3
-5
-15
-2322
-1870
3113
15452289
2
-4
-16
-2317
-1878
3119
15453314
4
-7
-16
-2320
-1897
3105
15454339
3
-10
-12
-2319
-1916
3110
15455364
-1
-12
-6
-2312
-1909
3108
15456389
-3
-10
4
-2307
-1918
3117
15457414
1
-10
10
-2311
-1914
3129
15458439
8
-10
14
-2320
-1878
3129
15459464
1
-10
18
-2311
-1874
3109
15460489
4
-10
17
-2315
-1872
3126
15461514
3
-13
15
-2329
-1858
3142
15462539
-6
-10
11
-2313
-1875
3124
15463564
3
-7
9
-2313
-1858
3125
15464589
8
-4
3
-2315
-1855
3144
15465614
0
-4
-1
-2315
-1853
3129
15466639
-1
-4
-4
-2314
-1866
3123
15459585
7
-3
-7
-2313
-1867
3144
15460610
10
0
-6
-2305
-1895
3148
15461635
7
3
-2
-2312
-1898
3117
15462660
5
3
4
-2320
-1901
3116
15463685
2
0
12
-2320
-1899
3127
15464710
10
0
13
-2315
-1875
3124
15465735
12
-4
7
-2320
-1839
3112
15466760
2
-11
1
-2328
-1859
3103
15467785
14
-13
-1
-2319
-1885
3159
15468810
17
-6
0
-2305
-1900
3183
15469835
1
-8
3
-2289
-1867
3121
15470860
5
5
5
-2314
-1882
3139
15471885
20
8
5
-2334
-1893
3114
15472910
32
1
-3
-2318
-1841
3041
15473935
37
4
-8
-2322
-1848
3092
15474960
58
10
-12
-2320
-1861
3220
15467648
58
18
-16
-2305
-1795
3191
15468673
-18
8
-4
-2310
-1837
3081
15469698
-43
4
8
-2343
-1910
3075
15470723
-3
3
1
-2313
-1905
3137
15471748
17
5
4
-2293
-1828
3149
15472773
-5
3
4
-2326
-1827
3155
15473798
-19
-2
-10
-2326
-1832
3105
15474823
-15
5
-21
-2326
-1857
3113
15475848
5
18
-29
-2311
-1876
3155
15476873
25
36
-28
-2312
-1835
3145
15477898
15
33
-30
-2316
-1857
3107
15478923
9
29
-29
-2327
-1929
3132
15479948
60
30
-29
-2340
-1951
3122
15480973
172
6
-49
-2344
-2016
2950
15481998
265
-103
-81
-2488
-1677
2111
15483023
387
-194
-228
-2667
-1022
2833
15475841
-389
-132
-253
-2385
-1448
5107
15476866
-373
82
-64
-60
-4198
8529
15477891
-306
1156
706
-2565
-3296
14
15478916
563
717
637
-3682
-133
1298
15479941
-653
78
308
-1883
-1247
2009
15480966
11
214
16
-2628
-2199
2039
15481991
502
-136
51
-2933
-749
2668
15483016
-18
-227
-76
-2623
-1282
3106
15484041
-229
-221
-109
-2330
-2140
3523
15485066
-50
-202
-105
-2260
-2337
3462
15486091
165
-142
-115
-2347
-1939
3104
15487116
86
-138
-45
-2427
-1701
3012
15488141
-222
-172
13
-2438
-1913
3319
15489166
-206
-108
-6
-2351
-1928
3404
15490191
-90
-47
-2
-2407
-1852
2996
15491216
-43
-85
5
-2395
-1899
2717
15484032
13
-150
-7
-2406
-1865
2869
15485057
58
-166
-19
-2372
-1958
3200
15486082
83
-127
0
-2268
-2014
3331
15487107
131
-67
4
-2220
-1860
3430
15488132
76
-7
17
-2264
-1759
3374
15489157
-47
26
47
-2360
-1736
3064
15490182
-54
3
15
-2417
-1731
2893
15491207
5
-22
-25
-2383
-1802
3096
15492232
-44
-25
-7
-2364
-1847
3163
15493257
-55
-31
-17
-2334
-1820
3075
15494282
-62
-45
-13
-2335
-1820
3096
15495307
-81
-49
3
-2355
-1842
3086
15496332
-66
-61
-11
-2339
-1883
3073
15497357
-30
-55
-11
-2305
-1884
3198
15498382
-45
-35
-14
-2295
-1851
3200
15499407
-84
-18
-17
-2279
-1901
3172
15492223
-67
-2
-15
-2283
-1933
3155
15493248
-15
9
-23
-2289
-1937
3119
15494273
-16
10
-10
-2328
-1910
3106
15495298
-40
6
-7
-2336
-1902
3078
15496323
-36
6
-3
-2316
-1962
3079
15497348
-1
0
-1
-2297
-1921
3110
15498373
3
0
0
-2312
-1880
3111
15499398
-16
-8
0
-2333
-1887
3065
15500423
-13
-15
1
-2322
-1909
3083
15501448
-18
-16
0
-2306
-1895
3068
15502473
-9
-10
-5
-2281
-1952
3141
15503498
19
-1
4
-2301
-1924
3198
15504523
0
7
9
-2307
-1870
3137
15505548
-30
12
13
-2317
-1931
3080
15506573
-8
9
10
-2326
-1933
3079
15507598
25
5
8
-2313
-1891
3095
15500416
8
3
14
-2320
-1882
3113
15501441
-9
0
8
-2318
-1884
3098
15502466
-8
-3
5
-2334
-1879
3067
15503491
-7
-9
2
-2328
-1871
3094
15504516
-7
-8
-3
-2304
-1880
3153
15505541
-11
0
-10
-2293
-1881
3131
15506566
-11
4
-14
-2313
-1899
3094
15507591
-16
1
-15
-2326
-1919
3081
15508616
-18
-1
-11
-2318
-1955
3081
15509641
-1
-2
-3
-2321
-1963
3086
15510666
3
-2
8
-2319
-1960
3088
15511691
3
-4
18
-2320
-1940
3080
15512716
8
-10
23
-2331
-1906
3086
15513741
11
-14
21
-2319
-1880
3102
15514766
9
-11
14
-2316
-1856
3111
15515791
-5
-13
4
-2315
-1867
3105
15508608
-4
-13
-2
-2326
-1883
3107
15509633
2
-14
-5
-2312
-1902
3095
15510658
3
-16
-4
-2302
-1928
3107
15511683
4
-13
2
-2318
-1917
3129
15512708
3
-8
5
-2309
-1908
3130
15513733
6
-4
5
-2303
-1896
3119
15514758
7
-4
4
-2313
-1898
3110
15515783
5
-5
3
-2319
-1878
3117
15516808
-7
-4
4
-2324
-1901
3109
15517833
2
-3
5
-2297
-1898
3103
15518858
14
-3
6
-2305
-1890
3131
15519883
9
-1
2
-2323
-1884
3128
15520908
2
2
-4
-2305
-1885
3125
15521933
2
5
-6
-2301
-1898
3115
15522958
9
4
-4
-2312
-1907
3129
15523983
14
5
-1
-2312
-1950
3164
15516799
14
12
6
-2302
-1938
3160
15517824
2
15
6
-2322
-1892
3076
15518849
24
6
1
-2334
-1888
3013
15519874
63
-17
-13
-2344
-1872
3038
15520899
52
-31
-7
-2341
-1945
3077
15521924
44
-30
-4
-2339
-1916
3127
15522949
41
-29
-8
-2302
-1876
3120
15523974
30
-26
0
-2311
-1866
3078
15524999
57
-30
-17
-2312
-1850
3116
15526024
80
-31
-30
-2300
-1826
3170
15527049
40
-33
-24
-2280
-1855
3163
15528074
1
-28
-10
-2288
-1909
3152
15529099
0
-22
-4
-2292
-1904
3126
15530124
3
-20
3
-2278
-1877
3129
15531149
21
-1
-3
-2268
-1855
3221
15532174
21
19
-4
-2277
-1849
3189
15524992
38
32
-11
-2302
-1873
3086
15526017
68
7
-23
-2376
-1660
2907
15527042
13
-96
0
-2455
-1782
2390
15528067
270
-168
-20
-2453
-2607
2198
15529092
1054
-172
-267
-2420
-1105
3656
15530117
7
71
-248
-2013
-1358
6731
15531142
-713
513
255
501
-5311
9300
15532167
612
1804
776
-3123
-2670
-1934
15533192
1326
744
647
-3378
1368
1389
15534217
-997
400
201
-2342
-1026
1692
15535242
148
244
-139
-2864
-2220
1425
15536267
634
-236
27
-3350
-15
2394
15537292
-276
-386
-150
-2721
-1074
3210
15538317
-532
-408
-184
-2224
-2588
3528
15539342
-115
-378
-125
-2334
-2393
3446
15540367
107
-303
-105
-2303
-1687
3343
15533184
-159
-247
-18
-2297
-1778
3296
15534209
-418
-213
66
-2364
-2202
3343
15535234
-196
-130
55
-2303
-1969
3550
15536259
1
-30
58
-2382
-1644
3313
15537284
-36
-18
40
-2434
-1611
2947
15538309
-107
-57
13
-2419
-1676
2852
15539334
-63
-88
-21
-2430
-1793
3048
15540359
-49
-94
-19
-2428
-1892
3175
15541384
-43
-72
-32
-2341
-1756
3269
15542409
-104
-39
-16
-2305
-1847
3202
15543434
-107
-19
16
-2345
-1882
3092
15544459
12
1
-1
-2349
-1857
3176
15545484
13
17
7
-2355
-1834
3126
15546509
-26
17
7
-2383
-1811
3073
15547534
-31
5
-4
-2385
-1808
3111
15548559
-18
-4
-3
-2407
-1745
3063
15541376
-12
-23
-10
-2392
-1785
3045
15542401
-21
-35
-6
-2394
-1813
3117
15543426
-26
-35
-11
-2379
-1809
3092
15544451
-27
-39
-7
-2360
-1872
3073
15545476
-7
-46
-2
-2365
-1824
3080
15546501
-12
-48
-4
-2351
-1869
3133
15547526
-3
-34
2
-2319
-1866
3237
15548551
1
-14
0
-2329
-1802
3187
15549576
-12
-4
-2
-2320
-1846
3151
15550601
-1
7
5
-2359
-1819
3145
15551626
-13
8
1
-2376
-1790
3090
15552651
-23
3
4
-2357
-1849
3131
15553676
-7
4
5
-2349
-1833
3149
15554701
-16
2
1
-2361
-1813
3097
15555726
-30
-8
4
-2361
-1855
3082
15556751
-28
-13
10
-2365
-1844
3070
15549569
-24
-20
7
-2375
-1831
3050
15550594
-16
-32
7
-2359
-1857
3108
15551619
-3
-27
10
-2331
-1865
3192
15552644
-12
-16
15
-2349
-1831
3149
15553669
-28
-12
16
-2348
-1819
3117
15554694
-27
-9
13
-2345
-1854
3131
15555719
-6
-4
6
-2350
-1823
3139
15556744
-11
0
-2
-2354
-1814
3122
15557769
-24
5
-3
-2358
-1846
3110
15558794
-18
-2
-3
-2353
-1832
3056
15559819
-10
-11
-2
-2370
-1845
3071
15560844
-15
-20
2
-2357
-1862
3109
15561869
-7
-18
-2
-2323
-1876
3153
15562894
-6
-11
2
-2341
-1841
3154
15563919
-15
-7
3
-2351
-1836
3114
15564944
-5
-5
-4
-2340
-1839
3107
15557761
5
-4
-10
-2345
-1851
3120
15558786
-5
-4
-11
-2368
-1833
3103
15559811
-21
-6
-11
-2349
-1857
3083
15560836
-11
-7
-9
-2339
-1862
3103
15561861
4
-11
-10
-2339
-1858
3121
15562886
6
-11
-13
-2350
-1853
3116
15563911
-5
-12
-14
-2334
-1864
3126
15564936
-14
-9
-5
-2340
-1886
3122
15565961
-7
-4
1
-2344
-1899
3124
15566986
3
-3
3
-2320
-1871
3118
15568011
14
-3
1
-2332
-1860
3111
15569036
19
-2
-1
-2350
-1828
3134
15570061
5
-2
-6
-2343
-1841
3130
15571086
2
-5
-6
-2339
-1863
3124
15572111
19
-9
-6
-2342
-1873
3126
15573136
23
0
-2
-2336
-1868
3131
15565952
11
4
0
-2339
-1870
3084
15566977
12
-4
3
-2334
-1888
3078
15568002
40
-8
3
-2344
-1839
3132
15569027
42
-1
2
-2338
-1842
3172
15570052
33
6
5
-2321
-1857
3149
15571077
46
6
8
-2334
-1864
3136
15572102
60
3
13
-2344
-1866
3083
15573127
84
8
0
-2364
-1806
3080
15574152
76
0
-8
-2370
-1769
3109
15575177
47
-14
-10
-2339
-1830
3115
15576202
47
-7
-5
-2337
-1836
3163
15577227
28
-9
-7
-2333
-1787
3116
15578252
0
-24
-7
-2350
-1762
3057
15579277
-17
-46
-1
-2369
-1828
3074
15580302
-2
-50
0
-2307
-1883
3205
15581327
13
-22
-1
-2276
-1831
3297
15574145
0
9
6
-2280
-1828
3235
15575170
4
26
10
-2327
-1803
3136
15576195
4
25
3
-2368
-1810
3052
15577220
18
8
-5
-2367
-1819
3064
15578245
33
-2
-13
-2331
-1825
3180
15579270
34
3
-16
-2325
-1794
3211
15580295
-5
7
-7
-2329
-1810
3111
15581320
-20
-2
-7
-2361
-1830
3073
15582345
2
-11
-12
-2349
-1836
3121
15583370
27
-11
-18
-2314
-1799
3182
15584395
3
-4
-14
-2318
-1814
3200
15585420
-42
-6
-3
-2334
-1826
3149
15586445
-102
-60
14
-2430
-1786
2950
15587470
-160
-203
46
-2470
-1937
2305
15588495
-66
-259
-70
-2366
-1913
3035
15589520
69
-159
-188
-2411
-759
4037
15582335
-794
96
-272
-1732
-1291
5495
15583360
-1201
400
154
-887
-5739
6477
15584385
591
1238
543
-3015
-3364
-60
15585410
1380
538
476
-2510
911
1811
15586435
-601
428
271
-2585
-1472
1884
15587460
44
143
92
-2656
-2162
1835
15588485
482
-123
90
-3042
-630
2250
15589510
40
-268
-39
-2661
-1139
3071
15590535
-191
-305
-44
-2377
-2143
3543
15591560
-7
-287
-99
-2326
-2336
3482
15592585
258
-195
-147
-2310
-1980
3063
15593610
226
-172
-81
-2428
-1613
3278
15594635
-124
-163
-21
-2439
-1550
3494
15595660
-379
-94
-28
-2350
-1798
3435
15596685
-319
-51
-21
-2353
-2124
2995
15597710
-42
-64
-28
-2328
-2106
2862
15590528
137
-76
-17
-2413
-1839
3048
15591553
24
-95
7
-2455
-1821
3051
15592578
-58
-102
-12
-2342
-1818
3157
15593603
-64
-72
8
-2303
-1940
3263
15594628
-45
-42
27
-2346
-1887
3124
15595653
11
-29
7
-2353
-1747
3100
15596678
-3
-18
0
-2361
-1805
3161
15597703
-51
-16
4
-2364
-1858
3098
15598728
-43
-27
-4
-2372
-1867
2983
15599753
0
-41
-15
-2392
-1830
3022
15600778
-4
-52
-1
-2374
-1851
3081
15601803
-40
-70
5
-2357
-1872
3038
15602828
-20
-74
-4
-2310
-1915
3163
15603853
8
-54
1
-2306
-1908
3238
15604878
4
-33
-2
-2312
-1825
3161
15605903
-28
-18
1
-2322
-1849
3132
15598742
-32
-12
1
-2324
-1893
3099
15599767
21
-6
-11
-2320
-1885
3148
15600792
31
7
-10
-2327
-1856
3188
15601817
-4
15
-10
-2318
-1857
3140
15602842
-16
14
-1
-2335
-1900
3080
15603867
-3
4
5
-2358
-1885
3053
15604892
9
-4
2
-2346
-1849
3061
15605917
-6
-12
4
-2336
-1852
3098
15606942
-7
-17
1
-2322
-1856
3121
15607967
-5
-16
-2
-2342
-1849
3121
15608992
-16
-17
0
-2332
-1880
3119
15610017
-21
-17
1
-2329
-1893
3089
15611042
2
-16
0
-2315
-1906
3127
15612067
22
-7
5
-2327
-1875
3197
15613092
-2
1
8
-2303
-1867
3173
15614117
-9
13
11
-2314
-1885
3151
15606912
0
20
13
-2331
-1879
3120
15607937
14
20
10
-2342
-1855
3079
15608962
12
14
5
-2363
-1833
3084
15609987
-15
4
9
-2355
-1855
3088
15611012
-14
-1
8
-2335
-1876
3088
15612037
6
-4
4
-2328
-1851
3101
15613062
6
-8
2
-2342
-1849
3106
15614087
-6
-13
-2
-2359
-1830
3090
15615112
-22
-17
-8
-2352
-1866
3104
15616137
-15
-20
-12
-2322
-1900
3120
15617162
4
-15
-9
-2323
-1881
3143
15618187
-5
-10
-6
-2318
-1878
3138
15619212
-10
-7
1
-2331
-1872
3109
15620237
-6
-8
1
-2343
-1879
3084
15621262
3
-14
-4
-2326
-1874
3093
15622287
15
-11
-4
-2314
-1893
3153
15615104
11
-4
3
-2314
-1892
3157
15616129
-3
3
11
-2324
-1881
3125
15617154
-3
4
13
-2325
-1865
3101
15618179
10
0
11
-2339
-1874
3095
15619204
26
-3
8
-2345
-1860
3110
15620229
16
-2
3
-2334
-1840
3127
15621254
-6
-5
0
-2332
-1841
3088
15622279
-2
-9
0
-2334
-1859
3095
15623304
17
-11
-6
-2336
-1861
3129
15624329
22
-15
-11
-2320
-1862
3142
15625354
14
-15
-13
-2326
-1850
3115
15626379
-7
-26
-12
-2338
-1850
3052
15627404
-8
-37
-11
-2336
-1895
3062
15628429
0
-41
-6
-2320
-1915
3135
15629454
1
-36
1
-2293
-1869
3186
15630479
-13
-30
3
-2296
-1866
3166
15623296
9
-19
-1
-2286
-1844
3169
15624321
21
-4
-4
-2313
-1831
3170
15625346
5
5
-10
-2307
-1847
3158
15626371
-13
15
-11
-2301
-1883
3141
15627396
4
12
-17
-2320
-1881
3099
15628421
24
5
-26
-2335
-1854
3042
15629446
32
-1
-28
-2320
-1870
3144
15630471
36
-1
-26
-2307
-1892
3173
15631496
17
-3
-22
-2308
-1872
3084
15632521
8
1
-17
-2310
-1911
3105
15633546
44
5
-14
-2301
-1909
3154
15634571
61
8
-10
-2296
-1833
3186
15635596
13
13
-3
-2293
-1843
3154
15636621
-18
12
0
-2317
-1858
3078
15637646
-20
-5
-6
-2342
-1828
3073
15638671
-28
-19
-4
-2310
-1855
3142
15631488
-49
-17
8
-2269
-1936
3190
15632513
-68
-5
17
-2270
-1937
3149
15633538
-103
-7
27
-2311
-1950
3011
15634563
-121
-42
2
-2385
-1701
2925
15635588
-171
-106
-8
-2507
-1708
2843
15636613
-127
-175
-65
-2462
-2084
2874
15637638
-59
-182
-286
-2316
-1136
3433
15638663
-1454
-39
-284
-2224
-556
4817
15639688
-1596
2
197
-93
-5245
7248
15640713
-307
1163
937
-3290
-5729
-692
15641738
1682
610
629
-2786
162
1964
15642763
185
284
445
-1913
-682
2054
15643788
-123
246
266
-2878
-1858
2017
15644813
62
-193
156
-2977
-440
2046
15645838
-27
-331
-68
-2720
-1138
2873
15646863
50
-316
-187
-2511
-2191
3502
15639680
241
-283
-310
-2234
-2117
3513
15640705
390
-163
-319
-2182
-1916
3221
15641730
334
-128
-203
-2328
-2125
3266
15642755
-68
-148
-60
-2346
-2187
3377
15643780
-267
-85
-6
-2322
-2079
3338
15644805
-263
-36
42
-2283
-2180
3106
15645830
-77
-35
67
-2310
-2120
2835
15646855
92
-50
55
-2389
-1870
2881
15647880
121
-78
19
-2407
-1806
3031
15648905
39
-97
13
-2385
-1867
3120
15649930
-10
-92
-11
-2325
-1800
3166
15650955
-7
-59
-23
-2290
-1953
3179
15651980
9
-30
-5
-2287
-1937
3125
15653005
-49
-14
0
-2313
-1877
3125
15654030
-82
7
-15
-2305
-1967
3160
15655055
-60
21
-13
-2317
-2001
3112
15647872
-34
23
-16
-2351
-1918
2992
15648897
1
3
-45
-2329
-1874
2997
15649922
-14
-4
-19
-2371
-2015
3069
15650947
-29
-6
-9
-2311
-2056
3110
15651972
0
13
-9
-2258
-2025
3130
15652997
-5
27
18
-2306
-1974
3099
15654022
-33
32
39
-2347
-1967
3031
15655047
-18
37
39
-2360
-1950
3004
15656072
6
29
18
-2369
-1900
2979
15657097
26
12
-8
-2344
-1914
3021
15658122
28
2
-8
-2337
-1970
3072
15659147
18
-1
-13
-2350
-1955
3043
15660172
3
-3
-11
-2366
-1945
3018
15661197
-3
-13
1
-2373
-1958
3000
15662222
5
-27
0
-2323
-1966
3028
15663247
32
-26
-8
-2303
-1974
3111
15656064
22
-22
1
-2366
-1960
3066
15657089
-16
-26
5
-2354
-1962
3001
15658114
-29
-37
-1
-2307
-1975
2986
15659139
2
-49
-4
-2316
-1959
3063
15660164
16
-55
0
-2343
-1918
3082
15661189
10
-59
0
-2324
-1909
3101
15662214
28
-50
-7
-2303
-1901
3156
15663239
32
-37
-12
-2266
-1932
3193
15664264
14
-15
1
-2282
-1971
3194
15665289
20
9
-5
-2304
-1962
3142
15666314
33
32
-8
-2297
-1952
3092
15667339
38
39
0
-2318
-1923
3110
15668364
24
30
2
-2309
-1897
3104
15669389
-7
21
0
-2310
-1894
3041
15670414
-21
16
-1
-2361
-1906
3013
15671439
-22
3
-4
-2365
-1917
3021
15664256
-22
-9
-6
-2328
-1966
3067
15665281
-10
-18
-4
-2307
-1964
3088
15666306
-15
-20
2
-2322
-1945
3071
15667331
-23
-19
4
-2326
-1973
3056
15668356
-13
-15
5
-2319
-1990
3077
15669381
17
-15
4
-2290
-1956
3132
15670406
20
-3
10
-2304
-1945
3137
15671431
-5
9
17
-2311
-1966
3092
15672456
0
13
11
-2327
-1941
3019
15673481
12
3
3
-2337
-1924
3006
15674506
24
-8
-4
-2326
-1937
3053
15675531
26
-14
-6
-2322
-1939
3081
15676556
-9
-19
-1
-2325
-1940
3055
15677581
-30
-26
3
-2327
-1976
3044
15678606
-4
-30
2
-2325
-1956
3068
15679631
20
-34
-1
-2312
-1920
3110
15672532
16
-31
-3
-2282
-1923
3146
15673557
-1
-21
-5
-2289
-1955
3113
15674582
4
-12
-4
-2295
-1979
3115
15675607
22
-11
4
-2324
-1967
3082
15676632
50
-19
1
-2322
-1950
3038
15677657
79
-9
3
-2284
-1941
3151
15678682
105
10
6
-2265
-1934
3234
15679707
114
24
14
-2290
-1901
3164
15680732
79
17
5
-2356
-1833
2990
15681757
43
1
15
-2372
-1913
2941
15682782
72
-17
4
-2331
-1926
3032
15683807
86
-32
-2
-2322
-1939
3090
15684832
108
-36
-4
-2318
-1924
3070
15685857
127
-43
-17
-2282
-1812
3125
15686882
82
-31
-12
-2284
-1842
3199
15687907
100
-12
-23
-2254
-1926
3212
15680640
178
3
-33
-2247
-1824
3220
15681665
121
10
-20
-2336
-1714
3157
15682690
-36
1
-15
-2338
-1787
3088
15683715
-96
-12
-17
-2297
-1913
3054
15684740
8
-31
-22
-2323
-2150
2889
15685765
331
-83
-49
-2322
-2179
2716
15686790
754
-89
-216
-2631
-1046
2883
15687815
74
-211
-399
-2591
474
3352
15688840
-416
18
-301
-407
-5499
10097
15689865
-478
1043
647
-1457
-4282
1541
15690890
810
1179
700
-3927
594
868
15691915
-546
302
389
-1726
-1549
2006
15692940
138
532
102
-2459
-2308
1836
15693965
599
84
153
-3047
-39
2082
15694990
-25
-127
-86
-2898
-961
2464
15696015
-60
-273
-140
-2446
-2089
3302
15688832
111
-283
-74
-2711
-2103
3332
15689857
158
-299
-163
-2438
-1720
3158
15690882
113
-264
-146
-2225
-1824
3275
15691907
-114
-253
-12
-2317
-2022
3367
15692932
-300
-212
60
-2410
-1884
3417
15693957
-243
-144
19
-2303
-1761
3388
15694982
-151
-74
13
-2302
-1808
3210
15696007
-72
-58
16
-2363
-1801
3090
15697032
-27
-65
-22
-2369
-1789
3135
15698057
-13
-49
-35
-2354
-1739
3162
15699082
-102
-37
-15
-2363
-1858
3033
15700107
-110
-53
-1
-2374
-1988
3057
15701132
0
-55
-24
-2354
-1802
3209
15702157
18
-32
-34
-2291
-1770
3289
15703182
-12
-9
-24
-2317
-1695
3147
15704207
-39
-17
-38
-2345
-1814
3018
15697024
-98
-29
-7
-2389
-1966
3056
15698049
-65
-43
-13
-2379
-1917
2987
15699074
-17
-70
-21
-2359
-1857
3030
15700099
2
-71
-5
-2312
-1862
3227
15701124
-4
-59
-2
-2295
-1807
3229
15702149
-36
-55
-3
-2294
-1813
3134
15703174
-52
-43
-2
-2314
-1835
3207
15704199
-26
-24
-16
-2289
-1849
3206
15705224
1
-6
-19
-2283
-1827
3190
15706249
-15
1
-24
-2286
-1837
3193
15707274
-30
11
-24
-2289
-1917
3162
15708299
-19
10
-16
-2320
-1906
3078
15709324
-7
-2
-16
-2322
-1899
3064
15710349
-21
-15
2
-2335
-1895
3054
15711374
-25
-29
13
-2319
-1908
3083
15712399
9
-32
12
-2296
-1851
3183
15705216
-5
-31
13
-2284
-1827
3207
15706241
-36
-23
14
-2291
-1843
3189
15707266
-37
-13
8
-2306
-1862
3142
15708291
-21
-7
1
-2293
-1877
3132
15709316
-9
0
1
-2295
-1892
3155
15710341
-4
5
-3
-2298
-1892
3157
15711366
-13
5
-1
-2309
-1883
3104
15712391
-15
-5
5
-2318
-1892
3102
15713416
-9
-7
11
-2308
-1903
3143
15714441
-5
-5
11
-2299
-1866
3132
15715466
0
-7
7
-2304
-1857
3129
15716491
3
-6
3
-2315
-1845
3135
15717516
-4
-7
-3
-2299
-1863
3152
15718541
-12
-4
-7
-2305
-1864
3132
15719566
-16
-5
-7
-2302
-1895
3114
15720591
-7
-10
-1
-2309
-1918
3104
15713408
18
-9
1
-2298
-1869
3155
15714433
2
-5
9
-2284
-1888
3183
15715458
-10
-1
11
-2287
-1880
3138
15716483
-3
2
2
-2300
-1872
3117
15717508
8
3
-5
-2316
-1872
3125
15718533
9
1
-10
-2306
-1853
3125
15719558
-6
-2
-4
-2311
-1871
3102
15720583
-10
-7
1
-2316
-1896
3108
15721608
3
-11
2
-2302
-1898
3143
15722633
11
-9
-4
-2264
-1879
3200
15723658
-6
8
5
-2251
-1916
3237
15724683
16
20
23
-2299
-1973
3163
15725708
73
18
24
-2348
-1830
3102
15726733
19
1
14
-2354
-1817
3044
15727758
1
-16
16
-2337
-1913
3041
15728783
68
-30
4
-2310
-1872
3121
15721600
50
-41
-6
-2297
-1769
3143
15722625
-22
-46
-2
-2302
-1873
3147
15723650
1
-37
-3
-2296
-1930
3178
15724675
40
-24
-5
-2293
-1858
3153
15725700
23
-26
-12
-2277
-1785
3136
15726725
0
-19
-13
-2269
-1835
3190
15727750
8
-7
-14
-2270
-1878
3206
15728775
10
5
-14
-2271
-1843
3172
15729800
-22
9
-9
-2287
-1852
3122
15730825
-23
11
-2
-2297
-1902
3164
15731850
-2
14
0
-2285
-1847
3172
15732875
-24
12
0
-2288
-1811
3118
15733900
-43
6
3
-2314
-1920
3121
15734925
-2
5
-2
-2297
-1944
3148
15735950
43
1
-15
-2268
-1824
3197
15736975
12
-3
-16
-2286
-1800
3135
15729792
-34
-9
-8
-2330
-1907
3070
15730817
10
-18
-13
-2313
-1911
3101
15731842
45
-18
-16
-2275
-1842
3170
15732867
16
-10
-13
-2268
-1832
3186
15733892
-11
0
-5
-2288
-1893
3178
15734917
8
3
-7
-2301
-1869
3170
15735942
8
-51
4
-2391
-1840
2909
15736967
38
-131
-43
-2334
-1619
2662
15737992
-60
-208
-181
-2755
183
2385
15739017
-1277
-154
-215
-2397
-1392
4508
15740042
-1996
52
393
-262
-8497
8151
15741067
205
1325
835
-2431
-2401
767
15742092
1824
815
643
-2506
926
2102
15743117
-379
527
377
-2405
-1656
2130
15744142
-180
358
247
-2787
-1847
1845
15745167
245
42
102
-2951
-1279
2019
15737984
159
-164
-55
-3013
-1023
1977
15739009
-5
-375
-160
-2639
-1578
2552
15740034
33
-446
-200
-2364
-1989
3253
15741059
110
-420
-204
-2110
-1997
3802
15742084
18
-318
-172
-2070
-2346
3840
15743109
72
-180
-126
-2287
-2331
3292
15744134
316
-79
-107
-2413
-1908
3013
15745159
469
-38
-108
-2319
-2107
3059
15746184
340
-60
-18
-2439
-1840
3323
15747209
-3
-49
12
-2440
-1501
3290
15748234
-172
-10
20
-2323
-1778
3156
15749259
-60
-11
25
-2330
-1819
2968
15750284
34
-62
2
-2452
-1776
2837
15751309
80
-109
-34
-2426
-1876
2947
15752334
173
-114
-58
-2359
-1949
3073
15753359
277
-111
-65
-2302
-1796
3229
15746176
201
-89
-50
-2264
-1743
3423
15747201
-7
-63
-10
-2262
-1805
3324
15748226
-95
-40
-10
-2290
-1846
3176
15749251
-60
-22
-4
-2307
-1879
3171
15750276
-19
-25
0
-2339
-1756
3102
15751301
23
-35
-23
-2312
-1742
3158
15752326
-32
-42
-2
-2308
-1802
3223
15753351
-61
-41
3
-2331
-1780
3077
15754376
-59
-61
-4
-2337
-1901
2979
15755401
-16
-92
6
-2340
-1895
3031
15756426
27
-97
2
-2284
-1845
3241
15757451
6
-74
9
-2220
-1817
3380
15758476
-26
-39
15
-2229
-1807
3297
15759501
-24
-17
9
-2240
-1796
3242
15760526
-1
-7
-1
-2265
-1787
3229
15761551
-8
8
1
-2286
-1801
3205
15754369
-2
13
-7
-2272
-1820
3204
15755394
11
18
-10
-2262
-1841
3218
15756419
-1
19
-3
-2269
-1829
3157
15757444
1
15
3
-2287
-1853
3149
15758469
-3
13
15
-2295
-1878
3168
15759494
-2
6
19
-2293
-1831
3100
15760519
12
2
15
-2285
-1852
3188
15761544
16
5
17
-2283
-1842
3242
15762569
-5
13
18
-2287
-1782
3182
15763594
-29
14
19
-2282
-1796
3150
15764619
-19
7
17
-2312
-1816
3127
15765644
10
-4
-1
-2302
-1801
3160
15766669
3
-7
-6
-2285
-1807
3188
15767694
-11
-4
-3
-2295
-1819
3173
15768719
-17
-4
-2
-2298
-1830
3164
15769744
-20
-9
0
-2303
-1826
3130
15762560
-5
-14
-8
-2296
-1822
3143
15763585
-3
-21
-12
-2289
-1826
3158
15764610
-11
-21
-10
-2296
-1826
3195
15765635
-10
-15
-14
-2282
-1835
3193
15766660
-6
-11
-14
-2272
-1850
3171
15767685
5
-13
-13
-2274
-1837
3188
15768710
-2
-11
-10
-2268
-1852
3186
15769735
-3
-8
-5
-2285
-1857
3165
15770760
0
-11
-3
-2279
-1862
3177
15771785
11
-8
0
-2277
-1847
3192
15772810
16
-6
1
-2276
-1836
3182
15773835
17
-7
0
-2276
-1829
3189
15774860
15
-6
-3
-2288
-1808
3189
15775885
12
-5
-6
-2279
-1832
3168
15776910
16
-12
-9
-2290
-1842
3146
15777935
27
-19
-9
-2287
-1838
3188
15770752
16
-13
-12
-2267
-1815
3223
15771777
-1
2
-2
-2283
-1847
3222
15772802
-12
-5
-4
-2266
-1807
3157
15773827
-10
-10
-11
-2261
-1762
3147
15774852
1
-2
-6
-2277
-1857
3223
15775877
16
4
0
-2273
-1852
3206
15776902
14
7
-3
-2269
-1823
3176
15777927
7
5
5
-2277
-1892
3168
15778952
24
1
9
-2269
-1869
3161
15779977
30
3
4
-2282
-1786
3193
15781002
6
3
-2
-2277
-1812
3192
15782027
28
6
-8
-2278
-1787
3192
15783052
14
7
-9
-2283
-1788
3174
15784077
-11
-1
-11
-2284
-1858
3159
15785102
10
-10
-19
-2277
-1817
3185
15786127
16
-8
-14
-2276
-1785
3210
15778944
-12
-2
-7
-2263
-1826
3190
15779969
-3
5
-9
-2263
-1859
3191
15780994
8
8
-8
-2272
-1823
3174
15782019
1
8
-6
-2281
-1848
3154
15783044
38
17
-21
-2273
-1853
3183
15784069
77
25
-33
-2269
-1820
3174
15785094
92
15
-32
-2317
-1825
3157
15786119
237
-79
-12
-2409
-2120
2242
15787144
922
-132
-202
-2332
-1445
2744
15788169
846
-88
-275
-2513
513
3998
15789194
-795
142
-177
-950
-5525
10268
15790219
-271
1058
568
-1075
-4964
1837
15791244
2031
1286
655
-3721
1627
-38
15792269
-395
374
368
-2175
219
1999
15793294
-449
510
-46
-2468
-2538
1674
15794319
504
67
106
-3045
-398
2315
15787135
7
-179
2
-2907
-1077
3236
15788160
-525
-291
-119
-2417
-2279
3397
15789185
-498
-307
-38
-2558
-2063
3262
15790210
-350
-326
-45
-2415
-1676
3013
15791235
-269
-325
0
-2405
-1474
3155
15792260
-376
-306
7
-2422
-1631
3488
15793285
-400
-237
-2
-2370
-1996
3319
15794310
-204
-200
-24
-2300
-2078
2978
15795335
27
-197
-43
-2243
-1869
3033
15796360
4
-210
-26
-2386
-1746
3171
15797385
-89
-210
-35
-2336
-1703
3304
15798410
-142
-166
-13
-2229
-1958
3362
15799435
-79
-120
28
-2271
-1975
3209
15800460
18
-108
33
-2309
-1785
3201
15801485
41
-77
38
-2257
-1756
3363
15802510
13
-27
44
-2196
-1863
3420
15795328
55
18
31
-2228
-1764
3280
15796353
69
36
13
-2284
-1713
3202
15797378
32
39
12
-2332
-1719
3214
15798403
15
41
6
-2351
-1743
3219
15799428
28
36
1
-2325
-1710
3175
15800453
11
21
2
-2350
-1699
3037
15801478
-6
-6
4
-2395
-1753
2992
15802503
11
-28
2
-2358
-1785
3172
15803528
3
-31
8
-2286
-1751
3291
15804553
-36
-21
15
-2236
-1780
3299
15805578
-53
1
18
-2274
-1791
3236
15806603
-26
14
7
-2305
-1777
3158
15807628
-16
12
15
-2323
-1780
3182
15808653
-26
5
16
-2341
-1748
3158
15809678
-33
5
3
-2321
-1783
3156
15810703
-41
5
6
-2304
-1805
3162
15803520
-38
1
3
-2284
-1791
3195
15804545
-39
2
1
-2314
-1771
3190
15805570
-51
0
-2
-2320
-1802
3160
15806595
-34
0
-2
-2302
-1832
3198
15807620
-23
5
2
-2325
-1814
3165
15808645
-31
4
5
-2305
-1829
3153
15809670
-20
3
10
-2307
-1816
3159
15810695
-16
-2
11
-2328
-1820
3118
15811720
-9
-10
13
-2328
-1859
3116
15812745
3
-15
18
-2326
-1839
3136
15813770
11
-13
19
-2306
-1831
3182
15814795
16
-12
24
-2309
-1786
3208
15815820
4
-9
20
-2317
-1776
3164
15816845
1
-9
12
-2334
-1770
3105
15817870
14
-14
4
-2329
-1802
3128
15818895
26
-16
-1
-2310
-1822
3228
15811712
29
-8
-5
-2289
-1796
3232
15812737
8
2
0
-2298
-1808
3190
15813762
9
3
3
-2310
-1797
3178
15814787
29
2
0
-2314
-1794
3172
15815812
31
2
5
-2327
-1757
3155
15816837
9
2
5
-2328
-1779
3172
15817862
3
-3
3
-2320
-1781
3164
15818887
10
-9
0
-2309
-1772
3156
15819912
6
-16
0
-2327
-1745
3139
15820937
-5
-23
-8
-2330
-1742
3152
15821962
-15
-31
-10
-2320
-1783
3177
15822987
-9
-35
-12
-2302
-1794
3199
15824012
-7
-29
-9
-2287
-1803
3224
15825037
-12
-20
-6
-2288
-1806
3200
15826062
-14
-12
2
-2297
-1816
3222
15827087
-12
-4
6
-2289
-1800
3202
15819904
0
4
4
-2287
-1819
3202
15820929
8
8
5
-2311
-1778
3173
15821954
1
5
-1
-2309
-1783
3153
15822979
-9
2
4
-2305
-1804
3189
15824004
-4
2
2
-2304
-1803
3182
15825029
0
-3
2
-2301
-1800
3174
15826054
-3
-6
7
-2323
-1793
3154
15827079
-18
-14
11
-2327
-1821
3101
15828104
-4
-19
12
-2314
-1824
3172
15829129
25
-18
13
-2284
-1782
3250
15830154
21
-10
18
-2263
-1752
3281
15831179
-6
6
21
-2285
-1765
3246
15832204
-17
20
10
-2296
-1802
3186
15833229
-11
30
3
-2291
-1829
3158
15834254
15
33
-7
-2309
-1836
3144
15835279
25
29
-7
-2344
-1807
3135
15828097
3
16
-7
-2352
-1801
3093
15829122
-8
-5
7
-2346
-1820
3098
15830147
17
-30
18
-2348
-1777
3140
15831172
9
-43
27
-2309
-1735
3178
15832197
-8
-42
23
-2286
-1739
3208
15833222
0
-34
8
-2289
-1754
3235
15834247
1
-25
-5
-2299
-1741
3223
15835272
-19
-13
-10
-2299
-1796
3205
15836297
-10
-1
-11
-2285
-1849
3219
15837322
20
7
-4
-2289
-1810
3229
15838347
13
15
8
-2307
-1765
3200
15839372
-12
14
14
-2320
-1762
3150
15840397
-8
7
8
-2337
-1760
3134
15841422
-4
-6
-4
-2316
-1770
3146
15842447
-11
-19
-6
-2307
-1791
3165
15843472
-12
-21
-3
-2300
-1809
3189
15836288
-9
-21
0
-2303
-1783
3174
15837313
-14
-22
2
-2307
-1774
3169
15838338
-14
-22
-4
-2300
-1783
3195
15839363
-7
-16
-8
-2285
-1780
3242
15840388
-16
-5
-7
-2280
-1794
3221
15841413
-20
2
0
-2294
-1830
3206
15842438
-8
5
2
-2302
-1811
3166
15843463
-6
5
4
-2301
-1811
3156
15844488
-9
0
5
-2296
-1812
3165
15845513
-9
-6
5
-2302
-1812
3153
15846538
1
-12
4
-2312
-1802
3148
15847563
11
-17
3
-2304
-1783
3184
15848588
4
-17
0
-2292
-1782
3208
15849613
-5
-14
0
-2295
-1803
3201
15850638
7
-7
-1
-2292
-1794
3217
15851663
7
0
-3
-2287
-1795
3213
15844480
-5
2
0
-2308
-1789
3168
15845505
-6
1
3
-2300
-1799
3190
15846530
3
4
4
-2289
-1812
3202
15847555
14
4
5
-2288
-1785
3200
15848580
4
6
6
-2298
-1776
3190
15849605
-14
6
6
-2310
-1804
3165
15850630
-11
1
7
-2318
-1797
3164
15851655
-8
0
10
-2299
-1817
3183
15852680
-4
2
8
-2300
-1796
3180
15853705
-8
2
6
-2317
-1775
3174
15854730
-19
-2
6
-2302
-1798
3171
15855755
-10
-3
7
-2306
-1805
3179
15856780
-3
-5
4
-2309
-1803
3173
15857805
-3
-7
3
-2298
-1792
3175
15858830
-11
-8
3
-2306
-1802
3182
15859855
-13
-7
5
-2295
-1822
3196
15852672
-2
-6
9
-2297
-1808
3195
15853697
-5
-1
11
-2309
-1786
3183
15854722
-14
1
9
-2300
-1789
3176
15855747
-10
2
4
-2304
-1803
3178
15856772
2
3
-2
-2306
-1789
3178
15857797
-3
-1
-5
-2307
-1785
3174
15858822
-7
-4
-4
-2319
-1786
3165
15859847
-3
-9
-8
-2304
-1813
3169
15860872
3
-11
-9
-2308
-1820
3174
15861897
-2
-11
-3
-2295
-1849
3185
15862922
-1
-7
7
-2296
-1838
3186
15863947
1
-6
12
-2297
-1794
3184
15864972
-12
-6
11
-2298
-1778
3168
15865997
-8
-7
7
-2311
-1785
3163
15867022
6
-10
-2
-2308
-1784
3191
15868047
2
-10
-7
-2294
-1794
3196
15860864
-6
-9
-6
-2291
-1821
3189
15861889
-3
-6
-1
-2292
-1828
3193
15862914
2
-4
2
-2295
-1812
3178
15863939
-6
-4
7
-2298
-1808
3164
15864964
-7
-6
8
-2306
-1814
3177
15865989
2
-3
7
-2298
-1814
3187
15867014
4
-5
6
-2291
-1790
3170
15868039
-5
-6
10
-2307
-1809
3180
15869064
-4
-7
9
-2301
-1830
3185
15870089
7
-6
8
-2301
-1800
3177
15871114
1
-5
8
-2295
-1791
3179
15872139
-7
-4
7
-2301
-1805
3195
15873164
-2
-1
7
-2299
-1805
3194
15874189
4
1
7
-2298
-1800
3181
15875214
0
1
6
-2292
-1810
3170
15876239
5
1
10
-2304
-1828
3174
15869056
17
0
13
-2307
-1819
3201
15870081
8
3
14
-2304
-1791
3187
15871106
-3
2
17
-2307
-1791
3169
15872131
0
1
16
-2313
-1771
3151
15873156
5
-3
5
-2305
-1763
3154
15874181
7
-7
-4
-2306
-1773
3187
15875206
5
-9
-7
-2312
-1785
3190
15876231
-8
-11
-6
-2300
-1818
3186
15877256
-8
-9
3
-2299
-1841
3182
15878281
9
-5
8
-2288
-1816
3199
15879306
5
-1
16
-2302
-1787
3208
15880331
-13
3
13
-2300
-1755
3199
15881356
-27
6
5
-2288
-1754
3200
15882381
-18
7
-3
-2306
-1774
3196
15883406
-4
9
-15
-2309
-1789
3189
15884431
-4
13
-15
-2321
-1810
3151
15877247
-13
11
-7
-2310
-1841
3142
15878272
-16
4
4
-2312
-1863
3144
15879297
1
-2
13
-2307
-1844
3159
15880322
9
-6
15
-2317
-1795
3158
15881347
-1
-10
11
-2316
-1778
3144
15882372
-4
-13
5
-2309
-1789
3154
15883397
5
-14
3
-2306
-1813
3196
15884422
11
-12
3
-2293
-1815
3207
15885447
7
-7
5
-2294
-1811
3199
15886472
-1
-4
13
-2311
-1807
3181
15887497
-2
-1
11
-2298
-1794
3183
15888522
4
1
10
-2306
-1807
3189
15889547
11
2
6
-2322
-1779
3173
15890572
0
0
3
-2307
-1785
3170
15891597
-6
-2
4
-2311
-1812
3170
15892622
4
-5
5
-2307
-1811
3172
15885441
7
-6
6
-2316
-1786
3170
15886466
-3
-8
5
-2313
-1799
3169
15887491
-1
-10
5
-2307
-1798
3181
15888516
5
-10
6
-2309
-1800
3192
15889541
4
-8
5
-2307
-1791
3193
15890566
-5
-5
3
-2305
-1786
3170
15891591
-5
-5
4
-2302
-1795
3182
15892616
-3
-9
3
-2311
-1793
3178
15893641
-5
-8
0
-2296
-1805
3192
15894666
-2
-5
0
-2298
-1803
3188
15895691
1
-4
-1
-2314
-1787
3170
15896716
-2
-4
1
-2312
-1800
3170
15897741
0
-6
1
-2309
-1810
3181
15898766
4
-5
3
-2304
-1809
3187
15899791
1
-4
7
-2305
-1807
3182
15900816
-5
-3
9
-2316
-1796
3167
15893632
-7
-6
8
-2305
-1796
3177
15894657
-3
-7
7
-2306
-1797
3179
15895682
0
-8
5
-2304
-1794
3185
15896707
2
-4
6
-2305
-1797
3202
15897732
-2
-1
5
-2308
-1787
3182
15898757
-8
0
4
-2304
-1811
3171
15899782
0
0
4
-2295
-1816
3178
15900807
9
-2
8
-2309
-1798
3169
15901832
-1
-3
11
-2316
-1784
3153
15902857
-15
-5
13
-2312
-1805
3169
15903882
-1
-6
13
-2296
-1815
3181
15904907
22
-8
8
-2294
-1772
3192
15905932
5
-7
5
-2325
-1730
3187
15906957
-22
-5
-2
-2305
-1804
3187
15907982
-2
-1
-4
-2303
-1814
3183
15909007
9
1
-1
-2294
-1799
3185
15901825
-3
2
2
-2302
-1811
3183
15902850
-5
2
5
-2309
-1796
3164
15903875
-5
-2
9
-2315
-1789
3156
15904900
-3
-4
8
-2312
-1798
3170
15905925
2
-6
6
-2305
-1803
3168
15906950
1
-11
6
-2315
-1801
3177
15907975
-7
-12
7
-2318
-1799
3160
15909000
-5
-12
4
-2309
-1802
3174
15910025
5
-12
2
-2304
-1791
3183
15911050
2
-11
0
-2304
-1762
3186
15912075
-13
-8
-1
-2302
-1799
3193
15913100
-3
-6
-1
-2293
-1830
3203
15914125
8
-1
0
-2292
-1820
3192
15915150
-2
1
6
-2307
-1808
3178
15916175
-8
2
11
-2310
-1809
3179
15917200
