Device = VHR-0009
time_stamp = 1780025790042
sample_rate = 50
Data format = INT16
TYPE = 6-AXIS IMU RAW DATA
95
-69
40
-2278
-1226
3519
1205376
39
-62
5
-2259
-1055
3538
1206401
-75
-46
1
-2273
-1208
3427
1207426
-84
-51
14
-2272
-1319
3391
1208451
-62
-49
-2
-2292
-1303
3394
1209476
-35
-33
-21
-2290
-1226
3487
1210501
-53
-19
-20
-2249
-1216
3529
1211526
-87
5
-5
-2250
-1281
3547
1212551
-102
17
-2
-2244
-1238
3510
1213576
-161
32
-1
-2255
-1291
3416
1214601
-144
36
-6
-2270
-1330
3358
1215626
-73
39
-18
-2291
-1198
3433
1216651
-54
42
-7
-2314
-1183
3516
1217676
-111
28
-20
-2274
-1177
3347
1218701
-149
24
-26
-2275
-1226
3228
1219726
-175
16
-29
-2266
-1365
3292
1220751
-135
18
-62
-2254
-1365
3504
1213569
-82
21
-77
-2249
-1329
3569
1214594
-136
24
-57
-2246
-1363
3447
1215619
-178
14
-26
-2243
-1383
3271
1216644
-188
-6
9
-2274
-1554
3186
1217669
-136
2
12
-2311
-1649
3384
1218694
10
15
3
-2321
-1476
3611
1219719
111
7
28
-2287
-1423
3580
1220744
134
0
32
-2239
-1435
3457
1221769
111
5
9
-2217
-1280
3400
1222794
43
15
14
-2260
-1278
3409
1223819
-2
13
10
-2288
-1304
3376
1224844
31
-4
1
-2294
-1334
3314
1225869
45
-15
-10
-2312
-1315
3249
1226894
38
-20
-18
-2314
-1351
3305
1227919
45
-31
-20
-2299
-1370
3399
1228944
32
-45
-24
-2256
-1299
3384
1221761
9
-52
-18
-2260
-1281
3325
1222786
-17
-44
4
-2320
-1379
3317
1223811
-19
-48
-1
-2310
-1414
3344
1224836
61
-69
7
-2240
-1479
3404
1225861
193
-97
51
-2229
-1526
3410
1226886
307
-129
86
-2277
-1544
3231
1227911
688
-170
99
-2275
-1941
3014
1228936
1969
-303
166
-2191
-2416
3049
1229961
3193
-449
161
-2182
-1459
3246
1230986
3415
-504
210
-2293
-196
3548
1232011
2808
-466
276
-2239
-65
3642
1233036
1973
-443
355
-2162
-66
3573
1234061
1118
-363
315
-2063
277
3736
1235086
393
-266
265
-1971
553
3939
1236111
-189
-157
220
-1982
572
4013
1237136
1969
-303
166
-2191
-2416
3049
1229961
3193
-449
161
-2182
-1459
3246
1230986
3415
-504
210
-2293
-196
3548
1232011
2808
-466
276
-2239
-65
3642
1233036
1973
-443
355
-2162
-66
3573
1234061
1118
-363
315
-2063
277
3736
1235086
393
-266
265
-1971
553
3939
1236111
-189
-157
220
-1982
572
4013
1237136
-440
-90
193
-1960
80
4009
1229953
-330
-84
133
-1884
-108
3988
1230978
-83
-89
67
-1910
-117
3860
1232003
151
-86
18
-1936
-80
3828
1233028
171
-68
-14
-1963
159
3890
1234053
-48
-6
-53
-2001
45
3904
1235078
-132
25
-58
-2037
-190
3859
1236103
-119
13
-67
-2053
-237
3728
1237128
-100
8
-74
-2005
-233
3680
1238153
-59
19
-58
-2016
-243
3763
1239178
14
8
-31
-2033
-258
3802
1240203
80
-12
-18
-2023
-235
3795
1241228
7
-9
-17
-2039
-187
3688
1242253
-64
0
-13
-2043
-180
3675
1243278
-48
-4
1
-2029
-199
3781
1244303
-20
-12
8
-2013
-232
3789
1245328
10
-16
12
-1998
-260
3792
1238145
17
-20
24
-2016
-172
3791
1239170
-44
-17
19
-2010
-168
3712
1240195
-35
-16
23
-1990
-299
3697
1241220
30
-21
37
-2030
-331
3729
1242245
109
-10
53
-2056
-240
3797
1243270
200
-14
77
-2026
-180
3841
1244295
240
-24
83
-2010
-225
3749
1245320
338
-22
68
-1999
-194
3748
1246345
484
-29
66
-2003
15
3754
1247370
483
-35
75
-2007
52
3743
1248395
409
-36
73
-1979
-22
3809
1249420
342
-37
72
-2017
-94
3704
1250445
360
-61
65
-2049
-28
3666
1251470
349
-75
63
-1991
17
3783
1252495
438
-89
80
-1944
149
3826
1253520
434
-72
89
-1962
272
3705
1246335
238
-85
143
-2085
298
3568
1247360
120
-84
72
-1919
115
3716
1248385
288
-102
69
-1971
320
3970
1249410
282
-107
58
-1941
411
3894
1250435
79
-93
42
-1883
397
3709
1251460
-83
-67
39
-1888
377
3667
1252485
-72
-55
22
-1923
267
3794
1253510
19
-53
-4
-1924
310
3915
1254535
1
-47
-2
-1952
357
3891
1255560
-138
-60
11
-1971
474
3554
1256585
-444
-79
2
-2141
963
3207
1257610
-703
-1
62
-2136
-81
3442
1258635
-14
-27
173
-1545
-1479
4386
1259660
1183
-272
101
-1520
48
5084
1260685
561
4
-139
-1810
1499
4572
1261710
-751
236
-52
-1995
441
3388
1254528
-1238
237
-115
-1856
186
3322
1255553
-923
146
-180
-1906
-323
3469
1256578
-10
40
-147
-1977
-324
3874
1257603
551
3
-61
-1878
-54
4158
1258628
744
-8
63
-1999
-67
4036
1259653
496
26
102
-2097
180
3724
1260678
158
65
96
-2025
217
3706
1261703
-52
37
60
-1982
228
3573
1262728
-13
-39
38
-1885
411
3522
1263753
133
-57
67
-1879
411
3690
1264778
179
-67
80
-2016
257
3712
1265803
151
-90
49
-1977
188
3648
1266828
147
-90
15
-1907
334
3756
1267853
103
-82
-9
-1943
471
3776
1268878
0
-64
-31
-1939
408
3820
1269903
-98
-42
-20
-1916
272
3877
1262720
-68
-55
-14
-1906
257
3750
1263745
-11
-81
-31
-1895
238
3622
1264770
17
-77
-24
-1888
191
3815
1265795
-10
-56
1
-1897
227
4008
1266820
-67
-44
14
-1908
143
3965
1267845
-60
-51
25
-1878
124
3789
1268870
-9
-60
42
-1914
209
3665
1269895
-35
-69
46
-1878
211
3689
1270920
-18
-42
55
-1852
174
4001
1271945
27
-27
77
-1898
227
4057
1272970
13
-17
72
-1883
289
3872
1273995
-25
-3
58
-1829
379
3756
1275020
-70
3
53
-1837
283
3727
1276045
-36
-12
34
-1839
211
3809
1277070
22
-31
17
-1841
306
3868
1278095
-32
-30
8
-1864
324
3814
1270994
-36
-22
-9
-1866
210
3822
1272019
38
-41
-6
-1862
267
3817
1273044
-1
-29
-14
-1892
346
3820
1274069
-52
-15
-18
-1866
258
3833
1275094
-24
-19
-8
-1849
232
3844
1276119
0
-26
6
-1856
165
3811
1277144
22
-25
15
-1844
197
3846
1278169
5
-18
18
-1832
278
3899
1279194
-30
-4
12
-1824
231
3889
1280219
-38
0
11
-1844
137
3852
1281244
-12
-2
8
-1845
148
3809
1282269
42
-8
7
-1874
273
3824
1283294
0
-8
-1
-1884
306
3798
1284319
-36
-7
2
-1846
285
3827
1285344
-21
-1
19
-1839
255
3880
1286369
-14
-5
13
-1861
227
3816
1279104
-10
-15
-12
-1842
188
3759
1280129
37
-28
-13
-1816
298
3819
1281154
15
-31
-3
-1845
257
3864
1282179
1
-36
4
-1826
207
3856
1283204
-10
-30
11
-1843
239
3822
1284229
-2
-9
12
-1853
253
3917
1285254
18
5
23
-1845
258
3995
1286279
2
20
26
-1844
182
3862
1287304
40
21
22
-1835
258
3799
1288329
42
28
15
-1831
346
3839
1289354
-20
40
-2
-1832
293
3865
1290379
-33
35
-21
-1839
214
3811
1291404
-25
15
-30
-1860
238
3723
1292429
-16
1
-43
-1872
245
3722
1293454
-7
-6
-35
-1878
287
3834
1294479
-12
2
-30
-1906
276
3893
1287296
4
-9
-37
-1878
154
3800
1288321
27
-28
-53
-1815
246
3751
1289346
-23
-26
-45
-1822
323
3787
1290371
-81
-19
-18
-1874
127
3853
1291396
-37
-25
-1
-1876
113
3894
1292421
31
-28
-2
-1857
168
3849
1293446
38
-29
7
-1848
178
3798
1294471
-6
-18
24
-1854
220
3833
1295496
-16
-7
35
-1870
205
3887
1296521
12
-7
23
-1852
233
3874
1297546
-12
2
6
-1820
274
3846
1298571
-45
11
8
-1817
226
3859
1299596
-19
4
22
-1865
212
3810
1300621
34
-4
14
-1857
233
3822
1301646
27
1
7
-1836
275
3898
1302671
-36
16
4
-1834
242
3905
1295489
-30
10
4
-1838
145
3813
1296514
47
-7
1
-1838
218
3754
1297539
58
-5
0
-1848
284
3842
1298564
-15
4
-6
-1839
255
3900
1299589
-34
4
-9
-1837
197
3819
1300614
20
-9
1
-1865
235
3742
1301639
12
-14
3
-1879
270
3780
1302664
-27
-6
-4
-1830
190
3898
1303689
-11
-7
-5
-1838
195
3889
1304714
24
-7
5
-1854
191
3846
1305739
29
-4
11
-1864
245
3818
1306764
-17
-9
0
-1858
300
3785
1307789
-46
-6
-7
-1852
203
3813
1308814
8
-22
-1
-1840
172
3862
1309839
-7
-37
8
-1841
253
3791
1310864
-71
-30
15
-1848
212
3769
1303680
-28
-35
28
-1853
196
3839
1304705
33
-37
26
-1858
206
3869
1305730
21
-37
15
-1853
256
3831
1306755
-38
-29
10
-1821
261
3832
1307780
-48
-19
18
-1831
219
3842
1308805
6
-24
15
-1826
220
3850
1309830
19
-18
7
-1800
264
3930
1310855
-42
4
-1
-1807
219
3906
1311880
-24
9
4
-1794
200
3902
1312905
21
13
16
-1834
173
3924
1313930
9
15
7
-1864
195
3833
1314955
-36
2
-18
-1823
255
3773
1315980
-48
18
-19
-1833
243
3854
1317005
1
15
-2
-1854
225
3866
1318030
13
4
4
-1843
200
3809
1319055
-18
-21
-9
-1823
196
3666
1311872
9
-42
-15
-1817
240
3715
1312897
60
-44
-10
-1843
249
3917
1313922
60
-42
-4
-1864
191
3958
1314947
-17
-51
-12
-1867
206
3812
1315972
-123
-56
-43
-1832
244
3657
1316997
-153
-61
-47
-1834
359
3736
1318022
-292
-63
-20
-2061
147
3997
1319047
-508
-89
-77
-2099
-59
3684
1320072
-324
-209
-62
-1361
114
3560
1321097
-73
-186
87
-1305
219
4340
1322122
-411
73
78
-1976
302
4632
1323147
-565
127
68
-1728
-507
4174
1324172
-248
116
-17
-1706
-55
3744
1325197
-145
147
-62
-1888
86
3489
1326222
-23
119
-71
-1803
-119
3784
1327247
72
83
-60
-1791
7
4073
1320064
43
63
-14
-1814
48
4073
1321089
93
25
31
-1844
-1
3779
1322114
168
-1
58
-1855
0
3723
1323139
126
19
62
-1826
-83
3907
1324164
82
40
33
-1831
77
3951
1325189
-11
55
13
-1870
197
3825
1326214
-101
39
19
-1885
154
3708
1327239
-88
18
19
-1847
89
3680
1328264
-20
22
-2
-1821
-51
3794
1329289
116
0
1
-1826
-65
3894
1330314
147
-17
-2
-1886
38
3893
1331339
65
-13
13
-1876
28
3838
1332364
-21
-8
37
-1862
40
3795
1333389
-48
2
38
-1845
-17
3848
1334414
31
1
33
-1869
-22
3957
1335439
126
-12
41
-1843
8
3932
1328256
159
-8
52
-1782
116
3848
1329281
133
17
55
-1801
157
3840
1330306
45
25
38
-1856
123
3818
1331331
-32
23
20
-1870
55
3835
1332356
-37
37
31
-1885
121
3897
1333381
-43
54
29
-1907
151
3890
1334406
-46
44
20
-1880
111
3771
1335431
-55
21
31
-1888
63
3598
1336456
-27
-3
47
-1865
30
3679
1337481
52
-18
39
-1853
117
3907
1338506
64
-30
19
-1870
150
3932
1339531
-5
-38
12
-1848
59
3765
1340556
-24
-48
17
-1820
41
3727
1341581
-11
-52
21
-1840
132
3822
1342606
6
-50
15
-1861
124
3929
1343631
-10
-41
9
-1872
35
3939
1336447
-8
-38
5
-1815
40
3894
1337472
-7
-28
5
-1802
112
3846
1338497
-18
-18
11
-1831
65
3839
1339522
29
-26
7
-1841
44
3889
1340547
72
-36
-2
-1830
145
3916
1341572
42
-16
-11
-1814
145
3922
1342597
2
0
-3
-1829
104
3872
1343622
-11
2
0
-1846
93
3807
1344647
14
-4
-8
-1822
82
3828
1345672
33
-4
-7
-1809
131
3929
1346697
12
8
-10
-1821
149
3958
1347722
-12
15
-5
-1847
119
3853
1348747
-45
21
-9
-1850
139
3761
1349772
-62
20
-4
-1847
101
3792
1350797
-24
23
16
-1865
24
3884
1351822
45
13
20
-1842
80
3920
1344641
-56
34
-6
-1838
225
3889
1345666
-151
47
-4
-1875
117
3797
1346691
-99
11
-22
-1841
54
3717
1347716
-24
-18
-25
-1810
22
3759
1348741
-21
-21
-12
-1845
39
3853
1349766
-26
-17
-15
-1877
81
3910
1350791
4
-24
-18
-1889
69
3853
1351816
22
-31
-22
-1855
30
3779
1352841
10
-28
-12
-1810
1
3850
1353866
38
-22
8
-1828
-37
3934
1354891
63
-17
12
-1850
46
3952
1355916
23
-2
7
-1857
106
3863
1356941
-31
5
3
-1827
8
3798
1357966
-46
2
-15
-1807
59
3835
1358991
-33
12
-27
-1826
165
3943
1360016
-2
6
-36
-1846
135
3914
1352832
1
-7
-21
-1834
-12
3768
1353857
32
-8
-8
-1810
35
3833
1354882
24
6
-1
-1851
66
3904
1355907
39
9
-2
-1868
-3
3894
1356932
15
11
4
-1851
39
3869
1357957
-35
25
19
-1849
31
3838
1358982
-23
24
34
-1859
-1
3809
1360007
26
9
36
-1851
46
3807
1361032
42
-1
29
-1841
131
3834
1362057
16
-6
23
-1849
132
3850
1363082
-7
-8
22
-1843
122
3841
1364107
-31
-10
17
-1842
107
3790
1365132
-42
-17
9
-1840
33
3760
1366157
32
-9
10
-1864
38
3954
1367182
83
3
8
-1866
122
4025
1368207
34
14
5
-1839
103
3892
1361025
-33
30
7
-1819
63
3806
1362050
-33
38
9
-1840
45
3819
1363075
11
33
1
-1860
52
3843
1364100
36
22
-2
-1850
134
3831
1365125
5
30
4
-1852
155
3804
1366150
-41
27
11
-1872
81
3730
1367175
-10
18
31
-1920
-9
3745
1368200
42
13
27
-1919
-48
3898
1369225
64
17
41
-1875
7
3953
1370250
105
8
33
-1860
185
3734
1371275
78
-7
28
-1857
190
3666
1372300
6
3
32
-1902
150
3807
1373325
11
-3
39
-1918
22
3975
1374350
33
-44
31
-1899
9
3833
1375375
60
-140
36
-1930
399
3329
1376400
-38
-141
66
-1932
454
3805
1369217
-506
25
-50
-2080
-105
4156
1370242
17
-60
-59
-1552
-652
3839
1371267
1103
-290
129
-1367
-407
3955
1372292
945
-28
-81
-1890
1277
4448
1373317
-67
133
91
-1879
503
4031
1374342
-727
193
47
-1788
-22
3967
1375367
-738
206
-34
-1796
-137
3938
1376392
-456
188
-90
-1857
-38
3904
1377417
-302
158
-104
-1887
401
3704
1378442
-336
117
-14
-1778
360
3878
1379467
-273
87
75
-1884
-347
3791
1380492
-45
12
46
-2006
-269
3576
1381517
68
-10
37
-1985
3
3707
1382542
-56
13
7
-1976
141
3846
1383567
-220
15
-8
-1912
126
3788
1384592
-224
13
12
-1871
79
3780
1377408
-247
21
10
-1943
-3
3682
1378433
-158
16
-1
-1926
-183
3807
1379458
33
-8
14
-1898
-94
3893
1380483
84
-31
21
-1933
85
3717
1381508
-8
-43
28
-1916
14
3652
1382533
-62
-31
35
-1919
-204
3759
1383558
30
-50
44
-1925
-100
3834
1384583
64
-60
29
-1902
-17
3833
1385608
83
-58
30
-1877
-35
3901
1386633
88
-57
47
-1883
-13
3879
1387658
34
-53
40
-1904
13
3759
1388683
-40
-62
30
-1883
3
3684
1389708
-75
-50
20
-1861
-13
3842
1390733
-4
-52
18
-1861
-7
3970
1391758
41
-55
23
-1865
-24
3957
1392783
14
-39
34
-1857
-14
3846
1385599
0
-28
19
-1846
27
3797
1386624
32
-19
-7
-1830
67
3895
1387649
15
-15
-10
-1835
34
3924
1388674
-67
-5
-3
-1856
-32
3852
1389699
-62
-6
-7
-1854
-100
3822
1390724
35
-13
-13
-1866
-64
3863
1391749
83
-15
-13
-1864
-2
3888
1392774
26
-1
-1
-1869
5
3895
1393799
-34
-9
5
-1851
5
3797
1394824
-45
-23
7
-1853
-32
3730
1395849
-15
-14
11
-1866
-89
3845
1396874
60
-19
25
-1872
-85
3941
1397899
93
-25
19
-1847
35
3912
1398924
31
-17
13
-1834
79
3811
1399949
-57
-10
11
-1842
-11
3753
1400974
-52
-14
11
-1834
-29
3850
1393792
-16
-10
5
-1841
-13
3950
1394817
15
-8
1
-1856
-33
3928
1395842
55
-13
9
-1857
7
3865
1396867
53
-9
5
-1825
35
3824
1397892
3
-3
-5
-1815
53
3807
1398917
-51
15
-4
-1844
-19
3882
1399942
-14
18
0
-1872
-73
3940
1400967
67
4
-5
-1871
-15
3920
1401992
60
3
-17
-1835
115
3806
1403017
-13
11
-18
-1844
82
3764
1404042
-63
11
-10
-1846
-53
3795
1405067
-18
0
4
-1874
-32
3871
1406092
18
-5
-2
-1872
-10
3874
1407117
31
-9
-7
-1850
0
3844
1408142
18
-7
-3
-1832
2
3851
1409167
-13
0
1
-1857
-40
3845
1401985
-31
5
-6
-1858
-90
3853
1403010
22
-7
-10
-1845
-22
3867
1404035
53
-11
-12
-1836
30
3863
1405060
21
1
-3
-1846
-11
3853
1406085
-11
13
-1
-1858
7
3862
1407110
-2
11
-3
-1848
31
3866
1408135
-10
10
7
-1858
-6
3842
1409160
-1
12
18
-1878
-19
3856
1410185
39
14
16
-1866
28
3904
1411210
33
18
3
-1847
65
3876
1412235
-28
25
-2
-1837
1
3811
1413260
-50
9
-1
-1842
-49
3734
1414285
-15
2
-6
-1876
-93
3831
1415310
62
-2
-5
-1899
-38
3946
1416335
51
-7
-4
-1895
28
3846
1417360
-16
-6
8
-1858
22
3740
1410176
-38
-9
23
-1857
12
3771
1411201
-4
-10
21
-1887
-83
3896
1412226
68
-15
6
-1864
18
3948
1413251
85
-2
6
-1837
76
3922
1414276
51
5
15
-1821
85
3851
1415301
-2
7
14
-1844
66
3793
1416326
-43
25
7
-1895
-3
3852
1417351
-36
36
-3
-1915
12
3886
1418376
2
29
-1
-1875
34
3872
1419401
-9
18
13
-1871
17
3752
1420426
-52
5
14
-1879
-90
3684
1421451
-34
-7
10
-1876
-53
3783
1422476
19
-7
15
-1863
102
3934
1423501
1
-4
19
-1892
64
3828
1424526
12
-13
14
-1875
-28
3747
1425551
12
-14
16
-1894
-37
3794
1418368
-19
-17
7
-1891
39
3809
1419393
-51
-11
10
-1883
43
3836
1420418
-6
-5
18
-1864
-64
3891
1421443
98
-34
36
-1872
7
3806
1422468
55
-36
19
-1895
59
3760
1423493
-17
-63
21
-1869
12
3654
1424518
26
-85
24
-1829
92
3842
1425543
38
-71
13
-1848
151
4062
1426568
69
-88
-6
-1898
73
3794
1427593
51
-142
-33
-1881
116
3304
1428618
-61
-205
-50
-1883
610
3178
1429643
-380
-148
-37
-1981
516
3742
1430668
-813
17
-158
-2119
-513
4299
1431693
-367
-122
-52
-1190
-849
5065
1432718
699
-356
164
-1105
-838
4441
1433743
846
-86
181
-1980
301
3915
1426560
-496
253
203
-1897
363
4082
1427585
-1600
398
128
-1815
-669
4287
1428610
-1345
372
40
-1810
-749
4545
1429635
-617
323
7
-1889
-403
3752
1430660
-72
218
12
-1901
404
3081
1431685
-276
146
142
-1646
21
3701
1432710
-262
103
239
-1830
-690
3886
1433735
1
55
142
-1992
-336
3783
1434760
43
73
99
-1930
-199
3827
1435785
-55
72
92
-2114
-231
3572
1436810
-31
27
53
-1942
-191
3570
1437835
-26
13
76
-1888
-118
3756
1438860
-97
31
53
-1988
-225
3715
1439885
67
-27
8
-1933
-241
3547
1440910
246
-101
-3
-1924
-107
3506
1441935
177
-122
-12
-1949
-131
3656
1434752
75
-110
-18
-1922
-291
3974
1435777
150
-121
-26
-1883
-269
4091
1436802
168
-135
-27
-1885
-251
3864
1437827
129
-137
-18
-1863
-274
3637
1438852
102
-123
-8
-1875
-238
3690
1439877
65
-101
6
-1855
-192
3931
1440902
-7
-76
0
-1856
-243
4070
1441927
42
-62
10
-1826
-364
4023
1442952
130
-52
17
-1828
-143
3930
1443977
56
-28
17
-1816
-98
3863
1445002
-2
-9
5
-1805
-218
3844
1446027
29
-9
-4
-1837
-232
3915
1447052
32
-6
-5
-1842
-229
3914
1448077
122
-6
0
-1815
-233
3905
1449102
200
-14
4
-1823
-128
3857
1450127
134
-17
13
-1852
-149
3789
1442944
12
-4
-6
-1855
-77
3830
1443969
-74
16
-12
-1861
-145
3898
1444994
-36
-5
6
-1857
-181
3847
1446019
10
-26
19
-1839
-169
3791
1447044
-20
-25
22
-1843
-188
3800
1448069
-12
-35
20
-1856
-146
3805
1449094
24
-41
8
-1814
-184
3892
1450119
31
-43
23
-1780
-170
3960
1451144
3
-31
34
-1822
-156
3905
1452169
-13
-27
39
-1832
-202
3826
1453194
-11
-19
28
-1833
-149
3882
1454219
0
-10
13
-1812
-106
3954
1455244
9
-7
13
-1779
-151
3953
1456269
-3
-3
21
-1795
-123
3894
1457294
-32
1
14
-1840
-179
3816
1458319
3
0
13
-1837
-211
3842
1451137
32
4
11
-1805
-58
3935
1452162
-8
13
21
-1819
-87
3929
1453187
-49
12
27
-1848
-213
3823
1454212
-21
1
18
-1833
-190
3790
1455237
15
-1
13
-1795
-123
3878
1456262
0
0
21
-1793
-115
3895
1457287
-31
1
37
-1835
-199
3882
1458312
4
-3
45
-1854
-216
3886
1459337
44
-8
28
-1819
-127
3887
1460362
21
5
15
-1794
-91
3880
1461387
5
7
30
-1839
-156
3845
1462412
21
3
37
-1855
-152
3840
1463437
39
2
30
-1836
-97
3857
1464462
31
1
15
-1814
-116
3861
1465487
36
1
8
-1801
-142
3880
1466512
68
2
9
-1827
-107
3922
1459329
65
4
2
-1816
-97
3920
1460354
11
11
-8
-1786
-87
3864
1461379
-46
29
-11
-1823
-73
3840
1462404
-38
34
-9
-1872
-128
3843
1463429
3
26
-8
-1859
-75
3854
1464454
38
18
-4
-1830
-6
3803
1465479
13
-2
24
-1854
-206
3649
1466504
22
6
45
-1888
-373
3819
1467529
85
7
38
-1870
-258
4014
1468554
116
10
22
-1809
-134
4037
1469579
95
17
29
-1806
-2
3933
1470604
10
12
37
-1852
-66
3694
1471629
-5
-12
19
-1831
-133
3647
1472654
90
-29
-1
-1828
-7
3854
1473679
84
-13
-16
-1857
118
4040
1474704
-8
-5
-10
-1857
-14
3972
1467520
-64
-8
0
-1847
-108
3773
1468545
-75
-10
-10
-1825
-121
3698
1469570
-18
-16
-8
-1829
-185
3829
1470595
29
-19
4
-1849
-126
3974
1471620
10
-16
16
-1853
-133
3944
1472645
18
-8
21
-1828
-155
3842
1473670
56
-8
25
-1810
-45
3811
1474695
-2
-7
28
-1842
-20
3764
1475720
-47
-2
33
-1864
-149
3862
1476745
11
-23
32
-1854
-113
3884
1477770
44
-45
44
-1952
38
3725
1478795
-153
-16
-16
-2097
409
3745
1479820
-520
42
-49
-1922
-140
4199
1480845
57
-205
246
-799
-1557
4368
1481870
1108
-119
57
-1959
-323
4414
1482895
829
72
-74
-2064
1128
3382
1475711
-623
265
-131
-1889
1040
3532
1476736
-1447
268
-114
-1729
-420
3934
1477761
-785
168
-125
-1812
-793
4293
1478786
-83
59
-200
-1916
-28
3542
1479811
-19
-30
-199
-1827
546
3247
1480836
-339
-40
-62
-1736
-385
3849
1481861
-276
-57
10
-2067
-830
3957
1482886
-120
-83
-53
-2018
-260
3816
1483911
-165
-78
-50
-1807
-189
3723
1484936
-227
-53
2
-1905
-480
3743
1485961
-151
-46
3
-1877
-422
3855
1486986
-147
-15
36
-1792
-385
4005
1488011
-213
29
68
-1826
-547
3995
1489036
-105
6
78
-1864
-582
3829
1490061
37
-12
53
-1835
-402
3825
1491086
109
-13
63
-1827
-231
3906
1483959
87
-12
70
-1814
-206
3911
1484984
21
-4
67
-1845
-275
3841
1486009
-17
-9
47
-1863
-296
3739
1487034
14
-30
20
-1830
-283
3748
1488059
55
-32
9
-1797
-290
3888
1489084
75
-21
20
-1853
-281
3947
1490109
94
-30
30
-1887
-340
3821
1491134
149
-42
30
-1857
-309
3718
1492159
180
-38
23
-1856
-133
3786
1493184
201
-48
44
-1854
-301
3867
1494209
184
-78
69
-1871
-466
3852
1495234
120
-82
72
-1815
-377
3875
1496259
15
-57
43
-1770
-147
3892
1497284
-41
-38
14
-1753
-100
3924
1498309
-38
-36
0
-1752
-200
3998
1499334
-28
-31
14
-1797
-326
3998
1492096
3
-28
8
-1808
-304
3894
1493121
35
-19
-7
-1791
-234
3851
1494146
101
-8
4
-1820
-138
3921
1495171
64
9
16
-1841
-164
3948
1496196
-26
7
35
-1833
-310
3785
1497221
-18
7
48
-1803
-221
3798
1498246
21
6
59
-1840
-199
3862
1499271
75
-26
58
-1816
-203
3856
1500296
42
-35
51
-1771
-142
3857
1501321
-41
-29
40
-1762
-176
3854
1502346
-73
-24
15
-1768
-271
3901
1503371
-61
-25
4
-1813
-263
3874
1504396
-95
-37
8
-1829
-221
3772
1505421
-80
-44
16
-1817
-245
3781
1506446
-36
-46
15
-1824
-234
3886
1507471
10
-51
11
-1819
-215
3941
1500287
13
-56
28
-1815
-187
3881
1501312
-35
-48
39
-1772
-186
3867
1502337
-38
-47
52
-1723
-207
3925
1503362
26
-52
47
-1715
-219
3971
1504387
57
-43
29
-1743
-174
3957
1505412
27
-26
6
-1728
-170
3972
1506437
-13
-16
2
-1729
-227
3948
1507462
-54
-8
-7
-1759
-247
3881
1508487
-61
4
-20
-1774
-285
3911
1509512
8
20
-22
-1794
-304
4015
1510537
58
11
-19
-1779
-205
3948
1511562
-22
23
-21
-1759
-165
3815
1512587
-90
34
-13
-1769
-267
3807
1513612
-4
13
-8
-1783
-280
3883
1514637
58
-6
-4
-1798
-181
3890
1515662
10
-4
6
-1777
-186
3846
1508481
-17
-9
14
-1776
-234
3839
1509506
33
-10
10
-1759
-265
3928
1510531
67
-18
10
-1770
-196
3944
1511556
1
-9
-1
-1755
-227
3877
1512581
-10
0
-18
-1735
-253
3881
1513606
5
3
-15
-1755
-230
3936
1514631
-37
13
-7
-1795
-300
3933
1515656
-22
11
-4
-1816
-287
3902
1516681
18
7
4
-1796
-233
3896
1517706
10
13
18
-1797
-183
3867
1518731
-38
12
24
-1788
-236
3797
1519756
-34
13
15
-1767
-258
3873
1520781
22
7
11
-1747
-205
3965
1521806
15
3
23
-1768
-213
3917
1522831
0
8
19
-1762
-214
3877
1523856
12
9
9
-1778
-174
3882
1516673
3
1
-2
-1795
-215
3843
1517698
-7
3
-8
-1793
-262
3891
1518723
21
12
-10
-1754
-228
3956
1519748
10
10
-4
-1778
-177
3878
1520773
-34
30
-2
-1802
-281
3868
1521798
6
34
12
-1812
-228
3920
1522823
3
35
11
-1809
-193
3886
1523848
-31
26
12
-1788
-273
3823
1524873
-3
10
18
-1803
-279
3807
1525898
40
8
18
-1799
-222
3877
1526923
25
10
13
-1791
-157
3885
1527948
-36
9
17
-1791
-225
3873
1528973
-56
-8
19
-1790
-313
3826
1529998
-14
-9
9
-1817
-287
3872
1531023
73
-25
18
-1838
-217
3889
1532048
41
-26
21
-1843
-185
3842
1524864
-5
-15
23
-1795
-229
3860
1525889
40
-31
20
-1770
-161
3843
1526914
8
-46
-14
-1757
-48
3774
1527939
-78
-22
-28
-1792
-245
3841
1528964
-48
-43
0
-1790
-233
3956
1529989
-38
-43
-3
-1791
-219
3947
1531014
-78
-54
-16
-1808
-370
3721
1532039
6
-48
-40
-1788
-324
3964
1533064
115
-38
-36
-1793
-69
4097
1534089
-36
-85
-41
-1831
98
3685
1535114
-436
-137
-41
-1815
275
3511
1536139
-859
-73
83
-2000
-671
3777
1537164
-295
-77
14
-1713
-1651
3877
1538189
1388
-252
139
-881
-1277
4806
1539214
900
56
-3
-1906
1226
4821
1540239
-1011
341
55
-1871
385
3656
1533056
-1488
338
77
-1676
-705
3719
1534081
-788
220
-42
-1726
-795
3945
1535106
76
103
-124
-1716
-334
3793
1536131
508
-27
-86
-1677
-9
3714
1537156
377
-71
-40
-1802
18
3658
1538181
55
-31
-32
-1845
-141
3806
1539206
-229
69
-63
-1971
-559
4035
1540231
-132
59
-149
-1889
-821
3902
1541256
363
-38
-180
-1793
-395
3756
1542281
626
-115
-179
-1794
-6
3526
1543306
392
-200
-119
-1784
4
3258
1544331
8
-173
-65
-1825
-325
3571
1545356
-96
-128
-32
-1779
-736
4082
1546381
202
-109
28
-1768
-929
4316
1547406
722
-110
76
-1868
-543
4239
1548431
999
-139
110
-1875
-290
3957
1541247
735
-155
67
-1584
68
3632
1542272
229
-93
27
-1462
260
3737
1543297
15
-9
35
-1669
67
4080
1544322
197
-24
95
-1831
-249
4208
1545347
318
-77
106
-1827
43
4081
1546372
253
-89
8
-1455
230
3824
1547397
367
-51
-9
-1607
-22
3744
1548422
541
30
-8
-1782
175
4161
1549447
552
47
41
-1811
97
4317
1550472
120
34
37
-1639
-52
3929
1551497
-134
49
7
-1467
93
3805
1552522
-75
101
49
-1974
367
3705
1553547
25
0
60
-1777
229
3729
1554572
-59
-30
83
-1772
-142
3819
1555597
-211
-25
-50
-1521
284
3849
1556622
-92
22
7
-1847
134
3994
1549440
-81
-2
8
-1792
83
3952
1550465
-149
-37
23
-1608
79
3884
1551490
-278
0
15
-1674
-126
3900
1552515
-173
15
-14
-1740
117
3986
1553540
-97
16
-30
-1673
75
4073
1554565
-120
15
-2
-1672
-74
4002
1555590
-127
21
22
-1713
-14
3920
1556615
-155
51
20
-1794
-85
3869
1557640
-59
27
-4
-1705
-32
3879
1558665
27
8
2
-1697
34
3913
1559690
-57
9
17
-1694
46
3880
1560715
-167
12
35
-1772
-112
3859
1561740
-215
19
26
-1787
-53
3927
1562765
-280
27
-1
-1748
18
3880
1563790
-237
10
26
-1683
-211
3929
1564815
-221
10
34
-1739
-117
4048
1557633
-357
5
35
-1844
116
3992
1558658
-688
8
0
-1685
93
3785
1559683
-860
40
0
-1670
-253
3696
1560708
-570
35
39
-1757
-677
3835
1561733
-188
2
32
-1801
-412
4036
1562758
-77
-8
20
-1762
-272
4053
1563783
-108
-1
15
-1688
-243
3981
1564808
-155
3
19
-1666
-242
3856
1565833
-233
14
12
-1677
-370
3800
1566858
-165
25
12
-1761
-459
3908
1567883
-10
18
14
-1771
-416
4040
1568908
81
1
7
-1738
-294
3947
1569933
40
-9
-2
-1721
-282
3761
1570958
-38
1
-1
-1755
-285
3765
1571983
-24
5
-3
-1775
-344
3907
1573008
37
-7
-11
-1731
-361
3970
1565825
50
-14
13
-1750
-408
4010
1566850
-58
7
3
-1745
-362
3921
1567875
-51
-3
10
-1699
-356
3737
1568900
13
-2
15
-1721
-367
3803
1569925
25
10
19
-1763
-322
4010
1570950
-64
37
16
-1822
-371
4051
1571975
-95
35
-2
-1743
-391
3928
1573000
-29
28
-8
-1707
-340
3852
1574025
3
7
-6
-1718
-226
3785
1575050
-52
9
-4
-1745
-271
3829
1576075
-86
32
4
-1807
-507
3964
1577100
-42
30
-25
-1752
-480
4015
1578125
32
26
-31
-1719
-408
3978
1579150
48
18
-11
-1764
-411
3849
1580175
19
13
10
-1783
-364
3822
1581200
-68
31
-3
-1785
-408
3832
1574017
-34
19
-7
-1760
-445
3874
1575042
33
12
-2
-1768
-376
3947
1576067
15
10
19
-1794
-407
3878
1577092
-22
-7
27
-1780
-345
3734
1578117
-4
-6
26
-1785
-380
3804
1579142
46
-11
17
-1789
-392
3944
1580167
58
-14
10
-1778
-316
4022
1581192
-26
-6
13
-1768
-341
3878
1582217
-49
-21
15
-1745
-300
3694
1583242
14
-26
14
-1744
-326
3840
1584267
16
-9
9
-1763
-440
3985
1585292
18
3
15
-1771
-464
4018
1586317
-3
19
9
-1762
-368
3948
1587342
-21
29
10
-1767
-369
3918
1588367
0
19
14
-1733
-341
3848
1589392
-12
27
29
-1759
-342
3876
1582208
-108
58
43
-1835
-408
3819
1583233
-81
45
21
-1802
-516
3861
1584258
66
29
11
-1760
-472
4121
1585283
90
-1
31
-1804
-265
3880
1586308
-10
-30
34
-1798
-233
3598
1587333
-129
-21
14
-1781
-354
3719
1588358
-99
-30
27
-1817
-440
3967
1589383
25
-71
33
-1820
-584
3961
1590408
39
-102
43
-1853
-297
3715
1591433
-307
-132
19
-2016
552
3190
1592458
-596
-46
159
-1639
-503
4053
1593483
-135
-96
498
-1146
-2786
5380
1594508
233
-137
85
-2055
25
4959
1595533
-68
13
-55
-1874
393
2873
1596558
-485
46
-2
-1557
-4
2374
1597583
-581
129
-36
-1596
-555
3871
1590399
-271
164
-131
-1772
-583
4580
1591424
449
-5
-73
-1827
-681
4221
1592449
847
-76
-55
-1676
-713
4094
1593474
507
9
-61
-1730
-212
4007
1594499
52
35
-17
-1881
-370
3603
1595524
-29
-12
16
-1779
-368
3597
1596549
33
-15
58
-1805
-663
3826
1597574
146
-40
50
-1867
-575
3912
1598599
137
-48
17
-1771
-263
3944
1599624
-66
5
-7
-1701
-257
3947
1600649
-196
31
-29
-1728
-80
3874
1601674
-180
11
-1
-1692
-308
3873
1602699
-145
7
14
-1751
-547
3926
1603724
-70
-14
3
-1777
-425
3956
1604749
-1
-15
-3
-1743
-435
3978
1605774
70
-44
32
-1806
-429
3780
1598592
85
-73
26
-1789
-352
3704
1599617
-1
-73
17
-1737
-343
3756
1600642
-75
-54
35
-1786
-473
3873
1601667
-18
-76
49
-1786
-597
3894
1602692
60
-107
46
-1775
-447
3810
1603717
58
-103
29
-1714
-307
3829
1604742
16
-57
26
-1708
-320
4029
1605767
-40
-26
19
-1709
-359
4105
1606792
-69
-21
-6
-1648
-438
3978
1607817
-33
-21
-6
-1675
-409
3876
1608842
2
-20
-11
-1717
-380
3877
1609867
20
-20
-23
-1705
-424
3933
1610892
11
-11
-37
-1697
-441
3965
1611917
8
7
-24
-1727
-403
4000
1612942
-20
20
-6
-1731
-429
3958
1613967
-18
18
13
-1721
-475
3905
1606784
17
19
17
-1731
-472
3896
1607809
28
10
11
-1704
-388
3885
1608834
9
14
1
-1701
-364
3924
1609859
4
19
3
-1681
-376
3994
1610884
2
20
1
-1704
-392
3957
1611909
4
16
-9
-1722
-386
3853
1612934
-1
15
-28
-1730
-374
3804
1613959
0
19
-32
-1751
-424
3897
1614984
-2
17
-27
-1763
-431
4007
1616009
-4
5
-20
-1723
-454
3929
1617034
-1
-6
-6
-1734
-454
3757
1618059
19
-3
-5
-1735
-371
3810
1619084
10
-4
12
-1748
-337
3932
1620109
-35
-5
28
-1751
-425
3953
1621134
-27
-18
31
-1719
-432
3883
1622159
14
-25
24
-1716
-401
3831
1614976
16
-21
10
-1717
-385
3898
1616001
-4
-14
-6
-1694
-402
3993
1617026
-22
-10
-9
-1694
-414
3971
1618051
-26
-10
-11
-1710
-435
3874
1619076
-12
-9
-12
-1750
-440
3842
1620101
14
-7
-22
-1760
-408
3895
1621126
-2
-1
-24
-1757
-379
3962
1622151
-34
1
-18
-1705
-403
3956
1623176
-29
-9
-3
-1697
-462
3852
1624201
17
-19
16
-1706
-412
3860
1625226
23
-14
29
-1736
-410
3947
1626251
-7
-5
21
-1724
-432
3987
1627276
-8
-2
14
-1689
-407
3968
1628301
-4
2
13
-1693
-418
3898
1629326
-18
12
3
-1718
-416
3874
1630351
-18
11
-1
-1746
-445
3906
1623168
-3
8
-8
-1733
-438
3915
1624193
26
0
-11
-1707
-375
3896
1625218
-21
5
-8
-1728
-389
3880
1626243
-62
9
-4
-1743
-462
3866
1627268
2
-7
15
-1744
-473
3881
1628293
34
-9
15
-1730
-411
3902
1629318
19
-2
12
-1722
-375
3925
1630343
-15
6
8
-1717
-412
3914
1631368
-3
2
11
-1712
-420
3921
1632393
7
1
10
-1717
-419
3933
1633418
-20
5
3
-1706
-443
3908
1634443
-15
4
2
-1726
-475
3889
1635468
19
2
2
-1745
-424
3887
1636493
23
11
3
-1770
-375
3921
1637518
-24
18
-1
-1732
-404
3885
1638543
-34
15
3
-1716
-452
3860
1631360
17
2
16
-1728
-420
3896
1632385
24
-1
15
-1741
-408
3915
1633410
29
-6
0
-1733
-416
3886
1634435
61
-12
-5
-1710
-386
3889
1635460
61
-11
-12
-1708
-386
3934
1636485
69
-12
-8
-1744
-412
3962
1637510
90
-16
-3
-1760
-426
3927
1638535
104
-32
-4
-1732
-383
3826
1639560
88
-34
0
-1698
-346
3818
1640585
19
-11
13
-1744
-398
3902
1641610
-48
12
5
-1758
-376
4020
1642635
-70
24
3
-1725
-444
3988
1643660
-16
10
23
-1710
-442
3835
1644685
64
3
23
-1723
-343
3835
1645710
26
5
7
-1747
-275
3863
1646735
-52
-4
10
-1816
-354
3837
1639552
-81
-39
13
-1988
-308
3582
1640577
-144
-112
-133
-1763
140
3781
1641602
-42
-153
246
-915
-1306
5069
1642627
444
-161
407
-1950
-1142
4770
1643652
430
-140
-4
-1878
478
3238
1644677
-40
-11
48
-1502
-196
2791
1645702
-366
115
-76
-1757
125
3502
1646727
-453
221
-132
-1682
-228
4429
1647752
-303
235
-87
-1649
-576
4640
1648777
231
54
12
-1829
-932
3801
1649802
460
-21
-80
-1674
-451
3711
1650827
135
33
-46
-1677
-254
3954
1651852
-18
11
37
-1900
-552
3861
1652877
-7
-45
-14
-1832
-361
3789
1653902
-86
-60
-49
-1653
-154
3722
1654927
-183
-42
-25
-1721
-189
3782
1647745
-253
-19
-9
-1767
-376
3979
1648770
-331
-5
-35
-1742
-343
4072
1649795
-337
17
-40
-1717
-455
4035
1650820
-223
26
-38
-1663
-459
3952
1651845
-145
30
-29
-1678
-557
3895
1652870
-102
26
-16
-1688
-566
3896
1653895
-78
29
-6
-1756
-498
3944
1654920
-96
35
-4
-1796
-536
3882
1655945
-53
21
1
-1802
-533
3806
1656970
-18
10
8
-1751
-540
3832
1657995
-18
8
10
-1719
-549
3913
1659020
-19
0
22
-1737
-526
3926
1660045
-21
-6
19
-1745
-549
3872
1661070
16
-21
19
-1732
-485
3808
1662095
20
-22
18
-1727
-486
3886
1663120
-14
-6
1
-1747
-571
3950
1655937
20
-6
-4
-1723
-523
3938
1656962
30
9
-13
-1731
-454
3939
1657987
-22
17
-13
-1729
-505
3895
1659012
-30
15
0
-1742
-557
3871
1660037
13
9
28
-1762
-624
3895
1661062
63
2
29
-1763
-523
3887
1662087
56
8
17
-1746
-443
3874
1663112
8
8
15
-1743
-433
3851
1664137
-33
5
21
-1715
-450
3842
1665162
-27
23
10
-1715
-471
3894
1666187
16
27
21
-1779
-525
3923
1667212
32
14
18
-1819
-619
3920
1668237
9
-7
11
-1738
-511
3881
1669262
-27
-9
19
-1729
-486
3854
1670287
-30
-16
32
-1761
-520
3830
1671312
-10
-18
34
-1782
-488
3884
1664128
-3
-23
27
-1739
-494
3936
1665153
-6
-25
18
-1717
-533
3879
1666178
-2
-35
20
-1738
-486
3802
1667203
-7
-26
18
-1739
-488
3887
1668228
-49
2
12
-1773
-525
3993
1669253
-19
-2
13
-1740
-534
3960
1670278
32
-6
14
-1729
-465
3866
1671303
18
-6
-1
-1746
-453
3781
1672328
28
-6
-13
-1743
-484
3874
1673353
21
-10
-12
-1733
-426
3959
1674378
-28
-14
-8
-1745
-503
3890
1675403
-11
-27
-9
-1734
-531
3825
1676428
11
-24
-13
-1768
-502
3863
1677453
9
-23
-19
-1757
-465
3899
1678478
0
-28
-20
-1709
-515
3928
1679503
-25
-20
-16
-1679
-560
3962
1672320
-8
-13
-21
-1710
-602
3915
1673345
56
-9
-8
-1727
-528
3930
1674370
44
9
0
-1764
-444
3949
1675395
-17
12
9
-1741
-529
3910
1676420
-7
19
-3
-1728
-546
3887
1677445
52
25
-21
-1737
-476
3890
1678470
47
18
-15
-1735
-438
3892
1679495
-19
8
-7
-1709
-475
3877
1680520
-56
6
-6
-1721
-599
3870
1681545
-7
1
-5
-1756
-558
3866
1682570
24
-5
-6
-1774
-459
3868
1683595
-3
-3
14
-1770
-472
3899
1684620
-33
8
32
-1779
-521
3923
1685645
-21
3
37
-1764
-523
3874
1686670
11
-2
32
-1728
-482
3884
1687695
15
3
26
-1713
-428
3889
1680511
-14
7
23
-1722
-456
3871
1681536
-26
17
19
-1722
-547
3950
1682561
-6
15
10
-1741
-551
3975
1683586
20
7
-6
-1727
-483
3891
1684611
18
14
-9
-1732
-460
3843
1685636
-1
14
0
-1756
-465
3873
1686661
-26
18
-1
-1779
-542
3933
1687686
-19
22
0
-1786
-571
3949
1688711
24
6
-2
-1734
-522
3826
1689736
38
12
-7
-1730
-413
3807
1690761
-15
37
-4
-1752
-477
3966
1691786
-60
42
9
-1796
-598
3938
1692811
14
15
8
-1770
-568
3858
1693836
47
7
-1
-1758
-462
3812
1694861
6
3
3
-1788
-417
3804
1695886
-32
8
4
-1777
-534
3878
1688704
-17
10
4
-1784
-557
3903
1689729
38
-11
4
-1767
-566
3870
1690754
61
-20
0
-1750
-456
3806
1691779
5
-9
0
-1771
-452
3872
1692804
-52
-5
14
-1768
-554
3930
1693829
-2
-23
27
-1764
-586
3921
1694854
42
-30
19
-1751
-487
3829
1695879
1
-15
5
-1757
-408
3806
1696904
-33
-3
20
-1772
-481
3910
1697929
-36
-7
21
-1770
-541
3968
1698954
6
-19
16
-1763
-493
3918
1699979
10
-19
8
-1738
-437
3834
1701004
-14
-5
-3
-1744
-418
3821
1702029
-2
12
-12
-1753
-481
3990
1703054
6
13
-11
-1770
-529
3973
1704079
19
2
0
-1771
-552
3829
1696897
10
10
-9
-1723
-497
3845
1697922
2
31
2
-1784
-508
3935
1698947
11
17
7
-1784
-535
3905
1699972
-5
8
5
-1780
-499
3849
1700997
-16
1
-1
-1748
-464
3779
1702022
-13
-6
-1
-1750
-473
3828
1703047
-8
-14
5
-1795
-513
3880
1704072
6
-26
9
-1803
-543
3880
1705097
1
-26
6
-1773
-475
3877
1706122
13
-22
5
-1778
-523
3880
1707147
3
-53
19
-1831
-418
3645
1708172
67
-38
-14
-1805
-318
3710
1709197
89
-11
-6
-1810
-297
4033
1710222
-222
-47
71
-1444
-167
4429
1711247
-297
-137
378
-1692
-1066
3970
1712272
-253
-31
194
-1955
-880
3306
1705087
-146
125
60
-1673
-664
3985
1706112
-213
239
-94
-1766
21
4330
1707137
-88
235
-62
-1596
-916
4480
1708162
313
163
22
-1720
-1023
4256
1709187
559
113
-88
-1803
-701
3856
1710212
297
108
-152
-1705
-193
3455
1711237
-142
48
-69
-1999
-18
2998
1712262
-212
-68
-56
-2104
-488
3454
1713287
-104
-176
-59
-1787
-838
3894
1714312
-28
-187
-80
-1833
-668
4046
1715337
-105
-156
-150
-1806
-133
3848
1716362
-475
-103
-145
-1690
55
3580
1717387
-855
-27
-110
-1671
-426
3778
1718412
-820
36
-71
-1732
-941
4265
1719437
-427
36
-53
-1713
-1078
4345
1720462
-20
1
-8
-1746
-1089
3964
1713281
213
-16
14
-1726
-819
3785
1714306
173
20
22
-1735
-655
3826
1715331
65
57
10
-1816
-652
3855
1716356
-48
59
-22
-1822
-745
3777
1717381
-20
17
-27
-1776
-892
3714
1718406
144
-52
5
-1747
-783
3675
1719431
208
-67
22
-1794
-573
3727
1720456
127
-37
-2
-1850
-649
3839
1721481
72
-48
-3
-1790
-620
3924
1722506
17
-51
7
-1731
-710
3944
1723531
-22
-41
16
-1707
-762
3912
1724556
0
-36
25
-1741
-724
3802
1725581
44
-42
23
-1766
-728
3787
1726606
92
-46
14
-1740
-657
3912
1727631
86
-35
6
-1755
-658
3990
1728656
85
-24
11
-1768
-629
3920
1721472
25
-25
5
-1714
-598
3822
1722497
47
-16
-10
-1690
-571
3898
1723522
71
-7
1
-1731
-628
3987
1724547
57
-8
11
-1776
-734
3914
1725572
45
-9
16
-1763
-645
3852
1726597
15
-3
-6
-1674
-632
3804
1727622
15
-1
-10
-1724
-627
3782
1728647
24
-1
10
-1795
-618
3887
1729672
-35
5
21
-1806
-610
3936
1730697
-58
7
8
-1735
-688
3887
1731722
-26
2
-7
-1665
-692
3824
1732747
-16
-4
10
-1743
-612
3802
1733772
-46
6
17
-1783
-690
3900
1734797
-13
2
20
-1754
-688
3950
1735822
52
-3
17
-1725
-610
3908
1736847
16
11
3
-1753
-549
3826
1729665
-34
7
5
-1736
-594
3773
1730690
1
1
11
-1739
-609
3842
1731715
24
-4
10
-1765
-574
3959
1732740
-71
2
-14
-1727
-719
3914
1733765
-27
-2
-8
-1759
-717
3866
1734790
62
-15
-7
-1720
-662
3837
1735815
40
-2
0
-1739
-597
3878
1736840
-19
12
13
-1786
-622
3945
1737865
-71
15
9
-1791
-704
3905
1738890
-26
-1
11
-1718
-689
3830
1739915
20
-3
19
-1733
-634
3814
1740940
1
-4
19
-1758
-596
3840
1741965
-41
-4
2
-1749
-619
3894
1742990
-2
-11
2
-1735
-745
3925
1744015
37
-4
13
-1734
-684
3928
1745040
16
11
7
-1775
-531
3883
1737859
-35
23
-1
-1763
-607
3840
1738884
-37
8
0
-1730
-662
3789
1739909
-12
-2
2
-1750
-689
3832
1740934
2
-4
-5
-1756
-792
3893
1741959
48
-13
3
-1752
-603
3940
1742984
-2
0
17
-1778
-607
3872
1744009
-37
3
25
-1751
-705
3804
1745034
0
1
24
-1738
-657
3862
1746059
-11
7
11
-1757
-627
3918
1747084
-70
14
19
-1806
-695
3881
1748109
29
-21
18
-1764
-753
3780
1749134
148
-33
18
-1672
-530
3881
1750159
-18
15
-14
-1737
-462
3951
1751184
-119
24
-11
-1779
-733
3865
1752209
-5
-4
15
-1780
-747
3827
1753234
73
-10
21
-1771
-625
3882
1746048
10
1
4
-1777
-591
3823
1747073
1
10
-19
-1751
-554
3831
1748098
-2
5
-3
-1772
-577
3801
1749123
11
-17
2
-1755
-701
3769
1750148
39
-15
6
-1766
-836
3904
1751173
106
-16
-14
-1758
-720
3962
1752198
87
-12
-14
-1740
-407
3869
1753223
-88
5
-15
-1755
-467
3756
1754248
-164
-12
-12
-1744
-568
3774
1755273
-113
-42
-6
-1814
-704
3724
1756298
-189
-57
-42
-1974
-138
3350
1757323
-393
-22
-67
-1894
-214
3626
1758348
-372
-112
309
-886
-2031
5055
1759373
392
-145
473
-1958
-1784
5110
1760398
659
-100
76
-1901
-79
3544
1761423
295
92
187
-1555
-768
3230
1754240
-185
210
42
-1802
-357
3698
1755265
-179
186
-27
-1787
-582
4107
1756290
39
136
-89
-1698
-731
4323
1757315
342
9
-112
-1770
-405
3728
1758340
234
-82
-171
-1787
242
3077
1759365
-194
-69
-88
-1547
-187
3638
1760390
-306
-31
48
-1887
-1222
4071
1761415
-103
-77
-24
-2014
-945
3989
1762440
-18
-80
-65
-1711
-653
3900
1763465
-79
-13
-10
-1750
-730
3875
1764490
-88
20
15
-1740
-661
3984
1765515
-88
23
33
-1690
-699
3997
1766540
-87
17
32
-1689
-761
3896
1767565
-44
4
17
-1728
-622
3786
1768590
50
9
9
-1742
-561
3870
1769615
44
11
25
-1780
-587
3919
1762432
-40
4
12
-1776
-614
3850
1763457
-22
3
-4
-1782
-652
3871
1764482
44
-8
1
-1785
-610
3816
1765507
38
-10
-5
-1771
-598
3788
1766532
-23
-10
-9
-1721
-604
3854
1767557
-119
3
5
-1756
-647
3931
1768582
-101
-16
24
-1762
-792
3821
1769607
-12
-34
31
-1766
-885
3710
1770632
33
-32
11
-1763
-735
3840
1771657
32
1
5
-1768
-528
4046
1772682
-24
24
12
-1749
-716
4042
1773707
-40
9
41
-1705
-763
3845
1774732
-38
4
49
-1746
-698
3763
1775757
17
1
42
-1759
-705
3855
1776782
64
10
33
-1777
-589
3980
1777807
21
27
18
-1772
-579
3985
1770624
-29
29
17
-1727
-639
3863
1771649
-11
26
21
-1739
-620
3787
1772674
-2
23
16
-1809
-608
3759
1773699
-16
14
-5
-1799
-652
3810
1774724
2
1
-21
-1770
-626
3880
1775749
0
-8
-14
-1768
-672
3853
1776774
-31
-4
-11
-1771
-668
3781
1777799
-35
-4
-5
-1802
-692
3820
1778824
-23
-15
-1
-1783
-759
3890
1779849
-1
-29
2
-1719
-677
3884
1780874
-23
-17
3
-1738
-664
3823
1781899
-34
-14
8
-1765
-720
3823
1782924
-18
-4
11
-1784
-749
3935
1783949
-6
6
6
-1767
-755
4028
1784974
-71
22
-2
-1720
-753
4073
1785999
-199
55
14
-1737
-627
3998
1778816
-352
91
51
-1798
-756
3807
1779841
-376
111
42
-1799
-908
3787
1780866
-171
95
18
-1794
-819
3813
1781891
106
53
4
-1791
-747
3745
1782916
242
10
6
-1762
-531
3735
1783941
177
-5
15
-1812
-541
3668
1784966
140
-24
3
-1841
-689
3709
1785991
158
-49
-18
-1827
-635
3872
1787016
-6
-32
-49
-1780
-589
3933
1788041
-155
-9
-34
-1790
-774
3849
1789066
-84
-17
-5
-1796
-885
3763
1790091
57
-31
-3
-1802
-805
3758
1791116
100
-30
-4
-1792
-742
3905
1792141
29
-19
4
-1775
-664
3977
1793166
-45
-4
6
-1769
-704
3895
1794191
-42
1
14
-1756
-784
3853
1787008
10
0
20
-1804
-720
3825
1788033
42
5
5
-1803
-702
3860
1789058
62
-1
-8
-1766
-656
3888
1790083
39
1
-11
-1780
-616
3882
1791108
-17
2
-14
-1765
-665
3795
1792133
-22
0
-16
-1784
-702
3778
1793158
13
-3
-27
-1808
-735
3837
1794183
-13
2
-26
-1814
-717
3913
1795208
-32
-1
-15
-1803
-810
3833
1796233
18
-8
-3
-1780
-802
3823
1797258
53
-4
10
-1785
-707
3857
1798283
28
3
10
-1786
-694
3816
1799308
2
3
4
-1779
-681
3793
1800333
32
5
21
-1795
-784
3874
1801358
73
-10
30
-1804
-805
3876
1802383
76
-28
16
-1774
-656
3842
1795199
23
-27
10
-1798
-588
3747
1796224
-20
-39
14
-1784
-649
3715
1797249
-31
-34
5
-1791
-670
3863
1798274
12
-31
2
-1795
-773
4006
1799299
13
-34
0
-1736
-719
3923
1800324
-17
-16
-1
-1776
-596
3819
1801349
-19
-3
2
-1777
-699
3822
1802374
25
-11
4
-1761
-717
3911
1803399
17
-1
-1
-1755
-729
3981
1804424
-11
12
-2
-1731
-713
3906
1805449
7
20
4
-1772
-669
3825
1806474
37
21
7
-1804
-702
3814
1807499
56
13
0
-1817
-697
3882
1808524
15
7
-6
-1765
-676
3883
1809549
-12
-6
-4
-1733
-657
3746
1810574
-31
-14
0
-1796
-576
3666
1803393
-34
-10
12
-1834
-672
3853
1804418
-38
-9
18
-1872
-794
3965
1805443
-94
-52
15
-1856
-624
3557
1806468
-127
-99
-17
-1893
-177
3173
1807493
-144
-59
65
-1552
-603
4082
1808518
66
-51
392
-1182
-1649
5072
1809543
512
-72
416
-2368
-1280
4765
1810568
637
-163
74
-1819
-567
3170
1811593
921
-201
134
-1512
-624
2588
1812618
705
-106
40
-1768
173
3453
1813643
-31
37
-73
-1712
196
4102
1814668
-590
126
-149
-1702
-500
4427
1815693
-440
45
-89
-1825
-911
4344
1816718
62
-4
-128
-1795
-961
4028
1817743
277
-34
-135
-1547
-386
3816
1818768
62
-6
-42
-1729
-264
3865
1811584
-245
7
-52
-1908
-290
3734
1812609
-381
0
-56
-1671
-607
3805
1813634
-329
20
-42
-1742
-860
4016
1814659
-183
23
-59
-1761
-630
3995
1815684
-114
55
-81
-1700
-353
3926
1816709
-181
65
-57
-1726
-495
3885
1817734
-278
55
-26
-1754
-721
3854
1818759
-311
50
-21
-1753
-798
3827
1819784
-221
55
-21
-1773
-757
3866
1820809
-111
50
-15
-1780
-746
3863
1821834
-105
27
-11
-1762
-699
3826
1822859
-365
47
-6
-1748
-513
3864
1823884
-770
98
7
-1801
-608
3819
1824909
-909
80
36
-1804
-955
3663
1825934
-606
42
44
-1811
-1324
3686
1826959
-117
-1
13
-1837
-1302
3772
1819776
211
-59
4
-1782
-1005
3792
1820801
258
-69
2
-1725
-767
3799
1821826
88
-24
17
-1781
-767
3829
1822851
-44
0
19
-1805
-944
3854
1823876
39
-19
26
-1771
-1034
3862
1824901
158
-20
12
-1768
-971
3883
1825926
206
-15
8
-1773
-801
3843
1826951
157
-16
8
-1766
-772
3781
1827976
66
2
13
-1800
-796
3833
1829001
-1
15
-10
-1771
-855
3887
1830026
30
-5
-1
-1774
-894
3807
1831051
51
-12
-1
-1746
-848
3739
1832076
65
-3
0
-1788
-786
3750
1833101
76
-5
12
-1807
-906
3857
1834126
81
-19
7
-1785
-891
3890
1835151
60
-14
20
-1774
-842
3883
1827969
18
1
23
-1768
-866
3820
1828994
18
6
30
-1782
-813
3787
1830019
33
1
22
-1774
-795
3810
1831044
63
-3
11
-1795
-808
3862
1832069
36
-15
10
-1771
-739
3815
1833094
-45
-11
12
-1780
-744
3770
1834119
-40
-14
23
-1803
-876
3818
1835144
53
-21
13
-1801
-859
3872
1836169
90
-26
3
-1738
-729
3845
1837194
45
-20
9
-1741
-814
3847
1838219
7
-16
16
-1756
-869
3858
1839244
9
-12
14
-1762
-827
3870
1840269
-16
10
10
-1767
-846
3891
1841294
4
15
14
-1791
-857
3875
1842319
59
6
19
-1772
-800
3835
1843344
69
6
19
-1770
-710
3842
1836343
6
16
18
-1786
-754
3818
1837368
-10
17
13
-1781
-781
3838
1838393
4
18
3
-1781
-812
3848
1839418
74
1
-5
-1729
-770
3832
1840443
62
3
0
-1790
-705
3822
1841468
-20
9
-3
-1836
-731
3774
1842493
-32
4
-1
-1812
-773
3777
1843518
1
-1
-5
-1775
-840
3866
1844543
31
-12
-4
-1762
-834
3857
1845568
30
-19
0
-1761
-792
3809
1846593
12
-14
18
-1790
-802
3827
1847618
6
-1
29
-1793
-830
3903
1848643
20
7
18
-1785
-801
3904
1849668
21
7
20
-1770
-756
3827
1850693
6
14
18
-1780
-740
3832
1851718
-1
12
26
-1797
-746
3827
1844351
18
14
10
-1782
-813
3845
1845376
51
12
-4
-1763
-738
3863
1846401
-3
15
-8
-1790
-735
3809
1847426
-16
12
8
-1789
-750
3811
1848451
2
15
14
-1805
-744
3822
1849476
19
12
8
-1818
-794
3788
1850501
15
19
7
-1803
-809
3874
1851526
1
24
17
-1817
-737
3903
1852551
-47
0
33
-1864
-706
3706
1853576
-29
-38
52
-2136
-591
3451
1854601
-152
-98
-14
-1366
-259
4512
1855626
260
-219
554
-1184
-2360
4729
1856651
767
-60
274
-2386
-668
3627
1857676
254
48
112
-1774
-209
3224
1858701
-566
233
19
-1806
-386
3502
1859726
-542
186
-16
-1937
-623
3654
1852545
-427
184
-127
-1625
-562
4180
1853570
-50
116
-83
-1692
-625
4024
1854595
560
-55
-29
-1857
-1039
3425
1855620
711
-71
-116
-1860
-702
3695
1856645
292
-36
-116
-1785
-489
3938
1857670
-97
-35
-15
-1977
-912
3908
1858695
-225
-54
-55
-2028
-549
3584
1859720
-152
-70
-78
-1685
-630
3628
1860745
-59
-45
-43
-1727
-839
3885
1861770
-1
-46
-27
-1829
-627
4026
1862795
-103
-22
-31
-1782
-615
4046
1863820
-165
-11
-13
-1789
-772
3909
1864845
-84
-30
7
-1772
-741
3747
1865870
9
-15
17
-1777
-823
3812
1866895
7
6
11
-1826
-772
3940
1867920
-11
13
3
-1813
-703
3927
1860737
-12
16
0
-1809
-812
3822
1861762
43
-5
4
-1766
-766
3762
1862787
15
-5
6
-1794
-690
3761
1863812
-2
-10
14
-1802
-767
3871
1864837
-31
-6
12
-1839
-768
3903
1865862
-3
-12
0
-1788
-738
3813
1866887
38
-18
12
-1808
-654
3763
1867912
9
-6
7
-1801
-700
3841
1868937
6
-7
4
-1780
-706
3894
1869962
-13
-4
-3
-1795
-741
3885
1870987
-31
-1
-19
-1773
-785
3831
1872012
5
-4
-16
-1768
-755
3812
1873037
28
-7
3
-1821
-678
3821
1874062
-23
-1
7
-1822
-715
3866
1875087
-48
4
5
-1814
-789
3885
1876112
-33
2
7
-1821
-761
3807
1868928
-15
-13
10
-1785
-709
3717
1869953
-20
-26
14
-1773
-667
3768
1870978
-83
-10
19
-1799
-751
3897
1872003
-94
-3
11
-1801
-830
3877
1873028
4
-10
7
-1783
-864
3817
1874053
58
-14
5
-1782
-781
3815
1875078
43
-7
2
-1787
-649
3876
1876103
-26
8
6
-1820
-690
3885
1877128
-29
1
-1
-1797
-757
3825
1878153
17
-8
-14
-1782
-737
3785
1879178
28
-12
-15
-1788
-736
3780
1880203
-3
-7
-11
-1790
-722
3891
1881228
-39
-3
-5
-1819
-795
3903
1882253
-1
-11
-4
-1766
-816
3808
1883278
39
-7
1
-1792
-749
3787
1884303
20
-2
6
-1795
-781
3841
1877120
-19
3
2
-1785
-779
3888
1878145
-33
3
9
-1792
-791
3864
1879170
-11
0
20
-1808
-795
3787
1880195
20
-4
27
-1802
-717
3796
1881220
19
0
20
-1788
-708
3867
1882245
12
-4
13
-1783
-703
3871
1883270
-6
-5
8
-1780
-700
3846
1884295
-10
4
14
-1792
-736
3847
1885320
3
8
14
-1807
-722
3846
1886345
-2
16
-3
-1796
-744
3836
1887370
3
16
-14
-1791
-773
3838
1888395
9
11
-12
-1791
-770
3844
1889420
-1
12
2
-1802
-726
3824
1890445
-36
13
7
-1803
-791
3789
1891470
-6
11
6
-1810
-802
3825
1892495
18
3
7
-1815
-754
3832
1885311
17
-3
5
-1804
-726
3813
1886336
7
-1
5
-1810
-727
3814
1887361
-5
0
4
-1806
-738
3835
1888386
-3
2
10
-1814
-732
3854
1889411
-13
7
9
-1817
-743
3849
1890436
-14
5
5
-1797
-789
3838
1891461
16
-3
0
-1788
-773
3783
1892486
34
-2
2
-1799
-715
3836
1893511
0
7
7
-1827
-719
3901
1894536
-18
3
-2
-1822
-749
3811
1895561
-6
-6
-6
-1797
-724
3748
1896586
-11
1
-2
-1811
-731
3812
1897611
-18
2
-2
-1807
-761
3866
1898636
-24
3
2
-1812
-779
3869
1899661
-24
2
6
-1802
-798
3833
1900686
7
-8
9
-1809
-769
3771
1893504
29
-8
4
-1820
-755
3790
1894529
10
-3
0
-1825
-720
3863
1895554
12
-4
13
-1789
-791
3879
1896579
-10
2
8
-1806
-805
3826
1897604
35
-15
-1
-1840
-716
3760
1898629
125
-42
-23
-1894
-513
3719
1899654
4
-82
-52
-2010
-43
3567
1900679
-23
-160
79
-1034
-104
4898
1901704
713
-299
761
-1914
-2110
4231
1902729
1352
-330
477
-2334
-1744
2930
1903754
681
-204
89
-1522
-456
3117
1904779
-668
220
-207
-1908
499
4029
1905804
-1127
340
-239
-1917
-484
4295
1906829
-610
219
-252
-1481
-1016
4404
1907854
218
35
-191
-1651
-684
3575
1908879
469
-95
-300
-1726
107
3121
1901696
-68
-22
-226
-1597
16
3808
1902721
-598
111
-59
-1910
-1210
4351
1903746
-420
40
-76
-1894
-1267
4250
1904771
-108
23
-46
-1856
-815
3921
1905796
-105
86
-13
-1855
-947
3661
1906821
-115
61
-3
-1738
-1003
3682
1907846
-25
51
51
-1725
-770
3937
1908871
-15
84
58
-1821
-778
3965
1909896
33
50
71
-1859
-811
3802
1910921
-4
18
65
-1766
-829
3589
1911946
17
-4
65
-1835
-822
3556
1912971
133
-28
55
-1913
-663
3786
1913996
95
-23
21
-1901
-524
3934
1915021
-53
-27
7
-1777
-683
3841
1916046
-79
-32
3
-1782
-698
3698
1917071
37
-46
-3
-1789
-609
3727
1909887
96
-49
-12
-1786
-689
3919
1910912
-60
-23
-25
-1780
-728
3968
1911937
-142
-16
-23
-1793
-909
3903
1912962
-5
-38
-22
-1799
-979
3796
1913987
195
-56
-27
-1763
-720
3826
1915012
226
-26
32
-1811
-686
4047
1916037
17
11
47
-1855
-758
3954
1917062
-56
-18
19
-1784
-916
3676
1918087
10
-50
-20
-1755
-952
3683
1919112
204
-56
-18
-1857
-660
3870
1920137
356
-92
-7
-1891
-308
3830
1921162
183
-117
-74
-1731
-20
3719
1922187
-199
-106
-46
-1783
-596
3492
1923212
-305
-102
-31
-1782
-1444
3701
1924237
51
-119
-37
-1782
-800
4158
1925262
180
-90
-73
-1751
-541
4188
1918080
63
-68
-64
-1676
-675
3801
1919105
31
-76
-13
-1681
-699
3687
1920130
20
-58
39
-1713
-808
3907
1921155
49
-30
29
-1738
-852
4114
1922180
152
-29
13
-1744
-717
4018
1923205
141
-8
25
-1697
-566
3895
1924230
39
9
43
-1705
-539
3827
1925255
-50
3
33
-1694
-670
3811
1926280
-6
5
3
-1706
-702
3965
1927305
41
8
4
-1722
-609
3979
1928330
-10
24
11
-1764
-632
3842
1929355
-42
20
11
-1769
-697
3743
1930380
1
-7
-5
-1713
-693
3731
1931405
20
-13
-15
-1705
-608
3878
1932430
-17
4
1
-1742
-666
4031
1933455
-50
1
9
-1747
-610
3875
1926272
-140
-3
-7
-1715
-648
3685
1927297
-178
7
-12
-1735
-805
3833
1928322
-17
-13
5
-1721
-764
4044
1929347
85
-19
21
-1715
-611
4010
1930372
-34
-8
39
-1734
-778
3778
1931397
-67
8
42
-1758
-888
3824
1932422
60
7
44
-1726
-659
3980
1933447
46
25
22
-1725
-526
3975
1934472
-21
38
17
-1698
-660
3903
1935497
-57
17
33
-1715
-692
3786
1936522
-134
18
29
-1742
-709
3774
1937547
-135
21
36
-1780
-793
3879
1938572
-2
-8
46
-1804
-865
3817
1939597
159
-21
40
-1734
-644
3909
1940622
168
3
24
-1684
-389
3998
1941647
-21
46
0
-1685
-465
3982
1934463
-227
65
-2
-1718
-627
3830
1935488
-354
64
-20
-1762
-695
3721
1936513
-284
50
-41
-1771
-826
3794
1937538
-137
44
-46
-1783
-813
3960
1938563
-102
41
-22
-1787
-805
3936
1939588
-258
42
-9
-1765
-699
3782
1940613
-370
43
12
-1790
-807
3647
1941638
-376
38
27
-1850
-925
3694
1942663
-181
26
19
-1808
-1042
3888
1943688
88
4
14
-1771
-948
3919
1944713
174
-20
20
-1761
-817
3757
1945738
88
-23
31
-1768
-745
3689
1946763
12
-25
48
-1804
-798
3724
1947788
44
-47
30
-1793
-880
3778
1948813
86
-42
-1
-1760
-831
3924
1949838
-66
-48
17
-1850
-506
3601
1942657
-275
-56
14
-1954
-2
3231
1943682
-736
16
-32
-1886
-301
3383
1944707
-618
20
149
-1223
-2400
4387
1945732
405
-24
242
-1871
-2326
5172
1946757
767
-22
-2
-1787
-453
4223
1947782
1
123
-89
-1614
-150
3335
1948807
-579
150
-65
-1740
-724
3275
1949832
-389
54
-99
-1640
-996
3975
1950857
123
-50
-87
-1734
-1060
3988
1951882
439
-119
-52
-1845
-899
3774
1952907
216
-112
-1
-1928
-761
3599
1953932
-151
-48
42
-1862
-809
3758
1954957
-296
-12
32
-1762
-1127
3964
1955982
-27
-31
11
-1754
-1242
3968
1957007
280
-58
-10
-1719
-810
3800
1958032
175
-48
-9
-1673
-436
3600
1950848
-75
-19
40
-1721
-707
3619
1951873
-126
14
32
-1805
-1040
3964
1952898
31
12
3
-1784
-935
4076
1953923
160
-4
-31
-1768
-806
3825
1954948
142
-12
-31
-1738
-807
3700
1955973
0
-3
-8
-1716
-805
3766
1956998
-71
11
0
-1742
-914
3906
1958023
-4
17
5
-1797
-991
3969
1959048
154
-3
2
-1798
-949
3833
1960073
205
-28
-7
-1749
-819
3669
1961098
83
-30
1
-1729
-790
3704
1962123
8
-10
24
-1737
-767
3947
1963148
-8
-2
33
-1835
-869
3936
1964173
51
-26
11
-1786
-899
3752
1965198
64
-38
2
-1713
-773
3667
1966223
71
-44
15
-1699
-819
3810
1959040
142
-43
21
-1753
-847
3955
1960065
258
-52
4
-1746
-771
3965
1961090
206
-52
-5
-1708
-633
3888
1962115
-22
-15
-19
-1713
-694
3855
1963140
-121
-1
-9
-1739
-867
3857
1964165
-95
-2
0
-1755
-903
3861
1965190
5
0
-5
-1746
-789
3891
1966215
43
-7
-7
-1728
-764
3843
1967240
12
4
4
-1752
-710
3832
1968265
-51
12
19
-1751
-840
3845
1969290
-46
5
22
-1738
-877
3835
1970315
-6
-5
18
-1722
-822
3829
1971340
20
-6
22
-1740
-785
3847
1972365
15
-8
27
-1747
-750
3850
1973390
-8
-16
22
-1743
-757
3805
1974415
-20
-26
13
-1711
-823
3785
1967233
-4
-35
19
-1691
-807
3852
1968258
-27
-16
19
-1760
-741
3985
1969283
-82
7
23
-1756
-864
3942
1970308
12
-11
23
-1734
-787
3785
1971333
56
-6
13
-1696
-712
3823
1972358
-3
7
6
-1717
-715
3948
1973383
-48
16
9
-1710
-830
3988
1974408
-24
13
9
-1727
-822
3852
1975433
6
13
1
-1719
-769
3790
1976458
26
23
-6
-1735
-805
3860
1977483
48
23
-18
-1731
-763
3945
1978508
27
23
-20
-1718
-746
3908
1979533
-1
29
-18
-1740
-771
3794
1980558
-2
25
-18
-1764
-839
3766
1981583
10
30
-11
-1803
-771
3849
1982608
-7
30
-5
-1798
-783
3866
1975507
-18
30
-5
-1774
-787
3820
1976532
-12
15
-17
-1729
-765
3746
1977557
-35
3
-10
-1717
-833
3773
1978582
-7
-16
-2
-1754
-810
3816
1979607
40
-28
-6
-1777
-768
3853
1980632
2
-19
-10
-1754
-743
3899
1981657
-73
-5
-19
-1749
-792
3861
1982682
-42
-8
-13
-1738
-914
3819
1983707
36
-18
6
-1764
-841
3855
1984732
13
-10
5
-1757
-853
3894
1985757
3
0
-1
-1717
-830
3903
1986782
3
9
7
-1735
-768
3860
1987807
-21
16
22
-1775
-818
3840
1988832
1
11
16
-1764
-810
3817
1989857
22
3
2
-1728
-782
3834
1990882
14
8
5
-1724
-774
3923
1983617
-7
17
16
-1784
-781
3889
1984642
-21
19
17
-1788
-812
3787
1985667
-16
14
5
-1752
-800
3764
1986692
4
13
1
-1730
-792
3836
1987717
-3
12
5
-1757
-742
3858
1988742
-46
21
15
-1771
-868
3887
1989767
-30
21
28
-1786
-846
3838
1990792
5
15
20
-1785
-810
3743
1991817
19
9
21
-1791
-833
3787
1992842
25
-1
23
-1772
-746
3883
1993867
-20
-6
23
-1748
-799
3859
1994892
0
-10
19
-1772
-836
3821
1995917
61
-16
7
-1763
-772
3828
1996942
35
-12
3
-1779
-709
3815
1997967
-56
-5
2
-1788
-751
3819
1998992
-53
-10
8
-1753
-850
3867
1991809
21
-10
7
-1761
-847
3895
1992834
38
-4
6
-1766
-801
3867
1993859
5
1
14
-1774
-772
3833
1994884
14
-1
19
-1763
-785
3838
1995909
24
0
10
-1776
-803
3816
1996934
5
-1
-1
-1775
-783
3801
1997959
-24
0
-5
-1751
-779
3848
1998984
10
3
-4
-1763
-782
3860
2000009
71
-3
-5
-1784
-769
3825
2001034
25
-9
-13
-1783
-774
3795
2002059
-37
-1
-14
-1769
-822
3849
2003084
-48
7
1
-1781
-820
3902
2004109
-12
-17
15
-1811
-835
3700
2005134
1
-48
34
-1880
-564
3513
2006159
-239
-22
10
-1904
-72
3646
2007184
-567
21
2
-1947
-1163
3691
1999999
-197
-79
117
-1332
-2079
4070
2001024
357
-23
15
-1577
-516
4888
2002049
-269
186
23
-1841
-296
3991
2003074
-835
265
-3
-1756
-854
3509
2004099
-769
229
-86
-1602
-1125
3843
2005124
-217
165
-110
-1665
-1040
4188
2006149
269
60
-134
-1864
-959
3761
2007174
125
13
-87
-1800
-531
3488
2008199
-368
25
26
-1991
-955
3469
2009224
-471
24
10
-2006
-1178
3633
2010249
-314
10
-42
-1808
-1372
3811
2011274
49
-65
-36
-1805
-1235
3678
2012299
256
-110
12
-1860
-1118
3459
2013324
225
-119
36
-1818
-883
3451
2014349
41
-75
45
-1804
-918
3816
2015374
-119
-34
45
-1839
-1173
4035
2008193
-24
-54
39
-1804
-1141
3876
2009218
101
-56
38
-1760
-993
3751
2010243
107
-60
52
-1752
-891
3699
2011268
31
-44
53
-1778
-918
3831
2012293
-24
-28
45
-1811
-1007
3881
2013318
-16
-30
29
-1815
-1024
3789
2014343
37
-53
11
-1757
-1005
3677
2015368
48
-50
11
-1750
-941
3746
2016393
28
-30
14
-1772
-972
3910
2017418
43
-25
12
-1812
-1014
3871
2018443
95
-38
-1
-1766
-966
3762
2019468
86
-44
1
-1765
-967
3706
2020493
19
-30
-1
-1743
-944
3815
2021518
-11
-17
4
-1746
-1000
3934
2022543
11
-18
17
-1790
-1072
3871
2023568
71
-24
20
-1788
-953
3775
2016384
84
-22
16
-1769
-950
3759
2017409
89
-26
13
-1727
-919
3802
2018434
51
-19
4
-1730
-879
3853
2019459
3
-27
0
-1764
-926
3747
2020484
6
-37
-10
-1753
-971
3747
2021509
51
-32
-11
-1752
-961
3892
2022534
90
-39
2
-1758
-940
3839
2023559
101
-36
11
-1759
-926
3786
2024584
93
-35
26
-1759
-906
3786
2025609
38
-34
19
-1758
-895
3813
2026634
42
-30
3
-1726
-939
3864
2027659
142
-38
6
-1696
-888
3881
2028684
140
-40
17
-1726
-860
3842
2029709
55
-29
12
-1762
-895
3816
2030734
-24
-21
-4
-1707
-881
3807
2031759
-70
-16
-4
-1719
-941
3800
2024575
-18
-28
-3
-1729
-1016
3822
2025600
77
-44
-1
-1716
-916
3837
2026625
77
-40
4
-1709
-844
3887
2027650
19
-27
12
-1696
-878
3928
2028675
34
-19
23
-1727
-919
3918
2029700
28
2
30
-1742
-932
3927
2030725
35
24
20
-1704
-902
3936
2031750
71
23
22
-1685
-925
3846
2032775
71
28
35
-1736
-918
3815
2033800
64
32
44
-1730
-850
3889
2034825
76
32
43
-1723
-875
3868
2035850
155
21
44
-1763
-883
3816
2036875
218
23
47
-1800
-835
3847
2037900
171
26
51
-1777
-790
3835
2038925
83
31
62
-1754
-782
3808
2039950
38
34
86
-1757
-812
3822
2032768
72
15
92
-1759
-803
3765
2033793
85
-5
91
-1755
-767
3765
2034818
40
-8
84
-1726
-780
3853
2035843
12
-4
82
-1732
-776
3879
2036868
13
-10
89
-1733
-818
3848
2037893
56
-4
91
-1792
-797
3949
2038918
87
21
80
-1760
-729
4037
2039943
52
53
75
-1719
-697
3988
2040968
11
78
77
-1752
-715
3853
2041993
21
77
71
-1778
-713
3771
2043018
68
74
59
-1792
-684
3883
2044043
100
85
50
-1786
-692
4027
2045068
106
85
56
-1797
-706
3875
2046093
122
74
73
-1840
-724
3674
2047118
175
46
77
-1858
-660
3640
2048143
138
32
80
-1883
-632
3730
2040960
38
46
65
-1865
-621
3848
2041985
-33
55
41
-1793
-566
3877
2043010
-34
50
42
-1800
-658
3767
2044035
22
20
26
-1815
-655
3678
2045060
44
1
10
-1774
-586
3809
2046085
12
2
14
-1822
-584
3872
2047110
-29
2
13
-1882
-659
3782
2048135
-32
-14
3
-1850
-646
3725
2049160
-21
-28
7
-1855
-605
3770
2050185
-31
-28
19
-1885
-540
3855
2051210
-52
-32
37
-1888
-562
3845
2052235
-60
-42
44
-1856
-614
3708
2053260
-32
-51
40
-1845
-619
3728
2054285
5
-62
27
-1827
-612
3877
2055310
1
-68
10
-1811
-548
3870
2056335
-180
-78
-3
-1913
-292
3494
2049304
-480
-36
-76
-2168
-277
3377
2050329
-551
-61
-144
-1587
-1170
3872
2051354
398
-122
90
-892
-2116
5358
2052379
791
52
29
-1950
-263
5111
2053404
99
212
-49
-1883
-134
3335
2054429
-573
328
-27
-1818
-540
3042
2055454
-781
301
-12
-1768
-894
3825
2056479
-246
197
-67
-1759
-1268
4467
2057504
598
71
-104
-1959
-1079
3893
2058529
782
-48
-23
-2092
-330
3034
2059554
27
-58
81
-2093
184
3045
2060579
-611
0
70
-1835
-956
3754
2061604
-289
-80
3
-1916
-1454
3905
2062629
217
-163
-67
-1899
-734
3763
2063654
225
-147
-34
-1800
-328
3558
2064679
15
-100
8
-1818
-515
3697
2057344
-113
-72
6
-1830
-810
4018
2058369
-41
-94
-10
-1837
-814
3952
2059394
61
-128
-38
-1817
-715
3706
2060419
72
-137
-30
-1774
-664
3686
2061444
47
-111
-13
-1806
-709
3914
2062469
61
-96
-5
-1840
-873
3989
2063494
269
-127
-6
-1785
-786
3873
2064519
368
-136
1
-1738
-621
3792
2065544
281
-118
27
-1771
-650
3844
2066569
148
-82
30
-1790
-654
3996
2067594
119
-75
-20
-1635
-694
4020
2068619
191
-77
-74
-1580
-771
3924
2069644
274
-77
-83
-1674
-710
3915
2070669
249
-48
-26
-1804
-472
4028
2071694
51
0
46
-1886
-496
4012
2072719
-58
1
84
-1832
-586
3787
2065536
-77
-5
86
-1759
-642
3698
2066561
-75
-8
82
-1727
-670
3802
2067586
-46
-24
73
-1683
-595
3936
2068611
-29
-44
74
-1678
-589
3863
2069636
1
-65
81
-1657
-480
3849
2070661
5
-62
85
-1689
-421
3933
2071686
-13
-49
76
-1739
-424
3968
2072711
-40
-35
52
-1715
-347
3991
2073736
-70
-13
36
-1680
-369
3990
2074761
-61
4
12
-1708
-506
3946
2075786
-25
13
-30
-1691
-513
3973
2076811
-75
30
-69
-1677
-463
3986
2077836
-138
46
-74
-1696
-588
3967
2078861
-119
46
-46
-1777
-659
3838
2079886
-56
39
-36
-1783
-683
3812
2080911
-25
38
-31
-1714
-704
3937
2073728
-44
45
-29
-1698
-736
3950
2074753
-64
42
-31
-1708
-740
3814
2075778
-36
37
-18
-1745
-672
3759
2076803
-25
29
3
-1783
-655
3820
2077828
-44
25
15
-1812
-686
3913
2078853
-24
17
29
-1820
-635
3889
2079878
12
8
66
-1811
-596
3787
2080903
23
-4
83
-1808
-618
3714
2081928
41
-27
55
-1785
-585
3721
2082953
32
-39
22
-1721
-558
3855
2083978
29
-45
4
-1712
-551
3930
2085003
24
-64
-1
-1659
-566
3848
2086028
-21
-71
-26
-1669
-647
3783
2087053
-30
-77
-37
-1715
-636
3853
2088078
-31
-64
-28
-1783
-605
3989
2089103
-67
-53
-21
-1760
-663
3958
2081921
-63
-52
-14
-1698
-691
3859
2082946
-13
-43
-19
-1704
-707
3869
2083971
41
-41
-11
-1684
-613
3953
2084996
9
-32
-3
-1651
-578
4005
2086021
-32
-29
13
-1676
-667
3915
2087046
-21
-39
15
-1707
-707
3836
2088071
-4
-31
6
-1688
-649
3917
2089096
-6
-4
7
-1684
-642
4025
2090121
-6
8
15
-1711
-693
3948
2091146
27
1
24
-1715
-667
3861
2092171
49
-4
21
-1676
-618
3885
2093196
20
6
11
-1666
-577
3950
2094221
-25
21
7
-1696
-592
3920
2095246
-21
22
-1
-1734
-593
3858
2096271
20
7
-11
-1731
-609
3829
2097296
41
-11
-25
-1682
-579
3836
2090111
32
-17
-32
-1685
-567
3898
2091136
23
-11
-27
-1682
-608
4008
2092161
-22
-14
-5
-1738
-687
3828
2093186
-35
-10
-9
-1736
-711
3838
2094211
-9
0
0
-1710
-635
3960
2095236
-3
5
8
-1712
-672
3908
2096261
15
-12
10
-1663
-699
3838
2097286
8
-21
18
-1651
-655
3854
2098311
-4
-22
31
-1704
-609
3935
2099336
-8
-15
30
-1707
-659
3988
2100361
48
-19
37
-1710
-589
3981
2101386
91
-81
25
-1700
-471
3625
2102411
31
-104
33
-1638
-472
3678
2103436
-101
-56
108
-1723
-844
3979
2104461
-39
-32
110
-1831
-890
3998
2105486
-9
-40
84
-1814
-398
3648
2098304
-426
-17
-8
-1854
296
3063
2099329
-796
36
51
-1712
-655
3490
2100354
-276
39
232
-993
-1987
5312
2101379
713
-45
228
-1649
-1278
5336
2102404
837
-12
73
-1757
-248
3669
2103429
-9
165
69
-1717
-96
3174
2104454
-757
201
46
-1701
-511
3544
2105479
-806
132
-17
-1621
-938
4348
2106504
-216
7
-42
-1619
-927
4210
2107529
545
-61
8
-1708
-738
3920
2108554
398
-56
96
-1951
-307
3485
2109579
-199
6
116
-1819
-441
3574
2110604
-420
31
83
-1701
-1103
3880
2111629
-4
-20
8
-1682
-930
4001
2112654
300
-16
-15
-1654
-334
4061
2113679
85
20
-3
-1672
-313
3760
2106497
-120
16
-1
-1657
-607
3625
2107522
-97
-8
-19
-1729
-824
3793
2108547
26
-27
-43
-1791
-712
3993
2109572
111
-25
-44
-1764
-660
4038
2110597
103
-18
-31
-1723
-616
3897
2111622
23
-15
-28
-1737
-658
3737
2112647
-11
-20
-40
-1727
-706
3772
2113672
13
-35
-46
-1700
-647
3920
2114697
22
-46
-41
-1715
-670
3910
2115722
68
-61
-51
-1709
-668
3801
2116747
90
-64
-58
-1666
-637
3844
2117772
33
-53
-51
-1696
-605
3917
2118797
-49
-52
-39
-1727
-632
3888
2119822
-57
-39
-38
-1682
-750
3969
2120847
7
-28
-23
-1694
-755
3988
2121872
27
-27
-23
-1683
-727
3898
2114687
-15
-38
-8
-1666
-758
3779
2115712
16
-27
12
-1656
-732
3951
2116737
88
-9
27
-1650
-694
4132
2117762
72
-1
29
-1716
-716
3944
2118787
78
-3
16
-1654
-615
3816
2119812
91
-14
24
-1640
-576
3753
2120837
76
-32
22
-1693
-606
3795
2121862
103
-45
8
-1702
-656
3939
2122887
151
-62
4
-1683
-533
3954
2123912
51
-62
1
-1641
-480
3890
2124937
-125
-58
10
-1653
-599
3812
2125962
-144
-44
17
-1655
-755
3921
2126987
-9
-50
-4
-1636
-647
4021
2128012
45
-53
-10
-1634
-590
3959
2129037
31
-52
-1
-1638
-666
3912
2130062
25
-43
9
-1615
-657
3955
2122880
16
-23
12
-1626
-608
4004
2123905
-17
-11
13
-1646
-667
3956
2124930
15
-15
2
-1620
-648
3915
2125955
86
-19
0
-1643
-564
3891
2126980
128
-23
-16
-1638
-570
3913
2128005
147
-32
-30
-1605
-548
3879
2129030
177
-47
-40
-1601
-528
3839
2130055
247
-57
-44
-1624
-580
3867
2131080
364
-73
-67
-1644
-544
3930
2132105
366
-90
-66
-1637
-375
3966
2133130
221
-93
-58
-1615
-498
3893
2134155
103
-87
-68
-1603
-448
3923
2135180
29
-70
-62
-1606
-404
3987
2136205
-37
-52
-50
-1573
-532
4045
2137230
-37
-51
-23
-1535
-590
4047
2138255
-32
-44
-7
-1554
-545
4018
2131072
-44
-27
-9
-1537
-554
3988
2132097
-24
-10
3
-1543
-553
4053
2133122
19
2
18
-1593
-528
4047
2134147
47
12
9
-1593
-455
4006
2135172
1
27
-3
-1550
-436
4003
2136197
-48
35
4
-1560
-505
3949
2137222
-10
31
3
-1573
-505
3943
2138247
28
29
-2
-1575
-458
3967
2139272
13
33
-11
-1596
-460
3973
2140297
-11
16
-9
-1582
-495
3850
2141322
-3
11
-2
-1594
-553
3892
2142347
48
18
2
-1599
-487
4066
2143372
28
34
-6
-1610
-452
4086
2144397
-51
32
-2
-1614
-455
3900
2145422
-117
19
-2
-1602
-547
3788
2146447
-47
1
-7
-1579
-593
3893
2139263
53
-2
-10
-1596
-505
4062
2140288
-11
8
-2
-1632
-466
3981
2141313
-72
-8
-2
-1611
-557
3822
2142338
6
-5
2
-1587
-532
3966
2143363
20
13
17
-1605
-470
4055
2144388
-46
10
20
-1638
-543
3880
2145413
-51
-5
11
-1595
-589
3808
2146438
27
-6
14
-1564
-498
3976
2147463
58
2
13
-1605
-410
4049
2148488
6
-12
1
-1627
-492
3848
2149513
36
-30
3
-1583
-566
3892
2150538
151
-44
11
-1622
-493
3991
2151563
122
-44
-9
-1688
-138
4007
2152588
-393
61
-75
-1610
198
4092
2153613
-770
128
-19
-1649
-709
3637
2154638
108
-30
151
-1132
-1994
3587
2147457
1088
-54
80
-1800
-766
4718
2148482
506
85
-48
-1717
425
4374
2149507
-508
181
-9
-1644
-463
3755
2150532
-546
104
-52
-1567
-641
3651
2151557
-226
54
-88
-1522
-421
3862
2152582
-41
27
-68
-1541
-332
4007
2153607
-62
13
-32
-1607
-430
3948
2154632
-79
-2
14
-1638
-680
3948
2155657
-72
-30
36
-1764
-806
3847
2156682
-84
-24
11
-1741
-686
3833
2157707
-93
-21
0
-1648
-530
3832
2158732
-74
-8
-6
-1631
-460
3868
2159757
-23
-13
-14
-1600
-543
3936
2160782
-12
-34
-7
-1610
-689
3925
2161807
54
-56
-6
-1618
-659
3889
2162832
103
-42
-14
-1644
-523
3982
2155649
46
-26
-23
-1646
-456
3992
2156674
-32
-18
-10
-1646
-558
3916
2157699
-24
-3
3
-1631
-674
3948
2158724
67
-10
6
-1618
-626
3975
2159749
115
-20
-4
-1616
-603
3941
2160774
133
-38
1
-1610
-579
3878
2161799
83
-35
4
-1605
-542
3919
2162824
15
-24
21
-1611
-523
3977
2163849
-68
-9
27
-1637
-635
3977
2164874
-2
-7
17
-1596
-621
4028
2165899
83
-14
15
-1592
-490
3984
2166924
42
-4
14
-1607
-504
3917
2167949
-36
-4
14
-1634
-424
3833
2168974
-94
10
10
-1623
-521
3896
2169999
-26
-10
9
-1614
-568
3963
2171024
13
-27
7
-1602
-538
3918
2163839
9
-16
1
-1581
-544
3946
2164864
21
-18
9
-1615
-542
3940
2165889
15
-22
1
-1617
-576
3940
2166914
24
-17
-2
-1573
-551
4022
2167939
-21
-5
11
-1601
-569
3997
2168964
-48
6
10
-1604
-594
3930
2169989
-13
5
12
-1609
-577
3891
2171014
25
-5
8
-1630
-531
3896
2172039
36
-16
-7
-1584
-489
3957
2173064
24
-13
-14
-1578
-475
3981
2174089
-1
-17
-10
-1603
-514
3926
2175114
-29
-23
-6
-1603
-557
3900
2176139
-23
-27
-3
-1637
-580
3906
2177164
-2
-24
-12
-1652
-536
3990
2178189
-6
-14
-8
-1598
-573
4030
2179214
10
-17
9
-1580
-571
3940
2172032
16
-16
15
-1567
-565
3896
2173057
2
-16
15
-1578
-552
3922
2174082
-13
-5
7
-1609
-571
4007
2175107
-8
3
4
-1590
-551
4050
2176132
1
-2
7
-1574
-508
3950
2177157
-23
-2
11
-1578
-552
3872
2178182
-15
1
18
-1599
-593
3962
2179207
36
5
7
-1595
-523
4063
2180232
33
7
-3
-1582
-500
3980
2181257
-5
1
-1
-1592
-561
3813
2182282
-1
-8
4
-1597
-572
3879
2183307
40
-7
15
-1604
-508
4046
2184332
39
0
8
-1620
-483
4019
2185357
-3
3
-2
-1603
-528
3892
2186382
-48
1
1
-1561
-569
3872
2187407
-82
-3
10
-1575
-570
3917
2180223
-50
-2
13
-1588
-586
3998
2181248
37
-6
13
-1609
-542
4002
2182273
28
-3
5
-1616
-515
3934
2183298
-28
-2
-3
-1580
-526
3943
2184323
-38
4
2
-1588
-593
3980
2185348
-5
15
7
-1604
-578
4018
2186373
24
20
13
-1601
-579
3986
2187398
30
18
6
-1598
-572
3921
2188423
19
20
1
-1569
-518
3963
2189448
-12
22
7
-1617
-531
3911
2190473
-14
20
3
-1622
-572
3881
2191498
-3
9
5
-1637
-516
3897
2192523
7
-2
-3
-1615
-519
3949
2193548
1
6
4
-1610
-528
4027
2194573
-16
9
11
-1623
-562
3924
2195598
15
3
7
-1589
-599
3892
2188469
45
4
10
-1580
-509
3983
2189494
-16
13
5
-1624
-493
3935
2190519
-54
9
-6
-1626
-565
3893
2191544
-30
-4
2
-1641
-586
3858
2192569
-67
-25
16
-1758
-350
3692
2193594
-284
-6
-5
-1892
31
3687
2194619
-569
7
-29
-1481
-676
3872
2195644
20
-114
210
-1031
-2082
4336
2196669
803
10
55
-1832
-482
4833
2197694
353
90
-5
-1620
136
3791
2198719
-348
179
11
-1682
-489
3513
2199744
-438
154
-13
-1590
-653
3920
2200769
-215
104
-47
-1497
-720
4292
2201794
119
29
-65
-1616
-697
4045
2202819
229
-37
-48
-1656
-298
3715
2203844
-113
-38
39
-1783
-420
3571
2196608
-339
-43
56
-1752
-647
3675
2197633
-227
-69
21
-1660
-930
3869
2198658
75
-95
-28
-1662
-782
3977
2199683
220
-108
-49
-1614
-339
3899
2200708
66
-59
-30
-1565
-362
3916
2201733
-80
-16
-1
-1560
-688
4078
2202758
-49
2
0
-1609
-769
4155
2203783
68
1
-20
-1627
-663
4021
2204808
127
8
-25
-1603
-549
3925
2205833
56
29
-8
-1607
-480
3925
2206858
-63
45
6
-1640
-648
3944
2207883
-51
37
14
-1657
-736
3928
2208908
61
2
12
-1665
-637
3815
2209933
76
-31
8
-1660
-596
3716
2210958
61
-28
20
-1613
-587
3934
2211983
-2
-19
38
-1617
-509
4040
2204800
-54
-2
14
-1623
-625
4006
2205825
63
-25
48
-1668
-813
3860
2206850
112
-42
45
-1649
-520
3787
2207875
32
-29
32
-1560
-411
3933
2208900
-56
-4
37
-1598
-544
4135
2209925
-30
0
32
-1638
-628
4051
2210950
49
-5
14
-1617
-524
3887
2211975
34
-12
2
-1599
-561
3797
2213000
14
-15
6
-1621
-515
3882
2214025
-18
-5
0
-1641
-511
4017
2215050
-57
0
-9
-1652
-594
3986
2216075
-26
-11
-16
-1616
-577
3883
2217100
11
-19
-17
-1597
-549
3877
2218125
-17
-16
-12
-1586
-576
3949
2219150
-36
-9
-4
-1598
-626
4038
2220175
-12
-11
2
-1636
-644
3982
2212992
14
-18
3
-1632
-587
3859
2214017
-5
-16
7
-1619
-593
3867
2215042
9
-10
14
-1608
-580
4016
2216067
29
-8
14
-1611
-574
4020
2217092
30
-7
19
-1632
-585
3909
2218117
-11
-5
12
-1602
-527
3849
2219142
-29
2
8
-1583
-540
3952
2220167
-12
3
3
-1596
-614
4039
2221192
19
-3
-4
-1594
-601
4007
2222217
31
-8
4
-1608
-524
3911
2223242
4
-2
0
-1611
-525
3899
2224267
-21
13
-4
-1613
-574
3973
2225292
-29
21
-16
-1605
-594
4004
2226317
-24
23
-11
-1611
-561
3950
2227342
9
24
1
-1624
-653
3898
2228367
48
20
0
-1632
-625
3901
2221184
31
12
-20
-1624
-503
3896
2222209
-24
16
-17
-1627
-579
3957
2223234
-9
3
5
-1638
-622
3945
2224259
15
-17
13
-1641
-615
3818
2225284
26
-18
4
-1614
-516
3902
2226309
13
-16
0
-1633
-537
3979
2227334
3
-14
-6
-1612
-607
3985
2228359
1
-13
-7
-1598
-544
3951
2229384
-33
-6
1
-1618
-582
3898
2230409
0
-9
6
-1644
-548
3922
2231434
20
-9
-7
-1621
-528
4008
2232459
-10
2
-2
-1605
-596
4014
2233484
-41
5
7
-1628
-597
3887
2234509
-12
7
2
-1603
-619
3896
2235534
66
1
9
-1617
-554
3987
2236559
22
13
1
-1620
-520
4016
2229375
-56
23
-9
-1601
-528
3941
2230400
-62
15
-8
-1618
-594
3827
2231425
11
-3
-6
-1623
-625
3867
2232450
51
-4
-7
-1653
-608
3986
2233475
-14
1
-17
-1647
-550
3954
2234500
-113
4
-7
-1621
-596
3880
2235525
-107
1
10
-1625
-651
3910
2236550
-10
-11
7
-1643
-624
3919
2237575
53
-12
-12
-1602
-545
4002
2238600
35
2
-5
-1612
-493
4023
2239625
-42
11
6
-1642
-534
3891
2240650
-60
9
-1
-1621
-644
3860
2241675
28
-5
-18
-1614
-640
3917
2242700
63
-5
-33
-1624
-588
3993
2243725
-19
10
-17
-1638
-583
3956
2244750
-77
13
7
-1647
-679
3811
2237568
-4
-7
12
-1641
-664
3726
2238593
73
-4
5
-1633
-549
3859
2239618
48
-11
27
-1662
-658
4002
2240643
19
-38
33
-1670
-565
4003
2241668
-8
-24
18
-1629
-501
3884
2242693
28
-18
14
-1591
-539
3804
2243718
72
-28
2
-1604
-472
3934
2244743
20
-38
-20
-1557
-485
4053
2245768
-55
-39
-13
-1630
-681
3979
2246793
-59
-57
4
-1698
-405
3907
2247818
-284
-40
-14
-1745
229
3941
2248843
-683
55
20
-1805
-882
3657
2249868
364
-232
83
-1259
-2898
3177
2250893
2209
-421
10
-1327
-904
4675
2251918
1101
-14
-90
-1690
1512
5051
2252943
-888
244
32
-1622
-246
3957
2245760
-1325
232
60
-1592
-706
3667
2246785
-997
189
-32
-1457
-606
3850
2247810
-338
134
-100
-1402
-456
3966
2248835
125
69
-93
-1578
-224
3906
2249860
92
35
-66
-1621
-545
3976
2250885
-6
22
-29
-1636
-932
4071
2251910
-126
23
-3
-1831
-933
3820
2252935
-226
28
-28
-1789
-969
3718
2253960
-77
7
-17
-1659
-793
3902
2254985
51
-7
18
-1606
-732
4015
2256010
86
-10
15
-1560
-564
3904
2257035
24
-6
14
-1594
-481
3663
2258060
-69
-26
15
-1684
-758
3617
2259085
42
-56
19
-1662
-715
3954
2260110
93
-52
16
-1650
-587
4147
2261135
66
-41
6
-1613
-629
4043
2253952
32
-41
9
-1633
-658
3805
2254977
37
-36
1
-1621
-613
3780
2256002
40
-49
-7
-1582
-539
3855
2257027
16
-35
-7
-1582
-748
4094
2258052
18
-19
12
-1648
-771
4138
2259077
45
-13
7
-1612
-644
3953
2260102
59
-7
20
-1619
-553
3836
2261127
-2
4
21
-1641
-601
3865
2262152
-29
-9
13
-1601
-672
3923
2263177
24
-15
8
-1600
-618
3989
2264202
41
-23
21
-1622
-636
3957
2265227
26
-24
15
-1596
-595
3891
2266252
-6
-27
12
-1576
-575
3829
2267277
-1
-26
9
-1619
-675
3946
2268302
0
-23
4
-1608
-652
4077
2269327
-28
-14
10
-1599
-599
4015
2262144
-45
-13
18
-1610
-647
3814
2263169
-14
-29
15
-1591
-647
3780
2264194
-10
-28
23
-1602
-690
3978
2265219
-37
-18
23
-1599
-656
4103
2266244
-48
-14
21
-1595
-603
3965
2267269
-20
-15
23
-1585
-607
3843
2268294
10
-31
29
-1591
-572
3827
2269319
-25
-26
15
-1604
-612
3949
2270344
-62
-5
13
-1580
-712
4147
2271369
-26
-4
17
-1594
-634
4042
2272394
-10
-1
10
-1590
-654
3853
2273419
-9
2
4
-1582
-638
3852
2274444
25
-2
-8
-1582
-589
3978
2275469
28
-9
-9
-1576
-616
4003
2276494
-16
-6
1
-1595
-617
3934
2277519
-23
-16
5
-1612
-696
3848
2270336
45
-24
1
-1608
-694
3918
2271361
65
-27
0
-1587
-615
3971
2272386
6
-8
11
-1564
-653
4037
2273411
-23
2
30
-1579
-682
4006
2274436
-32
15
26
-1611
-660
3954
2275461
30
8
19
-1575
-586
3930
2276486
16
6
4
-1580
-611
3870
2277511
-3
16
-14
-1518
-603
4012
2278536
3
18
-2
-1582
-558
4049
2279561
-36
21
11
-1653
-669
3900
2280586
9
9
6
-1583
-649
3856
2281611
49
6
2
-1561
-633
3965
2282636
-4
23
14
-1614
-660
4064
2283661
-79
46
22
-1647
-721
3983
2284686
-56
43
34
-1627
-719
3850
2285711
7
35
30
-1599
-687
3849
2278531
73
16
20
-1598
-625
3879
2279556
40
0
22
-1602
-545
3893
2280581
-44
-3
27
-1639
-559
3882
2281606
-58
-11
30
-1659
-660
3874
2282631
24
-25
25
-1636
-633
3887
2283656
50
-31
13
-1589
-591
3964
2284681
-22
-27
11
-1564
-596
3957
2285706
-53
-16
17
-1575
-645
3989
2286731
3
-8
23
-1596
-684
3989
2287756
46
-5
4
-1613
-628
3957
2288781
22
9
-16
-1566
-602
4014
2289806
10
25
-13
-1569
-573
4072
2290831
-7
35
-2
-1637
-597
3955
2291856
-17
44
-4
-1656
-671
3856
2292881
36
31
-19
-1619
-608
3845
2293906
49
18
-31
-1601
-567
3892
2286720
6
18
-23
-1618
-551
3903
2287745
-32
17
-14
-1664
-572
3870
2288770
-25
6
-26
-1682
-606
3796
2289795
-14
-16
-37
-1647
-742
3765
2290820
-2
-14
-16
-1607
-706
4039
2291845
-35
-6
8
-1602
-652
4128
2292870
-35
-12
19
-1612
-731
3944
2293895
3
-5
9
-1601
-628
3902
2294920
-22
11
19
-1600
-641
3937
2295945
-15
6
32
-1635
-694
3975
2296970
-4
3
34
-1663
-683
3974
2297995
-5
-11
30
-1642
-597
3831
2299020
-37
-18
30
-1669
-488
3742
2300045
-239
1
1
-1830
-1
3857
2301070
-443
34
-59
-1590
-606
3999
2302095
346
-187
239
-1075
-2746
3870
2294912
1385
-180
106
-1811
-766
4547
2295937
513
34
51
-1658
569
3878
2296962
-582
203
118
-1745
-264
3740
2297987
-835
159
60
-1557
-726
3880
2299012
-422
134
-3
-1434
-512
4257
2300037
78
83
-45
-1569
-423
3899
2301062
211
16
-73
-1661
-273
3663
2302087
-56
-15
-39
-1544
-516
3835
2303112
-174
-31
15
-1788
-985
3859
2304137
-81
-43
-16
-1873
-867
3812
2305162
-42
-68
-67
-1649
-565
3668
2306187
-51
-76
-54
-1603
-514
3747
2307212
-93
-57
-29
-1594
-661
4064
2308237
-14
-52
-5
-1633
-899
4084
2309262
145
-61
6
-1624
-851
3988
2310287
205
-38
0
-1604
-595
4001
2303104
152
-12
-9
-1632
-464
3974
2304129
37
-3
-11
-1625
-511
3983
2305154
-42
-8
-5
-1581
-673
3928
2306179
-22
-14
-15
-1600
-686
3876
2307204
39
-23
-32
-1623
-594
3871
2308229
27
-19
-32
-1630
-584
3954
2309254
1
-19
-15
-1608
-688
3994
2310279
-16
-15
-5
-1596
-700
3996
2311304
-5
5
-1
-1597
-694
4000
2312329
30
10
-5
-1609
-642
3921
2313354
25
17
-8
-1618
-610
3884
2314379
-2
13
8
-1622
-589
3876
2315404
-9
17
-1
-1613
-700
3972
2316429
52
-4
-3
-1591
-639
3985
2317454
21
-7
-1
-1618
-597
3872
2318479
-10
-17
8
-1619
-608
3815
2311296
11
-12
8
-1641
-638
3965
2312321
37
0
3
-1620
-633
4077
2313346
23
-2
5
-1608
-622
3951
2314371
8
-1
15
-1597
-605
3899
2315396
-9
-9
22
-1594
-627
3859
2316421
-40
6
7
-1632
-653
3957
2317446
-26
12
2
-1606
-628
4032
2318471
-8
12
9
-1634
-632
3930
2319496
17
13
3
-1623
-619
3882
2320521
28
5
3
-1615
-580
3891
2321546
-20
4
7
-1621
-611
3951
2322571
-34
7
9
-1634
-651
3969
2323596
13
1
4
-1627
-656
3905
2324621
53
-11
-3
-1614
-572
3860
2325646
34
-9
-7
-1609
-546
3924
2326671
1
-9
-4
-1646
-596
3964
2319487
-21
-10
-6
-1657
-654
3904
2320512
19
-17
-13
-1610
-629
3914
2321537
32
-24
-9
-1627
-581
3902
2322562
-12
-18
-5
-1610
-672
3979
2323587
5
-19
4
-1598
-634
4026
2324612
15
-9
9
-1613
-642
3983
2325637
4
-4
9
-1605
-604
3884
2326662
-13
2
5
-1620
-623
3902
2327687
-2
0
4
-1606
-632
3974
2328712
-1
0
3
-1607
-649
4001
2329737
12
5
13
-1611
-606
3958
2330762
-2
5
17
-1647
-602
3831
2331787
-9
0
5
-1612
-594
3857
2332812
10
-12
-5
-1616
-578
3928
2333837
12
-15
-8
-1611
-632
4003
2334862
22
-14
3
-1620
-550
3989
2327680
-10
-11
9
-1634
-595
3857
2328705
5
-16
3
-1606
-625
3869
2329730
41
-17
-12
-1596
-601
3974
2330755
40
-14
-17
-1617
-634
4015
2331780
60
-15
-18
-1581
-619
4002
2332805
73
-7
-2
-1602
-585
3917
2333830
34
-8
-3
-1628
-615
3827
2334855
33
-6
0
-1601
-652
3974
2335880
59
-9
7
-1627
-574
4042
2336905
-2
-1
14
-1623
-541
3959
2337930
-80
6
25
-1604
-595
3872
2338955
-72
4
17
-1587
-666
3880
2339980
25
-5
11
-1596
-582
3949
2341005
34
-10
16
-1640
-521
3939
2342030
-28
-12
9
-1632
-519
3882
2343055
-43
-12
-5
-1598
-542
3909
2335872
-43
-28
-18
-1598
-630
3907
2336897
-15
-35
-28
-1577
-670
4039
2337922
16
-8
-10
-1573
-608
4177
2338947
-32
19
21
-1632
-604
3992
2339972
-67
23
22
-1598
-647
3787
2340997
-4
25
26
-1586
-675
3924
2342022
56
22
17
-1606
-575
4076
2343047
-9
23
7
-1613
-534
3923
2344072
-55
16
19
-1617
-594
3749
2345097
-10
-5
10
-1652
-668
3778
2346122
98
-25
-4
-1588
-606
4027
2347147
69
-13
-1
-1599
-495
4106
2348172
-36
-4
5
-1647
-559
3887
2349197
-59
-19
4
-1656
-711
3702
2350222
92
-53
-8
-1652
-760
3808
2351247
343
-71
-39
-1552
-535
4183
2344063
374
-40
-3
-1562
-447
4291
2345088
225
-24
18
-1637
-364
3922
2346113
-159
-6
-9
-1779
75
3426
2347138
-584
16
-28
-1832
-777
3442
2348163
20
-68
23
-1084
-1839
4169
2349188
1654
-199
85
-1407
-1076
5190
2350213
1403
-49
-45
-1761
509
4275
2351238
-224
189
15
-1604
299
3444
2352263
-1326
264
58
-1589
-74
3636
2353288
-1247
210
32
-1551
-912
4168
2354313
-382
97
-54
-1578
-887
4120
2355338
201
-16
-114
-1646
-130
3559
2356363
42
-75
-93
-1514
82
3536
2357388
-350
-58
17
-1671
-689
3792
2358413
-378
-55
5
-1843
-1014
3942
2359438
-171
-73
-35
-1697
-918
3984
2352256
-88
-49
-43
-1617
-754
3963
2353281
-49
-27
-33
-1542
-612
3996
2354306
-52
-14
-3
-1543
-580
3979
2355331
-136
4
11
-1567
-727
3973
2356356
-80
10
19
-1591
-830
4008
2357381
52
11
13
-1612
-684
4044
2358406
90
23
6
-1606
-574
3997
2359431
24
23
18
-1609
-599
3890
2360456
-90
15
22
-1645
-734
3789
2361481
-26
-7
7
-1608
-746
3809
2362506
73
-27
7
-1627
-622
3914
2363531
56
-20
0
-1609
-722
4016
2364556
76
-31
14
-1592
-633
3972
2365581
-3
-8
21
-1630
-664
3958
2366606
-2
-8
17
-1601
-632
3942
2367631
-8
0
6
-1591
-540
3916
2360448
-35
20
1
-1613
-667
3944
2361473
17
0
11
-1608
-686
3924
2362498
0
-15
13
-1633
-701
3839
2363523
20
-11
7
-1593
-671
3921
2364548
39
-7
10
-1610
-600
3991
2365573
-51
4
6
-1652
-702
3902
2366598
11
-16
9
-1582
-630
3934
2367623
13
-8
20
-1615
-582
3961
2368648
-38
2
6
-1619
-672
3912
2369673
-16
-3
-14
-1579
-636
3912
2370698
-53
-3
-13
-1603
-666
3869
2371723
-29
-7
-6
-1588
-666
4021
2372748
-7
2
7
-1642
-661
4037
2373773
2
-4
-2
-1636
-616
3849
2374798
-31
-3
-13
-1586
-667
3847
2375823
-45
-11
3
-1582
-690
3928
2368640
-52
-9
3
-1620
-668
4041
2369665
-48
-4
3
-1615
-729
3989
2370690
-4
2
1
-1600
-677
3899
2371715
-6
12
0
-1603
-665
3896
2372740
-15
8
-1
-1589
-665
3924
2373765
-21
15
1
-1601
-661
3998
2374790
-27
21
-1
-1622
-717
3934
2375815
0
12
-8
-1622
-699
3824
2376840
23
0
-3
-1612
-626
3842
2377865
12
2
5
-1613
-599
3942
2378890
2
11
1
-1612
-738
4030
2379915
45
7
10
-1623
-739
3974
2380940
52
3
3
-1643
-656
3886
2381965
-14
5
-1
-1621
-622
3855
2382990
-52
11
11
-1623
-718
3932
2384015
1
5
11
-1611
-714
3983
2376832
31
4
8
-1640
-715
3902
2377857
57
-5
0
-1621
-642
3892
2378882
34
1
0
-1611
-610
3953
2379907
-24
8
0
-1630
-605
3951
2380932
-66
14
3
-1611
-681
3913
2381957
-43
0
2
-1631
-722
3819
2382982
11
-9
-8
-1627
-730
3874
2384007
66
-12
-8
-1604
-681
4002
2385032
28
-3
-3
-1613
-653
4004
2386057
-50
9
5
-1626
-687
3923
2387082
-48
12
12
-1634
-739
3858
2388107
14
3
11
-1638
-718
3885
2389132
55
3
8
-1632
-624
3974
2390157
31
4
11
-1629
-627
3955
2391182
3
0
7
-1615
-620
3865
2392207
-16
-6
-2
-1625
-686
3843
2385024
22
-19
-3
-1621
-712
3911
2386049
52
-20
-3
-1624
-703
3992
2387074
54
-10
7
-1613
-675
4015
2388099
43
7
15
-1617
-627
3975
2389124
3
18
12
-1627
-679
3895
2390149
7
7
11
-1626
-696
3842
2391174
42
-10
16
-1609
-643
3893
2392199
51
-16
23
-1644
-636
3921
2393224
31
-18
11
-1658
-617
3879
2394249
7
-23
3
-1645
-630
3865
2395274
-9
-15
4
-1609
-591
3986
2396299
-17
-6
15
-1609
-623
4029
2397324
-26
-3
12
-1634
-714
3927
2398349
18
-15
-1
-1624
-681
3877
2399374
80
-22
-17
-1591
-554
3894
2400399
44
-12
-8
-1601
-605
3996
2393217
41
-4
3
-1599
-684
4009
2394242
67
0
-5
-1623
-599
3934
2395267
-42
18
-1
-1656
-511
3867
2396292
-226
21
12
-1730
-162
3672
2397317
-330
46
8
-1874
-477
3665
2398342
-119
-46
48
-1432
-1074
4105
2399367
466
-149
247
-1110
-1699
4901
2400392
495
-10
135
-1887
-424
4130
2401417
-137
136
134
-1731
-254
3259
2402442
-727
226
97
-1724
-695
3419
2403467
-597
177
-16
-1526
-719
4120
2404492
70
88
-31
-1490
-869
4506
2405517
579
13
-72
-1728
-526
3852
2406542
434
-28
-143
-1639
14
3482
2407567
-42
-32
1
-1559
-561
3754
2408592
-200
-39
51
-1880
-1083
3790
2401684
97
-91
-10
-1765
-876
3833
2402709
255
-107
-10
-1662
-658
3861
2403734
208
-98
21
-1653
-630
3964
2404759
122
-71
46
-1604
-595
4053
2405784
56
-41
41
-1585
-522
4072
2406809
-26
-11
23
-1616
-594
4041
2407834
5
-15
6
-1615
-498
3956
2408859
14
-22
-10
-1622
-385
3847
2409884
-27
-11
-13
-1627
-509
3905
2410909
-17
-7
-25
-1619
-486
3989
2411934
-33
-12
-36
-1674
-582
3887
2412959
-43
-17
-37
-1669
-633
3909
2413984
-15
-16
-27
-1616
-666
3963
2415009
33
-26
-33
-1591
-584
3917
2416034
23
-32
-28
-1603
-520
3846
2417059
-53
-35
-9
-1627
-640
3855
2409600
-81
-22
6
-1656
-763
4045
2410625
-3
-30
19
-1615
-658
4039
2411650
52
-18
25
-1626
-609
3970
2412675
31
-10
22
-1598
-558
3913
2413700
-13
-5
15
-1564
-532
3925
2414725
-41
-1
15
-1593
-583
3923
2415750
-12
-2
-1
-1615
-582
3980
2416775
53
-12
-7
-1624
-547
3982
2417800
38
-13
-17
-1622
-551
3900
2418825
-40
-19
-17
-1589
-549
3857
2419850
-111
-11
-2
-1616
-678
3918
2420875
-11
-19
16
-1622
-762
4002
2421900
103
-28
15
-1620
-638
4013
2422925
88
-22
16
-1563
-570
3971
2423950
27
-29
38
-1618
-543
3822
2424975
-38
-20
37
-1630
-612
3869
2417793
-14
-24
29
-1610
-585
3938
2418818
29
-26
5
-1596
-570
3997
2419843
35
-23
-3
-1576
-501
3992
2420868
-23
-13
-7
-1562
-511
3953
2421893
-45
-4
-12
-1546
-551
3986
2422918
-56
-1
-21
-1627
-617
3916
2423943
-4
-18
-39
-1597
-612
3871
2424968
48
-29
-42
-1584
-511
3924
2425993
-13
-17
-42
-1607
-597
3963
2427018
-59
-27
-37
-1611
-646
3894
2428043
-46
-37
-27
-1628
-667
3881
2429068
-16
-45
-6
-1658
-647
3938
2430093
-15
-51
18
-1611
-583
3921
2431118
-26
-50
47
-1542
-627
3927
2432143
34
-55
71
-1538
-598
4034
2433168
47
-48
65
-1561
-554
4066
2425985
-21
-23
34
-1564
-545
4028
2427010
-60
-7
6
-1505
-644
3996
2428035
-27
-3
-12
-1447
-689
3981
2429060
47
4
-1
-1475
-634
4106
2430085
62
23
17
-1579
-592
4100
2431110
40
41
4
-1648
-530
3981
2432135
8
59
-5
-1616
-521
3945
2433160
-15
59
2
-1599
-582
3932
2434185
-19
64
-1
-1544
-624
3973
2435210
19
62
6
-1581
-592
3931
2436235
20
51
6
-1633
-593
3839
2437260
17
36
5
-1614
-615
3858
2438285
5
25
10
-1594
-608
3939
2439310
-47
23
19
-1598
-610
3938
2440335
-60
22
30
-1644
-664
3871
2441360
7
9
32
-1644
-641
3856
2434175
39
-2
29
-1630
-553
3907
2435200
-4
-4
26
-1598
-569
3976
2436225
-28
-6
32
-1558
-609
4012
2437250
-2
-12
40
-1591
-618
3912
2438275
22
-11
37
-1617
-619
3890
2439300
62
1
21
-1612
-552
4058
2440325
25
20
8
-1608
-474
4072
2441350
-59
37
13
-1623
-537
3933
2442375
-28
35
22
-1607
-616
3868
2443400
68
27
6
-1619
-590
3917
2444425
77
22
-18
-1624
-499
3932
2445450
25
15
-18
-1623
-468
3914
2446475
-35
11
1
-1631
-555
3883
2447500
-31
-7
-1
-1627
-649
3847
2448525
28
-14
-9
-1628
-586
3936
2449550
41
-4
-1
-1646
-530
4019
2442368
5
1
4
-1619
-569
3998
2443393
-28
0
11
-1606
-625
3911
2444418
-23
-1
13
-1592
-632
3895
2445443
28
4
11
-1623
-575
3996
2446468
43
13
12
-1670
-506
4001
2447493
2
19
5
-1662
-541
3933
2448518
-49
18
-4
-1598
-520
3887
2449543
-67
19
-8
-1606
-558
3879
2450568
-18
6
-6
-1646
-600
3881
2451593
26
-10
-8
-1672
-637
3866
2452618
46
-27
-18
-1643
-609
3935
2453643
21
-30
-12
-1685
-562
3916
2454668
-121
-72
-4
-1915
-285
3401
2455693
-431
-104
-166
-1985
-158
3113
2456718
-296
-102
-81
-903
-1176
4110
2457743
690
-24
107
-1356
-1248
5812
2450560
455
75
0
-1551
-758
4668
2451585
-28
215
26
-1789
119
3522
2452610
-714
325
-24
-1718
-315
3411
2453635
-740
259
-129
-1575
-831
3791
2454660
56
87
-218
-1517
-674
3881
2455685
493
-49
-212
-1567
-5
3561
2456710
30
-41
-131
-1737
-251
3574
2457735
-272
-70
-67
-1708
-1110
3938
2458760
-19
-121
-47
-1790
-1333
4105
2459785
159
-98
-65
-1741
-885
4133
2460810
19
-44
-25
-1645
-724
4042
2461835
-140
-13
27
-1624
-767
3843
2462860
-150
0
36
-1571
-668
3870
2463885
-112
5
34
-1550
-699
4005
2464910
-11
-11
31
-1644
-694
3971
2465935
79
-31
13
-1674
-553
3829
2458752
40
-21
14
-1641
-568
3797
2459777
-52
0
12
-1660
-626
3884
2460802
-74
4
10
-1647
-721
3986
2461827
1
-1
13
-1680
-739
3960
2462852
34
-10
3
-1642
-658
3868
2463877
-9
-8
2
-1613
-701
3859
2464902
-27
-4
10
-1629
-758
3904
2465927
7
-19
10
-1655
-698
3883
2466952
10
-35
11
-1647
-684
3835
2467977
10
-35
12
-1613
-668
3957
2469002
-3
-24
15
-1631
-701
4026
2470027
-25
-16
7
-1637
-689
3928
2471052
-45
-24
7
-1666
-677
3802
2472077
-34
-27
10
-1626
-786
3871
2473102
66
-35
15
-1582
-674
4038
2474127
56
-28
17
-1606
-645
3997
2466944
19
-23
20
-1629
-646
3919
2467969
-7
-24
5
-1617
-702
3851
2468994
20
-27
-9
-1584
-678
3937
2470019
-12
-14
-3
-1592
-694
4043
2471044
-29
-6
20
-1641
-724
4016
2472069
-14
6
30
-1662
-733
3898
2473094
18
-4
25
-1631
-744
3810
2474119
69
0
9
-1571
-669
3980
2475144
60
7
18
-1581
-606
4057
2476169
-33
25
30
-1638
-693
3951
2477194
-32
9
35
-1622
-690
3791
2478219
41
0
22
-1630
-693
3840
2479244
96
-6
15
-1629
-600
3980
2480269
41
-1
13
-1622
-616
3978
2481294
-17
-6
17
-1628
-625
3859
2482319
-34
-11
13
-1636
-697
3827
2475137
43
-15
7
-1628
-685
3943
2476162
101
-23
-1
-1624
-574
3948
2477187
50
-23
-8
-1623
-552
3895
2478212
-25
-18
-8
-1621
-567
3914
2479237
-80
-11
-9
-1622
-657
3936
2480262
-78
-12
-25
-1590
-711
3978
2481287
-27
-13
-28
-1574
-701
4019
2482312
29
-6
-20
-1600
-671
3987
2483337
32
4
-19
-1619
-644
3951
2484362
-31
20
-14
-1625
-716
3951
2485387
-5
24
-3
-1607
-711
4013
2486412
27
24
8
-1624
-729
3932
2487437
28
25
-1
-1626
-734
3834
2488462
36
22
-9
-1617
-636
3879
2489487
33
19
-1
-1615
-648
3984
2490512
-11
15
10
-1639
-690
3942
2483327
-17
16
13
-1625
-688
3873
2484352
16
3
18
-1664
-651
3820
2485377
42
6
13
-1658
-635
3935
2486402
39
14
10
-1613
-554
4045
2487427
-28
26
18
-1623
-614
3969
2488452
-46
22
14
-1635
-649
3857
2489477
-6
18
3
-1616
-660
3870
2490502
31
11
-8
-1627
-622
3933
2491527
-9
16
-8
-1643
-690
3980
2492552
-14
20
2
-1647
-675
3959
2493577
-20
26
7
-1666
-684
3858
2494602
-5
20
7
-1663
-651
3837
2495627
-17
11
10
-1672
-691
3874
2496652
20
8
8
-1621
-705
3990
2497677
58
-2
8
-1625
-610
3929
2498702
-4
4
14
-1674
-601
3837
2491520
-35
2
16
-1671
-634
3837
2492545
12
-5
3
-1657
-631
3916
2493570
15
-10
-6
-1654
-607
3967
2494595
-60
0
-7
-1648
-658
3927
2495620
-27
-7
-6
-1640
-684
3883
2496645
30
-14
-5
-1641
-699
3917
2497670
7
-3
-2
-1643
-654
4002
2498695
-22
9
0
-1642
-671
3968
2499720
-11
11
7
-1639
-688
3884
2500745
-9
14
10
-1663
-725
3889
2501770
5
11
6
-1668
-715
3923
2502795
27
7
12
-1640
-635
3931
2503820
3
8
27
-1669
-652
3883
2504845
-13
-1
25
-1668
-662
3845
2505870
-15
-7
18
-1665
-658
3872
2506895
-19
-6
24
-1659
-661
3958
2499712
10
-8
29
-1648
-625
3966
2500737
23
-4
31
-1675
-626
3892
2501762
1
3
23
-1672
-632
3860
2502787
15
4
10
-1635
-627
3952
2503812
31
8
8
-1636
-608
4020
2504837
-14
19
4
-1661
-635
3920
2505862
-16
9
-5
-1668
-646
3776
2506887
-6
3
-17
-1650
-626
3859
2507912
-1
3
-20
-1671
-605
4012
2508937
-4
-8
-17
-1734
-718
3889
2509962
61
-28
-22
-1819
-687
3687
2510987
71
-67
-87
-1878
40
3710
2512012
-444
-36
-181
-1601
369
3813
2513037
-589
-88
68
-845
-2025
4391
2514062
324
-62
132
-1995
-1846
4492
2515087
372
14
-71
-1784
-317
3508
2507904
-108
133
-39
-1745
-431
3221
2508929
-343
119
-48
-1587
-684
3766
2509954
-113
74
-67
-1398
-1020
4586
2510979
312
50
-63
-1576
-640
4230
2512004
151
51
-68
-1848
-48
3457
2513029
-243
-31
24
-1542
-687
3709
2514054
-193
-100
113
-1818
-1257
3825
2515079
207
-119
48
-1764
-923
4024
2516104
333
-94
29
-1558
-640
4154
2517129
214
-79
74
-1661
-683
3967
2518154
115
-81
102
-1647
-719
3729
2519179
146
-64
90
-1582
-504
3812
2520204
119
-38
67
-1599
-427
3993
2521229
57
-23
50
-1663
-571
4065
2522254
102
-27
31
-1635
-512
4020
2523279
105
-23
22
-1623
-465
3904
2516097
25
-14
12
-1631
-509
3873
2517122
-32
-23
0
-1638
-539
3877
2518147
-63
-11
-13
-1649
-608
3950
2519172
-56
-17
-26
-1601
-535
3935
2520197
-118
-2
-21
-1624
-657
3922
2521222
-97
-13
-4
-1624
-752
3908
2522247
22
-27
0
-1635
-726
3922
2523272
111
-32
0
-1600
-616
3994
2524297
34
-19
10
-1635
-518
3970
2525322
-90
3
14
-1627
-604
3905
2526347
-75
0
17
-1587
-651
3896
2527372
-4
-3
15
-1617
-739
3945
2528397
121
-19
8
-1619
-577
4015
2529422
65
-7
0
-1627
-446
3956
2530447
-75
9
0
-1604
-507
3860
2531472
-133
14
2
-1625
-731
3893
2524287
-9
-6
-5
-1606
-733
3968
2525312
76
-20
-2
-1616
-623
3956
2526337
23
-18
5
-1614
-542
3898
2527362
-45
-7
14
-1615
-594
3902
2528387
-30
-7
15
-1632
-676
3935
2529412
11
-13
6
-1636
-653
3983
2530437
14
-16
6
-1619
-595
3965
2531462
-5
-14
6
-1599
-584
3883
2532487
-12
-12
6
-1593
-630
3875
2533512
-6
-20
9
-1632
-633
3895
2534537
18
-22
-3
-1600
-620
4031
2535562
36
-19
-6
-1578
-604
4050
2536587
4
-7
-11
-1592
-564
3957
2537612
-45
7
-4
-1591
-594
3919
2538637
-38
16
6
-1626
-674
3925
2539662
22
17
-2
-1633
-681
3991
2532480
65
9
-4
-1585
-552
3983
2533505
6
17
4
-1610
-589
3902
2534530
-40
9
8
-1622
-639
3822
2535555
-22
1
0
-1622
-680
3894
2536580
52
-14
5
-1614
-598
3982
2537605
13
-18
11
-1639
-595
3927
2538630
-32
-2
16
-1622
-633
3961
2539655
-7
-10
20
-1601
-598
3929
2540680
-26
-5
12
-1616
-664
3897
2541705
17
0
2
-1574
-586
4010
2542730
40
1
5
-1621
-563
3992
2543755
-8
3
7
-1646
-630
3899
2544780
15
-4
2
-1589
-539
3928
2545805
-4
6
2
-1626
-618
3927
2546830
-40
8
-7
-1637
-623
3887
2547855
-38
5
-6
-1607
-673
3945
2540847
30
-5
10
-1607
-655
3977
2541872
33
-7
14
-1629
-623
3901
2542897
-8
-4
11
-1603
-618
3868
2543922
-7
2
17
-1635
-628
3972
2544947
5
5
16
-1636
-617
4017
2545972
5
4
14
-1625
-604
3938
2546997
2
1
13
-1601
-600
3874
2548022
3
0
6
-1594
-595
3902
2549047
18
2
0
-1600
-577
3986
2550072
-10
10
1
-1643
-589
3981
2551097
-30
8
1
-1630
-620
3915
2552122
-13
0
3
-1635
-604
3872
2553147
-6
-5
5
-1645
-645
3884
2554172
21
-6
9
-1627
-622
3989
2555197
16
3
10
-1610
-558
4047
2556222
-31
10
10
-1608
-611
3920
2548863
-29
8
8
-1607
-636
3846
2549888
-5
5
1
-1632
-663
3904
2550913
26
4
-6
-1634
-597
3987
2551938
5
6
0
-1633
-576
3996
2552963
-37
6
14
-1644
-629
3877
2553988
-21
0
14
-1634
-662
3830
2555013
47
-1
6
-1606
-612
3974
2556038
59
3
3
-1612
-546
4042
2557063
-12
12
4
-1644
-582
3939
2558088
-39
7
7
-1646
-642
3819
2559113
-6
9
5
-1626
-642
3906
2560138
51
8
-5
-1629
-563
4014
2561163
45
6
-9
-1654
-554
3941
2562188
-24
5
-5
-1626
-604
3869
2563213
-49
-8
0
-1625
-592
3823
2564238
-41
-16
-3
-1650
-660
3876
2557057
6
-12
4
-1647
-669
4037
2558082
43
-10
13
-1668
-666
4004
2559107
15
-2
16
-1641
-622
3919
2560132
-46
5
23
-1607
-676
3886
2561157
-24
2
40
-1680
-633
3848
2562182
-108
-13
13
-1850
-98
3717
2563207
-407
13
-64
-1810
24
3852
2564232
-804
-40
50
-1186
-1651
3926
2565257
4
-108
105
-1384
-1997
4388
2566282
391
34
13
-1675
267
3857
2567307
19
190
104
-1674
-357
3737
2568332
-209
197
114
-1805
-1327
4257
2569357
47
151
-22
-1470
-889
4438
2570382
329
109
-77
-1668
-379
3804
2571407
228
8
-6
-1597
-403
3670
2572432
14
-65
81
-1830
-144
3396
2565248
-198
-41
45
-1777
-537
3663
2566273
-53
-82
-34
-1580
-999
4023
2567298
260
-148
-55
-1730
-766
3923
2568323
332
-182
-46
-1687
-578
3715
2569348
156
-144
-40
-1599
-281
3728
2570373
-151
-72
-29
-1627
-395
3891
2571398
-290
-27
2
-1619
-767
4066
2572423
-171
-14
30
-1662
-923
4207
2573448
130
-34
24
-1586
-774
4152
2574473
196
-2
15
-1604
-562
3991
2575498
37
30
18
-1578
-587
3924
2576523
-73
45
21
-1596
-650
3961
2577548
-62
34
12
-1649
-640
3895
2578573
32
5
-5
-1657
-642
3780
2579598
119
-21
-8
-1637
-615
3817
2580623
113
-28
-7
-1618
-575
3962
2573439
34
-26
0
-1647
-607
4003
2574464
-19
-27
10
-1639
-689
3924
2575489
17
-28
8
-1629
-608
3872
2576514
39
-28
4
-1580
-578
3912
2577539
16
-13
9
-1625
-631
3971
2578564
16
-17
8
-1625
-596
3967
2579589
24
-13
0
-1601
-552
3977
2580614
27
-12
-3
-1624
-579
3921
2581639
13
-17
-5
-1621
-602
3884
2582664
24
-19
-3
-1605
-572
3936
2583689
12
-8
-2
-1597
-567
4027
2584714
-15
4
5
-1634
-596
3989
2585739
-21
5
4
-1620
-648
3891
2586764
10
-4
0
-1608
-622
3855
2587789
67
-21
-8
-1608
-576
3916
2588814
52
-16
-1
-1585
-564
4053
2581632
-19
2
8
-1629
-582
4011
2582657
-58
9
11
-1642
-651
3874
2583682
-11
-5
15
-1619
-632
3824
2584707
56
-11
13
-1587
-615
3966
2585732
63
-2
3
-1583
-539
4081
2586757
-16
5
4
-1633
-527
3930
2587782
-58
0
16
-1632
-600
3796
2588807
9
-11
12
-1616
-582
3888
2589832
72
-11
-5
-1600
-568
4030
2590857
69
-15
-4
-1602
-572
4014
2591882
-31
-8
4
-1615
-548
3905
2592907
-103
2
10
-1615
-625
3882
2593932
-41
-3
18
-1617
-668
3923
2594957
40
-9
14
-1606
-623
3961
2595982
62
-5
7
-1599
-568
4026
2597007
27
6
11
-1592
-517
4004
2589824
-44
24
9
-1620
-525
3937
2590849
-79
28
4
-1619
-604
3898
2591874
-19
19
-5
-1603
-635
3911
2592899
79
9
-18
-1593
-545
3976
2593924
51
9
-19
-1632
-531
3945
2594949
-30
4
-14
-1625
-556
3859
2595974
-44
5
-4
-1621
-640
3904
2596999
9
1
9
-1661
-643
3970
2598024
23
4
7
-1659
-622
3965
2599049
26
11
13
-1607
-557
3975
2600074
15
17
29
-1608
-557
3967
2601099
-19
21
23
-1627
-572
3901
2602124
-25
27
16
-1620
-594
3911
2603149
21
19
11
-1616
-557
3983
2604174
23
15
6
-1630
-531
3967
2605199
-20
15
5
-1635
-553
3883
2598016
-22
12
3
-1639
-607
3861
2599041
27
11
-3
-1658
-613
3940
2600066
26
17
-7
-1650
-560
4009
2601091
-14
19
-3
-1629
-592
3940
2602116
-12
13
8
-1646
-616
3855
2603141
19
8
10
-1652
-577
3889
2604166
17
11
11
-1668
-515
3962
2605191
-24
12
6
-1658
-544
3941
2606216
-41
12
3
-1634
-600
3917
2607241
-16
14
5
-1620
-620
3928
2608266
5
16
12
-1650
-594
3958
2609291
17
16
9
-1663
-577
3922
2610316
26
14
4
-1639
-577
3925
2611341
-4
18
0
-1645
-580
3940
2612366
-37
24
-2
-1663
-615
3923
2613391
-12
20
10
-1671
-617
3887
2606208
31
10
10
-1693
-616
3850
2607233
65
3
2
-1650
-543
3940
2608258
8
9
5
-1661
-495
3996
2609283
-83
10
13
-1671
-592
3863
2610308
-35
-3
21
-1672
-631
3830
2611333
60
-8
15
-1671
-586
3938
2612358
48
-6
6
-1665
-496
3969
2613383
-45
-1
5
-1646
-487
3915
2614408
-54
-8
15
-1652
-602
3860
2615433
8
-12
14
-1686
-656
3881
2616458
34
-10
-2
-1674
-590
3962
2617483
-2
1
-4
-1663
-537
3963
2618508
-39
1
8
-1675
-610
3870
2619533
-85
-20
20
-1799
-553
3646
2620558
-162
-81
-17
-1975
-148
3494
2621583
-272
-62
-118
-1778
-963
4014
2614401
239
-176
68
-908
-1943
4494
2615426
863
-120
-97
-1627
189
4475
2616451
-223
182
-43
-1742
153
3786
2617476
-797
250
45
-1805
-768
3555
2618501
-495
171
-70
-1442
-474
4058
2619526
-143
171
-105
-1422
-577
4415
2620551
325
87
-93
-1702
-672
3894
2621576
248
38
-108
-1700
-296
3517
2622601
-224
21
12
-1713
-782
3649
2623626
-309
-14
36
-1980
-973
3661
2624651
-114
-56
-30
-1743
-973
3858
2625676
88
-84
-14
-1662
-842
3884
2626701
108
-88
16
-1664
-639
3858
2627726
25
-71
42
-1631
-592
3863
2628751
-65
-53
48
-1689
-666
3900
2629776
-89
-50
27
-1698
-743
3963
2622592
23
-65
16
-1667
-593
3933
2623617
45
-68
26
-1651
-615
3875
2624642
45
-60
28
-1643
-727
3918
2625667
78
-40
12
-1650
-612
4035
2626692
25
-25
13
-1669
-593
4003
2627717
-17
-21
19
-1668
-716
3871
2628742
76
-52
8
-1615
-619
3793
2629767
41
-48
-1
-1623
-638
3881
2630792
-3
-37
2
-1643
-647
4009
2631817
-9
-37
-3
-1660
-679
3991
2632842
10
-34
-1
-1627
-728
3950
2633867
50
-39
-5
-1622
-552
3868
2634892
9
-33
-23
-1598
-518
3863
2635917
-60
-21
-9
-1607
-678
3998
2636942
-53
-19
6
-1644
-743
4036
2637967
27
-24
-7
-1599
-682
3946
2630784
56
-16
-4
-1602
-665
3917
2631809
10
-14
11
-1601
-617
3874
2632834
-69
-2
24
-1610
-522
3859
2633859
-138
22
48
-1647
-636
3958
2634884
-70
17
50
-1655
-826
4032
2635909
76
-10
49
-1641
-796
3938
2636934
125
-20
46
-1619
-668
3851
2637959
51
-23
50
-1651
-614
3826
2638984
-27
-27
36
-1618
-563
3858
2640009
-12
-30
12
-1578
-570
4018
2641034
21
-36
6
-1588
-650
4045
2642059
32
-37
2
-1618
-645
3946
2643084
30
-28
-8
-1605
-612
3890
2644109
8
-17
1
-1614
-593
3922
2645134
-23
2
2
-1630
-669
4046
2646159
3
3
0
-1602
-737
3989
2638975
58
-11
4
-1578
-651
3850
2640000
45
-5
8
-1598
-597
3871
2641025
23
-3
12
-1613
-576
3945
2642050
2
1
13
-1626
-633
4012
2643075
4
1
18
-1617
-674
3977
2644100
20
-3
20
-1614
-649
3913
2645125
28
-4
21
-1624
-579
3869
2646150
-7
13
15
-1594
-588
3982
2647175
-6
15
9
-1576
-595
4016
2648200
-8
11
-1
-1614
-617
3913
2649225
0
5
-6
-1584
-606
3914
2650250
-5
1
-1
-1610
-607
3922
2651275
-22
7
2
-1634
-610
3932
2652300
-26
20
8
-1669
-625
3986
2653325
-12
21
4
-1647
-642
3935
2654350
10
12
1
-1593
-618
3878
2647169
-2
1
9
-1595
-615
3852
2648194
10
1
3
-1599
-641
3951
2649219
35
3
-15
-1602
-579
4040
2650244
-25
11
-11
-1631
-598
3961
2651269
-74
18
5
-1660
-661
3860
2652294
-19
3
9
-1660
-686
3836
2653319
74
-8
5
-1627
-616
3928
2654344
64
-1
10
-1605
-585
4026
2655369
-22
11
14
-1616
-572
3993
2656394
-80
15
21
-1635
-650
3850
2657419
-28
0
22
-1621
-709
3818
2658444
65
-7
3
-1630
-635
3953
2659469
62
-4
-5
-1628
-538
4010
2660494
-28
1
5
-1648
-550
3904
2661519
-73
-7
11
-1629
-651
3817
2662544
-26
-21
2
-1609
-696
3864
2655360
35
-23
-8
-1604
-663
4020
2656385
47
-8
-4
-1627
-602
4080
2657410
0
3
13
-1633
-562
3977
2658435
-45
6
22
-1643
-639
3847
2659460
-9
9
12
-1621
-698
3915
2660485
76
16
-1
-1618
-562
4026
2661510
52
25
-3
-1658
-525
3960
2662535
-32
19
1
-1647
-581
3838
2663560
-61
10
0
-1621
-667
3841
2664585
-4
-1
2
-1621
-667
3903
2665610
26
-11
1
-1646
-621
3903
2666635
-2
-11
-1
-1668
-606
3901
2667660
-9
-18
6
-1654
-608
3896
2668685
-5
-21
11
-1631
-618
3921
2669710
-26
-22
6
-1612
-652
3925
2670735
-15
-15
5
-1602
-611
3977
2663551
1
-4
5
-1639
-564
3992
2664576
-27
2
0
-1635
-576
3948
2665601
-68
2
-2
-1629
-650
3867
2666626
-36
-5
-6
-1630
-723
3879
2667651
36
-5
-6
-1620
-635
3983
2668676
24
10
4
-1640
-579
4005
2669701
-46
11
9
-1651
-625
3889
2670726
-55
-2
7
-1649
-647
3793
2671751
-24
-19
15
-1692
-675
3813
2672776
-56
-51
19
-1980
-481
3580
2673801
-254
-116
-153
-2052
-143
3416
2674826
-51
-208
21
-655
-2433
4143
2675851
1668
-175
31
-1326
-929
5354
2676876
997
124
-114
-1722
1058
4549
2677901
-785
410
-23
-1755
-236
3748
2678926
-1319
414
-9
-1619
-321
3595
2671744
-945
370
-62
-1458
-789
4319
2672769
-152
225
-150
-1531
-898
4008
2673794
256
66
-179
-1783
-185
3221
2674819
-171
-4
-35
-1729
-493
3425
2675844
-492
-15
15
-1964
-1162
3675
2676869
-256
-56
-73
-1790
-1089
3890
2677894
4
-94
-90
-1701
-987
3860
2678919
81
-133
-57
-1768
-672
3535
2679944
-74
-138
-17
-1670
-756
3482
2680969
-120
-111
22
-1623
-1074
3893
2681994
94
-97
40
-1649
-990
4244
2683019
297
-90
20
-1678
-831
4175
2684044
352
-73
18
-1612
-670
4042
2685069
142
-43
47
-1605
-558
3855
2686094
-88
-5
57
-1623
-640
3916
2687119
-122
22
44
-1680
-753
4041
2680011
-32
8
24
-1689
-769
3907
2681036
57
-20
13
-1632
-714
3809
2682061
57
-32
13
-1633
-624
3768
2683086
-30
-40
16
-1629
-671
3806
2684111
-79
-34
26
-1667
-847
3990
2685136
-18
-44
22
-1668
-827
3986
2686161
44
-40
26
-1645
-731
3913
2687186
37
-15
39
-1644
-779
3933
2688211
55
-20
40
-1616
-683
3941
2689236
-19
-16
42
-1644
-716
3884
2690261
-6
-23
33
-1604
-769
3876
2691286
53
-27
19
-1626
-651
3841
2692311
35
-8
5
-1602
-665
3989
2693336
83
3
8
-1579
-668
4124
2694361
100
9
13
-1664
-714
4000
2695386
58
13
3
-1620
-651
3885
2688127
-18
19
9
-1630
-633
3848
2689152
-44
18
12
-1661
-748
3882
2690177
24
0
-3
-1633
-728
3926
2691202
69
-13
-1
-1620
-652
3902
2692227
12
-21
7
-1640
-687
3820
2693252
-46
-18
12
-1654
-765
3839
2694277
-20
-15
15
-1670
-715
3924
2695302
-4
-11
8
-1649
-738
4040
2696327
38
-16
15
-1596
-675
4001
2697352
35
-8
20
-1603
-612
3885
2698377
-18
-2
16
-1628
-675
3839
2699402
-23
16
-4
-1628
-716
4004
2700427
9
26
-17
-1602
-689
4075
2701452
7
26
-7
-1626
-689
3933
2702477
9
25
9
-1661
-645
3817
2703502
5
25
6
-1665
-662
3843
2696321
-11
23
-5
-1659
-681
3899
2697346
-37
23
-5
-1651
-668
3921
2698371
-62
15
6
-1644
-718
3898
2699396
-14
-3
5
-1620
-719
3846
2700421
10
-12
-5
-1649
-676
3841
2701446
-25
-8
-11
-1641
-696
3965
2702471
-61
-3
-13
-1633
-711
4057
2703496
-92
4
-5
-1656
-753
3938
2704521
-60
2
7
-1636
-753
3805
2705546
17
-4
7
-1678
-767
3817
2706571
100
-4
-7
-1632
-725
3978
2707596
87
7
-3
-1622
-609
4045
2708621
-28
16
20
-1660
-710
3902
2709646
-45
17
27
-1659
-749
3836
2710671
47
-3
14
-1663
-705
3821
2711696
88
-8
4
-1672
-662
3888
2704512
38
-5
-3
-1647
-589
3968
2705537
-29
-4
3
-1635
-652
3920
2706562
-27
-10
5
-1640
-720
3867
2707587
-11
-13
-6
-1663
-735
3856
2708612
0
-13
-15
-1660
-740
3910
2709637
31
-2
-15
-1640
-711
4046
2710662
40
3
10
-1630
-661
4004
2711687
-18
9
23
-1660
-717
3850
2712712
-26
6
8
-1658
-719
3788
2713737
19
8
-1
-1658
-724
3916
2714762
49
-3
-1
-1647
-662
3967
2715787
21
-7
6
-1661
-624
3894
2716812
-17
-9
4
-1649
-662
3820
2717837
-14
-9
-7
-1653
-682
3915
2718862
-15
-10
-4
-1674
-688
3972
2719887
-46
-16
-1
-1676
-718
3889
2712704
-29
-29
-2
-1618
-613
3862
2713729
-30
-26
-8
-1619
-575
3917
2714754
-40
-22
28
-1636
-871
4011
2715779
5
-19
65
-1693
-978
3954
2716804
59
-8
53
-1667
-785
3913
2717829
25
7
40
-1620
-575
3892
2718854
-10
15
33
-1589
-553
3937
2719879
-21
14
33
-1619
-727
3941
2720904
36
-3
26
-1692
-759
3861
2721929
111
-16
-7
-1660
-657
3832
2722954
82
-12
-25
-1621
-445
3879
2723979
-32
-5
-25
-1630
-510
3973
2725004
-89
-6
-7
-1676
-768
3948
2726029
-13
-15
5
-1676
-817
3864
2727054
63
-14
-1
-1642
-702
3870
2728079
57
-9
0
-1634
-637
3924
2720896
-19
-12
12
-1632
-687
3907
2721921
-4
-14
26
-1651
-726
3897
2722946
82
-15
22
-1662
-683
3889
2723971
137
-22
13
-1629
-607
3888
2724996
65
-20
18
-1654
-593
3878
2726021
-16
-19
35
-1681
-749
3883
2727046
44
-28
27
-1695
-839
3926
2728071
116
-53
-26
-1688
-430
3801
2729096
-84
-34
-36
-1720
-299
3780
2730121
-414
9
-74
-1915
-658
3767
2731146
-488
-137
-63
-1174
-896
3647
2732171
292
-130
35
-1358
-1062
4592
2733196
579
20
-35
-1625
-356
4661
2734221
-13
144
-35
-1759
-449
3989
2735246
-528
225
-49
-1582
-878
3979
2736271
-639
281
-112
-1428
-898
4420
2729087
-455
285
-142
-1427
-809
4296
2730112
-72
167
-125
-1779
-623
3415
2731137
67
8
-6
-1648
-865
3474
2732162
-61
-15
50
-1851
-686
3599
2733187
-171
-4
37
-1854
-931
3742
2734212
-63
-33
23
-1729
-1105
3799
2735237
151
-97
55
-1777
-840
3693
2736262
166
-136
41
-1704
-553
3467
2737287
-50
-144
39
-1622
-453
3498
2738312
-262
-131
42
-1669
-603
3691
2739337
-311
-96
47
-1691
-955
4118
2740362
-98
-95
63
-1661
-1272
4360
2741387
244
-101
15
-1576
-807
4176
2742412
209
-51
6
-1536
-593
3935
2743437
-69
10
42
-1607
-773
3888
2744462
-161
17
39
-1638
-978
3941
2737281
19
0
14
-1635
-915
3926
2738306
165
-28
8
-1640
-733
3807
2739331
110
-34
19
-1637
-773
3780
2740356
6
-27
33
-1663
-799
3872
2741381
-2
-28
31
-1641
-812
3973
2742406
55
-32
29
-1641
-795
3988
2743431
93
-34
14
-1596
-734
3914
2744456
52
-39
10
-1583
-677
3798
2745481
0
-27
3
-1573
-776
3918
2746506
36
-24
10
-1617
-726
4042
2747531
-4
-6
3
-1662
-801
3984
2748556
17
-17
-10
-1600
-743
3880
2749581
-33
-6
-13
-1649
-808
3830
2750606
7
-8
-2
-1604
-798
3891
2751631
51
-13
-2
-1606
-728
3935
2752656
26
-19
-1
-1585
-710
3915
2745473
-63
-10
0
-1634
-798
3873
2746498
-38
-1
-4
-1604
-836
3990
2747523
34
-5
7
-1614
-790
3990
2748548
23
0
5
-1588
-766
3920
2749573
-17
9
4
-1597
-773
3878
2750598
-26
9
6
-1612
-797
3881
2751623
-1
5
8
-1612
-775
3943
2752648
-6
5
13
-1614
-804
3955
2753673
14
-10
9
-1616
-748
3875
2754698
27
-6
1
-1606
-746
3896
2755723
25
4
6
-1605
-700
3950
2756748
-12
8
11
-1628
-785
3940
2757773
-2
3
10
-1608
-802
3938
2758798
37
-5
5
-1627
-789
3896
2759823
16
1
3
-1623
-765
3877
2760848
0
10
3
-1602
-722
3938
2753804
-22
9
5
-1613
-757
3915
2754829
-13
3
5
-1622
-806
3885
2755854
11
-4
5
-1611
-793
3907
2756879
22
-3
9
-1632
-720
3925
2757904
-8
0
10
-1636
-731
3901
2758929
-36
-1
4
-1615
-785
3868
2759954
11
-5
-8
-1601
-822
3919
2760979
52
-6
-2
-1607
-756
3983
2762004
-15
10
14
-1648
-736
3951
2763029
-62
12
21
-1653
-773
3823
2764054
-22
-3
16
-1616
-810
3819
2765079
56
-13
10
-1610
-755
3911
2766104
70
-18
9
-1607
-704
3955
2767129
19
-19
11
-1622
-689
3911
2768154
-24
-21
9
-1620
-742
3852
2769179
-18
-19
-2
-1608
-797
3927
2761857
7
-13
-9
-1617
-757
3992
2762882
-16
-2
-5
-1616
-783
3969
2763907
-28
3
5
-1614
-827
3899
2764932
9
1
14
-1618
-804
3884
2765957
33
6
12
-1618
-810
3931
2766982
62
8
7
-1600
-755
3946
2768007
58
5
11
-1619
-692
3918
2769032
29
3
17
-1628
-693
3888
2770057
-23
3
16
-1627
-725
3905
2771082
-39
6
7
-1618
-749
3930
2772107
8
2
5
-1620
-751
3919
2773132
46
-6
6
-1606
-729
3920
2774157
-8
1
7
-1616
-702
3928
2775182
-90
13
13
-1661
-793
3910
2776207
-68
6
10
-1632
-834
3873
2777232
39
1
5
-1593
-717
3920
2770048
93
-3
10
-1627
-623
3928
2771073
-3
-23
21
-1662
-785
3786
2772098
-95
-20
11
-1618
-775
3842
2773123
-83
0
4
-1615
-739
4013
2774148
4
0
0
-1629
-744
4012
2775173
28
-2
-10
-1627
-760
3928
2776198
-59
0
-23
-1574
-731
3848
2777223
-95
15
-22
-1584
-759
3942
2778248
-51
33
1
-1652
-817
4034
2779273
-14
42
3
-1672
-822
3977
2780298
41
17
-8
-1610
-736
3814
2781323
-1
9
-7
-1614
-769
3776
2782348
-37
10
4
-1634
-721
3902
2783373
-81
12
14
-1682
-856
3924
2784398
-12
-4
15
-1667
-874
3882
2785423
92
-26
8
-1642
-769
3828
2778239
89
-36
-11
-1615
-686
3861
2779264
6
-37
-9
-1593
-674
3892
2780289
-112
-29
1
-1649
-823
3853
2781314
-67
-44
15
-1688
-925
3841
2782339
112
-73
8
-1646
-832
3829
2783364
175
-73
10
-1608
-646
3893
2784389
26
-38
36
-1679
-646
3953
2785414
-66
-54
31
-1618
-723
3889
2786439
-88
-66
34
-1583
-794
3835
2787464
-162
-104
29
-1673
-549
3381
2788489
-372
-134
22
-1845
102
3043
2789514
-539
10
8
-1693
-1132
4680
2790539
527
-261
198
-592
-3923
4989
2791564
2841
-386
108
-1679
-961
4160
2792589
1488
-23
0
-1889
1502
3592
2793614
-965
207
71
-1572
513
3412
2786432
-1630
150
55
-1478
-1054
4000
2787457
-635
44
-71
-1197
-1010
5027
2788482
328
-14
-148
-1472
-314
4157
2789507
180
-45
-108
-1586
171
3741
2790532
-743
23
-50
-1600
-8
3754
2791557
-1216
89
-39
-1607
-1219
3994
2792582
-611
44
-107
-1636
-1823
3914
2793607
182
9
-183
-1615
-1023
3753
2794632
169
42
-162
-1554
-493
3787
2795657
-217
105
-42
-1575
-978
3931
2796682
-188
116
30
-1632
-1358
4036
2797707
122
82
23
-1600
-1074
3948
2798732
228
69
23
-1596
-888
3886
2799757
127
75
51
-1622
-772
3852
2800782
-34
75
68
-1641
-834
3803
2801807
-107
54
69
-1618
-908
3751
2794625
-19
21
39
-1631
-843
3767
2795650
88
-11
20
-1655
-805
3783
2796675
129
-36
26
-1656
-768
3841
2797700
61
-40
28
-1615
-795
3851
2798725
-5
-36
26
-1628
-794
3825
2799750
-45
-16
19
-1587
-876
4021
2800775
22
-14
9
-1559
-926
4089
2801800
82
-17
-5
-1587
-867
3925
2802825
38
-2
-4
-1561
-823
3873
2803850
-17
18
18
-1564
-845
3968
2804875
-23
44
26
-1634
-968
4061
2805900
75
55
21
-1655
-858
4038
2806925
129
67
23
-1652
-719
3919
2807950
96
73
23
-1648
-726
3805
2808975
74
65
3
-1620
-724
3831
2810000
60
56
-13
-1644
-729
3888
2802817
43
44
-19
-1685
-782
3849
2803842
25
26
-19
-1652
-790
3795
2804867
-21
20
-25
-1656
-775
3794
2805892
-45
9
-33
-1681
-812
3822
2806917
-13
-7
-30
-1681
-847
3854
2807942
15
-17
-24
-1652
-847
3888
2808967
-10
-29
-13
-1690
-832
3805
2809992
-17
-50
-1
-1696
-786
3727
2811017
-10
-64
38
-1717
-807
3787
2812042
5
-65
48
-1709
-803
3959
2813067
38
-77
27
-1619
-770
3946
2814092
20
-70
14
-1576
-769
3915
2815117
-17
-57
4
-1528
-825
3947
2816142
-29
-50
-16
-1493
-850
3987
2817167
-35
-30
-29
-1517
-856
4047
2818192
15
-15
-32
-1587
-837
4017
2811008
39
0
-27
-1657
-821
3962
2812033
0
21
-18
-1665
-815
3926
2813058
-2
30
-8
-1649
-804
3916
2814083
28
35
7
-1651
-838
3911
2815108
50
37
14
-1665
-813
3891
2816133
52
35
14
-1624
-769
3903
2817158
19
32
29
-1627
-770
3882
2818183
-15
33
42
-1639
-822
3875
2819208
15
19
49
-1652
-799
3846
2820233
15
8
49
-1674
-778
3818
2821258
36
3
43
-1644
-737
3882
2822283
47
-5
40
-1622
-773
3907
2823308
97
-18
38
-1594
-814
3883
2824333
141
-29
35
-1607
-770
3879
2825358
143
-38
30
-1626
-741
3868
2826383
132
-44
25
-1645
-708
3847
2819199
119
-56
8
-1638
-699
3813
2820224
191
-65
-3
-1645
-661
3925
2821249
183
-56
4
-1679
-668
4021
2822274
137
-45
6
-1612
-647
4069
2823299
68
-20
-14
-1493
-667
4065
2824324
-6
15
-32
-1501
-729
4012
2825349
-40
40
-38
-1602
-704
3978
2826374
-19
48
-35
-1657
-664
3963
2827399
29
46
-13
-1761
-610
3857
2828424
27
43
8
-1803
-606
3806
2829449
-18
38
14
-1696
-631
3892
2830474
-59
40
7
-1616
-613
3955
2831499
-71
56
-5
-1599
-699
4012
2832524
-46
73
-26
-1556
-703
4061
2833549
-39
90
-49
-1486
-723
4028
2834574
9
93
-64
-1469
-719
3965
2827393
40
86
-84
-1508
-710
3911
2828418
11
91
-100
-1631
-721
3876
2829443
4
98
-110
-1673
-643
3969
2830468
-6
108
-117
-1716
-713
3986
2831493
53
93
-109
-1766
-733
3804
2832518
83
84
-104
-1820
-676
3752
2833543
56
81
-107
-1789
-671
3816
2834568
44
81
-93
-1784
-706
3870
2835593
22
72
-56
-1815
-769
3839
2836618
40
52
-22
-1803
-791
3755
2837643
86
35
-2
-1796
-722
3751
2838668
69
30
5
-1788
-648
3800
2839693
25
27
-4
-1749
-619
3829
2840718
-40
27
17
-1724
-717
3838
2841743
-80
9
36
-1655
-841
3818
2842768
-40
-19
31
-1594
-821
3794
2835584
40
-33
26
-1635
-779
3882
2836609
45
-37
15
-1698
-738
3941
2837634
-10
-38
-2
-1676
-675
3871
2838659
-51
-31
5
-1709
-726
3861
2839684
-10
-24
11
-1779
-761
3906
2840709
49
-22
-2
-1790
-716
3900
2841734
69
-16
-3
-1762
-648
3903
2842759
33
-10
8
-1753
-649
3903
2843784
-3
-1
14
-1707
-675
3915
2844809
-19
10
19
-1684
-700
3926
2845834
3
15
17
-1680
-687
3928
2846859
44
9
5
-1696
-639
3848
2847884
56
9
-2
-1720
-611
3889
2848909
37
21
-18
-1692
-583
4002
2849934
0
34
-35
-1683
-574
3979
2850959
-30
48
-43
-1711
-635
3901
2843776
13
60
-50
-1753
-641
3891
2844801
57
63
-58
-1814
-629
3836
2845826
56
56
-58
-1844
-600
3758
2846851
8
48
-45
-1823
-622
3755
2847876
-22
28
-23
-1823
-716
3750
2848901
-31
-4
-9
-1806
-777
3695
2849926
-18
-30
-3
-1737
-807
3731
2850951
17
-48
4
-1696
-778
3853
2851976
17
-67
3
-1657
-769
3866
2853001
-27
-73
5
-1636
-752
3852
2854026
-60
-73
6
-1679
-749
3867
2855051
-34
-73
-9
-1710
-723
3928
2856076
8
-69
-20
-1717
-678
3953
2857101
17
-64
-24
-1732
-618
3923
2858126
-14
-53
-26
-1756
-623
3885
2859151
-46
-42
-15
-1793
-659
3869
2851968
-39
-43
-1
-1787
-706
3865
2852993
-17
-49
10
-1697
-749
3873
2854018
5
-45
21
-1680
-737
3903
2855043
13
-43
30
-1678
-714
3923
2856068
-19
-40
35
-1647
-721
3908
2857093
-19
-38
23
-1599
-726
3929
2858118
-24
-31
3
-1589
-773
3976
2859143
-22
-22
-18
-1616
-719
3960
2860168
-7
-17
-20
-1646
-712
3933
2861193
21
-9
-17
-1653
-708
3975
2862218
27
4
-25
-1678
-686
3973
2863243
-8
21
-25
-1688
-695
3951
2864268
-22
39
-9
-1735
-717
3914
2865293
11
46
11
-1778
-715
3870
2866318
29
40
24
-1804
-666
3799
2867343
26
30
44
-1811
-664
3765
2860160
24
12
60
-1793
-667
3785
2861185
15
1
58
-1720
-657
3845
2862210
-8
-11
51
-1640
-673
3820
2863235
-27
-25
36
-1587
-678
3850
2864260
-16
-41
18
-1555
-686
3897
2865285
-1
-51
-11
-1548
-717
3945
2866310
0
-48
-47
-1574
-680
3963
2867335
-15
-33
-58
-1639
-632
3979
2868360
-30
-19
-46
-1736
-719
3952
2869385
-11
-2
-37
-1778
-741
3955
2870410
-3
20
-34
-1769
-734
3955
2871435
-12
44
-23
-1723
-767
3947
2872460
-11
54
-3
-1695
-760
3884
2873485
1
55
23
-1727
-736
3831
2874510
23
45
36
-1743
-678
3826
2875535
39
31
35
-1740
-597
3794
2868352
24
18
35
-1756
-564
3811
2869377
-26
4
34
-1740
-579
3835
2870402
-52
-11
30
-1711
-646
3837
2871427
-33
-23
20
-1688
-708
3880
2872452
-7
-23
0
-1668
-748
3931
2873477
0
-12
-20
-1610
-751
3966
2874502
-4
-2
-21
-1588
-748
3966
2875527
-31
10
-9
-1668
-811
3928
2876552
-7
11
-4
-1733
-788
3855
2877577
20
8
5
-1760
-778
3831
2878602
11
6
7
-1757
-722
3829
2879627
-10
-1
2
-1726
-687
3815
2880652
-9
-14
8
-1711
-764
3837
2881677
-14
-30
10
-1688
-712
3829
2882702
-33
-43
4
-1671
-732
3801
2883727
