Device = VHR-0009
time_stamp = 1780036806313
sample_rate = 50
Data format = INT16
TYPE = 6-AXIS IMU RAW DATA
-9
2
12
1047
-1205
3940
5059200
-10
2
9
1046
-1204
3959
5060225
-16
-2
8
1045
-1207
3952
5061250
-12
-2
10
1051
-1203
3928
5062275
-10
0
8
1053
-1183
3930
5063300
-21
-1
7
1052
-1200
3941
5064325
-24
1
7
1049
-1203
3942
5065350
-16
-1
6
1044
-1230
3950
5066375
1
-3
5
1041
-1243
3949
5067400
13
-3
5
1039
-1209
3948
5068425
6
-8
6
1034
-1207
3956
5069450
-4
-14
6
1041
-1223
3943
5070475
3
-14
4
1042
-1216
3940
5071500
10
-14
1
1059
-1216
3923
5072525
9
-7
-3
1057
-1229
3898
5073550
25
4
-6
1034
-1229
3940
5074575
31
3
-14
1049
-1228
3973
5067392
30
-5
-14
1086
-1246
3962
5068417
51
-11
-20
1109
-1278
4000
5069442
95
-20
-32
1085
-1294
4011
5070467
132
-32
-56
1058
-1318
3995
5071492
176
-53
-92
1101
-1333
3996
5072517
222
-73
-120
1188
-1318
4023
5073542
237
-93
-151
1205
-1292
4072
5074567
225
-114
-201
1127
-1292
4101
5075592
237
-116
-251
1105
-1217
3934
5076617
270
-119
-265
1151
-1081
3768
5077642
254
-98
-277
1151
-1022
3822
5078667
176
-76
-294
1099
-965
4095
5079692
72
-80
-298
1104
-830
3951
5080717
89
-64
-272
1135
-751
3687
5081742
121
-8
-224
1119
-738
3736
5082767
84
45
-165
1060
-577
3866
5075587
15
46
-112
1067
-685
3902
5076612
-9
64
-76
1126
-764
3961
5077637
-44
71
-41
1155
-725
3945
5078662
-93
51
-15
1121
-888
4083
5079687
-130
19
-41
1207
-1176
4315
5080712
-42
-25
-72
1326
-1242
4186
5081737
45
-58
-116
1380
-1203
3825
5082762
36
-31
-139
1292
-1306
3725
5083787
9
17
-252
1372
-1206
3866
5084812
4
47
-305
1339
-1131
3807
5085837
41
86
-331
1209
-922
3796
5086862
15
121
-320
1100
-772
3829
5087887
-57
117
-293
981
-634
4068
5088912
-62
65
-248
885
-503
4427
5089937
-38
-3
-82
813
-419
4393
5090962
-11
-81
-28
807
-339
4191
5083776
-15
-146
74
910
-504
4122
5084801
12
-171
170
988
-527
4090
5085826
-17
-197
260
1043
-705
3978
5086851
11
-199
311
1087
-828
3963
5087876
23
-180
338
1150
-857
3917
5088901
8
-143
372
1201
-850
3794
5089926
-40
-88
394
1186
-893
3787
5090951
-42
-62
360
1169
-1016
3897
5091976
5
-51
338
1251
-851
3987
5093001
-29
-73
344
1213
-1012
4038
5094026
-19
-90
316
1259
-1076
3971
5095051
-16
-74
324
1356
-1017
3806
5096076
-60
-34
366
1289
-920
3865
5097101
-145
-35
348
1257
-1069
4009
5098126
-136
-20
327
1274
-1005
4013
5099151
-151
-18
330
1246
-938
3911
5091969
-135
-50
326
1232
-1198
3897
5092994
-7
-57
326
1180
-1341
3900
5094019
31
-49
271
1194
-1351
3866
5095044
14
-57
226
1237
-1447
3905
5096069
41
-50
178
1221
-1366
3984
5097094
16
-58
133
1240
-1261
3920
5098119
7
-57
105
1258
-1174
3815
5099144
-26
-36
78
1263
-1092
3813
5100169
-48
-14
65
1214
-1145
3845
5101194
22
10
56
1204
-1124
3886
5102219
44
18
38
1208
-1160
3856
5103244
26
32
20
1220
-1200
3821
5104269
0
48
18
1206
-1127
3886
5105294
-39
49
6
1190
-1143
3975
5106319
-45
39
-3
1191
-1179
3996
5107344
-15
28
0
1176
-1113
3948
5100161
-15
18
-4
1156
-1134
3929
5101186
-26
15
-7
1157
-1122
3962
5102211
-43
6
6
1153
-1056
3966
5103236
-68
1
18
1161
-1096
3893
5104261
-66
5
21
1172
-1127
3896
5105286
-51
7
26
1168
-1167
3917
5106311
-12
9
28
1167
-1140
3933
5107336
-31
10
18
1187
-1120
3897
5108361
-59
14
17
1187
-1175
3881
5109386
-24
28
17
1168
-1154
3904
5110411
-33
33
6
1179
-1166
3911
5111436
-38
27
12
1155
-1194
3934
5112461
-25
26
13
1152
-1151
3912
5113486
-24
25
12
1130
-1158
3912
5114511
-24
16
4
1128
-1164
3953
5115536
-35
7
5
1159
-1164
3950
5108351
-31
1
14
1142
-1213
3924
5109376
6
1
12
1148
-1170
3944
5110401
-12
-3
8
1149
-1169
3936
5111426
-39
-10
6
1166
-1198
3921
5112451
-20
-10
3
1159
-1178
3934
5113476
-22
-11
-7
1167
-1196
3899
5114501
-15
-5
-2
1159
-1190
3916
5115526
-24
-1
0
1147
-1205
3919
5116551
-8
4
-1
1147
-1202
3924
5117576
5
27
-7
1170
-1184
3923
5118601
-10
52
3
1109
-1153
3882
5119626
-15
21
0
1126
-1170
3933
5120651
-8
-6
8
1170
-1170
3954
5121676
-14
-16
32
1157
-1173
3884
5122701
-24
-20
33
1138
-1197
3901
5123726
-17
-45
24
1094
-1276
3999
5116544
27
-83
-13
1172
-1262
4009
5117569
28
-79
-10
1175
-1199
3888
5118594
35
-55
10
1110
-1196
3860
5119619
51
-58
-8
1123
-1152
3980
5120644
24
-82
-14
1145
-1226
4179
5121669
32
-121
1
1169
-1175
4164
5122694
67
-151
24
1191
-1042
3874
5123719
50
-158
35
1191
-1045
3724
5124744
48
-133
47
1174
-1142
3810
5125769
61
-116
45
1193
-1140
3961
5126794
53
-130
48
1225
-1146
3969
5127819
37
-135
57
1261
-1108
3814
5128844
34
-117
64
1262
-1122
3726
5129869
46
-94
47
1260
-1183
3861
5130894
40
-81
32
1277
-1195
3919
5131919
26
-86
31
1291
-1178
3879
5124736
30
-80
25
1281
-1210
3834
5125761
54
-66
14
1271
-1151
3855
5126786
36
-67
6
1276
-1152
3892
5127811
12
-72
1
1282
-1168
3924
5128836
22
-78
-1
1290
-1177
3905
5129861
52
-76
1
1288
-1145
3841
5130886
59
-73
3
1282
-1113
3901
5131911
40
-76
3
1280
-1107
3949
5132936
16
-82
1
1314
-1124
3832
5133961
43
-73
10
1326
-1089
3793
5134986
57
-60
7
1320
-1126
3808
5136011
48
-38
1
1350
-1081
3832
5137036
25
-37
9
1344
-1079
3905
5138061
26
-45
10
1338
-1112
3918
5139086
23
-44
-1
1357
-1115
3778
5140111
11
-24
3
1356
-1043
3741
5132928
-7
-15
0
1338
-1092
3850
5133953
16
-10
-5
1335
-1124
3944
5134978
23
-12
-7
1331
-1118
3876
5136003
4
-11
-5
1342
-1078
3787
5137028
-25
-7
1
1346
-1072
3798
5138053
-10
5
12
1344
-1058
3846
5139078
-16
10
9
1334
-1078
3873
5140103
-26
9
13
1348
-1073
3873
5141128
-34
8
19
1339
-1044
3855
5142153
-27
4
24
1324
-1085
3857
5143178
4
8
20
1327
-1141
3884
5144203
15
13
11
1333
-1156
3881
5145228
-11
5
8
1324
-1145
3869
5146253
-22
1
4
1328
-1104
3874
5147278
-19
6
-1
1335
-1099
3853
5148303
-19
16
-2
1331
-1094
3839
5141120
-27
18
2
1340
-1087
3839
5142145
-40
24
7
1333
-1075
3838
5143170
-44
36
10
1348
-1081
3879
5144195
-102
88
1
1408
-1038
3972
5145220
-400
140
9
1399
-1127
4009
5146245
-595
159
32
1387
-1232
3760
5147270
-76
116
95
1131
-1172
4037
5148295
462
64
36
969
-1251
4105
5149320
21
31
28
1335
-1099
3541
5150345
-303
17
68
1361
-1451
3048
5151370
-44
82
107
1244
-1180
3672
5152395
-34
151
114
1196
-1008
4135
5153420
-203
126
49
1228
-1349
4318
5154445
-239
-47
-43
1243
-1731
4534
5155470
61
-223
-74
1273
-1481
3907
5156495
283
-239
-89
1424
-764
3236
5149311
80
-155
-77
1172
-1047
3813
5150336
-32
-62
-24
1124
-1319
4080
5151361
72
-27
21
1212
-1086
3928
5152386
63
-36
46
1279
-1176
3663
5153411
72
-11
43
1338
-1114
3727
5154436
4
-3
33
1377
-1210
3970
5155461
-37
-11
31
1406
-1307
3931
5156486
5
-3
26
1360
-1272
3680
5157511
56
33
16
1302
-1227
3631
5158536
76
66
12
1243
-1161
3893
5159561
5
47
0
1255
-1214
4049
5160586
-46
3
-4
1294
-1171
4047
5161611
9
-30
18
1271
-1049
3911
5162636
108
-32
41
1235
-1029
3772
5163661
129
-11
51
1217
-1251
3756
5164686
115
9
15
1237
-1387
3924
5157504
46
10
-21
1358
-1277
4006
5158529
-26
-3
-9
1339
-1221
3846
5159554
-6
-6
-9
1314
-1101
3798
5160579
26
-9
-14
1265
-1087
3884
5161604
23
-7
-17
1281
-1122
3881
5162629
11
-3
-6
1275
-1157
3832
5163654
15
10
-5
1269
-1157
3834
5164679
8
17
-1
1287
-1121
3891
5165704
-7
6
4
1288
-1195
3915
5166729
15
3
0
1285
-1196
3854
5167754
26
13
-11
1282
-1171
3840
5168779
2
24
-7
1263
-1164
3891
5169804
-16
24
1
1274
-1121
3852
5170829
-5
25
13
1274
-1113
3809
5171854
10
39
12
1278
-1087
3823
5172879
-3
53
17
1281
-1128
3822
5165696
-1
60
13
1283
-1203
3900
5166721
4
59
4
1295
-1189
3917
5167746
-8
51
5
1264
-1148
3901
5168771
-13
43
1
1225
-1181
3923
5169796
-5
35
-9
1213
-1175
3929
5170821
-3
28
-9
1219
-1177
3897
5171846
5
23
-7
1214
-1145
3916
5172871
-6
17
-5
1225
-1126
3921
5173896
-14
11
2
1225
-1128
3911
5174921
-14
7
2
1225
-1180
3909
5175946
-4
11
0
1231
-1186
3877
5176971
-10
11
-5
1229
-1171
3887
5177996
-13
10
-5
1228
-1158
3913
5179021
-2
7
-5
1224
-1154
3915
5180046
-8
5
-9
1237
-1140
3892
5181071
-19
7
-7
1232
-1150
3854
5173887
-14
3
-11
1220
-1176
3909
5174912
7
-6
-20
1218
-1185
3951
5175937
7
-14
-31
1243
-1113
3918
5176962
-43
-20
-16
1242
-1151
3875
5177987
-48
-15
-11
1221
-1183
3858
5179012
-7
-3
-9
1219
-1161
3866
5180037
8
-4
-13
1232
-1152
3923
5181062
-3
-11
-19
1241
-1139
3885
5182087
-31
-7
-11
1265
-1117
3860
5183112
-37
-6
-3
1237
-1189
3898
5184137
-2
-2
-8
1247
-1169
3907
5185162
3
-8
-13
1237
-1187
3933
5186187
0
-19
-15
1235
-1163
3930
5187212
-8
-23
-6
1233
-1121
3830
5188237
-19
-15
-1
1229
-1148
3840
5189262
-8
-4
-3
1242
-1161
3908
5182080
-9
-5
-1
1254
-1154
3895
5183105
-15
-13
6
1259
-1150
3883
5184130
-18
-12
5
1250
-1145
3875
5185155
-20
-3
4
1248
-1155
3837
5186180
-23
7
5
1245
-1144
3866
5187205
-53
9
3
1252
-1121
3874
5188230
-84
23
11
1270
-1087
3769
5189255
-153
72
15
1322
-1087
3708
5190280
-232
150
47
1369
-1224
3999
5191305
-336
160
52
1270
-1456
4297
5192330
-219
83
16
1241
-1181
3922
5193355
339
-20
60
791
-1095
4298
5194380
142
-95
16
1050
-1347
4119
5195405
-205
-107
7
1317
-1474
3137
5196430
-91
-64
43
1250
-1376
3348
5197455
31
22
68
1164
-1149
3783
5190272
-23
85
89
1150
-959
4035
5191297
-225
16
24
1247
-1315
4245
5192322
-192
-87
2
1290
-1569
4174
5193347
44
-157
-39
1264
-1439
3771
5194372
185
-128
-53
1340
-991
3499
5195397
30
-72
-32
1151
-1196
3771
5196422
-23
-3
1
1148
-1248
3885
5197447
36
35
42
1167
-1179
3856
5198472
55
24
24
1186
-1327
3877
5199497
54
11
-7
1321
-1259
3939
5200522
-16
-13
9
1332
-1266
3965
5201547
-45
-29
16
1288
-1332
3911
5202572
21
-20
5
1238
-1246
3841
5203597
50
-13
-3
1197
-1188
3858
5204622
26
-18
-7
1200
-1253
3901
5205647
-6
-15
0
1248
-1269
3822
5198482
-29
1
5
1271
-1234
3779
5199507
-53
19
2
1245
-1256
3808
5200532
18
2
3
1203
-1275
4042
5201557
45
-33
-13
1213
-1321
4035
5202582
18
-62
-14
1237
-1242
3889
5203607
-17
-78
-8
1238
-1244
3798
5204632
13
-58
-2
1234
-1227
3761
5205657
36
-34
4
1254
-1209
3789
5206682
35
-10
7
1236
-1243
3794
5207707
30
-4
-18
1316
-1148
3899
5208732
-17
-12
-2
1320
-1254
3889
5209757
-10
-9
-1
1305
-1250
3825
5210782
-2
-11
-10
1263
-1275
3859
5211807
14
-14
-16
1252
-1242
3893
5212832
22
-10
-3
1244
-1213
3813
5213857
28
-4
5
1239
-1227
3848
5206656
2
-1
1
1269
-1204
3883
5207681
-13
-5
8
1279
-1221
3857
5208706
0
-5
4
1270
-1220
3869
5209731
-9
-13
-2
1253
-1238
3887
5210756
-19
-22
-7
1271
-1304
3861
5211781
0
-19
-11
1268
-1301
3847
5212806
18
-18
-14
1273
-1251
3873
5213831
17
-22
-14
1272
-1213
3880
5214856
12
-21
-14
1275
-1187
3831
5215881
-2
-12
-10
1266
-1192
3800
5216906
-2
-1
-5
1261
-1209
3845
5217931
9
8
-4
1276
-1197
3853
5218956
4
7
1
1268
-1208
3880
5219981
-2
-2
-1
1270
-1230
3887
5221006
10
-5
-3
1273
-1203
3846
5222031
-4
-5
-6
1259
-1223
3864
5214848
-19
-7
-13
1258
-1254
3905
5215873
-22
-7
-16
1270
-1233
3878
5216898
-19
-10
-21
1256
-1231
3841
5217923
-15
-5
-30
1325
-1161
3832
5218948
-23
-2
-5
1289
-1228
3853
5219973
6
1
-2
1269
-1217
3870
5220998
18
-5
-4
1266
-1219
3875
5222023
1
-12
-6
1284
-1227
3863
5223048
-6
-13
-3
1282
-1209
3849
5224073
-4
-9
1
1264
-1196
3859
5225098
-5
-10
7
1270
-1202
3860
5226123
3
-13
13
1271
-1207
3857
5227148
15
-8
12
1276
-1211
3838
5228173
14
-2
13
1285
-1226
3826
5229198
-11
4
6
1293
-1255
3851
5230223
-17
8
4
1291
-1254
3869
5223040
-12
5
2
1278
-1209
3864
5224065
-15
-1
4
1274
-1209
3861
5225090
-8
1
6
1265
-1229
3850
5226115
1
6
7
1257
-1215
3862
5227140
-1
5
7
1262
-1222
3872
5228165
-7
5
7
1267
-1231
3847
5229190
-15
5
5
1276
-1245
3844
5230215
-8
5
3
1274
-1243
3890
5231240
-5
1
-1
1274
-1258
3871
5232265
4
-1
-2
1268
-1226
3867
5233290
-13
-8
-4
1272
-1228
3869
5234315
-21
-3
0
1270
-1211
3821
5235340
-18
5
3
1266
-1199
3834
5236365
-33
13
5
1268
-1209
3823
5237390
-54
22
9
1288
-1191
3834
5238415
-177
102
-5
1475
-1026
3706
5231498
-478
232
51
1269
-1310
3965
5232523
-428
138
6
1144
-1803
4066
5233548
204
5
-50
1117
-1231
4298
5234573
412
-118
3
1128
-1045
4187
5235598
-156
-143
14
1253
-1419
3374
5236623
-143
-91
23
1253
-1411
3209
5237648
10
5
50
1230
-1135
3601
5238673
-47
71
89
1193
-1005
4010
5239698
-235
43
63
1240
-1351
4203
5240723
-172
-52
23
1286
-1659
4146
5241748
110
-138
-19
1321
-1508
3771
5242773
215
-135
-40
1412
-1086
3476
5243798
72
-87
-44
1170
-1319
3794
5244823
21
-23
-32
1172
-1379
3886
5245848
96
10
-7
1207
-1256
3865
5246873
84
11
-4
1254
-1201
3810
5239425
34
32
18
1340
-1031
3773
5240450
-85
44
49
1305
-1291
3732
5241475
-18
54
46
1290
-1392
3860
5242500
83
42
25
1253
-1329
4002
5243525
61
12
1
1297
-1264
3956
5244550
11
-11
19
1250
-1301
3917
5245575
-3
-26
6
1242
-1325
3870
5246600
36
-27
3
1243
-1275
3837
5247625
42
-21
10
1234
-1270
3791
5248650
38
-11
15
1234
-1267
3842
5249675
23
-10
18
1257
-1288
3858
5250700
34
-10
20
1257
-1272
3876
5251725
43
-27
-6
1297
-1245
3884
5252750
25
-21
6
1299
-1296
3773
5253775
34
-4
5
1252
-1267
3801
5254800
28
3
-3
1256
-1264
3902
5247617
3
-2
-6
1267
-1256
3875
5248642
1
-9
3
1257
-1251
3839
5249667
9
-12
-8
1261
-1261
3858
5250692
9
-11
-13
1266
-1276
3863
5251717
23
-11
-22
1263
-1266
3853
5252742
23
-5
-20
1301
-1236
3873
5253767
9
-3
-7
1275
-1253
3859
5254792
19
-17
-11
1275
-1217
3940
5255817
35
-38
-26
1294
-1212
3933
5256842
39
-48
-31
1311
-1191
3842
5257867
31
-49
-21
1298
-1222
3788
5258892
29
-35
-10
1274
-1223
3780
5259917
17
-14
-1
1254
-1199
3760
5260942
0
1
6
1235
-1231
3801
5261967
7
10
9
1261
-1254
3868
5262992
26
14
7
1295
-1268
3873
5255809
33
9
2
1303
-1253
3872
5256834
26
1
-6
1326
-1253
3887
5257859
29
-3
-12
1309
-1272
3902
5258884
43
-17
-22
1291
-1243
3939
5259909
41
-27
-20
1319
-1232
3875
5260934
44
-26
-15
1303
-1205
3837
5261959
29
-23
-9
1288
-1145
3843
5262984
3
-22
-1
1287
-1138
3838
5264009
4
-18
0
1301
-1140
3821
5265034
27
-8
-1
1290
-1138
3797
5266059
31
11
1
1294
-1096
3745
5267084
-5
29
11
1289
-1157
3772
5268109
-28
46
8
1319
-1220
3834
5269134
-16
56
6
1303
-1257
3857
5270159
21
55
-9
1279
-1290
3894
5271184
19
50
-19
1246
-1288
3910
5263999
3
33
-26
1189
-1300
3957
5265024
-4
8
-45
1197
-1297
3962
5266049
7
-7
-46
1221
-1246
3894
5267074
20
-17
-39
1229
-1204
3904
5268099
13
-24
-30
1241
-1158
3905
5269124
-9
-28
-17
1262
-1119
3872
5270149
-23
-32
-6
1281
-1133
3847
5271174
-6
-28
0
1288
-1131
3815
5272199
12
-20
3
1276
-1121
3859
5273224
4
-23
0
1277
-1139
3905
5274249
1
-27
-1
1282
-1170
3879
5275274
1
-27
-1
1279
-1158
3842
5276299
5
-23
5
1275
-1140
3799
5277324
6
-17
4
1265
-1131
3864
5278349
-26
-16
2
1279
-1151
3894
5279374
-35
-14
10
1296
-1140
3844
5272193
-28
-7
16
1299
-1147
3796
5273218
-15
2
20
1305
-1166
3824
5274243
-1
10
24
1300
-1153
3867
5275268
-13
5
25
1281
-1208
3896
5276293
-9
-5
24
1273
-1215
3878
5277318
-19
-7
24
1276
-1204
3832
5278343
-64
9
20
1301
-1140
3794
5279368
-165
55
8
1348
-1167
3784
5280393
-233
123
6
1373
-1415
4048
5281418
-319
159
11
1371
-1225
3893
5282443
-234
129
20
1185
-977
3569
5283468
214
29
7
995
-1467
4158
5284493
-40
-46
-33
1207
-1651
4308
5285518
-267
-101
-68
1380
-1541
3593
5286543
-132
-114
-30
1271
-1184
3605
5287568
-34
-81
1
1217
-1123
3774
5280384
-71
-2
50
1252
-935
3898
5281409
-163
-18
36
1191
-1382
3993
5282434
13
-105
17
1237
-1508
4062
5283459
136
-148
19
1411
-1313
3510
5284484
144
-89
51
1415
-985
3415
5285509
-47
-20
47
1235
-1302
3762
5286534
-17
31
38
1254
-1419
3995
5287559
77
42
46
1272
-1338
3959
5288584
61
15
30
1286
-1336
3873
5289609
-2
-5
7
1344
-1310
3878
5290634
-42
-1
21
1315
-1233
3778
5291659
-26
19
36
1273
-1257
3686
5292684
39
33
34
1244
-1297
3803
5293709
42
37
35
1237
-1236
3920
5294734
-44
13
26
1250
-1350
3918
5295759
-42
2
-3
1295
-1392
3840
5288575
13
4
5
1315
-1288
3840
5289600
31
-7
14
1264
-1286
3880
5290625
31
-11
17
1266
-1253
3850
5291650
2
-9
15
1252
-1317
3815
5292675
10
4
9
1237
-1355
3818
5293700
48
9
-16
1279
-1269
3832
5294725
7
0
3
1311
-1248
3863
5295750
-23
-11
17
1278
-1310
3861
5296775
-17
-13
10
1277
-1307
3838
5297800
-5
-9
4
1276
-1288
3817
5298825
4
-6
3
1266
-1301
3862
5299850
10
-12
0
1265
-1288
3886
5300875
2
-18
-5
1245
-1317
3818
5301900
24
-13
-20
1307
-1194
3821
5302925
-6
-12
15
1267
-1275
3840
5303950
-9
-14
19
1266
-1255
3865
5296768
-22
-24
18
1278
-1243
3865
5297793
-48
-28
20
1288
-1235
3804
5298818
-56
-24
19
1286
-1365
3813
5299843
-9
-16
13
1295
-1386
3869
5300868
26
-15
16
1298
-1313
3845
5301893
-1
-26
18
1295
-1305
3799
5302918
6
-26
9
1252
-1368
3809
5303943
40
-19
-19
1329
-1276
3857
5304968
12
-18
3
1288
-1306
3819
5305993
-1
-16
4
1284
-1297
3807
5307018
-8
-13
-3
1277
-1272
3830
5308043
-10
-9
-3
1284
-1285
3826
5309068
-2
-12
-1
1288
-1283
3839
5310093
-6
-13
0
1290
-1274
3812
5311118
-5
-10
3
1279
-1300
3808
5312143
1
-5
0
1285
-1305
3853
5304960
-1
-10
-8
1271
-1324
3850
5305985
8
-11
-31
1336
-1236
3805
5307010
-6
-8
-3
1300
-1296
3816
5308035
4
-3
-2
1288
-1308
3842
5309060
14
-3
0
1292
-1274
3860
5310085
-1
-12
1
1304
-1270
3839
5311110
0
-15
1
1265
-1291
3832
5312135
1
-19
-11
1319
-1220
3851
5313160
-9
-16
14
1304
-1260
3784
5314185
-3
-7
17
1298
-1283
3800
5315210
3
1
17
1314
-1294
3810
5316235
-6
7
17
1300
-1320
3814
5317260
0
9
5
1293
-1345
3840
5318285
-2
7
-3
1303
-1317
3847
5319310
-13
-3
-5
1301
-1299
3840
5320335
-11
-5
-4
1299
-1296
3825
5313151
0
1
-2
1292
-1280
3808
5314176
8
8
3
1284
-1265
3812
5315201
3
10
3
1288
-1286
3846
5316226
-14
5
3
1295
-1291
3829
5317251
-13
5
3
1296
-1278
3816
5318276
-10
10
2
1302
-1276
3814
5319301
-12
14
5
1296
-1274
3826
5320326
-22
16
8
1288
-1304
3829
5321351
-15
15
8
1283
-1306
3849
5322376
-18
10
3
1291
-1310
3854
5323401
-11
6
0
1291
-1313
3836
5324426
-8
7
-5
1289
-1300
3817
5325451
-16
10
-7
1277
-1301
3835
5326476
-21
9
-8
1266
-1319
3838
5327501
-23
8
-6
1271
-1306
3842
5328526
-31
7
-4
1272
-1304
3834
5321344
-15
11
-1
1284
-1310
3819
5322369
-5
22
1
1275
-1286
3807
5323394
-29
21
2
1270
-1294
3839
5324419
-42
10
9
1273
-1264
3838
5325444
-23
-4
17
1264
-1299
3852
5326469
-32
5
2
1299
-1319
3799
5327494
-62
25
-6
1331
-1365
3825
5328519
-54
61
-1
1326
-1361
3916
5329544
-203
121
-19
1430
-1289
3931
5330569
-463
231
76
1267
-1241
3317
5331594
44
180
73
840
-1805
4142
5332619
169
44
-77
1203
-1374
4739
5333644
-364
-86
9
1418
-979
3587
5334669
-431
-114
124
1247
-1241
3398
5335694
-157
-71
98
1022
-1499
3930
5336719
1
-111
23
1067
-1628
4291
5329537
64
-233
-14
1233
-1727
3910
5330562
155
-271
1
1481
-1185
3106
5331587
23
-167
28
1371
-1017
3125
5332612
-121
-15
31
1238
-1541
3660
5333637
10
93
34
1301
-1492
3907
5334662
77
87
18
1314
-1471
3886
5335687
34
53
-20
1377
-1466
3837
5336712
-24
30
-3
1313
-1441
3872
5337737
-48
19
-7
1269
-1382
3865
5338762
1
4
-1
1232
-1402
3850
5339787
64
17
4
1234
-1394
3734
5340812
85
29
29
1195
-1396
3824
5341837
40
24
29
1232
-1444
3839
5342862
-9
32
33
1250
-1468
3779
5343887
11
16
-9
1294
-1445
3857
5344912
-6
7
-8
1327
-1438
3868
5337728
3
-3
0
1250
-1409
3839
5338753
0
-9
-13
1249
-1418
3794
5339778
-1
6
-10
1245
-1408
3708
5340803
0
14
-3
1228
-1381
3791
5341828
-20
13
-5
1245
-1428
3851
5342853
-10
14
0
1252
-1415
3830
5343878
12
16
2
1228
-1440
3763
5344903
33
27
-26
1275
-1351
3777
5345928
-27
22
-8
1254
-1410
3886
5346953
-39
-4
-6
1245
-1466
3947
5347978
-14
-33
-13
1269
-1395
3885
5349003
17
-41
-5
1255
-1328
3748
5350028
25
-28
3
1239
-1344
3734
5351053
7
-7
12
1241
-1382
3754
5352078
-5
-3
20
1246
-1418
3833
5353103
-8
-10
21
1269
-1425
3870
5345920
-6
-16
16
1284
-1427
3789
5346945
4
-12
9
1277
-1426
3746
5347970
8
-5
-1
1267
-1446
3795
5348995
13
-6
-6
1252
-1409
3840
5350020
-2
-14
-4
1248
-1382
3801
5351045
-10
-15
-2
1249
-1412
3758
5352070
-5
-6
1
1253
-1399
3812
5353095
2
-6
3
1262
-1384
3842
5354120
13
-9
8
1272
-1377
3807
5355145
8
-14
9
1261
-1399
3805
5356170
0
-13
10
1256
-1419
3784
5357195
10
-6
11
1263
-1399
3779
5358220
10
-1
8
1258
-1406
3803
5359245
3
1
2
1274
-1416
3817
5360270
1
2
3
1272
-1420
3819
5361295
0
1
1
1267
-1396
3827
5354111
-1
-2
0
1260
-1393
3813
5355136
7
-1
4
1253
-1390
3812
5356161
4
-3
5
1247
-1378
3808
5357186
-1
-8
6
1255
-1414
3819
5358211
12
-11
4
1256
-1413
3833
5359236
16
-14
3
1252
-1382
3804
5360261
-1
-16
4
1260
-1411
3780
5361286
-4
-11
5
1254
-1419
3816
5362311
0
-9
1
1260
-1400
3812
5363336
14
-14
4
1263
-1403
3824
5364361
20
-15
2
1268
-1393
3813
5365386
6
-15
2
1267
-1379
3788
5366411
-8
-14
1
1258
-1390
3798
5367436
12
-17
2
1264
-1397
3835
5368461
24
-20
0
1269
-1390
3838
5369486
2
-25
2
1279
-1376
3812
5362304
-14
-23
3
1285
-1383
3757
5363329
-12
-13
3
1275
-1386
3768
5364354
-1
-6
3
1271
-1374
3817
5365379
-10
-9
2
1269
-1374
3829
5366404
-18
-16
4
1274
-1383
3803
5367429
-19
-16
2
1290
-1396
3765
5368454
3
-7
5
1285
-1378
3772
5369479
8
2
9
1283
-1373
3783
5370504
-17
3
8
1270
-1402
3807
5371529
-34
-1
8
1272
-1415
3798
5372554
-27
3
8
1290
-1388
3756
5373579
-52
39
9
1363
-1399
3740
5374604
-141
99
35
1311
-1470
3890
5375629
-199
100
13
1286
-1416
3823
5376654
15
75
27
1155
-1314
3855
5377679
252
23
22
1074
-1556
4228
5370496
-47
-21
27
1256
-1635
3816
5371521
-98
-40
2
1315
-1465
3258
5372546
-5
-9
13
1243
-1301
3537
5373571
-47
64
47
1182
-1222
3889
5374596
-186
71
44
1202
-1272
4070
5375621
-208
-54
-34
1225
-1761
4303
5376646
-31
-170
-60
1289
-1741
3844
5377671
158
-163
-40
1442
-1188
3149
5378696
79
-46
-31
1216
-1228
3375
5379721
-19
33
-27
1161
-1492
3940
5380746
13
61
10
1229
-1435
4005
5381771
45
34
29
1254
-1441
3824
5382796
52
13
3
1333
-1413
3821
5383821
6
-4
18
1299
-1395
3876
5384846
12
-22
28
1241
-1463
3864
5385871
41
-22
14
1252
-1495
3744
5378688
43
-10
18
1242
-1415
3755
5379713
22
11
30
1243
-1380
3752
5380738
-6
25
23
1242
-1437
3797
5381763
8
15
9
1279
-1480
3851
5382788
23
-1
2
1288
-1444
3869
5383813
2
-8
1
1259
-1416
3795
5384838
4
-13
-2
1232
-1409
3818
5385863
17
-13
-2
1242
-1395
3817
5386888
14
-14
8
1256
-1374
3793
5387913
-1
-13
18
1258
-1408
3756
5388938
-7
-1
14
1258
-1440
3768
5389963
-5
11
11
1254
-1470
3785
5390988
7
18
8
1261
-1449
3798
5392013
-3
16
1
1262
-1458
3822
5393038
-1
11
-8
1268
-1434
3809
5394063
0
4
-15
1272
-1421
3793
5386880
17
1
-24
1224
-1472
3771
5387905
43
13
-35
1278
-1349
3806
5388930
12
9
-7
1236
-1424
3827
5389955
15
4
-5
1237
-1417
3824
5390980
24
1
-4
1246
-1410
3803
5392005
20
2
-3
1243
-1412
3804
5393030
17
6
0
1246
-1376
3765
5394055
6
11
-3
1250
-1397
3807
5395080
0
11
-9
1260
-1402
3837
5396105
-5
7
-10
1266
-1402
3810
5397130
1
10
-7
1254
-1387
3792
5398155
11
14
-6
1229
-1386
3819
5399180
3
15
-1
1220
-1371
3834
5400205
-8
5
4
1208
-1393
3875
5401230
-4
-7
7
1213
-1380
3870
5402255
-3
-19
11
1223
-1373
3841
5395072
-19
-29
14
1255
-1390
3823
5396097
-31
-27
19
1287
-1401
3773
5397122
-8
-18
20
1287
-1417
3785
5398147
18
-8
18
1281
-1416
3796
5399172
16
-2
16
1257
-1415
3764
5400197
1
8
14
1227
-1414
3759
5401222
-7
19
13
1225
-1417
3777
5402247
3
28
14
1226
-1445
3805
5403272
9
32
14
1245
-1428
3826
5404297
9
30
14
1254
-1419
3841
5405322
8
30
6
1268
-1425
3818
5406347
26
36
-2
1249
-1423
3823
5407372
54
31
-6
1223
-1419
3854
5408397
67
23
-14
1205
-1381
3849
5409422
39
15
-13
1206
-1366
3804
5410447
19
12
-10
1211
-1391
3809
5403263
32
22
-8
1213
-1394
3805
5404288
24
26
-5
1207
-1341
3832
5405313
-12
19
-2
1205
-1353
3871
5406338
-11
12
-1
1204
-1346
3874
5407363
-14
4
3
1213
-1340
3828
5408388
-28
1
7
1205
-1377
3811
5409413
-22
3
3
1200
-1397
3830
5410438
6
-2
0
1199
-1377
3869
5411463
-2
-12
-6
1212
-1384
3846
5412488
-22
-17
-6
1212
-1418
3839
5413513
-21
-17
-6
1204
-1396
3833
5414538
-6
-19
-7
1218
-1393
3836
5415563
-8
-25
-4
1213
-1358
3881
5416588
-33
-38
1
1215
-1368
3858
5417613
2
-37
-3
1239
-1414
3794
5418638
21
-27
-3
1247
-1395
3811
5411456
-9
-30
6
1245
-1398
3810
5412481
5
-25
10
1236
-1385
3786
5413506
10
-15
7
1239
-1360
3776
5414531
-5
-13
8
1237
-1362
3849
5415556
-30
-21
6
1247
-1414
3846
5416581
-6
-23
6
1243
-1392
3815
5417606
19
-18
5
1230
-1385
3812
5418631
17
-18
2
1226
-1378
3838
5419656
-7
-23
5
1234
-1403
3821
5420681
-2
-24
7
1228
-1413
3808
5421706
19
-16
7
1244
-1380
3804
5422731
11
-11
7
1254
-1370
3799
5423756
-15
-4
6
1253
-1371
3801
5424781
-7
-1
9
1249
-1351
3821
5425806
-10
-5
2
1255
-1399
3824
5426831
-22
2
1
1275
-1334
3766
5419648
-64
40
4
1333
-1305
3722
5420673
-118
120
25
1245
-1449
3841
5421698
-168
110
-7
1245
-1489
3884
5422723
-41
76
-50
1123
-1594
3926
5423748
351
4
-10
1016
-1502
4296
5424773
7
-84
-57
1277
-1574
3886
5425798
-217
-91
-48
1360
-1384
3281
5426823
-55
-40
11
1204
-1227
3495
5427848
17
33
65
1133
-1011
3909
5428873
-168
7
75
1106
-1188
4234
5429898
-213
-94
34
1216
-1692
4058
5430923
-5
-146
18
1341
-1665
3529
5431948
149
-110
10
1403
-1271
3374
5432973
14
-38
-1
1208
-1467
3724
5433998
-38
19
-8
1204
-1554
3922
5435023
33
39
10
1237
-1404
3827
5427840
77
42
23
1239
-1307
3718
5428865
48
45
20
1233
-1374
3811
5429890
-15
36
-1
1298
-1442
3896
5430915
-25
18
19
1260
-1477
3934
5431940
29
-8
22
1233
-1461
3863
5432965
63
3
23
1219
-1362
3758
5433990
40
11
31
1199
-1324
3775
5435015
-7
5
23
1216
-1468
3882
5436040
-3
-7
18
1245
-1475
3849
5437065
15
-15
19
1229
-1435
3819
5438090
11
-22
1
1239
-1468
3801
5439115
36
-15
3
1237
-1420
3760
5440140
57
-6
5
1228
-1364
3787
5441165
31
-2
-4
1214
-1408
3818
5442190
23
-4
-16
1268
-1321
3836
5443215
8
0
12
1235
-1389
3810
5436032
25
11
14
1223
-1383
3773
5437057
46
12
16
1204
-1434
3842
5438082
30
2
6
1224
-1448
3905
5439107
-6
-16
-3
1257
-1402
3879
5440132
-30
-26
-7
1266
-1398
3800
5441157
-12
-17
-10
1248
-1385
3779
5442182
21
-7
-8
1215
-1373
3831
5443207
36
-7
-3
1209
-1378
3858
5444232
10
-14
6
1228
-1362
3810
5445257
-14
-19
15
1228
-1386
3798
5446282
-3
-16
11
1243
-1393
3815
5447307
12
-9
8
1257
-1390
3792
5448332
10
-5
7
1249
-1405
3779
5449357
11
-5
0
1244
-1389
3836
5450382
7
-11
-3
1237
-1384
3834
5451407
-3
-14
-3
1233
-1379
3774
5444443
1
-5
-1
1232
-1358
3781
5445468
4
0
7
1221
-1359
3837
5446493
0
-4
11
1227
-1386
3844
5447518
6
-11
14
1254
-1401
3811
5448543
8
-10
13
1254
-1396
3807
5449568
1
1
8
1250
-1385
3794
5450593
-6
3
-2
1238
-1395
3861
5451618
17
-7
-4
1241
-1364
3856
5452643
40
-9
2
1243
-1364
3778
5453668
50
-1
7
1237
-1369
3778
5454693
55
5
11
1223
-1354
3845
5455718
8
2
6
1227
-1388
3855
5456743
-21
-9
2
1238
-1391
3851
5457768
-5
-13
3
1241
-1382
3826
5458793
18
-10
1
1238
-1342
3814
5459818
2
-10
3
1240
-1360
3829
5452416
-10
-10
4
1234
-1370
3834
5453441
-9
-13
5
1229
-1373
3821
5454466
-11
-16
6
1239
-1389
3789
5455491
-6
-5
5
1250
-1395
3780
5456516
3
7
0
1245
-1390
3831
5457541
4
5
-3
1247
-1369
3849
5458566
-7
-4
-5
1243
-1368
3833
5459591
-12
-8
-5
1250
-1353
3816
5460616
-8
-3
0
1257
-1352
3771
5461641
-1
6
3
1235
-1371
3821
5462666
-5
10
2
1230
-1377
3843
5463691
-10
5
2
1240
-1376
3836
5464716
-14
1
-2
1252
-1382
3809
5465741
-12
5
1
1238
-1368
3819
5466766
-14
9
0
1245
-1373
3808
5467791
-2
16
-1
1241
-1361
3818
5460609
-4
15
-2
1228
-1376
3855
5461634
-13
6
-2
1225
-1381
3854
5462659
-3
-2
-2
1230
-1372
3826
5463684
12
-5
0
1228
-1360
3838
5464709
13
-10
5
1216
-1349
3869
5465734
0
-18
9
1222
-1367
3832
5466759
-1
-17
14
1237
-1374
3792
5467784
-4
-7
15
1236
-1393
3789
5468809
-7
0
14
1235
-1404
3821
5469834
-5
3
8
1235
-1414
3831
5470859
-8
0
-3
1235
-1401
3847
5471884
-20
-6
-6
1251
-1369
3804
5472909
-19
2
-8
1244
-1389
3778
5473934
0
11
-7
1220
-1376
3861
5474959
10
3
-6
1227
-1356
3888
5475984
-5
-6
-6
1233
-1355
3818
5468800
-20
-11
-5
1238
-1359
3802
5469825
-11
-4
-1
1230
-1365
3806
5470850
4
9
-1
1227
-1372
3822
5471875
-1
12
-3
1240
-1353
3846
5472900
-30
12
3
1244
-1351
3806
5473925
-71
40
1
1279
-1364
3828
5474950
-199
99
-14
1299
-1409
3942
5475975
-369
151
-19
1325
-1466
3959
5477000
-335
157
79
1165
-1468
3647
5478025
278
44
40
819
-1375
4457
5479050
180
-93
-52
1209
-1518
4077
5480075
-73
-117
-31
1328
-1770
2921
5481100
-68
-34
-24
1294
-1483
3051
5482125
-180
60
3
1183
-1112
3867
5483150
-329
53
7
1118
-1236
4440
5484175
-291
-64
-46
1158
-1562
4545
5476992
1
-189
-32
1260
-1663
3809
5478017
265
-244
-2
1263
-1380
3352
5479042
224
-179
26
1307
-1034
3261
5480067
-77
-62
43
1152
-1394
3537
5481092
-136
54
66
1200
-1629
3744
5482117
-9
108
67
1280
-1556
3841
5483142
57
81
45
1306
-1549
3950
5484167
3
37
8
1326
-1562
3926
5485192
4
-1
-12
1272
-1485
3895
5486217
47
-20
-20
1226
-1454
3791
5487242
85
-4
0
1160
-1440
3735
5488267
73
-1
3
1145
-1383
3904
5489292
-13
-9
21
1207
-1410
3854
5490317
-32
-22
44
1217
-1447
3836
5491342
20
-31
38
1252
-1455
3794
5492367
40
-17
46
1256
-1403
3711
5485184
18
-19
33
1228
-1482
3827
5486209
13
-15
21
1262
-1508
3830
5487234
20
-7
25
1255
-1481
3745
5488259
32
-5
9
1262
-1466
3781
5489284
13
5
-3
1253
-1429
3773
5490309
9
5
-3
1216
-1442
3827
5491334
20
1
-6
1221
-1468
3836
5492359
31
-1
-1
1217
-1422
3815
5493384
10
-8
0
1225
-1422
3808
5494409
-8
-12
1
1240
-1461
3800
5495434
9
-12
2
1241
-1438
3834
5496459
7
-15
2
1251
-1443
3806
5497484
3
-18
5
1246
-1429
3784
5498509
10
-14
12
1232
-1384
3786
5499534
20
-7
20
1212
-1385
3789
5500559
40
-4
22
1217
-1449
3828
5493375
30
-6
23
1234
-1455
3833
5494400
-8
-13
18
1250
-1493
3789
5495425
-7
-9
10
1243
-1478
3787
5496450
13
-7
-1
1249
-1423
3814
5497475
15
-8
-2
1244
-1405
3783
5498500
3
-9
-4
1229
-1410
3829
5499525
-3
-5
0
1245
-1412
3795
5500550
4
-4
4
1227
-1386
3820
5501575
7
-7
3
1245
-1420
3804
5502600
11
-6
10
1236
-1396
3790
5503625
-2
-6
12
1240
-1445
3768
5504650
8
7
11
1232
-1437
3777
5505675
7
9
3
1232
-1469
3847
5506700
13
0
-9
1203
-1514
3837
5507725
45
-8
-42
1288
-1372
3842
5508750
5
-11
-10
1241
-1413
3803
5501568
-5
-7
-3
1222
-1415
3778
5502593
1
-2
-2
1226
-1390
3806
5503618
-2
-4
2
1223
-1366
3825
5504643
-8
-7
7
1245
-1386
3807
5505668
-9
-2
8
1254
-1430
3777
5506693
4
3
9
1245
-1443
3815
5507718
5
-1
3
1249
-1439
3822
5508743
-6
-2
0
1243
-1420
3793
5509768
-11
-7
-2
1233
-1420
3822
5510793
3
-7
-2
1227
-1413
3818
5511818
12
-5
1
1222
-1400
3800
5512843
-5
-6
2
1229
-1411
3810
5513868
-14
-6
6
1237
-1427
3811
5514893
-1
-6
7
1244
-1432
3805
5515918
2
-5
4
1245
-1424
3817
5516943
-9
-9
2
1241
-1432
3820
5509760
-3
-11
0
1246
-1437
3801
5510785
9
-10
-3
1240
-1413
3805
5511810
8
-10
2
1237
-1402
3808
5512835
-2
-7
4
1229
-1408
3805
5513860
-6
-6
3
1239
-1425
3805
5514885
7
-8
4
1244
-1413
3818
5515910
6
-9
4
1245
-1401
3808
5516935
-9
-10
3
1245
-1419
3795
5517960
-2
-10
3
1236
-1418
3812
5518985
4
-8
3
1242
-1408
3794
5520010
-2
-3
2
1242
-1415
3810
5521035
-5
0
4
1243
-1402
3815
5522060
-5
0
4
1240
-1423
3805
5523085
4
-1
4
1248
-1414
3812
5524110
1
-1
4
1249
-1420
3794
5525135
-4
-1
2
1238
-1426
3820
5517951
-1
-3
2
1232
-1427
3815
5518976
3
-3
1
1238
-1431
3812
5520001
6
-6
2
1234
-1405
3842
5521026
-10
-12
4
1247
-1408
3812
5522051
-8
-17
5
1248
-1412
3795
5523076
3
-13
3
1247
-1415
3785
5524101
2
-5
4
1241
-1398
3788
5525126
-26
-1
3
1244
-1417
3788
5526151
-13
1
2
1251
-1413
3821
5527176
-3
3
1
1250
-1384
3822
5528201
-39
4
3
1249
-1396
3782
5529226
-64
6
-6
1241
-1462
3785
5530251
-37
2
-24
1249
-1515
3862
5531276
-24
-7
-26
1266
-1449
3829
5532301
-46
-6
-22
1299
-1390
3780
5533326
-93
24
-21
1283
-1404
3849
5526144
-147
48
-15
1298
-1354
3824
5527169
-122
51
22
1107
-1331
4034
5528194
227
-56
23
948
-1862
4344
5529219
154
-85
-46
1397
-1630
3330
5530244
-8
-33
-14
1420
-1240
2916
5531269
-212
66
36
1237
-1232
3514
5532294
-313
119
4
1159
-1317
4309
5533319
-200
50
-52
1174
-1530
4641
5534344
28
-119
-68
1261
-1816
4061
5535369
232
-222
-60
1330
-1586
3374
5536394
191
-175
-33
1324
-1072
3135
5537419
-42
-71
-14
1142
-1251
3514
5538444
-84
40
26
1186
-1469
3767
5539469
19
95
68
1257
-1409
3828
5540494
47
79
79
1300
-1414
3827
5541519
46
56
48
1368
-1420
3828
5534336
12
42
46
1369
-1473
3868
5535361
14
36
43
1269
-1565
3876
5536386
63
14
23
1191
-1493
3927
5537411
57
8
15
1185
-1445
3838
5538436
13
-1
12
1173
-1469
3811
5539461
6
-2
8
1223
-1452
3782
5540486
0
-1
14
1247
-1449
3775
5541511
5
5
13
1245
-1425
3785
5542536
-7
5
9
1244
-1424
3816
5543561
-11
8
7
1247
-1458
3811
5544586
11
14
7
1254
-1440
3790
5545611
5
15
4
1243
-1427
3785
5546636
-21
21
-3
1230
-1434
3782
5547661
-33
30
-6
1213
-1428
3795
5548686
-50
22
-19
1211
-1525
3858
5549711
-14
9
-10
1229
-1446
3865
5542529
13
-4
2
1228
-1402
3827
5543554
2
-9
5
1228
-1403
3775
5544579
-12
-2
9
1224
-1408
3757
5545604
-14
-1
6
1204
-1494
3865
5546629
4
-5
-2
1231
-1471
3831
5547654
1
-11
-3
1226
-1449
3806
5548679
-14
-18
-12
1236
-1450
3804
5549704
0
-11
-6
1233
-1425
3765
5550729
0
-7
-8
1229
-1434
3784
5551754
-4
2
0
1232
-1435
3737
5552779
2
19
8
1211
-1435
3780
5553804
-11
22
3
1227
-1455
3858
5554829
-12
10
3
1233
-1451
3839
5555854
15
-3
2
1225
-1451
3830
5556879
19
-4
-3
1235
-1415
3803
5557904
-5
-3
3
1221
-1419
3779
5550720
-3
2
6
1215
-1455
3818
5551745
8
5
3
1212
-1448
3816
5552770
8
-5
3
1226
-1432
3825
5553795
2
-11
1
1235
-1437
3799
5554820
-6
-6
-2
1229
-1437
3783
5555845
-16
1
1
1233
-1456
3774
5556870
-11
11
5
1226
-1437
3773
5557895
-5
19
4
1223
-1430
3793
5558920
-1
18
3
1209
-1440
3843
5559945
1
10
2
1217
-1431
3834
5560970
-4
-2
8
1207
-1454
3816
5561995
5
-7
5
1207
-1443
3829
5563020
5
-12
3
1207
-1459
3825
5564045
8
-17
5
1214
-1435
3824
5565070
2
-22
8
1219
-1449
3804
5566095
7
-13
7
1235
-1443
3773
5558912
19
-10
8
1226
-1432
3808
5559937
14
-10
6
1222
-1444
3817
5560962
2
-13
6
1219
-1425
3808
5561987
-3
-17
3
1231
-1431
3805
5563012
7
-14
3
1239
-1417
3802
5564037
9
-13
6
1237
-1423
3798
5565062
11
-10
11
1226
-1429
3789
5566087
9
-8
9
1217
-1456
3812
5567112
12
-9
4
1226
-1454
3840
5568137
2
-14
2
1229
-1444
3801
5569162
5
-15
3
1224
-1436
3791
5570187
8
-11
1
1224
-1433
3808
5571212
9
-9
3
1226
-1430
3804
5572237
10
-8
3
1228
-1436
3800
5573262
7
-6
-1
1234
-1418
3817
5574287
-6
-10
0
1240
-1429
3814
5567104
-4
-8
-2
1226
-1452
3814
5568129
10
-8
-4
1226
-1425
3818
5569154
11
-11
-1
1221
-1418
3798
5570179
1
-13
2
1224
-1421
3795
5571204
-7
-10
3
1233
-1432
3811
5572229
-2
-9
2
1236
-1440
3815
5573254
6
-10
2
1242
-1428
3800
5574279
2
-13
0
1231
-1429
3817
5575304
-13
-16
-3
1229
-1423
3805
5576329
-8
-14
1
1236
-1415
3805
5577354
-7
-9
0
1235
-1418
3799
5578379
-3
-4
1
1238
-1419
3791
5579404
10
-5
-5
1191
-1465
3793
5580429
18
-2
-30
1305
-1343
3802
5581454
-13
-1
10
1244
-1442
3790
5582479
13
-3
12
1224
-1420
3833
5575296
11
-3
10
1239
-1389
3809
5576321
2
-3
19
1232
-1394
3767
5577346
17
4
26
1216
-1429
3838
5578371
19
4
24
1216
-1435
3831
5579396
-7
-4
22
1240
-1473
3808
5580421
-18
-5
13
1249
-1481
3818
5581446
-16
3
1
1268
-1422
3787
5582471
-31
20
-6
1322
-1445
3782
5583496
-78
98
2
1306
-1447
3925
5584521
-279
158
-19
1217
-1213
3828
5585546
-171
84
15
984
-1534
3903
5586571
307
-27
-36
1078
-1669
4072
5587596
29
-85
0
1281
-1285
3773
5588621
-251
-117
20
1278
-1636
3359
5589646
-70
-28
57
1280
-1425
3427
5590671
38
31
79
1086
-1260
4111
5583599
-148
-38
-3
1176
-1611
4321
5584624
-69
-136
-32
1286
-1795
3851
5585649
161
-164
-22
1469
-1280
3241
5586674
80
-66
-17
1234
-1253
3363
5587699
-15
30
-19
1157
-1533
3816
5588724
68
70
3
1189
-1415
4005
5589749
78
30
16
1238
-1415
3907
5590774
43
4
4
1267
-1470
3806
5591799
2
0
4
1294
-1397
3845
5592824
3
-9
25
1227
-1451
3887
5593849
59
-23
30
1208
-1425
3875
5594874
69
-36
33
1203
-1431
3800
5595899
32
-39
31
1228
-1449
3802
5596924
-18
-29
21
1256
-1491
3769
5597949
-12
-18
14
1273
-1496
3748
5598974
29
-6
7
1272
-1447
3765
5591680
29
8
4
1249
-1412
3777
5592705
10
10
2
1230
-1449
3840
5593730
30
7
10
1246
-1419
3833
5594755
59
4
31
1262
-1349
3770
5595780
53
23
55
1246
-1236
3648
5596805
5
58
70
1176
-1274
3672
5597830
-31
61
56
1181
-1612
3914
5598855
3
39
26
1249
-1694
4037
5599880
15
-7
9
1277
-1535
3935
5600905
-13
-48
-14
1261
-1477
3814
5601930
6
-49
-34
1225
-1401
3776
5602955
42
-42
-28
1180
-1373
3824
5603980
43
-36
-9
1183
-1382
3783
5605005
21
-24
6
1215
-1377
3762
5606030
-19
-16
18
1247
-1411
3771
5607055
-18
-8
23
1276
-1426
3781
5599872
-5
-1
15
1279
-1419
3779
5600897
4
2
1
1253
-1465
3805
5601922
14
4
-13
1233
-1452
3823
5602947
1
3
-20
1217
-1433
3816
5603972
-8
-3
-24
1223
-1434
3842
5604997
-2
-11
-20
1230
-1409
3815
5606022
12
-17
-31
1187
-1429
3804
5607047
13
-17
-35
1274
-1337
3831
5608072
-15
-15
0
1233
-1382
3769
5609097
-11
-4
4
1242
-1394
3743
5610122
-14
5
4
1250
-1409
3795
5611147
-27
9
3
1254
-1427
3789
5612172
-23
9
-3
1233
-1435
3827
5613197
-15
9
-11
1242
-1436
3825
5614222
-15
-1
-13
1234
-1437
3855
5615247
-18
-13
-20
1244
-1416
3831
5608063
-4
-21
-39
1226
-1429
3792
5609088
-4
-22
-35
1272
-1366
3839
5610113
-22
-22
-12
1229
-1425
3797
5611138
-17
-18
-8
1231
-1408
3787
5612163
-12
-15
-3
1238
-1420
3806
5613188
-27
-13
-2
1248
-1423
3822
5614213
-41
-18
0
1266
-1435
3802
5615238
-12
-18
-7
1222
-1478
3773
5616263
26
-11
-33
1313
-1359
3810
5617288
-11
-13
-4
1270
-1436
3814
5618313
-14
-18
-1
1254
-1437
3794
5619338
-7
-18
-5
1262
-1436
3794
5620363
-7
-15
-3
1266
-1413
3784
5621388
-14
-12
1
1260
-1435
3777
5622413
-6
-8
-1
1257
-1435
3773
5623438
3
-2
1
1256
-1443
3778
5616256
-4
0
2
1258
-1461
3784
5617281
-4
8
5
1244
-1453
3786
5618306
0
12
6
1237
-1410
3815
5619331
-9
7
9
1245
-1423
3808
5620356
-7
3
13
1263
-1396
3819
5621381
-16
-1
19
1273
-1397
3796
5622406
-3
-4
19
1264
-1390
3779
5623431
10
-1
16
1238
-1389
3775
5624456
3
5
20
1215
-1433
3800
5625481
0
7
26
1230
-1467
3825
5626506
-14
5
30
1251
-1477
3807
5627531
-16
-5
30
1264
-1487
3826
5628556
-11
-12
22
1291
-1461
3829
5629581
4
-18
19
1292
-1451
3812
5630606
19
-20
12
1285
-1449
3794
5631631
16
-15
8
1273
-1401
3770
5624449
1
-14
8
1264
-1406
3753
5625474
1
-5
5
1259
-1414
3769
5626499
-9
5
2
1262
-1410
3757
5627524
-20
12
1
1262
-1414
3754
5628549
-21
24
-1
1264
-1416
3782
5629574
-18
25
-7
1243
-1434
3825
5630599
-25
20
-11
1245
-1415
3805
5631624
-51
19
-7
1245
-1424
3782
5632649
-48
18
-2
1219
-1472
3821
5633674
-13
11
5
1214
-1421
3860
5634699
-5
-5
11
1226
-1389
3854
5635724
-21
-17
10
1239
-1465
3796
5636749
-8
-19
7
1247
-1501
3801
5637774
21
-17
8
1236
-1470
3823
5638799
16
-13
8
1231
-1413
3786
5639824
-5
-15
6
1250
-1416
3762
5632640
-20
-6
6
1273
-1423
3751
5633665
-55
35
9
1356
-1386
3779
5634690
-205
103
16
1312
-1451
3949
5635715
-250
106
23
1265
-1578
3771
5636740
167
43
42
1010
-1454
4018
5637765
315
-65
25
1159
-1523
4273
5638790
-152
-124
-24
1283
-1860
3530
5639815
-112
-104
-12
1321
-1431
3149
5640840
-59
-23
32
1161
-1310
3577
5641865
-111
12
18
1142
-1241
4108
5642890
-128
-57
2
1226
-1539
4279
5643915
4
-152
-17
1301
-1779
3798
5644940
202
-154
-24
1482
-1286
3208
5645965
94
-73
-27
1311
-1182
3423
5646990
-80
8
-20
1194
-1562
3772
5648015
18
81
18
1198
-1439
3877
5640832
63
68
21
1233
-1509
3844
5641857
87
37
-12
1285
-1563
3878
5642882
52
13
-22
1336
-1453
3935
5643907
-6
-18
-9
1292
-1465
3842
5644932
34
-22
0
1243
-1421
3732
5645957
74
-4
6
1213
-1401
3708
5646982
67
26
21
1209
-1402
3754
5648007
18
29
26
1239
-1471
3878
5649032
1
4
18
1273
-1507
3915
5650057
43
-26
-7
1288
-1455
3825
5651082
54
-30
-5
1301
-1378
3727
5652107
30
-18
7
1225
-1415
3745
5653132
-2
-6
2
1247
-1432
3810
5654157
-22
-1
3
1275
-1469
3778
5655182
-23
7
-1
1303
-1459
3740
5656207
-4
23
-6
1298
-1412
3740
5649024
-2
30
-7
1245
-1418
3810
5650049
11
17
-5
1216
-1448
3886
5651074
32
-5
6
1236
-1413
3903
5652099
12
-25
11
1270
-1411
3861
5653124
3
-39
15
1300
-1426
3788
5654149
23
-36
18
1277
-1441
3752
5655174
25
-18
9
1248
-1468
3726
5656199
30
-6
10
1226
-1457
3782
5657224
19
-5
7
1235
-1438
3824
5658249
3
-9
4
1259
-1407
3814
5659274
5
-16
9
1268
-1387
3802
5660299
14
-20
12
1270
-1369
3800
5661324
21
-19
19
1272
-1381
3822
5662349
5
-19
18
1272
-1415
3807
5663374
1
-20
21
1246
-1388
3772
5664399
-32
-19
18
1238
-1397
3758
5657215
-47
-10
16
1244
-1407
3794
5658240
-31
-12
14
1263
-1412
3858
5659265
-19
-22
12
1288
-1434
3815
5660290
-25
-29
8
1300
-1439
3778
5661315
-32
-30
-1
1302
-1445
3768
5662340
-21
-19
-5
1298
-1428
3733
5663365
-7
-3
-6
1282
-1461
3743
5664390
-4
10
-9
1261
-1504
3762
5665415
10
14
-2
1235
-1470
3788
5666440
13
4
-1
1242
-1469
3831
5667465
-5
-3
-1
1274
-1440
3819
5668490
-17
-7
4
1291
-1432
3787
5669515
2
-11
1
1284
-1436
3819
5670540
25
-15
2
1299
-1417
3784
5671565
17
-15
1
1279
-1411
3763
5672590
3
-8
-3
1270
-1408
3756
5665408
-1
2
0
1282
-1400
3729
5666433
-6
17
1
1274
-1418
3755
5667458
-10
30
-6
1285
-1425
3783
5668483
-3
32
-6
1283
-1414
3777
5669508
8
32
-2
1256
-1410
3828
5670533
-5
18
-4
1241
-1391
3889
5671558
-21
-8
0
1249
-1416
3857
5672583
-8
-20
3
1262
-1421
3796
5673608
4
-18
5
1266
-1416
3778
5674633
2
-13
12
1263
-1408
3776
5675658
-9
-12
14
1258
-1440
3778
5676683
-9
-9
11
1256
-1457
3778
5677708
-10
-1
10
1270
-1444
3770
5678733
-16
1
6
1267
-1442
3797
5679758
-14
-4
2
1282
-1443
3797
5680783
0
1
4
1276
-1429
3771
5673601
5
3
4
1264
-1437
3811
5674626
-7
0
4
1274
-1422
3799
5675651
-7
-2
7
1258
-1444
3765
5676676
4
3
6
1255
-1440
3791
5677701
0
4
4
1264
-1424
3815
5678726
-21
-5
1
1264
-1452
3806
5679751
-11
-10
-3
1276
-1445
3809
5680776
0
-13
-7
1272
-1432
3801
5681801
4
-14
-4
1259
-1418
3791
5682826
-10
-10
0
1269
-1404
3762
5683851
-16
-6
6
1252
-1454
3792
5684876
-2
-5
2
1263
-1471
3808
5685901
17
-3
4
1267
-1430
3772
5686926
1
-2
-2
1266
-1438
3814
5687951
-11
-11
-4
1275
-1434
3827
5688976
-3
-17
-3
1268
-1425
3771
5681792
-6
-16
-5
1267
-1424
3770
5682817
-15
-10
-4
1258
-1414
3790
5683842
-23
-8
-5
1266
-1435
3796
5684867
-11
-7
-2
1278
-1440
3774
5685892
3
7
3
1290
-1430
3712
5686917
6
21
5
1281
-1412
3781
5687942
-13
14
-2
1275
-1457
3872
5688967
-12
1
-2
1273
-1450
3822
5689992
5
-10
0
1261
-1409
3796
5691017
-1
-13
2
1250
-1397
3783
5692042
-17
-9
9
1251
-1392
3752
5693067
-30
3
17
1272
-1365
3746
5694092
-89
35
27
1307
-1387
3772
5695117
-141
62
54
1247
-1606
3904
5696142
-118
61
27
1325
-1550
3898
5697167
-22
25
62
1322
-1389
3841
5689985
-42
5
65
1189
-1392
3913
5691010
33
-57
38
969
-1564
4246
5692035
68
-141
56
1249
-1740
3816
5693060
44
-109
-11
1354
-1615
3076
5694085
-17
-18
15
1323
-1304
3318
5695110
-272
40
19
1227
-1354
3916
5696135
-251
6
-40
1270
-1468
4359
5697160
-30
-113
-68
1274
-1748
4116
5698185
227
-207
-65
1407
-1628
3395
5699210
227
-139
-42
1402
-1069
3122
5700235
-44
-44
-46
1180
-1429
3580
5701260
-56
48
-12
1222
-1510
3836
5702285
65
70
36
1262
-1325
3821
5703310
40
48
31
1311
-1485
3780
5704335
37
47
7
1390
-1460
3854
5705360
17
29
25
1358
-1511
3956
5698175
14
-10
30
1269
-1529
3961
5699200
30
-52
32
1254
-1410
3830
5700225
24
-55
43
1257
-1407
3633
5701250
9
-12
54
1256
-1368
3625
5702275
5
23
64
1281
-1443
3725
5703300
27
27
66
1323
-1466
3791
5704325
22
10
57
1318
-1477
3830
5705350
-18
-9
27
1310
-1609
3846
5706375
10
-6
2
1304
-1542
3826
5707400
10
-15
-9
1283
-1488
3784
5708425
7
-17
-15
1270
-1465
3759
5709450
11
-12
-6
1254
-1417
3761
5710475
8
-11
1
1258
-1424
3784
5711500
-1
-8
10
1274
-1435
3758
5712525
7
-7
17
1281
-1453
3770
5713550
2
-3
15
1303
-1479
3750
5706369
3
-4
11
1299
-1463
3814
5707394
-2
-11
0
1305
-1518
3802
5708419
15
-15
-5
1294
-1485
3772
5709444
13
-18
-9
1287
-1475
3773
5710469
-4
-14
-7
1275
-1429
3738
5711494
-15
-1
-1
1281
-1457
3708
5712519
5
5
-2
1282
-1442
3822
5713544
1
2
3
1310
-1439
3779
5714569
-5
-8
11
1297
-1458
3798
5715594
12
-15
6
1290
-1460
3812
5716619
22
-13
2
1296
-1445
3745
5717644
10
-10
2
1285
-1452
3740
5718669
-9
-3
1
1287
-1480
3753
5719694
3
3
3
1277
-1452
3795
5720719
4
5
2
1291
-1444
3774
5721744
-22
13
2
1290
-1442
3756
5714560
-46
15
1
1298
-1478
3768
5715585
-27
17
-4
1277
-1507
3832
5716610
-11
0
-20
1284
-1535
3870
5717635
-11
-20
-22
1293
-1466
3794
5718660
-25
-26
-17
1283
-1447
3695
5719685
-6
-9
-11
1276
-1420
3715
5720710
9
11
-2
1271
-1398
3757
5721735
-16
11
3
1289
-1447
3786
5722760
-20
7
8
1313
-1459
3768
5723785
-10
9
7
1311
-1463
3737
5724810
6
17
1
1287
-1471
3773
5725835
-1
17
-8
1273
-1467
3803
5726860
-23
11
-11
1267
-1485
3802
5727885
-24
5
-12
1274
-1490
3780
5728910
-10
9
-12
1270
-1455
3776
5729935
-11
6
-13
1269
-1455
3811
5722755
-11
-5
-8
1281
-1487
3798
5723780
5
-11
-4
1265
-1465
3792
5724805
6
-13
-6
1268
-1441
3788
5725830
-5
-14
-4
1269
-1467
3762
5726855
7
-15
-5
1279
-1466
3792
5727880
7
-17
-7
1299
-1455
3780
5728905
-2
-12
-3
1295
-1462
3717
5729930
-7
-1
-3
1286
-1454
3758
5730955
-12
4
-9
1282
-1469
3796
5731980
-9
1
-11
1297
-1474
3781
5733005
-6
-3
-13
1309
-1457
3765
5734030
-8
3
-10
1302
-1455
3751
5735055
-3
10
-7
1286
-1461
3769
5736080
5
10
-6
1270
-1449
3802
5737105
-4
0
-5
1262
-1442
3797
5738130
-10
-7
0
1272
-1449
3756
5730944
-9
-3
3
1282
-1456
3760
5731969
-6
6
4
1285
-1438
3787
5732994
-19
3
3
1289
-1466
3804
5734019
-26
-9
3
1291
-1459
3781
5735044
-21
-14
1
1281
-1471
3772
5736069
-25
-10
-4
1292
-1428
3779
5737094
-64
-9
2
1292
-1442
3776
5738119
-98
-10
3
1318
-1531
3881
5739144
-161
1
-5
1360
-1529
4041
5740169
-274
45
-15
1423
-1265
3420
5741194
39
88
41
1019
-1602
3382
5742219
363
123
9
1182
-1619
3837
5743244
-177
96
-52
1387
-1835
3674
5744269
-206
45
-46
1399
-1632
3740
5745294
-14
22
-14
1260
-1390
3887
5746319
8
-5
-25
1113
-1180
4258
5739136
-153
-134
-69
1145
-1559
4403
5740161
-64
-247
-49
1225
-1685
3797
5741186
171
-246
13
1392
-1333
2965
5742211
134
-108
33
1289
-1173
3238
5743236
-52
-1
45
1264
-1564
3781
5744261
14
66
83
1318
-1518
3814
5745286
89
51
74
1333
-1532
3766
5746311
82
15
0
1385
-1607
3952
5747336
-14
-20
-27
1407
-1591
3972
5748361
-14
-43
-14
1319
-1546
3750
5749386
71
-40
-14
1271
-1430
3612
5750411
88
-6
-4
1205
-1392
3686
5751436
15
1
8
1213
-1456
3870
5752461
-20
-21
25
1291
-1498
3874
5753486
4
-25
27
1367
-1506
3688
5754511
38
11
34
1365
-1470
3606
5747327
55
23
17
1310
-1515
3818
5748352
42
9
-9
1315
-1587
3905
5749377
49
-25
-23
1316
-1509
3857
5750402
56
-58
-32
1322
-1466
3763
5751427
47
-45
-29
1319
-1402
3603
5752452
36
-15
-15
1269
-1368
3696
5753477
-6
-1
-9
1278
-1429
3817
5754502
-3
-2
6
1299
-1452
3803
5755527
19
-16
8
1298
-1479
3782
5756552
36
-14
-23
1390
-1351
3708
5757577
2
-4
11
1376
-1376
3648
5758602
15
-2
17
1325
-1447
3793
5759627
43
-6
14
1310
-1450
3891
5760652
32
-14
23
1301
-1418
3777
5761677
-10
-10
29
1301
-1454
3636
5762702
7
9
33
1288
-1482
3717
5755520
37
19
24
1303
-1512
3828
5756545
37
12
18
1328
-1457
3822
5757570
14
3
16
1337
-1437
3727
5758595
9
8
10
1308
-1429
3755
5759620
0
8
5
1301
-1433
3819
5760645
-8
8
4
1310
-1445
3771
5761670
11
10
11
1311
-1422
3767
5762695
-1
8
10
1301
-1434
3757
5763720
-10
9
12
1295
-1432
3748
5764745
5
16
13
1288
-1449
3759
5765770
16
19
11
1293
-1417
3796
5766795
-3
15
14
1310
-1431
3790
5767820
-14
8
11
1308
-1476
3830
5768845
1
6
5
1309
-1454
3791
5769870
13
-1
2
1285
-1429
3795
5770895
1
-4
3
1284
-1442
3765
5763712
-10
1
4
1273
-1438
3772
5764737
-4
3
5
1285
-1439
3787
5765762
10
5
9
1290
-1418
3758
5766787
4
8
13
1302
-1441
3754
5767812
-6
18
14
1296
-1437
3772
5768837
-6
17
8
1279
-1470
3813
5769862
4
9
1
1286
-1437
3817
5770887
-13
-3
-5
1292
-1435
3795
5771912
-16
-5
-8
1280
-1446
3762
5772937
2
0
-9
1267
-1422
3761
5773962
-10
7
-6
1270
-1422
3766
5774987
-23
4
-4
1281
-1431
3833
5776012
-25
-5
-4
1299
-1457
3792
5777037
-19
-8
-4
1302
-1450
3748
5778062
-10
-6
-3
1294
-1453
3789
5779087
-6
-6
-8
1288
-1449
3811
5771904
-12
-7
-7
1291
-1467
3774
5772929
-4
-6
-5
1289
-1451
3803
5773954
-11
-9
-5
1299
-1423
3780
5774979
-20
-12
0
1308
-1421
3734
5776004
-7
-5
3
1297
-1414
3759
5777029
-2
3
2
1287
-1405
3769
5778054
-1
6
11
1284
-1437
3774
5779079
-15
3
11
1283
-1456
3806
5780104
-14
-1
13
1296
-1459
3799
5781129
-14
-1
11
1298
-1473
3779
5782154
-5
-3
5
1299
-1464
3788
5783179
-3
-7
-2
1298
-1457
3760
5784204
9
-6
-3
1279
-1435
3760
5785229
15
-2
-4
1270
-1440
3798
5786254
-1
1
-3
1271
-1431
3759
5787279
-4
5
4
1261
-1441
3765
5780097
0
7
6
1279
-1443
3806
5781122
-19
-1
8
1304
-1434
3794
5782147
-33
-10
6
1311
-1455
3777
5783172
-22
-8
-4
1317
-1464
3761
5784197
-13
4
-9
1300
-1455
3760
5785222
-20
11
-8
1275
-1442
3763
5786247
-50
23
-3
1280
-1412
3741
5787272
-111
37
9
1279
-1414
3784
5788297
-162
58
5
1360
-1453
3792
5789322
-245
82
17
1399
-1524
4005
5790347
-366
72
57
1302
-1408
3626
5791372
67
36
88
1045
-1212
3521
5792397
312
-28
47
1171
-1552
4174
5793422
-223
-54
73
1338
-1726
3955
5794447
-306
-57
97
1272
-1786
3484
5795472
-47
-6
92
1208
-1641
3418
5788287
78
57
87
1183
-1380
3713
5789312
-68
23
33
1183
-1582
4164
5790337
-162
-96
-11
1245
-1785
4123
5791362
-11
-172
-31
1412
-1652
3473
5792387
115
-115
-34
1386
-1256
3298
5793412
-24
-38
-39
1205
-1505
3669
5794437
-20
31
-1
1170
-1584
3860
5795462
54
35
33
1215
-1504
3812
5796487
16
17
40
1284
-1564
3729
5797512
-2
0
35
1317
-1595
3816
5798537
-17
-19
16
1338
-1579
3835
5799562
3
-27
15
1328
-1532
3718
5800587
25
-11
17
1279
-1495
3628
5801612
25
14
21
1215
-1515
3700
5802637
3
22
31
1244
-1531
3770
5803662
-14
17
49
1271
-1541
3771
5796545
-29
13
55
1262
-1541
3777
5797570
-49
7
48
1244
-1622
3775
5798595
-24
-7
30
1248
-1684
3751
5799620
11
-14
9
1276
-1654
3772
5800645
11
-30
-19
1303
-1604
3809
5801670
-12
-33
-34
1311
-1560
3690
5802695
10
-28
-33
1266
-1537
3705
5803720
27
-9
-17
1238
-1525
3728
5804745
26
1
8
1213
-1488
3761
5805770
-3
3
25
1253
-1549
3722
5806795
-9
1
26
1281
-1563
3771
5807820
-14
-12
2
1260
-1580
3765
5808845
-25
-28
-96
1404
-1504
3720
5809870
-4
-17
-33
1342
-1577
3721
5810895
28
-3
-16
1252
-1567
3710
5811920
20
4
-16
1225
-1583
3735
5804672
9
11
-3
1212
-1579
3759
5805697
1
14
9
1242
-1568
3741
5806722
5
6
14
1259
-1563
3742
5807747
12
-10
-9
1309
-1502
3805
5808772
-10
-24
-14
1354
-1505
3780
5809797
-11
-25
-15
1324
-1551
3700
5810822
6
-7
-16
1274
-1564
3681
5811847
16
10
-10
1224
-1563
3722
5812872
6
20
8
1220
-1558
3726
5813897
2
19
15
1247
-1569
3782
5814922
-7
4
4
1280
-1551
3792
5815947
-11
-12
-28
1374
-1497
3770
5816972
-5
-19
-18
1332
-1547
3760
5817997
24
-16
-21
1281
-1525
3746
5819022
27
-10
-12
1232
-1571
3743
5820047
29
-3
5
1202
-1558
3753
5812863
2
-4
18
1229
-1550
3747
5813888
-18
-12
20
1283
-1538
3765
5814913
-15
-21
7
1342
-1527
3736
5815938
4
-22
-28
1384
-1505
3734
5816963
13
-18
-28
1351
-1508
3730
5817988
34
-8
-21
1263
-1551
3715
5819013
45
2
-16
1209
-1563
3742
5820038
31
5
3
1209
-1529
3753
5821063
-11
1
18
1248
-1530
3743
5822088
-21
-7
19
1308
-1504
3771
5823113
-11
-15
7
1367
-1520
3764
5824138
11
-17
-7
1362
-1515
3727
5825163
23
-11
-14
1304
-1522
3715
5826188
13
3
-13
1247
-1532
3718
5827213
7
13
-3
1216
-1559
3755
5828238
0
12
5
1245
-1550
3765
5821056
-13
8
12
1294
-1507
3740
5822081
-22
1
2
1336
-1516
3761
5823106
-5
-2
-15
1348
-1507
3771
5824131
11
-6
-22
1306
-1523
3772
5825156
12
-8
-25
1259
-1535
3759
5826181
7
-4
-15
1233
-1531
3728
5827206
-2
-3
-3
1227
-1529
3766
5828231
-11
-10
5
1260
-1498
3782
5829256
-18
-16
6
1312
-1513
3746
5830281
-16
-18
1
1340
-1526
3722
5831306
-10
-12
-5
1337
-1504
3723
5832331
-10
-10
-14
1310
-1552
3744
5833356
5
-3
-18
1277
-1567
3739
5834381
12
0
-13
1259
-1534
3766
5835406
-1
-3
-5
1264
-1493
3753
5836431
-15
-5
4
1290
-1484
3720
5829249
-19
-4
7
1308
-1513
3762
5830274
-6
-3
4
1310
-1526
3782
5831299
1
-11
1
1296
-1513
3747
5832324
-10
-15
-3
1301
-1525
3710
5833349
-25
-10
-1
1288
-1535
3723
5834374
-18
-2
3
1287
-1515
3732
5835399
-11
7
9
1292
-1503
3722
5836424
-7
11
17
1304
-1482
3718
5837449
-8
17
22
1311
-1507
3721
5838474
-2
22
22
1287
-1535
3756
5839499
7
16
16
1262
-1606
3820
5840524
18
7
7
1256
-1571
3809
5841549
-10
-7
4
1276
-1538
3734
5842574
-19
-12
5
1282
-1526
3744
5843599
-5
-7
6
1288
-1507
3756
5844624
-6
-2
5
1300
-1492
3734
5837441
-33
5
8
1331
-1496
3708
5838466
-61
43
29
1367
-1573
3796
5839491
-141
77
50
1264
-1623
4031
5840516
-132
45
48
1234
-1442
3801
5841541
197
24
48
1069
-1609
3537
5842566
244
47
36
1272
-1436
3575
5843591
-136
55
15
1361
-1550
3410
5844616
-117
84
35
1312
-1709
3646
5845641
46
95
28
1237
-1470
3893
5846666
-35
53
17
1200
-1464
4102
5847691
-174
-73
-54
1190
-1751
4349
5848716
-82
-182
-58
1220
-1721
3909
5849741
117
-215
-42
1257
-1469
3402
5850766
128
-120
-15
1235
-1298
3347
5851791
-48
-43
14
1183
-1549
3688
5852816
-30
0
51
1287
-1571
3757
5845633
29
16
59
1348
-1543
3694
5846658
6
18
18
1372
-1595
3695
5847683
-8
15
4
1381
-1585
3792
5848708
5
-1
-6
1306
-1613
3820
5849733
37
-12
-17
1248
-1547
3771
5850758
35
-13
-13
1221
-1515
3721
5851783
12
6
0
1218
-1511
3686
5852808
8
14
13
1240
-1519
3782
5853833
-5
3
20
1276
-1551
3810
5854858
-7
-13
24
1294
-1539
3807
5855883
-3
-27
23
1288
-1565
3763
5856908
20
-23
14
1296
-1554
3703
5857933
23
-12
6
1284
-1589
3738
5858958
7
-12
-8
1303
-1559
3752
5859983
-3
-17
-4
1276
-1539
3742
5861008
6
-16
-8
1272
-1530
3722
5853824
18
-10
-6
1261
-1512
3727
5854849
-2
-8
-1
1277
-1517
3735
5855874
-3
-5
10
1273
-1543
3767
5856899
1
-9
7
1259
-1562
3765
5857924
15
-19
-12
1318
-1533
3744
5858949
13
-20
3
1296
-1537
3747
5859974
2
-13
2
1285
-1539
3712
5860999
-4
-5
0
1302
-1502
3693
5862024
-19
6
0
1312
-1539
3709
5863049
-11
18
-2
1310
-1541
3727
5864074
2
21
0
1297
-1523
3750
5865099
3
19
-2
1280
-1551
3784
5866124
1
9
-4
1253
-1565
3795
5867149
5
-5
-2
1252
-1545
3794
5868174
3
-13
3
1272
-1521
3755
5869199
-4
-19
6
1277
-1519
3763
5862016
0
-22
6
1277
-1533
3756
5863041
5
-21
8
1288
-1527
3711
5864066
0
-15
8
1295
-1541
3690
5865091
-6
-3
8
1309
-1527
3698
5866116
-7
9
8
1296
-1541
3716
5867141
6
18
1
1286
-1542
3759
5868166
2
13
-2
1275
-1553
3773
5869191
-3
2
-5
1261
-1543
3788
5870216
-7
-6
-2
1272
-1538
3744
5871241
4
-12
3
1260
-1542
3778
5872266
8
-14
2
1275
-1523
3784
5873291
-3
-17
8
1290
-1523
3734
5874316
-2
-17
8
1298
-1505
3730
5875341
-5
-12
6
1300
-1536
3716
5876366
2
-7
5
1290
-1555
3732
5877391
5
-4
2
1287
-1550
3753
5870209
-3
0
-2
1289
-1542
3743
5871234
-8
2
-3
1296
-1547
3748
5872259
8
-1
-2
1277
-1547
3769
5873284
20
-5
1
1276
-1529
3760
5874309
2
-13
0
1269
-1525
3778
5875334
-7
-23
2
1277
-1530
3762
5876359
17
-27
4
1278
-1522
3729
5877384
13
-21
5
1304
-1502
3691
5878409
-2
-13
13
1303
-1509
3713
5879434
-7
-4
8
1305
-1548
3742
5880459
-3
5
1
1307
-1541
3749
5881484
-9
2
-2
1293
-1540
3750
5882509
-11
1
-7
1287
-1527
3746
5883534
1
-7
-24
1264
-1549
3767
5884559
11
-12
-22
1328
-1471
3782
5885584
1
-12
3
1285
-1519
3730
5878400
3
-7
5
1290
-1516
3733
5879425
-6
-5
5
1284
-1516
3744
5880450
-4
-8
6
1289
-1542
3766
5881475
11
-11
1
1295
-1529
3775
5882500
-3
-16
-1
1309
-1520
3723
5883525
-19
-15
0
1303
-1522
3703
5884550
-4
-11
-1
1295
-1514
3731
5885575
11
-9
-2
1288
-1537
3758
5886600
12
-10
-2
1290
-1540
3742
5887625
4
-4
1
1293
-1532
3717
5888650
-12
4
3
1290
-1524
3732
5889675
-12
5
4
1293
-1519
3774
5890700
-7
3
1
1298
-1518
3766
5891725
-3
-4
3
1292
-1491
3769
5892750
-18
-8
1
1313
-1516
3746
5893775
-33
9
7
1363
-1507
3739
5886595
-77
49
1
1304
-1571
3865
5887620
-135
55
-9
1366
-1595
3706
5888645
-60
81
32
1245
-1489
3630
5889670
214
34
36
1034
-1600
4142
5890695
34
-37
-3
1328
-1755
3872
5891720
-80
-64
-26
1421
-1642
3168
5892745
9
-25
-8
1304
-1413
3403
5893770
-61
34
9
1209
-1322
3875
5894795
-178
-8
-1
1202
-1456
4350
5895820
-144
-130
-24
1278
-1766
4172
5896845
91
-213
-20
1298
-1680
3613
5897870
155
-170
-13
1443
-1198
3091
5898895
-82
-69
-2
1261
-1437
3379
5899920
-118
20
28
1238
-1700
3752
5900945
51
69
44
1342
-1511
3751
5901970
42
69
42
1409
-1555
3634
5894784
12
68
11
1395
-1613
3772
5895809
17
58
-7
1352
-1536
3902
5896834
29
23
0
1283
-1542
3857
5897859
45
-10
-4
1253
-1561
3772
5898884
48
4
9
1245
-1497
3690
5899909
4
9
22
1248
-1493
3776
5900934
-19
2
36
1289
-1530
3793
5901959
4
-15
33
1311
-1583
3778
5902984
16
-26
21
1338
-1588
3707
5904009
15
-19
17
1319
-1557
3676
5905034
-2
-2
7
1311
-1555
3686
5906059
-5
14
-2
1326
-1534
3713
5907084
-23
24
-5
1316
-1546
3688
5908109
-6
23
-5
1283
-1543
3784
5909134
13
13
-3
1274
-1506
3794
5910159
-7
11
6
1284
-1528
3697
5902975
-17
16
11
1269
-1558
3729
5904000
-4
18
11
1267
-1558
3790
5905025
2
5
3
1288
-1563
3818
5906050
-8
-13
2
1307
-1555
3745
5907075
-4
-18
0
1289
-1537
3706
5908100
0
-4
1
1296
-1545
3687
5909125
6
6
0
1275
-1522
3771
5910150
-12
6
2
1296
-1531
3720
5911175
-12
7
8
1284
-1538
3734
5912200
-6
4
2
1293
-1552
3737
5913225
-13
8
5
1297
-1543
3727
5914250
-21
7
3
1286
-1577
3752
5915275
-1
15
2
1285
-1557
3743
5916300
-2
15
0
1290
-1550
3744
5917325
-10
10
0
1287
-1550
3761
5918350
-5
6
4
1280
-1533
3745
5911168
-1
4
3
1281
-1532
3730
5912193
5
9
8
1262
-1525
3727
5913218
8
12
12
1265
-1534
3737
5914243
4
14
12
1271
-1543
3770
5915268
-11
7
15
1282
-1556
3761
5916293
-18
5
17
1281
-1564
3719
5917318
-14
9
14
1261
-1556
3746
5918343
-23
10
9
1266
-1559
3756
5919368
-22
10
7
1258
-1566
3751
5920393
-8
6
1
1263
-1595
3768
5921418
5
2
-1
1272
-1568
3743
5922443
1
-3
1
1262
-1542
3755
5923468
-13
-1
-3
1268
-1564
3734
5924493
-4
3
-4
1261
-1556
3752
5925518
7
-2
-3
1263
-1561
3763
5926543
9
-7
-2
1274
-1533
3764
5919360
-11
-9
-4
1282
-1544
3738
5920385
-7
-8
-3
1265
-1554
3741
5921410
1
-5
-2
1261
-1549
3738
5922435
-4
-3
2
1257
-1540
3730
5923460
-8
-1
8
1259
-1568
3736
5924485
1
6
7
1258
-1569
3751
5925510
-3
-2
4
1256
-1574
3785
5926535
-12
-13
0
1270
-1564
3763
5927560
-6
-14
-3
1271
-1555
3728
5928585
-1
-11
-3
1251
-1535
3751
5929610
-17
-11
-1
1253
-1544
3772
5930635
-31
-16
-1
1268
-1565
3746
5931660
-10
-19
1
1271
-1568
3738
5932685
10
-14
-1
1275
-1542
3730
5933710
-15
-6
-5
1285
-1548
3721
5934735
-16
-9
-2
1271
-1598
3767
5927551
11
-12
-8
1272
-1556
3763
5928576
6
-15
-6
1282
-1544
3722
5929601
0
-18
5
1276
-1527
3733
5930626
-2
-20
10
1265
-1549
3751
5931651
9
-21
11
1270
-1581
3713
5932676
13
-16
10
1289
-1576
3711
5933701
10
-9
9
1291
-1556
3708
5934726
10
-6
8
1285
-1556
3748
5935751
-6
-3
7
1297
-1559
3743
5936776
-3
-5
8
1281
-1536
3754
5937801
-3
-4
5
1288
-1539
3721
5938826
-10
7
4
1292
-1514
3697
5939851
-58
58
0
1419
-1556
3807
5940876
-209
124
29
1281
-1637
4135
5941901
-181
61
20
1016
-1579
3676
5942926
448
-14
-12
1197
-1698
3453
5935744
148
2
-9
1372
-1484
3745
5936769
-271
-20
-28
1340
-1705
3625
5937794
-88
-23
40
1264
-1476
3606
5938819
86
19
78
1168
-1325
3690
5939844
15
-37
11
1140
-1519
4293
5940869
-99
-156
-14
1261
-1799
4100
5941894
10
-180
13
1468
-1556
3211
5942919
66
-73
4
1281
-1384
3220
5943944
-22
17
-5
1209
-1654
3766
5944969
4
52
9
1261
-1643
3947
5945994
49
30
15
1272
-1570
3775
5947019
64
12
-11
1354
-1493
3727
5948044
20
8
3
1339
-1554
3754
5949069
33
-7
9
1281
-1567
3855
5950094
32
-25
-3
1252
-1586
3838
5951119
47
-43
8
1229
-1513
3777
5943936
24
-39
19
1272
-1492
3621
5944961
7
-12
25
1287
-1531
3643
5945986
-1
15
25
1312
-1562
3722
5947011
4
9
19
1305
-1584
3809
5948036
1
-6
2
1316
-1599
3779
5949061
15
-10
-4
1297
-1565
3741
5950086
8
-5
-9
1291
-1535
3706
5951111
4
-6
-1
1266
-1524
3756
5952136
7
-12
6
1264
-1529
3753
5953161
14
-8
14
1273
-1509
3698
5954186
9
0
20
1270
-1540
3720
5955211
5
1
16
1281
-1593
3797
5956236
8
-9
11
1301
-1570
3793
5957261
17
-25
-5
1266
-1607
3743
5958286
31
-22
-29
1332
-1512
3722
5959311
10
-12
-8
1287
-1510
3720
5952127
-13
3
-7
1291
-1496
3678
5953152
-23
25
-2
1285
-1452
3683
5954177
-26
21
-4
1265
-1588
3824
5955202
3
1
-17
1304
-1657
3862
5956227
29
-28
-16
1300
-1555
3817
5957252
2
-47
-22
1290
-1567
3704
5958277
10
-26
-19
1279
-1487
3651
5959302
7
-8
-13
1265
-1522
3681
5960327
14
6
-8
1284
-1549
3750
5961352
12
9
0
1300
-1507
3747
5962377
-3
5
1
1270
-1560
3742
5963402
23
-2
-25
1318
-1506
3796
5964427
9
-9
-5
1310
-1517
3761
5965452
-1
-11
1
1309
-1514
3711
5966477
-9
-1
0
1306
-1501
3710
5967502
-12
5
-5
1297
-1550
3749
5960321
10
11
-5
1308
-1557
3734
5961346
11
18
-6
1287
-1517
3731
5962371
-4
14
-7
1280
-1509
3769
5963396
-4
11
-1
1266
-1517
3769
5964421
4
6
2
1276
-1497
3777
5965446
-6
-1
3
1293
-1496
3751
5966471
-18
-1
6
1305
-1494
3724
5967496
-13
11
9
1308
-1530
3720
5968521
0
25
8
1300
-1510
3723
5969546
-14
26
6
1297
-1547
3750
5970571
-21
23
2
1266
-1570
3777
5971596
-9
20
-2
1269
-1551
3760
5972621
-7
15
-4
1258
-1523
3780
5973646
-5
7
-2
1268
-1529
3784
5974671
-4
4
2
1285
-1519
3755
5975696
4
0
6
1272
-1515
3779
5968512
9
-4
6
1269
-1524
3771
5969537
10
-11
9
1252
-1517
3767
5970562
8
-17
9
1246
-1539
3775
5971587
12
-19
9
1255
-1525
3779
5972612
-1
-24
9
1280
-1509
3750
5973637
-12
-26
10
1287
-1502
3743
5974662
9
-27
12
1296
-1514
3766
5975687
24
-22
12
1303
-1511
3765
5976712
1
-17
8
1276
-1526
3738
5977737
-19
-20
0
1258
-1523
3741
5978762
-16
-27
-5
1257
-1517
3759
5979787
-19
-27
-5
1295
-1526
3734
5980812
-29
-24
-6
1336
-1531
3727
5981837
-28
-20
-4
1359
-1533
3683
5982862
-13
-7
0
1342
-1541
3676
5983887
-2
6
-9
1311
-1537
3736
5976704
-11
14
-14
1284
-1536
3709
5977729
-16
19
-11
1264
-1563
3693
5978754
3
28
-3
1254
-1546
3736
5979779
5
32
5
1270
-1530
3764
5980804
-13
28
11
1287
-1550
3783
5981829
-16
20
10
1284
-1558
3788
5982854
-8
11
6
1268
-1579
3770
5983879
5
7
-2
1255
-1565
3797
5984904
-3
-1
-7
1262
-1513
3801
5985929
-35
-3
-12
1282
-1501
3766
5986954
-39
-4
-10
1296
-1523
3714
5987979
-19
5
-7
1318
-1480
3661
5989004
-15
30
-2
1303
-1442
3639
5990029
-10
44
5
1270
-1463
3723
5991054
-11
31
7
1250
-1539
3826
5992079
-3
8
13
1238
-1589
3863
5984896
7
-10
10
1240
-1584
3813
5985921
1
-16
4
1295
-1526
3782
5986946
-51
16
7
1371
-1567
3875
5987971
-144
24
42
1275
-1548
3993
5988996
-12
-3
65
1054
-1644
3769
5990021
450
-26
16
1146
-1712
3753
5991046
206
-23
-8
1353
-1434
3478
5992071
-181
4
2
1405
-1416
3115
5993096
-161
88
53
1301
-1560
3370
5994121
-32
152
45
1171
-1320
4109
5995146
-213
15
-37
1184
-1676
4697
5996171
-125
-170
-59
1239
-1954
4230
5997196
176
-257
-59
1443
-1452
3153
5998221
196
-145
-37
1311
-1033
3107
5999246
-88
-26
-9
1137
-1533
3690
6000271
-51
51
41
1193
-1590
3894
5993087
48
50
62
1241
-1536
3808
5994112
43
23
17
1366
-1589
3737
5995137
2
13
17
1426
-1549
3838
5996162
-7
-5
19
1357
-1584
3832
5997187
42
-23
7
1270
-1582
3792
5998212
59
-30
-11
1245
-1555
3737
5999237
15
-17
-3
1216
-1538
3687
6000262
26
-8
8
1233
-1505
3774
6001287
14
-4
15
1290
-1515
3751
6002312
10
-11
31
1299
-1521
3753
6003337
11
-4
31
1304
-1573
3733
6004362
29
13
35
1281
-1456
3708
6005387
7
20
49
1274
-1370
3715
6006412
-18
26
48
1280
-1522
3737
6007437
-4
33
34
1296
-1624
3779
6008462
7
23
16
1299
-1614
3794
6001280
4
6
0
1271
-1589
3807
6002305
7
-10
-16
1255
-1521
3808
6003330
6
-24
-18
1252
-1512
3761
6004355
21
-24
-10
1248
-1486
3726
6005380
10
-16
1
1241
-1456
3750
6006405
-21
-14
11
1266
-1477
3763
6007430
-16
-20
19
1277
-1540
3769
6008455
14
-21
14
1295
-1546
3743
6009480
13
-19
7
1292
-1541
3730
6010505
-6
-17
-1
1274
-1541
3736
6011530
-20
-12
-7
1279
-1528
3713
6012555
-3
0
-4
1265
-1521
3715
6013580
15
8
-2
1263
-1500
3781
6014605
-6
5
3
1287
-1487
3776
6015630
-20
-4
10
1285
-1504
3752
6016655
2
-3
11
1268
-1528
3768
6009746
23
-6
11
1270
-1501
3774
6010771
-3
-5
13
1268
-1532
3752
6011796
-8
-9
7
1263
-1543
3785
6012821
-5
-14
4
1288
-1544
3750
6013846
5
-15
2
1284
-1519
3754
6014871
-2
-14
-2
1287
-1519
3734
6015896
-1
-10
0
1277
-1508
3742
6016921
-3
-4
2
1273
-1534
3740
6017946
-2
1
4
1269
-1528
3763
6018971
0
-5
3
1277
-1525
3776
6019996
2
-10
2
1279
-1522
3756
6021021
4
-7
2
1280
-1531
3729
6022046
1
-1
0
1275
-1528
3759
6023071
-1
-1
-3
1276
-1534
3781
6024096
3
-9
0
1275
-1510
3776
6025121
3
-18
0
1281
-1497
3753
6017664
-10
-14
0
1286
-1493
3709
6018689
-11
-5
5
1275
-1500
3754
6019714
-6
-2
6
1288
-1505
3762
6020739
-5
-3
8
1299
-1502
3728
6021764
-1
1
12
1278
-1530
3734
6022789
-9
1
7
1276
-1544
3769
6023814
-4
-3
6
1276
-1555
3766
6024839
7
-4
0
1273
-1540
3754
6025864
6
-6
-2
1269
-1518
3769
6026889
-1
-11
2
1273
-1502
3782
6027914
-1
-14
7
1279
-1507
3753
6028939
4
-11
7
1287
-1505
3719
6029964
1
-7
7
1275
-1521
3754
6030989
-12
-6
6
1285
-1535
3757
6032014
-11
-5
3
1287
-1532
3757
6033039
0
-8
-3
1297
-1546
3769
6025856
11
-8
-2
1294
-1526
3755
6026881
-2
-9
-3
1297
-1521
3757
6027906
-5
-12
-4
1285
-1523
3754
6028931
13
-13
-2
1276
-1496
3741
6029956
9
-10
1
1267
-1500
3746
6030981
-6
-9
5
1273
-1505
3738
6032006
-6
-3
10
1287
-1522
3737
6033031
-11
3
6
1288
-1521
3799
6034056
-24
-5
1
1300
-1539
3783
6035081
-18
-15
-2
1295
-1531
3754
6036106
-18
-9
-6
1298
-1494
3718
6037131
-84
31
-7
1376
-1428
3684
6038156
-212
110
-6
1339
-1790
4023
6039181
-258
146
-38
1247
-1684
3920
6040206
97
49
-2
1019
-1378
3773
6041231
413
-65
-20
1196
-1492
3875
6034048
-48
-84
-64
1447
-1723
3358
6035073
-156
-49
-24
1372
-1647
3331
6036098
4
1
1
1256
-1452
3578
6037123
73
49
21
1240
-1177
3658
6038148
-67
20
24
1237
-1304
4149
6039173
-217
-75
1
1282
-1747
4190
6040198
-20
-132
13
1269
-1680
3776
6041223
134
-136
8
1361
-1397
3360
6042248
24
-64
14
1268
-1425
3538
6043273
-102
-3
29
1228
-1669
3755
6044298
-27
47
41
1286
-1608
3729
6045323
57
46
25
1300
-1625
3695
6046348
70
43
-25
1405
-1518
3766
6047373
-13
35
-9
1359
-1552
3799
6048398
-5
20
-2
1274
-1574
3789
6049423
48
12
-10
1250
-1527
3796
6042239
22
6
-8
1244
-1489
3781
6043264
-12
-4
10
1256
-1489
3743
6044289
-3
-5
22
1265
-1518
3733
6045314
1
0
25
1278
-1525
3720
6046339
-5
2
28
1281
-1562
3731
6047364
1
12
25
1273
-1606
3724
6048389
11
18
12
1286
-1595
3770
6049414
0
11
-2
1301
-1574
3788
6050439
-10
-1
-11
1296
-1554
3764
6051464
-13
-3
-18
1289
-1530
3721
6052489
-9
3
-19
1270
-1517
3714
6053514
-2
13
-13
1257
-1517
3718
6054539
-3
23
-10
1258
-1557
3743
6055564
-13
20
-7
1263
-1548
3792
6056589
-19
10
2
1272
-1553
3766
6057614
0
9
7
1263
-1550
3755
6050432
8
0
5
1276
-1537
3788
6051457
-4
-6
6
1285
-1543
3756
6052482
-6
-6
8
1272
-1562
3731
6053507
23
-2
10
1250
-1532
3755
6054532
13
0
9
1264
-1515
3731
6055557
-16
0
11
1272
-1534
3739
6056582
-20
-1
7
1276
-1539
3746
6057607
0
7
4
1286
-1526
3711
6058632
19
18
6
1267
-1500
3722
6059657
4
15
3
1249
-1528
3780
6060682
-19
10
6
1264
-1536
3785
6061707
-19
3
12
1259
-1553
3788
6062732
5
-1
10
1245
-1537
3797
6063757
4
-9
13
1241
-1521
3763
6064782
-16
-13
20
1247
-1515
3714
6065807
-13
-5
28
1251
-1511
3718
6058624
4
1
29
1258
-1537
3747
6059649
18
-3
25
1257
-1555
3797
6060674
4
-14
12
1276
-1567
3786
6061699
-11
-23
0
1278
-1582
3729
6062724
0
-23
-9
1261
-1602
3748
6063749
12
-19
-21
1246
-1595
3772
6064774
14
-16
-18
1249
-1554
3756
6065799
2
-21
-12
1247
-1539
3773
6066824
-4
-22
-6
1269
-1514
3740
6067849
-2
-22
1
1281
-1502
3741
6068874
3
-20
5
1282
-1532
3759
6069899
10
-21
8
1287
-1527
3747
6070924
13
-23
10
1277
-1545
3738
6071949
-4
-24
1
1282
-1557
3738
6072974
-11
-18
0
1288
-1580
3721
6073999
14
-10
-3
1281
-1566
3767
6066816
9
-8
-6
1280
-1541
3769
6067841
-2
-17
-8
1267
-1547
3781
6068866
12
-24
-7
1278
-1534
3756
6069891
27
-27
-6
1282
-1505
3761
6070916
7
-30
-6
1302
-1505
3738
6071941
0
-21
0
1302
-1500
3699
6072966
3
-14
-1
1296
-1511
3714
6073991
11
-12
0
1307
-1538
3725
6075016
17
-7
2
1286
-1544
3753
6076041
4
-6
-4
1292
-1527
3762
6077066
-6
-7
-1
1283
-1525
3735
6078091
6
-3
1
1274
-1525
3744
6079116
16
0
-2
1280
-1481
3776
6080141
-1
-11
4
1295
-1508
3773
6081166
1
-18
8
1297
-1519
3786
6082191
4
-20
5
1306
-1501
3743
6075008
-5
-16
7
1299
-1508
3690
6076033
-10
-6
4
1289
-1541
3720
6077058
-8
1
2
1286
-1542
3757
6078083
-12
0
5
1294
-1535
3729
6079108
-15
5
4
1299
-1527
3732
6080133
-23
12
-2
1318
-1499
3766
6081158
-74
47
-5
1396
-1513
3784
6082183
-158
119
9
1325
-1692
3880
6083208
-174
130
10
1355
-1510
3494
6084233
157
80
53
992
-1308
3844
6085258
268
-56
-16
1145
-1941
4352
6086283
-16
-151
-82
1384
-1866
3883
6087308
-117
-170
-31
1343
-1358
3246
6088333
-55
-111
-21
1236
-1360
3336
6089358
53
-29
11
1216
-1197
3776
6090383
-109
-8
40
1276
-1428
3981
6083200
-135
-35
50
1338
-1636
3821
6084225
34
-62
40
1371
-1602
3563
6085250
87
-59
9
1454
-1433
3483
6086275
-45
-23
-3
1311
-1603
3649
6087300
-48
25
1
1239
-1713
3754
6088325
68
47
-1
1254
-1590
3789
6089350
103
39
5
1266
-1518
3768
6090375
72
21
-15
1330
-1497
3814
6091400
1
3
-6
1352
-1531
3823
6092425
14
-7
22
1293
-1486
3804
6093450
26
-15
21
1287
-1518
3745
6094475
29
-16
21
1275
-1494
3769
6095500
1
-18
30
1300
-1490
3722
6096525
-10
-6
31
1314
-1558
3657
6097550
-7
13
16
1322
-1570
3703
6098575
-6
17
5
1303
-1587
3792
6091392
6
3
-7
1305
-1595
3835
6092417
12
-23
-7
1289
-1515
3819
6093442
14
-43
-3
1290
-1481
3747
6094467
6
-37
3
1295
-1472
3680
6095492
6
-26
9
1279
-1497
3708
6096517
11
-12
13
1298
-1539
3678
6097542
21
13
21
1322
-1508
3683
6098567
-8
6
8
1335
-1567
3792
6099592
-21
-5
-3
1345
-1585
3781
6100617
18
-18
-9
1307
-1506
3762
6101642
19
-16
-16
1294
-1523
3706
6102667
14
-7
-8
1271
-1486
3735
6103692
-7
-10
3
1287
-1521
3778
6104717
-13
-12
8
1319
-1523
3738
6105742
-2
-9
16
1324
-1504
3703
6106767
4
-3
12
1328
-1521
3727
6099584
-6
8
11
1328
-1517
3734
6100609
-16
2
3
1323
-1554
3755
6101634
5
1
-4
1323
-1543
3747
6102659
18
3
-3
1314
-1495
3724
6103684
3
5
0
1316
-1495
3709
6104709
6
22
11
1311
-1463
3692
6105734
19
36
24
1267
-1495
3753
6106759
24
23
18
1261
-1526
3880
6107784
5
-6
17
1296
-1524
3834
6108809
-7
-23
13
1308
-1550
3727
6109834
3
-16
4
1313
-1546
3675
6110859
6
1
1
1291
-1528
3709
6111884
0
9
-4
1276
-1541
3775
6112909
-10
9
-9
1294
-1528
3739
6113934
-12
4
-5
1301
-1514
3723
6114959
2
10
-2
1297
-1497
3749
6107777
2
14
-1
1287
-1512
3773
6108802
-8
5
0
1284
-1528
3795
6109827
-13
-8
-1
1297
-1538
3765
6110852
-2
-11
-2
1315
-1513
3715
6111877
-1
-2
0
1305
-1515
3725
6112902
-6
6
-3
1297
-1505
3743
6113927
-14
8
0
1301
-1501
3732
6114952
-21
8
2
1303
-1535
3725
6115977
-4
17
3
1304
-1507
3756
6117002
-13
15
1
1293
-1520
3768
6118027
-6
11
0
1291
-1531
3764
6119052
-1
6
0
1291
-1523
3754
6120077
-5
7
3
1276
-1525
3740
6121102
-3
6
4
1266
-1538
3785
6122127
0
-3
-1
1274
-1535
3796
6123152
15
-12
-4
1279
-1517
3776
6115968
18
-15
-2
1302
-1503
3735
6116993
13
1
7
1300
-1449
3651
6118018
0
17
14
1281
-1498
3702
6119043
1
26
13
1280
-1526
3789
6120068
-5
13
6
1291
-1549
3829
6121093
-9
-5
0
1301
-1541
3769
6122118
5
-11
-5
1300
-1502
3737
6123143
15
-7
-5
1283
-1507
3747
6124168
11
-1
2
1276
-1489
3753
6125193
1
2
8
1273
-1523
3739
6126218
11
6
9
1273
-1504
3772
6127243
-7
1
6
1289
-1527
3800
6128268
-12
-11
6
1292
-1520
3784
6129293
-2
-18
2
1280
-1514
3750
6130318
2
-12
-5
1288
-1511
3734
6131343
-10
-8
1
1279
-1504
3747
6124160
-16
-8
3
1274
-1511
3753
6125185
-19
-3
2
1294
-1505
3723
6126210
-22
5
5
1299
-1513
3721
6127235
-32
20
7
1305
-1519
3746
6128260
-66
56
6
1334
-1543
3774
6129285
-126
96
13
1281
-1580
3946
6130310
-149
50
-13
1273
-1651
4021
6131335
-54
-16
18
1235
-1432
3640
6132360
157
-46
31
1049
-1396
3550
6133385
176
-33
27
1317
-1735
3877
6134410
-195
-42
-21
1355
-1633
3636
6135435
-129
-40
45
1385
-1480
3437
6136460
23
14
46
1242
-1505
3629
6137485
30
14
12
1187
-1388
4117
6138510
-60
-101
-2
1201
-1557
4184
6139535
17
-161
15
1388
-1608
3508
6132351
83
-100
14
1370
-1344
3244
6133376
11
-31
14
1218
-1587
3661
6134401
2
26
24
1234
-1709
3906
6135426
43
29
25
1277
-1612
3845
6136451
80
8
4
1325
-1588
3745
6137476
35
-1
-27
1378
-1612
3744
6138501
11
-5
-24
1334
-1650
3816
6139526
35
-15
-10
1284
-1399
3848
6140551
25
-22
25
1253
-1279
3688
6141576
46
2
66
1240
-1276
3619
6142601
30
22
77
1267
-1438
3736
6143626
-6
25
84
1305
-1628
3788
6144651
3
0
62
1327
-1749
3817
6145676
25
-11
27
1342
-1692
3734
6146701
36
-5
-4
1300
-1579
3728
6147726
36
-14
-29
1265
-1565
3818
6140544
51
-28
-34
1282
-1574
3794
6141569
73
-26
-14
1277
-1431
3719
6142594
83
-16
17
1265
-1329
3692
6143619
55
-4
37
1269
-1315
3730
6144644
-14
5
54
1272
-1456
3769
6145669
-28
2
57
1292
-1580
3785
6146694
6
-2
45
1299
-1593
3764
6147719
10
-3
28
1298
-1557
3720
6148744
-9
-4
5
1263
-1563
3782
6149769
-5
-12
-13
1270
-1567
3800
6150794
20
-10
-10
1272
-1496
3739
6151819
6
-6
-9
1256
-1459
3743
6152844
-24
-2
-4
1256
-1461
3751
6153869
-34
-2
7
1281
-1470
3780
6154894
-34
-8
14
1294
-1485
3795
6155919
-18
-20
12
1317
-1480
3778
6148900
-20
-21
8
1346
-1505
3712
6149925
-17
-9
4
1320
-1542
3696
6150950
-2
1
-3
1271
-1584
3784
6151975
9
-4
-7
1256
-1553
3815
6153000
-4
-14
0
1263
-1543
3765
6154025
-9
-19
2
1304
-1533
3709
6155050
0
-11
10
1320
-1475
3740
6156075
-4
-19
-2
1316
-1485
3832
6157100
-22
-25
-7
1343
-1508
3734
6158125
-14
-28
-7
1299
-1513
3750
6159150
6
-22
-12
1297
-1532
3708
6160175
13
-4
-5
1281
-1505
3685
6161200
-2
10
8
1279
-1559
3688
6162225
0
24
18
1288
-1535
3727
6163250
-12
26
13
1303
-1496
3738
6164275
-5
25
5
1316
-1462
3754
6156927
11
18
-15
1316
-1461
3773
6157952
17
21
-15
1275
-1478
3748
6158977
10
32
2
1230
-1509
3755
6160002
-11
40
20
1204
-1552
3773
6161027
-23
39
26
1213
-1549
3797
6162052
-51
29
25
1270
-1559
3788
6163077
-60
11
14
1326
-1533
3799
6164102
-53
-4
-27
1333
-1583
3751
6165127
-25
-11
-60
1419
-1453
3804
6166152
-25
-25
-47
1347
-1525
3747
6167177
11
-28
-59
1291
-1514
3728
6168202
35
-23
-59
1221
-1528
3720
6169227
41
-4
-26
1184
-1529
3718
6170252
28
12
26
1184
-1586
3771
6171277
15
15
52
1221
-1573
3781
6172302
-10
6
53
1253
-1515
3758
6165121
-20
0
38
1311
-1492
3761
6166146
-17
-1
10
1396
-1453
3717
6167171
-14
3
-10
1414
-1434
3715
6168196
10
12
-34
1350
-1492
3715
6169221
34
28
-48
1260
-1523
3713
6170246
30
42
-33
1181
-1537
3755
6171271
7
42
-6
1119
-1571
3814
6172296
-20
34
11
1167
-1532
3821
6173321
-43
18
28
1235
-1512
3815
6174346
-43
4
28
1303
-1512
3813
6175371
-17
-16
2
1396
-1475
3845
6176396
-14
-35
-3
1384
-1516
3758
6177421
14
-32
-14
1303
-1526
3704
6178446
23
-16
-27
1231
-1529
3716
6179471
8
-2
-25
1201
-1545
3730
6180496
-14
5
-14
1217
-1541
3740
6173313
-31
5
-2
1255
-1524
3764
6174338
-23
1
4
1298
-1484
3792
6175363
-17
-9
0
1320
-1476
3822
6176388
-14
-26
-10
1308
-1508
3792
6177413
2
-31
-13
1276
-1548
3729
6178438
28
-19
-6
1237
-1497
3702
6179463
13
-7
3
1215
-1516
3724
6180488
-6
1
7
1240
-1528
3770
6181513
-16
2
12
1282
-1511
3748
6182538
-23
2
6
1314
-1493
3753
6183563
-31
5
0
1327
-1469
3733
6184588
-39
12
-4
1313
-1471
3734
6185613
-53
35
-5
1352
-1500
3706
6186638
-139
105
31
1413
-1461
3855
6187663
-388
114
78
1340
-1937
3926
6188688
-33
107
63
936
-1651
4009
6181505
713
-7
62
810
-1526
4482
6182530
51
-118
-65
1479
-1443
3207
6183555
-292
-127
20
1467
-1396
2907
6184580
-269
-48
56
1195
-1730
3662
6185605
4
55
29
1196
-1338
3935
6186630
-23
12
-2
1306
-1432
4036
6187655
-83
-102
-38
1249
-1939
4165
6188680
83
-181
-73
1262
-1668
3787
6189705
136
-190
-62
1386
-1227
3253
6190730
-48
-84
-25
1268
-1256
3252
6191755
-87
31
11
1159
-1650
3603
6192780
73
99
47
1229
-1544
3809
6193805
51
93
45
1299
-1607
3803
6194830
0
68
16
1407
-1625
3790
6195855
-10
41
8
1402
-1607
3892
6196880
0
6
5
1297
-1591
3914
6189696
48
-24
-9
1219
-1529
3852
6190721
54
-32
-13
1205
-1487
3772
6191746
30
-33
5
1210
-1489
3757
6192771
15
-34
26
1245
-1505
3763
6193796
-9
-28
35
1291
-1543
3712
6194821
-14
-15
34
1323
-1612
3695
6195846
5
7
26
1321
-1550
3657
6196871
30
20
22
1287
-1540
3765
6197896
6
8
-2
1297
-1622
3865
6198921
6
-16
-10
1290
-1551
3813
6199946
1
-38
-11
1277
-1525
3728
6200971
20
-31
-8
1262
-1459
3685
6201996
17
-6
9
1238
-1469
3680
6203021
27
-1
21
1237
-1529
3827
6204046
17
-11
27
1286
-1540
3806
6205071
-20
-26
26
1322
-1558
3733
6197888
-31
-22
14
1329
-1573
3703
6198913
21
-17
2
1288
-1554
3792
6199938
31
-22
-6
1284
-1526
3781
6200963
-11
-32
-5
1282
-1496
3746
6201988
-16
-29
5
1289
-1515
3674
6203013
15
3
15
1308
-1475
3611
6204038
13
35
27
1290
-1478
3669
6205063
-8
41
23
1288
-1574
3803
6206088
-4
29
17
1301
-1593
3831
6207113
6
11
10
1293
-1585
3791
6208138
18
-4
2
1275
-1552
3775
6209163
12
-16
-5
1263
-1533
3766
6210188
15
-18
-1
1255
-1531
3748
6211213
20
-10
6
1267
-1507
3747
6212238
4
-6
13
1276
-1524
3752
6213263
9
-7
14
1287
-1522
3772
6206080
11
-4
9
1309
-1541
3730
6207105
0
14
5
1295
-1522
3684
6208130
-20
11
-7
1274
-1543
3789
6209155
-12
-12
-19
1280
-1575
3873
6210180
2
-30
-20
1289
-1523
3796
6211205
-2
-32
-10
1284
-1462
3654
6212230
-2
-16
1
1267
-1469
3657
6213255
15
10
9
1253
-1468
3715
6214280
3
23
17
1282
-1514
3733
6215305
-15
22
20
1292
-1539
3772
6216330
-17
14
14
1300
-1564
3810
6217355
-12
1
1
1291
-1568
3804
6218380
-8
-12
-9
1279
-1556
3762
6219405
-14
-13
-12
1269
-1549
3707
6220430
-1
-5
-7
1251
-1527
3740
6221455
-1
4
-5
1267
-1504
3744
6214272
-18
8
1
1287
-1507
3729
6215297
-12
6
5
1281
-1512
3762
6216322
-4
7
4
1289
-1532
3749
6217347
-8
7
1
1280
-1532
3774
6218372
-17
6
1
1280
-1542
3753
6219397
-10
4
1
1266
-1543
3767
6220422
-5
0
-4
1264
-1546
3756
6221447
-6
-1
-4
1270
-1521
3749
6222472
-17
1
-3
1284
-1519
3736
6223497
-18
10
2
1283
-1508
3737
6224522
-16
14
1
1284
-1538
3769
6225547
-11
11
1
1285
-1536
3740
6226572
-7
6
3
1274
-1544
3742
6227597
-11
6
-1
1255
-1546
3764
6228622
-13
3
-4
1258
-1550
3768
6229647
-5
2
-4
1259
-1530
3757
6222465
-2
2
-3
1268
-1532
3760
6223490
-13
3
0
1274
-1537
3762
6224515
-16
1
6
1272
-1527
3746
6225540
-16
0
4
1262
-1537
3756
6226565
-23
5
3
1291
-1529
3716
6227590
-36
29
13
1296
-1560
3693
6228615
-4
54
13
1253
-1554
3781
6229640
19
53
20
1251
-1433
3730
6230665
-26
28
34
1236
-1473
3754
6231690
-69
-5
22
1249
-1614
3838
6232715
-24
-20
20
1238
-1551
3817
6233740
9
-26
16
1307
-1518
3747
6234765
-53
31
48
1347
-1406
3704
6235790
-182
36
81
1176
-1689
3867
6236815
-68
-13
-14
1045
-1855
4086
6237840
261
-49
-8
1210
-1656
3938
6230656
118
-63
-6
1352
-1569
3328
6231681
-85
14
11
1391
-1363
2948
6232706
-184
109
67
1208
-1414
3699
6233731
-246
65
13
1089
-1735
4607
6234756
-115
-94
-49
1149
-1810
4531
6235781
112
-230
-80
1365
-1718
3496
6236806
158
-194
-58
1470
-1128
2884
6237831
-77
-66
-33
1160
-1411
3330
6238856
-47
41
11
1133
-1672
3849
6239881
105
66
49
1222
-1514
3926
6240906
63
34
36
1349
-1643
3678
6241931
18
45
15
1430
-1553
3709
6242956
-31
43
8
1352
-1620
3882
6243981
13
9
-10
1274
-1674
3921
6245006
98
-33
-14
1212
-1579
3878
6246031
83
-58
-9
1198
-1504
3730
6238848
34
-42
16
1206
-1464
3635
6239873
0
-20
25
1248
-1548
3692
6240898
4
-5
34
1285
-1552
3755
6241923
6
-11
33
1308
-1583
3768
6242948
7
-13
20
1316
-1611
3725
6243973
6
-7
3
1304
-1609
3732
6244998
14
-8
-8
1286
-1567
3784
6246023
21
-16
-12
1265
-1518
3757
6247048
6
-18
-11
1259
-1518
3687
6248073
10
-3
1
1250
-1509
3681
6249098
23
15
13
1253
-1521
3756
6250123
9
21
23
1275
-1529
3791
6251148
-14
2
20
1284
-1555
3846
6252173
-13
-22
7
1307
-1583
3789
6253198
32
-26
2
1295
-1544
3722
6254223
24
-18
-5
1259
-1538
3717
6247040
-7
-12
-5
1252
-1537
3755
6248065
-13
-10
3
1251
-1538
3764
6249090
-10
-2
4
1275
-1574
3727
6250115
-13
12
3
1295
-1542
3698
6251140
-19
14
5
1279
-1568
3773
6252165
-9
-1
-4
1278
-1576
3826
6253190
4
-18
-10
1290
-1550
3754
6254215
14
-20
-11
1282
-1554
3696
6255240
27
-3
-10
1258
-1521
3722
6256265
15
-1
-7
1253
-1518
3787
6257290
-8
-9
-2
1278
-1530
3764
6258315
-5
-12
3
1282
-1531
3734
6259340
5
-8
6
1291
-1532
3724
6260365
5
2
8
1284
-1516
3751
6261390
-11
-2
3
1283
-1540
3791
6262415
-14
-12
2
1288
-1543
3746
6255234
-3
-12
4
1281
-1524
3721
6256259
-5
-1
-2
1290
-1541
3706
6257284
3
13
2
1282
-1541
3734
6258309
-4
14
6
1268
-1538
3775
6259334
-12
9
4
1272
-1546
3786
6260359
-7
-3
5
1262
-1564
3788
6261384
21
-14
3
1276
-1565
3778
6262409
22
-15
4
1273
-1533
3743
6263434
-7
-19
2
1274
-1551
3762
6264459
-12
-22
2
1281
-1552
3743
6265484
12
-18
3
1282
-1533
3708
6266509
10
-7
1
1279
-1517
3721
6267534
-14
-3
2
1284
-1511
3747
6268559
-17
-3
2
1288
-1537
3747
6269584
-4
-2
0
1295
-1535
3758
6270609
-5
0
2
1301
-1528
3737
6263424
-8
5
3
1274
-1529
3756
6264449
-9
-1
-4
1260
-1570
3810
6265474
-2
-15
-7
1271
-1582
3787
6266499
9
-25
-5
1280
-1527
3742
6267524
1
-23
-4
1287
-1504
3702
6268549
-3
-11
0
1288
-1519
3730
6269574
6
-6
3
1282
-1531
3773
6270599
-1
-12
2
1293
-1539
3759
6271624
-7
-20
2
1298
-1551
3730
6272649
7
-15
2
1295
-1548
3709
6273674
18
-5
2
1272
-1531
3744
6274699
4
-4
1
1273
-1532
3765
6275724
-4
-5
3
1287
-1549
3724
6276749
11
1
4
1287
-1528
3754
6277774
10
-2
1
1286
-1524
3795
6278799
0
-17
1
1298
-1525
3772
6271616
2
-26
1
1303
-1514
3741
6272641
-13
-17
2
1293
-1522
3695
6273666
-16
-8
5
1280
-1524
3736
6274691
-11
-2
6
1291
-1531
3736
6275716
-11
3
8
1310
-1519
3733
6276741
-34
15
10
1328
-1567
3728
6277766
-20
38
20
1299
-1601
3729
6278791
10
52
9
1316
-1555
3784
6279816
-14
54
7
1370
-1574
3890
6280841
-38
49
52
1358
-1393
3931
6281866
-92
82
132
1124
-1233
3578
6282891
135
80
134
900
-1513
3840
6283916
41
-3
64
1338
-1933
3851
6284941
-63
-20
38
1414
-1696
3339
6285966
-116
-1
40
1300
-1485
3516
6286991
-234
48
15
1210
-1658
3996
6279808
-141
-9
-94
1207
-1718
4337
6280833
-10
-133
-117
1277
-1697
3942
6281858
118
-171
-87
1310
-1446
3230
6282883
59
-77
-60
1260
-1184
3119
6283908
-86
17
-12
1178
-1480
3585
6284933
-49
81
45
1228
-1617
3821
6285958
22
90
50
1280
-1654
3815
6286983
53
74
17
1356
-1598
3897
6288008
-6
33
1
1366
-1637
3971
6289033
-28
-24
-9
1301
-1651
3925
6290058
18
-52
-21
1242
-1628
3720
6291083
68
-38
-16
1182
-1549
3660
6292108
40
-20
-7
1180
-1524
3754
6293133
-43
-19
7
1238
-1544
3792
6294158
-62
-26
13
1299
-1564
3786
6295183
-13
-15
0
1342
-1565
3663
6288055
63
7
-3
1325
-1562
3610
6289080
44
29
-17
1298
-1693
3632
6290105
38
56
-29
1268
-1615
3722
6291130
4
52
-30
1251
-1540
3792
6292155
-12
36
-21
1242
-1491
3832
6293180
2
20
-14
1233
-1521
3802
6294205
31
13
-9
1225
-1543
3813
6295230
22
-2
2
1236
-1544
3823
6296255
-4
-15
11
1244
-1546
3779
6297280
-8
-23
13
1253
-1538
3778
6298305
7
-28
8
1271
-1582
3736
6299330
20
-18
3
1289
-1566
3694
6300355
-3
-5
4
1287
-1558
3667
6301380
-8
19
1
1272
-1595
3635
6302405
28
44
-26
1235
-1627
3713
6303430
36
50
-42
1312
-1477
3857
6296191
2
33
-7
1242
-1534
3833
6297216
-8
15
-10
1237
-1563
3767
6298241
12
6
-8
1218
-1503
3773
6299266
19
-2
3
1218
-1519
3794
6300291
11
-5
8
1231
-1541
3789
6301316
-2
-15
12
1250
-1540
3780
6302341
-4
-21
11
1275
-1551
3725
6303366
4
-6
7
1271
-1549
3709
6304391
2
2
0
1256
-1536
3780
6305416
-2
0
-6
1263
-1543
3751
6306441
6
2
-4
1257
-1516
3732
6307466
0
9
-2
1249
-1527
3743
6308491
-8
20
3
1249
-1535
3742
6309516
1
23
3
1237
-1534
3802
6310541
3
8
-1
1238
-1532
3826
6311566
-5
-8
-3
1244
-1547
3768
6304384
0
-8
-1
1245
-1540
3723
6305409
6
-1
0
1232
-1544
3770
6306434
4
-7
-2
1229
-1540
3825
6307459
-5
-21
-1
1245
-1545
3780
6308484
-6
-26
-2
1253
-1547
3729
6309509
2
-15
-1
1253
-1537
3698
6310534
14
-4
-1
1243
-1536
3760
6311559
12
-3
-3
1249
-1520
3795
6312584
-1
-7
-2
1251
-1541
3757
6313609
0
-10
-3
1253
-1559
3757
6314634
20
-10
-4
1252
-1517
3787
6315659
20
-15
-5
1251
-1528
3778
6316684
14
-17
-4
1245
-1529
3746
6317709
19
-19
-2
1240
-1514
3779
6318734
13
-23
2
1255
-1505
3772
6319759
-2
-20
8
1269
-1526
3741
6312576
6
-15
11
1267
-1516
3771
6313601
9
-18
9
1269
-1513
3776
6314626
4
-22
11
1269
-1510
3750
6315651
20
-23
13
1265
-1525
3754
6316676
25
-17
12
1262
-1531
3734
6317701
10
-14
15
1264
-1517
3774
6318726
7
-17
15
1268
-1538
3783
6319751
18
-21
10
1265
-1524
3778
6320776
12
-26
7
1269
-1520
3780
6321801
0
-28
6
1275
-1507
3746
6322826
0
-22
9
1269
-1510
3706
6323851
16
-8
10
1261
-1515
3738
6324876
9
-3
9
1268
-1506
3781
6325901
-10
-9
6
1283
-1503
3771
6326926
-12
-12
4
1287
-1521
3740
6327951
5
-7
9
1279
-1499
3737
6320768
5
-2
10
1276
-1505
3773
6321793
-9
1
10
1261
-1517
3768
6322818
-4
-5
10
1248
-1523
3789
6323843
-1
-11
4
1267
-1534
3765
6324868
4
-11
6
1278
-1522
3740
6325893
2
-6
4
1277
-1514
3762
6326918
-10
-6
4
1275
-1470
3763
6327943
-45
-4
7
1281
-1511
3718
6328968
-52
21
10
1322
-1466
3739
6329993
-116
76
11
1304
-1554
3997
6331018
-203
57
-31
1222
-1848
3959
6332043
43
33
-13
1253
-1391
3376
6333068
223
34
38
1109
-1261
3647
6334093
-99
26
24
1310
-1580
3926
6335118
-235
-30
50
1300
-1801
3999
6336143
25
-62
41
1253
-1773
3668
6328960
187
-24
13
1249
-1356
3476
6329985
39
8
29
1216
-1439
3602
6331010
-124
54
20
1251
-1556
3708
6332035
-152
37
21
1230
-1545
3941
6333060
-108
-38
-17
1241
-1651
4127
6334085
-11
-124
-38
1213
-1641
3990
6335110
89
-176
-36
1344
-1462
3504
6336135
42
-131
-21
1326
-1260
3370
6337160
-62
-38
19
1198
-1556
3565
6338185
9
45
45
1230
-1626
3717
6339210
62
51
34
1291
-1595
3803
6340235
20
25
-2
1360
-1624
3879
6341260
-33
7
-7
1366
-1605
3807
6342285
17
-1
2
1280
-1579
3700
6343310
82
7
-12
1229
-1554
3757
6344335
52
4
-13
1216
-1536
3854
6337151
-9
-17
5
1226
-1512
3827
6338176
-15
-25
16
1263
-1508
3715
6339201
18
-18
21
1294
-1502
3695
6340226
22
-14
22
1285
-1523
3789
6341251
-4
-23
19
1299
-1578
3821
6342276
-9
-29
10
1310
-1596
3719
6343301
30
-14
4
1298
-1551
3686
6344326
25
-1
-3
1273
-1524
3697
6345351
10
0
-2
1255
-1556
3774
6346376
9
-4
-2
1255
-1561
3801
6347401
19
-4
3
1271
-1505
3740
6348426
3
-7
6
1280
-1525
3769
6349451
-16
-12
4
1289
-1548
3791
6350476
9
-24
8
1287
-1522
3786
6351501
35
-34
7
1289
-1533
3747
6352526
27
-26
7
1295
-1495
3684
6345344
28
-14
16
1277
-1520
3721
6346369
28
-6
9
1281
-1558
3751
6347394
21
3
13
1289
-1514
3702
6348419
-7
8
12
1281
-1561
3751
6349444
-8
8
3
1303
-1537
3764
6350469
4
12
11
1289
-1526
3739
6351494
14
6
0
1269
-1549
3816
6352519
12
-1
1
1272
-1510
3785
6353544
1
-17
4
1268
-1512
3780
6354569
6
-15
7
1285
-1495
3725
6355594
7
0
16
1279
-1467
3693
6356619
-14
8
19
1280
-1523
3744
6357644
-22
12
18
1289
-1531
3783
6358669
-36
-1
14
1296
-1550
3778
6359694
-31
-4
10
1295
-1561
3707
6360719
31
11
12
1271
-1500
3687
6353536
38
23
12
1255
-1493
3733
6354561
10
30
22
1253
-1486
3767
6355586
-20
18
22
1264
-1599
3820
6356611
15
11
17
1268
-1590
3814
6357636
31
0
8
1272
-1534
3761
6358661
5
-3
3
1258
-1529
3742
6359686
-15
1
3
1246
-1512
3765
6360711
-18
-6
1
1253
-1518
3790
6361736
-1
-8
2
1271
-1524
3753
6362761
5
-5
4
1287
-1515
3735
6363786
-8
6
5
1278
-1511
3722
6364811
-23
13
5
1263
-1540
3736
6365836
-15
12
2
1253
-1547
3779
6366861
-10
8
-6
1261
-1564
3800
6367886
14
-1
-22
1225
-1582
3757
6368911
21
0
-34
1318
-1454
3765
6361845
-23
0
-5
1260
-1532
3755
6362870
-16
1
-2
1257
-1526
3752
6363895
-3
4
-4
1252
-1532
3763
6364920
-14
7
-2
1262
-1545
3762
6365945
-20
4
1
1261
-1551
3764
6366970
-17
4
-4
1268
-1549
3782
6367995
-10
3
-8
1260
-1540
3783
6369020
-3
-10
-9
1251
-1527
3784
6370045
-6
-12
-10
1253
-1527
3755
6371070
-16
-11
-9
1262
-1524
3755
6372095
-16
-7
-6
1263
-1532
3756
6373120
-5
-3
-2
1260
-1515
3757
6374145
-13
-4
-2
1262
-1519
3752
6375170
-21
0
-2
1273
-1545
3723
6376195
-3
8
-1
1267
-1529
3764
6377220
-17
12
-3
1266
-1511
3771
6369920
-38
10
-2
1275
-1537
3749
6370945
-19
10
-4
1264
-1556
3758
6371970
-3
13
-7
1255
-1524
3750
6372995
-27
13
-5
1256
-1536
3748
6374020
-31
15
-3
1273
-1555
3769
6375045
-11
38
5
1323
-1632
3853
6376070
-98
60
18
1158
-1620
4028
6377095
-195
48
-22
1321
-1290
3531
6378120
105
26
31
989
-1791
4045
6379145
150
-45
-18
1221
-1675
4117
6380170
-71
-64
-61
1384
-1871
3017
6381195
108
24
-88
1342
-1399
3074
6382220
-45
107
-56
1282
-1220
3680
6383245
-237
128
-3
1235
-1286
3998
6384270
-264
64
-23
1217
-1604
4361
6385295
-47
-89
-44
1205
-1652
4338
6378112
138
-202
-23
1183
-1587
3681
6379137
169
-196
-3
1269
-1465
3278
6380162
56
-84
29
1215
-1401
3381
6381187
-81
-7
43
1179
-1611
3781
6382212
-60
22
53
1305
-1686
3839
6383237
26
26
20
1332
-1740
3716
6384262
110
19
-31
1428
-1527
3780
6385287
30
0
-23
1326
-1552
3817
6386312
-11
-23
-21
1234
-1561
3819
6387337
27
-22
-17
1209
-1527
3723
6388362
64
-2
1
1192
-1472
3720
6389387
-1
-4
11
1244
-1483
3808
6390412
-50
-24
33
1278
-1546
3817
6391437
5
-37
36
1303
-1566
3751
6392462
41
-24
28
1303
-1543
3649
6393487
28
-9
25
1273
-1538
3766
6386303
-6
-18
10
1290
-1593
3806
6387328
6
-23
5
1310
-1579
3743
6388353
11
-19
-6
1305
-1559
3692
6389378
10
0
-7
1273
-1510
3707
6390403
2
4
-9
1249
-1522
3780
6391428
10
-3
-3
1261
-1505
3782
6392453
3
-8
10
1268
-1513
3724
6393478
-10
0
14
1276
-1564
3728
6394503
-8
-1
7
1275
-1589
3807
6395528
-5
-16
-6
1275
-1601
3818
6396553
-6
-32
-20
1301
-1590
3772
6397578
4
-40
-20
1290
-1563
3705
6398603
38
-33
-20
1295
-1535
3700
6399628
45
-18
-20
1285
-1505
3715
6400653
32
-16
-21
1245
-1489
3740
6401678
17
-15
-26
1330
-1437
3753
6394496
5
-3
6
1305
-1510
3686
6395521
13
8
7
1307
-1514
3746
6396546
10
7
10
1302
-1485
3810
6397571
1
-7
12
1292
-1528
3801
6398596
5
-19
8
1298
-1525
3762
6399621
22
-22
6
1284
-1530
3727
6400646
9
-10
3
1288
-1519
3695
6401671
-1
1
10
1269
-1510
3740
6402696
-14
4
7
1287
-1513
3783
6403721
-11
-3
6
1307
-1526
3778
6404746
-3
-10
7
1313
-1522
3743
6405771
14
-3
8
1286
-1511
3730
6406796
12
-3
6
1272
-1518
3781
6407821
-3
-8
8
1284
-1527
3764
6408846
0
-14
7
1290
-1539
3758
6409871
7
-13
6
1301
-1509
3729
6402689
1
-8
9
1306
-1522
3725
6403714
3
-2
7
1295
-1527
3775
6404739
4
-4
4
1296
-1516
3782
6405764
7
-9
6
1297
-1507
3760
6406789
3
-11
8
1299
-1505
3735
6407814
-4
-6
12
1295
-1490
3719
6408839
-11
-3
11
1290
-1518
3772
6409864
-10
-2
7
1302
-1531
3778
6410889
-7
-9
2
1302
-1540
3764
6411914
-3
-10
-1
1308
-1538
3742
6412939
-7
-11
-3
1295
-1532
3749
6413964
3
-8
-3
1298
-1520
3746
6414989
7
-6
-1
1284
-1510
3743
6416014
3
-3
3
1289
-1495
3752
6417039
-4
-7
8
1290
-1517
3762
6418064
9
-9
12
1298
-1522
3747
6410880
8
-8
7
1297
-1512
3760
6411905
-16
-9
6
1299
-1537
3737
6412930
-10
-9
4
1279
-1545
3759
6413955
5
-9
-2
1292
-1507
3756
6414980
-1
-12
-3
1313
-1490
3736
6416005
-5
-7
2
1306
-1488
3728
6417030
-5
0
9
1300
-1492
3742
6418055
6
2
13
1297
-1516
3750
6419080
12
0
10
1287
-1536
3759
6420105
4
-2
8
1303
-1536
3750
6421130
-5
-5
5
1297
-1525
3774
6422155
-4
-9
-1
1295
-1519
3776
6423180
-3
-15
-3
1300
-1510
3746
6424205
-3
-15
0
1295
-1508
3720
6425230
-3
-8
2
1287
-1501
3754
6426255
-9
-8
4
1294
-1512
3748
6419073
-10
-10
8
1305
-1519
3750
6420098
-32
-11
12
1309
-1518
3744
6421123
-43
-4
3
1302
-1569
3726
6422148
-3
0
-4
1308
-1552
3735
6423173
8
-1
-5
1297
-1478
3755
6424198
-28
-8
-3
1306
-1503
3751
6425223
-30
-6
2
1309
-1487
3734
6426248
-20
0
13
1308
-1484
3713
6427273
-37
28
19
1383
-1537
3731
6428298
-92
101
55
1408
-1572
3942
6429323
-190
142
90
1234
-1421
3759
6430348
-51
77
70
1125
-1473
3574
6431373
142
-16
17
1169
-1594
4143
6432398
-5
-82
54
1350
-1755
3900
6433423
-90
-83
30
1345
-1613
3191
6434448
-2
-23
36
1281
-1411
3397
6427263
-77
31
43
1127
-1581
3933
6428288
-111
7
-9
1222
-1626
4130
6429313
-64
-68
-21
1312
-1754
3781
6430338
90
-103
-20
1436
-1489
3337
6431363
71
-62
-20
1297
-1375
3460
6432388
-5
-6
-14
1227
-1691
3784
6433413
69
41
0
1218
-1622
3862
6434438
95
25
-12
1282
-1567
3861
6435463
87
3
-6
1317
-1552
3813
6436488
60
-12
0
1325
-1415
3811
6437513
3
-31
2
1312
-1541
3805
6438538
9
-29
14
1295
-1541
3705
6439563
46
-14
31
1260
-1476
3671
6440588
63
5
34
1263
-1492
3716
6441613
29
10
30
1292
-1555
3765
6442638
-15
5
18
1323
-1647
3749
6435456
-4
8
1
1307
-1644
3777
6436481
28
3
-18
1284
-1545
3794
6437506
13
-7
-20
1287
-1430
3777
6438531
-42
-6
-2
1280
-1390
3699
6439556
-32
10
18
1283
-1511
3616
6440581
39
38
29
1258
-1552
3716
6441606
41
38
28
1272
-1516
3833
6442631
-25
11
22
1289
-1588
3825
6443656
-42
-4
6
1292
-1649
3765
6444681
8
-1
-7
1285
-1535
3735
6445706
32
3
-11
1276
-1498
3736
6446731
6
2
-13
1280
-1508
3759
6447756
-10
-2
-9
1263
-1501
3770
6448781
-2
-4
-3
1235
-1525
3766
6449806
4
0
3
1256
-1513
3736
6450831
-11
6
7
1286
-1519
3711
6443649
-23
7
3
1257
-1577
3771
6444674
-8
-2
-32
1320
-1549
3806
6445699
-13
-8
-19
1310
-1558
3756
6446724
3
-9
-18
1286
-1560
3714
6447749
25
3
-19
1273
-1528
3767
6448774
5
1
-16
1254
-1514
3799
6449799
-17
-9
-5
1253
-1538
3780
6450824
10
-18
2
1270
-1520
3770
6451849
30
-24
8
1274
-1528
3774
6452874
24
-27
-15
1347
-1483
3751
6453899
12
-25
4
1348
-1486
3736
6454924
29
-28
7
1330
-1498
3744
6455949
40
-25
3
1317
-1487
3702
6456974
55
-11
13
1254
-1516
3715
6457999
57
5
17
1227
-1520
3764
6459024
38
8
28
1232
-1546
3767
6451839
36
5
34
1242
-1566
3776
6452864
40
0
24
1240
-1527
3837
6453889
18
-22
17
1272
-1481
3862
6454914
-11
-49
9
1303
-1462
3800
6455939
-6
-57
-5
1327
-1436
3717
6456964
11
-44
-17
1315
-1440
3704
6457989
11
-32
-18
1288
-1456
3749
6459014
-17
-25
-16
1269
-1499
3734
6460039
-28
-19
-12
1267
-1525
3697
6461064
-20
-11
-8
1281
-1521
3730
6462089
-18
-10
-12
1302
-1519
3804
6463114
2
-19
-29
1358
-1484
3811
6464139
16
-25
-25
1354
-1491
3774
6465164
26
-29
-18
1338
-1463
3750
6466189
10
-27
1
1321
-1454
3737
6467214
10
-28
17
1305
-1488
3792
6460033
11
-29
28
1300
-1532
3770
6461058
14
-35
29
1317
-1566
3746
6462083
14
-42
15
1349
-1571
3746
6463108
14
-35
6
1353
-1506
3720
6464133
10
-25
0
1334
-1485
3719
6465158
15
-14
-2
1325
-1477
3715
6466183
15
-2
2
1316
-1437
3716
6467208
4
9
6
1316
-1465
3722
6468233
-2
13
6
1313
-1469
3763
6469258
-10
5
6
1330
-1479
3776
6470283
-9
5
5
1333
-1468
3724
6471308
-18
20
1
1329
-1476
3710
6472333
-24
29
2
1313
-1477
3789
6473358
-49
23
1
1331
-1491
3842
6474383
-106
38
2
1380
-1457
3744
6475408
-179
100
23
1404
-1442
3656
6468224
-303
148
53
1311
-1473
3843
6469249
-338
100
49
1271
-1673
3629
6470274
153
12
36
1007
-1643
4065
6471299
342
-103
-17
1200
-1818
4396
6472324
-154
-185
-72
1474
-1778
3416
6473349
-114
-156
-14
1372
-1332
3093
6474374
-4
-39
44
1219
-1274
3326
6475399
-6
61
50
1177
-1231
3927
6476424
-134
16
3
1239
-1705
4395
6477449
-44
-100
-8
1385
-1813
3892
6478474
117
-119
3
1578
-1330
2985
6479499
46
-20
-4
1350
-1406
3245
6480524
-10
65
-10
1200
-1692
3939
6481549
66
85
28
1234
-1489
4020
6482574
50
38
20
1287
-1585
3719
6483599
53
41
-2
1395
-1478
3664
6476415
-17
50
12
1353
-1578
3835
6477440
-13
20
6
1318
-1652
3966
6478465
40
-23
-1
1304
-1553
3864
6479490
52
-36
9
1289
-1496
3638
6480515
18
-1
19
1263
-1474
3594
6481540
-5
25
28
1258
-1551
3743
6482565
22
17
27
1298
-1603
3851
6483590
25
-5
22
1330
-1538
3773
6484615
-3
-10
16
1302
-1536
3662
6485640
14
1
-2
1281
-1527
3774
6486665
21
-5
-10
1299
-1498
3832
6487690
5
-18
-4
1314
-1490
3731
6488715
-16
-18
1
1289
-1476
3689
6489740
3
-14
7
1276
-1473
3745
6490765
11
-7
6
1290
-1529
3776
6491790
2
-12
7
1307
-1535
3758
6484608
-8
-17
11
1306
-1558
3712
6485633
-1
-7
7
1282
-1569
3720
6486658
23
-10
-24
1296
-1547
3823
6487683
-9
-22
-19
1332
-1575
3797
6488708
-39
-34
-16
1305
-1574
3749
6489733
-8
-36
-19
1294
-1523
3697
6490758
41
-15
-31
1327
-1453
3701
6491783
3
-10
-7
1323
-1477
3750
6492808
-23
-22
6
1332
-1523
3801
6493833
-10
-28
4
1362
-1543
3744
6494858
16
-23
1
1344
-1527
3705
6495883
20
-17
-3
1326
-1526
3689
6496908
25
-2
0
1309
-1506
3670
6497933
-7
7
-4
1300
-1537
3734
6498958
-5
7
-1
1318
-1507
3751
6499983
-1
13
2
1340
-1496
3698
6492800
-10
25
1
1339
-1526
3730
6493825
1
20
0
1316
-1493
3797
6494850
4
6
1
1309
-1514
3770
6495875
2
2
4
1291
-1500
3736
6496900
5
0
3
1281
-1506
3755
6497925
-6
-2
5
1279
-1496
3753
6498950
-13
-8
11
1301
-1517
3779
6499975
-3
-12
14
1335
-1502
3773
6501000
-8
-13
17
1362
-1506
3731
6502025
-15
-20
12
1354
-1545
3758
6503050
-9
-18
3
1340
-1548
3703
6504075
-4
-8
-8
1308
-1570
3684
6505100
8
9
-11
1294
-1532
3675
6506125
-5
25
-9
1289
-1514
3696
6507150
-22
29
-9
1303
-1543
3764
6508175
-8
23
-4
1317
-1520
3797
6500999
-11
11
-3
1325
-1523
3752
6502024
-1
7
1
1311
-1525
3752
6503049
15
12
1
1304
-1524
3768
6504074
9
9
2
1294
-1532
3789
6505099
0
-7
4
1293
-1533
3786
6506124
7
-17
3
1316
-1518
3713
6507149
4
-12
-1
1322
-1498
3703
6508174
2
-1
-4
1313
-1480
3742
6509199
-5
3
-6
1316
-1461
3743
6510224
-16
2
-4
1320
-1466
3733
6511249
-30
10
2
1322
-1497
3699
6512274
-20
22
9
1301
-1505
3724
6513299
4
30
14
1293
-1501
3780
6514324
-2
26
15
1292
-1511
3769
6515349
-36
16
12
1307
-1571
3732
6516374
-19
19
13
1293
-1557
3750
6509184
-23
29
4
1300
-1551
3749
6510209
-43
48
12
1344
-1522
3738
6511234
-109
71
34
1295
-1566
3935
6512259
-172
56
26
1299
-1456
3803
6513284
44
38
61
1202
-1498
3559
6514309
249
-8
-13
1073
-1772
4229
6515334
3
-89
-24
1367
-1683
3863
6516359
-91
-106
-33
1393
-1694
3187
6517384
16
-51
-45
1303
-1335
3404
6518409
-58
1
13
1217
-1241
3807
6519434
-152
0
8
1220
-1464
4088
6520459
-42
-53
-18
1296
-1710
4057
6521484
35
-128
-15
1338
-1690
3726
6522509
50
-122
-5
1441
-1431
3331
6523534
-24
-28
7
1277
-1437
3367
6524559
-24
51
8
1220
-1622
3766
6517376
17
78
24
1273
-1569
3929
6518401
32
52
12
1333
-1612
3706
6519426
40
44
-29
1434
-1558
3671
6520451
-18
31
-26
1367
-1588
3864
6521476
2
-2
-16
1264
-1547
3924
6522501
68
-24
-6
1242
-1467
3780
6523526
70
-25
7
1235
-1440
3642
6524551
22
-16
32
1251
-1477
3692
6525576
0
-13
46
1294
-1532
3815
6526601
-9
-25
41
1348
-1590
3824
6527626
28
-35
46
1361
-1537
3694
6528651
62
-16
42
1307
-1530
3640
6529676
50
-9
20
1273
-1529
3795
6530701
-5
-20
12
1293
-1569
3797
6531726
-13
-30
5
1301
-1558
3779
6532751
12
-31
2
1309
-1503
3711
6525568
30
-14
8
1304
-1465
3636
6526593
5
4
11
1284
-1501
3735
6527618
-21
4
10
1317
-1549
3786
6528643
-17
-10
3
1333
-1583
3787
6529668
11
-15
-2
1336
-1535
3712
6530693
4
-3
-7
1314
-1540
3674
6531718
-7
1
-8
1274
-1538
3781
6532743
9
-3
-2
1284
-1532
3775
6533768
18
-3
3
1316
-1516
3737
6534793
11
0
10
1328
-1498
3738
6535818
7
4
22
1338
-1497
3702
6536843
33
13
29
1329
-1493
3718
6537868
63
17
31
1304
-1454
3758
6538893
43
19
30
1295
-1448
3748
6539918
-6
12
19
1292
-1580
3769
6540943
2
7
11
1304
-1574
3787
6533761
22
1
7
1294
-1518
3748
6534786
19
-2
2
1280
-1512
3754
6535811
22
-1
3
1270
-1486
3765
6536836
6
0
9
1275
-1468
3756
6537861
-17
0
11
1292
-1499
3750
6538886
-3
2
14
1296
-1511
3754
6539911
19
8
7
1308
-1512
3740
6540936
6
13
5
1306
-1518
3717
6541961
-17
14
8
1282
-1507
3768
6542986
-26
9
6
1274
-1521
3780
6544011
-14
-3
6
1297
-1513
3782
6545036
-1
-8
6
1305
-1509
3742
6546061
14
2
12
1288
-1476
3725
6547086
10
10
18
1284
-1473
3741
6548111
-5
9
21
1294
-1519
3768
6549136
-3
8
19
1289
-1533
3777
6541951
-3
4
9
1287
-1526
3792
6542976
-7
-5
1
1285
-1526
3781
6544001
-6
-11
-6
1279
-1501
3774
6545026
-13
-13
-5
1286
-1529
3735
6546051
-1
-4
0
1286
-1499
3749
6547076
-2
-6
0
1280
-1484
3770
6548101
0
-14
0
1288
-1498
3768
6549126
7
-17
2
1286
-1503
3751
6550151
8
-12
1
1281
-1486
3727
6551176
-8
-7
4
1278
-1509
3749
6552201
-10
-3
2
1286
-1510
3747
6553226
-18
7
1
1286
-1527
3714
6554251
-18
12
-4
1273
-1546
3772
6555276
-7
5
-10
1290
-1538
3812
6556301
0
-6
-9
1295
-1507
3783
6557326
-3
-17
-8
1277
-1493
3777
6550145
-19
-17
-8
1276
-1496
3732
6551170
-30
-5
-4
1283
-1506
3700
6552195
-16
9
-1
1286
-1531
3748
6553220
-4
15
-9
1326
-1584
3801
6554245
8
24
-12
1372
-1629
3778
6555270
39
27
-8
1313
-1615
3785
6556295
42
11
-25
1281
-1573
3863
6557320
66
4
-49
1346
-1577
3858
6558345
152
24
-52
1385
-1586
3874
6559370
208
40
-55
1284
-1472
3881
6560395
161
13
-55
1243
-1393
3868
6561420
95
-12
-60
1299
-1543
3809
6562445
127
16
-49
1346
-1556
3865
6563470
145
35
-26
1245
-1429
3910
6564495
98
10
-52
1199
-1396
3799
6565520
87
-15
-92
1234
-1328
3745
6558336
103
-19
-79
1306
-1380
3769
6559361
141
-1
-30
1313
-1337
3887
6560386
105
7
16
1194
-1363
3893
6561411
55
29
-26
1332
-1275
3708
6562436
-91
153
-14
1562
-1168
3618
6563461
-432
196
72
1279
-1537
4076
6564486
59
68
-20
669
-1989
4397
6565511
1031
-42
-96
1181
-973
4569
6566536
36
-58
-40
1453
-622
2974
6567561
-148
-24
7
1368
-1192
2949
6568586
175
25
43
1203
-1067
3769
6569611
147
-36
44
1155
-1201
4327
6570636
23
-104
23
1249
-1514
4231
6571661
120
-142
-16
1302
-1482
4004
6572686
209
-126
-38
1408
-1253
3580
6573711
149
-71
-63
1478
-1255
3524
6566527
58
-25
-98
1316
-1409
3835
6567552
123
-28
-77
1329
-1285
3860
6568577
162
-42
-84
1388
-1247
3775
6569602
160
-38
-107
1361
-1237
3806
6570627
199
-25
-107
1354
-1097
3793
6571652
186
-1
-92
1354
-1047
3736
6572677
150
3
-81
1318
-1066
3784
6573702
123
4
-49
1322
-1043
3743
6574727
101
-14
-29
1272
-1207
3837
6575752
118
-18
-27
1274
-1162
3867
6576777
97
-17
-13
1261
-1161
3824
6577802
70
-21
-15
1239
-1155
3814
6578827
40
-22
-11
1239
-1128
3779
6579852
-5
-31
-9
1198
-1188
3832
6580877
-12
-33
-14
1208
-1094
3846
6581902
-46
-14
-4
1269
-1002
3724
6574789
-142
19
14
1318
-1009
3703
6575814
-170
71
48
1329
-963
3713
6576839
-179
126
64
1287
-1070
3804
6577864
-108
142
63
1265
-1323
3970
6578889
38
137
49
1307
-1325
4063
6579914
68
117
45
1332
-1242
4062
6580939
0
91
33
1370
-1228
4037
6581964
-7
59
21
1398
-1301
4046
6582989
73
24
-2
1405
-1322
4084
6584014
118
-7
-24
1411
-1270
4028
6585039
114
-36
-45
1380
-1254
3991
6586064
107
-52
-66
1379
-1151
3962
6587089
68
-54
-65
1302
-1241
3852
6588114
137
-43
-118
1346
-1128
3853
6589139
180
-33
-134
1341
-1048
3893
6590164
192
-20
-128
1363
-946
3874
6582912
149
-14
-118
1311
-1037
3819
6583937
185
1
-136
1373
-899
3847
6584962
160
24
-127
1375
-887
3830
6585987
148
42
-119
1349
-889
3821
6587012
128
50
-111
1332
-892
3856
6588037
117
59
-116
1266
-953
3805
6589062
136
74
-131
1281
-868
3859
6590087
139
67
-126
1252
-894
3925
6591112
119
51
-111
1213
-887
3937
6592137
53
37
-94
1197
-926
3944
6593162
28
22
-80
1174
-954
3876
6594187
57
18
-60
1172
-916
3759
6595212
59
14
-46
1169
-922
3781
6596237
52
23
-33
1166
-891
3825
6597262
16
26
-19
1176
-920
3901
6598287
23
24
-3
1169
-887
3930
6591103
34
22
8
1183
-856
3900
6592128
19
29
8
1184
-934
3935
6593153
46
30
7
1181
-902
4017
6594178
48
32
10
1217
-836
3983
6595203
19
39
7
1246
-863
4009
6596228
15
47
-2
1245
-888
4078
6597253
42
44
-10
1261
-860
4076
6598278
62
31
-13
1265
-865
4056
6599303
68
12
-10
1251
-851
4077
6600328
53
-14
-1
1253
-829
4035
6601353
25
-42
-1
1265
-892
4005
6602378
21
-52
-5
1268
-915
3946
6603403
38
-69
-5
1280
-898
3916
6604428
31
-90
-9
1319
-906
3927
6605453
-15
-94
0
1381
-827
3882
6606478
-76
-98
18
1302
-976
3795
6599296
-41
-93
-8
1368
-925
3816
6600321
-61
-99
-4
1397
-986
3757
6601346
-80
-107
6
1419
-980
3699
6602371
-126
-112
18
1427
-975
3650
6603396
-169
-115
26
1397
-979
3657
6604421
-226
-125
26
1337
-1022
3657
6605446
-248
-115
35
1306
-924
3647
6606471
-251
-88
38
1181
-1007
3631
6607496
-181
-45
2
1144
-994
3734
6608521
-65
-29
-10
1144
-928
3813
6609546
28
-13
5
1153
-742
3869
6610571
3
10
37
1130
-743
3992
6611596
-88
45
63
1146
-668
4032
6612621
-230
71
114
1160
-733
4005
6613646
-274
81
158
1150
-990
4045
6614671
-204
56
189
1288
-1076
4105
6607489
-141
38
223
1401
-1016
4131
6608514
-140
41
233
1423
-1093
4084
6609539
-111
53
215
1397
-1144
4088
6610564
-56
50
180
1346
-1160
4119
6611589
-10
35
131
1329
-1213
4043
6612614
67
12
78
1335
-1156
4017
6613639
59
-16
60
1321
-1056
3950
6614664
-49
-42
62
1269
-1049
3856
6615689
-148
-56
52
1277
-1087
3793
6616714
-134
-46
37
1299
-1176
3802
6617739
-40
-18
31
1266
-1125
3844
6618764
-4
13
25
1184
-1122
3815
6619789
36
19
-21
1196
-1139
3924
6620814
-3
27
-27
1237
-1131
3984
6621839
-63
38
-4
1240
-1242
3893
6622864
-52
43
1
1247
-1192
3964
6615680
-58
32
16
1229
-1108
3983
6616705
-59
9
24
1231
-1172
3941
6617730
-6
-8
15
1274
-1189
3924
6618755
93
-7
14
1306
-1209
3896
6619780
186
-8
11
1326
-1141
3958
6620805
173
-18
8
1347
-1074
3994
6621830
73
-29
11
1357
-1086
3922
6622855
-32
-35
14
1347
-1116
3904
6623880
-57
-38
11
1344
-1164
3886
6624905
12
-33
7
1314
-1194
3905
6625930
72
-34
-2
1293
-1147
3936
6626955
74
-36
-8
1298
-1099
3864
6627980
21
-29
-5
1304
-1081
3819
6629005
-38
-22
3
1320
-1099
3872
6630030
-40
-17
18
1338
-1090
3891
6631055
-14
-13
38
1299
-1095
3862
6623872
-3
-8
44
1274
-1073
3873
6624897
-23
-1
44
1264
-1089
3859
6625922
-43
11
43
1257
-1130
3835
6626947
-34
14
42
1258
-1129
3899
6627972
-14
19
37
1261
-1136
3873
6628997
-12
29
26
1227
-1145
3824
6630022
-30
34
2
1291
-1088
3852
6631047
-52
36
17
1295
-1134
3882
6632072
-37
45
34
1305
-1112
3907
6633097
-49
49
45
1277
-1110
3876
6634122
-67
54
46
1274
-1111
3860
6635147
-73
57
46
1265
-1155
3910
6636172
-51
62
50
1263
-1176
3886
6637197
-36
74
55
1244
-1126
3867
6638222
-62
62
52
1211
-1126
3935
6639247
-68
40
47
1266
-1147
3951
6632063
-30
35
76
1235
-1088
3887
6633088
-19
43
103
1233
-991
3770
6634113
-53
70
131
1218
-991
3655
6635138
-48
113
154
1197
-946
3667
6636163
-61
147
178
1250
-920
3718
6637188
-30
196
263
1187
-1028
3798
6638213
5
224
296
1055
-1185
3902
6639238
-4
238
308
1074
-1252
3861
6640263
-14
253
302
1097
-1273
3858
6641288
-58
266
292
1129
-1284
3849
6642313
-86
290
292
1076
-1284
3857
6643338
-78
308
273
1056
-1205
3945
6644363
-92
307
302
1012
-1153
3981
6645388
-103
297
331
921
-1205
3993
6646413
-107
289
330
888
-1210
4011
6647438
-167
262
336
833
-1436
4049
6640256
-43
177
235
727
-2816
4261
6641281
394
143
-23
884
-2167
4337
6642306
186
79
-21
703
-1279
4280
6643331
-195
-6
-39
809
-1324
3997
6644356
-110
17
-17
789
-1054
3887
6645381
-9
26
42
729
-1031
3927
6646406
49
24
71
765
-1326
3911
6647431
87
51
50
816
-1503
3882
6648456
61
73
26
838
-1432
3957
6649481
-5
64
15
822
-1355
4025
6650506
-28
57
14
827
-1246
4030
6651531
-38
41
28
788
-1239
4047
6652556
-40
31
30
792
-1283
3982
6653581
-56
34
29
780
-1348
3941
6654606
-50
34
24
760
-1361
4000
6655631
-45
29
16
750
-1348
4041
6648448
-68
17
11
761
-1329
4001
6649473
-98
8
16
767
-1352
3968
6650498
-106
8
9
770
-1398
3977
6651523
-78
10
6
770
-1401
3990
6652548
-46
4
5
773
-1391
4003
6653573
-58
-4
5
776
-1394
3980
6654598
-65
-7
5
777
-1421
3962
6655623
-41
-4
-1
765
-1403
3980
6656648
-37
-5
-9
774
-1390
3973
6657673
-44
-5
-5
787
-1404
3953
6658698
-54
-5
0
784
-1395
3961
6659723
-67
-14
2
777
-1396
3989
6660748
-77
-22
3
779
-1416
3950
6661773
-81
-7
3
777
-1423
3884
6662798
-91
7
-7
759
-1414
3939
6663823
-96
2
-13
781
-1412
4006
6656641
-86
-7
-1
787
-1464
3996
6657666
-69
-16
3
784
-1452
3941
6658691
-55
-24
7
770
-1468
3907
6659716
-23
-15
4
757
-1454
3918
6660741
3
-10
-2
761
-1422
3944
6661766
0
-13
-3
775
-1438
3930
6662791
-4
-11
-2
788
-1460
3919
6663816
-13
-8
-6
800
-1443
3920
6664841
-32
-9
-11
802
-1462
3953
6665866
-24
-15
-6
789
-1437
3960
6666891
-24
-20
-2
797
-1462
3912
6667916
-11
-14
-1
793
-1479
3880
6668941
11
2
-2
787
-1464
3905
6669966
14
10
-5
784
-1440
3971
6670991
11
1
-3
790
-1441
3979
6672016
-1
-8
0
808
-1451
3937
6664833
-9
-11
1
816
-1466
3929
6665858
-7
-12
5
800
-1461
3929
6666883
-11
-10
12
783
-1461
3936
6667908
-27
-8
13
780
-1432
3947
6668933
-51
-8
9
777
-1460
3956
6669958
-52
-15
7
784
-1471
3949
6670983
-63
-17
13
794
-1464
3947
6672008
-78
-21
16
788
-1505
3929
6673033
-57
-20
16
801
-1488
3887
6674058
-30
-14
13
801
-1480
3878
6675083
-5
-7
7
795
-1487
3903
6676108
8
1
6
804
-1486
3906
6677133
13
4
2
799
-1494
3927
6678158
13
5
0
804
-1480
3921
6679183
9
7
1
796
-1480
3922
6680208
